time,open,high,low,close,volume
1704672000,2044.39,2044.615,2043.865,2044.095,218
1704672300,2044.095,2044.37,2044,2044.11,132
1704672600,2044.11,2045.275,2044.07,2045.13,233
1704672900,2045.13,2045.69,2045.095,2045.355,185
1704673200,2045.355,2045.99,2045.305,2045.67,235
1704673500,2045.67,2046.045,2045.065,2045.99,206
1704673800,2045.99,2046.24,2045.62,2046.1,166
1704674100,2046.1,2046.225,2045.555,2045.58,251
1704674400,2045.58,2046.385,2045.525,2046.135,138
1704674700,2046.135,2046.295,2045.75,2045.875,84
1704675000,2045.875,2046.145,2045.765,2045.93,130
1704675300,2045.93,2046.265,2045.585,2046.045,273
1704675600,2046.045,2046.045,2044.625,2044.85,583
1704675900,2044.85,2046.02,2044.72,2045.915,366
1704676200,2045.915,2046.57,2045.15,2045.46,407
1704676500,2045.46,2046.41,2045.03,2046.41,587
1704676800,2046.41,2046.685,2045.805,2045.975,526
1704677100,2045.975,2045.995,2045.38,2045.88,487
1704677400,2045.88,2045.92,2045.07,2045.315,580
1704677700,2045.315,2045.625,2043.925,2044.785,389
1704678000,2044.785,2044.815,2043.61,2043.805,485
1704678300,2043.805,2044.575,2043.01,2043.415,549
1704678600,2043.415,2044.24,2043.18,2043.375,493
1704678900,2043.375,2043.965,2042.985,2043.88,483
1704679200,2043.88,2043.92,2042.55,2043.22,462
1704679500,2043.22,2043.665,2041.735,2043.55,392
1704679800,2043.55,2043.695,2042.74,2042.985,305
1704680100,2042.985,2043.08,2042.24,2042.605,238
1704680400,2042.605,2043.36,2042.575,2042.98,227
1704680700,2042.98,2043.435,2042.44,2042.54,141
1704681000,2042.54,2043.035,2042.33,2042.99,403
1704681300,2042.99,2043.61,2042.77,2043.235,281
1704681600,2043.235,2043.44,2042.725,2043.085,276
1704681900,2043.085,2043.085,2042.42,2042.77,121
1704682200,2042.77,2043.165,2041.45,2041.935,212
1704682500,2041.935,2042.25,2041.315,2041.38,493
1704682800,2041.38,2041.55,2040.33,2040.57,428
1704683100,2040.57,2040.875,2039.59,2039.625,431
1704683400,2039.625,2040.485,2039.545,2040.43,563
1704683700,2040.43,2041.175,2040.43,2041.155,301
1704684000,2041.155,2041.235,2040.055,2040.08,343
1704684300,2040.08,2040.46,2039.86,2040.095,240
1704684600,2040.095,2040.365,2039.565,2040.365,252
1704684900,2040.365,2040.37,2039.665,2039.775,378
1704685200,2039.775,2039.775,2035.495,2037.575,714
1704685500,2037.575,2038.23,2036.025,2036.05,404
1704685800,2036.05,2036.98,2035.245,2035.685,563
1704686100,2035.685,2036.16,2035.135,2036.16,561
1704686400,2036.16,2037.73,2036.16,2036.335,556
1704686700,2036.335,2037.03,2035.955,2036.065,257
1704687000,2036.065,2036.235,2035.705,2036.1,253
1704687300,2036.1,2037.355,2035.975,2036.805,334
1704687600,2036.805,2036.915,2036.435,2036.815,166
1704687900,2036.815,2037.31,2036.33,2036.945,171
1704688200,2036.945,2036.945,2036.225,2036.275,335
1704688500,2036.275,2036.64,2036.195,2036.435,178
1704688800,2036.435,2036.935,2036,2036.06,183
1704689100,2036.06,2036.235,2035.83,2035.89,233
1704689400,2035.89,2036.39,2035.795,2036.145,271
1704689700,2036.145,2036.46,2035.71,2035.875,176
1704690000,2035.875,2036.225,2035.245,2035.71,265
1704690300,2035.71,2036.05,2034.9,2035.635,509
1704690600,2035.635,2035.665,2034.655,2034.86,264
1704690900,2034.86,2035.915,2034.735,2035.855,226
1704691200,2035.855,2035.9,2035.405,2035.635,266
1704691500,2035.635,2035.695,2034.955,2035.055,290
1704691800,2035.055,2035.28,2030.345,2031.545,873
1704692100,2031.545,2032.845,2027.11,2029.475,1152
1704692400,2029.475,2030.95,2028.975,2029.475,653
1704692700,2029.475,2029.815,2028.685,2029.49,563
1704693000,2029.49,2030.915,2029.35,2030.39,494
1704693300,2030.39,2030.975,2030.24,2030.845,358
1704693600,2030.845,2031.265,2030.425,2031.125,565
1704693900,2031.125,2032.19,2031.11,2032.01,772
1704694200,2032.01,2032.65,2031.355,2032.16,579
1704694500,2032.16,2032.625,2031.79,2032.565,300
1704694800,2032.565,2032.64,2030.56,2031.3,343
1704695100,2031.3,2032.135,2031.215,2032.005,404
1704695400,2032.005,2032.7,2031.355,2032.66,582
1704695700,2032.66,2033.11,2032.08,2032.675,700
1704696000,2032.675,2033.265,2032.565,2032.95,436
1704696300,2032.95,2033.335,2032.66,2032.865,489
1704696600,2032.865,2033.37,2032.55,2033.1,426
1704696900,2033.1,2033.355,2032.675,2033.07,436
1704697200,2033.07,2033.31,2031.73,2031.895,559
1704697500,2031.895,2032.435,2031.52,2031.725,398
1704697800,2031.725,2032.775,2031.41,2032.675,508
1704698100,2032.675,2033.225,2030.785,2031.04,671
1704698400,2031.04,2031.14,2029.685,2030.225,685
1704698700,2030.225,2030.84,2028.66,2030.33,658
1704699000,2030.33,2031.33,2029.48,2029.63,758
1704699300,2029.63,2030.21,2029.435,2029.575,563
1704699600,2029.575,2031.125,2029.05,2030.865,589
1704699900,2030.865,2032.675,2030.865,2032.105,656
1704700200,2032.105,2032.985,2031.925,2032.535,546
1704700500,2032.535,2032.68,2031.475,2031.485,471
1704700800,2031.485,2031.81,2029.695,2030.425,771
1704701100,2030.425,2030.62,2029.32,2029.845,772
1704701400,2029.845,2030.765,2027.885,2028.955,783
1704701700,2028.955,2030.05,2028.73,2029.475,761
1704702000,2029.475,2030.105,2029.33,2029.75,673
1704702300,2029.75,2029.9,2028.6,2029.41,600
1704702600,2029.41,2030.78,2029.14,2030.24,891
1704702900,2030.24,2030.44,2029.105,2029.39,782
1704703200,2029.39,2029.49,2027.79,2028.45,792
1704703500,2028.45,2029.04,2027.98,2028.85,679
1704703800,2028.85,2028.86,2027.55,2027.58,475
1704704100,2027.58,2028.865,2027.37,2028.355,588
1704704400,2028.355,2028.64,2027.875,2028.05,603
1704704700,2028.05,2030.215,2027.71,2029.53,633
1704705000,2029.53,2029.87,2027.915,2028.13,629
1704705300,2028.13,2028.55,2026.575,2027.205,653
1704705600,2027.205,2027.875,2027.025,2027.445,506
1704705900,2027.445,2028.335,2027.24,2028.315,579
1704706200,2028.315,2028.685,2027.46,2028.63,571
1704706500,2028.63,2029.53,2028.395,2029,633
1704706800,2029,2029.69,2028.555,2029.68,561
1704707100,2029.68,2031.82,2029.665,2031.45,796
1704707400,2031.45,2031.45,2030.13,2030.685,623
1704707700,2030.685,2031.175,2029.03,2029.115,874
1704708000,2029.115,2029.44,2028.235,2028.48,522
1704708300,2028.48,2029.44,2028.135,2029.295,421
1704708600,2029.295,2029.5,2028.405,2028.94,488
1704708900,2028.94,2029.58,2028.94,2029.09,455
1704709200,2029.09,2029.09,2027.92,2028.625,490
1704709500,2028.625,2028.655,2027.62,2028.165,537
1704709800,2028.165,2028.575,2027.835,2028.385,456
1704710100,2028.385,2028.385,2027.605,2028.11,491
1704710400,2028.11,2028.3,2027.05,2027.465,584
1704710700,2027.465,2028.055,2027.08,2027.84,345
1704711000,2027.84,2028.11,2027.26,2027.615,469
1704711300,2027.615,2027.93,2027.39,2027.66,190
1704711600,2027.66,2027.96,2027.01,2027.155,328
1704711900,2027.155,2027.175,2025.375,2025.57,663
1704712200,2025.57,2026.185,2025.445,2025.72,431
1704712500,2025.72,2025.925,2016.82,2021.615,1041
1704712800,2021.615,2023.78,2020.48,2020.775,1228
1704713100,2020.775,2022.915,2020.515,2022.555,673
1704713400,2022.555,2023.295,2021.265,2021.28,605
1704713700,2021.28,2021.3,2020.46,2020.73,618
1704714000,2020.73,2020.88,2019.75,2020.385,500
1704714300,2020.385,2020.725,2019.7,2020.455,507
1704714600,2020.455,2021.31,2020.18,2020.985,790
1704714900,2020.985,2021.57,2019.955,2020.1,711
1704715200,2020.1,2020.83,2019.715,2020.39,646
1704715500,2020.39,2020.975,2019.94,2020.505,680
1704715800,2020.505,2021.18,2019.92,2020.73,665
1704716100,2020.73,2020.82,2019.495,2020.31,652
1704716400,2020.31,2020.93,2020.19,2020.895,604
1704716700,2020.895,2020.895,2019.96,2020.125,470
1704717000,2020.125,2020.93,2018.995,2019.975,552
1704717300,2019.975,2020.09,2019.71,2019.75,352
1704717600,2019.75,2020.56,2019.74,2020.055,330
1704717900,2020.055,2021.895,2019.76,2021.71,469
1704718200,2021.71,2022.975,2021.48,2022.88,641
1704718500,2022.88,2024.99,2022.8,2024.71,957
1704718800,2024.71,2025.59,2023.18,2024.96,1478
1704719100,2024.96,2025.26,2021.63,2022.015,975
1704719400,2022.015,2022.335,2020.545,2020.945,873
1704719700,2020.945,2024.465,2020.905,2023.925,955
1704720000,2023.925,2024.17,2020.94,2022.32,1606
1704720300,2022.32,2022.87,2020.515,2022.12,1424
1704720600,2022.12,2023.415,2020.89,2021.06,1479
1704720900,2021.06,2022.29,2019.765,2019.86,1100
1704721200,2019.86,2022.74,2019.775,2022.44,1001
1704721500,2022.44,2022.44,2020.9,2021.405,1039
1704721800,2021.405,2021.72,2018.49,2019.065,1006
1704722100,2019.065,2019.675,2018.665,2019.05,827
1704722400,2019.05,2021.17,2018.965,2020.525,1165
1704722700,2020.525,2021.67,2020.11,2021.465,1172
1704723000,2021.465,2021.925,2020.63,2020.715,791
1704723300,2020.715,2020.915,2019.06,2019.28,709
1704723600,2019.28,2020.47,2018.54,2019.6,879
1704723900,2019.6,2020.48,2019.38,2020.325,784
1704724200,2020.325,2022.27,2019.29,2022.27,1378
1704724500,2022.27,2022.95,2021.2,2022.69,1603
1704724800,2022.69,2024.945,2022.675,2023.84,1685
1704725100,2023.84,2024.4,2022.665,2022.95,1643
1704725400,2022.95,2024.555,2022.945,2023.795,1609
1704725700,2023.795,2027.25,2023.135,2026.465,1442
1704726000,2026.465,2027.7,2025.58,2026.635,1599
1704726300,2026.635,2029.235,2026.465,2028.295,1476
1704726600,2028.295,2030.315,2028.265,2029.125,1011
1704726900,2029.125,2030.44,2028.845,2030.33,980
1704727200,2030.33,2030.41,2028.045,2029.135,1041
1704727500,2029.135,2030.585,2028.61,2030.41,759
1704727800,2030.41,2033.45,2030.41,2031.465,1417
1704728100,2031.465,2031.75,2030.205,2030.45,1150
1704728400,2030.45,2032.79,2030.45,2032.52,850
1704728700,2032.52,2034.555,2032.005,2034.045,1097
1704729000,2034.045,2034.795,2032.885,2033.24,1017
1704729300,2033.24,2034.885,2033.24,2034.27,835
1704729600,2034.27,2036.48,2033.86,2033.895,1104
1704729900,2033.895,2036.595,2033.785,2035.995,953
1704730200,2035.995,2036.93,2035.42,2036.555,918
1704730500,2036.555,2036.905,2035.325,2035.86,716
1704730800,2035.86,2036.62,2033.79,2033.91,912
1704731100,2033.91,2034.435,2033.695,2033.86,864
1704731400,2033.86,2034.385,2032.77,2032.905,694
1704731700,2032.905,2033.21,2031.49,2031.63,726
1704732000,2031.63,2033.455,2031.6,2032.92,760
1704732300,2032.92,2033.075,2031.72,2032.32,422
1704732600,2032.32,2033.39,2031.555,2032.875,728
1704732900,2032.875,2033.66,2032.06,2032.25,767
1704733200,2032.25,2033.16,2031.865,2032.27,862
1704733500,2032.27,2032.545,2030.505,2030.655,699
1704733800,2030.655,2031.51,2030.515,2030.81,665
1704734100,2030.81,2031.81,2030.62,2030.745,633
1704734400,2030.745,2030.805,2029.415,2029.7,578
1704734700,2029.7,2030.34,2029.61,2030.01,606
1704735000,2030.01,2030.01,2028.64,2028.995,527
1704735300,2028.995,2029.725,2028.67,2029.205,686
1704735600,2029.205,2029.35,2027.865,2028.04,586
1704735900,2028.04,2028.055,2027.22,2027.795,792
1704736200,2027.795,2027.99,2027.29,2027.605,471
1704736500,2027.605,2028.18,2027.17,2027.735,421
1704736800,2027.735,2028.1,2027.355,2027.815,576
1704737100,2027.815,2027.815,2026.485,2026.95,375
1704737400,2026.95,2027.495,2026.75,2027.32,426
1704737700,2027.32,2027.515,2026.985,2027.09,582
1704738000,2027.09,2027.385,2026.95,2027.365,300
1704738300,2027.365,2028.075,2026.685,2026.94,668
1704738600,2026.94,2028.24,2026.585,2028.175,598
1704738900,2028.175,2028.375,2027.91,2028.05,500
1704739200,2028.05,2028.155,2027.305,2027.385,450
1704739500,2027.385,2027.73,2027.21,2027.365,446
1704739800,2027.365,2027.615,2027.23,2027.34,303
1704740100,2027.34,2027.5,2026.445,2026.665,388
1704740400,2026.665,2027.375,2026.63,2027.19,527
1704740700,2027.19,2027.39,2026.815,2027.375,409
1704741000,2027.375,2028.355,2027.27,2028.355,433
1704741300,2028.355,2028.36,2027.76,2027.845,470
1704741600,2027.845,2028.4,2027.845,2028.36,159
1704741900,2028.36,2028.55,2028.01,2028.315,216
1704742200,2028.315,2029.025,2028.23,2028.68,314
1704742500,2028.68,2028.8,2028.36,2028.52,249
1704742800,2028.52,2028.63,2028.155,2028.165,252
1704743100,2028.165,2028.5,2027.935,2028.41,245
1704743400,2028.41,2029.135,2028.41,2029.025,161
1704743700,2029.025,2029.65,2028.98,2029.43,271
1704744000,2029.43,2029.86,2028.235,2028.57,126
1704744300,2028.57,2028.57,2027.48,2027.62,165
1704744600,2027.62,2027.73,2026.24,2026.56,291
1704744900,2026.56,2026.69,2026.33,2026.67,495
1704745200,2026.67,2027.045,2026.345,2026.97,256
1704745500,2026.97,2027.355,2026.755,2027.33,127
1704745800,2027.33,2027.445,2026.47,2026.965,165
1704746100,2026.965,2027.59,2026.875,2027.175,131
1704746400,2027.175,2027.325,2026.685,2027.18,125
1704746700,2027.18,2027.38,2026.615,2026.66,202
1704747000,2026.66,2027.135,2026.15,2026.205,405
1704747300,2026.205,2027.44,2026.15,2027.23,925
1704747600,2027.23,2027.94,2027.13,2027.92,191
1704747900,2027.92,2028.195,2027.79,2028.15,80
1704748200,2028.15,2028.15,2027.735,2027.99,83
1704748500,2027.99,2028.725,2027.94,2028.45,103
1704748800,2028.45,2028.755,2028.445,2028.62,139
1704749100,2028.62,2028.72,2028.435,2028.645,72
1704749400,2028.645,2028.755,2028.565,2028.635,268
1704749700,2028.635,2028.655,2028.45,2028.48,79
1704750000,2028.48,2028.485,2027.825,2028.175,117
1704750300,2028.175,2028.275,2027.985,2028.17,86
1704750600,2028.17,2028.55,2028.02,2028.03,121
1704750900,2028.03,2028.095,2027.64,2028.035,77
1704754800,2028.035,2028.54,2028.035,2028.445,56
1704755100,2028.445,2028.725,2028.005,2028.72,79
1704755400,2028.72,2028.72,2028.035,2028.25,72
1704755700,2028.25,2028.715,2028.135,2028.525,100
1704756000,2028.525,2028.73,2028.525,2028.615,59
1704756300,2028.615,2029,2028.615,2028.94,110
1704756600,2028.94,2029.075,2028.61,2028.825,83
1704756900,2028.825,2029.07,2028.705,2028.985,69
1704757200,2028.985,2029.345,2028.89,2029.305,59
1704757500,2029.305,2030.815,2029.155,2030.675,326
1704757800,2030.675,2030.935,2030.49,2030.7,217
1704758100,2030.7,2031.01,2030.64,2030.82,165
1704758400,2030.82,2031.81,2030.775,2031.625,241
1704758700,2031.625,2032.79,2031.375,2032.71,244
1704759000,2032.71,2033.31,2032.52,2033.09,390
1704759300,2033.09,2034.21,2032.67,2034.065,397
1704759600,2034.065,2034.95,2033.235,2033.86,463
1704759900,2033.86,2033.985,2033.36,2033.925,196
1704760200,2033.925,2034.83,2033.895,2034.52,401
1704760500,2034.52,2034.935,2034.18,2034.615,224
1704760800,2034.615,2034.86,2034.22,2034.54,375
1704761100,2034.54,2034.6,2033.885,2033.885,290
1704761400,2033.885,2034.975,2033.885,2034.63,422
1704761700,2034.63,2034.91,2034.28,2034.41,325
1704762000,2034.41,2035.655,2034.145,2035.085,491
1704762300,2035.085,2035.485,2034.54,2035.475,530
1704762600,2035.475,2035.66,2033.49,2033.495,684
1704762900,2033.495,2034.985,2033.3,2033.815,635
1704763200,2033.815,2034.04,2032.63,2032.64,445
1704763500,2032.64,2033.195,2032.165,2032.645,381
1704763800,2032.645,2032.87,2031.97,2032.155,392
1704764100,2032.155,2032.72,2031.285,2031.285,376
1704764400,2031.285,2032.57,2031.27,2032.025,446
1704764700,2032.025,2032.59,2031.665,2031.955,668
1704765000,2031.955,2033.58,2031.895,2033.245,634
1704765300,2033.245,2033.255,2032.095,2032.305,504
1704765600,2032.305,2034.655,2032.21,2034.61,595
1704765900,2034.61,2034.81,2033.43,2033.535,311
1704766200,2033.535,2035.34,2033.42,2035.01,506
1704766500,2035.01,2035.445,2034.52,2034.52,551
1704766800,2034.52,2035.91,2034.52,2035.87,339
1704767100,2035.87,2035.9,2034.965,2035.045,323
1704767400,2035.045,2035.405,2034.235,2034.56,297
1704767700,2034.56,2035.75,2034.55,2035.645,434
1704768000,2035.645,2035.71,2034.845,2035.145,201
1704768300,2035.145,2035.545,2034.45,2034.515,245
1704768600,2034.515,2034.645,2033.395,2033.75,328
1704768900,2033.75,2034.22,2033.565,2034.22,455
1704769200,2034.22,2034.455,2033.96,2034.345,269
1704769500,2034.345,2034.435,2033.105,2033.255,529
1704769800,2033.255,2034.19,2033.11,2033.89,432
1704770100,2033.89,2035.025,2033.86,2034.59,269
1704770400,2034.59,2034.965,2034.23,2034.35,296
1704770700,2034.35,2034.47,2034.02,2034.445,238
1704771000,2034.445,2034.6,2033.635,2033.725,285
1704771300,2033.725,2034.23,2033.45,2034.225,276
1704771600,2034.225,2034.325,2033.71,2033.965,273
1704771900,2033.965,2034.305,2033.665,2033.925,157
1704772200,2033.925,2033.99,2033.34,2033.45,178
1704772500,2033.45,2033.71,2033.17,2033.665,137
1704772800,2033.665,2035.04,2033.47,2034.325,637
1704773100,2034.325,2034.5,2033.675,2034,296
1704773400,2034,2034.03,2033.595,2033.66,164
1704773700,2033.66,2033.875,2032.95,2033.045,266
1704774000,2033.045,2033.76,2032.995,2033.405,302
1704774300,2033.405,2033.57,2032.94,2032.945,204
1704774600,2032.945,2033.57,2032.73,2033.475,150
1704774900,2033.475,2033.725,2033.12,2033.395,222
1704775200,2033.395,2033.865,2033.11,2033.18,227
1704775500,2033.18,2033.18,2032.28,2032.435,191
1704775800,2032.435,2033.24,2032.27,2032.645,321
1704776100,2032.645,2033.395,2032.635,2032.945,184
1704776400,2032.945,2033.14,2032.745,2033.06,68
1704776700,2033.06,2033.06,2032.81,2032.88,74
1704777000,2032.88,2032.99,2032.545,2032.8,183
1704777300,2032.8,2033.225,2032.575,2032.965,271
1704777600,2032.965,2032.965,2032.355,2032.67,289
1704777900,2032.67,2032.72,2031.78,2031.9,265
1704778200,2031.9,2032.185,2031.42,2032.09,288
1704778500,2032.09,2032.74,2032.09,2032.405,246
1704778800,2032.405,2032.58,2030.415,2031.56,470
1704779100,2031.56,2032.37,2031.365,2031.745,278
1704779400,2031.745,2033.475,2031.59,2032.815,512
1704779700,2032.815,2033.6,2032.58,2032.855,485
1704780000,2032.855,2033.315,2031.79,2031.79,260
1704780300,2031.79,2033.07,2031.275,2032.805,185
1704780600,2032.805,2032.915,2031.48,2031.595,358
1704780900,2031.595,2032.44,2031.595,2032.085,409
1704781200,2032.085,2032.725,2031.815,2032.665,434
1704781500,2032.665,2033.06,2032.33,2032.81,486
1704781800,2032.81,2032.935,2032.2,2032.87,411
1704782100,2032.87,2033.48,2031.65,2033.48,346
1704782400,2033.48,2035.295,2033.385,2034.495,822
1704782700,2034.495,2034.805,2032.445,2032.74,599
1704783000,2032.74,2033.35,2031.885,2032.48,335
1704783300,2032.48,2033.755,2032.445,2033.265,428
1704783600,2033.265,2033.54,2032.21,2033.08,480
1704783900,2033.08,2035.36,2033.03,2035.205,531
1704784200,2035.205,2035.225,2033.56,2033.77,407
1704784500,2033.77,2035.47,2033.355,2035.165,500
1704784800,2035.165,2035.886,2034.42,2035.886,388
1704785100,2035.886,2037.04,2035.886,2036.515,715
1704785400,2036.515,2036.75,2034.79,2035.94,494
1704785700,2035.94,2036.135,2035.19,2035.58,455
1704786000,2035.58,2037.305,2035.425,2036.1,643
1704786300,2036.1,2036.14,2035.12,2035.99,362
1704786600,2035.99,2036.4,2035.36,2036.285,429
1704786900,2036.285,2036.95,2035.93,2036.08,546
1704787200,2036.08,2038.29,2035.19,2035.41,1393
1704787500,2035.41,2036.08,2033.445,2033.595,1084
1704787800,2033.595,2033.6,2032.515,2032.53,970
1704788100,2032.53,2032.68,2031.6,2032.28,854
1704788400,2032.28,2033.175,2032.19,2032.42,844
1704788700,2032.42,2032.62,2031.35,2031.865,756
1704789000,2031.865,2033.815,2031.74,2033.715,748
1704789300,2033.715,2033.965,2033.03,2033.925,823
1704789600,2033.925,2034.625,2033.31,2034.145,832
1704789900,2034.145,2034.51,2033.815,2034.065,583
1704790200,2034.065,2034.755,2033.845,2034.235,459
1704790500,2034.235,2034.91,2033.745,2034.325,450
1704790800,2034.325,2035.16,2034.22,2035,462
1704791100,2035,2035.105,2034.01,2034.245,487
1704791400,2034.245,2034.44,2033.19,2033.4,543
1704791700,2033.4,2034.67,2033.265,2033.795,332
1704792000,2033.795,2034.525,2033.605,2034.365,457
1704792300,2034.365,2035.71,2034.115,2035.1,478
1704792600,2035.1,2036.57,2034.58,2035.995,650
1704792900,2035.995,2036.365,2035.56,2035.88,600
1704793200,2035.88,2036.215,2035.655,2036.215,494
1704793500,2036.215,2036.975,2035.92,2036.82,324
1704793800,2036.82,2037.13,2036.085,2036.26,375
1704794100,2036.26,2036.275,2035.25,2035.495,271
1704794400,2035.495,2035.83,2035.27,2035.435,262
1704794700,2035.435,2035.54,2034.865,2035.54,352
1704795000,2035.54,2036.865,2035.07,2036.275,180
1704795300,2036.275,2037.63,2036.17,2037.2,537
1704795600,2037.2,2037.655,2036.575,2037.6,377
1704795900,2037.6,2038.405,2036.495,2037.915,860
1704796200,2037.915,2038.59,2037.29,2038.475,613
1704796500,2038.475,2038.585,2037.845,2038.04,448
1704796800,2038.04,2038.24,2037.635,2037.71,301
1704797100,2037.71,2037.84,2036.845,2036.865,267
1704797400,2036.865,2036.935,2035.435,2035.76,384
1704797700,2035.76,2035.76,2035.09,2035.46,295
1704798000,2035.46,2035.71,2034.7,2035.24,287
1704798300,2035.24,2035.24,2034.39,2034.8,185
1704798600,2034.8,2034.9,2033.99,2033.995,436
1704798900,2033.995,2034.745,2033.95,2034.445,363
1704799200,2034.445,2035.2,2034.445,2035.035,297
1704799500,2035.035,2035.745,2035.015,2035.215,364
1704799800,2035.215,2035.445,2034.67,2034.865,282
1704800100,2034.865,2034.95,2033.915,2034.27,171
1704800400,2034.27,2034.39,2033.765,2034.24,305
1704800700,2034.24,2035.515,2034.19,2035.395,352
1704801000,2035.395,2035.615,2033.76,2034.31,496
1704801300,2034.31,2035.305,2034.195,2035.08,356
1704801600,2035.08,2035.08,2033.985,2034.44,515
1704801900,2034.44,2035.285,2034.44,2035.255,497
1704802200,2035.255,2035.845,2035.2,2035.53,446
1704802500,2035.53,2036.385,2035.33,2036.235,466
1704802800,2036.235,2036.4,2035.665,2035.77,511
1704803100,2035.77,2036.055,2035.08,2035.23,420
1704803400,2035.23,2035.84,2034.96,2035.45,437
1704803700,2035.45,2035.925,2035.31,2035.5,382
1704804000,2035.5,2035.5,2034.165,2035.08,481
1704804300,2035.08,2036.305,2035.08,2035.815,444
1704804600,2035.815,2035.985,2035.385,2035.845,430
1704804900,2035.845,2036.42,2035.845,2036.4,445
1704805200,2036.4,2036.495,2034.52,2034.865,934
1704805500,2034.865,2035.29,2033.455,2034.75,807
1704805800,2034.75,2035.655,2034.75,2035.43,694
1704806100,2035.43,2035.655,2035.035,2035.115,581
1704806400,2035.115,2035.115,2032.715,2032.715,1123
1704806700,2032.715,2033.245,2031.7,2033.2,1159
1704807000,2033.2,2035.74,2033.18,2035.735,1055
1704807300,2035.735,2042.035,2035.145,2038.495,1578
1704807600,2038.495,2038.575,2035.875,2037.02,1562
1704807900,2037.02,2040.21,2036.425,2038.09,1613
1704808200,2038.09,2039.585,2037.005,2038.97,1606
1704808500,2038.97,2039.73,2037.565,2038.705,1183
1704808800,2038.705,2039.42,2037.415,2038.25,1116
1704809100,2038.25,2040.16,2037.525,2039.01,1033
1704809400,2039.01,2040.04,2038.555,2039.395,1024
1704809700,2039.395,2040.08,2036.625,2037.26,988
1704810000,2037.26,2038.935,2037.155,2038.77,948
1704810300,2038.77,2038.85,2036.275,2036.585,1024
1704810600,2036.585,2037.59,2035.25,2035.995,1503
1704810900,2035.995,2036.765,2034.74,2035.195,1616
1704811200,2035.195,2036.895,2035.1,2036.435,1471
1704811500,2036.435,2036.435,2034.03,2035.26,1349
1704811800,2035.26,2036.23,2034.005,2034.71,1193
1704812100,2034.71,2035.23,2034.39,2034.825,1210
1704812400,2034.825,2035.45,2033.92,2034.305,1334
1704812700,2034.305,2035.655,2033.165,2033.185,1605
1704813000,2033.185,2034.03,2032.99,2033.68,951
1704813300,2033.68,2035.16,2033.185,2035.125,991
1704813600,2035.125,2035.17,2034.13,2034.815,526
1704813900,2034.815,2035.265,2033.71,2034.42,857
1704814200,2034.42,2035.045,2033.91,2034.175,1100
1704814500,2034.175,2034.895,2033.235,2034.61,977
1704814800,2034.61,2034.63,2032.69,2032.78,1034
1704815100,2032.78,2033.29,2032.49,2032.61,738
1704815400,2032.61,2033.23,2032.01,2032.185,732
1704815700,2032.185,2032.265,2028.84,2028.905,1296
1704816000,2028.905,2028.92,2026.53,2027.755,1279
1704816300,2027.755,2027.755,2026.19,2026.47,948
1704816600,2026.47,2028.3,2026.185,2027.335,1068
1704816900,2027.335,2028.17,2026.755,2027.27,918
1704817200,2027.27,2029.705,2026.885,2029.55,782
1704817500,2029.55,2030.84,2028.845,2029.295,761
1704817800,2029.295,2030.205,2029.015,2029.39,716
1704818100,2029.39,2031.095,2028.795,2031.095,488
1704818400,2031.095,2031.1,2029.035,2029.335,675
1704818700,2029.335,2030.64,2029.155,2030.47,736
1704819000,2030.47,2031.045,2029.71,2030.655,454
1704819300,2030.655,2031.645,2030.655,2031.275,642
1704819600,2031.275,2032.11,2030.885,2030.885,562
1704819900,2030.885,2030.955,2030.035,2030.55,449
1704820200,2030.55,2031.215,2029.985,2030.14,449
1704820500,2030.14,2030.735,2028.77,2029.085,658
1704820800,2029.085,2029.795,2028.685,2029.55,651
1704821100,2029.55,2030.295,2029.175,2029.245,498
1704821400,2029.245,2029.61,2028.6,2029.13,659
1704821700,2029.13,2029.14,2027.625,2028.075,615
1704822000,2028.075,2028.135,2027.145,2027.675,448
1704822300,2027.675,2028.845,2027.48,2028.745,439
1704822600,2028.745,2029.29,2027.915,2029.195,494
1704822900,2029.195,2029.195,2027.715,2027.745,539
1704823200,2027.745,2029.825,2027.36,2028.195,945
1704823500,2028.195,2028.405,2027.19,2027.385,940
1704823800,2027.385,2028.315,2027.265,2028.235,692
1704824100,2028.235,2028.235,2027.27,2027.355,535
1704824400,2027.355,2027.925,2027.215,2027.465,710
1704824700,2027.465,2027.595,2026.96,2027.455,860
1704825000,2027.455,2027.98,2026.845,2027.385,496
1704825300,2027.385,2028.295,2026.99,2027.61,449
1704825600,2027.61,2028.06,2027.49,2027.765,326
1704825900,2027.765,2028.92,2027.68,2028.815,326
1704826200,2028.815,2029.205,2028.315,2028.9,394
1704826500,2028.9,2029.365,2028.24,2029.23,414
1704826800,2029.23,2029.425,2028.75,2028.845,565
1704827100,2028.845,2029.82,2028.73,2029.62,540
1704827400,2029.62,2029.67,2028.9,2029.115,501
1704827700,2029.115,2029.71,2028.72,2029.55,261
1704828000,2029.55,2030.105,2029.255,2030.095,366
1704828300,2030.095,2030.095,2028.805,2029.105,437
1704828600,2029.105,2029.455,2028.565,2029.045,467
1704828900,2029.045,2029.15,2028.575,2028.72,496
1704829200,2028.72,2028.965,2027.85,2028.055,593
1704829500,2028.055,2028.245,2027.845,2028.155,639
1704829800,2028.155,2029.06,2027.915,2029.045,580
1704830100,2029.045,2029.05,2028.5,2028.925,552
1704830400,2028.925,2031.22,2028.925,2030.425,401
1704830700,2030.425,2030.62,2029.64,2030.055,360
1704831000,2030.055,2030.48,2029.995,2030.07,424
1704831300,2030.07,2030.375,2029.775,2030.2,414
1704831600,2030.2,2030.285,2029.66,2029.87,429
1704831900,2029.87,2029.99,2029.06,2029.105,322
1704832200,2029.105,2029.315,2028.635,2028.81,365
1704832500,2028.81,2029.07,2028.595,2028.99,123
1704832800,2028.99,2029.62,2028.8,2029.595,124
1704833100,2029.595,2029.6,2029.265,2029.29,118
1704833400,2029.29,2029.65,2029.105,2029.62,173
1704833700,2029.62,2029.745,2028.365,2028.455,354
1704834000,2028.455,2029.325,2028.455,2029.27,172
1704834300,2029.27,2029.38,2029.17,2029.17,77
1704834600,2029.17,2029.58,2029.17,2029.465,50
1704834900,2029.465,2029.5,2029.175,2029.365,65
1704835200,2029.365,2029.46,2029.27,2029.37,70
1704835500,2029.37,2029.575,2029.26,2029.475,138
1704835800,2029.475,2029.875,2029.43,2029.82,173
1704836100,2029.82,2030.035,2029.72,2029.925,88
1704836400,2029.925,2030.275,2029.915,2029.98,151
1704836700,2029.98,2030.05,2029.83,2029.95,75
1704837000,2029.95,2030.28,2029.95,2030.165,146
1704837300,2030.165,2030.2,2030.01,2030.02,93
1704841200,2030.02,2030.81,2030.02,2030.79,39
1704841500,2030.79,2030.87,2030.445,2030.56,79
1704841800,2030.56,2031.085,2030.47,2030.99,62
1704842100,2030.99,2031.285,2030.705,2030.97,94
1704842400,2030.97,2030.97,2030.435,2030.445,105
1704842700,2030.445,2030.705,2029.535,2029.675,302
1704843000,2029.675,2030,2028.95,2029.305,341
1704843300,2029.305,2029.695,2028.435,2028.905,233
1704843600,2028.905,2030.355,2028.795,2030.255,239
1704843900,2030.255,2030.695,2030.065,2030.455,225
1704844200,2030.455,2031.17,2030.38,2030.93,301
1704844500,2030.93,2031.16,2030.795,2030.855,164
1704844800,2030.855,2030.91,2030.51,2030.81,229
1704845100,2030.81,2031.225,2030.73,2031.05,139
1704845400,2031.05,2031.27,2030.595,2030.775,143
1704845700,2030.775,2031.07,2030.645,2030.94,92
1704846000,2030.94,2031.035,2030.285,2030.465,102
1704846300,2030.465,2031.18,2030.465,2030.975,96
1704846600,2030.975,2031.08,2030.64,2031.06,69
1704846900,2031.06,2031.17,2030.745,2030.95,134
1704847200,2030.95,2031.03,2030.23,2030.285,69
1704847500,2030.285,2030.46,2029.775,2030.225,321
1704847800,2030.225,2031.225,2030.22,2031.185,334
1704848100,2031.185,2031.185,2030.31,2030.315,140
1704848400,2030.315,2030.365,2029.585,2029.915,644
1704848700,2029.915,2029.965,2028.95,2029.3,551
1704849000,2029.3,2029.49,2028.215,2028.22,331
1704849300,2028.22,2028.22,2027.29,2027.875,601
1704849600,2027.875,2029.3,2027.81,2028.545,713
1704849900,2028.545,2028.89,2028.285,2028.845,594
1704850200,2028.845,2029.74,2028.77,2029.385,634
1704850500,2029.385,2030.56,2029.185,2030.545,913
1704850800,2030.545,2031.53,2030.435,2030.815,812
1704851100,2030.815,2032.045,2030.65,2031.975,614
1704851400,2031.975,2032.585,2031.45,2031.85,786
1704851700,2031.85,2032.28,2031.5,2031.85,386
1704852000,2031.85,2032.185,2031.56,2031.885,336
1704852300,2031.885,2031.91,2031.195,2031.195,239
1704852600,2031.195,2031.58,2030.975,2031.27,153
1704852900,2031.27,2032.37,2031.235,2032.265,235
1704853200,2032.265,2032.94,2032.265,2032.355,242
1704853500,2032.355,2032.63,2031.485,2031.485,327
1704853800,2031.485,2032.1,2031.42,2031.465,223
1704854100,2031.465,2031.845,2031.075,2031.22,278
1704854400,2031.22,2031.24,2030.415,2030.84,253
1704854700,2030.84,2031.76,2030.565,2031.7,289
1704855000,2031.7,2032.34,2031.265,2031.28,217
1704855300,2031.28,2032.08,2031.025,2031.915,432
1704855600,2031.915,2031.925,2031.335,2031.555,371
1704855900,2031.555,2031.595,2030.775,2031.255,276
1704856200,2031.255,2031.315,2030.135,2030.895,519
1704856500,2030.895,2031.12,2030.54,2031.04,204
1704856800,2031.04,2031.845,2030.97,2031.55,150
1704857100,2031.55,2032.045,2031.435,2031.645,147
1704857400,2031.645,2031.67,2030.68,2030.815,163
1704857700,2030.815,2031.01,2030.37,2030.89,403
1704858000,2030.89,2030.96,2030.02,2030.77,386
1704858300,2030.77,2030.815,2029.515,2029.555,248
1704858600,2029.555,2029.96,2028.81,2028.85,313
1704858900,2028.85,2029.03,2028.245,2029.025,400
1704859200,2029.025,2029.135,2028.525,2028.58,269
1704859500,2028.58,2029.585,2028.565,2029.34,311
1704859800,2029.34,2029.825,2029.02,2029.775,339
1704860100,2029.775,2029.88,2029.575,2029.695,217
1704860400,2029.695,2029.75,2029.035,2029.11,193
1704860700,2029.11,2029.585,2028.845,2029.52,227
1704861000,2029.52,2030.735,2029.315,2029.95,423
1704861300,2029.95,2029.95,2029.42,2029.605,168
1704861600,2029.605,2030.47,2029.595,2029.92,298
1704861900,2029.92,2030.13,2029.545,2029.875,214
1704862200,2029.875,2030.335,2029.825,2029.885,284
1704862500,2029.885,2030.105,2029.785,2029.875,207
1704862800,2029.875,2030.255,2029.635,2029.82,185
1704863100,2029.82,2030.045,2029.535,2029.825,102
1704863400,2029.825,2029.93,2028.84,2028.925,165
1704863700,2028.925,2029.17,2028.525,2028.55,245
1704864000,2028.55,2028.775,2028.315,2028.69,130
1704864300,2028.69,2029.54,2028.57,2029.31,409
1704864600,2029.31,2029.91,2028.76,2028.905,333
1704864900,2028.905,2028.965,2028.14,2028.76,199
1704865200,2028.76,2028.82,2027.31,2028.15,526
1704865500,2028.15,2028.26,2025.52,2025.665,813
1704865800,2025.665,2026.585,2025.655,2026.51,610
1704866100,2026.51,2027.32,2026.35,2026.745,315
1704866400,2026.745,2027.07,2026.465,2026.685,277
1704866700,2026.685,2026.85,2025.23,2025.46,431
1704867000,2025.46,2025.46,2024.465,2024.53,331
1704867300,2024.53,2025.72,2024.47,2025.675,562
1704867600,2025.675,2026.805,2025.365,2026.315,539
1704867900,2026.315,2026.535,2025.66,2026.1,244
1704868200,2026.1,2026.305,2025.795,2025.975,420
1704868500,2025.975,2026.23,2025.65,2025.755,265
1704868800,2025.755,2025.875,2025.105,2025.44,430
1704869100,2025.44,2025.66,2024.76,2025.04,386
1704869400,2025.04,2025.325,2024.19,2024.93,261
1704869700,2024.93,2025.045,2023.95,2024.67,289
1704870000,2024.67,2025.555,2024.385,2025.345,333
1704870300,2025.345,2026.54,2025.125,2026.4,260
1704870600,2026.4,2026.68,2025.605,2026.645,217
1704870900,2026.645,2028.79,2026.44,2028.185,567
1704871200,2028.185,2028.755,2027.55,2028.18,664
1704871500,2028.18,2028.84,2027.55,2028.555,521
1704871800,2028.555,2029.13,2027.76,2028.93,621
1704872100,2028.93,2030.74,2028.635,2030.56,665
1704872400,2030.56,2031.42,2030.54,2031.04,662
1704872700,2031.04,2031.565,2030.94,2031.2,640
1704873000,2031.2,2031.72,2030.975,2031.455,407
1704873300,2031.455,2031.645,2030.95,2031.08,485
1704873600,2031.08,2032.62,2030.32,2031.42,737
1704873900,2031.42,2034.645,2031.36,2034.085,634
1704874200,2034.085,2034.475,2032.265,2033.275,808
1704874500,2033.275,2034.265,2032.925,2033.26,726
1704874800,2033.26,2034.945,2033.175,2034.48,557
1704875100,2034.48,2036.015,2034.015,2034.665,570
1704875400,2034.665,2034.665,2032.975,2033.39,1010
1704875700,2033.39,2033.845,2032.575,2032.675,772
1704876000,2032.675,2033.375,2032.14,2033.175,735
1704876300,2033.175,2034.35,2033.06,2033.575,606
1704876600,2033.575,2034.54,2032.91,2034.53,486
1704876900,2034.53,2035.63,2034.265,2035.35,469
1704877200,2035.35,2035.375,2034.795,2035.035,647
1704877500,2035.035,2035.955,2035.025,2035.63,439
1704877800,2035.63,2036.22,2035.26,2035.78,708
1704878100,2035.78,2035.965,2034.71,2034.765,521
1704878400,2034.765,2035.345,2034.765,2035.1,415
1704878700,2035.1,2035.845,2034.945,2035.48,287
1704879000,2035.48,2035.65,2035.035,2035.585,252
1704879300,2035.585,2035.585,2034.72,2035.33,287
1704879600,2035.33,2035.585,2034.99,2035.36,237
1704879900,2035.36,2035.475,2034.72,2035.395,285
1704880200,2035.395,2036.23,2035.295,2035.71,416
1704880500,2035.71,2036.035,2035.33,2035.79,148
1704880800,2035.79,2040.3,2035.44,2039.125,501
1704881100,2039.125,2039.7,2037.215,2037.26,865
1704881400,2037.26,2037.905,2036.6,2037.115,550
1704881700,2037.115,2037.335,2036.09,2036.235,740
1704882000,2036.235,2036.68,2035.845,2036.375,456
1704882300,2036.375,2037.28,2036.375,2036.82,582
1704882600,2036.82,2036.82,2035.97,2036.37,403
1704882900,2036.37,2036.8,2036.285,2036.405,218
1704883200,2036.405,2036.465,2035.75,2035.92,187
1704883500,2035.92,2036.275,2035.805,2036.05,130
1704883800,2036.05,2036.23,2035.645,2035.745,150
1704884100,2035.745,2035.81,2034.63,2034.86,217
1704884400,2034.86,2035.33,2034.77,2035.015,339
1704884700,2035.015,2035.085,2034.56,2034.815,146
1704885000,2034.815,2035.055,2034.615,2034.9,417
1704885300,2034.9,2034.925,2034.205,2034.66,383
1704885600,2034.66,2034.8,2034.04,2034.135,204
1704885900,2034.135,2034.14,2032.885,2033.19,233
1704886200,2033.19,2033.62,2032.84,2033.505,397
1704886500,2033.505,2033.815,2033.015,2033.305,381
1704886800,2033.305,2034.525,2033.145,2034.51,270
1704887100,2034.51,2034.785,2033.57,2033.645,254
1704887400,2033.645,2034.09,2033.1,2033.745,507
1704887700,2033.745,2034.385,2033.745,2034.09,433
1704888000,2034.09,2034.525,2033.86,2034.525,642
1704888300,2034.525,2035.245,2034.28,2034.8,656
1704888600,2034.8,2035.41,2034.675,2035.375,363
1704888900,2035.375,2035.41,2033.945,2034.045,358
1704889200,2034.045,2035.005,2034.01,2034.885,497
1704889500,2034.885,2035.71,2034.785,2035.46,490
1704889800,2035.46,2035.625,2034.76,2034.91,349
1704890100,2034.91,2035.23,2033.82,2033.82,219
1704890400,2033.82,2033.825,2032.695,2032.71,315
1704890700,2032.71,2032.82,2031.83,2031.92,503
1704891000,2031.92,2032.325,2031.81,2031.915,442
1704891300,2031.915,2032.205,2031.335,2031.595,392
1704891600,2031.595,2031.605,2030.235,2031.315,935
1704891900,2031.315,2032.495,2031.11,2031.655,756
1704892200,2031.655,2033.005,2031.43,2032.755,787
1704892500,2032.755,2034.09,2031.74,2031.95,861
1704892800,2031.95,2033.035,2031.385,2032.36,808
1704893100,2032.36,2033.605,2031.825,2032.225,1120
1704893400,2032.225,2032.235,2031.22,2031.945,891
1704893700,2031.945,2032.775,2031.28,2031.575,739
1704894000,2031.575,2031.835,2030.48,2030.73,831
1704894300,2030.73,2031.71,2030.46,2030.835,806
1704894600,2030.835,2031.565,2030.535,2030.82,889
1704894900,2030.82,2031.095,2030.095,2030.375,801
1704895200,2030.375,2031.28,2029.715,2031.035,651
1704895500,2031.035,2031.34,2030.425,2030.425,694
1704895800,2030.425,2030.58,2028.87,2029.815,761
1704896100,2029.815,2029.93,2028.735,2029.915,517
1704896400,2029.915,2030.395,2029.585,2030.05,664
1704896700,2030.05,2030.805,2029.71,2030.405,456
1704897000,2030.405,2033.59,2029.375,2031.695,1405
1704897300,2031.695,2032.79,2030.945,2030.975,1205
1704897600,2030.975,2031.615,2028.36,2029.68,1330
1704897900,2029.68,2029.71,2026.51,2027.36,1452
1704898200,2027.36,2028.615,2026.9,2028.165,1351
1704898500,2028.165,2028.355,2026.85,2027.445,1048
1704898800,2027.445,2028.095,2024.865,2025.045,1363
1704899100,2025.045,2028.02,2024.89,2026.7,1378
1704899400,2026.7,2027.825,2026.505,2026.89,1048
1704899700,2026.89,2026.915,2025.395,2026.475,957
1704900000,2026.475,2027.08,2025.63,2025.73,686
1704900300,2025.73,2026.775,2025.135,2026.275,874
1704900600,2026.275,2029.24,2025.735,2029.23,1330
1704900900,2029.23,2029.24,2027.735,2028.145,1014
1704901200,2028.145,2029.835,2027.915,2029.625,937
1704901500,2029.625,2029.77,2027.725,2028.305,1149
1704901800,2028.305,2029.035,2026.825,2026.985,932
1704902100,2026.985,2028.115,2026.93,2027.955,773
1704902400,2027.955,2028.245,2026.575,2027.65,887
1704902700,2027.65,2028.57,2027.32,2027.815,715
1704903000,2027.815,2027.985,2025.91,2026.09,761
1704903300,2026.09,2026.165,2025.41,2025.515,756
1704903600,2025.515,2027.06,2025.51,2026.865,585
1704903900,2026.865,2026.945,2025.78,2026.095,704
1704904200,2026.095,2026.42,2024.865,2025.03,485
1704904500,2025.03,2026.065,2024.805,2025.5,390
1704904800,2025.5,2026.255,2025.385,2025.585,341
1704905100,2025.585,2026.345,2025.5,2026.07,475
1704905400,2026.07,2027.305,2025.505,2027.09,577
1704905700,2027.09,2027.915,2026.82,2027.1,608
1704906000,2027.1,2027.39,2026.03,2027.045,499
1704906300,2027.045,2027.81,2026.975,2027.39,527
1704906600,2027.39,2027.805,2026.995,2027.495,582
1704906900,2027.495,2027.61,2026.515,2027.22,521
1704907200,2027.22,2027.25,2026.01,2026.405,378
1704907500,2026.405,2026.495,2025.61,2025.705,588
1704907800,2025.705,2026.15,2025.41,2025.455,220
1704908100,2025.455,2025.78,2024.85,2025.51,529
1704908400,2025.51,2025.57,2024.76,2025.405,338
1704908700,2025.405,2025.545,2024.735,2025.315,283
1704909000,2025.315,2025.42,2022.265,2023.16,682
1704909300,2023.16,2024.205,2023.06,2024.11,661
1704909600,2024.11,2024.59,2023.31,2023.865,799
1704909900,2023.865,2023.87,2022.88,2023.34,1037
1704910200,2023.34,2024.07,2022.64,2023.945,891
1704910500,2023.945,2024.05,2022.56,2022.69,784
1704910800,2022.69,2022.985,2021.79,2021.94,702
1704911100,2021.94,2023.025,2021.57,2023.02,864
1704911400,2023.02,2023.526,2021.375,2022.41,635
1704911700,2022.41,2022.55,2021.86,2022.26,345
1704912000,2022.26,2022.43,2021.82,2022.055,160
1704912300,2022.055,2022.41,2021.8,2022.41,243
1704912600,2022.41,2023.02,2022.34,2022.91,219
1704912900,2022.91,2023.755,2022.805,2023.755,168
1704913200,2023.755,2023.92,2023.035,2023.035,321
1704913500,2023.035,2023.035,2020.63,2020.92,382
1704913800,2020.92,2021.655,2020.92,2021.18,521
1704914100,2021.18,2021.625,2020.525,2021.555,507
1704914400,2021.555,2021.57,2021.12,2021.545,351
1704914700,2021.545,2022.91,2021.53,2022.67,500
1704915000,2022.67,2023.805,2022.54,2023.72,369
1704915300,2023.72,2023.72,2023.235,2023.645,157
1704915600,2023.645,2024.335,2023.645,2023.94,204
1704915900,2023.94,2024.14,2023.55,2023.96,187
1704916200,2023.96,2024.445,2023.935,2024.34,274
1704916500,2024.34,2024.52,2023.96,2024.04,244
1704916800,2024.04,2025.075,2024.04,2024.535,300
1704917100,2024.535,2024.965,2024.115,2024.13,204
1704917400,2024.13,2024.185,2022.21,2023.1,268
1704917700,2023.1,2024.335,2022.135,2023.56,733
1704918000,2023.56,2023.765,2022.515,2022.705,709
1704918300,2022.705,2023.235,2022.61,2022.92,504
1704918600,2022.92,2023.775,2022.775,2023.365,225
1704918900,2023.365,2023.9,2023.21,2023.505,474
1704919200,2023.505,2023.645,2022.98,2023.435,380
1704919500,2023.435,2023.545,2021.885,2022.195,621
1704919800,2022.195,2022.56,2021.965,2022.56,474
1704920100,2022.56,2023.685,2022.425,2023.685,511
1704920400,2023.685,2023.95,2023.45,2023.755,319
1704920700,2023.755,2024.255,2023.48,2024.14,229
1704921000,2024.14,2024.58,2023.895,2024.23,109
1704921300,2024.23,2024.36,2023.975,2024.075,91
1704921600,2024.075,2024.145,2023.705,2024.14,70
1704921900,2024.14,2024.14,2023.59,2023.71,53
1704922200,2023.71,2023.73,2023.465,2023.685,88
1704922500,2023.685,2023.765,2023.55,2023.765,82
1704922800,2023.765,2024.155,2023.735,2024.07,141
1704923100,2024.07,2024.095,2023.72,2023.76,123
1704923400,2023.76,2024.22,2023.76,2024.21,156
1704923700,2024.21,2024.465,2024.21,2024.32,83
1704927600,2024.32,2025.295,2024.32,2025.095,57
1704927900,2025.095,2026.07,2025.095,2025.505,135
1704928200,2025.505,2026.045,2024.82,2025.955,219
1704928500,2025.955,2026.095,2025.59,2025.88,180
1704928800,2025.88,2026.1,2025.335,2025.585,209
1704929100,2025.585,2025.855,2025.47,2025.765,158
1704929400,2025.765,2026.71,2025.765,2026.51,166
1704929700,2026.51,2026.795,2026.405,2026.76,142
1704930000,2026.76,2027.03,2026.4,2026.525,237
1704930300,2026.525,2028.075,2026.255,2027.29,423
1704930600,2027.29,2027.57,2026.685,2026.83,291
1704930900,2026.83,2026.995,2026.63,2026.84,85
1704931200,2026.84,2027.655,2026.685,2027.605,175
1704931500,2027.605,2027.715,2027.205,2027.295,244
1704931800,2027.295,2027.465,2027,2027.38,275
1704932100,2027.38,2027.94,2027.175,2027.55,258
1704932400,2027.55,2027.785,2027.08,2027.13,307
1704932700,2027.13,2027.435,2026.88,2027.345,105
1704933000,2027.345,2027.675,2027.255,2027.655,84
1704933300,2027.655,2027.655,2027.165,2027.395,254
1704933600,2027.395,2028.22,2027.37,2027.785,299
1704933900,2027.785,2027.985,2027.535,2027.845,185
1704934200,2027.845,2028.175,2027.125,2028.095,247
1704934500,2028.095,2028.47,2027.895,2027.905,453
1704934800,2027.905,2028.555,2027.69,2028.19,530
1704935100,2028.19,2028.19,2027.435,2027.94,410
1704935400,2027.94,2028.285,2027.68,2028.015,507
1704935700,2028.015,2028.46,2027.61,2028.375,432
1704936000,2028.375,2028.885,2028.23,2028.28,191
1704936300,2028.28,2028.3,2027.71,2028.175,268
1704936600,2028.175,2028.885,2028.095,2028.845,343
1704936900,2028.845,2029.015,2028.2,2028.425,333
1704937200,2028.425,2028.97,2027.12,2027.565,512
1704937500,2027.565,2028.81,2027.535,2028.73,427
1704937800,2028.73,2030.235,2028.63,2029.96,499
1704938100,2029.96,2030.425,2029.645,2029.79,417
1704938400,2029.79,2030.155,2028.965,2029.57,613
1704938700,2029.57,2029.945,2029.23,2029.355,268
1704939000,2029.355,2030.69,2028.98,2030.6,490
1704939300,2030.6,2031.995,2030.5,2031.815,615
1704939600,2031.815,2031.96,2030.98,2031.41,353
1704939900,2031.41,2031.54,2031.265,2031.405,93
1704940200,2031.405,2031.62,2030.92,2031.03,316
1704940500,2031.03,2031.03,2029.415,2029.625,322
1704940800,2029.625,2030.18,2029.35,2030.105,363
1704941100,2030.105,2030.165,2029.255,2029.915,155
1704941400,2029.915,2030.315,2029.51,2029.605,149
1704941700,2029.605,2029.93,2029.4,2029.74,147
1704942000,2029.74,2030.01,2029.59,2029.71,160
1704942300,2029.71,2029.985,2029.03,2029.21,99
1704942600,2029.21,2029.47,2028.925,2028.99,280
1704942900,2028.99,2029.1,2028.84,2029.01,248
1704943200,2029.01,2029.095,2028.895,2028.91,131
1704943500,2028.91,2030.635,2028.86,2029.825,289
1704943800,2029.825,2030.94,2029.51,2030.49,615
1704944100,2030.49,2030.89,2030.32,2030.52,110
1704944400,2030.52,2031.12,2030.39,2030.91,195
1704944700,2030.91,2031.05,2030.1,2030.305,231
1704945000,2030.305,2030.905,2030.305,2030.62,190
1704945300,2030.62,2031.1,2030.48,2030.98,118
1704945600,2030.98,2031.51,2030.97,2031.46,221
1704945900,2031.46,2031.935,2031.325,2031.665,350
1704946200,2031.665,2032.185,2031.36,2031.95,356
1704946500,2031.95,2032.17,2031.33,2031.355,189
1704946800,2031.355,2032.11,2031.215,2031.975,264
1704947100,2031.975,2032.055,2031.66,2031.805,241
1704947400,2031.805,2031.89,2031.5,2031.6,145
1704947700,2031.6,2032.33,2031.6,2032.245,272
1704948000,2032.245,2032.29,2031.605,2031.68,95
1704948300,2031.68,2032,2031.51,2031.71,69
1704948600,2031.71,2032.325,2031.71,2032.245,233
1704948900,2032.245,2032.31,2032.025,2032.145,205
1704949200,2032.145,2032.575,2031.515,2031.715,362
1704949500,2031.715,2031.875,2031.42,2031.775,203
1704949800,2031.775,2032.155,2031.165,2031.495,329
1704950100,2031.495,2032.61,2031.495,2032.235,224
1704950400,2032.235,2032.365,2031.795,2032.02,271
1704950700,2032.02,2032.095,2031.48,2031.94,168
1704951000,2031.94,2033.535,2031.895,2032.865,407
1704951300,2032.865,2033.34,2032.715,2033.045,352
1704951600,2033.045,2033.41,2032.8,2033.125,246
1704951900,2033.125,2034.09,2033.125,2033.615,237
1704952200,2033.615,2034.73,2033.6,2034.09,399
1704952500,2034.09,2034.465,2032.555,2033.035,473
1704952800,2033.035,2033.245,2032.235,2032.46,297
1704953100,2032.46,2033.205,2032.405,2033.19,234
1704953400,2033.19,2035.12,2033.16,2034.29,480
1704953700,2034.29,2034.495,2032.8,2033.435,426
1704954000,2033.435,2033.8,2033.15,2033.715,146
1704954300,2033.715,2034.77,2033.595,2034.565,332
1704954600,2034.565,2034.84,2034.24,2034.77,377
1704954900,2034.77,2035.205,2033.915,2033.96,365
1704955200,2033.96,2035.085,2033.93,2034.195,422
1704955500,2034.195,2034.425,2033.885,2034.21,317
1704955800,2034.21,2034.555,2033.94,2034.385,391
1704956100,2034.385,2034.47,2033.62,2034.075,217
1704956400,2034.075,2034.385,2033.715,2034.22,278
1704956700,2034.22,2034.62,2034.195,2034.605,306
1704957000,2034.605,2035.035,2034.54,2034.875,402
1704957300,2034.875,2035.18,2034.21,2034.26,396
1704957600,2034.26,2035.14,2034.065,2034.655,296
1704957900,2034.655,2035.81,2034.645,2035.13,461
1704958200,2035.13,2035.36,2033.94,2034.545,467
1704958500,2034.545,2034.68,2034.075,2034.635,446
1704958800,2034.635,2035.2,2034.395,2034.9,422
1704959100,2034.9,2035.355,2034.58,2034.58,351
1704959400,2034.58,2034.705,2034.155,2034.57,489
1704959700,2034.57,2034.7,2033.91,2033.95,411
1704960000,2033.95,2034.07,2032.675,2032.7,695
1704960300,2032.7,2032.7,2031.63,2032.36,750
1704960600,2032.36,2033.95,2032.36,2032.955,599
1704960900,2032.955,2033,2031.8,2031.915,645
1704961200,2031.915,2032.97,2031.805,2032.755,509
1704961500,2032.755,2033.65,2032.6,2033.465,630
1704961800,2033.465,2033.82,2032.89,2033.195,374
1704962100,2033.195,2033.3,2032.73,2032.76,300
1704962400,2032.76,2032.785,2031.865,2032.28,428
1704962700,2032.28,2032.55,2031.35,2031.66,464
1704963000,2031.66,2032.005,2030.89,2030.89,461
1704963300,2030.89,2031.295,2030.46,2030.905,498
1704963600,2030.905,2031.415,2030.37,2031.175,709
1704963900,2031.175,2032,2030.52,2031.995,670
1704964200,2031.995,2032.34,2031.45,2031.995,427
1704964500,2031.995,2032.375,2031.495,2031.505,353
1704964800,2031.505,2031.65,2031.115,2031.35,297
1704965100,2031.35,2031.35,2030.87,2030.9,332
1704965400,2030.9,2030.945,2030.26,2030.905,652
1704965700,2030.905,2031.95,2030.74,2031.705,605
1704966000,2031.705,2032.27,2031.46,2031.76,813
1704966300,2031.76,2032.24,2031.555,2032,756
1704966600,2032,2032.545,2031.75,2032.1,417
1704966900,2032.1,2032.26,2031.37,2031.38,402
1704967200,2031.38,2031.525,2030.58,2030.85,399
1704967500,2030.85,2031.365,2030.845,2031.08,255
1704967800,2031.08,2031.375,2030.71,2031.235,336
1704968100,2031.235,2031.39,2030.79,2031.31,464
1704968400,2031.31,2032.3,2031.2,2032.145,369
1704968700,2032.145,2032.295,2031.835,2032.055,539
1704969000,2032.055,2032.53,2031.85,2032.255,470
1704969300,2032.255,2032.6,2031.895,2032.38,252
1704969600,2032.38,2032.78,2031.645,2031.755,348
1704969900,2031.755,2032.14,2031.625,2031.93,387
1704970200,2031.93,2032.135,2031.63,2031.71,131
1704970500,2031.71,2032.125,2031.475,2032.11,120
1704970800,2032.11,2032.355,2031.455,2032.355,563
1704971100,2032.355,2032.655,2031.9,2032.29,434
1704971400,2032.29,2032.64,2031.93,2032.445,524
1704971700,2032.445,2032.7,2032.21,2032.41,591
1704972000,2032.41,2033.305,2032.305,2033.215,749
1704972300,2033.215,2034.075,2033.16,2033.915,907
1704972600,2033.915,2034.08,2033.25,2033.265,717
1704972900,2033.265,2033.6,2033.19,2033.285,589
1704973200,2033.285,2034.305,2033.285,2033.815,636
1704973500,2033.815,2034.145,2033.59,2033.675,179
1704973800,2033.675,2034.15,2033.54,2034.08,166
1704974100,2034.08,2034.46,2033.93,2034.37,301
1704974400,2034.37,2035.08,2034.08,2034.09,602
1704974700,2034.09,2034.59,2034.03,2034.365,562
1704975000,2034.365,2034.45,2032.96,2033.425,577
1704975300,2033.425,2033.77,2032.865,2033.105,607
1704975600,2033.105,2033.645,2032.94,2033.26,394
1704975900,2033.26,2033.825,2033.05,2033.735,535
1704976200,2033.735,2034.43,2033.62,2033.92,591
1704976500,2033.92,2034.095,2033.4,2033.52,191
1704976800,2033.52,2034.21,2033.38,2033.675,576
1704977100,2033.675,2033.865,2033.17,2033.475,797
1704977400,2033.475,2033.495,2032.89,2033.075,392
1704977700,2033.075,2033.32,2031.68,2032.475,656
1704978000,2032.475,2034.425,2032.19,2033.6,1231
1704978300,2033.6,2034.89,2033.44,2034.64,1174
1704978600,2034.64,2034.855,2033.45,2033.875,1696
1704978900,2033.875,2034.9,2033.84,2033.84,542
1704979200,2033.84,2039.67,2033.575,2039.005,1463
1704979500,2039.005,2039.45,2037.05,2037.535,1640
1704979800,2037.535,2045.17,2025.075,2032.58,4214
1704980100,2032.58,2036,2028.83,2030.48,3303
1704980400,2030.48,2033.23,2029.18,2030.82,3067
1704980700,2030.82,2033.335,2027.055,2028.68,2666
1704981000,2028.68,2030.42,2027.57,2028.675,2437
1704981300,2028.675,2030.03,2027.65,2029.485,2229
1704981600,2029.485,2029.78,2027.47,2028.03,2356
1704981900,2028.03,2028.45,2024.92,2026.75,2413
1704982200,2026.75,2030.875,2026.42,2030.375,2048
1704982500,2030.375,2032.785,2029.13,2030.335,2404
1704982800,2030.335,2030.765,2027.84,2028.815,1898
1704983100,2028.815,2030.89,2028.6,2029.53,2023
1704983400,2029.53,2032.245,2028.58,2031.505,2759
1704983700,2031.505,2034.965,2031.505,2031.99,2837
1704984000,2031.99,2032.69,2028.045,2029.675,2241
1704984300,2029.675,2030.19,2027.25,2028.215,2230
1704984600,2028.215,2030.24,2028.025,2029.325,2038
1704984900,2029.325,2032.015,2029.195,2029.76,2072
1704985200,2029.76,2029.8,2026.76,2027.17,1935
1704985500,2027.17,2029.02,2026.82,2027.87,2192
1704985800,2027.87,2028.795,2025.285,2025.94,2121
1704986100,2025.94,2028.355,2025.685,2028.345,2130
1704986400,2028.345,2030.415,2027.205,2029.38,2065
1704986700,2029.38,2030.915,2029.06,2030.915,1953
1704987000,2030.915,2033.08,2029.82,2030.205,2419
1704987300,2030.205,2032.005,2029.715,2031.36,2061
1704987600,2031.36,2031.935,2029.935,2031.14,1478
1704987900,2031.14,2031.47,2030.21,2030.755,1608
1704988200,2030.755,2030.885,2028.665,2029.675,1596
1704988500,2029.675,2029.945,2028.375,2029.105,1547
1704988800,2029.105,2029.55,2027.73,2029.265,1741
1704989100,2029.265,2029.695,2027.07,2027.355,1403
1704989400,2027.355,2027.65,2025.25,2025.585,1245
1704989700,2025.585,2026.63,2024.345,2025.765,1828
1704990000,2025.765,2026.72,2017.63,2019.32,1824
1704990300,2019.32,2019.625,2016.135,2018.39,2332
1704990600,2018.39,2018.535,2015.725,2016.59,1577
1704990900,2016.59,2017.23,2013.75,2015.205,1625
1704991200,2015.205,2015.93,2014.585,2014.585,1236
1704991500,2014.585,2020.135,2014.545,2020.035,1789
1704991800,2020.035,2020.36,2015.74,2016.465,2003
1704992100,2016.465,2017.84,2015.525,2016.75,1428
1704992400,2016.75,2018.53,2016.74,2017.69,1078
1704992700,2017.69,2018.475,2016.22,2016.41,881
1704993000,2016.41,2016.84,2015.425,2016.54,996
1704993300,2016.54,2017.26,2015.925,2016.215,790
1704993600,2016.215,2017.12,2015.535,2016.195,796
1704993900,2016.195,2017.75,2015.725,2016.565,852
1704994200,2016.565,2017.005,2015.31,2015.77,656
1704994500,2015.77,2015.97,2014.68,2014.95,698
1704994800,2014.95,2015.955,2014.7,2015.205,993
1704995100,2015.205,2015.83,2014.53,2015.145,871
1704995400,2015.145,2015.555,2014.665,2014.78,644
1704995700,2014.78,2014.78,2013.39,2014.46,870
1704996000,2014.46,2016.185,2013.915,2015.455,1095
1704996300,2015.455,2017.05,2015.165,2016.205,1032
1704996600,2016.205,2017.025,2015.975,2016.42,655
1704996900,2016.42,2016.675,2015.26,2015.705,550
1704997200,2015.705,2016.815,2015.145,2016.075,718
1704997500,2016.075,2016.565,2015.09,2015.305,882
1704997800,2015.305,2015.59,2014.35,2014.595,518
1704998100,2014.595,2015.255,2014.11,2015.035,707
1704998400,2015.035,2015.46,2014.32,2014.625,485
1704998700,2014.625,2015.42,2014.405,2014.98,277
1704999000,2014.98,2016.13,2014.79,2016.065,268
1704999300,2016.065,2017.16,2015.925,2017.16,542
1704999600,2017.16,2019.46,2017.16,2018.86,703
1704999900,2018.86,2020.16,2018.76,2019.455,572
1705000200,2019.455,2021.295,2019.455,2021.065,435
1705000500,2021.065,2021.76,2020.655,2020.66,592
1705000800,2020.66,2021.01,2019.725,2020.09,602
1705001100,2020.09,2025.27,2020.09,2024.515,1005
1705001400,2024.515,2025.22,2023.69,2024.6,1172
1705001700,2024.6,2025.01,2023.71,2024.44,652
1705002000,2024.44,2025.19,2024.155,2024.515,601
1705002300,2024.515,2025.82,2024.355,2025.435,461
1705002600,2025.435,2026.455,2025.435,2026.26,515
1705002900,2026.26,2027.505,2026.15,2026.52,577
1705003200,2026.52,2027.19,2025.72,2026.085,908
1705003500,2026.085,2027.38,2025.975,2025.98,658
1705003800,2025.98,2026.315,2024.58,2025.335,675
1705004100,2025.335,2025.435,2023.55,2024.03,579
1705004400,2024.03,2025.87,2024.03,2025.725,650
1705004700,2025.725,2026.455,2025.045,2025.135,500
1705005000,2025.135,2026.965,2024.995,2026.92,429
1705005300,2026.92,2026.945,2025.475,2026.07,561
1705005600,2026.07,2026.89,2025.815,2026.795,319
1705005900,2026.795,2028.335,2026.37,2027.955,450
1705006200,2027.955,2028.63,2027.145,2028.27,713
1705006500,2028.27,2028.285,2027.47,2027.62,661
1705006800,2027.62,2028.355,2027.475,2027.965,406
1705007100,2027.965,2028.52,2027.695,2028.51,182
1705007400,2028.51,2028.86,2028.425,2028.67,169
1705007700,2028.67,2029.645,2028.67,2029.55,247
1705008000,2029.55,2029.55,2028.36,2028.635,329
1705008300,2028.635,2028.7,2028.275,2028.525,317
1705008600,2028.525,2028.75,2028.48,2028.64,149
1705008900,2028.64,2028.965,2028.43,2028.565,239
1705009200,2028.565,2028.67,2028.115,2028.325,234
1705009500,2028.325,2028.475,2028.105,2028.25,217
1705009800,2028.25,2028.875,2028.23,2028.805,128
1705010100,2028.805,2029.02,2028.805,2029.015,68
1705014000,2029.015,2029.82,2029.01,2029.4,67
1705014300,2029.4,2031.735,2029.335,2031.02,316
1705014600,2031.02,2035.075,2030.98,2034.215,581
1705014900,2034.215,2035.265,2033.67,2035.1,358
1705015200,2035.1,2035.1,2033.25,2033.595,268
1705015500,2033.595,2033.735,2033.015,2033.11,167
1705015800,2033.11,2034.245,2032.93,2034.105,204
1705016100,2034.105,2034.305,2033.245,2033.985,162
1705016400,2033.985,2035.135,2033.985,2034.61,161
1705016700,2034.61,2035.085,2034.08,2034.935,149
1705017000,2034.935,2035.09,2034.46,2034.705,201
1705017300,2034.705,2035.62,2034.64,2035.335,218
1705017600,2035.335,2035.46,2034.145,2034.145,386
1705017900,2034.145,2034.415,2032.935,2033,421
1705018200,2033,2033.185,2032.095,2032.19,304
1705018500,2032.19,2032.345,2031.59,2032.27,563
1705018800,2032.27,2032.27,2031.305,2031.555,431
1705019100,2031.555,2031.745,2031.135,2031.25,418
1705019400,2031.25,2032.325,2030.93,2031.8,295
1705019700,2031.8,2031.805,2031.005,2031.07,280
1705020000,2031.07,2031.115,2030.395,2030.52,358
1705020300,2030.52,2031.935,2030.335,2031.64,268
1705020600,2031.64,2031.85,2030.62,2031.495,414
1705020900,2031.495,2031.64,2030.93,2031.175,263
1705021200,2031.175,2031.24,2030.135,2030.955,971
1705021500,2030.955,2031.59,2030.5,2031.55,747
1705021800,2031.55,2032.58,2030.905,2032.255,612
1705022100,2032.255,2032.335,2031.335,2031.945,693
1705022400,2031.945,2032.215,2031.39,2032.115,468
1705022700,2032.115,2033.095,2031.855,2032.87,462
1705023000,2032.87,2032.95,2032.25,2032.36,650
1705023300,2032.36,2033.62,2031.925,2033.285,600
1705023600,2033.285,2034.025,2033.115,2033.545,655
1705023900,2033.545,2033.935,2033.13,2033.735,597
1705024200,2033.735,2034.235,2033.08,2033.61,673
1705024500,2033.61,2034.825,2033.435,2033.97,608
1705024800,2033.97,2035.29,2033.935,2035.26,693
1705025100,2035.26,2035.265,2033.73,2033.79,341
1705025400,2033.79,2034.095,2033.285,2033.72,493
1705025700,2033.72,2034.45,2033.675,2033.925,366
1705026000,2033.925,2034.735,2033.385,2034.69,351
1705026300,2034.69,2035.255,2034.315,2035.055,475
1705026600,2035.055,2035.125,2034.125,2034.585,327
1705026900,2034.585,2034.69,2033.755,2033.895,226
1705027200,2033.895,2034.475,2033.81,2034.44,242
1705027500,2034.44,2034.69,2034.175,2034.185,244
1705027800,2034.185,2034.745,2033.935,2034.595,205
1705028100,2034.595,2034.615,2033.88,2034.075,259
1705028400,2034.075,2034.445,2033.94,2034.155,400
1705028700,2034.155,2035.2,2033.87,2035.15,394
1705029000,2035.15,2035.44,2034.805,2035.365,196
1705029300,2035.365,2035.365,2034.79,2035.14,249
1705029600,2035.14,2035.36,2034.935,2035.22,272
1705029900,2035.22,2035.735,2034.885,2034.885,368
1705030200,2034.885,2034.885,2034.37,2034.45,113
1705030500,2034.45,2034.475,2033.88,2034.01,143
1705030800,2034.01,2034.28,2033.83,2034.27,95
1705031100,2034.27,2034.435,2034.08,2034.2,71
1705031400,2034.2,2034.39,2034.08,2034.22,139
1705031700,2034.22,2034.22,2033.805,2034.01,113
1705032000,2034.01,2034.01,2033.315,2033.315,102
1705032300,2033.315,2033.595,2033.075,2033.42,146
1705032600,2033.42,2034.055,2033.245,2033.735,317
1705032900,2033.735,2033.785,2033.15,2033.17,417
1705033200,2033.17,2033.365,2032.905,2033.225,375
1705033500,2033.225,2034.22,2033.165,2033.485,222
1705033800,2033.485,2033.695,2033.19,2033.2,286
1705034100,2033.2,2033.73,2033.015,2033.71,415
1705034400,2033.71,2034.61,2033.6,2034.465,176
1705034700,2034.465,2034.63,2034.195,2034.625,187
1705035000,2034.625,2035.085,2034.555,2034.645,95
1705035300,2034.645,2035.08,2034.63,2034.795,167
1705035600,2034.795,2035.21,2034.32,2034.72,282
1705035900,2034.72,2035.165,2034.585,2034.975,265
1705036200,2034.975,2035.125,2034.475,2034.635,199
1705036500,2034.635,2035.05,2034.36,2034.735,219
1705036800,2034.735,2034.735,2034.305,2034.345,129
1705037100,2034.345,2034.585,2034.055,2034.385,149
1705037400,2034.385,2034.78,2033.79,2034.17,367
1705037700,2034.17,2035,2033.88,2034.97,469
1705038000,2034.97,2035.025,2034.285,2034.305,136
1705038300,2034.305,2034.78,2034.245,2034.575,278
1705038600,2034.575,2035.325,2034.5,2035.265,342
1705038900,2035.265,2037.275,2035.24,2036.14,687
1705039200,2036.14,2036.72,2035.95,2036.575,729
1705039500,2036.575,2036.575,2035.91,2036.22,365
1705039800,2036.22,2036.645,2036.01,2036.43,434
1705040100,2036.43,2036.68,2036.045,2036.37,363
1705040400,2036.37,2036.85,2035.915,2036.615,257
1705040700,2036.615,2036.62,2035.74,2035.97,122
1705041000,2035.97,2035.97,2035.32,2035.585,218
1705041300,2035.585,2036.16,2035.485,2035.5,258
1705041600,2035.5,2035.56,2035.03,2035.1,217
1705041900,2035.1,2035.74,2034.94,2035.27,593
1705042200,2035.27,2036.165,2035.26,2035.95,380
1705042500,2035.95,2036.255,2035.135,2035.26,347
1705042800,2035.26,2035.465,2034.27,2034.32,552
1705043100,2034.32,2035.29,2034.315,2035.285,373
1705043400,2035.285,2036.085,2035.28,2035.29,391
1705043700,2035.29,2036.25,2035.08,2036.14,403
1705044000,2036.14,2036.455,2035.65,2035.745,392
1705044300,2035.745,2038.46,2035.495,2038.035,599
1705044600,2038.035,2039.43,2036.85,2038.26,850
1705044900,2038.26,2038.36,2037.025,2037.17,562
1705045200,2037.17,2037.22,2036.475,2036.59,567
1705045500,2036.59,2037.215,2035.67,2036.675,480
1705045800,2036.675,2038.6,2036.675,2037.91,540
1705046100,2037.91,2038.475,2037.365,2037.555,404
1705046400,2037.555,2038.84,2037.545,2038.82,689
1705046700,2038.82,2039.74,2038.795,2039.24,827
1705047000,2039.24,2039.69,2038.42,2038.775,851
1705047300,2038.775,2039.7,2038.375,2039.01,579
1705047600,2039.01,2039.01,2038.215,2038.65,392
1705047900,2038.65,2039.685,2038.47,2038.72,494
1705048200,2038.72,2039.805,2038.045,2039.675,564
1705048500,2039.675,2039.915,2038.625,2039.205,514
1705048800,2039.205,2039.33,2037.815,2037.885,582
1705049100,2037.885,2037.885,2037.095,2037.485,510
1705049400,2037.485,2038.5,2037.24,2038.065,536
1705049700,2038.065,2039.1,2038.05,2038.8,610
1705050000,2038.8,2039.5,2038.265,2038.42,663
1705050300,2038.42,2039.495,2038.39,2039.495,416
1705050600,2039.495,2040.145,2039.3,2039.38,518
1705050900,2039.38,2039.74,2039.14,2039.53,424
1705051200,2039.53,2039.73,2039.315,2039.535,281
1705051500,2039.535,2040.085,2038.915,2040.07,396
1705051800,2040.07,2040.08,2039.435,2039.445,611
1705052100,2039.445,2039.845,2039.25,2039.845,882
1705052400,2039.845,2040.06,2039.44,2039.815,773
1705052700,2039.815,2040.055,2038.315,2038.8,657
1705053000,2038.8,2038.96,2038.02,2038.42,203
1705053300,2038.42,2038.465,2037.915,2038.18,248
1705053600,2038.18,2039.425,2038.13,2039.35,400
1705053900,2039.35,2039.465,2038.675,2039.465,286
1705054200,2039.465,2039.545,2039.025,2039.235,425
1705054500,2039.235,2039.325,2038.605,2039.265,185
1705054800,2039.265,2040.205,2039.23,2039.77,436
1705055100,2039.77,2040.475,2039.73,2040.15,440
1705055400,2040.15,2040.4,2039.49,2040.325,553
1705055700,2040.325,2040.895,2040.06,2040.445,485
1705056000,2040.445,2042.495,2040.295,2042.285,529
1705056300,2042.285,2043.795,2042.28,2043.63,678
1705056600,2043.63,2044.185,2043.03,2044.075,512
1705056900,2044.075,2046.175,2043.675,2045.945,698
1705057200,2045.945,2047.45,2045.675,2045.675,976
1705057500,2045.675,2046.545,2045.465,2045.745,607
1705057800,2045.745,2045.775,2044.93,2045.18,558
1705058100,2045.18,2045.925,2045.105,2045.475,668
1705058400,2045.475,2045.655,2044.975,2045.495,566
1705058700,2045.495,2045.66,2044.98,2045.6,291
1705059000,2045.6,2046.475,2045.565,2046.26,539
1705059300,2046.26,2046.62,2045.815,2046.59,300
1705059600,2046.59,2046.645,2045.1,2045.125,717
1705059900,2045.125,2045.93,2044.65,2045.225,601
1705060200,2045.225,2045.23,2044.16,2045.185,932
1705060500,2045.185,2045.82,2044.73,2045.45,698
1705060800,2045.45,2049.94,2045.45,2048.64,1210
1705061100,2048.64,2053.815,2047.95,2051.485,1494
1705061400,2051.485,2052.26,2050.57,2050.98,1185
1705061700,2050.98,2051.115,2048.21,2049.09,851
1705062000,2049.09,2049.26,2047.78,2048.44,1085
1705062300,2048.44,2049.445,2048.435,2048.565,802
1705062600,2048.565,2050.34,2048.565,2050.055,610
1705062900,2050.055,2050.31,2048.87,2049.38,619
1705063200,2049.38,2049.885,2048.91,2049.075,598
1705063500,2049.075,2049.65,2048.495,2048.71,537
1705063800,2048.71,2049.36,2048.525,2048.525,503
1705064100,2048.525,2048.82,2047.84,2047.85,704
1705064400,2047.85,2047.895,2045.245,2046.035,1697
1705064700,2046.035,2047.635,2045.685,2046.175,1076
1705065000,2046.175,2046.7,2045.495,2046.025,974
1705065300,2046.025,2046.71,2045.155,2045.405,1110
1705065600,2045.405,2048.34,2044.39,2047.26,1319
1705065900,2047.26,2049.17,2047.245,2048.57,1066
1705066200,2048.57,2055.725,2048.57,2052.37,2877
1705066500,2052.37,2056.055,2052.24,2054.43,2492
1705066800,2054.43,2055.22,2052.875,2054.365,2292
1705067100,2054.365,2055.91,2052.895,2053.185,2095
1705067400,2053.185,2056.4,2052.995,2055.66,1880
1705067700,2055.66,2056.705,2055.305,2056.22,1885
1705068000,2056.22,2059.295,2055.755,2057.51,2163
1705068300,2057.51,2058.385,2055.61,2056.22,1852
1705068600,2056.22,2057.21,2053.365,2054.12,1703
1705068900,2054.12,2055.65,2053.44,2055.37,1098
1705069200,2055.37,2056.905,2055.25,2056.165,911
1705069500,2056.165,2058.045,2056.125,2057.825,1226
1705069800,2057.825,2061.565,2057.715,2061.105,2253
1705070100,2061.105,2062.31,2059.85,2059.85,1918
1705070400,2059.85,2061.495,2059.665,2060.75,1883
1705070700,2060.75,2060.94,2059.41,2059.48,1714
1705071000,2059.48,2059.69,2056.99,2057.19,1664
1705071300,2057.19,2057.875,2055.16,2056.03,1648
1705071600,2056.03,2057.625,2055.24,2057.19,1779
1705071900,2057.19,2059.63,2057.185,2058.1,1862
1705072200,2058.1,2059.32,2056.58,2058.925,1533
1705072500,2058.925,2060.115,2057.45,2057.635,1486
1705072800,2057.635,2058.77,2057.14,2057.845,1140
1705073100,2057.845,2058.47,2056.725,2058.145,1457
1705073400,2058.145,2058.615,2056.055,2056.87,1533
1705073700,2056.87,2056.955,2053.445,2054.19,1885
1705074000,2054.19,2055.13,2051.675,2052.26,1621
1705074300,2052.26,2053.28,2050.99,2053.27,1716
1705074600,2053.27,2054.255,2052.72,2053.1,1291
1705074900,2053.1,2053.785,2051.87,2053.75,958
1705075200,2053.75,2054.015,2051.19,2053.12,1329
1705075500,2053.12,2054.11,2051.685,2053.41,987
1705075800,2053.41,2054.015,2052.54,2052.61,1003
1705076100,2052.61,2053.59,2051.62,2053.28,1202
1705076400,2053.28,2054.43,2052.355,2054.22,1108
1705076700,2054.22,2055.625,2054.12,2055.45,982
1705077000,2055.45,2055.45,2053.515,2053.675,638
1705077300,2053.675,2054.2,2050.145,2051.4,1062
1705077600,2051.4,2052.64,2051.4,2052.025,1134
1705077900,2052.025,2052.025,2050.62,2051.095,973
1705078200,2051.095,2051.325,2049.855,2051.05,1053
1705078500,2051.05,2051.05,2048.335,2048.38,1122
1705078800,2048.38,2048.665,2046.35,2047.03,1391
1705079100,2047.03,2048.09,2046.215,2047.01,1067
1705079400,2047.01,2047.085,2044.94,2045.08,1067
1705079700,2045.08,2045.25,2043.37,2044.575,1453
1705080000,2044.575,2044.815,2043.215,2043.455,985
1705080300,2043.455,2044.125,2042.77,2043.81,927
1705080600,2043.81,2044.07,2042.475,2042.76,850
1705080900,2042.76,2043.43,2041.775,2043.255,878
1705081200,2043.255,2043.255,2042.23,2042.82,677
1705081500,2042.82,2043.16,2041.505,2042.915,878
1705081800,2042.915,2045.015,2042.29,2044.29,1167
1705082100,2044.29,2045.11,2043.8,2043.99,879
1705082400,2043.99,2044.22,2043.095,2043.615,858
1705082700,2043.615,2044.775,2043.58,2044.56,732
1705083000,2044.56,2046,2044.355,2045.55,749
1705083300,2045.55,2047.735,2045.38,2047.7,909
1705083600,2047.7,2048.735,2046.93,2047.395,920
1705083900,2047.395,2048.3,2046.91,2047.035,825
1705084200,2047.035,2047.66,2046.555,2047.285,488
1705084500,2047.285,2047.555,2046.57,2046.92,627
1705084800,2046.92,2046.92,2045.595,2046.155,359
1705085100,2046.155,2046.865,2045.73,2046.845,153
1705085400,2046.845,2047.32,2046.615,2047,266
1705085700,2047,2047.62,2046.975,2047.5,96
1705086000,2047.5,2047.945,2047.325,2047.87,474
1705086300,2047.87,2049.15,2047.785,2048.61,304
1705086600,2048.61,2048.88,2048.06,2048.745,857
1705086900,2048.745,2049.1,2048.54,2049.03,290
1705087200,2049.03,2049.18,2048.195,2048.67,444
1705087500,2048.67,2048.83,2048.16,2048.285,563
1705087800,2048.285,2048.79,2047.79,2047.855,372
1705088100,2047.855,2048.055,2047.435,2047.435,517
1705088400,2047.435,2047.495,2046.59,2046.59,214
1705088700,2046.59,2047.02,2046.285,2046.98,142
1705089000,2046.98,2047.455,2046.95,2047.075,96
1705089300,2047.075,2047.46,2046.765,2047.405,141
1705089600,2047.405,2047.44,2046.75,2047.03,590
1705089900,2047.03,2047.715,2046.98,2047.18,102
1705090200,2047.18,2047.39,2046.815,2047.375,101
1705090500,2047.375,2047.445,2046.93,2047.29,109
1705090800,2047.29,2047.61,2046.755,2047.1,257
1705091100,2047.1,2047.3,2046.775,2047.01,229
1705091400,2047.01,2047.19,2046.49,2046.65,90
1705091700,2046.65,2046.89,2046.45,2046.79,149
1705092000,2046.79,2046.85,2046.11,2046.185,268
1705092300,2046.185,2047,2046.17,2046.88,166
1705092600,2046.88,2047.01,2046.46,2046.81,236
1705092900,2046.81,2047.595,2046.23,2047.53,388
1705093200,2047.53,2047.53,2046.925,2047.13,368
1705093500,2047.13,2047.79,2047.09,2047.55,244
1705093800,2047.55,2047.71,2047.295,2047.425,277
1705094100,2047.425,2047.74,2047.41,2047.605,212
1705094400,2047.605,2048.36,2047.605,2048.345,232
1705094700,2048.345,2048.4,2047.88,2048.08,71
1705095000,2048.08,2048.42,2048.08,2048.195,113
1705095300,2048.195,2048.5,2048.115,2048.425,132
1705095600,2048.425,2048.8,2048.27,2048.57,146
1705095900,2048.57,2049.285,2048.4,2049.065,257
1705096200,2049.065,2049.245,2048.405,2048.88,259
1705096500,2048.88,2049.23,2048.475,2049.155,117
1705273200,2049.155,2049.155,2047.605,2047.985,182
1705273500,2047.985,2048.63,2047.735,2048.23,264
1705273800,2048.23,2048.23,2047.415,2047.575,256
1705274100,2047.575,2047.975,2047.34,2047.975,178
1705274400,2047.975,2047.975,2047.46,2047.765,152
1705274700,2047.765,2047.765,2046.995,2046.995,132
1705275000,2046.995,2047.265,2046.405,2047.215,324
1705275300,2047.215,2048.08,2047.13,2048.08,244
1705275600,2048.08,2048.79,2047.645,2048.46,346
1705275900,2048.46,2048.46,2047.43,2047.72,299
1705276200,2047.72,2047.815,2047.525,2047.78,197
1705276500,2047.78,2047.89,2047.305,2047.67,170
1705276800,2047.67,2047.83,2046.615,2046.615,454
1705277100,2046.615,2046.995,2045.835,2046.305,276
1705277400,2046.305,2047.11,2046.25,2047.08,150
1705277700,2047.08,2047.12,2046.72,2046.99,370
1705278000,2046.99,2048.015,2046.79,2047.995,206
1705278300,2047.995,2048.29,2047.75,2048.055,182
1705278600,2048.055,2048.53,2047.74,2048.45,189
1705278900,2048.45,2048.495,2047.625,2047.98,303
1705279200,2047.98,2048.385,2047.845,2047.955,271
1705279500,2047.955,2048.44,2047.77,2047.845,318
1705279800,2047.845,2048.245,2047.53,2047.84,580
1705280100,2047.84,2048.215,2047.37,2047.95,416
1705280400,2047.95,2049.015,2047.655,2048.785,914
1705280700,2048.785,2049.325,2048.43,2049.195,481
1705281000,2049.195,2049.285,2047.94,2048.345,313
1705281300,2048.345,2048.555,2047.555,2047.805,424
1705281600,2047.805,2049.185,2047.555,2049.09,772
1705281900,2049.09,2049.46,2048.53,2049.03,529
1705282200,2049.03,2049.935,2048.83,2049.245,664
1705282500,2049.245,2050.38,2049.22,2050.335,552
1705282800,2050.335,2050.98,2049.685,2050.975,648
1705283100,2050.975,2051.415,2050.725,2051.015,623
1705283400,2051.015,2051.52,2050.875,2051.38,513
1705283700,2051.38,2051.38,2050.67,2051.12,521
1705284000,2051.12,2051.49,2049.995,2050.675,419
1705284300,2050.675,2050.815,2049.91,2050.43,580
1705284600,2050.43,2051.205,2050.235,2050.89,586
1705284900,2050.89,2053.745,2050.595,2053.705,583
1705285200,2053.705,2054.17,2052.895,2053.665,775
1705285500,2053.665,2055.29,2053.605,2054.735,793
1705285800,2054.735,2055.545,2054.24,2054.96,964
1705286100,2054.96,2055.265,2054.03,2054.19,585
1705286400,2054.19,2055.055,2054.01,2054.495,376
1705286700,2054.495,2054.77,2054.09,2054.29,314
1705287000,2054.29,2055.78,2054.28,2055.68,547
1705287300,2055.68,2056.485,2055.54,2056.44,694
1705287600,2056.44,2056.56,2055.725,2055.9,704
1705287900,2055.9,2056.77,2055.645,2055.75,530
1705288200,2055.75,2056.355,2055.58,2055.99,374
1705288500,2055.99,2056.365,2055.88,2056.11,279
1705288800,2056.11,2056.845,2056.11,2056.23,288
1705289100,2056.23,2056.905,2056.23,2056.625,386
1705289400,2056.625,2056.82,2056.27,2056.4,246
1705289700,2056.4,2057.89,2056.19,2057.88,530
1705290000,2057.88,2058.075,2057.095,2058.025,423
1705290300,2058.025,2058.145,2057.075,2057.285,263
1705290600,2057.285,2057.435,2056.57,2057.01,308
1705290900,2057.01,2058.06,2056.925,2057.465,492
1705291200,2057.465,2057.64,2055.59,2055.6,467
1705291500,2055.6,2056.04,2055.21,2055.745,359
1705291800,2055.745,2055.96,2055.275,2055.305,308
1705292100,2055.305,2055.61,2054.895,2054.945,436
1705292400,2054.945,2055.32,2054.43,2054.705,296
1705292700,2054.705,2054.84,2053.62,2053.805,360
1705293000,2053.805,2054.295,2053.61,2054.025,195
1705293300,2054.025,2054.22,2053.785,2054.06,262
1705293600,2054.06,2054.875,2053.935,2054.83,243
1705293900,2054.83,2054.87,2054.485,2054.515,138
1705294200,2054.515,2054.59,2054.3,2054.365,67
1705294500,2054.365,2054.455,2054.24,2054.38,47
1705294800,2054.38,2054.455,2054.13,2054.39,52
1705295100,2054.39,2054.61,2053.185,2053.755,272
1705295400,2053.755,2054.525,2053.04,2054.315,571
1705295700,2054.315,2054.54,2054.035,2054.16,137
1705296000,2054.16,2054.435,2053.94,2053.98,86
1705296300,2053.98,2054.22,2053.86,2054.105,211
1705296600,2054.105,2055.05,2054.09,2055.045,196
1705296900,2055.045,2055.09,2054.47,2054.615,320
1705297200,2054.615,2055.165,2054.485,2054.94,230
1705297500,2054.94,2055.685,2054.94,2055.455,315
1705297800,2055.455,2055.5,2054.63,2054.89,111
1705298100,2054.89,2055.31,2054.855,2055.255,235
1705298400,2055.255,2055.255,2054.36,2054.645,245
1705298700,2054.645,2054.775,2053.895,2054.185,324
1705299000,2054.185,2055.095,2054.185,2054.725,409
1705299300,2054.725,2055.565,2054.525,2055.365,344
1705299600,2055.365,2056.035,2055.11,2055.8,636
1705299900,2055.8,2056.41,2055.48,2056.3,306
1705300200,2056.3,2056.875,2055.815,2056.865,531
1705300500,2056.865,2057.08,2056.08,2056.595,534
1705300800,2056.595,2057.005,2056.35,2056.495,261
1705301100,2056.495,2056.99,2055.56,2055.77,455
1705301400,2055.77,2056.32,2055.645,2056.32,264
1705301700,2056.32,2056.32,2055.065,2055.505,256
1705302000,2055.505,2055.53,2054.315,2054.55,545
1705302300,2054.55,2055.695,2054.41,2055.59,551
1705302600,2055.59,2055.99,2054.915,2055.345,188
1705302900,2055.345,2055.345,2054.235,2054.46,324
1705303200,2054.46,2055.025,2053.95,2054.53,278
1705303500,2054.53,2055.14,2053.97,2054.53,414
1705303800,2054.53,2054.68,2052.925,2053.89,747
1705304100,2053.89,2054.75,2053.67,2053.76,605
1705304400,2053.76,2054.82,2053.045,2054.72,413
1705304700,2054.72,2055.24,2054.17,2054.71,518
1705305000,2054.71,2055.135,2053.98,2054.315,419
1705305300,2054.315,2054.525,2053.555,2054.305,619
1705305600,2054.305,2054.88,2053.93,2054.835,724
1705305900,2054.835,2056.17,2054.815,2056.035,297
1705306200,2056.035,2057.175,2055.92,2056.715,239
1705306500,2056.715,2056.765,2055.385,2055.425,200
1705306800,2055.425,2055.91,2055.15,2055.745,260
1705307100,2055.745,2056.535,2055.68,2056.38,190
1705307400,2056.38,2056.385,2055.555,2055.965,333
1705307700,2055.965,2057.33,2055.765,2057.015,401
1705308000,2057.015,2058.32,2056.815,2057.995,743
1705308300,2057.995,2058.67,2057.92,2058.265,667
1705308600,2058.265,2058.635,2057.235,2057.45,330
1705308900,2057.45,2057.45,2056.52,2056.685,260
1705309200,2056.685,2056.685,2054.755,2056.01,562
1705309500,2056.01,2056.8,2055.995,2056.54,406
1705309800,2056.54,2057.075,2056.485,2056.94,299
1705310100,2056.94,2056.97,2056.24,2056.84,172
1705310400,2056.84,2057.045,2056.43,2056.46,236
1705310700,2056.46,2056.46,2055.87,2056.105,377
1705311000,2056.105,2056.52,2055.21,2055.37,216
1705311300,2055.37,2055.405,2053.88,2054.265,620
1705311600,2054.265,2054.62,2054.065,2054.29,532
1705311900,2054.29,2054.77,2053.555,2053.95,641
1705312200,2053.95,2054.455,2053.005,2054.32,689
1705312500,2054.32,2055.28,2053.92,2055.07,354
1705312800,2055.07,2055.19,2053.55,2053.85,356
1705313100,2053.85,2054.59,2053.76,2053.94,360
1705313400,2053.94,2054.41,2053.42,2053.745,278
1705313700,2053.745,2053.9,2053.365,2053.47,503
1705314000,2053.47,2053.615,2053.31,2053.475,311
1705314300,2053.475,2053.575,2052.18,2052.86,407
1705314600,2052.86,2054.04,2052.31,2053.19,523
1705314900,2053.19,2053.505,2052.975,2053.465,386
1705315200,2053.465,2053.57,2053.185,2053.41,334
1705315500,2053.41,2053.45,2052.54,2052.725,321
1705315800,2052.725,2052.99,2052.655,2052.86,239
1705316100,2052.86,2053.39,2052.75,2053.055,381
1705316400,2053.055,2053.8,2053.055,2053.35,367
1705316700,2053.35,2053.48,2052.705,2052.79,219
1705317000,2052.79,2052.945,2052.38,2052.475,246
1705317300,2052.475,2052.535,2051.605,2052.22,260
1705317600,2052.22,2052.66,2052.02,2052.39,189
1705317900,2052.39,2053.145,2052.365,2052.75,355
1705318200,2052.75,2052.89,2052.4,2052.71,407
1705318500,2052.71,2053.025,2052.19,2053.02,238
1705318800,2053.02,2053.595,2053.015,2053.47,418
1705319100,2053.47,2053.8,2053.365,2053.535,484
1705319400,2053.535,2053.73,2053.06,2053.42,535
1705319700,2053.42,2053.895,2053.405,2053.405,291
1705320000,2053.405,2053.78,2052.93,2053.265,466
1705320300,2053.265,2053.625,2053.055,2053.195,180
1705320600,2053.195,2053.24,2052.585,2052.75,122
1705320900,2052.75,2053.3,2052.75,2053.1,102
1705321200,2053.1,2053.17,2052.445,2052.64,337
1705321500,2052.64,2052.64,2052.135,2052.26,544
1705321800,2052.26,2052.305,2051.445,2051.74,455
1705322100,2051.74,2052.255,2051.44,2052.16,314
1705322400,2052.16,2052.42,2051.505,2051.52,499
1705322700,2051.52,2052.215,2051.425,2052.205,345
1705323000,2052.205,2053.24,2052.18,2053.125,260
1705323300,2053.125,2053.125,2052.73,2052.82,161
1705323600,2052.82,2053.545,2052.75,2052.86,961
1705323900,2052.86,2053.16,2052.56,2052.91,576
1705324200,2052.91,2053.835,2052.795,2053.715,658
1705324500,2053.715,2054.115,2053.355,2054.065,509
1705324800,2054.065,2054.27,2052.775,2053.055,464
1705325100,2053.055,2053.36,2052.625,2052.625,370
1705325400,2052.625,2053.38,2052.195,2052.765,386
1705325700,2052.765,2053.76,2052.685,2053.625,484
1705326000,2053.625,2053.625,2053,2053.28,367
1705326300,2053.28,2053.815,2053.165,2053.785,225
1705326600,2053.785,2054.085,2053.6,2053.745,333
1705326900,2053.745,2054.295,2053.675,2054.26,479
1705327200,2054.26,2054.465,2053.685,2053.74,342
1705327500,2053.74,2053.85,2053.035,2053.8,302
1705327800,2053.8,2053.8,2053.25,2053.73,348
1705328100,2053.73,2053.86,2053.305,2053.72,186
1705328400,2053.72,2053.72,2053,2053.475,297
1705328700,2053.475,2053.765,2052.105,2052.195,530
1705329000,2052.195,2052.76,2051.685,2051.765,230
1705329300,2051.765,2053.13,2051.765,2052.955,493
1705329600,2052.955,2053.295,2052.125,2052.345,393
1705329900,2052.345,2052.505,2052.015,2052.28,410
1705330200,2052.28,2052.485,2051.945,2052.205,192
1705330500,2052.205,2052.69,2052,2052.195,217
1705330800,2052.195,2052.505,2050.27,2050.74,750
1705331100,2050.74,2051.86,2050.48,2051.595,528
1705331400,2051.595,2051.64,2050.33,2050.535,663
1705331700,2050.535,2050.98,2049.315,2049.98,271
1705332000,2049.98,2050.91,2049.63,2050.83,376
1705332300,2050.83,2051.85,2050.76,2051.745,481
1705332600,2051.745,2052.6,2051.415,2052.445,358
1705332900,2052.445,2052.445,2051.6,2052.09,432
1705333200,2052.09,2052.405,2051.525,2051.69,333
1705333500,2051.69,2052.885,2051.585,2052.585,386
1705333800,2052.585,2053.86,2052.565,2053.73,489
1705334100,2053.73,2053.88,2053.265,2053.275,227
1705334400,2053.275,2053.805,2053.26,2053.55,390
1705334700,2053.55,2054.77,2053.435,2053.805,468
1705335000,2053.805,2053.985,2053.405,2053.81,469
1705335300,2053.81,2054.035,2053.435,2053.485,503
1705335600,2053.485,2054.255,2053.44,2054.14,368
1705335900,2054.14,2054.215,2053.855,2054.02,255
1705336200,2054.02,2054.12,2053.485,2054.005,362
1705336500,2054.005,2054.88,2053.555,2054.58,302
1705336800,2054.58,2054.875,2054.33,2054.39,225
1705337100,2054.39,2054.97,2054.335,2054.915,398
1705337400,2054.915,2055.03,2054.57,2054.72,346
1705337700,2054.72,2054.72,2053.845,2054.13,265
1705338000,2054.13,2054.34,2053.98,2054.235,193
1705338300,2054.235,2054.26,2053.67,2053.9,81
1705338600,2053.9,2054.52,2053.645,2054.255,238
1705338900,2054.255,2054.86,2054.25,2054.535,377
1705339200,2054.535,2055.1,2054.425,2055.095,306
1705339500,2055.095,2055.77,2055.04,2055.765,304
1705339800,2055.765,2055.965,2055.36,2055.57,332
1705340100,2055.57,2056.405,2055.57,2056.11,358
1705340400,2056.11,2056.11,2055.545,2055.86,316
1705340700,2055.86,2056.055,2055.065,2055.095,309
1705341000,2055.095,2055.525,2054.745,2055.165,354
1705341300,2055.165,2055.555,2054.91,2055.42,363
1705341600,2055.42,2055.5,2054.7,2055.13,114
1705341900,2055.13,2055.39,2055.13,2055.2,38
1705342200,2055.2,2055.2,2055.02,2055.12,20
1705342500,2055.12,2055.22,2054.95,2055.11,22
1705342800,2055.11,2055.11,2054.875,2054.88,43
1705343100,2054.88,2054.88,2054.475,2054.72,96
1705343400,2054.72,2054.95,2054.63,2054.935,105
1705343700,2054.935,2055.035,2054.81,2054.94,61
1705344000,2054.94,2055.035,2054.43,2054.435,31
1705344300,2054.435,2054.655,2054.415,2054.565,37
1705344600,2054.565,2054.83,2054.56,2054.83,18
1705344900,2054.83,2055.045,2054.375,2054.465,80
1705345200,2054.465,2054.58,2054.2,2054.245,149
1705345500,2054.245,2054.35,2053.985,2054.245,82
1705345800,2054.245,2054.545,2053.995,2054.07,82
1705346100,2054.07,2054.13,2053.66,2053.84,110
1705346400,2053.84,2054.205,2053.785,2054.125,44
1705346700,2054.125,2055.01,2054.105,2054.765,86
1705359600,2054.765,2055.245,2054.49,2055.195,198
1705359900,2055.195,2055.575,2054.585,2054.665,285
1705360200,2054.665,2055.57,2054.665,2055.35,170
1705360500,2055.35,2055.615,2054.8,2054.845,138
1705360800,2054.845,2054.95,2054.615,2054.615,77
1705361100,2054.615,2054.635,2054.1,2054.11,153
1705361400,2054.11,2054.185,2053.405,2053.835,289
1705361700,2053.835,2054.825,2053.695,2054.545,277
1705362000,2054.545,2055.495,2054.4,2055.1,313
1705362300,2055.1,2055.305,2054.7,2054.785,393
1705362600,2054.785,2055.1,2053.905,2054.18,239
1705362900,2054.18,2054.78,2053.87,2054.08,272
1705363200,2054.08,2054.595,2053.735,2053.88,419
1705363500,2053.88,2054.24,2053.88,2054.085,217
1705363800,2054.085,2054.475,2053.8,2053.825,188
1705364100,2053.825,2054.13,2053.82,2054.01,118
1705364400,2054.01,2054.275,2053.72,2053.72,105
1705364700,2053.72,2053.915,2052.285,2052.59,356
1705365000,2052.59,2052.89,2051.815,2052.015,267
1705365300,2052.015,2052.315,2051.105,2051.165,215
1705365600,2051.165,2051.91,2050.855,2051.91,450
1705365900,2051.91,2052.51,2051.755,2052.15,418
1705366200,2052.15,2052.255,2050.85,2051.315,275
1705366500,2051.315,2051.76,2050.925,2051.495,466
1705366800,2051.495,2051.785,2050.365,2051.09,957
1705367100,2051.09,2051.16,2050.15,2050.3,1120
1705367400,2050.3,2051.1,2050.015,2050.81,612
1705367700,2050.81,2051.42,2050.5,2050.69,939
1705368000,2050.69,2052.115,2050.23,2052.105,640
1705368300,2052.105,2052.54,2051.88,2052.23,192
1705368600,2052.23,2053.2,2052.145,2052.765,773
1705368900,2052.765,2053.39,2052.345,2052.36,614
1705369200,2052.36,2053.19,2052.2,2052.47,421
1705369500,2052.47,2053.125,2052.015,2052.645,516
1705369800,2052.645,2052.975,2051.615,2051.71,479
1705370100,2051.71,2051.915,2050.155,2050.95,466
1705370400,2050.95,2050.985,2050.383,2050.42,672
1705370700,2050.42,2051.545,2050.42,2051.25,602
1705371000,2051.25,2051.6,2051.06,2051.34,550
1705371300,2051.34,2051.38,2050.695,2050.945,417
1705371600,2050.945,2051.175,2050.345,2050.555,212
1705371900,2050.555,2051.44,2050.105,2050.21,279
1705372200,2050.21,2051.13,2050.21,2050.305,525
1705372500,2050.305,2050.535,2050.11,2050.335,315
1705372800,2050.335,2050.785,2050.155,2050.68,334
1705373100,2050.68,2051.045,2050.44,2050.53,578
1705373400,2050.53,2050.75,2049.8,2050.44,329
1705373700,2050.44,2050.695,2050.26,2050.65,261
1705374000,2050.65,2051.21,2050.535,2050.96,399
1705374300,2050.96,2051.64,2050.895,2051.51,472
1705374600,2051.51,2051.675,2050.53,2050.78,556
1705374900,2050.78,2051.335,2050.65,2051.075,483
1705375200,2051.075,2051.22,2050.785,2051.12,353
1705375500,2051.12,2051.265,2050.5,2050.71,341
1705375800,2050.71,2050.72,2049.905,2050.02,599
1705376100,2050.02,2050.115,2048.915,2049.525,383
1705376400,2049.525,2049.54,2048.46,2048.54,396
1705376700,2048.54,2049.515,2048.455,2049.46,385
1705377000,2049.46,2049.915,2049.365,2049.65,416
1705377300,2049.65,2049.925,2049.36,2049.595,312
1705377600,2049.595,2049.615,2049.2,2049.34,261
1705377900,2049.34,2049.455,2049.095,2049.3,190
1705378200,2049.3,2049.69,2049.09,2049.65,194
1705378500,2049.65,2049.71,2049.425,2049.57,114
1705378800,2049.57,2049.765,2049.46,2049.765,134
1705379100,2049.765,2049.925,2049.205,2049.925,137
1705379400,2049.925,2050.11,2049.22,2049.405,344
1705379700,2049.405,2049.805,2049.015,2049.26,364
1705380000,2049.26,2049.435,2049.085,2049.2,190
1705380300,2049.2,2049.54,2049.185,2049.455,262
1705380600,2049.455,2049.765,2049.1,2049.285,176
1705380900,2049.285,2049.5,2049.245,2049.49,282
1705381200,2049.49,2049.555,2048.94,2049.01,527
1705381500,2049.01,2049.355,2048.905,2049.35,394
1705381800,2049.35,2049.36,2049.04,2049.295,192
1705382100,2049.295,2049.31,2048.995,2049.065,190
1705382400,2049.065,2049.075,2048.06,2048.285,185
1705382700,2048.285,2049.27,2048.105,2049.215,254
1705383000,2049.215,2049.23,2047.655,2047.835,592
1705383300,2047.835,2048.31,2047.71,2047.835,360
1705383600,2047.835,2048.065,2047.62,2047.92,483
1705383900,2047.92,2049.335,2047.815,2049.235,590
1705384200,2049.235,2049.43,2048.335,2049.175,534
1705384500,2049.175,2049.395,2048.435,2048.63,776
1705384800,2048.63,2048.63,2047.82,2047.82,489
1705385100,2047.82,2048.65,2047.43,2048.55,330
1705385400,2048.55,2049.74,2048.53,2049.335,548
1705385700,2049.335,2049.83,2048.835,2049.06,241
1705386000,2049.06,2049.32,2048.715,2049.035,214
1705386300,2049.035,2049.605,2048.87,2049.515,348
1705386600,2049.515,2049.745,2048.745,2049.13,279
1705386900,2049.13,2049.9,2048.915,2049.655,372
1705387200,2049.655,2049.765,2048.75,2049.08,359
1705387500,2049.08,2049.495,2048.985,2049.45,228
1705387800,2049.45,2050.395,2049.4,2050.045,521
1705388100,2050.045,2050.665,2050.045,2050.55,323
1705388400,2050.55,2050.97,2049.995,2050.925,771
1705388700,2050.925,2050.925,2049.89,2050.28,272
1705389000,2050.28,2050.28,2049.05,2049.525,676
1705389300,2049.525,2049.73,2048.835,2048.85,582
1705389600,2048.85,2049.255,2048.17,2049.14,652
1705389900,2049.14,2050.125,2048.335,2049.885,725
1705390200,2049.885,2050.02,2048.745,2048.765,720
1705390500,2048.765,2049.87,2048.635,2049.855,595
1705390800,2049.855,2050.635,2049.435,2049.46,677
1705391100,2049.46,2049.89,2048.705,2049.175,332
1705391400,2049.175,2050.155,2049.12,2049.915,226
1705391700,2049.915,2050.2,2049.31,2049.475,564
1705392000,2049.475,2049.475,2048.265,2048.685,846
1705392300,2048.685,2049.44,2048.325,2048.835,1026
1705392600,2048.835,2048.945,2047.16,2047.875,741
1705392900,2047.875,2049.135,2047.555,2048.155,567
1705393200,2048.155,2050.185,2048.015,2048.925,981
1705393500,2048.925,2049.205,2047.56,2047.65,985
1705393800,2047.65,2047.69,2045.59,2045.62,884
1705394100,2045.62,2045.62,2042.905,2043.315,1213
1705394400,2043.315,2043.72,2042.2,2043.415,1077
1705394700,2043.415,2043.955,2042.57,2043.91,852
1705395000,2043.91,2044.47,2042.885,2043.055,929
1705395300,2043.055,2043.475,2042.59,2043.175,719
1705395600,2043.175,2043.96,2042.265,2042.37,902
1705395900,2042.37,2042.395,2040.92,2041.685,1123
1705396200,2041.685,2041.685,2039.55,2040.35,937
1705396500,2040.35,2041.13,2039.675,2040.91,797
1705396800,2040.91,2041.035,2038.74,2040.295,1267
1705397100,2040.295,2040.63,2039.53,2040.02,838
1705397400,2040.02,2041.79,2039.08,2041.07,789
1705397700,2041.07,2041.07,2039.91,2039.935,806
1705398000,2039.935,2039.935,2038.8,2039.22,798
1705398300,2039.22,2039.995,2039.01,2039.575,930
1705398600,2039.575,2041.515,2039.315,2041.42,1067
1705398900,2041.42,2041.92,2040.97,2041.305,760
1705399200,2041.305,2041.61,2040.7,2041.59,868
1705399500,2041.59,2042.4,2040.805,2041.91,873
1705399800,2041.91,2042.47,2040.585,2041.41,896
1705400100,2041.41,2041.705,2040.545,2041.045,594
1705400400,2041.045,2041.24,2040.635,2040.935,662
1705400700,2040.935,2041.125,2040.015,2040.015,512
1705401000,2040.015,2040.565,2039.47,2040.035,614
1705401300,2040.035,2040.87,2039.965,2039.985,541
1705401600,2039.985,2040.635,2039.325,2040.595,817
1705401900,2040.595,2040.76,2039.705,2040.29,688
1705402200,2040.29,2040.765,2040,2040.715,738
1705402500,2040.715,2041.08,2040.395,2041.055,677
1705402800,2041.055,2041.085,2039.36,2039.45,559
1705403100,2039.45,2040.06,2039.105,2039.785,601
1705403400,2039.785,2040.59,2039.7,2040.27,474
1705403700,2040.27,2041.19,2039.93,2040.77,580
1705404000,2040.77,2041.185,2039.28,2039.625,585
1705404300,2039.625,2039.85,2039.425,2039.475,422
1705404600,2039.475,2040.1,2039.295,2039.625,612
1705404900,2039.625,2039.91,2039.045,2039.3,829
1705405200,2039.3,2039.815,2039.04,2039.48,373
1705405500,2039.48,2039.52,2038.335,2039.42,542
1705405800,2039.42,2040.36,2039.17,2039.84,375
1705406100,2039.84,2040.75,2039.175,2039.975,592
1705406400,2039.975,2040.1,2039.035,2039.3,665
1705406700,2039.3,2039.32,2038.56,2038.74,464
1705407000,2038.74,2039.17,2035.745,2036.345,856
1705407300,2036.345,2037.93,2035.7,2037.85,856
1705407600,2037.85,2038.02,2037.295,2037.425,667
1705407900,2037.425,2039.1,2037.01,2038.99,701
1705408200,2038.99,2040.03,2038.76,2039.68,806
1705408500,2039.68,2039.77,2038.03,2038.44,703
1705408800,2038.44,2038.735,2037.595,2038.27,327
1705409100,2038.27,2038.33,2037.365,2037.81,568
1705409400,2037.81,2037.815,2037.07,2037.27,537
1705409700,2037.27,2038.655,2037.265,2038.545,730
1705410000,2038.545,2039.215,2037.715,2037.795,1139
1705410300,2037.795,2038.81,2036.895,2037.935,1165
1705410600,2037.935,2037.985,2031.43,2032.02,1359
1705410900,2032.02,2033.63,2031.51,2032.97,1574
1705411200,2032.97,2033.775,2031.445,2032.005,1297
1705411500,2032.005,2032.71,2031.685,2032.13,1191
1705411800,2032.13,2040.075,2032.13,2039.21,2271
1705412100,2039.21,2041.605,2038.25,2040.86,1869
1705412400,2040.86,2045.035,2040.64,2043.2,2028
1705412700,2043.2,2043.435,2039.455,2039.48,1701
1705413000,2039.48,2040.755,2037.955,2037.985,1116
1705413300,2037.985,2038.67,2037.12,2037.695,977
1705413600,2037.695,2039.615,2037.33,2038.37,1456
1705413900,2038.37,2040.645,2037.685,2040.645,1083
1705414200,2040.645,2041.595,2040.095,2040.89,1261
1705414500,2040.89,2041.015,2040.095,2040.67,746
1705414800,2040.67,2042.615,2040.43,2042.185,889
1705415100,2042.185,2042.5,2041.01,2041.375,1368
1705415400,2041.375,2042.605,2038.555,2039.03,1834
1705415700,2039.03,2039.605,2038.2,2039.235,1783
1705416000,2039.235,2039.79,2038.175,2038.315,1484
1705416300,2038.315,2038.415,2037.42,2038.195,1186
1705416600,2038.195,2038.39,2036.96,2037.815,1090
1705416900,2037.815,2038.63,2037.33,2038.29,963
1705417200,2038.29,2040.505,2037.845,2038.975,1521
1705417500,2038.975,2039.565,2037.405,2039.31,1605
1705417800,2039.31,2040.695,2038.705,2039.13,1315
1705418100,2039.13,2039.88,2038.185,2039.29,1525
1705418400,2039.29,2040.22,2039.13,2039.55,1062
1705418700,2039.55,2040.245,2038.495,2039.05,1371
1705419000,2039.05,2039.55,2038.665,2039.08,1008
1705419300,2039.08,2040.835,2038.555,2040.735,896
1705419600,2040.735,2041.445,2040.44,2041.045,1058
1705419900,2041.045,2041.695,2040.53,2041.26,942
1705420200,2041.26,2042.08,2040.7,2041.315,814
1705420500,2041.315,2042.075,2040.59,2041.195,829
1705420800,2041.195,2041.35,2034.01,2036.14,3094
1705421100,2036.14,2038.855,2034.185,2034.47,1968
1705421400,2034.47,2035.93,2032.59,2035.875,2072
1705421700,2035.875,2038.7,2034.435,2037.37,2175
1705422000,2037.37,2040.54,2037.33,2040.13,2115
1705422300,2040.13,2040.21,2036.655,2036.845,1724
1705422600,2036.845,2037.495,2036.01,2036.645,1426
1705422900,2036.645,2036.68,2032.61,2033.39,1746
1705423200,2033.39,2034.365,2032.65,2034.295,1213
1705423500,2034.295,2034.77,2033.73,2034.29,1209
1705423800,2034.29,2036.035,2034.23,2035.015,1199
1705424100,2035.015,2035.015,2033.48,2033.515,1041
1705424400,2033.515,2033.875,2032.2,2032.64,1130
1705424700,2032.64,2032.64,2025.44,2026.345,1941
1705425000,2026.345,2027.855,2026.295,2026.72,1766
1705425300,2026.72,2028.7,2026.53,2027.61,1228
1705425600,2027.61,2028.775,2027.275,2027.38,924
1705425900,2027.38,2028.015,2026.235,2026.4,1032
1705426200,2026.4,2026.64,2025.65,2026.04,833
1705426500,2026.04,2029.125,2025.895,2028.65,1087
1705426800,2028.65,2028.88,2027.12,2027.205,961
1705427100,2027.205,2027.56,2026.185,2026.655,876
1705427400,2026.655,2027.54,2026.17,2026.985,735
1705427700,2026.985,2026.99,2025.025,2025.4,818
1705428000,2025.4,2026.48,2025.2,2026.41,706
1705428300,2026.41,2027.04,2025.47,2026.255,622
1705428600,2026.255,2026.395,2024.79,2025.735,744
1705428900,2025.735,2026.755,2025.555,2025.795,652
1705429200,2025.795,2026.7,2025.225,2026.69,693
1705429500,2026.69,2027.585,2025.885,2026.81,948
1705429800,2026.81,2028.975,2026.81,2028.525,642
1705430100,2028.525,2028.71,2027.055,2027.145,654
1705430400,2027.145,2027.26,2026.16,2026.175,601
1705430700,2026.175,2026.355,2024.825,2025.31,681
1705431000,2025.31,2025.495,2024.33,2025.345,810
1705431300,2025.345,2025.475,2024.68,2025.185,686
1705431600,2025.185,2026.195,2025.025,2025.925,767
1705431900,2025.925,2026.855,2025.49,2025.76,584
1705432200,2025.76,2026.97,2025.705,2026.9,362
1705432500,2026.9,2027.97,2026.635,2027.74,552
1705432800,2027.74,2028.645,2027.72,2028.42,514
1705433100,2028.42,2028.5,2027.615,2027.685,528
1705433400,2027.685,2027.865,2027.23,2027.62,432
1705433700,2027.62,2027.74,2026.97,2027.155,460
1705434000,2027.155,2027.345,2026.925,2027.33,217
1705434300,2027.33,2028.895,2027.31,2028.745,531
1705434600,2028.745,2029.57,2028.645,2029.51,439
1705434900,2029.51,2030.215,2029.335,2029.335,557
1705435200,2029.335,2029.85,2028.86,2028.93,378
1705435500,2028.93,2029.27,2028.49,2028.95,397
1705435800,2028.95,2029.735,2028.95,2029.59,393
1705436100,2029.59,2029.72,2028.76,2029.17,242
1705436400,2029.17,2029.24,2028.475,2028.625,189
1705436700,2028.625,2028.91,2028.335,2028.345,446
1705437000,2028.345,2028.965,2027.92,2028.07,218
1705437300,2028.07,2028.805,2028.07,2028.725,293
1705437600,2028.725,2028.915,2028.325,2028.68,395
1705437900,2028.68,2029.135,2028.455,2028.715,255
1705438200,2028.715,2029.115,2028.455,2028.655,576
1705438500,2028.655,2028.875,2028.115,2028.315,719
1705438800,2028.315,2028.425,2027.71,2027.72,538
1705439100,2027.72,2027.95,2027.36,2027.36,233
1705439400,2027.36,2027.47,2027.205,2027.26,77
1705439700,2027.26,2027.695,2027.26,2027.585,95
1705440000,2027.585,2027.88,2027.585,2027.66,73
1705440300,2027.66,2028.04,2027.66,2028.025,81
1705440600,2028.025,2028.23,2027.925,2028.16,170
1705440900,2028.16,2028.275,2027.905,2028.01,103
1705441200,2028.01,2028.015,2027.58,2027.99,215
1705441500,2027.99,2028.215,2027.665,2027.715,199
1705441800,2027.715,2028.45,2027.715,2028.38,183
1705442100,2028.38,2028.655,2028.31,2028.505,118
1705446000,2028.505,2028.505,2027.745,2027.82,43
1705446300,2027.82,2027.86,2027.26,2027.41,65
1705446600,2027.41,2027.905,2027.38,2027.66,121
1705446900,2027.66,2027.74,2025.93,2026.35,259
1705447200,2026.35,2026.955,2026.205,2026.925,234
1705447500,2026.925,2027.2,2026.46,2027.125,379
1705447800,2027.125,2027.2,2026.325,2026.575,402
1705448100,2026.575,2026.985,2026.25,2026.53,224
1705448400,2026.53,2026.595,2026.425,2026.445,41
1705448700,2026.445,2027.495,2026.38,2027.295,194
1705449000,2027.295,2027.875,2027.18,2027.295,146
1705449300,2027.295,2028.45,2027.275,2028.195,164
1705449600,2028.195,2028.24,2026.625,2026.785,528
1705449900,2026.785,2027.385,2026.44,2026.535,208
1705450200,2026.535,2026.665,2025.825,2026.05,227
1705450500,2026.05,2026.3,2025.7,2026.3,265
1705450800,2026.3,2027.215,2026.185,2026.94,340
1705451100,2026.94,2027.365,2026.805,2027.3,237
1705451400,2027.3,2027.785,2027.04,2027.395,231
1705451700,2027.395,2028.235,2027.375,2027.855,258
1705452000,2027.855,2028.13,2027.445,2028.125,236
1705452300,2028.125,2028.59,2027.97,2028.385,350
1705452600,2028.385,2028.965,2028.375,2028.46,720
1705452900,2028.46,2028.71,2027.81,2028.56,500
1705453200,2028.56,2028.6,2027.765,2028.205,519
1705453500,2028.205,2028.22,2027.215,2027.29,310
1705453800,2027.29,2027.62,2026.795,2027.565,922
1705454100,2027.565,2028.79,2027.435,2028.78,631
1705454400,2028.78,2029.12,2028.43,2029.02,403
1705454700,2029.02,2029.17,2028.26,2029.135,513
1705455000,2029.135,2030.235,2028.98,2029.055,775
1705455300,2029.055,2029.48,2028.66,2028.865,588
1705455600,2028.865,2030.785,2028.74,2030.375,735
1705455900,2030.375,2030.53,2029.41,2029.71,618
1705456200,2029.71,2030.865,2029.525,2030.62,646
1705456500,2030.62,2030.81,2030.06,2030.305,363
1705456800,2030.305,2030.83,2029.855,2030.4,578
1705457100,2030.4,2032.75,2030.305,2032.185,870
1705457400,2032.185,2032.98,2031.62,2031.62,840
1705457700,2031.62,2031.74,2030.11,2030.135,409
1705458000,2030.135,2030.59,2029.975,2030.15,312
1705458300,2030.15,2030.155,2029.38,2029.99,373
1705458600,2029.99,2030.15,2028.505,2028.635,486
1705458900,2028.635,2028.88,2027.215,2027.595,522
1705459200,2027.595,2029.01,2027.06,2028.495,718
1705459500,2028.495,2029.48,2028.14,2028.965,687
1705459800,2028.965,2029.215,2028.425,2029.18,328
1705460100,2029.18,2029.37,2028.605,2028.98,557
1705460400,2028.98,2029.2,2028.33,2028.445,468
1705460700,2028.445,2028.47,2027.61,2027.745,483
1705461000,2027.745,2028.17,2027.49,2027.96,382
1705461300,2027.96,2027.96,2027.09,2027.115,368
1705461600,2027.115,2027.165,2026.6,2027.11,522
1705461900,2027.11,2027.155,2026.715,2026.855,406
1705462200,2026.855,2027.33,2026.275,2026.28,417
1705462500,2026.28,2026.48,2025.315,2025.43,504
1705462800,2025.43,2025.49,2024.135,2024.48,633
1705463100,2024.48,2024.61,2023.85,2024.39,361
1705463400,2024.39,2024.45,2023.465,2024.17,442
1705463700,2024.17,2024.45,2023.85,2024.095,256
1705464000,2024.095,2024.845,2024.08,2024.17,195
1705464300,2024.17,2024.785,2024.16,2024.375,297
1705464600,2024.375,2024.635,2023.405,2023.725,320
1705464900,2023.725,2024.42,2023.58,2023.85,547
1705465200,2023.85,2024.415,2023.75,2024.2,319
1705465500,2024.2,2024.94,2024.07,2024.735,220
1705465800,2024.735,2024.745,2023.76,2024.025,329
1705466100,2024.025,2025.18,2023.93,2025.065,331
1705466400,2025.065,2025.485,2024.68,2024.95,237
1705466700,2024.95,2025.68,2024.93,2025.55,218
1705467000,2025.55,2025.92,2025.52,2025.55,192
1705467300,2025.55,2025.83,2025.195,2025.48,248
1705467600,2025.48,2025.52,2024.85,2025.09,164
1705467900,2025.09,2025.09,2022.25,2022.43,400
1705468200,2022.43,2022.55,2020.67,2021.72,791
1705468500,2021.72,2021.72,2019.625,2020.07,764
1705468800,2020.07,2020.475,2019.41,2019.855,538
1705469100,2019.855,2020.765,2019.555,2020.65,566
1705469400,2020.65,2021.725,2020.495,2021.575,987
1705469700,2021.575,2021.585,2021.055,2021.13,542
1705470000,2021.13,2021.775,2020.31,2020.475,576
1705470300,2020.475,2021.05,2020.295,2020.73,277
1705470600,2020.73,2021.41,2020.73,2021.07,353
1705470900,2021.07,2021.635,2020.72,2020.73,389
1705471200,2020.73,2020.85,2018.79,2019.2,858
1705471500,2019.2,2019.915,2018.1,2018.355,897
1705471800,2018.355,2019.08,2017.99,2018.315,844
1705472100,2018.315,2018.715,2018.02,2018.155,813
1705472400,2018.155,2018.485,2017.975,2018.18,466
1705472700,2018.18,2018.585,2017.69,2017.88,709
1705473000,2017.88,2018.965,2017.77,2018.875,637
1705473300,2018.875,2018.96,2018.245,2018.34,428
1705473600,2018.34,2019.445,2018.115,2018.72,582
1705473900,2018.72,2018.93,2017.96,2018.9,757
1705474200,2018.9,2019.575,2018.865,2019.245,378
1705474500,2019.245,2019.785,2019.2,2019.33,798
1705474800,2019.33,2019.5,2018.28,2018.57,1370
1705475100,2018.57,2019.585,2017.945,2018.53,544
1705475400,2018.53,2018.905,2018.09,2018.435,589
1705475700,2018.435,2019.54,2018.435,2019.415,673
1705476000,2019.415,2019.93,2018.44,2019.635,755
1705476300,2019.635,2020.955,2019.265,2020.045,856
1705476600,2020.045,2021.62,2019.275,2021.34,965
1705476900,2021.34,2021.76,2020.09,2021.335,987
1705477200,2021.335,2024.825,2020.945,2024.13,1205
1705477500,2024.13,2024.71,2023.645,2024.255,1017
1705477800,2024.255,2026.27,2024.08,2024.53,804
1705478100,2024.53,2026.005,2024.34,2025.88,857
1705478400,2025.88,2026.63,2025.135,2025.45,1250
1705478700,2025.45,2025.55,2024.015,2024.4,932
1705479000,2024.4,2025.785,2024.035,2025.42,785
1705479300,2025.42,2025.435,2024.35,2024.725,631
1705479600,2024.725,2025.94,2024.405,2024.945,676
1705479900,2024.945,2025.005,2023.87,2024.125,535
1705480200,2024.125,2024.785,2023.815,2024.625,436
1705480500,2024.625,2024.98,2023.7,2023.76,607
1705480800,2023.76,2023.875,2022.29,2022.3,654
1705481100,2022.3,2022.695,2021.815,2022.255,454
1705481400,2022.255,2022.255,2021.315,2021.555,382
1705481700,2021.555,2022.09,2021.47,2021.47,260
1705482000,2021.47,2021.59,2020.74,2020.85,375
1705482300,2020.85,2021.375,2020.25,2020.255,569
1705482600,2020.255,2020.51,2019.08,2019.47,855
1705482900,2019.47,2020.77,2019.37,2020.095,1014
1705483200,2020.095,2020.245,2019.79,2019.955,638
1705483500,2019.955,2020.725,2019.395,2020.615,655
1705483800,2020.615,2021.325,2020.53,2021.14,624
1705484100,2021.14,2022,2021.055,2021.56,736
1705484400,2021.56,2022.365,2021.38,2022.24,521
1705484700,2022.24,2022.59,2021.655,2022.155,688
1705485000,2022.155,2022.18,2021.535,2021.955,339
1705485300,2021.955,2024.33,2021.945,2023.91,444
1705485600,2023.91,2024.5,2023.125,2023.125,870
1705485900,2023.125,2023.93,2022.865,2023.125,565
1705486200,2023.125,2024.13,2023.11,2023.855,547
1705486500,2023.855,2024.125,2022.845,2023.935,468
1705486800,2023.935,2025.435,2023.885,2025.37,482
1705487100,2025.37,2026.255,2025.295,2025.97,703
1705487400,2025.97,2028.385,2025.955,2027.66,797
1705487700,2027.66,2028.385,2025.855,2025.905,770
1705488000,2025.905,2027.06,2025.82,2025.91,694
1705488300,2025.91,2026.385,2025.4,2025.405,417
1705488600,2025.405,2026.095,2025.015,2026.05,553
1705488900,2026.05,2027.25,2025.485,2026.14,487
1705489200,2026.14,2026.79,2025.45,2025.745,311
1705489500,2025.745,2025.79,2025.01,2025.38,405
1705489800,2025.38,2025.425,2023.89,2024.645,538
1705490100,2024.645,2025.635,2024.085,2024.245,480
1705490400,2024.245,2025.935,2024.055,2025.765,434
1705490700,2025.765,2025.94,2025.305,2025.71,417
1705491000,2025.71,2026.515,2025.585,2026.33,565
1705491300,2026.33,2026.625,2025.755,2025.82,414
1705491600,2025.82,2025.905,2025.07,2025.71,596
1705491900,2025.71,2026.205,2024.945,2025.42,488
1705492200,2025.42,2025.435,2024.075,2024.38,394
1705492500,2024.38,2024.74,2023.76,2023.965,231
1705492800,2023.965,2025.815,2023.77,2025.595,496
1705493100,2025.595,2026.455,2025.25,2026.445,575
1705493400,2026.445,2026.73,2025.64,2026.52,332
1705493700,2026.52,2027.95,2025.565,2027.825,815
1705494000,2027.825,2027.825,2026.915,2027.095,709
1705494300,2027.095,2028.05,2027.075,2027.645,710
1705494600,2027.645,2028.285,2027.15,2027.565,653
1705494900,2027.565,2027.67,2027.04,2027.535,560
1705495200,2027.535,2028.345,2027.22,2028.02,527
1705495500,2028.02,2028.045,2026.52,2026.76,647
1705495800,2026.76,2027.965,2026.76,2027.88,684
1705496100,2027.88,2029.06,2027.515,2028.42,801
1705496400,2028.42,2028.745,2026.225,2026.655,1306
1705496700,2026.655,2027.765,2025.96,2026.695,1029
1705497000,2026.695,2027.36,2025.73,2026.525,737
1705497300,2026.525,2027.1,2025.505,2025.835,1118
1705497600,2025.835,2025.86,2023.53,2024.56,1212
1705497900,2024.56,2025.535,2023.66,2025.38,1339
1705498200,2025.38,2025.5,2019.13,2021.755,2840
1705498500,2021.755,2025.65,2021.04,2024.72,1554
1705498800,2024.72,2025.18,2022.215,2022.485,1432
1705499100,2022.485,2023.785,2020.78,2023.43,1262
1705499400,2023.43,2024.785,2022.515,2022.985,1424
1705499700,2022.985,2022.995,2021.255,2022.495,1531
1705500000,2022.495,2023.18,2021.48,2022.08,1445
1705500300,2022.08,2022.195,2020.16,2020.3,1046
1705500600,2020.3,2020.465,2015.865,2019.965,1593
1705500900,2019.965,2020.19,2017.66,2018.93,950
1705501200,2018.93,2020.84,2018.93,2020.065,736
1705501500,2020.065,2022.1,2019.835,2021.64,632
1705501800,2021.64,2022.885,2019.35,2020,1515
1705502100,2020,2020.91,2019.31,2020.66,1233
1705502400,2020.66,2020.875,2019.125,2019.39,1482
1705502700,2019.39,2019.425,2017.275,2018.975,1344
1705503000,2018.975,2019.525,2017.36,2017.71,1577
1705503300,2017.71,2017.71,2011.5,2012.25,2028
1705503600,2012.25,2013.665,2011,2012.91,1885
1705503900,2012.91,2013.975,2010.695,2013.165,1694
1705504200,2013.165,2014.17,2011.935,2012.04,1556
1705504500,2012.04,2012.1,2009.855,2010.85,1516
1705504800,2010.85,2011.955,2009.745,2010.71,1618
1705505100,2010.71,2010.975,2008.605,2008.91,1615
1705505400,2008.91,2009.09,2006.22,2006.45,1378
1705505700,2006.45,2009.68,2006.34,2009.625,1684
1705506000,2009.625,2012.23,2009.495,2009.97,1225
1705506300,2009.97,2011.305,2009.82,2010.155,956
1705506600,2010.155,2010.59,2008.3,2008.695,1023
1705506900,2008.695,2009.34,2007.78,2008.95,724
1705507200,2008.95,2010.485,2008.345,2010.405,869
1705507500,2010.405,2012.06,2010.175,2011.08,1576
1705507800,2011.08,2011.31,2009.96,2010.345,885
1705508100,2010.345,2010.48,2009.16,2009.775,703
1705508400,2009.775,2009.94,2008.995,2009.225,945
1705508700,2009.225,2010.48,2009.15,2009.44,914
1705509000,2009.44,2009.78,2008.41,2009.405,741
1705509300,2009.405,2010.64,2008.65,2008.94,1136
1705509600,2008.94,2009.975,2008.805,2009.415,909
1705509900,2009.415,2009.59,2004.995,2005.14,1218
1705510200,2005.14,2006.05,2004.385,2005.515,1147
1705510500,2005.515,2006.46,2005.08,2005.54,911
1705510800,2005.54,2006.545,2005.24,2005.325,805
1705511100,2005.325,2006.84,2005.22,2005.875,557
1705511400,2005.875,2006.055,2004.37,2005.05,727
1705511700,2005.05,2005.77,2004.84,2005.61,652
1705512000,2005.61,2005.925,2004.415,2005.23,645
1705512300,2005.23,2005.315,2003.89,2003.9,611
1705512600,2003.9,2004.375,2003.46,2004.025,758
1705512900,2004.025,2006.265,2003.945,2005.49,683
1705513200,2005.49,2006.395,2005.455,2006.04,471
1705513500,2006.04,2008.145,2005.96,2007.71,455
1705513800,2007.71,2007.76,2007.13,2007.395,608
1705514100,2007.395,2007.71,2006.79,2007.08,648
1705514400,2007.08,2007.265,2005.205,2005.67,1102
1705514700,2005.67,2005.67,2004.35,2004.69,730
1705515000,2004.69,2005.19,2003.72,2003.72,566
1705515300,2003.72,2003.72,2002.685,2002.82,761
1705515600,2002.82,2003.34,2002.345,2003.34,672
1705515900,2003.34,2004.285,2003.085,2003.665,694
1705516200,2003.665,2004.055,2002.12,2002.16,654
1705516500,2002.16,2003.555,2001.895,2002.37,647
1705516800,2002.37,2003.415,2001.905,2003.105,575
1705517100,2003.105,2003.225,2002.465,2002.845,525
1705517400,2002.845,2004.115,2002.55,2004.05,451
1705517700,2004.05,2005.31,2003.875,2004.845,665
1705518000,2004.845,2006.44,2004.78,2006.03,582
1705518300,2006.03,2006.455,2005.24,2005.66,514
1705518600,2005.66,2006.06,2005.14,2005.545,635
1705518900,2005.545,2006.11,2005.535,2006.105,477
1705519200,2006.105,2006.96,2005.755,2006.655,510
1705519500,2006.655,2006.725,2005.265,2005.39,593
1705519800,2005.39,2005.58,2004.51,2004.87,612
1705520100,2004.87,2005.235,2004.45,2004.54,637
1705520400,2004.54,2005.885,2004.47,2005.595,605
1705520700,2005.595,2006.26,2005.45,2005.6,405
1705521000,2005.6,2006.25,2005.54,2005.825,224
1705521300,2005.825,2006.3,2005.56,2005.645,492
1705521600,2005.645,2006.07,2005.255,2006.01,409
1705521900,2006.01,2006.085,2005.57,2005.57,389
1705522200,2005.57,2005.77,2004.955,2005.31,237
1705522500,2005.31,2005.61,2005,2005.235,502
1705522800,2005.235,2005.785,2004.97,2005.28,351
1705523100,2005.28,2005.3,2004.85,2005.195,322
1705523400,2005.195,2006.195,2005.195,2005.72,473
1705523700,2005.72,2006.7,2005.72,2006.31,320
1705524000,2006.31,2006.9,2006.31,2006.87,375
1705524300,2006.87,2006.94,2005.705,2006.175,498
1705524600,2006.175,2006.36,2005.53,2006.085,523
1705524900,2006.085,2006.29,2005.785,2006.14,437
1705525200,2006.14,2006.255,2005.765,2005.89,314
1705525500,2005.89,2005.89,2005.375,2005.375,180
1705525800,2005.375,2006.1,2005.365,2005.96,255
1705526100,2005.96,2006.395,2005.795,2006.19,351
1705526400,2006.19,2006.395,2005.82,2005.83,230
1705526700,2005.83,2006.25,2005.78,2006.065,200
1705527000,2006.065,2006.39,2005.835,2006.325,268
1705527300,2006.325,2006.435,2006.04,2006.045,308
1705527600,2006.045,2006.1,2005.785,2005.865,147
1705527900,2005.865,2006.22,2005.79,2006.035,133
1705528200,2006.035,2006.42,2006.035,2006.38,183
1705528500,2006.38,2006.475,2006.025,2006.335,153
1705532400,2006.335,2007.335,2006.335,2006.97,72
1705532700,2006.97,2008.84,2006.97,2007.82,380
1705533000,2007.82,2008.05,2006.985,2007.64,238
1705533300,2007.64,2007.785,2007.175,2007.355,136
1705533600,2007.355,2008.63,2007.285,2008.61,336
1705533900,2008.61,2009.52,2008.455,2009.17,348
1705534200,2009.17,2009.195,2008.51,2008.91,225
1705534500,2008.91,2008.91,2008.125,2008.43,112
1705534800,2008.43,2008.63,2008.28,2008.475,84
1705535100,2008.475,2009.3,2008.235,2009.07,170
1705535400,2009.07,2009.88,2009.045,2009.415,205
1705535700,2009.415,2009.97,2009.34,2009.62,127
1705536000,2009.62,2009.705,2008.83,2009.02,230
1705536300,2009.02,2009.135,2008.515,2008.94,211
1705536600,2008.94,2008.95,2008.455,2008.745,184
1705536900,2008.745,2009.25,2008.535,2008.725,136
1705537200,2008.725,2009.015,2008.545,2008.545,158
1705537500,2008.545,2009.02,2008.545,2008.96,123
1705537800,2008.96,2009.165,2008.345,2008.57,314
1705538100,2008.57,2009.225,2008.57,2009.22,135
1705538400,2009.22,2009.22,2008.725,2008.92,165
1705538700,2008.92,2010.15,2008.92,2009.93,382
1705539000,2009.93,2010.46,2009.695,2010.35,598
1705539300,2010.35,2010.93,2010.25,2010.85,505
1705539600,2010.85,2011.19,2010.37,2011.175,803
1705539900,2011.175,2011.255,2010.575,2010.835,530
1705540200,2010.835,2011.12,2010.285,2010.615,506
1705540500,2010.615,2011.07,2009.95,2010.945,687
1705540800,2010.945,2011.06,2009.875,2010.02,577
1705541100,2010.02,2010.06,2009.59,2010.05,336
1705541400,2010.05,2010.84,2009.41,2009.7,896
1705541700,2009.7,2010.495,2009.585,2010.2,736
1705542000,2010.2,2010.24,2009.54,2009.73,333
1705542300,2009.73,2010.36,2009.73,2010.225,364
1705542600,2010.225,2011.85,2010.225,2011.715,274
1705542900,2011.715,2012.2,2011.505,2011.705,401
1705543200,2011.705,2011.95,2011.57,2011.825,531
1705543500,2011.825,2011.92,2011.005,2011.19,400
1705543800,2011.19,2011.35,2010.83,2011.275,263
1705544100,2011.275,2011.455,2010.86,2010.93,337
1705544400,2010.93,2010.945,2010.075,2010.13,245
1705544700,2010.13,2010.14,2009.605,2010.02,207
1705545000,2010.02,2010.03,2009.005,2009.185,322
1705545300,2009.185,2009.365,2008.71,2008.81,248
1705545600,2008.81,2009.135,2008.615,2008.865,335
1705545900,2008.865,2008.9,2008.21,2008.295,329
1705546200,2008.295,2008.365,2007.81,2008.08,549
1705546500,2008.08,2008.09,2007.565,2007.735,682
1705546800,2007.735,2007.785,2007.035,2007.205,593
1705547100,2007.205,2007.33,2006.485,2006.49,555
1705547400,2006.49,2006.81,2006.485,2006.71,213
1705547700,2006.71,2008.26,2006.525,2008.235,384
1705548000,2008.235,2008.79,2008.03,2008.335,420
1705548300,2008.335,2008.44,2007,2007.185,348
1705548600,2007.185,2007.945,2006.805,2007.39,229
1705548900,2007.39,2008.235,2007.33,2007.99,281
1705549200,2007.99,2009.21,2007.975,2008.55,481
1705549500,2008.55,2009.175,2008.34,2008.735,441
1705549800,2008.735,2008.8,2007.92,2008.1,187
1705550100,2008.1,2008.375,2007.9,2008.14,173
1705550400,2008.14,2008.675,2008.075,2008.25,368
1705550700,2008.25,2008.775,2008.1,2008.755,178
1705551000,2008.755,2009.085,2008.27,2008.575,155
1705551300,2008.575,2008.865,2008.45,2008.76,329
1705551600,2008.76,2008.835,2008.24,2008.435,136
1705551900,2008.435,2008.685,2008.38,2008.635,354
1705552200,2008.635,2008.705,2008.175,2008.19,182
1705552500,2008.19,2008.31,2008.005,2008.205,162
1705552800,2008.205,2008.375,2007.96,2008.06,297
1705553100,2008.06,2008.7,2008.06,2008.7,199
1705553400,2008.7,2009.265,2008.695,2009.005,143
1705553700,2009.005,2009.005,2008.14,2008.185,120
1705554000,2008.185,2008.54,2007.66,2007.755,236
1705554300,2007.755,2007.84,2007.35,2007.355,306
1705554600,2007.355,2007.475,2006.2,2006.255,300
1705554900,2006.255,2006.77,2005.835,2006.545,571
1705555200,2006.545,2007.395,2006.255,2007.135,339
1705555500,2007.135,2007.325,2006.885,2006.99,272
1705555800,2006.99,2007.475,2006.2,2007.37,435
1705556100,2007.37,2008.215,2006.98,2008.045,366
1705556400,2008.045,2008.745,2007.775,2008.595,406
1705556700,2008.595,2008.795,2008.09,2008.305,574
1705557000,2008.305,2009.205,2008.2,2009.155,476
1705557300,2009.155,2009.48,2008.72,2009.28,220
1705557600,2009.28,2010.1,2008.94,2009.975,290
1705557900,2009.975,2010.81,2009.795,2010.72,439
1705558200,2010.72,2011.98,2010.57,2011.425,814
1705558500,2011.425,2011.99,2011.15,2011.59,604
1705558800,2011.59,2013.02,2011.475,2012.375,595
1705559100,2012.375,2012.76,2011.955,2012.105,312
1705559400,2012.105,2012.42,2011.565,2012.365,436
1705559700,2012.365,2012.42,2011.835,2011.91,261
1705560000,2011.91,2012.585,2011.685,2011.985,596
1705560300,2011.985,2012.485,2011.205,2011.275,573
1705560600,2011.275,2012.915,2011.26,2012.53,513
1705560900,2012.53,2013.145,2012.53,2012.765,650
1705561200,2012.765,2013.115,2012.495,2012.845,448
1705561500,2012.845,2013.84,2012.66,2013.18,554
1705561800,2013.18,2014.205,2012.925,2013.24,650
1705562100,2013.24,2013.415,2012.24,2012.495,660
1705562400,2012.495,2012.54,2011.48,2011.655,446
1705562700,2011.655,2011.66,2011.125,2011.53,544
1705563000,2011.53,2012.975,2011.365,2012.87,641
1705563300,2012.87,2013.47,2012.71,2013.175,560
1705563600,2013.175,2014.075,2012.99,2013.595,596
1705563900,2013.595,2013.81,2012.94,2013.715,483
1705564200,2013.715,2013.715,2012.945,2013.165,538
1705564500,2013.165,2013.255,2012.12,2012.34,539
1705564800,2012.34,2012.41,2011.525,2011.65,859
1705565100,2011.65,2012.11,2010.68,2010.85,605
1705565400,2010.85,2011.07,2009.755,2010.745,985
1705565700,2010.745,2011.515,2009.955,2010.015,685
1705566000,2010.015,2011.695,2010.015,2011.62,445
1705566300,2011.62,2012.175,2011.45,2011.905,448
1705566600,2011.905,2011.935,2010.475,2010.52,373
1705566900,2010.52,2010.755,2010.07,2010.17,389
1705567200,2010.17,2010.75,2010.1,2010.425,364
1705567500,2010.425,2010.84,2010.085,2010.085,602
1705567800,2010.085,2010.53,2009.78,2010.025,188
1705568100,2010.025,2010.265,2009.68,2009.785,335
1705568400,2009.785,2009.785,2008.23,2009.05,663
1705568700,2009.05,2009.545,2008.9,2009.015,507
1705569000,2009.015,2009.915,2008.485,2009.48,533
1705569300,2009.48,2010.12,2009.225,2009.82,461
1705569600,2009.82,2011.355,2009.66,2011.315,481
1705569900,2011.315,2012.27,2011.1,2011.88,869
1705570200,2011.88,2012.915,2011.79,2012.09,705
1705570500,2012.09,2013.045,2011.82,2012.165,672
1705570800,2012.165,2012.445,2011.485,2011.985,593
1705571100,2011.985,2012.075,2011.535,2011.555,306
1705571400,2011.555,2011.93,2011.305,2011.36,470
1705571700,2011.36,2011.545,2009.85,2010.24,455
1705572000,2010.24,2010.285,2009.28,2010.195,671
1705572300,2010.195,2010.665,2009.445,2010.63,765
1705572600,2010.63,2011.355,2010.255,2011.135,409
1705572900,2011.135,2012.01,2011.135,2011.905,351
1705573200,2011.905,2012.125,2011.57,2011.575,552
1705573500,2011.575,2012,2011.31,2012,343
1705573800,2012,2012.26,2010.625,2010.625,354
1705574100,2010.625,2011.315,2010.16,2011.23,277
1705574400,2011.23,2011.43,2010.885,2011.055,375
1705574700,2011.055,2011.055,2010.165,2010.925,325
1705575000,2010.925,2011.71,2010.73,2011.515,299
1705575300,2011.515,2011.765,2011.105,2011.69,417
1705575600,2011.69,2012.275,2011.165,2011.23,243
1705575900,2011.23,2011.71,2010.96,2011.71,168
1705576200,2011.71,2011.71,2010.86,2011.285,239
1705576500,2011.285,2012.495,2011.085,2012.2,349
1705576800,2012.2,2012.58,2011.94,2012.4,139
1705577100,2012.4,2012.735,2012.24,2012.51,230
1705577400,2012.51,2013.015,2012.21,2012.38,460
1705577700,2012.38,2012.765,2011.94,2012.245,327
1705578000,2012.245,2013.17,2012.1,2013.16,157
1705578300,2013.16,2013.52,2011.985,2012.165,473
1705578600,2012.165,2012.515,2011.535,2012.035,548
1705578900,2012.035,2012.93,2011.875,2012.66,440
1705579200,2012.66,2013.775,2012.66,2013.775,392
1705579500,2013.775,2015.825,2013.76,2014.835,963
1705579800,2014.835,2015.1,2014.225,2015,721
1705580100,2015,2016.4,2015,2016.31,674
1705580400,2016.31,2016.485,2015.53,2016.22,310
1705580700,2016.22,2016.99,2015.955,2016.775,458
1705581000,2016.775,2017.305,2014.345,2014.68,613
1705581300,2014.68,2015.975,2013.89,2015.74,839
1705581600,2015.74,2016.155,2014.32,2014.61,663
1705581900,2014.61,2015.98,2014.61,2015.66,622
1705582200,2015.66,2016.36,2015.44,2016.115,776
1705582500,2016.115,2016.115,2014.96,2015.08,732
1705582800,2015.08,2015.08,2013.41,2013.79,1278
1705583100,2013.79,2014.085,2013.135,2013.645,978
1705583400,2013.645,2014.24,2013.525,2013.68,707
1705583700,2013.68,2014.22,2013.145,2013.41,473
1705584000,2013.41,2013.42,2011.745,2011.75,726
1705584300,2011.75,2012.325,2011.24,2011.51,935
1705584600,2011.51,2012.75,2007.5,2012.405,2072
1705584900,2012.405,2013.315,2009.545,2010.045,1347
1705585200,2010.045,2010.435,2008.99,2009.26,1621
1705585500,2009.26,2010.71,2008.91,2010.345,1449
1705585800,2010.345,2011.725,2010.3,2010.35,810
1705586100,2010.35,2010.475,2008.51,2009.17,990
1705586400,2009.17,2010.915,2009.155,2010.285,1150
1705586700,2010.285,2011.6,2009.95,2010.435,901
1705587000,2010.435,2013.26,2010.19,2011.205,1177
1705587300,2011.205,2011.28,2009.56,2010.635,1160
1705587600,2010.635,2012.975,2010.485,2012.075,973
1705587900,2012.075,2012.075,2010.97,2011.61,800
1705588200,2011.61,2013.075,2010.935,2012.355,1714
1705588500,2012.355,2013.095,2011.385,2011.535,1484
1705588800,2011.535,2012.955,2010.92,2011.445,1498
1705589100,2011.445,2013.725,2011.06,2011.97,1732
1705589400,2011.97,2013.71,2011.34,2012.985,1127
1705589700,2012.985,2013.71,2012.715,2012.9,1178
1705590000,2012.9,2014.74,2011.815,2011.99,1265
1705590300,2011.99,2013.765,2011.99,2012.565,1018
1705590600,2012.565,2013.255,2011.705,2012.685,933
1705590900,2012.685,2014.045,2012.645,2013.56,957
1705591200,2013.56,2013.81,2012.48,2013.23,785
1705591500,2013.23,2014.33,2013.06,2013.945,941
1705591800,2013.945,2014.74,2013.71,2014.41,1224
1705592100,2014.41,2015.735,2014.315,2014.815,1084
1705592400,2014.815,2015.07,2013.68,2015.06,1186
1705592700,2015.06,2015.13,2013.51,2014.545,830
1705593000,2014.545,2014.68,2013.4,2014.235,1081
1705593300,2014.235,2014.585,2013.175,2013.685,988
1705593600,2013.685,2014.795,2013.13,2014.365,980
1705593900,2014.365,2014.375,2013.385,2013.81,696
1705594200,2013.81,2015.535,2013.64,2014.49,809
1705594500,2014.49,2014.805,2014.015,2014.095,683
1705594800,2014.095,2016.075,2013.995,2015.535,868
1705595100,2015.535,2017.815,2015.46,2017.01,1031
1705595400,2017.01,2017.335,2015.56,2015.915,737
1705595700,2015.915,2016.555,2015.06,2015.07,682
1705596000,2015.07,2015.285,2014.44,2014.57,833
1705596300,2014.57,2014.97,2013.8,2014.025,776
1705596600,2014.025,2014.625,2013.785,2014.545,705
1705596900,2014.545,2015.26,2013.815,2014.95,574
1705597200,2014.95,2015.655,2013.775,2013.935,936
1705597500,2013.935,2014.565,2013.785,2014.15,1027
1705597800,2014.15,2014.725,2013.29,2014.625,787
1705598100,2014.625,2015.175,2013.83,2014.225,742
1705598400,2014.225,2015.17,2013.99,2014.98,624
1705598700,2014.98,2015.29,2014.7,2015.21,750
1705599000,2015.21,2015.275,2014.205,2014.595,391
1705599300,2014.595,2015.645,2014.41,2015.625,508
1705599600,2015.625,2015.885,2015.305,2015.46,311
1705599900,2015.46,2016.055,2015.23,2015.78,313
1705600200,2015.78,2016.315,2015.4,2016.24,265
1705600500,2016.24,2016.435,2016.125,2016.41,339
1705600800,2016.41,2016.49,2015.65,2016.345,509
1705601100,2016.345,2016.845,2015.905,2015.93,626
1705601400,2015.93,2016.285,2015.75,2016.04,273
1705601700,2016.04,2016.24,2015.59,2016.06,272
1705602000,2016.06,2018.61,2015.92,2017.64,795
1705602300,2017.64,2020.795,2017.59,2018.92,810
1705602600,2018.92,2020.195,2018.425,2019.935,771
1705602900,2019.935,2020.96,2019,2020.28,585
1705603200,2020.28,2020.44,2019.31,2019.86,463
1705603500,2019.86,2020.235,2019.59,2020.095,280
1705603800,2020.095,2020.97,2020.095,2020.955,272
1705604100,2020.955,2021.13,2020.12,2020.66,500
1705604400,2020.66,2020.66,2018.99,2019.37,584
1705604700,2019.37,2019.515,2018.975,2019.205,188
1705605000,2019.205,2019.86,2019.19,2019.37,228
1705605300,2019.37,2019.37,2018.39,2018.82,475
1705605600,2018.82,2019.91,2018.445,2019.905,387
1705605900,2019.905,2020.55,2019.585,2019.72,416
1705606200,2019.72,2020.69,2019.695,2020.065,435
1705606500,2020.065,2020.435,2019.29,2019.63,367
1705606800,2019.63,2020.34,2019.505,2020.04,383
1705607100,2020.04,2020.155,2019.13,2019.94,459
1705607400,2019.94,2019.965,2019.42,2019.67,301
1705607700,2019.67,2020.265,2019.66,2019.855,504
1705608000,2019.855,2020.63,2019.855,2020.51,320
1705608300,2020.51,2020.745,2020.25,2020.59,179
1705608600,2020.59,2020.845,2020.105,2020.61,218
1705608900,2020.61,2020.935,2020.41,2020.71,135
1705609200,2020.71,2021.05,2020.46,2020.9,250
1705609500,2020.9,2021.285,2020.66,2021.285,221
1705609800,2021.285,2022.185,2021.285,2021.835,291
1705610100,2021.835,2022.725,2021.81,2022.125,326
1705610400,2022.125,2022.195,2021.765,2022.085,157
1705610700,2022.085,2022.405,2021.67,2022.125,183
1705611000,2022.125,2022.7,2021.865,2022.645,378
1705611300,2022.645,2022.705,2022.17,2022.36,501
1705611600,2022.36,2022.425,2021.97,2022.16,239
1705611900,2022.16,2022.565,2022.105,2022.565,107
1705612200,2022.565,2022.78,2022.505,2022.755,114
1705612500,2022.755,2022.99,2022.5,2022.63,218
1705612800,2022.63,2022.915,2022.555,2022.855,142
1705613100,2022.855,2023.005,2022.81,2022.82,164
1705613400,2022.82,2023.39,2022.695,2023.35,165
1705613700,2023.35,2023.395,2023.205,2023.205,90
1705614000,2023.205,2023.345,2022.98,2023.28,95
1705614300,2023.28,2023.295,2022.485,2022.955,203
1705614600,2022.955,2023.15,2022.87,2022.96,122
1705614900,2022.96,2023.12,2022.945,2023.02,115
1705618800,2023.02,2024.41,2023.02,2024.26,48
1705619100,2024.26,2024.465,2023.665,2024.03,164
1705619400,2024.03,2024.425,2023.71,2023.92,181
1705619700,2023.92,2024.36,2023.545,2023.72,371
1705620000,2023.72,2023.985,2022.875,2022.9,209
1705620300,2022.9,2023,2022.13,2022.165,360
1705620600,2022.165,2023.13,2021.27,2022.41,476
1705620900,2022.41,2022.86,2021.915,2022.61,326
1705621200,2022.61,2023.375,2022.185,2022.515,269
1705621500,2022.515,2023.295,2022.415,2022.935,175
1705621800,2022.935,2024.475,2022.905,2024.215,373
1705622100,2024.215,2024.29,2023.585,2023.855,403
1705622400,2023.855,2023.885,2022.675,2022.96,347
1705622700,2022.96,2023.455,2022.945,2023.2,329
1705623000,2023.2,2023.36,2022.845,2023.23,285
1705623300,2023.23,2023.955,2023.23,2023.925,164
1705623600,2023.925,2024.35,2023.665,2023.805,195
1705623900,2023.805,2024.23,2023.805,2023.94,254
1705624200,2023.94,2024.32,2023.565,2023.75,167
1705624500,2023.75,2023.86,2022.91,2023.07,139
1705624800,2023.07,2023.28,2022.725,2022.935,145
1705625100,2022.935,2023.43,2022.8,2022.985,125
1705625400,2022.985,2023.32,2022.745,2023.115,392
1705625700,2023.115,2023.705,2023.115,2023.185,561
1705626000,2023.185,2024.555,2023.125,2023.44,698
1705626300,2023.44,2023.685,2022.565,2022.57,594
1705626600,2022.57,2024.11,2022.455,2023.175,335
1705626900,2023.175,2023.785,2022.105,2022.58,674
1705627200,2022.58,2023.265,2022.135,2022.995,601
1705627500,2022.995,2023.425,2022.46,2023.22,607
1705627800,2023.22,2024.275,2023.22,2024.275,613
1705628100,2024.275,2024.41,2023.705,2024.335,487
1705628400,2024.335,2025.63,2024.29,2025.11,695
1705628700,2025.11,2025.16,2024.12,2024.21,471
1705629000,2024.21,2024.465,2023.11,2024.195,607
1705629300,2024.195,2024.43,2023.415,2024.09,437
1705629600,2024.09,2024.285,2023.01,2023.24,415
1705629900,2023.24,2023.595,2022.675,2023.495,626
1705630200,2023.495,2023.7,2023.25,2023.335,243
1705630500,2023.335,2023.47,2022.85,2022.86,316
1705630800,2022.86,2023.92,2022.86,2023.635,225
1705631100,2023.635,2023.825,2023.275,2023.56,268
1705631400,2023.56,2023.845,2023.345,2023.775,435
1705631700,2023.775,2024.485,2023.685,2024.155,310
1705632000,2024.155,2025.08,2024.08,2024.925,278
1705632300,2024.925,2025.135,2024.505,2024.565,537
1705632600,2024.565,2024.565,2023.985,2024.145,475
1705632900,2024.145,2024.38,2023.685,2024.145,335
1705633200,2024.145,2024.3,2023.95,2024.01,275
1705633500,2024.01,2024.01,2023.24,2023.435,212
1705633800,2023.435,2023.69,2023.245,2023.295,201
1705634100,2023.295,2023.53,2023.09,2023.53,135
1705634400,2023.53,2023.53,2022.345,2022.45,267
1705634700,2022.45,2022.66,2022.355,2022.555,177
1705635000,2022.555,2022.845,2022.045,2022.66,234
1705635300,2022.66,2022.725,2022.29,2022.42,80
1705635600,2022.42,2023.025,2022.27,2022.79,112
1705635900,2022.79,2022.86,2022.44,2022.44,91
1705636200,2022.44,2022.955,2022.44,2022.89,98
1705636500,2022.89,2022.98,2022.66,2022.93,56
1705636800,2022.93,2022.995,2022.19,2022.19,214
1705637100,2022.19,2022.395,2021.865,2021.87,115
1705637400,2021.87,2021.945,2021.11,2021.455,263
1705637700,2021.455,2021.67,2021.155,2021.185,111
1705638000,2021.185,2021.295,2020.995,2021.285,88
1705638300,2021.285,2021.29,2020.87,2020.97,189
1705638600,2020.97,2021.175,2020.79,2021.095,153
1705638900,2021.095,2021.24,2020.79,2020.9,161
1705639200,2020.9,2021.545,2020.79,2021.34,146
1705639500,2021.34,2021.35,2021.155,2021.235,170
1705639800,2021.235,2021.255,2020.84,2021.065,171
1705640100,2021.065,2021.215,2020.975,2021.17,203
1705640400,2021.17,2021.525,2021.14,2021.44,210
1705640700,2021.44,2021.445,2021.08,2021.305,199
1705641000,2021.305,2021.31,2021.005,2021.175,167
1705641300,2021.175,2021.485,2021.055,2021.23,160
1705641600,2021.23,2021.345,2020.85,2020.935,259
1705641900,2020.935,2020.95,2020.55,2020.615,243
1705642200,2020.615,2021.83,2020.615,2020.98,454
1705642500,2020.98,2021.345,2020.735,2020.99,392
1705642800,2020.99,2021.03,2020.475,2020.92,329
1705643100,2020.92,2021.505,2020.795,2021.48,216
1705643400,2021.48,2021.935,2021.1,2021.4,420
1705643700,2021.4,2021.855,2021.14,2021.7,233
1705644000,2021.7,2022.38,2020.89,2021.025,337
1705644300,2021.025,2021.885,2020.985,2021.145,460
1705644600,2021.145,2021.87,2021.075,2021.745,323
1705644900,2021.745,2022.45,2021.715,2022.12,305
1705645200,2022.12,2022.99,2021.95,2022.55,369
1705645500,2022.55,2023.65,2022.53,2023.34,454
1705645800,2023.34,2023.55,2022.34,2022.85,308
1705646100,2022.85,2023.645,2022.51,2023.405,310
1705646400,2023.405,2023.685,2022.945,2023.515,211
1705646700,2023.515,2023.81,2023.185,2023.71,267
1705647000,2023.71,2024.335,2023.68,2024.115,574
1705647300,2024.115,2024.23,2023.85,2023.88,301
1705647600,2023.88,2024.77,2023.685,2024.695,567
1705647900,2024.695,2025.01,2024.27,2024.94,663
1705648200,2024.94,2025.215,2024.38,2024.63,347
1705648500,2024.63,2025.375,2024.445,2025.075,498
1705648800,2025.075,2026.12,2025.075,2025.64,396
1705649100,2025.64,2027.02,2025.345,2027,578
1705649400,2027,2027.02,2026.165,2026.56,448
1705649700,2026.56,2028,2026.35,2027.525,465
1705650000,2027.525,2028.6,2026.89,2028.485,681
1705650300,2028.485,2029.465,2028.29,2029.295,784
1705650600,2029.295,2029.735,2028.115,2028.565,628
1705650900,2028.565,2028.605,2027.925,2028.06,384
1705651200,2028.06,2028.335,2026.925,2027.58,758
1705651500,2027.58,2028.515,2027.075,2027.675,745
1705651800,2027.675,2028.17,2027.12,2027.735,545
1705652100,2027.735,2028.005,2026.42,2026.535,465
1705652400,2026.535,2027.08,2026.475,2027.08,293
1705652700,2027.08,2027.535,2026.55,2026.61,521
1705653000,2026.61,2026.935,2026.265,2026.69,494
1705653300,2026.69,2027.125,2026.62,2026.95,147
1705653600,2026.95,2027.805,2026.59,2027.525,179
1705653900,2027.525,2028.64,2027.525,2028.585,296
1705654200,2028.585,2030.015,2028.23,2029.905,406
1705654500,2029.905,2030.245,2029.335,2029.79,389
1705654800,2029.79,2030.01,2029.465,2029.885,612
1705655100,2029.885,2030.9,2029.81,2030.42,578
1705655400,2030.42,2030.475,2028.945,2029.895,552
1705655700,2029.895,2030.16,2029.28,2029.675,297
1705656000,2029.675,2029.985,2029.57,2029.725,392
1705656300,2029.725,2030.35,2029.395,2030.2,434
1705656600,2030.2,2030.2,2028.72,2028.935,279
1705656900,2028.935,2028.965,2028.305,2028.44,402
1705657200,2028.44,2028.47,2027.675,2028.315,348
1705657500,2028.315,2029.235,2028.235,2029.18,144
1705657800,2029.18,2029.675,2028.895,2029.335,398
1705658100,2029.335,2029.87,2029.085,2029.815,383
1705658400,2029.815,2030.45,2029.78,2030.34,380
1705658700,2030.34,2030.77,2030.135,2030.58,184
1705659000,2030.58,2030.72,2030.08,2030.325,312
1705659300,2030.325,2030.86,2030.235,2030.635,255
1705659600,2030.635,2030.87,2030.49,2030.495,325
1705659900,2030.495,2030.5,2029.625,2029.625,349
1705660200,2029.625,2029.635,2028.96,2029.445,364
1705660500,2029.445,2029.64,2029.34,2029.56,212
1705660800,2029.56,2030.05,2029.44,2029.915,356
1705661100,2029.915,2030.45,2029.715,2030.44,274
1705661400,2030.44,2030.975,2030.35,2030.77,246
1705661700,2030.77,2031.005,2030.335,2030.435,292
1705662000,2030.435,2030.88,2030.435,2030.585,225
1705662300,2030.585,2031.575,2030.54,2030.975,257
1705662600,2030.975,2031.735,2030.11,2030.295,551
1705662900,2030.295,2030.615,2029.83,2029.895,392
1705663200,2029.895,2029.92,2028.795,2029.66,241
1705663500,2029.66,2030.42,2029.66,2030.405,226
1705663800,2030.405,2031.13,2029.985,2031.05,359
1705664100,2031.05,2031.565,2030.67,2031.52,347
1705664400,2031.52,2031.995,2031.365,2031.95,366
1705664700,2031.95,2032.065,2031.385,2031.44,187
1705665000,2031.44,2031.61,2031.19,2031.45,237
1705665300,2031.45,2031.82,2031.33,2031.715,201
1705665600,2031.715,2033.765,2031.715,2033.65,622
1705665900,2033.65,2034.18,2032.95,2033.58,562
1705666200,2033.58,2033.765,2032.455,2033,334
1705666500,2033,2033.38,2032.47,2032.675,356
1705666800,2032.675,2033.385,2032.38,2033.1,414
1705667100,2033.1,2033.81,2032.98,2033.3,331
1705667400,2033.3,2034.13,2033.28,2033.96,198
1705667700,2033.96,2034.42,2033.725,2033.885,290
1705668000,2033.885,2035.125,2033.66,2035.01,525
1705668300,2035.01,2035.2,2034.32,2034.795,345
1705668600,2034.795,2034.795,2033.03,2033.135,570
1705668900,2033.135,2033.585,2032.785,2032.89,598
1705669200,2032.89,2034.35,2032.675,2033.29,1229
1705669500,2033.29,2034.6,2032.72,2034.225,878
1705669800,2034.225,2036.015,2034.085,2035.86,796
1705670100,2035.86,2037.435,2034.76,2037.405,1014
1705670400,2037.405,2037.75,2036.125,2036.93,1430
1705670700,2036.93,2038.08,2036.32,2036.555,1079
1705671000,2036.555,2039.415,2035.945,2037.405,1498
1705671300,2037.405,2037.92,2036.26,2036.43,1301
1705671600,2036.43,2036.685,2034.8,2034.925,1272
1705671900,2034.925,2035.91,2034.815,2035.455,820
1705672200,2035.455,2036.085,2034.305,2035.69,764
1705672500,2035.69,2036.1,2035.015,2035.32,868
1705672800,2035.32,2035.785,2034.385,2034.645,872
1705673100,2034.645,2035.025,2033.42,2033.55,734
1705673400,2033.55,2033.765,2033.085,2033.555,723
1705673700,2033.555,2033.9,2033.09,2033.575,819
1705674000,2033.575,2033.62,2031.89,2032.51,911
1705674300,2032.51,2032.745,2031.865,2031.9,893
1705674600,2031.9,2032.165,2029.96,2030.9,1500
1705674900,2030.9,2031.005,2028.25,2028.68,1455
1705675200,2028.68,2028.795,2026.97,2027.915,1347
1705675500,2027.915,2028.045,2026.445,2027.39,1440
1705675800,2027.39,2029.565,2027,2029.25,994
1705676100,2029.25,2029.895,2028.225,2029.79,701
1705676400,2029.79,2032.37,2027.49,2029.025,2272
1705676700,2029.025,2029.33,2025.13,2026.355,1965
1705677000,2026.355,2026.36,2024.235,2024.71,1851
1705677300,2024.71,2025.615,2023.795,2024.62,1472
1705677600,2024.62,2026.545,2023.2,2024.175,1355
1705677900,2024.175,2026.4,2023.775,2026.145,1078
1705678200,2026.145,2026.145,2023.94,2024.79,1044
1705678500,2024.79,2026.165,2023.835,2025.03,1124
1705678800,2025.03,2025.95,2024.18,2025.755,1312
1705679100,2025.755,2025.845,2024.17,2024.28,1189
1705679400,2024.28,2027.145,2024.065,2026.87,1326
1705679700,2026.87,2027.97,2026.295,2027.79,1155
1705680000,2027.79,2029.6,2027.605,2028.725,1099
1705680300,2028.725,2029.515,2028.39,2028.63,786
1705680600,2028.63,2028.785,2026.57,2027.14,813
1705680900,2027.14,2027.7,2026.62,2026.97,712
1705681200,2026.97,2026.97,2024.765,2025.09,1006
1705681500,2025.09,2025.57,2024.675,2025.2,881
1705681800,2025.2,2026.33,2024.43,2025.355,894
1705682100,2025.355,2025.82,2024.26,2025.01,889
1705682400,2025.01,2025.3,2023.65,2023.885,929
1705682700,2023.885,2024.775,2023.34,2024.71,718
1705683000,2024.71,2025.31,2024.34,2024.42,525
1705683300,2024.42,2025.265,2023.49,2024.92,900
1705683600,2024.92,2025.72,2024.65,2024.655,640
1705683900,2024.655,2025.79,2024.565,2024.9,584
1705684200,2024.9,2025.255,2024.425,2024.885,588
1705684500,2024.885,2026.63,2024.885,2026.455,625
1705684800,2026.455,2026.76,2026.005,2026.54,489
1705685100,2026.54,2027.675,2026.47,2027.23,828
1705685400,2027.23,2027.86,2026.895,2027.56,1011
1705685700,2027.56,2028.74,2027.505,2027.605,715
1705686000,2027.605,2027.64,2026.56,2027.595,780
1705686300,2027.595,2027.915,2026.22,2026.25,669
1705686600,2026.25,2027.82,2026.24,2027.72,663
1705686900,2027.72,2029.145,2027.72,2029.13,445
1705687200,2029.13,2029.45,2027.495,2027.825,668
1705687500,2027.825,2028.34,2027.46,2027.6,359
1705687800,2027.6,2028.235,2026.945,2027.63,375
1705688100,2027.63,2028.665,2027.445,2027.87,366
1705688400,2027.87,2028.34,2027.29,2027.295,405
1705688700,2027.295,2027.65,2026.525,2026.935,760
1705689000,2026.935,2027.87,2026.52,2027.595,475
1705689300,2027.595,2028.2,2026.745,2027.005,211
1705689600,2027.005,2027.29,2026.73,2027.11,155
1705689900,2027.11,2027.9,2027.005,2027.32,135
1705690200,2027.32,2028.06,2026.89,2027.755,302
1705690500,2027.755,2028.035,2027.17,2027.94,208
1705690800,2027.94,2028.41,2027.635,2028.4,209
1705691100,2028.4,2028.845,2028.2,2028.845,261
1705691400,2028.845,2029.09,2028.54,2028.98,354
1705691700,2028.98,2028.98,2027.795,2027.93,168
1705692000,2027.93,2028.345,2027.775,2028.185,349
1705692300,2028.185,2028.87,2028.165,2028.57,277
1705692600,2028.57,2029.06,2028.395,2028.795,347
1705692900,2028.795,2029.435,2028.57,2029.345,405
1705693200,2029.345,2029.485,2029.08,2029.285,452
1705693500,2029.285,2029.3,2028.69,2028.8,463
1705693800,2028.8,2028.93,2028.005,2028.43,404
1705694100,2028.43,2029.545,2028.42,2029.235,687
1705694400,2029.235,2029.66,2028.505,2029.335,611
1705694700,2029.335,2029.53,2028.765,2028.875,370
1705695000,2028.875,2028.97,2028.535,2028.6,242
1705695300,2028.6,2028.93,2028.53,2028.785,212
1705695600,2028.785,2028.785,2028.105,2028.375,284
1705695900,2028.375,2028.715,2028.335,2028.42,281
1705696200,2028.42,2028.715,2028.2,2028.7,189
1705696500,2028.7,2028.76,2028.48,2028.605,219
1705696800,2028.605,2028.765,2028.045,2028.075,312
1705697100,2028.075,2028.51,2028.03,2028.325,386
1705697400,2028.325,2028.41,2027.8,2027.9,439
1705697700,2027.9,2028.625,2027.9,2028.44,653
1705698000,2028.44,2028.77,2028.225,2028.74,225
1705698300,2028.74,2029.07,2028.635,2028.945,195
1705698600,2028.945,2029.455,2028.925,2029.355,197
1705698900,2029.355,2029.47,2029.06,2029.135,194
1705699200,2029.135,2029.21,2028.895,2029.095,210
1705699500,2029.095,2029.425,2028.99,2029.395,150
1705699800,2029.395,2029.395,2029.195,2029.23,128
1705700100,2029.23,2029.82,2029.23,2029.38,182
1705700400,2029.38,2029.73,2029.195,2029.685,204
1705700700,2029.685,2029.895,2029.535,2029.63,187
1705701000,2029.63,2030.08,2029.225,2029.47,251
1705701300,2029.47,2029.755,2029.31,2029.62,125
1705878000,2029.62,2029.62,2028.215,2028.82,169
1705878300,2028.82,2028.865,2027.37,2028.32,250
1705878600,2028.32,2028.455,2027.48,2027.52,172
1705878900,2027.52,2028.56,2027.185,2028.025,263
1705879200,2028.025,2028.415,2027.635,2027.69,203
1705879500,2027.69,2028.685,2027.06,2027.8,288
1705879800,2027.8,2027.825,2027.125,2027.735,155
1705880100,2027.735,2027.83,2027.49,2027.525,40
1705880400,2027.525,2027.72,2027.195,2027.195,62
1705880700,2027.195,2027.92,2027,2027.625,217
1705881000,2027.625,2027.885,2027.495,2027.69,170
1705881300,2027.69,2027.725,2027.385,2027.7,146
1705881600,2027.7,2028.59,2027.355,2028.33,335
1705881900,2028.33,2028.585,2027.77,2028.01,176
1705882200,2028.01,2028.01,2026.755,2026.86,296
1705882500,2026.86,2027.545,2026.765,2026.77,265
1705882800,2026.77,2027.47,2026.76,2026.91,250
1705883100,2026.91,2026.91,2025.545,2026.21,132
1705883400,2026.21,2026.855,2026.11,2026.845,196
1705883700,2026.845,2027.27,2026.465,2026.655,167
1705884000,2026.655,2027.885,2026.5,2027.795,291
1705884300,2027.795,2028.875,2027.79,2028.82,339
1705884600,2028.82,2029.23,2028.025,2028.09,537
1705884900,2028.09,2029.295,2028.085,2029.065,242
1705885200,2029.065,2030.345,2028.75,2030.32,633
1705885500,2030.32,2031.125,2029.925,2031.125,421
1705885800,2031.125,2032.175,2030.555,2031.04,887
1705886100,2031.04,2031.425,2030.015,2030.585,734
1705886400,2030.585,2030.87,2030.145,2030.545,492
1705886700,2030.545,2030.925,2030.13,2030.76,552
1705887000,2030.76,2030.76,2029.82,2030.34,445
1705887300,2030.34,2030.655,2030.08,2030.495,405
1705887600,2030.495,2030.73,2029.98,2030.685,492
1705887900,2030.685,2031.115,2030.17,2030.38,329
1705888200,2030.38,2030.38,2029.065,2029.125,533
1705888500,2029.125,2029.305,2029.08,2029.2,162
1705888800,2029.2,2029.355,2028.425,2028.815,473
1705889100,2028.815,2029.85,2028.735,2029.51,337
1705889400,2029.51,2030.12,2029.175,2029.605,345
1705889700,2029.605,2029.64,2028.765,2029.385,138
1705890000,2029.385,2029.53,2029.14,2029.455,120
1705890300,2029.455,2029.73,2029.195,2029.615,177
1705890600,2029.615,2029.995,2029.16,2029.205,242
1705890900,2029.205,2029.89,2029.04,2029.88,235
1705891200,2029.88,2030.075,2029.36,2029.835,330
1705891500,2029.835,2029.93,2029.365,2029.365,186
1705891800,2029.365,2030.015,2029.355,2029.63,193
1705892100,2029.63,2029.99,2029.515,2029.91,181
1705892400,2029.91,2029.92,2028.745,2029.2,432
1705892700,2029.2,2029.66,2029.155,2029.345,276
1705893000,2029.345,2029.36,2027.855,2027.855,266
1705893300,2027.855,2027.92,2026.935,2027.245,483
1705893600,2027.245,2027.69,2026.72,2026.82,339
1705893900,2026.82,2027.03,2026.57,2026.645,346
1705894200,2026.645,2027.115,2026.465,2026.86,254
1705894500,2026.86,2027.795,2026.66,2027.42,332
1705894800,2027.42,2027.425,2026.065,2026.865,197
1705895100,2026.865,2026.96,2026.425,2026.68,114
1705895400,2026.68,2027.055,2026.675,2027.04,265
1705895700,2027.04,2027.12,2026.685,2027.03,117
1705896000,2027.03,2027.185,2026.02,2026.605,296
1705896300,2026.605,2026.99,2026.31,2026.73,298
1705896600,2026.73,2027.135,2026.675,2027.025,99
1705896900,2027.025,2027.13,2026.46,2027.005,228
1705897200,2027.005,2027.215,2026.965,2027.015,209
1705897500,2027.015,2027.115,2026.535,2026.655,151
1705897800,2026.655,2026.775,2026,2026.1,168
1705898100,2026.1,2026.295,2025.97,2026.01,114
1705898400,2026.01,2026.32,2025.185,2025.455,383
1705898700,2025.455,2025.54,2024.745,2025.255,295
1705899000,2025.255,2025.46,2025.255,2025.425,211
1705899300,2025.425,2025.575,2025.115,2025.555,109
1705899600,2025.555,2025.57,2024.895,2025.2,157
1705899900,2025.2,2025.21,2024.7,2025.02,222
1705900200,2025.02,2025.045,2024.105,2024.15,314
1705900500,2024.15,2024.195,2022.66,2022.945,562
1705900800,2022.945,2023.385,2022.78,2022.89,526
1705901100,2022.89,2023.4,2021.915,2023.24,420
1705901400,2023.24,2024.04,2022.695,2024.035,560
1705901700,2024.035,2024.385,2023.745,2023.855,483
1705902000,2023.855,2023.985,2022.91,2022.91,449
1705902300,2022.91,2023.89,2022.32,2023.375,695
1705902600,2023.375,2023.385,2022.445,2022.94,690
1705902900,2022.94,2023.915,2022.875,2023.305,656
1705903200,2023.305,2023.965,2023.095,2023.645,510
1705903500,2023.645,2023.645,2022.39,2022.7,612
1705903800,2022.7,2023.09,2020.475,2020.8,910
1705904100,2020.8,2021.98,2020.115,2021.655,914
1705904400,2021.655,2023.285,2021.49,2023.195,806
1705904700,2023.195,2024.34,2023.08,2024.315,562
1705905000,2024.315,2024.55,2022.895,2023.025,580
1705905300,2023.025,2023.025,2021.815,2022.39,564
1705905600,2022.39,2022.49,2021.545,2022.07,232
1705905900,2022.07,2022.77,2021.915,2022.42,357
1705906200,2022.42,2022.56,2020.445,2020.805,436
1705906500,2020.805,2021.395,2020.655,2020.965,633
1705906800,2020.965,2021.4,2019.145,2020.81,818
1705907100,2020.81,2021.69,2020.355,2021.19,749
1705907400,2021.19,2022.505,2021.035,2022.35,521
1705907700,2022.35,2024.315,2021.725,2023.86,832
1705908000,2023.86,2024.42,2023.415,2023.415,900
1705908300,2023.415,2023.645,2022.555,2022.555,558
1705908600,2022.555,2023.095,2021.885,2023.03,488
1705908900,2023.03,2023.06,2021.555,2021.85,491
1705909200,2021.85,2023.6,2021.68,2022.875,451
1705909500,2022.875,2023.725,2022.83,2023.42,246
1705909800,2023.42,2024.305,2022.815,2022.91,366
1705910100,2022.91,2022.99,2021.82,2021.825,611
1705910400,2021.825,2023.105,2020.935,2022.61,740
1705910700,2022.61,2022.645,2021.09,2021.755,553
1705911000,2021.755,2023.685,2021.755,2023.195,570
1705911300,2023.195,2023.695,2022.51,2023.21,344
1705911600,2023.21,2024.605,2023.21,2024.25,512
1705911900,2024.25,2026.335,2024.165,2025.24,872
1705912200,2025.24,2025.375,2022.58,2022.985,663
1705912500,2022.985,2023.945,2022.605,2023.155,661
1705912800,2023.155,2023.43,2022.625,2022.73,691
1705913100,2022.73,2022.775,2021.875,2021.875,623
1705913400,2021.875,2022.18,2020.49,2021.065,602
1705913700,2021.065,2022.34,2020.81,2022.33,827
1705914000,2022.33,2022.33,2021.345,2021.81,387
1705914300,2021.81,2023.145,2021.755,2023.06,225
1705914600,2023.06,2023.705,2022.535,2022.59,235
1705914900,2022.59,2023.84,2022.27,2023.755,307
1705915200,2023.755,2024.025,2023.03,2023.045,565
1705915500,2023.045,2023.06,2022.155,2022.415,240
1705915800,2022.415,2023.02,2021.825,2022.695,248
1705916100,2022.695,2022.86,2021.56,2021.65,292
1705916400,2021.65,2021.65,2020.65,2021.5,281
1705916700,2021.5,2022.495,2021.3,2022.035,243
1705917000,2022.035,2022.49,2021.655,2021.99,422
1705917300,2021.99,2022.09,2021.675,2021.75,371
1705917600,2021.75,2022.425,2021.14,2021.88,314
1705917900,2021.88,2022.23,2021.335,2021.91,326
1705918200,2021.91,2022.86,2021.865,2022.845,275
1705918500,2022.845,2023.345,2022.305,2023.145,291
1705918800,2023.145,2024.26,2023.005,2024.025,414
1705919100,2024.025,2024.205,2023.43,2023.76,461
1705919400,2023.76,2024.555,2023.255,2023.28,434
1705919700,2023.28,2023.4,2022.93,2023.01,181
1705920000,2023.01,2023.975,2022.755,2023.77,241
1705920300,2023.77,2024.215,2023.56,2024.155,468
1705920600,2024.155,2024.625,2023.77,2024.025,378
1705920900,2024.025,2024.025,2022.505,2022.9,528
1705921200,2022.9,2023.075,2022.265,2022.91,421
1705921500,2022.91,2023.33,2022.62,2022.825,424
1705921800,2022.825,2023.455,2022.415,2023.285,382
1705922100,2023.285,2024.6,2023.155,2023.985,511
1705922400,2023.985,2024.245,2023.2,2023.335,333
1705922700,2023.335,2023.48,2022.93,2023.41,179
1705923000,2023.41,2023.845,2023.075,2023.755,269
1705923300,2023.755,2025.895,2023.555,2025.83,545
1705923600,2025.83,2025.895,2024.91,2025.36,345
1705923900,2025.36,2026.035,2025.07,2025.17,332
1705924200,2025.17,2025.94,2025.045,2025.89,606
1705924500,2025.89,2026.615,2025.58,2026.2,372
1705924800,2026.2,2026.54,2025.44,2025.78,424
1705925100,2025.78,2027.375,2025.425,2025.93,670
1705925400,2025.93,2026.33,2025.29,2026.33,650
1705925700,2026.33,2027.585,2026.315,2027.455,863
1705926000,2027.455,2028.47,2027.21,2028.44,782
1705926300,2028.44,2029.17,2027.115,2028.065,771
1705926600,2028.065,2028.64,2027.645,2027.645,904
1705926900,2027.645,2028.17,2027.29,2027.84,851
1705927200,2027.84,2030.115,2027.84,2029.71,873
1705927500,2029.71,2029.71,2028.84,2029.045,666
1705927800,2029.045,2030.18,2029.005,2030.09,625
1705928100,2030.09,2030.09,2029.475,2029.765,724
1705928400,2029.765,2029.765,2027.265,2027.64,1207
1705928700,2027.64,2028.68,2027.02,2027.54,1003
1705929000,2027.54,2027.555,2025.98,2026.075,939
1705929300,2026.075,2026.3,2024.465,2024.835,813
1705929600,2024.835,2027.01,2024.345,2026.075,1149
1705929900,2026.075,2026.1,2024.885,2025.31,1169
1705930200,2025.31,2025.395,2022.745,2022.84,1574
1705930500,2022.84,2024.265,2022.79,2022.975,1308
1705930800,2022.975,2024.19,2022.95,2023.075,1201
1705931100,2023.075,2023.825,2022.4,2022.485,1038
1705931400,2022.485,2024.2,2021.3,2023.33,1566
1705931700,2023.33,2024.93,2023.04,2023.23,1341
1705932000,2023.23,2023.345,2021.5,2021.675,1393
1705932300,2021.675,2022.56,2020.98,2021.925,1160
1705932600,2021.925,2023.675,2021.865,2023.31,1051
1705932900,2023.31,2024,2022.605,2022.8,1018
1705933200,2022.8,2022.99,2021.93,2022.55,1061
1705933500,2022.55,2022.705,2020.455,2020.735,897
1705933800,2020.735,2022.06,2019.635,2021.93,1525
1705934100,2021.93,2023.275,2021.47,2022.17,1433
1705934400,2022.17,2022.885,2016.605,2018.285,1754
1705934700,2018.285,2022.595,2018.285,2022.02,1634
1705935000,2022.02,2023.875,2021.73,2023.49,1289
1705935300,2023.49,2024,2022.74,2022.785,1299
1705935600,2022.785,2023.11,2020.78,2021.935,1193
1705935900,2021.935,2023.855,2021.635,2023.375,1020
1705936200,2023.375,2025.035,2023.19,2024.85,979
1705936500,2024.85,2026.1,2024.625,2024.825,1255
1705936800,2024.825,2026.495,2024.825,2025.515,834
1705937100,2025.515,2026.57,2025.165,2026.32,897
1705937400,2026.32,2026.615,2023.795,2024.295,1013
1705937700,2024.295,2025.47,2024.125,2025.09,855
1705938000,2025.09,2026.14,2024.505,2025.1,940
1705938300,2025.1,2026.155,2024.445,2024.5,1011
1705938600,2024.5,2025.79,2023.935,2024.61,651
1705938900,2024.61,2024.82,2023.505,2024.195,797
1705939200,2024.195,2024.205,2022.525,2022.81,934
1705939500,2022.81,2023.165,2021.965,2022.535,814
1705939800,2022.535,2022.535,2021.55,2022.03,716
1705940100,2022.03,2023.165,2021.56,2022.76,788
1705940400,2022.76,2023.285,2022.635,2023.065,632
1705940700,2023.065,2023.48,2022.065,2023.285,649
1705941000,2023.285,2023.885,2022.99,2023.44,635
1705941300,2023.44,2024.275,2023.25,2023.855,507
1705941600,2023.855,2024.175,2023.21,2023.51,626
1705941900,2023.51,2024.04,2023.01,2023.02,605
1705942200,2023.02,2023.62,2022.81,2023.075,519
1705942500,2023.075,2024,2023.075,2023.665,527
1705942800,2023.665,2023.94,2022.98,2022.98,451
1705943100,2022.98,2022.98,2021.96,2022.245,604
1705943400,2022.245,2024.62,2022.185,2024.255,610
1705943700,2024.255,2024.485,2023.545,2023.79,415
1705944000,2023.79,2024.58,2023.7,2024.21,247
1705944300,2024.21,2024.21,2023.23,2023.365,431
1705944600,2023.365,2023.785,2023.095,2023.1,416
1705944900,2023.1,2023.13,2022.4,2022.58,274
1705945200,2022.58,2022.905,2022.23,2022.835,546
1705945500,2022.835,2023.535,2022.655,2022.715,352
1705945800,2022.715,2022.75,2022.185,2022.26,462
1705946100,2022.26,2022.425,2021.405,2021.59,537
1705946400,2021.59,2021.895,2021.035,2021.395,518
1705946700,2021.395,2021.93,2021.1,2021.145,387
1705947000,2021.145,2021.85,2020.85,2021.125,285
1705947300,2021.125,2021.655,2020.965,2021.065,352
1705947600,2021.065,2021.875,2020.86,2021.69,497
1705947900,2021.69,2021.695,2020.195,2021.04,418
1705948200,2021.04,2021.975,2020.935,2021.105,593
1705948500,2021.105,2021.645,2021.06,2021.14,459
1705948800,2021.14,2021.315,2020.585,2020.585,397
1705949100,2020.585,2020.935,2019.925,2019.96,448
1705949400,2019.96,2021.24,2019.86,2020.95,506
1705949700,2020.95,2021.635,2020.81,2021.39,246
1705950000,2021.39,2021.69,2021.055,2021.06,183
1705950300,2021.06,2021.34,2020.795,2020.935,231
1705950600,2020.935,2020.935,2019.92,2020.01,299
1705950900,2020.01,2020.06,2019.29,2019.45,279
1705951200,2019.45,2020.2,2019.205,2019.875,471
1705951500,2019.875,2020.515,2019.82,2020.31,299
1705951800,2020.31,2020.585,2019.87,2020.04,384
1705952100,2020.04,2020.66,2019.915,2020.49,448
1705952400,2020.49,2020.535,2020.12,2020.195,238
1705952700,2020.195,2020.965,2020.09,2020.925,278
1705953000,2020.925,2021.435,2020.825,2021.115,344
1705953300,2021.115,2021.245,2020.84,2021.08,420
1705953600,2021.08,2021.13,2020.15,2020.22,440
1705953900,2020.22,2020.225,2019.735,2020.175,519
1705954200,2020.175,2020.27,2019.71,2020.265,341
1705954500,2020.265,2020.61,2019.98,2020.265,228
1705954800,2020.265,2020.375,2019.725,2019.825,291
1705955100,2019.825,2019.905,2019.285,2019.865,419
1705955400,2019.865,2020.455,2019.865,2020.055,313
1705955700,2020.055,2020.395,2020.01,2020.185,278
1705956000,2020.185,2020.6,2020.175,2020.55,324
1705956300,2020.55,2020.895,2020.45,2020.55,388
1705956600,2020.55,2021.12,2020.545,2020.6,283
1705956900,2020.6,2021.085,2020.59,2020.905,309
1705957200,2020.905,2021.07,2020.51,2020.555,285
1705957500,2020.555,2020.56,2020.285,2020.495,236
1705957800,2020.495,2020.625,2020.3,2020.42,245
1705958100,2020.42,2020.785,2020.37,2020.74,213
1705958400,2020.74,2020.87,2020.46,2020.62,183
1705958700,2020.62,2020.73,2020.45,2020.63,72
1705959000,2020.63,2020.84,2020.43,2020.675,140
1705959300,2020.675,2020.85,2020.58,2020.78,146
1705959600,2020.78,2021.52,2020.72,2021.455,184
1705959900,2021.455,2021.555,2021.175,2021.245,107
1705960200,2021.245,2021.365,2021.085,2021.355,153
1705960500,2021.355,2021.72,2021.275,2021.66,49
1705964400,2021.66,2021.9,2021.66,2021.78,38
1705964700,2021.78,2022.02,2021.53,2021.53,128
1705965000,2021.53,2021.53,2021.065,2021.355,109
1705965300,2021.355,2021.585,2020.95,2021.095,164
1705965600,2021.095,2021.325,2020.955,2021.255,100
1705965900,2021.255,2021.46,2021.115,2021.215,83
1705966200,2021.215,2021.35,2020.96,2020.96,42
1705966500,2020.96,2021.215,2020.58,2021.07,148
1705966800,2021.07,2021.245,2020.575,2021.06,187
1705967100,2021.06,2021.16,2020.84,2021.055,127
1705967400,2021.055,2021.08,2020.87,2020.875,98
1705967700,2020.875,2021.08,2020.74,2020.785,110
1705968000,2020.785,2021.71,2020.785,2021.455,259
1705968300,2021.455,2021.87,2021.14,2021.66,258
1705968600,2021.66,2022.17,2021.38,2022.03,214
1705968900,2022.03,2022.11,2021.67,2021.955,214
1705969200,2021.955,2022.13,2021.92,2021.945,60
1705969500,2021.945,2022.03,2021.76,2021.93,146
1705969800,2021.93,2022.205,2021.72,2021.99,158
1705970100,2021.99,2022.206,2021.905,2021.965,217
1705970400,2021.965,2022.37,2021.935,2022.285,182
1705970700,2022.285,2022.85,2022.285,2022.55,144
1705971000,2022.55,2023.17,2022.545,2022.64,292
1705971300,2022.64,2022.865,2022.55,2022.805,287
1705971600,2022.805,2022.935,2022.26,2022.415,502
1705971900,2022.415,2022.53,2021.8,2022.255,300
1705972200,2022.255,2022.51,2022.11,2022.285,371
1705972500,2022.285,2022.295,2020.555,2020.77,573
1705972800,2020.77,2020.945,2019.675,2020.13,382
1705973100,2020.13,2020.815,2019.87,2020.67,325
1705973400,2020.67,2020.865,2020.3,2020.72,433
1705973700,2020.72,2021.505,2020.51,2020.955,403
1705974000,2020.955,2021.735,2020.565,2020.81,429
1705974300,2020.81,2021.26,2020.115,2020.41,311
1705974600,2020.41,2020.63,2019.85,2019.855,355
1705974900,2019.855,2021.95,2019.72,2021.765,833
1705975200,2021.765,2021.78,2020.835,2021.38,699
1705975500,2021.38,2022.385,2020.915,2021.035,1218
1705975800,2021.035,2021.565,2020.84,2021.395,633
1705976100,2021.395,2022.725,2021.375,2022.575,486
1705976400,2022.575,2023.015,2022.575,2022.845,535
1705976700,2022.845,2023.16,2022.84,2022.94,265
1705977000,2022.94,2023.16,2022.715,2023.065,297
1705977300,2023.065,2024.12,2022.97,2024.035,330
1705977600,2024.035,2024.25,2023.44,2023.67,230
1705977900,2023.67,2023.69,2023.025,2023.5,222
1705978200,2023.5,2023.5,2022.875,2023.095,217
1705978500,2023.095,2023.145,2022.53,2022.73,412
1705978800,2022.73,2023.085,2022.565,2022.765,429
1705979100,2022.765,2022.78,2021.805,2022.445,617
1705979400,2022.445,2022.7,2021.915,2021.955,789
1705979700,2021.955,2023.47,2021.79,2022.66,472
1705980000,2022.66,2023.56,2022.585,2023.475,257
1705980300,2023.475,2024.395,2023.265,2024.02,360
1705980600,2024.02,2024.445,2023.58,2024.085,207
1705980900,2024.085,2025.05,2024.085,2024.815,331
1705981200,2024.815,2025.535,2024.51,2025.13,419
1705981500,2025.13,2026.41,2025.13,2026.17,489
1705981800,2026.17,2027.06,2026.12,2026.94,462
1705982100,2026.94,2027.99,2026.895,2027.55,470
1705982400,2027.55,2027.8,2027.13,2027.8,453
1705982700,2027.8,2027.875,2027.085,2027.27,250
1705983000,2027.27,2027.93,2027.205,2027.76,225
1705983300,2027.76,2027.955,2027.49,2027.615,168
1705983600,2027.615,2027.63,2026.875,2026.98,171
1705983900,2026.98,2027.59,2026.79,2027.295,235
1705984200,2027.295,2027.865,2027,2027.09,299
1705984500,2027.09,2027.745,2027.005,2027.425,175
1705984800,2027.425,2027.885,2027.03,2027.135,213
1705985100,2027.135,2027.68,2027.075,2027.43,256
1705985400,2027.43,2027.6,2027.325,2027.44,282
1705985700,2027.44,2027.79,2027.41,2027.715,409
1705986000,2027.715,2028.795,2027.69,2028.62,503
1705986300,2028.62,2029.075,2028.36,2028.885,327
1705986600,2028.885,2028.92,2027.61,2027.695,376
1705986900,2027.695,2028.035,2027.32,2027.92,306
1705987200,2027.92,2028.65,2027.915,2028.525,177
1705987500,2028.525,2030.135,2028.255,2029.93,699
1705987800,2029.93,2030.335,2029.315,2029.485,870
1705988100,2029.485,2030.12,2029.395,2029.89,442
1705988400,2029.89,2030.955,2029.745,2030.735,460
1705988700,2030.735,2031.07,2029.78,2029.83,608
1705989000,2029.83,2030.69,2029.83,2030.62,226
1705989300,2030.62,2031.75,2030.62,2030.84,578
1705989600,2030.84,2031.01,2029.94,2030.715,583
1705989900,2030.715,2030.885,2029.525,2029.56,576
1705990200,2029.56,2029.995,2029.155,2029.835,568
1705990500,2029.835,2030.165,2029.37,2029.7,423
1705990800,2029.7,2031.04,2029.695,2030.65,451
1705991100,2030.65,2031.04,2030.03,2030.475,484
1705991400,2030.475,2030.56,2029.74,2030.115,667
1705991700,2030.115,2030.985,2030.075,2030.775,854
1705992000,2030.775,2031.04,2029.89,2030.59,909
1705992300,2030.59,2031.57,2030.485,2031.325,674
1705992600,2031.325,2032.31,2031.32,2032.035,631
1705992900,2032.035,2036,2031.785,2035.21,1211
1705993200,2035.21,2036.55,2034.87,2035.57,1055
1705993500,2035.57,2037.975,2034.78,2034.88,987
1705993800,2034.88,2035.175,2033.25,2033.9,917
1705994100,2033.9,2034.165,2032.24,2032.295,755
1705994400,2032.295,2032.495,2029.05,2029.76,1172
1705994700,2029.76,2030.13,2027.8,2029.615,1144
1705995000,2029.615,2032.245,2029.275,2031.63,1213
1705995300,2031.63,2031.63,2029.39,2030.93,721
1705995600,2030.93,2031.44,2029.89,2030.405,348
1705995900,2030.405,2031.21,2030.15,2030.215,625
1705996200,2030.215,2031.79,2030.125,2031.56,601
1705996500,2031.56,2031.99,2030.985,2031.73,568
1705996800,2031.73,2031.815,2029.845,2030.34,932
1705997100,2030.34,2031.065,2029.51,2030.32,749
1705997400,2030.32,2031.355,2030.105,2031.03,643
1705997700,2031.03,2031.28,2029.596,2030.115,490
1705998000,2030.115,2030.825,2028.62,2029.625,558
1705998300,2029.625,2030.255,2029.025,2030.22,558
1705998600,2030.22,2031.12,2029.63,2030.94,464
1705998900,2030.94,2030.94,2028.955,2028.955,210
1705999200,2028.955,2029.415,2027.79,2029.285,609
1705999500,2029.285,2030.23,2029.26,2029.645,664
1705999800,2029.645,2029.655,2028.585,2029.12,196
1706000100,2029.12,2029.535,2028.775,2029,471
1706000400,2029,2030.205,2028.315,2028.55,728
1706000700,2028.55,2028.675,2027.8,2028.39,543
1706001000,2028.39,2029.73,2027.765,2029.36,772
1706001300,2029.36,2029.77,2028.915,2029.72,660
1706001600,2029.72,2030.275,2029.55,2030.085,381
1706001900,2030.085,2030.085,2028.975,2030.02,312
1706002200,2030.02,2030.63,2029.815,2029.93,274
1706002500,2029.93,2030.085,2028.79,2029.27,268
1706002800,2029.27,2029.455,2028.875,2029.155,392
1706003100,2029.155,2029.21,2027.495,2027.65,452
1706003400,2027.65,2028.48,2027.15,2028.17,394
1706003700,2028.17,2029.025,2028.015,2028.85,316
1706004000,2028.85,2028.85,2027.585,2027.645,488
1706004300,2027.645,2028.06,2026.105,2027.695,858
1706004600,2027.695,2027.975,2027.08,2027.96,589
1706004900,2027.96,2028.025,2027.225,2027.63,529
1706005200,2027.63,2027.77,2026.52,2026.84,278
1706005500,2026.84,2027.135,2026.195,2026.9,236
1706005800,2026.9,2027.16,2026.48,2027.16,442
1706006100,2027.16,2027.535,2026.68,2027.085,335
1706006400,2027.085,2027.13,2025.955,2026.17,202
1706006700,2026.17,2026.17,2025.33,2025.715,352
1706007000,2025.715,2025.715,2024.89,2025.22,401
1706007300,2025.22,2025.39,2024.83,2025.175,369
1706007600,2025.175,2025.19,2023.675,2024.65,568
1706007900,2024.65,2025.115,2024.03,2024.915,423
1706008200,2024.915,2026.275,2024.88,2026.08,458
1706008500,2026.08,2026.095,2025.135,2025.415,472
1706008800,2025.415,2025.56,2023.94,2024.2,420
1706009100,2024.2,2024.205,2022.445,2023.56,733
1706009400,2023.56,2023.89,2023.25,2023.415,435
1706009700,2023.415,2024.33,2022.54,2024.005,552
1706010000,2024.005,2024.005,2022.635,2023.565,422
1706010300,2023.565,2024.005,2023.1,2023.985,502
1706010600,2023.985,2024.25,2023.235,2023.685,368
1706010900,2023.685,2024.04,2023.205,2024.03,408
1706011200,2024.03,2024.13,2023.305,2024.12,573
1706011500,2024.12,2025.12,2024.055,2024.495,483
1706011800,2024.495,2024.82,2023.95,2024.82,567
1706012100,2024.82,2025.25,2024.07,2024.635,608
1706012400,2024.635,2025.625,2024.3,2025.615,564
1706012700,2025.615,2025.825,2023.985,2024.17,533
1706013000,2024.17,2024.65,2024.05,2024.555,414
1706013300,2024.555,2024.91,2024.105,2024.815,404
1706013600,2024.815,2025.02,2024.235,2024.88,457
1706013900,2024.88,2025.265,2024.495,2025.105,449
1706014200,2025.105,2026.525,2024.28,2026.52,699
1706014500,2026.52,2027.04,2025.685,2025.76,604
1706014800,2025.76,2027.415,2025.76,2026.79,1311
1706015100,2026.79,2027.04,2025.86,2026.04,646
1706015400,2026.04,2026.305,2025.35,2026.11,784
1706015700,2026.11,2027.355,2026.11,2026.785,728
1706016000,2026.785,2028.095,2026.54,2027.16,994
1706016300,2027.16,2030.55,2026.335,2028.305,1011
1706016600,2028.305,2028.44,2026.165,2026.505,1161
1706016900,2026.505,2027.985,2026.505,2026.77,691
1706017200,2026.77,2026.77,2025.45,2025.81,778
1706017500,2025.81,2026.8,2025.46,2025.72,891
1706017800,2025.72,2025.875,2023.98,2025.13,814
1706018100,2025.13,2025.34,2023.38,2025.015,904
1706018400,2025.015,2026.205,2024.75,2025.78,772
1706018700,2025.78,2025.78,2023.99,2024.185,799
1706019000,2024.185,2024.205,2023.22,2024.02,835
1706019300,2024.02,2024.265,2023.4,2023.88,545
1706019600,2023.88,2024.24,2023.185,2023.755,619
1706019900,2023.755,2023.775,2023.015,2023.565,568
1706020200,2023.565,2024.225,2021.925,2022.935,1439
1706020500,2022.935,2025.565,2021.475,2024.115,1492
1706020800,2024.115,2024.52,2021.645,2023.62,1528
1706021100,2023.62,2023.81,2022.395,2022.785,1046
1706021400,2022.785,2023.89,2021.935,2023.475,900
1706021700,2023.475,2023.94,2022.085,2023.225,1172
1706022000,2023.225,2024.465,2022.97,2023.87,1219
1706022300,2023.87,2026.615,2023.87,2025.705,1511
1706022600,2025.705,2025.715,2023.64,2024.18,951
1706022900,2024.18,2025.095,2023.68,2024.855,1010
1706023200,2024.855,2025.715,2023.895,2023.96,1022
1706023500,2023.96,2025.02,2023.38,2024.67,950
1706023800,2024.67,2024.885,2023.87,2024.135,928
1706024100,2024.135,2025.835,2023.535,2025.64,839
1706024400,2025.64,2026.02,2023.765,2024.56,954
1706024700,2024.56,2026.285,2024.495,2026.18,905
1706025000,2026.18,2026.825,2025.51,2025.995,935
1706025300,2025.995,2026.1,2025.19,2025.205,790
1706025600,2025.205,2026.375,2024.87,2026.23,702
1706025900,2026.23,2027.175,2026.165,2026.685,473
1706026200,2026.685,2027.81,2026.17,2026.23,746
1706026500,2026.23,2026.545,2024.69,2025.165,649
1706026800,2025.165,2025.805,2024.965,2025.265,603
1706027100,2025.265,2025.37,2023.795,2023.815,662
1706027400,2023.815,2024.37,2023.38,2023.955,680
1706027700,2023.955,2025.125,2023.715,2024.88,226
1706028000,2024.88,2025.72,2024.585,2025.46,499
1706028300,2025.46,2025.865,2024.885,2025.27,434
1706028600,2025.27,2026.435,2025.27,2026.28,547
1706028900,2026.28,2026.345,2025.42,2025.83,541
1706029200,2025.83,2026.12,2024.81,2025.12,574
1706029500,2025.12,2025.7,2024.74,2025.07,491
1706029800,2025.07,2025.115,2024.05,2024.64,489
1706030100,2024.64,2024.665,2023.56,2023.61,374
1706030400,2023.61,2024.15,2023.45,2023.88,128
1706030700,2023.88,2024.67,2023.8,2024.4,111
1706031000,2024.4,2024.58,2023.92,2023.92,109
1706031300,2023.92,2024.06,2022.92,2023.005,364
1706031600,2023.005,2023.375,2022.73,2023.16,527
1706031900,2023.16,2023.315,2022.815,2023.3,411
1706032200,2023.3,2024.275,2022.755,2024.13,435
1706032500,2024.13,2024.82,2023.995,2024.34,186
1706032800,2024.34,2024.54,2023.93,2024.05,131
1706033100,2024.05,2024.3,2023.65,2023.98,140
1706033400,2023.98,2024.01,2023.37,2023.56,312
1706033700,2023.56,2023.745,2023.08,2023.095,346
1706034000,2023.095,2024.205,2023.095,2023.475,165
1706034300,2023.475,2024.835,2023.475,2024.75,351
1706034600,2024.75,2025.835,2023.99,2025.72,243
1706034900,2025.72,2025.885,2025.135,2025.195,490
1706035200,2025.195,2025.855,2025.18,2025.77,516
1706035500,2025.77,2025.875,2025.47,2025.845,595
1706035800,2025.845,2025.865,2025.345,2025.585,422
1706036100,2025.585,2025.715,2024.905,2025.36,508
1706036400,2025.36,2025.545,2024.885,2024.98,348
1706036700,2024.98,2025.67,2024.96,2025.67,323
1706037000,2025.67,2027.15,2025.595,2027.15,355
1706037300,2027.15,2028.53,2026.66,2028.39,422
1706037600,2028.39,2028.84,2027.515,2027.645,529
1706037900,2027.645,2028.6,2027.545,2028.37,482
1706038200,2028.37,2030.48,2028.37,2029.755,711
1706038500,2029.755,2030.72,2029.355,2029.77,618
1706038800,2029.77,2030.48,2028.935,2030.105,651
1706039100,2030.105,2030.355,2029.61,2030.025,458
1706039400,2030.025,2030.495,2029.7,2029.92,409
1706039700,2029.92,2030.135,2029.735,2029.92,512
1706040000,2029.92,2030.025,2028.795,2029.1,517
1706040300,2029.1,2029.295,2028.975,2029.195,292
1706040600,2029.195,2030.31,2029.19,2029.445,432
1706040900,2029.445,2029.695,2029.29,2029.365,366
1706041200,2029.365,2029.37,2028.4,2028.895,382
1706041500,2028.895,2028.895,2028.525,2028.69,282
1706041800,2028.69,2028.875,2028.255,2028.265,290
1706042100,2028.265,2028.825,2028.265,2028.66,262
1706042400,2028.66,2029,2028.59,2028.65,239
1706042700,2028.65,2028.93,2028.185,2028.22,220
1706043000,2028.22,2028.935,2028.22,2028.77,261
1706043300,2028.77,2028.8,2028.335,2028.72,553
1706043600,2028.72,2028.845,2028.27,2028.44,349
1706043900,2028.44,2028.48,2028.155,2028.455,253
1706044200,2028.455,2028.52,2028.09,2028.1,215
1706044500,2028.1,2028.355,2027.915,2028.285,234
1706044800,2028.285,2028.505,2028.17,2028.385,84
1706045100,2028.385,2028.72,2028.385,2028.5,40
1706045400,2028.5,2029.13,2028.495,2029.13,245
1706045700,2029.13,2029.28,2028.955,2029.045,240
1706046000,2029.045,2029.23,2028.76,2028.87,209
1706046300,2028.87,2029.1,2028.81,2028.835,178
1706046600,2028.835,2029.255,2028.75,2029.23,123
1706046900,2029.23,2029.295,2029.01,2029.155,59
1706050800,2029.155,2029.51,2029.01,2029.405,67
1706051100,2029.405,2029.645,2029.325,2029.595,61
1706051400,2029.595,2029.69,2029.38,2029.595,116
1706051700,2029.595,2029.705,2029.005,2029.405,235
1706052000,2029.405,2029.44,2029.035,2029.34,232
1706052300,2029.34,2029.405,2027.755,2027.87,339
1706052600,2027.87,2028.04,2027.43,2027.725,292
1706052900,2027.725,2028.81,2027.465,2028.11,423
1706053200,2028.11,2028.715,2027.88,2028.645,122
1706053500,2028.645,2028.645,2027.7,2028.19,150
1706053800,2028.19,2028.48,2027.995,2028.285,145
1706054100,2028.285,2029.58,2028.285,2029.415,336
1706054400,2029.415,2029.415,2028.38,2028.795,183
1706054700,2028.795,2029.06,2028.625,2028.915,74
1706055000,2028.915,2028.915,2028.43,2028.43,91
1706055300,2028.43,2028.575,2028.225,2028.5,217
1706055600,2028.5,2028.74,2027.805,2027.805,214
1706055900,2027.805,2028.47,2027.375,2027.875,411
1706056200,2027.875,2027.97,2027.66,2027.765,226
1706056500,2027.765,2027.805,2027.305,2027.355,111
1706056800,2027.355,2027.695,2027.285,2027.47,205
1706057100,2027.47,2027.65,2027.06,2027.63,207
1706057400,2027.63,2028.04,2027.465,2027.56,142
1706057700,2027.56,2027.76,2027.485,2027.485,92
1706058000,2027.485,2028.14,2027.035,2027.27,643
1706058300,2027.27,2027.37,2026.84,2027.32,184
1706058600,2027.32,2028.38,2027.255,2028.02,541
1706058900,2028.02,2029.055,2027.865,2027.96,486
1706059200,2027.96,2027.965,2027.28,2027.4,321
1706059500,2027.4,2028.125,2027.345,2028.045,324
1706059800,2028.045,2029.01,2028.04,2028.4,510
1706060100,2028.4,2028.41,2027.225,2027.325,536
1706060400,2027.325,2027.6,2026.94,2027.035,356
1706060700,2027.035,2027.465,2026.525,2027.36,422
1706061000,2027.36,2028.17,2027.155,2027.45,374
1706061300,2027.45,2027.63,2027.165,2027.345,191
1706061600,2027.345,2027.655,2026.64,2026.87,550
1706061900,2026.87,2026.96,2026.59,2026.87,453
1706062200,2026.87,2026.87,2025.31,2025.465,478
1706062500,2025.465,2026.16,2025.12,2025.57,343
1706062800,2025.57,2026.12,2025.355,2025.515,264
1706063100,2025.515,2026.225,2025.515,2025.885,146
1706063400,2025.885,2026.175,2025.645,2025.95,207
1706063700,2025.95,2026.235,2025.4,2025.88,175
1706064000,2025.88,2026.195,2025.675,2025.96,149
1706064300,2025.96,2026,2025.375,2025.546,107
1706064600,2025.546,2025.546,2025.05,2025.1,130
1706064900,2025.1,2025.205,2024.01,2024.245,268
1706065200,2024.245,2024.545,2023.815,2024.09,298
1706065500,2024.09,2024.85,2024.045,2024.65,327
1706065800,2024.65,2025.145,2024.545,2025.025,286
1706066100,2025.025,2025.11,2024.835,2025.02,144
1706066400,2025.02,2025.18,2024.545,2024.64,318
1706066700,2024.64,2024.9,2023.82,2024.82,337
1706067000,2024.82,2025.125,2024.28,2024.43,218
1706067300,2024.43,2024.575,2024.23,2024.555,104
1706067600,2024.555,2024.905,2023.855,2024.9,308
1706067900,2024.9,2025.68,2024.9,2025.61,335
1706068200,2025.61,2025.765,2025,2025.2,397
1706068500,2025.2,2025.315,2024.83,2024.885,291
1706068800,2024.885,2025.07,2024.53,2024.71,332
1706069100,2024.71,2024.85,2024.335,2024.8,143
1706069400,2024.8,2024.87,2024.395,2024.495,118
1706069700,2024.495,2024.71,2024.375,2024.7,216
1706070000,2024.7,2025.145,2024.67,2025.075,209
1706070300,2025.075,2025.125,2024.11,2024.285,130
1706070600,2024.285,2024.72,2024.275,2024.72,136
1706070900,2024.72,2024.965,2024.56,2024.875,176
1706071200,2024.875,2025.735,2024.875,2025.615,199
1706071500,2025.615,2025.79,2025.015,2025.055,116
1706071800,2025.055,2025.355,2025,2025.145,232
1706072100,2025.145,2025.165,2024.425,2024.535,159
1706072400,2024.535,2024.535,2023.49,2024.425,481
1706072700,2024.425,2024.555,2024.06,2024.395,440
1706073000,2024.395,2024.515,2023.975,2024.345,308
1706073300,2024.345,2024.345,2022.97,2022.995,136
1706073600,2022.995,2023.675,2022.89,2023.355,211
1706073900,2023.355,2023.715,2023.19,2023.56,223
1706074200,2023.56,2024.255,2023.56,2024.025,192
1706074500,2024.025,2024.22,2023.6,2024.075,149
1706074800,2024.075,2025.125,2024.045,2024.27,238
1706075100,2024.27,2024.995,2024.01,2024.705,225
1706075400,2024.705,2025.725,2024.705,2025.2,421
1706075700,2025.2,2025.32,2024.345,2024.54,361
1706076000,2024.54,2024.86,2023.735,2024.03,350
1706076300,2024.03,2024.78,2024.03,2024.37,319
1706076600,2024.37,2025.38,2024.37,2025.11,502
1706076900,2025.11,2025.64,2025.015,2025.26,300
1706077200,2025.26,2025.635,2024.805,2025.515,338
1706077500,2025.515,2026.305,2025.19,2026.14,405
1706077800,2026.14,2026.26,2025.755,2026.13,304
1706078100,2026.13,2027.875,2026.045,2027.755,379
1706078400,2027.755,2028.015,2026.92,2027.845,349
1706078700,2027.845,2027.845,2026.6,2026.995,377
1706079000,2026.995,2027.255,2026.65,2026.97,243
1706079300,2026.97,2026.97,2025.98,2026.085,215
1706079600,2026.085,2027.225,2025.85,2027.22,426
1706079900,2027.22,2028.185,2027.21,2027.51,544
1706080200,2027.51,2027.81,2027.18,2027.63,457
1706080500,2027.63,2028.5,2027.035,2028.455,547
1706080800,2028.455,2028.465,2027.52,2027.735,460
1706081100,2027.735,2028.01,2027.475,2027.6,413
1706081400,2027.6,2028.425,2027.49,2028.33,378
1706081700,2028.33,2029.95,2028.195,2029.055,851
1706082000,2029.055,2031.33,2028.49,2031.31,945
1706082300,2031.31,2031.67,2029.69,2030.06,804
1706082600,2030.06,2030.12,2028.79,2028.995,669
1706082900,2028.995,2029.665,2028.83,2029.655,672
1706083200,2029.655,2031.93,2029.655,2030.485,1031
1706083500,2030.485,2030.805,2029.405,2030.055,954
1706083800,2030.055,2030.42,2029.11,2029.515,711
1706084100,2029.515,2029.725,2028.325,2028.985,975
1706084400,2028.985,2030.19,2028.975,2029.56,713
1706084700,2029.56,2029.625,2028.27,2029.265,625
1706085000,2029.265,2032.335,2029.265,2031.895,971
1706085300,2031.895,2031.93,2031,2031.655,830
1706085600,2031.655,2031.715,2030.605,2030.69,577
1706085900,2030.69,2030.97,2030.085,2030.09,590
1706086200,2030.09,2030.39,2029.13,2029.67,453
1706086500,2029.67,2031.01,2029.67,2031.005,382
1706086800,2031.005,2031.26,2029.98,2030.985,620
1706087100,2030.985,2032.86,2030.82,2032.75,882
1706087400,2032.75,2033.475,2032.175,2032.345,756
1706087700,2032.345,2032.83,2031.78,2031.815,491
1706088000,2031.815,2032.775,2031.715,2032.445,545
1706088300,2032.445,2033.165,2032.24,2032.34,596
1706088600,2032.34,2033.125,2032.015,2032.76,726
1706088900,2032.76,2033.485,2032.67,2033.425,572
1706089200,2033.425,2034.205,2032,2032.425,669
1706089500,2032.425,2032.51,2030.96,2031.9,518
1706089800,2031.9,2032.42,2031.69,2031.83,576
1706090100,2031.83,2032.1,2030.86,2030.875,366
1706090400,2030.875,2031.5,2030.495,2031.455,462
1706090700,2031.455,2032.155,2030.95,2032.07,491
1706091000,2032.07,2032.375,2031.745,2031.805,411
1706091300,2031.805,2031.805,2030.48,2030.9,546
1706091600,2030.9,2031.1,2030.56,2030.71,402
1706091900,2030.71,2030.78,2029.735,2030.19,417
1706092200,2030.19,2030.855,2029.89,2030.09,471
1706092500,2030.09,2030.97,2029.63,2030.045,463
1706092800,2030.045,2030.105,2029.35,2030.045,656
1706093100,2030.045,2031.1,2029.93,2030.825,282
1706093400,2030.825,2031.99,2030.825,2031.85,246
1706093700,2031.85,2033.095,2031.85,2032.825,295
1706094000,2032.825,2033.275,2031.545,2032.12,308
1706094300,2032.12,2032.38,2030.925,2031.115,335
1706094600,2031.115,2032.335,2030.925,2031.975,557
1706094900,2031.975,2032.415,2031.95,2032.28,287
1706095200,2032.28,2032.485,2032.125,2032.455,287
1706095500,2032.455,2032.46,2031.54,2032.04,338
1706095800,2032.04,2032.54,2032,2032.15,275
1706096100,2032.15,2032.88,2031.87,2032.185,219
1706096400,2032.185,2032.985,2032.185,2032.985,205
1706096700,2032.985,2033.3,2032.79,2033.105,447
1706097000,2033.105,2034.34,2033,2033.61,547
1706097300,2033.61,2034.255,2033.06,2033.495,637
1706097600,2033.495,2034.475,2033.31,2034.215,688
1706097900,2034.215,2034.33,2033.02,2033.16,523
1706098200,2033.16,2033.685,2032.375,2032.47,555
1706098500,2032.47,2033.405,2031.68,2032.7,697
1706098800,2032.7,2033.25,2032.61,2032.85,601
1706099100,2032.85,2033.665,2032.115,2033.255,608
1706099400,2033.255,2033.745,2032.695,2033.22,582
1706099700,2033.22,2033.81,2032.605,2033.31,728
1706100000,2033.31,2034.34,2033.31,2033.55,611
1706100300,2033.55,2033.63,2032.875,2033.28,642
1706100600,2033.28,2033.48,2032.365,2033.38,777
1706100900,2033.38,2033.405,2032.665,2032.765,738
1706101200,2032.765,2034.315,2032.37,2034.185,1326
1706101500,2034.185,2035.71,2033.84,2034.13,1279
1706101800,2034.13,2034.875,2033.555,2034.245,1176
1706102100,2034.245,2035.925,2033.68,2034.605,1055
1706102400,2034.605,2035.84,2032.71,2032.71,1671
1706102700,2032.71,2036.275,2032.085,2035.755,2242
1706103000,2035.755,2036.735,2034.365,2035.205,2019
1706103300,2035.205,2035.255,2031.365,2033.125,2020
1706103600,2033.125,2034.01,2031.44,2032.59,2011
1706103900,2032.59,2033.495,2032.275,2032.47,1218
1706104200,2032.47,2034.52,2032.315,2034.23,1461
1706104500,2034.23,2035.19,2033.725,2034.04,1395
1706104800,2034.04,2034.81,2032.865,2032.93,1458
1706105100,2032.93,2033.075,2031.655,2032.7,1319
1706105400,2032.7,2033.255,2031.655,2032.915,1006
1706105700,2032.915,2034.47,2032.84,2033.915,983
1706106000,2033.915,2034.33,2032.815,2032.965,1069
1706106300,2032.965,2033.825,2032.475,2033.08,971
1706106600,2033.08,2033.32,2030.785,2031.965,1817
1706106900,2031.965,2032.325,2026.52,2027.535,1937
1706107200,2027.535,2029.855,2027.325,2029.775,1428
1706107500,2029.775,2029.775,2023.035,2024.98,2828
1706107800,2024.98,2026.465,2023.7,2026.12,2311
1706108100,2026.12,2026.26,2023.37,2024.72,2067
1706108400,2024.72,2025.44,2019.2,2021.585,2277
1706108700,2021.585,2024.37,2021.54,2023.93,2193
1706109000,2023.93,2024.175,2021.575,2023.725,1552
1706109300,2023.725,2024.58,2022.84,2022.865,1397
1706109600,2022.865,2022.985,2020.675,2020.875,1404
1706109900,2020.875,2022.34,2019.5,2020.2,1395
1706110200,2020.2,2020.495,2017.705,2018.36,1191
1706110500,2018.36,2018.365,2015.465,2017.635,1613
1706110800,2017.635,2019.3,2016.64,2018.345,1349
1706111100,2018.345,2018.345,2015.535,2015.92,1183
1706111400,2015.92,2016.43,2014.99,2015.25,1004
1706111700,2015.25,2015.965,2014.94,2015.285,1172
1706112000,2015.285,2016.33,2014.88,2015.51,1137
1706112300,2015.51,2015.53,2012.29,2013.325,1275
1706112600,2013.325,2013.745,2011.95,2013.71,1306
1706112900,2013.71,2015.415,2013.405,2015.18,961
1706113200,2015.18,2015.18,2013.17,2014.13,1251
1706113500,2014.13,2015.57,2013.9,2014.21,805
1706113800,2014.21,2014.64,2013.05,2014.38,863
1706114100,2014.38,2014.4,2012.54,2013.12,795
1706114400,2013.12,2013.225,2012.035,2012.235,688
1706114700,2012.235,2013.43,2012.075,2013.045,974
1706115000,2013.045,2015.095,2012.835,2015.09,1005
1706115300,2015.09,2015.69,2014.02,2015.37,757
1706115600,2015.37,2017.335,2015.365,2016.96,653
1706115900,2016.96,2017.115,2015.89,2016.74,524
1706116200,2016.74,2017.69,2016.52,2016.86,1057
1706116500,2016.86,2016.9,2015.845,2016.425,679
1706116800,2016.425,2017.825,2016.14,2017.545,519
1706117100,2017.545,2018.23,2017.25,2017.545,539
1706117400,2017.545,2018.415,2017.24,2017.725,780
1706117700,2017.725,2018.28,2017.185,2018.01,459
1706118000,2018.01,2018.36,2017.785,2017.81,350
1706118300,2017.81,2018.445,2017.66,2018.44,445
1706118600,2018.44,2019.155,2018.34,2018.6,586
1706118900,2018.6,2019.89,2017.97,2019.345,494
1706119200,2019.345,2019.845,2017.72,2018.695,966
1706119500,2018.695,2018.825,2016.535,2017.53,894
1706119800,2017.53,2017.58,2015.715,2015.78,450
1706120100,2015.78,2016.92,2015.66,2016.57,822
1706120400,2016.57,2016.7,2013.5,2014.695,723
1706120700,2014.695,2015.395,2014.28,2015.365,994
1706121000,2015.365,2015.805,2014.735,2015.645,510
1706121300,2015.645,2016.13,2014.99,2014.99,521
1706121600,2014.99,2015.085,2014.095,2014.3,376
1706121900,2014.3,2014.64,2013.825,2014.57,326
1706122200,2014.57,2015.535,2014.445,2015.385,387
1706122500,2015.385,2015.615,2014.89,2015.16,361
1706122800,2015.16,2015.385,2014.175,2014.465,307
1706123100,2014.465,2014.885,2014.34,2014.51,235
1706123400,2014.51,2015.005,2014.24,2014.665,272
1706123700,2014.665,2014.88,2013.775,2013.83,387
1706124000,2013.83,2013.9,2011.945,2012.05,621
1706124300,2012.05,2013.14,2011.29,2012.65,806
1706124600,2012.65,2013.345,2012.52,2013.11,519
1706124900,2013.11,2013.385,2011.86,2012.11,622
1706125200,2012.11,2013.105,2011.275,2012.905,503
1706125500,2012.905,2012.96,2011.855,2012.4,195
1706125800,2012.4,2012.595,2012.195,2012.575,363
1706126100,2012.575,2012.6,2011.96,2012.26,449
1706126400,2012.26,2012.99,2011.97,2012.93,425
1706126700,2012.93,2013.79,2012.85,2013.32,365
1706127000,2013.32,2013.865,2012.785,2012.895,292
1706127300,2012.895,2013.34,2012.47,2013.31,197
1706127600,2013.31,2013.45,2012.97,2013.31,210
1706127900,2013.31,2013.565,2012.925,2013.055,264
1706128200,2013.055,2013.55,2012.965,2013.41,376
1706128500,2013.41,2013.565,2013.295,2013.415,147
1706128800,2013.415,2013.64,2012.425,2012.7,221
1706129100,2012.7,2013.085,2012.045,2012.315,381
1706129400,2012.315,2013.035,2012.25,2012.53,573
1706129700,2012.53,2012.675,2011.835,2012.345,507
1706130000,2012.345,2012.615,2012.145,2012.525,279
1706130300,2012.525,2012.545,2012.14,2012.54,228
1706130600,2012.54,2012.96,2012.355,2012.88,150
1706130900,2012.88,2013.045,2012.835,2012.865,100
1706131200,2012.865,2013.025,2012.615,2012.755,123
1706131500,2012.755,2012.76,2012.365,2012.45,78
1706131800,2012.45,2012.61,2012.32,2012.6,157
1706132100,2012.6,2012.7,2012.24,2012.52,198
1706132400,2012.52,2012.77,2012.38,2012.405,170
1706132700,2012.405,2012.89,2012.24,2012.84,172
1706133000,2012.84,2014.63,2012.73,2014.335,220
1706133300,2014.335,2014.645,2014.22,2014.235,301
1706137200,2014.235,2016.26,2014.235,2015.795,116
1706137500,2015.795,2017.02,2015.695,2016.605,204
1706137800,2016.605,2017.25,2016.565,2016.575,218
1706138100,2016.575,2016.99,2015.915,2015.975,342
1706138400,2015.975,2016.695,2015.855,2016.06,248
1706138700,2016.06,2017,2015.78,2016.57,206
1706139000,2016.57,2016.94,2016.055,2016.635,293
1706139300,2016.635,2017.3,2016.515,2017.03,244
1706139600,2017.03,2017.71,2016.91,2017.245,294
1706139900,2017.245,2017.65,2016.705,2016.75,425
1706140200,2016.75,2017.365,2016.56,2016.765,159
1706140500,2016.765,2016.765,2016.405,2016.405,72
1706140800,2016.405,2016.8,2015.955,2015.995,166
1706141100,2015.995,2016.145,2015.445,2015.59,233
1706141400,2015.59,2016.265,2015.255,2015.78,379
1706141700,2015.78,2015.99,2015.485,2015.53,297
1706142000,2015.53,2016.345,2015.53,2015.885,212
1706142300,2015.885,2016.1,2015.68,2015.975,212
1706142600,2015.975,2016.26,2015.75,2015.945,227
1706142900,2015.945,2016.635,2015.86,2016.46,229
1706143200,2016.46,2016.75,2016.04,2016.09,266
1706143500,2016.09,2016.395,2015.34,2015.52,461
1706143800,2015.52,2015.975,2015.335,2015.69,612
1706144100,2015.69,2015.77,2014.94,2015.54,575
1706144400,2015.54,2015.585,2014.84,2015.005,820
1706144700,2015.005,2015.775,2014.8,2015.41,526
1706145000,2015.41,2015.89,2015.105,2015.225,338
1706145300,2015.225,2015.285,2014.705,2015.06,448
1706145600,2015.06,2015.43,2014.84,2014.875,597
1706145900,2014.875,2015.31,2014.605,2015.13,529
1706146200,2015.13,2016.245,2014.985,2016.055,611
1706146500,2016.055,2016.56,2015.675,2016.24,349
1706146800,2016.24,2017.415,2016.24,2017.065,481
1706147100,2017.065,2017.315,2015.845,2015.965,447
1706147400,2015.965,2016.62,2015.865,2016.52,325
1706147700,2016.52,2017.255,2016.34,2016.445,538
1706148000,2016.445,2016.575,2015.945,2016.065,363
1706148300,2016.065,2017.025,2016.01,2016.55,415
1706148600,2016.55,2017.01,2016.32,2016.61,388
1706148900,2016.61,2016.895,2016.265,2016.305,395
1706149200,2016.305,2016.915,2016.105,2016.855,477
1706149500,2016.855,2017.06,2016.545,2016.815,329
1706149800,2016.815,2016.945,2016.47,2016.75,558
1706150100,2016.75,2017.09,2016.435,2016.445,475
1706150400,2016.445,2016.56,2015.3,2015.355,528
1706150700,2015.355,2015.58,2015.15,2015.275,509
1706151000,2015.275,2015.54,2015.07,2015.26,454
1706151300,2015.26,2015.505,2014.66,2015.32,436
1706151600,2015.32,2016.105,2015.165,2015.805,377
1706151900,2015.805,2016.755,2015.77,2016.29,487
1706152200,2016.29,2016.385,2015.905,2015.995,361
1706152500,2015.995,2016.595,2015.77,2016.595,395
1706152800,2016.595,2016.94,2016.4,2016.775,300
1706153100,2016.775,2016.775,2016.1,2016.145,139
1706153400,2016.145,2016.77,2016.125,2016.495,294
1706153700,2016.495,2016.57,2015.99,2016.095,362
1706154000,2016.095,2016.52,2015.7,2015.795,222
1706154300,2015.795,2016.35,2015.775,2016.19,327
1706154600,2016.19,2016.195,2015.755,2016.09,304
1706154900,2016.09,2016.44,2015.85,2015.85,329
1706155200,2015.85,2016.06,2015.635,2016.025,276
1706155500,2016.025,2016.455,2015.83,2016.385,325
1706155800,2016.385,2016.445,2015.695,2016.13,195
1706156100,2016.13,2016.455,2016.02,2016.04,149
1706156400,2016.04,2016.345,2015.885,2016.155,209
1706156700,2016.155,2016.33,2016.025,2016.205,161
1706157000,2016.205,2016.21,2015.795,2015.875,253
1706157300,2015.875,2015.88,2015.445,2015.46,200
1706157600,2015.46,2015.46,2014.9,2015.29,317
1706157900,2015.29,2015.555,2015.25,2015.555,351
1706158200,2015.555,2015.75,2015.34,2015.71,257
1706158500,2015.71,2015.94,2015.56,2015.815,287
1706158800,2015.815,2016.37,2015.775,2015.85,520
1706159100,2015.85,2016.41,2015.835,2016.31,73
1706159400,2016.31,2016.455,2016.09,2016.41,173
1706159700,2016.41,2016.655,2015.96,2016.235,159
1706160000,2016.235,2016.485,2015.805,2016.215,226
1706160300,2016.215,2016.415,2016.155,2016.255,253
1706160600,2016.255,2016.26,2014.865,2015.215,553
1706160900,2015.215,2015.9,2014.805,2015.68,401
1706161200,2015.68,2015.72,2015.27,2015.275,265
1706161500,2015.275,2015.505,2015.055,2015.24,288
1706161800,2015.24,2015.705,2015.22,2015.305,267
1706162100,2015.305,2015.73,2015.05,2015.675,403
1706162400,2015.675,2016.075,2015.58,2015.625,383
1706162700,2015.625,2015.85,2015.205,2015.28,394
1706163000,2015.28,2015.36,2014.845,2015.125,321
1706163300,2015.125,2015.2,2014.545,2014.925,250
1706163600,2014.925,2015.24,2014.715,2014.95,343
1706163900,2014.95,2015.605,2014.79,2015.435,356
1706164200,2015.435,2016.365,2015.345,2016.275,278
1706164500,2016.275,2016.65,2015.28,2015.435,268
1706164800,2015.435,2015.79,2015.165,2015.68,161
1706165100,2015.68,2015.945,2014.945,2015.575,226
1706165400,2015.575,2015.99,2015.215,2015.895,425
1706165700,2015.895,2016.225,2015.735,2015.885,351
1706166000,2015.885,2015.885,2014.975,2015.625,443
1706166300,2015.625,2015.65,2014.04,2014.09,407
1706166600,2014.09,2015.42,2013.68,2015.155,614
1706166900,2015.155,2016.965,2015.045,2016.045,464
1706167200,2016.045,2016.52,2015.685,2015.87,308
1706167500,2015.87,2016.605,2015.08,2016.59,552
1706167800,2016.59,2018.375,2016.225,2017.29,1069
1706168100,2017.29,2017.55,2016.195,2016.78,461
1706168400,2016.78,2016.805,2016.275,2016.49,406
1706168700,2016.49,2016.93,2015.815,2016.28,542
1706169000,2016.28,2016.635,2015.73,2016.375,607
1706169300,2016.375,2016.545,2015.745,2015.84,545
1706169600,2015.84,2016.02,2014.83,2014.96,513
1706169900,2014.96,2015.79,2014.87,2015.555,639
1706170200,2015.555,2015.625,2014.425,2014.46,571
1706170500,2014.46,2014.78,2012.72,2013.11,757
1706170800,2013.11,2013.535,2012.76,2013.15,778
1706171100,2013.15,2013.94,2012.86,2013.51,867
1706171400,2013.51,2015.135,2012.985,2014.66,796
1706171700,2014.66,2015.325,2014.165,2014.995,648
1706172000,2014.995,2015.505,2014.72,2014.785,456
1706172300,2014.785,2014.825,2013.655,2014.275,500
1706172600,2014.275,2014.275,2013.575,2013.915,549
1706172900,2013.915,2014.32,2013.58,2013.92,448
1706173200,2013.92,2014.935,2013.84,2014.025,562
1706173500,2014.025,2014.44,2012.85,2013.34,425
1706173800,2013.34,2013.85,2013.18,2013.56,329
1706174100,2013.56,2013.89,2013.44,2013.735,476
1706174400,2013.735,2013.99,2013.11,2013.165,527
1706174700,2013.165,2014.69,2013.04,2014.58,512
1706175000,2014.58,2015.07,2014.465,2014.685,547
1706175300,2014.685,2017.055,2014.685,2016.915,733
1706175600,2016.915,2017.045,2016.595,2016.775,505
1706175900,2016.775,2017.37,2016.555,2017.275,584
1706176200,2017.275,2017.91,2016.935,2017.82,407
1706176500,2017.82,2017.97,2017.56,2017.94,604
1706176800,2017.94,2019.2,2017.75,2018.355,531
1706177100,2018.355,2018.965,2017.965,2018.295,481
1706177400,2018.295,2019.43,2018.175,2019.185,390
1706177700,2019.185,2019.255,2017.96,2018.02,281
1706178000,2018.02,2018.225,2017.665,2018.135,283
1706178300,2018.135,2018.335,2017.515,2018.085,433
1706178600,2018.085,2018.38,2017.205,2017.675,419
1706178900,2017.675,2018.18,2017.355,2017.55,408
1706179200,2017.55,2017.94,2017.28,2017.84,374
1706179500,2017.84,2018.66,2017.84,2018.53,376
1706179800,2018.53,2019.425,2018.53,2019.425,331
1706180100,2019.425,2019.56,2018.73,2019.255,279
1706180400,2019.255,2019.61,2018.055,2018.055,367
1706180700,2018.055,2018.915,2018.01,2018.52,288
1706181000,2018.52,2018.625,2018.135,2018.195,375
1706181300,2018.195,2018.43,2017.885,2018.23,242
1706181600,2018.23,2019.1,2018.215,2018.905,271
1706181900,2018.905,2019.015,2018.53,2018.65,285
1706182200,2018.65,2018.9,2016.61,2016.93,519
1706182500,2016.93,2017.7,2016.715,2016.815,769
1706182800,2016.815,2017.34,2016.65,2017.315,292
1706183100,2017.315,2018.005,2017.195,2017.43,288
1706183400,2017.43,2017.525,2016.98,2017.42,347
1706183700,2017.42,2017.62,2017.17,2017.585,318
1706184000,2017.585,2017.73,2016.41,2016.82,560
1706184300,2016.82,2017.11,2016.17,2016.525,377
1706184600,2016.525,2017.74,2016.12,2016.145,546
1706184900,2016.145,2016.325,2015.73,2016.155,426
1706185200,2016.155,2016.225,2014.985,2015.08,400
1706185500,2015.08,2015.21,2014.155,2014.59,444
1706185800,2014.59,2015.325,2013.605,2015.275,473
1706186100,2015.275,2015.72,2014.965,2015.68,304
1706186400,2015.68,2016.215,2015.13,2015.26,339
1706186700,2015.26,2015.435,2013.85,2014.1,564
1706187000,2014.1,2014.81,2013.41,2014.605,537
1706187300,2014.605,2014.695,2013.535,2013.81,468
1706187600,2013.81,2014.595,2013.505,2014.455,782
1706187900,2014.455,2015.485,2014.11,2015.215,563
1706188200,2015.215,2016.11,2014.89,2015.31,659
1706188500,2015.31,2017.685,2015.13,2017.46,1218
1706188800,2017.46,2017.46,2015.875,2016.59,977
1706189100,2016.59,2017.17,2016.165,2016.685,826
1706189400,2016.685,2020.41,2009.445,2018.275,3116
1706189700,2018.275,2023.145,2017.745,2020.015,2226
1706190000,2020.015,2020.74,2018.345,2019.22,2010
1706190300,2019.22,2020.695,2016.775,2016.845,2012
1706190600,2016.845,2020.18,2016.715,2019.755,2123
1706190900,2019.755,2021.12,2018.315,2019.465,2101
1706191200,2019.465,2020.505,2018.41,2020.135,2074
1706191500,2020.135,2021.835,2019.375,2021.66,1866
1706191800,2021.66,2024.7,2020.555,2022.875,1922
1706192100,2022.875,2023.445,2021.39,2021.69,1870
1706192400,2021.69,2022.72,2020.46,2022.615,1703
1706192700,2022.615,2023.41,2022,2022.2,1451
1706193000,2022.2,2022.29,2019.525,2021.92,1815
1706193300,2021.92,2023.52,2021.635,2022.78,1776
1706193600,2022.78,2024.26,2021.505,2023.415,1632
1706193900,2023.415,2023.695,2021.685,2022.64,1374
1706194200,2022.64,2025.32,2022.265,2024.385,1290
1706194500,2024.385,2025.225,2023.425,2023.665,1419
1706194800,2023.665,2024.81,2021.72,2023.01,1616
1706195100,2023.01,2024.65,2021.95,2024.22,1350
1706195400,2024.22,2024.35,2022.405,2022.575,1327
1706195700,2022.575,2023.145,2021.62,2022.38,1426
1706196000,2022.38,2023.09,2020.75,2021.475,1133
1706196300,2021.475,2022.355,2019.455,2019.845,1168
1706196600,2019.845,2020.355,2017.97,2018.425,1320
1706196900,2018.425,2019.28,2016.85,2019.03,1635
1706197200,2019.03,2020.745,2018.85,2020.48,1160
1706197500,2020.48,2020.9,2019.74,2019.98,1326
1706197800,2019.98,2020.635,2019.05,2020.58,1062
1706198100,2020.58,2021.035,2020.06,2020.36,852
1706198400,2020.36,2021.055,2020.165,2020.845,898
1706198700,2020.845,2021.675,2019.465,2019.54,935
1706199000,2019.54,2020.38,2019.185,2019.925,1091
1706199300,2019.925,2020.065,2018.69,2018.985,826
1706199600,2018.985,2019.185,2017.24,2017.25,705
1706199900,2017.25,2017.32,2016.015,2016.295,921
1706200200,2016.295,2016.79,2015.91,2016.74,834
1706200500,2016.74,2016.745,2014.575,2015.095,862
1706200800,2015.095,2015.725,2014.415,2014.415,651
1706201100,2014.415,2015.26,2014.195,2014.58,724
1706201400,2014.58,2014.705,2013.905,2014.29,612
1706201700,2014.29,2015.19,2013.85,2014.645,806
1706202000,2014.645,2014.83,2013.48,2013.815,851
1706202300,2013.815,2014.27,2012.545,2014.14,822
1706202600,2014.14,2015.285,2013.86,2015.225,621
1706202900,2015.225,2015.75,2014.67,2015.56,654
1706203200,2015.56,2016.365,2015.515,2016,931
1706203500,2016,2016.645,2015.66,2015.66,886
1706203800,2015.66,2015.705,2014.32,2014.455,672
1706204100,2014.455,2014.58,2013.74,2013.99,620
1706204400,2013.99,2013.995,2013.235,2013.745,635
1706204700,2013.745,2014.15,2013.56,2014.04,484
1706205000,2014.04,2015.04,2013.785,2014.72,583
1706205300,2014.72,2015.345,2014.53,2015.065,759
1706205600,2015.065,2016.385,2014.73,2015.25,1041
1706205900,2015.25,2016.34,2015.135,2016.065,792
1706206200,2016.065,2016.695,2015.52,2015.52,578
1706206500,2015.52,2015.83,2014.855,2015.3,579
1706206800,2015.3,2017.455,2015.2,2017.455,841
1706207100,2017.455,2018.66,2017.25,2017.55,833
1706207400,2017.55,2017.97,2017.04,2017.265,499
1706207700,2017.265,2017.38,2015.55,2015.935,427
1706208000,2015.935,2016.105,2015.23,2015.365,383
1706208300,2015.365,2015.885,2014.685,2015.48,603
1706208600,2015.48,2015.965,2015.095,2015.325,613
1706208900,2015.325,2015.38,2014.065,2014.31,736
1706209200,2014.31,2014.31,2013.63,2013.78,437
1706209500,2013.78,2014.77,2013.49,2014.395,561
1706209800,2014.395,2015.495,2014.395,2015,433
1706210100,2015,2016.36,2015,2016.27,271
1706210400,2016.27,2017.525,2016.215,2017.275,464
1706210700,2017.275,2017.99,2017.13,2017.89,251
1706211000,2017.89,2018.025,2017.61,2017.835,337
1706211300,2017.835,2018.095,2017.58,2017.805,334
1706211600,2017.805,2017.97,2017.4,2017.525,205
1706211900,2017.525,2018.045,2017.405,2017.825,326
1706212200,2017.825,2018.02,2017.55,2018.005,392
1706212500,2018.005,2018.45,2017.755,2017.8,618
1706212800,2017.8,2018.635,2017.77,2017.785,478
1706213100,2017.785,2018.1,2017.285,2017.52,370
1706213400,2017.52,2017.73,2017.375,2017.675,315
1706213700,2017.675,2017.725,2016.99,2017.71,253
1706214000,2017.71,2017.98,2017.575,2017.675,380
1706214300,2017.675,2017.88,2017.425,2017.64,313
1706214600,2017.64,2017.945,2017.405,2017.49,166
1706214900,2017.49,2017.86,2017.39,2017.57,292
1706215200,2017.57,2017.92,2017.51,2017.62,353
1706215500,2017.62,2018.05,2017.39,2018.05,370
1706215800,2018.05,2019.11,2018.02,2018.74,423
1706216100,2018.74,2020.39,2018.665,2020.19,816
1706216400,2020.19,2020.19,2019.015,2019.4,406
1706216700,2019.4,2019.69,2019.36,2019.585,266
1706217000,2019.585,2019.675,2019.43,2019.43,189
1706217300,2019.43,2019.995,2019.43,2019.785,160
1706217600,2019.785,2020.06,2019.685,2019.745,75
1706217900,2019.745,2020.025,2019.745,2020.02,18
1706218200,2020.02,2020.125,2019.65,2019.675,197
1706218500,2019.675,2019.69,2019.355,2019.585,108
1706218800,2019.585,2019.76,2019.38,2019.76,73
1706219100,2019.76,2020.145,2019.755,2020.14,104
1706219400,2020.14,2020.37,2020.08,2020.1,172
1706219700,2020.1,2020.945,2020.1,2020.94,114
1706223600,2020.94,2020.94,2020.025,2020.375,52
1706223900,2020.375,2020.48,2019.69,2020.395,88
1706224200,2020.395,2020.435,2020.125,2020.24,77
1706224500,2020.24,2021.355,2020.105,2021.355,221
1706224800,2021.355,2024.83,2019.74,2021.115,583
1706225100,2021.115,2025.9,2019.43,2020.99,304
1706225400,2020.99,2021.495,2020.455,2020.615,334
1706225700,2020.615,2021.12,2020.435,2021,212
1706226000,2021,2021.115,2020.835,2020.88,60
1706226300,2020.88,2021.2,2020.82,2021.105,105
1706226600,2021.105,2021.22,2020.86,2020.86,96
1706226900,2020.86,2020.97,2020.565,2020.72,120
1706227200,2020.72,2020.925,2020.675,2020.82,97
1706227500,2020.82,2020.87,2020.16,2020.21,132
1706227800,2020.21,2020.715,2020.19,2020.29,271
1706228100,2020.29,2020.415,2020.01,2020.085,258
1706228400,2020.085,2020.155,2019.975,2019.99,231
1706228700,2019.99,2020.155,2019.595,2019.595,329
1706229000,2019.595,2019.975,2019.43,2019.73,166
1706229300,2019.73,2020.43,2019.61,2020.43,189
1706229600,2020.43,2021.355,2020.43,2020.93,298
1706229900,2020.93,2021.86,2020.725,2021.075,337
1706230200,2021.075,2021.25,2020.565,2021.04,214
1706230500,2021.04,2021.355,2020.68,2021.265,235
1706230800,2021.265,2023.175,2021.265,2022.905,699
1706231100,2022.905,2023.765,2022.9,2023.575,279
1706231400,2023.575,2023.645,2022.535,2022.63,351
1706231700,2022.63,2023.185,2022.3,2023.185,749
1706232000,2023.185,2024.26,2023.1,2023.225,535
1706232300,2023.225,2023.325,2022.315,2022.435,368
1706232600,2022.435,2022.83,2021.925,2022.34,961
1706232900,2022.34,2023.485,2022.34,2023.025,307
1706233200,2023.025,2023.025,2021.435,2021.635,355
1706233500,2021.635,2022.02,2021.12,2021.775,470
1706233800,2021.775,2022.14,2021.69,2022.115,685
1706234100,2022.115,2022.335,2021.845,2022,407
1706234400,2022,2022.455,2021.92,2022.29,355
1706234700,2022.29,2022.825,2022.16,2022.51,261
1706235000,2022.51,2023.235,2022.41,2022.95,285
1706235300,2022.95,2023.745,2022.68,2023.745,129
1706235600,2023.745,2023.975,2023.08,2023.355,176
1706235900,2023.355,2023.835,2023.3,2023.6,246
1706236200,2023.6,2023.88,2022.875,2023.25,289
1706236500,2023.25,2023.41,2022.81,2023.165,246
1706236800,2023.165,2023.27,2022.72,2023.15,286
1706237100,2023.15,2023.215,2022.31,2022.4,463
1706237400,2022.4,2022.595,2022.015,2022.3,178
1706237700,2022.3,2022.315,2021.8,2022.03,244
1706238000,2022.03,2022.91,2022.02,2022.9,269
1706238300,2022.9,2023.055,2022.125,2022.125,235
1706238600,2022.125,2022.535,2021.91,2022.14,245
1706238900,2022.14,2022.2,2021.65,2021.99,218
1706239200,2021.99,2022.19,2021.635,2022.13,217
1706239500,2022.13,2022.65,2022.13,2022.43,137
1706239800,2022.43,2022.535,2022.225,2022.45,60
1706240100,2022.45,2022.885,2022.45,2022.785,63
1706240400,2022.785,2022.795,2022.17,2022.195,282
1706240700,2022.195,2022.315,2021.47,2021.585,139
1706241000,2021.585,2021.785,2021.465,2021.69,203
1706241300,2021.69,2021.925,2021.61,2021.91,93
1706241600,2021.91,2022.17,2021.55,2021.6,68
1706241900,2021.6,2021.6,2021.195,2021.495,57
1706242200,2021.495,2021.845,2021.41,2021.62,103
1706242500,2021.62,2022.175,2021.62,2022.02,205
1706242800,2022.02,2022.24,2021.785,2022.025,177
1706243100,2022.025,2022.325,2021.965,2022.11,160
1706243400,2022.11,2022.5,2022.03,2022.295,150
1706243700,2022.295,2022.41,2021.795,2021.8,62
1706244000,2021.8,2021.8,2021.23,2021.27,63
1706244300,2021.27,2021.94,2021.235,2021.925,128
1706244600,2021.925,2022.11,2021.355,2021.465,130
1706244900,2021.465,2021.49,2021.185,2021.3,133
1706245200,2021.3,2021.425,2021.13,2021.33,408
1706245500,2021.33,2021.81,2021.31,2021.475,203
1706245800,2021.475,2021.68,2021.415,2021.68,72
1706246100,2021.68,2021.81,2021.445,2021.475,94
1706246400,2021.475,2021.565,2021.305,2021.455,191
1706246700,2021.455,2021.78,2021.405,2021.495,140
1706247000,2021.495,2022.595,2021.495,2022.57,349
1706247300,2022.57,2023.125,2022.355,2022.41,325
1706247600,2022.41,2022.96,2022.38,2022.755,170
1706247900,2022.755,2023.335,2022.755,2023.07,272
1706248200,2023.07,2023.365,2023.025,2023.34,135
1706248500,2023.34,2023.565,2023.145,2023.145,194
1706248800,2023.145,2023.525,2022.975,2023.37,287
1706249100,2023.37,2023.37,2021.865,2022.15,384
1706249400,2022.15,2022.305,2021.78,2021.945,280
1706249700,2021.945,2022.575,2021.86,2022.375,201
1706250000,2022.375,2022.7,2022.32,2022.57,270
1706250300,2022.57,2022.88,2022.43,2022.73,225
1706250600,2022.73,2022.73,2021.975,2022.045,425
1706250900,2022.045,2022.395,2021.965,2022.285,145
1706251200,2022.285,2022.53,2021.69,2021.82,248
1706251500,2021.82,2022.355,2021.665,2021.665,163
1706251800,2021.665,2022.095,2021.65,2022.075,289
1706252100,2022.075,2022.175,2021.65,2021.66,379
1706252400,2021.66,2022.48,2021.37,2022.275,282
1706252700,2022.275,2022.465,2021.65,2021.96,304
1706253000,2021.96,2022.095,2020.45,2020.545,362
1706253300,2020.545,2020.845,2019.865,2020.66,652
1706253600,2020.66,2021.24,2020.135,2021.21,360
1706253900,2021.21,2021.99,2021.195,2021.87,491
1706254200,2021.87,2022.44,2021.795,2022.315,658
1706254500,2022.315,2022.92,2021.625,2021.695,529
1706254800,2021.695,2021.78,2020.475,2020.525,510
1706255100,2020.525,2021.035,2020.265,2020.96,383
1706255400,2020.96,2021.055,2020.615,2021.04,438
1706255700,2021.04,2021.74,2021.03,2021.44,315
1706256000,2021.44,2021.885,2020.58,2020.64,619
1706256300,2020.64,2021.205,2020.3,2020.47,526
1706256600,2020.47,2021.575,2020.285,2021.08,576
1706256900,2021.08,2022.02,2021.055,2021.735,687
1706257200,2021.735,2022.285,2021.505,2021.96,530
1706257500,2021.96,2022.125,2021.475,2021.735,450
1706257800,2021.735,2022.19,2021.56,2021.855,455
1706258100,2021.855,2021.93,2020.625,2020.82,509
1706258400,2020.82,2021.225,2020.655,2020.84,547
1706258700,2020.84,2021.22,2020.57,2021.065,212
1706259000,2021.065,2021.75,2020.89,2021.185,193
1706259300,2021.185,2021.655,2020.505,2020.555,428
1706259600,2020.555,2020.95,2019.725,2020.145,394
1706259900,2020.145,2020.155,2018.245,2019.195,830
1706260200,2019.195,2019.195,2018.45,2018.59,937
1706260500,2018.59,2019.005,2018.47,2018.985,466
1706260800,2018.985,2019.51,2018.89,2019.225,448
1706261100,2019.225,2019.95,2019.115,2019.895,516
1706261400,2019.895,2020.69,2019.755,2020.085,495
1706261700,2020.085,2020.59,2019.915,2020.585,225
1706262000,2020.585,2021.14,2020.585,2020.73,273
1706262300,2020.73,2022.48,2020.53,2021.825,458
1706262600,2021.825,2022.08,2020.705,2020.78,448
1706262900,2020.78,2021.265,2020.425,2020.855,484
1706263200,2020.855,2021.865,2020.84,2021.105,244
1706263500,2021.105,2021.645,2020.98,2021.545,262
1706263800,2021.545,2022.08,2021.45,2022.005,360
1706264100,2022.005,2022.68,2021.98,2022.51,306
1706264400,2022.51,2022.73,2022.14,2022.68,276
1706264700,2022.68,2023.065,2022.475,2022.745,385
1706265000,2022.745,2022.785,2021.55,2021.81,402
1706265300,2021.81,2022.38,2020.965,2022.285,478
1706265600,2022.285,2023.055,2022.265,2022.875,199
1706265900,2022.875,2023.54,2022.815,2023.49,114
1706266200,2023.49,2023.87,2023.245,2023.755,415
1706266500,2023.755,2023.925,2023.48,2023.535,436
1706266800,2023.535,2024.37,2023.52,2024.05,267
1706267100,2024.05,2024.16,2022.94,2022.985,355
1706267400,2022.985,2023.49,2022.55,2023.235,294
1706267700,2023.235,2023.64,2022.85,2023.155,441
1706268000,2023.155,2023.965,2022.93,2023.65,213
1706268300,2023.65,2024.055,2023.005,2023.7,398
1706268600,2023.7,2024.71,2023.545,2024.37,239
1706268900,2024.37,2024.4,2023.025,2023.31,264
1706269200,2023.31,2023.445,2022.72,2022.74,159
1706269500,2022.74,2023.465,2022.74,2023.46,101
1706269800,2023.46,2023.465,2022.42,2022.9,152
1706270100,2022.9,2023.63,2022.86,2023.495,222
1706270400,2023.495,2024.51,2023.335,2023.7,430
1706270700,2023.7,2024.26,2023.41,2024.255,470
1706271000,2024.255,2024.26,2023.325,2023.52,365
1706271300,2023.52,2023.965,2022.95,2023.075,366
1706271600,2023.075,2023.45,2022.195,2022.505,324
1706271900,2022.505,2022.66,2021.84,2022.3,141
1706272200,2022.3,2022.3,2021.135,2021.315,322
1706272500,2021.315,2021.54,2020.205,2020.415,551
1706272800,2020.415,2021.155,2020.29,2021.09,416
1706273100,2021.09,2021.625,2020.985,2020.985,250
1706273400,2020.985,2021.92,2020.77,2021.49,409
1706273700,2021.49,2021.51,2020.815,2021.335,333
1706274000,2021.335,2022.635,2021.3,2022.145,639
1706274300,2022.145,2023.02,2022.145,2022.535,387
1706274600,2022.535,2023.21,2022.425,2023.165,501
1706274900,2023.165,2024.045,2022.805,2023.715,509
1706275200,2023.715,2024.265,2023.045,2023.15,681
1706275500,2023.15,2023.15,2021.77,2022.285,1003
1706275800,2022.285,2026.9,2020.435,2021.2,2340
1706276100,2021.2,2021.995,2018.84,2020.645,1635
1706276400,2020.645,2023.505,2020.61,2022.705,1488
1706276700,2022.705,2025.06,2021.595,2024.25,1635
1706277000,2024.25,2025.89,2023.63,2025.205,1546
1706277300,2025.205,2026.265,2024.535,2024.685,1103
1706277600,2024.685,2026.18,2023.955,2024.075,1363
1706277900,2024.075,2025.05,2023.77,2024.9,1269
1706278200,2024.9,2025.275,2023.09,2023.135,1090
1706278500,2023.135,2023.63,2022.71,2022.955,1062
1706278800,2022.955,2023.025,2020.92,2021.56,1124
1706279100,2021.56,2021.98,2020.335,2021.65,1172
1706279400,2021.65,2022.15,2019.43,2020.605,1289
1706279700,2020.605,2022.69,2020.18,2022.075,1667
1706280000,2022.075,2022.18,2020.35,2020.625,1110
1706280300,2020.625,2020.625,2019.14,2019.88,1405
1706280600,2019.88,2020.685,2019.4,2019.795,1318
1706280900,2019.795,2020.885,2019.56,2020.37,810
1706281200,2020.37,2020.385,2017.63,2018.185,1616
1706281500,2018.185,2018.28,2016.235,2017.585,1597
1706281800,2017.585,2019.19,2017.55,2018.65,930
1706282100,2018.65,2018.65,2016.49,2017.795,834
1706282400,2017.795,2018.695,2017.245,2017.865,767
1706282700,2017.865,2018.69,2017.83,2018.035,777
1706283000,2018.035,2019.39,2017.095,2019.32,971
1706283300,2019.32,2019.32,2018.235,2018.305,883
1706283600,2018.305,2019.05,2018.1,2018.795,670
1706283900,2018.795,2019.105,2017.525,2017.57,645
1706284200,2017.57,2017.86,2016.635,2016.89,670
1706284500,2016.89,2017.16,2016.365,2017.105,549
1706284800,2017.105,2017.945,2016.15,2017.89,871
1706285100,2017.89,2018.72,2017.56,2018.53,393
1706285400,2018.53,2018.53,2015.995,2016.66,531
1706285700,2016.66,2018.375,2016.25,2018.31,740
1706286000,2018.31,2019.055,2018.045,2018.41,662
1706286300,2018.41,2018.475,2017.3,2017.86,343
1706286600,2017.86,2019.38,2017.585,2018.825,388
1706286900,2018.825,2019.465,2018.4,2018.4,426
1706287200,2018.4,2018.875,2017.81,2018.165,310
1706287500,2018.165,2018.665,2017.89,2017.89,441
1706287800,2017.89,2018.685,2017.64,2018.25,315
1706288100,2018.25,2018.475,2017.87,2018.23,218
1706288400,2018.23,2018.23,2017.105,2017.305,172
1706288700,2017.305,2017.75,2016.885,2017.09,182
1706289000,2017.09,2018.93,2016.8,2018.795,345
1706289300,2018.795,2018.795,2017.845,2017.845,253
1706289600,2017.845,2018.34,2017.63,2017.685,274
1706289900,2017.685,2018.14,2017.315,2018.065,420
1706290200,2018.065,2018.17,2017.345,2017.92,207
1706290500,2017.92,2017.92,2017.165,2017.475,335
1706290800,2017.475,2017.475,2016.48,2017.1,385
1706291100,2017.1,2017.27,2016.585,2016.67,336
1706291400,2016.67,2017.285,2016.67,2017.115,225
1706291700,2017.115,2017.12,2016.69,2016.71,218
1706292000,2016.71,2016.94,2016.1,2016.8,167
1706292300,2016.8,2016.94,2016.41,2016.435,158
1706292600,2016.435,2016.845,2016.345,2016.36,90
1706292900,2016.36,2016.835,2016.13,2016.315,165
1706293200,2016.315,2016.73,2016.195,2016.495,245
1706293500,2016.495,2018.255,2016.45,2017.625,407
1706293800,2017.625,2018.15,2017.035,2017.86,432
1706294100,2017.86,2018.24,2017.49,2017.92,267
1706294400,2017.92,2018,2017.465,2017.74,375
1706294700,2017.74,2017.74,2016.97,2017.03,329
1706295000,2017.03,2017.115,2016.76,2017.035,344
1706295300,2017.035,2017.35,2016.805,2017.35,531
1706295600,2017.35,2017.365,2016.87,2017.04,416
1706295900,2017.04,2017.615,2017.035,2017.17,360
1706296200,2017.17,2017.21,2016.865,2016.955,132
1706296500,2016.955,2017.445,2016.86,2017.195,190
1706296800,2017.195,2017.195,2016.88,2016.945,152
1706297100,2016.945,2016.965,2016.25,2016.25,156
1706297400,2016.25,2016.605,2016.19,2016.505,66
1706297700,2016.505,2016.955,2016.38,2016.9,73
1706298000,2016.9,2017.61,2016.9,2017.61,98
1706298300,2017.61,2017.995,2017.46,2017.835,227
1706298600,2017.835,2017.975,2017.21,2017.345,236
1706298900,2017.345,2017.41,2016.87,2017.075,230
1706299200,2017.075,2017.155,2016.58,2016.82,127
1706299500,2016.82,2016.905,2016.505,2016.88,79
1706299800,2016.88,2017.5,2016.81,2017.43,59
1706300100,2017.43,2017.94,2017.12,2017.94,61
1706300400,2017.94,2018.335,2017.94,2018.335,94
1706300700,2018.335,2018.555,2018.215,2018.265,97
1706301000,2018.265,2018.59,2018.1,2018.42,88
1706301300,2018.42,2018.865,2018.37,2018.76,232
1706301600,2018.76,2019.08,2018.585,2019.05,93
1706301900,2019.05,2019.37,2018.88,2019.005,74
1706302200,2019.005,2019.005,2018.5,2018.885,65
1706302500,2018.885,2018.885,2018.6,2018.64,45
1706302800,2018.64,2019.15,2018.565,2018.76,330
1706303100,2018.76,2018.995,2018.76,2018.86,119
1706303400,2018.86,2019.08,2018.86,2019.04,128
1706303700,2019.04,2019.22,2018.74,2018.78,214
1706304000,2018.78,2019.02,2018.78,2018.955,108
1706304300,2018.955,2018.995,2018.69,2018.73,110
1706304600,2018.73,2018.805,2018.075,2018.13,178
1706304900,2018.13,2018.29,2018.02,2018.125,150
1706305200,2018.125,2018.62,2018.075,2018.42,99
1706305500,2018.42,2018.725,2018.41,2018.725,135
1706305800,2018.725,2018.87,2018.235,2018.495,134
1706306100,2018.495,2018.71,2018.475,2018.59,101
1706482800,2018.59,2025.37,2018.59,2023.995,302
1706483100,2023.995,2026.74,2023.37,2026.355,618
1706483400,2026.355,2026.6,2023.53,2024.43,601
1706483700,2024.43,2025.04,2023.66,2024.755,620
1706484000,2024.755,2026.36,2024.49,2025.505,718
1706484300,2025.505,2028.7,2025.5,2027.47,616
1706484600,2027.47,2027.475,2023.665,2024.07,614
1706484900,2024.07,2024.565,2023.255,2024.34,333
1706485200,2024.34,2024.49,2023.37,2023.565,263
1706485500,2023.565,2023.565,2021.37,2021.96,573
1706485800,2021.96,2022.305,2021.625,2022.055,278
1706486100,2022.055,2022.74,2021.77,2021.955,258
1706486400,2021.955,2021.995,2021.025,2021.42,350
1706486700,2021.42,2021.6,2020.605,2021.215,222
1706487000,2021.215,2021.695,2020.74,2020.99,242
1706487300,2020.99,2022.14,2020.99,2021.72,256
1706487600,2021.72,2022.01,2021.145,2021.16,219
1706487900,2021.16,2021.16,2019.42,2020.01,323
1706488200,2020.01,2020.26,2019.53,2019.885,293
1706488500,2019.885,2020.035,2019.36,2019.69,264
1706488800,2019.69,2020.64,2019.62,2019.91,445
1706489100,2019.91,2021.595,2019.83,2020.88,437
1706489400,2020.88,2021.66,2020.775,2021.41,259
1706489700,2021.41,2022.13,2021.4,2021.68,153
1706490000,2021.68,2022.89,2021.17,2022.765,576
1706490300,2022.765,2023.98,2022.69,2023.56,500
1706490600,2023.56,2025.055,2023.56,2024.915,611
1706490900,2024.915,2025.585,2024.59,2024.785,674
1706491200,2024.785,2024.785,2023.895,2024.07,330
1706491500,2024.07,2024.315,2023.255,2023.255,234
1706491800,2023.255,2024.685,2023.255,2024.42,521
1706492100,2024.42,2024.525,2023.145,2023.905,473
1706492400,2023.905,2024,2023.175,2023.265,373
1706492700,2023.265,2023.765,2023.22,2023.455,310
1706493000,2023.455,2023.555,2022.67,2022.815,327
1706493300,2022.815,2023.585,2022.805,2023.305,341
1706493600,2023.305,2023.365,2022.325,2022.36,266
1706493900,2022.36,2022.765,2022.05,2022.165,385
1706494200,2022.165,2023.15,2021.6,2023.095,369
1706494500,2023.095,2023.265,2022.625,2022.895,248
1706494800,2022.895,2023.315,2022.555,2023.295,385
1706495100,2023.295,2024.1,2023.22,2023.91,248
1706495400,2023.91,2023.985,2023.235,2023.91,266
1706495700,2023.91,2024.045,2023.335,2023.835,199
1706496000,2023.835,2024.1,2023.495,2023.965,180
1706496300,2023.965,2024.535,2023.665,2024.505,307
1706496600,2024.505,2024.51,2023.725,2024.095,229
1706496900,2024.095,2025.56,2023.665,2025.51,397
1706497200,2025.51,2026.115,2025.27,2025.995,417
1706497500,2025.995,2026.4,2025.63,2026.08,287
1706497800,2026.08,2026.405,2025.78,2025.875,149
1706498100,2025.875,2026.165,2024.665,2024.75,324
1706498400,2024.75,2025.115,2024.28,2025.09,322
1706498700,2025.09,2025.355,2024.785,2025,259
1706499000,2025,2025.55,2025,2025.125,167
1706499300,2025.125,2025.185,2024.8,2024.89,88
1706499600,2024.89,2025.39,2024.885,2025.345,54
1706499900,2025.345,2025.88,2025.33,2025.555,201
1706500200,2025.555,2025.75,2024.91,2025.655,172
1706500500,2025.655,2026.115,2025.655,2025.695,168
1706500800,2025.695,2026.285,2025.68,2026.145,125
1706501100,2026.145,2026.21,2025.76,2025.795,74
1706501400,2025.795,2026.35,2025.78,2025.955,144
1706501700,2025.955,2026.12,2025.55,2025.96,165
1706502000,2025.96,2026.215,2025.715,2026.065,80
1706502300,2026.065,2026.865,2026.065,2026.865,106
1706502600,2026.865,2027.255,2026.38,2026.885,205
1706502900,2026.885,2027.24,2026.86,2027.03,121
1706503200,2027.03,2027.65,2026.965,2027.28,215
1706503500,2027.28,2027.485,2026.925,2027.055,72
1706503800,2027.055,2027.07,2026.015,2026.07,150
1706504100,2026.07,2026.4,2025.855,2026.31,190
1706504400,2026.31,2026.915,2025.995,2026.25,259
1706504700,2026.25,2026.4,2025.28,2025.28,254
1706505000,2025.28,2026.005,2025.195,2025.805,119
1706505300,2025.805,2026.22,2025.545,2025.545,240
1706505600,2025.545,2025.67,2025.025,2025.18,192
1706505900,2025.18,2025.43,2024.875,2025.01,249
1706506200,2025.01,2025.5,2024.75,2025.38,299
1706506500,2025.38,2025.87,2025.27,2025.87,339
1706506800,2025.87,2026.26,2025.87,2025.93,212
1706507100,2025.93,2026.365,2025.715,2025.93,162
1706507400,2025.93,2026.28,2025.93,2026.15,239
1706507700,2026.15,2026.195,2025.52,2025.595,293
1706508000,2025.595,2026.03,2024.93,2025.13,318
1706508300,2025.13,2026.73,2024.98,2026.705,112
1706508600,2026.705,2026.825,2026.055,2026.64,232
1706508900,2026.64,2027.31,2026.58,2027.235,279
1706509200,2027.235,2027.68,2027.16,2027.48,362
1706509500,2027.48,2027.89,2027.255,2027.505,383
1706509800,2027.505,2027.67,2027.3,2027.315,201
1706510100,2027.315,2027.63,2026.795,2027.45,184
1706510400,2027.45,2028.215,2027.365,2027.915,256
1706510700,2027.915,2028.63,2027.775,2028.395,303
1706511000,2028.395,2028.83,2027.82,2028.33,404
1706511300,2028.33,2029.125,2028.155,2028.93,386
1706511600,2028.93,2029.995,2028.765,2029.88,612
1706511900,2029.88,2030.79,2029.675,2030.79,461
1706512200,2030.79,2031.62,2030.525,2031.025,689
1706512500,2031.025,2031.675,2030.95,2031.02,535
1706512800,2031.02,2031.66,2030.655,2031.4,212
1706513100,2031.4,2031.78,2031.285,2031.69,219
1706513400,2031.69,2033.75,2031.59,2033.455,570
1706513700,2033.455,2033.925,2032.635,2033.165,588
1706514000,2033.165,2033.295,2032.205,2032.765,405
1706514300,2032.765,2033.19,2032.26,2032.365,414
1706514600,2032.365,2032.54,2031.185,2031.485,550
1706514900,2031.485,2031.685,2030.835,2031.425,379
1706515200,2031.425,2033.68,2031.025,2033.43,860
1706515500,2033.43,2033.6,2032.015,2032.105,657
1706515800,2032.105,2032.505,2031.325,2032.09,389
1706516100,2032.09,2033.165,2031.855,2032.245,223
1706516400,2032.245,2033.02,2032.245,2032.63,362
1706516700,2032.63,2032.67,2031.875,2031.88,439
1706517000,2031.88,2032.885,2031.235,2032.475,358
1706517300,2032.475,2032.96,2032.11,2032.82,155
1706517600,2032.82,2032.94,2032.32,2032.665,163
1706517900,2032.665,2032.81,2032,2032.605,171
1706518200,2032.605,2032.745,2032.2,2032.31,255
1706518500,2032.31,2032.53,2031.115,2031.645,303
1706518800,2031.645,2032.015,2030.84,2031.43,320
1706519100,2031.43,2031.555,2030.23,2031.01,443
1706519400,2031.01,2031.27,2029.87,2030.16,460
1706519700,2030.16,2030.39,2029.365,2030.215,606
1706520000,2030.215,2030.425,2029.49,2029.765,296
1706520300,2029.765,2030.245,2029.48,2030.245,208
1706520600,2030.245,2030.485,2029.895,2029.95,240
1706520900,2029.95,2030.035,2029.2,2029.3,146
1706521200,2029.3,2029.38,2028.99,2029.06,156
1706521500,2029.06,2029.385,2028.745,2029.24,377
1706521800,2029.24,2029.705,2028.93,2029.24,285
1706522100,2029.24,2029.5,2027.905,2028.39,244
1706522400,2028.39,2028.46,2027.355,2027.885,321
1706522700,2027.885,2028.245,2027.645,2027.735,215
1706523000,2027.735,2028.545,2027.71,2028.525,432
1706523300,2028.525,2028.605,2027.91,2028.155,375
1706523600,2028.155,2028.555,2027.875,2028.48,236
1706523900,2028.48,2028.63,2027.79,2027.8,205
1706524200,2027.8,2027.855,2027.25,2027.345,327
1706524500,2027.345,2027.83,2027.165,2027.25,283
1706524800,2027.25,2027.385,2025.61,2026.36,433
1706525100,2026.36,2027.52,2026.255,2026.99,212
1706525400,2026.99,2027.375,2026.71,2027.105,186
1706525700,2027.105,2027.845,2026.8,2027.545,535
1706526000,2027.545,2028.3,2027.135,2028.28,275
1706526300,2028.28,2028.47,2027.19,2027.41,380
1706526600,2027.41,2027.515,2025.705,2026.54,251
1706526900,2026.54,2026.54,2025.74,2026.345,375
1706527200,2026.345,2026.345,2025.555,2025.75,218
1706527500,2025.75,2026.63,2025.69,2026.62,216
1706527800,2026.62,2027.285,2026.615,2027.125,346
1706528100,2027.125,2027.46,2026.665,2027.39,134
1706528400,2027.39,2027.94,2027.36,2027.565,397
1706528700,2027.565,2027.685,2027.01,2027.54,197
1706529000,2027.54,2027.7,2026.895,2027.52,211
1706529300,2027.52,2028.245,2027.285,2028.24,126
1706529600,2028.24,2029.34,2028.23,2028.93,634
1706529900,2028.93,2029.415,2028.81,2029.36,193
1706530200,2029.36,2029.515,2029.155,2029.42,174
1706530500,2029.42,2029.675,2028.955,2029.675,176
1706530800,2029.675,2030.125,2029.175,2029.965,132
1706531100,2029.965,2030.355,2029.965,2030.02,451
1706531400,2030.02,2030.085,2029.365,2029.37,174
1706531700,2029.37,2029.88,2029.07,2029.635,206
1706532000,2029.635,2029.895,2029.46,2029.505,356
1706532300,2029.505,2029.98,2029.095,2029.14,357
1706532600,2029.14,2029.14,2028.43,2028.47,191
1706532900,2028.47,2029.415,2028.36,2028.48,184
1706533200,2028.48,2029.715,2028.41,2029.16,599
1706533500,2029.16,2029.725,2028.9,2029.365,295
1706533800,2029.365,2029.4,2028.22,2028.66,642
1706534100,2028.66,2029.1,2028.2,2028.58,602
1706534400,2028.58,2030.405,2027.795,2030.405,716
1706534700,2030.405,2031.425,2029.955,2031.385,560
1706535000,2031.385,2032.945,2031.385,2032.07,858
1706535300,2032.07,2033.515,2031.28,2033.155,999
1706535600,2033.155,2035.895,2033.02,2035.275,809
1706535900,2035.275,2037.24,2035.275,2036.295,953
1706536200,2036.295,2036.72,2035.49,2035.9,997
1706536500,2035.9,2037.61,2035.9,2036.905,832
1706536800,2036.905,2037.295,2035.425,2035.93,744
1706537100,2035.93,2036.815,2035.93,2036.145,576
1706537400,2036.145,2036.335,2035.395,2035.58,606
1706537700,2035.58,2035.975,2034.76,2035.28,531
1706538000,2035.28,2035.28,2033.58,2033.595,617
1706538300,2033.595,2033.62,2032.635,2033.07,510
1706538600,2033.07,2033.07,2029.295,2029.32,1078
1706538900,2029.32,2029.355,2027.005,2027.15,1046
1706539200,2027.15,2027.15,2024.01,2024.495,1475
1706539500,2024.495,2024.555,2022.105,2022.265,1253
1706539800,2022.265,2023.855,2021.68,2023.85,966
1706540100,2023.85,2024.895,2022.825,2024.87,870
1706540400,2024.87,2024.87,2022.56,2024.035,950
1706540700,2024.035,2025.29,2024.015,2024.83,726
1706541000,2024.83,2025.13,2023.315,2023.605,634
1706541300,2023.605,2024.06,2023.015,2023.285,708
1706541600,2023.285,2023.36,2022.065,2022.27,750
1706541900,2022.27,2022.415,2020.61,2021.635,689
1706542200,2021.635,2023.415,2021.635,2022.73,733
1706542500,2022.73,2023.645,2021.68,2023.645,758
1706542800,2023.645,2024.75,2023.385,2024.64,818
1706543100,2024.64,2025.55,2024.28,2025.36,592
1706543400,2025.36,2025.93,2025,2025.53,706
1706543700,2025.53,2026.285,2025.305,2025.53,500
1706544000,2025.53,2026.985,2025.495,2025.755,858
1706544300,2025.755,2025.945,2025.12,2025.73,791
1706544600,2025.73,2025.95,2025.035,2025.605,621
1706544900,2025.605,2025.745,2024.125,2024.745,734
1706545200,2024.745,2025.785,2024.395,2025.785,577
1706545500,2025.785,2027.065,2025.7,2026.565,455
1706545800,2026.565,2027.555,2025.935,2027.39,469
1706546100,2027.39,2027.575,2026.515,2027.045,630
1706546400,2027.045,2027.495,2026.59,2027.275,396
1706546700,2027.275,2027.845,2027.075,2027.725,348
1706547000,2027.725,2027.985,2026.78,2027.055,167
1706547300,2027.055,2027.315,2026.65,2027.17,202
1706547600,2027.17,2027.745,2026.965,2026.97,497
1706547900,2026.97,2027.44,2026.63,2026.995,223
1706548200,2026.995,2027.6,2026.91,2027.305,153
1706548500,2027.305,2028.505,2026.795,2028.505,249
1706548800,2028.505,2029.815,2028.505,2029.815,599
1706549100,2029.815,2030.325,2029.665,2030.035,364
1706549400,2030.035,2030.7,2029.475,2030.39,316
1706549700,2030.39,2031.15,2030.355,2030.71,357
1706550000,2030.71,2030.945,2029.56,2029.57,441
1706550300,2029.57,2029.95,2029.19,2029.315,181
1706550600,2029.315,2029.965,2029.295,2029.885,151
1706550900,2029.885,2029.99,2029.385,2029.4,171
1706551200,2029.4,2029.765,2028.375,2028.46,201
1706551500,2028.46,2028.54,2027.49,2027.7,198
1706551800,2027.7,2027.88,2026.97,2027.22,179
1706552100,2027.22,2027.5,2026.63,2026.86,276
1706552400,2026.86,2026.93,2025.945,2026.39,272
1706552700,2026.39,2026.685,2026.055,2026.255,422
1706553000,2026.255,2026.915,2026.07,2026.09,399
1706553300,2026.09,2026.545,2025.91,2026.195,338
1706553600,2026.195,2026.925,2026.16,2026.81,313
1706553900,2026.81,2026.98,2025.2,2025.78,461
1706554200,2025.78,2025.96,2025.195,2025.45,349
1706554500,2025.45,2025.995,2025.41,2025.885,367
1706554800,2025.885,2025.935,2025.235,2025.69,472
1706555100,2025.69,2027.175,2025.69,2027.175,432
1706555400,2027.175,2028.04,2027.075,2027.075,255
1706555700,2027.075,2027.19,2026.105,2026.605,398
1706556000,2026.605,2026.89,2025.87,2026.095,231
1706556300,2026.095,2026.77,2025.97,2026.62,267
1706556600,2026.62,2026.7,2026.135,2026.61,402
1706556900,2026.61,2026.67,2026.15,2026.665,204
1706557200,2026.665,2027.235,2026.245,2027.12,134
1706557500,2027.12,2027.235,2026.84,2026.99,171
1706557800,2026.99,2027.325,2026.88,2027.295,184
1706558100,2027.295,2027.785,2026.965,2026.98,141
1706558400,2026.98,2031.15,2026.98,2029.75,783
1706558700,2029.75,2030.53,2029.17,2029.9,649
1706559000,2029.9,2031.05,2029.795,2030.915,520
1706559300,2030.915,2034.22,2030.91,2034.22,663
1706559600,2034.22,2035.33,2032.48,2033.27,927
1706559900,2033.27,2034.655,2032.505,2032.715,607
1706560200,2032.715,2033.35,2031.825,2031.905,522
1706560500,2031.905,2032.125,2031.105,2031.495,471
1706560800,2031.495,2032.315,2031.09,2031.905,384
1706561100,2031.905,2032.555,2031.51,2032.465,500
1706561400,2032.465,2033.06,2032.09,2032.115,602
1706561700,2032.115,2032.755,2031.625,2032.725,917
1706562000,2032.725,2032.725,2031.045,2031.285,360
1706562300,2031.285,2031.67,2031.015,2031.5,256
1706562600,2031.5,2031.955,2031.275,2031.955,174
1706562900,2031.955,2032.075,2031.64,2031.87,264
1706563200,2031.87,2032.305,2031.645,2031.755,190
1706563500,2031.755,2031.855,2031.35,2031.375,161
1706563800,2031.375,2032.075,2031.375,2031.575,276
1706564100,2031.575,2031.87,2031.27,2031.44,94
1706564400,2031.44,2031.64,2031.12,2031.635,82
1706564700,2031.635,2032.16,2031.635,2032.13,55
1706565000,2032.13,2032.16,2031.48,2031.98,119
1706565300,2031.98,2032.61,2031.98,2032.53,60
1706569200,2032.53,2032.96,2032.53,2032.82,37
1706569500,2032.82,2032.85,2032.345,2032.755,93
1706569800,2032.755,2033.14,2032.62,2032.985,92
1706570100,2032.985,2033.335,2032.915,2033.035,120
1706570400,2033.035,2033.395,2029.335,2030.83,443
1706570700,2030.83,2031.15,2029.935,2031.04,135
1706571000,2031.04,2031.155,2030.37,2030.925,131
1706571300,2030.925,2031.02,2030.535,2030.535,103
1706571600,2030.535,2031.145,2030.52,2031.025,79
1706571900,2031.025,2031.48,2030.925,2031.335,139
1706572200,2031.335,2031.83,2031.3,2031.395,76
1706572500,2031.395,2031.395,2031.055,2031.175,54
1706572800,2031.175,2031.82,2030.99,2031.75,129
1706573100,2031.75,2031.86,2031.33,2031.565,169
1706573400,2031.565,2031.755,2031.38,2031.5,104
1706573700,2031.5,2032.34,2031.45,2032.335,233
1706574000,2032.335,2032.91,2032.145,2032.74,219
1706574300,2032.74,2033.19,2032.625,2032.74,105
1706574600,2032.74,2032.845,2032.285,2032.465,253
1706574900,2032.465,2033.23,2032.455,2033.01,111
1706575200,2033.01,2033.775,2032.95,2033.75,333
1706575500,2033.75,2034.095,2033.62,2033.715,225
1706575800,2033.715,2034.155,2033.405,2033.44,179
1706576100,2033.44,2033.97,2033.275,2033.685,157
1706576400,2033.685,2034.065,2032.56,2032.565,534
1706576700,2032.565,2032.63,2031.615,2032.53,472
1706577000,2032.53,2032.585,2031.66,2032.29,526
1706577300,2032.29,2032.39,2031.095,2031.095,512
1706577600,2031.095,2031.815,2030.78,2031.075,439
1706577900,2031.075,2031.705,2030.615,2031.695,310
1706578200,2031.695,2031.695,2030.99,2031.49,508
1706578500,2031.49,2031.985,2031.23,2031.565,299
1706578800,2031.565,2031.91,2031.305,2031.46,341
1706579100,2031.46,2031.63,2030.9,2031.48,348
1706579400,2031.48,2031.75,2031.375,2031.63,177
1706579700,2031.63,2031.67,2031.16,2031.165,234
1706580000,2031.165,2031.19,2030.41,2030.575,355
1706580300,2030.575,2030.64,2030.175,2030.34,178
1706580600,2030.34,2030.685,2030.265,2030.525,130
1706580900,2030.525,2030.655,2030.19,2030.54,223
1706581200,2030.54,2030.925,2030.51,2030.87,252
1706581500,2030.87,2031.07,2029.905,2030.545,311
1706581800,2030.545,2031.23,2030.365,2030.805,330
1706582100,2030.805,2030.875,2030.375,2030.495,276
1706582400,2030.495,2030.745,2030.43,2030.565,202
1706582700,2030.565,2031.71,2030.535,2031.71,430
1706583000,2031.71,2032.47,2031.675,2032.43,310
1706583300,2032.43,2032.545,2032.04,2032.04,375
1706583600,2032.04,2032.23,2031.835,2032.045,170
1706583900,2032.045,2032.47,2032.045,2032.275,175
1706584200,2032.275,2032.345,2031.845,2032.03,299
1706584500,2032.03,2032.085,2031.495,2032.015,227
1706584800,2032.015,2032.32,2031.775,2031.98,284
1706585100,2031.98,2032.355,2031.87,2032.19,241
1706585400,2032.19,2032.49,2032.18,2032.47,203
1706585700,2032.47,2032.655,2032.255,2032.375,190
1706586000,2032.375,2032.65,2032.085,2032.34,188
1706586300,2032.34,2032.395,2032.225,2032.225,85
1706586600,2032.225,2032.58,2031.98,2031.995,132
1706586900,2031.995,2032.35,2031.855,2032.16,134
1706587200,2032.16,2032.33,2031.98,2032.18,178
1706587500,2032.18,2032.28,2032.175,2032.2,27
1706587800,2032.2,2032.855,2032.195,2032.72,84
1706588100,2032.72,2032.76,2032.325,2032.54,82
1706588400,2032.54,2032.665,2032.38,2032.54,120
1706588700,2032.54,2033.11,2032.485,2032.95,186
1706589000,2032.95,2033.045,2032.41,2032.485,106
1706589300,2032.485,2032.72,2032.395,2032.425,53
1706589600,2032.425,2032.48,2031.845,2032.22,120
1706589900,2032.22,2032.22,2031.3,2031.7,159
1706590200,2031.7,2031.93,2031.505,2031.685,219
1706590500,2031.685,2031.87,2031.47,2031.87,173
1706590800,2031.87,2031.93,2031.705,2031.895,187
1706591100,2031.895,2031.91,2031.615,2031.89,75
1706591400,2031.89,2032.56,2031.7,2032.33,143
1706591700,2032.33,2032.635,2031.94,2032.625,156
1706592000,2032.625,2032.735,2032.295,2032.36,367
1706592300,2032.36,2033.12,2032.12,2032.865,226
1706592600,2032.865,2033.19,2032.28,2033.01,238
1706592900,2033.01,2033.385,2032.74,2032.845,296
1706593200,2032.845,2033.435,2032.725,2033.02,374
1706593500,2033.02,2033.26,2032.73,2032.805,280
1706593800,2032.805,2032.96,2032.555,2032.96,207
1706594100,2032.96,2032.995,2032.095,2032.225,358
1706594400,2032.225,2033.04,2032.14,2032.94,446
1706594700,2032.94,2033.18,2032.455,2033.12,251
1706595000,2033.12,2035.44,2033.115,2035.44,447
1706595300,2035.44,2035.72,2034.375,2035.145,424
1706595600,2035.145,2035.935,2035.03,2035.5,311
1706595900,2035.5,2036.075,2034.98,2035.695,425
1706596200,2035.695,2035.9,2034.865,2035.2,251
1706596500,2035.2,2035.2,2034.4,2035.07,231
1706596800,2035.07,2035.34,2034.805,2035.085,360
1706597100,2035.085,2035.085,2033.655,2033.985,336
1706597400,2033.985,2034.685,2033.76,2034.535,357
1706597700,2034.535,2034.975,2034.195,2034.595,384
1706598000,2034.595,2035.11,2034.165,2034.82,403
1706598300,2034.82,2035.055,2034.62,2034.855,419
1706598600,2034.855,2035.265,2034.665,2035.075,514
1706598900,2035.075,2035.335,2034.375,2034.755,399
1706599200,2034.755,2036.215,2034.75,2035.81,637
1706599500,2035.81,2036.03,2035.36,2035.975,745
1706599800,2035.975,2037.605,2035.695,2037.515,727
1706600100,2037.515,2040.575,2037.515,2038.15,889
1706600400,2038.15,2038.865,2037.91,2038.205,683
1706600700,2038.205,2038.695,2037.97,2038.35,351
1706601000,2038.35,2038.95,2037.92,2038.02,324
1706601300,2038.02,2038.755,2037.885,2037.965,254
1706601600,2037.965,2038.62,2037.41,2037.62,999
1706601900,2037.62,2038.37,2037.295,2038.27,652
1706602200,2038.27,2038.64,2037.07,2037.97,699
1706602500,2037.97,2039.23,2037.875,2039.045,723
1706602800,2039.045,2039.5,2038.69,2038.805,426
1706603100,2038.805,2038.82,2037.955,2038.465,425
1706603400,2038.465,2038.93,2037.38,2037.39,497
1706603700,2037.39,2038.62,2037.185,2038.455,325
1706604000,2038.455,2038.65,2037.89,2038.21,327
1706604300,2038.21,2038.93,2037.87,2038.59,227
1706604600,2038.59,2038.855,2038.44,2038.62,341
1706604900,2038.62,2038.7,2037.875,2038.335,204
1706605200,2038.335,2038.695,2037.96,2038.46,182
1706605500,2038.46,2038.71,2038.26,2038.51,147
1706605800,2038.51,2038.55,2037.875,2038.18,222
1706606100,2038.18,2038.3,2036.99,2037.075,337
1706606400,2037.075,2037.805,2036.7,2037.59,506
1706606700,2037.59,2037.59,2036.86,2036.92,169
1706607000,2036.92,2037.885,2036.51,2037.87,268
1706607300,2037.87,2038.265,2037.69,2037.955,344
1706607600,2037.955,2038.065,2037.305,2037.305,241
1706607900,2037.305,2037.305,2035.92,2036.135,349
1706608200,2036.135,2036.81,2035.16,2035.2,328
1706608500,2035.2,2036.03,2035.065,2035.765,389
1706608800,2035.765,2036.645,2035.635,2036.34,317
1706609100,2036.34,2036.53,2035.805,2035.82,233
1706609400,2035.82,2036.545,2035.575,2036.445,178
1706609700,2036.445,2036.755,2036.13,2036.755,140
1706610000,2036.755,2037.155,2036.615,2036.885,188
1706610300,2036.885,2037.27,2036.02,2036.115,244
1706610600,2036.115,2037.035,2036.035,2036.79,290
1706610900,2036.79,2036.995,2036.335,2036.97,260
1706611200,2036.97,2037.395,2036.68,2037.235,163
1706611500,2037.235,2037.235,2036.405,2036.435,155
1706611800,2036.435,2036.74,2035.215,2036.095,435
1706612100,2036.095,2036.095,2035.11,2035.645,285
1706612400,2035.645,2036.18,2035.57,2035.975,201
1706612700,2035.975,2036.02,2035.115,2035.41,424
1706613000,2035.41,2035.715,2035.135,2035.17,336
1706613300,2035.17,2035.2,2033.815,2034.025,615
1706613600,2034.025,2034.39,2033.415,2034.215,297
1706613900,2034.215,2034.42,2031.37,2033.195,503
1706614200,2033.195,2033.45,2032.67,2033.06,261
1706614500,2033.06,2033.705,2032.83,2033.48,186
1706614800,2033.48,2033.555,2033.215,2033.445,194
1706615100,2033.445,2033.86,2033.295,2033.69,174
1706615400,2033.69,2033.99,2033.65,2033.99,199
1706615700,2033.99,2034.56,2033.93,2034.43,251
1706616000,2034.43,2034.575,2033.915,2034.165,343
1706616300,2034.165,2034.585,2034.105,2034.23,379
1706616600,2034.23,2034.475,2033.885,2034.425,359
1706616900,2034.425,2035.38,2034.425,2035.315,330
1706617200,2035.315,2036.27,2035.27,2035.825,413
1706617500,2035.825,2036.125,2035.43,2035.52,133
1706617800,2035.52,2035.985,2035.515,2035.74,266
1706618100,2035.74,2035.74,2033.7,2033.93,339
1706618400,2033.93,2035.23,2033.775,2034.9,250
1706618700,2034.9,2034.91,2034.1,2034.89,451
1706619000,2034.89,2036.135,2034.89,2036.135,470
1706619300,2036.135,2036.425,2035.795,2036.04,339
1706619600,2036.04,2036.71,2035.65,2035.84,809
1706619900,2035.84,2035.935,2034.65,2034.74,628
1706620200,2034.74,2034.755,2033.29,2033.495,672
1706620500,2033.495,2035.05,2033.305,2034.63,826
1706620800,2034.63,2035.19,2033.435,2035.12,885
1706621100,2035.12,2035.935,2035.1,2035.445,741
1706621400,2035.445,2036.665,2035.195,2035.925,838
1706621700,2035.925,2035.925,2034.975,2035.055,853
1706622000,2035.055,2036.77,2034.99,2036.71,929
1706622300,2036.71,2037.325,2036.09,2036.875,912
1706622600,2036.875,2037.405,2036.335,2036.95,935
1706622900,2036.95,2038.03,2036.765,2037.87,679
1706623200,2037.87,2038.41,2037.38,2038.2,840
1706623500,2038.2,2040.97,2038.1,2040.83,1189
1706623800,2040.83,2043.64,2040.32,2042.925,1369
1706624100,2042.925,2045.475,2042.715,2045.4,1312
1706624400,2045.4,2046.835,2044.63,2046.77,1462
1706624700,2046.77,2048.63,2046.74,2047.43,1568
1706625000,2047.43,2048.33,2045.725,2047.33,1485
1706625300,2047.33,2047.705,2046.42,2047.03,1466
1706625600,2047.03,2047.41,2045.86,2047.155,1232
1706625900,2047.155,2047.355,2045.85,2047,1057
1706626200,2047,2047.49,2045.695,2046.545,1478
1706626500,2046.545,2047.05,2046.215,2046.655,885
1706626800,2046.655,2048.34,2041.24,2042.08,2391
1706627100,2042.08,2042.275,2037.315,2038.165,2215
1706627400,2038.165,2039.54,2035.3,2035.73,2102
1706627700,2035.73,2035.8,2032.42,2033.545,2021
1706628000,2033.545,2033.55,2030.22,2031.015,1977
1706628300,2031.015,2032.43,2029.1,2032.105,1964
1706628600,2032.105,2032.61,2030.3,2032.475,1587
1706628900,2032.475,2033.585,2031.11,2032.755,1502
1706629200,2032.755,2032.775,2030.375,2031.665,1515
1706629500,2031.665,2033.535,2031.34,2033.44,1301
1706629800,2033.44,2033.49,2031.885,2032.585,1322
1706630100,2032.585,2033.755,2032.37,2032.66,1183
1706630400,2032.66,2033.54,2032.345,2033.07,1218
1706630700,2033.07,2033.385,2032.555,2032.97,1021
1706631000,2032.97,2033.65,2032.77,2033.365,1146
1706631300,2033.365,2033.625,2032.675,2032.92,937
1706631600,2032.92,2033.115,2031.805,2032.915,881
1706631900,2032.915,2033.505,2032.54,2033.015,681
1706632200,2033.015,2033.79,2032.55,2032.745,722
1706632500,2032.745,2033.345,2032.545,2033.135,565
1706632800,2033.135,2034.19,2032.935,2034.145,586
1706633100,2034.145,2035.27,2034.135,2034.78,641
1706633400,2034.78,2035.67,2034.66,2034.875,721
1706633700,2034.875,2036.175,2034.875,2035.945,775
1706634000,2035.945,2036.185,2035.385,2035.63,506
1706634300,2035.63,2036.235,2035.385,2035.785,505
1706634600,2035.785,2036.175,2035.53,2035.865,506
1706634900,2035.865,2035.865,2034.57,2034.925,755
1706635200,2034.925,2035.795,2034.78,2035.48,683
1706635500,2035.48,2035.83,2035.05,2035.28,511
1706635800,2035.28,2035.335,2033.89,2034.005,528
1706636100,2034.005,2034.59,2033.77,2033.77,518
1706636400,2033.77,2034.4,2033.66,2033.73,329
1706636700,2033.73,2033.76,2033.27,2033.6,404
1706637000,2033.6,2033.725,2033.175,2033.72,394
1706637300,2033.72,2034.06,2033.43,2034.05,317
1706637600,2034.05,2034.05,2032.165,2032.165,676
1706637900,2032.165,2033.405,2032.065,2033.095,449
1706638200,2033.095,2033.1,2032.67,2032.89,256
1706638500,2032.89,2033.765,2032.81,2033.185,463
1706638800,2033.185,2033.365,2032.515,2032.54,482
1706639100,2032.54,2033.27,2032.475,2032.785,551
1706639400,2032.785,2033.22,2032.53,2032.625,434
1706639700,2032.625,2032.63,2031.575,2032.435,427
1706640000,2032.435,2032.745,2031.83,2031.845,413
1706640300,2031.845,2032.66,2031.825,2032.635,215
1706640600,2032.635,2033.17,2032.56,2032.8,219
1706640900,2032.8,2032.96,2032.48,2032.84,111
1706641200,2032.84,2033.785,2032.45,2033.275,261
1706641500,2033.275,2034.28,2033.27,2034.265,461
1706641800,2034.265,2034.635,2033.925,2034.62,515
1706642100,2034.62,2035.335,2034.62,2035.02,431
1706642400,2035.02,2036.025,2034.94,2035.61,321
1706642700,2035.61,2035.88,2035.46,2035.76,240
1706643000,2035.76,2036.61,2035.695,2035.995,479
1706643300,2035.995,2037.13,2035.985,2036.36,617
1706643600,2036.36,2036.71,2035.96,2036.655,419
1706643900,2036.655,2036.915,2036.15,2036.78,334
1706644200,2036.78,2036.82,2036.27,2036.52,349
1706644500,2036.52,2036.61,2035.945,2036.165,404
1706644800,2036.165,2036.535,2036.045,2036.33,371
1706645100,2036.33,2036.43,2035.4,2035.41,172
1706645400,2035.41,2035.81,2035.41,2035.525,318
1706645700,2035.525,2036.27,2035.47,2036.02,186
1706646000,2036.02,2036.535,2035.99,2036.335,269
1706646300,2036.335,2036.69,2036.23,2036.6,227
1706646600,2036.6,2036.725,2036.335,2036.35,344
1706646900,2036.35,2036.535,2036.075,2036.233,333
1706647200,2036.233,2036.3,2035.71,2036.2,300
1706647500,2036.2,2036.255,2036.005,2036.1,322
1706647800,2036.1,2036.37,2035.84,2036.12,293
1706648100,2036.12,2036.215,2035.905,2036.075,546
1706648400,2036.075,2036.235,2035.955,2036.155,325
1706648700,2036.155,2036.24,2035.93,2036.015,313
1706649000,2036.015,2036.135,2035.915,2036.025,388
1706649300,2036.025,2036.23,2035.92,2036.105,343
1706649600,2036.105,2036.325,2036.01,2036.285,198
1706649900,2036.285,2036.4,2036.065,2036.205,138
1706650200,2036.205,2036.45,2036.125,2036.345,243
1706650500,2036.345,2036.55,2036.29,2036.42,209
1706650800,2036.42,2036.82,2036.42,2036.61,199
1706651100,2036.61,2036.69,2036.46,2036.46,161
1706651400,2036.46,2036.675,2036.425,2036.525,160
1706651700,2036.525,2036.92,2036.51,2036.83,96
1706655600,2036.83,2036.83,2036.38,2036.485,53
1706655900,2036.485,2036.65,2036.31,2036.58,85
1706656200,2036.58,2036.76,2036.365,2036.505,69
1706656500,2036.505,2036.615,2036.445,2036.57,41
1706656800,2036.57,2036.58,2036.29,2036.31,38
1706657100,2036.31,2036.31,2036.075,2036.075,43
1706657400,2036.075,2036.325,2036.075,2036.16,106
1706657700,2036.16,2036.195,2035.73,2035.905,169
1706658000,2035.905,2036.475,2035.895,2036.425,119
1706658300,2036.425,2036.59,2036.265,2036.495,83
1706658600,2036.495,2036.89,2036.49,2036.595,173
1706658900,2036.595,2036.695,2036.42,2036.535,132
1706659200,2036.535,2037.5,2036.525,2037.41,294
1706659500,2037.41,2037.905,2037.34,2037.84,283
1706659800,2037.84,2038.08,2037.51,2037.875,215
1706660100,2037.875,2038.615,2037.71,2038.41,237
1706660400,2038.41,2038.695,2038.135,2038.135,134
1706660700,2038.135,2038.4,2037.455,2037.455,338
1706661000,2037.455,2037.805,2037.16,2037.2,531
1706661300,2037.2,2037.63,2037.005,2037.355,185
1706661600,2037.355,2037.385,2035.98,2036.205,344
1706661900,2036.205,2036.635,2036.185,2036.565,76
1706662200,2036.565,2036.585,2035.92,2036.01,292
1706662500,2036.01,2036.825,2036.01,2036.195,405
1706662800,2036.195,2037.305,2035.915,2036.205,733
1706663100,2036.205,2036.715,2036.01,2036.48,452
1706663400,2036.48,2036.72,2036.22,2036.585,385
1706663700,2036.585,2036.76,2036.465,2036.645,432
1706664000,2036.645,2036.65,2036.095,2036.14,302
1706664300,2036.14,2036.3,2035.8,2036.09,307
1706664600,2036.09,2036.45,2035.275,2035.465,555
1706664900,2035.465,2035.63,2035.115,2035.485,410
1706665200,2035.485,2035.59,2035.22,2035.335,425
1706665500,2035.335,2035.515,2034.83,2035.125,245
1706665800,2035.125,2035.63,2034.575,2034.87,274
1706666100,2034.87,2035.14,2034.645,2034.715,301
1706666400,2034.715,2034.965,2034.37,2034.515,312
1706666700,2034.515,2034.6,2033.76,2033.78,337
1706667000,2033.78,2034.3,2033.66,2034.03,403
1706667300,2034.03,2034.615,2033.995,2034.21,279
1706667600,2034.21,2034.56,2033.94,2034.01,237
1706667900,2034.01,2034.01,2033,2033.2,340
1706668200,2033.2,2033.765,2033.165,2033.75,432
1706668500,2033.75,2033.87,2033.205,2033.345,284
1706668800,2033.345,2033.97,2033.305,2033.84,403
1706669100,2033.84,2033.975,2032.9,2033.2,515
1706669400,2033.2,2033.485,2033.13,2033.375,149
1706669700,2033.375,2033.78,2033.335,2033.77,312
1706670000,2033.77,2034.075,2033.6,2033.83,204
1706670300,2033.83,2034.295,2033.74,2034.235,290
1706670600,2034.235,2034.27,2033.825,2033.94,175
1706670900,2033.94,2033.94,2033.55,2033.92,180
1706671200,2033.92,2033.95,2033.7,2033.79,159
1706671500,2033.79,2033.825,2033.605,2033.67,169
1706671800,2033.67,2033.895,2033.55,2033.595,194
1706672100,2033.595,2033.655,2033.52,2033.525,250
1706672400,2033.525,2033.635,2033.095,2033.605,177
1706672700,2033.605,2033.915,2033.455,2033.79,178
1706673000,2033.79,2033.965,2033.645,2033.845,159
1706673300,2033.845,2034.055,2033.835,2033.935,200
1706673600,2033.935,2033.97,2033.495,2033.61,60
1706673900,2033.61,2033.61,2033.32,2033.45,159
1706674200,2033.45,2033.7,2033.295,2033.645,114
1706674500,2033.645,2033.865,2033.55,2033.775,133
1706674800,2033.775,2034.085,2033.765,2033.965,127
1706675100,2033.965,2034.255,2033.755,2033.87,92
1706675400,2033.87,2034.06,2033.795,2033.81,127
1706675700,2033.81,2034.18,2033.795,2034.18,155
1706676000,2034.18,2034.365,2033.92,2034.24,219
1706676300,2034.24,2034.45,2034.12,2034.365,153
1706676600,2034.365,2034.505,2034.295,2034.415,186
1706676900,2034.415,2034.92,2034.405,2034.64,267
1706677200,2034.64,2034.675,2034.075,2034.32,318
1706677500,2034.32,2034.49,2034.165,2034.23,204
1706677800,2034.23,2034.32,2033.935,2033.99,167
1706678100,2033.99,2034.1,2033.785,2033.795,166
1706678400,2033.795,2033.81,2033.395,2033.395,99
1706678700,2033.395,2033.875,2033.395,2033.615,192
1706679000,2033.615,2033.975,2033.355,2033.88,160
1706679300,2033.88,2033.98,2033.68,2033.805,353
1706679600,2033.805,2033.925,2033.71,2033.875,226
1706679900,2033.875,2034.065,2033.625,2033.99,221
1706680200,2033.99,2034.575,2033.99,2034.245,281
1706680500,2034.245,2035.255,2034.245,2035.145,281
1706680800,2035.145,2035.895,2035.11,2035.5,314
1706681100,2035.5,2035.625,2035.23,2035.495,260
1706681400,2035.495,2035.54,2035.21,2035.25,264
1706681700,2035.25,2035.25,2034.72,2034.785,279
1706682000,2034.785,2035.295,2034.69,2034.69,267
1706682300,2034.69,2034.865,2034.42,2034.57,181
1706682600,2034.57,2034.715,2034.18,2034.375,234
1706682900,2034.375,2034.485,2033.92,2033.945,250
1706683200,2033.945,2034.39,2033.69,2034.275,338
1706683500,2034.275,2034.305,2033.975,2034.265,217
1706683800,2034.265,2034.27,2033.915,2034.07,320
1706684100,2034.07,2034.615,2033.985,2034.405,293
1706684400,2034.405,2034.645,2034.015,2034.32,310
1706684700,2034.32,2035.515,2034.125,2035.485,346
1706685000,2035.485,2036.87,2035.45,2036.82,530
1706685300,2036.82,2037.545,2036.755,2037.425,533
1706685600,2037.425,2037.43,2036.625,2037.075,441
1706685900,2037.075,2037.93,2036.645,2037.42,406
1706686200,2037.42,2038.73,2037.28,2038.36,670
1706686500,2038.36,2038.49,2037.645,2037.86,627
1706686800,2037.86,2037.925,2036.445,2036.7,592
1706687100,2036.7,2037.5,2036.275,2036.64,813
1706687400,2036.64,2037.52,2036.11,2036.265,701
1706687700,2036.265,2036.715,2035.695,2036.7,686
1706688000,2036.7,2037.76,2036.3,2036.385,885
1706688300,2036.385,2037.155,2036.245,2036.285,639
1706688600,2036.285,2037.53,2036.24,2037.515,569
1706688900,2037.515,2038.18,2037.265,2038.04,625
1706689200,2038.04,2039.175,2038.04,2039.045,572
1706689500,2039.045,2039.455,2038.475,2038.545,527
1706689800,2038.545,2039.51,2038.545,2039.29,618
1706690100,2039.29,2039.795,2039.23,2039.51,550
1706690400,2039.51,2040.48,2039.425,2040,478
1706690700,2040,2040.315,2039.74,2039.86,424
1706691000,2039.86,2040.37,2039.73,2039.91,602
1706691300,2039.91,2039.925,2038.86,2039.12,583
1706691600,2039.12,2039.5,2038.865,2039.41,521
1706691900,2039.41,2039.46,2038.2,2038.31,530
1706692200,2038.31,2038.425,2038.045,2038.39,570
1706692500,2038.39,2038.74,2038.25,2038.465,569
1706692800,2038.465,2039.695,2038.205,2039.615,653
1706693100,2039.615,2039.815,2039.17,2039.575,528
1706693400,2039.575,2039.86,2039.37,2039.45,328
1706693700,2039.45,2039.62,2039.24,2039.265,427
1706694000,2039.265,2039.71,2039.15,2039.56,427
1706694300,2039.56,2039.835,2039.27,2039.52,432
1706694600,2039.52,2039.54,2038.43,2038.51,589
1706694900,2038.51,2038.525,2037.98,2038.24,487
1706695200,2038.24,2038.61,2038.13,2038.175,322
1706695500,2038.175,2038.275,2037.59,2037.79,397
1706695800,2037.79,2037.875,2037.315,2037.62,490
1706696100,2037.62,2038.265,2037.45,2038.195,437
1706696400,2038.195,2038.195,2037.74,2038.075,502
1706696700,2038.075,2038.075,2037.69,2037.695,291
1706697000,2037.695,2038.3,2037.48,2038.095,365
1706697300,2038.095,2038.12,2037.435,2037.6,282
1706697600,2037.6,2037.715,2036.8,2037.16,365
1706697900,2037.16,2037.585,2036.96,2037.21,404
1706698200,2037.21,2037.34,2036.615,2036.82,466
1706698500,2036.82,2037.09,2036.645,2037.045,416
1706698800,2037.045,2038.165,2036.98,2038.12,621
1706699100,2038.12,2039.025,2038.07,2038.68,507
1706699400,2038.68,2038.76,2038.175,2038.175,472
1706699700,2038.175,2038.67,2038.17,2038.5,249
1706700000,2038.5,2038.51,2037.515,2037.92,137
1706700300,2037.92,2038.23,2037.785,2038.115,97
1706700600,2038.115,2038.2,2037.725,2038.02,362
1706700900,2038.02,2038.38,2037.925,2038.375,217
1706701200,2038.375,2038.465,2037.52,2037.6,73
1706701500,2037.6,2037.85,2037.49,2037.66,117
1706701800,2037.66,2037.725,2037.16,2037.28,158
1706702100,2037.28,2037.46,2037.01,2037.35,111
1706702400,2037.35,2037.765,2037.135,2037.34,441
1706702700,2037.34,2038.455,2037.34,2038.33,369
1706703000,2038.33,2038.375,2037.81,2038.1,294
1706703300,2038.1,2038.865,2037.915,2038.79,207
1706703600,2038.79,2039.27,2038.49,2039.01,213
1706703900,2039.01,2039.115,2038.29,2038.29,164
1706704200,2038.29,2038.49,2037.86,2038.035,251
1706704500,2038.035,2038.505,2038.035,2038.285,143
1706704800,2038.285,2038.84,2038.11,2038.56,374
1706705100,2038.56,2039.645,2038.365,2039.27,252
1706705400,2039.27,2039.46,2038.685,2038.995,220
1706705700,2038.995,2039.145,2038.37,2038.57,337
1706706000,2038.57,2038.825,2036.78,2036.865,986
1706706300,2036.865,2037.9,2036.09,2037.37,509
1706706600,2037.37,2037.62,2036.29,2036.68,650
1706706900,2036.68,2039.77,2036.67,2038.3,1403
1706707200,2038.3,2039.21,2037.805,2038.59,720
1706707500,2038.59,2038.59,2037.54,2038.315,485
1706707800,2038.315,2041.015,2037.905,2040.25,1816
1706708100,2040.25,2040.635,2038.775,2040.095,1306
1706708400,2040.095,2042.185,2039.74,2040.91,1269
1706708700,2040.91,2042.42,2040.17,2041.31,1186
1706709000,2041.31,2042.415,2040.855,2042.39,1199
1706709300,2042.39,2043.32,2041.855,2042.01,1211
1706709600,2042.01,2042.15,2040.785,2041.725,1262
1706709900,2041.725,2042.635,2041.38,2042.625,1115
1706710200,2042.625,2044.53,2042.625,2044.315,1009
1706710500,2044.315,2044.32,2042.805,2043.42,1207
1706710800,2043.42,2044.06,2043.285,2043.955,1013
1706711100,2043.955,2044.74,2043.83,2044.42,822
1706711400,2044.42,2046.17,2044.225,2045.875,1497
1706711700,2045.875,2048.595,2044.775,2047.935,1623
1706712000,2047.935,2050.78,2047.19,2049.885,1541
1706712300,2049.885,2053.77,2049.885,2051.82,1877
1706712600,2051.82,2055.33,2051.71,2053.965,1619
1706712900,2053.965,2055.345,2051.38,2051.62,2182
1706713200,2051.62,2053.83,2050.51,2050.85,1702
1706713500,2050.85,2054.585,2050.78,2054.07,1461
1706713800,2054.07,2056.07,2052.655,2053.185,1427
1706714100,2053.185,2055.99,2053.185,2054.87,1369
1706714400,2054.87,2055.065,2051.265,2053.02,1502
1706714700,2053.02,2053.56,2051.945,2052.545,1360
1706715000,2052.545,2053.905,2052.035,2053.43,1445
1706715300,2053.43,2054.12,2052.315,2052.47,1202
1706715600,2052.47,2053.42,2052.235,2052.76,1245
1706715900,2052.76,2054.215,2052.76,2053.96,1173
1706716200,2053.96,2054.025,2052.465,2052.755,1577
1706716500,2052.755,2053.12,2051.615,2052.33,1323
1706716800,2052.33,2053.73,2049.865,2049.9,1160
1706717100,2049.9,2050.515,2047.51,2048.005,1252
1706717400,2048.005,2049.46,2047.56,2048.42,1230
1706717700,2048.42,2050.185,2048.395,2049.785,1051
1706718000,2049.785,2051.12,2048.95,2050.98,1113
1706718300,2050.98,2051.31,2049.83,2050.68,1043
1706718600,2050.68,2051.49,2049.385,2050.36,1079
1706718900,2050.36,2051.38,2049.665,2050.735,1063
1706719200,2050.735,2051.12,2049.155,2049.295,996
1706719500,2049.295,2050.37,2047.74,2050.28,898
1706719800,2050.28,2051.505,2050.255,2050.74,705
1706720100,2050.74,2050.74,2049.73,2050.05,648
1706720400,2050.05,2050.475,2049.58,2050.27,831
1706720700,2050.27,2050.305,2049.4,2049.895,580
1706721000,2049.895,2051.135,2049.7,2050.195,663
1706721300,2050.195,2050.53,2049.51,2049.59,479
1706721600,2049.59,2050.11,2049.43,2049.885,557
1706721900,2049.885,2050.235,2049.51,2049.795,456
1706722200,2049.795,2050.27,2049.795,2049.925,272
1706722500,2049.925,2050.01,2049.41,2049.63,341
1706722800,2049.63,2050.62,2049.4,2050.245,567
1706723100,2050.245,2050.245,2049.35,2049.84,560
1706723400,2049.84,2050.185,2049.595,2050.03,441
1706723700,2050.03,2050.2,2049.565,2049.685,167
1706724000,2049.685,2049.685,2048.345,2048.395,526
1706724300,2048.395,2049.055,2048.28,2049.005,335
1706724600,2049.005,2049.05,2048.045,2048.2,426
1706724900,2048.2,2049.015,2048.2,2048.645,329
1706725200,2048.645,2048.645,2047.95,2048.645,551
1706725500,2048.645,2049.455,2048.275,2049.32,533
1706725800,2049.32,2049.845,2047.965,2048.25,710
1706726100,2048.25,2048.53,2047.805,2048.04,316
1706726400,2048.04,2048.085,2046.725,2046.99,227
1706726700,2046.99,2046.99,2046.16,2046.63,334
1706727000,2046.63,2047.155,2045.8,2046.155,449
1706727300,2046.155,2047.22,2046.13,2046.445,356
1706727600,2046.445,2048.315,2039.485,2044.745,2775
1706727900,2044.745,2048.575,2043.815,2044.925,1954
1706728200,2044.925,2046.7,2043.88,2045.355,1597
1706728500,2045.355,2046.37,2043.4,2043.965,1221
1706728800,2043.965,2044.2,2040.465,2042.14,1445
1706729100,2042.14,2042.97,2041.2,2042.61,1095
1706729400,2042.61,2046.215,2041,2044.47,2034
1706729700,2044.47,2048.075,2042.25,2047.35,2392
1706730000,2047.35,2050.685,2045.31,2048.825,2598
1706730300,2048.825,2050.92,2047.78,2047.84,1991
1706730600,2047.84,2048.615,2045.405,2047.76,1471
1706730900,2047.76,2048.885,2044.545,2044.815,1602
1706731200,2044.815,2046.015,2032.295,2035.13,2679
1706731500,2035.13,2036.73,2030.94,2035.77,2390
1706731800,2035.77,2037.585,2033.29,2036.62,2219
1706732100,2036.62,2038.6,2035.325,2036.755,1740
1706732400,2036.755,2037.835,2034.99,2035.035,1306
1706732700,2035.035,2035.395,2033.11,2033.685,1420
1706733000,2033.685,2033.88,2031.065,2031.7,1467
1706733300,2031.7,2033.86,2031.435,2033.455,1097
1706733600,2033.455,2035.88,2033.235,2034.61,918
1706733900,2034.61,2035.56,2033.235,2034.29,764
1706734200,2034.29,2034.765,2033.39,2033.86,1121
1706734500,2033.86,2034.96,2033.185,2034.955,1399
1706734800,2034.955,2035.63,2033.425,2034.785,1003
1706735100,2034.785,2036.65,2034.75,2035.855,400
1706735400,2035.855,2036.795,2035.395,2036.75,560
1706735700,2036.75,2038.745,2036.535,2038.64,421
1706736000,2038.64,2040.205,2038.575,2039.91,432
1706736300,2039.91,2039.975,2038.695,2038.93,408
1706736600,2038.93,2038.98,2038.035,2038.175,536
1706736900,2038.175,2038.845,2037.93,2038.635,566
1706737200,2038.635,2038.745,2038.265,2038.415,197
1706737500,2038.415,2038.59,2036.685,2037.43,444
1706737800,2037.43,2039.005,2037.395,2038.945,388
1706738100,2038.945,2039.2,2038.535,2039.155,199
1706742000,2039.155,2040.505,2039.155,2040.505,54
1706742300,2040.505,2041.34,2039.945,2040.87,216
1706742600,2040.87,2041.385,2039.94,2040.98,221
1706742900,2040.98,2041.02,2040.145,2040.145,250
1706743200,2040.145,2040.79,2040.115,2040.57,150
1706743500,2040.57,2041.385,2040.37,2041.275,162
1706743800,2041.275,2041.28,2040.41,2040.495,119
1706744100,2040.495,2040.81,2040.41,2040.42,51
1706744400,2040.42,2040.705,2040.1,2040.535,159
1706744700,2040.535,2041.275,2040.47,2040.905,165
1706745000,2040.905,2041,2040.68,2040.68,56
1706745300,2040.68,2040.68,2039.565,2039.975,124
1706745600,2039.975,2040.265,2039.55,2039.765,338
1706745900,2039.765,2040.3,2039.23,2040.065,229
1706746200,2040.065,2040.43,2039.68,2039.875,149
1706746500,2039.875,2040.69,2039.815,2040.185,182
1706746800,2040.185,2040.585,2040.14,2040.265,190
1706747100,2040.265,2041.285,2040.145,2041.16,205
1706747400,2041.16,2041.96,2041.045,2041.655,305
1706747700,2041.655,2042.745,2041.645,2041.935,266
1706748000,2041.935,2042.665,2041.745,2042,360
1706748300,2042,2042.065,2041.315,2041.315,124
1706748600,2041.315,2041.6,2041.06,2041.45,179
1706748900,2041.45,2041.54,2040.56,2040.8,203
1706749200,2040.8,2041.195,2040.09,2040.655,973
1706749500,2040.655,2041.135,2040.15,2040.735,556
1706749800,2040.735,2041.455,2040.5,2040.7,520
1706750100,2040.7,2041.14,2040.135,2040.21,712
1706750400,2040.21,2041.135,2040.185,2041.105,489
1706750700,2041.105,2041.2,2040.21,2040.49,292
1706751000,2040.49,2041.3,2040.155,2041.3,478
1706751300,2041.3,2041.555,2040.95,2041.14,348
1706751600,2041.14,2041.915,2041.13,2041.59,387
1706751900,2041.59,2041.935,2041.34,2041.39,261
1706752200,2041.39,2041.525,2041.07,2041.415,228
1706752500,2041.415,2041.995,2041.32,2041.44,191
1706752800,2041.44,2042.08,2041.31,2042.01,290
1706753100,2042.01,2045.12,2041.985,2044.605,713
1706753400,2044.605,2046.175,2044.605,2046.04,741
1706753700,2046.04,2049.71,2046.04,2047.255,809
1706754000,2047.255,2047.27,2046.235,2047.04,478
1706754300,2047.04,2047.185,2046.41,2046.575,333
1706754600,2046.575,2046.925,2046.495,2046.76,604
1706754900,2046.76,2046.98,2046.51,2046.61,254
1706755200,2046.61,2047.415,2046.61,2047.09,445
1706755500,2047.09,2047.665,2046.76,2047.33,217
1706755800,2047.33,2047.36,2046.845,2047.05,158
1706756100,2047.05,2047.545,2046.955,2047.1,145
1706756400,2047.1,2048.615,2047.005,2047.325,402
1706756700,2047.325,2047.88,2046.885,2047.075,626
1706757000,2047.075,2047.29,2045.975,2046.53,616
1706757300,2046.53,2046.69,2045.895,2046.46,447
1706757600,2046.46,2047.13,2046.24,2047.01,359
1706757900,2047.01,2047.125,2046.455,2046.82,289
1706758200,2046.82,2046.82,2045.855,2045.875,397
1706758500,2045.875,2046.03,2045.655,2045.88,380
1706758800,2045.88,2046.595,2045.68,2046.12,270
1706759100,2046.12,2046.735,2045.98,2046.735,258
1706759400,2046.735,2046.96,2046.58,2046.885,136
1706759700,2046.885,2046.97,2046.25,2046.34,270
1706760000,2046.34,2046.435,2045.965,2046.3,288
1706760300,2046.3,2046.625,2046.195,2046.505,269
1706760600,2046.505,2046.63,2046.145,2046.21,298
1706760900,2046.21,2046.265,2045.87,2046.085,89
1706761200,2046.085,2046.155,2045.44,2045.465,110
1706761500,2045.465,2045.77,2045.36,2045.53,381
1706761800,2045.53,2046.01,2045.02,2046.01,253
1706762100,2046.01,2046.65,2045.945,2046.34,217
1706762400,2046.34,2046.49,2046.195,2046.335,163
1706762700,2046.335,2046.485,2045.795,2045.8,227
1706763000,2045.8,2046.03,2045.55,2045.815,272
1706763300,2045.815,2046.075,2045.71,2045.84,289
1706763600,2045.84,2045.84,2044.945,2045.14,430
1706763900,2045.14,2045.345,2044.915,2045.03,375
1706764200,2045.03,2045.52,2044.965,2045.39,230
1706764500,2045.39,2045.825,2045.29,2045.415,288
1706764800,2045.415,2045.76,2045.115,2045.4,130
1706765100,2045.4,2045.74,2045.255,2045.5,144
1706765400,2045.5,2046.365,2045.25,2045.41,308
1706765700,2045.41,2045.7,2044.685,2045.295,342
1706766000,2045.295,2045.845,2044.89,2045.09,271
1706766300,2045.09,2045.11,2044.74,2044.925,319
1706766600,2044.925,2045.345,2044.845,2044.915,153
1706766900,2044.915,2045.12,2044.38,2044.575,305
1706767200,2044.575,2045.03,2044.35,2044.36,361
1706767500,2044.36,2044.81,2044.21,2044.675,386
1706767800,2044.675,2044.955,2043.835,2043.92,333
1706768100,2043.92,2044.24,2042.65,2042.68,447
1706768400,2042.68,2043.27,2042.465,2043.02,256
1706768700,2043.02,2043.555,2042.98,2043.385,243
1706769000,2043.385,2043.8,2042.95,2043.8,359
1706769300,2043.8,2044.27,2043.48,2043.625,199
1706769600,2043.625,2043.98,2043.125,2043.135,338
1706769900,2043.135,2043.7,2043.035,2043.525,198
1706770200,2043.525,2043.9,2043.39,2043.895,294
1706770500,2043.895,2044.07,2043.26,2043.645,313
1706770800,2043.645,2043.65,2042.87,2043.485,407
1706771100,2043.485,2043.655,2041.99,2042.39,219
1706771400,2042.39,2042.94,2042.2,2042.685,477
1706771700,2042.685,2044.165,2042.54,2043.795,661
1706772000,2043.795,2043.815,2042.245,2042.845,523
1706772300,2042.845,2043.645,2042.58,2042.815,695
1706772600,2042.815,2044.275,2042.72,2043.73,339
1706772900,2043.73,2043.85,2042.12,2042.295,282
1706773200,2042.295,2042.58,2041.725,2042.44,230
1706773500,2042.44,2042.44,2041.18,2042.02,303
1706773800,2042.02,2042.14,2041.31,2041.7,640
1706774100,2041.7,2043.01,2041.64,2042.94,504
1706774400,2042.94,2042.94,2040.215,2040.23,1000
1706774700,2040.23,2041.055,2039.475,2040.38,930
1706775000,2040.38,2040.835,2039.565,2040.135,877
1706775300,2040.135,2040.135,2039.045,2040.005,778
1706775600,2040.005,2040.98,2039.73,2040.9,617
1706775900,2040.9,2041.985,2040.705,2040.945,798
1706776200,2040.945,2041.955,2040.725,2041.88,792
1706776500,2041.88,2042.465,2041.32,2042.33,850
1706776800,2042.33,2042.79,2041.97,2042.295,636
1706777100,2042.295,2042.375,2040.86,2040.955,507
1706777400,2040.955,2041.33,2040.345,2041.175,574
1706777700,2041.175,2042.03,2041.01,2042.015,578
1706778000,2042.015,2042.21,2040.83,2040.845,714
1706778300,2040.845,2041.97,2040.695,2041.805,521
1706778600,2041.805,2042.17,2041.3,2041.57,606
1706778900,2041.57,2042.64,2041.385,2041.925,615
1706779200,2041.925,2042.235,2041.255,2041.69,549
1706779500,2041.69,2042.635,2041.595,2042.43,590
1706779800,2042.43,2042.88,2041.835,2041.9,346
1706780100,2041.9,2042.02,2041.055,2041.31,484
1706780400,2041.31,2041.77,2040.595,2040.835,486
1706780700,2040.835,2040.99,2040.39,2040.815,364
1706781000,2040.815,2040.945,2040.395,2040.91,387
1706781300,2040.91,2041.15,2040.59,2041.145,507
1706781600,2041.145,2041.285,2040.055,2040.095,578
1706781900,2040.095,2040.425,2039.04,2039.125,476
1706782200,2039.125,2039.515,2038.275,2038.67,526
1706782500,2038.67,2039.415,2038.315,2038.92,439
1706782800,2038.92,2039.725,2038.73,2038.89,187
1706783100,2038.89,2038.985,2037.46,2037.46,422
1706783400,2037.46,2038.365,2037.235,2038.055,482
1706783700,2038.055,2038.055,2035.27,2035.44,744
1706784000,2035.44,2035.635,2034.055,2035.275,653
1706784300,2035.275,2035.4,2033.62,2034.355,628
1706784600,2034.355,2035.075,2034.065,2034.28,543
1706784900,2034.28,2034.28,2031.02,2031.945,917
1706785200,2031.945,2032.53,2030.92,2032.195,985
1706785500,2032.195,2032.2,2030.24,2030.645,752
1706785800,2030.645,2031.87,2030.07,2031.63,814
1706786100,2031.63,2032.465,2031.09,2032.455,827
1706786400,2032.455,2033.805,2032.365,2033.8,1023
1706786700,2033.8,2033.905,2032.74,2032.915,546
1706787000,2032.915,2033.055,2031.285,2031.42,612
1706787300,2031.42,2032.32,2030.74,2031.815,638
1706787600,2031.815,2032.455,2031.295,2032.34,487
1706787900,2032.34,2032.675,2031.775,2032.655,459
1706788200,2032.655,2034.58,2032.265,2034.105,769
1706788500,2034.105,2034.255,2033.285,2033.52,604
1706788800,2033.52,2033.52,2032.43,2032.86,754
1706789100,2032.86,2033.2,2031.81,2033.105,755
1706789400,2033.105,2033.89,2032.61,2032.61,797
1706789700,2032.61,2032.61,2031.675,2031.7,691
1706790000,2031.7,2032.005,2030.24,2031.81,820
1706790300,2031.81,2032.235,2031.08,2032.15,613
1706790600,2032.15,2032.55,2031.24,2032.245,898
1706790900,2032.245,2032.69,2031.895,2032.065,596
1706791200,2032.065,2033.895,2031.725,2033.71,637
1706791500,2033.71,2034.28,2032.9,2033.415,786
1706791800,2033.415,2034.33,2032.89,2034.15,699
1706792100,2034.15,2034.57,2033.84,2034.305,700
1706792400,2034.305,2035.055,2033.77,2033.9,1313
1706792700,2033.9,2034.73,2032.265,2033.775,1019
1706793000,2033.775,2033.91,2032.96,2033.69,1267
1706793300,2033.69,2034.205,2032.36,2033.935,1106
1706793600,2033.935,2034.315,2032.205,2032.4,1215
1706793900,2032.4,2032.44,2030.895,2031.91,1078
1706794200,2031.91,2037.265,2031.91,2036.785,1907
1706794500,2036.785,2040.9,2036.745,2040.285,1888
1706794800,2040.285,2042.06,2040.125,2041.315,1784
1706795100,2041.315,2041.975,2040.375,2040.69,1359
1706795400,2040.69,2042.19,2040.685,2041.015,1278
1706795700,2041.015,2041.285,2039.805,2040.135,1183
1706796000,2040.135,2043.06,2040.04,2042.69,1236
1706796300,2042.69,2043.425,2041.55,2042.475,973
1706796600,2042.475,2046.77,2042.38,2045.925,1519
1706796900,2045.925,2046.925,2045.38,2045.38,1219
1706797200,2045.38,2048.085,2045.38,2047.305,1347
1706797500,2047.305,2048.395,2047.03,2047.935,1060
1706797800,2047.935,2049.295,2047.37,2048.805,1888
1706798100,2048.805,2049.895,2047.52,2048.565,1408
1706798400,2048.565,2049.95,2048.24,2049.08,1207
1706798700,2049.08,2050.915,2047.49,2047.765,1759
1706799000,2047.765,2049.455,2047.025,2049.26,1563
1706799300,2049.26,2050.215,2045.815,2046.185,1311
1706799600,2046.185,2048.365,2040.26,2046.785,2552
1706799900,2046.785,2048.33,2045.325,2048.17,1840
1706800200,2048.17,2048.87,2046.47,2048.69,1641
1706800500,2048.69,2050.03,2047.525,2047.815,1602
1706800800,2047.815,2049.225,2046.35,2049.005,1425
1706801100,2049.005,2050.595,2048.81,2048.845,1537
1706801400,2048.845,2049.665,2048.235,2048.76,1282
1706801700,2048.76,2049.915,2048.195,2049.475,1447
1706802000,2049.475,2051.68,2049.065,2051.465,1281
1706802300,2051.465,2051.87,2049.77,2049.77,1303
1706802600,2049.77,2051.655,2049.765,2050.795,1324
1706802900,2050.795,2053.095,2050.66,2052.02,1302
1706803200,2052.02,2055.12,2051.825,2055.075,1668
1706803500,2055.075,2056.105,2053.3,2055.975,1467
1706803800,2055.975,2059.99,2055.63,2059.99,1752
1706804100,2059.99,2060.41,2056.595,2056.93,1755
1706804400,2056.93,2060.22,2056.66,2060.085,1562
1706804700,2060.085,2061.385,2059.38,2059.535,1690
1706805000,2059.535,2061.475,2059.535,2059.8,1561
1706805300,2059.8,2060.96,2059.64,2060.605,1374
1706805600,2060.605,2064.285,2060.605,2064.285,1356
1706805900,2064.285,2065.53,2062.93,2063.205,1660
1706806200,2063.205,2064.285,2061.145,2061.15,1270
1706806500,2061.15,2061.525,2058.945,2059.44,1395
1706806800,2059.44,2061.57,2059.335,2061.485,1198
1706807100,2061.485,2062.515,2060.655,2060.995,1312
1706807400,2060.995,2062.425,2060.4,2060.935,1123
1706807700,2060.935,2061.515,2059.705,2060.38,1011
1706808000,2060.38,2061.19,2059.795,2060.285,723
1706808300,2060.285,2060.565,2059.605,2060.135,853
1706808600,2060.135,2061.865,2060.08,2061.52,670
1706808900,2061.52,2062.18,2056.935,2057.28,1176
1706809200,2057.28,2057.85,2052.84,2053.07,1545
1706809500,2053.07,2054.13,2051.315,2053.04,1485
1706809800,2053.04,2056.105,2052.31,2055.95,1372
1706810100,2055.95,2056.06,2053.85,2054.53,974
1706810400,2054.53,2055.54,2052.43,2052.465,935
1706810700,2052.465,2055.45,2052.245,2053.95,943
1706811000,2053.95,2055.29,2053.515,2054.985,769
1706811300,2054.985,2055.57,2053.625,2055.005,853
1706811600,2055.005,2055.985,2053.765,2054.175,807
1706811900,2054.175,2054.58,2052.865,2054.295,1135
1706812200,2054.295,2056.11,2054.14,2055.635,926
1706812500,2055.635,2058.325,2055.62,2057.375,1500
1706812800,2057.375,2058.77,2056.94,2057.59,970
1706813100,2057.59,2058.585,2056.72,2056.72,761
1706813400,2056.72,2057.115,2055.42,2055.955,550
1706813700,2055.955,2056.645,2055.3,2055.775,576
1706814000,2055.775,2057.35,2055.49,2057.35,640
1706814300,2057.35,2057.65,2056.87,2056.925,429
1706814600,2056.925,2058.185,2056.92,2058.005,382
1706814900,2058.005,2058.025,2055.84,2056.12,530
1706815200,2056.12,2057.075,2055.425,2055.65,578
1706815500,2055.65,2056.76,2055.59,2056.365,576
1706815800,2056.365,2056.65,2054.66,2054.7,631
1706816100,2054.7,2056.335,2054.245,2055.995,656
1706816400,2055.995,2056.775,2055.75,2056.535,525
1706816700,2056.535,2056.78,2055.62,2055.65,687
1706817000,2055.65,2055.74,2054.33,2054.76,677
1706817300,2054.76,2055.06,2054.185,2054.78,813
1706817600,2054.78,2055.015,2054.05,2054.985,531
1706817900,2054.985,2055.65,2054.42,2054.475,396
1706818200,2054.475,2054.535,2053.84,2054.065,363
1706818500,2054.065,2054.265,2053.535,2054.085,267
1706818800,2054.085,2054.72,2054.085,2054.42,337
1706819100,2054.42,2055.105,2054.25,2055.095,294
1706819400,2055.095,2055.62,2054.98,2055.585,309
1706819700,2055.585,2055.78,2054.925,2054.925,280
1706820000,2054.925,2055.31,2054.76,2055.295,312
1706820300,2055.295,2055.585,2055.01,2055.22,319
1706820600,2055.22,2055.505,2054.67,2055.16,432
1706820900,2055.16,2055.78,2054.9,2055.645,620
1706821200,2055.645,2055.645,2054.42,2054.815,275
1706821500,2054.815,2055.125,2054.54,2054.645,353
1706821800,2054.645,2054.715,2054.215,2054.425,213
1706822100,2054.425,2054.64,2054.235,2054.48,242
1706822400,2054.48,2054.49,2054.035,2054.035,240
1706822700,2054.035,2054.33,2053.935,2054.28,174
1706823000,2054.28,2054.82,2053.965,2054.82,270
1706823300,2054.82,2055.18,2054.68,2054.77,295
1706823600,2054.77,2055.045,2054.66,2054.9,264
1706823900,2054.9,2055.25,2054.87,2055.195,176
1706824200,2055.195,2055.395,2054.68,2054.755,158
1706824500,2054.755,2055.12,2054.61,2054.825,133
1706828400,2054.825,2054.975,2054.465,2054.545,49
1706828700,2054.545,2055.41,2054.48,2055.26,149
1706829000,2055.26,2055.87,2055.19,2055.76,185
1706829300,2055.76,2055.89,2055.475,2055.775,122
1706829600,2055.775,2056.11,2055.64,2055.86,101
1706829900,2055.86,2056.335,2055.835,2055.99,136
1706830200,2055.99,2056.135,2055.53,2055.66,98
1706830500,2055.66,2055.68,2055.475,2055.55,84
1706830800,2055.55,2055.695,2055.29,2055.465,135
1706831100,2055.465,2055.48,2054.985,2055.325,149
1706831400,2055.325,2055.56,2055.19,2055.285,148
1706831700,2055.285,2055.345,2054.705,2054.905,87
1706832000,2054.905,2055.395,2054.73,2054.885,168
1706832300,2054.885,2055.8,2054.885,2055.785,207
1706832600,2055.785,2055.955,2055.54,2055.63,189
1706832900,2055.63,2055.925,2055.415,2055.425,186
1706833200,2055.425,2055.62,2055.11,2055.48,164
1706833500,2055.48,2056.215,2055.47,2056.185,204
1706833800,2056.185,2056.245,2055.79,2056.02,162
1706834100,2056.02,2056.97,2055.97,2056.74,144
1706834400,2056.74,2056.835,2056.25,2056.25,85
1706834700,2056.25,2056.535,2055.785,2056.075,181
1706835000,2056.075,2056.12,2055.36,2055.455,367
1706835300,2055.455,2055.78,2054.6,2055.05,205
1706835600,2055.05,2055.465,2054.54,2055.17,643
1706835900,2055.17,2056.095,2055.06,2055.505,448
1706836200,2055.505,2055.51,2053.97,2053.985,478
1706836500,2053.985,2054.08,2052.985,2053.09,561
1706836800,2053.09,2053.93,2052.945,2053.725,435
1706837100,2053.725,2054.26,2053.675,2053.69,276
1706837400,2053.69,2054.33,2053.305,2054.055,327
1706837700,2054.055,2054.325,2053.51,2054.12,661
1706838000,2054.12,2054.335,2053.63,2053.815,570
1706838300,2053.815,2054.615,2053.715,2053.965,396
1706838600,2053.965,2054.175,2053.72,2054.04,282
1706838900,2054.04,2054.785,2053.965,2054.785,526
1706839200,2054.785,2055.49,2054.505,2054.975,552
1706839500,2054.975,2054.99,2053.755,2053.905,502
1706839800,2053.905,2053.965,2052.86,2053.205,632
1706840100,2053.205,2053.345,2052.88,2053.245,351
1706840400,2053.245,2053.59,2052.215,2052.31,371
1706840700,2052.31,2052.865,2051.98,2052.765,284
1706841000,2052.765,2053.275,2052.665,2052.815,371
1706841300,2052.815,2053.11,2052.685,2052.85,327
1706841600,2052.85,2053.28,2052.83,2052.97,412
1706841900,2052.97,2053.615,2052.88,2053.565,176
1706842200,2053.565,2053.955,2053.345,2053.925,216
1706842500,2053.925,2054.025,2053.53,2053.9,129
1706842800,2053.9,2054.41,2053.715,2054.325,315
1706843100,2054.325,2054.835,2054.265,2054.825,316
1706843400,2054.825,2055.045,2054.16,2054.325,300
1706843700,2054.325,2054.57,2053.875,2054.005,197
1706844000,2054.005,2054.36,2053.66,2054.22,206
1706844300,2054.22,2054.25,2053.91,2054.2,69
1706844600,2054.2,2054.415,2053.995,2054.2,139
1706844900,2054.2,2054.575,2054.04,2054.345,186
1706845200,2054.345,2054.755,2054.32,2054.67,263
1706845500,2054.67,2054.67,2054.06,2054.24,109
1706845800,2054.24,2054.69,2054.15,2054.65,74
1706846100,2054.65,2054.985,2054.39,2054.685,164
1706846400,2054.685,2055.185,2054.625,2054.99,213
1706846700,2054.99,2055.215,2054.76,2055.19,308
1706847000,2055.19,2055.695,2055.19,2055.47,271
1706847300,2055.47,2055.975,2055.205,2055.38,190
1706847600,2055.38,2055.405,2055.09,2055.105,130
1706847900,2055.105,2055.105,2054.69,2054.745,172
1706848200,2054.745,2055.145,2054.74,2054.925,140
1706848500,2054.925,2054.945,2054.73,2054.82,117
1706848800,2054.82,2054.83,2054.425,2054.425,98
1706849100,2054.425,2054.735,2054.135,2054.21,250
1706849400,2054.21,2054.78,2054.15,2054.52,240
1706849700,2054.52,2055.19,2054.47,2055.16,267
1706850000,2055.16,2055.315,2054.8,2055.07,328
1706850300,2055.07,2055.475,2054.5,2054.775,385
1706850600,2054.775,2054.905,2054.595,2054.85,286
1706850900,2054.85,2055.79,2054.75,2055.48,383
1706851200,2055.48,2055.89,2055.28,2055.34,321
1706851500,2055.34,2056.39,2055.34,2056.13,283
1706851800,2056.13,2056.13,2055.435,2055.51,369
1706852100,2055.51,2056.425,2055.3,2056.27,373
1706852400,2056.27,2056.49,2055.97,2056.16,447
1706852700,2056.16,2056.59,2056.075,2056.59,399
1706853000,2056.59,2056.59,2055.99,2055.995,311
1706853300,2055.995,2056.005,2055.55,2055.585,598
1706853600,2055.585,2056.14,2055.33,2055.96,634
1706853900,2055.96,2056.925,2055.925,2056.435,358
1706854200,2056.435,2056.455,2056.1,2056.37,335
1706854500,2056.37,2056.37,2055.625,2055.745,454
1706854800,2055.745,2055.75,2054.395,2054.87,562
1706855100,2054.87,2055.9,2054.345,2055.69,435
1706855400,2055.69,2055.91,2055.135,2055.14,572
1706855700,2055.14,2055.445,2054.94,2055.245,523
1706856000,2055.245,2055.755,2054.935,2055.74,283
1706856300,2055.74,2055.78,2055.065,2055.165,423
1706856600,2055.165,2055.175,2054.63,2054.63,410
1706856900,2054.63,2055.515,2054.215,2055.505,487
1706857200,2055.505,2055.545,2054.85,2055.275,423
1706857500,2055.275,2055.705,2054.8,2054.895,423
1706857800,2054.895,2056.56,2054.875,2056.47,292
1706858100,2056.47,2056.485,2055.685,2056.27,256
1706858400,2056.27,2056.995,2056.135,2056.935,247
1706858700,2056.935,2056.945,2055.52,2055.67,644
1706859000,2055.67,2056.21,2055.16,2056.07,469
1706859300,2056.07,2056.39,2055.22,2055.75,339
1706859600,2055.75,2056.065,2055.45,2055.94,609
1706859900,2055.94,2056.095,2055.275,2055.395,526
1706860200,2055.395,2055.59,2054.935,2055.54,371
1706860500,2055.54,2055.705,2055.07,2055.105,360
1706860800,2055.105,2055.895,2054.735,2055.585,743
1706861100,2055.585,2056.575,2055.56,2056.395,539
1706861400,2056.395,2056.855,2056.32,2056.7,431
1706861700,2056.7,2056.8,2055.6,2055.775,293
1706862000,2055.775,2055.91,2055.405,2055.875,384
1706862300,2055.875,2055.88,2055.15,2055.305,393
1706862600,2055.305,2055.58,2055.125,2055.455,335
1706862900,2055.455,2056.18,2055.245,2055.955,500
1706863200,2055.955,2056.465,2055.85,2056.11,181
1706863500,2056.11,2056.125,2055.015,2055.11,255
1706863800,2055.11,2055.43,2054.345,2054.345,551
1706864100,2054.345,2054.47,2053.745,2054.09,513
1706864400,2054.09,2054.165,2053.49,2053.555,569
1706864700,2053.555,2054.24,2053.22,2054.225,515
1706865000,2054.225,2054.705,2053.54,2053.57,447
1706865300,2053.57,2054.06,2053.275,2053.79,295
1706865600,2053.79,2054.135,2053.44,2053.59,401
1706865900,2053.59,2054.97,2053.56,2054.965,496
1706866200,2054.965,2055.035,2054.28,2054.75,289
1706866500,2054.75,2054.75,2054.065,2054.685,155
1706866800,2054.685,2054.7,2054.05,2054.13,354
1706867100,2054.13,2054.63,2053.955,2054.28,494
1706867400,2054.28,2054.39,2053.51,2053.905,341
1706867700,2053.905,2054,2052.74,2053.1,409
1706868000,2053.1,2053.94,2052.99,2053.92,214
1706868300,2053.92,2054.07,2053.06,2053.525,372
1706868600,2053.525,2053.995,2053.46,2053.68,318
1706868900,2053.68,2054.215,2053.49,2054.205,375
1706869200,2054.205,2054.54,2054.205,2054.405,316
1706869500,2054.405,2055.715,2054.28,2055.7,528
1706869800,2055.7,2055.725,2054.18,2054.28,333
1706870100,2054.28,2054.46,2053.82,2054.29,173
1706870400,2054.29,2054.41,2053.82,2053.92,132
1706870700,2053.92,2054.625,2053.725,2054.57,379
1706871000,2054.57,2055.245,2054.44,2054.89,320
1706871300,2054.89,2055.025,2054.46,2054.745,251
1706871600,2054.745,2054.97,2054.42,2054.97,256
1706871900,2054.97,2055.275,2054.33,2054.525,168
1706872200,2054.525,2054.62,2053.785,2054.25,418
1706872500,2054.25,2055.115,2053.8,2055.095,498
1706872800,2055.095,2055.315,2054.715,2055.275,349
1706873100,2055.275,2055.54,2055.2,2055.435,348
1706873400,2055.435,2055.865,2055.235,2055.74,456
1706873700,2055.74,2055.89,2055.555,2055.885,252
1706874000,2055.885,2056.2,2055.535,2055.87,239
1706874300,2055.87,2056,2055.63,2055.87,249
1706874600,2055.87,2056.075,2055.7,2055.995,235
1706874900,2055.995,2056.145,2055.38,2056.13,280
1706875200,2056.13,2056.17,2055.29,2055.835,459
1706875500,2055.835,2055.84,2055.155,2055.465,366
1706875800,2055.465,2056.18,2055.26,2056.155,333
1706876100,2056.155,2056.175,2055.555,2055.705,223
1706876400,2055.705,2055.995,2055.355,2055.915,310
1706876700,2055.915,2056.19,2055.63,2055.89,517
1706877000,2055.89,2056.395,2055.585,2055.71,429
1706877300,2055.71,2056.165,2055.495,2056.01,440
1706877600,2056.01,2056.04,2055.06,2055.295,255
1706877900,2055.295,2055.33,2053.86,2054.385,382
1706878200,2054.385,2055.11,2054.375,2055.095,361
1706878500,2055.095,2055.525,2054.715,2055.255,351
1706878800,2055.255,2055.77,2054.825,2054.935,945
1706879100,2054.935,2055.89,2054.825,2055.535,735
1706879400,2055.535,2056.765,2055.46,2056.46,946
1706879700,2056.46,2057.705,2055.76,2055.895,986
1706880000,2055.895,2055.99,2053.17,2053.66,1396
1706880300,2053.66,2053.985,2051.63,2052.755,1201
1706880600,2052.755,2053.15,2040.515,2041.44,3421
1706880900,2041.44,2042.35,2035.87,2036.95,2803
1706881200,2036.95,2039.93,2033.045,2038.96,2800
1706881500,2038.96,2038.96,2033.37,2034.02,2326
1706881800,2034.02,2034.17,2032.3,2032.615,1974
1706882100,2032.615,2033.27,2029.695,2031.74,2121
1706882400,2031.74,2031.81,2027.87,2030.685,2067
1706882700,2030.685,2032.065,2028.94,2031.295,2080
1706883000,2031.295,2032.085,2030.19,2031.655,1586
1706883300,2031.655,2032.645,2030.68,2031.9,1622
1706883600,2031.9,2031.9,2029.995,2030.125,1586
1706883900,2030.125,2032.305,2029.995,2030.31,1604
1706884200,2030.31,2031.64,2028.35,2028.655,2059
1706884500,2028.655,2030.67,2027.91,2030.635,1898
1706884800,2030.635,2031.445,2028.005,2031.415,1792
1706885100,2031.415,2036.18,2031.415,2034.785,2339
1706885400,2034.785,2034.985,2032.375,2033.17,1535
1706885700,2033.17,2035.535,2033.17,2035.535,1178
1706886000,2035.535,2035.74,2031.68,2032.955,1957
1706886300,2032.955,2035.045,2031.645,2033.03,1805
1706886600,2033.03,2033.91,2031.245,2031.33,1421
1706886900,2031.33,2031.65,2029.63,2030.01,1793
1706887200,2030.01,2030.805,2029.905,2030.58,1253
1706887500,2030.58,2031.18,2028.58,2030.995,1394
1706887800,2030.995,2031.47,2029.065,2029.75,1499
1706888100,2029.75,2032.955,2029.55,2032.685,1355
1706888400,2032.685,2034.76,2032.685,2033.485,1432
1706888700,2033.485,2034.955,2033.435,2034.05,1238
1706889000,2034.05,2034.37,2033.42,2033.68,1206
1706889300,2033.68,2035.265,2032.85,2035.085,1090
1706889600,2035.085,2037.035,2034.38,2035.71,1434
1706889900,2035.71,2036.575,2035.065,2035.63,1141
1706890200,2035.63,2036.185,2034.665,2035.37,1194
1706890500,2035.37,2035.83,2034.33,2034.39,976
1706890800,2034.39,2035.365,2034.125,2034.155,964
1706891100,2034.155,2035.17,2034.1,2034.67,1098
1706891400,2034.67,2035.17,2033.48,2033.75,918
1706891700,2033.75,2035.34,2033.175,2035.145,910
1706892000,2035.145,2036.125,2034.715,2035.99,880
1706892300,2035.99,2037.3,2035.37,2037.22,1084
1706892600,2037.22,2037.57,2036.52,2036.655,848
1706892900,2036.655,2037.23,2035.9,2036.31,720
1706893200,2036.31,2036.89,2035.58,2036.735,674
1706893500,2036.735,2037.09,2035.71,2035.725,722
1706893800,2035.725,2036.17,2034.22,2034.28,749
1706894100,2034.28,2035.615,2033.99,2034.925,660
1706894400,2034.925,2035.215,2034.23,2034.675,513
1706894700,2034.675,2035.865,2034.115,2035.575,733
1706895000,2035.575,2035.985,2035.285,2035.48,595
1706895300,2035.48,2036.595,2035.31,2036.565,444
1706895600,2036.565,2036.9,2036.13,2036.325,547
1706895900,2036.325,2036.79,2035.99,2036.205,789
1706896200,2036.205,2036.21,2034.52,2034.785,838
1706896500,2034.785,2035.705,2034.78,2035.315,696
1706896800,2035.315,2035.5,2034.705,2034.91,534
1706897100,2034.91,2035.415,2034.82,2034.925,415
1706897400,2034.925,2035.64,2034.505,2034.54,336
1706897700,2034.54,2036.14,2034.525,2035.87,373
1706898000,2035.87,2037.795,2035.635,2037.76,433
1706898300,2037.76,2037.98,2036.295,2036.52,867
1706898600,2036.52,2037.315,2036.175,2037.035,637
1706898900,2037.035,2038.425,2036.645,2038.01,831
1706899200,2038.01,2038.82,2037.925,2038.775,496
1706899500,2038.775,2038.805,2037.91,2038.36,489
1706899800,2038.36,2038.67,2037.53,2037.57,529
1706900100,2037.57,2037.61,2036.645,2037.43,498
1706900400,2037.43,2037.91,2037.18,2037.18,270
1706900700,2037.18,2037.345,2036.485,2036.82,328
1706901000,2036.82,2037.8,2036.665,2037.65,428
1706901300,2037.65,2037.695,2036.72,2036.755,238
1706901600,2036.755,2037.215,2036.55,2037.215,371
1706901900,2037.215,2037.46,2036.935,2037.235,481
1706902200,2037.235,2037.315,2036.75,2037.21,430
1706902500,2037.21,2037.26,2036.73,2036.795,417
1706902800,2036.795,2037.87,2036.77,2037.785,385
1706903100,2037.785,2038.475,2037.505,2037.645,585
1706903400,2037.645,2038.61,2037.52,2038.61,530
1706903700,2038.61,2038.65,2037.77,2038.19,522
1706904000,2038.19,2038.27,2036.82,2037.47,665
1706904300,2037.47,2037.835,2037.215,2037.795,407
1706904600,2037.795,2038.365,2037.44,2038.03,183
1706904900,2038.03,2038.47,2037.29,2037.29,227
1706905200,2037.29,2037.655,2037.155,2037.48,112
1706905500,2037.48,2037.77,2037.16,2037.655,216
1706905800,2037.655,2037.77,2037.02,2037.23,317
1706906100,2037.23,2037.62,2037.085,2037.535,355
1706906400,2037.535,2037.535,2036.79,2036.925,323
1706906700,2036.925,2037.395,2036.845,2037.38,239
1706907000,2037.38,2037.585,2037.19,2037.375,237
1706907300,2037.375,2037.455,2036.06,2036.105,354
1706907600,2036.105,2037.27,2036.105,2037.045,317
1706907900,2037.045,2037.18,2036.63,2036.635,157
1706908200,2036.635,2036.78,2036.46,2036.755,186
1706908500,2036.755,2037.15,2036.74,2036.96,154
1706908800,2036.96,2037.345,2036.91,2037.155,190
1706909100,2037.155,2037.61,2037.06,2037.605,120
1706909400,2037.605,2037.81,2037.515,2037.675,109
1706909700,2037.675,2037.98,2037.44,2037.91,133
1706910000,2037.91,2038.075,2037.665,2037.88,209
1706910300,2037.88,2038.87,2037.8,2038.8,245
1706910600,2038.8,2039.72,2038.7,2039.695,257
1706910900,2039.695,2039.85,2039.41,2039.75,88
1707087600,2039.75,2041.795,2039.75,2041.66,173
1707087900,2041.66,2042.315,2039.98,2039.99,387
1707088200,2039.99,2040.185,2039.47,2039.85,368
1707088500,2039.85,2040.185,2039.595,2039.825,299
1707088800,2039.825,2041.78,2039.72,2041.775,270
1707089100,2041.775,2041.82,2040.54,2041.675,268
1707089400,2041.675,2041.715,2040.61,2041.33,160
1707089700,2041.33,2041.33,2040.47,2040.53,83
1707090000,2040.53,2040.675,2039.695,2040.095,181
1707090300,2040.095,2040.22,2039.25,2039.335,398
1707090600,2039.335,2040.035,2039.325,2039.86,237
1707090900,2039.86,2040.155,2039.295,2039.295,257
1707091200,2039.295,2039.74,2036.34,2038.355,1089
1707091500,2038.355,2039.92,2038.34,2039.295,654
1707091800,2039.295,2039.49,2037.7,2037.73,565
1707092100,2037.73,2037.815,2035.85,2036.365,630
1707092400,2036.365,2036.57,2035.465,2036.27,645
1707092700,2036.27,2036.27,2034.82,2035.135,668
1707093000,2035.135,2035.5,2034.38,2034.82,619
1707093300,2034.82,2034.89,2033.715,2034.52,873
1707093600,2034.52,2035.55,2034.295,2035.165,624
1707093900,2035.165,2035.415,2034.74,2035.405,314
1707094200,2035.405,2035.625,2034.95,2035.12,539
1707094500,2035.12,2035.85,2035.08,2035.745,633
1707094800,2035.745,2036.075,2035.245,2035.76,848
1707095100,2035.76,2036.96,2035.69,2036.435,610
1707095400,2036.435,2036.435,2034.875,2034.905,285
1707095700,2034.905,2035.535,2034.525,2035.3,595
1707096000,2035.3,2036.76,2035.075,2036.22,498
1707096300,2036.22,2036.22,2035.12,2035.97,204
1707096600,2035.97,2037.015,2035.88,2036.615,473
1707096900,2036.615,2037.5,2036.49,2036.91,526
1707097200,2036.91,2038.15,2036.82,2037.535,656
1707097500,2037.535,2037.79,2036.595,2036.95,625
1707097800,2036.95,2037.56,2036.685,2037.425,528
1707098100,2037.425,2038.285,2037.425,2038.07,667
1707098400,2038.07,2038.83,2037.94,2038.005,546
1707098700,2038.005,2038.36,2037.515,2037.74,325
1707099000,2037.74,2037.915,2037.485,2037.805,432
1707099300,2037.805,2037.805,2036.47,2036.74,372
1707099600,2036.74,2036.81,2036.155,2036.21,492
1707099900,2036.21,2036.765,2035.93,2036.13,539
1707100200,2036.13,2036.995,2036.13,2036.615,555
1707100500,2036.615,2036.76,2035.97,2036.06,101
1707100800,2036.06,2036.06,2035.16,2035.305,326
1707101100,2035.305,2035.84,2034.845,2034.99,502
1707101400,2034.99,2034.99,2033.025,2033.025,698
1707101700,2033.025,2034.215,2033.025,2033.56,595
1707102000,2033.56,2033.83,2032.31,2033.745,747
1707102300,2033.745,2034.57,2033.725,2034.36,755
1707102600,2034.36,2034.37,2032.69,2032.755,513
1707102900,2032.755,2032.995,2031.99,2032.135,528
1707103200,2032.135,2032.355,2030.28,2031.2,638
1707103500,2031.2,2031.82,2030.63,2031.49,580
1707103800,2031.49,2031.57,2030.81,2031.14,429
1707104100,2031.14,2031.33,2030.465,2031.135,417
1707104400,2031.135,2031.65,2031.12,2031.56,333
1707104700,2031.56,2032.035,2030.915,2031.23,319
1707105000,2031.23,2032.555,2031.015,2032.485,351
1707105300,2032.485,2032.66,2031.99,2032.35,293
1707105600,2032.35,2032.445,2031.71,2031.845,359
1707105900,2031.845,2032.915,2031.655,2032.855,485
1707106200,2032.855,2033.135,2032.465,2032.555,370
1707106500,2032.555,2033.28,2032.555,2032.755,233
1707106800,2032.755,2033.435,2032.755,2032.785,306
1707107100,2032.785,2032.98,2032.475,2032.785,113
1707107400,2032.785,2032.95,2032.16,2032.16,331
1707107700,2032.16,2032.4,2031.72,2032.27,228
1707108000,2032.27,2032.505,2031.655,2031.82,87
1707108300,2031.82,2032.39,2031.745,2032.385,97
1707108600,2032.385,2032.385,2031.75,2032.1,82
1707108900,2032.1,2032.1,2031.755,2031.975,70
1707109200,2031.975,2031.975,2030.055,2030.24,275
1707109500,2030.24,2030.61,2029.64,2030.61,385
1707109800,2030.61,2030.61,2030.045,2030.445,312
1707110100,2030.445,2031.315,2030.18,2031.315,213
1707110400,2031.315,2031.75,2030.945,2031.18,252
1707110700,2031.18,2031.91,2031.055,2031.17,455
1707111000,2031.17,2032.145,2030.49,2030.66,744
1707111300,2030.66,2031.48,2030.395,2030.46,563
1707111600,2030.46,2030.97,2029.335,2030.87,341
1707111900,2030.87,2030.93,2029.76,2030.725,362
1707112200,2030.725,2030.725,2029,2029.47,207
1707112500,2029.47,2029.915,2029.315,2029.82,233
1707112800,2029.82,2030.165,2029.2,2030.095,410
1707113100,2030.095,2030.82,2029.99,2030.34,502
1707113400,2030.34,2030.52,2029.39,2029.43,436
1707113700,2029.43,2029.78,2029.35,2029.415,365
1707114000,2029.415,2029.94,2029.18,2029.895,405
1707114300,2029.895,2030.85,2029.895,2030.72,280
1707114600,2030.72,2030.775,2029.205,2029.64,469
1707114900,2029.64,2029.735,2026.805,2029.7,604
1707115200,2029.7,2030.38,2029.19,2030.285,590
1707115500,2030.285,2030.87,2029.965,2030.87,319
1707115800,2030.87,2031.235,2030.19,2030.875,396
1707116100,2030.875,2031.295,2030.275,2030.96,209
1707116400,2030.96,2031.56,2030.075,2030.115,465
1707116700,2030.115,2030.14,2028.49,2029.695,595
1707117000,2029.695,2029.875,2029.04,2029.105,444
1707117300,2029.105,2029.47,2027.915,2029.42,382
1707117600,2029.42,2029.805,2028.425,2028.56,362
1707117900,2028.56,2028.68,2026.86,2028.02,636
1707118200,2028.02,2029.005,2027.165,2029.005,644
1707118500,2029.005,2029.72,2028.62,2029.385,674
1707118800,2029.385,2029.805,2028.705,2028.775,845
1707119100,2028.775,2029.07,2027.44,2027.895,682
1707119400,2027.895,2028.27,2027.6,2027.78,709
1707119700,2027.78,2027.99,2027.24,2027.61,400
1707120000,2027.61,2027.74,2025.375,2026.465,807
1707120300,2026.465,2026.66,2024.93,2025.39,902
1707120600,2025.39,2025.555,2024.655,2025.015,664
1707120900,2025.015,2025.26,2023.545,2023.99,772
1707121200,2023.99,2024.375,2023.21,2023.565,827
1707121500,2023.565,2023.84,2023.075,2023.25,728
1707121800,2023.25,2023.25,2021.535,2023.145,1066
1707122100,2023.145,2023.745,2022.69,2023.54,779
1707122400,2023.54,2024.055,2023.105,2023.475,789
1707122700,2023.475,2023.7,2022.785,2022.885,612
1707123000,2022.885,2023.68,2022.425,2022.995,619
1707123300,2022.995,2023.53,2022.565,2023.525,646
1707123600,2023.525,2024.06,2023.445,2023.66,646
1707123900,2023.66,2024.24,2023.46,2024.02,621
1707124200,2024.02,2024.275,2022.995,2023.26,461
1707124500,2023.26,2023.585,2022.55,2022.77,639
1707124800,2022.77,2023.04,2022.115,2022.115,521
1707125100,2022.115,2022.585,2021.34,2021.65,845
1707125400,2021.65,2021.89,2020.825,2021.08,600
1707125700,2021.08,2021.94,2020.73,2021.54,564
1707126000,2021.54,2022.22,2021.37,2022.205,618
1707126300,2022.205,2022.595,2021.475,2022.295,409
1707126600,2022.295,2022.415,2021.995,2022.1,516
1707126900,2022.1,2023.025,2022.02,2022.745,483
1707127200,2022.745,2023.14,2022.37,2023.13,676
1707127500,2023.13,2023.825,2023.12,2023.27,419
1707127800,2023.27,2023.33,2022.885,2023.3,317
1707128100,2023.3,2023.315,2022.405,2022.69,468
1707128400,2022.69,2024.105,2022.535,2024.09,529
1707128700,2024.09,2024.18,2023.48,2023.895,508
1707129000,2023.895,2024.89,2023.74,2024.87,554
1707129300,2024.87,2025.02,2024.225,2024.275,552
1707129600,2024.275,2024.8,2024.205,2024.665,312
1707129900,2024.665,2025.33,2024.445,2024.965,312
1707130200,2024.965,2025.155,2024.51,2024.83,215
1707130500,2024.83,2024.935,2024.33,2024.51,241
1707130800,2024.51,2024.645,2024.175,2024.28,285
1707131100,2024.28,2025.435,2024.245,2025.435,290
1707131400,2025.435,2025.885,2025.08,2025.655,442
1707131700,2025.655,2025.885,2025.08,2025.525,276
1707132000,2025.525,2025.985,2025.22,2025.6,263
1707132300,2025.6,2026.295,2025.515,2026.215,347
1707132600,2026.215,2026.585,2025.75,2025.75,323
1707132900,2025.75,2026.83,2025.63,2026.825,368
1707133200,2026.825,2027.425,2026.64,2027.42,402
1707133500,2027.42,2028.425,2027.315,2027.9,574
1707133800,2027.9,2028.355,2027.51,2028.15,746
1707134100,2028.15,2028.17,2027.405,2027.685,539
1707134400,2027.685,2028.14,2026.32,2026.845,598
1707134700,2026.845,2026.845,2025.79,2026.255,629
1707135000,2026.255,2026.98,2026.25,2026.375,543
1707135300,2026.375,2026.375,2025.255,2025.26,183
1707135600,2025.26,2025.665,2024.93,2025.325,215
1707135900,2025.325,2025.6,2025.12,2025.34,341
1707136200,2025.34,2025.36,2023.9,2024.53,361
1707136500,2024.53,2024.68,2023.87,2023.955,297
1707136800,2023.955,2024.235,2022.8,2023.225,512
1707137100,2023.225,2024.02,2023.18,2023.525,605
1707137400,2023.525,2023.735,2023.13,2023.55,469
1707137700,2023.55,2023.9,2022.71,2022.71,410
1707138000,2022.71,2022.725,2021.855,2022.12,1229
1707138300,2022.12,2022.755,2021.395,2021.64,745
1707138600,2021.64,2021.88,2021.26,2021.865,811
1707138900,2021.865,2022.4,2021.215,2021.55,752
1707139200,2021.55,2022.15,2017.905,2018.26,1347
1707139500,2018.26,2018.805,2016.47,2017.425,1304
1707139800,2017.425,2019.42,2016.96,2018.63,1372
1707140100,2018.63,2019.145,2017.185,2017.88,1266
1707140400,2017.88,2018.065,2016.705,2017.51,1119
1707140700,2017.51,2018.21,2016.71,2017.5,991
1707141000,2017.5,2017.5,2015.105,2015.225,1174
1707141300,2015.225,2016.06,2015.02,2016.025,810
1707141600,2016.025,2016.46,2014.96,2015.905,938
1707141900,2015.905,2017.22,2015.365,2016.14,943
1707142200,2016.14,2016.395,2015.07,2016.335,909
1707142500,2016.335,2016.745,2014.96,2015.415,915
1707142800,2015.415,2017.62,2015.305,2016.99,839
1707143100,2016.99,2018.16,2016.82,2017.51,753
1707143400,2017.51,2019.425,2017.255,2018.59,1440
1707143700,2018.59,2018.67,2017.63,2018.255,1035
1707144000,2018.255,2018.565,2017.18,2017.53,666
1707144300,2017.53,2023.72,2017.53,2022.25,2073
1707144600,2022.25,2023.685,2020.84,2022.71,1415
1707144900,2022.71,2023.795,2022.415,2023.6,1193
1707145200,2023.6,2023.6,2016.92,2018.815,2305
1707145500,2018.815,2022.245,2018.445,2019.185,1516
1707145800,2019.185,2020.575,2018.375,2019.975,1462
1707146100,2019.975,2020.09,2017.715,2018.935,1434
1707146400,2018.935,2020,2017.595,2019.06,1190
1707146700,2019.06,2020.725,2018.93,2019.37,1151
1707147000,2019.37,2020.32,2018.685,2019.875,1073
1707147300,2019.875,2019.88,2017.89,2017.995,982
1707147600,2017.995,2018.07,2016.56,2017.18,1059
1707147900,2017.18,2017.37,2015.9,2016.69,1016
1707148200,2016.69,2017.84,2015.6,2016.49,1103
1707148500,2016.49,2018.145,2016.485,2017.84,1078
1707148800,2017.84,2018.715,2017.825,2018.605,848
1707149100,2018.605,2019.795,2018.27,2019.515,858
1707149400,2019.515,2019.985,2019.24,2019.55,583
1707149700,2019.55,2019.97,2019.06,2019.475,614
1707150000,2019.475,2019.55,2018.56,2019.01,751
1707150300,2019.01,2020.47,2018.885,2020.305,729
1707150600,2020.305,2022.585,2020.305,2022.405,1095
1707150900,2022.405,2022.51,2020.61,2021.34,715
1707151200,2021.34,2021.635,2020.765,2021.005,551
1707151500,2021.005,2021.22,2020.595,2021.185,460
1707151800,2021.185,2022.275,2021.185,2021.555,591
1707152100,2021.555,2022.35,2021.37,2022.255,422
1707152400,2022.255,2023.555,2022.085,2023.33,359
1707152700,2023.33,2023.455,2022.57,2022.78,280
1707153000,2022.78,2022.955,2022.225,2022.8,406
1707153300,2022.8,2023.185,2021.555,2021.74,601
1707153600,2021.74,2022.42,2021.425,2022.13,449
1707153900,2022.13,2023.455,2022.13,2023.285,455
1707154200,2023.285,2024.005,2023.15,2023.965,630
1707154500,2023.965,2024.09,2023.185,2023.515,433
1707154800,2023.515,2025.72,2023.48,2025.515,521
1707155100,2025.515,2026.49,2025.115,2026.285,697
1707155400,2026.285,2026.485,2025.03,2025.05,530
1707155700,2025.05,2025.92,2025.035,2025.685,306
1707156000,2025.685,2026.59,2025.54,2026.59,649
1707156300,2026.59,2026.67,2025.62,2025.905,421
1707156600,2025.905,2026.87,2025.745,2026.555,185
1707156900,2026.555,2026.86,2026.045,2026.155,345
1707157200,2026.155,2026.395,2025.505,2025.75,458
1707157500,2025.75,2026.81,2025.745,2026.62,516
1707157800,2026.62,2027.15,2026.52,2026.795,357
1707158100,2026.795,2027.125,2025.57,2025.67,384
1707158400,2025.67,2026.345,2025.465,2026.03,245
1707158700,2026.03,2026.68,2026.025,2026.64,376
1707159000,2026.64,2026.735,2025.76,2025.83,176
1707159300,2025.83,2026.285,2025.69,2025.99,168
1707159600,2025.99,2026.16,2025.2,2025.91,353
1707159900,2025.91,2027.605,2025.91,2027.105,506
1707160200,2027.105,2027.105,2026.555,2027.06,517
1707160500,2027.06,2027.295,2026.22,2026.32,286
1707160800,2026.32,2027.005,2026.03,2027.005,512
1707161100,2027.005,2027.1,2026.52,2026.52,368
1707161400,2026.52,2027.11,2026.425,2026.935,441
1707161700,2026.935,2027.075,2026.66,2026.69,379
1707162000,2026.69,2026.845,2026.12,2026.16,384
1707162300,2026.16,2027.12,2026.105,2026.945,204
1707162600,2026.945,2027.01,2026.26,2026.32,293
1707162900,2026.32,2026.36,2025.845,2026.04,280
1707163200,2026.04,2026.44,2024.825,2024.885,522
1707163500,2024.885,2025.775,2024.655,2025.01,325
1707163800,2025.01,2025.125,2024.305,2024.48,390
1707164100,2024.48,2024.705,2024.095,2024.3,480
1707164400,2024.3,2024.6,2024.075,2024.415,291
1707164700,2024.415,2025.28,2024.365,2025.2,146
1707165000,2025.2,2025.835,2025.15,2025.62,130
1707165300,2025.62,2026.05,2025.515,2026.025,120
1707165600,2026.025,2026.235,2025.485,2025.855,305
1707165900,2025.855,2026.22,2025.46,2025.495,331
1707166200,2025.495,2025.73,2025.285,2025.37,444
1707166500,2025.37,2025.555,2024.985,2025.015,469
1707166800,2025.015,2025.225,2024.585,2024.585,192
1707167100,2024.585,2024.805,2024.39,2024.69,110
1707167400,2024.69,2025.08,2024.655,2025.045,145
1707167700,2025.045,2025.045,2024.88,2024.88,102
1707168000,2024.88,2025.08,2024.66,2024.66,57
1707168300,2024.66,2024.66,2024.17,2024.375,29
1707168600,2024.375,2024.545,2024.255,2024.52,44
1707168900,2024.52,2024.77,2024.48,2024.71,38
1707169200,2024.71,2024.93,2024.69,2024.86,11
1707169500,2024.86,2025.085,2024.78,2025.04,70
1707169800,2025.04,2025.09,2024.685,2024.955,58
1707170100,2024.955,2024.99,2024.77,2024.89,50
1707174000,2024.89,2025.53,2024.89,2025.42,34
1707174300,2025.42,2025.585,2025.275,2025.355,110
1707174600,2025.355,2025.355,2024.925,2025.095,148
1707174900,2025.095,2025.12,2024.575,2024.645,136
1707175200,2024.645,2025.33,2024.58,2024.905,196
1707175500,2024.905,2024.94,2024.04,2024.32,139
1707175800,2024.32,2024.46,2023.815,2024.32,233
1707176100,2024.32,2024.965,2024.055,2024.945,235
1707176400,2024.945,2025.19,2024.82,2025.065,118
1707176700,2025.065,2025.215,2024.99,2025.135,67
1707177000,2025.135,2025.245,2025.06,2025.235,72
1707177300,2025.235,2025.28,2025.085,2025.145,81
1707177600,2025.145,2025.65,2025.09,2025.48,146
1707177900,2025.48,2025.67,2025.355,2025.45,133
1707178200,2025.45,2025.535,2025.145,2025.39,195
1707178500,2025.39,2025.775,2025.365,2025.525,146
1707178800,2025.525,2026.26,2025.405,2026.225,137
1707179100,2026.225,2026.565,2026.025,2026.345,208
1707179400,2026.345,2026.785,2026.2,2026.455,105
1707179700,2026.455,2026.835,2026.305,2026.63,141
1707180000,2026.63,2027.25,2026.6,2027.05,269
1707180300,2027.05,2027.62,2027.05,2027.42,176
1707180600,2027.42,2027.675,2026.965,2027.13,217
1707180900,2027.13,2027.355,2026.935,2026.94,217
1707181200,2026.94,2028.675,2026.935,2028.385,639
1707181500,2028.385,2028.395,2027.31,2027.92,352
1707181800,2027.92,2028.23,2027.55,2028.085,216
1707182100,2028.085,2028.195,2027.59,2027.695,275
1707182400,2027.695,2027.8,2027.155,2027.72,138
1707182700,2027.72,2027.76,2027.355,2027.45,228
1707183000,2027.45,2028.23,2027.435,2028.105,307
1707183300,2028.105,2028.19,2027.455,2027.54,321
1707183600,2027.54,2027.56,2026.5,2026.81,362
1707183900,2026.81,2027.825,2026.75,2027.705,509
1707184200,2027.705,2027.705,2027.06,2027.11,697
1707184500,2027.11,2027.41,2027.06,2027.235,423
1707184800,2027.235,2027.425,2026.17,2026.445,512
1707185100,2026.445,2026.665,2025.86,2026.09,169
1707185400,2026.09,2026.09,2025.345,2025.39,362
1707185700,2025.39,2025.98,2025.335,2025.73,239
1707186000,2025.73,2025.91,2025.065,2025.3,203
1707186300,2025.3,2025.695,2025.01,2025.51,246
1707186600,2025.51,2025.865,2025.455,2025.79,408
1707186900,2025.79,2026.54,2025.615,2026.505,450
1707187200,2026.505,2026.69,2026.3,2026.4,467
1707187500,2026.4,2026.71,2026.185,2026.2,307
1707187800,2026.2,2026.43,2026.07,2026.405,279
1707188100,2026.405,2026.535,2026.025,2026.06,143
1707188400,2026.06,2026.39,2025.905,2026.235,246
1707188700,2026.235,2026.515,2025.275,2025.275,255
1707189000,2025.275,2025.45,2024.435,2024.565,373
1707189300,2024.565,2024.625,2023.855,2024.28,531
1707189600,2024.28,2024.42,2023.83,2023.975,153
1707189900,2023.975,2024.225,2023.635,2023.855,222
1707190200,2023.855,2024.66,2023.82,2024.45,684
1707190500,2024.45,2024.67,2023.925,2024.4,358
1707190800,2024.4,2024.4,2023.76,2023.825,195
1707191100,2023.825,2024.065,2023.65,2023.795,156
1707191400,2023.795,2023.985,2023.545,2023.97,149
1707191700,2023.97,2024.175,2023.705,2023.99,267
1707192000,2023.99,2024.37,2023.69,2024.06,187
1707192300,2024.06,2024.13,2023.65,2023.775,119
1707192600,2023.775,2024.315,2023.67,2024.075,208
1707192900,2024.075,2024.86,2023.96,2024.6,323
1707193200,2024.6,2024.77,2024.03,2024.39,330
1707193500,2024.39,2025.395,2024.39,2025.39,384
1707193800,2025.39,2025.665,2025.025,2025.535,289
1707194100,2025.535,2025.585,2025.1,2025.24,321
1707194400,2025.24,2025.695,2025.24,2025.505,263
1707194700,2025.505,2026.425,2025.4,2026.25,354
1707195000,2026.25,2026.46,2026.03,2026.2,105
1707195300,2026.2,2026.405,2026.035,2026.39,94
1707195600,2026.39,2027.005,2026.38,2026.41,541
1707195900,2026.41,2026.565,2025.975,2026.545,343
1707196200,2026.545,2026.79,2025.985,2026.09,437
1707196500,2026.09,2027.2,2025.88,2027.06,248
1707196800,2027.06,2027.06,2026.195,2026.65,148
1707197100,2026.65,2027.16,2026.575,2026.915,121
1707197400,2026.915,2028.455,2026.915,2028.365,540
1707197700,2028.365,2028.595,2027.79,2028.405,453
1707198000,2028.405,2029.54,2028.3,2029.395,352
1707198300,2029.395,2029.52,2028.88,2029.25,327
1707198600,2029.25,2029.445,2028.995,2029.27,200
1707198900,2029.27,2029.855,2029.1,2029.555,245
1707199200,2029.555,2029.7,2028.18,2028.465,422
1707199500,2028.465,2028.56,2027.71,2028.105,338
1707199800,2028.105,2028.585,2027.855,2028.48,301
1707200100,2028.48,2028.515,2027.995,2028.165,398
1707200400,2028.165,2028.51,2027.64,2027.74,399
1707200700,2027.74,2027.985,2027.145,2027.295,222
1707201000,2027.295,2027.55,2026.71,2026.82,336
1707201300,2026.82,2027.055,2026.5,2026.845,383
1707201600,2026.845,2027.625,2026.67,2027.25,429
1707201900,2027.25,2027.39,2026.555,2026.99,148
1707202200,2026.99,2027.135,2026.595,2026.82,163
1707202500,2026.82,2026.82,2026.255,2026.7,179
1707202800,2026.7,2028.08,2026.62,2027.505,511
1707203100,2027.505,2028.635,2027.505,2027.695,301
1707203400,2027.695,2028.39,2027.515,2028.315,366
1707203700,2028.315,2029.025,2027.88,2028.37,377
1707204000,2028.37,2028.78,2027.88,2027.915,366
1707204300,2027.915,2028.21,2027.145,2027.145,431
1707204600,2027.145,2027.92,2026.765,2027.14,504
1707204900,2027.14,2027.325,2026.82,2027.09,336
1707205200,2027.09,2027.48,2027.04,2027.225,398
1707205500,2027.225,2027.26,2026.505,2026.66,521
1707205800,2026.66,2027.105,2026.35,2026.86,395
1707206100,2026.86,2026.86,2026.28,2026.38,216
1707206400,2026.38,2026.74,2025.685,2025.775,537
1707206700,2025.775,2026.085,2025.35,2025.635,527
1707207000,2025.635,2026.085,2025.53,2025.835,420
1707207300,2025.835,2026.19,2025.045,2025.9,477
1707207600,2025.9,2026.165,2025.34,2026,332
1707207900,2026,2026.42,2025.735,2025.91,200
1707208200,2025.91,2026.215,2024.615,2025.2,384
1707208500,2025.2,2025.525,2024.735,2025.51,251
1707208800,2025.51,2025.63,2024.96,2025.2,264
1707209100,2025.2,2025.2,2024.65,2025.035,333
1707209400,2025.035,2025.215,2024.435,2024.595,298
1707209700,2024.595,2024.79,2023.46,2023.885,421
1707210000,2023.885,2024.19,2022.975,2024.15,517
1707210300,2024.15,2024.62,2023.895,2024.235,477
1707210600,2024.235,2025.2,2024.015,2024.85,501
1707210900,2024.85,2025.305,2024.655,2024.785,229
1707211200,2024.785,2024.785,2024.29,2024.53,360
1707211500,2024.53,2024.58,2023.49,2024.525,368
1707211800,2024.525,2024.695,2023.535,2024.695,310
1707212100,2024.695,2025.285,2024.49,2025.07,423
1707212400,2025.07,2025.075,2024.515,2024.755,476
1707212700,2024.755,2025.505,2024.66,2024.85,307
1707213000,2024.85,2025.045,2024.52,2024.84,101
1707213300,2024.84,2024.845,2023.63,2023.63,346
1707213600,2023.63,2024.89,2023.6,2024.695,559
1707213900,2024.695,2025.135,2024.635,2025.085,237
1707214200,2025.085,2025.835,2024.98,2025.625,250
1707214500,2025.625,2026.37,2025.045,2025.345,473
1707214800,2025.345,2026.165,2024.865,2025.385,471
1707215100,2025.385,2025.415,2024.3,2024.515,244
1707215400,2024.515,2025.04,2024.025,2024.025,398
1707215700,2024.025,2024.245,2023.7,2024.07,338
1707216000,2024.07,2024.16,2023.445,2023.955,342
1707216300,2023.955,2024.43,2023.925,2024.32,193
1707216600,2024.32,2024.82,2024.23,2024.635,321
1707216900,2024.635,2024.705,2023.925,2024.01,468
1707217200,2024.01,2024.055,2023.01,2023.375,607
1707217500,2023.375,2024.685,2023.26,2024.68,511
1707217800,2024.68,2025.1,2024.375,2025.08,388
1707218100,2025.08,2025.17,2024.33,2024.775,301
1707218400,2024.775,2025.84,2024.665,2025.485,297
1707218700,2025.485,2025.66,2025.22,2025.56,177
1707219000,2025.56,2026.875,2025.435,2026.615,520
1707219300,2026.615,2027.585,2026.615,2026.975,457
1707219600,2026.975,2027.475,2026.33,2026.62,481
1707219900,2026.62,2026.92,2026.065,2026.375,296
1707220200,2026.375,2026.635,2026.165,2026.385,315
1707220500,2026.385,2026.96,2026.215,2026.82,379
1707220800,2026.82,2027.65,2026.55,2027.39,552
1707221100,2027.39,2027.495,2026.19,2026.385,327
1707221400,2026.385,2027.32,2026.37,2026.76,324
1707221700,2026.76,2026.76,2025.71,2026.355,348
1707222000,2026.355,2026.355,2025.39,2025.885,191
1707222300,2025.885,2025.99,2025.34,2025.44,315
1707222600,2025.44,2025.59,2024.595,2024.98,268
1707222900,2024.98,2026.42,2024.57,2026.365,601
1707223200,2026.365,2026.625,2025.9,2026.34,458
1707223500,2026.34,2027.56,2026.33,2027.48,335
1707223800,2027.48,2027.675,2026.855,2026.975,543
1707224100,2026.975,2027.95,2026.865,2027.835,289
1707224400,2027.835,2028.305,2027.445,2028.305,786
1707224700,2028.305,2030.97,2028.305,2029.715,1091
1707225000,2029.715,2030.08,2028.58,2029.195,1005
1707225300,2029.195,2030.01,2028,2028.07,914
1707225600,2028.07,2028.07,2026.325,2027.035,1054
1707225900,2027.035,2027.665,2026.61,2027.26,830
1707226200,2027.26,2028.635,2026.78,2027.43,783
1707226500,2027.43,2027.79,2026.57,2026.895,902
1707226800,2026.895,2027.81,2026.76,2027.25,896
1707227100,2027.25,2029.205,2027.225,2029.14,849
1707227400,2029.14,2029.175,2028.125,2028.585,695
1707227700,2028.585,2029.455,2028.375,2029.28,663
1707228000,2029.28,2030.245,2028.715,2030.145,792
1707228300,2030.145,2030.505,2029.61,2029.725,880
1707228600,2029.725,2029.975,2028.655,2029.43,910
1707228900,2029.43,2029.645,2028.475,2029.105,643
1707229200,2029.105,2030.33,2029,2030.06,777
1707229500,2030.06,2031.235,2028.73,2028.975,963
1707229800,2028.975,2029.265,2027.64,2028.355,1213
1707230100,2028.355,2029.305,2026.98,2028.895,895
1707230400,2028.895,2030.545,2028.775,2030.35,953
1707230700,2030.35,2033.11,2030.235,2031.085,1404
1707231000,2031.085,2032.345,2030.145,2032,1178
1707231300,2032,2032.115,2030.495,2030.69,933
1707231600,2030.69,2031.525,2030.125,2030.65,1002
1707231900,2030.65,2034.265,2029.67,2034.265,1086
1707232200,2034.265,2036.27,2033.72,2034.14,1551
1707232500,2034.14,2036.55,2033.005,2036.525,1277
1707232800,2036.525,2037.015,2035.525,2035.86,1640
1707233100,2035.86,2037.84,2035.385,2035.385,1389
1707233400,2035.385,2036.45,2035,2035.605,1081
1707233700,2035.605,2036.825,2035.425,2035.945,1021
1707234000,2035.945,2037.57,2035.095,2037.35,1172
1707234300,2037.35,2038.105,2036.615,2037.16,1264
1707234600,2037.16,2038.19,2036.305,2036.305,1060
1707234900,2036.305,2036.8,2035.825,2036.395,1167
1707235200,2036.395,2037.105,2035.79,2035.89,945
1707235500,2035.89,2036.555,2035.26,2035.27,768
1707235800,2035.27,2037.225,2035.27,2036.62,936
1707236100,2036.62,2037.265,2036.06,2036.19,831
1707236400,2036.19,2036.81,2035.8,2036.675,655
1707236700,2036.675,2037.465,2036.18,2036.75,697
1707237000,2036.75,2036.99,2036.265,2036.61,552
1707237300,2036.61,2037.2,2036.31,2037.14,538
1707237600,2037.14,2038.2,2036.785,2038.12,702
1707237900,2038.12,2038.945,2037.44,2038.74,799
1707238200,2038.74,2038.93,2037.395,2037.655,578
1707238500,2037.655,2037.8,2036.66,2036.66,518
1707238800,2036.66,2037.07,2035.43,2035.46,896
1707239100,2035.46,2036.72,2035.225,2036.17,538
1707239400,2036.17,2036.485,2035.245,2035.45,609
1707239700,2035.45,2035.93,2035.235,2035.68,392
1707240000,2035.68,2036.63,2035.555,2036.21,717
1707240300,2036.21,2036.23,2032.175,2034.52,1364
1707240600,2034.52,2035.885,2033.89,2035.14,836
1707240900,2035.14,2036.135,2034.89,2036.075,643
1707241200,2036.075,2036.965,2035.58,2036.965,594
1707241500,2036.965,2037.71,2036.955,2037.69,676
1707241800,2037.69,2038.115,2037.37,2038.09,427
1707242100,2038.09,2038.445,2037.085,2037.095,363
1707242400,2037.095,2038.27,2036.43,2036.81,705
1707242700,2036.81,2037.21,2035.79,2036.38,555
1707243000,2036.38,2037.395,2035.685,2036.35,792
1707243300,2036.35,2036.525,2035.67,2035.82,592
1707243600,2035.82,2035.975,2034.44,2034.455,680
1707243900,2034.455,2035.35,2033.87,2035.18,720
1707244200,2035.18,2036.255,2035.165,2035.925,687
1707244500,2035.925,2035.985,2035.285,2035.765,541
1707244800,2035.765,2036.125,2035.085,2036.065,455
1707245100,2036.065,2036.27,2035.825,2036.16,512
1707245400,2036.16,2036.47,2035.79,2036.45,438
1707245700,2036.45,2036.795,2036.16,2036.645,368
1707246000,2036.645,2036.94,2035.735,2035.82,334
1707246300,2035.82,2035.94,2035.155,2035.65,228
1707246600,2035.65,2035.935,2035.055,2035.235,179
1707246900,2035.235,2035.715,2035.23,2035.6,264
1707247200,2035.6,2036.35,2035.27,2036.135,409
1707247500,2036.135,2036.34,2035.845,2036.245,279
1707247800,2036.245,2036.61,2036.14,2036.48,175
1707248100,2036.48,2036.585,2035.715,2036.065,483
1707248400,2036.065,2036.11,2035.55,2035.975,423
1707248700,2035.975,2036.205,2035.885,2036.125,333
1707249000,2036.125,2036.15,2035.71,2035.71,348
1707249300,2035.71,2036.27,2035.71,2036.09,297
1707249600,2036.09,2036.485,2036.085,2036.305,447
1707249900,2036.305,2037.01,2036.22,2036.905,378
1707250200,2036.905,2037.02,2036.37,2036.375,294
1707250500,2036.375,2036.575,2036.01,2036.325,271
1707250800,2036.325,2036.445,2035.96,2036.01,228
1707251100,2036.01,2036.23,2035.645,2035.645,180
1707251400,2035.645,2035.94,2035.25,2035.685,91
1707251700,2035.685,2036.16,2035.64,2035.735,171
1707252000,2035.735,2035.965,2035.64,2035.76,283
1707252300,2035.76,2036.095,2035.685,2035.805,331
1707252600,2035.805,2036.095,2035.605,2035.8,400
1707252900,2035.8,2036.03,2035.435,2035.805,499
1707253200,2035.805,2036.01,2035.705,2035.85,211
1707253500,2035.85,2035.94,2035.365,2035.48,146
1707253800,2035.48,2035.6,2035.475,2035.585,67
1707254100,2035.585,2035.6,2035.48,2035.51,30
1707254400,2035.51,2035.555,2035.27,2035.4,91
1707254700,2035.4,2035.505,2035.08,2035.435,75
1707255000,2035.435,2035.645,2035.315,2035.615,111
1707255300,2035.615,2035.815,2035.615,2035.62,51
1707255600,2035.62,2035.885,2035.62,2035.805,69
1707255900,2035.805,2036.005,2035.79,2035.79,51
1707256200,2035.79,2036.225,2035.79,2035.995,73
1707256500,2035.995,2036.09,2035.88,2035.885,74
1707260400,2035.885,2035.895,2035.595,2035.845,31
1707260700,2035.845,2036.4,2035.63,2036.295,164
1707261000,2036.295,2036.295,2035.825,2035.995,144
1707261300,2035.995,2035.995,2035.66,2035.725,81
1707261600,2035.725,2036.065,2035.68,2036.065,62
1707261900,2036.065,2036.065,2035.155,2035.275,158
1707262200,2035.275,2035.465,2034.6,2035.025,122
1707262500,2035.025,2035.495,2034.96,2035.36,139
1707262800,2035.36,2035.53,2035.28,2035.335,53
1707263100,2035.335,2035.395,2035.12,2035.125,46
1707263400,2035.125,2035.37,2035.095,2035.24,28
1707263700,2035.24,2035.36,2035.24,2035.34,70
1707264000,2035.34,2035.83,2035.25,2035.43,227
1707264300,2035.43,2035.43,2035.115,2035.145,162
1707264600,2035.145,2035.475,2035.005,2035.135,111
1707264900,2035.135,2035.295,2034.96,2035.18,85
1707265200,2035.18,2035.78,2035.105,2035.6,183
1707265500,2035.6,2035.825,2035.45,2035.67,75
1707265800,2035.67,2036.195,2035.67,2035.85,103
1707266100,2035.85,2035.98,2035.545,2035.63,180
1707266400,2035.63,2035.63,2035.325,2035.34,226
1707266700,2035.34,2035.39,2034.96,2035.31,141
1707267000,2035.31,2035.335,2034.76,2035.195,205
1707267300,2035.195,2035.29,2034.445,2035.105,316
1707267600,2035.105,2035.85,2034.85,2035.66,403
1707267900,2035.66,2035.84,2035.09,2035.305,387
1707268200,2035.305,2035.355,2034.975,2035.17,176
1707268500,2035.17,2035.56,2035.075,2035.28,285
1707268800,2035.28,2035.845,2035.275,2035.525,216
1707269100,2035.525,2035.525,2034.895,2035.35,279
1707269400,2035.35,2035.53,2034.93,2035.04,235
1707269700,2035.04,2035.17,2034.315,2034.6,307
1707270000,2034.6,2034.935,2034.295,2034.925,196
1707270300,2034.925,2035.57,2034.77,2035.33,507
1707270600,2035.33,2035.575,2035.02,2035.185,453
1707270900,2035.185,2035.49,2034.935,2035.08,594
1707271200,2035.08,2035.29,2034.74,2034.875,358
1707271500,2034.875,2035.205,2034.63,2034.925,414
1707271800,2034.925,2035.405,2034.825,2035.33,243
1707272100,2035.33,2035.46,2035.08,2035.245,134
1707272400,2035.245,2035.42,2035.075,2035.18,78
1707272700,2035.18,2035.63,2035.17,2035.365,282
1707273000,2035.365,2035.425,2034.795,2034.87,427
1707273300,2034.87,2034.87,2034.365,2034.605,242
1707273600,2034.605,2034.71,2034.405,2034.62,262
1707273900,2034.62,2034.72,2034.125,2034.355,245
1707274200,2034.355,2034.705,2034.35,2034.62,211
1707274500,2034.62,2034.71,2034.425,2034.49,202
1707274800,2034.49,2034.615,2034.105,2034.21,162
1707275100,2034.21,2034.86,2034.205,2034.635,202
1707275400,2034.635,2035.505,2034.615,2035.14,357
1707275700,2035.14,2035.48,2035.105,2035.415,174
1707276000,2035.415,2035.485,2034.735,2034.815,245
1707276300,2034.815,2035.03,2034.54,2034.89,272
1707276600,2034.89,2035.045,2034.59,2034.73,133
1707276900,2034.73,2034.85,2034.435,2034.53,140
1707277200,2034.53,2035.045,2034.455,2034.75,161
1707277500,2034.75,2034.795,2034.48,2034.52,206
1707277800,2034.52,2034.705,2034.495,2034.54,196
1707278100,2034.54,2034.805,2034.48,2034.48,109
1707278400,2034.48,2034.485,2034.195,2034.25,178
1707278700,2034.25,2034.725,2034.25,2034.585,172
1707279000,2034.585,2034.84,2034.565,2034.81,71
1707279300,2034.81,2035.425,2034.76,2035.13,100
1707279600,2035.13,2035.175,2034.965,2035.08,169
1707279900,2035.08,2035.325,2035.015,2035.19,72
1707280200,2035.19,2035.33,2035.145,2035.21,69
1707280500,2035.21,2035.245,2035.055,2035.175,95
1707280800,2035.175,2035.27,2034.92,2035.135,107
1707281100,2035.135,2035.325,2034.86,2034.94,69
1707281400,2034.94,2035.48,2034.91,2035.26,83
1707281700,2035.26,2035.49,2035.25,2035.3,66
1707282000,2035.3,2035.535,2035.185,2035.315,93
1707282300,2035.315,2035.44,2035.18,2035.36,57
1707282600,2035.36,2035.36,2034.8,2034.8,90
1707282900,2034.8,2035.385,2034.74,2035.33,116
1707283200,2035.33,2035.33,2035.055,2035.1,99
1707283500,2035.1,2035.205,2034.905,2035.1,115
1707283800,2035.1,2035.1,2034.585,2034.715,278
1707284100,2034.715,2034.8,2033.91,2034,402
1707284400,2034,2034.505,2033.87,2034.01,234
1707284700,2034.01,2034.505,2033.965,2034.355,328
1707285000,2034.355,2034.435,2034.14,2034.21,162
1707285300,2034.21,2034.21,2033.295,2033.395,330
1707285600,2033.395,2034.35,2033.32,2034.055,382
1707285900,2034.055,2034.105,2033.815,2033.92,325
1707286200,2033.92,2033.94,2033.535,2033.585,343
1707286500,2033.585,2033.59,2033.18,2033.38,398
1707286800,2033.38,2033.825,2032.955,2032.99,159
1707287100,2032.99,2033.18,2032.59,2032.65,275
1707287400,2032.65,2033.06,2032.53,2032.9,311
1707287700,2032.9,2033.11,2032.56,2032.845,236
1707288000,2032.845,2033.075,2032.485,2032.82,363
1707288300,2032.82,2033.285,2032.65,2032.805,380
1707288600,2032.805,2033.385,2032.8,2032.92,441
1707288900,2032.92,2033.765,2032.9,2033.555,264
1707289200,2033.555,2034.19,2033.375,2033.855,414
1707289500,2033.855,2033.86,2033.315,2033.85,386
1707289800,2033.85,2034.345,2033.76,2034.345,448
1707290100,2034.345,2035.51,2034.23,2035.465,453
1707290400,2035.465,2035.675,2034.955,2035.125,449
1707290700,2035.125,2035.885,2035.105,2035.835,325
1707291000,2035.835,2036.05,2035.205,2035.535,270
1707291300,2035.535,2036.23,2035.32,2035.81,179
1707291600,2035.81,2035.9,2035.415,2035.465,343
1707291900,2035.465,2035.475,2034.755,2034.87,339
1707292200,2034.87,2035.39,2034.6,2034.805,195
1707292500,2034.805,2035.255,2034.755,2035.255,436
1707292800,2035.255,2035.365,2034.565,2035.135,663
1707293100,2035.135,2035.23,2034.57,2034.645,430
1707293400,2034.645,2035.08,2033.995,2034.045,337
1707293700,2034.045,2034.37,2033.01,2033.7,526
1707294000,2033.7,2033.83,2033.27,2033.31,334
1707294300,2033.31,2033.365,2032.455,2032.83,231
1707294600,2032.83,2032.94,2032.025,2032.04,404
1707294900,2032.04,2032.5,2031.305,2032.04,478
1707295200,2032.04,2033.09,2031.935,2033.085,302
1707295500,2033.085,2033.855,2033.085,2033.61,463
1707295800,2033.61,2034.22,2033.515,2033.58,432
1707296100,2033.58,2033.74,2032.74,2032.95,277
1707296400,2032.95,2033.515,2032.755,2033.495,266
1707296700,2033.495,2033.615,2032.89,2033.06,296
1707297000,2033.06,2033.3,2032.78,2033.18,254
1707297300,2033.18,2033.27,2032.465,2032.465,516
1707297600,2032.465,2033.315,2032.45,2033.12,467
1707297900,2033.12,2034.12,2032.975,2034.115,303
1707298200,2034.115,2034.99,2034.02,2034.805,423
1707298500,2034.805,2034.81,2034.085,2034.085,234
1707298800,2034.085,2034.69,2033.99,2034.655,303
1707299100,2034.655,2035.02,2034.38,2034.48,398
1707299400,2034.48,2035.04,2034.37,2034.915,422
1707299700,2034.915,2035.005,2034.205,2034.415,260
1707300000,2034.415,2034.455,2033.74,2033.745,162
1707300300,2033.745,2033.84,2033.215,2033.47,341
1707300600,2033.47,2033.95,2033.23,2033.64,266
1707300900,2033.64,2034.15,2033.43,2033.89,106
1707301200,2033.89,2033.89,2033.17,2033.3,97
1707301500,2033.3,2033.535,2033.05,2033.31,254
1707301800,2033.31,2033.55,2033.09,2033.42,242
1707302100,2033.42,2033.63,2033.31,2033.31,85
1707302400,2033.31,2033.43,2032.94,2033.34,216
1707302700,2033.34,2033.65,2032.965,2033.125,261
1707303000,2033.125,2033.235,2032.73,2032.97,364
1707303300,2032.97,2033.325,2032.9,2033.29,356
1707303600,2033.29,2033.56,2032.79,2033.17,281
1707303900,2033.17,2033.56,2032.955,2033.305,407
1707304200,2033.305,2033.82,2033.13,2033.755,357
1707304500,2033.755,2034.58,2033.75,2034.19,348
1707304800,2034.19,2035.16,2034.185,2034.95,433
1707305100,2034.95,2035.41,2034.85,2035.04,354
1707305400,2035.04,2035.585,2034.93,2035.54,357
1707305700,2035.54,2035.84,2034.835,2035.11,268
1707306000,2035.11,2035.18,2033.995,2034.13,413
1707306300,2034.13,2034.27,2033.96,2034.175,309
1707306600,2034.175,2034.185,2033.45,2033.645,357
1707306900,2033.645,2034.335,2033.44,2034.21,307
1707307200,2034.21,2034.325,2033.04,2033.1,412
1707307500,2033.1,2033.91,2033.045,2033.635,496
1707307800,2033.635,2033.75,2032.34,2032.55,245
1707308100,2032.55,2033.02,2032.365,2032.695,475
1707308400,2032.695,2032.71,2031.955,2032.1,278
1707308700,2032.1,2032.315,2031.55,2031.87,234
1707309000,2031.87,2031.87,2031.015,2031.14,275
1707309300,2031.14,2032.21,2030.645,2032.2,312
1707309600,2032.2,2033.63,2032.2,2033.63,365
1707309900,2033.63,2033.88,2032.845,2033.08,255
1707310200,2033.08,2033.95,2032.87,2033.84,136
1707310500,2033.84,2033.99,2033.44,2033.54,216
1707310800,2033.54,2033.75,2032.51,2033.1,478
1707311100,2033.1,2033.42,2032.49,2032.98,281
1707311400,2032.98,2033.18,2032.42,2032.73,390
1707311700,2032.73,2033.195,2032.545,2032.945,541
1707312000,2032.945,2035.215,2032.945,2034.92,936
1707312300,2034.92,2035.205,2033.69,2034.77,816
1707312600,2034.77,2035.33,2034.325,2034.86,828
1707312900,2034.86,2036.655,2034.795,2036.015,961
1707313200,2036.015,2036.47,2035.725,2036.065,737
1707313500,2036.065,2036.34,2034.18,2034.24,685
1707313800,2034.24,2036.125,2034.145,2035.81,678
1707314100,2035.81,2036.265,2035.57,2036.21,646
1707314400,2036.21,2037.295,2035.735,2037.075,942
1707314700,2037.075,2038.11,2035.85,2036.2,983
1707315000,2036.2,2036.765,2035.545,2036.26,455
1707315300,2036.26,2037.545,2035.79,2036.96,732
1707315600,2036.96,2037.035,2034.925,2034.945,849
1707315900,2034.945,2035.365,2034.495,2034.59,623
1707316200,2034.59,2034.845,2032.735,2033.975,1304
1707316500,2033.975,2036.96,2032.96,2036.795,1186
1707316800,2036.795,2041.88,2036.17,2040.38,2062
1707317100,2040.38,2044.655,2040.185,2044.24,2112
1707317400,2044.24,2044.63,2041.805,2042.185,1923
1707317700,2042.185,2043.015,2041.305,2042.53,1231
1707318000,2042.53,2043.335,2039.855,2040.01,1322
1707318300,2040.01,2040.54,2039.28,2039.615,1270
1707318600,2039.615,2040.345,2039.13,2039.78,1123
1707318900,2039.78,2039.815,2035.48,2035.915,1522
1707319200,2035.915,2038.58,2035.73,2038.005,1230
1707319500,2038.005,2039.645,2037.895,2039.025,1106
1707319800,2039.025,2041.29,2038.52,2039.745,1173
1707320100,2039.745,2040.47,2037.41,2040.47,1723
1707320400,2040.47,2041.015,2040.005,2040.665,1120
1707320700,2040.665,2041.095,2039.53,2040.215,919
1707321000,2040.215,2040.215,2038.775,2039.85,948
1707321300,2039.85,2040.03,2038.285,2038.41,832
1707321600,2038.41,2039.3,2037.975,2039.075,896
1707321900,2039.075,2040.255,2038.96,2039.6,898
1707322200,2039.6,2040.97,2039.425,2040.93,909
1707322500,2040.93,2040.98,2039.82,2040.29,745
1707322800,2040.29,2040.38,2039.105,2039.485,634
1707323100,2039.485,2039.97,2039.27,2039.555,526
1707323400,2039.555,2039.955,2038.775,2039.27,609
1707323700,2039.27,2039.585,2038.81,2039.3,660
1707324000,2039.3,2039.61,2037.66,2038.17,572
1707324300,2038.17,2038.855,2038.01,2038.585,614
1707324600,2038.585,2039.59,2038.475,2039.16,537
1707324900,2039.16,2039.535,2038.455,2038.455,589
1707325200,2038.455,2038.51,2037.53,2037.715,630
1707325500,2037.715,2037.75,2036.435,2036.555,548
1707325800,2036.555,2036.555,2035.205,2035.69,715
1707326100,2035.69,2036.725,2035.585,2036.42,440
1707326400,2036.42,2036.92,2036.125,2036.17,299
1707326700,2036.17,2036.53,2034.505,2034.54,516
1707327000,2034.54,2035.055,2034.12,2034.92,735
1707327300,2034.92,2035.85,2034.555,2035.6,645
1707327600,2035.6,2036.245,2035.435,2035.62,468
1707327900,2035.62,2035.775,2034.93,2035.32,585
1707328200,2035.32,2036.01,2035.285,2035.6,570
1707328500,2035.6,2035.82,2035.425,2035.685,589
1707328800,2035.685,2037.33,2034.835,2034.855,1214
1707329100,2034.855,2036.415,2034.855,2036.39,893
1707329400,2036.39,2036.73,2036.035,2036.7,738
1707329700,2036.7,2036.785,2035.865,2036.11,652
1707330000,2036.11,2036.46,2035.19,2035.6,611
1707330300,2035.6,2036.63,2035.345,2035.445,711
1707330600,2035.445,2036.47,2035.16,2035.4,788
1707330900,2035.4,2035.47,2035.04,2035.415,482
1707331200,2035.415,2035.415,2034.365,2034.57,363
1707331500,2034.57,2035.075,2034.06,2035.02,419
1707331800,2035.02,2035.235,2034.865,2034.985,420
1707332100,2034.985,2035.195,2034.84,2034.89,380
1707332400,2034.89,2034.935,2034.24,2034.74,356
1707332700,2034.74,2035.265,2034.74,2034.91,505
1707333000,2034.91,2035.355,2034.885,2035.35,299
1707333300,2035.35,2035.725,2035.185,2035.22,388
1707333600,2035.22,2035.685,2035.11,2035.53,298
1707333900,2035.53,2035.765,2035.425,2035.62,339
1707334200,2035.62,2035.865,2035.27,2035.525,218
1707334500,2035.525,2035.525,2035.11,2035.315,165
1707334800,2035.315,2035.695,2035.305,2035.31,153
1707335100,2035.31,2035.56,2035.02,2035.56,120
1707335400,2035.56,2035.815,2035.395,2035.46,282
1707335700,2035.46,2035.725,2035.28,2035.64,405
1707336000,2035.64,2035.65,2035.17,2035.435,322
1707336300,2035.435,2035.48,2035.01,2035.06,263
1707336600,2035.06,2035.105,2034.495,2034.72,341
1707336900,2034.72,2035.805,2034.72,2035.455,257
1707337200,2035.455,2035.905,2035.38,2035.84,231
1707337500,2035.84,2035.875,2035.325,2035.345,296
1707337800,2035.345,2035.56,2034.83,2035.105,381
1707338100,2035.105,2035.595,2034.745,2035.385,331
1707338400,2035.385,2035.5,2035.285,2035.475,97
1707338700,2035.475,2035.475,2034.905,2035,66
1707339000,2035,2035.435,2034.76,2034.82,237
1707339300,2034.82,2035.15,2034.45,2034.78,317
1707339600,2034.78,2034.925,2034.54,2034.545,167
1707339900,2034.545,2034.635,2034.45,2034.535,111
1707340200,2034.535,2034.725,2034.39,2034.45,106
1707340500,2034.45,2034.575,2033.92,2033.93,131
1707340800,2033.93,2034.125,2033.88,2034.045,202
1707341100,2034.045,2034.045,2033.79,2033.885,89
1707341400,2033.885,2034.095,2033.76,2033.865,287
1707341700,2033.865,2034.015,2033.815,2033.88,116
1707342000,2033.88,2034.79,2033.825,2034.72,197
1707342300,2034.72,2034.755,2034.36,2034.5,226
1707342600,2034.5,2035.01,2034.5,2035.01,71
1707342900,2035.01,2035.015,2034.8,2035,70
1707346800,2035,2035.935,2035,2035.52,29
1707347100,2035.52,2036.13,2035.52,2036.08,110
1707347400,2036.08,2036.48,2035.81,2036.14,92
1707347700,2036.14,2036.375,2036.08,2036.15,128
1707348000,2036.15,2036.28,2036.015,2036.015,56
1707348300,2036.015,2036.385,2035.87,2036.285,89
1707348600,2036.285,2036.385,2035.77,2036.38,129
1707348900,2036.38,2036.5,2036.18,2036.225,82
1707349200,2036.225,2036.28,2036.045,2036.235,65
1707349500,2036.235,2036.645,2036.2,2036.295,82
1707349800,2036.295,2036.435,2036.2,2036.3,66
1707350100,2036.3,2036.635,2036.3,2036.535,91
1707350400,2036.535,2037.415,2036.41,2037.415,227
1707350700,2037.415,2037.42,2036.62,2036.685,200
1707351000,2036.685,2036.88,2036.57,2036.84,194
1707351300,2036.84,2037.465,2036.84,2037.295,116
1707351600,2037.295,2037.81,2037.295,2037.36,96
1707351900,2037.36,2037.56,2037.155,2037.205,194
1707352200,2037.205,2037.65,2037.15,2037.58,153
1707352500,2037.58,2037.705,2037.07,2037.16,104
1707352800,2037.16,2037.645,2036.96,2037.59,164
1707353100,2037.59,2037.81,2037.42,2037.615,103
1707353400,2037.615,2037.635,2037.025,2037.11,185
1707353700,2037.11,2037.405,2037.045,2037.345,147
1707354000,2037.345,2038.055,2037.335,2037.775,272
1707354300,2037.775,2038.185,2037.62,2037.97,250
1707354600,2037.97,2038.155,2037.69,2037.81,188
1707354900,2037.81,2038.025,2037.435,2037.575,248
1707355200,2037.575,2037.76,2037.2,2037.66,288
1707355500,2037.66,2037.79,2037.325,2037.585,310
1707355800,2037.585,2038.125,2036.84,2036.93,426
1707356100,2036.93,2037.525,2036.93,2037.22,452
1707356400,2037.22,2037.61,2036.76,2037.48,276
1707356700,2037.48,2037.755,2037.27,2037.41,289
1707357000,2037.41,2038.2,2037.41,2037.855,385
1707357300,2037.855,2037.89,2036.98,2037.305,444
1707357600,2037.305,2037.915,2037.185,2037.64,545
1707357900,2037.64,2038.485,2037.64,2038.275,295
1707358200,2038.275,2038.785,2038.06,2038.56,341
1707358500,2038.56,2038.56,2037.825,2037.825,235
1707358800,2037.825,2037.825,2037.085,2037.1,213
1707359100,2037.1,2037.13,2036.605,2036.94,215
1707359400,2036.94,2037.15,2036.575,2036.69,539
1707359700,2036.69,2037.035,2036.25,2037,338
1707360000,2037,2037.02,2036.53,2036.615,210
1707360300,2036.615,2036.885,2036.28,2036.46,239
1707360600,2036.46,2036.635,2036.185,2036.19,241
1707360900,2036.19,2036.475,2035.87,2036.195,210
1707361200,2036.195,2036.615,2036.11,2036.31,249
1707361500,2036.31,2036.575,2036.31,2036.49,114
1707361800,2036.49,2036.52,2035.645,2035.715,230
1707362100,2035.715,2035.72,2035.075,2035.31,306
1707362400,2035.31,2035.33,2034.605,2034.7,242
1707362700,2034.7,2034.705,2034.025,2034.295,341
1707363000,2034.295,2034.33,2033.82,2034.21,211
1707363300,2034.21,2034.21,2033.315,2033.52,234
1707363600,2033.52,2033.73,2033.16,2033.22,216
1707363900,2033.22,2033.305,2032.6,2033.01,157
1707364200,2033.01,2033.43,2032.89,2032.94,78
1707364500,2032.94,2032.945,2031.83,2032.855,416
1707364800,2032.855,2033.06,2032.75,2032.85,123
1707365100,2032.85,2033.275,2032.615,2033.16,153
1707365400,2033.16,2033.575,2032.92,2033.36,159
1707365700,2033.36,2033.625,2033.285,2033.515,274
1707366000,2033.515,2034.11,2033.485,2034.03,163
1707366300,2034.03,2034.06,2033.515,2033.555,126
1707366600,2033.555,2033.62,2032.93,2033.085,261
1707366900,2033.085,2033.26,2032.99,2033.165,121
1707367200,2033.165,2033.165,2032.59,2032.89,254
1707367500,2032.89,2032.89,2032.255,2032.425,159
1707367800,2032.425,2032.54,2031.915,2032.055,275
1707368100,2032.055,2032.53,2031.735,2032.275,239
1707368400,2032.275,2032.275,2031.22,2031.83,331
1707368700,2031.83,2032.21,2031.485,2032.035,224
1707369000,2032.035,2032.595,2032.01,2032.47,292
1707369300,2032.47,2032.67,2032.165,2032.3,361
1707369600,2032.3,2032.675,2032.18,2032.185,190
1707369900,2032.185,2032.795,2032.185,2032.51,359
1707370200,2032.51,2032.975,2032.235,2032.7,464
1707370500,2032.7,2032.895,2032.46,2032.8,344
1707370800,2032.8,2033.415,2032.8,2033.16,490
1707371100,2033.16,2033.165,2032.42,2032.435,410
1707371400,2032.435,2032.58,2032.12,2032.575,322
1707371700,2032.575,2033.865,2032.575,2033.585,447
1707372000,2033.585,2033.755,2032.7,2032.79,349
1707372300,2032.79,2033.165,2032.605,2033.05,230
1707372600,2033.05,2033.05,2032.395,2032.505,280
1707372900,2032.505,2033,2032.375,2032.595,212
1707373200,2032.595,2033.42,2032.555,2033.145,379
1707373500,2033.145,2033.495,2032.775,2033.435,169
1707373800,2033.435,2033.5,2032.85,2032.925,219
1707374100,2032.925,2033.16,2032.77,2032.985,73
1707374400,2032.985,2033.48,2032.865,2033.28,178
1707374700,2033.28,2034.3,2033.215,2033.815,363
1707375000,2033.815,2034.29,2033.51,2033.975,216
1707375300,2033.975,2033.975,2033.26,2033.36,116
1707375600,2033.36,2033.59,2032.78,2033.415,672
1707375900,2033.415,2033.415,2032.725,2033.145,430
1707376200,2033.145,2034.19,2032.955,2034.12,505
1707376500,2034.12,2034.585,2033.75,2034.58,424
1707376800,2034.58,2035.195,2034.28,2034.47,538
1707377100,2034.47,2034.525,2033.79,2033.835,375
1707377400,2033.835,2033.835,2032.9,2033.115,420
1707377700,2033.115,2033.765,2033.05,2033.225,372
1707378000,2033.225,2033.23,2032.39,2032.595,425
1707378300,2032.595,2032.6,2031.67,2032.505,482
1707378600,2032.505,2032.57,2031.855,2032,326
1707378900,2032,2033.18,2032,2032.925,373
1707379200,2032.925,2033.415,2032.555,2032.6,634
1707379500,2032.6,2032.71,2031.725,2032.115,498
1707379800,2032.115,2032.805,2032.08,2032.245,503
1707380100,2032.245,2032.275,2031.065,2031.53,515
1707380400,2031.53,2031.835,2031.105,2031.53,470
1707380700,2031.53,2031.635,2030.45,2030.46,455
1707381000,2030.46,2030.47,2029.67,2030.08,623
1707381300,2030.08,2030.115,2029.325,2029.64,523
1707381600,2029.64,2029.77,2028.985,2029.42,451
1707381900,2029.42,2030.255,2029.31,2030.105,415
1707382200,2030.105,2031.065,2030.105,2031.045,437
1707382500,2031.045,2031.44,2030.815,2030.92,195
1707382800,2030.92,2031.74,2030.68,2030.97,319
1707383100,2030.97,2031.49,2030.92,2031.085,392
1707383400,2031.085,2031.53,2031.01,2031.21,277
1707383700,2031.21,2031.425,2030.84,2031.31,203
1707384000,2031.31,2031.43,2030.63,2030.86,183
1707384300,2030.86,2030.93,2030.105,2030.45,236
1707384600,2030.45,2031.035,2029.855,2030.77,377
1707384900,2030.77,2031.915,2030.64,2031.58,399
1707385200,2031.58,2033.4,2031.58,2033.01,437
1707385500,2033.01,2034.14,2032.88,2033.74,402
1707385800,2033.74,2033.925,2033.155,2033.72,231
1707386100,2033.72,2036.05,2033.72,2035.375,598
1707386400,2035.375,2035.94,2035.24,2035.67,481
1707386700,2035.67,2036.01,2035.525,2035.975,271
1707387000,2035.975,2036.47,2035.32,2035.615,475
1707387300,2035.615,2035.825,2034.8,2035.525,305
1707387600,2035.525,2037.29,2035.48,2036.775,515
1707387900,2036.775,2038.435,2036.775,2038.295,577
1707388200,2038.295,2038.515,2037.125,2037.3,722
1707388500,2037.3,2037.845,2036.925,2037.845,409
1707388800,2037.845,2037.89,2036.71,2036.75,302
1707389100,2036.75,2037.045,2036.095,2036.29,520
1707389400,2036.29,2036.54,2035.905,2035.99,389
1707389700,2035.99,2036.225,2035.565,2036.15,213
1707390000,2036.15,2036.33,2035.78,2035.805,295
1707390300,2035.805,2035.845,2034.2,2034.2,420
1707390600,2034.2,2034.2,2032.43,2033.165,560
1707390900,2033.165,2033.23,2032.375,2032.52,507
1707391200,2032.52,2032.595,2031.645,2032.055,436
1707391500,2032.055,2032.075,2029.955,2029.955,445
1707391800,2029.955,2030.125,2028.135,2029.955,861
1707392100,2029.955,2029.985,2028.54,2029.755,489
1707392400,2029.755,2030.19,2029.005,2030.125,429
1707392700,2030.125,2030.135,2028.175,2029.055,643
1707393000,2029.055,2029.22,2028.31,2028.405,447
1707393300,2028.405,2029.31,2027.94,2029.11,407
1707393600,2029.11,2029.175,2027.77,2027.78,676
1707393900,2027.78,2028.155,2026.42,2028.135,668
1707394200,2028.135,2028.5,2027.36,2028.05,579
1707394500,2028.05,2028.05,2026.945,2027.22,569
1707394800,2027.22,2027.68,2026.765,2027.4,174
1707395100,2027.4,2027.4,2026.46,2026.89,361
1707395400,2026.89,2026.935,2025.725,2025.755,638
1707395700,2025.755,2025.79,2024.025,2024.715,751
1707396000,2024.715,2025.195,2024.175,2024.765,726
1707396300,2024.765,2025.115,2024.35,2024.675,701
1707396600,2024.675,2025.1,2024.23,2024.42,313
1707396900,2024.42,2025.505,2023.77,2025.02,616
1707397200,2025.02,2025.125,2023.25,2023.87,947
1707397500,2023.87,2024.905,2023.72,2024.635,556
1707397800,2024.635,2025.245,2024.525,2025.125,611
1707398100,2025.125,2026.5,2024.945,2025.32,757
1707398400,2025.32,2026.53,2024.655,2026.375,1010
1707398700,2026.375,2026.435,2025.09,2025.635,910
1707399000,2025.635,2025.845,2021.825,2024.305,1872
1707399300,2024.305,2024.8,2023.17,2023.875,1343
1707399600,2023.875,2024.88,2022.4,2022.955,1176
1707399900,2022.955,2023.625,2021.685,2022.005,1115
1707400200,2022.005,2023.41,2021.33,2022.645,1299
1707400500,2022.645,2022.645,2020.955,2021.135,1165
1707400800,2021.135,2022.24,2020.25,2021.81,1331
1707401100,2021.81,2023.505,2021.02,2023.105,1065
1707401400,2023.105,2023.555,2022.535,2023.11,1037
1707401700,2023.11,2024.375,2022.905,2023.72,1066
1707402000,2023.72,2024.65,2023.345,2024.515,801
1707402300,2024.515,2028.84,2024.48,2028.49,1409
1707402600,2028.49,2034.025,2028.465,2031.16,1937
1707402900,2031.16,2032.595,2030.135,2031.26,1617
1707403200,2031.26,2031.35,2028.83,2029.7,1394
1707403500,2029.7,2031.53,2029.455,2030.295,1294
1707403800,2030.295,2030.835,2028.315,2028.765,1259
1707404100,2028.765,2030.595,2027.79,2028.385,920
1707404400,2028.385,2029.685,2027.86,2029.64,1519
1707404700,2029.64,2030.545,2028.73,2029.775,1121
1707405000,2029.775,2029.82,2027.78,2028.415,1096
1707405300,2028.415,2029.4,2027.695,2029.215,858
1707405600,2029.215,2029.335,2028.1,2028.215,642
1707405900,2028.215,2030.845,2028.125,2030.015,945
1707406200,2030.015,2031.215,2029.87,2030.26,1043
1707406500,2030.26,2031.12,2030.125,2030.435,805
1707406800,2030.435,2030.765,2029.285,2030.375,972
1707407100,2030.375,2031.835,2030.225,2031.01,1024
1707407400,2031.01,2032.095,2030.415,2031.945,1109
1707407700,2031.945,2033.24,2031.38,2031.98,953
1707408000,2031.98,2032.27,2030.78,2030.78,885
1707408300,2030.78,2031.32,2030.13,2030.13,747
1707408600,2030.13,2030.955,2029.835,2030.795,542
1707408900,2030.795,2031.045,2030.065,2030.09,566
1707409200,2030.09,2030.955,2029.845,2029.97,548
1707409500,2029.97,2030.1,2029.245,2029.59,764
1707409800,2029.59,2030.26,2028.21,2028.37,674
1707410100,2028.37,2029.66,2027.75,2029.63,519
1707410400,2029.63,2030.42,2029.36,2030.055,650
1707410700,2030.055,2030.295,2029.385,2029.885,318
1707411000,2029.885,2030.665,2029.885,2030.435,305
1707411300,2030.435,2031.995,2030.235,2031.99,500
1707411600,2031.99,2032.195,2030.955,2031.46,795
1707411900,2031.46,2031.61,2030.45,2030.48,385
1707412200,2030.48,2031.305,2030.38,2031.205,551
1707412500,2031.205,2032.005,2031.205,2031.86,328
1707412800,2031.86,2032.205,2031.515,2031.685,510
1707413100,2031.685,2032.2,2031.5,2031.73,386
1707413400,2031.73,2031.88,2031.385,2031.79,260
1707413700,2031.79,2032.67,2031.695,2032.495,265
1707414000,2032.495,2033.2,2032.2,2032.825,324
1707414300,2032.825,2033,2032.3,2032.73,454
1707414600,2032.73,2032.99,2031.645,2032.13,278
1707414900,2032.13,2032.13,2031.48,2031.745,335
1707415200,2031.745,2035.36,2031.18,2034.02,1160
1707415500,2034.02,2034.46,2032.56,2032.73,858
1707415800,2032.73,2033.67,2032.445,2033.49,588
1707416100,2033.49,2033.685,2032.78,2033.1,499
1707416400,2033.1,2034.13,2033.02,2033.77,485
1707416700,2033.77,2034.14,2032.745,2032.89,633
1707417000,2032.89,2033.43,2032.28,2032.65,393
1707417300,2032.65,2032.925,2031.965,2032.06,489
1707417600,2032.06,2032.27,2031.49,2031.675,472
1707417900,2031.675,2032.155,2031.24,2032.155,443
1707418200,2032.155,2032.23,2031.64,2031.74,353
1707418500,2031.74,2032.16,2031.495,2032.16,230
1707418800,2032.16,2032.455,2031.46,2031.6,291
1707419100,2031.6,2032.41,2031.53,2032.41,162
1707419400,2032.41,2032.63,2032.26,2032.525,126
1707419700,2032.525,2033.585,2032.52,2033.37,171
1707420000,2033.37,2033.53,2033.21,2033.225,162
1707420300,2033.225,2033.245,2032.735,2032.735,157
1707420600,2032.735,2033.025,2032.23,2032.445,146
1707420900,2032.445,2032.445,2031.71,2031.83,216
1707421200,2031.83,2032.175,2031.53,2032.08,252
1707421500,2032.08,2032.36,2031.85,2031.95,120
1707421800,2031.95,2032.69,2031.94,2032.68,161
1707422100,2032.68,2032.805,2032.375,2032.67,183
1707422400,2032.67,2033.41,2032.67,2033.1,153
1707422700,2033.1,2033.14,2032.635,2033.075,274
1707423000,2033.075,2033.62,2032.99,2033.31,369
1707423300,2033.31,2033.485,2033.04,2033.075,231
1707423600,2033.075,2033.205,2032.95,2033.165,166
1707423900,2033.165,2033.525,2033.165,2033.2,125
1707424200,2033.2,2033.78,2033.195,2033.44,83
1707424500,2033.44,2033.5,2033.32,2033.48,22
1707424800,2033.48,2033.8,2033.325,2033.38,34
1707425100,2033.38,2033.48,2033.23,2033.37,38
1707425400,2033.37,2033.435,2032.645,2032.9,181
1707425700,2032.9,2033.125,2032.81,2033.065,221
1707426000,2033.065,2033.59,2033.065,2033.39,68
1707426300,2033.39,2033.58,2033.35,2033.415,30
1707426600,2033.415,2033.435,2033.27,2033.385,65
1707426900,2033.385,2033.92,2033.38,2033.92,45
1707427200,2033.92,2034.03,2033.865,2033.905,70
1707427500,2033.905,2034.02,2033.68,2033.795,63
1707427800,2033.795,2034.205,2033.795,2033.95,127
1707428100,2033.95,2034.11,2033.85,2034.01,49
1707428400,2034.01,2034.11,2033.8,2033.8,64
1707428700,2033.8,2033.99,2033.465,2033.505,108
1707429000,2033.505,2034.115,2033.49,2034.11,101
1707429300,2034.11,2034.255,2033.91,2034.21,37
1707433200,2034.21,2035.11,2034.21,2034.975,38
1707433500,2034.975,2034.995,2034.675,2034.75,58
1707433800,2034.75,2034.75,2034.46,2034.655,123
1707434100,2034.655,2034.74,2034.35,2034.405,65
1707434400,2034.405,2034.51,2034.14,2034.18,38
1707434700,2034.18,2034.18,2033.885,2034.06,94
1707435000,2034.06,2034.32,2034.035,2034.09,40
1707435300,2034.09,2034.41,2034.09,2034.345,40
1707435600,2034.345,2034.43,2034.24,2034.3,47
1707435900,2034.3,2034.3,2033.955,2034.07,115
1707436200,2034.07,2034.205,2034.005,2034.005,36
1707436500,2034.005,2034.515,2034.005,2034.32,34
1707436800,2034.32,2034.5,2033.73,2033.74,129
1707437100,2033.74,2034.19,2033.735,2034.04,161
1707437400,2034.04,2034.065,2033.82,2033.92,78
1707437700,2033.92,2034.375,2033.885,2034.215,96
1707438000,2034.215,2034.41,2034.09,2034.34,43
1707438300,2034.34,2034.4,2033.765,2033.875,81
1707438600,2033.875,2034.055,2033.75,2033.75,127
1707438900,2033.75,2033.91,2033.185,2033.875,226
1707439200,2033.875,2033.875,2032.95,2033.23,332
1707439500,2033.23,2033.495,2033.05,2033.11,280
1707439800,2033.11,2033.23,2032.725,2032.89,118
1707440100,2032.89,2033.035,2031.98,2032.115,186
1707440400,2032.115,2034.435,2032.115,2033.175,777
1707440700,2033.175,2033.55,2033.175,2033.365,329
1707441000,2033.365,2034.25,2033.32,2034.145,185
1707441300,2034.145,2034.53,2033.895,2034.4,109
1707441600,2034.4,2034.805,2034.4,2034.66,277
1707441900,2034.66,2034.86,2034.06,2034.275,242
1707442200,2034.275,2034.305,2033.93,2033.945,185
1707442500,2033.945,2034.48,2033.915,2034.225,133
1707442800,2034.225,2034.495,2034.095,2034.095,132
1707443100,2034.095,2034.59,2034.03,2034.48,117
1707443400,2034.48,2035.09,2034.39,2034.74,348
1707443700,2034.74,2034.75,2034.155,2034.235,227
1707444000,2034.235,2034.875,2034.035,2034.805,196
1707444300,2034.805,2035.055,2034.55,2034.56,230
1707444600,2034.56,2034.56,2034.07,2034.47,243
1707444900,2034.47,2035.045,2034.415,2034.94,178
1707445200,2034.94,2034.94,2034.55,2034.825,103
1707445500,2034.825,2035.175,2034.585,2034.635,178
1707445800,2034.635,2034.905,2034.47,2034.485,170
1707446100,2034.485,2034.895,2034.425,2034.795,154
1707446400,2034.795,2034.795,2034.465,2034.495,105
1707446700,2034.495,2034.55,2034.325,2034.41,95
1707447000,2034.41,2034.7,2034.305,2034.64,125
1707447300,2034.64,2034.745,2034.375,2034.4,109
1707447600,2034.4,2034.565,2034.26,2034.305,160
1707447900,2034.305,2034.765,2034.305,2034.725,194
1707448200,2034.725,2034.73,2034.255,2034.525,97
1707448500,2034.525,2034.665,2034.34,2034.445,141
1707448800,2034.445,2034.595,2034.265,2034.595,101
1707449100,2034.595,2034.815,2034.475,2034.5,100
1707449400,2034.5,2034.5,2034.24,2034.365,115
1707449700,2034.365,2034.63,2034.26,2034.45,140
1707450000,2034.45,2034.49,2034.205,2034.33,151
1707450300,2034.33,2034.425,2033.57,2033.57,139
1707450600,2033.57,2033.595,2033.16,2033.185,127
1707450900,2033.185,2033.71,2033.05,2033.615,136
1707451200,2033.615,2033.72,2032.97,2032.985,252
1707451500,2032.985,2032.995,2032.385,2032.49,235
1707451800,2032.49,2032.695,2032.43,2032.65,134
1707452100,2032.65,2033.405,2032.505,2033.365,208
1707452400,2033.365,2033.585,2033.19,2033.245,255
1707452700,2033.245,2033.44,2033.065,2033.37,147
1707453000,2033.37,2033.61,2033.16,2033.605,81
1707453300,2033.605,2033.645,2033.44,2033.5,54
1707453600,2033.5,2033.84,2033.46,2033.73,103
1707453900,2033.73,2033.775,2033.445,2033.52,98
1707454200,2033.52,2033.52,2033.09,2033.165,140
1707454500,2033.165,2033.165,2032.74,2032.81,99
1707454800,2032.81,2033.085,2032.705,2032.98,50
1707455100,2032.98,2033.145,2032.87,2033.03,61
1707455400,2033.03,2033.09,2032.645,2032.745,46
1707455700,2032.745,2032.86,2032.54,2032.61,77
1707456000,2032.61,2032.66,2032.42,2032.66,23
1707456300,2032.66,2032.96,2032.475,2032.96,69
1707456600,2032.96,2034.035,2032.935,2033.835,159
1707456900,2033.835,2033.96,2033.435,2033.435,103
1707457200,2033.435,2033.565,2033.265,2033.285,126
1707457500,2033.285,2033.285,2032.49,2032.5,148
1707457800,2032.5,2033.375,2032.165,2033.11,266
1707458100,2033.11,2033.18,2032.505,2032.925,219
1707458400,2032.925,2033.06,2032.49,2032.51,233
1707458700,2032.51,2032.67,2032.32,2032.53,130
1707459000,2032.53,2033.18,2032.525,2033.17,224
1707459300,2033.17,2033.2,2032.72,2032.79,137
1707459600,2032.79,2033.2,2032.79,2033.165,225
1707459900,2033.165,2033.21,2032.76,2033.195,250
1707460200,2033.195,2033.41,2033.155,2033.365,256
1707460500,2033.365,2033.535,2033.195,2033.375,164
1707460800,2033.375,2033.735,2033.33,2033.72,191
1707461100,2033.72,2034.03,2033.485,2033.84,146
1707461400,2033.84,2034.405,2033.64,2034.405,229
1707461700,2034.405,2034.505,2033.91,2033.915,132
1707462000,2033.915,2034.82,2033.895,2034.59,367
1707462300,2034.59,2035.005,2033.8,2033.87,401
1707462600,2033.87,2033.89,2033.155,2033.36,328
1707462900,2033.36,2034.51,2033.31,2034.145,277
1707463200,2034.145,2034.315,2033.72,2034.07,307
1707463500,2034.07,2034.085,2033.69,2033.895,293
1707463800,2033.895,2034.025,2033.17,2033.175,386
1707464100,2033.175,2033.42,2032.935,2033.09,260
1707464400,2033.09,2033.75,2033.03,2033.705,266
1707464700,2033.705,2033.975,2033.52,2033.89,287
1707465000,2033.89,2034,2033.51,2033.84,262
1707465300,2033.84,2033.845,2033.42,2033.61,347
1707465600,2033.61,2034.17,2032.615,2032.79,672
1707465900,2032.79,2033.2,2032.655,2033.07,685
1707466200,2033.07,2033.08,2031.29,2031.3,753
1707466500,2031.3,2031.59,2030.575,2031.59,611
1707466800,2031.59,2032.77,2031.585,2032.43,478
1707467100,2032.43,2032.875,2032.135,2032.87,351
1707467400,2032.87,2033.285,2032.305,2032.62,466
1707467700,2032.62,2032.855,2031.825,2032.74,476
1707468000,2032.74,2032.74,2032.22,2032.49,519
1707468300,2032.49,2032.49,2031.495,2031.61,570
1707468600,2031.61,2032.605,2031.555,2032.43,242
1707468900,2032.43,2032.68,2032.08,2032.46,355
1707469200,2032.46,2032.605,2031.93,2032.58,486
1707469500,2032.58,2032.795,2031.58,2031.855,368
1707469800,2031.855,2031.895,2031.54,2031.645,418
1707470100,2031.645,2031.735,2031.14,2031.555,500
1707470400,2031.555,2032.21,2031.23,2032.21,413
1707470700,2032.21,2032.62,2032.11,2032.5,317
1707471000,2032.5,2032.715,2032.27,2032.58,271
1707471300,2032.58,2033.65,2032.3,2033.365,315
1707471600,2033.365,2033.365,2032.58,2032.595,313
1707471900,2032.595,2032.595,2031.915,2032.17,331
1707472200,2032.17,2032.505,2032.025,2032.29,298
1707472500,2032.29,2032.395,2031.575,2031.635,308
1707472800,2031.635,2031.845,2031.095,2031.825,196
1707473100,2031.825,2032.3,2031.48,2032.18,214
1707473400,2032.18,2032.185,2031.45,2031.455,285
1707473700,2031.455,2031.91,2031.08,2031.795,310
1707474000,2031.795,2032.965,2031.795,2032.83,327
1707474300,2032.83,2033.19,2032.475,2033.095,379
1707474600,2033.095,2033.1,2031.69,2031.99,264
1707474900,2031.99,2032.15,2031.865,2031.95,325
1707475200,2031.95,2032.305,2031.82,2032,346
1707475500,2032,2032.42,2031.865,2032.41,329
1707475800,2032.41,2032.52,2032.145,2032.4,335
1707476100,2032.4,2032.905,2032.355,2032.805,314
1707476400,2032.805,2033.02,2032.45,2032.87,298
1707476700,2032.87,2032.895,2032.265,2032.485,340
1707477000,2032.485,2033.035,2032.32,2032.77,315
1707477300,2032.77,2033.305,2032.77,2032.995,173
1707477600,2032.995,2033.24,2032.9,2033.11,236
1707477900,2033.11,2033.565,2032.725,2032.925,348
1707478200,2032.925,2033.555,2032.835,2032.93,430
1707478500,2032.93,2033.125,2032.235,2032.61,381
1707478800,2032.61,2032.61,2032.195,2032.265,313
1707479100,2032.265,2032.54,2032.11,2032.2,314
1707479400,2032.2,2032.3,2031.525,2031.96,166
1707479700,2031.96,2032.18,2031.57,2031.575,357
1707480000,2031.575,2032.175,2031.49,2031.84,460
1707480300,2031.84,2032.005,2031.48,2031.87,364
1707480600,2031.87,2032.21,2031.705,2031.875,379
1707480900,2031.875,2031.905,2030.845,2031.08,376
1707481200,2031.08,2032.035,2031.01,2031.59,392
1707481500,2031.59,2031.75,2030.845,2031.085,469
1707481800,2031.085,2031.34,2030.05,2030.585,519
1707482100,2030.585,2030.625,2029.805,2030.195,525
1707482400,2030.195,2030.325,2029.635,2030.21,500
1707482700,2030.21,2030.21,2029.685,2029.865,405
1707483000,2029.865,2030.015,2029.065,2029.54,535
1707483300,2029.54,2029.58,2028.615,2028.86,495
1707483600,2028.86,2028.925,2026.685,2027.025,765
1707483900,2027.025,2027.355,2026.175,2027.02,788
1707484200,2027.02,2027.23,2026.41,2026.54,572
1707484500,2026.54,2026.725,2025.64,2026.705,563
1707484800,2026.705,2027.315,2026.04,2027.155,863
1707485100,2027.155,2027.53,2026.67,2027.115,799
1707485400,2027.115,2037.25,2025.985,2032.455,3003
1707485700,2032.455,2032.96,2029.29,2030.73,2549
1707486000,2030.73,2030.87,2027.165,2029.3,2140
1707486300,2029.3,2029.865,2027.65,2028.55,1974
1707486600,2028.55,2028.66,2026.695,2027.75,1757
1707486900,2027.75,2028.555,2027.135,2027.14,1607
1707487200,2027.14,2027.2,2025.375,2025.945,1807
1707487500,2025.945,2028.755,2025.855,2028.225,1788
1707487800,2028.225,2030.715,2028.17,2029.64,1376
1707488100,2029.64,2029.64,2027.77,2028.25,1194
1707488400,2028.25,2028.325,2024.63,2024.77,1726
1707488700,2024.77,2025.545,2024.36,2024.945,1782
1707489000,2024.945,2024.97,2023.45,2023.74,1986
1707489300,2023.74,2025.805,2023.65,2024.91,1798
1707489600,2024.91,2026.42,2024.575,2025.19,1500
1707489900,2025.19,2025.37,2023.145,2023.955,1421
1707490200,2023.955,2025.365,2023.645,2025.05,1199
1707490500,2025.05,2025.68,2024.47,2025.325,1174
1707490800,2025.325,2025.325,2022.975,2023.76,1159
1707491100,2023.76,2026.535,2023.76,2026.4,1205
1707491400,2026.4,2027.275,2025.72,2025.73,975
1707491700,2025.73,2026.105,2024.17,2024.27,983
1707492000,2024.27,2024.715,2022.715,2022.97,1066
1707492300,2022.97,2024.005,2022.395,2023.515,872
1707492600,2023.515,2024.19,2023.165,2024.035,893
1707492900,2024.035,2024.995,2023.46,2024.885,759
1707493200,2024.885,2025.2,2022.945,2023.615,893
1707493500,2023.615,2023.645,2022.08,2022.755,826
1707493800,2022.755,2023.125,2021.92,2022.415,815
1707494100,2022.415,2023.065,2021.935,2022.5,895
1707494400,2022.5,2022.59,2020.515,2021.47,960
1707494700,2021.47,2021.495,2020.35,2021.155,1047
1707495000,2021.155,2021.47,2020.73,2021.3,790
1707495300,2021.3,2023.41,2021.245,2023.29,879
1707495600,2023.29,2023.955,2022.375,2022.475,860
1707495900,2022.475,2022.58,2021.555,2022.19,613
1707496200,2022.19,2022.25,2021.035,2021.69,464
1707496500,2021.69,2021.77,2020.85,2021.145,620
1707496800,2021.145,2021.7,2020.49,2020.755,641
1707497100,2020.755,2022.145,2020.68,2021.665,588
1707497400,2021.665,2022.08,2020.605,2020.67,472
1707497700,2020.67,2021.73,2020.67,2021.665,389
1707498000,2021.665,2021.875,2021.325,2021.69,426
1707498300,2021.69,2023.05,2021.545,2022.495,541
1707498600,2022.495,2023.715,2022.39,2023.435,347
1707498900,2023.435,2023.63,2022.875,2023.075,565
1707499200,2023.075,2023.11,2021.51,2021.72,367
1707499500,2021.72,2022.295,2021.675,2022.175,445
1707499800,2022.175,2023.195,2022.17,2023.145,488
1707500100,2023.145,2023.605,2022.62,2023.585,404
1707500400,2023.585,2024.255,2023.555,2023.85,446
1707500700,2023.85,2024.265,2023.73,2024.025,374
1707501000,2024.025,2024.175,2023.545,2024.135,274
1707501300,2024.135,2024.85,2023.985,2024.72,315
1707501600,2024.72,2025.9,2024.63,2025.89,415
1707501900,2025.89,2026.4,2025.39,2025.97,375
1707502200,2025.97,2026.255,2024.965,2025.12,272
1707502500,2025.12,2025.565,2024.75,2025.19,215
1707502800,2025.19,2025.59,2024.775,2024.775,345
1707503100,2024.775,2025.075,2024.18,2024.34,171
1707503400,2024.34,2024.58,2023.87,2024.385,146
1707503700,2024.385,2024.495,2023.425,2023.485,543
1707504000,2023.485,2023.5,2022.945,2023.045,548
1707504300,2023.045,2023.525,2022.865,2023.365,461
1707504600,2023.365,2024.305,2023.3,2024.025,267
1707504900,2024.025,2024.15,2023.54,2023.73,226
1707505200,2023.73,2023.77,2023.4,2023.715,108
1707505500,2023.715,2025.045,2023.705,2025.02,114
1707505800,2025.02,2025.745,2024.8,2025.74,614
1707506100,2025.74,2026.185,2024.905,2024.92,135
1707506400,2024.92,2025.27,2024.7,2024.96,76
1707506700,2024.96,2025.355,2024.865,2025.17,65
1707507000,2025.17,2025.38,2024.85,2025.38,117
1707507300,2025.38,2025.39,2024.96,2025.2,109
1707507600,2025.2,2025.2,2024.88,2025.085,81
1707507900,2025.085,2025.155,2024.565,2024.75,169
1707508200,2024.75,2024.925,2024.615,2024.72,301
1707508500,2024.72,2024.92,2024.365,2024.81,245
1707508800,2024.81,2024.81,2023.96,2023.96,404
1707509100,2023.96,2024.61,2023.96,2024.435,209
1707509400,2024.435,2025.48,2024.435,2025.365,230
1707509700,2025.365,2026.22,2025.355,2025.98,356
1707510000,2025.98,2026.34,2025.88,2026.23,273
1707510300,2026.23,2026.32,2025.87,2026.18,264
1707510600,2026.18,2026.18,2025.49,2025.49,284
1707510900,2025.49,2025.49,2024.865,2025,360
1707511200,2025,2025.36,2024.58,2024.695,347
1707511500,2024.695,2024.915,2024.595,2024.915,253
1707511800,2024.915,2025.145,2024.685,2024.82,274
1707512100,2024.82,2025.375,2024.79,2025.19,483
1707512400,2025.19,2025.445,2025.025,2025.28,341
1707512700,2025.28,2025.47,2025.02,2025.225,186
1707513000,2025.225,2025.52,2025.09,2025.515,140
1707513300,2025.515,2025.675,2025.41,2025.545,153
1707513600,2025.545,2025.645,2025.265,2025.48,118
1707513900,2025.48,2025.505,2025.29,2025.445,125
1707514200,2025.445,2025.53,2025.155,2025.155,62
1707514500,2025.155,2025.155,2024.74,2024.85,77
1707514800,2024.85,2024.91,2024.295,2024.515,114
1707515100,2024.515,2024.6,2024.195,2024.565,190
1707515400,2024.565,2024.735,2024.095,2024.12,256
1707515700,2024.12,2024.5,2024.065,2024.36,107
1707692400,2024.36,2026.8,2024.36,2026.795,2
1707692700,2026.795,2026.805,2026.225,2026.23,165
1707693000,2026.23,2026.245,2025.145,2025.15,155
1707693300,2025.15,2025.81,2025.15,2025.81,142
1707693600,2025.81,2025.81,2025.21,2025.31,143
1707693900,2025.31,2025.77,2025.31,2025.575,135
1707694200,2025.575,2025.575,2024.84,2024.865,168
1707694500,2024.865,2024.98,2024.73,2024.98,145
1707694800,2024.98,2025.03,2024.44,2024.62,114
1707695100,2024.62,2025.09,2024.62,2025.09,179
1707695400,2025.09,2025.955,2025.05,2025.82,39
1707695700,2025.82,2025.82,2025.225,2025.495,52
1707696000,2025.495,2026.01,2025.315,2025.83,101
1707696300,2025.83,2025.98,2025.4,2025.59,89
1707696600,2025.59,2025.63,2025.425,2025.53,56
1707696900,2025.53,2025.565,2025.105,2025.15,74
1707697200,2025.15,2025.62,2025.055,2025.395,54
1707697500,2025.395,2025.4,2025.105,2025.11,41
1707697800,2025.11,2025.53,2025.105,2025.33,47
1707698100,2025.33,2025.545,2025.315,2025.465,28
1707698400,2025.465,2025.475,2025.29,2025.35,30
1707698700,2025.35,2025.35,2025.07,2025.25,43
1707699000,2025.25,2025.34,2025.025,2025.17,88
1707699300,2025.17,2025.4,2025.125,2025.225,188
1707699600,2025.225,2026.68,2025.025,2026.24,455
1707699900,2026.24,2026.24,2025.125,2025.14,272
1707700200,2025.14,2025.25,2024.42,2024.64,108
1707700500,2024.64,2024.89,2024.195,2024.645,157
1707700800,2024.645,2024.645,2023.995,2024.29,183
1707701100,2024.29,2024.595,2023.72,2024.46,168
1707701400,2024.46,2024.94,2024.25,2024.735,209
1707701700,2024.735,2024.735,2024.045,2024.345,132
1707702000,2024.345,2024.59,2024.255,2024.47,49
1707702300,2024.47,2024.47,2023.875,2024.04,39
1707702600,2024.04,2024.145,2023.565,2023.575,84
1707702900,2023.575,2023.975,2023.57,2023.595,160
1707703200,2023.595,2023.83,2023.33,2023.715,104
1707703500,2023.715,2023.755,2023.105,2023.755,127
1707703800,2023.755,2023.97,2023.525,2023.73,202
1707704100,2023.73,2023.915,2023.54,2023.54,121
1707704400,2023.54,2023.6,2022.495,2022.925,160
1707704700,2022.925,2023.045,2022.485,2022.63,228
1707705000,2022.63,2023.09,2022.47,2022.84,152
1707705300,2022.84,2023.195,2022.725,2023.165,133
1707705600,2023.165,2023.165,2022.805,2022.9,140
1707705900,2022.9,2023.135,2022.595,2022.66,183
1707706200,2022.66,2022.92,2022.57,2022.735,130
1707706500,2022.735,2022.735,2022.3,2022.485,136
1707706800,2022.485,2022.745,2022.16,2022.43,116
1707707100,2022.43,2022.595,2022.305,2022.58,39
1707707400,2022.58,2022.745,2022.4,2022.49,58
1707707700,2022.49,2022.625,2022.19,2022.34,180
1707708000,2022.34,2022.345,2021.93,2022.03,195
1707708300,2022.03,2022.555,2022.03,2022.39,207
1707708600,2022.39,2022.55,2022.085,2022.355,208
1707708900,2022.355,2022.615,2022.265,2022.565,189
1707709200,2022.565,2022.71,2022.445,2022.63,179
1707709500,2022.63,2023.075,2022.455,2023.075,188
1707709800,2023.075,2023.125,2022.765,2022.97,141
1707710100,2022.97,2023.13,2022.9,2022.94,73
1707710400,2022.94,2022.94,2022.64,2022.72,182
1707710700,2022.72,2023.105,2022.72,2023.06,134
1707711000,2023.06,2023.975,2023.05,2023.74,125
1707711300,2023.74,2023.895,2023.505,2023.895,205
1707711600,2023.895,2024.22,2023.86,2023.9,87
1707711900,2023.9,2023.9,2023.68,2023.9,24
1707712200,2023.9,2023.9,2023.39,2023.39,52
1707712500,2023.39,2023.675,2023.22,2023.52,32
1707712800,2023.52,2023.655,2023.34,2023.45,22
1707713100,2023.45,2023.51,2023.235,2023.235,21
1707713400,2023.235,2023.235,2022.825,2022.825,20
1707713700,2022.825,2023.22,2022.82,2023.22,21
1707714000,2023.22,2023.535,2023.015,2023.46,159
1707714300,2023.46,2023.58,2023.265,2023.525,123
1707714600,2023.525,2023.585,2023.255,2023.355,91
1707714900,2023.355,2023.75,2023.3,2023.68,135
1707715200,2023.68,2023.79,2023.27,2023.755,139
1707715500,2023.755,2023.79,2023.405,2023.765,126
1707715800,2023.765,2024.035,2023.475,2023.8,170
1707716100,2023.8,2023.865,2023.57,2023.8,39
1707716400,2023.8,2023.8,2023.29,2023.37,29
1707716700,2023.37,2023.77,2023.24,2023.77,58
1707717000,2023.77,2023.97,2023.62,2023.78,32
1707717300,2023.78,2024.11,2023.78,2023.915,38
1707717600,2023.915,2023.915,2023.62,2023.75,52
1707717900,2023.75,2024.115,2023.75,2024.05,173
1707718200,2024.05,2024.265,2024.03,2024.08,188
1707718500,2024.08,2024.165,2023.915,2024.05,174
1707718800,2024.05,2024.205,2023.93,2024.16,194
1707719100,2024.16,2024.505,2024.15,2024.44,132
1707719400,2024.44,2024.82,2023.915,2024.61,170
1707719700,2024.61,2024.64,2024.03,2024.035,66
1707720000,2024.035,2024.12,2023.815,2024.01,177
1707720300,2024.01,2024.28,2023.73,2024.275,184
1707720600,2024.275,2024.31,2023.885,2023.915,148
1707720900,2023.915,2024.55,2023.915,2024.265,76
1707721200,2024.265,2024.515,2023.965,2024.2,312
1707721500,2024.2,2024.35,2023.72,2024.035,204
1707721800,2024.035,2024.205,2023.34,2023.53,192
1707722100,2023.53,2023.62,2023.105,2023.62,118
1707722400,2023.62,2024.74,2023.62,2024.29,237
1707722700,2024.29,2025.03,2024.095,2024.675,457
1707723000,2024.675,2024.88,2024.245,2024.8,230
1707723300,2024.8,2024.855,2023.98,2024.37,176
1707723600,2024.37,2024.575,2024.175,2024.395,264
1707723900,2024.395,2024.8,2024.375,2024.77,218
1707724200,2024.77,2025.635,2024.77,2025.405,361
1707724500,2025.405,2026.485,2025.405,2025.61,646
1707724800,2025.61,2026.06,2025.02,2025.455,629
1707725100,2025.455,2025.985,2025.35,2025.72,491
1707725400,2025.72,2025.91,2025.145,2025.285,531
1707725700,2025.285,2026.465,2025.135,2026.405,377
1707726000,2026.405,2027.125,2026.365,2026.585,512
1707726300,2026.585,2026.88,2026.205,2026.42,567
1707726600,2026.42,2027.325,2026.02,2026.12,470
1707726900,2026.12,2026.305,2025.31,2025.425,497
1707727200,2025.425,2025.67,2025.21,2025.425,312
1707727500,2025.425,2025.425,2024.635,2024.72,310
1707727800,2024.72,2024.79,2024.025,2024.06,494
1707728100,2024.06,2024.205,2023.655,2023.77,346
1707728400,2023.77,2023.92,2023.38,2023.725,377
1707728700,2023.725,2023.775,2022.675,2022.885,332
1707729000,2022.885,2023.625,2022.74,2023.625,276
1707729300,2023.625,2023.625,2022.265,2023.26,675
1707729600,2023.26,2023.265,2022.85,2023.26,234
1707729900,2023.26,2023.34,2022.64,2022.74,362
1707730200,2022.74,2023,2022.49,2022.975,371
1707730500,2022.975,2023.09,2022.27,2022.27,350
1707730800,2022.27,2022.27,2021.5,2021.63,350
1707731100,2021.63,2021.9,2020.91,2021.73,501
1707731400,2021.73,2021.73,2020.49,2020.89,296
1707731700,2020.89,2020.975,2020.445,2020.845,454
1707732000,2020.845,2020.96,2020.295,2020.68,344
1707732300,2020.68,2020.735,2020.205,2020.43,317
1707732600,2020.43,2020.54,2020.195,2020.45,354
1707732900,2020.45,2020.655,2020.18,2020.2,349
1707733200,2020.2,2020.735,2020.065,2020.615,392
1707733500,2020.615,2021.04,2020.43,2020.685,443
1707733800,2020.685,2021.17,2020.23,2020.735,337
1707734100,2020.735,2021.285,2020.545,2020.985,361
1707734400,2020.985,2021.19,2020.62,2020.9,379
1707734700,2020.9,2020.97,2020.495,2020.565,253
1707735000,2020.565,2020.825,2020.39,2020.755,332
1707735300,2020.755,2021.105,2020.675,2021,331
1707735600,2021,2021.435,2020.825,2020.98,309
1707735900,2020.98,2021.135,2020.315,2020.95,286
1707736200,2020.95,2020.975,2020.58,2020.685,184
1707736500,2020.685,2021.04,2020.595,2020.83,245
1707736800,2020.83,2021.82,2020.83,2021.295,238
1707737100,2021.295,2022,2021.255,2021.79,310
1707737400,2021.79,2022.24,2021.755,2022.2,308
1707737700,2022.2,2022.36,2021.865,2022.35,334
1707738000,2022.35,2022.63,2021.83,2021.84,344
1707738300,2021.84,2022.035,2021.195,2021.395,265
1707738600,2021.395,2021.83,2021.23,2021.78,312
1707738900,2021.78,2022.17,2021.505,2021.75,316
1707739200,2021.75,2022.225,2021.505,2021.92,300
1707739500,2021.92,2022.44,2021.63,2022.26,121
1707739800,2022.26,2022.26,2021.945,2022.07,124
1707740100,2022.07,2022.085,2021.605,2022.015,251
1707740400,2022.015,2022.2,2021.805,2022.025,162
1707740700,2022.025,2022.025,2021.56,2021.575,233
1707741000,2021.575,2021.61,2020.94,2021.22,385
1707741300,2021.22,2021.27,2020.69,2021.215,326
1707741600,2021.215,2021.425,2020.735,2020.885,342
1707741900,2020.885,2021.395,2020.615,2021.295,386
1707742200,2021.295,2021.44,2021.07,2021.34,327
1707742500,2021.34,2021.735,2021.24,2021.47,266
1707742800,2021.47,2022.465,2021.07,2022.36,382
1707743100,2022.36,2024.375,2022.345,2024.31,717
1707743400,2024.31,2026.8,2024.17,2026.57,1051
1707743700,2026.57,2027.145,2025.375,2027.135,1040
1707744000,2027.135,2027.665,2023.165,2023.695,1305
1707744300,2023.695,2025.08,2023.355,2023.635,960
1707744600,2023.635,2024.64,2022.4,2024.39,956
1707744900,2024.39,2024.955,2022.635,2023.055,975
1707745200,2023.055,2023.475,2021.74,2022.15,779
1707745500,2022.15,2022.42,2019.71,2020.055,1214
1707745800,2020.055,2020.29,2018.62,2019.86,954
1707746100,2019.86,2020.105,2018.905,2019.13,604
1707746400,2019.13,2020.45,2019.04,2019.725,727
1707746700,2019.725,2020.055,2018.275,2018.73,620
1707747000,2018.73,2020.055,2018.59,2018.925,852
1707747300,2018.925,2018.945,2016.385,2017.185,1065
1707747600,2017.185,2017.185,2014.155,2015.435,1099
1707747900,2015.435,2016.035,2014.32,2014.845,967
1707748200,2014.845,2016.2,2013.285,2014.11,1195
1707748500,2014.11,2017.325,2013.93,2016.85,1352
1707748800,2016.85,2018.195,2016.155,2017.465,1227
1707749100,2017.465,2018.705,2016.23,2016.515,1070
1707749400,2016.515,2017.135,2016.24,2016.645,613
1707749700,2016.645,2016.8,2014.97,2015.015,785
1707750000,2015.015,2016.015,2013.775,2015.615,1238
1707750300,2015.615,2015.84,2014.575,2015.215,892
1707750600,2015.215,2015.22,2013.53,2014.345,882
1707750900,2014.345,2015.465,2013.76,2015.04,738
1707751200,2015.04,2016.95,2014.96,2016.94,747
1707751500,2016.94,2017.045,2014.61,2014.835,551
1707751800,2014.835,2015.4,2014.075,2014.47,716
1707752100,2014.47,2014.955,2013.51,2013.96,678
1707752400,2013.96,2014.605,2013.445,2013.46,830
1707752700,2013.46,2014.165,2013.215,2014.07,517
1707753000,2014.07,2014.345,2012.15,2012.58,760
1707753300,2012.58,2013.645,2012.215,2013.205,605
1707753600,2013.205,2013.285,2011.945,2012.635,523
1707753900,2012.635,2013.98,2012.085,2013.935,903
1707754200,2013.935,2014.32,2013.17,2013.89,773
1707754500,2013.89,2014.985,2013.89,2014.82,657
1707754800,2014.82,2014.955,2014.185,2014.255,436
1707755100,2014.255,2015.225,2014.06,2015.05,542
1707755400,2015.05,2015.85,2015.02,2015.515,564
1707755700,2015.515,2016.465,2015.34,2016.27,619
1707756000,2016.27,2016.295,2015.39,2015.41,509
1707756300,2015.41,2015.76,2015.1,2015.565,370
1707756600,2015.565,2015.975,2014.775,2015.97,481
1707756900,2015.97,2016.075,2015.4,2015.995,432
1707757200,2015.995,2016.485,2015.705,2016.155,510
1707757500,2016.155,2016.72,2016.155,2016.41,195
1707757800,2016.41,2016.45,2015.855,2016.36,383
1707758100,2016.36,2016.775,2015.715,2015.865,573
1707758400,2015.865,2016.85,2015.745,2016.775,488
1707758700,2016.775,2017.92,2016.775,2017.61,535
1707759000,2017.61,2018.53,2017.61,2018.325,659
1707759300,2018.325,2018.435,2017.465,2017.485,654
1707759600,2017.485,2018.285,2017.06,2017.845,453
1707759900,2017.845,2018.1,2017.415,2018.06,576
1707760200,2018.06,2020.29,2018.06,2019.885,685
1707760500,2019.885,2020.25,2019.295,2019.405,584
1707760800,2019.405,2019.995,2018.325,2018.78,662
1707761100,2018.78,2019.52,2018.775,2019.31,382
1707761400,2019.31,2019.395,2018.095,2018.1,516
1707761700,2018.1,2018.95,2017.855,2018.93,270
1707762000,2018.93,2020.31,2018.93,2020.225,567
1707762300,2020.225,2020.375,2019.195,2019.42,757
1707762600,2019.42,2019.97,2018.875,2019.735,467
1707762900,2019.735,2020.805,2019.695,2020.61,488
1707763200,2020.61,2021.255,2020.49,2020.79,351
1707763500,2020.79,2021.42,2020.66,2021.29,337
1707763800,2021.29,2021.565,2021.025,2021.32,390
1707764100,2021.32,2021.61,2021.2,2021.535,403
1707764400,2021.535,2021.575,2021.01,2021.415,347
1707764700,2021.415,2021.59,2021.2,2021.575,315
1707765000,2021.575,2021.6,2020.8,2020.835,203
1707765300,2020.835,2021.055,2020.38,2020.885,470
1707765600,2020.885,2020.915,2020.18,2020.425,401
1707765900,2020.425,2020.425,2018.725,2019.2,324
1707766200,2019.2,2019.32,2018.755,2019.075,109
1707766500,2019.075,2019.215,2018.69,2018.93,116
1707766800,2018.93,2020.33,2018.93,2019.82,365
1707767100,2019.82,2019.845,2019.31,2019.38,422
1707767400,2019.38,2019.445,2018.745,2019.1,506
1707767700,2019.1,2019.355,2018.94,2019.225,384
1707768000,2019.225,2019.79,2018.915,2019.39,438
1707768300,2019.39,2020.025,2019.265,2019.76,295
1707768600,2019.76,2020.005,2019.48,2019.78,300
1707768900,2019.78,2019.875,2019.62,2019.665,292
1707769200,2019.665,2019.775,2019.235,2019.235,311
1707769500,2019.235,2019.63,2019.13,2019.34,343
1707769800,2019.34,2019.495,2019.215,2019.32,362
1707770100,2019.32,2019.79,2019.11,2019.745,388
1707770400,2019.745,2020.02,2019.495,2019.92,357
1707770700,2019.92,2020.475,2019.885,2020.375,214
1707771000,2020.375,2020.585,2019.975,2020.24,339
1707771300,2020.24,2020.415,2020.005,2020.11,367
1707771600,2020.11,2020.53,2020.09,2020.385,241
1707771900,2020.385,2020.585,2020.335,2020.355,98
1707772200,2020.355,2020.37,2020.125,2020.165,125
1707772500,2020.165,2020.47,2020.16,2020.335,158
1707772800,2020.335,2020.34,2019.975,2020.09,126
1707773100,2020.09,2020.16,2019.9,2020.05,92
1707773400,2020.05,2020.18,2019.84,2019.84,90
1707773700,2019.84,2019.875,2019.745,2019.81,112
1707774000,2019.81,2019.96,2019.745,2019.9,130
1707774300,2019.9,2020.14,2019.83,2019.945,92
1707774600,2019.945,2020.2,2019.925,2020.04,45
1707774900,2020.04,2020.1,2019.95,2020.01,64
1707778800,2020.01,2020.01,2019.865,2019.865,1
1707779100,2019.865,2019.865,2019.125,2019.14,100
1707779400,2019.14,2019.165,2018.915,2018.93,101
1707779700,2018.93,2019.09,2018.92,2018.92,64
1707780000,2018.92,2019.185,2018.92,2019.185,37
1707780300,2019.185,2019.255,2019.01,2019.06,24
1707780600,2019.06,2019.16,2018.765,2018.765,71
1707780900,2018.765,2018.83,2018.71,2018.825,57
1707781200,2018.825,2018.975,2018.8,2018.93,27
1707781500,2018.93,2019.18,2018.82,2018.88,37
1707781800,2018.88,2019.045,2018.83,2018.91,36
1707782100,2018.91,2019.11,2018.855,2019.005,69
1707782400,2019.005,2019.41,2018.995,2019.12,185
1707782700,2019.12,2019.175,2018.845,2018.875,174
1707783000,2018.875,2019.145,2018.385,2018.96,239
1707783300,2018.96,2019.64,2018.555,2018.59,118
1707783600,2018.59,2018.68,2018.425,2018.565,43
1707783900,2018.565,2019.155,2018.54,2018.865,328
1707784200,2018.865,2019.275,2018.84,2018.945,147
1707784500,2018.945,2019.175,2018.86,2019.16,33
1707784800,2019.16,2019.185,2018.76,2018.875,64
1707785100,2018.875,2019.395,2018.83,2019.335,62
1707785400,2019.335,2019.42,2019.125,2019.27,174
1707785700,2019.27,2019.585,2019.22,2019.525,79
1707786000,2019.525,2021.275,2019.515,2021.065,444
1707786300,2021.065,2021.185,2020.48,2020.505,181
1707786600,2020.505,2020.655,2020.24,2020.365,178
1707786900,2020.365,2020.375,2019.75,2019.875,130
1707787200,2019.875,2020.18,2019.815,2019.92,209
1707787500,2019.92,2020.03,2019.825,2019.915,144
1707787800,2019.915,2020.735,2019.915,2020.69,154
1707788100,2020.69,2020.84,2020.495,2020.5,82
1707788400,2020.5,2020.77,2020.5,2020.645,41
1707788700,2020.645,2020.705,2020.18,2020.325,101
1707789000,2020.325,2020.375,2019.775,2020.165,222
1707789300,2020.165,2020.495,2020.135,2020.385,234
1707789600,2020.385,2020.435,2019.665,2019.685,98
1707789900,2019.685,2019.725,2019.4,2019.675,76
1707790200,2019.675,2019.82,2019.42,2019.53,66
1707790500,2019.53,2019.63,2019.335,2019.505,70
1707790800,2019.505,2019.54,2019.155,2019.54,90
1707791100,2019.54,2019.62,2019.34,2019.42,35
1707791400,2019.42,2019.725,2019.28,2019.71,67
1707791700,2019.71,2019.865,2019.53,2019.69,72
1707792000,2019.69,2019.85,2019.595,2019.8,52
1707792300,2019.8,2019.85,2019.435,2019.745,47
1707792600,2019.745,2019.745,2019.16,2019.295,122
1707792900,2019.295,2019.33,2018.985,2018.985,135
1707793200,2018.985,2019.165,2018.515,2018.52,169
1707793500,2018.52,2018.805,2017.75,2017.75,173
1707793800,2017.75,2017.94,2017.425,2017.69,163
1707794100,2017.69,2017.79,2017.09,2017.16,94
1707794400,2017.16,2017.32,2016.98,2017.21,64
1707794700,2017.21,2017.695,2017.21,2017.675,182
1707795000,2017.675,2017.705,2017.33,2017.61,281
1707795300,2017.61,2017.995,2017.565,2017.96,139
1707795600,2017.96,2018.61,2017.955,2018.53,156
1707795900,2018.53,2018.8,2018.53,2018.74,119
1707796200,2018.74,2019,2018.655,2018.945,157
1707796500,2018.945,2018.99,2018.665,2018.665,62
1707796800,2018.665,2018.87,2018.465,2018.56,40
1707797100,2018.56,2019.225,2018.56,2019.18,133
1707797400,2019.18,2019.685,2019.115,2019.3,86
1707797700,2019.3,2019.68,2019.3,2019.38,107
1707798000,2019.38,2019.38,2018.98,2019.07,49
1707798300,2019.07,2019.395,2019.07,2019.38,85
1707798600,2019.38,2019.385,2019.12,2019.24,68
1707798900,2019.24,2019.475,2018.985,2019.22,84
1707799200,2019.22,2019.295,2018.95,2019.045,39
1707799500,2019.045,2019.085,2018.945,2018.965,29
1707799800,2018.965,2019.185,2018.78,2018.78,29
1707800100,2018.78,2019.105,2018.68,2019.01,32
1707800400,2019.01,2019.63,2019.01,2019.55,60
1707800700,2019.55,2020.085,2019.36,2020.065,164
1707801000,2020.065,2020.07,2019.675,2020.04,87
1707801300,2020.04,2020.04,2019.62,2019.68,76
1707801600,2019.68,2020.055,2019.54,2019.98,96
1707801900,2019.98,2020.31,2019.83,2020.14,56
1707802200,2020.14,2020.365,2019.915,2020.215,178
1707802500,2020.215,2020.77,2020.125,2020.64,73
1707802800,2020.64,2021,2020.58,2020.79,94
1707803100,2020.79,2021.51,2020.79,2021.31,109
1707803400,2021.31,2021.73,2021.31,2021.38,142
1707803700,2021.38,2021.38,2020.78,2020.835,90
1707804000,2020.835,2021.065,2020.79,2020.9,60
1707804300,2020.9,2021.205,2020.9,2021.2,47
1707804600,2021.2,2021.51,2021.01,2021.465,100
1707804900,2021.465,2021.515,2021.24,2021.4,70
1707805200,2021.4,2022.26,2021.39,2021.905,192
1707805500,2021.905,2022.07,2021.55,2021.68,107
1707805800,2021.68,2022.34,2021.68,2022.03,124
1707806100,2022.03,2022.39,2021.925,2022.37,52
1707806400,2022.37,2022.895,2022.22,2022.705,152
1707806700,2022.705,2023.89,2022.655,2023.54,254
1707807000,2023.54,2023.935,2023.52,2023.81,202
1707807300,2023.81,2024.14,2023.7,2023.735,104
1707807600,2023.735,2024.51,2023.51,2024.33,277
1707807900,2024.33,2024.615,2024.225,2024.45,239
1707808200,2024.45,2024.585,2024.21,2024.33,157
1707808500,2024.33,2024.545,2024.09,2024.345,139
1707808800,2024.345,2024.835,2024.195,2024.395,269
1707809100,2024.395,2024.935,2024.05,2024.675,261
1707809400,2024.675,2024.755,2023.97,2024.38,333
1707809700,2024.38,2024.57,2023.9,2024.39,372
1707810000,2024.39,2024.955,2024.39,2024.735,117
1707810300,2024.735,2025.83,2024.715,2025.73,216
1707810600,2025.73,2025.745,2024.675,2024.93,363
1707810900,2024.93,2025.64,2024.93,2025.285,217
1707811200,2025.285,2025.96,2025.075,2025.78,223
1707811500,2025.78,2025.875,2025.35,2025.47,495
1707811800,2025.47,2025.61,2024.865,2024.94,278
1707812100,2024.94,2025.17,2024.64,2024.72,251
1707812400,2024.72,2025.105,2024.57,2024.81,292
1707812700,2024.81,2025.305,2024.74,2024.9,398
1707813000,2024.9,2025.975,2024.9,2025.78,344
1707813300,2025.78,2026.19,2025.26,2025.595,361
1707813600,2025.595,2025.84,2025.23,2025.23,320
1707813900,2025.23,2026.19,2025.045,2025.85,424
1707814200,2025.85,2026.315,2025.785,2025.87,202
1707814500,2025.87,2026.365,2025.81,2026.205,240
1707814800,2026.205,2026.495,2025.67,2025.875,307
1707815100,2025.875,2025.965,2025.565,2025.635,153
1707815400,2025.635,2025.775,2025.205,2025.265,200
1707815700,2025.265,2025.515,2025.205,2025.26,234
1707816000,2025.26,2025.895,2025.26,2025.885,298
1707816300,2025.885,2026.22,2025.485,2025.55,351
1707816600,2025.55,2026.26,2025.46,2026.035,250
1707816900,2026.035,2026.325,2025.83,2026.16,233
1707817200,2026.16,2026.35,2025.915,2026.26,176
1707817500,2026.26,2026.6,2026.14,2026.495,220
1707817800,2026.495,2026.585,2026.19,2026.445,343
1707818100,2026.445,2026.99,2026.295,2026.755,159
1707818400,2026.755,2027.165,2026.755,2026.79,229
1707818700,2026.79,2026.98,2026.175,2026.75,440
1707819000,2026.75,2026.93,2026.56,2026.745,268
1707819300,2026.745,2027.12,2026.54,2027.06,345
1707819600,2027.06,2027.105,2026.305,2026.31,245
1707819900,2026.31,2026.97,2026.11,2026.74,201
1707820200,2026.74,2026.86,2026.41,2026.745,362
1707820500,2026.745,2027.35,2026.745,2027.18,170
1707820800,2027.18,2027.335,2026.975,2027.1,274
1707821100,2027.1,2028.06,2027.065,2027.26,285
1707821400,2027.26,2027.67,2027.065,2027.065,264
1707821700,2027.065,2027.095,2026.59,2026.635,204
1707822000,2026.635,2026.905,2026.2,2026.7,189
1707822300,2026.7,2027.15,2026.55,2027.09,190
1707822600,2027.09,2027.605,2026.89,2027.285,299
1707822900,2027.285,2028.065,2027.285,2028.065,328
1707823200,2028.065,2028.985,2027.9,2028.98,385
1707823500,2028.98,2029.17,2028.635,2028.92,266
1707823800,2028.92,2028.925,2028.42,2028.645,165
1707824100,2028.645,2029.4,2028.585,2029.02,298
1707824400,2029.02,2029.08,2027.9,2028.315,323
1707824700,2028.315,2028.6,2028.065,2028.255,233
1707825000,2028.255,2028.26,2027.425,2027.745,391
1707825300,2027.745,2027.995,2027.63,2027.705,191
1707825600,2027.705,2028.5,2027.59,2028.07,321
1707825900,2028.07,2028.79,2027.855,2027.86,257
1707826200,2027.86,2028.765,2027.695,2028.635,330
1707826500,2028.635,2028.685,2027.555,2027.89,228
1707826800,2027.89,2028.18,2027.435,2027.7,157
1707827100,2027.7,2028.27,2027.7,2028.01,69
1707827400,2028.01,2028.535,2027.56,2027.8,246
1707827700,2027.8,2027.905,2027.53,2027.74,268
1707828000,2027.74,2028.615,2027.74,2028.485,206
1707828300,2028.485,2028.9,2028.315,2028.675,297
1707828600,2028.675,2029.03,2028.48,2028.63,312
1707828900,2028.63,2028.73,2028.135,2028.31,171
1707829200,2028.31,2028.695,2027.83,2028.495,315
1707829500,2028.495,2028.97,2028.05,2028.255,292
1707829800,2028.255,2028.675,2027.92,2028.565,264
1707830100,2028.565,2029.04,2027.82,2027.94,610
1707830400,2027.94,2029.04,2027.62,2028.715,781
1707830700,2028.715,2029.94,2028.43,2029.725,1038
1707831000,2029.725,2031.588,2014.01,2015.65,3227
1707831300,2015.65,2017.375,2013.86,2015.525,2671
1707831600,2015.525,2015.525,2010.815,2011.665,2311
1707831900,2011.665,2012.665,2006.47,2007.48,2544
1707832200,2007.48,2008.67,2006.105,2006.12,1969
1707832500,2006.12,2006.48,2003.055,2004.465,1944
1707832800,2004.465,2004.49,2001.94,2002.695,1967
1707833100,2002.695,2003.18,2001.2,2002.065,1372
1707833400,2002.065,2002.14,2000.175,2001.63,1387
1707833700,2001.63,2005.98,2001.39,2003.08,1859
1707834000,2003.08,2003.54,2001.14,2001.715,1404
1707834300,2001.715,2004.555,2001.14,2001.42,1391
1707834600,2001.42,2001.42,1995.745,1998.555,2312
1707834900,1998.555,2000.5,1997.565,1997.65,1991
1707835200,1997.65,1998.205,1996.26,1997.6,1903
1707835500,1997.6,1997.67,1995.13,1995.73,1756
1707835800,1995.73,1995.73,1993.635,1993.935,1485
1707836100,1993.935,1996.48,1992.565,1995.785,1342
1707836400,1995.785,1996.095,1992.8,1992.925,1682
1707836700,1992.925,1992.955,1990.155,1991.36,1478
1707837000,1991.36,1992.72,1990.29,1991.1,1504
1707837300,1991.1,1993.85,1990.485,1993.64,1458
1707837600,1993.64,1994.9,1992.22,1993.505,1236
1707837900,1993.505,1995.425,1993.5,1993.835,1420
1707838200,1993.835,1994.245,1991.73,1992.045,1031
1707838500,1992.045,1993.115,1991.62,1992.925,828
1707838800,1992.925,1993.765,1991.445,1991.82,864
1707839100,1991.82,1992.345,1991.03,1991.7,897
1707839400,1991.7,1992.4,1990.855,1991.965,724
1707839700,1991.965,1992.325,1991.535,1992.305,664
1707840000,1992.305,1995.16,1991.985,1995.155,1125
1707840300,1995.155,1996.015,1994.295,1996,770
1707840600,1996,1996.1,1994.25,1994.965,958
1707840900,1994.965,1994.985,1993.21,1993.88,959
1707841200,1993.88,1994.63,1992.9,1994.48,739
1707841500,1994.48,1995.33,1993.465,1994.12,628
1707841800,1994.12,1995.54,1993.95,1995.48,627
1707842100,1995.48,1997.83,1995.25,1997.51,734
1707842400,1997.51,1997.92,1993.925,1994.025,724
1707842700,1994.025,1994.61,1993.24,1994.61,548
1707843000,1994.61,1995,1993.725,1994.865,334
1707843300,1994.865,1995.2,1994.325,1994.975,523
1707843600,1994.975,1995.335,1994.3,1995.255,698
1707843900,1995.255,1995.455,1994.745,1995.455,705
1707844200,1995.455,1996.09,1995.345,1995.505,270
1707844500,1995.505,1995.695,1994.73,1994.865,481
1707844800,1994.865,1994.865,1993.65,1993.655,469
1707845100,1993.655,1993.955,1992.945,1992.945,335
1707845400,1992.945,1993.85,1992.925,1993.66,316
1707845700,1993.66,1994.09,1993.45,1993.85,307
1707846000,1993.85,1994.025,1993.565,1993.965,283
1707846300,1993.965,1994.025,1993.175,1993.83,239
1707846600,1993.83,1994.245,1993.395,1994.155,202
1707846900,1994.155,1994.165,1992.85,1993.75,337
1707847200,1993.75,1994.655,1993.545,1994.425,371
1707847500,1994.425,1995.79,1994.405,1995.745,260
1707847800,1995.745,1995.86,1994.6,1994.675,403
1707848100,1994.675,1995.155,1994.535,1994.805,409
1707848400,1994.805,1994.945,1993.855,1994.055,597
1707848700,1994.055,1994.725,1993.38,1994.665,909
1707849000,1994.665,1995.705,1994.29,1995.4,575
1707849300,1995.4,1995.585,1995.145,1995.345,240
1707849600,1995.345,1995.415,1994.165,1994.24,272
1707849900,1994.24,1994.525,1993.915,1993.94,477
1707850200,1993.94,1994.15,1993.44,1993.57,525
1707850500,1993.57,1993.695,1993.215,1993.575,335
1707850800,1993.575,1993.875,1992.975,1993.29,286
1707851100,1993.29,1993.375,1992.49,1992.525,342
1707851400,1992.525,1993.01,1992.4,1992.78,231
1707851700,1992.78,1993.04,1992.02,1992.38,333
1707852000,1992.38,1993.045,1992.275,1992.43,167
1707852300,1992.43,1992.515,1991.82,1991.91,216
1707852600,1991.91,1992.09,1991.545,1992.085,580
1707852900,1992.085,1992.58,1991.84,1992.57,529
1707853200,1992.57,1992.575,1992.05,1992.425,508
1707853500,1992.425,1992.495,1992,1992.055,659
1707853800,1992.055,1992.385,1991.72,1991.93,145
1707854100,1991.93,1991.93,1991.35,1991.86,133
1707854400,1991.86,1992.33,1991.31,1991.92,282
1707854700,1991.92,1992.48,1991.895,1992.1,274
1707855000,1992.1,1992.9,1991.925,1992.525,414
1707855300,1992.525,1993.07,1992.525,1992.85,317
1707855600,1992.85,1992.945,1992.55,1992.715,223
1707855900,1992.715,1992.93,1992.46,1992.515,306
1707856200,1992.515,1993.22,1992.51,1993.165,158
1707856500,1993.165,1993.35,1992.98,1992.98,127
1707856800,1992.98,1993.39,1992.9,1993.345,200
1707857100,1993.345,1993.74,1992.87,1992.88,314
1707857400,1992.88,1993.25,1992.515,1992.84,206
1707857700,1992.84,1992.935,1992.455,1992.69,243
1707858000,1992.69,1992.82,1992.27,1992.76,146
1707858300,1992.76,1993.035,1992.68,1992.93,82
1707858600,1992.93,1993.015,1992.745,1992.94,71
1707858900,1992.94,1993.47,1992.935,1993.19,68
1707859200,1993.19,1993.375,1993.165,1993.305,131
1707859500,1993.305,1993.305,1992.875,1993.155,199
1707859800,1993.155,1993.695,1993.155,1993.57,283
1707860100,1993.57,1993.585,1992.825,1992.94,293
1707860400,1992.94,1992.965,1992.77,1992.815,234
1707860700,1992.815,1992.835,1992.29,1992.49,192
1707861000,1992.49,1993.19,1992.49,1992.99,116
1707861300,1992.99,1993.24,1992.99,1993.09,109
1707865200,1993.09,1993.09,1992.14,1992.14,5
1707865500,1992.14,1992.815,1992.125,1992.52,95
1707865800,1992.52,1992.775,1992.205,1992.205,128
1707866100,1992.205,1992.23,1991.815,1991.855,108
1707866400,1991.855,1992.055,1991.655,1991.725,38
1707866700,1991.725,1991.87,1991.665,1991.77,46
1707867000,1991.77,1992.06,1991.69,1991.895,84
1707867300,1991.895,1992.085,1991.8,1991.83,89
1707867600,1991.83,1991.925,1991.645,1991.925,107
1707867900,1991.925,1992.2,1991.82,1991.92,124
1707868200,1991.92,1991.955,1990.8,1991.12,197
1707868500,1991.12,1991.69,1991.105,1991.595,202
1707868800,1991.595,1991.595,1990.96,1991.005,185
1707869100,1991.005,1991.51,1990.9,1991.365,227
1707869400,1991.365,1991.51,1991.07,1991.39,225
1707869700,1991.39,1992.125,1991.345,1992.07,271
1707870000,1992.07,1992.54,1992.03,1992.42,166
1707870300,1992.42,1992.925,1992.37,1992.37,128
1707870600,1992.37,1992.91,1992.37,1992.44,75
1707870900,1992.44,1992.925,1992.33,1992.8,83
1707871200,1992.8,1992.995,1992.68,1992.98,101
1707871500,1992.98,1993.15,1992.9,1993.075,132
1707871800,1993.075,1993.11,1992.15,1993.1,200
1707872100,1993.1,1993.3,1992.58,1992.7,177
1707872400,1992.7,1992.755,1991.765,1991.805,265
1707872700,1991.805,1992.18,1991.685,1992.145,234
1707873000,1992.145,1992.27,1990.815,1991.125,193
1707873300,1991.125,1991.125,1988.895,1989.53,656
1707873600,1989.53,1989.86,1989.28,1989.605,272
1707873900,1989.605,1990.66,1989.475,1990.565,318
1707874200,1990.565,1990.955,1990.035,1990.85,174
1707874500,1990.85,1990.985,1990.51,1990.795,128
1707874800,1990.795,1992.45,1990.795,1991.48,308
1707875100,1991.48,1991.645,1991.035,1991.35,280
1707875400,1991.35,1992.8,1991.345,1992.555,377
1707875700,1992.555,1992.94,1992.54,1992.9,300
1707876000,1992.9,1993.27,1992.365,1993.16,390
1707876300,1993.16,1993.485,1992.575,1993.34,243
1707876600,1993.34,1993.645,1992.3,1992.35,346
1707876900,1992.35,1992.51,1991.915,1992.17,144
1707877200,1992.17,1992.425,1991.75,1991.91,89
1707877500,1991.91,1992.11,1991.805,1992.015,119
1707877800,1992.015,1992.38,1991.685,1992.3,182
1707878100,1992.3,1992.33,1991.335,1991.555,149
1707878400,1991.555,1991.765,1991.21,1991.635,184
1707878700,1991.635,1991.815,1991.47,1991.81,252
1707879000,1991.81,1992.095,1991.66,1992.03,203
1707879300,1992.03,1992.345,1991.925,1992.28,213
1707879600,1992.28,1992.4,1992.065,1992.24,272
1707879900,1992.24,1992.27,1991.945,1991.955,220
1707880200,1991.955,1992.07,1991.635,1991.94,95
1707880500,1991.94,1991.95,1991.57,1991.61,212
1707880800,1991.61,1991.94,1991.3,1991.94,164
1707881100,1991.94,1992.45,1991.73,1992.43,174
1707881400,1992.43,1992.455,1991.985,1992.215,70
1707881700,1992.215,1992.58,1992.115,1992.555,91
1707882000,1992.555,1992.7,1992.485,1992.525,86
1707882300,1992.525,1993.125,1992.525,1992.79,132
1707882600,1992.79,1992.845,1992.34,1992.45,139
1707882900,1992.45,1992.53,1992.225,1992.505,92
1707883200,1992.505,1992.875,1992.46,1992.87,222
1707883500,1992.87,1992.95,1992.72,1992.77,204
1707883800,1992.77,1992.925,1992.515,1992.625,203
1707884100,1992.625,1992.675,1992.415,1992.475,151
1707884400,1992.475,1992.61,1992.28,1992.43,99
1707884700,1992.43,1992.58,1992.245,1992.53,108
1707885000,1992.53,1992.605,1992.31,1992.59,106
1707885300,1992.59,1992.79,1992.145,1992.22,161
1707885600,1992.22,1992.615,1992.085,1992.4,93
1707885900,1992.4,1992.94,1992.4,1992.84,140
1707886200,1992.84,1992.91,1992.49,1992.59,158
1707886500,1992.59,1992.64,1992.31,1992.44,130
1707886800,1992.44,1992.64,1992.225,1992.64,94
1707887100,1992.64,1992.82,1992.455,1992.49,75
1707887400,1992.49,1992.66,1992.39,1992.62,112
1707887700,1992.62,1992.82,1992.48,1992.51,137
1707888000,1992.51,1992.67,1992.445,1992.505,194
1707888300,1992.505,1993.125,1992.5,1992.885,153
1707888600,1992.885,1993.01,1992.41,1992.82,179
1707888900,1992.82,1993.41,1992.79,1993.145,116
1707889200,1993.145,1993.255,1992.72,1993.06,134
1707889500,1993.06,1993.2,1992.98,1993.15,69
1707889800,1993.15,1993.36,1992.98,1993.1,110
1707890100,1993.1,1993.1,1992.83,1993.02,235
1707890400,1993.02,1993.025,1992.57,1992.69,148
1707890700,1992.69,1992.83,1992.4,1992.575,68
1707891000,1992.575,1992.575,1991.85,1992.2,272
1707891300,1992.2,1992.525,1992.16,1992.24,73
1707891600,1992.24,1992.325,1992.08,1992.315,188
1707891900,1992.315,1992.355,1992.15,1992.27,192
1707892200,1992.27,1992.34,1991.91,1991.99,77
1707892500,1991.99,1992.35,1991.815,1992.24,120
1707892800,1992.24,1992.365,1991.935,1992.295,217
1707893100,1992.295,1992.305,1991.05,1991.295,203
1707893400,1991.295,1992.05,1991.235,1991.99,139
1707893700,1991.99,1992.42,1991.745,1992.42,175
1707894000,1992.42,1993.185,1991.21,1991.225,778
1707894300,1991.225,1991.245,1989.705,1990.28,661
1707894600,1990.28,1991.76,1990.055,1991.345,556
1707894900,1991.345,1992.24,1991.13,1992.21,466
1707895200,1992.21,1992.505,1991.92,1992.28,316
1707895500,1992.28,1992.585,1991.865,1992.325,249
1707895800,1992.325,1992.51,1991.735,1991.82,421
1707896100,1991.82,1991.82,1990.74,1990.78,367
1707896400,1990.78,1990.905,1990.275,1990.275,240
1707896700,1990.275,1990.48,1989.775,1990.07,337
1707897000,1990.07,1990.825,1990.03,1990.17,221
1707897300,1990.17,1990.35,1989.44,1989.525,314
1707897600,1989.525,1990.705,1989.26,1989.26,673
1707897900,1989.26,1989.545,1987.915,1988.36,921
1707898200,1988.36,1989.32,1987.605,1988.25,692
1707898500,1988.25,1988.265,1987.15,1987.425,635
1707898800,1987.425,1988.155,1987.205,1987.935,605
1707899100,1987.935,1988.835,1987.165,1987.48,377
1707899400,1987.48,1987.71,1986.08,1987.59,853
1707899700,1987.59,1988.275,1987.215,1988.06,539
1707900000,1988.06,1989.565,1987.45,1989.255,248
1707900300,1989.255,1989.585,1988.855,1989.235,368
1707900600,1989.235,1990.035,1989.095,1989.755,475
1707900900,1989.755,1989.92,1988.385,1988.52,531
1707901200,1988.52,1989.37,1988.52,1989.215,604
1707901500,1989.215,1989.215,1988.545,1989.175,331
1707901800,1989.175,1989.66,1988.935,1989.24,335
1707902100,1989.24,1989.61,1989.01,1989.35,489
1707902400,1989.35,1989.74,1988.44,1989.73,241
1707902700,1989.73,1990.225,1989.235,1990.035,342
1707903000,1990.035,1990.74,1989.91,1990.245,334
1707903300,1990.245,1990.245,1989.175,1990.045,293
1707903600,1990.045,1990.465,1989.53,1990.045,286
1707903900,1990.045,1991.205,1989.93,1990.85,564
1707904200,1990.85,1991.295,1990.23,1990.895,449
1707904500,1990.895,1991.645,1990.84,1991.31,355
1707904800,1991.31,1991.705,1991.07,1991.44,333
1707905100,1991.44,1991.735,1990.94,1991.32,199
1707905400,1991.32,1991.32,1990.655,1990.655,295
1707905700,1990.655,1990.655,1990.16,1990.475,384
1707906000,1990.475,1991.265,1990.455,1991.17,375
1707906300,1991.17,1991.375,1990.625,1990.79,262
1707906600,1990.79,1991.965,1990.77,1991.945,306
1707906900,1991.945,1992.17,1991.2,1991.495,120
1707907200,1991.495,1992.175,1990.945,1991.06,299
1707907500,1991.06,1992.57,1991.035,1992.235,563
1707907800,1992.235,1992.63,1991.945,1992.49,252
1707908100,1992.49,1993.475,1992.49,1992.955,473
1707908400,1992.955,1993.09,1992.02,1992.13,320
1707908700,1992.13,1993.205,1991.895,1992.92,320
1707909000,1992.92,1993.25,1992.67,1992.78,190
1707909300,1992.78,1993.335,1992.78,1993.11,227
1707909600,1993.11,1993.2,1992.37,1992.37,226
1707909900,1992.37,1992.37,1991.395,1991.715,288
1707910200,1991.715,1991.865,1990.73,1991.575,154
1707910500,1991.575,1992.005,1990.905,1991.995,273
1707910800,1991.995,1993.35,1991.995,1992.405,439
1707911100,1992.405,1992.45,1991.715,1992.125,316
1707911400,1992.125,1992.24,1991.305,1991.605,391
1707911700,1991.605,1992.38,1991.605,1992.345,443
1707912000,1992.345,1993.325,1991.8,1992.23,468
1707912300,1992.23,1992.51,1991.975,1992.14,160
1707912600,1992.14,1992.25,1991.035,1991.495,301
1707912900,1991.495,1992.245,1991.07,1992.07,364
1707913200,1992.07,1992.095,1990.725,1990.96,448
1707913500,1990.96,1991.24,1990.66,1990.685,209
1707913800,1990.685,1990.93,1989.64,1990.21,372
1707914100,1990.21,1990.82,1990.065,1990.5,175
1707914400,1990.5,1990.81,1990.025,1990.53,167
1707914700,1990.53,1990.715,1990.12,1990.175,109
1707915000,1990.175,1990.445,1989.985,1990.18,266
1707915300,1990.18,1990.51,1989.965,1990.33,151
1707915600,1990.33,1991.2,1989.81,1991.11,337
1707915900,1991.11,1991.735,1990.47,1991.39,667
1707916200,1991.39,1992.755,1991.18,1991.375,674
1707916500,1991.375,1991.395,1990.045,1990.045,682
1707916800,1990.045,1992.565,1989.335,1992.12,969
1707917100,1992.12,1992.145,1990.425,1990.74,856
1707917400,1990.74,1992.955,1990.61,1991.79,838
1707917700,1991.79,1993.245,1991.58,1992.335,1286
1707918000,1992.335,1992.725,1990.595,1990.895,1208
1707918300,1990.895,1991.58,1989.73,1989.75,748
1707918600,1989.75,1991.22,1989.245,1989.59,979
1707918900,1989.59,1989.755,1988.77,1989.205,762
1707919200,1989.205,1990.2,1988.96,1989.945,757
1707919500,1989.945,1991.46,1989.945,1990.815,598
1707919800,1990.815,1991.295,1989.765,1990.295,680
1707920100,1990.295,1991.145,1989.885,1990.63,491
1707920400,1990.63,1991.33,1990.42,1991.015,775
1707920700,1991.015,1991.425,1989.04,1989.765,879
1707921000,1989.765,1992.2,1988.905,1991.145,2190
1707921300,1991.145,1992.38,1990.54,1991.74,1455
1707921600,1991.74,1992.24,1990.15,1991.43,1121
1707921900,1991.43,1991.635,1989.04,1989.345,1313
1707922200,1989.345,1989.985,1987.38,1988.88,1209
1707922500,1988.88,1989.365,1986.295,1987.485,1549
1707922800,1987.485,1988.82,1985.21,1988.325,1352
1707923100,1988.325,1989.07,1985.685,1985.765,1308
1707923400,1985.765,1987.58,1984.305,1986.145,1202
1707923700,1986.145,1987.555,1985.695,1987.24,1228
1707924000,1987.24,1988.315,1986.97,1987.66,912
1707924300,1987.66,1988.05,1987.1,1987.415,874
1707924600,1987.415,1987.77,1986.19,1986.235,966
1707924900,1986.235,1987.16,1985.87,1986.73,959
1707925200,1986.73,1986.785,1985.61,1986.09,945
1707925500,1986.09,1987.54,1985.785,1987.255,1007
1707925800,1987.255,1988.42,1986.8,1987.36,1098
1707926100,1987.36,1988.545,1987.24,1987.915,894
1707926400,1987.915,1989.13,1987.54,1988.995,834
1707926700,1988.995,1990.955,1988.905,1990.46,1107
1707927000,1990.46,1991.24,1989.165,1989.275,923
1707927300,1989.275,1990.565,1988.635,1988.955,1005
1707927600,1988.955,1990.355,1988.77,1990.35,827
1707927900,1990.35,1991.47,1990.085,1991.305,742
1707928200,1991.305,1992.955,1991.305,1992.24,807
1707928500,1992.24,1993.585,1991.49,1991.655,894
1707928800,1991.655,1991.815,1990.685,1990.685,649
1707929100,1990.685,1991.5,1990.095,1991.38,690
1707929400,1991.38,1993.705,1990.91,1993.59,948
1707929700,1993.59,1993.69,1992.39,1993.23,938
1707930000,1993.23,1993.23,1991.045,1991.755,910
1707930300,1991.755,1992.435,1991.065,1992.405,825
1707930600,1992.405,1992.805,1992.02,1992.485,717
1707930900,1992.485,1992.74,1992.05,1992.335,609
1707931200,1992.335,1992.74,1990.935,1991.15,623
1707931500,1991.15,1991.655,1990.835,1991.625,397
1707931800,1991.625,1992.03,1990.835,1991.99,851
1707932100,1991.99,1993.07,1991.765,1992.93,869
1707932400,1992.93,1994.06,1992.475,1993.815,419
1707932700,1993.815,1995.35,1993.63,1994.725,546
1707933000,1994.725,1995.35,1994.18,1994.445,546
1707933300,1994.445,1995.03,1994.27,1994.415,321
1707933600,1994.415,1996.155,1994.32,1995.79,413
1707933900,1995.79,1995.87,1993.65,1993.99,863
1707934200,1993.99,1994.02,1992.855,1993.17,563
1707934500,1993.17,1994.27,1992.99,1993.29,426
1707934800,1993.29,1993.795,1992.015,1992.28,466
1707935100,1992.28,1993.135,1991.49,1991.79,519
1707935400,1991.79,1992.85,1991.76,1992.21,651
1707935700,1992.21,1992.78,1992.035,1992.53,559
1707936000,1992.53,1992.625,1991.995,1992.2,307
1707936300,1992.2,1992.65,1991.845,1991.85,338
1707936600,1991.85,1992.025,1991.16,1991.19,217
1707936900,1991.19,1991.81,1991.19,1991.76,292
1707937200,1991.76,1991.8,1991.04,1991.215,277
1707937500,1991.215,1991.645,1990.955,1991.455,301
1707937800,1991.455,1991.805,1991.21,1991.73,183
1707938100,1991.73,1992.04,1991.42,1991.45,202
1707938400,1991.45,1991.6,1991.025,1991.125,262
1707938700,1991.125,1991.125,1990.315,1990.63,225
1707939000,1990.63,1991.05,1990.495,1990.54,299
1707939300,1990.54,1990.575,1990.33,1990.43,306
1707939600,1990.43,1990.445,1989.905,1989.95,309
1707939900,1989.95,1990.23,1989.88,1990.14,263
1707940200,1990.14,1991.48,1990.14,1991.41,305
1707940500,1991.41,1991.975,1991.22,1991.83,294
1707940800,1991.83,1991.93,1991.34,1991.34,344
1707941100,1991.34,1991.43,1991.06,1991.285,269
1707941400,1991.285,1991.445,1991.19,1991.305,344
1707941700,1991.305,1991.495,1990.53,1990.53,275
1707942000,1990.53,1990.53,1989.95,1990.105,539
1707942300,1990.105,1990.39,1989.955,1990.27,388
1707942600,1990.27,1990.34,1989.695,1989.865,285
1707942900,1989.865,1990.87,1989.865,1990.8,339
1707943200,1990.8,1991.035,1990.77,1990.965,109
1707943500,1990.965,1991.04,1990.705,1990.96,84
1707943800,1990.96,1991.14,1990.875,1991.14,93
1707944100,1991.14,1991.27,1990.94,1991.17,86
1707944400,1991.17,1991.17,1990.545,1990.7,285
1707944700,1990.7,1990.9,1990.49,1990.69,201
1707945000,1990.69,1990.8,1990.44,1990.8,150
1707945300,1990.8,1990.885,1990.735,1990.765,80
1707945600,1990.765,1991.06,1990.64,1990.66,104
1707945900,1990.66,1990.71,1990.525,1990.61,27
1707946200,1990.61,1991.265,1990.61,1991.075,136
1707946500,1991.075,1991.55,1990.85,1991.38,265
1707946800,1991.38,1992.05,1991.3,1991.88,183
1707947100,1991.88,1992.7,1991.71,1992.68,238
1707947400,1992.68,1993.02,1991.96,1992.275,223
1707947700,1992.275,1992.365,1992.07,1992.365,131
1707951600,1992.365,1993.305,1992.365,1993.305,1
1707951900,1993.305,1993.945,1992.92,1993.215,123
1707952200,1993.215,1993.49,1992.77,1993.35,84
1707952500,1993.35,1993.42,1993.01,1993.015,74
1707952800,1993.015,1993.4,1992.915,1993.245,47
1707953100,1993.245,1993.365,1993.01,1993.01,44
1707953400,1993.01,1993.565,1992.865,1993.55,81
1707953700,1993.55,1993.68,1993.29,1993.29,68
1707954000,1993.29,1993.585,1993.29,1993.395,30
1707954300,1993.395,1993.765,1993.175,1993.22,125
1707954600,1993.22,1993.75,1993.125,1993.485,127
1707954900,1993.485,1993.905,1993.44,1993.8,111
1707955200,1993.8,1993.95,1993.53,1993.655,190
1707955500,1993.655,1993.995,1993.495,1993.76,191
1707955800,1993.76,1993.86,1993.51,1993.51,48
1707956100,1993.51,1994.06,1993.51,1993.985,81
1707956400,1993.985,1994.125,1993.74,1993.745,101
1707956700,1993.745,1993.745,1993.055,1993.055,124
1707957000,1993.055,1993.53,1992.63,1993.33,206
1707957300,1993.33,1993.945,1993.12,1993.905,207
1707957600,1993.905,1994.16,1993.74,1994.055,322
1707957900,1994.055,1994.37,1993.6,1993.875,344
1707958200,1993.875,1994.055,1993.08,1993.5,310
1707958500,1993.5,1993.875,1993.465,1993.77,202
1707958800,1993.77,1994.395,1993.685,1993.695,324
1707959100,1993.695,1993.695,1992.825,1993.255,428
1707959400,1993.255,1993.64,1993,1993.31,273
1707959700,1993.31,1993.775,1993.09,1993.755,218
1707960000,1993.755,1993.775,1993.27,1993.515,152
1707960300,1993.515,1993.515,1992.76,1993.005,295
1707960600,1993.005,1993.14,1992.655,1992.755,117
1707960900,1992.755,1993.26,1992.52,1992.585,222
1707961200,1992.585,1992.75,1992.395,1992.57,215
1707961500,1992.57,1993.06,1992.47,1993.035,266
1707961800,1993.035,1993.25,1992.88,1993.12,182
1707962100,1993.12,1993.225,1992.56,1992.6,167
1707962400,1992.6,1992.615,1992.155,1992.35,160
1707962700,1992.35,1993.245,1992.22,1993.02,300
1707963000,1993.02,1993.21,1992.57,1992.83,293
1707963300,1992.83,1993.21,1992.64,1993.21,119
1707963600,1993.21,1993.255,1992.895,1993.195,88
1707963900,1993.195,1993.555,1992.92,1992.92,140
1707964200,1992.92,1992.935,1992.715,1992.84,106
1707964500,1992.84,1993.55,1992.82,1993.425,172
1707964800,1993.425,1993.515,1993.105,1993.505,143
1707965100,1993.505,1993.6,1993.215,1993.24,64
1707965400,1993.24,1993.34,1993.155,1993.245,127
1707965700,1993.245,1993.33,1993.025,1993.19,165
1707966000,1993.19,1993.19,1992.98,1993.155,119
1707966300,1993.155,1993.35,1992.775,1993.1,189
1707966600,1993.1,1993.11,1992.73,1992.91,158
1707966900,1992.91,1993.035,1992.735,1992.785,112
1707967200,1992.785,1993,1992.135,1992.54,315
1707967500,1992.54,1992.745,1992.11,1992.115,229
1707967800,1992.115,1992.45,1992.035,1992.16,222
1707968100,1992.16,1992.365,1991.87,1992.155,110
1707968400,1992.155,1992.32,1992.055,1992.21,119
1707968700,1992.21,1992.21,1990.44,1990.75,289
1707969000,1990.75,1991.105,1990.62,1990.66,225
1707969300,1990.66,1990.94,1990.325,1990.865,217
1707969600,1990.865,1991.415,1990.525,1991.395,300
1707969900,1991.395,1991.655,1991.165,1991.335,100
1707970200,1991.335,1991.77,1991.205,1991.765,112
1707970500,1991.765,1991.765,1991.31,1991.315,99
1707970800,1991.315,1991.345,1991.06,1991.19,71
1707971100,1991.19,1991.61,1991.17,1991.53,71
1707971400,1991.53,1991.6,1991.39,1991.52,46
1707971700,1991.52,1991.97,1991.435,1991.81,122
1707972000,1991.81,1992.06,1991.435,1991.45,79
1707972300,1991.45,1991.855,1991.41,1991.835,74
1707972600,1991.835,1992.08,1991.74,1991.995,54
1707972900,1991.995,1992.23,1991.91,1992.095,83
1707973200,1992.095,1992.68,1991.955,1992.65,109
1707973500,1992.65,1992.735,1992.25,1992.47,91
1707973800,1992.47,1992.635,1992.005,1992.495,191
1707974100,1992.495,1992.59,1992.175,1992.455,207
1707974400,1992.455,1992.455,1992.16,1992.24,17
1707974700,1992.24,1992.57,1992.175,1992.535,88
1707975000,1992.535,1992.81,1992.43,1992.665,107
1707975300,1992.665,1993.01,1992.665,1992.75,107
1707975600,1992.75,1992.8,1992.34,1992.375,55
1707975900,1992.375,1992.46,1991.95,1992.05,63
1707976200,1992.05,1992.295,1992.05,1992.13,84
1707976500,1992.13,1992.235,1991.85,1991.99,196
1707976800,1991.99,1992.665,1991.8,1992.255,255
1707977100,1992.255,1993.17,1992.24,1992.54,276
1707977400,1992.54,1992.955,1992.525,1992.75,151
1707977700,1992.75,1992.82,1992.375,1992.76,111
1707978000,1992.76,1993.47,1992.72,1993.47,208
1707978300,1993.47,1993.47,1991.73,1992.11,294
1707978600,1992.11,1992.925,1991.655,1992.925,333
1707978900,1992.925,1993.34,1992.725,1992.895,79
1707979200,1992.895,1993.19,1992.88,1992.985,72
1707979500,1992.985,1993.3,1992.78,1993.3,135
1707979800,1993.3,1993.395,1993.01,1993.01,128
1707980100,1993.01,1993.465,1992.72,1993.3,96
1707980400,1993.3,1993.32,1992.29,1993.025,348
1707980700,1993.025,1993.315,1992.475,1993.26,416
1707981000,1993.26,1993.37,1993.11,1993.15,304
1707981300,1993.15,1993.475,1993.09,1993.21,195
1707981600,1993.21,1993.425,1992.74,1993.355,243
1707981900,1993.355,1994.1,1992.995,1994.09,413
1707982200,1994.09,1994.815,1993.455,1993.505,542
1707982500,1993.505,1994.215,1993.16,1993.17,664
1707982800,1993.17,1993.475,1993.04,1993.405,343
1707983100,1993.405,1993.625,1993.065,1993.345,425
1707983400,1993.345,1993.96,1993.075,1993.96,351
1707983700,1993.96,1994.29,1993.745,1993.92,376
1707984000,1993.92,1994.27,1993.575,1994.075,558
1707984300,1994.075,1994.995,1994.07,1994.76,310
1707984600,1994.76,1995.525,1994.66,1995.25,329
1707984900,1995.25,1996.085,1995.2,1995.595,384
1707985200,1995.595,1995.845,1995.21,1995.62,319
1707985500,1995.62,1995.79,1995.23,1995.515,382
1707985800,1995.515,1995.645,1994.965,1995.605,491
1707986100,1995.605,1995.73,1995.2,1995.505,375
1707986400,1995.505,1995.525,1994.295,1995.03,482
1707986700,1995.03,1995.305,1994.93,1995.265,149
1707987000,1995.265,1995.315,1994.76,1995.085,291
1707987300,1995.085,1995.295,1994.93,1995.265,371
1707987600,1995.265,1995.275,1994.88,1994.92,279
1707987900,1994.92,1995.225,1994.755,1994.98,210
1707988200,1994.98,1995.06,1994.35,1994.44,166
1707988500,1994.44,1994.865,1994.22,1994.32,208
1707988800,1994.32,1994.64,1993.925,1994.615,373
1707989100,1994.615,1995.06,1994.31,1994.97,339
1707989400,1994.97,1994.985,1994.51,1994.79,248
1707989700,1994.79,1995.34,1994.695,1995.34,174
1707990000,1995.34,1996.155,1995.27,1995.915,436
1707990300,1995.915,1996.455,1995.51,1996.235,400
1707990600,1996.235,1996.245,1995.93,1996.01,174
1707990900,1996.01,1996.84,1995.96,1996.46,236
1707991200,1996.46,1996.62,1996.26,1996.37,255
1707991500,1996.37,1996.41,1996.07,1996.22,240
1707991800,1996.22,1996.61,1996.1,1996.58,183
1707992100,1996.58,1996.645,1996.14,1996.6,210
1707992400,1996.6,1996.68,1996.205,1996.365,123
1707992700,1996.365,1996.795,1996.33,1996.76,129
1707993000,1996.76,1997.25,1996.665,1996.715,367
1707993300,1996.715,1996.835,1996.225,1996.765,307
1707993600,1996.765,1997.665,1996.75,1997.57,412
1707993900,1997.57,1998.07,1997.07,1997.37,335
1707994200,1997.37,1997.375,1996.16,1996.35,307
1707994500,1996.35,1996.755,1995.77,1996.08,455
1707994800,1996.08,1996.41,1995.855,1996.38,279
1707995100,1996.38,1996.81,1996.24,1996.49,177
1707995400,1996.49,1996.8,1996.24,1996.24,286
1707995700,1996.24,1996.76,1996.105,1996.35,175
1707996000,1996.35,1996.75,1996.07,1996.175,67
1707996300,1996.175,1996.685,1996.175,1996.34,255
1707996600,1996.34,1996.345,1995.97,1996.26,328
1707996900,1996.26,1996.94,1996.11,1996.94,328
1707997200,1996.94,1997.565,1996.94,1997.15,265
1707997500,1997.15,1998.19,1997.15,1997.865,389
1707997800,1997.865,1997.865,1997.525,1997.58,325
1707998100,1997.58,1997.97,1997.565,1997.58,131
1707998400,1997.58,1997.87,1996.47,1996.53,342
1707998700,1996.53,1997.095,1996.48,1997.05,177
1707999000,1997.05,1997.38,1996.8,1997.29,181
1707999300,1997.29,1997.62,1997.22,1997.525,172
1707999600,1997.525,1998.245,1996.605,1996.705,289
1707999900,1996.705,1997.75,1996.61,1997.62,410
1708000200,1997.62,1997.81,1997.02,1997.315,357
1708000500,1997.315,1998.175,1997.01,1997.95,360
1708000800,1997.95,1998.605,1997.95,1998.58,474
1708001100,1998.58,1999.18,1998.08,1998.905,506
1708001400,1998.905,1999.08,1997.575,1998.145,251
1708001700,1998.145,1998.68,1997.73,1998.05,454
1708002000,1998.05,1999.005,1997.69,1997.925,676
1708002300,1997.925,1998.24,1997.52,1997.98,652
1708002600,1997.98,1998.895,1997.805,1998.855,352
1708002900,1998.855,1999.1,1998.39,1998.73,403
1708003200,1998.73,2000.355,1998.085,1998.765,995
1708003500,1998.765,2000.365,1998.72,1998.935,866
1708003800,1998.935,2004.4,1995.61,1995.88,2645
1708004100,1995.88,2002.265,1995.785,2002.165,2135
1708004400,2002.165,2003.74,2000.795,2003.43,1862
1708004700,2003.43,2003.885,2001.705,2002.19,1528
1708005000,2002.19,2003.635,2001.235,2002.135,1233
1708005300,2002.135,2003.935,2001.625,2003.87,1498
1708005600,2003.87,2003.91,2001.57,2002.77,1249
1708005900,2002.77,2003.125,2001.785,2002.04,997
1708006200,2002.04,2003.385,2001.635,2002.83,967
1708006500,2002.83,2004.945,2002.83,2003.84,1224
1708006800,2003.84,2004.49,2002.92,2002.935,967
1708007100,2002.935,2004.085,2002.17,2003.98,955
1708007400,2003.98,2008.275,2003.075,2007.62,1784
1708007700,2007.62,2008.34,2006.175,2006.33,1530
1708008000,2006.33,2007.505,2004.94,2005.44,1409
1708008300,2005.44,2005.55,2002.63,2002.915,1655
1708008600,2002.915,2005.155,2002.12,2004.105,1690
1708008900,2004.105,2004.89,2003.61,2003.805,1091
1708009200,2003.805,2005.435,2002.705,2004.01,1362
1708009500,2004.01,2005.075,2003.415,2005.075,1065
1708009800,2005.075,2006.975,2004.46,2005.98,1137
1708010100,2005.98,2006.71,2005.485,2006.2,787
1708010400,2006.2,2008.01,2005.035,2007.08,951
1708010700,2007.08,2008.205,2006.425,2006.545,1134
1708011000,2006.545,2006.92,2004.53,2004.895,1067
1708011300,2004.895,2005.005,2001.095,2002.155,1201
1708011600,2002.155,2002.535,2000.865,2001.535,1166
1708011900,2001.535,2002.565,2001.025,2001.26,979
1708012200,2001.26,2001.33,1999.88,2000.85,888
1708012500,2000.85,2001.695,2000.33,2000.88,1060
1708012800,2000.88,2001.23,1999.665,1999.79,1223
1708013100,1999.79,2001.255,1999.635,2000.88,1071
1708013400,2000.88,2001.57,2000.35,2000.58,619
1708013700,2000.58,2000.72,2000.035,2000.325,909
1708014000,2000.325,2001.53,1999.95,2000.94,665
1708014300,2000.94,2000.94,1999.045,1999.45,811
1708014600,1999.45,2000.195,1998.915,1999.7,652
1708014900,1999.7,2001.19,1999.695,2000.76,637
1708015200,2000.76,2000.76,1999.735,1999.745,535
1708015500,1999.745,2000.285,1999.005,1999.18,682
1708015800,1999.18,1999.58,1998.505,1998.895,658
1708016100,1998.895,2000.315,1998.7,2000.275,389
1708016400,2000.275,2001.79,2000.17,2001.395,723
1708016700,2001.395,2002.575,2001.37,2001.62,635
1708017000,2001.62,2001.81,2000.95,2001.2,439
1708017300,2001.2,2001.62,2000.7,2001.61,375
1708017600,2001.61,2002.52,2001.41,2002.435,234
1708017900,2002.435,2002.46,2001.66,2001.875,317
1708018200,2001.875,2002.555,2001.875,2002.4,467
1708018500,2002.4,2003.135,2002.315,2002.85,263
1708018800,2002.85,2002.995,2002.345,2002.675,247
1708019100,2002.675,2002.925,2002.555,2002.75,324
1708019400,2002.75,2004.425,2002.56,2004.3,511
1708019700,2004.3,2004.645,2003.615,2003.675,567
1708020000,2003.675,2004.97,2003.6,2003.69,504
1708020300,2003.69,2004.215,2003.585,2003.9,382
1708020600,2003.9,2004.56,2003.9,2004.175,397
1708020900,2004.175,2004.665,2003.25,2003.435,381
1708021200,2003.435,2004.205,2003.035,2003.14,885
1708021500,2003.14,2003.895,2002.875,2003.3,503
1708021800,2003.3,2003.695,2002.825,2003.07,283
1708022100,2003.07,2003.925,2002.97,2003.785,242
1708022400,2003.785,2004.455,2003.785,2004.06,219
1708022700,2004.06,2004.06,2003.49,2003.835,205
1708023000,2003.835,2004.63,2003.835,2004.38,88
1708023300,2004.38,2004.845,2004.29,2004.58,249
1708023600,2004.58,2005.33,2004.4,2005.33,355
1708023900,2005.33,2006.38,2005.225,2006.27,310
1708024200,2006.27,2006.51,2005.57,2005.785,531
1708024500,2005.785,2006.215,2005.775,2005.995,490
1708024800,2005.995,2005.995,2005.06,2005.13,326
1708025100,2005.13,2005.2,2003.71,2003.98,556
1708025400,2003.98,2005.39,2003.97,2005.375,410
1708025700,2005.375,2005.375,2004.755,2004.955,366
1708026000,2004.955,2005.09,2004.75,2004.88,253
1708026300,2004.88,2005.395,2004.83,2005.22,295
1708026600,2005.22,2005.39,2004.955,2005.15,244
1708026900,2005.15,2005.465,2005.15,2005.2,460
1708027200,2005.2,2005.225,2004.29,2004.29,439
1708027500,2004.29,2004.295,2003.72,2003.775,293
1708027800,2003.775,2004.13,2003.575,2003.71,279
1708028100,2003.71,2004.205,2003.67,2004.065,244
1708028400,2004.065,2004.445,2003.75,2003.875,494
1708028700,2003.875,2004.13,2003.755,2004.045,603
1708029000,2004.045,2004.755,2003.99,2004.705,278
1708029300,2004.705,2005.07,2004.08,2004.105,648
1708029600,2004.105,2004.85,2004.055,2004.59,458
1708029900,2004.59,2004.73,2004.3,2004.345,263
1708030200,2004.345,2004.62,2004.24,2004.475,308
1708030500,2004.475,2004.57,2004.115,2004.48,314
1708030800,2004.48,2004.565,2004.05,2004.105,124
1708031100,2004.105,2004.565,2004.105,2004.435,70
1708031400,2004.435,2004.755,2004.365,2004.74,66
1708031700,2004.74,2004.765,2004.375,2004.475,97
1708032000,2004.475,2004.53,2003.96,2003.975,51
1708032300,2003.975,2004.375,2003.975,2004.13,29
1708032600,2004.13,2004.255,2003.98,2004.19,172
1708032900,2004.19,2004.39,2004.11,2004.215,190
1708033200,2004.215,2004.52,2004.11,2004.48,81
1708033500,2004.48,2004.565,2004.185,2004.31,271
1708033800,2004.31,2004.525,2004.195,2004.285,188
1708034100,2004.285,2004.41,2004.175,2004.4,128
1708038000,2004.4,2004.725,2004.4,2004.725,1
1708038300,2004.725,2004.765,2004.505,2004.505,70
1708038600,2004.505,2004.67,2004.47,2004.66,104
1708038900,2004.66,2004.83,2004.26,2004.435,65
1708039200,2004.435,2004.635,2004.34,2004.51,79
1708039500,2004.51,2004.53,2004.115,2004.14,165
1708039800,2004.14,2004.34,2004.13,2004.13,134
1708040100,2004.13,2004.16,2003.925,2004.055,167
1708040400,2004.055,2004.125,2003.83,2003.83,67
1708040700,2003.83,2004.265,2003.79,2004.195,73
1708041000,2004.195,2004.215,2003.775,2003.775,66
1708041300,2003.775,2003.89,2003.46,2003.5,115
1708041600,2003.5,2003.78,2003.475,2003.5,123
1708041900,2003.5,2003.72,2003.19,2003.3,162
1708042200,2003.3,2003.355,2002.92,2003.05,149
1708042500,2003.05,2003.17,2002.745,2002.76,97
1708042800,2002.76,2003.22,2002.76,2003.01,160
1708043100,2003.01,2003.01,2002.71,2002.825,73
1708043400,2002.825,2003.14,2002.485,2002.83,167
1708043700,2002.83,2003.085,2002.76,2002.83,87
1708044000,2002.83,2003.075,2002.805,2002.81,205
1708044300,2002.81,2002.9,2002.595,2002.78,262
1708044600,2002.78,2002.83,2002.42,2002.65,252
1708044900,2002.65,2002.745,2002.46,2002.635,142
1708045200,2002.635,2003.375,2002.51,2002.77,421
1708045500,2002.77,2003.175,2002.515,2003.105,262
1708045800,2003.105,2003.455,2002.53,2003.225,420
1708046100,2003.225,2003.52,2003.02,2003.045,319
1708046400,2003.045,2003.34,2002.95,2003.34,198
1708046700,2003.34,2003.98,2003.26,2003.975,200
1708047000,2003.975,2004.325,2003.975,2004.115,148
1708047300,2004.115,2004.92,2003.87,2004.215,290
1708047600,2004.215,2004.31,2003.61,2004.31,231
1708047900,2004.31,2004.49,2004.065,2004.405,238
1708048200,2004.405,2004.665,2004.39,2004.66,239
1708048500,2004.66,2005.71,2004.66,2005.585,234
1708048800,2005.585,2005.695,2004.825,2004.83,192
1708049100,2004.83,2005.155,2004.585,2004.795,219
1708049400,2004.795,2004.91,2004.165,2004.165,187
1708049700,2004.165,2004.535,2004.145,2004.305,173
1708050000,2004.305,2004.46,2004.235,2004.42,182
1708050300,2004.42,2005.285,2004.34,2005.25,170
1708050600,2005.25,2005.27,2004.76,2004.89,83
1708050900,2004.89,2004.89,2004.49,2004.7,96
1708051200,2004.7,2004.805,2004.415,2004.415,63
1708051500,2004.415,2004.79,2004.26,2004.69,107
1708051800,2004.69,2004.69,2004.14,2004.545,101
1708052100,2004.545,2005.31,2004.1,2004.585,373
1708052400,2004.585,2004.91,2004.18,2004.32,161
1708052700,2004.32,2004.88,2004.315,2004.81,140
1708053000,2004.81,2004.875,2004.525,2004.755,89
1708053300,2004.755,2004.765,2003.995,2004.005,81
1708053600,2004.005,2004.41,2003.99,2004.395,198
1708053900,2004.395,2004.545,2004.315,2004.425,185
1708054200,2004.425,2004.765,2004.37,2004.53,268
1708054500,2004.53,2004.75,2004.51,2004.565,112
1708054800,2004.565,2004.655,2004.275,2004.46,54
1708055100,2004.46,2004.505,2003.995,2004.04,201
1708055400,2004.04,2004.075,2003.435,2003.715,227
1708055700,2003.715,2004.39,2003.7,2004.38,215
1708056000,2004.38,2004.405,2003.985,2004.055,225
1708056300,2004.055,2004.055,2003.84,2003.87,217
1708056600,2003.87,2004.01,2003.73,2003.755,273
1708056900,2003.755,2003.885,2003.655,2003.66,94
1708057200,2003.66,2003.8,2003.39,2003.565,109
1708057500,2003.565,2003.97,2003.545,2003.805,225
1708057800,2003.805,2004.13,2003.705,2004.115,204
1708058100,2004.115,2004.115,2003.73,2003.88,164
1708058400,2003.88,2004.17,2003.865,2004.11,64
1708058700,2004.11,2004.26,2003.36,2003.53,207
1708059000,2003.53,2003.94,2003.355,2003.82,311
1708059300,2003.82,2003.905,2003.66,2003.705,224
1708059600,2003.705,2004.01,2003.625,2003.93,333
1708059900,2003.93,2004.32,2003.93,2003.99,248
1708060200,2003.99,2004.06,2003.8,2003.84,229
1708060500,2003.84,2003.845,2003.585,2003.775,105
1708060800,2003.775,2003.83,2003.47,2003.76,200
1708061100,2003.76,2003.98,2003.555,2003.82,118
1708061400,2003.82,2004.205,2003.79,2004.08,86
1708061700,2004.08,2004.54,2004.08,2004.485,81
1708062000,2004.485,2004.55,2004.27,2004.43,107
1708062300,2004.43,2004.815,2004.305,2004.365,229
1708062600,2004.365,2004.4,2004.09,2004.3,140
1708062900,2004.3,2004.625,2004.24,2004.555,166
1708063200,2004.555,2004.695,2004.41,2004.44,126
1708063500,2004.44,2004.815,2004.44,2004.56,173
1708063800,2004.56,2004.59,2003.99,2004.035,229
1708064100,2004.035,2004.06,2003.14,2003.35,170
1708064400,2003.35,2003.35,2002.785,2003.09,215
1708064700,2003.09,2003.27,2002.995,2003.13,108
1708065000,2003.13,2003.945,2002.9,2003.75,363
1708065300,2003.75,2004.065,2003.33,2003.565,297
1708065600,2003.565,2004,2003.495,2003.995,120
1708065900,2003.995,2003.995,2003.72,2003.82,272
1708066200,2003.82,2003.98,2003.72,2003.83,206
1708066500,2003.83,2003.855,2003.535,2003.81,110
1708066800,2003.81,2004.215,2003.58,2003.63,223
1708067100,2003.63,2003.91,2003.48,2003.905,233
1708067400,2003.905,2004.815,2003.79,2004.31,350
1708067700,2004.31,2004.565,2003.98,2004.495,132
1708068000,2004.495,2004.895,2004.325,2004.825,247
1708068300,2004.825,2005.255,2004.72,2004.975,495
1708068600,2004.975,2005.575,2004.665,2005.43,280
1708068900,2005.43,2006.575,2005.355,2006.445,295
1708069200,2006.445,2006.555,2005.915,2005.935,307
1708069500,2005.935,2006.325,2005.875,2006.065,232
1708069800,2006.065,2006.405,2005.605,2005.865,265
1708070100,2005.865,2005.915,2005.07,2005.245,285
1708070400,2005.245,2005.65,2004.86,2005.405,258
1708070700,2005.405,2005.755,2005.055,2005.605,285
1708071000,2005.605,2005.65,2004.585,2004.6,335
1708071300,2004.6,2005.34,2004.42,2004.99,191
1708071600,2004.99,2005.205,2004.64,2004.655,285
1708071900,2004.655,2005.345,2004.59,2005.025,218
1708072200,2005.025,2005.195,2004.59,2004.925,350
1708072500,2004.925,2005.02,2004.65,2004.98,185
1708072800,2004.98,2005.215,2004.625,2005.185,191
1708073100,2005.185,2005.72,2005.15,2005.31,173
1708073400,2005.31,2005.31,2003.93,2004.24,407
1708073700,2004.24,2005.105,2004.005,2005.02,345
1708074000,2005.02,2005.255,2004.77,2005.25,184
1708074300,2005.25,2005.44,2004.955,2004.955,220
1708074600,2004.955,2005.18,2004.49,2004.51,236
1708074900,2004.51,2004.98,2004.29,2004.785,283
1708075200,2004.785,2004.9,2004.565,2004.86,248
1708075500,2004.86,2006.185,2004.83,2006.185,294
1708075800,2006.185,2006.485,2005.67,2005.675,413
1708076100,2005.675,2005.94,2005.65,2005.94,288
1708076400,2005.94,2005.94,2005.3,2005.47,228
1708076700,2005.47,2005.495,2005.08,2005.09,273
1708077000,2005.09,2005.47,2005.09,2005.295,291
1708077300,2005.295,2005.37,2005.05,2005.12,287
1708077600,2005.12,2005.305,2004.795,2005.305,235
1708077900,2005.305,2005.545,2004.97,2005.525,287
1708078200,2005.525,2005.665,2005.315,2005.425,229
1708078500,2005.425,2005.925,2005.275,2005.83,235
1708078800,2005.83,2006.22,2005.595,2006.005,232
1708079100,2006.005,2006.14,2005.79,2005.795,183
1708079400,2005.795,2006.265,2005.49,2006.265,293
1708079700,2006.265,2006.385,2006.015,2006.24,149
1708080000,2006.24,2007.26,2006.175,2007.2,213
1708080300,2007.2,2007.615,2007.18,2007.53,302
1708080600,2007.53,2007.53,2006.55,2006.785,419
1708080900,2006.785,2007.325,2006.69,2007.255,316
1708081200,2007.255,2007.27,2006.295,2006.665,352
1708081500,2006.665,2007.06,2006.61,2006.99,208
1708081800,2006.99,2007.295,2006.97,2007.26,151
1708082100,2007.26,2007.415,2006.925,2007.26,154
1708082400,2007.26,2007.6,2007.235,2007.265,196
1708082700,2007.265,2007.28,2006.765,2006.945,217
1708083000,2006.945,2007.53,2006.945,2007.43,112
1708083300,2007.43,2007.825,2007.315,2007.71,142
1708083600,2007.71,2007.855,2007.375,2007.42,245
1708083900,2007.42,2007.785,2007.345,2007.45,241
1708084200,2007.45,2007.795,2006.835,2007.345,298
1708084500,2007.345,2007.52,2007.125,2007.375,158
1708084800,2007.375,2007.78,2007.36,2007.605,450
1708085100,2007.605,2008.135,2007.515,2007.7,332
1708085400,2007.7,2007.805,2007.01,2007.34,387
1708085700,2007.34,2007.825,2007.185,2007.825,187
1708086000,2007.825,2008.19,2007.55,2007.815,273
1708086300,2007.815,2007.915,2007.355,2007.465,209
1708086600,2007.465,2007.735,2007.44,2007.685,206
1708086900,2007.685,2007.75,2007.27,2007.43,373
1708087200,2007.43,2007.855,2007.135,2007.165,377
1708087500,2007.165,2007.655,2007.155,2007.49,321
1708087800,2007.49,2007.57,2006.9,2006.995,299
1708088100,2006.995,2007.25,2006.505,2006.9,324
1708088400,2006.9,2007.045,2006.25,2006.31,411
1708088700,2006.31,2006.955,2006.035,2006.375,390
1708089000,2006.375,2006.51,2005.765,2005.82,173
1708089300,2005.82,2006.33,2005.66,2006.09,333
1708089600,2006.09,2006.545,2005.795,2006.45,516
1708089900,2006.45,2006.94,2006.25,2006.635,656
1708090200,2006.635,2006.74,1998.615,1998.89,2656
1708090500,1998.89,1999.115,1995.16,1997.03,2143
1708090800,1997.03,1999.485,1996.015,1998.585,1663
1708091100,1998.585,2002.655,1998.295,2000.385,1962
1708091400,2000.385,2004.53,2000.22,2003.065,1747
1708091700,2003.065,2004.15,2001.345,2001.52,1394
1708092000,2001.52,2003.455,2001.23,2001.32,1250
1708092300,2001.32,2002.055,2000.535,2001.585,1149
1708092600,2001.585,2001.585,1999.03,1999.215,1132
1708092900,1999.215,1999.42,1997.16,1997.16,945
1708093200,1997.16,1998.27,1996.55,1997.325,1098
1708093500,1997.325,1998.735,1997.045,1997.705,899
1708093800,1997.705,1998.56,1996.225,1998.56,1464
1708094100,1998.56,1999.425,1997.365,1998.755,1351
1708094400,1998.755,2000.545,1998.51,1998.85,1366
1708094700,1998.85,1999.145,1996.45,1997.295,1450
1708095000,1997.295,1997.365,1995.61,1996.105,1155
1708095300,1996.105,1998.21,1995.39,1998.11,1143
1708095600,1998.11,1999.69,1997.465,1998.39,1556
1708095900,1998.39,2002.655,1998.39,2002.085,1611
1708096200,2002.085,2005.315,2001.755,2004.57,1650
1708096500,2004.57,2006.81,2004.275,2004.5,1548
1708096800,2004.5,2006.19,2004.44,2005.335,1517
1708097100,2005.335,2006.565,2004.765,2006.37,1231
1708097400,2006.37,2006.88,2004.86,2006.595,1336
1708097700,2006.595,2010.055,2006.055,2007.635,1426
1708098000,2007.635,2011.09,2007.29,2009.925,1259
1708098300,2009.925,2010.065,2007.965,2008.315,975
1708098600,2008.315,2009.465,2007.65,2007.85,1193
1708098900,2007.85,2008.685,2007.065,2007.98,1086
1708099200,2007.98,2009.19,2007.805,2008.26,1122
1708099500,2008.26,2010.06,2008.02,2009.78,892
1708099800,2009.78,2010.49,2009.76,2010.08,791
1708100100,2010.08,2011.015,2010.08,2010.625,700
1708100400,2010.625,2010.845,2008.955,2009.15,934
1708100700,2009.15,2009.16,2008.255,2008.495,824
1708101000,2008.495,2008.57,2007.265,2008.515,664
1708101300,2008.515,2009.62,2008.485,2009.155,610
1708101600,2009.155,2009.955,2009.09,2009.79,355
1708101900,2009.79,2010.125,2008.7,2008.705,259
1708102200,2008.705,2010,2008.585,2009.75,450
1708102500,2009.75,2009.805,2008.91,2009.27,390
1708102800,2009.27,2010.075,2009.18,2009.725,293
1708103100,2009.725,2009.845,2008.79,2009.39,302
1708103400,2009.39,2010.34,2009.375,2010.34,249
1708103700,2010.34,2010.95,2010.11,2010.85,407
1708104000,2010.85,2011.04,2010.02,2010.3,381
1708104300,2010.3,2010.49,2009.895,2010.49,205
1708104600,2010.49,2010.81,2010.095,2010.405,339
1708104900,2010.405,2012.64,2010.36,2012.425,506
1708105200,2012.425,2012.705,2011.43,2012.01,610
1708105500,2012.01,2014.24,2011.985,2013.66,767
1708105800,2013.66,2014.28,2013.2,2013.985,639
1708106100,2013.985,2014.48,2013.255,2013.36,286
1708106400,2013.36,2014.14,2013.08,2014.115,341
1708106700,2014.115,2015.145,2013.775,2014.69,394
1708107000,2014.69,2014.77,2013.48,2013.805,365
1708107300,2013.805,2014.375,2012.835,2013.065,233
1708107600,2013.065,2013.46,2011.77,2011.785,631
1708107900,2011.785,2013.285,2011.19,2012.26,775
1708108200,2012.26,2012.805,2011.965,2012.3,609
1708108500,2012.3,2012.46,2012.04,2012.325,198
1708108800,2012.325,2013.18,2012.315,2013.045,186
1708109100,2013.045,2013.865,2012.815,2013.865,248
1708109400,2013.865,2014.39,2013.835,2013.95,329
1708109700,2013.95,2014.3,2013.755,2013.92,374
1708110000,2013.92,2014.975,2013.92,2014.61,434
1708110300,2014.61,2014.86,2014.28,2014.37,376
1708110600,2014.37,2014.585,2014.21,2014.475,222
1708110900,2014.475,2015.23,2014.38,2014.475,333
1708111200,2014.475,2015.175,2014.345,2014.975,162
1708111500,2014.975,2014.975,2014.585,2014.825,85
1708111800,2014.825,2014.895,2013.39,2013.65,213
1708112100,2013.65,2013.65,2012.695,2013.07,153
1708112400,2013.07,2013.08,2012.395,2012.765,154
1708112700,2012.765,2012.85,2011.795,2011.915,392
1708113000,2011.915,2013.035,2011.87,2013.03,177
1708113300,2013.03,2013.07,2012.7,2012.71,212
1708113600,2012.71,2012.84,2011.32,2012.02,451
1708113900,2012.02,2012.025,2011.345,2011.61,150
1708114200,2011.61,2011.765,2011.345,2011.67,104
1708114500,2011.67,2012.08,2011.55,2011.975,144
1708114800,2011.975,2012.7,2011.975,2012.275,273
1708115100,2012.275,2012.69,2012.155,2012.575,230
1708115400,2012.575,2012.95,2012.29,2012.85,250
1708115700,2012.85,2013.165,2012.845,2013.105,274
1708116000,2013.105,2013.165,2012.72,2013.09,410
1708116300,2013.09,2013.09,2012.41,2012.455,357
1708116600,2012.455,2012.795,2012.365,2012.725,428
1708116900,2012.725,2012.745,2011.915,2011.97,514
1708117200,2011.97,2012.775,2011.97,2012.605,194
1708117500,2012.605,2013.465,2012.605,2013.425,167
1708117800,2013.425,2013.435,2013.195,2013.215,76
1708118100,2013.215,2013.51,2013.15,2013.285,136
1708118400,2013.285,2013.54,2013.14,2013.48,158
1708118700,2013.48,2013.6,2013.03,2013.03,211
1708119000,2013.03,2013.17,2012.935,2013.11,196
1708119300,2013.11,2013.305,2013.035,2013.23,160
1708119600,2013.23,2013.515,2013.175,2013.515,124
1708119900,2013.515,2013.515,2013.265,2013.435,146
1708120200,2013.435,2014.18,2013.435,2013.71,181
1708120500,2013.71,2013.825,2013.195,2013.23,141
1708297200,2013.23,2013.23,2012.805,2013.095,5
1708297500,2013.095,2014.355,2010.005,2012.625,299
1708297800,2012.625,2017.72,2000.955,2014.25,551
1708298100,2014.25,2014.405,2013.755,2014.115,16
1708298400,2014.115,2014.115,2012.48,2012.48,1
1708298700,2012.48,2013.52,2009.82,2012.815,247
1708299000,2012.815,2014.46,2012.66,2013.29,242
1708299300,2013.29,2014.48,2013.29,2013.85,208
1708299600,2013.85,2014.2,2000.355,2014.065,109
1708299900,2014.065,2014.575,2013.96,2014.385,219
1708300200,2014.385,2014.49,2014.01,2014.165,269
1708300500,2014.165,2014.415,2013.87,2013.955,176
1708300800,2013.955,2014.74,2013.825,2014.61,250
1708301100,2014.61,2014.81,2014.36,2014.74,176
1708301400,2014.74,2016.78,2014.74,2016.745,284
1708301700,2016.745,2017.02,2016.365,2016.71,292
1708302000,2016.71,2017.05,2016.59,2016.955,187
1708302300,2016.955,2018.65,2016.91,2017.245,429
1708302600,2017.245,2017.87,2017.245,2017.365,195
1708302900,2017.365,2017.37,2016.35,2016.365,189
1708303200,2016.365,2016.825,2016.34,2016.71,255
1708303500,2016.71,2018.205,2016.71,2017.765,292
1708303800,2017.765,2018.495,2017.705,2017.9,395
1708304100,2017.9,2020.435,2017.84,2018.875,492
1708304400,2018.875,2019.35,2016.495,2017.46,1478
1708304700,2017.46,2019.675,2017.46,2019.515,1198
1708305000,2019.515,2020.505,2019.205,2020.105,800
1708305300,2020.105,2020.88,2019.39,2019.39,840
1708305600,2019.39,2019.47,2018.365,2018.94,658
1708305900,2018.94,2018.94,2017.775,2017.93,608
1708306200,2017.93,2019.01,2017.595,2018.41,650
1708306500,2018.41,2018.64,2017.27,2017.27,387
1708306800,2017.27,2018.24,2016.96,2018.03,548
1708307100,2018.03,2019.505,2017.825,2019.415,605
1708307400,2019.415,2020.22,2019.375,2019.85,387
1708307700,2019.85,2020.09,2019.35,2019.875,209
1708308000,2019.875,2020.29,2018.845,2018.85,410
1708308300,2018.85,2019.27,2018.62,2019.175,488
1708308600,2019.175,2020.53,2019.175,2020.355,278
1708308900,2020.355,2020.805,2019.815,2019.96,212
1708309200,2019.96,2020.25,2019.665,2020.23,199
1708309500,2020.23,2020.665,2020.09,2020.355,192
1708309800,2020.355,2020.56,2019.905,2020.435,284
1708310100,2020.435,2022.655,2020.42,2021.77,412
1708310400,2021.77,2022.125,2021.655,2022.05,249
1708310700,2022.05,2022.05,2021.505,2021.715,312
1708311000,2021.715,2022.66,2021.695,2022.655,379
1708311300,2022.655,2022.925,2022.295,2022.365,475
1708311600,2022.365,2022.48,2021.935,2022.455,279
1708311900,2022.455,2022.455,2021.845,2021.845,221
1708312200,2021.845,2022.335,2021.735,2022.275,161
1708312500,2022.275,2022.275,2021.735,2021.88,175
1708312800,2021.88,2021.96,2021.32,2021.62,268
1708313100,2021.62,2022.06,2021.555,2021.725,204
1708313400,2021.725,2021.76,2020.89,2021.075,253
1708313700,2021.075,2021.595,2021.035,2021.595,99
1708314000,2021.595,2021.61,2020.895,2020.9,121
1708314300,2020.9,2020.91,2020.125,2020.71,339
1708314600,2020.71,2020.715,2020.08,2020.08,204
1708314900,2020.08,2020.235,2019.365,2019.98,163
1708315200,2019.98,2020.01,2019.305,2019.305,151
1708315500,2019.305,2019.745,2019.305,2019.745,181
1708315800,2019.745,2019.785,2019.415,2019.44,192
1708316100,2019.44,2019.96,2019.395,2019.69,110
1708316400,2019.69,2019.69,2018.375,2018.77,224
1708316700,2018.77,2018.825,2018.45,2018.65,126
1708317000,2018.65,2019.045,2018.495,2018.955,119
1708317300,2018.955,2019.07,2018.47,2018.68,166
1708317600,2018.68,2018.945,2018.465,2018.945,137
1708317900,2018.945,2019.075,2018.51,2018.67,79
1708318200,2018.67,2018.8,2018.345,2018.645,86
1708318500,2018.645,2019.265,2018.61,2019.13,192
1708318800,2019.13,2019.24,2018.745,2019.005,226
1708319100,2019.005,2019.005,2018.61,2018.865,148
1708319400,2018.865,2019.095,2018.74,2018.92,154
1708319700,2018.92,2019.53,2018.715,2019.53,147
1708320000,2019.53,2020.95,2019.44,2020.88,372
1708320300,2020.88,2020.98,2020.005,2020.05,243
1708320600,2020.05,2020.4,2019.805,2020.185,252
1708320900,2020.185,2020.64,2019.73,2020.595,297
1708321200,2020.595,2020.86,2020.21,2020.715,421
1708321500,2020.715,2021.53,2020.705,2021.2,361
1708321800,2021.2,2021.54,2021.11,2021.44,331
1708322100,2021.44,2021.445,2020.79,2020.83,247
1708322400,2020.83,2021.07,2020.525,2021.055,248
1708322700,2021.055,2021.07,2020.695,2021.03,149
1708323000,2021.03,2021.65,2020.975,2021.41,426
1708323300,2021.41,2021.82,2021.34,2021.35,242
1708323600,2021.35,2021.65,2021.11,2021.38,319
1708323900,2021.38,2021.79,2021.275,2021.7,160
1708324200,2021.7,2021.885,2021.42,2021.705,148
1708324500,2021.705,2021.97,2021.65,2021.845,172
1708324800,2021.845,2022.68,2021.82,2022.68,187
1708325100,2022.68,2022.68,2021.69,2021.85,216
1708325400,2021.85,2022.02,2021.4,2021.91,186
1708325700,2021.91,2021.925,2021.37,2021.54,239
1708326000,2021.54,2021.825,2021.23,2021.31,192
1708326300,2021.31,2022.18,2021.265,2022.07,257
1708326600,2022.07,2022.19,2021.75,2022.13,255
1708326900,2022.13,2022.86,2022.095,2022.56,247
1708327200,2022.56,2023.07,2022.28,2022.38,340
1708327500,2022.38,2022.39,2021.72,2021.815,269
1708327800,2021.815,2021.905,2021.025,2021.09,291
1708328100,2021.09,2021.09,2019.755,2019.97,478
1708328400,2019.97,2021.12,2019.96,2020.875,308
1708328700,2020.875,2020.96,2020.215,2020.23,160
1708329000,2020.23,2020.725,2020.07,2020.27,419
1708329300,2020.27,2021.205,2020.17,2021.005,327
1708329600,2021.005,2021.27,2020.275,2020.515,405
1708329900,2020.515,2020.75,2020.32,2020.525,383
1708330200,2020.525,2020.805,2020.21,2020.435,345
1708330500,2020.435,2021.25,2019.915,2021.25,538
1708330800,2021.25,2021.31,2020.29,2020.735,395
1708331100,2020.735,2021.03,2020.21,2020.21,302
1708331400,2020.21,2020.785,2019.955,2020.23,462
1708331700,2020.23,2020.42,2019.92,2020.22,449
1708332000,2020.22,2020.53,2019.83,2020.165,367
1708332300,2020.165,2020.175,2019.065,2019.32,429
1708332600,2019.32,2019.485,2019.15,2019.465,215
1708332900,2019.465,2020.475,2019.315,2020.215,586
1708333200,2020.215,2020.43,2019.625,2020.36,576
1708333500,2020.36,2020.36,2019.845,2019.99,366
1708333800,2019.99,2020.575,2019.86,2020.47,420
1708334100,2020.47,2020.78,2020.26,2020.505,283
1708334400,2020.505,2020.515,2020.045,2020.17,275
1708334700,2020.17,2020.24,2019.49,2019.645,246
1708335000,2019.645,2019.77,2019.34,2019.715,417
1708335300,2019.715,2020.31,2019.395,2020.015,240
1708335600,2020.015,2020.355,2019.91,2020.205,234
1708335900,2020.205,2020.24,2020.02,2020.175,292
1708336200,2020.175,2020.475,2019.85,2019.955,232
1708336500,2019.955,2020.305,2019.685,2020.18,324
1708336800,2020.18,2020.285,2019.585,2019.75,270
1708337100,2019.75,2019.95,2019.425,2019.66,241
1708337400,2019.66,2020.14,2019.6,2019.84,204
1708337700,2019.84,2020.125,2019.535,2020.11,147
1708338000,2020.11,2020.165,2019.88,2020.01,238
1708338300,2020.01,2020.075,2019.845,2020.055,60
1708338600,2020.055,2020.64,2019.535,2019.835,227
1708338900,2019.835,2019.835,2018.69,2018.69,144
1708339200,2018.69,2018.91,2018.25,2018.79,202
1708339500,2018.79,2018.885,2018.335,2018.745,175
1708339800,2018.745,2018.92,2018.545,2018.915,241
1708340100,2018.915,2019.21,2018.795,2018.99,290
1708340400,2018.99,2019.21,2018.79,2018.96,364
1708340700,2018.96,2019.185,2018.63,2018.765,248
1708341000,2018.765,2018.86,2018.385,2018.57,206
1708341300,2018.57,2019.255,2018.57,2018.83,257
1708341600,2018.83,2019.105,2018.78,2019.105,224
1708341900,2019.105,2019.635,2019.05,2019.47,214
1708342200,2019.47,2019.63,2019.305,2019.55,222
1708342500,2019.55,2019.635,2018.37,2018.38,387
1708342800,2018.38,2019.08,2018.325,2019.02,483
1708343100,2019.02,2019.2,2018.485,2018.62,353
1708343400,2018.62,2019.005,2018.425,2018.735,349
1708343700,2018.735,2018.78,2018.445,2018.455,245
1708344000,2018.455,2018.81,2018.04,2018.545,382
1708344300,2018.545,2019.17,2018.515,2019.1,312
1708344600,2019.1,2019.12,2018.63,2018.855,328
1708344900,2018.855,2018.94,2018.56,2018.745,266
1708345200,2018.745,2019.02,2018.695,2018.865,226
1708345500,2018.865,2018.915,2018.31,2018.485,253
1708345800,2018.485,2018.525,2017.575,2018.115,430
1708346100,2018.115,2018.57,2017.675,2017.82,489
1708346400,2017.82,2017.99,2017.055,2017.15,251
1708346700,2017.15,2017.155,2016.195,2016.29,281
1708347000,2016.29,2016.46,2016.02,2016.35,196
1708347300,2016.35,2017.09,2016.35,2016.83,375
1708347600,2016.83,2018.25,2016.81,2017.96,780
1708347900,2017.96,2018.845,2017.63,2018.715,349
1708348200,2018.715,2019.23,2018.665,2019.125,425
1708348500,2019.125,2019.34,2017.77,2017.895,449
1708348800,2017.895,2018.49,2017.505,2017.92,498
1708349100,2017.92,2018.36,2017.69,2018.24,350
1708349400,2018.24,2018.27,2017.01,2017.905,624
1708349700,2017.905,2018.34,2017.58,2018.14,303
1708350000,2018.14,2018.345,2017.18,2017.65,308
1708350300,2017.65,2017.845,2016.75,2016.815,358
1708350600,2016.815,2017.13,2016.555,2016.99,366
1708350900,2016.99,2017.205,2016.78,2016.9,170
1708351200,2016.9,2017.2,2016.5,2016.565,484
1708351500,2016.565,2017.155,2016.11,2017.155,517
1708351800,2017.155,2017.17,2016.565,2017.075,302
1708352100,2017.075,2017.13,2016.71,2016.95,297
1708352400,2016.95,2017.505,2016.705,2017.375,370
1708352700,2017.375,2017.485,2016.69,2016.885,341
1708353000,2016.885,2017,2016.455,2016.51,361
1708353300,2016.51,2016.925,2016.265,2016.91,335
1708353600,2016.91,2016.985,2016.52,2016.95,347
1708353900,2016.95,2016.955,2015.98,2016.17,328
1708354200,2016.17,2017.425,2016.15,2017.425,184
1708354500,2017.425,2017.725,2017.1,2017.315,344
1708354800,2017.315,2017.61,2016.84,2017.18,377
1708355100,2017.18,2017.32,2016.62,2016.985,232
1708355400,2016.985,2017.03,2016.325,2016.495,197
1708355700,2016.495,2017,2016.255,2016.7,164
1708356000,2016.7,2017.465,2016.7,2016.925,360
1708356300,2016.925,2017.015,2016.3,2016.57,299
1708356600,2016.57,2016.93,2016.38,2016.765,225
1708356900,2016.765,2016.855,2016.32,2016.495,327
1708357200,2016.495,2016.725,2015.845,2016,282
1708357500,2016,2016.14,2015.535,2015.66,285
1708357800,2015.66,2015.885,2015.34,2015.57,231
1708358100,2015.57,2015.67,2014.8,2014.95,273
1708358400,2014.95,2014.96,2013.31,2013.895,451
1708358700,2013.895,2014.575,2013.57,2014.235,390
1708359000,2014.235,2014.87,2014.055,2014.82,421
1708359300,2014.82,2015.18,2014.755,2015.135,419
1708359600,2015.135,2015.56,2015,2015.55,176
1708359900,2015.55,2016.19,2015.445,2015.96,82
1708360200,2015.96,2016.24,2015.91,2016.13,63
1708360500,2016.13,2016.13,2015.685,2015.93,56
1708360800,2015.93,2016.5,2015.92,2016.47,52
1708361100,2016.47,2016.67,2016.25,2016.36,68
1708361400,2016.36,2016.48,2015.99,2016.22,70
1708361700,2016.22,2016.31,2016.03,2016.29,124
1708362000,2016.29,2016.685,2016.175,2016.64,88
1708362300,2016.64,2016.705,2016.32,2016.35,44
1708362600,2016.35,2016.5,2016.07,2016.16,26
1708362900,2016.16,2016.43,2016.16,2016.35,13
1708363200,2016.35,2016.87,2016.35,2016.82,20
1708363500,2016.82,2017.205,2016.81,2017.1,40
1708363800,2017.1,2018.58,2017.03,2017.83,253
1708364100,2017.83,2017.83,2017.265,2017.325,153
1708364400,2017.325,2017.435,2016.895,2017.15,121
1708364700,2017.15,2017.33,2016.875,2017.09,123
1708365000,2017.09,2017.495,2017.05,2017.4,44
1708365300,2017.4,2017.835,2017.245,2017.355,141
1708365600,2017.355,2017.76,2017.265,2017.605,66
1708365900,2017.605,2018.175,2017.605,2017.95,52
1708366200,2017.95,2018.285,2017.945,2018.19,56
1708366500,2018.19,2018.5,2018.19,2018.395,86
1708366800,2018.395,2018.465,2018.075,2018.075,61
1708367100,2018.075,2018.155,2017.635,2017.645,67
1708367400,2017.645,2017.645,2016.915,2017.475,102
1708367700,2017.475,2017.645,2017.21,2017.315,118
1708368000,2017.315,2017.89,2017.31,2017.82,86
1708368300,2017.82,2017.87,2017.76,2017.76,38
1708368600,2017.76,2018.025,2017.745,2018.015,18
1708368900,2018.015,2018.13,2017.7,2017.7,61
1708369200,2017.7,2018.04,2017.7,2017.895,40
1708369500,2017.895,2017.965,2017.775,2017.92,21
1708369800,2017.92,2018.14,2017.92,2018.075,32
1708370100,2018.075,2018.2,2017.92,2017.97,26
1708370400,2017.97,2018.44,2017.97,2018.4,67
1708370700,2018.4,2018.415,2017.895,2017.945,70
1708383600,2017.945,2017.945,2016.875,2016.94,4
1708383900,2016.94,2017.265,2016.86,2017.03,328
1708384200,2017.03,2017.085,2016.685,2016.685,213
1708384500,2016.685,2017.105,2016.44,2016.6,208
1708384800,2016.6,2017.27,2016.545,2017.175,198
1708385100,2017.175,2017.2,2016.895,2016.945,123
1708385400,2016.945,2016.975,2016.76,2016.78,105
1708385700,2016.78,2016.78,2016.22,2016.225,106
1708386000,2016.225,2016.4,2016.095,2016.4,140
1708386300,2016.4,2016.415,2015.905,2016.175,142
1708386600,2016.175,2016.23,2016.12,2016.12,83
1708386900,2016.12,2016.42,2016.025,2016.26,131
1708387200,2016.26,2016.485,2016.02,2016.035,165
1708387500,2016.035,2016.37,2015.865,2015.865,145
1708387800,2015.865,2015.865,2015.355,2015.41,138
1708388100,2015.41,2015.965,2015.375,2015.58,148
1708388400,2015.58,2015.68,2015.12,2015.2,203
1708388700,2015.2,2016.03,2015.12,2015.83,284
1708389000,2015.83,2016.485,2015.83,2016.475,235
1708389300,2016.475,2016.825,2016.26,2016.555,188
1708389600,2016.555,2016.555,2015.83,2015.83,141
1708389900,2015.83,2016.01,2015.145,2015.255,179
1708390200,2015.255,2015.565,2015.175,2015.475,281
1708390500,2015.475,2016.355,2015.455,2016.285,352
1708390800,2016.285,2016.51,2015.285,2015.525,246
1708391100,2015.525,2015.79,2015.375,2015.545,195
1708391400,2015.545,2015.755,2015.5,2015.605,151
1708391700,2015.605,2016.67,2015.585,2016.585,571
1708392000,2016.585,2017.35,2016.495,2017.015,348
1708392300,2017.015,2018.56,2017.015,2018.545,361
1708392600,2018.545,2018.965,2018.05,2018.85,300
1708392900,2018.85,2019.305,2018.045,2018.055,372
1708393200,2018.055,2018.165,2017.075,2017.41,396
1708393500,2017.41,2018.73,2017.28,2018.205,482
1708393800,2018.205,2018.205,2017.32,2017.355,298
1708394100,2017.355,2017.355,2016.76,2017.09,301
1708394400,2017.09,2017.42,2016.905,2017.365,449
1708394700,2017.365,2017.595,2017.115,2017.26,257
1708395000,2017.26,2018.13,2017.225,2018.06,177
1708395300,2018.06,2018.065,2017.45,2017.86,248
1708395600,2017.86,2018.06,2017.575,2017.8,140
1708395900,2017.8,2018.325,2017.76,2018.31,268
1708396200,2018.31,2018.35,2017.62,2017.8,250
1708396500,2017.8,2018.38,2017.765,2018.19,169
1708396800,2018.19,2018.265,2017.96,2018.17,110
1708397100,2018.17,2018.175,2017.58,2017.775,178
1708397400,2017.775,2017.98,2017.575,2017.63,221
1708397700,2017.63,2017.765,2017.31,2017.68,247
1708398000,2017.68,2017.82,2017.43,2017.775,222
1708398300,2017.775,2018.01,2017.495,2017.595,279
1708398600,2017.595,2017.71,2017.1,2017.57,206
1708398900,2017.57,2017.705,2017.195,2017.6,262
1708399200,2017.6,2018.255,2017.49,2017.89,125
1708399500,2017.89,2018.755,2017.8,2018.585,150
1708399800,2018.585,2018.61,2018.055,2018.215,373
1708400100,2018.215,2018.41,2018.14,2018.31,86
1708400400,2018.31,2018.37,2018.13,2018.35,65
1708400700,2018.35,2018.555,2018.17,2018.17,68
1708401000,2018.17,2018.81,2018.085,2018.715,99
1708401300,2018.715,2018.72,2018.35,2018.35,94
1708401600,2018.35,2018.605,2018.245,2018.605,102
1708401900,2018.605,2018.895,2018.605,2018.72,159
1708402200,2018.72,2018.825,2018.395,2018.465,150
1708402500,2018.465,2018.715,2018.42,2018.635,103
1708402800,2018.635,2018.68,2018.38,2018.55,79
1708403100,2018.55,2019.435,2018.55,2019.35,163
1708403400,2019.35,2019.635,2018.985,2018.985,115
1708403700,2018.985,2019.305,2018.665,2019.085,101
1708404000,2019.085,2019.16,2018.97,2018.975,75
1708404300,2018.975,2019.47,2018.975,2019.455,94
1708404600,2019.455,2019.73,2019.395,2019.725,35
1708404900,2019.725,2019.805,2019.455,2019.57,57
1708405200,2019.57,2019.645,2018.965,2018.965,125
1708405500,2018.965,2019.235,2018.665,2019.225,117
1708405800,2019.225,2019.505,2019.105,2019.44,171
1708406100,2019.44,2019.54,2019.38,2019.495,159
1708406400,2019.495,2019.575,2019.425,2019.46,119
1708406700,2019.46,2019.53,2019.015,2019.18,151
1708407000,2019.18,2019.28,2018.06,2018.125,234
1708407300,2018.125,2018.265,2017.79,2018.07,186
1708407600,2018.07,2018.78,2018.025,2018.78,252
1708407900,2018.78,2018.93,2018.65,2018.66,80
1708408200,2018.66,2018.905,2018.48,2018.665,130
1708408500,2018.665,2019.33,2018.465,2018.555,289
1708408800,2018.555,2018.63,2017.885,2018.1,173
1708409100,2018.1,2018.195,2017.845,2018.115,258
1708409400,2018.115,2018.975,2018.06,2018.73,184
1708409700,2018.73,2019.565,2018.72,2019.515,347
1708410000,2019.515,2019.58,2019.21,2019.48,334
1708410300,2019.48,2019.595,2019.375,2019.555,322
1708410600,2019.555,2020.05,2019.395,2019.75,144
1708410900,2019.75,2020.08,2019.49,2019.97,187
1708411200,2019.97,2020.355,2019.845,2020.28,253
1708411500,2020.28,2020.52,2019.94,2020.36,206
1708411800,2020.36,2020.98,2019.97,2020.64,247
1708412100,2020.64,2020.69,2019.535,2019.535,99
1708412400,2019.535,2020.035,2019.32,2019.335,335
1708412700,2019.335,2019.615,2018.99,2018.99,252
1708413000,2018.99,2020.465,2018.98,2020.385,395
1708413300,2020.385,2021.105,2020.285,2021.075,433
1708413600,2021.075,2022.78,2021.035,2022.54,594
1708413900,2022.54,2022.93,2022.24,2022.44,385
1708414200,2022.44,2022.53,2021.9,2022.38,385
1708414500,2022.38,2022.565,2021.5,2021.695,299
1708414800,2021.695,2021.975,2021.475,2021.97,329
1708415100,2021.97,2021.975,2021.1,2021.145,236
1708415400,2021.145,2021.895,2021.145,2021.195,374
1708415700,2021.195,2021.535,2020.94,2021.5,472
1708416000,2021.5,2021.61,2021.1,2021.475,426
1708416300,2021.475,2021.645,2020.82,2021.06,429
1708416600,2021.06,2021.35,2020.8,2021.305,410
1708416900,2021.305,2022.495,2021.305,2022.325,458
1708417200,2022.325,2022.325,2020.93,2021.765,686
1708417500,2021.765,2022.37,2021.475,2022.315,473
1708417800,2022.315,2022.73,2021.545,2021.6,420
1708418100,2021.6,2021.65,2020.955,2021.275,591
1708418400,2021.275,2021.885,2021.1,2021.87,406
1708418700,2021.87,2022.295,2021.655,2022.22,457
1708419000,2022.22,2022.875,2021.97,2022.655,665
1708419300,2022.655,2023.035,2022.37,2022.885,465
1708419600,2022.885,2023.16,2022.62,2022.92,440
1708419900,2022.92,2024.155,2022.84,2023.43,453
1708420200,2023.43,2023.63,2023.165,2023.165,358
1708420500,2023.165,2023.73,2022.94,2023.35,373
1708420800,2023.35,2023.73,2023.15,2023.56,387
1708421100,2023.56,2023.915,2023.43,2023.775,380
1708421400,2023.775,2023.835,2023.15,2023.435,563
1708421700,2023.435,2024.35,2023.425,2024.35,526
1708422000,2024.35,2025.25,2024.05,2024.65,545
1708422300,2024.65,2025.155,2023.87,2023.87,582
1708422600,2023.87,2023.875,2023.175,2023.455,272
1708422900,2023.455,2024.195,2023.36,2024.11,388
1708423200,2024.11,2024.465,2023.515,2023.83,388
1708423500,2023.83,2024.69,2023.765,2024.225,373
1708423800,2024.225,2024.615,2023.975,2024.425,368
1708424100,2024.425,2024.925,2024.37,2024.88,402
1708424400,2024.88,2025.805,2024.835,2025.74,205
1708424700,2025.74,2026.755,2025.63,2026.51,538
1708425000,2026.51,2026.96,2026.41,2026.485,396
1708425300,2026.485,2027.15,2025.965,2026.955,719
1708425600,2026.955,2027.085,2026.4,2027.04,435
1708425900,2027.04,2027.67,2026.67,2027.445,362
1708426200,2027.445,2027.445,2026.42,2026.42,213
1708426500,2026.42,2026.915,2025.9,2026.14,498
1708426800,2026.14,2026.68,2025.98,2026.375,445
1708427100,2026.375,2026.725,2025.575,2026.725,1025
1708427400,2026.725,2027.4,2026.355,2026.36,904
1708427700,2026.36,2026.36,2025.45,2025.625,513
1708428000,2025.625,2026.175,2025.335,2025.89,622
1708428300,2025.89,2026.205,2025.72,2025.965,463
1708428600,2025.965,2026.45,2025.745,2025.91,369
1708428900,2025.91,2027.24,2025.91,2026.35,487
1708429200,2026.35,2026.385,2025.54,2025.54,386
1708429500,2025.54,2026.49,2025.54,2026.15,279
1708429800,2026.15,2026.435,2025.67,2026.335,234
1708430100,2026.335,2027.025,2026.1,2026.9,284
1708430400,2026.9,2027.565,2026.9,2027.555,303
1708430700,2027.555,2027.605,2027.145,2027.26,326
1708431000,2027.26,2027.855,2026.7,2027.63,426
1708431300,2027.63,2027.655,2026.865,2026.875,433
1708431600,2026.875,2027.635,2026.86,2027.625,372
1708431900,2027.625,2028.09,2027.135,2027.18,478
1708432200,2027.18,2027.635,2026.865,2027.185,293
1708432500,2027.185,2027.41,2026.32,2026.905,442
1708432800,2026.905,2027.425,2026.795,2026.905,364
1708433100,2026.905,2027.075,2026.3,2026.78,446
1708433400,2026.78,2027.045,2026.36,2026.855,370
1708433700,2026.855,2027.325,2026.5,2026.705,355
1708434000,2026.705,2027.4,2026.18,2027.035,657
1708434300,2027.035,2027.73,2026.995,2027.595,605
1708434600,2027.595,2028.13,2027.44,2027.995,865
1708434900,2027.995,2028.1,2026.945,2027.85,651
1708435200,2027.85,2027.87,2026.775,2027.87,799
1708435500,2027.87,2028.415,2027.7,2028.355,632
1708435800,2028.355,2030.22,2028.23,2030.04,1604
1708436100,2030.04,2030.04,2027.545,2028.82,1316
1708436400,2028.82,2030.025,2028.625,2029.875,859
1708436700,2029.875,2030.895,2029.875,2030.46,707
1708437000,2030.46,2030.795,2029.545,2030.385,806
1708437300,2030.385,2030.52,2029.715,2030.125,890
1708437600,2030.125,2030.16,2028.575,2028.575,1004
1708437900,2028.575,2028.94,2028.045,2028.73,714
1708438200,2028.73,2030.92,2028.625,2030.67,974
1708438500,2030.67,2030.67,2029.395,2029.565,574
1708438800,2029.565,2030.275,2028.49,2029.565,1190
1708439100,2029.565,2030.1,2029.255,2029.555,503
1708439400,2029.555,2029.555,2027.515,2027.995,1466
1708439700,2027.995,2029.205,2027.025,2027.86,1365
1708440000,2027.86,2028.035,2025.92,2026.035,1336
1708440300,2026.035,2027.29,2025.505,2026.94,1221
1708440600,2026.94,2028.04,2026.725,2027.17,1026
1708440900,2027.17,2028.395,2027.095,2028.2,666
1708441200,2028.2,2029.805,2028.15,2028.765,1238
1708441500,2028.765,2028.83,2027.115,2027.885,843
1708441800,2027.885,2028.535,2027.615,2027.81,845
1708442100,2027.81,2028.75,2027.12,2028.645,789
1708442400,2028.645,2029.7,2028.565,2029.33,661
1708442700,2029.33,2029.885,2029.14,2029.2,528
1708443000,2029.2,2030.085,2027.93,2028.095,651
1708443300,2028.095,2028.17,2025.875,2027.66,926
1708443600,2027.66,2027.67,2026.38,2026.86,828
1708443900,2026.86,2027.95,2026.835,2027.715,880
1708444200,2027.715,2027.985,2027.24,2027.5,785
1708444500,2027.5,2027.75,2026.94,2027.535,634
1708444800,2027.535,2027.705,2026.325,2026.69,933
1708445100,2026.69,2027.04,2026.055,2026.56,580
1708445400,2026.56,2026.91,2026.225,2026.615,578
1708445700,2026.615,2026.93,2026.165,2026.55,366
1708446000,2026.55,2027.805,2026.445,2027.515,691
1708446300,2027.515,2028.095,2027.515,2027.785,467
1708446600,2027.785,2028.375,2027.39,2027.98,381
1708446900,2027.98,2028.25,2027.695,2028.05,353
1708447200,2028.05,2028.06,2026.96,2027.07,450
1708447500,2027.07,2027.49,2027.01,2027.255,577
1708447800,2027.255,2027.885,2026.955,2027.045,449
1708448100,2027.045,2027.39,2026.735,2026.965,309
1708448400,2026.965,2027.405,2026.655,2026.795,559
1708448700,2026.795,2027.085,2025.965,2026.61,646
1708449000,2026.61,2026.68,2025.805,2025.88,474
1708449300,2025.88,2026.52,2025.69,2026.415,399
1708449600,2026.415,2026.47,2025.915,2026.31,347
1708449900,2026.31,2026.61,2026.09,2026.535,399
1708450200,2026.535,2027.4,2026.41,2027.37,374
1708450500,2027.37,2027.685,2027.135,2027.385,338
1708450800,2027.385,2027.7,2027.095,2027.675,385
1708451100,2027.675,2028.805,2027.63,2028.455,275
1708451400,2028.455,2028.555,2027.955,2028.25,238
1708451700,2028.25,2028.74,2028.15,2028.735,189
1708452000,2028.735,2028.91,2028.34,2028.62,216
1708452300,2028.62,2028.74,2028.33,2028.39,188
1708452600,2028.39,2028.8,2028.33,2028.435,168
1708452900,2028.435,2028.555,2027.99,2028.325,368
1708453200,2028.325,2028.365,2026.845,2026.93,391
1708453500,2026.93,2028.605,2026.92,2028.51,514
1708453800,2028.51,2028.575,2027.64,2027.725,172
1708454100,2027.725,2028.18,2027,2027.035,429
1708454400,2027.035,2027.26,2026.83,2027.095,352
1708454700,2027.095,2027.53,2027.09,2027.16,206
1708455000,2027.16,2027.51,2027.045,2027.045,246
1708455300,2027.045,2027.235,2026.84,2027.235,207
1708455600,2027.235,2027.32,2026.91,2026.97,195
1708455900,2026.97,2027.04,2026.65,2026.865,193
1708456200,2026.865,2027.3,2026.69,2027.21,189
1708456500,2027.21,2027.62,2026.995,2027.62,218
1708456800,2027.62,2027.71,2027.515,2027.63,104
1708457100,2027.63,2027.63,2027.31,2027.42,131
1708457400,2027.42,2027.57,2027.09,2027.21,221
1708457700,2027.21,2027.21,2026.88,2027.07,265
1708458000,2027.07,2027.07,2026.38,2026.39,162
1708458300,2026.39,2026.48,2025.89,2026.02,244
1708458600,2026.02,2026.21,2025.29,2025.39,337
1708458900,2025.39,2025.6,2024.83,2025.18,472
1708459200,2025.18,2025.25,2023.915,2024.12,529
1708459500,2024.12,2024.43,2023.615,2023.82,261
1708459800,2023.82,2024.44,2023.71,2024.055,333
1708460100,2024.055,2024.515,2023.93,2024.515,283
1708460400,2024.515,2024.545,2023.93,2024.11,223
1708460700,2024.11,2024.81,2024.01,2024.715,210
1708461000,2024.715,2024.825,2024.145,2024.155,360
1708461300,2024.155,2024.24,2023.745,2024.08,365
1708461600,2024.08,2024.135,2023.64,2023.73,420
1708461900,2023.73,2024.47,2023.73,2024.45,316
1708462200,2024.45,2024.66,2024.075,2024.605,505
1708462500,2024.605,2024.76,2024.27,2024.375,419
1708462800,2024.375,2024.86,2024.225,2024.335,176
1708463100,2024.335,2024.425,2024.185,2024.335,112
1708463400,2024.335,2024.585,2024.26,2024.535,103
1708463700,2024.535,2024.57,2024.345,2024.37,91
1708464000,2024.37,2024.68,2024.365,2024.67,86
1708464300,2024.67,2024.67,2024.495,2024.5,52
1708464600,2024.5,2024.5,2024.28,2024.435,45
1708464900,2024.435,2024.435,2024.275,2024.415,47
1708465200,2024.415,2024.415,2023.925,2024.04,88
1708465500,2024.04,2024.225,2023.7,2023.725,201
1708465800,2023.725,2024.09,2023.625,2023.865,218
1708466100,2023.865,2024.45,2023.815,2024.415,117
1708470000,2024.415,2024.415,2024.34,2024.34,1
1708470300,2024.34,2024.51,2023.83,2024.115,167
1708470600,2024.115,2024.395,2024.06,2024.185,100
1708470900,2024.185,2024.39,2024.04,2024.13,133
1708471200,2024.13,2024.31,2024.035,2024.22,165
1708471500,2024.22,2024.295,2023.995,2024.205,134
1708471800,2024.205,2024.31,2024.015,2024.025,65
1708472100,2024.025,2024.435,2023.88,2024.43,83
1708472400,2024.43,2025.035,2024.3,2024.73,111
1708472700,2024.73,2024.88,2024.325,2024.435,104
1708473000,2024.435,2024.53,2024.22,2024.32,111
1708473300,2024.32,2024.405,2024.27,2024.275,49
1708473600,2024.275,2024.34,2023.03,2023.3,270
1708473900,2023.3,2023.86,2023.245,2023.7,190
1708474200,2023.7,2023.7,2023.085,2023.205,111
1708474500,2023.205,2023.24,2023.01,2023.145,71
1708474800,2023.145,2023.555,2023.145,2023.455,55
1708475100,2023.455,2023.85,2023.455,2023.755,152
1708475400,2023.755,2023.845,2023.565,2023.565,147
1708475700,2023.565,2023.855,2023.535,2023.55,87
1708476000,2023.55,2024.005,2023.55,2023.84,82
1708476300,2023.84,2023.95,2023.655,2023.655,58
1708476600,2023.655,2023.925,2023.53,2023.565,82
1708476900,2023.565,2023.815,2023.47,2023.58,83
1708477200,2023.58,2024.03,2023.375,2023.56,333
1708477500,2023.56,2024.08,2023.535,2023.925,252
1708477800,2023.925,2024.585,2023.925,2024.235,245
1708478100,2024.235,2025.66,2024.145,2025.28,497
1708478400,2025.28,2025.405,2024.71,2025.185,312
1708478700,2025.185,2025.46,2024.915,2025.46,172
1708479000,2025.46,2025.565,2025.045,2025.565,414
1708479300,2025.565,2025.735,2025.455,2025.64,341
1708479600,2025.64,2026.04,2025.465,2026.04,210
1708479900,2026.04,2026.18,2025.72,2025.77,312
1708480200,2025.77,2026.05,2025.54,2025.685,208
1708480500,2025.685,2025.745,2025.365,2025.435,220
1708480800,2025.435,2026.655,2025.435,2026.655,170
1708481100,2026.655,2027.305,2026.28,2027.245,328
1708481400,2027.245,2027.26,2026.435,2026.895,199
1708481700,2026.895,2027.38,2026.72,2027.33,256
1708482000,2027.33,2027.86,2027.33,2027.745,318
1708482300,2027.745,2027.875,2027.48,2027.69,137
1708482600,2027.69,2027.875,2027.545,2027.875,436
1708482900,2027.875,2028.19,2027.695,2027.98,167
1708483200,2027.98,2028.68,2027.895,2028.655,292
1708483500,2028.655,2029.105,2028.42,2028.9,449
1708483800,2028.9,2029.26,2027.46,2027.875,406
1708484100,2027.875,2028.075,2027.275,2027.975,273
1708484400,2027.975,2028.45,2027.845,2028.015,276
1708484700,2028.015,2028.36,2028,2028.115,285
1708485000,2028.115,2029.045,2028.04,2029.04,258
1708485300,2029.04,2029.795,2028.935,2029.4,314
1708485600,2029.4,2030.12,2029.4,2030.005,190
1708485900,2030.005,2030.135,2029.875,2029.975,187
1708486200,2029.975,2030.085,2029.495,2029.65,134
1708486500,2029.65,2030.08,2029.525,2030.07,190
1708486800,2030.07,2030.335,2029.935,2030.265,103
1708487100,2030.265,2030.595,2029.975,2030.335,78
1708487400,2030.335,2030.815,2030.33,2030.775,149
1708487700,2030.775,2030.96,2030.495,2030.6,173
1708488000,2030.6,2030.9,2030.385,2030.745,180
1708488300,2030.745,2031.24,2030.745,2031.115,356
1708488600,2031.115,2031.2,2030.675,2030.795,266
1708488900,2030.795,2031.29,2030.795,2031.14,202
1708489200,2031.14,2031.35,2030.935,2030.995,183
1708489500,2030.995,2031.225,2030.9,2031.075,118
1708489800,2031.075,2031.165,2030.72,2030.825,55
1708490100,2030.825,2030.87,2030.505,2030.54,61
1708490400,2030.54,2030.69,2030.165,2030.345,117
1708490700,2030.345,2030.72,2030.23,2030.585,151
1708491000,2030.585,2031.01,2030.585,2030.915,75
1708491300,2030.915,2031.105,2030.85,2030.92,72
1708491600,2030.92,2031.54,2030.82,2031.145,172
1708491900,2031.145,2031.46,2031.145,2031.235,100
1708492200,2031.235,2031.235,2030.235,2030.235,97
1708492500,2030.235,2030.32,2029.88,2030.02,141
1708492800,2030.02,2030.02,2029.655,2029.785,170
1708493100,2029.785,2030.675,2029.495,2030.39,234
1708493400,2030.39,2030.72,2030.31,2030.555,249
1708493700,2030.555,2031.5,2030.555,2031.335,201
1708494000,2031.335,2031.84,2030.925,2031.74,201
1708494300,2031.74,2032.33,2031.715,2031.825,310
1708494600,2031.825,2031.94,2031.425,2031.78,341
1708494900,2031.78,2031.805,2030.965,2031.05,422
1708495200,2031.05,2031.3,2030.605,2030.655,321
1708495500,2030.655,2030.87,2030.5,2030.59,239
1708495800,2030.59,2030.735,2029.545,2029.58,260
1708496100,2029.58,2030.635,2029.555,2030.125,270
1708496400,2030.125,2030.435,2029.755,2029.88,251
1708496700,2029.88,2030.53,2029.77,2030.49,383
1708497000,2030.49,2030.59,2030.07,2030.09,288
1708497300,2030.09,2030.225,2029.78,2029.895,301
1708497600,2029.895,2030.005,2029.74,2029.74,134
1708497900,2029.74,2029.93,2029.315,2029.46,254
1708498200,2029.46,2030.3,2029.255,2030.095,229
1708498500,2030.095,2030.3,2029.795,2030.045,196
1708498800,2030.045,2030.11,2029.66,2029.995,279
1708499100,2029.995,2030.58,2029.995,2030.225,227
1708499400,2030.225,2030.725,2030.16,2030.62,226
1708499700,2030.62,2030.62,2029.87,2030.23,278
1708500000,2030.23,2030.325,2029.905,2030.155,260
1708500300,2030.155,2030.33,2028.71,2028.765,234
1708500600,2028.765,2029.245,2028.445,2028.8,432
1708500900,2028.8,2029.04,2028.475,2029.005,343
1708501200,2029.005,2029.215,2028.79,2028.91,277
1708501500,2028.91,2029.46,2028.77,2029.345,255
1708501800,2029.345,2029.39,2028.945,2029.22,142
1708502100,2029.22,2029.225,2028.795,2028.895,179
1708502400,2028.895,2028.94,2028.06,2028.225,439
1708502700,2028.225,2029.305,2028.205,2029.18,281
1708503000,2029.18,2029.28,2028.61,2028.99,176
1708503300,2028.99,2029.07,2028.18,2028.305,243
1708503600,2028.305,2028.7,2028.11,2028.6,208
1708503900,2028.6,2028.605,2027.685,2027.81,365
1708504200,2027.81,2028.08,2027.635,2027.845,369
1708504500,2027.845,2027.87,2026.775,2026.88,273
1708504800,2026.88,2026.915,2026.29,2026.875,380
1708505100,2026.875,2027.37,2026.29,2027.315,231
1708505400,2027.315,2027.315,2026.68,2026.865,232
1708505700,2026.865,2026.865,2026.28,2026.62,259
1708506000,2026.62,2026.975,2026.25,2026.83,279
1708506300,2026.83,2027.34,2026.64,2026.66,320
1708506600,2026.66,2026.695,2025.985,2026.405,297
1708506900,2026.405,2027.1,2026.045,2027.075,300
1708507200,2027.075,2027.975,2027.075,2027.535,282
1708507500,2027.535,2028.07,2027.495,2027.895,249
1708507800,2027.895,2028,2027.315,2027.505,351
1708508100,2027.505,2027.925,2027.19,2027.835,481
1708508400,2027.835,2028.495,2027.64,2028.32,225
1708508700,2028.32,2028.69,2027.815,2028.355,441
1708509000,2028.355,2028.57,2028.12,2028.235,385
1708509300,2028.235,2028.525,2028.06,2028.12,329
1708509600,2028.12,2028.51,2028.105,2028.15,165
1708509900,2028.15,2028.35,2027.965,2028.07,102
1708510200,2028.07,2028.49,2027.985,2028.49,103
1708510500,2028.49,2028.79,2028.39,2028.525,143
1708510800,2028.525,2028.72,2028.29,2028.405,157
1708511100,2028.405,2028.895,2028.355,2028.57,243
1708511400,2028.57,2028.9,2028.415,2028.745,218
1708511700,2028.745,2029.88,2028.695,2029.57,375
1708512000,2029.57,2029.57,2028.62,2028.98,432
1708512300,2028.98,2029.77,2028.96,2029.77,269
1708512600,2029.77,2030.065,2029.695,2029.94,175
1708512900,2029.94,2030.225,2029.935,2030.03,215
1708513200,2030.03,2030.095,2029.49,2029.6,198
1708513500,2029.6,2029.6,2029.005,2029.015,283
1708513800,2029.015,2029.08,2027.945,2028,294
1708514100,2028,2028.15,2027.43,2027.95,471
1708514400,2027.95,2028.345,2027.7,2028.155,299
1708514700,2028.155,2028.175,2027.65,2027.75,205
1708515000,2027.75,2028.55,2027.475,2028.14,386
1708515300,2028.14,2028.5,2027.925,2027.945,342
1708515600,2027.945,2027.955,2027.47,2027.525,320
1708515900,2027.525,2028.19,2027.5,2027.985,210
1708516200,2027.985,2028.345,2027.93,2028.235,278
1708516500,2028.235,2028.36,2027.96,2028.315,226
1708516800,2028.315,2028.77,2028.19,2028.19,399
1708517100,2028.19,2028.825,2028.045,2028.825,235
1708517400,2028.825,2029.77,2028.775,2029.735,288
1708517700,2029.735,2030.06,2029.5,2029.905,413
1708518000,2029.905,2030.14,2029.02,2029.435,456
1708518300,2029.435,2029.55,2028.545,2029.105,410
1708518600,2029.105,2029.3,2028.81,2028.815,293
1708518900,2028.815,2029.025,2028.315,2028.62,445
1708519200,2028.62,2029.37,2028.325,2029.18,309
1708519500,2029.18,2029.465,2028.865,2029.265,230
1708519800,2029.265,2029.765,2029.265,2029.325,243
1708520100,2029.325,2029.665,2029.1,2029.51,413
1708520400,2029.51,2030.47,2029.165,2030.255,658
1708520700,2030.255,2030.98,2030.255,2030.85,260
1708521000,2030.85,2031.32,2030.46,2031,497
1708521300,2031,2031.6,2030.525,2030.825,868
1708521600,2030.825,2030.825,2028.555,2028.705,1068
1708521900,2028.705,2028.905,2027.705,2028.755,873
1708522200,2028.755,2030.15,2028.645,2029.46,757
1708522500,2029.46,2030.195,2028.855,2029.945,931
1708522800,2029.945,2031.03,2029.365,2030.315,701
1708523100,2030.315,2030.49,2029.555,2029.875,542
1708523400,2029.875,2030.07,2028.03,2028.545,686
1708523700,2028.545,2028.935,2028.22,2028.775,572
1708524000,2028.775,2030.31,2028.68,2030.255,558
1708524300,2030.255,2030.39,2029.36,2029.41,582
1708524600,2029.41,2029.845,2028.945,2029.49,477
1708524900,2029.49,2029.73,2028.985,2029.225,233
1708525200,2029.225,2029.86,2029.205,2029.735,307
1708525500,2029.735,2029.74,2028.5,2028.81,527
1708525800,2028.81,2028.815,2027.095,2027.995,1401
1708526100,2027.995,2029.775,2027.895,2029.345,1260
1708526400,2029.345,2029.645,2027.93,2028.875,911
1708526700,2028.875,2030.07,2028.225,2028.45,945
1708527000,2028.45,2029.285,2027.545,2028.465,729
1708527300,2028.465,2028.575,2027.345,2027.57,592
1708527600,2027.57,2027.715,2026.755,2027.615,920
1708527900,2027.615,2029.065,2027.12,2028.635,922
1708528200,2028.635,2029.655,2027.96,2029.655,896
1708528500,2029.655,2030.26,2029.235,2029.99,682
1708528800,2029.99,2030.33,2028.875,2029.595,859
1708529100,2029.595,2029.615,2028.58,2029.31,738
1708529400,2029.31,2029.325,2028.47,2028.63,498
1708529700,2028.63,2029.025,2027.91,2028.955,918
1708530000,2028.955,2028.955,2027.72,2028.065,696
1708530300,2028.065,2028.16,2027.065,2027.075,535
1708530600,2027.075,2027.62,2025.86,2026.35,1055
1708530900,2026.35,2026.375,2024.125,2024.205,1076
1708531200,2024.205,2025.025,2023.285,2024.045,1177
1708531500,2024.045,2024.5,2023.395,2024.485,754
1708531800,2024.485,2024.91,2023.71,2024.575,751
1708532100,2024.575,2024.665,2023.5,2024.615,681
1708532400,2024.615,2025.89,2024.515,2025.89,683
1708532700,2025.89,2025.895,2024.455,2024.56,471
1708533000,2024.56,2025.105,2024.08,2024.76,439
1708533300,2024.76,2024.915,2024.335,2024.585,252
1708533600,2024.585,2025.2,2024.25,2025.16,508
1708533900,2025.16,2025.91,2024.665,2024.775,526
1708534200,2024.775,2025,2024.54,2024.645,379
1708534500,2024.645,2024.685,2023.7,2024.005,442
1708534800,2024.005,2024.145,2023.375,2023.91,680
1708535100,2023.91,2024.06,2023.36,2023.405,654
1708535400,2023.405,2023.64,2022.415,2022.775,628
1708535700,2022.775,2023.37,2022.625,2023.115,573
1708536000,2023.115,2023.25,2022.26,2022.45,580
1708536300,2022.45,2022.935,2021.565,2022.85,348
1708536600,2022.85,2023.12,2022.24,2022.39,561
1708536900,2022.39,2022.76,2022.065,2022.685,506
1708537200,2022.685,2022.825,2022.165,2022.78,225
1708537500,2022.78,2024.04,2022.72,2024.01,432
1708537800,2024.01,2024.59,2023.785,2024.495,229
1708538100,2024.495,2024.6,2024.175,2024.27,192
1708538400,2024.27,2024.58,2021.63,2023.35,872
1708538700,2023.35,2023.745,2022.865,2022.98,532
1708539000,2022.98,2023.91,2022.545,2023.495,373
1708539300,2023.495,2024.225,2023.1,2023.99,391
1708539600,2023.99,2024.815,2023.99,2024.585,281
1708539900,2024.585,2024.585,2023.13,2023.335,430
1708540200,2023.335,2023.75,2022.77,2023.06,431
1708540500,2023.06,2023.065,2022.445,2022.79,436
1708540800,2022.79,2023.05,2022.42,2023.05,356
1708541100,2023.05,2023.05,2021.935,2022.305,340
1708541400,2022.305,2022.46,2022.05,2022.08,490
1708541700,2022.08,2022.135,2021.52,2022,540
1708542000,2022,2025.77,2020.095,2024.65,1258
1708542300,2024.65,2024.705,2022.86,2023.565,1072
1708542600,2023.565,2026.23,2023.495,2025.245,790
1708542900,2025.245,2025.645,2024.33,2024.355,598
1708543200,2024.355,2024.565,2023.75,2024.505,432
1708543500,2024.505,2025.52,2024.03,2025,537
1708543800,2025,2025.85,2024.72,2025.65,448
1708544100,2025.65,2026.57,2025.225,2025.415,573
1708544400,2025.415,2025.65,2025.12,2025.185,542
1708544700,2025.185,2026.095,2025.185,2025.58,678
1708545000,2025.58,2025.8,2025.33,2025.765,644
1708545300,2025.765,2026.395,2025.625,2026.045,520
1708545600,2026.045,2026.57,2025.83,2026.355,350
1708545900,2026.355,2027.045,2026.305,2026.62,428
1708546200,2026.62,2026.7,2025.58,2025.84,401
1708546500,2025.84,2025.88,2024.535,2024.585,465
1708546800,2024.585,2025.245,2024.17,2025.05,414
1708547100,2025.05,2025.6,2024.84,2025.39,447
1708547400,2025.39,2025.595,2025.21,2025.215,347
1708547700,2025.215,2025.94,2025.21,2025.94,260
1708548000,2025.94,2026.095,2025.68,2025.865,219
1708548300,2025.865,2026.05,2024.89,2024.905,326
1708548600,2024.905,2025.335,2024.72,2025.26,101
1708548900,2025.26,2025.265,2024.315,2024.41,287
1708549200,2024.41,2025.18,2024.41,2024.725,327
1708549500,2024.725,2024.875,2024.305,2024.405,241
1708549800,2024.405,2024.62,2024.295,2024.52,247
1708550100,2024.52,2024.805,2024.03,2024.19,287
1708550400,2024.19,2024.695,2024.03,2024.26,480
1708550700,2024.26,2024.445,2024.02,2024.32,323
1708551000,2024.32,2024.43,2024.06,2024.21,362
1708551300,2024.21,2025.02,2024.2,2024.67,351
1708551600,2024.67,2026.065,2024.605,2025.66,533
1708551900,2025.66,2025.765,2025.11,2025.225,273
1708552200,2025.225,2025.88,2025.035,2025.75,385
1708552500,2025.75,2026.3,2025.74,2026.04,198
1708556400,2026.04,2026.215,2026.04,2026.21,2
1708556700,2026.21,2026.88,2026.115,2026.495,104
1708557000,2026.495,2026.74,2026.17,2026.375,108
1708557300,2026.375,2026.435,2026.26,2026.26,45
1708557600,2026.26,2026.47,2026.11,2026.33,119
1708557900,2026.33,2026.345,2025.85,2026.045,124
1708558200,2026.045,2026.13,2025.405,2025.47,100
1708558500,2025.47,2025.845,2025.28,2025.345,119
1708558800,2025.345,2025.69,2025.175,2025.605,219
1708559100,2025.605,2025.845,2025.575,2025.595,149
1708559400,2025.595,2025.825,2025.475,2025.58,121
1708559700,2025.58,2026.305,2025.58,2025.79,151
1708560000,2025.79,2025.86,2025.185,2025.185,186
1708560300,2025.185,2025.61,2025.13,2025.575,181
1708560600,2025.575,2025.575,2025.25,2025.55,116
1708560900,2025.55,2025.88,2025.3,2025.865,117
1708561200,2025.865,2026.255,2025.775,2025.78,235
1708561500,2025.78,2025.795,2025.535,2025.715,83
1708561800,2025.715,2026.145,2025.715,2026.09,108
1708562100,2026.09,2026.585,2025.945,2026.52,142
1708562400,2026.52,2026.555,2026.35,2026.52,219
1708562700,2026.52,2026.52,2025.815,2025.925,260
1708563000,2025.925,2026.5,2025.925,2026.34,167
1708563300,2026.34,2026.82,2026.135,2026.52,455
1708563600,2026.52,2027.79,2026.52,2026.65,558
1708563900,2026.65,2027.255,2026.265,2027.22,389
1708564200,2027.22,2027.445,2026.595,2026.78,258
1708564500,2026.78,2027.26,2026.7,2027.26,264
1708564800,2027.26,2027.51,2026.905,2027.37,379
1708565100,2027.37,2027.95,2027.045,2027.43,307
1708565400,2027.43,2027.935,2027.395,2027.815,475
1708565700,2027.815,2028.655,2027.46,2028.085,537
1708566000,2028.085,2028.23,2027.27,2027.72,479
1708566300,2027.72,2028.555,2027.615,2028.46,305
1708566600,2028.46,2028.575,2027.215,2027.295,266
1708566900,2027.295,2027.59,2026.825,2027.105,371
1708567200,2027.105,2027.585,2026.585,2027.545,482
1708567500,2027.545,2028.41,2027.53,2028.41,501
1708567800,2028.41,2028.435,2027.32,2027.325,348
1708568100,2027.325,2027.89,2026.63,2027.84,419
1708568400,2027.84,2027.84,2027.275,2027.41,128
1708568700,2027.41,2027.455,2026.965,2027,154
1708569000,2027,2027.24,2026.84,2027.2,170
1708569300,2027.2,2027.2,2026.675,2027.155,97
1708569600,2027.155,2027.3,2026.915,2027.225,112
1708569900,2027.225,2027.965,2027.215,2027.755,369
1708570200,2027.755,2028.285,2027.755,2028.165,151
1708570500,2028.165,2028.38,2027.67,2027.825,150
1708570800,2027.825,2028.345,2027.705,2028.325,203
1708571100,2028.325,2028.355,2027.74,2027.805,117
1708571400,2027.805,2027.85,2027.175,2027.29,137
1708571700,2027.29,2027.34,2026.865,2027.03,157
1708572000,2027.03,2027.32,2026.825,2027.22,199
1708572300,2027.22,2027.23,2026.82,2026.885,119
1708572600,2026.885,2027.075,2026.455,2026.605,65
1708572900,2026.605,2026.77,2026.56,2026.57,37
1708573200,2026.57,2026.825,2026.48,2026.75,96
1708573500,2026.75,2026.755,2026.34,2026.555,90
1708573800,2026.555,2026.77,2026.51,2026.765,53
1708574100,2026.765,2026.86,2026.17,2026.365,221
1708574400,2026.365,2026.41,2026.055,2026.225,231
1708574700,2026.225,2026.245,2025.6,2026.245,184
1708575000,2026.245,2026.76,2026.045,2026.66,218
1708575300,2026.66,2026.88,2026.615,2026.865,180
1708575600,2026.865,2026.9,2026.4,2026.75,72
1708575900,2026.75,2027.545,2026.735,2027.41,152
1708576200,2027.41,2028.14,2027.41,2027.75,224
1708576500,2027.75,2028.025,2027.67,2028.025,137
1708576800,2028.025,2028.72,2027.94,2028.655,216
1708577100,2028.655,2028.92,2028.45,2028.495,149
1708577400,2028.495,2028.795,2028.425,2028.795,72
1708577700,2028.795,2029.005,2028.525,2028.91,152
1708578000,2028.91,2029.385,2028.68,2029.385,208
1708578300,2029.385,2029.66,2029.21,2029.46,99
1708578600,2029.46,2030.075,2029.46,2029.84,173
1708578900,2029.84,2030.06,2029.53,2029.59,224
1708579200,2029.59,2029.605,2028.78,2029.24,225
1708579500,2029.24,2029.37,2028.67,2029.175,197
1708579800,2029.175,2029.19,2028.525,2028.615,240
1708580100,2028.615,2029.13,2028.61,2028.78,196
1708580400,2028.78,2029.07,2028.685,2028.97,174
1708580700,2028.97,2029.475,2028.775,2029.29,330
1708581000,2029.29,2029.295,2028.78,2028.78,151
1708581300,2028.78,2028.78,2028.285,2028.47,95
1708581600,2028.47,2029.015,2028.42,2028.965,167
1708581900,2028.965,2030.12,2028.88,2029.8,280
1708582200,2029.8,2030.205,2029.625,2030.085,232
1708582500,2030.085,2030.195,2029.805,2029.81,276
1708582800,2029.81,2030.09,2029.71,2030.025,221
1708583100,2030.025,2030.21,2029.82,2029.965,158
1708583400,2029.965,2030.37,2029.845,2030.255,166
1708583700,2030.255,2030.65,2029.46,2029.46,295
1708584000,2029.46,2029.46,2028.73,2028.815,295
1708584300,2028.815,2029.365,2028.545,2029.35,328
1708584600,2029.35,2029.46,2028.94,2029,151
1708584900,2029,2029.44,2028.785,2029.315,234
1708585200,2029.315,2029.74,2028.925,2029.605,193
1708585500,2029.605,2030.655,2029.55,2030.33,405
1708585800,2030.33,2030.33,2029.385,2030.005,380
1708586100,2030.005,2030.435,2029.745,2030.265,320
1708586400,2030.265,2030.57,2030.15,2030.15,283
1708586700,2030.15,2030.635,2029.83,2030.63,305
1708587000,2030.63,2030.945,2030.355,2030.945,258
1708587300,2030.945,2031.095,2030.64,2030.76,207
1708587600,2030.76,2031.165,2030.675,2030.8,260
1708587900,2030.8,2031.2,2030.72,2030.77,418
1708588200,2030.77,2032.11,2030.77,2031.69,544
1708588500,2031.69,2031.785,2031.065,2031.525,435
1708588800,2031.525,2032.17,2031.505,2032.03,589
1708589100,2032.03,2034.945,2031.95,2033.835,865
1708589400,2033.835,2034.51,2033.46,2034.115,489
1708589700,2034.115,2034.77,2032.915,2032.935,1247
1708590000,2032.935,2033.465,2032.67,2033.29,670
1708590300,2033.29,2033.915,2033.095,2033.805,398
1708590600,2033.805,2034.47,2031.83,2032.065,1197
1708590900,2032.065,2032.73,2031.835,2032.1,688
1708591200,2032.1,2032.21,2031.36,2031.575,453
1708591500,2031.575,2032.355,2031.44,2031.795,278
1708591800,2031.795,2033.115,2031.485,2032.82,398
1708592100,2032.82,2033.335,2032.41,2033.305,413
1708592400,2033.305,2033.31,2031.69,2032.23,490
1708592700,2032.23,2032.68,2031.69,2031.95,353
1708593000,2031.95,2032.46,2031.73,2031.965,406
1708593300,2031.965,2032.165,2031.745,2031.76,529
1708593600,2031.76,2031.9,2030.2,2030.565,584
1708593900,2030.565,2030.87,2029.43,2029.805,624
1708594200,2029.805,2030.03,2028.575,2028.905,555
1708594500,2028.905,2030.085,2028.78,2029.855,363
1708594800,2029.855,2030.695,2029.685,2030.09,355
1708595100,2030.09,2030.595,2029.975,2030.495,331
1708595400,2030.495,2030.965,2030.455,2030.935,219
1708595700,2030.935,2030.945,2030.06,2030.33,271
1708596000,2030.33,2030.7,2029.965,2029.965,155
1708596300,2029.965,2030.21,2029.695,2030.16,110
1708596600,2030.16,2030.24,2029.575,2029.94,149
1708596900,2029.94,2029.95,2029.27,2029.73,103
1708597200,2029.73,2030.04,2029.48,2029.85,132
1708597500,2029.85,2031.28,2029.835,2031.2,283
1708597800,2031.2,2031.22,2030.165,2030.57,469
1708598100,2030.57,2030.65,2030.17,2030.35,220
1708598400,2030.35,2030.46,2029.955,2030.06,186
1708598700,2030.06,2030.155,2029.55,2030.02,331
1708599000,2030.02,2030.02,2029.275,2029.485,274
1708599300,2029.485,2029.74,2029.225,2029.495,316
1708599600,2029.495,2029.86,2028.505,2028.56,182
1708599900,2028.56,2028.67,2028.135,2028.445,310
1708600200,2028.445,2028.645,2027.34,2027.76,375
1708600500,2027.76,2028.445,2027.445,2028.405,411
1708600800,2028.405,2028.91,2028.345,2028.42,340
1708601100,2028.42,2028.565,2027.91,2028.16,265
1708601400,2028.16,2028.4,2027.83,2028.07,276
1708601700,2028.07,2028.53,2027.92,2028.145,219
1708602000,2028.145,2028.75,2028.05,2028.625,361
1708602300,2028.625,2029.265,2028.475,2029.195,277
1708602600,2029.195,2029.67,2029.095,2029.465,209
1708602900,2029.465,2029.465,2028.755,2029.08,138
1708603200,2029.08,2029.435,2028.76,2029.345,189
1708603500,2029.345,2029.345,2028.96,2029.18,155
1708603800,2029.18,2029.45,2028.94,2029.26,135
1708604100,2029.26,2029.26,2028.945,2029.075,179
1708604400,2029.075,2029.965,2028.35,2029.32,342
1708604700,2029.32,2029.6,2028.25,2029.315,345
1708605000,2029.315,2029.975,2028.88,2028.96,515
1708605300,2028.96,2029.065,2028.305,2028.74,391
1708605600,2028.74,2029.06,2028.14,2028.44,214
1708605900,2028.44,2028.44,2027.72,2028.28,364
1708606200,2028.28,2028.645,2028.205,2028.28,174
1708606500,2028.28,2028.63,2027.855,2028.335,366
1708606800,2028.335,2028.645,2027.59,2028.12,624
1708607100,2028.12,2028.61,2027.38,2027.62,695
1708607400,2027.62,2028.525,2027.445,2028.44,743
1708607700,2028.44,2028.625,2026.875,2027.28,625
1708608000,2027.28,2027.28,2025.015,2025.465,1118
1708608300,2025.465,2027.07,2025.195,2026.795,844
1708608600,2026.795,2026.795,2023.09,2025.58,1521
1708608900,2025.58,2027.92,2025.58,2026.28,1255
1708609200,2026.28,2027.92,2026.28,2027.495,950
1708609500,2027.495,2028.045,2025.8,2025.87,1139
1708609800,2025.87,2026.595,2024.79,2024.965,1164
1708610100,2024.965,2026.05,2024.135,2025.735,1122
1708610400,2025.735,2026.795,2025.2,2025.53,890
1708610700,2025.53,2025.53,2024.595,2024.78,548
1708611000,2024.78,2026.025,2024.47,2025.93,527
1708611300,2025.93,2026.525,2024.61,2025.54,868
1708611600,2025.54,2026.03,2024.47,2025.825,679
1708611900,2025.825,2025.95,2025.12,2025.37,828
1708612200,2025.37,2025.37,2023,2023.71,1664
1708612500,2023.71,2024.235,2022.66,2024.045,1165
1708612800,2024.045,2024.045,2021.955,2022.64,1094
1708613100,2022.64,2026.175,2022.63,2025.385,2007
1708613400,2025.385,2025.795,2023.08,2024.83,1620
1708613700,2024.83,2025.92,2024.5,2024.985,1391
1708614000,2024.985,2025.42,2022.03,2023.16,1797
1708614300,2023.16,2023.995,2021.955,2022.395,1385
1708614600,2022.395,2023.115,2020.215,2022.965,1517
1708614900,2022.965,2022.995,2020.785,2021.065,1223
1708615200,2021.065,2022.52,2020.51,2021.79,1146
1708615500,2021.79,2021.985,2020.6,2020.98,984
1708615800,2020.98,2022.915,2020.75,2022.785,1113
1708616100,2022.785,2023.145,2021.84,2023.13,854
1708616400,2023.13,2024.315,2023.13,2023.605,1034
1708616700,2023.605,2023.95,2023.325,2023.65,809
1708617000,2023.65,2024.015,2023.3,2023.79,769
1708617300,2023.79,2024.5,2023.385,2023.385,882
1708617600,2023.385,2024.325,2022.83,2023.36,799
1708617900,2023.36,2023.79,2022.485,2022.925,446
1708618200,2022.925,2023.485,2022.695,2022.955,668
1708618500,2022.955,2023.135,2022.375,2022.83,283
1708618800,2022.83,2023.45,2022.515,2023,392
1708619100,2023,2023.15,2022.15,2022.485,554
1708619400,2022.485,2022.575,2021.58,2021.735,751
1708619700,2021.735,2021.805,2020.73,2020.85,471
1708620000,2020.85,2021.65,2020.76,2021.365,610
1708620300,2021.365,2021.49,2019.87,2020.595,713
1708620600,2020.595,2021.47,2020.395,2020.98,458
1708620900,2020.98,2021.22,2020.315,2021.02,522
1708621200,2021.02,2021.87,2020.995,2021.495,381
1708621500,2021.495,2021.945,2020.585,2021.235,569
1708621800,2021.235,2021.53,2020.27,2021.43,461
1708622100,2021.43,2022.325,2021.225,2021.905,652
1708622400,2021.905,2023.205,2021.865,2023.18,415
1708622700,2023.18,2023.74,2022.915,2023.69,481
1708623000,2023.69,2024.75,2023.69,2024.34,511
1708623300,2024.34,2024.46,2023.73,2024.06,396
1708623600,2024.06,2024.105,2023.285,2023.59,264
1708623900,2023.59,2023.65,2023.03,2023.465,287
1708624200,2023.465,2023.465,2022.43,2022.555,472
1708624500,2022.555,2023.445,2022.37,2023.015,490
1708624800,2023.015,2023.31,2022.29,2022.65,430
1708625100,2022.65,2022.75,2021.54,2021.66,580
1708625400,2021.66,2021.675,2020.38,2020.65,421
1708625700,2020.65,2020.965,2020.495,2020.59,366
1708626000,2020.59,2021.235,2019.715,2021.14,404
1708626300,2021.14,2021.34,2020.52,2020.975,235
1708626600,2020.975,2022.935,2020.39,2022.925,441
1708626900,2022.925,2022.925,2021.99,2022.56,785
1708627200,2022.56,2023.145,2022.435,2023.015,747
1708627500,2023.015,2023.015,2022.275,2022.695,448
1708627800,2022.695,2022.865,2022.1,2022.55,544
1708628100,2022.55,2022.85,2022.455,2022.755,486
1708628400,2022.755,2022.855,2022.25,2022.64,305
1708628700,2022.64,2023.155,2022.48,2022.95,337
1708629000,2022.95,2023.07,2022.425,2023.07,435
1708629300,2023.07,2023.18,2022.66,2022.725,393
1708629600,2022.725,2023.53,2022.725,2023.375,382
1708629900,2023.375,2023.5,2022.925,2023.12,301
1708630200,2023.12,2023.71,2023.055,2023.135,308
1708630500,2023.135,2023.15,2022.825,2022.91,393
1708630800,2022.91,2023.395,2022.635,2023.245,357
1708631100,2023.245,2023.64,2023.24,2023.4,373
1708631400,2023.4,2023.465,2023,2023.25,351
1708631700,2023.25,2023.505,2023.01,2023.13,350
1708632000,2023.13,2023.25,2022.91,2023.06,340
1708632300,2023.06,2023.065,2022.655,2022.795,225
1708632600,2022.795,2023.145,2022.605,2022.785,339
1708632900,2022.785,2023.105,2022.62,2022.805,285
1708633200,2022.805,2023.45,2022.695,2023.45,392
1708633500,2023.45,2023.525,2023.09,2023.13,356
1708633800,2023.13,2023.76,2022.855,2023.21,425
1708634100,2023.21,2023.56,2023.05,2023.325,321
1708634400,2023.325,2023.49,2022.95,2022.98,452
1708634700,2022.98,2023.695,2022.94,2023.655,293
1708635000,2023.655,2024.155,2023.575,2024.155,359
1708635300,2024.155,2024.765,2024.155,2024.7,485
1708635600,2024.7,2024.71,2024.385,2024.45,144
1708635900,2024.45,2024.68,2024.39,2024.495,64
1708636200,2024.495,2024.995,2024.495,2024.93,107
1708636500,2024.93,2025,2024.78,2024.905,91
1708636800,2024.905,2025.135,2024.865,2024.96,153
1708637100,2024.96,2025.015,2024.79,2024.84,62
1708637400,2024.84,2024.925,2024.615,2024.715,187
1708637700,2024.715,2024.74,2024.045,2024.2,107
1708638000,2024.2,2024.415,2024.08,2024.4,79
1708638300,2024.4,2024.41,2024.2,2024.39,134
1708638600,2024.39,2024.71,2024.29,2024.585,157
1708638900,2024.585,2024.91,2024.295,2024.355,216
1708642800,2024.355,2024.55,2024.355,2024.55,1
1708643100,2024.55,2024.87,2024.405,2024.61,74
1708643400,2024.61,2025.095,2024.435,2025.095,196
1708643700,2025.095,2025.42,2024.87,2025.34,123
1708644000,2025.34,2025.965,2025.335,2025.76,116
1708644300,2025.76,2026.11,2025.51,2025.605,274
1708644600,2025.605,2026.06,2025.125,2025.245,180
1708644900,2025.245,2025.375,2024.82,2024.855,227
1708645200,2024.855,2025.09,2024.445,2024.82,280
1708645500,2024.82,2024.89,2024.605,2024.645,88
1708645800,2024.645,2025.53,2024.64,2025.425,196
1708646100,2025.425,2025.59,2024.815,2024.815,83
1708646400,2024.815,2025.07,2024.49,2024.49,68
1708646700,2024.49,2025.075,2024.46,2024.98,163
1708647000,2024.98,2025.425,2024.98,2025.25,96
1708647300,2025.25,2025.775,2025.25,2025.665,52
1708647600,2025.665,2025.82,2025.465,2025.74,65
1708647900,2025.74,2026.215,2025.74,2025.94,115
1708648200,2025.94,2026.09,2025.635,2025.635,75
1708648500,2025.635,2025.635,2022.835,2023.535,730
1708648800,2023.535,2024.93,2023.325,2024.445,442
1708649100,2024.445,2024.7,2023.835,2023.995,144
1708649400,2023.995,2024.65,2023.9,2024.55,68
1708649700,2024.55,2024.885,2024.44,2024.58,122
1708650000,2024.58,2026.225,2024.395,2026.22,311
1708650300,2026.22,2026.945,2025.89,2026.785,323
1708650600,2026.785,2026.975,2026.485,2026.885,167
1708650900,2026.885,2027,2026.185,2026.52,390
1708651200,2026.52,2026.555,2026.145,2026.36,208
1708651500,2026.36,2026.415,2025.92,2026.205,229
1708651800,2026.205,2026.52,2025.195,2025.195,318
1708652100,2025.195,2025.965,2025.1,2025.67,228
1708652400,2025.67,2027.04,2025.555,2026.975,411
1708652700,2026.975,2027.265,2026.695,2026.825,229
1708653000,2026.825,2026.93,2026.395,2026.81,188
1708653300,2026.81,2026.935,2026.405,2026.935,177
1708653600,2026.935,2027.265,2026.665,2027.21,422
1708653900,2027.21,2027.245,2026.85,2026.96,166
1708654200,2026.96,2027.46,2026.635,2026.745,201
1708654500,2026.745,2026.865,2026.24,2026.62,434
1708654800,2026.62,2027.07,2026.565,2026.92,150
1708655100,2026.92,2026.92,2025.83,2025.94,81
1708655400,2025.94,2025.99,2025.135,2025.225,88
1708655700,2025.225,2025.58,2025.195,2025.545,71
1708656000,2025.545,2025.735,2025.47,2025.73,70
1708656300,2025.73,2025.745,2025.415,2025.445,49
1708656600,2025.445,2025.495,2024.645,2024.645,166
1708656900,2024.645,2024.75,2024.345,2024.435,245
1708657200,2024.435,2024.7,2024.11,2024.435,260
1708657500,2024.435,2024.97,2024.37,2024.765,307
1708657800,2024.765,2025.32,2024.525,2025.22,266
1708658100,2025.22,2025.515,2025.145,2025.45,320
1708658400,2025.45,2025.69,2025.335,2025.35,251
1708658700,2025.35,2025.525,2025.12,2025.5,248
1708659000,2025.5,2025.755,2025.27,2025.455,170
1708659300,2025.455,2025.455,2025.13,2025.235,69
1708659600,2025.235,2026.365,2025.215,2026.225,222
1708659900,2026.225,2026.415,2025.73,2025.74,353
1708660200,2025.74,2026.025,2025.625,2025.675,93
1708660500,2025.675,2025.805,2025.44,2025.805,171
1708660800,2025.805,2025.965,2025.775,2025.915,161
1708661100,2025.915,2026.1,2025.89,2026.01,171
1708661400,2026.01,2026.585,2025.89,2026.48,138
1708661700,2026.48,2026.48,2026.195,2026.35,33
1708662000,2026.35,2026.39,2026.245,2026.335,40
1708662300,2026.335,2026.335,2026.15,2026.25,45
1708662600,2026.25,2026.33,2026.115,2026.265,64
1708662900,2026.265,2026.3,2026.135,2026.15,38
1708663200,2026.15,2026.175,2025.93,2025.98,43
1708663500,2025.98,2026.335,2025.84,2026.28,101
1708663800,2026.28,2026.36,2026.18,2026.255,70
1708664100,2026.255,2026.455,2026.135,2026.14,74
1708664400,2026.14,2026.24,2026.045,2026.05,72
1708664700,2026.05,2026.18,2025.86,2025.94,129
1708665000,2025.94,2025.94,2025.445,2025.6,100
1708665300,2025.6,2025.815,2025.51,2025.59,77
1708665600,2025.59,2025.75,2025.5,2025.71,49
1708665900,2025.71,2025.71,2025.15,2025.255,70
1708666200,2025.255,2025.255,2024.555,2024.795,136
1708666500,2024.795,2024.795,2023.435,2023.45,243
1708666800,2023.45,2023.72,2022.28,2022.755,502
1708667100,2022.755,2023.07,2022.32,2022.88,509
1708667400,2022.88,2022.95,2022.505,2022.695,309
1708667700,2022.695,2022.78,2022.265,2022.495,139
1708668000,2022.495,2022.75,2021.995,2022.695,283
1708668300,2022.695,2022.75,2022.11,2022.435,319
1708668600,2022.435,2022.605,2021.86,2021.895,251
1708668900,2021.895,2022.145,2021.495,2021.54,208
1708669200,2021.54,2021.805,2020.05,2020.05,315
1708669500,2020.05,2020.26,2019.035,2019.385,377
1708669800,2019.385,2019.425,2018.215,2018.425,289
1708670100,2018.425,2019.965,2018.415,2019.05,404
1708670400,2019.05,2019.84,2019.05,2019.685,290
1708670700,2019.685,2020.79,2019.68,2020.655,347
1708671000,2020.655,2021.235,2020.455,2021.155,253
1708671300,2021.155,2022.23,2020.895,2020.955,461
1708671600,2020.955,2021.13,2020.295,2020.305,337
1708671900,2020.305,2020.33,2019.655,2019.8,274
1708672200,2019.8,2020.67,2019.665,2020.67,346
1708672500,2020.67,2021.23,2020.51,2021.115,387
1708672800,2021.115,2021.64,2020.605,2020.65,373
1708673100,2020.65,2021.55,2020.46,2021.145,464
1708673400,2021.145,2021.685,2021.145,2021.385,427
1708673700,2021.385,2021.545,2021.1,2021.36,362
1708674000,2021.36,2021.9,2021.11,2021.52,389
1708674300,2021.52,2021.815,2021.465,2021.565,382
1708674600,2021.565,2022.235,2021.07,2022.2,392
1708674900,2022.2,2022.545,2021.67,2021.88,293
1708675200,2021.88,2022.665,2021.875,2022.3,641
1708675500,2022.3,2022.66,2020.73,2020.73,505
1708675800,2020.73,2021.03,2020.29,2020.765,545
1708676100,2020.765,2021.49,2020.675,2021.05,488
1708676400,2021.05,2021.87,2020.72,2021.425,420
1708676700,2021.425,2021.44,2020.185,2020.25,453
1708677000,2020.25,2021.525,2020.075,2021.44,445
1708677300,2021.44,2021.535,2019.965,2020.015,355
1708677600,2020.015,2020.135,2019.09,2019.105,495
1708677900,2019.105,2019.14,2018.695,2018.815,505
1708678200,2018.815,2019.145,2018.45,2018.81,486
1708678500,2018.81,2019.72,2018.615,2019.62,412
1708678800,2019.62,2019.7,2018.945,2019.185,507
1708679100,2019.185,2019.96,2019.18,2019.56,221
1708679400,2019.56,2019.705,2018.66,2018.935,290
1708679700,2018.935,2019.06,2018.11,2018.11,380
1708680000,2018.11,2018.305,2016.975,2017.32,456
1708680300,2017.32,2017.86,2017.15,2017.6,538
1708680600,2017.6,2018.11,2017.29,2018.105,369
1708680900,2018.105,2018.19,2017.315,2017.42,345
1708681200,2017.42,2017.42,2016.53,2016.725,365
1708681500,2016.725,2017.14,2016.49,2016.815,262
1708681800,2016.815,2016.895,2016.125,2016.3,243
1708682100,2016.3,2016.89,2016.24,2016.875,243
1708682400,2016.875,2017.85,2016.695,2017.825,330
1708682700,2017.825,2017.975,2017.505,2017.615,373
1708683000,2017.615,2018.835,2017.595,2018.66,246
1708683300,2018.66,2019.545,2018.61,2019.305,214
1708683600,2019.305,2019.72,2018.72,2018.84,210
1708683900,2018.84,2020.11,2018.825,2019.62,504
1708684200,2019.62,2019.89,2019.38,2019.765,285
1708684500,2019.765,2020.395,2019.685,2020.37,124
1708684800,2020.37,2021.53,2020.37,2021.16,327
1708685100,2021.16,2022.61,2021.16,2022.495,348
1708685400,2022.495,2023.235,2022.18,2022.85,451
1708685700,2022.85,2023.37,2022.72,2022.985,407
1708686000,2022.985,2023.32,2022.325,2022.4,491
1708686300,2022.4,2022.955,2022.36,2022.645,373
1708686600,2022.645,2022.915,2022.33,2022.68,317
1708686900,2022.68,2023.32,2022.655,2022.96,377
1708687200,2022.96,2023.82,2022.955,2023.66,277
1708687500,2023.66,2023.73,2022.98,2022.98,187
1708687800,2022.98,2023.005,2022.165,2022.61,738
1708688100,2022.61,2022.905,2022.465,2022.7,387
1708688400,2022.7,2023.805,2022.7,2023.685,325
1708688700,2023.685,2023.95,2023.395,2023.415,357
1708689000,2023.415,2023.77,2023.19,2023.77,308
1708689300,2023.77,2024.045,2023.585,2023.935,223
1708689600,2023.935,2024.79,2023.905,2024.465,323
1708689900,2024.465,2024.5,2023.81,2023.81,236
1708690200,2023.81,2023.83,2023.145,2023.545,286
1708690500,2023.545,2024.05,2023.54,2023.95,319
1708690800,2023.95,2024.09,2023.51,2024.085,285
1708691100,2024.085,2025.435,2023.995,2025.26,502
1708691400,2025.26,2026.29,2024.725,2026.29,577
1708691700,2026.29,2028.52,2026.145,2026.74,1039
1708692000,2026.74,2028.265,2026.225,2027.725,789
1708692300,2027.725,2028.125,2027.15,2027.555,818
1708692600,2027.555,2028.095,2027.115,2027.905,564
1708692900,2027.905,2028.865,2027.895,2028.09,934
1708693200,2028.09,2028.29,2026.94,2027.445,1208
1708693500,2027.445,2028.495,2026.865,2028.405,874
1708693800,2028.405,2029.05,2028.13,2028.715,432
1708694100,2028.715,2029.26,2028.225,2028.465,467
1708694400,2028.465,2028.84,2026.185,2026.435,910
1708694700,2026.435,2026.89,2025.075,2026.26,1077
1708695000,2026.26,2027.39,2025.75,2026.945,977
1708695300,2026.945,2027.21,2026.295,2026.965,1036
1708695600,2026.965,2027.51,2026.22,2026.29,816
1708695900,2026.29,2026.66,2025.865,2026.445,359
1708696200,2026.445,2026.995,2025.255,2025.31,622
1708696500,2025.31,2025.45,2024.515,2025.45,817
1708696800,2025.45,2025.895,2024.79,2025.45,723
1708697100,2025.45,2026.29,2025.15,2025.29,765
1708697400,2025.29,2025.875,2024.975,2025.195,806
1708697700,2025.195,2025.705,2024.72,2025.705,505
1708698000,2025.705,2026.365,2025.365,2025.48,699
1708698300,2025.48,2025.885,2025.065,2025.36,604
1708698600,2025.36,2026.36,2024.845,2025.285,1046
1708698900,2025.285,2026.515,2024.225,2024.76,1151
1708699200,2024.76,2025.26,2024.46,2024.635,979
1708699500,2024.635,2025.675,2024.405,2025.475,913
1708699800,2025.475,2026.11,2024.78,2025.66,931
1708700100,2025.66,2028.73,2025.66,2027.62,1563
1708700400,2027.62,2028.67,2027.05,2027.175,1228
1708700700,2027.175,2028.51,2026.875,2027.91,1132
1708701000,2027.91,2028.04,2025.78,2026.42,1230
1708701300,2026.42,2027.655,2025.83,2027.545,893
1708701600,2027.545,2027.905,2026.6,2027.905,663
1708701900,2027.905,2028.115,2026.85,2027.155,907
1708702200,2027.155,2027.78,2027.035,2027.665,968
1708702500,2027.665,2028.21,2027.27,2027.685,708
1708702800,2027.685,2027.905,2027.155,2027.21,742
1708703100,2027.21,2028.545,2027.03,2027.7,888
1708703400,2027.7,2029.05,2027.665,2029.05,572
1708703700,2029.05,2031.145,2029.05,2030.25,1389
1708704000,2030.25,2032.22,2030.25,2031.815,1312
1708704300,2031.815,2033.36,2031.36,2033.27,993
1708704600,2033.27,2034.25,2032.395,2033.4,1118
1708704900,2033.4,2034.185,2033.155,2033.815,1086
1708705200,2033.815,2034.545,2033.48,2034.255,822
1708705500,2034.255,2034.545,2033.325,2033.325,876
1708705800,2033.325,2037.475,2033.325,2036.885,1068
1708706100,2036.885,2037.21,2036.175,2036.8,1192
1708706400,2036.8,2037.97,2036.7,2037.4,838
1708706700,2037.4,2038.615,2037.4,2037.735,622
1708707000,2037.735,2038.265,2037.01,2038.255,730
1708707300,2038.255,2038.545,2037.105,2038.435,650
1708707600,2038.435,2039.8,2038.42,2039.425,640
1708707900,2039.425,2039.9,2037.765,2037.765,740
1708708200,2037.765,2038.65,2037.455,2038.42,564
1708708500,2038.42,2038.63,2037.26,2037.725,498
1708708800,2037.725,2038.455,2037.6,2038.11,352
1708709100,2038.11,2038.59,2036.44,2036.52,606
1708709400,2036.52,2038.05,2036.52,2037.8,442
1708709700,2037.8,2037.88,2036.88,2037.15,422
1708710000,2037.15,2037.89,2037.065,2037.885,525
1708710300,2037.885,2037.885,2036.74,2036.745,488
1708710600,2036.745,2037.41,2036.575,2037.265,491
1708710900,2037.265,2038.125,2037.065,2037.945,405
1708711200,2037.945,2038.47,2037.945,2038.25,456
1708711500,2038.25,2038.515,2038.045,2038.515,381
1708711800,2038.515,2038.655,2037.94,2038.42,338
1708712100,2038.42,2038.73,2037.6,2038.13,244
1708712400,2038.13,2038.65,2037.56,2037.56,268
1708712700,2037.56,2039.61,2037.56,2039.13,453
1708713000,2039.13,2039.13,2037.635,2038.47,277
1708713300,2038.47,2038.825,2038.265,2038.825,327
1708713600,2038.825,2039.445,2038.655,2039.155,400
1708713900,2039.155,2039.85,2039.115,2039.79,395
1708714200,2039.79,2041.035,2039.685,2040.85,598
1708714500,2040.85,2041.41,2040.27,2040.52,480
1708714800,2040.52,2040.52,2039.83,2040.275,428
1708715100,2040.275,2040.535,2039.86,2040,210
1708715400,2040,2040.405,2039.865,2040.075,177
1708715700,2040.075,2040.21,2039.355,2039.785,319
1708716000,2039.785,2040.055,2039.43,2039.495,233
1708716300,2039.495,2039.645,2038.44,2038.59,236
1708716600,2038.59,2038.87,2038.395,2038.675,261
1708716900,2038.675,2038.81,2038.005,2038.07,347
1708717200,2038.07,2038.245,2037.945,2038,361
1708717500,2038,2038.27,2036.94,2037.26,375
1708717800,2037.26,2037.7,2037.005,2037.42,426
1708718100,2037.42,2037.485,2036.965,2037.39,397
1708718400,2037.39,2037.575,2036.55,2037.15,486
1708718700,2037.15,2037.425,2036.585,2036.63,410
1708719000,2036.63,2036.975,2036.355,2036.48,423
1708719300,2036.48,2037.27,2036.335,2036.975,405
1708719600,2036.975,2036.975,2036.09,2036.195,397
1708719900,2036.195,2037.03,2036.15,2036.77,306
1708720200,2036.77,2036.77,2035.735,2035.765,400
1708720500,2035.765,2036.385,2035.765,2036.19,389
1708720800,2036.19,2036.4,2036.025,2036.255,416
1708721100,2036.255,2036.695,2036,2036.445,529
1708721400,2036.445,2036.575,2036.175,2036.255,307
1708721700,2036.255,2036.69,2036.075,2036.66,492
1708722000,2036.66,2036.66,2036.22,2036.36,219
1708722300,2036.36,2036.56,2036.09,2036.155,207
1708722600,2036.155,2036.255,2036.07,2036.175,203
1708722900,2036.175,2036.175,2035.685,2035.695,106
1708723200,2035.695,2035.8,2035.415,2035.5,74
1708723500,2035.5,2035.52,2035.28,2035.36,145
1708723800,2035.36,2035.465,2035.145,2035.44,230
1708724100,2035.44,2035.77,2035.395,2035.69,210
1708724400,2035.69,2036.09,2035.685,2035.995,218
1708724700,2035.995,2036.325,2035.865,2035.93,295
1708725000,2035.93,2036.295,2035.575,2035.81,313
1708725300,2035.81,2035.97,2035.375,2035.375,86
1708902000,2035.375,2035.375,2033.29,2033.29,2
1708902300,2033.29,2034.39,2033.185,2034.335,194
1708902600,2034.335,2034.39,2033.74,2033.785,152
1708902900,2033.785,2034.24,2033.49,2034.24,111
1708903200,2034.24,2035.05,2034.195,2034.94,101
1708903500,2034.94,2034.95,2034.41,2034.86,130
1708903800,2034.86,2034.86,2034.07,2034.27,192
1708904100,2034.27,2034.705,2034.175,2034.63,104
1708904400,2034.63,2034.63,2034.17,2034.23,95
1708904700,2034.23,2034.34,2033.87,2034.16,137
1708905000,2034.16,2034.665,2034.09,2034.52,121
1708905300,2034.52,2034.61,2034.08,2034.09,64
1708905600,2034.09,2034.1,2033.04,2033.195,342
1708905900,2033.195,2033.67,2032.8,2033.32,186
1708906200,2033.32,2033.62,2033.22,2033.42,95
1708906500,2033.42,2033.77,2033.215,2033.66,145
1708906800,2033.66,2033.71,2032.67,2032.83,170
1708907100,2032.83,2033.065,2032.1,2032.215,207
1708907400,2032.215,2032.585,2030.925,2031.355,371
1708907700,2031.355,2031.645,2030.69,2031.085,270
1708908000,2031.085,2031.115,2030.515,2030.62,252
1708908300,2030.62,2031.02,2030.15,2030.21,381
1708908600,2030.21,2030.86,2029.965,2030.68,562
1708908900,2030.68,2030.88,2030.2,2030.39,407
1708909200,2030.39,2031.565,2029.965,2031.26,891
1708909500,2031.26,2032.05,2031.23,2031.95,460
1708909800,2031.95,2032.45,2031.815,2032.25,407
1708910100,2032.25,2032.42,2031.56,2031.97,244
1708910400,2031.97,2032.97,2031.97,2032.68,423
1708910700,2032.68,2033.075,2032.555,2032.72,468
1708911000,2032.72,2033.43,2032.38,2033.29,358
1708911300,2033.29,2033.71,2032.895,2033.705,346
1708911600,2033.705,2033.96,2033.505,2033.74,331
1708911900,2033.74,2034.1,2032.915,2033.025,150
1708912200,2033.025,2033.025,2031.635,2031.725,286
1708912500,2031.725,2031.91,2031.33,2031.33,196
1708912800,2031.33,2031.945,2031.28,2031.51,183
1708913100,2031.51,2031.71,2031.15,2031.3,319
1708913400,2031.3,2031.75,2030.9,2031.65,358
1708913700,2031.65,2031.83,2031.135,2031.135,263
1708914000,2031.135,2031.235,2030.7,2030.985,278
1708914300,2030.985,2031.4,2030.79,2031.065,232
1708914600,2031.065,2031.76,2031.01,2031.68,249
1708914900,2031.68,2031.685,2031.125,2031.13,215
1708915200,2031.13,2031.465,2030.89,2031.37,218
1708915500,2031.37,2031.46,2030.865,2030.975,254
1708915800,2030.975,2031.465,2030.865,2031.065,171
1708916100,2031.065,2031.37,2030.87,2030.975,180
1708916400,2030.975,2031.375,2030.915,2031.075,150
1708916700,2031.075,2031.245,2030.975,2031.165,164
1708917000,2031.165,2031.18,2030.75,2030.83,125
1708917300,2030.83,2031.64,2030.83,2031.225,93
1708917600,2031.225,2031.4,2031.06,2031.19,139
1708917900,2031.19,2031.835,2031.185,2031.63,156
1708918200,2031.63,2031.83,2031.405,2031.615,220
1708918500,2031.615,2031.845,2031.55,2031.755,186
1708918800,2031.755,2031.825,2031.56,2031.76,182
1708919100,2031.76,2032.31,2031.755,2032.07,160
1708919400,2032.07,2032.205,2031.905,2032.095,176
1708919700,2032.095,2032.63,2032.095,2032.63,108
1708920000,2032.63,2032.745,2032.395,2032.41,126
1708920300,2032.41,2032.49,2032.285,2032.475,140
1708920600,2032.475,2032.59,2032.185,2032.52,151
1708920900,2032.52,2032.98,2032.375,2032.49,162
1708921200,2032.49,2032.515,2032.275,2032.285,166
1708921500,2032.285,2032.51,2032.28,2032.31,202
1708921800,2032.31,2032.635,2032.29,2032.465,215
1708922100,2032.465,2032.615,2032.265,2032.61,195
1708922400,2032.61,2032.92,2032.39,2032.9,148
1708922700,2032.9,2032.905,2032.23,2032.425,151
1708923000,2032.425,2032.51,2032.295,2032.43,26
1708923300,2032.43,2032.435,2032.15,2032.31,37
1708923600,2032.31,2032.905,2032.235,2032.73,84
1708923900,2032.73,2032.745,2032.245,2032.7,89
1708924200,2032.7,2032.965,2032.655,2032.86,133
1708924500,2032.86,2033.22,2032.795,2033.21,123
1708924800,2033.21,2033.27,2032.61,2032.725,163
1708925100,2032.725,2033.525,2032.62,2033.355,181
1708925400,2033.355,2033.51,2032.745,2033.51,355
1708925700,2033.51,2033.51,2032.57,2032.72,296
1708926000,2032.72,2033.29,2032.72,2033.1,108
1708926300,2033.1,2034.115,2033.1,2034.115,254
1708926600,2034.115,2034.32,2033.69,2033.91,336
1708926900,2033.91,2033.91,2033.09,2033.09,204
1708927200,2033.09,2033.09,2032.31,2032.41,389
1708927500,2032.41,2032.595,2032.33,2032.55,95
1708927800,2032.55,2032.86,2031.96,2032.095,161
1708928100,2032.095,2033.015,2031.995,2032.96,219
1708928400,2032.96,2032.995,2032.395,2032.495,151
1708928700,2032.495,2033.41,2032.47,2033.39,133
1708929000,2033.39,2033.88,2033.2,2033.56,291
1708929300,2033.56,2034.01,2033.095,2033.83,129
1708929600,2033.83,2033.99,2033.585,2033.875,75
1708929900,2033.875,2033.875,2033.12,2033.31,150
1708930200,2033.31,2033.55,2032.68,2032.71,199
1708930500,2032.71,2032.915,2032.605,2032.745,157
1708930800,2032.745,2033.15,2032.44,2033.08,350
1708931100,2033.08,2033.445,2032.605,2033.445,400
1708931400,2033.445,2035.13,2033.445,2034.33,432
1708931700,2034.33,2034.39,2033.87,2034.16,363
1708932000,2034.16,2034.41,2033.695,2034.325,416
1708932300,2034.325,2035.16,2034.325,2035.095,491
1708932600,2035.095,2035.385,2034.53,2035.235,418
1708932900,2035.235,2035.355,2034.72,2034.725,244
1708933200,2034.725,2035.33,2033.75,2033.82,387
1708933500,2033.82,2035.17,2033.82,2034.735,335
1708933800,2034.735,2034.855,2034.145,2034.34,343
1708934100,2034.34,2035.17,2034.285,2035.145,552
1708934400,2035.145,2035.145,2034.28,2034.45,555
1708934700,2034.45,2035.62,2034.405,2034.88,352
1708935000,2034.88,2035.37,2034.46,2034.885,312
1708935300,2034.885,2035.695,2034.87,2035.51,416
1708935600,2035.51,2035.995,2035.255,2035.92,205
1708935900,2035.92,2036.415,2035.775,2036.335,448
1708936200,2036.335,2037.13,2036.035,2036.14,601
1708936500,2036.14,2036.14,2035.07,2035.215,439
1708936800,2035.215,2035.25,2034.435,2034.695,391
1708937100,2034.695,2035.475,2034.555,2035.095,345
1708937400,2035.095,2035.84,2034.685,2034.84,499
1708937700,2034.84,2034.895,2033.695,2034.125,744
1708938000,2034.125,2034.5,2033.815,2033.945,677
1708938300,2033.945,2034.295,2033.685,2033.74,495
1708938600,2033.74,2033.97,2033.31,2033.355,462
1708938900,2033.355,2033.935,2033.215,2033.855,341
1708939200,2033.855,2034.17,2033.43,2033.585,271
1708939500,2033.585,2033.9,2032.985,2033.26,397
1708939800,2033.26,2033.555,2032.79,2033.18,416
1708940100,2033.18,2034.36,2033.16,2033.93,439
1708940400,2033.93,2034.315,2033.4,2033.605,336
1708940700,2033.605,2033.65,2032.735,2033.13,205
1708941000,2033.13,2033.22,2032.435,2032.45,226
1708941300,2032.45,2033.15,2032.305,2033.15,252
1708941600,2033.15,2034.06,2033.03,2034.02,160
1708941900,2034.02,2034.58,2033.97,2034.49,261
1708942200,2034.49,2035.435,2034.42,2035.36,421
1708942500,2035.36,2035.49,2034.835,2034.835,269
1708942800,2034.835,2034.85,2033.69,2033.87,301
1708943100,2033.87,2034.94,2033.835,2034.94,383
1708943400,2034.94,2035.26,2033.52,2034.165,778
1708943700,2034.165,2034.445,2033.035,2033.12,308
1708944000,2033.12,2033.39,2033.02,2033.23,286
1708944300,2033.23,2033.36,2032.455,2032.63,436
1708944600,2032.63,2033.03,2031.855,2032.06,202
1708944900,2032.06,2032.23,2031.75,2032.23,178
1708945200,2032.23,2032.235,2031.285,2031.74,395
1708945500,2031.74,2032.13,2031,2032.11,345
1708945800,2032.11,2032.77,2032.075,2032.645,392
1708946100,2032.645,2032.66,2031.945,2032.03,280
1708946400,2032.03,2033.035,2032.03,2032.23,654
1708946700,2032.23,2032.805,2032.04,2032.64,356
1708947000,2032.64,2032.67,2032.015,2032.345,153
1708947300,2032.345,2033.09,2032.2,2032.205,305
1708947600,2032.205,2032.445,2031.695,2031.81,397
1708947900,2031.81,2032.045,2031.155,2031.71,462
1708948200,2031.71,2031.73,2030.935,2031.31,464
1708948500,2031.31,2031.695,2030.955,2030.99,136
1708948800,2030.99,2031.91,2030.81,2031.675,507
1708949100,2031.675,2031.845,2030.94,2031.06,552
1708949400,2031.06,2031.86,2031.035,2031.795,389
1708949700,2031.795,2032.665,2031.265,2032.505,709
1708950000,2032.505,2032.885,2032.27,2032.705,493
1708950300,2032.705,2033.23,2032.665,2033.135,327
1708950600,2033.135,2033.305,2032.605,2032.845,556
1708950900,2032.845,2033.3,2032.805,2032.895,411
1708951200,2032.895,2033.28,2032.81,2033.185,505
1708951500,2033.185,2034.155,2033.065,2033.625,311
1708951800,2033.625,2033.775,2033.215,2033.31,427
1708952100,2033.31,2033.495,2032.62,2032.925,550
1708952400,2032.925,2032.995,2031.995,2032.45,690
1708952700,2032.45,2033.745,2032.38,2033.325,967
1708953000,2033.325,2033.415,2032.785,2033.01,252
1708953300,2033.01,2033.06,2032.155,2032.65,267
1708953600,2032.65,2032.665,2031.765,2032.3,620
1708953900,2032.3,2032.75,2031.74,2032.275,656
1708954200,2032.275,2034.235,2032.11,2033.68,650
1708954500,2033.68,2034.495,2033.525,2034.1,784
1708954800,2034.1,2034.42,2033.77,2034.17,462
1708955100,2034.17,2034.28,2033.68,2033.925,393
1708955400,2033.925,2033.985,2032.78,2033.06,507
1708955700,2033.06,2033.095,2032.185,2032.74,745
1708956000,2032.74,2032.975,2031.845,2032.12,664
1708956300,2032.12,2032.33,2030.92,2031.195,565
1708956600,2031.195,2031.67,2027.79,2028.45,1012
1708956900,2028.45,2029.94,2028.295,2029.435,855
1708957200,2029.435,2029.715,2028.9,2029.705,648
1708957500,2029.705,2030.015,2027.185,2028.045,740
1708957800,2028.045,2028.06,2025.72,2027.39,1384
1708958100,2027.39,2028.1,2026.825,2028.065,1031
1708958400,2028.065,2028.2,2026.615,2028.2,1106
1708958700,2028.2,2029.18,2027.22,2028.525,1203
1708959000,2028.525,2028.89,2027.72,2027.99,792
1708959300,2027.99,2028.015,2027.31,2027.61,797
1708959600,2027.61,2028.735,2027.27,2028.145,1175
1708959900,2028.145,2028.51,2026.595,2027.285,1010
1708960200,2027.285,2027.4,2026.295,2026.555,968
1708960500,2026.555,2026.655,2025.55,2025.72,798
1708960800,2025.72,2027.265,2025.655,2026.745,847
1708961100,2026.745,2026.94,2026.13,2026.94,567
1708961400,2026.94,2027.02,2025.515,2025.545,670
1708961700,2025.545,2027.425,2025.115,2026.8,736
1708962000,2026.8,2028.55,2026.8,2028.485,678
1708962300,2028.485,2028.485,2027.555,2028.18,539
1708962600,2028.18,2030.17,2028.04,2029.355,604
1708962900,2029.355,2029.43,2028.315,2029.22,715
1708963200,2029.22,2029.505,2028.08,2028.33,914
1708963500,2028.33,2028.74,2027.69,2027.73,549
1708963800,2027.73,2027.73,2026.655,2027.49,761
1708964100,2027.49,2028.4,2027.13,2027.325,584
1708964400,2027.325,2027.675,2026.745,2027.46,535
1708964700,2027.46,2027.675,2026.77,2027.575,622
1708965000,2027.575,2027.985,2027.26,2027.595,477
1708965300,2027.595,2028.395,2027.05,2027.76,381
1708965600,2027.76,2027.795,2026.74,2027.005,332
1708965900,2027.005,2027.825,2026.83,2027.82,585
1708966200,2027.82,2028.46,2027.62,2028.265,382
1708966500,2028.265,2028.27,2027.52,2027.85,411
1708966800,2027.85,2028.005,2026.675,2026.7,437
1708967100,2026.7,2027.245,2026.62,2027.245,649
1708967400,2027.245,2027.33,2026.615,2026.93,350
1708967700,2026.93,2027.865,2026.745,2027.395,349
1708968000,2027.395,2028.03,2027.28,2027.935,357
1708968300,2027.935,2028.295,2027.81,2028.185,426
1708968600,2028.185,2028.185,2026.98,2027.2,376
1708968900,2027.2,2027.565,2026.99,2027.44,413
1708969200,2027.44,2027.795,2027.23,2027.505,317
1708969500,2027.505,2028.57,2027.44,2028.38,386
1708969800,2028.38,2028.88,2027.81,2028.765,496
1708970100,2028.765,2028.77,2028.045,2028.74,387
1708970400,2028.74,2029.325,2028.19,2029.305,744
1708970700,2029.305,2029.815,2028.775,2028.905,351
1708971000,2028.905,2030.08,2028.905,2030.075,303
1708971300,2030.075,2030.075,2029.5,2029.62,667
1708971600,2029.62,2029.995,2029.315,2029.715,620
1708971900,2029.715,2030.04,2029.065,2029.805,508
1708972200,2029.805,2030.115,2028.67,2028.68,422
1708972500,2028.68,2029.13,2028.5,2028.845,465
1708972800,2028.845,2029.29,2028.5,2029.29,342
1708973100,2029.29,2029.29,2028.725,2029.275,259
1708973400,2029.275,2029.935,2029.23,2029.335,237
1708973700,2029.335,2029.825,2029.3,2029.35,501
1708974000,2029.35,2029.975,2029.35,2029.945,328
1708974300,2029.945,2030.31,2029.615,2030.105,359
1708974600,2030.105,2030.22,2029.485,2029.985,319
1708974900,2029.985,2029.985,2029.165,2029.255,244
1708975200,2029.255,2029.445,2029.105,2029.135,337
1708975500,2029.135,2029.135,2028.645,2028.805,337
1708975800,2028.805,2028.88,2028.615,2028.74,371
1708976100,2028.74,2029.33,2028.695,2029.3,382
1708976400,2029.3,2029.355,2028.845,2029,356
1708976700,2029,2029.705,2028.95,2029.26,332
1708977000,2029.26,2029.575,2029.115,2029.49,377
1708977300,2029.49,2030.045,2029.485,2029.79,429
1708977600,2029.79,2030.685,2029.77,2030.615,352
1708977900,2030.615,2031.7,2030.59,2031.615,453
1708978200,2031.615,2032.155,2031.56,2031.905,268
1708978500,2031.905,2032.28,2031.52,2031.715,100
1708978800,2031.715,2032.655,2031.715,2032.56,339
1708979100,2032.56,2033.295,2032.555,2033.055,226
1708979400,2033.055,2033.5,2032.88,2033.42,191
1708979700,2033.42,2033.49,2033.12,2033.31,229
1708980000,2033.31,2033.685,2033.195,2033.41,277
1708980300,2033.41,2033.49,2033.19,2033.36,235
1708980600,2033.36,2033.42,2032.295,2032.39,265
1708980900,2032.39,2032.39,2032.005,2032.345,355
1708981200,2032.345,2032.355,2032.005,2032.095,169
1708981500,2032.095,2032.095,2031.76,2031.875,93
1708981800,2031.875,2031.965,2031.66,2031.78,75
1708982100,2031.78,2031.85,2031.465,2031.695,85
1708982400,2031.695,2031.775,2031.65,2031.76,24
1708982700,2031.76,2031.765,2031.47,2031.58,25
1708983000,2031.58,2031.59,2031.11,2031.26,64
1708983300,2031.26,2031.385,2031.25,2031.36,39
1708983600,2031.36,2031.445,2031.175,2031.285,177
1708983900,2031.285,2031.45,2030.985,2030.99,47
1708984200,2030.99,2031.285,2030.93,2031.105,71
1708984500,2031.105,2031.485,2031.105,2031.25,94
1708988400,2031.25,2031.25,2030.97,2030.97,1
1708988700,2030.97,2031.18,2030.875,2031.16,82
1708989000,2031.16,2031.17,2030.865,2030.98,82
1708989300,2030.98,2031.13,2030.8,2030.91,55
1708989600,2030.91,2031.11,2030.73,2031.035,96
1708989900,2031.035,2031.15,2030.935,2031.01,57
1708990200,2031.01,2031.42,2030.99,2031.2,192
1708990500,2031.2,2031.5,2031.19,2031.3,55
1708990800,2031.3,2031.38,2031.16,2031.37,31
1708991100,2031.37,2031.695,2030.995,2031.06,123
1708991400,2031.06,2031.17,2030.99,2031.07,71
1708991700,2031.07,2031.44,2031.045,2031.365,68
1708992000,2031.365,2032.615,2031.36,2032.195,392
1708992300,2032.195,2032.215,2031.73,2031.815,131
1708992600,2031.815,2032.505,2031.73,2032.08,165
1708992900,2032.08,2032.53,2031.955,2032.365,158
1708993200,2032.365,2032.495,2032.17,2032.175,103
1708993500,2032.175,2032.255,2031.355,2032.04,159
1708993800,2032.04,2032.155,2031.47,2031.875,256
1708994100,2031.875,2031.995,2031.715,2031.75,184
1708994400,2031.75,2031.775,2031.29,2031.3,221
1708994700,2031.3,2031.57,2031.115,2031.22,280
1708995000,2031.22,2031.335,2031.105,2031.18,229
1708995300,2031.18,2031.805,2031.115,2031.575,98
1708995600,2031.575,2032.225,2031.355,2031.62,506
1708995900,2031.62,2032.3,2031.505,2032.29,295
1708996200,2032.29,2032.89,2032.125,2032.885,190
1708996500,2032.885,2033.15,2032.505,2033.025,199
1708996800,2033.025,2033.12,2032.615,2032.67,166
1708997100,2032.67,2033.005,2032.61,2032.645,282
1708997400,2032.645,2033.56,2032.52,2033.5,336
1708997700,2033.5,2033.5,2032.65,2032.66,248
1708998000,2032.66,2033.34,2032.465,2033.34,379
1708998300,2033.34,2033.435,2032.925,2032.97,225
1708998600,2032.97,2033.72,2032.96,2033.71,369
1708998900,2033.71,2033.84,2033.495,2033.635,318
1708999200,2033.635,2033.92,2033.515,2033.62,155
1708999500,2033.62,2033.9,2033.55,2033.88,63
1708999800,2033.88,2033.895,2033.43,2033.615,101
1709000100,2033.615,2033.615,2032.91,2033.19,90
1709000400,2033.19,2033.19,2032.815,2033.105,123
1709000700,2033.105,2033.165,2032.625,2033.03,67
1709001000,2033.03,2033.99,2032.875,2033.83,274
1709001300,2033.83,2034.49,2033.745,2034.285,253
1709001600,2034.285,2034.625,2033.855,2034.185,276
1709001900,2034.185,2034.21,2033.545,2033.58,221
1709002200,2033.58,2033.6,2033.155,2033.16,129
1709002500,2033.16,2033.16,2032.74,2032.74,144
1709002800,2032.74,2033.29,2032.74,2033.16,136
1709003100,2033.16,2033.21,2032.49,2032.49,135
1709003400,2032.49,2032.775,2032.39,2032.44,296
1709003700,2032.44,2032.99,2032.395,2032.63,156
1709004000,2032.63,2032.875,2032.57,2032.72,46
1709004300,2032.72,2032.8,2032.485,2032.7,115
1709004600,2032.7,2033.02,2032.61,2032.91,134
1709004900,2032.91,2033.03,2032.825,2033.03,52
1709005200,2033.03,2033.03,2032.65,2032.675,48
1709005500,2032.675,2033.01,2032.575,2032.89,52
1709005800,2032.89,2033.18,2032.875,2033.075,62
1709006100,2033.075,2033.515,2033.07,2033.49,63
1709006400,2033.49,2033.88,2033.48,2033.81,119
1709006700,2033.81,2034.025,2033.69,2033.94,137
1709007000,2033.94,2034.265,2033.865,2033.96,175
1709007300,2033.96,2034.17,2033.795,2033.96,127
1709007600,2033.96,2034.02,2033.85,2033.95,137
1709007900,2033.95,2034.11,2033.885,2034.105,118
1709008200,2034.105,2034.555,2033.99,2034.285,182
1709008500,2034.285,2034.63,2034.07,2034.285,111
1709008800,2034.285,2034.395,2034.09,2034.37,79
1709009100,2034.37,2034.495,2033.775,2033.825,183
1709009400,2033.825,2033.85,2033.59,2033.84,98
1709009700,2033.84,2033.93,2033.69,2033.83,63
1709010000,2033.83,2033.925,2033.49,2033.605,218
1709010300,2033.605,2033.705,2033.39,2033.495,216
1709010600,2033.495,2033.51,2033.15,2033.365,109
1709010900,2033.365,2033.42,2033.175,2033.275,182
1709011200,2033.275,2033.44,2032.955,2033.44,192
1709011500,2033.44,2033.44,2032.86,2032.925,129
1709011800,2032.925,2033.505,2032.915,2033.425,299
1709012100,2033.425,2033.505,2033.295,2033.505,124
1709012400,2033.505,2033.69,2033.19,2033.435,170
1709012700,2033.435,2033.695,2033.37,2033.62,150
1709013000,2033.62,2034.09,2033.57,2033.9,124
1709013300,2033.9,2034.02,2033.67,2033.7,121
1709013600,2033.7,2033.7,2033.35,2033.55,152
1709013900,2033.55,2033.765,2033.405,2033.615,179
1709014200,2033.615,2033.855,2033.475,2033.555,177
1709014500,2033.555,2033.92,2033.395,2033.64,216
1709014800,2033.64,2033.92,2033.63,2033.92,134
1709015100,2033.92,2034.02,2033.715,2033.935,118
1709015400,2033.935,2034.8,2033.92,2034.505,146
1709015700,2034.505,2035.06,2034.415,2034.915,231
1709016000,2034.915,2034.915,2033.765,2033.77,236
1709016300,2033.77,2034.135,2033.77,2033.79,159
1709016600,2033.79,2034.1,2033.775,2033.93,181
1709016900,2033.93,2033.93,2033.345,2033.53,145
1709017200,2033.53,2034.065,2033.335,2033.96,248
1709017500,2033.96,2034.29,2033.935,2034.05,291
1709017800,2034.05,2034.815,2034.01,2034.805,228
1709018100,2034.805,2035.035,2034.48,2034.5,335
1709018400,2034.5,2035.525,2034.485,2035.425,323
1709018700,2035.425,2035.855,2034.91,2034.91,275
1709019000,2034.91,2035.805,2034.88,2035.69,292
1709019300,2035.69,2036.215,2035.685,2036.055,225
1709019600,2036.055,2036.29,2035.99,2036.18,252
1709019900,2036.18,2036.235,2035.58,2035.66,353
1709020200,2035.66,2036.085,2035.47,2035.695,380
1709020500,2035.695,2035.915,2035.365,2035.445,329
1709020800,2035.445,2035.835,2034.865,2035.075,580
1709021100,2035.075,2035.56,2034.695,2035.56,432
1709021400,2035.56,2035.79,2035.2,2035.675,227
1709021700,2035.675,2036.24,2035.675,2036.005,444
1709022000,2036.005,2037.385,2035.96,2037.14,503
1709022300,2037.14,2037.495,2036.885,2037.41,416
1709022600,2037.41,2038.21,2037.215,2037.91,382
1709022900,2037.91,2038.705,2037.71,2038.38,338
1709023200,2038.38,2039.275,2038.29,2038.785,369
1709023500,2038.785,2039.295,2038.76,2039.1,370
1709023800,2039.1,2039.51,2038.52,2038.64,415
1709024100,2038.64,2038.675,2037.54,2038.16,440
1709024400,2038.16,2038.18,2037.58,2038.08,349
1709024700,2038.08,2038.13,2037.255,2037.61,256
1709025000,2037.61,2037.79,2037.18,2037.285,424
1709025300,2037.285,2037.48,2036.505,2036.905,236
1709025600,2036.905,2036.96,2036.655,2036.81,228
1709025900,2036.81,2037.01,2036.515,2036.64,221
1709026200,2036.64,2036.785,2035.735,2035.77,307
1709026500,2035.77,2036.18,2035.66,2035.985,309
1709026800,2035.985,2035.985,2035.505,2035.7,410
1709027100,2035.7,2037.015,2035.425,2036.89,476
1709027400,2036.89,2037.395,2036.51,2037.205,378
1709027700,2037.205,2037.205,2036.68,2036.695,261
1709028000,2036.695,2036.76,2036.455,2036.675,285
1709028300,2036.675,2036.7,2035.965,2036.1,459
1709028600,2036.1,2036.1,2035.405,2035.405,297
1709028900,2035.405,2035.66,2034.86,2035.635,446
1709029200,2035.635,2035.87,2035.48,2035.655,188
1709029500,2035.655,2036.15,2035.355,2036.025,457
1709029800,2036.025,2036.42,2035.8,2035.9,425
1709030100,2035.9,2035.91,2034.69,2035.345,434
1709030400,2035.345,2036.045,2035.11,2035.86,360
1709030700,2035.86,2036.14,2035.605,2035.885,258
1709031000,2035.885,2036.31,2035.81,2036.29,179
1709031300,2036.29,2036.63,2036.075,2036.515,167
1709031600,2036.515,2036.945,2036.465,2036.485,363
1709031900,2036.485,2036.685,2036.22,2036.485,387
1709032200,2036.485,2036.965,2036.235,2036.615,324
1709032500,2036.615,2036.925,2036.495,2036.665,390
1709032800,2036.665,2037.32,2036.525,2036.65,502
1709033100,2036.65,2036.74,2035.67,2035.67,556
1709033400,2035.67,2035.995,2035.6,2035.95,292
1709033700,2035.95,2037.165,2035.95,2037.145,302
1709034000,2037.145,2037.845,2037.13,2037.84,451
1709034300,2037.84,2038.425,2037.745,2038.185,578
1709034600,2038.185,2038.785,2038.025,2038.415,453
1709034900,2038.415,2038.505,2037.92,2038.295,334
1709035200,2038.295,2039.18,2038.295,2038.355,391
1709035500,2038.355,2038.505,2037.77,2038.505,659
1709035800,2038.505,2038.59,2038,2038.535,389
1709036100,2038.535,2038.58,2037.865,2037.95,317
1709036400,2037.95,2037.99,2037.535,2037.99,329
1709036700,2037.99,2038.64,2037.8,2038.475,222
1709037000,2038.475,2038.48,2037.87,2037.96,679
1709037300,2037.96,2038.125,2037.475,2037.845,371
1709037600,2037.845,2038.04,2037.23,2037.365,263
1709037900,2037.365,2038.585,2037.36,2038.165,529
1709038200,2038.165,2038.53,2037.78,2038.22,764
1709038500,2038.22,2038.585,2038.125,2038.375,346
1709038800,2038.375,2038.7,2037.83,2037.855,844
1709039100,2037.855,2038.035,2037.49,2037.705,522
1709039400,2037.705,2037.77,2036.645,2037.02,775
1709039700,2037.02,2037.295,2036.24,2036.24,795
1709040000,2036.24,2037.05,2036.09,2036.83,828
1709040300,2036.83,2037.105,2036.38,2036.65,530
1709040600,2036.65,2038.525,2036.65,2037.415,1093
1709040900,2037.415,2037.74,2035.74,2036.335,1133
1709041200,2036.335,2036.595,2035.72,2035.865,655
1709041500,2035.865,2036.995,2035.32,2036.9,975
1709041800,2036.9,2036.985,2035.835,2036.105,682
1709042100,2036.105,2036.325,2035.475,2035.515,699
1709042400,2035.515,2035.74,2034.855,2034.96,969
1709042700,2034.96,2035.275,2034.4,2034.595,733
1709043000,2034.595,2035.005,2033.675,2033.97,666
1709043300,2033.97,2035.66,2033.76,2035.105,862
1709043600,2035.105,2036.61,2035.105,2035.185,853
1709043900,2035.185,2036.6,2034.785,2036.455,726
1709044200,2036.455,2036.465,2035.445,2036.025,1326
1709044500,2036.025,2036.49,2035.285,2035.305,781
1709044800,2035.305,2035.305,2033.775,2035,1216
1709045100,2035,2035.455,2034.565,2035.11,1025
1709045400,2035.11,2035.83,2034.595,2035.195,764
1709045700,2035.195,2035.66,2034.4,2035.025,623
1709046000,2035.025,2037.2,2034.035,2034.615,1784
1709046300,2034.615,2035.175,2033.675,2034.48,1545
1709046600,2034.48,2035.13,2033.77,2034.205,1084
1709046900,2034.205,2035.19,2034.205,2034.8,651
1709047200,2034.8,2035.545,2034.28,2034.68,886
1709047500,2034.68,2035.375,2034.54,2034.59,828
1709047800,2034.59,2034.6,2033.08,2033.8,1034
1709048100,2033.8,2034.845,2033.405,2034.29,916
1709048400,2034.29,2034.29,2033.405,2033.43,562
1709048700,2033.43,2035.645,2033.36,2034.96,737
1709049000,2034.96,2035.705,2034.5,2034.655,705
1709049300,2034.655,2034.82,2033.805,2033.825,669
1709049600,2033.825,2034.135,2032.985,2033.675,808
1709049900,2033.675,2033.945,2032.655,2032.735,483
1709050200,2032.735,2033.145,2032.435,2032.69,580
1709050500,2032.69,2032.795,2031.84,2032.595,542
1709050800,2032.595,2033.17,2031.98,2032.63,753
1709051100,2032.63,2034.19,2032.585,2034.045,715
1709051400,2034.045,2034.34,2033.495,2033.61,688
1709051700,2033.61,2033.715,2032.91,2033.275,449
1709052000,2033.275,2033.38,2032.675,2033.03,565
1709052300,2033.03,2034.355,2033.025,2033.91,645
1709052600,2033.91,2033.975,2033.155,2033.265,424
1709052900,2033.265,2033.265,2032.645,2033.17,444
1709053200,2033.17,2033.19,2032.09,2032.19,388
1709053500,2032.19,2032.51,2031.8,2031.815,384
1709053800,2031.815,2031.925,2031.035,2031.04,531
1709054100,2031.04,2031.085,2030.525,2030.99,422
1709054400,2030.99,2031.23,2030.67,2031.06,478
1709054700,2031.06,2031.06,2030.085,2030.2,305
1709055000,2030.2,2030.545,2029.82,2030.48,458
1709055300,2030.48,2031.535,2030.48,2030.91,369
1709055600,2030.91,2031.05,2030.695,2030.86,254
1709055900,2030.86,2031.63,2030.86,2031.4,514
1709056200,2031.4,2032.29,2031.335,2032.28,274
1709056500,2032.28,2032.345,2031.9,2032.29,279
1709056800,2032.29,2033.89,2032.05,2033.345,594
1709057100,2033.345,2033.935,2033.315,2033.815,378
1709057400,2033.815,2035.36,2033.51,2035.155,657
1709057700,2035.155,2036.11,2034.535,2035.865,640
1709058000,2035.865,2036.125,2035.11,2035.495,740
1709058300,2035.495,2035.53,2034.23,2034.625,609
1709058600,2034.625,2034.625,2033.475,2033.82,453
1709058900,2033.82,2034.05,2033.23,2033.54,286
1709059200,2033.54,2033.615,2032.94,2033.095,512
1709059500,2033.095,2033.14,2032.22,2033.015,541
1709059800,2033.015,2033.275,2032.775,2032.985,321
1709060100,2032.985,2032.99,2032.025,2032.45,337
1709060400,2032.45,2032.525,2031.79,2032.005,526
1709060700,2032.005,2032.29,2031.845,2032.235,222
1709061000,2032.235,2032.29,2031.765,2031.835,207
1709061300,2031.835,2032.215,2031.82,2031.845,331
1709061600,2031.845,2031.845,2030.175,2030.345,346
1709061900,2030.345,2031.11,2030.125,2031.01,393
1709062200,2031.01,2031.265,2030.34,2030.675,329
1709062500,2030.675,2030.69,2030.235,2030.325,213
1709062800,2030.325,2030.415,2029.825,2030.18,304
1709063100,2030.18,2030.28,2029.48,2029.695,341
1709063400,2029.695,2030.03,2029.595,2029.845,392
1709063700,2029.845,2030.375,2029.765,2030.325,370
1709064000,2030.325,2030.325,2029.685,2029.86,475
1709064300,2029.86,2029.86,2029.125,2029.475,581
1709064600,2029.475,2029.88,2029.355,2029.595,421
1709064900,2029.595,2030.045,2029.54,2029.54,284
1709065200,2029.54,2029.83,2029.345,2029.735,145
1709065500,2029.735,2029.77,2028.855,2029.29,514
1709065800,2029.29,2029.665,2029.255,2029.55,269
1709066100,2029.55,2029.835,2029.46,2029.78,361
1709066400,2029.78,2030.235,2029.72,2030.155,291
1709066700,2030.155,2030.395,2029.975,2030.015,329
1709067000,2030.015,2030.255,2029.88,2030.03,452
1709067300,2030.03,2030.44,2029.985,2030.23,339
1709067600,2030.23,2030.4,2030.125,2030.215,240
1709067900,2030.215,2030.35,2030.12,2030.35,133
1709068200,2030.35,2030.35,2030.105,2030.28,49
1709068500,2030.28,2030.34,2030.01,2030.06,23
1709068800,2030.06,2030.19,2030.005,2030.005,10
1709069100,2030.005,2030.12,2029.945,2029.96,24
1709069400,2029.96,2030.21,2029.935,2030.13,30
1709069700,2030.13,2030.27,2030.03,2030.27,9
1709070000,2030.27,2030.5,2030.27,2030.36,12
1709070300,2030.36,2030.36,2029.94,2030.055,30
1709070600,2030.055,2030.685,2030.055,2030.29,88
1709070900,2030.29,2030.69,2030.24,2030.445,89
1709074800,2030.445,2030.445,2029.94,2029.94,1
1709075100,2029.94,2030.45,2029.94,2030.255,84
1709075400,2030.255,2030.46,2030.06,2030.46,66
1709075700,2030.46,2030.71,2030.18,2030.64,78
1709076000,2030.64,2030.735,2030.505,2030.505,47
1709076300,2030.505,2030.885,2030.41,2030.83,84
1709076600,2030.83,2030.83,2030.48,2030.58,101
1709076900,2030.58,2030.835,2030.545,2030.83,152
1709077200,2030.83,2030.93,2030.68,2030.81,91
1709077500,2030.81,2030.95,2030.45,2030.51,117
1709077800,2030.51,2030.565,2030.305,2030.31,104
1709078100,2030.31,2030.38,2030.17,2030.185,152
1709078400,2030.185,2030.245,2029.215,2029.765,221
1709078700,2029.765,2030.05,2029.66,2029.875,146
1709079000,2029.875,2029.975,2029.58,2029.68,83
1709079300,2029.68,2030.005,2029.545,2029.915,119
1709079600,2029.915,2030.875,2029.895,2030.725,199
1709079900,2030.725,2030.75,2030.17,2030.17,100
1709080200,2030.17,2030.425,2029.755,2030.135,250
1709080500,2030.135,2030.495,2029.89,2030.44,162
1709080800,2030.44,2030.92,2030.44,2030.74,126
1709081100,2030.74,2031.14,2030.605,2031.035,146
1709081400,2031.035,2031.325,2030.95,2031.2,226
1709081700,2031.2,2031.24,2030.895,2030.895,162
1709082000,2030.895,2030.96,2029.815,2030.825,650
1709082300,2030.825,2031.325,2030.705,2030.87,506
1709082600,2030.87,2031.215,2030.65,2031.045,620
1709082900,2031.045,2032.04,2030.88,2031.85,275
1709083200,2031.85,2032.465,2031.79,2032.235,186
1709083500,2032.235,2032.26,2031.755,2032.175,220
1709083800,2032.175,2032.475,2032.145,2032.255,270
1709084100,2032.255,2032.61,2032.125,2032.6,180
1709084400,2032.6,2033.5,2032.505,2033.32,155
1709084700,2033.32,2033.46,2032.93,2032.95,271
1709085000,2032.95,2033.085,2032.835,2032.875,102
1709085300,2032.875,2033.785,2032.85,2033.51,249
1709085600,2033.51,2033.69,2032.645,2032.685,228
1709085900,2032.685,2032.755,2032.34,2032.57,331
1709086200,2032.57,2033.15,2032.36,2032.925,323
1709086500,2032.925,2032.94,2032,2032.24,259
1709086800,2032.24,2032.595,2031.94,2032.33,368
1709087100,2032.33,2032.525,2032.26,2032.35,232
1709087400,2032.35,2032.64,2032.205,2032.55,186
1709087700,2032.55,2032.565,2031.82,2031.83,297
1709088000,2031.83,2031.86,2030.68,2030.68,234
1709088300,2030.68,2031.28,2030.625,2031.215,235
1709088600,2031.215,2031.28,2030.935,2031.04,116
1709088900,2031.04,2031.165,2030.795,2031.13,200
1709089200,2031.13,2031.585,2031.095,2031.54,148
1709089500,2031.54,2031.555,2031.035,2031.045,220
1709089800,2031.045,2031.155,2030.51,2030.6,216
1709090100,2030.6,2030.705,2029.905,2030.115,326
1709090400,2030.115,2031.065,2030.11,2031.005,121
1709090700,2031.005,2031.1,2030.725,2031.03,191
1709091000,2031.03,2031.685,2031.03,2031.585,97
1709091300,2031.585,2031.9,2031.54,2031.55,81
1709091600,2031.55,2031.605,2031.18,2031.23,125
1709091900,2031.23,2031.475,2031.17,2031.17,63
1709092200,2031.17,2031.25,2031.005,2031.005,42
1709092500,2031.005,2031.335,2030.91,2030.985,44
1709092800,2030.985,2031.225,2030.755,2030.76,143
1709093100,2030.76,2030.805,2030.395,2030.54,171
1709093400,2030.54,2030.695,2030.505,2030.54,123
1709093700,2030.54,2030.595,2030.445,2030.46,41
1709094000,2030.46,2030.52,2029.87,2029.91,79
1709094300,2029.91,2031.155,2029.9,2030.73,186
1709094600,2030.73,2031.085,2030.47,2030.72,413
1709094900,2030.72,2030.88,2030.61,2030.825,187
1709095200,2030.825,2030.97,2030.54,2030.87,86
1709095500,2030.87,2030.985,2030.445,2030.675,175
1709095800,2030.675,2030.81,2030.58,2030.7,104
1709096100,2030.7,2030.765,2030.24,2030.255,107
1709096400,2030.255,2030.66,2030.04,2030.605,228
1709096700,2030.605,2030.625,2030.385,2030.4,221
1709097000,2030.4,2030.975,2030.395,2030.805,165
1709097300,2030.805,2030.805,2030.51,2030.715,93
1709097600,2030.715,2030.93,2030.695,2030.93,113
1709097900,2030.93,2030.94,2030.68,2030.91,40
1709098200,2030.91,2030.91,2030.42,2030.645,192
1709098500,2030.645,2030.74,2030.405,2030.715,186
1709098800,2030.715,2030.795,2030.5,2030.555,173
1709099100,2030.555,2031.135,2030.485,2031.04,200
1709099400,2031.04,2031.04,2030.7,2030.725,134
1709099700,2030.725,2031.105,2030.7,2031.02,111
1709100000,2031.02,2031.37,2030.945,2031.34,162
1709100300,2031.34,2032.14,2031.335,2032.045,260
1709100600,2032.045,2032.045,2031.255,2031.66,263
1709100900,2031.66,2031.81,2031.395,2031.5,211
1709101200,2031.5,2031.5,2031.045,2031.25,124
1709101500,2031.25,2031.4,2031.15,2031.305,62
1709101800,2031.305,2031.515,2031.185,2031.37,174
1709102100,2031.37,2031.405,2030.515,2030.545,188
1709102400,2030.545,2030.77,2030.515,2030.7,207
1709102700,2030.7,2030.74,2029.74,2029.805,196
1709103000,2029.805,2029.81,2028.685,2028.995,314
1709103300,2028.995,2029.47,2028.87,2029.39,210
1709103600,2029.39,2029.405,2028.64,2029.165,336
1709103900,2029.165,2029.245,2028.64,2028.985,475
1709104200,2028.985,2029.165,2028.66,2028.735,472
1709104500,2028.735,2029.46,2028.495,2029.16,361
1709104800,2029.16,2029.235,2028.605,2028.84,214
1709105100,2028.84,2029.2,2028.66,2028.845,296
1709105400,2028.845,2029.39,2028.715,2029.085,429
1709105700,2029.085,2029.115,2028.6,2028.7,336
1709106000,2028.7,2028.755,2028.245,2028.25,229
1709106300,2028.25,2028.415,2027.89,2028.07,329
1709106600,2028.07,2028.3,2027.89,2028.29,302
1709106900,2028.29,2028.63,2028.105,2028.14,362
1709107200,2028.14,2028.4,2027.665,2028.08,439
1709107500,2028.08,2028.685,2027.855,2028.67,475
1709107800,2028.67,2028.925,2028.25,2028.925,298
1709108100,2028.925,2029.32,2028.86,2029.13,206
1709108400,2029.13,2029.18,2028.635,2029.13,218
1709108700,2029.13,2029.19,2028.66,2028.845,360
1709109000,2028.845,2028.935,2028.05,2028.475,361
1709109300,2028.475,2028.765,2028.44,2028.57,262
1709109600,2028.57,2028.73,2027.99,2028.055,298
1709109900,2028.055,2028.17,2027.3,2027.58,375
1709110200,2027.58,2027.9,2026.96,2027.01,475
1709110500,2027.01,2027.275,2026.725,2026.86,269
1709110800,2026.86,2027.425,2026.225,2026.315,373
1709111100,2026.315,2026.44,2025.57,2025.97,447
1709111400,2025.97,2026.34,2025.735,2026.34,446
1709111700,2026.34,2026.455,2025.845,2026.155,519
1709112000,2026.155,2026.185,2025.405,2025.635,571
1709112300,2025.635,2025.995,2025.56,2025.74,374
1709112600,2025.74,2025.84,2025.34,2025.455,447
1709112900,2025.455,2025.545,2025.06,2025.45,299
1709113200,2025.45,2026.295,2025.405,2026.205,402
1709113500,2026.205,2026.745,2025.815,2025.94,457
1709113800,2025.94,2025.955,2025.425,2025.885,408
1709114100,2025.885,2026.085,2024.955,2024.975,465
1709114400,2024.975,2025.355,2024.555,2025.02,725
1709114700,2025.02,2026.15,2024.95,2026.135,563
1709115000,2026.135,2026.18,2025.345,2025.4,428
1709115300,2025.4,2025.735,2025.27,2025.36,359
1709115600,2025.36,2025.8,2025.275,2025.3,442
1709115900,2025.3,2025.97,2025.025,2025.525,448
1709116200,2025.525,2025.99,2025.225,2025.965,383
1709116500,2025.965,2026.35,2025.76,2026.175,370
1709116800,2026.175,2027.235,2026.175,2027.12,382
1709117100,2027.12,2027.69,2026.83,2026.91,530
1709117400,2026.91,2027.24,2026.85,2027.11,532
1709117700,2027.11,2027.465,2027.06,2027.43,230
1709118000,2027.43,2027.62,2027.115,2027.62,309
1709118300,2027.62,2027.915,2027.52,2027.695,311
1709118600,2027.695,2027.81,2027.15,2027.2,380
1709118900,2027.2,2027.295,2026.895,2027.045,288
1709119200,2027.045,2027.22,2026.805,2027.185,293
1709119500,2027.185,2027.945,2027.17,2027.375,326
1709119800,2027.375,2027.72,2027.175,2027.48,283
1709120100,2027.48,2027.62,2027.28,2027.54,159
1709120400,2027.54,2027.97,2027.19,2027.57,229
1709120700,2027.57,2027.82,2026.91,2027.725,458
1709121000,2027.725,2027.725,2027.045,2027.235,305
1709121300,2027.235,2027.5,2027.1,2027.34,247
1709121600,2027.34,2028.365,2026.93,2028.225,397
1709121900,2028.225,2028.68,2028.06,2028.44,479
1709122200,2028.44,2029.32,2028.25,2029.24,298
1709122500,2029.24,2029.365,2028.875,2029.05,257
1709122800,2029.05,2029.235,2028.47,2028.71,520
1709123100,2028.71,2029.34,2028.71,2029.21,314
1709123400,2029.21,2029.85,2029.205,2029.39,391
1709123700,2029.39,2029.475,2028.95,2029.335,381
1709124000,2029.335,2029.7,2029.075,2029.63,393
1709124300,2029.63,2030.175,2029.37,2030.175,498
1709124600,2030.175,2030.505,2029.72,2029.84,370
1709124900,2029.84,2029.94,2029.55,2029.65,305
1709125200,2029.65,2029.765,2029.125,2029.71,478
1709125500,2029.71,2030.435,2029.52,2030.34,595
1709125800,2030.34,2032.615,2030.28,2032.365,825
1709126100,2032.365,2033.205,2032.21,2032.94,961
1709126400,2032.94,2034.255,2032.445,2033.745,1198
1709126700,2033.745,2034.225,2032.82,2033.37,755
1709127000,2033.37,2035.875,2032.265,2034.845,1559
1709127300,2034.845,2036.175,2034.13,2034.42,1338
1709127600,2034.42,2035.235,2033.565,2034.58,1236
1709127900,2034.58,2035.55,2034.35,2035.04,1049
1709128200,2035.04,2036.005,2034.735,2035.025,1441
1709128500,2035.025,2036.145,2034.95,2035.855,1232
1709128800,2035.855,2037.95,2034.735,2037.38,1277
1709129100,2037.38,2037.69,2035.505,2036.24,1132
1709129400,2036.24,2036.445,2034.675,2034.69,1017
1709129700,2034.69,2035.295,2034.135,2034.25,778
1709130000,2034.25,2034.615,2033.675,2034.57,825
1709130300,2034.57,2034.715,2033.935,2034.025,519
1709130600,2034.025,2034.03,2033.01,2033.355,1190
1709130900,2033.355,2034.085,2032.92,2033.28,713
1709131200,2033.28,2033.555,2032.725,2032.91,882
1709131500,2032.91,2034.08,2032.605,2032.625,988
1709131800,2032.625,2033.195,2032.075,2032.14,1005
1709132100,2032.14,2032.2,2031.15,2031.81,1006
1709132400,2031.81,2032.725,2031.69,2032.655,774
1709132700,2032.655,2033.555,2031.865,2032.26,930
1709133000,2032.26,2032.755,2031.34,2032.515,731
1709133300,2032.515,2032.965,2031.205,2031.265,926
1709133600,2031.265,2032.635,2030.49,2032.54,938
1709133900,2032.54,2033.37,2032.515,2033.155,891
1709134200,2033.155,2034.08,2032.9,2033.545,733
1709134500,2033.545,2034.12,2032.955,2033.185,602
1709134800,2033.185,2033.515,2032.065,2032.165,709
1709135100,2032.165,2032.565,2031.745,2032.54,723
1709135400,2032.54,2032.67,2031.89,2032.38,757
1709135700,2032.38,2032.735,2031.87,2031.875,699
1709136000,2031.875,2033.205,2031.79,2033.01,834
1709136300,2033.01,2033.335,2032.585,2032.68,690
1709136600,2032.68,2033.1,2032.22,2032.375,589
1709136900,2032.375,2033.965,2032.375,2033.96,516
1709137200,2033.96,2034.16,2033.34,2033.425,395
1709137500,2033.425,2033.82,2033.4,2033.65,586
1709137800,2033.65,2033.75,2032.7,2032.81,619
1709138100,2032.81,2032.815,2032.29,2032.635,360
1709138400,2032.635,2032.725,2032.38,2032.56,243
1709138700,2032.56,2033.04,2032.345,2033.035,416
1709139000,2033.035,2033.18,2032.67,2032.94,505
1709139300,2032.94,2033.86,2032.755,2033.66,480
1709139600,2033.66,2034.255,2033.635,2034.235,419
1709139900,2034.235,2035.11,2034.23,2034.785,468
1709140200,2034.785,2035.655,2034.785,2034.925,613
1709140500,2034.925,2035.06,2034.16,2034.335,490
1709140800,2034.335,2034.545,2033.825,2033.84,241
1709141100,2033.84,2034.035,2033.625,2033.7,318
1709141400,2033.7,2033.72,2032.84,2033.18,489
1709141700,2033.18,2033.54,2032.52,2033.095,519
1709142000,2033.095,2033.355,2032.76,2033.26,425
1709142300,2033.26,2033.275,2032.335,2032.64,495
1709142600,2032.64,2033.415,2032.415,2033.4,394
1709142900,2033.4,2034.05,2033.185,2033.85,277
1709143200,2033.85,2034.505,2033.85,2034.37,312
1709143500,2034.37,2034.895,2034.36,2034.38,402
1709143800,2034.38,2034.39,2033.395,2033.55,492
1709144100,2033.55,2033.89,2033.285,2033.715,431
1709144400,2033.715,2033.755,2033.165,2033.475,390
1709144700,2033.475,2033.765,2032.995,2033.395,416
1709145000,2033.395,2033.835,2032.895,2033.09,295
1709145300,2033.09,2033.32,2032.77,2032.925,383
1709145600,2032.925,2033.115,2032.13,2032.24,399
1709145900,2032.24,2032.24,2031.76,2032.015,348
1709146200,2032.015,2032.21,2031.795,2031.865,230
1709146500,2031.865,2031.865,2031.53,2031.62,428
1709146800,2031.62,2031.645,2030.95,2031.11,214
1709147100,2031.11,2031.75,2030.875,2031.555,292
1709147400,2031.555,2031.76,2031.19,2031.265,498
1709147700,2031.265,2031.445,2031.065,2031.21,466
1709148000,2031.21,2032.06,2031.13,2031.85,349
1709148300,2031.85,2032.17,2031.84,2031.98,292
1709148600,2031.98,2031.98,2031.47,2031.56,322
1709148900,2031.56,2031.63,2031.155,2031.2,275
1709149200,2031.2,2031.905,2031.17,2031.795,364
1709149500,2031.795,2031.94,2031.565,2031.66,95
1709149800,2031.66,2032.06,2031.47,2032.02,213
1709150100,2032.02,2032.43,2032,2032.23,328
1709150400,2032.23,2033.57,2032.175,2033.26,637
1709150700,2033.26,2033.535,2033.21,2033.37,197
1709151000,2033.37,2033.81,2033.315,2033.725,214
1709151300,2033.725,2033.82,2033.145,2033.335,385
1709151600,2033.335,2033.635,2033.23,2033.525,392
1709151900,2033.525,2034.26,2033.44,2034.22,366
1709152200,2034.22,2034.26,2033.485,2033.585,255
1709152500,2033.585,2033.975,2033.535,2033.69,338
1709152800,2033.69,2033.765,2033.54,2033.63,138
1709153100,2033.63,2033.84,2033.56,2033.725,168
1709153400,2033.725,2034.2,2033.525,2034.2,227
1709153700,2034.2,2034.2,2033.715,2033.82,194
1709154000,2033.82,2033.915,2033.645,2033.7,196
1709154300,2033.7,2033.905,2033.7,2033.745,160
1709154600,2033.745,2033.825,2033.5,2033.59,128
1709154900,2033.59,2033.615,2033.305,2033.44,79
1709155200,2033.44,2033.6,2033.13,2033.6,25
1709155500,2033.6,2033.795,2033.54,2033.735,43
1709155800,2033.735,2034.01,2033.64,2034.01,85
1709156100,2034.01,2034.325,2034.01,2034.22,51
1709156400,2034.22,2035.015,2034.19,2034.78,109
1709156700,2034.78,2035.315,2034.655,2034.93,110
1709157000,2034.93,2035.19,2034.835,2035.07,58
1709157300,2035.07,2035.41,2033.56,2034.46,232
1709161200,2034.46,2035.415,2034.46,2035.33,5
1709161500,2035.33,2035.35,2034.94,2035.205,117
1709161800,2035.205,2035.205,2035.03,2035.055,63
1709162100,2035.055,2035.335,2034.76,2035.19,69
1709162400,2035.19,2035.295,2034.92,2034.92,46
1709162700,2034.92,2035.195,2034.91,2034.965,40
1709163000,2034.965,2035.065,2034.93,2034.955,53
1709163300,2034.955,2035.035,2034.845,2035.015,32
1709163600,2035.015,2035.31,2034.985,2035.245,28
1709163900,2035.245,2035.305,2034.95,2035.01,87
1709164200,2035.01,2035.01,2034.69,2034.81,46
1709164500,2034.81,2034.86,2034.675,2034.73,78
1709164800,2034.73,2035.17,2034.61,2034.895,164
1709165100,2034.895,2035.65,2034.895,2035.13,176
1709165400,2035.13,2035.38,2035.035,2035.31,235
1709165700,2035.31,2035.405,2035.115,2035.135,143
1709166000,2035.135,2035.335,2035.035,2035.04,68
1709166300,2035.04,2035.135,2034.815,2034.825,81
1709166600,2034.825,2034.85,2034.295,2034.395,149
1709166900,2034.395,2034.835,2034.345,2034.7,81
1709167200,2034.7,2034.985,2034.515,2034.85,92
1709167500,2034.85,2035.385,2034.81,2035.01,154
1709167800,2035.01,2035.01,2034.315,2034.49,126
1709168100,2034.49,2034.51,2034.01,2034.23,152
1709168400,2034.23,2035.09,2034.22,2034.98,227
1709168700,2034.98,2035.37,2034.8,2035.18,117
1709169000,2035.18,2035.38,2034.885,2034.975,142
1709169300,2034.975,2035.525,2034.7,2034.765,339
1709169600,2034.765,2034.81,2034.36,2034.38,365
1709169900,2034.38,2035.16,2034.36,2034.94,548
1709170200,2034.94,2035.38,2034.67,2035.315,543
1709170500,2035.315,2035.88,2035.16,2035.82,337
1709170800,2035.82,2036.59,2035.82,2036.28,312
1709171100,2036.28,2036.3,2035.565,2035.78,335
1709171400,2035.78,2036.625,2035.53,2036.43,301
1709171700,2036.43,2036.575,2035.765,2036.555,259
1709172000,2036.555,2036.64,2035.965,2036.13,382
1709172300,2036.13,2036.195,2035.53,2036.015,384
1709172600,2036.015,2036.535,2035.83,2036.31,350
1709172900,2036.31,2036.4,2035.825,2036.35,301
1709173200,2036.35,2037.095,2036.25,2037.05,191
1709173500,2037.05,2037.16,2036.7,2036.775,221
1709173800,2036.775,2036.8,2036.17,2036.58,192
1709174100,2036.58,2037.06,2036.09,2037.06,231
1709174400,2037.06,2037.11,2036.385,2036.47,252
1709174700,2036.47,2036.57,2036.025,2036.055,161
1709175000,2036.055,2036.67,2036.005,2036.585,181
1709175300,2036.585,2036.92,2036.4,2036.61,203
1709175600,2036.61,2036.625,2036.29,2036.565,217
1709175900,2036.565,2036.825,2036.435,2036.48,169
1709176200,2036.48,2036.715,2036.095,2036.13,86
1709176500,2036.13,2036.515,2036.025,2036.355,117
1709176800,2036.355,2036.355,2035.77,2035.985,245
1709177100,2035.985,2036.095,2035.58,2035.77,217
1709177400,2035.77,2035.77,2035.28,2035.69,225
1709177700,2035.69,2035.72,2035.535,2035.695,187
1709178000,2035.695,2035.825,2035.505,2035.655,107
1709178300,2035.655,2035.895,2035.65,2035.77,104
1709178600,2035.77,2036.39,2035.77,2036.39,104
1709178900,2036.39,2036.66,2036.375,2036.64,95
1709179200,2036.64,2036.645,2036.135,2036.18,144
1709179500,2036.18,2036.24,2035.89,2036.145,114
1709179800,2036.145,2036.145,2035.855,2035.935,127
1709180100,2035.935,2036.14,2035.715,2036.14,39
1709180400,2036.14,2036.46,2036.01,2036.42,154
1709180700,2036.42,2036.465,2036.04,2036.07,150
1709181000,2036.07,2036.085,2035.745,2036.035,88
1709181300,2036.035,2036.09,2035.64,2035.64,105
1709181600,2035.64,2035.66,2035.46,2035.54,60
1709181900,2035.54,2035.615,2035.15,2035.21,81
1709182200,2035.21,2035.34,2035.19,2035.24,30
1709182500,2035.24,2035.445,2035.2,2035.25,50
1709182800,2035.25,2035.845,2035.25,2035.725,119
1709183100,2035.725,2035.835,2035.425,2035.53,91
1709183400,2035.53,2035.53,2034.875,2035.06,96
1709183700,2035.06,2035.17,2034.86,2034.93,99
1709184000,2034.93,2035.345,2034.755,2035.345,184
1709184300,2035.345,2035.44,2034.615,2034.84,290
1709184600,2034.84,2035.185,2034.485,2035.15,330
1709184900,2035.15,2035.53,2035.005,2035.365,99
1709185200,2035.365,2035.64,2035.19,2035.62,98
1709185500,2035.62,2035.93,2035.545,2035.635,132
1709185800,2035.635,2036.04,2035.565,2036,130
1709186100,2036,2036.04,2035.62,2035.72,144
1709186400,2035.72,2035.835,2035.605,2035.76,260
1709186700,2035.76,2035.94,2035.565,2035.935,161
1709187000,2035.935,2036.025,2035.67,2035.81,218
1709187300,2035.81,2036.445,2035.74,2036.35,168
1709187600,2036.35,2036.55,2036.025,2036.22,225
1709187900,2036.22,2036.585,2036.095,2036.485,155
1709188200,2036.485,2036.765,2036.305,2036.58,212
1709188500,2036.58,2037.055,2036.55,2036.88,228
1709188800,2036.88,2036.915,2036.48,2036.72,141
1709189100,2036.72,2036.915,2036.64,2036.86,89
1709189400,2036.86,2037.1,2036.835,2037.025,124
1709189700,2037.025,2037.11,2036.72,2036.925,115
1709190000,2036.925,2037.19,2036.565,2037.14,264
1709190300,2037.14,2037.575,2037.11,2037.225,231
1709190600,2037.225,2037.37,2036.765,2036.89,164
1709190900,2036.89,2037.04,2036.595,2036.73,245
1709191200,2036.73,2037.055,2036.56,2036.665,213
1709191500,2036.665,2036.73,2036.01,2036.57,282
1709191800,2036.57,2037.37,2036.56,2037.32,571
1709192100,2037.32,2037.8,2037.115,2037.575,332
1709192400,2037.575,2037.89,2037.355,2037.48,357
1709192700,2037.48,2037.865,2036.78,2036.805,558
1709193000,2036.805,2037.32,2036.42,2037.13,448
1709193300,2037.13,2037.42,2036.78,2037.355,368
1709193600,2037.355,2037.385,2036.65,2036.7,488
1709193900,2036.7,2036.765,2035.915,2036.1,245
1709194200,2036.1,2036.16,2035.59,2035.81,454
1709194500,2035.81,2036.65,2035.71,2036.315,469
1709194800,2036.315,2036.95,2036.14,2036.935,210
1709195100,2036.935,2037.335,2036.42,2036.93,173
1709195400,2036.93,2037.01,2036.21,2036.365,264
1709195700,2036.365,2036.72,2035.97,2036.26,255
1709196000,2036.26,2036.635,2036.16,2036.465,225
1709196300,2036.465,2036.57,2035.94,2036.13,287
1709196600,2036.13,2037.125,2036.075,2036.745,263
1709196900,2036.745,2037.54,2036.685,2037.285,231
1709197200,2037.285,2037.53,2036.635,2037.04,732
1709197500,2037.04,2037.115,2036.415,2036.625,402
1709197800,2036.625,2036.87,2036.29,2036.365,322
1709198100,2036.365,2036.48,2035.445,2035.565,477
1709198400,2035.565,2035.66,2035.21,2035.55,368
1709198700,2035.55,2036.13,2035.405,2035.795,316
1709199000,2035.795,2036.115,2035.5,2035.55,424
1709199300,2035.55,2035.725,2034.935,2035.13,168
1709199600,2035.13,2035.415,2034.95,2035.305,374
1709199900,2035.305,2035.35,2034.09,2034.63,356
1709200200,2034.63,2034.92,2034.135,2034.9,431
1709200500,2034.9,2035.125,2034.505,2034.64,582
1709200800,2034.64,2034.795,2034.135,2034.71,483
1709201100,2034.71,2034.87,2034.535,2034.62,203
1709201400,2034.62,2034.645,2034.065,2034.175,282
1709201700,2034.175,2034.22,2033.29,2033.96,193
1709202000,2033.96,2033.96,2033.11,2033.125,277
1709202300,2033.125,2033.13,2032.54,2032.605,451
1709202600,2032.605,2033.08,2032.405,2032.66,313
1709202900,2032.66,2032.685,2031.63,2031.81,424
1709203200,2031.81,2032.035,2031.35,2031.67,432
1709203500,2031.67,2031.67,2030.74,2031.315,589
1709203800,2031.315,2031.32,2030.565,2031.03,426
1709204100,2031.03,2031.045,2030.625,2030.89,436
1709204400,2030.89,2030.97,2030.295,2030.555,463
1709204700,2030.555,2031.48,2030.36,2031.425,409
1709205000,2031.425,2031.535,2031.11,2031.235,339
1709205300,2031.235,2031.325,2030.94,2030.975,289
1709205600,2030.975,2031.295,2030.825,2031.28,221
1709205900,2031.28,2031.875,2030.945,2031.035,421