time,open,high,low,close,volume
1452502800,98.612,98.628,98.55,98.603,0
1452506400,98.61,98.614,98.487,98.487,0
1452510000,98.497,98.547,98.446,98.504,0
1452513600,98.496,98.537,98.432,98.496,0
1452517200,98.493,98.613,98.463,98.605,0
1452520800,98.604,98.725,98.495,98.5,0
1452524400,98.504,98.831,98.489,98.828,0
1452528000,98.835,98.845,98.552,98.676,0
1452531600,98.681,98.681,98.575,98.673,0
1452535200,98.665,98.685,98.547,98.609,0
1452538800,98.606,98.781,98.58,98.725,0
1452542400,98.724,98.895,98.676,98.878,0
1452546000,98.882,98.882,98.821,98.821,0
1452549600,98.839,98.86,98.792,98.813,0
1452553200,98.816,98.835,98.806,98.816,0
1452556800,98.797,98.892,98.778,98.876,0
1452560400,98.877,98.949,98.809,98.869,0
1452564000,98.867,98.867,98.702,98.718,0
1452567600,98.719,98.763,98.672,98.699,0
1452571200,98.701,98.724,98.675,98.697,0
1452574800,98.696,98.757,98.685,98.753,0
1452578400,98.749,98.759,98.628,98.682,0
1452582000,98.679,98.696,98.573,98.643,0
1452585600,98.64,98.764,98.589,98.683,0
1452589200,98.685,98.901,98.653,98.889,0
1452592800,98.891,99.004,98.889,98.982,0
1452596400,98.981,99.018,98.91,98.932,0
1452600000,98.933,99.079,98.904,99.021,0
1452603600,99.019,99.067,98.91,98.935,0
1452607200,98.936,99.039,98.893,99.02,0
1452610800,99.023,99.264,98.978,99.246,0
1452614400,99.238,99.276,99.087,99.147,0
1452618000,99.14,99.224,99.078,99.091,0
1452621600,99.09,99.155,98.963,99.001,0
1452625200,98.999,98.999,98.817,98.974,0
1452628800,98.976,99.036,98.944,98.965,0
1452632400,98.968,99.001,98.918,98.921,0
1452636000,98.943,99.033,98.912,99.033,0
1452639600,99.031,99.04,99.002,99.019,0
1452643200,99.032,99.124,99.032,99.067,0
1452646800,99.066,99.188,99.061,99.152,0
1452650400,99.149,99.231,99.149,99.156,0
1452654000,99.155,99.182,99.125,99.178,0
1452657600,99.18,99.193,99.131,99.156,0
1452661200,99.158,99.17,99.112,99.152,0
1452664800,99.155,99.163,99.101,99.13,0
1452668400,99.133,99.255,99.105,99.243,0
1452672000,99.239,99.293,99.133,99.171,0
1452675600,99.163,99.268,99.136,99.191,0
1452679200,99.194,99.292,99.194,99.275,0
1452682800,99.278,99.278,99.163,99.241,0
1452686400,99.238,99.333,99.222,99.273,0
1452690000,99.268,99.279,99.169,99.178,0
1452693600,99.183,99.219,99.001,99.068,0
1452697200,99.07,99.116,98.882,99.116,0
1452700800,99.111,99.111,98.97,98.973,0
1452704400,98.979,99.106,98.977,99.059,0
1452708000,99.056,99.128,99,99.047,0
1452711600,99.049,99.082,98.891,98.933,0
1452715200,98.926,98.977,98.886,98.892,0
1452718800,98.881,98.986,98.861,98.944,0
1452722400,98.94,98.955,98.882,98.885,0
1452726000,98.895,98.903,98.882,98.886,0
1452729600,98.818,98.923,98.804,98.885,0
1452733200,98.882,98.93,98.829,98.927,0
1452736800,98.926,98.926,98.85,98.895,0
1452740400,98.893,98.957,98.882,98.901,0
1452744000,98.904,98.919,98.815,98.854,0
1452747600,98.855,98.964,98.842,98.94,0
1452751200,98.946,99.021,98.935,99.021,0
1452754800,99.018,99.133,98.987,99.097,0
1452758400,99.098,99.118,98.72,98.765,0
1452762000,98.755,98.876,98.62,98.876,0
1452765600,98.869,98.892,98.717,98.734,0
1452769200,98.743,98.753,98.59,98.676,0
1452772800,98.672,98.949,98.629,98.926,0
1452776400,98.929,98.959,98.814,98.858,0
1452780000,98.861,98.944,98.698,98.728,0
1452783600,98.732,99.247,98.722,99.234,0
1452787200,99.217,99.257,99.084,99.084,0
1452790800,99.088,99.157,99.042,99.093,0
1452794400,99.082,99.193,99.08,99.115,0
1452798000,99.109,99.146,99.073,99.089,0
1452801600,99.09,99.131,99.05,99.063,0
1452805200,99.06,99.111,99.033,99.061,0
1452808800,99.059,99.086,99.001,99.08,0
1452812400,99.081,99.081,99.054,99.07,0
1452816000,99.099,99.114,99.056,99.059,0
1452819600,99.052,99.065,98.966,99.018,0
1452823200,99.015,99.037,98.958,98.958,0
1452826800,98.963,99.009,98.937,98.961,0
1452830400,98.96,98.985,98.892,98.937,0
1452834000,98.94,98.994,98.904,98.981,0
1452837600,98.986,99.021,98.915,98.977,0
1452841200,98.98,99.121,98.953,99.081,0
1452844800,99.086,99.12,98.906,98.919,0
1452848400,98.929,99.009,98.838,98.905,0
1452852000,98.907,98.967,98.847,98.88,0
1452855600,98.872,99.013,98.846,98.922,0
1452859200,98.926,98.943,98.85,98.902,0
1452862800,98.897,98.897,98.378,98.561,0
1452866400,98.554,98.71,98.452,98.53,0
1452870000,98.521,98.704,98.491,98.64,0
1452873600,98.65,98.723,98.552,98.58,0
1452877200,98.586,98.692,98.448,98.662,0
1452880800,98.657,98.706,98.588,98.691,0
1452884400,98.695,98.967,98.655,98.956,0
1452888000,98.961,98.961,98.828,98.909,0
1452891600,98.901,98.971,98.893,98.923,0
1452895200,98.922,98.952,98.919,98.945,0
1453161600,99.131,99.184,99.126,99.181,0
1453165200,99.18,99.188,99.105,99.152,0
1453168800,99.149,99.193,99.034,99.071,0
1453172400,99.07,99.145,99.025,99.117,0
1453176000,99.119,99.161,99.113,99.125,0
1453179600,99.126,99.182,99.107,99.143,0
1453183200,99.145,99.202,99.121,99.19,0
1453186800,99.186,99.26,99.169,99.24,0
1453190400,99.234,99.234,99.109,99.122,0
1453194000,99.098,99.182,99.05,99.153,0
1453197600,99.151,99.206,99.093,99.165,0
1453201200,99.172,99.246,99.151,99.233,0
1453204800,99.23,99.262,99.167,99.235,0
1453208400,99.232,99.31,99.223,99.279,0
1453212000,99.28,99.292,99.058,99.176,0
1453215600,99.183,99.219,99.116,99.171,0
1453219200,99.17,99.18,99.081,99.102,0
1453222800,99.098,99.128,98.907,98.932,0
1453226400,98.93,98.955,98.885,98.942,0
1453230000,98.944,98.998,98.864,98.991,0
1453233600,98.99,99.105,98.981,99.067,0
1453237200,99.073,99.135,99.04,99.112,0
1453240800,99.122,99.155,99.07,99.07,0
1453244400,99.075,99.098,99.072,99.078,0
1453248000,99.019,99.047,98.983,99.013,0
1453251600,99.017,99.025,98.938,99.006,0
1453255200,98.993,99.036,98.951,98.982,0
1453258800,98.98,98.98,98.845,98.881,0
1453262400,98.876,98.882,98.809,98.814,0
1453266000,98.816,98.841,98.758,98.831,0
1453269600,98.839,98.839,98.731,98.796,0
1453273200,98.793,98.899,98.747,98.881,0
1453276800,98.89,98.89,98.626,98.73,0
1453280400,98.729,99.011,98.695,98.953,0
1453284000,98.95,98.953,98.85,98.912,0
1453287600,98.905,99.074,98.905,99.044,0
1453291200,99.041,99.124,99.004,99.025,0
1453294800,99.018,99.135,98.957,98.98,0
1453298400,98.983,99.085,98.9,98.999,0
1453302000,98.972,99.077,98.835,99.064,0
1453305600,99.056,99.108,98.976,99.007,0
1453309200,99.011,99.016,98.837,98.904,0
1453312800,98.915,99.073,98.883,99.01,0
1453316400,99.011,99.165,98.971,99.091,0
1453320000,99.086,99.185,99.076,99.091,0
1453323600,99.083,99.108,99.057,99.085,0
1453327200,99.087,99.115,99.068,99.105,0
1453330800,99.112,99.112,99.062,99.063,0
1453334400,99.176,99.239,99.144,99.21,0
1453338000,99.211,99.239,99.14,99.223,0
1453341600,99.222,99.233,99.183,99.199,0
1453345200,99.201,99.216,99.122,99.127,0
1453348800,99.125,99.167,99.088,99.099,0
1453352400,99.098,99.125,99.03,99.035,0
1453356000,99.036,99.076,98.972,99.009,0
1453359600,99.014,99.028,98.909,98.997,0
1453363200,98.998,99.128,98.994,99.04,0
1453366800,99.048,99.096,99.018,99.079,0
1453370400,99.084,99.139,99.031,99.119,0
1453374000,99.108,99.108,98.981,99.027,0
1453377600,99.029,99.116,98.973,99.069,0
1453381200,99.063,99.799,98.97,99.687,0
1453384800,99.684,99.768,99.366,99.42,0
1453388400,99.427,99.566,99.408,99.444,0
1453392000,99.443,99.491,99.286,99.315,0
1453395600,99.319,99.378,99.231,99.285,0
1453399200,99.29,99.352,98.942,99.033,0
1453402800,99.039,99.088,98.975,99.056,0
1453406400,99.051,99.079,98.935,98.971,0
1453410000,98.966,99.095,98.966,99.071,0
1453413600,99.085,99.164,99.077,99.108,0
1453417200,99.105,99.121,99.094,99.116,0
1453420800,99.178,99.274,99.175,99.193,0
1453424400,99.192,99.281,99.18,99.222,0
1453428000,99.224,99.355,99.215,99.289,0
1453431600,99.293,99.311,99.238,99.288,0
1453435200,99.284,99.366,99.284,99.352,0
1453438800,99.353,99.383,99.322,99.358,0
1453442400,99.357,99.374,99.264,99.331,0
1453446000,99.337,99.461,99.332,99.347,0
1453449600,99.343,99.372,99.22,99.256,0
1453453200,99.249,99.268,99.113,99.253,0
1453456800,99.255,99.264,99.205,99.215,0
1453460400,99.219,99.326,99.216,99.26,0
1453464000,99.262,99.341,99.24,99.312,0
1453467600,99.313,99.464,99.297,99.328,0
1453471200,99.326,99.403,99.275,99.275,0
1453474800,99.283,99.401,99.197,99.29,0
1453478400,99.298,99.436,99.239,99.374,0
1453482000,99.376,99.458,99.35,99.405,0
1453485600,99.404,99.536,99.385,99.515,0
1453489200,99.509,99.58,99.493,99.574,0
1453492800,99.572,99.592,99.531,99.544,0
1453496400,99.541,99.562,99.49,99.513,0
1453500000,99.522,99.538,99.521,99.534,0
1453672800,99.553,99.575,99.527,99.561,0
1453676400,99.559,99.588,99.52,99.533,0
1453680000,99.527,99.547,99.479,99.523,0
1453683600,99.52,99.539,99.402,99.467,0
1453687200,99.468,99.504,99.389,99.425,0
1453690800,99.421,99.44,99.365,99.39,0
1453694400,99.391,99.418,99.365,99.406,0
1453698000,99.408,99.412,99.35,99.381,0
1453701600,99.383,99.454,99.369,99.447,0
1453705200,99.444,99.445,99.363,99.424,0
1453708800,99.426,99.441,99.31,99.365,0
1453712400,99.366,99.434,99.327,99.422,0
1453716000,99.427,99.439,99.371,99.437,0
1453719600,99.443,99.467,99.395,99.438,0
1453723200,99.437,99.487,99.404,99.405,0
1453726800,99.409,99.441,99.292,99.341,0
1453730400,99.34,99.372,99.239,99.292,0
1453734000,99.287,99.407,99.26,99.375,0
1453737600,99.373,99.444,99.342,99.417,0
1453741200,99.411,99.457,99.374,99.411,0
1453744800,99.406,99.436,99.325,99.326,0
1453748400,99.325,99.37,99.323,99.36,0
1453752000,99.355,99.365,99.232,99.246,0
1453755600,99.252,99.307,99.231,99.296,0
1453759200,99.298,99.319,99.278,99.304,0
1453762800,99.303,99.307,99.273,99.282,0
1453766400,99.299,99.352,99.27,99.316,0
1453770000,99.317,99.317,99.223,99.284,0
1453773600,99.28,99.291,99.235,99.287,0
1453777200,99.284,99.328,99.261,99.311,0
1453780800,99.312,99.338,99.269,99.27,0
1453784400,99.271,99.343,99.255,99.316,0
1453788000,99.314,99.341,99.229,99.256,0
1453791600,99.257,99.302,99.136,99.179,0
1453795200,99.173,99.352,99.169,99.339,0
1453798800,99.35,99.401,99.296,99.362,0
1453802400,99.365,99.451,99.333,99.436,0
1453806000,99.434,99.455,99.373,99.426,0
1453809600,99.417,99.429,99.326,99.383,0
1453813200,99.384,99.39,99.289,99.36,0
1453816800,99.362,99.387,99.25,99.275,0
1453820400,99.269,99.306,99.14,99.143,0
1453824000,99.141,99.214,99.062,99.136,0
1453827600,99.143,99.186,99.083,99.142,0
1453831200,99.143,99.183,99.107,99.181,0
1453834800,99.185,99.194,99.081,99.087,0
1453838400,99.084,99.094,99.025,99.043,0
1453842000,99.04,99.094,98.996,98.996,0
1453845600,98.999,99.069,98.996,99.021,0
1453849200,99.022,99.043,99.006,99.039,0
1453852800,99.027,99.1,99.022,99.091,0
1453856400,99.09,99.126,99.048,99.073,0
1453860000,99.079,99.087,99.02,99.024,0
1453863600,99.028,99.046,98.985,99.001,0
1453867200,99.002,99.073,99,99.062,0
1453870800,99.066,99.088,99.021,99.052,0
1453874400,99.046,99.098,99.04,99.083,0
1453878000,99.082,99.089,98.938,99.022,0
1453881600,99.005,99.1,98.993,99.041,0
1453885200,99.04,99.04,98.977,99.004,0
1453888800,99.003,99.055,98.976,99.02,0
1453892400,99.023,99.055,98.991,98.995,0
1453896000,98.997,99.008,98.83,98.863,0
1453899600,98.86,98.888,98.711,98.852,0
1453903200,98.855,98.991,98.817,98.941,0
1453906800,98.936,99.151,98.936,99.104,0
1453910400,99.095,99.14,99.012,99.092,0
1453914000,99.095,99.15,99.066,99.082,0
1453917600,99.079,99.11,99.019,99.082,0
1453921200,99.089,99.163,98.861,98.902,0
1453924800,98.912,98.986,98.846,98.97,0
1453928400,98.966,99.011,98.931,98.974,0
1453932000,98.979,98.999,98.884,98.897,0
1453935600,98.894,98.934,98.888,98.919,0
1453939200,98.885,98.952,98.875,98.944,0
1453942800,98.941,99.017,98.941,99.012,0
1453946400,99.016,99.035,98.964,98.998,0
1453950000,98.99,99.02,98.962,98.979,0
1453953600,98.983,99.039,98.968,99.035,0
1453957200,99.037,99.061,99.02,99.029,0
1453960800,99.031,99.092,99.015,99.092,0
1453964400,99.086,99.105,99.032,99.054,0
1453968000,99.047,99.068,98.87,98.905,0
1453971600,98.9,98.917,98.764,98.821,0
1453975200,98.822,98.908,98.781,98.839,0
1453978800,98.837,98.883,98.801,98.818,0
1453982400,98.814,98.91,98.796,98.897,0
1453986000,98.894,98.963,98.668,98.738,0
1453989600,98.737,98.788,98.665,98.699,0
1453993200,98.695,98.736,98.548,98.596,0
1453996800,98.597,98.619,98.502,98.55,0
1454000400,98.552,98.569,98.501,98.569,0
1454004000,98.57,98.576,98.425,98.451,0
1454007600,98.447,98.527,98.441,98.51,0
1454011200,98.506,98.61,98.506,98.601,0
1454014800,98.608,98.623,98.571,98.601,0
1454018400,98.603,98.62,98.587,98.611,0
1454022000,98.606,98.613,98.574,98.586,0
1454032800,98.616,98.638,98.593,98.631,0
1454036400,98.634,99.241,98.621,98.805,0
1454040000,98.809,98.872,98.587,98.782,0
1454043600,98.788,98.928,98.784,98.9,0
1454047200,98.902,98.998,98.867,98.945,0
1454050800,98.943,99.07,98.922,98.983,0
1454054400,98.995,99.089,98.981,99.089,0
1454058000,99.083,99.134,99.034,99.066,0
1454061600,99.067,99.095,98.982,99.063,0
1454065200,99.061,99.099,99.042,99.095,0
1454068800,99.103,99.197,99.034,99.112,0
1454072400,99.11,99.447,99.051,99.436,0
1454076000,99.438,99.618,99.374,99.597,0
1454079600,99.596,99.78,99.588,99.731,0
1454083200,99.729,99.829,99.645,99.662,0
1454086800,99.654,99.732,99.504,99.504,0
1454090400,99.523,99.66,99.518,99.656,0
1454094000,99.659,99.662,99.576,99.606,0
1454097600,99.614,99.623,99.543,99.562,0
1454101200,99.557,99.569,99.499,99.519,0
1454104800,99.517,99.552,99.517,99.531,0
1454277600,99.559,99.616,99.547,99.615,0
1454281200,99.628,99.704,99.619,99.619,0
1454284800,99.624,99.633,99.528,99.544,0
1454288400,99.537,99.568,99.487,99.568,0
1454292000,99.555,99.56,99.46,99.48,0
1454295600,99.485,99.509,99.448,99.469,0
1454299200,99.467,99.497,99.448,99.473,0
1454302800,99.467,99.508,99.46,99.483,0
1454306400,99.484,99.52,99.455,99.479,0
1454310000,99.477,99.518,99.431,99.489,0
1454313600,99.479,99.499,99.394,99.459,0
1454317200,99.451,99.502,99.39,99.445,0
1454320800,99.448,99.477,99.375,99.415,0
1454324400,99.419,99.423,99.362,99.393,0
1454328000,99.389,99.406,99.286,99.286,0
1454331600,99.288,99.308,99.212,99.261,0
1454335200,99.265,99.274,99.061,99.094,0
1454338800,99.089,99.128,98.983,99.105,0
1454342400,99.11,99.228,99.049,99.144,0
1454346000,99.141,99.156,99.04,99.103,0
1454349600,99.1,99.145,99.084,99.106,0
1454353200,99.104,99.112,98.93,99.009,0
1454356800,99.004,99.012,98.956,98.978,0
1454360400,98.979,99.032,98.977,99.032,0
1454364000,99.028,99.054,99.002,99.039,0
1454367600,99.043,99.059,99.023,99.042,0
1454371200,98.986,99.016,98.974,98.998,0
1454374800,99.001,99.006,98.918,98.974,0
1454378400,98.965,98.99,98.923,98.989,0
1454382000,98.983,99.008,98.911,98.951,0
1454385600,98.946,98.981,98.864,98.891,0
1454389200,98.894,98.973,98.865,98.952,0
1454392800,98.943,99.045,98.935,99.006,0
1454396400,99.008,99.032,98.936,98.985,0
1454400000,98.979,99.034,98.947,98.963,0
1454403600,98.97,99.032,98.94,98.984,0
1454407200,98.983,99.019,98.94,98.979,0
1454410800,98.976,98.994,98.896,98.911,0
1454414400,98.896,98.95,98.866,98.938,0
1454418000,98.948,98.986,98.837,98.837,0
1454421600,98.842,98.921,98.777,98.831,0
1454425200,98.833,99.083,98.826,99.021,0
1454428800,99.022,99.086,98.95,98.952,0
1454432400,98.95,98.995,98.888,98.928,0
1454436000,98.914,98.957,98.836,98.836,0
1454439600,98.833,98.929,98.815,98.872,0
1454443200,98.87,98.888,98.794,98.855,0
1454446800,98.857,98.873,98.825,98.852,0
1454450400,98.859,98.861,98.751,98.791,0
1454454000,98.793,98.828,98.764,98.807,0
1454457600,98.826,98.855,98.799,98.836,0
1454461200,98.834,98.834,98.734,98.81,0
1454464800,98.806,98.856,98.792,98.817,0
1454468400,98.818,98.886,98.796,98.874,0
1454472000,98.877,98.887,98.846,98.874,0
1454475600,98.868,98.887,98.832,98.878,0
1454479200,98.877,98.877,98.762,98.817,0
1454482800,98.815,98.922,98.803,98.915,0
1454486400,98.919,98.938,98.84,98.909,0
1454490000,98.901,98.902,98.75,98.763,0
1454493600,98.749,98.758,98.599,98.619,0
1454497200,98.617,98.667,98.574,98.629,0
1454500800,98.633,98.707,98.54,98.546,0
1454504400,98.549,98.598,98.222,98.369,0
1454508000,98.37,98.38,97.95,97.965,0
1454511600,97.967,97.967,97.461,97.615,0
1454515200,97.614,97.641,97.42,97.584,0
1454518800,97.594,97.631,97.447,97.481,0
1454522400,97.484,97.484,96.942,96.971,0
1454526000,96.961,97.343,96.885,97.288,0
1454529600,97.269,97.4,97.148,97.182,0
1454533200,97.18,97.249,97.152,97.228,0
1454536800,97.229,97.403,97.2,97.398,0
1454540400,97.383,97.383,97.298,97.304,0
1454544000,97.297,97.303,97.151,97.164,0
1454547600,97.165,97.364,97.111,97.344,0
1454551200,97.336,97.417,97.309,97.357,0
1454554800,97.353,97.368,97.278,97.301,0
1454558400,97.297,97.376,97.294,97.343,0
1454562000,97.342,97.371,97.328,97.336,0
1454565600,97.331,97.451,97.331,97.423,0
1454569200,97.414,97.465,97.336,97.381,0
1454572800,97.4,97.406,96.962,97.019,0
1454576400,97.017,97.018,96.77,96.815,0
1454580000,96.822,96.863,96.637,96.644,0
1454583600,96.637,96.824,96.63,96.775,0
1454587200,96.785,96.819,96.572,96.604,0
1454590800,96.615,96.654,96.259,96.521,0
1454594400,96.511,96.659,96.457,96.463,0
1454598000,96.453,96.826,96.364,96.742,0
1454601600,96.75,96.759,96.485,96.551,0
1454605200,96.562,96.657,96.54,96.583,0
1454608800,96.581,96.586,96.447,96.467,0
1454612400,96.471,96.503,96.402,96.474,0
1454616000,96.473,96.589,96.446,96.543,0
1454619600,96.536,96.536,96.474,96.517,0
1454623200,96.523,96.599,96.506,96.586,0
1454626800,96.575,96.58,96.552,96.557,0
1454630400,96.557,96.611,96.535,96.544,0
1454634000,96.551,96.62,96.463,96.614,0
1454637600,96.605,96.637,96.556,96.622,0
1454641200,96.62,96.631,96.544,96.563,0
1454644800,96.56,96.606,96.518,96.585,0
1454648400,96.587,96.676,96.57,96.65,0
1454652000,96.645,96.647,96.556,96.616,0
1454655600,96.621,96.68,96.558,96.637,0
1454659200,96.632,96.707,96.542,96.646,0
1454662800,96.643,96.692,96.584,96.607,0
1454666400,96.61,96.688,96.588,96.638,0
1454670000,96.641,96.681,96.568,96.64,0
1454673600,96.651,96.672,96.598,96.613,0
1454677200,96.614,97.035,96.316,96.901,0
1454680800,96.914,97.236,96.858,97.055,0
1454684400,97.05,97.265,97.03,97.045,0
1454688000,97.05,97.201,96.995,97.148,0
1454691600,97.154,97.195,97.06,97.093,0
1454695200,97.092,97.175,97.063,97.085,0
1454698800,97.086,97.097,97.018,97.031,0
1454702400,97.034,97.066,96.992,97.017,0
1454706000,97.021,97.021,96.927,96.978,0
1454709600,96.963,96.978,96.958,96.964,0
1454882400,97.054,97.069,97.031,97.043,0
1454886000,97.041,97.052,97.012,97.042,0
1454889600,97.045,97.115,97.036,97.057,0
1454893200,97.058,97.079,97.011,97.076,0
1454896800,97.074,97.141,97.063,97.125,0
1454900400,97.124,97.15,97.089,97.15,0
1454904000,97.143,97.168,97.11,97.138,0
1454907600,97.135,97.183,97.104,97.112,0
1454911200,97.111,97.158,97.097,97.115,0
1454914800,97.116,97.136,97.003,97.088,0
1454918400,97.094,97.094,96.907,96.998,0
1454922000,96.989,97.003,96.805,96.825,0
1454925600,96.821,96.952,96.789,96.952,0
1454929200,96.954,97.307,96.935,97.21,0
1454932800,97.218,97.273,97.138,97.269,0
1454936400,97.267,97.476,97.253,97.324,0
1454940000,97.333,97.344,97.093,97.142,0
1454943600,97.14,97.198,97.025,97.038,0
1454947200,97.037,97.04,96.665,96.849,0
1454950800,96.854,96.94,96.838,96.875,0
1454954400,96.867,96.889,96.669,96.676,0
1454958000,96.672,96.738,96.556,96.57,0
1454961600,96.563,96.746,96.542,96.736,0
1454965200,96.734,96.787,96.68,96.73,0
1454968800,96.704,96.764,96.636,96.656,0
1454972400,96.664,96.694,96.663,96.675,0
1454976000,96.72,96.773,96.592,96.646,0
1454979600,96.653,96.653,96.537,96.58,0
1454983200,96.577,96.616,96.414,96.502,0
1454986800,96.504,96.532,96.304,96.497,0
1454990400,96.493,96.572,96.454,96.511,0
1454994000,96.512,96.613,96.501,96.562,0
1454997600,96.558,96.654,96.503,96.654,0
1455001200,96.647,96.782,96.529,96.726,0
1455004800,96.728,96.805,96.582,96.744,0
1455008400,96.736,96.825,96.647,96.691,0
1455012000,96.687,96.694,96.478,96.496,0
1455015600,96.509,96.542,96.426,96.508,0
1455019200,96.499,96.552,96.404,96.425,0
1455022800,96.43,96.47,95.989,96.056,0
1455026400,96.05,96.232,95.997,96.103,0
1455030000,96.1,96.229,95.798,95.829,0
1455033600,95.831,95.907,95.737,95.808,0
1455037200,95.812,95.865,95.663,95.862,0
1455040800,95.851,96.032,95.834,96.022,0
1455044400,96.033,96.081,95.939,96.071,0
1455048000,96.068,96.116,96.006,96.008,0
1455051600,96.013,96.038,95.992,96.022,0
1455055200,96.018,96.075,96.012,96.05,0
1455058800,96.051,96.059,96.015,96.056,0
1455062400,96.052,96.064,95.981,96.005,0
1455066000,96.011,96.018,95.852,95.927,0
1455069600,95.924,96.002,95.857,95.965,0
1455073200,95.963,96.027,95.943,96.009,0
1455076800,95.994,96.033,95.936,95.968,0
1455080400,95.966,96.001,95.943,95.949,0
1455084000,95.95,96.02,95.946,96.018,0
1455087600,96.016,96.112,96.012,96.077,0
1455091200,96.078,96.151,95.898,96.145,0
1455094800,96.139,96.207,96.105,96.113,0
1455098400,96.119,96.302,96.099,96.155,0
1455102000,96.148,96.162,96.075,96.137,0
1455105600,96.136,96.178,96.003,96.04,0
1455109200,96.038,96.374,96.024,96.29,0
1455112800,96.292,96.381,96.22,96.345,0
1455116400,96.356,96.72,96.307,96.51,0
1455120000,96.511,96.577,96.217,96.349,0
1455123600,96.344,96.37,96.169,96.298,0
1455127200,96.292,96.3,96.063,96.101,0
1455130800,96.106,96.142,95.888,95.888,0
1455134400,95.897,95.991,95.756,95.792,0
1455138000,95.797,95.842,95.759,95.789,0
1455141600,95.812,95.907,95.792,95.882,0
1455145200,95.883,95.883,95.82,95.824,0
1455148800,95.874,95.874,95.583,95.624,0
1455152400,95.625,95.688,95.508,95.681,0
1455156000,95.684,95.793,95.666,95.771,0
1455159600,95.766,95.812,95.738,95.757,0
1455163200,95.758,95.771,95.692,95.718,0
1455166800,95.719,95.786,95.707,95.754,0
1455170400,95.757,95.781,95.621,95.773,0
1455174000,95.769,95.858,95.701,95.813,0
1455177600,95.812,95.812,95.379,95.603,0
1455181200,95.598,95.632,95.417,95.485,0
1455184800,95.477,95.628,95.452,95.589,0
1455188400,95.58,95.658,95.44,95.455,0
1455192000,95.449,95.83,95.387,95.541,0
1455195600,95.537,95.755,95.411,95.624,0
1455199200,95.614,95.689,95.396,95.658,0
1455202800,95.654,95.677,95.402,95.486,0
1455206400,95.481,95.515,95.236,95.306,0
1455210000,95.314,95.541,95.29,95.541,0
1455213600,95.53,95.603,95.451,95.475,0
1455217200,95.47,95.624,95.413,95.562,0
1455220800,95.555,95.61,95.446,95.553,0
1455224400,95.552,95.618,95.539,95.578,0
1455228000,95.583,95.649,95.552,95.625,0
1455231600,95.632,95.639,95.602,95.603,0
1455235200,95.496,95.679,95.456,95.662,0
1455238800,95.665,95.706,95.594,95.698,0
1455242400,95.699,95.704,95.61,95.648,0
1455246000,95.651,95.777,95.634,95.765,0
1455249600,95.759,95.77,95.673,95.746,0
1455253200,95.751,95.779,95.665,95.694,0
1455256800,95.697,95.7,95.52,95.526,0
1455260400,95.529,95.712,95.492,95.712,0
1455264000,95.716,95.917,95.699,95.794,0
1455267600,95.801,95.866,95.634,95.645,0
1455271200,95.649,95.754,95.638,95.665,0
1455274800,95.66,95.782,95.657,95.765,0
1455278400,95.76,95.881,95.74,95.85,0
1455282000,95.849,96.133,95.801,96.045,0
1455285600,96.05,96.171,95.91,95.968,0
1455289200,95.975,96.119,95.864,96.043,0
1455292800,96.032,96.215,96.015,96.076,0
1455296400,96.075,96.106,96.003,96.01,0
1455300000,96.032,96.092,96.012,96.074,0
1455303600,96.073,96.102,95.94,95.94,0
1455307200,95.937,96.006,95.932,95.97,0
1455310800,95.979,96.016,95.926,95.942,0
1455314400,95.937,95.966,95.937,95.966,0
1455580800,96.572,96.679,96.564,96.596,0
1455584400,96.6,96.672,96.53,96.569,0
1455588000,96.566,96.686,96.553,96.648,0
1455591600,96.645,96.749,96.645,96.739,0
1455595200,96.744,96.768,96.682,96.726,0
1455598800,96.728,96.771,96.694,96.703,0
1455602400,96.706,96.731,96.674,96.714,0
1455606000,96.709,96.736,96.598,96.662,0
1455609600,96.667,96.67,96.472,96.5,0
1455613200,96.492,96.535,96.382,96.486,0
1455616800,96.501,96.505,96.411,96.478,0
1455620400,96.493,96.647,96.473,96.644,0
1455624000,96.645,96.649,96.548,96.572,0
1455627600,96.574,96.695,96.535,96.605,0
1455631200,96.617,96.881,96.568,96.872,0
1455634800,96.865,96.99,96.817,96.857,0
1455638400,96.858,96.895,96.764,96.876,0
1455642000,96.886,96.896,96.813,96.87,0
1455645600,96.872,96.975,96.862,96.891,0
1455649200,96.889,96.908,96.851,96.868,0
1455652800,96.869,96.918,96.842,96.876,0
1455656400,96.886,96.949,96.849,96.865,0
1455660000,96.857,96.929,96.857,96.922,0
1455663600,96.916,96.917,96.88,96.897,0
1455667200,96.939,97.06,96.938,96.981,0
1455670800,96.979,96.981,96.834,96.929,0
1455674400,96.937,96.937,96.833,96.849,0
1455678000,96.857,96.863,96.755,96.762,0
1455681600,96.755,96.79,96.682,96.705,0
1455685200,96.707,96.77,96.691,96.747,0
1455688800,96.752,96.795,96.679,96.74,0
1455692400,96.741,96.792,96.626,96.681,0
1455696000,96.685,96.788,96.654,96.779,0
1455699600,96.77,96.957,96.739,96.914,0
1455703200,96.92,96.959,96.873,96.915,0
1455706800,96.917,96.964,96.819,96.855,0
1455710400,96.851,96.896,96.812,96.841,0
1455714000,96.83,97.055,96.806,96.958,0
1455717600,96.951,97.1,96.916,97.021,0
1455721200,97.022,97.036,96.86,96.864,0
1455724800,96.868,96.868,96.765,96.787,0
1455728400,96.788,96.816,96.745,96.767,0
1455732000,96.772,96.847,96.75,96.796,0
1455735600,96.813,96.945,96.676,96.786,0
1455739200,96.781,96.864,96.734,96.847,0
1455742800,96.837,96.9,96.819,96.844,0
1455746400,96.852,96.89,96.844,96.873,0
1455750000,96.862,96.874,96.851,96.865,0
1455753600,96.894,96.934,96.778,96.815,0
1455757200,96.814,96.84,96.762,96.799,0
1455760800,96.8,96.8,96.711,96.759,0
1455764400,96.761,96.789,96.731,96.756,0
1455768000,96.754,96.796,96.742,96.769,0
1455771600,96.777,96.823,96.723,96.744,0
1455775200,96.745,96.766,96.696,96.737,0
1455778800,96.735,96.846,96.71,96.836,0
1455782400,96.839,96.863,96.739,96.777,0
1455786000,96.782,96.799,96.688,96.756,0
1455789600,96.755,96.832,96.722,96.785,0
1455793200,96.786,96.933,96.745,96.919,0
1455796800,96.917,97.019,96.837,96.986,0
1455800400,96.984,97.035,96.922,96.975,0
1455804000,96.974,97.078,96.861,96.906,0
1455807600,96.905,97.087,96.863,96.868,0
1455811200,96.862,97.037,96.835,96.966,0
1455814800,96.969,96.98,96.792,96.798,0
1455818400,96.802,96.872,96.764,96.862,0
1455822000,96.861,96.992,96.86,96.951,0
1455825600,96.955,96.994,96.862,96.902,0
1455829200,96.908,96.95,96.811,96.811,0
1455832800,96.829,96.873,96.792,96.832,0
1455836400,96.827,96.853,96.805,96.839,0
1455840000,96.871,96.871,96.7,96.728,0
1455843600,96.725,96.785,96.71,96.736,0
1455847200,96.749,96.781,96.699,96.736,0
1455850800,96.746,96.773,96.728,96.742,0
1455854400,96.743,96.748,96.697,96.706,0
1455858000,96.721,96.766,96.701,96.735,0
1455861600,96.737,96.838,96.733,96.796,0
1455865200,96.803,96.834,96.749,96.783,0
1455868800,96.741,96.862,96.651,96.854,0
1455872400,96.851,97.032,96.827,96.981,0
1455876000,96.992,97.029,96.873,96.902,0
1455879600,96.903,96.926,96.845,96.884,0
1455883200,96.878,96.928,96.791,96.918,0
1455886800,96.919,97.17,96.878,96.918,0
1455890400,96.922,97.099,96.866,96.934,0
1455894000,96.938,96.949,96.845,96.906,0
1455897600,96.907,96.908,96.646,96.668,0
1455901200,96.665,96.719,96.61,96.659,0
1455904800,96.647,96.667,96.572,96.625,0
1455908400,96.621,96.653,96.592,96.6,0
1455912000,96.604,96.687,96.604,96.642,0
1455915600,96.649,96.649,96.561,96.573,0
1455919200,96.58,96.59,96.577,96.59,0
1456092000,96.809,96.813,96.735,96.773,0
1456095600,96.774,96.791,96.713,96.761,0
1456099200,96.762,96.835,96.735,96.829,0
1456102800,96.826,96.891,96.794,96.814,0
1456106400,96.806,96.834,96.771,96.826,0
1456110000,96.823,96.854,96.817,96.817,0
1456113600,96.822,96.862,96.82,96.842,0
1456117200,96.846,96.858,96.8,96.824,0
1456120800,96.83,96.84,96.788,96.792,0
1456124400,96.791,97.033,96.783,97.022,0
1456128000,97.024,97.061,96.983,97.019,0
1456131600,97.02,97.1,97.003,97.097,0
1456135200,97.095,97.281,97.095,97.231,0
1456138800,97.23,97.456,97.227,97.438,0
1456142400,97.442,97.552,97.405,97.473,0
1456146000,97.472,97.566,97.382,97.566,0
1456149600,97.581,97.6,97.411,97.489,0
1456153200,97.496,97.535,97.336,97.381,0
1456156800,97.385,97.461,97.377,97.44,0
1456160400,97.434,97.499,97.316,97.359,0
1456164000,97.35,97.516,97.35,97.493,0
1456167600,97.482,97.497,97.351,97.379,0
1456171200,97.382,97.409,97.327,97.378,0
1456174800,97.387,97.393,97.334,97.376,0
1456178400,97.371,97.43,97.35,97.397,0
1456182000,97.382,97.396,97.34,97.385,0
1456185600,97.352,97.393,97.321,97.354,0
1456189200,97.358,97.358,97.187,97.205,0
1456192800,97.207,97.27,97.192,97.252,0
1456196400,97.259,97.27,97.194,97.221,0
1456200000,97.222,97.302,97.195,97.242,0
1456203600,97.244,97.316,97.228,97.288,0
1456207200,97.294,97.337,97.249,97.297,0
1456210800,97.302,97.359,97.229,97.26,0
1456214400,97.268,97.299,97.136,97.271,0
1456218000,97.264,97.493,97.264,97.433,0
1456221600,97.429,97.444,97.324,97.389,0
1456225200,97.402,97.51,97.374,97.498,0
1456228800,97.505,97.531,97.337,97.364,0
1456232400,97.363,97.476,97.31,97.424,0
1456236000,97.423,97.578,97.403,97.521,0
1456239600,97.509,97.511,97.246,97.367,0
1456243200,97.355,97.479,97.296,97.471,0
1456246800,97.47,97.495,97.402,97.439,0
1456250400,97.434,97.484,97.381,97.443,0
1456254000,97.438,97.51,97.425,97.481,0
1456257600,97.485,97.521,97.429,97.439,0
1456261200,97.441,97.499,97.439,97.456,0
1456264800,97.45,97.475,97.42,97.433,0
1456268400,97.424,97.467,97.414,97.435,0
1456272000,97.484,97.509,97.439,97.485,0
1456275600,97.482,97.59,97.457,97.57,0
1456279200,97.575,97.592,97.479,97.495,0
1456282800,97.487,97.506,97.423,97.484,0
1456286400,97.485,97.498,97.425,97.474,0
1456290000,97.481,97.516,97.459,97.493,0
1456293600,97.489,97.547,97.469,97.525,0
1456297200,97.524,97.623,97.474,97.623,0
1456300800,97.61,97.664,97.488,97.587,0
1456304400,97.598,97.756,97.585,97.703,0
1456308000,97.699,97.772,97.68,97.731,0
1456311600,97.738,97.916,97.728,97.904,0
1456315200,97.902,97.906,97.794,97.812,0
1456318800,97.806,97.808,97.588,97.637,0
1456322400,97.636,97.786,97.475,97.532,0
1456326000,97.533,97.541,97.284,97.362,0
1456329600,97.351,97.41,97.23,97.397,0
1456333200,97.394,97.429,97.339,97.373,0
1456336800,97.376,97.425,97.318,97.385,0
1456340400,97.382,97.495,97.381,97.458,0
1456344000,97.455,97.517,97.44,97.492,0
1456347600,97.5,97.555,97.471,97.5,0
1456351200,97.507,97.51,97.461,97.478,0
1456354800,97.465,97.475,97.435,97.436,0
1456358400,97.487,97.552,97.461,97.537,0
1456362000,97.544,97.547,97.424,97.428,0
1456365600,97.429,97.532,97.412,97.483,0
1456369200,97.485,97.504,97.449,97.481,0
1456372800,97.486,97.514,97.444,97.444,0
1456376400,97.446,97.482,97.415,97.415,0
1456380000,97.417,97.446,97.393,97.415,0
1456383600,97.422,97.502,97.394,97.447,0
1456387200,97.452,97.505,97.385,97.474,0
1456390800,97.468,97.587,97.463,97.515,0
1456394400,97.513,97.544,97.473,97.477,0
1456398000,97.488,97.49,97.387,97.397,0
1456401600,97.394,97.434,97.275,97.337,0
1456405200,97.331,97.566,97.324,97.543,0
1456408800,97.549,97.721,97.509,97.589,0
1456412400,97.588,97.588,97.342,97.384,0
1456416000,97.377,97.433,97.339,97.415,0
1456419600,97.429,97.461,97.291,97.325,0
1456423200,97.32,97.436,97.31,97.409,0
1456426800,97.403,97.418,97.223,97.287,0
1456430400,97.283,97.403,97.254,97.4,0
1456434000,97.411,97.456,97.377,97.447,0
1456437600,97.42,97.477,97.393,97.432,0
1456441200,97.434,97.448,97.405,97.446,0
1456444800,97.399,97.406,97.284,97.314,0
1456448400,97.32,97.324,97.203,97.225,0
1456452000,97.222,97.264,97.197,97.227,0
1456455600,97.228,97.24,97.127,97.139,0
1456459200,97.136,97.168,97.106,97.147,0
1456462800,97.151,97.175,97.098,97.165,0
1456466400,97.16,97.243,97.151,97.227,0
1456470000,97.212,97.256,97.135,97.187,0
1456473600,97.189,97.413,97.147,97.393,0
1456477200,97.395,97.494,97.368,97.383,0
1456480800,97.393,97.478,97.37,97.436,0
1456484400,97.426,97.468,97.381,97.398,0
1456488000,97.405,97.446,97.341,97.44,0
1456491600,97.441,97.757,97.438,97.746,0
1456495200,97.747,97.932,97.725,97.922,0
1456498800,97.914,98.175,97.866,98.174,0
1456502400,98.165,98.26,98.083,98.126,0
1456506000,98.127,98.226,98.086,98.14,0
1456509600,98.156,98.196,98.118,98.124,0
1456513200,98.12,98.207,98.117,98.148,0
1456516800,98.152,98.159,98.056,98.073,0
1456520400,98.07,98.143,98.066,98.125,0
1456524000,98.107,98.118,98.083,98.092,0
1456696800,98.222,98.231,98.131,98.185,0
1456700400,98.184,98.224,98.116,98.158,0
1456704000,98.16,98.227,98.092,98.151,0
1456707600,98.16,98.165,98.055,98.068,0
1456711200,98.073,98.096,98.04,98.094,0
1456714800,98.096,98.144,98.092,98.12,0
1456718400,98.119,98.139,98.006,98.007,0
1456722000,98.009,98.029,97.947,97.948,0
1456725600,97.932,97.975,97.913,97.936,0
1456729200,97.942,97.972,97.831,97.846,0
1456732800,97.849,98.091,97.796,98.059,0
1456736400,98.057,98.142,98.04,98.136,0
1456740000,98.147,98.252,98.147,98.181,0
1456743600,98.192,98.345,98.191,98.314,0
1456747200,98.301,98.333,98.248,98.302,0
1456750800,98.305,98.352,98.253,98.298,0
1456754400,98.292,98.355,98.114,98.157,0
1456758000,98.16,98.373,98.121,98.327,0
1456761600,98.336,98.348,98.25,98.291,0
1456765200,98.294,98.349,98.251,98.272,0
1456768800,98.274,98.336,98.216,98.28,0
1456772400,98.277,98.323,98.192,98.211,0
1456776000,98.222,98.244,98.136,98.226,0
1456779600,98.227,98.286,98.207,98.251,0
1456783200,98.263,98.271,98.123,98.148,0
1456786800,98.145,98.171,98.132,98.15,0
1456790400,98.187,98.216,98.15,98.179,0
1456794000,98.177,98.209,98.101,98.143,0
1456797600,98.149,98.162,98.113,98.145,0
1456801200,98.144,98.18,98.12,98.163,0
1456804800,98.167,98.219,98.155,98.182,0
1456808400,98.186,98.202,98.147,98.159,0
1456812000,98.157,98.204,98.092,98.162,0
1456815600,98.168,98.296,98.139,98.213,0
1456819200,98.212,98.377,98.203,98.293,0
1456822800,98.294,98.383,98.202,98.347,0
1456826400,98.363,98.384,98.208,98.253,0
1456830000,98.252,98.365,98.238,98.254,0
1456833600,98.258,98.276,98.208,98.216,0
1456837200,98.224,98.29,98.145,98.184,0
1456840800,98.185,98.408,98.185,98.34,0
1456844400,98.392,98.57,98.333,98.399,0
1456848000,98.404,98.568,98.392,98.473,0
1456851600,98.468,98.548,98.405,98.422,0
1456855200,98.421,98.428,98.317,98.32,0
1456858800,98.319,98.369,98.307,98.352,0
1456862400,98.361,98.392,98.281,98.325,0
1456866000,98.334,98.365,98.277,98.34,0
1456869600,98.359,98.407,98.336,98.364,0
1456873200,98.377,98.377,98.337,98.339,0
1456876800,98.259,98.333,98.257,98.31,0
1456880400,98.307,98.365,98.293,98.357,0
1456884000,98.358,98.394,98.343,98.383,0
1456887600,98.381,98.401,98.346,98.387,0
1456891200,98.397,98.446,98.391,98.395,0
1456894800,98.393,98.416,98.35,98.368,0
1456898400,98.369,98.484,98.338,98.477,0
1456902000,98.481,98.503,98.363,98.418,0
1456905600,98.422,98.496,98.332,98.441,0
1456909200,98.446,98.512,98.409,98.422,0
1456912800,98.428,98.49,98.419,98.464,0
1456916400,98.465,98.5,98.395,98.468,0
1456920000,98.465,98.489,98.404,98.421,0
1456923600,98.415,98.553,98.345,98.487,0
1456927200,98.489,98.582,98.414,98.483,0
1456930800,98.477,98.531,98.387,98.502,0
1456934400,98.503,98.524,98.407,98.408,0
1456938000,98.414,98.449,98.318,98.335,0
1456941600,98.327,98.375,98.178,98.18,0
1456945200,98.188,98.232,98.131,98.214,0
1456948800,98.207,98.231,98.169,98.185,0
1456952400,98.181,98.223,98.146,98.173,0
1456956000,98.177,98.219,98.121,98.197,0
1456959600,98.194,98.202,98.171,98.183,0
1456963200,98.2,98.238,98.166,98.209,0
1456966800,98.21,98.229,98.178,98.184,0
1456970400,98.189,98.256,98.159,98.218,0
1456974000,98.214,98.305,98.206,98.302,0
1456977600,98.303,98.331,98.274,98.303,0
1456981200,98.301,98.35,98.298,98.302,0
1456984800,98.303,98.322,98.268,98.289,0
1456988400,98.285,98.321,98.241,98.241,0
1456992000,98.239,98.314,98.207,98.219,0
1456995600,98.201,98.291,98.201,98.251,0
1456999200,98.25,98.26,98.154,98.184,0
1457002800,98.185,98.244,98.145,98.203,0
1457006400,98.205,98.242,97.984,97.994,0
1457010000,97.992,98.1,97.959,98.009,0
1457013600,98.011,98.106,97.798,97.819,0
1457017200,97.866,97.891,97.715,97.727,0
1457020800,97.729,97.772,97.46,97.668,0
1457024400,97.662,97.778,97.62,97.672,0
1457028000,97.666,97.674,97.503,97.503,0
1457031600,97.506,97.637,97.506,97.592,0
1457035200,97.599,97.601,97.514,97.54,0
1457038800,97.542,97.608,97.517,97.596,0
1457042400,97.594,97.66,97.581,97.652,0
1457046000,97.648,97.664,97.643,97.649,0
1457049600,97.671,97.697,97.62,97.625,0
1457053200,97.629,97.686,97.598,97.649,0
1457056800,97.65,97.729,97.623,97.729,0
1457060400,97.727,97.737,97.646,97.686,0
1457064000,97.687,97.714,97.66,97.678,0
1457067600,97.677,97.719,97.638,97.666,0
1457071200,97.664,97.71,97.632,97.705,0
1457074800,97.703,97.72,97.645,97.681,0
1457078400,97.685,97.831,97.67,97.751,0
1457082000,97.748,97.763,97.552,97.632,0
1457085600,97.63,97.641,97.5,97.514,0
1457089200,97.519,97.544,97.48,97.499,0
1457092800,97.503,97.604,97.463,97.56,0
1457096400,97.57,98.03,97.459,97.459,0
1457100000,97.47,97.634,97.019,97.135,0
1457103600,97.13,97.444,97.028,97.279,0
1457107200,97.271,97.309,97.118,97.249,0
1457110800,97.251,97.366,97.215,97.314,0
1457114400,97.313,97.402,97.296,97.356,0
1457118000,97.362,97.397,97.316,97.34,0
1457121600,97.339,97.378,97.282,97.292,0
1457125200,97.293,97.293,97.174,97.239,0
1457128800,97.245,97.245,97.224,97.224,0
1457301600,97.355,97.359,97.317,97.339,0
1457305200,97.338,97.371,97.307,97.354,0
1457308800,97.352,97.359,97.299,97.304,0
1457312400,97.301,97.396,97.275,97.377,0
1457316000,97.379,97.386,97.332,97.357,0
1457319600,97.358,97.373,97.325,97.359,0
1457323200,97.358,97.376,97.335,97.36,0
1457326800,97.359,97.369,97.327,97.333,0
1457330400,97.334,97.369,97.319,97.364,0
1457334000,97.368,97.521,97.343,97.489,0
1457337600,97.495,97.661,97.465,97.637,0
1457341200,97.645,97.651,97.553,97.601,0
1457344800,97.602,97.636,97.567,97.618,0
1457348400,97.615,97.701,97.591,97.645,0
1457352000,97.631,97.665,97.489,97.66,0
1457355600,97.662,97.662,97.545,97.578,0
1457359200,97.579,97.663,97.565,97.627,0
1457362800,97.625,97.657,97.335,97.339,0
1457366400,97.35,97.409,97.166,97.216,0
1457370000,97.215,97.215,97.038,97.068,0
1457373600,97.066,97.177,97.041,97.172,0
1457377200,97.165,97.188,97.066,97.071,0
1457380800,97.083,97.129,97.068,97.107,0
1457384400,97.106,97.138,97.078,97.112,0
1457388000,97.11,97.132,97.094,97.103,0
1457391600,97.104,97.125,97.1,97.1,0
1457395200,97.091,97.106,97.033,97.058,0
1457398800,97.056,97.11,97.017,97.042,0
1457402400,97.051,97.052,96.995,97.028,0
1457406000,97.032,97.076,97.018,97.071,0
1457409600,97.073,97.113,97.051,97.112,0
1457413200,97.111,97.119,97.054,97.096,0
1457416800,97.094,97.108,97.052,97.067,0
1457420400,97.066,97.072,96.925,96.97,0
1457424000,96.971,97.073,96.902,97.019,0
1457427600,97.02,97.125,96.934,97.105,0
1457431200,97.102,97.169,97.001,97.116,0
1457434800,97.121,97.227,97.118,97.149,0
1457438400,97.142,97.191,97.062,97.143,0
1457442000,97.145,97.15,97.006,97.015,0
1457445600,97.022,97.055,96.898,97.016,0
1457449200,97.018,97.108,96.891,96.902,0
1457452800,96.887,97.073,96.887,97.041,0
1457456400,97.048,97.128,96.982,97.091,0
1457460000,97.086,97.269,97.086,97.244,0
1457463600,97.241,97.262,97.157,97.209,0
1457467200,97.21,97.22,97.15,97.204,0
1457470800,97.209,97.209,97.146,97.163,0
1457474400,97.159,97.207,97.149,97.201,0
1457478000,97.202,97.222,97.185,97.205,0
1457481600,97.215,97.272,97.199,97.25,0
1457485200,97.251,97.396,97.241,97.347,0
1457488800,97.349,97.411,97.338,97.386,0
1457492400,97.385,97.446,97.371,97.44,0
1457496000,97.439,97.466,97.409,97.415,0
1457499600,97.416,97.433,97.389,97.392,0
1457503200,97.402,97.427,97.351,97.378,0
1457506800,97.37,97.407,97.265,97.299,0
1457510400,97.297,97.448,97.297,97.326,0
1457514000,97.332,97.366,97.293,97.336,0
1457517600,97.342,97.425,97.268,97.37,0
1457521200,97.368,97.412,97.345,97.361,0
1457524800,97.345,97.379,97.288,97.357,0
1457528400,97.356,97.543,97.325,97.514,0
1457532000,97.516,97.569,97.44,97.448,0
1457535600,97.46,97.477,97.068,97.1,0
1457539200,97.117,97.13,96.944,97.006,0
1457542800,97.007,97.024,96.931,96.987,0
1457546400,96.978,97.08,96.955,97.061,0
1457550000,97.058,97.197,97.055,97.173,0
1457553600,97.168,97.218,97.126,97.156,0
1457557200,97.159,97.186,97.141,97.154,0
1457560800,97.187,97.203,97.16,97.193,0
1457564400,97.197,97.199,97.158,97.167,0
1457568000,97.231,97.313,97.201,97.302,0
1457571600,97.297,97.398,97.28,97.337,0
1457575200,97.336,97.354,97.307,97.32,0
1457578800,97.322,97.429,97.308,97.417,0
1457582400,97.42,97.425,97.381,97.39,0
1457586000,97.396,97.408,97.357,97.364,0
1457589600,97.358,97.404,97.323,97.38,0
1457593200,97.389,97.454,97.372,97.41,0
1457596800,97.408,97.457,97.331,97.381,0
1457600400,97.384,97.438,97.357,97.387,0
1457604000,97.381,97.395,97.273,97.323,0
1457607600,97.326,97.425,97.31,97.366,0
1457611200,97.367,98.237,97.274,98.237,0
1457614800,98.216,98.422,97.487,97.765,0
1457618400,97.77,97.829,96.532,97.086,0
1457622000,97.088,97.088,96.277,96.344,0
1457625600,96.362,96.48,96.093,96.302,0
1457629200,96.298,96.365,95.939,96.126,0
1457632800,96.095,96.128,96.009,96.041,0
1457636400,96.04,96.095,95.948,96.066,0
1457640000,96.069,96.232,96.069,96.203,0
1457643600,96.213,96.224,96.139,96.195,0
1457647200,96.213,96.227,96.149,96.185,0
1457650800,96.184,96.188,96.155,96.174,0
1457654400,96.176,96.236,96.11,96.179,0
1457658000,96.16,96.18,95.994,96.166,0
1457661600,96.171,96.205,96.148,96.181,0
1457665200,96.182,96.274,96.15,96.26,0
1457668800,96.262,96.292,96.198,96.26,0
1457672400,96.261,96.274,96.187,96.187,0
1457676000,96.192,96.291,96.156,96.284,0
1457679600,96.286,96.438,96.164,96.386,0
1457683200,96.385,96.624,96.333,96.569,0
1457686800,96.564,96.565,96.358,96.554,0
1457690400,96.556,96.694,96.533,96.689,0
1457694000,96.69,96.72,96.562,96.564,0
1457697600,96.567,96.665,96.471,96.62,0
1457701200,96.633,96.681,96.441,96.477,0
1457704800,96.469,96.517,96.251,96.257,0
1457708400,96.265,96.293,96.055,96.159,0
1457712000,96.162,96.186,95.938,96.018,0
1457715600,96.024,96.248,96.016,96.158,0
1457719200,96.165,96.175,96.119,96.144,0
1457722800,96.153,96.2,96.14,96.172,0
1457726400,96.168,96.25,96.158,96.231,0
1457730000,96.237,96.256,96.178,96.205,0
1457733600,96.204,96.217,96.187,96.197,0
1457902800,96.297,96.322,96.275,96.286,0
1457906400,96.284,96.284,96.109,96.152,0
1457910000,96.147,96.177,96.089,96.162,0
1457913600,96.161,96.242,96.159,96.238,0
1457917200,96.237,96.263,96.195,96.219,0
1457920800,96.229,96.231,96.187,96.192,0
1457924400,96.187,96.207,96.17,96.197,0
1457928000,96.199,96.209,96.143,96.15,0
1457931600,96.149,96.212,96.135,96.205,0
1457935200,96.203,96.27,96.17,96.248,0
1457938800,96.268,96.353,96.201,96.317,0
1457942400,96.322,96.493,96.317,96.462,0
1457946000,96.461,96.473,96.311,96.369,0
1457949600,96.367,96.52,96.354,96.452,0
1457953200,96.457,96.54,96.428,96.501,0
1457956800,96.502,96.512,96.305,96.374,0
1457960400,96.372,96.594,96.346,96.528,0
1457964000,96.51,96.607,96.433,96.574,0
1457967600,96.577,96.623,96.51,96.519,0
1457971200,96.522,96.574,96.418,96.551,0
1457974800,96.556,96.673,96.504,96.668,0
1457978400,96.673,96.713,96.621,96.624,0
1457982000,96.618,96.633,96.582,96.609,0
1457985600,96.608,96.61,96.535,96.568,0
1457989200,96.57,96.619,96.554,96.582,0
1457992800,96.587,96.592,96.564,96.573,0
1457996400,96.592,96.632,96.582,96.615,0
1458000000,96.618,96.666,96.603,96.645,0
1458003600,96.652,96.663,96.572,96.573,0
1458007200,96.575,96.614,96.536,96.569,0
1458010800,96.567,96.625,96.514,96.538,0
1458014400,96.542,96.565,96.507,96.536,0
1458018000,96.545,96.621,96.532,96.569,0
1458021600,96.565,96.616,96.538,96.555,0
1458025200,96.557,96.699,96.486,96.521,0
1458028800,96.514,96.586,96.474,96.538,0
1458032400,96.543,96.869,96.519,96.869,0
1458036000,96.865,96.865,96.713,96.781,0
1458039600,96.776,96.787,96.656,96.686,0
1458043200,96.677,96.711,96.466,96.531,0
1458046800,96.526,96.683,96.485,96.625,0
1458050400,96.629,96.785,96.547,96.731,0
1458054000,96.737,96.743,96.534,96.566,0
1458057600,96.564,96.722,96.554,96.694,0
1458061200,96.699,96.699,96.569,96.593,0
1458064800,96.6,96.693,96.581,96.633,0
1458068400,96.631,96.668,96.587,96.641,0
1458072000,96.647,96.657,96.611,96.643,0
1458075600,96.636,96.661,96.58,96.65,0
1458079200,96.649,96.664,96.637,96.658,0
1458082800,96.641,96.682,96.623,96.648,0
1458086400,96.645,96.7,96.614,96.672,0
1458090000,96.673,96.787,96.663,96.717,0
1458093600,96.712,96.741,96.675,96.722,0
1458097200,96.725,96.781,96.72,96.73,0
1458100800,96.731,96.787,96.72,96.737,0
1458104400,96.736,96.783,96.732,96.756,0
1458108000,96.764,96.832,96.721,96.798,0
1458111600,96.813,96.903,96.767,96.865,0
1458115200,96.876,96.959,96.813,96.835,0
1458118800,96.838,96.859,96.783,96.809,0
1458122400,96.802,96.871,96.793,96.847,0
1458126000,96.842,96.904,96.832,96.84,0
1458129600,96.838,96.993,96.791,96.908,0
1458133200,96.91,97.064,96.817,97.02,0
1458136800,97.022,97.043,96.942,97.01,0
1458140400,97.009,97.045,96.895,96.93,0
1458144000,96.919,96.996,96.838,96.879,0
1458147600,96.88,96.953,96.792,96.819,0
1458151200,96.828,96.828,95.642,95.89,0
1458154800,95.877,95.911,95.539,95.619,0
1458158400,95.627,95.691,95.583,95.644,0
1458162000,95.653,95.772,95.63,95.744,0
1458165600,95.749,95.764,95.732,95.754,0
1458169200,95.746,95.784,95.733,95.753,0
1458172800,95.759,95.826,95.712,95.755,0
1458176400,95.75,95.797,95.658,95.747,0
1458180000,95.744,95.747,95.663,95.704,0
1458183600,95.7,95.739,95.617,95.66,0
1458187200,95.659,95.69,95.614,95.658,0
1458190800,95.656,95.664,95.597,95.657,0
1458194400,95.66,95.66,95.545,95.545,0
1458198000,95.561,95.569,95.352,95.354,0
1458201600,95.35,95.372,95.016,95.079,0
1458205200,95.081,95.189,94.97,95.024,0
1458208800,95,95.014,94.681,94.848,0
1458212400,94.847,94.948,94.754,94.762,0
1458216000,94.76,95.167,94.701,94.976,0
1458219600,94.972,94.986,94.764,94.775,0
1458223200,94.755,94.925,94.658,94.793,0
1458226800,94.794,94.968,94.752,94.755,0
1458230400,94.758,94.768,94.65,94.691,0
1458234000,94.694,94.794,94.682,94.769,0
1458237600,94.771,94.83,94.734,94.76,0
1458241200,94.765,94.816,94.745,94.754,0
1458244800,94.758,94.808,94.736,94.746,0
1458248400,94.748,94.817,94.745,94.779,0
1458252000,94.78,94.788,94.765,94.775,0
1458255600,94.765,94.796,94.731,94.772,0
1458259200,94.779,94.847,94.722,94.727,0
1458262800,94.723,94.728,94.578,94.658,0
1458266400,94.666,94.766,94.643,94.744,0
1458270000,94.736,94.786,94.715,94.752,0
1458273600,94.758,94.829,94.742,94.799,0
1458277200,94.802,94.843,94.757,94.836,0
1458280800,94.834,94.903,94.766,94.874,0
1458284400,94.883,95.016,94.844,94.977,0
1458288000,94.976,95.134,94.869,95.121,0
1458291600,95.119,95.168,94.98,95.048,0
1458295200,95.047,95.093,95.013,95.059,0
1458298800,95.075,95.082,94.951,95.001,0
1458302400,94.997,95.001,94.875,94.931,0
1458306000,94.933,94.994,94.827,94.891,0
1458309600,94.893,94.963,94.797,94.86,0
1458313200,94.864,94.983,94.857,94.88,0
1458316800,94.875,95.06,94.874,95.021,0
1458320400,95.024,95.089,94.995,95.029,0
1458324000,95.033,95.118,95.001,95.086,0
1458327600,95.089,95.142,95.062,95.074,0
1458331200,95.072,95.09,94.991,95.058,0
1458334800,95.059,95.082,95.024,95.063,0
1458507600,95.136,95.148,95.08,95.097,0
1458511200,95.084,95.095,95.004,95.066,0
1458514800,95.07,95.103,95.035,95.06,0
1458518400,95.061,95.089,95.005,95.057,0
1458522000,95.056,95.071,95.031,95.032,0
1458525600,95.033,95.042,95.002,95.024,0
1458529200,95.029,95.09,95.021,95.089,0
1458532800,95.086,95.13,95.054,95.115,0
1458536400,95.118,95.162,95.097,95.139,0
1458540000,95.138,95.206,95.124,95.162,0
1458543600,95.172,95.292,95.137,95.271,0
1458547200,95.272,95.36,95.223,95.245,0
1458550800,95.253,95.327,95.13,95.185,0
1458554400,95.181,95.186,95.029,95.032,0
1458558000,95.038,95.131,95.027,95.123,0
1458561600,95.131,95.205,95.082,95.184,0
1458565200,95.195,95.245,95.128,95.226,0
1458568800,95.23,95.325,95.169,95.265,0
1458572400,95.259,95.299,95.159,95.203,0
1458576000,95.201,95.356,95.2,95.343,0
1458579600,95.338,95.398,95.285,95.294,0
1458583200,95.293,95.313,95.251,95.288,0
1458586800,95.287,95.378,95.283,95.361,0
1458590400,95.355,95.406,95.331,95.397,0
1458594000,95.4,95.414,95.385,95.407,0
1458597600,95.406,95.408,95.385,95.399,0
1458601200,95.429,95.46,95.391,95.449,0
1458604800,95.455,95.479,95.369,95.404,0
1458608400,95.398,95.421,95.333,95.411,0
1458612000,95.417,95.439,95.338,95.346,0
1458615600,95.349,95.356,95.263,95.263,0
1458619200,95.266,95.336,95.261,95.323,0
1458622800,95.325,95.366,95.257,95.294,0
1458626400,95.302,95.313,95.261,95.291,0
1458630000,95.301,95.42,95.293,95.395,0
1458633600,95.385,95.725,95.356,95.676,0
1458637200,95.663,95.692,95.549,95.596,0
1458640800,95.603,95.671,95.508,95.557,0
1458644400,95.569,95.613,95.512,95.528,0
1458648000,95.529,95.58,95.467,95.546,0
1458651600,95.537,95.691,95.498,95.548,0
1458655200,95.544,95.608,95.443,95.482,0
1458658800,95.474,95.545,95.455,95.531,0
1458662400,95.528,95.71,95.528,95.686,0
1458666000,95.68,95.71,95.614,95.642,0
1458669600,95.639,95.747,95.635,95.648,0
1458673200,95.652,95.687,95.627,95.646,0
1458676800,95.652,95.667,95.589,95.664,0
1458680400,95.663,95.687,95.62,95.666,0
1458684000,95.672,95.688,95.649,95.673,0
1458687600,95.63,95.637,95.593,95.619,0
1458691200,95.62,95.701,95.619,95.64,0
1458694800,95.642,95.695,95.62,95.68,0
1458698400,95.677,95.71,95.668,95.686,0
1458702000,95.681,95.721,95.679,95.721,0
1458705600,95.714,95.788,95.712,95.774,0
1458709200,95.773,95.789,95.732,95.774,0
1458712800,95.776,95.844,95.737,95.837,0
1458716400,95.836,95.918,95.812,95.883,0
1458720000,95.885,95.92,95.812,95.85,0
1458723600,95.941,95.967,95.883,95.909,0
1458727200,95.911,95.98,95.814,95.854,0
1458730800,95.853,95.906,95.816,95.882,0
1458734400,95.89,96.078,95.866,96.072,0
1458738000,96.067,96.133,95.942,96.061,0
1458741600,96.065,96.143,96.024,96.048,0
1458745200,96.044,96.124,96.024,96.104,0
1458748800,96.101,96.23,96.1,96.166,0
1458752400,96.16,96.169,96.048,96.054,0
1458756000,96.042,96.068,96.014,96.046,0
1458759600,96.05,96.088,96.036,96.088,0
1458763200,96.083,96.114,96.022,96.047,0
1458766800,96.032,96.081,96.023,96.054,0
1458770400,96.049,96.054,96.022,96.041,0
1458774000,96.061,96.087,96.05,96.073,0
1458777600,96.076,96.106,96.041,96.097,0
1458781200,96.1,96.235,96.1,96.192,0
1458784800,96.182,96.202,96.143,96.183,0
1458788400,96.184,96.2,96.123,96.143,0
1458792000,96.138,96.215,96.133,96.174,0
1458795600,96.175,96.21,96.159,96.17,0
1458799200,96.172,96.227,96.144,96.224,0
1458802800,96.227,96.332,96.222,96.276,0
1458806400,96.29,96.364,96.201,96.274,0
1458810000,96.276,96.312,96.209,96.209,0
1458813600,96.21,96.219,96.042,96.16,0
1458817200,96.165,96.332,96.138,96.29,0
1458820800,96.294,96.306,96.13,96.192,0
1458824400,96.19,96.273,96.167,96.234,0
1458828000,96.236,96.281,96.174,96.229,0
1458831600,96.231,96.281,96.151,96.219,0
1458835200,96.215,96.225,96.127,96.142,0
1458838800,96.143,96.185,96.047,96.051,0
1458842400,96.048,96.152,96.048,96.117,0
1458846000,96.123,96.164,96.097,96.131,0
1458849600,96.134,96.16,96.104,96.152,0
1458853200,96.155,96.159,96.111,96.118,0
1458856800,96.125,96.139,96.095,96.129,0
1459112400,96.279,96.324,96.258,96.302,0
1459116000,96.307,96.335,96.282,96.329,0
1459119600,96.335,96.37,96.313,96.36,0
1459123200,96.361,96.394,96.326,96.36,0
1459126800,96.358,96.391,96.333,96.389,0
1459130400,96.384,96.399,96.372,96.378,0
1459134000,96.377,96.385,96.321,96.326,0
1459137600,96.33,96.337,96.289,96.317,0
1459141200,96.316,96.352,96.286,96.312,0
1459144800,96.308,96.34,96.268,96.289,0
1459148400,96.293,96.31,96.212,96.262,0
1459152000,96.255,96.255,96.192,96.214,0
1459155600,96.222,96.264,96.202,96.249,0
1459159200,96.246,96.291,96.229,96.291,0
1459162800,96.289,96.319,96.237,96.265,0
1459166400,96.262,96.265,96.075,96.091,0
1459170000,96.094,96.106,95.85,95.896,0
1459173600,95.898,95.971,95.845,95.86,0
1459177200,95.862,95.934,95.836,95.898,0
1459180800,95.899,96.026,95.873,96.002,0
1459184400,95.998,96.012,95.927,95.966,0
1459188000,95.968,95.969,95.88,95.943,0
1459191600,95.934,95.978,95.928,95.958,0
1459195200,95.949,96.001,95.947,95.986,0
1459198800,95.978,96.003,95.94,95.958,0
1459202400,95.96,95.97,95.938,95.966,0
1459206000,95.945,95.963,95.916,95.94,0
1459209600,95.941,95.988,95.927,95.974,0
1459213200,95.978,96.081,95.97,96.02,0
1459216800,96.023,96.071,95.994,96.015,0
1459220400,96.014,96.032,95.965,96.008,0
1459224000,96.007,96.102,95.998,96.052,0
1459227600,96.05,96.102,96.041,96.068,0
1459231200,96.072,96.111,96.007,96.042,0
1459234800,96.04,96.222,96.04,96.139,0
1459238400,96.128,96.167,96.077,96.097,0
1459242000,96.094,96.106,95.898,95.976,0
1459245600,95.973,96.019,95.906,95.95,0
1459249200,95.944,95.986,95.842,95.927,0
1459252800,95.931,95.989,95.812,95.815,0
1459256400,95.823,95.975,95.773,95.927,0
1459260000,95.921,95.999,95.776,95.982,0
1459263600,95.978,96.046,95.869,95.879,0
1459267200,95.882,95.92,95.332,95.402,0
1459270800,95.392,95.422,95.242,95.25,0
1459274400,95.243,95.334,95.155,95.16,0
1459278000,95.162,95.181,95.089,95.129,0
1459281600,95.137,95.194,95.137,95.18,0
1459285200,95.181,95.233,95.13,95.167,0
1459288800,95.157,95.183,95.149,95.181,0
1459292400,95.2,95.228,95.171,95.182,0
1459296000,95.179,95.179,95.071,95.131,0
1459299600,95.132,95.203,95.109,95.187,0
1459303200,95.194,95.222,95.134,95.138,0
1459306800,95.137,95.17,95.122,95.17,0
1459310400,95.172,95.172,95.115,95.141,0
1459314000,95.135,95.143,95.085,95.101,0
1459317600,95.104,95.117,94.995,95.05,0
1459321200,95.032,95.032,94.79,94.832,0
1459324800,94.836,94.942,94.796,94.939,0
1459328400,94.937,94.997,94.888,94.94,0
1459332000,94.941,95.011,94.904,94.918,0
1459335600,94.91,94.991,94.814,94.822,0
1459339200,94.823,95.004,94.788,94.99,0
1459342800,94.997,95.04,94.849,94.849,0
1459346400,94.856,94.87,94.588,94.662,0
1459350000,94.661,94.931,94.639,94.875,0
1459353600,94.874,94.971,94.858,94.935,0
1459357200,94.932,94.987,94.898,94.941,0
1459360800,94.943,94.956,94.809,94.841,0
1459364400,94.839,94.89,94.781,94.829,0
1459368000,94.836,94.853,94.765,94.808,0
1459371600,94.816,94.865,94.764,94.84,0
1459375200,94.848,94.848,94.812,94.829,0
1459378800,94.844,94.872,94.808,94.852,0
1459382400,94.858,94.94,94.783,94.894,0
1459386000,94.893,94.96,94.888,94.932,0
1459389600,94.937,95.017,94.909,95.006,0
1459393200,95.002,95.031,94.975,94.998,0
1459396800,95.003,95.003,94.92,94.947,0
1459400400,94.953,95.009,94.914,94.944,0
1459404000,94.942,95.027,94.897,94.938,0
1459407600,94.933,94.95,94.829,94.829,0
1459411200,94.832,94.873,94.667,94.713,0
1459414800,94.69,94.744,94.625,94.679,0
1459418400,94.675,94.698,94.542,94.569,0
1459422000,94.57,94.584,94.44,94.504,0
1459425600,94.506,94.547,94.42,94.475,0
1459429200,94.465,94.533,94.363,94.403,0
1459432800,94.418,94.57,94.319,94.484,0
1459436400,94.466,94.597,94.458,94.529,0
1459440000,94.525,94.601,94.507,94.581,0
1459443600,94.583,94.639,94.544,94.597,0
1459447200,94.592,94.62,94.52,94.586,0
1459450800,94.58,94.649,94.542,94.641,0
1459454400,94.639,94.678,94.601,94.654,0
1459458000,94.653,94.68,94.622,94.628,0
1459461600,94.631,94.633,94.6,94.628,0
1459465200,94.644,94.674,94.627,94.648,0
1459468800,94.638,94.651,94.557,94.574,0
1459472400,94.564,94.658,94.564,94.654,0
1459476000,94.653,94.732,94.644,94.675,0
1459479600,94.673,94.717,94.671,94.673,0
1459483200,94.677,94.712,94.648,94.685,0
1459486800,94.687,94.713,94.608,94.629,0
1459490400,94.626,94.658,94.558,94.639,0
1459494000,94.638,94.7,94.581,94.648,0
1459497600,94.645,94.645,94.544,94.561,0
1459501200,94.559,94.614,94.496,94.53,0
1459504800,94.528,94.587,94.503,94.529,0
1459508400,94.525,94.563,94.413,94.455,0
1459512000,94.462,94.72,94.334,94.647,0
1459515600,94.652,94.84,94.581,94.783,0
1459519200,94.807,95.107,94.781,95,0
1459522800,95.015,95.053,94.705,94.712,0
1459526400,94.715,94.735,94.54,94.624,0
1459530000,94.635,94.688,94.577,94.688,0
1459533600,94.686,94.686,94.574,94.619,0
1459537200,94.631,94.648,94.543,94.608,0
1459540800,94.602,94.637,94.55,94.603,0
1459544400,94.616,94.619,94.595,94.608,0
1459717200,94.559,94.615,94.559,94.587,0
1459720800,94.588,94.644,94.579,94.631,0
1459724400,94.64,94.65,94.596,94.604,0
1459728000,94.597,94.606,94.49,94.492,0
1459731600,94.497,94.525,94.46,94.5,0
1459735200,94.504,94.56,94.495,94.556,0
1459738800,94.557,94.628,94.55,94.615,0
1459742400,94.62,94.663,94.611,94.65,0
1459746000,94.654,94.662,94.58,94.601,0
1459749600,94.602,94.74,94.585,94.696,0
1459753200,94.705,94.752,94.595,94.742,0
1459756800,94.738,94.768,94.662,94.762,0
1459760400,94.75,94.805,94.712,94.768,0
1459764000,94.762,94.829,94.758,94.776,0
1459767600,94.781,94.822,94.641,94.662,0
1459771200,94.66,94.664,94.459,94.475,0
1459774800,94.479,94.507,94.407,94.49,0
1459778400,94.489,94.659,94.429,94.574,0
1459782000,94.579,94.608,94.526,94.55,0
1459785600,94.552,94.569,94.477,94.506,0
1459789200,94.514,94.531,94.433,94.459,0
1459792800,94.461,94.546,94.44,94.51,0
1459796400,94.511,94.573,94.498,94.561,0
1459800000,94.557,94.608,94.521,94.584,0
1459803600,94.58,94.6,94.552,94.587,0
1459807200,94.58,94.583,94.554,94.564,0
1459810800,94.574,94.608,94.545,94.599,0
1459814400,94.589,94.599,94.473,94.483,0
1459818000,94.485,94.517,94.447,94.476,0
1459821600,94.475,94.526,94.467,94.512,0
1459825200,94.516,94.54,94.487,94.506,0
1459828800,94.505,94.598,94.504,94.544,0
1459832400,94.545,94.612,94.521,94.567,0
1459836000,94.564,94.613,94.484,94.536,0
1459839600,94.539,94.812,94.539,94.726,0
1459843200,94.722,94.747,94.611,94.667,0
1459846800,94.668,94.747,94.606,94.737,0
1459850400,94.74,94.785,94.696,94.715,0
1459854000,94.714,94.814,94.686,94.758,0
1459857600,94.757,94.784,94.659,94.715,0
1459861200,94.716,94.85,94.682,94.827,0
1459864800,94.823,94.977,94.72,94.723,0
1459868400,94.715,94.763,94.51,94.552,0
1459872000,94.58,94.664,94.544,94.566,0
1459875600,94.559,94.645,94.523,94.616,0
1459879200,94.615,94.676,94.602,94.631,0
1459882800,94.635,94.683,94.596,94.611,0
1459886400,94.606,94.654,94.579,94.613,0
1459890000,94.608,94.642,94.586,94.617,0
1459893600,94.615,94.621,94.579,94.616,0
1459897200,94.594,94.652,94.586,94.64,0
1459900800,94.646,94.667,94.607,94.619,0
1459904400,94.618,94.702,94.605,94.702,0
1459908000,94.694,94.723,94.643,94.643,0
1459911600,94.649,94.722,94.632,94.705,0
1459915200,94.708,94.733,94.655,94.668,0
1459918800,94.674,94.715,94.65,94.684,0
1459922400,94.696,94.818,94.691,94.761,0
1459926000,94.762,94.872,94.706,94.791,0
1459929600,94.792,94.926,94.756,94.864,0
1459933200,94.87,94.896,94.823,94.859,0
1459936800,94.864,94.93,94.856,94.905,0
1459940400,94.906,95.066,94.84,94.973,0
1459944000,94.974,95.043,94.795,94.839,0
1459947600,94.834,94.878,94.583,94.659,0
1459951200,94.649,94.729,94.544,94.697,0
1459954800,94.694,94.724,94.256,94.287,0
1459958400,94.284,94.432,94.239,94.406,0
1459962000,94.398,94.405,94.328,94.388,0
1459965600,94.389,94.542,94.301,94.43,0
1459969200,94.429,94.481,94.4,94.477,0
1459972800,94.476,94.528,94.456,94.481,0
1459976400,94.48,94.53,94.452,94.489,0
1459980000,94.494,94.513,94.492,94.5,0
1459983600,94.48,94.517,94.42,94.454,0
1459987200,94.449,94.464,94.345,94.363,0
1459990800,94.365,94.486,94.339,94.445,0
1459994400,94.443,94.482,94.358,94.409,0
1459998000,94.406,94.45,94.385,94.444,0
1460001600,94.432,94.443,94.324,94.339,0
1460005200,94.342,94.358,94.171,94.231,0
1460008800,94.233,94.259,94.015,94.076,0
1460012400,94.073,94.475,94.073,94.324,0
1460016000,94.309,94.571,94.309,94.4,0
1460019600,94.397,94.499,94.312,94.376,0
1460023200,94.368,94.524,94.362,94.485,0
1460026800,94.491,94.59,94.269,94.544,0
1460030400,94.541,94.591,94.431,94.447,0
1460034000,94.441,94.666,94.44,94.578,0
1460037600,94.564,94.573,94.366,94.419,0
1460041200,94.42,94.425,94.314,94.391,0
1460044800,94.406,94.506,94.389,94.499,0
1460048400,94.497,94.611,94.47,94.512,0
1460052000,94.511,94.515,94.464,94.482,0
1460055600,94.478,94.566,94.469,94.54,0
1460059200,94.537,94.584,94.481,94.487,0
1460062800,94.496,94.552,94.474,94.529,0
1460066400,94.525,94.529,94.489,94.514,0
1460070000,94.535,94.578,94.505,94.578,0
1460073600,94.579,94.642,94.575,94.588,0
1460077200,94.587,94.649,94.545,94.63,0
1460080800,94.633,94.637,94.566,94.575,0
1460084400,94.581,94.593,94.547,94.56,0
1460088000,94.562,94.596,94.551,94.588,0
1460091600,94.593,94.653,94.544,94.551,0
1460095200,94.553,94.64,94.497,94.61,0
1460098800,94.616,94.677,94.449,94.501,0
1460102400,94.485,94.51,94.411,94.456,0
1460106000,94.464,94.524,94.419,94.514,0
1460109600,94.519,94.579,94.473,94.552,0
1460113200,94.553,94.591,94.524,94.53,0
1460116800,94.537,94.57,94.449,94.51,0
1460120400,94.504,94.511,94.316,94.408,0
1460124000,94.404,94.404,94.182,94.188,0
1460127600,94.203,94.283,94.093,94.226,0
1460131200,94.231,94.26,94.159,94.202,0
1460134800,94.201,94.271,94.188,94.265,0
1460138400,94.264,94.297,94.235,94.235,0
1460142000,94.248,94.25,94.201,94.22,0
1460145600,94.215,94.252,94.171,94.171,0
1460149200,94.186,94.226,94.186,94.191,0
1460322000,94.106,94.175,94.104,94.162,0
1460325600,94.165,94.199,94.139,94.187,0
1460329200,94.188,94.219,94.173,94.192,0
1460332800,94.189,94.235,94.145,94.228,0
1460336400,94.227,94.228,94.045,94.112,0
1460340000,94.113,94.159,94.085,94.116,0
1460343600,94.118,94.15,94.099,94.105,0
1460347200,94.1,94.115,94.044,94.105,0
1460350800,94.101,94.143,94.073,94.139,0
1460354400,94.134,94.158,94.011,94.078,0
1460358000,94.08,94.341,94.079,94.292,0
1460361600,94.29,94.298,94.151,94.19,0
1460365200,94.191,94.276,94.181,94.239,0
1460368800,94.244,94.257,94.141,94.18,0
1460372400,94.173,94.22,94.075,94.187,0
1460376000,94.186,94.21,93.97,94.029,0
1460379600,94.032,94.146,93.779,93.795,0
1460383200,93.804,93.862,93.754,93.765,0
1460386800,93.776,94.001,93.748,93.978,0
1460390400,93.98,93.997,93.907,93.951,0
1460394000,93.954,94.061,93.92,94.024,0
1460397600,94.029,94.029,93.923,93.95,0
1460401200,93.944,94.015,93.944,93.996,0
1460404800,93.991,94.012,93.954,93.956,0
1460408400,93.97,94.028,93.968,93.999,0
1460412000,94.001,94.011,93.974,94.006,0
1460415600,93.966,94.006,93.953,93.977,0
1460419200,93.989,94.084,93.968,93.987,0
1460422800,93.991,94.032,93.945,93.994,0
1460426400,94.001,94.021,93.977,94.015,0
1460430000,94.017,94.06,94.001,94.022,0
1460433600,94.027,94.034,93.982,94.01,0
1460437200,94.006,94.037,93.977,94.005,0
1460440800,94.001,94.038,93.921,93.94,0
1460444400,93.943,93.949,93.816,93.858,0
1460448000,93.838,93.847,93.627,93.789,0
1460451600,93.793,93.88,93.783,93.851,0
1460455200,93.858,93.922,93.824,93.922,0
1460458800,93.912,93.988,93.874,93.911,0
1460462400,93.914,94.129,93.9,94.117,0
1460466000,94.115,94.262,94.018,94.23,0
1460469600,94.229,94.393,94.17,94.192,0
1460473200,94.201,94.266,93.985,94.02,0
1460476800,94.025,94.154,93.994,94.153,0
1460480400,94.15,94.159,94.049,94.125,0
1460484000,94.123,94.123,93.948,93.959,0
1460487600,93.963,94.023,93.954,93.985,0
1460491200,93.988,94.061,93.981,94.02,0
1460494800,94.021,94.064,93.997,94.061,0
1460498400,94.062,94.066,94.03,94.052,0
1460502000,94.052,94.087,94.047,94.067,0
1460505600,94.07,94.106,94.002,94.074,0
1460509200,94.076,94.173,94.064,94.142,0
1460512800,94.147,94.181,94.116,94.166,0
1460516400,94.163,94.177,94.133,94.16,0
1460520000,94.159,94.205,94.137,94.186,0
1460523600,94.183,94.272,94.177,94.249,0
1460527200,94.245,94.369,94.212,94.312,0
1460530800,94.309,94.358,94.212,94.295,0
1460534400,94.29,94.434,94.26,94.428,0
1460538000,94.424,94.569,94.406,94.541,0
1460541600,94.536,94.622,94.51,94.605,0
1460545200,94.597,94.662,94.541,94.611,0
1460548800,94.61,94.664,94.436,94.534,0
1460552400,94.53,94.743,94.451,94.729,0
1460556000,94.728,94.791,94.631,94.719,0
1460559600,94.722,94.824,94.655,94.743,0
1460563200,94.738,94.772,94.678,94.703,0
1460566800,94.7,94.81,94.661,94.74,0
1460570400,94.749,94.8,94.739,94.744,0
1460574000,94.743,94.78,94.703,94.776,0
1460577600,94.783,94.853,94.771,94.816,0
1460581200,94.815,94.83,94.781,94.79,0
1460584800,94.795,94.795,94.766,94.783,0
1460588400,94.814,94.858,94.802,94.823,0
1460592000,94.83,94.934,94.811,94.911,0
1460595600,94.915,95.018,94.893,94.963,0
1460599200,94.964,94.978,94.908,94.915,0
1460602800,94.912,94.977,94.893,94.953,0
1460606400,94.955,94.989,94.94,94.979,0
1460610000,94.98,95.012,94.944,94.98,0
1460613600,94.988,95.066,94.934,94.991,0
1460617200,94.985,95.2,94.967,95.03,0
1460620800,95.024,95.085,94.85,94.877,0
1460624400,94.896,94.983,94.828,94.971,0
1460628000,94.962,94.992,94.906,94.933,0
1460631600,94.934,94.972,94.884,94.942,0
1460635200,94.944,95.024,94.676,94.818,0
1460638800,94.815,94.87,94.74,94.791,0
1460642400,94.794,94.99,94.788,94.905,0
1460646000,94.913,95.021,94.855,94.901,0
1460649600,94.904,94.965,94.83,94.9,0
1460653200,94.908,94.918,94.834,94.847,0
1460656800,94.848,94.933,94.812,94.902,0
1460660400,94.891,94.988,94.879,94.985,0
1460664000,94.989,94.989,94.892,94.904,0
1460667600,94.907,94.967,94.891,94.927,0
1460671200,94.921,94.959,94.921,94.944,0
1460674800,94.937,94.951,94.899,94.93,0
1460678400,94.925,95.052,94.91,95.005,0
1460682000,95.012,95.021,94.953,94.966,0
1460685600,94.965,95.002,94.945,94.972,0
1460689200,94.982,94.99,94.935,94.952,0
1460692800,94.949,94.994,94.936,94.946,0
1460696400,94.952,94.99,94.936,94.97,0
1460700000,94.978,94.98,94.852,94.918,0
1460703600,94.921,95.02,94.882,94.921,0
1460707200,94.922,94.983,94.89,94.919,0
1460710800,94.917,94.929,94.868,94.881,0
1460714400,94.884,94.889,94.772,94.787,0
1460718000,94.788,94.799,94.718,94.763,0
1460721600,94.765,94.855,94.716,94.848,0
1460725200,94.853,94.879,94.724,94.791,0
1460728800,94.792,94.792,94.567,94.69,0
1460732400,94.697,94.751,94.619,94.665,0
1460736000,94.664,94.664,94.536,94.603,0
1460739600,94.602,94.681,94.506,94.674,0
1460743200,94.677,94.735,94.67,94.696,0
1460746800,94.694,94.721,94.672,94.718,0
1460750400,94.72,94.733,94.658,94.709,0
1460754000,94.715,94.715,94.702,94.711,0
1460926800,94.624,94.708,94.621,94.666,0
1460930400,94.677,94.763,94.663,94.758,0
1460934000,94.757,94.783,94.671,94.671,0
1460937600,94.673,94.696,94.607,94.685,0
1460941200,94.682,94.73,94.665,94.672,0
1460944800,94.677,94.775,94.661,94.741,0
1460948400,94.734,94.753,94.704,94.733,0
1460952000,94.738,94.772,94.705,94.713,0
1460955600,94.715,94.76,94.693,94.734,0
1460959200,94.732,94.827,94.702,94.74,0
1460962800,94.749,94.759,94.58,94.633,0
1460966400,94.632,94.745,94.58,94.617,0
1460970000,94.625,94.641,94.554,94.588,0
1460973600,94.584,94.651,94.582,94.607,0
1460977200,94.601,94.639,94.57,94.592,0
1460980800,94.59,94.65,94.528,94.629,0
1460984400,94.628,94.68,94.583,94.63,0
1460988000,94.623,94.633,94.401,94.419,0
1460991600,94.423,94.5,94.412,94.473,0
1460995200,94.461,94.508,94.41,94.418,0
1460998800,94.416,94.483,94.384,94.463,0
1461002400,94.46,94.51,94.447,94.49,0
1461006000,94.491,94.513,94.464,94.5,0
1461009600,94.502,94.512,94.451,94.458,0
1461013200,94.462,94.49,94.445,94.468,0
1461016800,94.47,94.485,94.446,94.462,0
1461020400,94.487,94.529,94.485,94.52,0
1461024000,94.505,94.546,94.482,94.492,0
1461027600,94.494,94.499,94.41,94.429,0
1461031200,94.425,94.466,94.394,94.403,0
1461034800,94.401,94.438,94.38,94.403,0
1461038400,94.402,94.443,94.395,94.402,0
1461042000,94.403,94.434,94.379,94.379,0
1461045600,94.377,94.389,94.223,94.268,0
1461049200,94.276,94.4,94.268,94.394,0
1461052800,94.388,94.477,94.354,94.375,0
1461056400,94.37,94.409,94.324,94.343,0
1461060000,94.341,94.355,94.282,94.315,0
1461063600,94.307,94.343,94.205,94.264,0
1461067200,94.266,94.285,94.127,94.182,0
1461070800,94.173,94.186,93.963,93.974,0
1461074400,93.979,94.139,93.941,94.003,0
1461078000,93.992,94.038,93.926,93.994,0
1461081600,93.991,94.061,93.991,94.007,0
1461085200,94.008,94.008,93.943,93.961,0
1461088800,93.958,93.986,93.937,93.976,0
1461092400,93.977,94.082,93.947,94.063,0
1461096000,94.06,94.119,94.053,94.09,0
1461099600,94.102,94.136,94.079,94.122,0
1461103200,94.129,94.129,94.106,94.119,0
1461106800,94.134,94.161,94.111,94.136,0
1461110400,94.125,94.131,94.085,94.124,0
1461114000,94.121,94.124,94.031,94.051,0
1461117600,94.044,94.106,94.04,94.044,0
1461121200,94.043,94.12,94.02,94.096,0
1461124800,94.099,94.125,94.076,94.125,0
1461128400,94.12,94.174,94.109,94.144,0
1461132000,94.139,94.145,94.051,94.091,0
1461135600,94.099,94.156,94.059,94.084,0
1461139200,94.079,94.141,94.058,94.062,0
1461142800,94.058,94.08,93.954,94.011,0
1461146400,94.013,94.098,94.004,94.062,0
1461150000,94.066,94.093,93.966,93.998,0
1461153600,93.995,94.099,93.936,94.088,0
1461157200,94.086,94.238,94.074,94.208,0
1461160800,94.203,94.347,94.169,94.247,0
1461164400,94.255,94.32,94.179,94.295,0
1461168000,94.293,94.325,94.242,94.317,0
1461171600,94.314,94.487,94.311,94.413,0
1461175200,94.402,94.507,94.393,94.492,0
1461178800,94.5,94.576,94.474,94.575,0
1461182400,94.585,94.593,94.534,94.564,0
1461186000,94.559,94.592,94.525,94.533,0
1461189600,94.54,94.557,94.534,94.548,0
1461193200,94.531,94.567,94.493,94.528,0
1461196800,94.527,94.576,94.51,94.557,0
1461200400,94.555,94.611,94.503,94.558,0
1461204000,94.556,94.567,94.524,94.529,0
1461207600,94.533,94.558,94.516,94.546,0
1461211200,94.548,94.599,94.537,94.559,0
1461214800,94.557,94.583,94.504,94.512,0
1461218400,94.515,94.554,94.474,94.499,0
1461222000,94.502,94.555,94.428,94.548,0
1461225600,94.554,94.644,94.509,94.588,0
1461229200,94.582,94.627,94.483,94.483,0
1461232800,94.488,94.52,94.428,94.441,0
1461236400,94.435,94.477,94.315,94.344,0
1461240000,94.342,94.342,93.923,94.038,0
1461243600,94.037,94.64,93.971,94.547,0
1461247200,94.542,94.695,94.477,94.587,0
1461250800,94.591,94.633,94.495,94.532,0
1461254400,94.536,94.61,94.468,94.569,0
1461258000,94.571,94.614,94.548,94.613,0
1461261600,94.612,94.672,94.598,94.599,0
1461265200,94.606,94.643,94.578,94.624,0
1461268800,94.619,94.675,94.606,94.654,0
1461272400,94.644,94.7,94.622,94.662,0
1461276000,94.652,94.664,94.64,94.651,0
1461279600,94.622,94.657,94.605,94.624,0
1461283200,94.627,94.633,94.534,94.551,0
1461286800,94.55,94.56,94.501,94.526,0
1461290400,94.528,94.542,94.468,94.532,0
1461294000,94.542,94.553,94.504,94.535,0
1461297600,94.534,94.68,94.524,94.644,0
1461301200,94.638,94.651,94.577,94.643,0
1461304800,94.644,94.743,94.603,94.707,0
1461308400,94.7,94.909,94.7,94.799,0
1461312000,94.8,94.834,94.707,94.828,0
1461315600,94.818,94.858,94.758,94.792,0
1461319200,94.791,94.9,94.747,94.804,0
1461322800,94.796,94.845,94.702,94.836,0
1461326400,94.845,94.942,94.825,94.894,0
1461330000,94.908,94.967,94.833,94.888,0
1461333600,94.889,94.995,94.779,94.989,0
1461337200,94.993,95.04,94.94,95.024,0
1461340800,95.032,95.179,95.021,95.17,0
1461344400,95.169,95.196,95.126,95.171,0
1461348000,95.17,95.174,95.072,95.116,0
1461351600,95.117,95.127,95.031,95.122,0
1461355200,95.12,95.141,95.045,95.101,0
1461358800,95.093,95.147,95.093,95.116,0
1461531600,95.126,95.129,95.079,95.089,0
1461535200,95.101,95.101,95.028,95.033,0
1461538800,95.03,95.048,95.016,95.032,0
1461542400,95.026,95.084,94.99,95.043,0
1461546000,95.05,95.053,94.961,94.971,0
1461549600,94.975,94.998,94.915,94.933,0
1461553200,94.935,94.971,94.933,94.958,0
1461556800,94.956,94.986,94.947,94.96,0
1461560400,94.959,94.984,94.891,94.958,0
1461564000,94.962,95.013,94.907,94.987,0
1461567600,94.984,95.04,94.895,94.917,0
1461571200,94.918,94.943,94.833,94.886,0
1461574800,94.893,94.986,94.88,94.9,0
1461578400,94.897,94.924,94.838,94.855,0
1461582000,94.854,94.87,94.753,94.777,0
1461585600,94.789,94.864,94.713,94.857,0
1461589200,94.856,94.91,94.756,94.817,0
1461592800,94.812,94.831,94.707,94.71,0
1461596400,94.715,94.757,94.679,94.733,0
1461600000,94.73,94.791,94.706,94.784,0
1461603600,94.785,94.79,94.707,94.734,0
1461607200,94.731,94.847,94.716,94.842,0
1461610800,94.846,94.855,94.795,94.839,0
1461614400,94.836,94.838,94.752,94.774,0
1461618000,94.775,94.809,94.723,94.776,0
1461621600,94.778,94.801,94.765,94.795,0
1461625200,94.78,94.798,94.744,94.776,0
1461628800,94.775,94.784,94.709,94.776,0
1461632400,94.774,94.8,94.737,94.753,0
1461636000,94.744,94.762,94.67,94.714,0
1461639600,94.71,94.752,94.69,94.745,0
1461643200,94.732,94.791,94.723,94.768,0
1461646800,94.766,94.811,94.742,94.742,0
1461650400,94.75,94.762,94.682,94.76,0
1461654000,94.756,94.79,94.571,94.591,0
1461657600,94.59,94.635,94.471,94.497,0
1461661200,94.5,94.583,94.452,94.565,0
1461664800,94.561,94.618,94.539,94.575,0
1461668400,94.573,94.687,94.553,94.66,0
1461672000,94.662,94.666,94.333,94.423,0
1461675600,94.422,94.439,94.205,94.267,0
1461679200,94.27,94.465,94.224,94.455,0
1461682800,94.448,94.51,94.352,94.352,0
1461686400,94.361,94.558,94.357,94.55,0
1461690000,94.544,94.614,94.525,94.547,0
1461693600,94.549,94.616,94.527,94.573,0
1461697200,94.568,94.643,94.551,94.598,0
1461700800,94.597,94.608,94.464,94.497,0
1461704400,94.509,94.545,94.486,94.515,0
1461708000,94.519,94.521,94.494,94.508,0
1461711600,94.533,94.548,94.5,94.514,0
1461715200,94.517,94.519,94.445,94.463,0
1461718800,94.47,94.498,94.409,94.491,0
1461722400,94.494,94.494,94.418,94.465,0
1461726000,94.466,94.479,94.432,94.446,0
1461729600,94.444,94.526,94.44,94.494,0
1461733200,94.492,94.556,94.457,94.534,0
1461736800,94.53,94.569,94.367,94.367,0
1461740400,94.332,94.376,94.291,94.303,0
1461744000,94.31,94.399,94.297,94.345,0
1461747600,94.35,94.493,94.349,94.416,0
1461751200,94.414,94.435,94.359,94.405,0
1461754800,94.407,94.464,94.367,94.453,0
1461758400,94.461,94.52,94.33,94.38,0
1461762000,94.383,94.445,94.295,94.357,0
1461765600,94.361,94.501,94.317,94.501,0
1461769200,94.506,94.53,94.39,94.4,0
1461772800,94.402,94.429,94.375,94.402,0
1461776400,94.403,94.439,94.298,94.32,0
1461780000,94.332,94.802,94.148,94.387,0
1461783600,94.377,94.529,94.377,94.492,0
1461787200,94.498,94.522,94.398,94.417,0
1461790800,94.414,94.436,94.369,94.404,0
1461794400,94.399,94.406,94.389,94.392,0
1461798000,94.378,94.426,94.37,94.38,0
1461801600,94.384,94.502,94.383,94.499,0
1461805200,94.504,94.578,94.504,94.552,0
1461808800,94.554,94.582,94.509,94.546,0
1461812400,94.548,94.554,94.02,94.137,0
1461816000,94.13,94.134,94.015,94.016,0
1461819600,94.018,94.089,93.997,94.042,0
1461823200,94.023,94.025,93.725,93.847,0
1461826800,93.851,93.895,93.685,93.826,0
1461830400,93.828,93.888,93.69,93.734,0
1461834000,93.731,93.818,93.73,93.787,0
1461837600,93.782,93.871,93.73,93.857,0
1461841200,93.85,93.905,93.82,93.889,0
1461844800,93.892,93.926,93.763,93.872,0
1461848400,93.873,94.054,93.849,93.975,0
1461852000,93.988,94.087,93.917,94.033,0
1461855600,94.045,94.078,93.941,93.973,0
1461859200,93.983,93.99,93.868,93.874,0
1461862800,93.872,93.878,93.732,93.75,0
1461866400,93.754,93.8,93.731,93.761,0
1461870000,93.751,93.784,93.69,93.73,0
1461873600,93.738,93.789,93.72,93.77,0
1461877200,93.763,93.798,93.701,93.783,0
1461880800,93.763,93.783,93.751,93.764,0
1461884400,93.803,93.846,93.73,93.734,0
1461888000,93.741,93.746,93.624,93.643,0
1461891600,93.639,93.672,93.437,93.483,0
1461895200,93.479,93.511,93.447,93.491,0
1461898800,93.49,93.511,93.415,93.459,0
1461902400,93.457,93.487,93.378,93.383,0
1461906000,93.393,93.435,93.355,93.423,0
1461909600,93.417,93.485,93.393,93.438,0
1461913200,93.442,93.486,93.248,93.483,0
1461916800,93.49,93.544,93.42,93.507,0
1461920400,93.501,93.51,93.432,93.447,0
1461924000,93.456,93.469,93.343,93.366,0
1461927600,93.363,93.498,93.335,93.347,0
1461931200,93.344,93.414,93.182,93.334,0
1461934800,93.328,93.347,93.112,93.2,0
1461938400,93.193,93.234,93.038,93.064,0
1461942000,93.065,93.156,93.007,93.151,0
1461945600,93.148,93.187,93.127,93.15,0
1461949200,93.152,93.21,93.079,93.186,0
1461952800,93.177,93.199,93.055,93.082,0
1461956400,93.081,93.127,93.034,93.045,0
1461960000,93.049,93.097,93.01,93.044,0
1461963600,93.027,93.027,93.016,93.018,0
1462136400,92.985,93.006,92.98,92.991,0
1462140000,92.992,93.095,92.977,93.081,0
1462143600,93.08,93.088,92.979,93.002,0
1462147200,93,93.038,92.866,92.919,0
1462150800,92.922,92.98,92.88,92.915,0
1462154400,92.919,92.977,92.914,92.963,0
1462158000,92.97,93.012,92.963,92.984,0
1462161600,92.986,93.014,92.977,92.989,0
1462165200,92.993,92.994,92.966,92.985,0
1462168800,92.986,93.032,92.947,92.999,0
1462172400,93,93.073,92.931,92.957,0
1462176000,92.955,92.955,92.863,92.909,0
1462179600,92.906,92.913,92.816,92.859,0
1462183200,92.858,92.931,92.823,92.912,0
1462186800,92.913,92.93,92.848,92.878,0
1462190400,92.88,92.883,92.713,92.831,0
1462194000,92.838,92.939,92.619,92.648,0
1462197600,92.653,92.847,92.568,92.683,0
1462201200,92.691,92.725,92.654,92.676,0
1462204800,92.673,92.737,92.562,92.604,0
1462208400,92.602,92.656,92.544,92.653,0
1462212000,92.654,92.681,92.575,92.626,0
1462215600,92.625,92.681,92.625,92.649,0
1462219200,92.638,92.643,92.537,92.547,0
1462222800,92.552,92.615,92.543,92.597,0
1462226400,92.604,92.604,92.576,92.586,0
1462230000,92.6,92.637,92.594,92.617,0
1462233600,92.618,92.622,92.472,92.513,0
1462237200,92.512,92.55,92.476,92.51,0
1462240800,92.509,92.509,92.461,92.485,0
1462244400,92.488,92.524,92.467,92.511,0
1462248000,92.512,92.584,92.455,92.507,0
1462251600,92.508,92.546,92.417,92.42,0
1462255200,92.417,92.418,92.242,92.254,0
1462258800,92.245,92.299,92.006,92.04,0
1462262400,92.038,92.117,91.919,92.105,0
1462266000,92.109,92.186,92.079,92.151,0
1462269600,92.145,92.279,92.145,92.255,0
1462273200,92.263,92.406,92.243,92.406,0
1462276800,92.396,92.53,92.384,92.497,0
1462280400,92.487,92.621,92.425,92.538,0
1462284000,92.53,92.845,92.47,92.837,0
1462287600,92.838,92.938,92.808,92.908,0
1462291200,92.911,92.938,92.779,92.779,0
1462294800,92.782,92.797,92.687,92.797,0
1462298400,92.804,92.958,92.788,92.944,0
1462302000,92.943,92.977,92.911,92.956,0
1462305600,92.952,93.038,92.927,93.035,0
1462309200,93.027,93.109,92.974,93.069,0
1462312800,93.07,93.07,93.036,93.062,0
1462316400,92.984,93.023,92.975,92.987,0
1462320000,92.985,93.001,92.945,92.964,0
1462323600,92.961,93.207,92.941,93.149,0
1462327200,93.155,93.231,93.148,93.207,0
1462330800,93.21,93.236,93.148,93.216,0
1462334400,93.217,93.217,93.127,93.14,0
1462338000,93.142,93.174,93.086,93.146,0
1462341600,93.145,93.193,93.032,93.053,0
1462345200,93.058,93.084,92.933,93.056,0
1462348800,93.06,93.274,93.058,93.154,0
1462352400,93.144,93.239,93.05,93.199,0
1462356000,93.204,93.273,93.182,93.182,0
1462359600,93.191,93.191,93.019,93.03,0
1462363200,93.038,93.159,92.85,93.129,0
1462366800,93.136,93.179,92.995,93.113,0
1462370400,93.118,93.361,93.112,93.237,0
1462374000,93.234,93.322,93.177,93.322,0
1462377600,93.317,93.317,93.217,93.234,0
1462381200,93.231,93.333,93.223,93.263,0
1462384800,93.267,93.279,93.166,93.179,0
1462388400,93.187,93.235,93.17,93.229,0
1462392000,93.236,93.304,93.217,93.272,0
1462395600,93.258,93.284,93.235,93.273,0
1462399200,93.27,93.278,93.253,93.27,0
1462402800,93.216,93.237,93.203,93.231,0
1462406400,93.227,93.301,93.211,93.293,0
1462410000,93.286,93.289,93.203,93.267,0
1462413600,93.268,93.275,93.232,93.244,0
1462417200,93.243,93.257,93.228,93.238,0
1462420800,93.237,93.277,93.231,93.261,0
1462424400,93.259,93.259,93.17,93.203,0
1462428000,93.205,93.245,93.19,93.218,0
1462431600,93.222,93.48,93.222,93.451,0
1462435200,93.455,93.568,93.423,93.521,0
1462438800,93.523,93.567,93.479,93.546,0
1462442400,93.553,93.676,93.548,93.635,0
1462446000,93.64,93.689,93.559,93.56,0
1462449600,93.553,93.562,93.446,93.453,0
1462453200,93.454,93.746,93.438,93.739,0
1462456800,93.73,93.862,93.659,93.778,0
1462460400,93.781,93.815,93.705,93.752,0
1462464000,93.754,93.807,93.671,93.693,0
1462467600,93.695,93.794,93.688,93.784,0
1462471200,93.785,93.827,93.74,93.78,0
1462474800,93.783,93.796,93.751,93.764,0
1462478400,93.761,93.77,93.716,93.728,0
1462482000,93.735,93.771,93.721,93.756,0
1462485600,93.753,93.762,93.751,93.761,0
1462489200,93.73,93.759,93.71,93.758,0
1462492800,93.766,93.83,93.723,93.799,0
1462496400,93.793,93.799,93.716,93.753,0
1462500000,93.756,93.756,93.7,93.736,0
1462503600,93.738,93.762,93.715,93.755,0
1462507200,93.756,93.758,93.705,93.756,0
1462510800,93.754,93.798,93.745,93.791,0
1462514400,93.799,93.815,93.654,93.683,0
1462518000,93.687,93.722,93.596,93.615,0
1462521600,93.619,93.659,93.56,93.592,0
1462525200,93.597,93.643,93.522,93.592,0
1462528800,93.589,93.67,93.549,93.615,0
1462532400,93.614,93.647,93.584,93.621,0
1462536000,93.625,93.786,93.277,93.569,0
1462539600,93.57,93.808,93.542,93.624,0
1462543200,93.627,93.796,93.607,93.696,0
1462546800,93.688,93.747,93.631,93.694,0
1462550400,93.693,93.693,93.63,93.646,0
1462554000,93.648,93.789,93.625,93.765,0
1462557600,93.768,93.962,93.755,93.888,0
1462561200,93.885,93.888,93.826,93.838,0
1462564800,93.841,93.86,93.809,93.828,0
1462568400,93.829,93.833,93.815,93.83,0
1462741200,93.907,93.921,93.88,93.908,0
1462744800,93.906,93.916,93.88,93.896,0
1462748400,93.897,93.986,93.872,93.973,0
1462752000,93.972,94.056,93.949,94.011,0
1462755600,94.009,94.012,93.861,93.872,0
1462759200,93.869,93.937,93.867,93.918,0
1462762800,93.913,93.945,93.874,93.879,0
1462766400,93.88,93.889,93.813,93.815,0
1462770000,93.816,93.961,93.81,93.927,0
1462773600,93.93,93.967,93.803,93.826,0
1462777200,93.827,94.047,93.825,93.999,0
1462780800,94.01,94.062,93.94,93.974,0
1462784400,93.969,94.012,93.875,93.878,0
1462788000,93.871,94.045,93.871,94.005,0
1462791600,93.992,94.132,93.976,94.126,0
1462795200,94.125,94.127,93.94,94.024,0
1462798800,94.015,94.152,93.985,94.152,0
1462802400,94.159,94.184,93.99,94.084,0
1462806000,94.093,94.117,94.023,94.065,0
1462809600,94.067,94.143,94.036,94.135,0
1462813200,94.134,94.204,94.122,94.172,0
1462816800,94.176,94.204,94.096,94.128,0
1462820400,94.125,94.171,94.108,94.148,0
1462824000,94.156,94.163,94.118,94.137,0
1462827600,94.134,94.167,94.132,94.159,0
1462831200,94.16,94.166,94.134,94.156,0
1462834800,94.134,94.139,94.091,94.134,0
1462838400,94.137,94.187,94.13,94.143,0
1462842000,94.144,94.201,94.083,94.191,0
1462845600,94.192,94.259,94.18,94.199,0
1462849200,94.201,94.241,94.146,94.208,0
1462852800,94.212,94.263,94.179,94.26,0
1462856400,94.262,94.286,94.179,94.188,0
1462860000,94.192,94.224,94.106,94.126,0
1462863600,94.131,94.17,94.038,94.144,0
1462867200,94.145,94.199,94.083,94.088,0
1462870800,94.094,94.2,94.094,94.186,0
1462874400,94.197,94.33,94.166,94.325,0
1462878000,94.336,94.356,94.221,94.321,0
1462881600,94.317,94.323,94.184,94.261,0
1462885200,94.259,94.286,94.084,94.155,0
1462888800,94.151,94.228,94.031,94.133,0
1462892400,94.132,94.207,94.085,94.2,0
1462896000,94.202,94.276,94.18,94.234,0
1462899600,94.233,94.283,94.229,94.256,0
1462903200,94.265,94.314,94.236,94.29,0
1462906800,94.291,94.301,94.256,94.269,0
1462910400,94.271,94.285,94.238,94.248,0
1462914000,94.251,94.275,94.227,94.268,0
1462917600,94.27,94.273,94.241,94.265,0
1462921200,94.257,94.265,94.229,94.235,0
1462924800,94.233,94.239,94.152,94.232,0
1462928400,94.231,94.231,94.109,94.122,0
1462932000,94.123,94.141,94.081,94.114,0
1462935600,94.113,94.191,94.106,94.147,0
1462939200,94.144,94.199,94.13,94.16,0
1462942800,94.166,94.18,94.083,94.093,0
1462946400,94.09,94.105,94.017,94.061,0
1462950000,94.062,94.154,94.045,94.117,0
1462953600,94.112,94.161,94.06,94.116,0
1462957200,94.112,94.171,94.031,94.053,0
1462960800,94.052,94.115,94.025,94.057,0
1462964400,94.062,94.072,94.002,94.043,0
1462968000,94.034,94.034,93.914,94.012,0
1462971600,94.005,94.03,93.828,93.842,0
1462975200,93.843,93.911,93.741,93.803,0
1462978800,93.812,93.852,93.686,93.7,0
1462982400,93.696,93.826,93.684,93.782,0
1462986000,93.781,93.814,93.726,93.782,0
1462989600,93.784,93.823,93.754,93.823,0
1462993200,93.819,93.851,93.802,93.845,0
1462996800,93.849,93.87,93.808,93.829,0
1463000400,93.826,93.862,93.787,93.818,0
1463004000,93.826,93.845,93.813,93.833,0
1463007600,93.843,93.871,93.822,93.848,0
1463011200,93.855,93.857,93.799,93.817,0
1463014800,93.814,93.865,93.805,93.83,0
1463018400,93.829,93.892,93.824,93.871,0
1463022000,93.876,93.891,93.838,93.864,0
1463025600,93.876,93.916,93.843,93.903,0
1463029200,93.898,93.943,93.89,93.934,0
1463032800,93.933,93.999,93.892,93.994,0
1463036400,93.998,94.024,93.964,94.001,0
1463040000,94.009,94.02,93.932,93.978,0
1463043600,93.982,93.997,93.933,93.97,0
1463047200,93.968,94.109,93.967,94.084,0
1463050800,94.088,94.173,93.992,94.16,0
1463054400,94.161,94.185,93.96,93.96,0
1463058000,93.962,94.02,93.822,93.849,0
1463061600,93.845,93.956,93.835,93.902,0
1463065200,93.9,94.132,93.9,94.094,0
1463068800,94.102,94.162,94.055,94.055,0
1463072400,94.062,94.156,94.041,94.155,0
1463076000,94.153,94.157,94.106,94.15,0
1463079600,94.145,94.185,94.122,94.171,0
1463083200,94.163,94.191,94.116,94.147,0
1463086800,94.144,94.19,94.136,94.16,0
1463090400,94.164,94.174,94.142,94.163,0
1463094000,94.126,94.197,94.114,94.178,0
1463097600,94.175,94.194,94.13,94.153,0
1463101200,94.16,94.214,94.134,94.194,0
1463104800,94.192,94.198,94.161,94.174,0
1463108400,94.176,94.185,94.135,94.149,0
1463112000,94.143,94.178,94.117,94.16,0
1463115600,94.166,94.174,94.133,94.15,0
1463119200,94.142,94.346,94.135,94.343,0
1463122800,94.339,94.442,94.317,94.332,0
1463126400,94.329,94.388,94.244,94.28,0
1463130000,94.285,94.37,94.249,94.349,0
1463133600,94.35,94.377,94.282,94.351,0
1463137200,94.347,94.361,94.273,94.304,0
1463140800,94.313,94.67,94.298,94.61,0
1463144400,94.593,94.709,94.463,94.706,0
1463148000,94.695,94.845,94.676,94.727,0
1463151600,94.72,94.836,94.72,94.736,0
1463155200,94.738,94.778,94.673,94.717,0
1463158800,94.705,94.766,94.618,94.669,0
1463162400,94.664,94.675,94.584,94.608,0
1463166000,94.612,94.62,94.528,94.586,0
1463169600,94.582,94.642,94.574,94.587,0
1463173200,94.613,94.613,94.576,94.576,0
1463346000,94.602,94.643,94.574,94.643,0
1463349600,94.639,94.648,94.555,94.575,0
1463353200,94.572,94.603,94.552,94.585,0
1463356800,94.582,94.682,94.582,94.675,0
1463360400,94.676,94.678,94.618,94.638,0
1463364000,94.633,94.652,94.575,94.649,0
1463367600,94.65,94.658,94.622,94.638,0
1463371200,94.644,94.667,94.599,94.609,0
1463374800,94.607,94.641,94.586,94.629,0
1463378400,94.63,94.641,94.556,94.578,0
1463382000,94.581,94.595,94.492,94.568,0
1463385600,94.572,94.616,94.456,94.543,0
1463389200,94.538,94.663,94.527,94.631,0
1463392800,94.626,94.657,94.54,94.543,0
1463396400,94.544,94.588,94.512,94.557,0
1463400000,94.548,94.607,94.407,94.46,0
1463403600,94.456,94.518,94.44,94.459,0
1463407200,94.462,94.515,94.398,94.449,0
1463410800,94.455,94.497,94.429,94.477,0
1463414400,94.481,94.498,94.437,94.495,0
1463418000,94.499,94.58,94.478,94.568,0
1463421600,94.575,94.608,94.544,94.572,0
1463425200,94.569,94.583,94.532,94.548,0
1463428800,94.558,94.604,94.516,94.546,0
1463432400,94.554,94.597,94.533,94.569,0
1463436000,94.567,94.581,94.552,94.557,0
1463439600,94.571,94.601,94.499,94.552,0
1463443200,94.554,94.555,94.482,94.524,0
1463446800,94.518,94.55,94.473,94.514,0
1463450400,94.516,94.528,94.4,94.4,0
1463454000,94.401,94.5,94.401,94.452,0
1463457600,94.451,94.497,94.451,94.476,0
1463461200,94.48,94.517,94.462,94.501,0
1463464800,94.498,94.541,94.386,94.428,0
1463468400,94.424,94.453,94.375,94.375,0
1463472000,94.376,94.554,94.376,94.541,0
1463475600,94.547,94.6,94.496,94.499,0
1463479200,94.507,94.563,94.496,94.561,0
1463482800,94.563,94.605,94.543,94.57,0
1463486400,94.569,94.708,94.546,94.609,0
1463490000,94.607,94.616,94.399,94.431,0
1463493600,94.418,94.464,94.333,94.407,0
1463497200,94.405,94.423,94.329,94.38,0
1463500800,94.384,94.435,94.346,94.435,0
1463504400,94.427,94.546,94.427,94.54,0
1463508000,94.538,94.576,94.529,94.548,0
1463511600,94.551,94.558,94.499,94.543,0
1463515200,94.55,94.589,94.524,94.565,0
1463518800,94.56,94.589,94.5,94.534,0
1463522400,94.571,94.576,94.555,94.571,0
1463526000,94.565,94.614,94.538,94.549,0
1463529600,94.553,94.599,94.528,94.579,0
1463533200,94.577,94.726,94.537,94.717,0
1463536800,94.718,94.778,94.687,94.751,0
1463540400,94.754,94.796,94.711,94.762,0
1463544000,94.763,94.77,94.721,94.744,0
1463547600,94.746,94.804,94.73,94.775,0
1463551200,94.777,94.864,94.75,94.858,0
1463554800,94.861,94.988,94.855,94.923,0
1463558400,94.91,94.97,94.865,94.954,0
1463562000,94.947,94.99,94.865,94.923,0
1463565600,94.919,94.934,94.825,94.837,0
1463569200,94.845,94.857,94.68,94.713,0
1463572800,94.719,94.821,94.7,94.784,0
1463576400,94.783,94.863,94.711,94.78,0
1463580000,94.784,94.831,94.657,94.703,0
1463583600,94.71,94.764,94.667,94.729,0
1463587200,94.725,94.757,94.691,94.703,0
1463590800,94.701,94.744,94.593,94.615,0
1463594400,94.618,95.139,94.618,95.08,0
1463598000,95.085,95.214,95.065,95.206,0
1463601600,95.205,95.241,95.163,95.205,0
1463605200,95.206,95.27,95.184,95.195,0
1463608800,95.2,95.2,95.168,95.189,0
1463612400,95.139,95.201,95.121,95.201,0
1463616000,95.202,95.202,95.152,95.163,0
1463619600,95.161,95.213,95.134,95.178,0
1463623200,95.177,95.202,95.134,95.193,0
1463626800,95.168,95.217,95.154,95.192,0
1463630400,95.193,95.263,95.186,95.234,0
1463634000,95.242,95.333,95.22,95.32,0
1463637600,95.322,95.326,95.162,95.191,0
1463641200,95.196,95.295,95.123,95.208,0
1463644800,95.201,95.24,95.127,95.143,0
1463648400,95.138,95.215,95.125,95.167,0
1463652000,95.166,95.278,95.158,95.265,0
1463655600,95.266,95.353,95.223,95.338,0
1463659200,95.344,95.501,95.319,95.499,0
1463662800,95.5,95.502,95.26,95.338,0
1463666400,95.337,95.404,95.132,95.332,0
1463670000,95.319,95.367,95.203,95.216,0
1463673600,95.229,95.298,95.223,95.247,0
1463677200,95.246,95.294,95.228,95.275,0
1463680800,95.27,95.302,95.238,95.287,0
1463684400,95.286,95.345,95.261,95.344,0
1463688000,95.347,95.349,95.277,95.28,0
1463691600,95.289,95.337,95.266,95.314,0
1463695200,95.323,95.323,95.287,95.306,0
1463698800,95.293,95.302,95.265,95.294,0
1463702400,95.298,95.332,95.255,95.317,0
1463706000,95.319,95.335,95.281,95.281,0
1463709600,95.283,95.308,95.239,95.3,0
1463713200,95.302,95.334,95.275,95.293,0
1463716800,95.288,95.342,95.279,95.326,0
1463720400,95.316,95.343,95.254,95.271,0
1463724000,95.265,95.311,95.205,95.224,0
1463727600,95.231,95.312,95.207,95.31,0
1463731200,95.305,95.348,95.223,95.254,0
1463734800,95.257,95.317,95.238,95.244,0
1463738400,95.249,95.344,95.243,95.305,0
1463742000,95.316,95.372,95.274,95.286,0
1463745600,95.282,95.322,95.251,95.269,0
1463749200,95.272,95.332,95.174,95.33,0
1463752800,95.328,95.461,95.299,95.393,0
1463756400,95.399,95.447,95.368,95.44,0
1463760000,95.436,95.443,95.378,95.39,0
1463763600,95.391,95.403,95.264,95.297,0
1463767200,95.291,95.343,95.248,95.334,0
1463770800,95.331,95.381,95.309,95.346,0
1463774400,95.342,95.354,95.265,95.276,0
1463778000,95.285,95.294,95.27,95.27,0
1463950800,95.364,95.367,95.287,95.311,0
1463954400,95.315,95.356,95.305,95.34,0
1463958000,95.342,95.344,95.295,95.312,0
1463961600,95.308,95.318,95.204,95.24,0
1463965200,95.246,95.246,95.166,95.202,0
1463968800,95.199,95.227,95.162,95.209,0
1463972400,95.208,95.213,95.111,95.152,0
1463976000,95.159,95.218,95.145,95.195,0
1463979600,95.194,95.252,95.193,95.235,0
1463983200,95.233,95.252,95.13,95.14,0
1463986800,95.156,95.248,95.104,95.239,0
1463990400,95.236,95.34,95.235,95.27,0
1463994000,95.279,95.318,95.271,95.297,0
1463997600,95.291,95.391,95.291,95.348,0
1464001200,95.35,95.362,95.291,95.312,0
1464004800,95.31,95.41,95.268,95.401,0
1464008400,95.399,95.477,95.392,95.416,0
1464012000,95.417,95.464,95.318,95.422,0
1464015600,95.426,95.468,95.321,95.468,0
1464019200,95.465,95.467,95.307,95.312,0
1464022800,95.297,95.324,95.16,95.195,0
1464026400,95.192,95.249,95.154,95.231,0
1464030000,95.23,95.272,95.216,95.26,0
1464033600,95.259,95.299,95.21,95.233,0
1464037200,95.238,95.286,95.224,95.239,0
1464040800,95.24,95.254,95.233,95.245,0
1464044400,95.261,95.321,95.261,95.305,0
1464048000,95.301,95.321,95.249,95.278,0
1464051600,95.276,95.352,95.264,95.327,0
1464055200,95.331,95.379,95.292,95.302,0
1464058800,95.301,95.371,95.299,95.351,0
1464062400,95.35,95.35,95.276,95.291,0
1464066000,95.292,95.338,95.285,95.302,0
1464069600,95.299,95.406,95.202,95.397,0
1464073200,95.392,95.495,95.32,95.455,0
1464076800,95.451,95.543,95.446,95.468,0
1464080400,95.472,95.485,95.369,95.395,0
1464084000,95.394,95.45,95.361,95.4,0
1464087600,95.392,95.45,95.352,95.447,0
1464091200,95.454,95.526,95.408,95.49,0
1464094800,95.491,95.559,95.49,95.536,0
1464098400,95.534,95.616,95.468,95.477,0
1464102000,95.479,95.586,95.442,95.585,0
1464105600,95.586,95.618,95.537,95.542,0
1464109200,95.55,95.647,95.548,95.61,0
1464112800,95.609,95.637,95.541,95.571,0
1464116400,95.578,95.66,95.575,95.608,0
1464120000,95.611,95.633,95.568,95.585,0
1464123600,95.589,95.637,95.562,95.606,0
1464127200,95.6,95.608,95.547,95.59,0
1464130800,95.624,95.678,95.594,95.651,0
1464134400,95.657,95.661,95.598,95.625,0
1464138000,95.629,95.644,95.582,95.599,0
1464141600,95.601,95.616,95.577,95.58,0
1464145200,95.583,95.592,95.476,95.488,0
1464148800,95.49,95.552,95.488,95.538,0
1464152400,95.545,95.55,95.499,95.515,0
1464156000,95.513,95.577,95.484,95.513,0
1464159600,95.516,95.605,95.484,95.536,0
1464163200,95.537,95.638,95.501,95.565,0
1464166800,95.566,95.61,95.523,95.58,0
1464170400,95.575,95.637,95.566,95.569,0
1464174000,95.565,95.585,95.493,95.501,0
1464177600,95.503,95.562,95.47,95.533,0
1464181200,95.536,95.579,95.485,95.506,0
1464184800,95.499,95.608,95.436,95.495,0
1464188400,95.5,95.522,95.367,95.481,0
1464192000,95.479,95.503,95.44,95.44,0
1464195600,95.444,95.445,95.375,95.417,0
1464199200,95.411,95.429,95.33,95.354,0
1464202800,95.35,95.416,95.35,95.405,0
1464206400,95.4,95.436,95.394,95.414,0
1464210000,95.409,95.452,95.353,95.411,0
1464213600,95.402,95.409,95.385,95.407,0
1464217200,95.421,95.472,95.397,95.413,0
1464220800,95.422,95.422,95.183,95.243,0
1464224400,95.244,95.28,95.201,95.255,0
1464228000,95.257,95.258,95.163,95.202,0
1464231600,95.201,95.217,95.142,95.172,0
1464235200,95.173,95.197,95.132,95.186,0
1464238800,95.178,95.18,95.115,95.15,0
1464242400,95.149,95.259,95.149,95.252,0
1464246000,95.249,95.287,95.225,95.276,0
1464249600,95.283,95.287,95.227,95.248,0
1464253200,95.247,95.263,95.187,95.196,0
1464256800,95.192,95.233,95.132,95.219,0
1464260400,95.225,95.311,95.189,95.266,0
1464264000,95.27,95.336,95.051,95.065,0
1464267600,95.062,95.095,94.938,95.091,0
1464271200,95.065,95.188,95.037,95.177,0
1464274800,95.178,95.256,95.164,95.203,0
1464278400,95.201,95.324,95.201,95.275,0
1464282000,95.27,95.279,95.177,95.221,0
1464285600,95.222,95.253,95.159,95.168,0
1464289200,95.169,95.179,95.15,95.171,0
1464292800,95.17,95.179,95.121,95.153,0
1464296400,95.147,95.177,95.122,95.148,0
1464300000,95.149,95.158,95.137,95.139,0
1464303600,95.142,95.176,95.125,95.152,0
1464307200,95.149,95.182,95.082,95.158,0
1464310800,95.15,95.202,95.135,95.174,0
1464314400,95.176,95.243,95.17,95.227,0
1464318000,95.226,95.23,95.189,95.204,0
1464321600,95.205,95.219,95.186,95.203,0
1464325200,95.201,95.238,95.135,95.18,0
1464328800,95.179,95.201,95.106,95.185,0
1464332400,95.184,95.295,95.184,95.268,0
1464336000,95.286,95.292,95.223,95.269,0
1464339600,95.268,95.332,95.23,95.28,0
1464343200,95.266,95.311,95.253,95.275,0
1464346800,95.274,95.364,95.222,95.353,0
1464350400,95.35,95.433,95.276,95.416,0
1464354000,95.407,95.497,95.384,95.443,0
1464357600,95.435,95.601,95.43,95.574,0
1464361200,95.563,95.62,95.482,95.491,0
1464364800,95.493,95.555,95.478,95.521,0
1464368400,95.52,95.671,95.436,95.655,0
1464372000,95.651,95.779,95.651,95.731,0
1464375600,95.736,95.778,95.705,95.76,0
1464379200,95.761,95.776,95.695,95.705,0
1464382800,95.708,95.718,95.7,95.7,0
1464649200,95.659,95.66,95.589,95.6,0
1464652800,95.602,95.614,95.551,95.58,0
1464656400,95.581,95.605,95.517,95.576,0
1464660000,95.58,95.588,95.541,95.577,0
1464663600,95.573,95.595,95.538,95.564,0
1464667200,95.561,95.698,95.559,95.677,0
1464670800,95.672,95.719,95.661,95.697,0
1464674400,95.704,95.753,95.667,95.719,0
1464678000,95.717,95.806,95.71,95.797,0
1464681600,95.812,95.82,95.719,95.73,0
1464685200,95.734,95.783,95.635,95.65,0
1464688800,95.663,95.672,95.576,95.628,0
1464692400,95.625,95.644,95.502,95.529,0
1464696000,95.52,95.671,95.52,95.622,0
1464699600,95.611,95.633,95.511,95.514,0
1464703200,95.521,95.796,95.463,95.773,0
1464706800,95.781,95.846,95.749,95.79,0
1464710400,95.793,95.832,95.702,95.761,0
1464714000,95.762,95.835,95.749,95.818,0
1464717600,95.807,95.891,95.758,95.891,0
1464721200,95.889,95.89,95.799,95.879,0
1464724800,95.87,95.885,95.807,95.834,0
1464728400,95.829,95.895,95.814,95.836,0
1464732000,95.838,95.845,95.795,95.798,0
1464735600,95.82,95.876,95.786,95.801,0
1464739200,95.791,95.901,95.765,95.847,0
1464742800,95.844,95.879,95.806,95.877,0
1464746400,95.883,95.888,95.828,95.841,0
1464750000,95.853,95.899,95.834,95.834,0
1464753600,95.836,95.89,95.817,95.817,0
1464757200,95.822,95.828,95.685,95.743,0
1464760800,95.746,95.804,95.691,95.787,0
1464764400,95.793,95.807,95.602,95.619,0
1464768000,95.622,95.661,95.558,95.613,0
1464771600,95.614,95.647,95.529,95.554,0
1464775200,95.548,95.578,95.503,95.563,0
1464778800,95.557,95.583,95.391,95.416,0
1464782400,95.423,95.446,95.344,95.399,0
1464786000,95.408,95.53,95.383,95.443,0
1464789600,95.446,95.644,95.446,95.469,0
1464793200,95.477,95.599,95.446,95.573,0
1464796800,95.586,95.666,95.509,95.519,0
1464800400,95.514,95.531,95.43,95.456,0
1464804000,95.462,95.496,95.412,95.455,0
1464807600,95.448,95.456,95.37,95.381,0
1464811200,95.378,95.449,95.378,95.416,0
1464814800,95.415,95.473,95.357,95.417,0
1464818400,95.418,95.436,95.397,95.419,0
1464822000,95.429,95.516,95.403,95.406,0
1464825600,95.412,95.412,95.326,95.353,0
1464829200,95.356,95.412,95.27,95.346,0
1464832800,95.348,95.348,95.192,95.217,0
1464836400,95.218,95.269,95.192,95.228,0
1464840000,95.226,95.283,95.202,95.258,0
1464843600,95.255,95.309,95.233,95.288,0
1464847200,95.285,95.353,95.253,95.316,0
1464850800,95.325,95.35,95.153,95.192,0
1464854400,95.187,95.247,95.162,95.218,0
1464858000,95.217,95.31,95.204,95.259,0
1464861600,95.272,95.307,95.235,95.299,0
1464865200,95.297,95.382,95.284,95.355,0
1464868800,95.352,95.481,95.178,95.324,0
1464872400,95.332,95.53,95.308,95.463,0
1464876000,95.456,95.49,95.351,95.461,0
1464879600,95.463,95.55,95.447,95.504,0
1464883200,95.5,95.537,95.48,95.486,0
1464886800,95.481,95.509,95.469,95.487,0
1464890400,95.494,95.584,95.487,95.564,0
1464894000,95.567,95.591,95.519,95.527,0
1464897600,95.528,95.578,95.519,95.549,0
1464901200,95.547,95.609,95.514,95.55,0
1464904800,95.548,95.56,95.521,95.545,0
1464908400,95.554,95.582,95.519,95.572,0
1464912000,95.558,95.631,95.528,95.625,0
1464915600,95.623,95.626,95.556,95.57,0
1464919200,95.574,95.602,95.529,95.56,0
1464922800,95.567,95.594,95.505,95.51,0
1464926400,95.515,95.551,95.467,95.494,0
1464930000,95.493,95.543,95.485,95.521,0
1464933600,95.523,95.568,95.492,95.541,0
1464937200,95.539,95.56,95.481,95.516,0
1464940800,95.518,95.543,95.475,95.536,0
1464944400,95.539,95.638,95.539,95.611,0
1464948000,95.613,95.632,95.576,95.624,0
1464951600,95.619,95.623,95.548,95.583,0
1464955200,95.577,95.577,94.424,94.475,0
1464958800,94.478,94.478,94.107,94.163,0
1464962400,94.161,94.229,93.986,94.148,0
1464966000,94.15,94.18,94.037,94.172,0
1464969600,94.165,94.181,94.053,94.166,0
1464973200,94.158,94.165,94,94.019,0
1464976800,94.016,94.101,94.016,94.029,0
1464980400,94.034,94.075,93.97,93.978,0
1464984000,93.981,93.991,93.855,93.9,0
1464987600,93.896,93.896,93.868,93.873,0
1465160400,94.019,94.019,93.902,93.936,0
1465164000,93.937,94.05,93.916,94.02,0
1465167600,94.021,94.178,94.021,94.114,0
1465171200,94.115,94.174,94.078,94.13,0
1465174800,94.122,94.167,94.111,94.153,0
1465178400,94.149,94.21,94.14,94.202,0
1465182000,94.203,94.253,94.19,94.233,0
1465185600,94.231,94.255,94.196,94.214,0
1465189200,94.208,94.247,94.185,94.22,0
1465192800,94.219,94.274,94.197,94.24,0
1465196400,94.239,94.267,94.069,94.157,0
1465200000,94.152,94.152,94.04,94.09,0
1465203600,94.092,94.213,94.082,94.189,0
1465207200,94.186,94.269,94.172,94.245,0
1465210800,94.251,94.261,94.125,94.184,0
1465214400,94.189,94.19,94.029,94.125,0
1465218000,94.138,94.162,94.04,94.07,0
1465221600,94.078,94.078,93.942,93.951,0
1465225200,93.941,94.045,93.91,94.045,0
1465228800,94.054,94.242,93.82,93.864,0
1465232400,93.855,93.996,93.745,93.927,0
1465236000,93.929,93.988,93.894,93.902,0
1465239600,93.903,93.997,93.901,93.976,0
1465243200,93.981,94.041,93.973,94.031,0
1465246800,94.037,94.072,94.008,94.018,0
1465250400,94.008,94.035,93.994,94.027,0
1465254000,94.014,94.05,93.964,93.977,0
1465257600,93.974,94.006,93.93,93.993,0
1465261200,93.994,94.074,93.966,94.056,0
1465264800,94.06,94.094,94.017,94.049,0
1465268400,94.047,94.084,94.044,94.062,0
1465272000,94.069,94.069,93.862,93.976,0
1465275600,93.983,94.038,93.965,94.021,0
1465279200,94.022,94.022,93.924,93.993,0
1465282800,93.991,93.991,93.868,93.912,0
1465286400,93.917,93.943,93.824,93.837,0
1465290000,93.849,93.861,93.754,93.843,0
1465293600,93.841,93.893,93.802,93.883,0
1465297200,93.885,93.997,93.869,93.956,0
1465300800,93.958,93.988,93.84,93.849,0
1465304400,93.846,93.912,93.833,93.858,0
1465308000,93.86,93.997,93.811,93.885,0
1465311600,93.884,93.935,93.865,93.917,0
1465315200,93.918,93.97,93.87,93.946,0
1465318800,93.944,93.965,93.838,93.84,0
1465322400,93.844,93.862,93.807,93.828,0
1465326000,93.835,93.883,93.821,93.874,0
1465329600,93.873,93.913,93.836,93.846,0
1465333200,93.847,93.88,93.815,93.856,0
1465336800,93.859,93.867,93.829,93.855,0
1465340400,93.862,93.9,93.842,93.868,0
1465344000,93.869,93.869,93.78,93.787,0
1465347600,93.791,93.795,93.713,93.72,0
1465351200,93.715,93.76,93.715,93.746,0
1465354800,93.745,93.816,93.732,93.778,0
1465358400,93.779,93.794,93.706,93.713,0
1465362000,93.71,93.775,93.68,93.768,0
1465365600,93.767,93.812,93.73,93.755,0
1465369200,93.751,93.779,93.711,93.768,0
1465372800,93.766,93.783,93.705,93.749,0
1465376400,93.748,93.765,93.709,93.719,0
1465380000,93.721,93.763,93.667,93.678,0
1465383600,93.681,93.681,93.549,93.583,0
1465387200,93.582,93.657,93.518,93.555,0
1465390800,93.552,93.585,93.435,93.473,0
1465394400,93.471,93.537,93.425,93.528,0
1465398000,93.523,93.579,93.47,93.503,0
1465401600,93.502,93.549,93.445,93.543,0
1465405200,93.545,93.575,93.51,93.544,0
1465408800,93.543,93.613,93.541,93.59,0
1465412400,93.591,93.647,93.572,93.615,0
1465416000,93.618,93.644,93.58,93.598,0
1465419600,93.599,93.627,93.527,93.568,0
1465423200,93.565,93.565,93.533,93.547,0
1465426800,93.55,93.586,93.498,93.518,0
1465430400,93.519,93.543,93.478,93.542,0
1465434000,93.544,93.575,93.433,93.456,0
1465437600,93.466,93.487,93.433,93.44,0
1465441200,93.442,93.527,93.436,93.51,0
1465444800,93.508,93.526,93.488,93.492,0
1465448400,93.496,93.563,93.486,93.543,0
1465452000,93.545,93.579,93.473,93.533,0
1465455600,93.528,93.687,93.514,93.657,0
1465459200,93.658,93.823,93.636,93.742,0
1465462800,93.752,93.82,93.746,93.769,0
1465466400,93.773,93.884,93.77,93.869,0
1465470000,93.88,93.947,93.845,93.903,0
1465473600,93.909,93.972,93.811,93.935,0
1465477200,93.949,94.048,93.912,93.97,0
1465480800,93.973,94.083,93.961,93.961,0
1465484400,93.963,93.978,93.877,93.967,0
1465488000,93.961,94.071,93.961,94.009,0
1465491600,94.015,94.048,93.984,93.999,0
1465495200,93.998,94.01,93.946,93.953,0
1465498800,93.954,94.043,93.944,94.036,0
1465502400,94.042,94.115,94.029,94.095,0
1465506000,94.092,94.13,94.057,94.068,0
1465509600,94.071,94.075,94.042,94.066,0
1465513200,94.093,94.135,94.08,94.132,0
1465516800,94.13,94.232,94.112,94.21,0
1465520400,94.213,94.222,94.177,94.189,0
1465524000,94.186,94.232,94.174,94.231,0
1465527600,94.225,94.245,94.179,94.185,0
1465531200,94.187,94.249,94.184,94.228,0
1465534800,94.226,94.239,94.166,94.179,0
1465538400,94.176,94.225,94.129,94.184,0
1465542000,94.19,94.211,94.046,94.107,0
1465545600,94.104,94.227,94.045,94.203,0
1465549200,94.207,94.295,94.175,94.263,0
1465552800,94.265,94.293,94.177,94.209,0
1465556400,94.206,94.242,94.161,94.228,0
1465560000,94.226,94.243,94.098,94.174,0
1465563600,94.181,94.376,94.158,94.315,0
1465567200,94.311,94.396,94.246,94.296,0
1465570800,94.289,94.453,94.244,94.403,0
1465574400,94.408,94.454,94.364,94.424,0
1465578000,94.433,94.713,94.427,94.587,0
1465581600,94.591,94.643,94.53,94.571,0
1465585200,94.575,94.603,94.514,94.594,0
1465588800,94.6,94.659,94.57,94.652,0
1465592400,94.659,94.66,94.644,94.658,0
1465765200,94.629,94.667,94.624,94.656,0
1465768800,94.662,94.685,94.621,94.645,0
1465772400,94.648,94.745,94.643,94.714,0
1465776000,94.717,94.717,94.611,94.643,0
1465779600,94.644,94.75,94.641,94.664,0
1465783200,94.666,94.69,94.633,94.661,0
1465786800,94.66,94.683,94.592,94.608,0
1465790400,94.607,94.632,94.592,94.6,0
1465794000,94.598,94.613,94.55,94.562,0
1465797600,94.567,94.567,94.486,94.534,0
1465801200,94.54,94.582,94.463,94.494,0
1465804800,94.495,94.568,94.456,94.513,0
1465808400,94.499,94.583,94.484,94.572,0
1465812000,94.562,94.572,94.478,94.516,0
1465815600,94.517,94.526,94.444,94.501,0
1465819200,94.496,94.62,94.481,94.606,0
1465822800,94.617,94.721,94.486,94.486,0
1465826400,94.477,94.477,94.243,94.27,0
1465830000,94.273,94.424,94.256,94.413,0
1465833600,94.419,94.442,94.327,94.381,0
1465837200,94.377,94.41,94.336,94.37,0
1465840800,94.368,94.389,94.313,94.362,0
1465844400,94.354,94.404,94.339,94.347,0
1465848000,94.339,94.401,94.309,94.365,0
1465851600,94.36,94.435,94.32,94.416,0
1465855200,94.404,94.415,94.384,94.389,0
1465858800,94.359,94.432,94.343,94.432,0
1465862400,94.42,94.443,94.343,94.343,0
1465866000,94.345,94.379,94.324,94.359,0
1465869600,94.364,94.406,94.349,94.363,0
1465873200,94.364,94.414,94.356,94.381,0
1465876800,94.378,94.43,94.371,94.415,0
1465880400,94.42,94.463,94.386,94.449,0
1465884000,94.448,94.567,94.396,94.555,0
1465887600,94.547,94.677,94.541,94.654,0
1465891200,94.658,94.757,94.611,94.713,0
1465894800,94.719,94.9,94.695,94.864,0
1465898400,94.857,94.871,94.731,94.794,0
1465902000,94.788,94.829,94.72,94.806,0
1465905600,94.804,94.876,94.678,94.709,0
1465909200,94.712,94.918,94.659,94.904,0
1465912800,94.909,95.025,94.869,94.869,0
1465916400,94.873,94.964,94.809,94.897,0
1465920000,94.909,94.924,94.832,94.84,0
1465923600,94.853,94.913,94.796,94.862,0
1465927200,94.863,94.951,94.851,94.928,0
1465930800,94.929,94.98,94.885,94.936,0
1465934400,94.939,94.953,94.905,94.938,0
1465938000,94.927,94.949,94.891,94.926,0
1465941600,94.932,94.942,94.902,94.932,0
1465945200,94.91,94.924,94.874,94.909,0
1465948800,94.905,94.982,94.889,94.966,0
1465952400,94.963,95.043,94.946,94.975,0
1465956000,94.979,94.988,94.94,94.955,0
1465959600,94.958,94.983,94.901,94.906,0
1465963200,94.913,94.957,94.903,94.914,0
1465966800,94.911,94.966,94.899,94.915,0
1465970400,94.913,94.979,94.779,94.791,0
1465974000,94.798,94.926,94.77,94.83,0
1465977600,94.84,94.878,94.783,94.826,0
1465981200,94.835,94.838,94.741,94.801,0
1465984800,94.794,94.837,94.757,94.805,0
1465988400,94.807,94.814,94.734,94.787,0
1465992000,94.79,94.836,94.735,94.836,0
1465995600,94.829,94.917,94.775,94.799,0
1465999200,94.805,94.838,94.682,94.731,0
1466002800,94.723,94.747,94.632,94.747,0
1466006400,94.735,94.806,94.694,94.781,0
1466010000,94.778,94.789,94.7,94.7,0
1466013600,94.718,94.718,94.36,94.61,0
1466017200,94.608,94.707,94.562,94.684,0
1466020800,94.672,94.672,94.577,94.616,0
1466024400,94.615,94.646,94.561,94.606,0
1466028000,94.609,94.615,94.589,94.605,0
1466031600,94.595,94.619,94.573,94.596,0
1466035200,94.598,94.599,94.476,94.515,0
1466038800,94.512,94.599,94.479,94.598,0
1466042400,94.589,94.601,94.327,94.475,0
1466046000,94.468,94.498,94.418,94.466,0
1466049600,94.46,94.486,94.327,94.35,0
1466053200,94.334,94.383,94.273,94.336,0
1466056800,94.334,94.35,94.205,94.248,0
1466060400,94.251,94.438,94.238,94.391,0
1466064000,94.395,94.475,94.375,94.467,0
1466067600,94.46,94.593,94.435,94.593,0
1466071200,94.594,94.82,94.592,94.801,0
1466074800,94.805,95.043,94.769,95.001,0
1466078400,95.003,95.093,94.938,95.035,0
1466082000,95.044,95.233,95.021,95.144,0
1466085600,95.127,95.318,95.112,95.172,0
1466089200,95.178,95.282,95.108,95.135,0
1466092800,95.134,95.149,94.573,94.761,0
1466096400,94.769,94.788,94.525,94.658,0
1466100000,94.654,94.654,94.459,94.569,0
1466103600,94.557,94.642,94.537,94.551,0
1466107200,94.553,94.65,94.537,94.629,0
1466110800,94.63,94.656,94.586,94.586,0
1466114400,94.605,94.623,94.591,94.608,0
1466118000,94.572,94.611,94.379,94.379,0
1466121600,94.355,94.46,94.355,94.38,0
1466125200,94.382,94.462,94.339,94.439,0
1466128800,94.446,94.446,94.366,94.376,0
1466132400,94.379,94.425,94.351,94.403,0
1466136000,94.398,94.462,94.385,94.454,0
1466139600,94.456,94.495,94.427,94.477,0
1466143200,94.472,94.59,94.417,94.523,0
1466146800,94.528,94.59,94.333,94.447,0
1466150400,94.452,94.478,94.354,94.367,0
1466154000,94.372,94.458,94.37,94.432,0
1466157600,94.424,94.454,94.362,94.362,0
1466161200,94.36,94.403,94.276,94.372,0
1466164800,94.374,94.431,94.321,94.427,0
1466168400,94.426,94.444,94.212,94.248,0
1466172000,94.256,94.413,94.074,94.403,0
1466175600,94.393,94.42,94.333,94.347,0
1466179200,94.346,94.347,94.211,94.255,0
1466182800,94.254,94.258,94.136,94.173,0
1466186400,94.174,94.22,94.074,94.206,0
1466190000,94.199,94.212,94.129,94.156,0
1466193600,94.157,94.201,94.143,94.172,0
1466197200,94.173,94.173,94.143,94.143,0
1466370000,93.825,93.923,93.798,93.923,0
1466373600,93.926,93.979,93.875,93.878,0
1466377200,93.874,93.874,93.593,93.655,0
1466380800,93.659,93.731,93.612,93.641,0
1466384400,93.633,93.676,93.622,93.643,0
1466388000,93.634,93.635,93.563,93.586,0
1466391600,93.582,93.586,93.449,93.475,0
1466395200,93.477,93.499,93.454,93.484,0
1466398800,93.482,93.645,93.476,93.643,0
1466402400,93.655,93.725,93.591,93.706,0
1466406000,93.702,93.716,93.562,93.648,0
1466409600,93.656,93.66,93.535,93.568,0
1466413200,93.561,93.676,93.554,93.638,0
1466416800,93.637,93.724,93.607,93.673,0
1466420400,93.674,93.714,93.611,93.681,0
1466424000,93.682,93.71,93.535,93.572,0
1466427600,93.569,93.591,93.47,93.545,0
1466431200,93.548,93.604,93.507,93.556,0
1466434800,93.542,93.731,93.537,93.653,0
1466438400,93.654,93.736,93.617,93.67,0
1466442000,93.672,93.776,93.612,93.68,0
1466445600,93.678,93.723,93.591,93.611,0
1466449200,93.613,93.692,93.613,93.662,0
1466452800,93.67,93.703,93.557,93.629,0
1466456400,93.617,93.665,93.605,93.644,0
1466460000,93.645,93.652,93.606,93.648,0
1466463600,93.614,93.615,93.56,93.582,0
1466467200,93.58,93.593,93.518,93.546,0
1466470800,93.544,93.56,93.494,93.543,0
1466474400,93.54,93.565,93.483,93.544,0
1466478000,93.539,93.59,93.506,93.569,0
1466481600,93.566,93.577,93.54,93.558,0
1466485200,93.556,93.583,93.521,93.568,0
1466488800,93.57,93.586,93.499,93.513,0
1466492400,93.508,93.555,93.448,93.501,0
1466496000,93.504,93.547,93.44,93.477,0
1466499600,93.49,93.511,93.429,93.461,0
1466503200,93.45,93.604,93.425,93.575,0
1466506800,93.57,93.663,93.562,93.636,0
1466510400,93.666,93.818,93.607,93.818,0
1466514000,93.824,94.078,93.7,94.046,0
1466517600,94.043,94.071,93.833,93.928,0
1466521200,93.926,94.018,93.843,93.976,0
1466524800,93.973,94.059,93.957,94.009,0
1466528400,94.01,94.029,93.945,93.969,0
1466532000,93.973,94.035,93.947,94.017,0
1466535600,94.016,94.095,94,94.085,0
1466539200,94.093,94.135,94.032,94.119,0
1466542800,94.123,94.129,94.023,94.07,0
1466546400,94.075,94.081,94.058,94.073,0
1466550000,94.05,94.086,94.037,94.059,0
1466553600,94.056,94.123,94.042,94.072,0
1466557200,94.079,94.086,94.023,94.038,0
1466560800,94.037,94.044,93.92,93.927,0
1466564400,93.925,93.928,93.884,93.89,0
1466568000,93.896,93.941,93.888,93.94,0
1466571600,93.938,94.012,93.927,93.985,0
1466575200,93.986,94.007,93.874,93.89,0
1466578800,93.885,93.941,93.828,93.89,0
1466582400,93.893,93.925,93.855,93.902,0
1466586000,93.894,93.94,93.777,93.803,0
1466589600,93.811,93.819,93.741,93.791,0
1466593200,93.79,93.854,93.741,93.845,0
1466596800,93.852,93.878,93.644,93.646,0
1466600400,93.641,93.75,93.585,93.643,0
1466604000,93.623,93.91,93.477,93.891,0
1466607600,93.89,93.957,93.819,93.848,0
1466611200,93.858,93.858,93.636,93.706,0
1466614800,93.717,93.863,93.686,93.789,0
1466618400,93.803,93.86,93.708,93.716,0
1466622000,93.722,93.775,93.705,93.775,0
1466625600,93.763,93.807,93.719,93.776,0
1466629200,93.77,93.773,93.421,93.539,0
1466632800,93.538,93.607,93.521,93.558,0
1466636400,93.502,93.583,93.495,93.571,0
1466640000,93.572,93.614,93.51,93.531,0
1466643600,93.53,93.564,93.439,93.525,0
1466647200,93.527,93.53,93.46,93.478,0
1466650800,93.477,93.493,93.424,93.453,0
1466654400,93.452,93.523,93.45,93.508,0
1466658000,93.507,93.512,93.43,93.44,0
1466661600,93.438,93.535,93.428,93.491,0
1466665200,93.479,93.599,93.453,93.595,0
1466668800,93.589,93.592,93.362,93.376,0
1466672400,93.383,93.417,93.098,93.145,0
1466676000,93.144,93.213,93.019,93.174,0
1466679600,93.172,93.314,93.111,93.23,0
1466683200,93.226,93.272,93.149,93.226,0
1466686800,93.239,93.432,93.225,93.394,0
1466690400,93.373,93.523,93.281,93.506,0
1466694000,93.516,93.571,93.328,93.419,0
1466697600,93.425,93.547,93.402,93.508,0
1466701200,93.514,93.522,93.428,93.483,0
1466704800,93.482,93.58,93.481,93.529,0
1466708400,93.517,93.6,93.258,93.321,0
1466712000,93.328,93.44,93.253,93.305,0
1466715600,93.308,93.367,93.036,93.086,0
1466719200,93.085,93.217,93.085,93.211,0
1466722800,93.452,94.301,93.452,93.766,0
1466726400,93.759,94.14,93.714,94.045,0
1466730000,94.098,94.882,94.017,94.239,0
1466733600,94.247,95.902,94.164,95.798,0
1466737200,95.901,96.703,95.702,96.246,0
1466740800,96.276,96.566,95.918,96.531,0
1466744400,96.564,96.635,96.029,96.036,0
1466748000,96.013,96.121,95.641,96.013,0
1466751600,96.008,96.033,95.02,95.236,0
1466755200,95.232,95.502,94.999,95.299,0
1466758800,95.319,95.456,95.238,95.384,0
1466762400,95.367,95.86,95.304,95.821,0
1466766000,95.814,95.94,95.72,95.868,0
1466769600,95.877,95.937,95.552,95.786,0
1466773200,95.791,95.929,95.417,95.613,0
1466776800,95.617,95.76,95.22,95.381,0
1466780400,95.375,95.596,95.291,95.409,0
1466784000,95.395,95.603,95.017,95.082,0
1466787600,95.094,95.223,94.992,95.114,0
1466791200,95.123,95.448,95.111,95.448,0
1466794800,95.444,95.652,95.333,95.652,0
1466798400,95.643,95.669,95.34,95.489,0
1466802000,95.445,95.542,95.421,95.536,0
1466974800,96.161,96.182,95.977,96.061,0
1466978400,96.052,96.071,95.874,95.874,0
1466982000,95.888,96.254,95.838,96.072,0
1466985600,96.071,96.339,96.015,96.314,0
1466989200,96.295,96.371,96.266,96.304,0
1466992800,96.313,96.402,96.251,96.3,0
1466996400,96.301,96.301,96.125,96.125,0
1467000000,96.132,96.283,96.11,96.196,0
1467003600,96.207,96.207,96.045,96.064,0
1467007200,96.06,96.211,95.926,96.043,0
1467010800,96.035,96.041,95.894,95.917,0
1467014400,95.909,96.152,95.807,96.076,0
1467018000,96.064,96.279,96.064,96.203,0
1467021600,96.184,96.396,96.172,96.315,0
1467025200,96.319,96.558,96.278,96.505,0
1467028800,96.498,96.615,96.414,96.448,0
1467032400,96.444,96.489,96.271,96.371,0
1467036000,96.359,96.705,96.249,96.692,0
1467039600,96.703,96.703,96.345,96.352,0
1467043200,96.356,96.439,96.254,96.277,0
1467046800,96.287,96.577,96.275,96.544,0
1467050400,96.547,96.611,96.402,96.544,0
1467054000,96.548,96.559,96.427,96.427,0
1467057600,96.436,96.454,96.337,96.367,0
1467061200,96.375,96.419,96.329,96.373,0
1467064800,96.379,96.384,96.32,96.366,0
1467068400,96.406,96.421,96.37,96.399,0
1467072000,96.397,96.404,96.322,96.349,0
1467075600,96.342,96.365,96.092,96.177,0
1467079200,96.167,96.211,96.052,96.108,0
1467082800,96.097,96.161,96.067,96.08,0
1467086400,96.076,96.091,96.021,96.046,0
1467090000,96.048,96.081,96.014,96.034,0
1467093600,96.043,96.132,95.943,95.992,0
1467097200,95.997,96.13,95.929,95.978,0
1467100800,95.987,96.107,95.892,96.107,0
1467104400,96.106,96.111,95.869,95.869,0
1467108000,95.872,95.947,95.769,95.947,0
1467111600,95.94,96.069,95.904,96.045,0
1467115200,96.044,96.097,95.89,95.989,0
1467118800,95.998,96.149,95.992,96.118,0
1467122400,96.112,96.277,96.07,96.256,0
1467126000,96.271,96.351,96.186,96.28,0
1467129600,96.278,96.327,96.148,96.231,0
1467133200,96.227,96.308,96.187,96.301,0
1467136800,96.309,96.346,96.197,96.245,0
1467140400,96.247,96.258,96.024,96.039,0
1467144000,96.035,96.132,95.955,96.116,0
1467147600,96.112,96.154,95.88,96.05,0
1467151200,95.963,96.074,95.963,96.063,0
1467154800,96.041,96.056,96.023,96.037,0
1467158400,96.036,96.152,96.011,96.126,0
1467162000,96.129,96.2,96.099,96.182,0
1467165600,96.177,96.187,96.084,96.084,0
1467169200,96.087,96.1,96.041,96.067,0
1467172800,96.073,96.096,96.042,96.048,0
1467176400,96.05,96.142,96.023,96.134,0
1467180000,96.142,96.164,95.956,96.038,0
1467183600,96.029,96.092,95.782,95.992,0
1467187200,95.983,96.066,95.938,96.044,0
1467190800,96.054,96.137,96.014,96.063,0
1467194400,96.065,96.073,95.857,95.883,0
1467198000,95.893,96.015,95.816,95.9,0
1467201600,95.905,95.937,95.737,95.893,0
1467205200,95.897,95.951,95.658,95.658,0
1467208800,95.659,95.833,95.592,95.723,0
1467212400,95.714,95.765,95.606,95.652,0
1467216000,95.658,95.823,95.658,95.808,0
1467219600,95.801,95.837,95.709,95.719,0
1467223200,95.718,95.781,95.712,95.769,0
1467226800,95.758,95.836,95.745,95.812,0
1467230400,95.813,95.827,95.625,95.667,0
1467234000,95.663,95.74,95.63,95.651,0
1467237600,95.655,95.665,95.632,95.649,0
1467241200,95.663,95.688,95.625,95.655,0
1467244800,95.652,95.745,95.637,95.727,0
1467248400,95.73,95.783,95.7,95.768,0
1467252000,95.771,95.799,95.682,95.775,0
1467255600,95.771,95.839,95.754,95.809,0
1467259200,95.813,95.842,95.783,95.822,0
1467262800,95.818,95.926,95.805,95.919,0
1467266400,95.917,95.925,95.695,95.739,0
1467270000,95.742,95.902,95.666,95.685,0
1467273600,95.688,95.719,95.577,95.656,0
1467277200,95.653,95.73,95.559,95.651,0
1467280800,95.642,95.648,95.456,95.498,0
1467284400,95.488,95.811,95.443,95.773,0
1467288000,95.758,95.908,95.645,95.678,0
1467291600,95.682,95.9,95.667,95.727,0
1467295200,95.723,95.916,95.664,95.692,0
1467298800,95.691,96.337,95.691,96.337,0
1467302400,96.35,96.41,96.079,96.127,0
1467306000,96.134,96.417,96.111,96.31,0
1467309600,96.309,96.313,96.124,96.143,0
1467313200,96.13,96.143,95.926,95.941,0
1467316800,95.949,95.994,95.869,95.888,0
1467320400,95.901,96.001,95.856,95.948,0
1467324000,95.944,95.972,95.937,95.963,0
1467327600,95.891,95.894,95.855,95.886,0
1467331200,95.896,95.903,95.793,95.81,0
1467334800,95.823,95.863,95.79,95.86,0
1467338400,95.861,95.88,95.84,95.855,0
1467342000,95.858,95.927,95.834,95.921,0
1467345600,95.919,95.96,95.872,95.872,0
1467349200,95.881,96.02,95.874,96.018,0
1467352800,96.016,96.078,95.921,95.961,0
1467356400,95.962,95.979,95.76,95.836,0
1467360000,95.822,95.882,95.77,95.821,0
1467363600,95.809,95.876,95.775,95.827,0
1467367200,95.83,95.884,95.739,95.747,0
1467370800,95.746,95.795,95.62,95.744,0
1467374400,95.747,95.751,95.591,95.667,0
1467378000,95.67,95.671,95.407,95.488,0
1467381600,95.55,95.818,95.485,95.675,0
1467385200,95.683,95.699,95.556,95.598,0
1467388800,95.596,95.681,95.53,95.649,0
1467392400,95.648,95.735,95.581,95.732,0
1467396000,95.723,95.762,95.689,95.729,0
1467399600,95.728,95.749,95.618,95.657,0
1467403200,95.654,95.725,95.593,95.657,0
1467406800,95.669,95.669,95.631,95.636,0
1467673200,95.546,95.58,95.529,95.566,0
1467676800,95.565,95.625,95.556,95.625,0
1467680400,95.621,95.669,95.597,95.654,0
1467684000,95.658,95.672,95.595,95.613,0
1467687600,95.612,95.64,95.593,95.616,0
1467691200,95.618,95.663,95.585,95.656,0
1467694800,95.658,95.666,95.591,95.638,0
1467698400,95.648,95.682,95.573,95.669,0
1467702000,95.675,95.688,95.336,95.507,0
1467705600,95.51,95.7,95.475,95.67,0
1467709200,95.676,95.693,95.553,95.6,0
1467712800,95.607,95.624,95.481,95.524,0
1467716400,95.557,95.715,95.539,95.684,0
1467720000,95.687,95.791,95.631,95.665,0
1467723600,95.667,95.739,95.582,95.67,0
1467727200,95.668,95.938,95.653,95.938,0
1467730800,95.94,96.149,95.905,96.113,0
1467734400,96.126,96.192,95.982,96.014,0
1467738000,96.013,96.096,96.006,96.073,0
1467741600,96.074,96.18,96.073,96.166,0
1467745200,96.165,96.254,96.146,96.221,0
1467748800,96.228,96.228,96.162,96.173,0
1467752400,96.172,96.245,96.155,96.229,0
1467756000,96.228,96.229,96.177,96.206,0
1467759600,96.258,96.284,96.201,96.23,0
1467763200,96.229,96.336,96.205,96.311,0
1467766800,96.313,96.418,96.259,96.411,0
1467770400,96.407,96.465,96.312,96.41,0
1467774000,96.409,96.439,96.312,96.35,0
1467777600,96.339,96.389,96.322,96.324,0
1467781200,96.322,96.376,96.283,96.329,0
1467784800,96.331,96.374,96.241,96.242,0
1467788400,96.254,96.302,96.137,96.205,0
1467792000,96.203,96.328,96.118,96.251,0
1467795600,96.25,96.314,96.133,96.186,0
1467799200,96.19,96.202,96.063,96.097,0
1467802800,96.094,96.233,96.058,96.225,0
1467806400,96.229,96.229,96.072,96.165,0
1467810000,96.167,96.237,96.095,96.204,0
1467813600,96.208,96.496,96.208,96.251,0
1467817200,96.247,96.303,96.137,96.21,0
1467820800,96.205,96.234,96.07,96.142,0
1467824400,96.138,96.183,96.083,96.092,0
1467828000,96.091,96.14,96.008,96.053,0
1467831600,96.059,96.087,95.977,96.042,0
1467835200,96.053,96.102,96.037,96.061,0
1467838800,96.063,96.123,96.003,96.107,0
1467842400,96.109,96.109,96.06,96.098,0
1467846000,96.137,96.144,96.022,96.06,0
1467849600,96.065,96.123,96.056,96.088,0
1467853200,96.083,96.164,96.038,96.077,0
1467856800,96.085,96.119,96.043,96.081,0
1467860400,96.083,96.087,96.001,96.008,0
1467864000,96.018,96.027,95.92,95.944,0
1467867600,95.947,96.012,95.937,95.992,0
1467871200,95.991,96.093,95.978,96.076,0
1467874800,96.08,96.193,96.022,96.19,0
1467878400,96.193,96.212,96.017,96.066,0
1467882000,96.071,96.108,95.939,95.978,0
1467885600,95.98,96.072,95.951,96.033,0
1467889200,96.031,96.097,96.003,96.091,0
1467892800,96.082,96.148,95.982,96.029,0
1467896400,96.023,96.056,95.928,95.958,0
1467900000,95.962,96.165,95.951,96.137,0
1467903600,96.146,96.243,96.119,96.224,0
1467907200,96.22,96.286,96.2,96.239,0
1467910800,96.234,96.315,96.234,96.294,0
1467914400,96.299,96.332,96.268,96.328,0
1467918000,96.325,96.338,96.252,96.262,0
1467921600,96.259,96.282,96.225,96.259,0
1467925200,96.26,96.288,96.193,96.251,0
1467928800,96.257,96.269,96.25,96.254,0
1467932400,96.286,96.299,96.216,96.25,0
1467936000,96.252,96.281,96.171,96.22,0
1467939600,96.225,96.225,96.145,96.158,0
1467943200,96.159,96.188,96.129,96.144,0
1467946800,96.146,96.179,96.063,96.065,0
1467950400,96.063,96.098,96.04,96.067,0
1467954000,96.064,96.113,96.018,96.048,0
1467957600,96.058,96.15,96.058,96.128,0
1467961200,96.122,96.18,96.103,96.15,0
1467964800,96.147,96.19,96.105,96.157,0
1467968400,96.159,96.217,96.156,96.202,0
1467972000,96.2,96.221,96.102,96.135,0
1467975600,96.141,96.161,96.083,96.148,0
1467979200,96.149,96.697,96.058,96.446,0
1467982800,96.449,96.472,95.826,96.278,0
1467986400,96.286,96.511,96.286,96.424,0
1467990000,96.415,96.457,96.317,96.436,0
1467993600,96.434,96.44,96.26,96.273,0
1467997200,96.267,96.399,96.248,96.365,0
1468000800,96.359,96.387,96.291,96.302,0
1468004400,96.306,96.333,96.249,96.295,0
1468008000,96.29,96.316,96.243,96.305,0
1468011600,96.277,96.295,96.276,96.278,0
1468184400,96.312,96.338,96.296,96.312,0
1468188000,96.305,96.373,96.297,96.322,0
1468191600,96.323,96.382,96.302,96.371,0
1468195200,96.366,96.452,96.351,96.422,0
1468198800,96.425,96.436,96.34,96.363,0
1468202400,96.365,96.367,96.278,96.32,0
1468206000,96.319,96.36,96.274,96.291,0
1468209600,96.29,96.401,96.285,96.389,0
1468213200,96.388,96.468,96.388,96.453,0
1468216800,96.45,96.587,96.414,96.513,0
1468220400,96.522,96.728,96.515,96.695,0
1468224000,96.694,96.768,96.616,96.767,0
1468227600,96.76,96.793,96.684,96.697,0
1468231200,96.705,96.757,96.543,96.56,0
1468234800,96.544,96.606,96.446,96.547,0
1468238400,96.544,96.628,96.482,96.541,0
1468242000,96.54,96.558,96.39,96.478,0
1468245600,96.486,96.641,96.475,96.593,0
1468249200,96.602,96.683,96.56,96.634,0
1468252800,96.633,96.645,96.595,96.605,0
1468256400,96.611,96.649,96.574,96.582,0
1468260000,96.583,96.603,96.534,96.571,0
1468263600,96.56,96.579,96.523,96.568,0
1468267200,96.571,96.601,96.544,96.556,0
1468270800,96.568,96.598,96.497,96.544,0
1468274400,96.538,96.565,96.514,96.554,0
1468278000,96.55,96.578,96.533,96.54,0
1468281600,96.544,96.601,96.521,96.56,0
1468285200,96.548,96.644,96.375,96.399,0
1468288800,96.398,96.439,96.3,96.33,0
1468292400,96.331,96.443,96.33,96.429,0
1468296000,96.433,96.451,96.406,96.419,0
1468299600,96.428,96.458,96.333,96.356,0
1468303200,96.355,96.437,96.337,96.348,0
1468306800,96.352,96.352,96.099,96.151,0
1468310400,96.156,96.195,96.07,96.148,0
1468314000,96.153,96.22,96.101,96.206,0
1468317600,96.211,96.28,96.144,96.276,0
1468321200,96.287,96.402,96.277,96.293,0
1468324800,96.304,96.332,96.232,96.26,0
1468328400,96.262,96.455,96.256,96.363,0
1468332000,96.362,96.545,96.321,96.478,0
1468335600,96.482,96.534,96.417,96.442,0
1468339200,96.443,96.447,96.289,96.305,0
1468342800,96.3,96.46,96.297,96.409,0
1468346400,96.41,96.482,96.41,96.441,0
1468350000,96.461,96.529,96.437,96.516,0
1468353600,96.521,96.531,96.487,96.52,0
1468357200,96.53,96.555,96.461,96.512,0
1468360800,96.52,96.52,96.476,96.507,0
1468364400,96.51,96.528,96.47,96.525,0
1468368000,96.518,96.561,96.471,96.483,0
1468371600,96.489,96.516,96.39,96.449,0
1468375200,96.451,96.494,96.423,96.427,0
1468378800,96.431,96.458,96.392,96.454,0
1468382400,96.457,96.462,96.392,96.413,0
1468386000,96.403,96.426,96.362,96.371,0
1468389600,96.379,96.495,96.379,96.471,0
1468393200,96.472,96.598,96.451,96.557,0
1468396800,96.564,96.594,96.45,96.481,0
1468400400,96.474,96.545,96.336,96.352,0
1468404000,96.351,96.407,96.322,96.347,0
1468407600,96.334,96.425,96.33,96.387,0
1468411200,96.388,96.449,96.324,96.327,0
1468414800,96.322,96.381,96.286,96.356,0
1468418400,96.359,96.361,96.093,96.205,0
1468422000,96.211,96.225,96.111,96.142,0
1468425600,96.148,96.224,96.12,96.177,0
1468429200,96.179,96.223,96.153,96.208,0
1468432800,96.215,96.229,96.186,96.216,0
1468436400,96.211,96.34,96.201,96.335,0
1468440000,96.334,96.38,96.308,96.357,0
1468443600,96.36,96.375,96.296,96.321,0
1468447200,96.329,96.329,96.298,96.305,0
1468450800,96.27,96.321,96.259,96.298,0
1468454400,96.32,96.32,96.288,96.288,0
1468461600,96.206,96.206,96.17,96.17,0
1468465200,96.18,96.225,96.18,96.218,0
1468468800,96.219,96.249,96.209,96.209,0
1468479600,96.345,96.366,96.274,96.335,0
1468483200,96.339,96.368,96.255,96.298,0
1468486800,96.297,96.325,96.207,96.275,0
1468490400,96.273,96.337,96.242,96.297,0
1468494000,96.293,96.298,95.846,95.943,0
1468497600,95.945,96.228,95.831,96.192,0
1468501200,96.187,96.284,96.164,96.23,0
1468504800,96.22,96.258,96.093,96.193,0
1468508400,96.188,96.22,96.101,96.155,0
1468512000,96.156,96.156,96.046,96.1,0
1468515600,96.11,96.142,96.015,96.097,0
1468519200,96.096,96.113,96.042,96.077,0
1468522800,96.079,96.13,96.051,96.13,0
1468526400,96.119,96.125,96.061,96.069,0
1468530000,96.071,96.137,96.066,96.128,0
1468533600,96.129,96.131,96.091,96.1,0
1468537200,96.112,96.158,96.08,96.13,0
1468540800,96.148,96.148,96.042,96.072,0
1468544400,96.077,96.157,96.077,96.126,0
1468548000,96.113,96.203,95.975,96.006,0
1468551600,96.009,96.054,95.975,96,0
1468555200,96.002,96.069,95.961,96.017,0
1468558800,96.019,96.099,95.998,96.089,0
1468562400,96.097,96.101,96.006,96.04,0
1468566000,96.047,96.078,95.994,96.047,0
1468569600,96.052,96.052,95.912,95.968,0
1468573200,95.976,96.092,95.946,96.006,0
1468576800,96.018,96.033,95.948,95.998,0
1468580400,96.002,96.073,95.966,96.066,0
1468584000,96.063,96.26,96.007,96.155,0
1468587600,96.161,96.487,96.15,96.418,0
1468591200,96.416,96.554,96.364,96.53,0
1468594800,96.534,96.655,96.51,96.643,0
1468598400,96.634,96.682,96.557,96.597,0
1468602000,96.604,96.635,96.558,96.584,0
1468605600,96.583,96.633,96.555,96.58,0
1468609200,96.581,96.595,96.486,96.521,0
1468612800,96.508,96.731,96.508,96.675,0
1468616400,96.673,96.685,96.654,96.68,0
1468789200,96.626,96.684,96.605,96.639,0
1468792800,96.625,96.64,96.56,96.574,0
1468796400,96.57,96.632,96.549,96.581,0
1468800000,96.586,96.623,96.535,96.581,0
1468803600,96.589,96.619,96.489,96.507,0
1468807200,96.511,96.567,96.499,96.56,0
1468810800,96.559,96.579,96.527,96.556,0
1468814400,96.552,96.57,96.509,96.522,0
1468818000,96.515,96.542,96.481,96.491,0
1468821600,96.493,96.642,96.466,96.592,0
1468825200,96.594,96.642,96.562,96.583,0
1468828800,96.58,96.612,96.509,96.597,0
1468832400,96.583,96.713,96.549,96.672,0
1468836000,96.673,96.708,96.617,96.633,0
1468839600,96.63,96.654,96.569,96.578,0
1468843200,96.579,96.659,96.564,96.616,0
1468846800,96.622,96.65,96.554,96.56,0
1468850400,96.558,96.632,96.522,96.572,0
1468854000,96.573,96.606,96.468,96.529,0
1468857600,96.526,96.63,96.478,96.579,0
1468861200,96.577,96.579,96.484,96.533,0
1468864800,96.532,96.572,96.505,96.562,0
1468868400,96.567,96.573,96.516,96.557,0
1468872000,96.559,96.58,96.52,96.52,0
1468875600,96.543,96.596,96.489,96.558,0
1468879200,96.555,96.561,96.532,96.548,0
1468882800,96.543,96.609,96.542,96.58,0
1468886400,96.579,96.625,96.534,96.576,0
1468890000,96.578,96.622,96.564,96.594,0
1468893600,96.592,96.618,96.524,96.577,0
1468897200,96.578,96.584,96.522,96.539,0
1468900800,96.538,96.577,96.532,96.557,0
1468904400,96.558,96.619,96.547,96.581,0
1468908000,96.585,96.651,96.546,96.629,0
1468911600,96.627,96.779,96.589,96.708,0
1468915200,96.71,96.744,96.593,96.674,0
1468918800,96.677,96.732,96.619,96.72,0
1468922400,96.717,96.782,96.691,96.752,0
1468926000,96.746,97,96.741,96.977,0
1468929600,96.967,97.125,96.914,97.058,0
1468933200,97.051,97.126,96.962,97.044,0
1468936800,97.045,97.1,96.982,97.082,0
1468940400,97.088,97.148,97.008,97.049,0
1468944000,97.054,97.108,97.018,97.06,0
1468947600,97.059,97.108,97.045,97.081,0
1468951200,97.076,97.108,97.049,97.063,0
1468954800,97.068,97.105,97.041,97.057,0
1468958400,97.062,97.084,97.005,97.025,0
1468962000,97.02,97.076,96.973,97.062,0
1468965600,97.057,97.07,97.022,97.052,0
1468969200,97.056,97.105,97.048,97.074,0
1468972800,97.078,97.108,97.016,97.069,0
1468976400,97.066,97.158,97.056,97.068,0
1468980000,97.065,97.185,97.057,97.145,0
1468983600,97.148,97.148,97.065,97.106,0
1468987200,97.091,97.101,97.039,97.043,0
1468990800,97.044,97.123,97.021,97.057,0
1468994400,97.053,97.271,97.04,97.254,0
1468998000,97.245,97.295,97.213,97.234,0
1469001600,97.228,97.323,97.095,97.156,0
1469005200,97.152,97.201,97.061,97.119,0
1469008800,97.116,97.14,97.027,97.094,0
1469012400,97.099,97.153,97.058,97.081,0
1469016000,97.091,97.261,97.051,97.248,0
1469019600,97.245,97.271,97.191,97.202,0
1469023200,97.216,97.221,96.989,97.116,0
1469026800,97.106,97.187,97.081,97.151,0
1469030400,97.134,97.177,97.111,97.117,0
1469034000,97.119,97.206,97.11,97.171,0
1469037600,97.167,97.207,97.148,97.201,0
1469041200,97.202,97.202,97.041,97.075,0
1469044800,97.078,97.135,97.055,97.083,0
1469048400,97.085,97.161,97.065,97.133,0
1469052000,97.143,97.146,97.132,97.142,0
1469055600,97.129,97.133,97.041,97.09,0
1469059200,97.093,97.183,97.072,97.168,0
1469062800,97.169,97.183,97.029,97.048,0
1469066400,97.05,97.104,97.05,97.062,0
1469070000,97.065,97.074,96.917,96.972,0
1469073600,96.973,97.001,96.959,96.966,0
1469077200,96.971,97.04,96.911,97.019,0
1469080800,97.024,97.028,96.894,96.948,0
1469084400,96.944,97.037,96.94,96.962,0
1469088000,96.951,97.029,96.851,96.999,0
1469091600,96.996,97.047,96.826,96.871,0
1469095200,96.869,97.07,96.83,97.04,0
1469098800,97.044,97.072,96.98,97.065,0
1469102400,97.062,97.091,96.733,96.848,0
1469106000,96.854,97.117,96.77,97.057,0
1469109600,97.056,97.206,96.999,97.104,0
1469113200,97.123,97.125,96.93,96.968,0
1469116800,96.965,97.042,96.952,96.996,0
1469120400,96.997,97.057,96.975,97.005,0
1469124000,97.001,97.045,96.949,97,0
1469127600,96.997,96.997,96.907,96.929,0
1469131200,96.93,96.951,96.874,96.892,0
1469134800,96.886,96.98,96.84,96.955,0
1469138400,96.963,96.991,96.92,96.966,0
1469142000,96.915,96.916,96.826,96.846,0
1469145600,96.843,96.898,96.825,96.853,0
1469149200,96.855,96.916,96.831,96.912,0
1469152800,96.913,96.954,96.901,96.916,0
1469156400,96.914,96.98,96.9,96.93,0
1469160000,96.932,96.941,96.875,96.881,0
1469163600,96.883,96.948,96.848,96.943,0
1469167200,96.936,96.964,96.839,96.955,0
1469170800,96.948,97.004,96.925,96.944,0
1469174400,96.953,97.034,96.838,97.001,0
1469178000,96.995,97.073,96.964,97.04,0
1469181600,97.046,97.168,97.042,97.119,0
1469185200,97.121,97.161,97.019,97.054,0
1469188800,97.052,97.162,97.052,97.118,0
1469192400,97.111,97.157,97.047,97.141,0
1469196000,97.146,97.435,97.097,97.401,0
1469199600,97.407,97.487,97.394,97.477,0
1469203200,97.471,97.543,97.438,97.446,0
1469206800,97.444,97.495,97.42,97.436,0
1469210400,97.428,97.51,97.428,97.467,0
1469214000,97.468,97.485,97.381,97.39,0
1469217600,97.392,97.409,97.317,97.339,0
1469221200,97.348,97.357,97.326,97.346,0
1469394000,97.328,97.395,97.32,97.384,0
1469397600,97.397,97.439,97.365,97.385,0
1469401200,97.384,97.424,97.381,97.41,0
1469404800,97.411,97.507,97.381,97.493,0
1469408400,97.492,97.569,97.484,97.504,0
1469412000,97.505,97.505,97.415,97.415,0
1469415600,97.417,97.434,97.383,97.395,0
1469419200,97.391,97.429,97.354,97.358,0
1469422800,97.36,97.38,97.322,97.341,0
1469426400,97.345,97.43,97.318,97.408,0
1469430000,97.41,97.474,97.377,97.448,0
1469433600,97.45,97.453,97.289,97.318,0
1469437200,97.321,97.347,97.24,97.255,0
1469440800,97.263,97.329,97.242,97.302,0
1469444400,97.305,97.366,97.299,97.339,0
1469448000,97.336,97.451,97.319,97.438,0
1469451600,97.437,97.454,97.344,97.391,0
1469455200,97.392,97.427,97.347,97.427,0
1469458800,97.429,97.445,97.358,97.367,0
1469462400,97.375,97.386,97.275,97.283,0
1469466000,97.289,97.344,97.24,97.244,0
1469469600,97.243,97.313,97.224,97.286,0
1469473200,97.289,97.321,97.247,97.266,0
1469476800,97.268,97.299,97.234,97.238,0
1469480400,97.24,97.272,97.219,97.259,0
1469484000,97.254,97.27,97.245,97.259,0
1469487600,97.282,97.307,97.259,97.278,0
1469491200,97.279,97.316,97.214,97.233,0
1469494800,97.237,97.237,97.164,97.179,0
1469498400,97.177,97.204,97.13,97.178,0
1469502000,97.181,97.218,97.16,97.194,0
1469505600,97.18,97.204,96.989,96.993,0
1469509200,96.997,97.05,96.91,96.968,0
1469512800,96.969,97.05,96.947,97.035,0
1469516400,97.042,97.088,96.979,97.011,0
1469520000,97.01,97.062,96.968,96.972,0
1469523600,96.968,96.97,96.853,96.954,0
1469527200,96.956,97.068,96.946,97.067,0
1469530800,97.064,97.111,97.055,97.078,0
1469534400,97.08,97.169,97.044,97.095,0
1469538000,97.084,97.112,96.997,97.07,0
1469541600,97.052,97.251,97.052,97.2,0
1469545200,97.209,97.235,97.165,97.218,0
1469548800,97.21,97.228,97.167,97.17,0
1469552400,97.172,97.209,97.114,97.127,0
1469556000,97.131,97.181,97.108,97.156,0
1469559600,97.152,97.179,97.112,97.142,0
1469563200,97.148,97.193,97.134,97.155,0
1469566800,97.153,97.2,97.108,97.176,0
1469570400,97.168,97.184,97.131,97.171,0
1469574000,97.133,97.187,97.121,97.151,0
1469577600,97.155,97.217,97.124,97.188,0
1469581200,97.178,97.215,97.141,97.207,0
1469584800,97.215,97.251,97.175,97.249,0
1469588400,97.252,97.352,97.209,97.268,0
1469592000,97.275,97.282,97.118,97.148,0
1469595600,97.153,97.301,97.13,97.199,0
1469599200,97.203,97.314,97.201,97.299,0
1469602800,97.309,97.327,97.193,97.196,0
1469606400,97.194,97.287,97.183,97.28,0
1469610000,97.284,97.301,97.186,97.238,0
1469613600,97.241,97.289,97.186,97.27,0
1469617200,97.272,97.33,97.241,97.303,0
1469620800,97.306,97.338,97.194,97.239,0
1469624400,97.237,97.274,97.175,97.216,0
1469628000,97.21,97.339,97.163,97.332,0
1469631600,97.329,97.386,97.257,97.354,0
1469635200,97.344,97.358,97.276,97.289,0
1469638800,97.288,97.312,97.234,97.238,0
1469642400,97.241,97.53,97.019,97.053,0
1469646000,97.042,97.05,96.717,96.796,0
1469649600,96.798,96.821,96.718,96.779,0
1469653200,96.773,96.805,96.67,96.779,0
1469656800,96.784,96.8,96.774,96.786,0
1469660400,96.728,96.765,96.577,96.625,0
1469664000,96.623,96.623,96.545,96.599,0
1469667600,96.6,96.718,96.588,96.699,0
1469671200,96.7,96.709,96.599,96.6,0
1469674800,96.602,96.608,96.554,96.588,0
1469678400,96.583,96.651,96.581,96.635,0
1469682000,96.639,96.67,96.619,96.646,0
1469685600,96.653,96.653,96.471,96.495,0
1469689200,96.501,96.501,96.287,96.422,0
1469692800,96.42,96.438,96.334,96.429,0
1469696400,96.427,96.531,96.409,96.493,0
1469700000,96.497,96.611,96.489,96.598,0
1469703600,96.588,96.613,96.551,96.58,0
1469707200,96.584,96.584,96.47,96.499,0
1469710800,96.498,96.581,96.472,96.476,0
1469714400,96.459,96.664,96.458,96.664,0
1469718000,96.661,96.673,96.544,96.564,0
1469721600,96.558,96.685,96.555,96.665,0
1469725200,96.663,96.746,96.608,96.735,0
1469728800,96.738,96.771,96.696,96.739,0
1469732400,96.732,96.762,96.685,96.705,0
1469736000,96.7,96.7,96.646,96.685,0
1469739600,96.672,96.729,96.624,96.68,0
1469743200,96.683,96.685,96.641,96.659,0
1469746800,96.628,96.643,96.524,96.584,0
1469750400,96.588,96.62,96.501,96.511,0
1469754000,96.517,96.536,96.452,96.472,0
1469757600,96.473,96.537,96.422,96.521,0
1469761200,96.532,96.591,96.216,96.321,0
1469764800,96.331,96.402,96.256,96.378,0
1469768400,96.383,96.481,96.366,96.447,0
1469772000,96.443,96.452,96.341,96.365,0
1469775600,96.37,96.427,96.249,96.412,0
1469779200,96.403,96.448,96.37,96.388,0
1469782800,96.389,96.401,96.253,96.267,0
1469786400,96.26,96.303,96.208,96.212,0
1469790000,96.213,96.234,96.185,96.204,0
1469793600,96.202,96.278,95.826,95.868,0
1469797200,95.872,95.887,95.698,95.8,0
1469800800,95.807,95.807,95.529,95.54,0
1469804400,95.547,95.599,95.384,95.591,0
1469808000,95.597,95.74,95.561,95.736,0
1469811600,95.726,95.73,95.613,95.632,0
1469815200,95.628,95.649,95.53,95.53,0
1469818800,95.529,95.564,95.476,95.564,0
1469822400,95.559,95.599,95.523,95.578,0
1469826000,95.569,95.573,95.517,95.517,0
1469998800,95.592,95.635,95.532,95.545,0
1470002400,95.536,95.66,95.529,95.656,0
1470006000,95.652,95.698,95.644,95.67,0
1470009600,95.671,95.685,95.607,95.609,0
1470013200,95.607,95.68,95.58,95.643,0
1470016800,95.641,95.657,95.601,95.631,0
1470020400,95.632,95.666,95.582,95.582,0
1470024000,95.584,95.598,95.537,95.544,0
1470027600,95.554,95.634,95.542,95.624,0
1470031200,95.622,95.701,95.622,95.678,0
1470034800,95.673,95.702,95.623,95.653,0
1470038400,95.652,95.715,95.603,95.712,0
1470042000,95.726,95.73,95.635,95.641,0
1470045600,95.649,95.75,95.649,95.709,0
1470049200,95.713,95.781,95.696,95.753,0
1470052800,95.754,95.773,95.671,95.729,0
1470056400,95.727,95.765,95.693,95.708,0
1470060000,95.713,95.755,95.673,95.69,0
1470063600,95.701,95.701,95.629,95.654,0
1470067200,95.652,95.716,95.63,95.677,0
1470070800,95.669,95.741,95.665,95.718,0
1470074400,95.719,95.756,95.691,95.713,0
1470078000,95.714,95.79,95.714,95.759,0
1470081600,95.761,95.822,95.745,95.785,0
1470085200,95.79,95.824,95.77,95.786,0
1470088800,95.792,95.792,95.764,95.784,0
1470092400,95.771,95.808,95.744,95.753,0
1470096000,95.754,95.76,95.675,95.704,0
1470099600,95.705,95.817,95.684,95.802,0
1470103200,95.803,95.846,95.758,95.758,0
1470106800,95.762,95.796,95.728,95.736,0
1470110400,95.742,95.765,95.683,95.706,0
1470114000,95.712,95.75,95.619,95.664,0
1470117600,95.666,95.688,95.581,95.619,0
1470121200,95.617,95.641,95.423,95.462,0
1470124800,95.464,95.522,95.424,95.428,0
1470128400,95.424,95.447,95.389,95.436,0
1470132000,95.434,95.456,95.358,95.45,0
1470135600,95.444,95.479,95.406,95.413,0
1470139200,95.409,95.42,95.25,95.278,0
1470142800,95.284,95.288,95.151,95.169,0
1470146400,95.17,95.193,95.087,95.126,0
1470150000,95.128,95.128,95.053,95.08,0
1470153600,95.083,95.13,95.017,95.096,0
1470157200,95.083,95.091,95.006,95.062,0
1470160800,95.058,95.09,95.003,95.064,0
1470164400,95.066,95.103,95.055,95.094,0
1470168000,95.096,95.118,95.061,95.086,0
1470171600,95.062,95.107,95.03,95.099,0
1470175200,95.1,95.107,95.084,95.105,0
1470178800,95.134,95.158,95.122,95.148,0
1470182400,95.149,95.206,95.149,95.198,0
1470186000,95.197,95.24,95.178,95.213,0
1470189600,95.212,95.25,95.175,95.242,0
1470193200,95.241,95.25,95.163,95.17,0
1470196800,95.169,95.213,95.138,95.213,0
1470200400,95.199,95.236,95.18,95.219,0
1470204000,95.223,95.313,95.176,95.299,0
1470207600,95.298,95.306,95.193,95.218,0
1470211200,95.217,95.302,95.204,95.251,0
1470214800,95.255,95.345,95.239,95.331,0
1470218400,95.329,95.347,95.201,95.274,0
1470222000,95.277,95.289,95.203,95.211,0
1470225600,95.212,95.321,95.193,95.268,0
1470229200,95.27,95.425,95.246,95.39,0
1470232800,95.379,95.563,95.349,95.432,0
1470236400,95.435,95.457,95.369,95.435,0
1470240000,95.433,95.463,95.391,95.409,0
1470243600,95.41,95.592,95.389,95.59,0
1470247200,95.591,95.609,95.559,95.563,0
1470250800,95.56,95.586,95.531,95.556,0
1470254400,95.55,95.58,95.518,95.539,0
1470258000,95.535,95.607,95.515,95.547,0
1470261600,95.561,95.563,95.529,95.551,0
1470265200,95.539,95.603,95.532,95.546,0
1470268800,95.549,95.558,95.5,95.546,0
1470272400,95.54,95.587,95.424,95.468,0
1470276000,95.467,95.544,95.45,95.499,0
1470279600,95.5,95.559,95.495,95.553,0
1470283200,95.552,95.579,95.545,95.553,0
1470286800,95.552,95.649,95.549,95.64,0
1470290400,95.641,95.735,95.603,95.734,0
1470294000,95.742,95.742,95.605,95.665,0
1470297600,95.672,95.689,95.606,95.682,0
1470301200,95.679,95.731,95.661,95.709,0
1470304800,95.708,95.725,95.599,95.654,0
1470308400,95.674,95.904,95.624,95.825,0
1470312000,95.826,95.838,95.645,95.702,0
1470315600,95.698,95.747,95.644,95.689,0
1470319200,95.687,95.744,95.637,95.699,0
1470322800,95.703,95.76,95.685,95.717,0
1470326400,95.726,95.752,95.683,95.702,0
1470330000,95.707,95.791,95.704,95.763,0
1470333600,95.769,95.775,95.72,95.758,0
1470337200,95.757,95.793,95.734,95.747,0
1470340800,95.743,95.801,95.743,95.773,0
1470344400,95.78,95.832,95.748,95.78,0
1470348000,95.781,95.797,95.772,95.786,0
1470351600,95.785,95.803,95.726,95.726,0
1470355200,95.736,95.813,95.73,95.756,0
1470358800,95.76,95.792,95.743,95.766,0
1470362400,95.757,95.813,95.714,95.719,0
1470366000,95.72,95.765,95.707,95.726,0
1470369600,95.727,95.755,95.708,95.709,0
1470373200,95.718,95.753,95.672,95.691,0
1470376800,95.694,95.707,95.644,95.685,0
1470380400,95.683,95.742,95.664,95.692,0
1470384000,95.694,95.705,95.591,95.61,0
1470387600,95.608,95.663,95.6,95.637,0
1470391200,95.639,95.678,95.608,95.635,0
1470394800,95.644,95.645,95.548,95.587,0
1470398400,95.582,96.25,95.547,96.25,0
1470402000,96.24,96.522,96.21,96.473,0
1470405600,96.492,96.509,96.365,96.409,0
1470409200,96.28,96.296,96.271,96.28,0
1470412800,96.277,96.31,96.219,96.219,0
1470416400,96.223,96.24,96.103,96.198,0
1470420000,96.204,96.224,96.174,96.194,0
1470423600,96.192,96.245,96.19,96.228,0
1470427200,96.225,96.271,96.219,96.236,0
1470430800,96.249,96.267,96.238,96.239,0
1470603600,96.294,96.303,96.227,96.264,0
1470607200,96.262,96.33,96.262,96.281,0
1470610800,96.279,96.307,96.256,96.285,0
1470614400,96.283,96.34,96.244,96.298,0
1470618000,96.299,96.304,96.232,96.251,0
1470621600,96.252,96.258,96.194,96.203,0
1470625200,96.204,96.206,96.149,96.159,0
1470628800,96.166,96.201,96.15,96.155,0
1470632400,96.154,96.257,96.151,96.229,0
1470636000,96.232,96.353,96.197,96.341,0
1470639600,96.348,96.348,96.281,96.31,0
1470643200,96.313,96.394,96.282,96.332,0
1470646800,96.333,96.349,96.276,96.311,0
1470650400,96.307,96.371,96.295,96.349,0
1470654000,96.357,96.385,96.322,96.345,0
1470657600,96.346,96.379,96.33,96.356,0
1470661200,96.36,96.446,96.349,96.433,0
1470664800,96.432,96.465,96.345,96.448,0
1470668400,96.45,96.474,96.417,96.43,0
1470672000,96.435,96.455,96.397,96.426,0
1470675600,96.427,96.459,96.382,96.384,0
1470679200,96.385,96.417,96.357,96.401,0
1470682800,96.4,96.414,96.358,96.379,0
1470686400,96.382,96.415,96.333,96.339,0
1470690000,96.327,96.391,96.301,96.364,0
1470693600,96.367,96.394,96.341,96.377,0
1470697200,96.375,96.409,96.346,96.354,0
1470700800,96.356,96.394,96.344,96.385,0
1470704400,96.39,96.488,96.378,96.474,0
1470708000,96.477,96.507,96.44,96.452,0
1470711600,96.447,96.471,96.392,96.415,0
1470715200,96.406,96.448,96.4,96.421,0
1470718800,96.424,96.495,96.42,96.495,0
1470722400,96.496,96.514,96.449,96.499,0
1470726000,96.497,96.524,96.451,96.455,0
1470729600,96.46,96.467,96.313,96.32,0
1470733200,96.323,96.406,96.316,96.385,0
1470736800,96.382,96.407,96.339,96.376,0
1470740400,96.377,96.468,96.354,96.435,0
1470744000,96.432,96.465,96.4,96.41,0
1470747600,96.407,96.423,96.227,96.257,0
1470751200,96.248,96.266,96.086,96.165,0
1470754800,96.159,96.189,96.13,96.165,0
1470758400,96.168,96.231,96.136,96.202,0
1470762000,96.204,96.221,96.141,96.167,0
1470765600,96.166,96.198,96.15,96.183,0
1470769200,96.175,96.206,96.126,96.155,0
1470772800,96.147,96.168,96.093,96.109,0
1470776400,96.105,96.15,96.077,96.124,0
1470780000,96.126,96.141,96.114,96.129,0
1470783600,96.124,96.188,96.109,96.109,0
1470787200,96.117,96.117,95.795,95.879,0
1470790800,95.88,95.88,95.761,95.786,0
1470794400,95.784,95.826,95.692,95.788,0
1470798000,95.796,95.84,95.761,95.773,0
1470801600,95.779,95.807,95.72,95.772,0
1470805200,95.768,95.813,95.721,95.803,0
1470808800,95.806,95.884,95.766,95.884,0
1470812400,95.887,95.912,95.812,95.869,0
1470816000,95.871,95.873,95.789,95.81,0
1470819600,95.812,95.82,95.577,95.634,0
1470823200,95.642,95.653,95.588,95.615,0
1470826800,95.611,95.612,95.456,95.504,0
1470830400,95.506,95.529,95.455,95.456,0
1470834000,95.458,95.645,95.442,95.63,0
1470837600,95.631,95.751,95.593,95.689,0
1470841200,95.688,95.754,95.651,95.69,0
1470844800,95.692,95.708,95.647,95.698,0
1470848400,95.694,95.719,95.62,95.623,0
1470852000,95.619,95.682,95.564,95.65,0
1470855600,95.647,95.685,95.612,95.661,0
1470859200,95.66,95.675,95.604,95.627,0
1470862800,95.644,95.647,95.553,95.584,0
1470866400,95.578,95.597,95.563,95.569,0
1470870000,95.569,95.6,95.532,95.572,0
1470873600,95.563,95.593,95.505,95.583,0
1470877200,95.585,95.676,95.578,95.625,0
1470880800,95.623,95.653,95.579,95.628,0
1470884400,95.629,95.742,95.612,95.729,0
1470888000,95.73,95.739,95.676,95.715,0
1470891600,95.714,95.767,95.712,95.747,0
1470895200,95.745,95.763,95.675,95.684,0
1470898800,95.692,95.856,95.648,95.827,0
1470902400,95.824,95.91,95.816,95.865,0
1470906000,95.864,95.875,95.802,95.829,0
1470909600,95.831,95.908,95.792,95.806,0
1470913200,95.814,95.878,95.75,95.84,0
1470916800,95.827,95.84,95.733,95.754,0
1470920400,95.757,95.775,95.668,95.678,0
1470924000,95.679,95.693,95.595,95.626,0
1470927600,95.622,95.706,95.59,95.695,0
1470931200,95.689,95.786,95.668,95.739,0
1470934800,95.742,95.904,95.73,95.887,0
1470938400,95.889,95.926,95.857,95.857,0
1470942000,95.865,95.906,95.844,95.889,0
1470945600,95.887,95.951,95.887,95.934,0
1470949200,95.927,95.973,95.887,95.895,0
1470952800,95.894,95.924,95.888,95.914,0
1470956400,95.918,95.942,95.9,95.905,0
1470960000,95.911,95.994,95.881,95.973,0
1470963600,95.967,95.986,95.912,95.919,0
1470967200,95.92,95.968,95.894,95.911,0
1470970800,95.905,95.925,95.856,95.899,0
1470974400,95.893,95.958,95.892,95.901,0
1470978000,95.908,95.933,95.883,95.887,0
1470981600,95.882,95.96,95.876,95.904,0
1470985200,95.897,95.931,95.81,95.877,0
1470988800,95.888,95.888,95.8,95.827,0
1470992400,95.831,95.907,95.829,95.896,0
1470996000,95.891,95.922,95.824,95.838,0
1470999600,95.839,95.885,95.837,95.86,0
1471003200,95.862,95.862,95.254,95.324,0
1471006800,95.332,95.515,95.328,95.449,0
1471010400,95.445,95.646,95.383,95.553,0
1471014000,95.558,95.618,95.509,95.614,0
1471017600,95.608,95.691,95.605,95.66,0
1471021200,95.656,95.707,95.642,95.705,0
1471024800,95.703,95.742,95.646,95.722,0
1471028400,95.708,95.746,95.694,95.73,0
1471032000,95.731,95.762,95.667,95.707,0
1471035600,95.718,95.718,95.681,95.683,0
1471208400,95.656,95.685,95.649,95.676,0
1471212000,95.68,95.749,95.677,95.73,0
1471215600,95.727,95.775,95.713,95.717,0
1471219200,95.715,95.801,95.705,95.79,0
1471222800,95.788,95.795,95.744,95.757,0
1471226400,95.76,95.792,95.748,95.771,0
1471230000,95.769,95.772,95.734,95.734,0
1471233600,95.738,95.756,95.718,95.756,0
1471237200,95.757,95.768,95.711,95.731,0
1471240800,95.72,95.738,95.648,95.66,0
1471244400,95.659,95.68,95.592,95.628,0
1471248000,95.627,95.679,95.597,95.642,0
1471251600,95.641,95.676,95.614,95.672,0
1471255200,95.674,95.68,95.593,95.637,0
1471258800,95.638,95.686,95.562,95.573,0
1471262400,95.57,95.673,95.556,95.669,0
1471266000,95.666,95.69,95.519,95.592,0
1471269600,95.591,95.637,95.468,95.512,0
1471273200,95.517,95.552,95.497,95.515,0
1471276800,95.52,95.639,95.498,95.628,0
1471280400,95.631,95.631,95.584,95.612,0
1471284000,95.593,95.634,95.585,95.629,0
1471287600,95.627,95.636,95.592,95.597,0
1471291200,95.603,95.646,95.577,95.616,0
1471294800,95.614,95.65,95.575,95.602,0
1471298400,95.627,95.629,95.588,95.602,0
1471302000,95.613,95.661,95.603,95.631,0
1471305600,95.628,95.659,95.589,95.605,0
1471309200,95.602,95.627,95.569,95.592,0
1471312800,95.6,95.629,95.47,95.488,0
1471316400,95.492,95.506,95.381,95.423,0
1471320000,95.425,95.45,95.405,95.408,0
1471323600,95.41,95.414,95.269,95.273,0
1471327200,95.272,95.306,95.075,95.148,0
1471330800,95.146,95.23,94.924,94.944,0
1471334400,94.948,94.998,94.881,94.976,0
1471338000,94.979,95,94.804,94.809,0
1471341600,94.811,94.867,94.737,94.775,0
1471345200,94.772,94.8,94.616,94.667,0
1471348800,94.669,94.94,94.426,94.789,0
1471352400,94.787,95.047,94.703,94.892,0
1471356000,94.879,94.997,94.783,94.988,0
1471359600,94.994,95.009,94.774,94.819,0
1471363200,94.823,94.904,94.79,94.847,0
1471366800,94.837,94.843,94.742,94.743,0
1471370400,94.748,94.815,94.737,94.791,0
1471374000,94.786,94.825,94.773,94.782,0
1471377600,94.781,94.818,94.764,94.786,0
1471381200,94.788,94.812,94.77,94.805,0
1471384800,94.813,94.813,94.746,94.778,0
1471388400,94.804,94.86,94.792,94.801,0
1471392000,94.798,94.878,94.774,94.82,0
1471395600,94.811,94.822,94.725,94.789,0
1471399200,94.784,94.885,94.783,94.865,0
1471402800,94.866,94.895,94.844,94.876,0
1471406400,94.867,94.97,94.839,94.948,0
1471410000,94.95,95.051,94.945,94.968,0
1471413600,94.967,95.039,94.888,94.991,0
1471417200,94.986,95.024,94.9,94.916,0
1471420800,94.913,95.048,94.867,95.044,0
1471424400,95.041,95.075,94.895,94.928,0
1471428000,94.927,94.978,94.923,94.952,0
1471431600,94.951,94.956,94.896,94.918,0
1471435200,94.914,94.946,94.862,94.92,0
1471438800,94.915,94.962,94.854,94.955,0
1471442400,94.951,94.962,94.818,94.828,0
1471446000,94.829,94.943,94.816,94.917,0
1471449600,94.927,94.957,94.87,94.871,0
1471453200,94.878,94.946,94.866,94.928,0
1471456800,94.925,95.102,94.51,94.718,0
1471460400,94.711,94.816,94.702,94.777,0
1471464000,94.783,94.803,94.692,94.731,0
1471467600,94.721,94.762,94.69,94.731,0
1471471200,94.736,94.746,94.693,94.724,0
1471474800,94.699,94.711,94.57,94.614,0
1471478400,94.621,94.641,94.492,94.627,0
1471482000,94.624,94.647,94.385,94.436,0
1471485600,94.433,94.636,94.416,94.588,0
1471489200,94.592,94.652,94.519,94.531,0
1471492800,94.532,94.651,94.529,94.613,0
1471496400,94.612,94.63,94.493,94.502,0
1471500000,94.505,94.545,94.455,94.486,0
1471503600,94.489,94.527,94.388,94.495,0
1471507200,94.493,94.533,94.324,94.378,0
1471510800,94.367,94.518,94.358,94.453,0
1471514400,94.46,94.473,94.401,94.418,0
1471518000,94.424,94.444,94.328,94.423,0
1471521600,94.427,94.544,94.367,94.498,0
1471525200,94.503,94.548,94.415,94.45,0
1471528800,94.448,94.516,94.313,94.339,0
1471532400,94.342,94.351,94.266,94.309,0
1471536000,94.31,94.36,94.266,94.333,0
1471539600,94.335,94.335,94.219,94.236,0
1471543200,94.239,94.253,94.141,94.157,0
1471546800,94.16,94.188,94.077,94.094,0
1471550400,94.092,94.173,94.083,94.155,0
1471554000,94.152,94.198,94.148,94.168,0
1471557600,94.183,94.183,94.132,94.153,0
1471561200,94.234,94.271,94.212,94.214,0
1471564800,94.224,94.331,94.217,94.288,0
1471568400,94.289,94.377,94.269,94.303,0
1471572000,94.315,94.373,94.287,94.365,0
1471575600,94.366,94.402,94.343,94.369,0
1471579200,94.371,94.388,94.333,94.334,0
1471582800,94.336,94.36,94.316,94.343,0
1471586400,94.34,94.369,94.24,94.254,0
1471590000,94.253,94.501,94.234,94.413,0
1471593600,94.417,94.552,94.39,94.457,0
1471597200,94.452,94.503,94.406,94.456,0
1471600800,94.455,94.461,94.391,94.433,0
1471604400,94.426,94.486,94.389,94.486,0
1471608000,94.482,94.628,94.442,94.524,0
1471611600,94.525,94.6,94.474,94.562,0
1471615200,94.558,94.581,94.474,94.521,0
1471618800,94.522,94.596,94.504,94.52,0
1471622400,94.527,94.609,94.518,94.555,0
1471626000,94.551,94.613,94.537,94.541,0
1471629600,94.543,94.551,94.504,94.511,0
1471633200,94.513,94.527,94.443,94.465,0
1471636800,94.464,94.539,94.462,94.487,0
1471640400,94.511,94.521,94.5,94.501,0
1471813200,94.698,94.702,94.594,94.61,0
1471816800,94.612,94.617,94.564,94.614,0
1471820400,94.616,94.759,94.571,94.727,0
1471824000,94.725,94.834,94.7,94.802,0
1471827600,94.799,94.84,94.725,94.827,0
1471831200,94.826,94.853,94.788,94.845,0
1471834800,94.844,94.949,94.844,94.921,0
1471838400,94.918,94.924,94.857,94.887,0
1471842000,94.882,94.958,94.879,94.939,0
1471845600,94.944,94.955,94.861,94.873,0
1471849200,94.883,94.921,94.819,94.844,0
1471852800,94.841,94.846,94.694,94.71,0
1471856400,94.703,94.754,94.69,94.725,0
1471860000,94.733,94.773,94.718,94.738,0
1471863600,94.737,94.751,94.64,94.66,0
1471867200,94.662,94.699,94.598,94.647,0
1471870800,94.651,94.651,94.574,94.61,0
1471874400,94.609,94.655,94.443,94.479,0
1471878000,94.475,94.606,94.449,94.587,0
1471881600,94.583,94.588,94.536,94.556,0
1471885200,94.558,94.592,94.539,94.575,0
1471888800,94.574,94.582,94.494,94.519,0
1471892400,94.522,94.567,94.517,94.534,0
1471896000,94.535,94.563,94.517,94.547,0
1471899600,94.556,94.558,94.489,94.542,0
1471903200,94.537,94.545,94.507,94.534,0
1471906800,94.55,94.588,94.539,94.556,0
1471910400,94.563,94.583,94.419,94.479,0
1471914000,94.484,94.53,94.447,94.457,0
1471917600,94.459,94.523,94.446,94.465,0
1471921200,94.464,94.512,94.434,94.485,0
1471924800,94.487,94.503,94.383,94.385,0
1471928400,94.39,94.426,94.358,94.381,0
1471932000,94.384,94.435,94.351,94.4,0
1471935600,94.396,94.398,94.214,94.308,0
1471939200,94.307,94.4,94.289,94.4,0
1471942800,94.394,94.425,94.38,94.411,0
1471946400,94.412,94.467,94.385,94.396,0
1471950000,94.392,94.41,94.275,94.307,0
1471953600,94.302,94.364,94.297,94.329,0
1471957200,94.333,94.432,94.322,94.395,0
1471960800,94.405,94.456,94.346,94.402,0
1471964400,94.409,94.537,94.391,94.537,0
1471968000,94.532,94.56,94.456,94.47,0
1471971600,94.466,94.488,94.418,94.475,0
1471975200,94.489,94.55,94.483,94.539,0
1471978800,94.537,94.563,94.518,94.539,0
1471982400,94.534,94.555,94.51,94.541,0
1471986000,94.537,94.563,94.496,94.517,0
1471989600,94.497,94.54,94.497,94.53,0
1471993200,94.553,94.593,94.547,94.574,0
1471996800,94.573,94.641,94.56,94.62,0
1472000400,94.621,94.627,94.524,94.619,0
1472004000,94.618,94.664,94.596,94.619,0
1472007600,94.62,94.654,94.594,94.6,0
1472011200,94.61,94.648,94.594,94.647,0
1472014800,94.645,94.691,94.631,94.672,0
1472018400,94.67,94.7,94.622,94.648,0
1472022000,94.651,94.684,94.542,94.605,0
1472025600,94.607,94.659,94.505,94.549,0
1472029200,94.55,94.669,94.55,94.643,0
1472032800,94.64,94.675,94.611,94.636,0
1472036400,94.637,94.796,94.635,94.731,0
1472040000,94.73,94.808,94.698,94.768,0
1472043600,94.771,94.819,94.697,94.762,0
1472047200,94.76,94.886,94.712,94.874,0
1472050800,94.875,94.909,94.833,94.833,0
1472054400,94.828,94.842,94.73,94.73,0
1472058000,94.739,94.776,94.729,94.757,0
1472061600,94.75,94.803,94.732,94.786,0
1472065200,94.792,94.809,94.749,94.782,0
1472068800,94.788,94.79,94.749,94.77,0
1472072400,94.769,94.796,94.723,94.787,0
1472076000,94.777,94.792,94.771,94.772,0
1472079600,94.78,94.82,94.75,94.795,0
1472083200,94.802,94.816,94.671,94.678,0
1472086800,94.674,94.747,94.674,94.738,0
1472090400,94.739,94.772,94.71,94.729,0
1472094000,94.728,94.78,94.703,94.743,0
1472097600,94.742,94.764,94.724,94.742,0
1472101200,94.744,94.758,94.695,94.712,0
1472104800,94.709,94.776,94.677,94.765,0
1472108400,94.764,94.78,94.685,94.71,0
1472112000,94.706,94.774,94.609,94.659,0
1472115600,94.665,94.685,94.592,94.609,0
1472119200,94.611,94.663,94.591,94.646,0
1472122800,94.656,94.733,94.645,94.705,0
1472126400,94.698,94.769,94.65,94.663,0
1472130000,94.666,94.71,94.634,94.645,0
1472133600,94.647,94.759,94.622,94.754,0
1472137200,94.757,94.83,94.722,94.802,0
1472140800,94.807,94.826,94.757,94.764,0
1472144400,94.762,94.789,94.748,94.756,0
1472148000,94.763,94.8,94.746,94.772,0
1472151600,94.78,94.783,94.72,94.743,0
1472155200,94.744,94.782,94.699,94.715,0
1472158800,94.726,94.755,94.682,94.698,0
1472162400,94.696,94.724,94.689,94.717,0
1472166000,94.714,94.749,94.691,94.697,0
1472169600,94.705,94.712,94.618,94.646,0
1472173200,94.637,94.703,94.634,94.664,0
1472176800,94.665,94.693,94.646,94.655,0
1472180400,94.654,94.693,94.647,94.66,0
1472184000,94.661,94.687,94.641,94.685,0
1472187600,94.672,94.687,94.606,94.617,0
1472191200,94.614,94.65,94.534,94.59,0
1472194800,94.596,94.669,94.573,94.655,0
1472198400,94.654,94.687,94.616,94.668,0
1472202000,94.671,94.687,94.616,94.655,0
1472205600,94.654,94.695,94.621,94.672,0
1472209200,94.667,94.682,94.615,94.635,0
1472212800,94.63,94.674,94.484,94.554,0
1472216400,94.552,94.663,94.543,94.558,0
1472220000,94.536,95.033,94.246,94.709,0
1472223600,94.718,95.143,94.689,95.101,0
1472227200,95.107,95.311,95.087,95.163,0
1472230800,95.175,95.39,95.175,95.358,0
1472234400,95.367,95.59,95.367,95.566,0
1472238000,95.558,95.594,95.439,95.502,0
1472241600,95.506,95.52,95.451,95.49,0
1472245200,95.483,95.485,95.481,95.481,0
1472418000,95.629,95.629,95.536,95.584,0
1472421600,95.576,95.587,95.479,95.518,0
1472425200,95.523,95.545,95.479,95.513,0
1472428800,95.511,95.608,95.486,95.539,0
1472432400,95.538,95.58,95.491,95.577,0
1472436000,95.579,95.579,95.512,95.53,0
1472439600,95.525,95.534,95.486,95.512,0
1472443200,95.514,95.543,95.48,95.519,0
1472446800,95.518,95.526,95.479,95.501,0
1472450400,95.5,95.608,95.5,95.586,0
1472454000,95.585,95.707,95.563,95.666,0
1472457600,95.665,95.724,95.584,95.618,0
1472461200,95.615,95.633,95.572,95.616,0
1472464800,95.621,95.666,95.612,95.653,0
1472468400,95.656,95.769,95.647,95.759,0
1472472000,95.768,95.802,95.705,95.785,0
1472475600,95.787,95.834,95.71,95.752,0
1472479200,95.736,95.815,95.678,95.758,0
1472482800,95.766,95.778,95.648,95.653,0
1472486400,95.655,95.721,95.645,95.697,0
1472490000,95.698,95.724,95.529,95.548,0
1472493600,95.552,95.588,95.526,95.58,0
1472497200,95.577,95.61,95.554,95.571,0
1472500800,95.572,95.595,95.537,95.557,0
1472504400,95.559,95.597,95.518,95.564,0
1472508000,95.569,95.578,95.545,95.567,0
1472511600,95.57,95.603,95.523,95.551,0
1472515200,95.548,95.607,95.526,95.585,0
1472518800,95.584,95.749,95.58,95.748,0
1472522400,95.75,95.756,95.692,95.736,0
1472526000,95.738,95.757,95.698,95.705,0
1472529600,95.706,95.732,95.675,95.72,0
1472533200,95.719,95.771,95.701,95.758,0
1472536800,95.755,95.805,95.73,95.732,0
1472540400,95.744,95.85,95.73,95.765,0
1472544000,95.767,95.812,95.752,95.781,0
1472547600,95.784,95.801,95.726,95.757,0
1472551200,95.759,95.833,95.684,95.783,0
1472554800,95.781,95.813,95.714,95.783,0
1472558400,95.776,95.88,95.726,95.853,0
1472562000,95.856,95.943,95.805,95.93,0
1472565600,95.914,96.047,95.889,95.964,0
1472569200,95.976,96.044,95.944,95.989,0
1472572800,95.992,96.064,95.951,95.997,0
1472576400,95.998,96.114,95.98,96.103,0
1472580000,96.105,96.143,96.022,96.054,0
1472583600,96.056,96.106,96.04,96.06,0
1472587200,96.067,96.097,96.04,96.051,0
1472590800,96.054,96.091,96.011,96.042,0
1472594400,96.041,96.067,96.041,96.053,0
1472598000,96.014,96.048,95.983,95.993,0
1472601600,95.987,96.14,95.985,96.098,0
1472605200,96.097,96.112,95.984,96,0
1472608800,96.001,96.017,95.914,95.914,0
1472612400,95.913,95.983,95.909,95.967,0
1472616000,95.968,95.98,95.902,95.945,0
1472619600,95.94,96.056,95.929,96.027,0
1472623200,96.025,96.159,96.008,96.116,0
1472626800,96.117,96.165,96.054,96.152,0
1472630400,96.148,96.156,95.96,96.017,0
1472634000,96.014,96.037,95.967,96.014,0
1472637600,96.009,96.064,95.996,96.047,0
1472641200,96.048,96.117,96.043,96.089,0
1472644800,96.09,96.255,96.088,96.18,0
1472648400,96.192,96.222,96.065,96.103,0
1472652000,96.113,96.217,96.06,96.182,0
1472655600,96.18,96.18,96.05,96.082,0
1472659200,96.081,96.087,95.946,95.999,0
1472662800,95.992,96.085,95.981,96.052,0
1472666400,96.053,96.069,96,96.022,0
1472670000,96.021,96.052,95.994,96.032,0
1472673600,96.039,96.059,95.985,96.009,0
1472677200,96.006,96.054,95.948,95.963,0
1472680800,95.998,96.009,95.968,95.992,0
1472684400,95.988,96.019,95.951,96.001,0
1472688000,96.006,96.021,95.962,96.009,0
1472691600,96.007,96.021,95.918,95.943,0
1472695200,95.945,95.995,95.91,95.979,0
1472698800,95.98,96.017,95.94,95.986,0
1472702400,95.99,96.027,95.973,95.998,0
1472706000,96.001,96.04,95.993,96.015,0
1472709600,96.022,96.075,96.009,96.022,0
1472713200,96.018,96.239,96.013,96.224,0
1472716800,96.225,96.232,95.941,95.964,0
1472720400,95.967,96.077,95.953,96.017,0
1472724000,96.018,96.044,95.973,95.987,0
1472727600,95.984,96.03,95.956,95.999,0
1472731200,95.995,96.111,95.987,96.076,0
1472734800,96.077,96.17,96.052,96.116,0
1472738400,96.114,96.114,95.595,95.655,0
1472742000,95.659,95.696,95.596,95.667,0
1472745600,95.665,95.709,95.623,95.654,0
1472749200,95.653,95.72,95.617,95.698,0
1472752800,95.699,95.703,95.606,95.653,0
1472756400,95.648,95.681,95.617,95.622,0
1472760000,95.62,95.679,95.61,95.654,0
1472763600,95.658,95.677,95.629,95.653,0
1472767200,95.642,95.654,95.633,95.652,0
1472770800,95.66,95.705,95.633,95.633,0
1472774400,95.641,95.662,95.6,95.633,0
1472778000,95.63,95.68,95.627,95.656,0
1472781600,95.658,95.677,95.624,95.624,0
1472785200,95.622,95.678,95.619,95.622,0
1472788800,95.623,95.656,95.576,95.629,0
1472792400,95.628,95.676,95.625,95.646,0
1472796000,95.648,95.763,95.629,95.761,0
1472799600,95.763,95.773,95.678,95.723,0
1472803200,95.725,95.84,95.715,95.809,0
1472806800,95.798,95.847,95.749,95.802,0
1472810400,95.803,95.834,95.776,95.787,0
1472814000,95.785,95.81,95.698,95.725,0
1472817600,95.716,95.731,95.189,95.519,0
1472821200,95.513,95.647,95.417,95.526,0
1472824800,95.525,95.958,95.494,95.876,0
1472828400,95.874,95.955,95.823,95.89,0
1472832000,95.894,95.938,95.806,95.822,0
1472835600,95.82,95.884,95.793,95.872,0
1472839200,95.873,95.905,95.835,95.844,0
1472842800,95.848,95.891,95.814,95.861,0
1472846400,95.858,95.896,95.842,95.887,0
1472850000,95.879,95.883,95.878,95.883,0
1473116400,95.795,95.821,95.765,95.772,0
1473120000,95.771,95.836,95.752,95.822,0
1473123600,95.824,95.839,95.763,95.807,0
1473127200,95.83,95.861,95.707,95.728,0
1473130800,95.727,95.783,95.715,95.729,0
1473134400,95.733,95.809,95.716,95.799,0
1473138000,95.804,95.829,95.764,95.784,0
1473141600,95.783,95.802,95.665,95.691,0
1473145200,95.698,95.701,95.577,95.664,0
1473148800,95.667,95.667,95.606,95.632,0
1473152400,95.633,95.657,95.596,95.596,0
1473156000,95.594,95.62,95.576,95.608,0
1473159600,95.614,95.654,95.582,95.652,0
1473163200,95.646,95.696,95.623,95.654,0
1473166800,95.656,95.669,95.56,95.599,0
1473170400,95.589,95.589,94.821,94.932,0
1473174000,94.942,95.046,94.907,94.974,0
1473177600,94.971,94.979,94.873,94.932,0
1473181200,94.933,94.933,94.812,94.82,0
1473184800,94.821,94.89,94.767,94.823,0
1473188400,94.842,94.905,94.816,94.877,0
1473192000,94.883,94.883,94.795,94.82,0
1473195600,94.819,94.89,94.77,94.884,0
1473199200,94.877,94.887,94.85,94.864,0
1473202800,94.897,94.921,94.763,94.84,0
1473206400,94.826,94.88,94.776,94.844,0
1473210000,94.847,94.922,94.79,94.813,0
1473213600,94.814,94.85,94.78,94.783,0
1473217200,94.782,94.806,94.742,94.79,0
1473220800,94.791,94.825,94.757,94.789,0
1473224400,94.791,94.82,94.757,94.788,0
1473228000,94.785,94.798,94.69,94.789,0
1473231600,94.794,94.878,94.778,94.865,0
1473235200,94.868,94.924,94.823,94.898,0
1473238800,94.901,94.926,94.871,94.92,0
1473242400,94.912,94.926,94.81,94.846,0
1473246000,94.844,94.918,94.813,94.918,0
1473249600,94.923,94.984,94.804,94.831,0
1473253200,94.835,94.868,94.776,94.786,0
1473256800,94.788,94.956,94.727,94.956,0
1473260400,94.954,94.999,94.919,94.986,0
1473264000,94.99,95.061,94.984,95.043,0
1473267600,95.045,95.045,94.987,94.989,0
1473271200,94.993,95.009,94.948,94.956,0
1473274800,94.953,94.979,94.942,94.963,0
1473278400,94.971,95.015,94.944,94.974,0
1473282000,94.95,94.991,94.926,94.965,0
1473285600,94.933,94.977,94.933,94.963,0
1473289200,94.942,94.989,94.937,94.985,0
1473292800,94.983,95.013,94.87,94.888,0
1473296400,94.884,94.928,94.842,94.859,0
1473300000,94.862,94.928,94.819,94.853,0
1473303600,94.848,94.9,94.846,94.896,0
1473307200,94.876,94.898,94.815,94.877,0
1473310800,94.875,94.926,94.855,94.871,0
1473314400,94.869,94.929,94.833,94.838,0
1473318000,94.837,94.852,94.756,94.763,0
1473321600,94.767,94.791,94.688,94.726,0
1473325200,94.725,94.767,94.695,94.727,0
1473328800,94.726,94.731,94.575,94.626,0
1473332400,94.624,94.686,94.514,94.669,0
1473336000,94.67,94.781,94.465,94.615,0
1473339600,94.608,94.769,94.49,94.742,0
1473343200,94.737,94.907,94.718,94.807,0
1473346800,94.802,95.033,94.733,95.005,0
1473350400,95.011,95.142,94.969,95.112,0
1473354000,95.114,95.141,95.018,95.054,0
1473357600,95.06,95.103,94.993,95.027,0
1473361200,95.031,95.113,95.03,95.055,0
1473364800,95.051,95.075,95.025,95.037,0
1473368400,95.033,95.05,94.957,95.008,0
1473372000,95.002,95.009,94.971,94.991,0
1473375600,94.945,94.992,94.936,94.963,0
1473379200,94.954,95.009,94.896,94.944,0
1473382800,94.947,94.962,94.882,94.905,0
1473386400,94.906,94.922,94.828,94.847,0
1473390000,94.853,94.917,94.848,94.884,0
1473393600,94.886,94.903,94.803,94.857,0
1473397200,94.862,94.881,94.824,94.829,0
1473400800,94.83,94.96,94.817,94.939,0
1473404400,94.935,94.957,94.884,94.946,0
1473408000,94.955,95.027,94.909,94.953,0
1473411600,94.956,94.984,94.914,94.945,0
1473415200,94.944,95.066,94.927,95.06,0
1473418800,95.062,95.084,94.962,95.056,0
1473422400,95.063,95.266,95.009,95.261,0
1473426000,95.291,95.533,95.261,95.522,0
1473429600,95.527,95.579,95.29,95.439,0
1473433200,95.434,95.483,95.371,95.455,0
1473436800,95.453,95.507,95.42,95.431,0
1473440400,95.427,95.465,95.401,95.448,0
1473444000,95.455,95.477,95.313,95.336,0
1473447600,95.339,95.381,95.331,95.348,0
1473451200,95.35,95.387,95.294,95.32,0
1473454800,95.333,95.35,95.321,95.348,0
1473627600,95.3,95.34,95.283,95.296,0
1473631200,95.297,95.323,95.275,95.278,0
1473634800,95.28,95.307,95.255,95.261,0
1473638400,95.284,95.325,95.236,95.245,0
1473642000,95.242,95.28,95.207,95.278,0
1473645600,95.277,95.327,95.266,95.299,0
1473649200,95.3,95.305,95.254,95.274,0
1473652800,95.272,95.288,95.231,95.28,0
1473656400,95.279,95.285,95.243,95.256,0
1473660000,95.251,95.28,95.19,95.225,0
1473663600,95.222,95.242,95.112,95.219,0
1473667200,95.214,95.308,95.174,95.258,0
1473670800,95.261,95.432,95.241,95.368,0
1473674400,95.371,95.447,95.343,95.361,0
1473678000,95.359,95.38,95.23,95.25,0
1473681600,95.261,95.376,95.249,95.305,0
1473685200,95.299,95.391,95.272,95.299,0
1473688800,95.306,95.313,95.193,95.313,0
1473692400,95.314,95.319,95.189,95.237,0
1473696000,95.236,95.252,95.101,95.178,0
1473699600,95.182,95.309,94.935,95.026,0
1473703200,95.021,95.106,95.002,95.095,0
1473706800,95.097,95.187,95.095,95.142,0
1473710400,95.146,95.176,95.116,95.127,0
1473714000,95.133,95.153,95.096,95.145,0
1473717600,95.12,95.154,95.111,95.152,0
1473721200,95.117,95.13,95.076,95.083,0
1473724800,95.075,95.173,95.075,95.138,0
1473728400,95.136,95.176,95.087,95.129,0
1473732000,95.121,95.155,95.091,95.152,0
1473735600,95.151,95.165,95.11,95.133,0
1473739200,95.131,95.193,95.131,95.177,0
1473742800,95.165,95.211,95.132,95.194,0
1473746400,95.198,95.24,95.158,95.182,0
1473750000,95.179,95.324,95.175,95.212,0
1473753600,95.209,95.227,95.135,95.193,0
1473757200,95.197,95.326,95.187,95.314,0
1473760800,95.305,95.34,95.255,95.286,0
1473764400,95.29,95.341,95.267,95.304,0
1473768000,95.312,95.386,95.173,95.366,0
1473771600,95.361,95.466,95.335,95.392,0
1473775200,95.404,95.413,95.259,95.382,0
1473778800,95.376,95.416,95.324,95.375,0
1473782400,95.378,95.464,95.339,95.416,0
1473786000,95.417,95.562,95.416,95.484,0
1473789600,95.488,95.672,95.488,95.633,0
1473793200,95.631,95.654,95.559,95.595,0
1473796800,95.591,95.591,95.536,95.541,0
1473800400,95.543,95.602,95.516,95.521,0
1473804000,95.562,95.578,95.529,95.578,0
1473807600,95.562,95.598,95.523,95.535,0
1473811200,95.534,95.625,95.534,95.596,0
1473814800,95.603,95.662,95.571,95.628,0
1473818400,95.626,95.646,95.576,95.602,0
1473822000,95.599,95.629,95.539,95.54,0
1473825600,95.547,95.593,95.524,95.552,0
1473829200,95.541,95.565,95.527,95.558,0
1473832800,95.553,95.606,95.457,95.501,0
1473836400,95.505,95.622,95.491,95.582,0
1473840000,95.588,95.604,95.518,95.528,0
1473843600,95.53,95.58,95.419,95.51,0
1473847200,95.509,95.545,95.475,95.518,0
1473850800,95.512,95.562,95.441,95.559,0
1473854400,95.558,95.59,95.528,95.566,0
1473858000,95.571,95.639,95.543,95.585,0
1473861600,95.583,95.59,95.328,95.436,0
1473865200,95.455,95.455,95.203,95.23,0
1473868800,95.224,95.364,95.198,95.35,0
1473872400,95.343,95.376,95.254,95.338,0
1473876000,95.337,95.367,95.301,95.327,0
1473879600,95.329,95.355,95.313,95.329,0
1473883200,95.332,95.354,95.303,95.327,0
1473886800,95.328,95.362,95.287,95.296,0
1473890400,95.321,95.346,95.29,95.338,0
1473894000,95.335,95.363,95.311,95.353,0
1473897600,95.356,95.37,95.314,95.359,0
1473901200,95.347,95.371,95.272,95.318,0
1473904800,95.316,95.343,95.281,95.293,0
1473908400,95.298,95.355,95.291,95.339,0
1473912000,95.346,95.375,95.315,95.365,0
1473915600,95.362,95.396,95.319,95.327,0
1473919200,95.328,95.474,95.287,95.444,0
1473922800,95.445,95.563,95.445,95.533,0
1473926400,95.532,95.54,95.42,95.445,0
1473930000,95.449,95.475,95.312,95.327,0
1473933600,95.326,95.438,95.326,95.393,0
1473937200,95.401,95.425,95.353,95.357,0
1473940800,95.354,95.395,95.083,95.357,0
1473944400,95.375,95.505,95.304,95.499,0
1473948000,95.502,95.541,95.335,95.35,0
1473951600,95.354,95.412,95.261,95.302,0
1473955200,95.315,95.38,95.292,95.326,0
1473958800,95.327,95.354,95.22,95.244,0
1473962400,95.243,95.312,95.216,95.288,0
1473966000,95.283,95.333,95.261,95.278,0
1473969600,95.275,95.322,95.263,95.278,0
1473973200,95.282,95.291,95.218,95.266,0
1473976800,95.265,95.276,95.229,95.275,0
1473980400,95.232,95.28,95.219,95.244,0
1473984000,95.241,95.307,95.219,95.3,0
1473987600,95.302,95.334,95.252,95.285,0
1473991200,95.287,95.313,95.27,95.285,0
1473994800,95.296,95.327,95.258,95.277,0
1473998400,95.275,95.323,95.275,95.314,0
1474002000,95.309,95.326,95.286,95.314,0
1474005600,95.303,95.343,95.265,95.335,0
1474009200,95.33,95.393,95.308,95.351,0
1474012800,95.349,95.38,95.334,95.36,0
1474016400,95.366,95.452,95.352,95.449,0
1474020000,95.446,95.493,95.426,95.448,0
1474023600,95.463,95.513,95.44,95.447,0
1474027200,95.45,95.79,95.419,95.78,0
1474030800,95.774,95.899,95.75,95.846,0
1474034400,95.848,95.964,95.817,95.955,0
1474038000,95.959,96.01,95.921,95.978,0
1474041600,95.973,96.034,95.935,95.967,0
1474045200,95.955,96.038,95.955,96.018,0
1474048800,96.019,96.108,96.014,96.108,0
1474052400,96.104,96.108,96.034,96.063,0
1474056000,96.065,96.092,96.013,96.04,0
1474059600,96.055,96.055,96.043,96.043,0
1474232400,96.054,96.068,96.03,96.06,0
1474236000,96.053,96.059,96.004,96.015,0
1474239600,96.012,96.05,96.009,96.026,0
1474243200,96.028,96.055,95.994,96.007,0
1474246800,96.005,96.011,95.912,95.927,0
1474250400,95.931,95.935,95.853,95.864,0
1474254000,95.861,95.892,95.837,95.887,0
1474257600,95.888,95.91,95.864,95.886,0
1474261200,95.888,95.894,95.835,95.843,0
1474264800,95.847,95.953,95.83,95.914,0
1474268400,95.924,95.934,95.868,95.925,0
1474272000,95.918,95.947,95.851,95.872,0
1474275600,95.87,95.891,95.843,95.849,0
1474279200,95.852,95.905,95.824,95.898,0
1474282800,95.893,95.92,95.866,95.888,0
1474286400,95.891,95.897,95.81,95.812,0
1474290000,95.829,95.857,95.716,95.75,0
1474293600,95.741,95.777,95.645,95.777,0
1474297200,95.774,95.834,95.73,95.807,0
1474300800,95.804,95.873,95.793,95.829,0
1474304400,95.822,95.879,95.799,95.858,0
1474308000,95.862,95.874,95.826,95.841,0
1474311600,95.843,95.853,95.811,95.836,0
1474315200,95.846,95.893,95.842,95.879,0
1474318800,95.886,95.892,95.812,95.827,0
1474322400,95.858,95.872,95.828,95.868,0
1474326000,95.83,95.851,95.819,95.85,0
1474329600,95.849,95.9,95.833,95.881,0
1474333200,95.882,95.91,95.832,95.897,0
1474336800,95.901,95.911,95.853,95.878,0
1474340400,95.875,95.905,95.869,95.897,0
1474344000,95.895,95.897,95.843,95.852,0
1474347600,95.853,95.881,95.849,95.862,0
1474351200,95.859,95.899,95.663,95.663,0
1474354800,95.656,95.726,95.597,95.682,0
1474358400,95.683,95.829,95.653,95.793,0
1474362000,95.799,95.831,95.77,95.804,0
1474365600,95.808,95.95,95.803,95.908,0
1474369200,95.913,95.952,95.871,95.875,0
1474372800,95.87,95.952,95.853,95.93,0
1474376400,95.929,95.954,95.872,95.909,0
1474380000,95.906,95.991,95.872,95.98,0
1474383600,95.992,95.992,95.918,95.923,0
1474387200,95.925,95.983,95.925,95.974,0
1474390800,95.967,96.016,95.937,96.012,0
1474394400,96.004,96.031,95.982,96.019,0
1474398000,96.02,96.02,95.972,95.986,0
1474401600,95.99,96.042,95.98,96.012,0
1474405200,95.991,96.031,95.971,96.001,0
1474408800,96.01,96.022,95.998,96,0
1474412400,95.998,96.02,95.97,95.982,0
1474416000,95.985,96.026,95.971,95.98,0
1474419600,95.984,96.013,95.961,95.983,0
1474423200,95.976,96.002,95.916,95.955,0
1474426800,95.956,96.06,95.948,96.06,0
1474430400,96.054,96.301,96.019,96.265,0
1474434000,96.26,96.333,96.19,96.221,0
1474437600,96.219,96.274,96.116,96.126,0
1474441200,96.132,96.16,95.949,95.993,0
1474444800,95.99,96.075,95.963,96.026,0
1474448400,96.027,96.044,95.95,95.964,0
1474452000,95.967,95.978,95.904,95.959,0
1474455600,95.955,96.006,95.861,95.861,0
1474459200,95.865,95.895,95.811,95.869,0
1474462800,95.868,95.952,95.853,95.913,0
1474466400,95.915,95.978,95.893,95.963,0
1474470000,95.962,95.994,95.771,95.796,0
1474473600,95.795,95.845,95.778,95.839,0
1474477200,95.838,95.897,95.797,95.886,0
1474480800,95.86,96.015,95.515,95.66,0
1474484400,95.664,95.702,95.494,95.533,0
1474488000,95.539,95.581,95.484,95.503,0
1474491600,95.486,95.519,95.445,95.467,0
1474495200,95.506,95.511,95.475,95.495,0
1474498800,95.504,95.518,95.472,95.492,0
1474502400,95.496,95.498,95.376,95.405,0
1474506000,95.408,95.518,95.399,95.509,0
1474509600,95.508,95.532,95.474,95.506,0
1474513200,95.505,95.517,95.455,95.464,0
1474516800,95.466,95.494,95.395,95.395,0
1474520400,95.397,95.422,95.359,95.42,0
1474524000,95.424,95.424,95.22,95.248,0
1474527600,95.252,95.311,95.154,95.293,0
1474531200,95.287,95.287,95.128,95.195,0
1474534800,95.21,95.275,95.196,95.234,0
1474538400,95.237,95.292,95.194,95.233,0
1474542000,95.24,95.263,95.193,95.199,0
1474545600,95.206,95.229,95.094,95.114,0
1474549200,95.121,95.195,95.048,95.093,0
1474552800,95.101,95.177,95.057,95.17,0
1474556400,95.182,95.263,95.141,95.253,0
1474560000,95.246,95.313,95.221,95.272,0
1474563600,95.28,95.35,95.247,95.332,0
1474567200,95.335,95.468,95.331,95.448,0
1474570800,95.449,95.449,95.385,95.415,0
1474574400,95.414,95.421,95.352,95.365,0
1474578000,95.37,95.403,95.325,95.356,0
1474581600,95.377,95.405,95.354,95.372,0
1474585200,95.365,95.402,95.354,95.374,0
1474588800,95.375,95.473,95.34,95.435,0
1474592400,95.439,95.527,95.404,95.522,0
1474596000,95.521,95.548,95.471,95.523,0
1474599600,95.512,95.558,95.51,95.526,0
1474603200,95.536,95.557,95.504,95.52,0
1474606800,95.53,95.546,95.461,95.507,0
1474610400,95.504,95.521,95.394,95.431,0
1474614000,95.432,95.531,95.381,95.513,0
1474617600,95.511,95.569,95.464,95.52,0
1474621200,95.521,95.521,95.391,95.424,0
1474624800,95.425,95.451,95.366,95.369,0
1474628400,95.371,95.467,95.367,95.442,0
1474632000,95.447,95.517,95.398,95.513,0
1474635600,95.511,95.683,95.497,95.552,0
1474639200,95.548,95.625,95.488,95.513,0
1474642800,95.52,95.544,95.451,95.526,0
1474646400,95.525,95.553,95.432,95.452,0
1474650000,95.45,95.471,95.413,95.45,0
1474653600,95.451,95.5,95.445,95.477,0
1474657200,95.472,95.498,95.444,95.497,0
1474660800,95.501,95.51,95.452,95.503,0
1474664400,95.489,95.513,95.473,95.507,0
1474837200,95.482,95.506,95.46,95.488,0
1474840800,95.489,95.493,95.436,95.436,0
1474844400,95.438,95.444,95.382,95.398,0
1474848000,95.399,95.415,95.349,95.408,0
1474851600,95.41,95.43,95.371,95.424,0
1474855200,95.428,95.458,95.391,95.448,0
1474858800,95.446,95.482,95.436,95.446,0
1474862400,95.447,95.487,95.43,95.469,0
1474866000,95.471,95.499,95.423,95.446,0
1474869600,95.452,95.531,95.452,95.5,0
1474873200,95.502,95.509,95.406,95.469,0
1474876800,95.475,95.475,95.384,95.41,0
1474880400,95.408,95.437,95.362,95.412,0
1474884000,95.413,95.423,95.323,95.364,0
1474887600,95.366,95.381,95.239,95.252,0
1474891200,95.264,95.318,95.215,95.247,0
1474894800,95.249,95.331,95.225,95.305,0
1474898400,95.321,95.321,95.181,95.184,0
1474902000,95.18,95.233,95.128,95.188,0
1474905600,95.193,95.325,95.178,95.28,0
1474909200,95.282,95.292,95.237,95.249,0
1474912800,95.251,95.317,95.237,95.297,0
1474916400,95.29,95.319,95.268,95.299,0
1474920000,95.293,95.319,95.282,95.298,0
1474923600,95.293,95.328,95.257,95.277,0
1474927200,95.301,95.309,95.281,95.303,0
1474930800,95.322,95.352,95.311,95.332,0
1474934400,95.331,95.446,95.314,95.386,0
1474938000,95.387,95.418,95.317,95.356,0
1474941600,95.355,95.392,95.34,95.355,0
1474945200,95.351,95.404,95.341,95.367,0
1474948800,95.362,95.384,95.345,95.371,0
1474952400,95.367,95.393,95.344,95.375,0
1474956000,95.364,95.405,95.334,95.365,0
1474959600,95.364,95.385,95.241,95.324,0
1474963200,95.327,95.434,95.302,95.407,0
1474966800,95.405,95.431,95.338,95.373,0
1474970400,95.368,95.401,95.336,95.34,0
1474974000,95.342,95.455,95.334,95.428,0
1474977600,95.432,95.635,95.405,95.575,0
1474981200,95.58,95.641,95.477,95.512,0
1474984800,95.515,95.669,95.455,95.639,0
1474988400,95.635,95.659,95.544,95.559,0
1474992000,95.554,95.578,95.441,95.456,0
1474995600,95.459,95.467,95.397,95.449,0
1474999200,95.446,95.487,95.408,95.435,0
1475002800,95.429,95.478,95.411,95.427,0
1475006400,95.433,95.484,95.426,95.482,0
1475010000,95.473,95.483,95.412,95.429,0
1475013600,95.454,95.473,95.427,95.467,0
1475017200,95.45,95.497,95.446,95.488,0
1475020800,95.487,95.545,95.477,95.53,0
1475024400,95.526,95.581,95.519,95.568,0
1475028000,95.567,95.612,95.55,95.589,0
1475031600,95.594,95.603,95.517,95.539,0
1475035200,95.538,95.588,95.536,95.545,0
1475038800,95.55,95.575,95.505,95.528,0
1475042400,95.519,95.618,95.518,95.589,0
1475046000,95.597,95.707,95.573,95.659,0
1475049600,95.653,95.659,95.548,95.558,0
1475053200,95.56,95.566,95.503,95.54,0
1475056800,95.553,95.584,95.507,95.511,0
1475060400,95.513,95.578,95.489,95.49,0
1475064000,95.486,95.51,95.365,95.437,0
1475067600,95.435,95.553,95.425,95.55,0
1475071200,95.532,95.719,95.484,95.699,0
1475074800,95.696,95.739,95.605,95.62,0
1475078400,95.621,95.65,95.526,95.535,0
1475082000,95.543,95.586,95.507,95.514,0
1475085600,95.513,95.521,95.39,95.431,0
1475089200,95.427,95.485,95.421,95.437,0
1475092800,95.442,95.446,95.39,95.413,0
1475096400,95.405,95.446,95.369,95.429,0
1475100000,95.425,95.437,95.401,95.43,0
1475103600,95.368,95.401,95.352,95.388,0
1475107200,95.389,95.406,95.338,95.353,0
1475110800,95.35,95.452,95.341,95.448,0
1475114400,95.437,95.466,95.403,95.421,0
1475118000,95.425,95.43,95.38,95.396,0
1475121600,95.39,95.442,95.384,95.437,0
1475125200,95.44,95.494,95.422,95.489,0
1475128800,95.486,95.576,95.478,95.533,0
1475132400,95.528,95.53,95.454,95.52,0
1475136000,95.519,95.575,95.472,95.563,0
1475139600,95.562,95.579,95.503,95.564,0
1475143200,95.574,95.574,95.505,95.508,0
1475146800,95.509,95.532,95.446,95.474,0
1475150400,95.477,95.644,95.444,95.64,0
1475154000,95.637,95.681,95.533,95.552,0
1475157600,95.554,95.587,95.398,95.497,0
1475161200,95.496,95.546,95.369,95.379,0
1475164800,95.384,95.502,95.332,95.497,0
1475168400,95.491,95.611,95.469,95.602,0
1475172000,95.601,95.628,95.523,95.535,0
1475175600,95.537,95.556,95.512,95.524,0
1475179200,95.522,95.547,95.484,95.499,0
1475182800,95.493,95.538,95.475,95.526,0
1475186400,95.528,95.533,95.512,95.528,0
1475190000,95.508,95.576,95.506,95.551,0
1475193600,95.548,95.625,95.54,95.613,0
1475197200,95.62,95.626,95.539,95.55,0
1475200800,95.553,95.569,95.505,95.562,0
1475204400,95.568,95.649,95.556,95.571,0
1475208000,95.569,95.599,95.525,95.535,0
1475211600,95.537,95.566,95.522,95.542,0
1475215200,95.537,95.599,95.454,95.567,0
1475218800,95.562,95.836,95.547,95.719,0
1475222400,95.72,95.755,95.675,95.73,0
1475226000,95.71,95.809,95.705,95.8,0
1475229600,95.787,95.876,95.737,95.869,0
1475233200,95.863,95.907,95.791,95.898,0
1475236800,95.904,95.96,95.753,95.761,0
1475240400,95.751,95.806,95.51,95.583,0
1475244000,95.576,95.653,95.43,95.434,0
1475247600,95.429,95.498,95.342,95.401,0
1475251200,95.402,95.559,95.381,95.526,0
1475254800,95.531,95.553,95.458,95.516,0
1475258400,95.509,95.529,95.447,95.463,0
1475262000,95.457,95.505,95.428,95.504,0
1475265600,95.503,95.513,95.398,95.446,0
1475269200,95.45,95.45,95.421,95.422,0
1475442000,95.539,95.543,95.469,95.489,0
1475445600,95.469,95.537,95.456,95.528,0
1475449200,95.53,95.589,95.521,95.562,0
1475452800,95.563,95.587,95.524,95.537,0
1475456400,95.536,95.59,95.497,95.506,0
1475460000,95.508,95.562,95.482,95.547,0
1475463600,95.541,95.546,95.506,95.515,0
1475467200,95.516,95.556,95.506,95.513,0
1475470800,95.521,95.578,95.499,95.559,0
1475474400,95.562,95.57,95.51,95.569,0
1475478000,95.57,95.638,95.529,95.601,0
1475481600,95.6,95.6,95.517,95.549,0
1475485200,95.554,95.592,95.5,95.518,0
1475488800,95.519,95.544,95.462,95.466,0
1475492400,95.476,95.573,95.476,95.527,0
1475496000,95.526,95.572,95.499,95.556,0
1475499600,95.558,95.664,95.547,95.649,0
1475503200,95.65,95.802,95.646,95.724,0
1475506800,95.727,95.764,95.697,95.753,0
1475510400,95.76,95.772,95.681,95.686,0
1475514000,95.685,95.726,95.667,95.678,0
1475517600,95.668,95.711,95.66,95.695,0
1475521200,95.701,95.725,95.673,95.723,0
1475524800,95.726,95.766,95.707,95.75,0
1475528400,95.748,95.78,95.692,95.745,0
1475532000,95.749,95.756,95.722,95.745,0
1475535600,95.724,95.787,95.724,95.777,0
1475539200,95.772,95.838,95.759,95.826,0
1475542800,95.827,95.881,95.791,95.877,0
1475546400,95.873,95.953,95.865,95.909,0
1475550000,95.913,95.926,95.878,95.893,0
1475553600,95.896,95.929,95.866,95.905,0
1475557200,95.91,95.958,95.87,95.947,0
1475560800,95.95,96.155,95.939,96.142,0
1475564400,96.152,96.221,96.122,96.155,0
1475568000,96.146,96.165,96.101,96.152,0
1475571600,96.156,96.305,96.135,96.265,0
1475575200,96.262,96.29,96.16,96.16,0
1475578800,96.162,96.251,96.15,96.249,0
1475582400,96.254,96.315,96.141,96.219,0
1475586000,96.212,96.278,96.176,96.278,0
1475589600,96.286,96.442,96.267,96.322,0
1475593200,96.324,96.353,95.852,96.022,0
1475596800,96.02,96.247,96.008,96.199,0
1475600400,96.202,96.233,96.055,96.112,0
1475604000,96.123,96.181,96.11,96.169,0
1475607600,96.167,96.174,96.088,96.126,0
1475611200,96.125,96.154,96.101,96.134,0
1475614800,96.133,96.151,96.11,96.135,0
1475618400,96.133,96.154,96.124,96.141,0
1475622000,96.103,96.126,96.077,96.104,0
1475625600,96.108,96.115,96.042,96.08,0
1475629200,96.075,96.101,95.986,95.995,0
1475632800,96.002,96.042,95.957,96.019,0
1475636400,96.02,96.05,95.989,96.019,0
1475640000,95.997,96.055,95.979,96.042,0
1475643600,96.043,96.097,96.021,96.06,0
1475647200,96.063,96.128,96.007,96.096,0
1475650800,96.095,96.095,95.982,96.03,0
1475654400,96.032,96.047,95.975,95.975,0
1475658000,95.985,96.091,95.971,96.066,0
1475661600,96.067,96.105,96.051,96.068,0
1475665200,96.073,96.12,96.019,96.093,0
1475668800,96.091,96.158,96.061,96.106,0
1475672400,96.104,96.134,96.058,96.08,0
1475676000,96.077,96.314,96.077,96.217,0
1475679600,96.215,96.237,96.108,96.226,0
1475683200,96.231,96.234,96.13,96.149,0
1475686800,96.146,96.176,96.049,96.085,0
1475690400,96.087,96.147,96.078,96.125,0
1475694000,96.128,96.173,96.099,96.167,0
1475697600,96.171,96.174,96.136,96.147,0
1475701200,96.152,96.187,96.128,96.146,0
1475704800,96.156,96.17,96.151,96.168,0
1475708400,96.15,96.166,96.096,96.15,0
1475712000,96.14,96.193,96.115,96.168,0
1475715600,96.167,96.209,96.156,96.172,0
1475719200,96.178,96.201,96.149,96.184,0
1475722800,96.176,96.216,96.143,96.2,0
1475726400,96.201,96.241,96.182,96.234,0
1475730000,96.236,96.259,96.214,96.228,0
1475733600,96.227,96.31,96.212,96.28,0
1475737200,96.269,96.35,96.226,96.28,0
1475740800,96.284,96.287,96.176,96.273,0
1475744400,96.279,96.37,96.251,96.35,0
1475748000,96.346,96.362,96.273,96.314,0
1475751600,96.317,96.421,96.314,96.398,0
1475755200,96.396,96.49,96.38,96.464,0
1475758800,96.463,96.554,96.435,96.503,0
1475762400,96.502,96.607,96.447,96.559,0
1475766000,96.548,96.673,96.511,96.61,0
1475769600,96.611,96.629,96.536,96.573,0
1475773200,96.571,96.625,96.557,96.625,0
1475776800,96.628,96.765,96.619,96.765,0
1475780400,96.769,96.769,96.674,96.68,0
1475784000,96.681,96.706,96.638,96.668,0
1475787600,96.667,96.727,96.647,96.688,0
1475791200,96.686,96.706,96.666,96.687,0
1475794800,97.136,97.174,96.846,96.899,0
1475798400,96.901,96.962,96.799,96.949,0
1475802000,96.95,97.056,96.909,96.947,0
1475805600,96.944,96.972,96.881,96.972,0
1475809200,96.976,97.07,96.97,97.05,0
1475812800,97.039,97.059,97.007,97.016,0
1475816400,97.019,97.059,96.976,96.992,0
1475820000,96.99,97.093,96.943,97.043,0
1475823600,97.04,97.109,97.023,97.033,0
1475827200,97.032,97.061,96.936,96.947,0
1475830800,96.961,97.115,96.957,97.104,0
1475834400,97.108,97.188,96.95,96.964,0
1475838000,96.961,97.03,96.933,96.948,0
1475841600,96.952,97.134,96.651,96.67,0
1475845200,96.677,96.727,96.401,96.536,0
1475848800,96.532,96.623,96.455,96.608,0
1475852400,96.6,96.89,96.575,96.812,0
1475856000,96.824,96.854,96.649,96.651,0
1475859600,96.661,96.703,96.621,96.669,0
1475863200,96.667,96.69,96.614,96.632,0
1475866800,96.622,96.622,96.501,96.509,0
1475870400,96.512,96.536,96.463,96.502,0
1475874000,96.492,96.492,96.471,96.476,0
1476046800,96.675,96.675,96.516,96.577,0
1476050400,96.567,96.567,96.505,96.533,0
1476054000,96.532,96.546,96.481,96.512,0
1476057600,96.515,96.538,96.458,96.461,0
1476061200,96.465,96.581,96.458,96.569,0
1476064800,96.57,96.572,96.516,96.561,0
1476068400,96.562,96.583,96.514,96.527,0
1476072000,96.526,96.557,96.506,96.544,0
1476075600,96.531,96.616,96.53,96.602,0
1476079200,96.612,96.706,96.589,96.685,0
1476082800,96.678,96.753,96.65,96.657,0
1476086400,96.66,96.684,96.605,96.622,0
1476090000,96.624,96.711,96.624,96.702,0
1476093600,96.703,96.748,96.687,96.722,0
1476097200,96.725,96.805,96.708,96.799,0
1476100800,96.802,96.847,96.779,96.837,0
1476104400,96.833,96.879,96.82,96.854,0
1476108000,96.862,96.889,96.725,96.778,0
1476111600,96.78,96.834,96.767,96.77,0
1476115200,96.774,96.892,96.764,96.886,0
1476118800,96.887,96.969,96.887,96.939,0
1476122400,96.937,96.954,96.901,96.929,0
1476126000,96.93,96.973,96.899,96.928,0
1476129600,96.922,96.942,96.886,96.906,0
1476133200,96.911,96.935,96.884,96.904,0
1476136800,96.906,96.921,96.888,96.888,0
1476140400,96.895,96.955,96.885,96.923,0
1476144000,96.918,97.02,96.918,97.018,0
1476147600,97.01,97.097,96.999,97.089,0
1476151200,97.093,97.135,97.049,97.058,0
1476154800,97.054,97.109,97.027,97.031,0
1476158400,97.038,97.051,97.002,97.031,0
1476162000,97.024,97.112,97.017,97.098,0
1476165600,97.1,97.162,97.047,97.145,0
1476169200,97.155,97.267,97.069,97.205,0
1476172800,97.222,97.248,97.175,97.245,0
1476176400,97.238,97.246,97.203,97.228,0
1476180000,97.227,97.449,97.218,97.44,0
1476183600,97.43,97.482,97.385,97.428,0
1476187200,97.424,97.449,97.26,97.309,0
1476190800,97.308,97.451,97.218,97.45,0
1476194400,97.454,97.595,97.41,97.586,0
1476198000,97.584,97.591,97.449,97.543,0
1476201600,97.54,97.65,97.48,97.567,0
1476205200,97.566,97.731,97.566,97.69,0
1476208800,97.694,97.701,97.605,97.69,0
1476212400,97.695,97.707,97.639,97.669,0
1476216000,97.661,97.713,97.635,97.708,0
1476219600,97.704,97.758,97.662,97.719,0
1476223200,97.723,97.723,97.682,97.703,0
1476226800,97.545,97.561,97.415,97.501,0
1476230400,97.503,97.647,97.487,97.623,0
1476234000,97.622,97.625,97.514,97.565,0
1476237600,97.562,97.571,97.48,97.49,0
1476241200,97.488,97.527,97.463,97.513,0
1476244800,97.519,97.556,97.492,97.543,0
1476248400,97.544,97.677,97.544,97.637,0
1476252000,97.629,97.67,97.543,97.58,0
1476255600,97.577,97.695,97.455,97.498,0
1476259200,97.492,97.792,97.482,97.738,0
1476262800,97.729,97.794,97.682,97.777,0
1476266400,97.776,97.817,97.747,97.762,0
1476270000,97.769,97.784,97.684,97.759,0
1476273600,97.758,97.892,97.751,97.884,0
1476277200,97.871,97.968,97.77,97.78,0
1476280800,97.789,97.972,97.694,97.972,0
1476284400,97.966,98.043,97.91,98.008,0
1476288000,98.003,98.003,97.807,97.837,0
1476291600,97.838,97.902,97.794,97.897,0
1476295200,97.875,97.974,97.654,97.966,0
1476298800,97.963,97.97,97.889,97.939,0
1476302400,97.936,97.997,97.915,97.986,0
1476306000,97.976,98.008,97.941,97.992,0
1476309600,97.997,98.014,97.968,97.979,0
1476313200,97.989,98.012,97.972,98.005,0
1476316800,98.001,98.112,97.952,98.105,0
1476320400,98.108,98.122,97.955,97.982,0
1476324000,97.984,97.989,97.747,97.792,0
1476327600,97.807,97.902,97.758,97.866,0
1476331200,97.867,97.929,97.848,97.922,0
1476334800,97.929,97.941,97.87,97.887,0
1476338400,97.883,98.015,97.867,97.948,0
1476342000,97.951,98.064,97.905,97.954,0
1476345600,97.958,98.129,97.94,98.079,0
1476349200,98.072,98.079,97.83,97.851,0
1476352800,97.852,97.892,97.792,97.794,0
1476356400,97.791,97.848,97.699,97.723,0
1476360000,97.725,97.855,97.707,97.752,0
1476363600,97.774,97.819,97.717,97.735,0
1476367200,97.739,97.794,97.637,97.722,0
1476370800,97.73,97.778,97.598,97.687,0
1476374400,97.69,97.708,97.597,97.616,0
1476378000,97.619,97.619,97.506,97.513,0
1476381600,97.515,97.59,97.513,97.516,0
1476385200,97.509,97.581,97.509,97.569,0
1476388800,97.568,97.579,97.508,97.523,0
1476392400,97.524,97.549,97.499,97.54,0
1476396000,97.537,97.56,97.53,97.553,0
1476399600,97.528,97.633,97.51,97.608,0
1476403200,97.615,97.676,97.611,97.621,0
1476406800,97.62,97.624,97.511,97.603,0
1476410400,97.606,97.651,97.597,97.614,0
1476414000,97.612,97.741,97.609,97.734,0
1476417600,97.732,97.819,97.732,97.789,0
1476421200,97.79,97.836,97.786,97.803,0
1476424800,97.805,97.849,97.78,97.809,0
1476428400,97.813,97.962,97.768,97.895,0
1476432000,97.896,97.907,97.799,97.81,0
1476435600,97.806,97.888,97.801,97.872,0
1476439200,97.869,97.873,97.797,97.858,0
1476442800,97.86,97.883,97.774,97.866,0
1476446400,97.859,97.981,97.783,97.905,0
1476450000,97.899,97.955,97.811,97.901,0
1476453600,97.9,97.941,97.725,97.938,0
1476457200,97.936,98.039,97.88,98.027,0
1476460800,98.025,98.035,97.884,97.921,0
1476464400,97.92,97.967,97.738,97.963,0
1476468000,97.966,98.021,97.85,98.019,0
1476471600,98.025,98.122,97.997,98.116,0
1476475200,98.113,98.119,98.046,98.067,0
1476478800,98.09,98.098,98.057,98.094,0
1476651600,98.136,98.158,98.119,98.132,0
1476655200,98.131,98.145,98.093,98.122,0
1476658800,98.12,98.136,98.093,98.116,0
1476662400,98.113,98.169,98.089,98.145,0
1476666000,98.139,98.155,98.082,98.129,0
1476669600,98.128,98.156,98.082,98.095,0
1476673200,98.097,98.115,98.052,98.059,0
1476676800,98.055,98.099,98.048,98.049,0
1476680400,98.05,98.086,98.013,98.07,0
1476684000,98.071,98.089,97.97,97.985,0
1476687600,97.983,98.128,97.95,98.106,0
1476691200,98.102,98.143,97.993,98.014,0
1476694800,98.011,98.041,97.925,98.012,0
1476698400,98.001,98.027,97.948,98.005,0
1476702000,98.003,98.019,97.91,97.988,0
1476705600,97.986,98.009,97.877,97.884,0
1476709200,97.882,97.958,97.86,97.936,0
1476712800,97.934,98.009,97.913,98.003,0
1476716400,98.001,98.012,97.878,97.892,0
1476720000,97.893,97.953,97.86,97.866,0
1476723600,97.865,97.883,97.812,97.857,0
1476727200,97.855,97.908,97.848,97.888,0
1476730800,97.891,97.891,97.834,97.845,0
1476734400,97.849,97.909,97.843,97.885,0
1476738000,97.884,97.91,97.853,97.89,0
1476741600,97.882,97.896,97.864,97.883,0
1476745200,97.866,97.875,97.749,97.774,0
1476748800,97.77,97.788,97.675,97.688,0
1476752400,97.682,97.718,97.608,97.663,0
1476756000,97.665,97.714,97.652,97.706,0
1476759600,97.704,97.723,97.665,97.688,0
1476763200,97.685,97.734,97.657,97.723,0
1476766800,97.727,97.774,97.711,97.744,0
1476770400,97.753,97.807,97.66,97.713,0
1476774000,97.715,97.772,97.711,97.712,0
1476777600,97.706,97.729,97.679,97.696,0
1476781200,97.695,97.755,97.62,97.632,0
1476784800,97.63,97.715,97.609,97.697,0
1476788400,97.692,97.815,97.692,97.806,0
1476792000,97.814,97.912,97.657,97.912,0
1476795600,97.914,97.919,97.823,97.89,0
1476799200,97.896,97.964,97.831,97.933,0
1476802800,97.947,97.956,97.742,97.752,0
1476806400,97.751,97.837,97.74,97.813,0
1476810000,97.81,97.874,97.76,97.871,0
1476813600,97.869,97.906,97.852,97.895,0
1476817200,97.893,97.91,97.854,97.873,0
1476820800,97.876,97.912,97.846,97.862,0
1476824400,97.866,97.907,97.853,97.879,0
1476828000,97.878,97.892,97.85,97.877,0
1476831600,97.89,97.916,97.856,97.895,0
1476835200,97.904,97.917,97.771,97.777,0
1476838800,97.776,97.821,97.712,97.74,0
1476842400,97.745,97.833,97.737,97.827,0
1476846000,97.825,97.841,97.783,97.802,0
1476849600,97.803,97.897,97.8,97.883,0
1476853200,97.886,97.919,97.858,97.871,0
1476856800,97.869,97.932,97.836,97.854,0
1476860400,97.856,97.866,97.765,97.78,0
1476864000,97.776,97.798,97.634,97.685,0
1476867600,97.677,97.75,97.664,97.699,0
1476871200,97.7,97.755,97.646,97.753,0
1476874800,97.743,97.846,97.743,97.835,0
1476878400,97.828,97.911,97.785,97.857,0
1476882000,97.853,97.918,97.815,97.859,0
1476885600,97.865,97.892,97.777,97.806,0
1476889200,97.809,97.925,97.758,97.896,0
1476892800,97.889,97.941,97.865,97.886,0
1476896400,97.892,97.957,97.885,97.937,0
1476900000,97.935,97.965,97.893,97.92,0
1476903600,97.916,97.955,97.887,97.915,0
1476907200,97.907,97.917,97.851,97.866,0
1476910800,97.863,97.882,97.839,97.855,0
1476914400,97.854,97.871,97.846,97.848,0
1476918000,97.851,97.887,97.847,97.86,0
1476921600,97.858,97.956,97.852,97.93,0
1476925200,97.921,97.97,97.88,97.896,0
1476928800,97.895,97.927,97.836,97.848,0
1476932400,97.846,97.918,97.843,97.914,0
1476936000,97.923,98,97.902,97.98,0
1476939600,97.987,98.072,97.978,98.019,0
1476943200,98.016,98.075,97.943,97.992,0
1476946800,97.988,98.025,97.906,97.922,0
1476950400,97.93,97.963,97.911,97.947,0
1476954000,97.952,98.032,97.918,97.979,0
1476957600,97.978,97.994,97.926,97.939,0
1476961200,97.937,97.943,97.852,97.93,0
1476964800,97.932,98.07,97.656,97.996,0
1476968400,97.993,98.241,97.96,98.154,0
1476972000,98.158,98.404,98.139,98.313,0
1476975600,98.308,98.39,98.222,98.242,0
1476979200,98.245,98.276,98.159,98.161,0
1476982800,98.163,98.251,98.155,98.251,0
1476986400,98.249,98.331,98.238,98.315,0
1476990000,98.312,98.331,98.283,98.302,0
1476993600,98.306,98.329,98.279,98.294,0
1476997200,98.293,98.342,98.286,98.339,0
1477000800,98.325,98.331,98.292,98.329,0
1477004400,98.317,98.349,98.301,98.309,0
1477008000,98.314,98.406,98.306,98.394,0
1477011600,98.388,98.453,98.355,98.449,0
1477015200,98.447,98.564,98.446,98.522,0
1477018800,98.52,98.562,98.469,98.483,0
1477022400,98.484,98.512,98.457,98.493,0
1477026000,98.49,98.532,98.432,98.452,0
1477029600,98.436,98.475,98.381,98.446,0
1477033200,98.435,98.581,98.432,98.574,0
1477036800,98.576,98.606,98.534,98.602,0
1477040400,98.589,98.606,98.444,98.461,0
1477044000,98.459,98.542,98.458,98.527,0
1477047600,98.537,98.557,98.51,98.543,0
1477051200,98.546,98.754,98.546,98.734,0
1477054800,98.738,98.751,98.642,98.719,0
1477058400,98.722,98.757,98.63,98.742,0
1477062000,98.741,98.801,98.688,98.763,0
1477065600,98.769,98.805,98.685,98.694,0
1477069200,98.691,98.813,98.691,98.786,0
1477072800,98.769,98.786,98.672,98.695,0
1477076400,98.696,98.742,98.643,98.648,0
1477080000,98.646,98.67,98.599,98.631,0
1477083600,98.63,98.63,98.629,98.629,0
1477256400,98.643,98.711,98.639,98.663,0
1477260000,98.667,98.698,98.652,98.696,0
1477263600,98.699,98.71,98.663,98.694,0
1477267200,98.69,98.73,98.65,98.725,0
1477270800,98.724,98.846,98.712,98.846,0
1477274400,98.844,98.845,98.798,98.816,0
1477278000,98.812,98.818,98.749,98.776,0
1477281600,98.775,98.807,98.752,98.798,0
1477285200,98.799,98.806,98.691,98.713,0
1477288800,98.708,98.741,98.59,98.624,0
1477292400,98.63,98.721,98.571,98.613,0
1477296000,98.621,98.641,98.585,98.599,0
1477299600,98.593,98.645,98.562,98.621,0
1477303200,98.619,98.64,98.568,98.574,0
1477306800,98.576,98.627,98.537,98.625,0
1477310400,98.626,98.651,98.553,98.62,0
1477314000,98.619,98.682,98.568,98.678,0
1477317600,98.679,98.767,98.665,98.719,0
1477321200,98.725,98.758,98.679,98.715,0
1477324800,98.719,98.799,98.712,98.772,0
1477328400,98.771,98.824,98.769,98.815,0
1477332000,98.813,98.836,98.742,98.756,0
1477335600,98.767,98.816,98.739,98.785,0
1477339200,98.782,98.794,98.628,98.649,0
1477342800,98.64,98.776,98.637,98.753,0
1477346400,98.748,98.783,98.724,98.751,0
1477350000,98.762,98.812,98.746,98.776,0
1477353600,98.768,98.831,98.738,98.803,0
1477357200,98.809,98.827,98.745,98.752,0
1477360800,98.753,98.782,98.728,98.748,0
1477364400,98.75,98.786,98.734,98.737,0
1477368000,98.739,98.763,98.717,98.738,0
1477371600,98.748,98.755,98.692,98.707,0
1477375200,98.716,98.794,98.685,98.769,0
1477378800,98.772,98.825,98.733,98.778,0
1477382400,98.785,98.789,98.637,98.67,0
1477386000,98.661,98.706,98.646,98.687,0
1477389600,98.689,98.772,98.678,98.744,0
1477393200,98.743,98.79,98.692,98.773,0
1477396800,98.78,99.007,98.763,98.979,0
1477400400,98.977,99.087,98.968,99.07,0
1477404000,99.065,99.119,98.991,98.997,0
1477407600,98.998,98.998,98.688,98.731,0
1477411200,98.736,98.789,98.652,98.681,0
1477414800,98.688,98.755,98.68,98.706,0
1477418400,98.7,98.719,98.607,98.719,0
1477422000,98.705,98.743,98.67,98.711,0
1477425600,98.712,98.761,98.702,98.718,0
1477429200,98.723,98.75,98.689,98.726,0
1477432800,98.729,98.742,98.714,98.734,0
1477436400,98.692,98.749,98.685,98.736,0
1477440000,98.738,98.822,98.672,98.79,0
1477443600,98.789,98.844,98.77,98.771,0
1477447200,98.77,98.78,98.717,98.743,0
1477450800,98.74,98.77,98.723,98.759,0
1477454400,98.765,98.772,98.74,98.765,0
1477458000,98.772,98.801,98.75,98.764,0
1477461600,98.756,98.784,98.562,98.614,0
1477465200,98.618,98.665,98.528,98.543,0
1477468800,98.545,98.583,98.457,98.475,0
1477472400,98.491,98.528,98.415,98.494,0
1477476000,98.485,98.534,98.449,98.513,0
1477479600,98.511,98.608,98.502,98.512,0
1477483200,98.516,98.574,98.492,98.561,0
1477486800,98.563,98.563,98.335,98.473,0
1477490400,98.465,98.581,98.432,98.514,0
1477494000,98.517,98.604,98.512,98.554,0
1477497600,98.551,98.627,98.53,98.61,0
1477501200,98.607,98.66,98.586,98.614,0
1477504800,98.616,98.642,98.587,98.629,0
1477508400,98.628,98.684,98.603,98.658,0
1477512000,98.667,98.668,98.58,98.585,0
1477515600,98.601,98.641,98.588,98.626,0
1477519200,98.617,98.629,98.584,98.618,0
1477522800,98.62,98.664,98.585,98.619,0
1477526400,98.611,98.669,98.601,98.654,0
1477530000,98.645,98.76,98.645,98.694,0
1477533600,98.686,98.73,98.64,98.696,0
1477537200,98.699,98.706,98.646,98.678,0
1477540800,98.682,98.701,98.655,98.696,0
1477544400,98.697,98.707,98.621,98.642,0
1477548000,98.641,98.722,98.609,98.713,0
1477551600,98.709,98.709,98.612,98.657,0
1477555200,98.653,98.689,98.54,98.641,0
1477558800,98.639,98.663,98.584,98.656,0
1477562400,98.648,98.659,98.516,98.536,0
1477566000,98.535,98.6,98.503,98.562,0
1477569600,98.561,98.698,98.53,98.632,0
1477573200,98.638,98.719,98.595,98.662,0
1477576800,98.658,98.763,98.572,98.75,0
1477580400,98.751,98.886,98.687,98.859,0
1477584000,98.861,99.026,98.849,98.949,0
1477587600,98.954,98.992,98.899,98.933,0
1477591200,98.935,98.955,98.848,98.888,0
1477594800,98.886,98.92,98.854,98.909,0
1477598400,98.908,98.948,98.879,98.927,0
1477602000,98.929,98.94,98.881,98.925,0
1477605600,98.932,98.936,98.916,98.934,0
1477609200,98.923,98.951,98.89,98.909,0
1477612800,98.919,98.933,98.854,98.879,0
1477616400,98.884,98.894,98.83,98.859,0
1477620000,98.86,98.864,98.798,98.854,0
1477623600,98.855,98.873,98.815,98.815,0
1477627200,98.821,98.859,98.807,98.848,0
1477630800,98.851,98.91,98.829,98.897,0
1477634400,98.889,98.936,98.809,98.837,0
1477638000,98.834,98.842,98.733,98.788,0
1477641600,98.787,98.858,98.751,98.835,0
1477645200,98.845,98.911,98.796,98.864,0
1477648800,98.868,98.879,98.824,98.838,0
1477652400,98.839,98.869,98.795,98.797,0
1477656000,98.802,98.907,98.709,98.747,0
1477659600,98.741,98.845,98.677,98.722,0
1477663200,98.718,98.78,98.584,98.779,0
1477666800,98.772,98.815,98.71,98.749,0
1477670400,98.736,98.747,98.647,98.68,0
1477674000,98.683,98.693,98.242,98.299,0
1477677600,98.303,98.466,98.271,98.348,0
1477681200,98.353,98.393,98.313,98.322,0
1477684800,98.326,98.354,98.293,98.347,0
1477688400,98.324,98.34,98.324,98.34,0
1477861200,98.284,98.361,98.264,98.315,0
1477864800,98.313,98.362,98.288,98.357,0
1477868400,98.36,98.379,98.279,98.314,0
1477872000,98.311,98.454,98.305,98.429,0
1477875600,98.428,98.454,98.38,98.422,0
1477879200,98.426,98.505,98.426,98.478,0
1477882800,98.477,98.503,98.416,98.439,0
1477886400,98.429,98.458,98.41,98.422,0
1477890000,98.425,98.445,98.391,98.415,0
1477893600,98.416,98.496,98.415,98.486,0
1477897200,98.483,98.541,98.453,98.488,0
1477900800,98.492,98.552,98.463,98.532,0
1477904400,98.534,98.582,98.506,98.53,0
1477908000,98.532,98.563,98.505,98.544,0
1477911600,98.539,98.615,98.536,98.545,0
1477915200,98.558,98.604,98.522,98.594,0
1477918800,98.606,98.649,98.568,98.605,0
1477922400,98.606,98.698,98.589,98.658,0
1477926000,98.657,98.685,98.475,98.475,0
1477929600,98.482,98.525,98.426,98.462,0
1477933200,98.461,98.505,98.41,98.459,0
1477936800,98.46,98.46,98.362,98.445,0
1477940400,98.443,98.445,98.342,98.37,0
1477944000,98.364,98.372,98.319,98.33,0
1477947600,98.331,98.385,98.292,98.343,0
1477951200,98.348,98.364,98.332,98.356,0
1477954800,98.394,98.429,98.381,98.41,0
1477958400,98.409,98.445,98.383,98.438,0
1477962000,98.434,98.454,98.38,98.435,0
1477965600,98.438,98.438,98.396,98.424,0
1477969200,98.425,98.483,98.415,98.47,0
1477972800,98.473,98.473,98.401,98.454,0
1477976400,98.452,98.463,98.397,98.425,0
1477980000,98.431,98.447,98.383,98.439,0
1477983600,98.438,98.454,98.27,98.281,0
1477987200,98.279,98.311,98.238,98.283,0
1477990800,98.284,98.284,98.178,98.226,0
1477994400,98.228,98.241,98.169,98.196,0
1477998000,98.195,98.205,97.984,98.031,0
1478001600,98.028,98.149,98.006,98.065,0
1478005200,98.067,98.067,97.956,98.013,0
1478008800,98.018,98.06,97.878,97.935,0
1478012400,97.934,97.944,97.848,97.914,0
1478016000,97.913,97.921,97.744,97.767,0
1478019600,97.768,97.817,97.728,97.765,0
1478023200,97.772,97.774,97.64,97.699,0
1478026800,97.705,97.793,97.68,97.791,0
1478030400,97.794,97.796,97.754,97.754,0
1478034000,97.771,97.784,97.698,97.722,0
1478037600,97.736,97.745,97.707,97.735,0
1478041200,97.754,97.778,97.739,97.769,0
1478044800,97.764,97.804,97.736,97.776,0
1478048400,97.774,97.796,97.722,97.729,0
1478052000,97.727,97.735,97.66,97.672,0
1478055600,97.675,97.694,97.654,97.659,0
1478059200,97.657,97.679,97.622,97.633,0
1478062800,97.634,97.676,97.604,97.648,0
1478066400,97.65,97.705,97.622,97.7,0
1478070000,97.699,97.707,97.55,97.55,0
1478073600,97.555,97.555,97.386,97.503,0
1478077200,97.499,97.582,97.475,97.5,0
1478080800,97.498,97.58,97.462,97.479,0
1478084400,97.473,97.506,97.307,97.315,0
1478088000,97.313,97.426,97.245,97.405,0
1478091600,97.398,97.444,97.297,97.298,0
1478095200,97.294,97.334,97.226,97.296,0
1478098800,97.301,97.324,97.208,97.208,0
1478102400,97.209,97.256,97.178,97.219,0
1478106000,97.216,97.363,97.21,97.337,0
1478109600,97.339,97.441,97.208,97.398,0
1478113200,97.396,97.484,97.357,97.426,0
1478116800,97.423,97.449,97.359,97.364,0
1478120400,97.371,97.39,97.322,97.379,0
1478124000,97.372,97.385,97.355,97.379,0
1478127600,97.378,97.416,97.367,97.403,0
1478131200,97.395,97.431,97.275,97.323,0
1478134800,97.315,97.352,97.237,97.237,0
1478138400,97.24,97.298,97.118,97.118,0
1478142000,97.116,97.184,97.076,97.127,0
1478145600,97.126,97.157,97.101,97.15,0
1478149200,97.144,97.2,97.144,97.189,0
1478152800,97.191,97.191,97.078,97.143,0
1478156400,97.139,97.151,97.041,97.083,0
1478160000,97.082,97.287,97.082,97.259,0
1478163600,97.263,97.297,97.2,97.243,0
1478167200,97.247,97.316,97.147,97.255,0
1478170800,97.261,97.413,97.261,97.344,0
1478174400,97.351,97.387,97.277,97.366,0
1478178000,97.368,97.417,97.341,97.37,0
1478181600,97.372,97.456,97.274,97.284,0
1478185200,97.285,97.334,97.217,97.219,0
1478188800,97.23,97.26,97.189,97.236,0
1478192400,97.234,97.24,97.113,97.141,0
1478196000,97.142,97.173,97.075,97.157,0
1478199600,97.162,97.179,97.091,97.14,0
1478203200,97.139,97.167,97.109,97.163,0
1478206800,97.168,97.175,97.114,97.157,0
1478210400,97.156,97.162,97.134,97.148,0
1478214000,97.162,97.226,97.153,97.202,0
1478217600,97.21,97.239,97.158,97.161,0
1478221200,97.159,97.238,97.113,97.229,0
1478224800,97.233,97.271,97.211,97.244,0
1478228400,97.248,97.257,97.197,97.226,0
1478232000,97.229,97.259,97.213,97.232,0
1478235600,97.233,97.325,97.215,97.315,0
1478239200,97.322,97.322,97.212,97.255,0
1478242800,97.257,97.285,97.184,97.245,0
1478246400,97.235,97.249,97.141,97.18,0
1478250000,97.177,97.258,97.156,97.179,0
1478253600,97.18,97.224,97.141,97.195,0
1478257200,97.205,97.244,97.136,97.14,0
1478260800,97.138,97.35,97.074,97.211,0
1478264400,97.202,97.263,97.121,97.168,0
1478268000,97.161,97.187,97.045,97.072,0
1478271600,97.068,97.077,96.972,96.994,0
1478275200,97.003,97.046,96.96,97.025,0
1478278800,97.021,97.125,97.015,97.106,0
1478282400,97.107,97.109,97.042,97.065,0
1478286000,97.063,97.075,96.935,96.935,0
1478289600,96.938,96.983,96.902,96.93,0
1478293200,96.944,96.944,96.894,96.895,0
1478469600,97.523,97.523,97.283,97.354,0
1478473200,97.358,97.397,97.305,97.328,0
1478476800,97.321,97.333,97.224,97.298,0
1478480400,97.306,97.358,97.23,97.34,0
1478484000,97.342,97.515,97.314,97.481,0
1478487600,97.489,97.512,97.44,97.464,0
1478491200,97.466,97.53,97.417,97.526,0
1478494800,97.523,97.615,97.513,97.534,0
1478498400,97.527,97.604,97.526,97.598,0
1478502000,97.595,97.688,97.577,97.659,0
1478505600,97.655,97.766,97.632,97.764,0
1478509200,97.763,97.765,97.675,97.685,0
1478512800,97.68,97.692,97.57,97.607,0
1478516400,97.608,97.651,97.587,97.617,0
1478520000,97.62,97.628,97.535,97.602,0
1478523600,97.613,97.67,97.579,97.647,0
1478527200,97.637,97.761,97.625,97.735,0
1478530800,97.729,97.866,97.726,97.836,0
1478534400,97.842,97.862,97.764,97.8,0
1478538000,97.797,97.862,97.735,97.735,0
1478541600,97.742,97.835,97.742,97.768,0
1478545200,97.776,97.812,97.749,97.781,0
1478548800,97.78,97.795,97.7,97.73,0
1478552400,97.731,97.773,97.726,97.749,0
1478556000,97.745,97.776,97.702,97.745,0
1478559600,97.748,97.752,97.728,97.742,0
1478563200,97.754,97.78,97.737,97.756,0
1478566800,97.757,97.814,97.743,97.763,0
1478570400,97.761,97.831,97.761,97.803,0
1478574000,97.799,97.826,97.755,97.774,0
1478577600,97.773,97.797,97.757,97.763,0
1478581200,97.762,97.764,97.716,97.727,0
1478584800,97.731,97.735,97.699,97.714,0
1478588400,97.712,97.721,97.621,97.629,0
1478592000,97.627,97.636,97.554,97.597,0
1478595600,97.592,97.673,97.592,97.661,0
1478599200,97.668,97.731,97.655,97.718,0
1478602800,97.715,97.777,97.692,97.761,0
1478606400,97.763,97.823,97.759,97.798,0
1478610000,97.801,97.813,97.744,97.755,0
1478613600,97.749,97.832,97.749,97.768,0
1478617200,97.755,97.76,97.7,97.724,0
1478620800,97.721,97.859,97.705,97.845,0
1478624400,97.84,97.954,97.84,97.89,0
1478628000,97.894,97.993,97.828,97.943,0
1478631600,97.944,97.967,97.821,97.861,0
1478635200,97.854,97.965,97.817,97.963,0
1478638800,97.962,97.971,97.848,97.874,0
1478642400,97.873,97.979,97.822,97.953,0
1478646000,97.947,97.995,97.909,97.968,0
1478649600,97.662,98.076,97.64,98.076,0
1478653200,98.099,98.123,97.707,97.73,0
1478656800,97.724,97.724,96.662,97.069,0
1478660400,97.067,97.103,96.32,96.379,0
1478664000,96.362,96.563,95.98,96.033,0
1478667600,96.029,96.175,95.885,96.097,0
1478671200,96.093,96.611,96.085,96.479,0
1478674800,96.484,97.24,96.432,97.19,0
1478678400,97.198,97.423,97.047,97.256,0
1478682000,97.252,97.797,97.247,97.628,0
1478685600,97.631,97.701,97.234,97.276,0
1478689200,97.294,97.337,97.196,97.321,0
1478692800,97.332,97.832,97.329,97.82,0
1478696400,97.818,98.035,97.763,97.973,0
1478700000,97.967,98.403,97.936,98.384,0
1478703600,98.399,98.453,98.246,98.281,0
1478707200,98.291,98.346,98.19,98.246,0
1478710800,98.249,98.503,98.236,98.432,0
1478714400,98.441,98.559,98.401,98.543,0
1478718000,98.544,98.614,98.482,98.504,0
1478721600,98.51,98.646,98.424,98.643,0
1478725200,98.649,98.704,98.591,98.671,0
1478728800,98.656,98.678,98.531,98.589,0
1478732400,98.584,98.627,98.576,98.616,0
1478736000,98.608,98.608,98.48,98.54,0
1478739600,98.537,98.628,98.445,98.467,0
1478743200,98.471,98.491,98.311,98.414,0
1478746800,98.412,98.475,98.363,98.442,0
1478750400,98.444,98.59,98.441,98.561,0
1478754000,98.555,98.569,98.395,98.417,0
1478757600,98.409,98.492,98.384,98.398,0
1478761200,98.397,98.516,98.387,98.503,0
1478764800,98.493,98.568,98.411,98.533,0
1478768400,98.527,98.869,98.527,98.83,0
1478772000,98.831,98.909,98.798,98.848,0
1478775600,98.849,98.922,98.675,98.848,0
1478779200,98.859,99.072,98.78,98.916,0
1478782800,98.922,98.977,98.823,98.852,0
1478786400,98.857,99.042,98.847,99.02,0
1478790000,99.012,99.081,98.728,98.94,0
1478793600,98.93,98.982,98.852,98.873,0
1478797200,98.868,98.898,98.776,98.785,0
1478800800,98.784,98.843,98.66,98.675,0
1478804400,98.672,98.804,98.667,98.785,0
1478808000,98.789,98.863,98.782,98.849,0
1478811600,98.853,98.874,98.761,98.785,0
1478815200,98.784,98.846,98.735,98.825,0
1478818800,98.824,98.871,98.811,98.857,0
1478822400,98.852,98.889,98.809,98.84,0
1478826000,98.835,98.914,98.802,98.85,0
1478829600,98.856,98.857,98.539,98.651,0
1478833200,98.64,98.755,98.594,98.698,0
1478836800,98.704,98.71,98.609,98.659,0
1478840400,98.661,98.705,98.61,98.611,0
1478844000,98.612,98.674,98.554,98.588,0
1478847600,98.585,98.724,98.574,98.703,0
1478851200,98.702,98.886,98.674,98.794,0
1478854800,98.802,98.854,98.648,98.805,0
1478858400,98.798,98.894,98.717,98.761,0
1478862000,98.762,98.859,98.711,98.81,0
1478865600,98.807,98.849,98.736,98.8,0
1478869200,98.796,98.801,98.54,98.64,0
1478872800,98.652,98.835,98.584,98.79,0
1478876400,98.789,99.013,98.789,99.012,0
1478880000,99.016,99.132,98.953,99.086,0
1478883600,99.093,99.103,98.881,98.908,0
1478887200,98.913,99.037,98.908,99.026,0
1478890800,99.03,99.087,99.011,99.06,0
1478894400,99.067,99.079,99.024,99.053,0
1478898000,99.051,99.06,98.911,98.995,0
1478901600,98.994,98.994,98.992,98.992,0
1479074400,99.151,99.153,99.102,99.111,0
1479078000,99.121,99.248,99.09,99.216,0
1479081600,99.219,99.508,99.205,99.407,0
1479085200,99.397,99.68,99.397,99.492,0
1479088800,99.49,99.547,99.405,99.419,0
1479092400,99.422,99.489,99.386,99.462,0
1479096000,99.464,99.494,99.436,99.464,0
1479099600,99.467,99.613,99.461,99.541,0
1479103200,99.534,99.612,99.477,99.552,0
1479106800,99.553,99.65,99.426,99.639,0
1479110400,99.644,100.04,99.57,100,0
1479114000,99.998,100,99.82,99.837,0
1479117600,99.846,99.86,99.77,99.77,0
1479121200,99.769,99.839,99.601,99.617,0
1479124800,99.634,99.782,99.625,99.724,0
1479128400,99.733,99.771,99.558,99.741,0
1479132000,99.744,100.18,99.739,100.18,0
1479135600,100.17,100.22,100.09,100.14,0
1479139200,100.15,100.2,100.1,100.12,0
1479142800,100.11,100.16,99.876,99.914,0
1479146400,99.909,100.02,99.826,99.957,0
1479150000,99.953,100.13,99.946,100.11,0
1479153600,100.12,100.13,99.99,100.02,0
1479157200,100.03,100.06,99.96,100.02,0
1479160800,100.01,100.03,99.916,99.951,0
1479164400,99.935,99.97,99.907,99.965,0
1479168000,99.8,99.819,99.7,99.789,0
1479171600,99.791,99.862,99.722,99.855,0
1479175200,99.851,99.95,99.812,99.935,0
1479178800,99.934,99.934,99.853,99.871,0
1479182400,99.878,99.948,99.86,99.915,0
1479186000,99.911,99.958,99.871,99.944,0
1479189600,99.943,99.955,99.883,99.918,0
1479193200,99.914,99.956,99.657,99.746,0
1479196800,99.745,99.785,99.45,99.594,0
1479200400,99.593,99.791,99.572,99.678,0
1479204000,99.685,99.833,99.645,99.824,0
1479207600,99.822,99.91,99.784,99.876,0
1479211200,99.886,99.945,99.837,99.856,0
1479214800,99.853,100.21,99.843,100.13,0
1479218400,100.15,100.25,100.07,100.22,0
1479222000,100.24,100.25,100.02,100.2,0
1479225600,100.21,100.24,100.08,100.18,0
1479229200,100.17,100.22,100.09,100.11,0
1479232800,100.12,100.25,100.08,100.23,0
1479236400,100.22,100.26,100.12,100.23,0
1479240000,100.22,100.26,100.13,100.14,0
1479243600,100.13,100.2,100.11,100.18,0
1479247200,100.17,100.2,100.11,100.16,0
1479250800,100.17,100.17,100.14,100.14,0
1479254400,100.17,100.18,100.05,100.06,0
1479258000,100.05,100.08,99.939,100.02,0
1479261600,100.03,100.04,99.898,99.916,0
1479265200,99.922,99.991,99.907,99.972,0
1479268800,99.981,100.07,99.965,100.03,0
1479272400,100.04,100.04,99.982,99.999,0
1479276000,100,100.01,99.933,99.948,0
1479279600,99.95,100.32,99.925,100.3,0
1479283200,100.28,100.3,100.16,100.24,0
1479286800,100.25,100.29,100.15,100.29,0
1479290400,100.28,100.44,100.28,100.34,0
1479294000,100.33,100.48,100.33,100.47,0
1479297600,100.46,100.53,100.3,100.4,0
1479301200,100.41,100.45,100.2,100.26,0
1479304800,100.25,100.37,100.18,100.32,0
1479308400,100.31,100.55,100.22,100.54,0
1479312000,100.53,100.57,100.27,100.28,0
1479315600,100.29,100.32,100.17,100.31,0
1479319200,100.32,100.5,100.31,100.48,0
1479322800,100.49,100.53,100.4,100.41,0
1479326400,100.4,100.43,100.34,100.41,0
1479330000,100.4,100.43,100.34,100.35,0
1479333600,100.34,100.37,100.24,100.28,0
1479337200,100.29,100.3,100.24,100.3,0
1479340800,100.25,100.27,100.18,100.22,0
1479344400,100.23,100.36,100.16,100.24,0
1479348000,100.26,100.34,100.26,100.26,0
1479351600,100.27,100.36,100.22,100.35,0
1479355200,100.36,100.36,100.27,100.3,0
1479358800,100.29,100.34,100.27,100.31,0
1479362400,100.32,100.45,100.29,100.36,0
1479366000,100.39,100.42,100.16,100.18,0
1479369600,100.19,100.23,100.02,100.02,0
1479373200,100.01,100.13,100.01,100.11,0
1479376800,100.12,100.18,100.04,100.08,0
1479380400,100.06,100.08,99.991,100,0
1479384000,100.01,100.18,99.96,100.17,0
1479387600,100.18,100.5,100.05,100.44,0
1479391200,100.42,100.42,100.21,100.42,0
1479394800,100.41,100.59,100.31,100.5,0
1479398400,100.49,100.65,100.4,100.62,0
1479402000,100.61,100.85,100.59,100.81,0
1479405600,100.82,100.9,100.74,100.9,0
1479409200,100.91,100.93,100.84,100.89,0
1479412800,100.9,100.96,100.9,100.92,0
1479416400,100.93,100.97,100.88,100.95,0
1479420000,100.97,101.01,100.9,100.96,0
1479423600,100.95,100.98,100.94,100.95,0
1479427200,100.99,101.13,100.98,101.04,0
1479430800,101.03,101.32,101.02,101.24,0
1479434400,101.25,101.29,101.13,101.24,0
1479438000,101.25,101.26,101.17,101.17,0
1479441600,101.18,101.22,101.11,101.15,0
1479445200,101.14,101.29,101.13,101.29,0
1479448800,101.32,101.32,101.15,101.23,0
1479452400,101.26,101.37,101.13,101.22,0
1479456000,101.2,101.33,101.11,101.13,0
1479459600,101.12,101.22,101.1,101.22,0
1479463200,101.21,101.22,100.98,101.01,0
1479466800,101.02,101.06,100.91,100.92,0
1479470400,100.93,101.08,100.83,100.96,0
1479474000,100.95,101.2,100.94,101.16,0
1479477600,101.14,101.24,101.01,101.22,0
1479481200,101.23,101.48,101.17,101.43,0
1479484800,101.42,101.48,101.24,101.24,0
1479488400,101.25,101.35,101.22,101.34,0
1479492000,101.33,101.35,101.18,101.24,0
1479495600,101.25,101.26,101.17,101.21,0
1479499200,101.22,101.35,101.21,101.29,0
1479502800,101.3,101.36,101.27,101.35,0
1479506400,101.34,101.35,101.34,101.34,0
1479679200,101.31,101.36,101.29,101.34,0
1479682800,101.33,101.44,101.33,101.4,0
1479686400,101.39,101.4,101.14,101.26,0
1479690000,101.25,101.26,101.11,101.18,0
1479693600,101.19,101.25,101.15,101.21,0
1479697200,101.22,101.38,101.2,101.3,0
1479700800,101.32,101.34,101.27,101.3,0
1479704400,101.29,101.32,101.21,101.27,0
1479708000,101.26,101.3,101.17,101.22,0
1479711600,101.23,101.26,100.99,101.04,0
1479715200,101.06,101.09,100.93,100.94,0
1479718800,100.95,101.11,100.88,101.06,0
1479722400,101.05,101.14,100.97,101.03,0
1479726000,101.04,101.12,100.92,100.96,0
1479729600,100.97,101,100.85,100.94,0
1479733200,100.95,101.03,100.79,100.82,0
1479736800,100.83,101.03,100.83,100.96,0
1479740400,100.95,100.97,100.79,100.94,0
1479744000,100.93,101.18,100.89,101.14,0
1479747600,101.13,101.14,100.99,101.06,0
1479751200,101.07,101.21,101.05,101.14,0
1479754800,101.15,101.16,101.03,101.05,0
1479758400,101.04,101.04,100.89,100.91,0
1479762000,100.92,100.92,100.74,100.87,0
1479765600,100.86,100.9,100.76,100.87,0
1479769200,100.86,100.9,100.86,100.88,0
1479772800,100.79,100.81,100.66,100.75,0
1479776400,100.76,100.8,100.68,100.79,0
1479780000,100.78,100.87,100.77,100.86,0
1479783600,100.87,100.9,100.82,100.84,0
1479787200,100.83,100.88,100.83,100.87,0
1479790800,100.88,100.91,100.82,100.86,0
1479794400,100.85,101.01,100.83,101,0
1479798000,100.99,101.1,100.93,100.96,0
1479801600,100.97,101.01,100.79,100.81,0
1479805200,100.8,100.81,100.65,100.75,0
1479808800,100.74,100.91,100.73,100.88,0
1479812400,100.89,100.93,100.79,100.88,0
1479816000,100.89,101.11,100.88,101.05,0
1479819600,101.06,101.14,100.98,101.08,0
1479823200,101.09,101.09,100.95,100.99,0
1479826800,100.97,101.32,100.97,101.27,0
1479830400,101.26,101.27,100.98,101.04,0
1479834000,101.05,101.06,100.9,101.03,0
1479837600,101.04,101.17,101.02,101.08,0
1479841200,101.09,101.16,101.01,101.04,0
1479844800,101.05,101.09,101,101.04,0
1479848400,101.03,101.04,101,101.02,0
1479852000,101.01,101.04,100.96,100.97,0
1479855600,101,101.02,100.97,101,0
1479859200,100.94,101.04,100.94,101.04,0
1479862800,101.05,101.07,100.97,101.03,0
1479866400,101.02,101.03,100.96,100.97,0
1479870000,100.96,101.07,100.96,101.01,0
1479873600,101.02,101.06,101.01,101.02,0
1479877200,101.01,101.04,100.98,101,0
1479880800,101.01,101.01,100.89,100.91,0
1479884400,100.92,101.05,100.89,101.03,0
1479888000,101.04,101.18,101.01,101.13,0
1479891600,101.14,101.23,101.1,101.13,0
1479895200,101.14,101.19,101.01,101.05,0
1479898800,101.04,101.09,100.98,101.08,0
1479902400,101.07,101.16,101.04,101.11,0
1479906000,101.12,101.62,101.11,101.62,0
1479909600,101.61,101.79,101.61,101.67,0
1479913200,101.68,101.91,101.62,101.88,0
1479916800,101.86,101.9,101.58,101.6,0
1479920400,101.59,101.68,101.52,101.61,0
1479924000,101.62,101.69,101.54,101.65,0
1479927600,101.66,101.77,101.57,101.7,0
1479931200,101.69,101.71,101.63,101.66,0
1479934800,101.65,101.69,101.64,101.66,0
1479938400,101.64,101.7,101.58,101.64,0
1479942000,101.68,101.72,101.65,101.71,0
1480032000,101.82,101.9,101.76,101.79,0
1480035600,101.81,101.92,101.78,101.79,0
1480039200,101.78,101.84,101.69,101.74,0
1480042800,101.73,101.75,101.59,101.6,0
1480046400,101.59,101.7,101.59,101.65,0
1480050000,101.64,101.67,101.57,101.63,0
1480053600,101.64,101.66,101.55,101.57,0
1480057200,101.6,101.6,101.31,101.5,0
1480060800,101.52,101.53,101.27,101.42,0
1480064400,101.41,101.54,101.35,101.42,0
1480068000,101.41,101.51,101.36,101.38,0
1480071600,101.39,101.53,101.33,101.49,0
1480075200,101.5,101.51,101.41,101.51,0
1480078800,101.5,101.51,101.36,101.38,0
1480082400,101.39,101.41,101.21,101.34,0
1480086000,101.37,101.46,101.34,101.41,0
1480089600,101.39,101.47,101.38,101.47,0
1480093200,101.48,101.54,101.42,101.49,0
1480096800,101.5,101.51,101.36,101.39,0
1480100400,101.43,101.53,101.36,101.52,0
1480104000,101.53,101.53,101.41,101.45,0
1480107600,101.44,101.53,101.41,101.5,0
1480284000,101.3,101.42,101.3,101.41,0
1480287600,101.42,101.47,101.29,101.3,0
1480291200,101.31,101.34,101.11,101.13,0
1480294800,101.15,101.2,100.94,100.95,0
1480298400,100.94,100.94,100.64,100.79,0
1480302000,100.78,100.92,100.76,100.91,0
1480305600,100.9,100.94,100.8,100.84,0
1480309200,100.85,100.95,100.8,100.93,0
1480312800,100.92,100.98,100.87,100.93,0
1480316400,100.94,100.99,100.82,100.89,0
1480320000,100.9,100.94,100.76,100.85,0
1480323600,100.84,101.1,100.82,101.05,0
1480327200,101.06,101.17,101.05,101.11,0
1480330800,101.12,101.43,101.12,101.35,0
1480334400,101.36,101.55,101.32,101.54,0
1480338000,101.53,101.6,101.37,101.57,0
1480341600,101.56,101.59,101.4,101.43,0
1480345200,101.44,101.48,101.25,101.41,0
1480348800,101.4,101.48,101.23,101.47,0
1480352400,101.46,101.51,101.39,101.4,0
1480356000,101.39,101.42,101.3,101.32,0
1480359600,101.31,101.36,101.27,101.33,0
1480363200,101.34,101.36,101.24,101.24,0
1480366800,101.23,101.27,101.14,101.18,0
1480370400,101.17,101.2,101.09,101.15,0
1480374000,101.16,101.18,101.14,101.16,0
1480377600,101.17,101.23,101.11,101.21,0
1480381200,101.22,101.3,101.18,101.21,0
1480384800,101.22,101.35,101.2,101.31,0
1480388400,101.32,101.4,101.29,101.36,0
1480392000,101.35,101.37,101.26,101.28,0
1480395600,101.29,101.32,101.24,101.26,0
1480399200,101.27,101.27,101.21,101.26,0
1480402800,101.27,101.4,101.26,101.31,0
1480406400,101.3,101.44,101.22,101.41,0
1480410000,101.4,101.49,101.3,101.34,0
1480413600,101.33,101.38,101.26,101.26,0
1480417200,101.27,101.35,101.23,101.33,0
1480420800,101.34,101.5,101.3,101.43,0
1480424400,101.45,101.64,101.42,101.56,0
1480428000,101.57,101.58,101.25,101.33,0
1480431600,101.32,101.38,101.06,101.21,0
1480435200,101.22,101.31,101.16,101.16,0
1480438800,101.15,101.18,101.03,101.12,0
1480442400,101.11,101.11,100.95,100.95,0
1480446000,100.94,101.01,100.91,100.93,0
1480449600,100.94,101,100.93,100.98,0
1480453200,100.99,100.99,100.91,100.95,0
1480456800,100.96,101,100.86,100.97,0
1480460400,100.98,100.99,100.96,100.99,0
1480464000,100.86,100.99,100.84,100.95,0
1480467600,100.97,101.03,100.93,100.94,0
1480471200,100.95,101.06,100.89,101.05,0
1480474800,101.04,101.17,101.04,101.11,0
1480478400,101.12,101.18,101.07,101.11,0
1480482000,101.1,101.15,101.08,101.13,0
1480485600,101.14,101.16,101.05,101.13,0
1480489200,101.12,101.2,101.09,101.19,0
1480492800,101.16,101.22,100.92,100.97,0
1480496400,100.98,101.12,100.91,101.08,0
1480500000,101.09,101.16,101,101.07,0
1480503600,101.05,101.1,100.95,101.07,0
1480507200,101.06,101.24,101.04,101.12,0
1480510800,101.13,101.29,101.01,101.18,0
1480514400,101.17,101.54,101.15,101.45,0
1480518000,101.44,101.58,101.31,101.4,0
1480521600,101.41,101.83,101.39,101.65,0
1480525200,101.66,101.69,101.46,101.47,0
1480528800,101.48,101.58,101.46,101.53,0
1480532400,101.52,101.56,101.44,101.5,0
1480536000,101.49,101.51,101.44,101.51,0
1480539600,101.5,101.59,101.47,101.58,0
1480543200,101.57,101.57,101.44,101.48,0
1480546800,101.47,101.54,101.47,101.53,0
1480550400,101.51,101.56,101.45,101.51,0
1480554000,101.5,101.55,101.42,101.51,0
1480557600,101.5,101.56,101.45,101.45,0
1480561200,101.44,101.49,101.4,101.44,0
1480564800,101.45,101.48,101.41,101.42,0
1480568400,101.41,101.42,101.29,101.31,0
1480572000,101.32,101.32,101.18,101.24,0
1480575600,101.25,101.36,101.21,101.33,0
1480579200,101.34,101.43,101.27,101.42,0
1480582800,101.43,101.44,101.24,101.25,0
1480586400,101.23,101.32,101.2,101.29,0
1480590000,101.3,101.3,101.14,101.24,0
1480593600,101.25,101.26,101.13,101.26,0
1480597200,101.25,101.25,101.06,101.1,0
1480600800,101.09,101.45,101.09,101.4,0
1480604400,101.41,101.49,101.22,101.24,0
1480608000,101.25,101.32,101.14,101.14,0
1480611600,101.15,101.28,101.12,101.22,0
1480615200,101.23,101.23,101.04,101.06,0
1480618800,101.05,101.09,100.92,101.04,0
1480622400,101.03,101.07,100.92,100.93,0
1480626000,100.94,100.97,100.88,100.94,0
1480629600,100.93,100.97,100.87,100.92,0
1480633200,100.96,100.96,100.93,100.95,0
1480636800,100.89,100.91,100.85,100.87,0
1480640400,100.88,100.9,100.77,100.83,0
1480644000,100.84,100.89,100.81,100.83,0
1480647600,100.84,100.9,100.76,100.77,0
1480651200,100.76,100.81,100.7,100.8,0
1480654800,100.81,100.82,100.73,100.77,0
1480658400,100.78,100.81,100.73,100.79,0
1480662000,100.78,100.89,100.75,100.82,0
1480665600,100.84,100.94,100.78,100.87,0
1480669200,100.86,100.94,100.84,100.94,0
1480672800,100.95,101.04,100.94,100.98,0
1480676400,100.97,101.01,100.94,100.95,0
1480680000,100.96,101.05,100.92,101.05,0
1480683600,101.06,101.11,100.7,101.03,0
1480687200,101.02,101.04,100.78,100.86,0
1480690800,100.87,100.88,100.66,100.84,0
1480694400,100.83,100.83,100.67,100.76,0
1480698000,100.77,100.78,100.66,100.68,0
1480701600,100.69,100.8,100.64,100.78,0
1480705200,100.79,100.8,100.74,100.77,0
1480708800,100.78,100.79,100.68,100.7,0
1480712400,100.69,100.7,100.62,100.69,0
1480716000,100.66,100.7,100.66,100.66,0
1480888800,100.73,101.56,100.71,101.54,0
1480892400,101.55,101.72,101.21,101.35,0
1480896000,101.34,101.45,101.15,101.37,0
1480899600,101.36,101.46,101.26,101.42,0
1480903200,101.41,101.49,101.38,101.44,0
1480906800,101.45,101.54,101.43,101.43,0
1480910400,101.44,101.53,101.42,101.45,0
1480914000,101.44,101.44,101.31,101.32,0
1480917600,101.33,101.41,101.25,101.31,0
1480921200,101.32,101.41,101.03,101.17,0
1480924800,101.16,101.2,100.77,100.96,0
1480928400,100.97,101.01,100.82,101.01,0
1480932000,101,101.05,100.87,100.89,0
1480935600,100.88,100.95,100.41,100.63,0
1480939200,100.62,100.71,100.53,100.63,0
1480942800,100.61,100.7,100.52,100.65,0
1480946400,100.66,100.66,100.37,100.42,0
1480950000,100.4,100.5,100.38,100.46,0
1480953600,100.47,100.49,100.39,100.44,0
1480957200,100.45,100.45,100.04,100.04,0
1480960800,100.05,100.11,99.849,99.999,0
1480964400,100,100.1,99.927,100.09,0
1480968000,100.08,100.16,100.08,100.14,0
1480971600,100.13,100.15,100.1,100.13,0
1480975200,100.12,100.17,100.09,100.15,0
1480978800,100.14,100.16,100.12,100.15,0
1480982400,100.14,100.21,100.11,100.16,0
1480986000,100.17,100.17,100.1,100.12,0
1480989600,100.11,100.14,100.05,100.1,0
1480993200,100.11,100.2,100.08,100.16,0
1480996800,100.17,100.19,100.13,100.16,0
1481000400,100.17,100.2,100.13,100.18,0
1481004000,100.19,100.29,100.19,100.29,0
1481007600,100.28,100.31,100.06,100.09,0
1481011200,100.1,100.14,99.984,100.07,0
1481014800,100.08,100.14,99.989,100.12,0
1481018400,100.13,100.16,100.05,100.09,0
1481022000,100.1,100.34,100.06,100.28,0
1481025600,100.29,100.32,100.16,100.3,0
1481029200,100.31,100.34,100.2,100.31,0
1481032800,100.29,100.4,100.24,100.36,0
1481036400,100.35,100.42,100.22,100.36,0
1481040000,100.37,100.44,100.3,100.44,0
1481043600,100.45,100.58,100.44,100.5,0
1481047200,100.49,100.57,100.46,100.53,0
1481050800,100.54,100.54,100.47,100.49,0
1481054400,100.5,100.52,100.46,100.46,0
1481058000,100.45,100.49,100.44,100.47,0
1481061600,100.46,100.49,100.41,100.45,0
1481065200,100.47,100.49,100.44,100.49,0
1481068800,100.47,100.56,100.46,100.54,0
1481072400,100.55,100.56,100.43,100.48,0
1481076000,100.49,100.53,100.48,100.48,0
1481079600,100.49,100.5,100.45,100.47,0
1481083200,100.48,100.53,100.47,100.48,0
1481086800,100.47,100.54,100.47,100.52,0
1481090400,100.53,100.58,100.46,100.54,0
1481094000,100.55,100.6,100.48,100.58,0
1481097600,100.57,100.58,100.44,100.47,0
1481101200,100.48,100.52,100.45,100.51,0
1481104800,100.52,100.59,100.46,100.57,0
1481108400,100.58,100.59,100.48,100.51,0
1481112000,100.52,100.54,100.4,100.46,0
1481115600,100.45,100.5,100.41,100.43,0
1481119200,100.45,100.48,100.36,100.4,0
1481122800,100.39,100.41,100.15,100.16,0
1481126400,100.14,100.3,100.14,100.21,0
1481130000,100.22,100.35,100.22,100.33,0
1481133600,100.32,100.33,100.22,100.27,0
1481137200,100.25,100.31,100.22,100.23,0
1481140800,100.22,100.24,100.15,100.17,0
1481144400,100.18,100.26,100.16,100.22,0
1481148000,100.24,100.25,100.13,100.2,0
1481151600,100.19,100.2,100.15,100.18,0
1481155200,100.19,100.22,100.07,100.21,0
1481158800,100.2,100.24,100.11,100.12,0
1481162400,100.11,100.14,100.04,100.06,0
1481166000,100.08,100.08,99.95,100,0
1481169600,100.01,100.07,99.994,100.02,0
1481173200,100.04,100.09,99.99,100.06,0
1481176800,100.07,100.14,100.06,100.12,0
1481180400,100.11,100.16,100.09,100.13,0
1481184000,100.14,100.16,99.929,99.931,0
1481187600,99.934,99.947,99.842,99.858,0
1481191200,99.847,99.929,99.84,99.867,0
1481194800,99.869,99.975,99.851,99.958,0
1481198400,99.952,100.28,99.43,100.23,0
1481202000,100.21,100.99,100.1,100.8,0
1481205600,100.79,101.07,100.66,101.02,0
1481209200,101.03,101.23,100.97,101.18,0
1481212800,101.16,101.24,101.04,101.06,0
1481216400,101.08,101.25,101.04,101.18,0
1481220000,101.19,101.21,101.1,101.19,0
1481223600,101.2,101.23,101.06,101.1,0
1481227200,101.09,101.12,101.03,101.07,0
1481230800,101.08,101.11,101.05,101.09,0
1481234400,101.08,101.16,101.05,101.12,0
1481238000,101.11,101.12,101.09,101.09,0
1481241600,101.08,101.16,101.05,101.11,0
1481245200,101.12,101.32,101.09,101.31,0
1481248800,101.32,101.32,101.18,101.23,0
1481252400,101.24,101.28,101.16,101.19,0
1481256000,101.2,101.21,101.16,101.19,0
1481259600,101.18,101.2,101.1,101.13,0
1481263200,101.11,101.15,101.09,101.14,0
1481266800,101.15,101.19,101.05,101.13,0
1481270400,101.11,101.21,101.1,101.11,0
1481274000,101.1,101.14,101.01,101.04,0
1481277600,101.03,101.15,101.01,101.14,0
1481281200,101.13,101.43,101.12,101.4,0
1481284800,101.41,101.61,101.36,101.61,0
1481288400,101.6,101.62,101.34,101.43,0
1481292000,101.44,101.58,101.42,101.58,0
1481295600,101.56,101.73,101.56,101.71,0
1481299200,101.7,101.72,101.6,101.65,0
1481302800,101.66,101.74,101.64,101.69,0
1481306400,101.68,101.69,101.62,101.66,0
1481310000,101.67,101.7,101.59,101.59,0
1481313600,101.6,101.63,101.57,101.58,0
1481317200,101.57,101.62,101.53,101.57,0
1481320800,101.58,101.58,101.57,101.57,0
1481493600,101.72,101.73,101.6,101.63,0
1481497200,101.64,101.69,101.6,101.62,0
1481500800,101.63,101.78,101.63,101.68,0
1481504400,101.69,101.69,101.52,101.56,0
1481508000,101.55,101.58,101.47,101.49,0
1481511600,101.48,101.53,101.45,101.52,0
1481515200,101.51,101.59,101.48,101.57,0
1481518800,101.58,101.58,101.53,101.56,0
1481522400,101.55,101.61,101.51,101.53,0
1481526000,101.54,101.58,101.45,101.55,0
1481529600,101.54,101.58,101.44,101.56,0
1481533200,101.57,101.57,101.37,101.4,0
1481536800,101.39,101.41,101.3,101.31,0
1481540400,101.32,101.32,101.24,101.25,0
1481544000,101.26,101.39,101.23,101.34,0
1481547600,101.35,101.38,101.1,101.22,0
1481551200,101.21,101.24,101.06,101.13,0
1481554800,101.16,101.24,101.08,101.19,0
1481558400,101.2,101.34,101.19,101.21,0
1481562000,101.19,101.22,100.84,100.9,0
1481565600,100.89,100.99,100.88,100.96,0
1481569200,100.95,101.04,100.92,101.03,0
1481572800,101.02,101.06,100.95,100.97,0
1481576400,100.98,101,100.95,100.96,0
1481580000,100.97,100.97,100.84,100.9,0
1481583600,100.91,100.92,100.9,100.92,0
1481587200,100.9,100.94,100.84,100.94,0
1481590800,100.93,101.02,100.91,100.99,0
1481594400,100.98,101.02,100.97,100.98,0
1481598000,100.99,101,100.93,100.97,0
1481601600,100.96,101.02,100.95,100.99,0
1481605200,101,101.05,100.97,101.03,0
1481608800,101.02,101.05,100.95,100.95,0
1481612400,100.94,101.03,100.9,100.95,0
1481616000,100.96,101.12,100.95,101.05,0
1481619600,101.04,101.12,100.99,101.04,0
1481623200,101.02,101.16,101.01,101.1,0
1481626800,101.09,101.16,101.09,101.13,0
1481630400,101.14,101.15,101.04,101.12,0
1481634000,101.1,101.12,100.9,100.95,0
1481637600,100.94,101.05,100.87,100.88,0
1481641200,100.89,101,100.81,100.95,0
1481644800,100.93,100.97,100.75,100.97,0
1481648400,100.98,101.07,100.94,101.04,0
1481652000,101.05,101.09,100.98,101.09,0
1481655600,101.08,101.12,101.05,101.07,0
1481659200,101.06,101.09,100.99,101.08,0
1481662800,101.09,101.11,101.02,101.05,0
1481666400,101.06,101.07,101.01,101.06,0
1481670000,101.07,101.07,101.03,101.06,0
1481673600,101.03,101.03,100.97,101.03,0
1481677200,101.02,101.07,100.99,101.02,0
1481680800,101.01,101.03,100.96,100.99,0
1481684400,101,101.02,100.99,101,0
1481688000,101.01,101.03,100.99,101,0
1481691600,101.01,101.02,100.93,100.95,0
1481695200,100.94,100.95,100.87,100.91,0
1481698800,100.9,100.92,100.75,100.86,0
1481702400,100.87,101.11,100.85,101.01,0
1481706000,101.02,101.08,101,101.04,0
1481709600,101.03,101.06,100.92,100.93,0
1481713200,100.92,100.97,100.86,100.88,0
1481716800,100.87,100.91,100.81,100.9,0
1481720400,100.89,100.91,100.77,100.86,0
1481724000,100.88,100.94,100.8,100.89,0
1481727600,100.9,100.91,100.73,100.84,0
1481731200,100.83,100.84,100.73,100.81,0
1481734800,100.8,100.87,100.75,100.85,0
1481738400,100.86,101.04,100.84,100.93,0
1481742000,100.89,101.79,100.89,101.76,0
1481745600,101.78,102.35,101.73,102.07,0
1481749200,102.08,102.17,101.99,102.04,0
1481752800,102.03,102.14,102,102.1,0
1481756400,102.09,102.2,102.09,102.2,0
1481760000,102.25,102.62,102.21,102.5,0
1481763600,102.49,102.59,102.24,102.26,0
1481767200,102.25,102.28,102.16,102.19,0
1481770800,102.2,102.31,102.19,102.24,0
1481774400,102.23,102.28,102.17,102.25,0
1481778000,102.26,102.34,102.24,102.3,0
1481781600,102.31,102.45,102.23,102.43,0
1481785200,102.44,102.58,102.37,102.45,0
1481788800,102.44,102.56,102.29,102.31,0
1481792400,102.32,102.46,102.31,102.4,0
1481796000,102.42,102.66,102.42,102.64,0
1481799600,102.65,103.14,102.6,103.1,0
1481803200,103.09,103.16,102.88,103.1,0
1481806800,103.12,103.22,102.89,102.89,0
1481810400,102.9,103.05,102.8,103.03,0
1481814000,103.04,103.28,103.04,103.24,0
1481817600,103.23,103.56,103.22,103.48,0
1481821200,103.47,103.48,103.08,103.09,0
1481824800,103.11,103.18,103.02,103.04,0
1481828400,103.05,103.11,102.97,103.02,0
1481832000,103.03,103.21,103.03,103.14,0
1481835600,103.13,103.17,103.11,103.14,0
1481839200,103.13,103.16,103.06,103.1,0
1481842800,103.11,103.12,103.08,103.1,0
1481846400,103.15,103.23,103.06,103.13,0
1481850000,103.14,103.2,103.08,103.14,0
1481853600,103.15,103.15,103.05,103.08,0
1481857200,103.07,103.08,103.03,103.04,0
1481860800,103.05,103.07,103.01,103.05,0
1481864400,103.06,103.08,102.97,103.01,0
1481868000,102.99,102.99,102.9,102.94,0
1481871600,102.95,102.99,102.86,102.88,0
1481875200,102.9,103.04,102.87,103.01,0
1481878800,103.02,103.07,102.79,102.83,0
1481882400,102.84,102.91,102.74,102.87,0
1481886000,102.86,103,102.84,102.93,0
1481889600,102.94,103,102.75,102.99,0
1481893200,103,103.06,102.85,102.94,0
1481896800,102.93,103.2,102.93,103.1,0
1481900400,103.08,103.27,103,103.2,0
1481904000,103.19,103.19,102.62,102.76,0
1481907600,102.75,102.79,102.65,102.78,0
1481911200,102.79,102.87,102.73,102.8,0
1481914800,102.81,102.96,102.77,102.95,0
1481918400,102.94,102.97,102.86,102.86,0
1481922000,102.87,102.87,102.77,102.81,0
1481925600,102.8,102.81,102.8,102.81,0
1482098400,102.86,102.9,102.81,102.82,0
1482102000,102.8,102.82,102.73,102.81,0
1482105600,102.82,102.84,102.64,102.73,0
1482109200,102.74,102.74,102.6,102.68,0
1482112800,102.67,102.74,102.63,102.71,0
1482116400,102.72,102.77,102.71,102.71,0
1482120000,102.72,102.73,102.67,102.67,0
1482123600,102.66,102.7,102.64,102.64,0
1482127200,102.63,102.7,102.52,102.54,0
1482130800,102.55,102.66,102.54,102.64,0
1482134400,102.63,102.71,102.62,102.67,0
1482138000,102.66,102.8,102.62,102.8,0
1482141600,102.81,102.89,102.78,102.84,0
1482145200,102.83,102.98,102.82,102.95,0
1482148800,102.96,103,102.89,102.97,0
1482152400,102.98,103.11,102.92,102.98,0
1482156000,102.97,103.05,102.9,102.98,0
1482159600,102.99,102.99,102.81,102.89,0
1482163200,102.9,102.91,102.73,102.76,0
1482166800,102.78,102.83,102.76,102.78,0
1482170400,102.79,103.09,102.74,102.98,0
1482174000,102.99,103.21,102.95,103.14,0
1482177600,103.13,103.16,103.09,103.14,0
1482181200,103.15,103.2,103.12,103.14,0
1482184800,103.13,103.21,103.12,103.14,0
1482188400,103.15,103.15,103.12,103.13,0
1482192000,103.16,103.19,103.04,103.14,0
1482195600,103.13,103.18,103.07,103.1,0
1482199200,103.09,103.15,103.03,103.11,0
1482202800,103.1,103.17,103.04,103.06,0
1482206400,103.05,103.22,103.05,103.19,0
1482210000,103.2,103.28,103.19,103.25,0
1482213600,103.24,103.42,103.24,103.35,0
1482217200,103.36,103.37,103.27,103.32,0
1482220800,103.31,103.43,103.28,103.39,0
1482224400,103.38,103.41,103.31,103.38,0
1482228000,103.37,103.46,103.34,103.36,0
1482231600,103.35,103.43,103.33,103.42,0
1482235200,103.41,103.65,103.38,103.6,0
1482238800,103.59,103.63,103.47,103.49,0
1482242400,103.5,103.59,103.44,103.51,0
1482246000,103.5,103.55,103.34,103.44,0
1482249600,103.43,103.48,103.25,103.29,0
1482253200,103.3,103.33,103.23,103.23,0
1482256800,103.24,103.3,103.14,103.27,0
1482260400,103.28,103.32,103.24,103.29,0
1482264000,103.3,103.32,103.26,103.29,0
1482267600,103.28,103.31,103.26,103.3,0
1482271200,103.31,103.33,103.22,103.25,0
1482274800,103.28,103.29,103.25,103.25,0
1482278400,103.26,103.31,103.19,103.31,0
1482282000,103.3,103.38,103.23,103.23,0
1482285600,103.24,103.24,103.06,103.13,0
1482289200,103.12,103.15,103.09,103.14,0
1482292800,103.13,103.14,103.05,103.07,0
1482296400,103.08,103.18,103.08,103.17,0
1482300000,103.18,103.2,103.05,103.08,0
1482303600,103.09,103.16,103.07,103.16,0
1482307200,103.15,103.26,103.14,103.22,0
1482310800,103.21,103.25,103.16,103.2,0
1482314400,103.21,103.28,103.12,103.12,0
1482318000,103.13,103.15,103.08,103.11,0
1482321600,103.1,103.1,102.88,103,0
1482325200,102.99,103.01,102.83,102.83,0
1482328800,102.85,102.89,102.77,102.83,0
1482332400,102.84,102.98,102.78,102.97,0
1482336000,102.96,103.08,102.95,103.05,0
1482339600,103.06,103.06,102.95,103.01,0
1482343200,103,103.09,102.99,103.03,0
1482346800,103.05,103.06,103,103.02,0
1482350400,103.01,103.02,102.96,102.98,0
1482354000,102.97,103.06,102.95,103.04,0
1482357600,103.03,103.04,102.96,103.01,0
1482361200,103.03,103.04,103,103,0
1482364800,103.04,103.05,102.92,102.97,0
1482368400,102.96,102.97,102.86,102.9,0
1482372000,102.91,102.98,102.89,102.93,0
1482375600,102.94,102.98,102.88,102.92,0
1482379200,102.91,102.98,102.91,102.96,0
1482382800,102.95,103.02,102.94,102.96,0
1482386400,102.97,103.02,102.91,102.92,0
1482390000,102.93,102.98,102.82,102.97,0
1482393600,102.96,103.02,102.87,102.96,0
1482397200,102.95,102.98,102.86,102.97,0
1482400800,102.98,102.99,102.78,102.82,0
1482404400,102.81,102.96,102.77,102.95,0
1482408000,102.94,103,102.89,102.92,0
1482411600,102.93,103.14,102.89,103.07,0
1482415200,103.08,103.09,102.87,102.9,0
1482418800,102.91,102.94,102.59,102.91,0
1482422400,102.9,103.01,102.88,102.93,0
1482426000,102.94,103.08,102.93,103.02,0
1482429600,103.03,103.1,102.98,103.07,0
1482433200,103.06,103.12,103.06,103.09,0
1482436800,103.1,103.12,103.06,103.1,0
1482440400,103.09,103.11,103.05,103.07,0
1482444000,103.09,103.11,103.03,103.04,0
1482447600,103.09,103.1,103.05,103.09,0
1482451200,103.07,103.1,103.04,103.08,0
1482454800,103.07,103.08,103.02,103.03,0
1482458400,103.02,103.06,103.01,103.04,0
1482462000,103.05,103.08,103.03,103.04,0
1482465600,103.03,103.06,102.96,102.99,0
1482469200,102.98,103.02,102.96,102.96,0
1482472800,102.97,103.04,102.94,103.02,0
1482476400,103.01,103.06,102.98,103.05,0
1482480000,103.07,103.08,103.01,103.03,0
1482483600,103.02,103.06,102.89,102.95,0
1482487200,102.96,103.06,102.91,103.05,0
1482490800,103.06,103.09,102.98,103,0
1482494400,103.01,103.05,102.96,103.04,0
1482498000,103.03,103.18,103.02,103.16,0
1482501600,103.15,103.23,103.1,103.17,0
1482505200,103.16,103.17,102.88,102.92,0
1482508800,102.93,103.05,102.93,103.03,0
1482512400,103.04,103.06,102.99,103.01,0
1482516000,103.02,103.07,103,103.02,0
1482519600,103.03,103.05,102.98,103.01,0
1482523200,103,103.06,102.99,103.03,0
1482526800,103.05,103.05,102.94,102.97,0
1482530400,102.95,102.95,102.92,102.92,0
1482796800,102.96,103.06,102.95,103.05,0
1482800400,103.04,103.14,103,103.13,0
1482804000,103.14,103.15,103.1,103.11,0
1482807600,103.1,103.15,103.09,103.13,0
1482811200,103.12,103.15,103.07,103.08,0
1482814800,103.09,103.13,103.04,103.04,0
1482818400,103.05,103.07,103,103.03,0
1482822000,103.02,103.08,102.98,103.05,0
1482825600,103.03,103.06,102.98,103.01,0
1482829200,103.02,103.06,102.99,103.02,0
1482832800,103.01,103.07,102.99,103.02,0
1482836400,103.01,103.07,103,103.05,0
1482840000,103.06,103.15,103.05,103.12,0
1482843600,103.13,103.14,103.09,103.12,0
1482847200,103.13,103.14,103.05,103.06,0
1482850800,103.05,103.1,103.03,103.06,0
1482854400,103.05,103.07,103.01,103.04,0
1482858000,103.05,103.06,103.03,103.03,0
1482861600,103.04,103.08,103.03,103.05,0
1482865200,103.06,103.07,103.01,103.02,0
1482868800,103.03,103.07,103.01,103.04,0
1482872400,103.05,103.07,103.02,103.03,0
1482876000,103.04,103.08,103,103.03,0
1482879600,103.02,103.04,103.01,103.04,0
1482883200,103.01,103.04,102.97,103,0
1482886800,102.99,103.01,102.91,102.96,0
1482890400,102.97,103,102.94,102.98,0
1482894000,103,103,102.95,102.95,0
1482897600,102.96,102.99,102.93,102.96,0
1482901200,102.97,102.99,102.87,102.88,0
1482904800,102.89,102.94,102.88,102.93,0
1482908400,102.94,102.99,102.93,102.96,0
1482912000,102.98,103.17,102.96,103.16,0
1482915600,103.17,103.22,103.12,103.17,0
1482919200,103.18,103.24,103.13,103.22,0
1482922800,103.23,103.39,103.19,103.33,0
1482926400,103.34,103.52,103.32,103.47,0
1482930000,103.48,103.56,103.42,103.52,0
1482933600,103.51,103.53,103.42,103.5,0
1482937200,103.51,103.54,103.4,103.46,0
1482940800,103.45,103.5,103.41,103.49,0
1482944400,103.48,103.63,103.48,103.5,0
1482948000,103.51,103.52,103.37,103.39,0
1482951600,103.38,103.41,103.25,103.3,0
1482955200,103.31,103.33,103.22,103.31,0
1482958800,103.32,103.34,103.25,103.29,0
1482962400,103.3,103.3,103.2,103.22,0
1482966000,103.23,103.24,103.21,103.22,0
1482969600,103.2,103.21,103.1,103.16,0
1482973200,103.17,103.17,103.04,103.06,0
1482976800,103.07,103.12,103.03,103.09,0
1482980400,103.07,103.1,103,103,0
1482984000,102.99,103.01,102.85,102.9,0
1482987600,102.91,102.93,102.84,102.88,0
1482991200,102.89,102.92,102.8,102.82,0
1482994800,102.83,102.88,102.79,102.88,0
1482998400,102.87,102.94,102.85,102.91,0
1483002000,102.92,102.93,102.67,102.74,0
1483005600,102.75,102.77,102.69,102.73,0
1483009200,102.72,102.9,102.7,102.87,0
1483012800,102.86,102.98,102.81,102.96,0
1483016400,102.95,102.99,102.84,102.86,0
1483020000,102.85,102.98,102.85,102.91,0
1483023600,102.89,102.93,102.63,102.66,0
1483027200,102.65,102.77,102.61,102.66,0
1483030800,102.65,102.83,102.62,102.78,0
1483034400,102.79,102.79,102.62,102.66,0
1483038000,102.67,102.75,102.62,102.68,0
1483041600,102.69,102.73,102.65,102.68,0
1483045200,102.67,102.72,102.62,102.62,0
1483048800,102.64,102.67,102.6,102.62,0
1483052400,102.63,102.65,102.6,102.65,0
1483056000,102.14,102.24,102.08,102.14,0
1483059600,102.17,102.22,102.02,102.21,0
1483063200,102.22,102.35,102.19,102.31,0
1483066800,102.32,102.44,102.29,102.37,0
1483070400,102.36,102.45,102.35,102.38,0
1483074000,102.37,102.4,102.3,102.32,0
1483077600,102.33,102.44,102.25,102.41,0
1483081200,102.42,102.59,102.33,102.59,0
1483084800,102.58,102.58,102.41,102.46,0
1483088400,102.45,102.46,101.98,101.98,0
1483092000,101.99,102.28,101.99,102.25,0
1483095600,102.24,102.31,102.18,102.18,0
1483099200,102.19,102.3,102.09,102.28,0
1483102800,102.3,102.33,102.18,102.21,0
1483106400,102.22,102.3,102.08,102.09,0
1483110000,102.12,102.2,101.91,102.13,0
1483113600,102.11,102.16,102.03,102.14,0
1483117200,102.15,102.3,102.12,102.21,0
1483120800,102.18,102.33,102.17,102.32,0
1483124400,102.33,102.36,102.27,102.27,0
1483128000,102.26,102.34,102.24,102.34,0
1483131600,102.35,102.41,102.3,102.38,0
1483401600,102.87,102.88,102.75,102.79,0
1483405200,102.81,102.81,102.68,102.71,0
1483408800,102.72,102.74,102.68,102.73,0
1483412400,102.74,102.74,102.64,102.64,0
1483416000,102.65,102.69,102.6,102.61,0
1483419600,102.62,102.68,102.59,102.66,0
1483423200,102.67,102.67,102.61,102.64,0
1483426800,102.63,102.94,102.63,102.88,0
1483430400,102.89,103.15,102.84,103.11,0
1483434000,103.1,103.31,103.08,103.28,0
1483437600,103.29,103.35,103.19,103.34,0
1483441200,103.35,103.47,103.31,103.35,0
1483444800,103.36,103.52,103.35,103.41,0
1483448400,103.39,103.45,103.39,103.39,0
1483452000,103.4,103.46,103.25,103.37,0
1483455600,103.39,103.82,103.39,103.41,0
1483459200,103.42,103.47,103.01,103.18,0
1483462800,103.19,103.21,103.06,103.06,0
1483466400,103.07,103.2,103.03,103.18,0
1483470000,103.19,103.27,103.19,103.21,0
1483473600,103.23,103.3,103.16,103.29,0
1483477200,103.3,103.3,103.24,103.27,0
1483480800,103.26,103.28,103.2,103.23,0
1483484400,103.21,103.22,103.21,103.21,0
1483488000,103.18,103.39,103.18,103.38,0
1483491600,103.37,103.44,103.32,103.4,0
1483495200,103.39,103.4,103.29,103.29,0
1483498800,103.3,103.36,103.27,103.3,0
1483502400,103.31,103.33,103.27,103.33,0
1483506000,103.32,103.35,103.28,103.3,0
1483509600,103.31,103.36,103.22,103.3,0
1483513200,103.29,103.3,103.16,103.2,0
1483516800,103.19,103.22,102.99,103.05,0
1483520400,103.06,103.1,102.9,102.97,0
1483524000,102.96,103.06,102.93,102.99,0
1483527600,103,103.04,102.87,102.98,0
1483531200,102.99,103.04,102.87,102.93,0
1483534800,102.91,102.99,102.82,102.89,0
1483538400,102.88,102.91,102.71,102.73,0
1483542000,102.72,102.81,102.58,102.59,0
1483545600,102.58,102.66,102.52,102.63,0
1483549200,102.64,102.66,102.52,102.63,0
1483552800,102.64,102.67,102.56,102.59,0
1483556400,102.6,102.85,102.39,102.7,0
1483560000,102.71,102.73,102.54,102.54,0
1483563600,102.55,102.6,102.46,102.51,0
1483567200,102.5,102.56,102.49,102.52,0
1483570800,102.53,102.54,102.51,102.52,0
1483574400,102.43,102.43,102.04,102.04,0
1483578000,102.03,102.3,102.03,102.22,0
1483581600,102.23,102.29,102.14,102.26,0
1483585200,102.25,102.25,102.13,102.2,0
1483588800,102.21,102.23,102.13,102.15,0
1483592400,102.14,102.17,101.86,102.06,0
1483596000,102.05,102.06,101.71,101.78,0
1483599600,101.8,101.99,101.76,101.91,0
1483603200,101.92,102.36,101.81,102.27,0
1483606800,102.28,102.37,102.19,102.33,0
1483610400,102.34,102.49,102.25,102.47,0
1483614000,102.48,102.51,102.34,102.41,0
1483617600,102.42,102.42,102.22,102.35,0
1483621200,102.34,102.43,102.02,102.1,0
1483624800,102.09,102.11,101.93,101.97,0
1483628400,101.98,102.04,101.37,101.41,0
1483632000,101.42,101.52,101.3,101.45,0
1483635600,101.46,101.5,101.41,101.44,0
1483639200,101.43,101.53,101.38,101.44,0
1483642800,101.45,101.56,101.44,101.52,0
1483646400,101.53,101.56,101.47,101.47,0
1483650000,101.46,101.48,101.35,101.38,0
1483653600,101.4,101.45,101.37,101.44,0
1483657200,101.43,101.44,101.39,101.4,0
1483660800,101.42,101.58,101.41,101.56,0
1483664400,101.57,101.73,101.54,101.63,0
1483668000,101.64,101.69,101.54,101.59,0
1483671600,101.6,101.67,101.55,101.59,0
1483675200,101.6,101.69,101.56,101.67,0
1483678800,101.68,101.73,101.66,101.67,0
1483682400,101.68,101.77,101.61,101.72,0
1483686000,101.71,101.77,101.65,101.71,0
1483689600,101.73,101.73,101.61,101.62,0
1483693200,101.61,101.67,101.5,101.54,0
1483696800,101.55,101.64,101.5,101.5,0
1483700400,101.51,101.69,101.49,101.66,0
1483704000,101.67,101.8,101.67,101.72,0
1483707600,101.71,102.05,101.45,102.02,0
1483711200,102.01,102.1,101.81,101.93,0
1483714800,101.94,102.01,101.77,101.83,0
1483718400,101.84,102.04,101.76,101.96,0
1483722000,101.98,102.16,101.95,102.05,0
1483725600,102.06,102.29,102.03,102.29,0
1483729200,102.27,102.28,102.19,102.22,0
1483732800,102.23,102.25,102.16,102.19,0
1483736400,102.18,102.21,102.17,102.18,0
1483740000,102.2,102.2,102.2,102.2,0
1483912800,102.25,102.27,102.22,102.25,0
1483916400,102.24,102.29,102.21,102.26,0
1483920000,102.24,102.33,102.22,102.22,0
1483923600,102.21,102.23,102.15,102.17,0
1483927200,102.16,102.26,102.16,102.26,0
1483930800,102.25,102.33,102.24,102.3,0
1483934400,102.31,102.36,102.3,102.35,0
1483938000,102.36,102.47,102.31,102.41,0
1483941600,102.42,102.45,102.31,102.36,0
1483945200,102.35,102.41,102.28,102.33,0
1483948800,102.32,102.34,102.17,102.23,0
1483952400,102.22,102.41,102.19,102.41,0
1483956000,102.4,102.52,102.4,102.42,0
1483959600,102.43,102.45,102.29,102.34,0
1483963200,102.33,102.39,102.3,102.36,0
1483966800,102.38,102.46,102.21,102.28,0
1483970400,102.27,102.34,102.14,102.3,0
1483974000,102.31,102.33,102.05,102.13,0
1483977600,102.12,102.12,101.87,101.94,0
1483981200,101.93,102.05,101.91,101.96,0
1483984800,101.97,102.04,101.91,102.03,0
1483988400,102.02,102.05,101.92,101.93,0
1483992000,101.94,102.06,101.92,101.98,0
1483995600,101.97,102.01,101.93,101.93,0
1483999200,101.91,101.92,101.8,101.85,0
1484002800,101.84,101.86,101.84,101.84,0
1484006400,101.85,101.9,101.77,101.85,0
1484010000,101.86,101.97,101.8,101.96,0
1484013600,101.95,101.97,101.63,101.67,0
1484017200,101.68,101.7,101.51,101.58,0
1484020800,101.57,101.68,101.55,101.68,0
1484024400,101.67,101.73,101.62,101.67,0
1484028000,101.66,101.82,101.61,101.8,0
1484031600,101.81,101.86,101.72,101.79,0
1484035200,101.82,101.88,101.66,101.76,0
1484038800,101.75,101.89,101.73,101.81,0
1484042400,101.82,101.91,101.77,101.81,0
1484046000,101.82,101.95,101.8,101.92,0
1484049600,101.94,102.08,101.87,102.03,0
1484053200,102.02,102.1,101.93,101.94,0
1484056800,101.95,101.98,101.65,101.74,0
1484060400,101.75,101.93,101.69,101.72,0
1484064000,101.71,101.93,101.67,101.92,0
1484067600,101.91,102.1,101.88,102,0
1484071200,101.99,102.05,101.97,102.01,0
1484074800,102.02,102.06,101.98,102.01,0
1484078400,102.02,102.05,101.96,101.98,0
1484082000,101.99,102.04,101.98,102.03,0
1484085600,102.02,102.06,101.99,102.02,0
1484089200,102.03,102.05,102.03,102.04,0
1484092800,102.06,102.08,101.96,102.04,0
1484096400,102.03,102.11,101.96,102.04,0
1484100000,102.03,102.18,102.02,102.14,0
1484103600,102.15,102.21,102.09,102.13,0
1484107200,102.12,102.18,102.11,102.12,0
1484110800,102.13,102.17,102.09,102.11,0
1484114400,102.09,102.12,101.98,102,0
1484118000,102.01,102.1,102.01,102.04,0
1484121600,102.05,102.12,102.01,102.04,0
1484125200,102.05,102.29,102.03,102.24,0
1484128800,102.25,102.41,102.25,102.34,0
1484132400,102.33,102.4,102.3,102.36,0
1484136000,102.35,102.52,102.35,102.49,0
1484139600,102.48,102.55,102.36,102.38,0
1484143200,102.39,102.7,102.36,102.69,0
1484146800,102.68,102.95,102.68,102.75,0
1484150400,102.74,102.87,102.09,102.47,0
1484154000,102.46,102.72,101.82,101.93,0
1484157600,101.94,101.96,101.28,101.52,0
1484161200,101.53,101.83,101.42,101.78,0
1484164800,101.77,101.9,101.76,101.8,0
1484168400,101.79,101.79,101.7,101.73,0
1484172000,101.72,101.76,101.7,101.73,0
1484175600,101.72,101.73,101.72,101.73,0
1484179200,101.66,101.8,101.56,101.72,0
1484182800,101.71,101.77,101.63,101.7,0
1484186400,101.71,101.71,101.44,101.55,0
1484190000,101.54,101.58,101.37,101.38,0
1484193600,101.39,101.51,101.38,101.5,0
1484197200,101.49,101.56,101.4,101.41,0
1484200800,101.4,101.45,101.16,101.18,0
1484204400,101.17,101.27,101.14,101.2,0
1484208000,101.21,101.22,100.81,100.99,0
1484211600,101,101.14,100.98,101.02,0
1484215200,101.03,101.22,101.02,101.06,0
1484218800,101.07,101.07,100.97,100.99,0
1484222400,100.98,100.99,100.72,100.82,0
1484226000,100.81,101.09,100.75,101.02,0
1484229600,101,101.18,100.96,100.97,0
1484233200,100.96,101.19,100.83,101.06,0
1484236800,101.07,101.1,100.96,100.97,0
1484240400,100.99,101.14,100.95,101.11,0
1484244000,101.12,101.27,101.09,101.21,0
1484247600,101.2,101.39,101.19,101.35,0
1484251200,101.34,101.48,101.33,101.35,0
1484254800,101.36,101.47,101.34,101.46,0
1484258400,101.45,101.48,101.39,101.46,0
1484262000,101.45,101.47,101.44,101.45,0
1484265600,101.49,101.56,101.46,101.53,0
1484269200,101.52,101.54,101.41,101.45,0
1484272800,101.46,101.58,101.42,101.57,0
1484276400,101.56,101.58,101.51,101.54,0
1484280000,101.55,101.57,101.45,101.45,0
1484283600,101.47,101.51,101.46,101.47,0
1484287200,101.48,101.5,101.35,101.35,0
1484290800,101.36,101.41,101.25,101.33,0
1484294400,101.34,101.38,101.21,101.3,0
1484298000,101.29,101.35,101.15,101.21,0
1484301600,101.2,101.23,101.12,101.18,0
1484305200,101.2,101.22,101.08,101.21,0
1484308800,101.2,101.24,101.12,101.21,0
1484312400,101.19,101.43,101.01,101.25,0
1484316000,101.26,101.61,101.19,101.61,0
1484319600,101.6,101.67,101.34,101.38,0
1484323200,101.37,101.49,101.3,101.36,0
1484326800,101.37,101.39,101.18,101.24,0
1484330400,101.23,101.31,101.18,101.29,0
1484334000,101.28,101.3,101.11,101.18,0
1484337600,101.19,101.26,101.16,101.24,0
1484341200,101.23,101.24,101.17,101.19,0
1484611200,101.55,101.58,101.43,101.55,0
1484614800,101.56,101.62,101.51,101.59,0
1484618400,101.58,101.59,101.42,101.42,0
1484622000,101.43,101.49,101.34,101.39,0
1484625600,101.4,101.41,101.23,101.26,0
1484629200,101.25,101.26,101.03,101.04,0
1484632800,101.05,101.11,100.97,101.04,0
1484636400,101.06,101.17,101.01,101.03,0
1484640000,101.01,101.02,100.88,100.94,0
1484643600,100.95,101,100.73,100.77,0
1484647200,100.76,100.96,100.76,100.78,0
1484650800,100.77,100.77,100.46,100.54,0
1484654400,100.53,100.68,100.45,100.64,0
1484658000,100.65,100.76,100.52,100.55,0
1484661600,100.54,100.55,100.3,100.31,0
1484665200,100.32,100.52,100.31,100.47,0
1484668800,100.5,100.52,100.32,100.47,0
1484672400,100.46,100.49,100.4,100.44,0
1484676000,100.45,100.49,100.39,100.4,0
1484679600,100.39,100.4,100.29,100.33,0
1484683200,100.34,100.39,100.31,100.36,0
1484686800,100.35,100.35,100.26,100.27,0
1484690400,100.28,100.34,100.26,100.32,0
1484694000,100.31,100.31,100.28,100.3,0
1484697600,100.44,100.46,100.35,100.35,0
1484701200,100.34,100.53,100.32,100.47,0
1484704800,100.48,100.57,100.48,100.54,0
1484708400,100.53,100.54,100.48,100.5,0
1484712000,100.51,100.55,100.47,100.5,0
1484715600,100.51,100.67,100.48,100.64,0
1484719200,100.63,100.66,100.55,100.65,0
1484722800,100.64,100.7,100.6,100.67,0
1484726400,100.66,100.68,100.46,100.6,0
1484730000,100.59,100.64,100.56,100.56,0
1484733600,100.55,100.71,100.54,100.66,0
1484737200,100.65,100.72,100.65,100.68,0
1484740800,100.67,100.86,100.67,100.86,0
1484744400,100.85,100.92,100.77,100.82,0
1484748000,100.81,100.85,100.61,100.66,0
1484751600,100.65,100.69,100.51,100.55,0
1484755200,100.56,100.79,100.56,100.74,0
1484758800,100.75,100.8,100.72,100.77,0
1484762400,100.78,100.94,100.78,100.91,0
1484766000,100.92,100.99,100.88,100.93,0
1484769600,100.9,101.29,100.9,101.22,0
1484773200,101.23,101.34,101.21,101.33,0
1484776800,101.34,101.34,101.28,101.29,0
1484780400,101.3,101.3,101.28,101.29,0
1484784000,101.34,101.41,101.28,101.38,0
1484787600,101.39,101.4,101.3,101.36,0
1484791200,101.37,101.37,101.23,101.24,0
1484794800,101.25,101.28,101.17,101.25,0
1484798400,101.26,101.27,101.2,101.23,0
1484802000,101.22,101.31,101.22,101.24,0
1484805600,101.25,101.29,101.2,101.21,0
1484809200,101.22,101.36,101.18,101.26,0
1484812800,101.27,101.3,101.11,101.12,0
1484816400,101.14,101.14,100.98,101.1,0
1484820000,101.09,101.17,101.07,101.12,0
1484823600,101.13,101.17,101.06,101.07,0
1484827200,101.08,101.12,101.03,101.05,0
1484830800,101.04,101.53,100.97,101.4,0
1484834400,101.41,101.69,101.39,101.69,0
1484838000,101.68,101.73,101.44,101.54,0
1484841600,101.55,101.55,101.34,101.41,0
1484845200,101.42,101.59,101.39,101.43,0
1484848800,101.44,101.53,101.33,101.45,0
1484852400,101.44,101.46,101.14,101.15,0
1484856000,101.14,101.18,101.06,101.13,0
1484859600,101.14,101.16,101.09,101.12,0
1484863200,101.11,101.19,101.1,101.17,0
1484866800,101.18,101.18,101.17,101.17,0
1484870400,101.15,101.23,101.14,101.22,0
1484874000,101.21,101.21,100.9,100.94,0
1484877600,100.95,101.01,100.93,100.99,0
1484881200,100.97,100.98,100.85,100.91,0
1484884800,100.92,100.99,100.91,100.97,0
1484888400,100.98,101.06,100.96,101.04,0
1484892000,101.03,101.03,100.91,100.93,0
1484895600,100.94,101.05,100.87,101.04,0
1484899200,101.05,101.14,100.96,101.13,0
1484902800,101.14,101.33,101.09,101.3,0
1484906400,101.31,101.44,101.29,101.38,0
1484910000,101.37,101.5,101.35,101.39,0
1484913600,101.38,101.48,101.3,101.48,0
1484917200,101.47,101.5,101.22,101.22,0
1484920800,101.23,101.29,101.14,101.26,0
1484924400,101.27,101.27,101.01,101.07,0
1484928000,101.06,101.2,101.03,101.05,0
1484931600,101.06,101.18,100.92,101.07,0
1484935200,101.06,101.12,100.96,100.97,0
1484938800,100.98,100.98,100.7,100.74,0
1484942400,100.73,100.89,100.73,100.84,0
1484946000,100.83,100.88,100.77,100.81,0
1484949600,100.8,100.81,100.8,100.81,0
1485122400,100.75,100.83,100.75,100.77,0
1485126000,100.76,100.76,100.6,100.62,0
1485129600,100.61,100.67,100.51,100.56,0
1485133200,100.57,100.58,100.38,100.38,0
1485136800,100.39,100.4,100.33,100.36,0
1485140400,100.35,100.37,100.28,100.37,0
1485144000,100.36,100.44,100.34,100.43,0
1485147600,100.44,100.45,100.3,100.3,0
1485151200,100.29,100.34,100.23,100.32,0
1485154800,100.34,100.34,100.21,100.3,0
1485158400,100.31,100.48,100.25,100.46,0
1485162000,100.45,100.47,100.38,100.43,0
1485165600,100.44,100.44,100.28,100.34,0
1485169200,100.35,100.45,100.34,100.44,0
1485172800,100.45,100.45,100.3,100.36,0
1485176400,100.38,100.57,100.34,100.39,0
1485180000,100.4,100.63,100.36,100.47,0
1485183600,100.48,100.48,100.18,100.19,0
1485187200,100.2,100.37,100.19,100.24,0
1485190800,100.23,100.41,100.2,100.33,0
1485194400,100.32,100.34,100.26,100.28,0
1485198000,100.27,100.28,100.14,100.16,0
1485201600,100.17,100.22,100.12,100.2,0
1485205200,100.21,100.21,99.961,99.984,0
1485208800,99.98,100,99.899,99.907,0
1485212400,99.904,99.949,99.899,99.928,0
1485216000,100.07,100.09,100,100.02,0
1485219600,100.04,100.17,100.03,100.08,0
1485223200,100.07,100.08,99.953,100.03,0
1485226800,100.02,100.05,99.922,100,0
1485230400,100.01,100.14,99.99,100.11,0
1485234000,100.12,100.15,100.03,100.08,0
1485237600,100.07,100.26,100.06,100.23,0
1485241200,100.22,100.34,100.16,100.31,0
1485244800,100.3,100.32,100.16,100.19,0
1485248400,100.2,100.32,100.15,100.26,0
1485252000,100.25,100.41,100.21,100.39,0
1485255600,100.38,100.43,100.27,100.28,0
1485259200,100.29,100.35,100.28,100.34,0
1485262800,100.32,100.36,100.16,100.25,0
1485266400,100.24,100.26,100.01,100.08,0
1485270000,100.06,100.17,99.935,100.1,0
1485273600,100.11,100.18,100.05,100.14,0
1485277200,100.13,100.15,100.02,100.08,0
1485280800,100.07,100.25,100.07,100.24,0
1485284400,100.25,100.36,100.25,100.35,0
1485288000,100.36,100.37,100.27,100.27,0
1485291600,100.28,100.31,100.27,100.27,0
1485295200,100.28,100.31,100.25,100.27,0
1485298800,100.29,100.29,100.27,100.27,0
1485302400,100.32,100.34,100.22,100.24,0
1485306000,100.25,100.33,100.19,100.24,0
1485309600,100.26,100.27,100.15,100.21,0
1485313200,100.2,100.25,100.19,100.21,0
1485316800,100.22,100.24,100.17,100.24,0
1485320400,100.25,100.3,100.24,100.27,0
1485324000,100.28,100.34,100.27,100.33,0
1485327600,100.32,100.41,100.26,100.36,0
1485331200,100.37,100.37,100.21,100.26,0
1485334800,100.27,100.29,100,100.03,0
1485338400,100.04,100.12,100.03,100.03,0
1485342000,100.04,100.08,99.997,100.03,0
1485345600,100.04,100.06,99.835,100.03,0
1485349200,100.02,100.14,100,100.05,0
1485352800,100.04,100.29,100.04,100.21,0
1485356400,100.22,100.23,100.01,100.05,0
1485360000,100.06,100.16,99.944,100.02,0
1485363600,100.03,100.18,100,100.06,0
1485367200,100.07,100.17,100.04,100.15,0
1485370800,100.14,100.21,100.03,100.03,0
1485374400,100.04,100.07,99.899,99.901,0
1485378000,99.9,99.96,99.9,99.938,0
1485381600,99.939,99.966,99.884,99.93,0
1485385200,99.933,99.945,99.913,99.922,0
1485388800,99.906,99.906,99.803,99.814,0
1485392400,99.813,99.886,99.793,99.861,0
1485396000,99.851,99.913,99.844,99.868,0
1485399600,99.872,99.903,99.829,99.877,0
1485403200,99.876,99.896,99.85,99.864,0
1485406800,99.858,99.906,99.836,99.868,0
1485410400,99.873,100.03,99.868,100,0
1485414000,100.02,100.12,99.963,100.11,0
1485417600,100.1,100.13,99.99,100,0
1485421200,100.01,100.25,99.961,100.2,0
1485424800,100.19,100.32,100.17,100.24,0
1485428400,100.25,100.26,100.16,100.19,0
1485432000,100.18,100.37,100.18,100.37,0
1485435600,100.39,100.52,100.34,100.4,0
1485439200,100.41,100.55,100.34,100.47,0
1485442800,100.46,100.64,100.4,100.62,0
1485446400,100.61,100.73,100.61,100.63,0
1485450000,100.64,100.65,100.49,100.49,0
1485453600,100.48,100.49,100.35,100.39,0
1485457200,100.4,100.44,100.33,100.38,0
1485460800,100.37,100.56,100.37,100.55,0
1485464400,100.53,100.68,100.5,100.5,0
1485468000,100.49,100.57,100.48,100.52,0
1485471600,100.51,100.54,100.51,100.53,0
1485475200,100.47,100.53,100.46,100.51,0
1485478800,100.52,100.64,100.48,100.55,0
1485482400,100.54,100.58,100.49,100.57,0
1485486000,100.58,100.66,100.55,100.64,0
1485489600,100.63,100.67,100.62,100.65,0
1485493200,100.66,100.71,100.64,100.67,0
1485496800,100.68,100.8,100.68,100.78,0
1485500400,100.79,100.82,100.69,100.7,0
1485504000,100.69,100.71,100.62,100.66,0
1485507600,100.67,100.68,100.49,100.54,0
1485511200,100.53,100.7,100.53,100.65,0
1485514800,100.66,100.66,100.53,100.57,0
1485518400,100.58,100.74,100.56,100.71,0
1485522000,100.72,100.72,100.43,100.54,0
1485525600,100.52,100.54,100.32,100.48,0
1485529200,100.5,100.54,100.39,100.49,0
1485532800,100.5,100.62,100.47,100.61,0
1485536400,100.6,100.7,100.59,100.67,0
1485540000,100.66,100.7,100.58,100.61,0
1485543600,100.62,100.62,100.53,100.53,0
1485547200,100.54,100.61,100.54,100.58,0
1485550800,100.57,100.6,100.56,100.56,0
1485727200,100.33,100.43,100.33,100.41,0
1485730800,100.42,100.46,100.32,100.35,0
1485734400,100.34,100.37,100.28,100.32,0
1485738000,100.31,100.31,100.17,100.19,0
1485741600,100.2,100.25,100.19,100.22,0
1485745200,100.21,100.24,100.17,100.24,0
1485748800,100.25,100.29,100.21,100.27,0
1485752400,100.26,100.33,100.25,100.33,0
1485756000,100.32,100.36,100.31,100.34,0
1485759600,100.35,100.51,100.34,100.5,0
1485763200,100.49,100.58,100.49,100.58,0
1485766800,100.57,100.63,100.53,100.55,0
1485770400,100.54,100.58,100.48,100.54,0
1485774000,100.55,100.81,100.54,100.77,0
1485777600,100.78,100.99,100.73,100.95,0
1485781200,100.94,101.02,100.8,100.81,0
1485784800,100.8,100.84,100.7,100.72,0
1485788400,100.71,100.77,100.41,100.46,0
1485792000,100.45,100.55,100.37,100.54,0
1485795600,100.53,100.56,100.29,100.43,0
1485799200,100.42,100.52,100.39,100.46,0
1485802800,100.45,100.51,100.43,100.43,0
1485806400,100.44,100.47,100.38,100.44,0
1485810000,100.43,100.46,100.41,100.46,0
1485813600,100.45,100.47,100.38,100.39,0
1485817200,100.38,100.38,100.35,100.37,0
1485820800,100.33,100.42,100.33,100.39,0
1485824400,100.4,100.43,100.37,100.41,0
1485828000,100.42,100.43,100.31,100.31,0
1485831600,100.32,100.4,100.23,100.36,0
1485835200,100.35,100.41,100.3,100.37,0
1485838800,100.38,100.38,100.31,100.34,0
1485842400,100.33,100.42,100.29,100.42,0
1485846000,100.41,100.49,100.36,100.36,0
1485849600,100.37,100.45,100.22,100.44,0
1485853200,100.43,100.51,100.38,100.41,0
1485856800,100.43,100.48,100.37,100.45,0
1485860400,100.46,100.48,100.08,100.1,0
1485864000,100.09,100.09,99.926,100.03,0
1485867600,100.02,100.09,99.942,99.975,0
1485871200,99.978,100.03,99.518,99.541,0
1485874800,99.562,99.653,99.457,99.457,0
1485878400,99.461,99.709,99.43,99.58,0
1485882000,99.581,99.796,99.554,99.698,0
1485885600,99.686,99.702,99.56,99.593,0
1485889200,99.592,99.614,99.431,99.512,0
1485892800,99.501,99.65,99.501,99.573,0
1485896400,99.575,99.62,99.546,99.567,0
1485900000,99.568,99.621,99.557,99.565,0
1485903600,99.571,99.574,99.539,99.55,0
1485907200,99.558,99.682,99.552,99.615,0
1485910800,99.622,99.699,99.603,99.666,0
1485914400,99.664,99.708,99.626,99.652,0
1485918000,99.651,99.709,99.628,99.688,0
1485921600,99.689,99.74,99.673,99.718,0
1485925200,99.717,99.739,99.687,99.694,0
1485928800,99.699,99.819,99.688,99.798,0
1485932400,99.795,99.845,99.742,99.793,0
1485936000,99.797,99.812,99.645,99.654,0
1485939600,99.649,99.716,99.629,99.71,0
1485943200,99.709,99.745,99.576,99.577,0
1485946800,99.579,99.659,99.518,99.524,0
1485950400,99.528,99.656,99.502,99.653,0
1485954000,99.662,99.88,99.61,99.836,0
1485957600,99.839,99.943,99.828,99.873,0
1485961200,99.865,100.04,99.828,99.847,0
1485964800,99.841,99.934,99.829,99.847,0
1485968400,99.848,99.941,99.825,99.906,0
1485972000,99.905,100,99.887,99.988,0
1485975600,100,100.04,99.532,99.641,0
1485979200,99.638,99.762,99.622,99.705,0
1485982800,99.714,99.773,99.691,99.729,0
1485986400,99.73,99.776,99.706,99.748,0
1485990000,99.742,99.76,99.736,99.747,0
1485993600,99.737,99.737,99.573,99.578,0
1485997200,99.577,99.646,99.533,99.591,0
1486000800,99.585,99.646,99.571,99.599,0
1486004400,99.595,99.608,99.469,99.516,0
1486008000,99.51,99.567,99.484,99.549,0
1486011600,99.553,99.553,99.427,99.462,0
1486015200,99.458,99.558,99.44,99.556,0
1486018800,99.557,99.605,99.449,99.5,0
1486022400,99.501,99.532,99.251,99.297,0
1486026000,99.294,99.377,99.255,99.268,0
1486029600,99.276,99.388,99.233,99.341,0
1486033200,99.339,99.46,99.269,99.295,0
1486036800,99.298,99.472,99.278,99.456,0
1486040400,99.466,99.479,99.256,99.375,0
1486044000,99.371,99.475,99.329,99.39,0
1486047600,99.384,99.526,99.371,99.495,0
1486051200,99.491,99.612,99.436,99.521,0
1486054800,99.515,99.67,99.51,99.628,0
1486058400,99.619,99.736,99.569,99.72,0
1486062000,99.719,99.835,99.713,99.79,0
1486065600,99.792,99.854,99.779,99.798,0
1486069200,99.795,99.852,99.785,99.838,0
1486072800,99.839,99.873,99.781,99.82,0
1486076400,99.823,99.857,99.816,99.818,0
1486080000,99.799,99.883,99.793,99.846,0
1486083600,99.849,99.915,99.728,99.752,0
1486087200,99.743,99.858,99.739,99.821,0
1486090800,99.822,99.996,99.814,99.904,0
1486094400,99.905,99.917,99.841,99.877,0
1486098000,99.874,99.945,99.87,99.882,0
1486101600,99.886,99.964,99.872,99.893,0
1486105200,99.916,99.941,99.84,99.902,0
1486108800,99.892,99.999,99.842,99.983,0
1486112400,99.98,100.06,99.939,100.04,0
1486116000,100.03,100.09,100,100.08,0
1486119600,100.07,100.16,100.04,100.12,0
1486123200,100.13,100.14,100.01,100.08,0
1486126800,100.07,100.26,99.738,99.905,0
1486130400,99.896,99.923,99.695,99.872,0
1486134000,99.853,99.888,99.563,99.628,0
1486137600,99.629,99.735,99.595,99.621,0
1486141200,99.628,99.704,99.596,99.67,0
1486144800,99.675,99.882,99.653,99.836,0
1486148400,99.842,99.941,99.835,99.868,0
1486152000,99.872,99.88,99.751,99.76,0
1486155600,99.759,99.778,99.707,99.726,0
1486159200,99.731,99.732,99.731,99.732,0
1486332000,99.665,99.737,99.655,99.736,0
1486335600,99.731,99.762,99.69,99.736,0
1486339200,99.735,99.781,99.671,99.675,0
1486342800,99.671,99.718,99.632,99.717,0
1486346400,99.716,99.748,99.676,99.732,0
1486350000,99.736,99.736,99.684,99.691,0
1486353600,99.695,99.776,99.683,99.767,0
1486357200,99.76,99.783,99.721,99.765,0
1486360800,99.764,99.82,99.733,99.809,0
1486364400,99.815,99.969,99.815,99.932,0
1486368000,99.939,100,99.877,99.947,0
1486371600,99.944,99.982,99.894,99.942,0
1486375200,99.941,100.02,99.936,99.979,0
1486378800,99.971,100.02,99.928,100,0
1486382400,99.999,100.02,99.94,99.996,0
1486386000,99.994,100.2,99.99,100.16,0
1486389600,100.17,100.23,100.07,100.11,0
1486393200,100.1,100.25,100.05,100.07,0
1486396800,100.06,100.12,100.04,100.11,0
1486400400,100.1,100.13,99.988,100.02,0
1486404000,100.03,100.09,99.919,99.942,0
1486407600,99.94,99.954,99.843,99.907,0
1486411200,99.908,99.943,99.835,99.883,0
1486414800,99.884,99.886,99.839,99.879,0
1486418400,99.876,99.934,99.873,99.903,0
1486422000,99.897,99.906,99.886,99.895,0
1486425600,99.933,100.03,99.927,100,0
1486429200,99.998,100.06,99.978,100.01,0
1486432800,100,100.06,99.95,100.04,0
1486436400,100.05,100.18,100.03,100.16,0
1486440000,100.15,100.17,100.11,100.16,0
1486443600,100.15,100.18,100.11,100.12,0
1486447200,100.13,100.3,100.12,100.28,0
1486450800,100.27,100.43,100.23,100.42,0
1486454400,100.41,100.65,100.4,100.54,0
1486458000,100.53,100.72,100.53,100.67,0
1486461600,100.68,100.7,100.57,100.61,0
1486465200,100.62,100.69,100.6,100.62,0
1486468800,100.61,100.61,100.5,100.55,0
1486472400,100.56,100.67,100.54,100.56,0
1486476000,100.54,100.61,100.5,100.59,0
1486479600,100.58,100.67,100.4,100.41,0
1486483200,100.42,100.45,100.3,100.33,0
1486486800,100.34,100.36,100.2,100.29,0
1486490400,100.28,100.29,100.15,100.27,0
1486494000,100.28,100.31,100.26,100.26,0
1486497600,100.27,100.35,100.26,100.34,0
1486501200,100.35,100.44,100.34,100.39,0
1486504800,100.4,100.43,100.38,100.41,0
1486508400,100.4,100.4,100.39,100.4,0
1486512000,100.44,100.53,100.44,100.44,0
1486515600,100.45,100.51,100.32,100.36,0
1486519200,100.37,100.38,100.3,100.34,0
1486522800,100.35,100.37,100.31,100.31,0
1486526400,100.32,100.45,100.3,100.42,0
1486530000,100.43,100.44,100.39,100.43,0
1486533600,100.42,100.52,100.39,100.51,0
1486537200,100.52,100.58,100.44,100.55,0
1486540800,100.54,100.64,100.44,100.49,0
1486544400,100.48,100.63,100.47,100.6,0
1486548000,100.62,100.62,100.53,100.58,0
1486551600,100.59,100.64,100.56,100.57,0
1486555200,100.56,100.58,100.47,100.47,0
1486558800,100.46,100.51,100.31,100.38,0
1486562400,100.37,100.37,100.09,100.17,0
1486566000,100.18,100.29,100.09,100.11,0
1486569600,100.1,100.19,100.06,100.11,0
1486573200,100.1,100.19,100.09,100.17,0
1486576800,100.18,100.36,100.17,100.34,0
1486580400,100.35,100.36,100.27,100.28,0
1486584000,100.27,100.3,100.24,100.27,0
1486587600,100.26,100.27,100.17,100.17,0
1486591200,100.16,100.22,100.15,100.18,0
1486594800,100.17,100.19,100.16,100.17,0
1486598400,100.23,100.31,100.19,100.27,0
1486602000,100.28,100.35,100.27,100.33,0
1486605600,100.32,100.39,100.32,100.32,0
1486609200,100.33,100.33,100.22,100.26,0
1486612800,100.27,100.32,100.26,100.29,0
1486616400,100.28,100.38,100.28,100.35,0
1486620000,100.34,100.42,100.31,100.41,0
1486623600,100.4,100.43,100.36,100.37,0
1486627200,100.38,100.38,100.13,100.2,0
1486630800,100.19,100.22,100.08,100.16,0
1486634400,100.15,100.23,100.15,100.23,0
1486638000,100.22,100.37,100.21,100.33,0
1486641600,100.32,100.37,100.27,100.29,0
1486645200,100.28,100.38,100.2,100.31,0
1486648800,100.3,100.49,100.21,100.48,0
1486652400,100.5,100.59,100.38,100.53,0
1486656000,100.54,100.66,100.47,100.63,0
1486659600,100.62,100.63,100.54,100.6,0
1486663200,100.61,100.66,100.56,100.6,0
1486666800,100.61,100.66,100.58,100.65,0
1486670400,100.66,100.67,100.59,100.6,0
1486674000,100.61,100.67,100.58,100.67,0
1486677600,100.66,100.68,100.62,100.67,0
1486681200,100.66,100.68,100.66,100.67,0
1486684800,100.66,100.73,100.62,100.7,0
1486688400,100.69,100.7,100.63,100.65,0
1486692000,100.64,100.69,100.63,100.66,0
1486695600,100.67,100.67,100.59,100.65,0
1486699200,100.64,100.68,100.64,100.66,0
1486702800,100.67,100.74,100.65,100.73,0
1486706400,100.72,100.75,100.67,100.68,0
1486710000,100.69,100.85,100.64,100.83,0
1486713600,100.84,100.87,100.78,100.82,0
1486717200,100.83,100.83,100.73,100.79,0
1486720800,100.78,100.81,100.73,100.76,0
1486724400,100.77,100.84,100.71,100.83,0
1486728000,100.82,100.9,100.8,100.9,0
1486731600,100.91,100.95,100.84,100.93,0
1486735200,100.92,101.01,100.87,100.89,0
1486738800,100.87,100.92,100.75,100.86,0
1486742400,100.85,100.89,100.61,100.63,0
1486746000,100.64,100.78,100.6,100.75,0
1486749600,100.76,100.85,100.58,100.81,0
1486753200,100.82,100.87,100.78,100.8,0
1486756800,100.79,100.83,100.75,100.75,0
1486760400,100.76,100.78,100.7,100.71,0
1486936800,100.83,100.85,100.77,100.83,0
1486940400,100.82,100.97,100.82,100.96,0
1486944000,100.97,101.02,100.92,100.93,0
1486947600,100.94,100.95,100.88,100.92,0
1486951200,100.93,100.98,100.91,100.97,0
1486954800,100.96,100.98,100.92,100.94,0
1486958400,100.95,100.95,100.89,100.9,0
1486962000,100.91,100.92,100.82,100.85,0
1486965600,100.84,100.86,100.78,100.81,0
1486969200,100.8,100.83,100.7,100.71,0
1486972800,100.7,100.71,100.58,100.7,0
1486976400,100.71,100.8,100.69,100.78,0
1486980000,100.8,100.81,100.71,100.76,0
1486983600,100.75,100.78,100.69,100.73,0
1486987200,100.72,100.83,100.68,100.81,0
1486990800,100.8,100.91,100.78,100.89,0
1486994400,100.88,101.05,100.88,101.04,0
1486998000,101.03,101.11,100.98,100.99,0
1487001600,101,101.07,100.95,100.98,0
1487005200,100.99,101.03,100.94,101.03,0
1487008800,101.02,101.04,100.93,100.95,0
1487012400,100.96,100.98,100.91,100.96,0
1487016000,100.97,101,100.93,100.99,0
1487019600,101,101,100.97,100.99,0
1487023200,101,101.02,100.98,101,0
1487026800,101.01,101.02,101,101.02,0
1487030400,100.97,100.99,100.89,100.95,0
1487034000,100.96,101.02,100.9,101,0
1487037600,101.01,101.04,100.97,100.97,0
1487041200,100.96,100.97,100.91,100.92,0
1487044800,100.91,100.91,100.83,100.84,0
1487048400,100.85,100.87,100.74,100.76,0
1487052000,100.77,100.81,100.74,100.75,0
1487055600,100.76,100.89,100.74,100.89,0
1487059200,100.9,100.9,100.7,100.71,0
1487062800,100.72,100.9,100.72,100.87,0
1487066400,100.88,100.93,100.82,100.86,0
1487070000,100.87,100.88,100.74,100.79,0
1487073600,100.78,100.83,100.75,100.81,0
1487077200,100.8,100.9,100.77,100.88,0
1487080800,100.89,100.97,100.86,100.92,0
1487084400,100.93,101.37,100.92,101.34,0
1487088000,101.35,101.38,101.22,101.26,0
1487091600,101.27,101.37,101.25,101.32,0
1487095200,101.33,101.36,101.23,101.27,0
1487098800,101.26,101.29,101.2,101.25,0
1487102400,101.24,101.27,101.22,101.22,0
1487106000,101.21,101.25,101.2,101.21,0
1487109600,101.22,101.24,101.2,101.21,0
1487113200,101.22,101.23,101.21,101.23,0
1487116800,101.21,101.34,101.21,101.33,0
1487120400,101.32,101.36,101.24,101.27,0
1487124000,101.28,101.32,101.25,101.26,0
1487127600,101.25,101.27,101.18,101.19,0
1487131200,101.18,101.26,101.16,101.26,0
1487134800,101.25,101.25,101.2,101.23,0
1487138400,101.24,101.25,101.19,101.21,0
1487142000,101.22,101.32,101.22,101.27,0
1487145600,101.28,101.42,101.27,101.34,0
1487149200,101.35,101.48,101.35,101.43,0
1487152800,101.42,101.51,101.41,101.45,0
1487156400,101.44,101.49,101.4,101.43,0
1487160000,101.42,101.49,101.39,101.46,0
1487163600,101.45,101.76,101.42,101.66,0
1487167200,101.65,101.7,101.4,101.45,0
1487170800,101.44,101.46,101.24,101.34,0
1487174400,101.33,101.33,101,101.09,0
1487178000,101.1,101.23,101.02,101.21,0
1487181600,101.2,101.24,101.15,101.19,0
1487185200,101.17,101.25,101.15,101.18,0
1487188800,101.17,101.2,101.04,101.06,0
1487192400,101.07,101.1,101.02,101.09,0
1487196000,101.08,101.15,101.05,101.14,0
1487199600,101.13,101.13,101.09,101.09,0
1487203200,101.07,101.07,100.91,100.92,0
1487206800,100.91,101,100.89,100.89,0
1487210400,100.88,100.97,100.88,100.96,0
1487214000,100.95,100.96,100.91,100.96,0
1487217600,100.95,100.96,100.92,100.93,0
1487221200,100.94,100.95,100.86,100.89,0
1487224800,100.9,101.01,100.88,100.99,0
1487228400,101,101.05,100.94,100.94,0
1487232000,100.93,100.94,100.73,100.75,0
1487235600,100.76,100.78,100.67,100.7,0
1487239200,100.71,100.8,100.69,100.75,0
1487242800,100.74,100.82,100.7,100.74,0
1487246400,100.75,100.77,100.65,100.69,0
1487250000,100.68,100.77,100.57,100.76,0
1487253600,100.77,100.79,100.58,100.6,0
1487257200,100.59,100.64,100.45,100.51,0
1487260800,100.5,100.6,100.41,100.58,0
1487264400,100.59,100.66,100.53,100.62,0
1487268000,100.63,100.66,100.52,100.55,0
1487271600,100.56,100.59,100.44,100.44,0
1487275200,100.43,100.5,100.43,100.49,0
1487278800,100.5,100.5,100.46,100.48,0
1487282400,100.49,100.52,100.46,100.52,0
1487286000,100.51,100.51,100.49,100.5,0
1487289600,100.54,100.59,100.48,100.52,0
1487293200,100.53,100.53,100.46,100.5,0
1487296800,100.49,100.51,100.47,100.49,0
1487300400,100.5,100.51,100.45,100.46,0
1487304000,100.47,100.49,100.46,100.46,0
1487307600,100.47,100.51,100.46,100.49,0
1487311200,100.5,100.55,100.47,100.53,0
1487314800,100.54,100.63,100.48,100.62,0
1487318400,100.61,100.67,100.58,100.66,0
1487322000,100.65,100.74,100.61,100.72,0
1487325600,100.73,100.76,100.64,100.7,0
1487329200,100.69,100.73,100.67,100.69,0
1487332800,100.68,100.71,100.59,100.66,0
1487336400,100.65,100.67,100.58,100.6,0
1487340000,100.59,100.7,100.53,100.68,0
1487343600,100.67,100.83,100.64,100.81,0
1487347200,100.82,100.91,100.75,100.9,0
1487350800,100.89,100.91,100.83,100.87,0
1487354400,100.88,100.93,100.85,100.9,0
1487358000,100.89,100.96,100.87,100.95,0
1487361600,100.96,100.96,100.9,100.94,0
1487365200,100.93,100.94,100.88,100.9,0
1487635200,100.94,101.12,100.91,101.09,0
1487638800,101.08,101.18,101.08,101.15,0
1487642400,101.14,101.2,101.12,101.18,0
1487646000,101.17,101.23,101.17,101.22,0
1487649600,101.23,101.25,101.19,101.2,0
1487653200,101.21,101.21,101.15,101.17,0
1487656800,101.16,101.18,101.12,101.12,0
1487660400,101.13,101.26,101.11,101.23,0
1487664000,101.24,101.37,101.24,101.32,0
1487667600,101.31,101.49,101.29,101.48,0
1487671200,101.49,101.54,101.46,101.5,0
1487674800,101.51,101.55,101.44,101.46,0
1487678400,101.47,101.56,101.46,101.54,0
1487682000,101.55,101.56,101.47,101.51,0
1487685600,101.52,101.6,101.36,101.43,0
1487689200,101.42,101.51,101.4,101.45,0
1487692800,101.46,101.52,101.32,101.35,0
1487696400,101.36,101.41,101.35,101.41,0
1487700000,101.42,101.45,101.37,101.43,0
1487703600,101.42,101.43,101.34,101.37,0
1487707200,101.38,101.4,101.35,101.39,0
1487710800,101.4,101.47,101.39,101.45,0
1487714400,101.46,101.47,101.39,101.46,0
1487718000,101.45,101.47,101.43,101.44,0
1487721600,101.39,101.41,101.33,101.36,0
1487725200,101.35,101.35,101.25,101.29,0
1487728800,101.3,101.33,101.26,101.26,0
1487732400,101.27,101.34,101.27,101.33,0
1487736000,101.32,101.34,101.3,101.32,0
1487739600,101.33,101.35,101.32,101.33,0
1487743200,101.34,101.53,101.32,101.45,0
1487746800,101.46,101.6,101.44,101.59,0
1487750400,101.58,101.65,101.54,101.63,0
1487754000,101.64,101.64,101.51,101.61,0
1487757600,101.62,101.69,101.59,101.59,0
1487761200,101.6,101.72,101.58,101.67,0
1487764800,101.68,101.7,101.56,101.56,0
1487768400,101.57,101.62,101.55,101.58,0
1487772000,101.57,101.62,101.51,101.62,0
1487775600,101.6,101.7,101.39,101.4,0
1487779200,101.41,101.5,101.35,101.38,0
1487782800,101.37,101.48,101.33,101.46,0
1487786400,101.45,101.55,101.44,101.51,0
1487790000,101.52,101.57,101.2,101.22,0
1487793600,101.21,101.24,101.17,101.22,0
1487797200,101.21,101.33,101.19,101.32,0
1487800800,101.33,101.37,101.29,101.33,0
1487804400,101.32,101.33,101.32,101.33,0
1487808000,101.37,101.43,101.35,101.36,0
1487811600,101.35,101.38,101.32,101.36,0
1487815200,101.35,101.4,101.34,101.36,0
1487818800,101.34,101.38,101.25,101.25,0
1487822400,101.26,101.3,101.24,101.28,0
1487826000,101.27,101.28,101.19,101.25,0
1487829600,101.26,101.37,101.24,101.33,0
1487833200,101.32,101.44,101.28,101.31,0
1487836800,101.32,101.36,101.24,101.32,0
1487840400,101.3,101.39,101.26,101.35,0
1487844000,101.34,101.41,101.32,101.36,0
1487847600,101.38,101.41,101.27,101.3,0
1487851200,101.29,101.35,101.12,101.12,0
1487854800,101.13,101.18,100.98,101.01,0
1487858400,101.02,101.1,100.98,101.03,0
1487862000,101.02,101.08,100.87,100.88,0
1487865600,100.89,101.05,100.87,100.96,0
1487869200,100.95,101.1,100.92,101.09,0
1487872800,101.08,101.12,101.03,101.07,0
1487876400,101.08,101.09,101.02,101.05,0
1487880000,101.04,101.06,100.98,100.99,0
1487883600,100.98,100.99,100.95,100.96,0
1487887200,100.97,101.01,100.95,100.99,0
1487890800,101,101,100.96,100.98,0
1487894400,100.96,101.06,100.94,101.05,0
1487898000,101.06,101.08,101.04,101.05,0
1487901600,101.06,101.09,101.05,101.05,0
1487905200,101.04,101.05,100.97,100.98,0
1487908800,100.99,100.99,100.95,100.99,0
1487912400,101,101.04,100.98,101,0
1487916000,100.99,101.01,100.91,100.93,0
1487919600,100.94,100.98,100.86,100.88,0
1487923200,100.89,101.03,100.82,101,0
1487926800,101.01,101.05,100.86,100.88,0
1487930400,100.89,100.92,100.85,100.86,0
1487934000,100.85,100.89,100.75,100.76,0
1487937600,100.77,100.81,100.68,100.76,0
1487941200,100.75,100.78,100.66,100.7,0
1487944800,100.69,101.09,100.69,101.03,0
1487948400,101.04,101.08,100.91,101.08,0
1487952000,101.09,101.09,100.96,100.99,0
1487955600,100.98,101.1,100.85,101.08,0
1487959200,101.07,101.08,101,101.05,0
1487962800,101.04,101.15,101.04,101.09,0
1487966400,101.08,101.15,101.05,101.13,0
1487970000,101.12,101.17,101.11,101.12,0
1487973600,101.11,101.12,101.11,101.12,0
1488146400,101.11,101.16,101.09,101.16,0
1488150000,101.15,101.28,101.14,101.27,0
1488153600,101.26,101.27,101.13,101.16,0
1488157200,101.15,101.18,101.06,101.09,0
1488160800,101.1,101.16,101.07,101.16,0
1488164400,101.15,101.18,101.13,101.17,0
1488168000,101.16,101.18,101.1,101.14,0
1488171600,101.15,101.16,101.11,101.12,0
1488175200,101.11,101.17,101.11,101.12,0
1488178800,101.11,101.16,101.06,101.06,0
1488182400,101.07,101.2,101.03,101.09,0
1488186000,101.1,101.12,101.02,101.04,0
1488189600,101.05,101.09,100.99,101.07,0
1488193200,101.08,101.11,101.04,101.07,0
1488196800,101.06,101.11,101.05,101.1,0
1488200400,101.09,101.12,100.95,100.96,0
1488204000,100.97,101.02,100.88,100.98,0
1488207600,100.97,101.05,100.81,100.81,0
1488211200,100.82,100.84,100.69,100.73,0
1488214800,100.74,100.93,100.7,100.92,0
1488218400,100.91,101.11,100.9,101.1,0
1488222000,101.09,101.19,101.06,101.13,0
1488225600,101.12,101.16,101.1,101.12,0
1488229200,101.11,101.16,101.11,101.15,0
1488232800,101.14,101.17,101.12,101.16,0
1488236400,101.15,101.17,101.15,101.17,0
1488240000,101.21,101.26,101.16,101.2,0
1488243600,101.21,101.22,101.14,101.16,0
1488247200,101.17,101.18,101.14,101.16,0
1488250800,101.15,101.21,101.12,101.16,0
1488254400,101.15,101.17,101.1,101.12,0
1488258000,101.13,101.14,101.05,101.07,0
1488261600,101.08,101.08,100.98,101.03,0
1488265200,101.04,101.14,101.02,101.04,0
1488268800,101.05,101.18,101.05,101.12,0
1488272400,101.13,101.15,101.03,101.09,0
1488276000,101.1,101.11,100.97,101.05,0
1488279600,101.04,101.04,100.92,100.99,0
1488283200,100.97,101.12,100.94,101.12,0
1488286800,101.11,101.11,100.93,101.05,0
1488290400,101.04,101.07,100.94,100.95,0
1488294000,100.96,101.05,100.78,100.83,0
1488297600,100.82,100.94,100.79,100.92,0
1488301200,100.91,101.01,100.83,101,0
1488304800,100.99,101.08,100.98,101.04,0
1488308400,101.05,101.14,101.01,101.12,0
1488312000,101.13,101.2,101.09,101.12,0
1488315600,101.13,101.39,101.12,101.34,0
1488319200,101.33,101.4,101.31,101.38,0
1488322800,101.37,101.39,101.36,101.36,0
1488326400,101.44,101.51,101.43,101.48,0
1488330000,101.49,101.57,101.37,101.38,0
1488333600,101.39,101.48,101.23,101.34,0
1488337200,101.33,101.58,101.33,101.53,0
1488340800,101.52,101.63,101.52,101.61,0
1488344400,101.6,101.62,101.55,101.57,0
1488348000,101.56,101.6,101.52,101.56,0
1488351600,101.58,101.73,101.57,101.67,0
1488355200,101.65,101.78,101.63,101.63,0
1488358800,101.64,101.72,101.61,101.67,0
1488362400,101.68,101.73,101.65,101.65,0
1488366000,101.68,101.81,101.64,101.77,0
1488369600,101.78,101.88,101.77,101.84,0
1488373200,101.85,101.97,101.79,101.88,0
1488376800,101.89,101.94,101.8,101.83,0
1488380400,101.81,101.93,101.65,101.69,0
1488384000,101.68,101.74,101.55,101.6,0
1488387600,101.61,101.64,101.53,101.6,0
1488391200,101.61,101.62,101.53,101.57,0
1488394800,101.58,101.79,101.56,101.78,0
1488398400,101.77,101.79,101.68,101.74,0
1488402000,101.75,101.78,101.73,101.74,0
1488405600,101.73,101.75,101.7,101.71,0
1488409200,101.7,101.78,101.7,101.77,0
1488412800,101.91,101.93,101.79,101.81,0
1488416400,101.8,101.88,101.78,101.87,0
1488420000,101.88,101.93,101.88,101.91,0
1488423600,101.9,101.91,101.86,101.88,0
1488427200,101.89,101.91,101.86,101.89,0
1488430800,101.88,101.91,101.87,101.91,0
1488434400,101.9,101.96,101.86,101.95,0
1488438000,101.96,102,101.84,101.85,0
1488441600,101.86,101.93,101.81,101.85,0
1488445200,101.84,101.99,101.83,101.97,0
1488448800,101.98,102,101.91,101.95,0
1488452400,101.96,102.01,101.93,102,0
1488456000,101.99,102.11,101.99,102.01,0
1488459600,102,102.09,101.99,102.06,0
1488463200,102.07,102.19,102.06,102.16,0
1488466800,102.15,102.16,101.97,101.99,0
1488470400,102,102.1,101.95,102.09,0
1488474000,102.1,102.17,102.06,102.16,0
1488477600,102.15,102.2,102.12,102.16,0
1488481200,102.17,102.26,102.16,102.2,0
1488484800,102.19,102.21,102.14,102.15,0
1488488400,102.16,102.16,102.12,102.15,0
1488492000,102.14,102.18,102.12,102.14,0
1488495600,102.15,102.16,102.14,102.15,0
1488499200,102.12,102.17,102.04,102.06,0
1488502800,102.05,102.1,102.03,102.07,0
1488506400,102.05,102.1,102.02,102.02,0
1488510000,102.03,102.06,102,102.02,0
1488513600,102.01,102.05,102,102.02,0
1488517200,102.03,102.1,102.01,102.07,0
1488520800,102.06,102.08,101.97,101.99,0
1488524400,101.98,102.06,101.98,102.04,0
1488528000,102.05,102.14,102.04,102.08,0
1488531600,102.07,102.11,102.01,102.1,0
1488535200,102.11,102.12,101.97,102.01,0
1488538800,102.02,102.02,101.94,101.99,0
1488542400,102,102.02,101.82,101.87,0
1488546000,101.88,101.9,101.74,101.77,0
1488549600,101.78,101.89,101.77,101.84,0
1488553200,101.87,101.94,101.75,101.82,0
1488556800,101.83,101.99,101.83,101.93,0
1488560400,101.92,101.95,101.82,101.85,0
1488564000,101.83,102.02,101.65,101.67,0
1488567600,101.66,101.68,101.47,101.54,0
1488571200,101.55,101.55,101.37,101.37,0
1488574800,101.36,101.42,101.34,101.35,0
1488578400,101.36,101.36,101.34,101.34,0
1488751200,101.41,101.49,101.4,101.43,0
1488754800,101.44,101.44,101.33,101.33,0
1488758400,101.34,101.46,101.34,101.39,0
1488762000,101.38,101.45,101.37,101.43,0
1488765600,101.42,101.44,101.39,101.43,0
1488769200,101.42,101.46,101.4,101.45,0
1488772800,101.44,101.48,101.43,101.48,0
1488776400,101.47,101.49,101.44,101.45,0
1488780000,101.46,101.53,101.44,101.46,0
1488783600,101.47,101.52,101.41,101.51,0
1488787200,101.5,101.52,101.22,101.32,0
1488790800,101.31,101.52,101.24,101.47,0
1488794400,101.46,101.6,101.46,101.55,0
1488798000,101.54,101.64,101.52,101.63,0
1488801600,101.64,101.66,101.55,101.56,0
1488805200,101.57,101.58,101.43,101.49,0
1488808800,101.48,101.54,101.44,101.5,0
1488812400,101.51,101.56,101.46,101.53,0
1488816000,101.52,101.69,101.52,101.65,0
1488819600,101.64,101.74,101.62,101.73,0
1488823200,101.72,101.75,101.68,101.68,0
1488826800,101.67,101.68,101.63,101.64,0
1488830400,101.65,101.7,101.61,101.66,0
1488834000,101.67,101.68,101.63,101.68,0
1488837600,101.67,101.7,101.65,101.67,0
1488841200,101.68,101.7,101.68,101.7,0
1488844800,101.68,101.74,101.66,101.73,0
1488848400,101.74,101.75,101.65,101.65,0
1488852000,101.66,101.67,101.63,101.64,0
1488855600,101.63,101.65,101.56,101.6,0
1488859200,101.61,101.66,101.57,101.66,0
1488862800,101.67,101.68,101.61,101.64,0
1488866400,101.63,101.68,101.6,101.66,0
1488870000,101.67,101.68,101.54,101.57,0
1488873600,101.56,101.69,101.53,101.68,0
1488877200,101.67,101.82,101.65,101.82,0
1488880800,101.81,101.88,101.72,101.73,0
1488884400,101.72,101.79,101.71,101.77,0
1488888000,101.76,101.82,101.75,101.81,0
1488891600,101.8,101.86,101.74,101.81,0
1488895200,101.8,101.89,101.79,101.88,0
1488898800,101.89,101.91,101.72,101.73,0
1488902400,101.72,101.81,101.7,101.71,0
1488906000,101.73,101.76,101.65,101.75,0
1488909600,101.76,101.82,101.74,101.82,0
1488913200,101.83,101.83,101.8,101.81,0
1488916800,101.82,101.82,101.75,101.78,0
1488920400,101.79,101.81,101.78,101.81,0
1488924000,101.8,101.83,101.78,101.81,0
1488927600,101.8,101.83,101.8,101.82,0
1488931200,101.79,101.8,101.74,101.76,0
1488934800,101.75,101.78,101.71,101.77,0
1488938400,101.78,101.81,101.75,101.76,0
1488942000,101.75,101.78,101.74,101.76,0
1488945600,101.75,101.81,101.73,101.81,0
1488949200,101.8,101.83,101.79,101.79,0
1488952800,101.8,101.8,101.73,101.78,0
1488956400,101.77,101.89,101.72,101.86,0
1488960000,101.87,101.95,101.83,101.91,0
1488963600,101.9,101.99,101.9,101.92,0
1488967200,101.93,101.96,101.89,101.93,0
1488970800,101.94,101.96,101.89,101.91,0
1488974400,101.9,101.99,101.89,101.92,0
1488978000,101.93,102.16,101.93,102.01,0
1488981600,102.02,102.06,101.94,102.01,0
1488985200,102,102.06,101.97,102.03,0
1488988800,102.04,102.13,102.01,102.11,0
1488992400,102.1,102.19,102.1,102.18,0
1488996000,102.17,102.17,102.05,102.07,0
1488999600,102.08,102.12,102.04,102.07,0
1489003200,102.06,102.11,102.03,102.09,0
1489006800,102.1,102.13,102.08,102.09,0
1489010400,102.1,102.13,102.1,102.11,0
1489014000,102.12,102.13,102.11,102.12,0
1489017600,102.11,102.16,102.11,102.16,0
1489021200,102.15,102.16,102.09,102.09,0
1489024800,102.1,102.15,102.1,102.14,0
1489028400,102.15,102.2,102.13,102.2,0
1489032000,102.19,102.22,102.18,102.2,0
1489035600,102.19,102.23,102.19,102.2,0
1489039200,102.19,102.21,102.1,102.15,0
1489042800,102.16,102.25,102.1,102.17,0
1489046400,102.18,102.19,102.04,102.09,0
1489050000,102.1,102.16,102.03,102.09,0
1489053600,102.1,102.12,102.05,102.09,0
1489057200,102.1,102.11,102.02,102.06,0
1489060800,102.07,102.15,102.01,102.05,0
1489064400,102.04,102.17,101.84,101.89,0
1489068000,101.91,101.94,101.7,101.85,0
1489071600,101.86,102,101.86,101.98,0
1489075200,101.97,102.08,101.89,101.9,0
1489078800,101.91,101.95,101.89,101.93,0
1489082400,101.94,101.94,101.79,101.84,0
1489086000,101.85,101.91,101.82,101.85,0
1489089600,101.86,101.94,101.83,101.94,0
1489093200,101.93,102,101.9,101.98,0
1489096800,101.99,102.02,101.96,102.01,0
1489100400,102.02,102.04,102.02,102.03,0
1489104000,102,102,101.91,101.93,0
1489107600,101.94,101.98,101.94,101.95,0
1489111200,101.96,101.96,101.89,101.91,0
1489114800,101.9,101.91,101.85,101.9,0
1489118400,101.91,101.93,101.88,101.91,0
1489122000,101.9,101.94,101.87,101.93,0
1489125600,101.92,101.96,101.88,101.96,0
1489129200,101.97,101.98,101.91,101.94,0
1489132800,101.95,101.95,101.78,101.82,0
1489136400,101.83,101.84,101.75,101.76,0
1489140000,101.78,101.83,101.77,101.83,0
1489143600,101.82,101.88,101.82,101.88,0
1489147200,101.86,101.9,101.8,101.9,0
1489150800,101.89,101.92,101.53,101.53,0
1489154400,101.52,101.76,101.47,101.63,0
1489158000,101.61,101.72,101.38,101.47,0
1489161600,101.48,101.54,101.38,101.46,0
1489165200,101.45,101.47,101.35,101.39,0
1489168800,101.4,101.4,101.29,101.35,0
1489172400,101.34,101.35,101.24,101.25,0
1489176000,101.26,101.28,101.17,101.28,0
1489179600,101.27,101.4,101.25,101.38,0
1489183200,101.37,101.38,101.37,101.38,0
1489352400,101.33,101.34,101.27,101.29,0
1489356000,101.28,101.35,101.28,101.35,0
1489359600,101.34,101.35,101.24,101.26,0
1489363200,101.27,101.33,101.25,101.33,0
1489366800,101.34,101.35,101.29,101.31,0
1489370400,101.32,101.32,101.22,101.23,0
1489374000,101.24,101.24,101.18,101.2,0
1489377600,101.21,101.21,101.17,101.18,0
1489381200,101.17,101.18,101.11,101.17,0
1489384800,101.18,101.19,101.03,101.03,0
1489388400,101.04,101.18,101.01,101.17,0
1489392000,101.16,101.3,101.14,101.27,0
1489395600,101.28,101.33,101.23,101.31,0
1489399200,101.33,101.34,101.25,101.26,0
1489402800,101.25,101.3,101.22,101.29,0
1489406400,101.28,101.38,101.23,101.37,0
1489410000,101.36,101.39,101.27,101.28,0
1489413600,101.27,101.38,101.26,101.3,0
1489417200,101.31,101.31,101.17,101.27,0
1489420800,101.26,101.31,101.23,101.31,0
1489424400,101.3,101.35,101.27,101.32,0
1489428000,101.33,101.38,101.3,101.31,0
1489431600,101.32,101.37,101.32,101.37,0
1489435200,101.36,101.39,101.36,101.38,0
1489438800,101.39,101.39,101.36,101.38,0
1489442400,101.37,101.38,101.37,101.37,0
1489446000,101.41,101.47,101.4,101.42,0
1489449600,101.43,101.43,101.36,101.37,0
1489453200,101.36,101.41,101.35,101.37,0
1489456800,101.38,101.4,101.36,101.4,0
1489460400,101.41,101.42,101.39,101.39,0
1489464000,101.4,101.42,101.38,101.4,0
1489467600,101.39,101.4,101.36,101.36,0
1489471200,101.35,101.55,101.34,101.51,0
1489474800,101.52,101.63,101.51,101.62,0
1489478400,101.6,101.67,101.51,101.51,0
1489482000,101.52,101.61,101.5,101.58,0
1489485600,101.59,101.61,101.52,101.58,0
1489489200,101.57,101.64,101.56,101.62,0
1489492800,101.63,101.65,101.58,101.62,0
1489496400,101.63,101.64,101.57,101.61,0
1489500000,101.6,101.62,101.49,101.56,0
1489503600,101.55,101.57,101.45,101.46,0
1489507200,101.47,101.54,101.45,101.54,0
1489510800,101.53,101.63,101.52,101.62,0
1489514400,101.63,101.75,101.63,101.7,0
1489518000,101.71,101.77,101.69,101.73,0
1489521600,101.74,101.79,101.73,101.75,0
1489525200,101.76,101.77,101.72,101.72,0
1489528800,101.73,101.75,101.73,101.74,0
1489532400,101.72,101.72,101.68,101.68,0
1489536000,101.69,101.71,101.67,101.7,0
1489539600,101.69,101.7,101.65,101.68,0
1489543200,101.69,101.7,101.66,101.68,0
1489546800,101.69,101.71,101.67,101.68,0
1489550400,101.69,101.69,101.64,101.68,0
1489554000,101.67,101.68,101.62,101.62,0
1489557600,101.63,101.66,101.5,101.52,0
1489561200,101.53,101.54,101.44,101.45,0
1489564800,101.46,101.52,101.45,101.48,0
1489568400,101.49,101.58,101.45,101.54,0
1489572000,101.55,101.64,101.53,101.58,0
1489575600,101.57,101.61,101.56,101.58,0
1489579200,101.59,101.63,101.49,101.61,0
1489582800,101.62,101.69,101.57,101.65,0
1489586400,101.66,101.69,101.54,101.55,0
1489590000,101.56,101.56,101.45,101.49,0
1489593600,101.5,101.55,101.41,101.42,0
1489597200,101.43,101.54,101.42,101.54,0
1489600800,101.56,101.56,100.68,100.74,0
1489604400,100.71,100.88,100.62,100.65,0
1489608000,100.66,100.68,100.49,100.53,0
1489611600,100.54,100.6,100.53,100.53,0
1489615200,100.54,100.55,100.52,100.55,0
1489618800,100.55,100.55,100.51,100.52,0
1489622400,100.53,100.53,100.43,100.52,0
1489626000,100.51,100.62,100.51,100.61,0
1489629600,100.6,100.63,100.55,100.58,0
1489633200,100.59,100.66,100.58,100.65,0
1489636800,100.64,100.65,100.61,100.63,0
1489640400,100.62,100.63,100.55,100.59,0
1489644000,100.6,100.6,100.47,100.56,0
1489647600,100.55,100.6,100.45,100.57,0
1489651200,100.58,100.74,100.57,100.72,0
1489654800,100.71,100.75,100.66,100.72,0
1489658400,100.71,100.72,100.6,100.64,0
1489662000,100.63,100.65,100.58,100.61,0
1489665600,100.6,100.6,100.41,100.43,0
1489669200,100.44,100.55,100.41,100.5,0
1489672800,100.51,100.51,100.35,100.4,0
1489676400,100.39,100.48,100.36,100.37,0
1489680000,100.38,100.42,100.36,100.38,0
1489683600,100.37,100.59,100.37,100.57,0
1489687200,100.56,100.64,100.36,100.36,0
1489690800,100.37,100.45,100.26,100.26,0
1489694400,100.25,100.28,100.23,100.27,0
1489698000,100.26,100.29,100.21,100.22,0
1489701600,100.23,100.24,100.21,100.23,0
1489705200,100.25,100.26,100.23,100.25,0
1489708800,100.24,100.29,100.22,100.28,0
1489712400,100.27,100.3,100.26,100.27,0
1489716000,100.26,100.27,100.24,100.24,0
1489719600,100.25,100.27,100.24,100.25,0
1489723200,100.24,100.26,100.24,100.25,0
1489726800,100.26,100.29,100.24,100.25,0
1489730400,100.24,100.25,100.16,100.17,0
1489734000,100.18,100.38,100.16,100.38,0
1489737600,100.39,100.39,100.21,100.21,0
1489741200,100.22,100.23,100.14,100.16,0
1489744800,100.17,100.23,100.15,100.22,0
1489748400,100.21,100.45,100.21,100.41,0
1489752000,100.4,100.47,100.33,100.41,0
1489755600,100.39,100.42,100.31,100.33,0
1489759200,100.34,100.34,100.23,100.32,0
1489762800,100.33,100.41,100.3,100.35,0
1489766400,100.34,100.35,100.29,100.32,0
1489770000,100.33,100.33,100.22,100.27,0
1489773600,100.26,100.32,100.22,100.3,0
1489777200,100.31,100.34,100.27,100.3,0
1489780800,100.31,100.37,100.31,100.34,0
1489784400,100.32,100.32,100.31,100.31,0
1489957200,100.36,100.37,100.31,100.32,0
1489960800,100.33,100.35,100.29,100.32,0
1489964400,100.31,100.33,100.3,100.31,0
1489968000,100.3,100.31,100.23,100.25,0
1489971600,100.26,100.26,100.17,100.18,0
1489975200,100.19,100.19,100.15,100.17,0
1489978800,100.18,100.18,100.16,100.18,0
1489982400,100.19,100.19,100.14,100.15,0
1489986000,100.14,100.16,100.13,100.15,0
1489989600,100.16,100.21,100.09,100.12,0
1489993200,100.11,100.14,100.02,100.11,0
1489996800,100.12,100.22,100.1,100.19,0
1490000400,100.18,100.26,100.15,100.25,0
1490004000,100.24,100.29,100.17,100.19,0
1490007600,100.2,100.31,100.18,100.3,0
1490011200,100.31,100.36,100.27,100.3,0
1490014800,100.31,100.34,100.21,100.28,0
1490018400,100.29,100.29,100.22,100.27,0
1490022000,100.28,100.33,100.24,100.28,0
1490025600,100.27,100.42,100.25,100.39,0
1490029200,100.4,100.45,100.3,100.43,0
1490032800,100.42,100.42,100.36,100.41,0
1490036400,100.4,100.41,100.3,100.33,0
1490040000,100.32,100.36,100.31,100.34,0
1490043600,100.35,100.37,100.33,100.36,0
1490047200,100.35,100.36,100.34,100.36,0
1490050800,100.38,100.47,100.34,100.35,0
1490054400,100.34,100.35,100.14,100.18,0
1490058000,100.17,100.19,100.12,100.18,0
1490061600,100.19,100.27,100.18,100.26,0
1490065200,100.27,100.31,100.23,100.27,0
1490068800,100.28,100.28,100.25,100.27,0
1490072400,100.28,100.3,100.22,100.27,0
1490076000,100.28,100.28,100.14,100.15,0
1490079600,100.16,100.18,100.08,100.14,0
1490083200,100.13,100.13,99.966,100,0
1490086800,100.01,100.02,99.908,99.94,0
1490090400,99.938,99.941,99.857,99.874,0
1490094000,99.876,99.887,99.784,99.835,0
1490097600,99.832,99.918,99.806,99.892,0
1490101200,99.89,99.897,99.738,99.752,0
1490104800,99.744,99.789,99.693,99.736,0
1490108400,99.738,99.85,99.706,99.726,0
1490112000,99.733,99.757,99.666,99.685,0
1490115600,99.688,99.748,99.66,99.736,0
1490119200,99.734,99.84,99.717,99.813,0
1490122800,99.809,99.811,99.693,99.726,0
1490126400,99.736,99.736,99.695,99.729,0
1490130000,99.724,99.785,99.711,99.767,0
1490133600,99.766,99.766,99.74,99.753,0
1490137200,99.686,99.73,99.679,99.691,0
1490140800,99.694,99.806,99.692,99.801,0
1490144400,99.802,99.837,99.77,99.816,0
1490148000,99.817,99.859,99.784,99.84,0
1490151600,99.839,99.869,99.831,99.84,0
1490155200,99.838,99.858,99.78,99.789,0
1490158800,99.786,99.8,99.756,99.789,0
1490162400,99.79,99.829,99.62,99.667,0
1490166000,99.67,99.836,99.66,99.754,0
1490169600,99.764,99.867,99.681,99.858,0
1490173200,99.85,99.928,99.836,99.866,0
1490176800,99.863,99.884,99.781,99.818,0
1490180400,99.817,99.876,99.817,99.864,0
1490184000,99.867,99.891,99.746,99.751,0
1490187600,99.749,99.81,99.709,99.747,0
1490191200,99.752,99.752,99.563,99.618,0
1490194800,99.623,99.696,99.584,99.692,0
1490198400,99.682,99.707,99.636,99.65,0
1490202000,99.649,99.649,99.547,99.592,0
1490205600,99.587,99.695,99.577,99.677,0
1490209200,99.681,99.744,99.673,99.703,0
1490212800,99.707,99.707,99.656,99.702,0
1490216400,99.7,99.755,99.693,99.751,0
1490220000,99.748,99.748,99.717,99.724,0
1490223600,99.741,99.788,99.739,99.783,0
1490227200,99.79,99.836,99.723,99.822,0
1490230800,99.824,99.848,99.787,99.801,0
1490234400,99.805,99.83,99.791,99.804,0
1490238000,99.803,99.819,99.744,99.767,0
1490241600,99.765,99.782,99.729,99.735,0
1490245200,99.717,99.763,99.717,99.759,0
1490248800,99.761,99.764,99.631,99.668,0
1490252400,99.667,99.76,99.634,99.733,0
1490256000,99.74,99.868,99.729,99.838,0
1490259600,99.844,99.862,99.742,99.846,0
1490263200,99.842,99.842,99.681,99.705,0
1490266800,99.708,99.765,99.672,99.747,0
1490270400,99.755,99.825,99.715,99.716,0
1490274000,99.721,99.782,99.664,99.722,0
1490277600,99.717,99.785,99.676,99.694,0
1490281200,99.691,99.84,99.655,99.719,0
1490284800,99.716,99.793,99.713,99.725,0
1490288400,99.73,99.794,99.694,99.77,0
1490292000,99.769,99.815,99.742,99.76,0
1490295600,99.759,99.792,99.697,99.751,0
1490299200,99.747,99.752,99.705,99.748,0
1490302800,99.75,99.785,99.733,99.761,0
1490306400,99.759,99.771,99.759,99.764,0
1490310000,99.772,99.783,99.738,99.756,0
1490313600,99.753,99.944,99.725,99.924,0
1490317200,99.923,99.956,99.899,99.934,0
1490320800,99.933,99.989,99.917,99.972,0
1490324400,99.966,99.976,99.912,99.925,0
1490328000,99.924,99.984,99.913,99.966,0
1490331600,99.968,100,99.954,99.964,0
1490335200,99.96,100,99.949,99.973,0
1490338800,99.971,99.984,99.881,99.894,0
1490342400,99.896,99.899,99.654,99.721,0
1490346000,99.719,99.758,99.669,99.678,0
1490349600,99.679,99.688,99.624,99.677,0
1490353200,99.678,99.714,99.617,99.643,0
1490356800,99.647,99.749,99.63,99.69,0
1490360400,99.688,99.772,99.677,99.764,0
1490364000,99.765,99.81,99.703,99.737,0
1490367600,99.738,99.769,99.62,99.668,0
1490371200,99.675,99.701,99.591,99.648,0
1490374800,99.639,99.679,99.591,99.643,0
1490378400,99.648,99.678,99.623,99.627,0
1490382000,99.63,99.786,99.527,99.758,0
1490385600,99.761,99.777,99.682,99.769,0
1490389200,99.766,99.769,99.765,99.765,0
1490562000,99.454,99.534,99.454,99.484,0
1490565600,99.488,99.518,99.306,99.318,0
1490569200,99.311,99.354,99.286,99.325,0
1490572800,99.324,99.375,99.283,99.295,0
1490576400,99.299,99.346,99.263,99.346,0
1490580000,99.347,99.347,99.273,99.299,0
1490583600,99.298,99.301,99.252,99.279,0
1490587200,99.28,99.31,99.253,99.299,0
1490590800,99.298,99.304,99.244,99.245,0
1490594400,99.266,99.279,99.103,99.15,0
1490598000,99.152,99.185,99.038,99.101,0
1490601600,99.095,99.169,99.064,99.158,0
1490605200,99.159,99.211,99.074,99.086,0
1490608800,99.09,99.148,99.058,99.128,0
1490612400,99.129,99.138,98.997,99.02,0
1490616000,99.031,99.035,98.901,98.93,0
1490619600,98.927,99.08,98.858,99.068,0
1490623200,99.074,99.114,99.01,99.07,0
1490626800,99.061,99.086,98.996,99.061,0
1490630400,99.06,99.21,99.047,99.199,0
1490634000,99.194,99.205,99.141,99.161,0
1490637600,99.163,99.195,99.126,99.166,0
1490641200,99.174,99.219,99.17,99.195,0
1490644800,99.202,99.233,99.192,99.218,0
1490648400,99.22,99.226,99.198,99.22,0
1490652000,99.221,99.237,99.217,99.225,0
1490655600,99.224,99.279,99.223,99.259,0
1490659200,99.262,99.277,99.2,99.268,0
1490662800,99.269,99.269,99.192,99.203,0
1490666400,99.209,99.248,99.206,99.236,0
1490670000,99.234,99.246,99.187,99.215,0
1490673600,99.216,99.217,99.168,99.185,0
1490677200,99.186,99.236,99.148,99.227,0
1490680800,99.226,99.347,99.222,99.304,0
1490684400,99.309,99.312,99.165,99.245,0
1490688000,99.24,99.305,99.226,99.23,0
1490691600,99.237,99.268,99.201,99.267,0
1490695200,99.265,99.301,99.223,99.285,0
1490698800,99.287,99.319,99.225,99.278,0
1490702400,99.276,99.298,99.146,99.197,0
1490706000,99.2,99.218,99.115,99.147,0
1490709600,99.141,99.25,99.125,99.168,0
1490713200,99.167,99.327,99.151,99.324,0
1490716800,99.322,99.483,99.311,99.467,0
1490720400,99.466,99.596,99.427,99.579,0
1490724000,99.581,99.794,99.579,99.712,0
1490727600,99.714,99.748,99.689,99.696,0
1490731200,99.689,99.738,99.663,99.698,0
1490734800,99.704,99.728,99.676,99.685,0
1490738400,99.686,99.688,99.674,99.676,0
1490742000,99.706,99.748,99.667,99.724,0
1490745600,99.72,99.801,99.678,99.714,0
1490749200,99.716,99.78,99.697,99.76,0
1490752800,99.756,99.769,99.666,99.714,0
1490756400,99.713,99.767,99.713,99.734,0
1490760000,99.737,99.759,99.723,99.737,0
1490763600,99.739,99.826,99.736,99.752,0
1490767200,99.75,99.918,99.75,99.855,0
1490770800,99.859,99.953,99.806,99.892,0
1490774400,99.894,99.927,99.791,99.824,0
1490778000,99.82,99.862,99.813,99.835,0
1490781600,99.829,99.87,99.791,99.849,0
1490785200,99.841,100.02,99.768,100,0
1490788800,100.02,100.1,99.956,99.976,0
1490792400,99.982,100.13,99.982,100.03,0
1490796000,100.04,100.11,99.981,100.1,0
1490799600,100.09,100.13,100,100.06,0
1490803200,100.05,100.11,100.05,100.09,0
1490806800,100.08,100.09,99.96,100.04,0
1490810400,100.05,100.08,99.998,99.998,0
1490814000,99.999,100,99.89,99.898,0
1490817600,99.902,99.981,99.902,99.949,0
1490821200,99.951,99.958,99.914,99.931,0
1490824800,99.933,99.943,99.923,99.927,0
1490828400,99.96,100.01,99.959,100,0
1490832000,99.999,100.08,99.99,100.07,0
1490835600,100.06,100.09,100.03,100.07,0
1490839200,100.06,100.14,100.05,100.12,0
1490842800,100.11,100.12,100.05,100.06,0
1490846400,100.05,100.07,100.03,100.06,0
1490850000,100.05,100.07,100.01,100.03,0
1490853600,100.04,100.05,99.936,99.981,0
1490857200,99.985,100.16,99.972,100.14,0
1490860800,100.15,100.18,100.12,100.17,0
1490864400,100.16,100.19,100.1,100.13,0
1490868000,100.14,100.17,100.08,100.1,0
1490871600,100.09,100.11,100.03,100.11,0
1490875200,100.12,100.23,100.07,100.22,0
1490878800,100.21,100.21,99.925,100.08,0
1490882400,100.09,100.14,100.03,100.08,0
1490886000,100.1,100.16,100.05,100.14,0
1490889600,100.13,100.3,100.12,100.3,0
1490893200,100.29,100.42,100.29,100.37,0
1490896800,100.36,100.45,100.35,100.41,0
1490900400,100.42,100.52,100.41,100.51,0
1490904000,100.52,100.6,100.49,100.57,0
1490907600,100.58,100.58,100.51,100.51,0
1490911200,100.52,100.53,100.51,100.51,0
1490914800,100.48,100.49,100.45,100.46,0
1490918400,100.47,100.57,100.45,100.54,0
1490922000,100.55,100.55,100.5,100.52,0
1490925600,100.53,100.56,100.51,100.54,0
1490929200,100.53,100.59,100.52,100.58,0
1490932800,100.57,100.6,100.56,100.58,0
1490936400,100.59,100.59,100.52,100.54,0
1490940000,100.55,100.57,100.48,100.52,0
1490943600,100.53,100.58,100.45,100.46,0
1490947200,100.45,100.49,100.43,100.47,0
1490950800,100.49,100.64,100.45,100.63,0
1490954400,100.64,100.65,100.53,100.54,0
1490958000,100.53,100.56,100.44,100.47,0
1490961600,100.48,100.55,100.41,100.51,0
1490965200,100.52,100.56,100.38,100.46,0
1490968800,100.45,100.58,100.35,100.36,0
1490972400,100.35,100.41,100.28,100.3,0
1490976000,100.31,100.35,100.25,100.27,0
1490979600,100.28,100.38,100.28,100.38,0
1490983200,100.39,100.42,100.3,100.35,0
1490986800,100.36,100.5,100.34,100.45,0
1490990400,100.46,100.57,100.43,100.56,0
1490994000,100.55,100.56,100.55,100.56,0
1491166800,100.49,100.52,100.47,100.52,0
1491170400,100.51,100.52,100.43,100.43,0
1491174000,100.44,100.47,100.42,100.46,0
1491177600,100.47,100.48,100.37,100.43,0
1491181200,100.42,100.44,100.4,100.43,0
1491184800,100.42,100.44,100.39,100.4,0
1491188400,100.39,100.4,100.37,100.39,0
1491192000,100.38,100.43,100.38,100.39,0
1491195600,100.4,100.41,100.38,100.4,0
1491199200,100.41,100.51,100.4,100.47,0
1491202800,100.45,100.53,100.43,100.48,0
1491206400,100.49,100.49,100.43,100.48,0
1491210000,100.47,100.53,100.46,100.51,0
1491213600,100.5,100.62,100.5,100.6,0
1491217200,100.61,100.64,100.57,100.58,0
1491220800,100.59,100.6,100.5,100.55,0
1491224400,100.54,100.6,100.53,100.57,0
1491228000,100.58,100.63,100.44,100.62,0
1491231600,100.6,100.69,100.59,100.61,0
1491235200,100.6,100.61,100.54,100.58,0
1491238800,100.57,100.59,100.51,100.54,0
1491242400,100.53,100.57,100.49,100.54,0
1491246000,100.53,100.57,100.48,100.48,0
1491249600,100.49,100.5,100.46,100.49,0
1491253200,100.5,100.51,100.49,100.5,0
1491256800,100.49,100.5,100.48,100.49,0
1491260400,100.5,100.51,100.47,100.47,0
1491264000,100.46,100.5,100.44,100.47,0
1491267600,100.48,100.5,100.45,100.48,0
1491271200,100.47,100.5,100.44,100.5,0
1491274800,100.51,100.51,100.44,100.45,0
1491278400,100.46,100.48,100.44,100.45,0
1491282000,100.44,100.54,100.42,100.53,0
1491285600,100.54,100.61,100.52,100.58,0
1491289200,100.59,100.69,100.56,100.66,0
1491292800,100.65,100.67,100.57,100.59,0
1491296400,100.6,100.65,100.58,100.6,0
1491300000,100.59,100.73,100.56,100.7,0
1491303600,100.69,100.71,100.63,100.67,0
1491307200,100.66,100.68,100.6,100.66,0
1491310800,100.65,100.7,100.6,100.65,0
1491314400,100.66,100.69,100.57,100.57,0
1491318000,100.58,100.62,100.55,100.6,0
1491321600,100.61,100.64,100.57,100.62,0
1491325200,100.61,100.71,100.59,100.62,0
1491328800,100.61,100.64,100.54,100.54,0
1491332400,100.55,100.58,100.52,100.57,0
1491336000,100.58,100.58,100.51,100.53,0
1491339600,100.54,100.56,100.47,100.49,0
1491343200,100.5,100.5,100.48,100.49,0
1491346800,100.53,100.53,100.49,100.52,0
1491350400,100.51,100.52,100.48,100.5,0
1491354000,100.49,100.51,100.47,100.49,0
1491357600,100.5,100.51,100.48,100.51,0
1491361200,100.5,100.53,100.48,100.49,0
1491364800,100.5,100.53,100.48,100.52,0
1491368400,100.53,100.54,100.49,100.52,0
1491372000,100.53,100.57,100.49,100.49,0
1491375600,100.5,100.5,100.41,100.49,0
1491379200,100.48,100.53,100.43,100.49,0
1491382800,100.5,100.58,100.49,100.54,0
1491386400,100.53,100.56,100.52,100.52,0
1491390000,100.53,100.57,100.42,100.45,0
1491393600,100.46,100.66,100.44,100.57,0
1491397200,100.58,100.67,100.55,100.62,0
1491400800,100.61,100.65,100.54,100.61,0
1491404400,100.62,100.71,100.56,100.63,0
1491408000,100.64,100.76,100.63,100.75,0
1491411600,100.74,100.76,100.71,100.74,0
1491415200,100.79,100.85,100.53,100.56,0
1491418800,100.55,100.55,100.45,100.45,0
1491422400,100.46,100.58,100.43,100.57,0
1491426000,100.56,100.59,100.48,100.52,0
1491429600,100.51,100.53,100.51,100.52,0
1491433200,100.52,100.53,100.46,100.48,0
1491436800,100.46,100.48,100.38,100.45,0
1491440400,100.46,100.48,100.42,100.46,0
1491444000,100.47,100.49,100.43,100.49,0
1491447600,100.48,100.52,100.47,100.48,0
1491451200,100.49,100.51,100.47,100.47,0
1491454800,100.48,100.5,100.46,100.47,0
1491458400,100.48,100.5,100.44,100.47,0
1491462000,100.46,100.75,100.45,100.66,0
1491465600,100.65,100.69,100.63,100.63,0
1491469200,100.64,100.65,100.55,100.56,0
1491472800,100.57,100.62,100.56,100.61,0
1491476400,100.62,100.68,100.53,100.64,0
1491480000,100.62,100.68,100.56,100.6,0
1491483600,100.61,100.65,100.59,100.65,0
1491487200,100.64,100.64,100.54,100.6,0
1491490800,100.59,100.71,100.59,100.67,0
1491494400,100.68,100.69,100.62,100.67,0
1491498000,100.68,100.77,100.63,100.71,0
1491501600,100.7,100.74,100.65,100.67,0
1491505200,100.68,100.73,100.66,100.72,0
1491508800,100.73,100.73,100.7,100.7,0
1491512400,100.71,100.73,100.68,100.72,0
1491516000,100.73,100.73,100.72,100.72,0
1491519600,100.74,100.74,100.7,100.72,0
1491523200,100.73,100.75,100.71,100.74,0
1491526800,100.73,100.78,100.58,100.58,0
1491530400,100.59,100.66,100.53,100.65,0
1491534000,100.66,100.68,100.63,100.67,0
1491537600,100.68,100.69,100.64,100.64,0
1491541200,100.63,100.68,100.59,100.59,0
1491544800,100.6,100.67,100.59,100.63,0
1491548400,100.64,100.76,100.63,100.72,0
1491552000,100.71,100.78,100.67,100.77,0
1491555600,100.76,100.78,100.72,100.73,0
1491559200,100.74,100.82,100.73,100.8,0
1491562800,100.81,100.86,100.79,100.86,0
1491566400,100.87,100.95,100.52,100.86,0
1491570000,100.88,100.95,100.8,100.82,0
1491573600,100.83,100.96,100.8,100.91,0
1491577200,100.93,100.96,100.88,100.93,0
1491580800,100.94,101.11,100.9,101.09,0
1491584400,101.1,101.25,101.09,101.22,0
1491588000,101.24,101.26,101.18,101.18,0
1491591600,101.17,101.19,101.14,101.16,0
1491595200,101.15,101.17,101.07,101.16,0
1491598800,101.13,101.13,101.13,101.13,0
1491771600,101.15,101.2,101.14,101.19,0
1491775200,101.2,101.26,101.19,101.25,0
1491778800,101.26,101.29,101.22,101.23,0
1491782400,101.24,101.3,101.22,101.29,0
1491786000,101.28,101.31,101.22,101.28,0
1491789600,101.29,101.34,101.28,101.3,0
1491793200,101.31,101.31,101.24,101.26,0
1491796800,101.25,101.27,101.21,101.22,0
1491800400,101.23,101.25,101.17,101.18,0
1491804000,101.19,101.23,101.15,101.21,0
1491807600,101.2,101.23,101.18,101.18,0
1491811200,101.17,101.25,101.16,101.18,0
1491814800,101.17,101.23,101.15,101.2,0
1491818400,101.21,101.24,101.19,101.21,0
1491822000,101.2,101.28,101.18,101.24,0
1491825600,101.23,101.27,101.18,101.22,0
1491829200,101.21,101.21,101.05,101.05,0
1491832800,101.04,101.12,100.99,101.03,0
1491836400,101.01,101.05,100.95,100.97,0
1491840000,100.96,101,100.95,100.99,0
1491843600,101,101.03,100.97,101,0
1491847200,100.99,101.03,100.94,101.02,0
1491850800,101.03,101.06,101.01,101.03,0
1491854400,101.04,101.1,101,101.01,0
1491858000,101.02,101.03,100.98,101.01,0
1491861600,101.02,101.03,100.99,101.01,0
1491865200,100.96,100.99,100.95,100.96,0
1491868800,100.97,101.03,100.92,101.01,0
1491872400,101.02,101.05,101,101.04,0
1491876000,101.03,101.08,101.02,101.04,0
1491879600,101.05,101.05,101,101.05,0
1491883200,101.06,101.06,101,101.01,0
1491886800,101.02,101.06,101.01,101.04,0
1491890400,101.05,101.08,100.99,100.99,0
1491894000,101,101.08,100.96,101,0
1491897600,101.01,101.01,100.89,100.94,0
1491901200,100.93,100.96,100.88,100.9,0
1491904800,100.91,100.91,100.8,100.85,0
1491908400,100.86,100.87,100.81,100.81,0
1491912000,100.8,100.85,100.77,100.83,0
1491915600,100.82,100.84,100.79,100.82,0
1491919200,100.83,100.83,100.59,100.61,0
1491922800,100.6,100.7,100.58,100.7,0
1491926400,100.68,100.74,100.68,100.71,0
1491930000,100.7,100.79,100.7,100.74,0
1491933600,100.75,100.76,100.69,100.71,0
1491937200,100.72,100.74,100.71,100.73,0
1491940800,100.74,100.74,100.7,100.72,0
1491944400,100.73,100.73,100.69,100.71,0
1491948000,100.72,100.72,100.7,100.71,0
1491951600,100.74,100.74,100.67,100.68,0
1491955200,100.67,100.74,100.64,100.67,0
1491958800,100.68,100.7,100.64,100.68,0
1491962400,100.67,100.76,100.66,100.73,0
1491966000,100.74,100.77,100.72,100.72,0
1491969600,100.73,100.74,100.7,100.71,0
1491973200,100.7,100.72,100.66,100.67,0
1491976800,100.68,100.69,100.61,100.64,0
1491980400,100.65,100.66,100.59,100.61,0
1491984000,100.62,100.66,100.6,100.61,0
1491987600,100.6,100.7,100.57,100.69,0
1491991200,100.7,100.74,100.69,100.7,0
1491994800,100.71,100.75,100.68,100.71,0
1491998400,100.7,100.73,100.66,100.7,0
1492002000,100.71,100.71,100.64,100.66,0
1492005600,100.63,100.66,100.53,100.54,0
1492009200,100.53,100.63,100.51,100.62,0
1492012800,100.63,100.7,100.62,100.7,0
1492016400,100.69,100.82,100.67,100.77,0
1492020000,100.78,100.79,100.71,100.78,0
1492023600,100.77,100.77,100.14,100.24,0
1492027200,100.25,100.25,100.09,100.16,0
1492030800,100.17,100.17,100.1,100.14,0
1492034400,100.12,100.19,100.12,100.18,0
1492038000,100.16,100.18,100.09,100.1,0
1492041600,100.09,100.16,100.09,100.11,0
1492045200,100.1,100.14,100.05,100.05,0
1492048800,100.06,100.08,100.01,100.03,0
1492052400,100.04,100.07,100.03,100.05,0
1492056000,100.06,100.07,100.03,100.04,0
1492059600,100.05,100.14,100.04,100.08,0
1492063200,100.09,100.25,100.03,100.24,0
1492066800,100.25,100.26,100.17,100.24,0
1492070400,100.25,100.32,100.2,100.28,0
1492074000,100.27,100.32,100.24,100.27,0
1492077600,100.28,100.35,100.26,100.31,0
1492081200,100.32,100.44,100.31,100.43,0
1492084800,100.42,100.45,100.38,100.41,0
1492088400,100.4,100.57,100.36,100.5,0
1492092000,100.51,100.57,100.42,100.47,0
1492095600,100.46,100.49,100.4,100.44,0
1492099200,100.43,100.49,100.42,100.49,0
1492102800,100.48,100.55,100.45,100.53,0
1492106400,100.54,100.56,100.52,100.56,0
1492110000,100.57,100.6,100.52,100.55,0
1492113600,100.54,100.6,100.54,100.58,0
1492117200,100.57,100.59,100.52,100.57,0
1492120800,100.56,100.58,100.56,100.58,0
1492376400,100.46,100.52,100.46,100.51,0
1492380000,100.52,100.55,100.49,100.53,0
1492383600,100.54,100.54,100.44,100.46,0
1492387200,100.45,100.47,100.36,100.38,0
1492390800,100.37,100.4,100.35,100.37,0
1492394400,100.36,100.37,100.33,100.35,0
1492398000,100.36,100.41,100.35,100.39,0
1492401600,100.4,100.4,100.38,100.39,0
1492405200,100.38,100.43,100.38,100.41,0
1492408800,100.42,100.43,100.34,100.35,0
1492412400,100.36,100.37,100.18,100.28,0
1492416000,100.27,100.36,100.25,100.35,0
1492419600,100.34,100.37,100.32,100.33,0
1492423200,100.34,100.34,100.29,100.31,0
1492426800,100.3,100.3,100.24,100.26,0
1492430400,100.25,100.26,100.19,100.24,0
1492434000,100.23,100.25,100.13,100.15,0
1492437600,100.14,100.16,100.04,100.05,0
1492441200,100.04,100.13,100,100.09,0
1492444800,100.1,100.16,100.1,100.15,0
1492448400,100.14,100.17,100.13,100.15,0
1492452000,100.14,100.29,100.13,100.29,0
1492455600,100.28,100.37,100.28,100.33,0
1492459200,100.32,100.34,100.29,100.3,0
1492462800,100.31,100.34,100.24,100.3,0
1492466400,100.32,100.32,100.29,100.3,0
1492470000,100.35,100.38,100.33,100.34,0
1492473600,100.35,100.4,100.32,100.33,0
1492477200,100.32,100.36,100.27,100.27,0
1492480800,100.28,100.31,100.25,100.27,0
1492484400,100.26,100.29,100.25,100.28,0
1492488000,100.29,100.33,100.27,100.33,0
1492491600,100.32,100.34,100.27,100.29,0
1492495200,100.3,100.34,100.25,100.26,0
1492498800,100.27,100.31,100.19,100.24,0
1492502400,100.25,100.28,100.22,100.23,0
1492506000,100.25,100.34,100.23,100.23,0
1492509600,100.24,100.28,100.08,100.1,0
1492513200,100.11,100.11,99.957,100,0
1492516800,100.01,100.02,99.816,99.85,0
1492520400,99.851,99.933,99.836,99.932,0
1492524000,99.931,99.932,99.791,99.802,0
1492527600,99.81,99.838,99.718,99.725,0
1492531200,99.723,99.793,99.71,99.724,0
1492534800,99.729,99.764,99.483,99.579,0
1492538400,99.578,99.628,99.499,99.499,0
1492542000,99.503,99.55,99.465,99.489,0
1492545600,99.487,99.528,99.482,99.511,0
1492549200,99.492,99.548,99.492,99.513,0
1492552800,99.512,99.512,99.5,99.504,0
1492556400,99.506,99.547,99.463,99.546,0
1492560000,99.543,99.567,99.508,99.563,0
1492563600,99.562,99.59,99.542,99.589,0
1492567200,99.591,99.635,99.578,99.609,0
1492570800,99.61,99.635,99.599,99.623,0
1492574400,99.628,99.645,99.612,99.634,0
1492578000,99.627,99.66,99.599,99.641,0
1492581600,99.637,99.706,99.597,99.628,0
1492585200,99.618,99.656,99.55,99.588,0
1492588800,99.59,99.716,99.588,99.699,0
1492592400,99.7,99.755,99.661,99.67,0
1492596000,99.672,99.672,99.601,99.628,0
1492599600,99.621,99.702,99.587,99.686,0
1492603200,99.685,99.689,99.619,99.688,0
1492606800,99.682,99.833,99.669,99.818,0
1492610400,99.822,99.834,99.703,99.759,0
1492614000,99.756,99.893,99.723,99.845,0
1492617600,99.848,99.873,99.76,99.802,0
1492621200,99.798,99.819,99.774,99.803,0
1492624800,99.801,99.812,99.716,99.738,0
1492628400,99.74,99.825,99.728,99.77,0
1492632000,99.774,99.841,99.764,99.806,0
1492635600,99.814,99.821,99.784,99.806,0
1492639200,99.81,99.821,99.802,99.805,0
1492642800,99.78,99.805,99.776,99.784,0
1492646400,99.783,99.806,99.767,99.788,0
1492650000,99.785,99.849,99.776,99.846,0
1492653600,99.845,99.85,99.782,99.786,0
1492657200,99.79,99.809,99.734,99.756,0
1492660800,99.754,99.772,99.692,99.692,0
1492664400,99.691,99.718,99.683,99.695,0
1492668000,99.694,99.708,99.521,99.562,0
1492671600,99.565,99.627,99.542,99.569,0
1492675200,99.568,99.569,99.393,99.436,0
1492678800,99.435,99.484,99.374,99.48,0
1492682400,99.481,99.571,99.466,99.565,0
1492686000,99.569,99.645,99.562,99.616,0
1492689600,99.618,99.652,99.565,99.594,0
1492693200,99.6,99.644,99.478,99.496,0
1492696800,99.5,99.605,99.47,99.489,0
1492700400,99.494,99.574,99.4,99.566,0
1492704000,99.558,99.673,99.54,99.635,0
1492707600,99.638,99.842,99.62,99.818,0
1492711200,99.821,99.827,99.762,99.778,0
1492714800,99.781,99.824,99.732,99.808,0
1492718400,99.803,99.823,99.771,99.795,0
1492722000,99.801,99.819,99.764,99.811,0
1492725600,99.809,99.85,99.809,99.837,0
1492729200,99.841,99.86,99.821,99.841,0
1492732800,99.848,99.856,99.795,99.804,0
1492736400,99.808,99.819,99.788,99.809,0
1492740000,99.804,99.845,99.804,99.831,0
1492743600,99.832,99.837,99.786,99.818,0
1492747200,99.817,99.824,99.796,99.823,0
1492750800,99.821,99.828,99.782,99.818,0
1492754400,99.816,99.86,99.725,99.733,0
1492758000,99.731,99.772,99.653,99.732,0
1492761600,99.728,99.797,99.715,99.77,0
1492765200,99.766,99.907,99.755,99.865,0
1492768800,99.867,99.976,99.863,99.883,0
1492772400,99.886,99.97,99.87,99.96,0
1492776000,99.962,99.99,99.882,99.908,0
1492779600,99.906,99.951,99.85,99.932,0
1492783200,99.941,100.02,99.896,100.02,0
1492786800,100.01,100.02,99.923,99.957,0
1492790400,99.962,100.03,99.934,99.959,0
1492794000,99.956,99.964,99.84,99.939,0
1492797600,99.944,100.02,99.927,99.977,0
1492801200,99.968,99.981,99.886,99.902,0
1492804800,99.903,99.926,99.727,99.731,0
1492808400,99.734,99.745,99.734,99.745,0
1492981200,98.832,99.006,98.831,98.863,0
1492984800,98.853,99.014,98.835,98.918,0
1492988400,98.914,99.027,98.884,98.973,0
1492992000,98.97,99.163,98.945,99.119,0
1492995600,99.123,99.223,99.095,99.2,0
1492999200,99.196,99.326,99.195,99.227,0
1493002800,99.225,99.25,99.135,99.178,0
1493006400,99.179,99.2,99.077,99.084,0
1493010000,99.086,99.176,99.004,99.055,0
1493013600,99.054,99.263,99.036,99.212,0
1493017200,99.206,99.251,99.028,99.08,0
1493020800,99.082,99.103,98.947,99.038,0
1493024400,99.041,99.063,98.908,98.961,0
1493028000,98.963,99.063,98.949,99.018,0
1493031600,99.028,99.15,98.994,99.146,0
1493035200,99.144,99.171,99.011,99.075,0
1493038800,99.079,99.079,98.992,99.057,0
1493042400,99.058,99.122,99.02,99.093,0
1493046000,99.085,99.158,99.028,99.154,0
1493049600,99.162,99.244,99.125,99.21,0
1493053200,99.204,99.204,99.153,99.167,0
1493056800,99.161,99.186,99.092,99.092,0
1493060400,99.093,99.125,99.02,99.031,0
1493064000,99.034,99.043,99.007,99.021,0
1493067600,99.028,99.06,99.009,99.055,0
1493071200,99.052,99.052,99.037,99.042,0
1493074800,99.049,99.085,99.046,99.074,0
1493078400,99.075,99.127,99.043,99.127,0
1493082000,99.126,99.162,99.108,99.162,0
1493085600,99.165,99.215,99.144,99.149,0
1493089200,99.152,99.163,99.132,99.154,0
1493092800,99.159,99.182,99.115,99.129,0
1493096400,99.131,99.138,99.078,99.131,0
1493100000,99.13,99.149,98.994,99.013,0
1493103600,99.016,99.072,98.964,99.013,0
1493107200,99.016,99.026,98.962,98.981,0
1493110800,98.98,99.037,98.923,99.03,0
1493114400,99.029,99.097,99.015,99.049,0
1493118000,99.047,99.069,98.996,99.006,0
1493121600,99.005,99.046,98.965,99.043,0
1493125200,99.045,99.097,98.984,98.993,0
1493128800,98.982,99.047,98.773,98.831,0
1493132400,98.836,98.885,98.764,98.771,0
1493136000,98.765,98.796,98.711,98.718,0
1493139600,98.714,98.803,98.695,98.794,0
1493143200,98.788,98.846,98.756,98.785,0
1493146800,98.787,98.865,98.776,98.777,0
1493150400,98.776,98.851,98.776,98.848,0
1493154000,98.843,98.856,98.792,98.841,0
1493157600,98.838,98.838,98.825,98.835,0
1493161200,98.847,98.865,98.822,98.838,0
1493164800,98.832,98.841,98.758,98.795,0
1493168400,98.796,98.827,98.767,98.795,0
1493172000,98.788,98.813,98.771,98.784,0
1493175600,98.781,98.802,98.769,98.792,0
1493179200,98.795,98.797,98.732,98.777,0
1493182800,98.778,98.781,98.735,98.764,0
1493186400,98.763,98.938,98.728,98.919,0
1493190000,98.912,98.999,98.855,98.944,0
1493193600,98.949,99.054,98.925,99.003,0
1493197200,99.002,99.065,98.953,99.01,0
1493200800,99.008,99.106,99.005,99.055,0
1493204400,99.05,99.079,99.002,99.071,0
1493208000,99.07,99.179,99.036,99.119,0
1493211600,99.114,99.238,99.075,99.095,0
1493215200,99.087,99.152,99.051,99.152,0
1493218800,99.151,99.32,99.119,99.213,0
1493222400,99.208,99.262,99.185,99.231,0
1493226000,99.226,99.332,99.011,99.015,0
1493229600,99.017,99.118,98.905,99.045,0
1493233200,99.048,99.101,98.925,98.942,0
1493236800,98.94,98.976,98.924,98.972,0
1493240400,98.97,98.999,98.948,98.974,0
1493244000,98.97,98.99,98.97,98.982,0
1493247600,98.95,98.973,98.933,98.961,0
1493251200,98.96,99,98.93,98.99,0
1493254800,98.991,99.022,98.971,98.98,0
1493258400,98.975,98.976,98.836,98.906,0
1493262000,98.905,98.905,98.83,98.88,0
1493265600,98.883,98.932,98.88,98.92,0
1493269200,98.917,98.954,98.899,98.946,0
1493272800,98.943,98.974,98.903,98.908,0
1493276400,98.905,98.949,98.827,98.936,0
1493280000,98.934,98.986,98.864,98.961,0
1493283600,98.963,99.042,98.946,98.986,0
1493287200,98.996,99.02,98.947,99.004,0
1493290800,99.001,99.106,98.959,99.086,0
1493294400,99.081,99.125,98.814,99.035,0
1493298000,99.036,99.326,99.029,99.262,0
1493301600,99.287,99.331,99.163,99.223,0
1493305200,99.221,99.249,99.164,99.234,0
1493308800,99.232,99.264,99.125,99.143,0
1493312400,99.144,99.162,99.077,99.097,0
1493316000,99.096,99.121,99.056,99.076,0
1493319600,99.08,99.137,99.057,99.122,0
1493323200,99.125,99.162,99.076,99.152,0
1493326800,99.153,99.159,99.132,99.15,0
1493330400,99.148,99.165,99.148,99.154,0
1493334000,99.174,99.228,99.16,99.194,0
1493337600,99.195,99.235,99.181,99.221,0
1493341200,99.227,99.248,99.146,99.173,0
1493344800,99.17,99.18,99.131,99.16,0
1493348400,99.161,99.184,99.157,99.165,0
1493352000,99.167,99.193,99.154,99.179,0
1493355600,99.182,99.241,99.171,99.209,0
1493359200,99.206,99.206,99.11,99.139,0
1493362800,99.142,99.142,99.049,99.063,0
1493366400,99.082,99.097,98.974,98.981,0
1493370000,98.978,98.978,98.716,98.8,0
1493373600,98.792,98.801,98.733,98.783,0
1493377200,98.785,98.844,98.769,98.799,0
1493380800,98.796,99.023,98.79,98.977,0
1493384400,98.979,99.071,98.904,98.926,0
1493388000,98.929,99.129,98.908,99.101,0
1493391600,99.095,99.114,99.018,99.067,0
1493395200,99.07,99.127,99.001,99.004,0
1493398800,99.006,99.021,98.958,98.988,0
1493402400,98.991,99.059,98.969,99.05,0
1493406000,99.039,99.063,99.007,99.054,0
1493409600,99.048,99.075,99.01,99.048,0
1493413200,99.043,99.043,99.04,99.041,0
1493586000,98.944,99.068,98.937,99.038,0
1493589600,99.035,99.048,98.984,98.992,0
1493593200,98.995,98.996,98.929,98.975,0
1493596800,98.974,99.029,98.956,99.027,0
1493600400,99.031,99.162,99.031,99.138,0
1493604000,99.135,99.135,99.094,99.117,0
1493607600,99.118,99.144,99.11,99.131,0
1493611200,99.126,99.154,99.122,99.143,0
1493614800,99.145,99.18,99.108,99.174,0
1493618400,99.172,99.197,99.139,99.191,0
1493622000,99.199,99.208,99.118,99.157,0
1493625600,99.155,99.155,99.091,99.1,0
1493629200,99.098,99.122,99.062,99.069,0
1493632800,99.07,99.081,99.04,99.065,0
1493636400,99.066,99.11,99.022,99.025,0
1493640000,99.022,99.038,98.903,98.942,0
1493643600,98.934,99.033,98.934,99.003,0
1493647200,99.006,99.006,98.886,98.961,0
1493650800,98.964,99.034,98.945,99.018,0
1493654400,99.017,99.105,98.987,99.056,0
1493658000,99.061,99.105,99.054,99.072,0
1493661600,99.076,99.091,99.052,99.077,0
1493665200,99.078,99.139,99.057,99.133,0
1493668800,99.13,99.155,99.127,99.147,0
1493672400,99.146,99.161,99.122,99.151,0
1493676000,99.16,99.16,99.127,99.133,0
1493679600,99.071,99.1,99.063,99.076,0
1493683200,99.077,99.108,99.049,99.083,0
1493686800,99.079,99.093,99.055,99.077,0
1493690400,99.081,99.116,99.042,99.046,0
1493694000,99.047,99.05,99.004,99.026,0
1493697600,99.025,99.062,99.021,99.06,0
1493701200,99.056,99.064,98.992,99.037,0
1493704800,99.056,99.131,99.026,99.099,0
1493708400,99.096,99.153,99.057,99.15,0
1493712000,99.151,99.172,99.047,99.081,0
1493715600,99.086,99.126,99.023,99.049,0
1493719200,99.039,99.098,99.013,99.035,0
1493722800,99.036,99.128,99.025,99.127,0
1493726400,99.118,99.139,99.059,99.132,0
1493730000,99.126,99.144,99.071,99.1,0
1493733600,99.094,99.224,99.091,99.147,0
1493737200,99.146,99.175,99.087,99.101,0
1493740800,99.1,99.135,99.052,99.134,0
1493744400,99.125,99.144,99.042,99.042,0
1493748000,99.041,99.061,98.965,98.976,0
1493751600,98.975,99.008,98.95,98.974,0
1493755200,98.972,98.984,98.917,98.929,0
1493758800,98.935,98.964,98.932,98.948,0
1493762400,98.949,98.963,98.941,98.953,0
1493766000,98.925,98.948,98.891,98.902,0
1493769600,98.898,98.946,98.893,98.919,0
1493773200,98.928,98.934,98.895,98.926,0
1493776800,98.927,98.941,98.915,98.917,0
1493780400,98.918,98.956,98.906,98.955,0
1493784000,98.954,98.978,98.928,98.947,0
1493787600,98.948,99.031,98.945,99.027,0
1493791200,99.029,99.076,99.005,99.01,0
1493794800,99.009,99.093,99.009,99.029,0
1493798400,99.035,99.1,99.008,99.085,0
1493802000,99.082,99.117,99.074,99.104,0
1493805600,99.109,99.126,99.07,99.098,0
1493809200,99.1,99.114,99.052,99.067,0
1493812800,99.065,99.118,99.008,99.069,0
1493816400,99.076,99.12,99.033,99.118,0
1493820000,99.117,99.169,99.088,99.136,0
1493823600,99.14,99.145,99.049,99.061,0
1493827200,99.06,99.098,99.041,99.082,0
1493830800,99.084,99.117,99.037,99.101,0
1493834400,99.106,99.281,98.996,99.209,0
1493838000,99.211,99.348,99.198,99.291,0
1493841600,99.289,99.394,99.287,99.37,0
1493845200,99.369,99.378,99.334,99.368,0
1493848800,99.367,99.391,99.347,99.381,0
1493852400,99.343,99.376,99.333,99.355,0
1493856000,99.353,99.385,99.31,99.377,0
1493859600,99.375,99.388,99.305,99.317,0
1493863200,99.319,99.347,99.304,99.329,0
1493866800,99.326,99.337,99.288,99.293,0
1493870400,99.295,99.314,99.286,99.295,0
1493874000,99.292,99.321,99.291,99.316,0
1493877600,99.315,99.462,99.29,99.399,0
1493881200,99.396,99.421,99.181,99.21,0
1493884800,99.216,99.231,99.134,99.171,0
1493888400,99.163,99.172,99.044,99.078,0
1493892000,99.073,99.136,99.038,99.124,0
1493895600,99.125,99.161,99.087,99.141,0
1493899200,99.147,99.197,99.058,99.069,0
1493902800,99.076,99.148,99.035,99.047,0
1493906400,99.05,99.089,98.94,98.978,0
1493910000,98.983,99.059,98.858,98.87,0
1493913600,98.875,98.889,98.775,98.805,0
1493917200,98.806,98.879,98.783,98.864,0
1493920800,98.86,98.886,98.781,98.797,0
1493924400,98.793,98.793,98.73,98.73,0
1493928000,98.735,98.761,98.709,98.743,0
1493931600,98.714,98.791,98.714,98.784,0
1493935200,98.785,98.785,98.759,98.78,0
1493938800,98.769,98.781,98.76,98.77,0
1493942400,98.772,98.818,98.764,98.788,0
1493946000,98.791,98.85,98.791,98.838,0
1493949600,98.836,98.847,98.814,98.814,0
1493953200,98.818,98.818,98.748,98.754,0
1493956800,98.749,98.762,98.718,98.758,0
1493960400,98.757,98.784,98.723,98.781,0
1493964000,98.786,98.803,98.734,98.798,0
1493967600,98.805,98.848,98.726,98.792,0
1493971200,98.791,98.878,98.765,98.873,0
1493974800,98.871,98.884,98.818,98.88,0
1493978400,98.881,98.915,98.856,98.889,0
1493982000,98.89,98.93,98.864,98.901,0
1493985600,98.902,98.975,98.678,98.759,0
1493989200,98.762,98.864,98.725,98.736,0
1493992800,98.741,98.752,98.628,98.674,0
1493996400,98.688,98.712,98.593,98.641,0
1494000000,98.639,98.701,98.617,98.678,0
1494003600,98.675,98.712,98.644,98.65,0
1494007200,98.64,98.702,98.64,98.648,0
1494010800,98.649,98.663,98.543,98.544,0
1494014400,98.546,98.603,98.545,98.571,0
1494018000,98.575,98.579,98.575,98.575,0
1494190800,98.48,98.569,98.48,98.508,0
1494194400,98.509,98.693,98.508,98.648,0
1494198000,98.644,98.802,98.623,98.783,0
1494201600,98.787,98.831,98.75,98.784,0
1494205200,98.782,98.802,98.732,98.735,0
1494208800,98.74,98.757,98.678,98.736,0
1494212400,98.741,98.784,98.73,98.756,0
1494216000,98.75,98.828,98.737,98.745,0
1494219600,98.746,98.755,98.607,98.614,0
1494223200,98.609,98.713,98.599,98.659,0
1494226800,98.658,98.822,98.652,98.805,0
1494230400,98.801,98.851,98.757,98.82,0
1494234000,98.823,98.955,98.823,98.923,0
1494237600,98.925,98.943,98.836,98.882,0
1494241200,98.881,98.974,98.849,98.974,0
1494244800,98.977,99.013,98.914,98.929,0
1494248400,98.928,98.993,98.887,98.972,0
1494252000,98.968,99.086,98.947,99.05,0
1494255600,99.056,99.167,99.046,99.083,0
1494259200,99.089,99.143,99.064,99.084,0
1494262800,99.089,99.14,99.055,99.111,0
1494266400,99.11,99.115,99.047,99.06,0
1494270000,99.067,99.114,99.066,99.11,0
1494273600,99.109,99.17,99.1,99.15,0
1494277200,99.16,99.176,99.126,99.165,0
1494280800,99.166,99.166,99.151,99.157,0
1494284400,99.139,99.147,99.095,99.128,0
1494288000,99.13,99.17,99.079,99.149,0
1494291600,99.15,99.18,99.095,99.114,0
1494295200,99.113,99.137,99.092,99.127,0
1494298800,99.125,99.135,99.079,99.114,0
1494302400,99.115,99.116,99.096,99.109,0
1494306000,99.112,99.166,99.103,99.153,0
1494309600,99.155,99.316,99.135,99.297,0
1494313200,99.298,99.302,99.173,99.173,0
1494316800,99.17,99.292,99.158,99.289,0
1494320400,99.291,99.423,99.269,99.321,0
1494324000,99.319,99.452,99.314,99.385,0
1494327600,99.388,99.511,99.349,99.495,0
1494331200,99.49,99.609,99.459,99.552,0
1494334800,99.553,99.562,99.444,99.464,0
1494338400,99.466,99.522,99.4,99.458,0
1494342000,99.462,99.617,99.455,99.591,0
1494345600,99.593,99.622,99.47,99.488,0
1494349200,99.487,99.628,99.481,99.539,0
1494352800,99.538,99.688,99.538,99.658,0
1494356400,99.659,99.676,99.536,99.575,0
1494360000,99.574,99.6,99.533,99.575,0
1494363600,99.577,99.597,99.528,99.563,0
1494367200,99.548,99.566,99.536,99.536,0
1494370800,99.474,99.487,99.407,99.45,0
1494374400,99.451,99.484,99.401,99.409,0
1494378000,99.41,99.438,99.395,99.409,0
1494381600,99.412,99.437,99.395,99.429,0
1494385200,99.43,99.432,99.386,99.42,0
1494388800,99.413,99.439,99.375,99.435,0
1494392400,99.439,99.462,99.397,99.441,0
1494396000,99.425,99.486,99.407,99.482,0
1494399600,99.476,99.48,99.398,99.424,0
1494403200,99.423,99.543,99.365,99.541,0
1494406800,99.544,99.654,99.54,99.586,0
1494410400,99.583,99.617,99.549,99.566,0
1494414000,99.567,99.618,99.51,99.511,0
1494417600,99.515,99.559,99.48,99.504,0
1494421200,99.506,99.628,99.476,99.567,0
1494424800,99.563,99.611,99.516,99.562,0
1494428400,99.56,99.636,99.548,99.564,0
1494432000,99.56,99.598,99.544,99.592,0
1494435600,99.59,99.694,99.568,99.673,0
1494439200,99.674,99.724,99.66,99.669,0
1494442800,99.675,99.675,99.601,99.62,0
1494446400,99.619,99.627,99.597,99.622,0
1494450000,99.619,99.662,99.603,99.629,0
1494453600,99.627,99.634,99.621,99.63,0
1494457200,99.661,99.696,99.646,99.673,0
1494460800,99.676,99.702,99.613,99.62,0
1494464400,99.631,99.656,99.586,99.655,0
1494468000,99.653,99.653,99.574,99.594,0
1494471600,99.592,99.633,99.585,99.633,0
1494475200,99.632,99.658,99.63,99.655,0
1494478800,99.653,99.69,99.609,99.609,0
1494482400,99.605,99.627,99.513,99.579,0
1494486000,99.578,99.623,99.486,99.51,0
1494489600,99.515,99.584,99.501,99.578,0
1494493200,99.577,99.618,99.577,99.597,0
1494496800,99.6,99.617,99.565,99.598,0
1494500400,99.602,99.727,99.589,99.727,0
1494504000,99.728,99.888,99.693,99.767,0
1494507600,99.763,99.769,99.617,99.657,0
1494511200,99.651,99.655,99.553,99.616,0
1494514800,99.615,99.629,99.567,99.595,0
1494518400,99.592,99.665,99.579,99.629,0
1494522000,99.628,99.648,99.569,99.618,0
1494525600,99.617,99.638,99.597,99.623,0
1494529200,99.62,99.655,99.611,99.64,0
1494532800,99.635,99.666,99.609,99.656,0
1494536400,99.658,99.666,99.629,99.648,0
1494540000,99.651,99.658,99.639,99.648,0
1494543600,99.631,99.639,99.607,99.633,0
1494547200,99.636,99.684,99.624,99.645,0
1494550800,99.651,99.652,99.573,99.588,0
1494554400,99.585,99.589,99.553,99.576,0
1494558000,99.575,99.589,99.562,99.586,0
1494561600,99.588,99.617,99.57,99.578,0
1494565200,99.577,99.601,99.574,99.582,0
1494568800,99.585,99.653,99.571,99.649,0
1494572400,99.66,99.696,99.623,99.638,0
1494576000,99.639,99.661,99.583,99.643,0
1494579600,99.644,99.665,99.577,99.608,0
1494583200,99.602,99.639,99.593,99.607,0
1494586800,99.612,99.672,99.606,99.662,0
1494590400,99.665,99.665,99.3,99.326,0
1494594000,99.325,99.355,99.217,99.242,0
1494597600,99.25,99.306,99.201,99.244,0
1494601200,99.247,99.288,99.174,99.23,0
1494604800,99.229,99.325,99.207,99.293,0
1494608400,99.295,99.295,99.243,99.248,0
1494612000,99.246,99.283,99.213,99.252,0
1494615600,99.247,99.252,99.184,99.188,0
1494619200,99.198,99.208,99.164,99.18,0
1494622800,99.183,99.189,99.183,99.189,0
1494795600,99.163,99.179,99.135,99.159,0
1494799200,99.158,99.222,99.152,99.219,0
1494802800,99.221,99.242,99.202,99.204,0
1494806400,99.205,99.25,99.168,99.243,0
1494810000,99.244,99.262,99.21,99.214,0
1494813600,99.218,99.23,99.178,99.195,0
1494817200,99.196,99.205,99.162,99.174,0
1494820800,99.178,99.193,99.15,99.16,0
1494824400,99.157,99.169,99.137,99.169,0
1494828000,99.17,99.193,99.084,99.112,0
1494831600,99.115,99.127,99.027,99.082,0
1494835200,99.086,99.113,99.044,99.05,0
1494838800,99.047,99.054,98.942,98.97,0
1494842400,98.973,98.988,98.879,98.879,0
1494846000,98.883,98.925,98.846,98.92,0
1494849600,98.918,98.921,98.803,98.812,0
1494853200,98.818,98.892,98.787,98.886,0
1494856800,98.879,98.939,98.839,98.885,0
1494860400,98.886,98.906,98.84,98.87,0
1494864000,98.874,98.936,98.86,98.915,0
1494867600,98.908,99.006,98.894,98.99,0
1494871200,98.986,99.008,98.911,98.911,0
1494874800,98.913,98.944,98.9,98.918,0
1494878400,98.917,98.941,98.905,98.932,0
1494882000,98.933,98.944,98.88,98.899,0
1494885600,98.895,98.9,98.879,98.88,0
1494889200,98.874,98.9,98.854,98.881,0
1494892800,98.879,98.891,98.846,98.857,0
1494896400,98.854,98.873,98.799,98.821,0
1494900000,98.824,98.84,98.802,98.806,0
1494903600,98.805,98.819,98.795,98.805,0
1494907200,98.801,98.818,98.77,98.786,0
1494910800,98.787,98.787,98.721,98.783,0
1494914400,98.779,98.784,98.59,98.609,0
1494918000,98.611,98.63,98.503,98.56,0
1494921600,98.551,98.554,98.476,98.518,0
1494925200,98.522,98.648,98.516,98.548,0
1494928800,98.546,98.57,98.461,98.494,0
1494932400,98.492,98.515,98.417,98.494,0
1494936000,98.492,98.495,98.225,98.295,0
1494939600,98.293,98.374,98.286,98.369,0
1494943200,98.366,98.377,98.182,98.204,0
1494946800,98.206,98.333,98.193,98.287,0
1494950400,98.282,98.307,98.222,98.252,0
1494954000,98.247,98.256,98.134,98.145,0
1494957600,98.152,98.153,98.08,98.105,0
1494961200,98.101,98.178,98.087,98.175,0
1494964800,98.171,98.219,98.138,98.207,0
1494968400,98.208,98.221,98.185,98.221,0
1494972000,98.217,98.217,98.185,98.188,0
1494975600,98.096,98.137,98.066,98.089,0
1494979200,98.094,98.122,98.048,98.075,0
1494982800,98.073,98.093,98.055,98.067,0
1494986400,98.068,98.08,97.94,97.967,0
1494990000,97.973,97.975,97.908,97.92,0
1494993600,97.924,98.001,97.906,97.99,0
1494997200,97.991,98.049,97.916,97.941,0
1495000800,97.949,97.986,97.864,97.97,0
1495004400,97.969,98.129,97.891,98.087,0
1495008000,98.083,98.118,98.009,98.104,0
1495011600,98.111,98.111,98.006,98.024,0
1495015200,98.02,98.033,97.906,97.941,0
1495018800,97.931,97.999,97.903,97.903,0
1495022400,97.916,97.922,97.799,97.808,0
1495026000,97.813,97.91,97.741,97.741,0
1495029600,97.727,97.734,97.552,97.569,0
1495033200,97.564,97.715,97.551,97.688,0
1495036800,97.69,97.707,97.6,97.672,0
1495040400,97.67,97.673,97.518,97.518,0
1495044000,97.52,97.585,97.481,97.575,0
1495047600,97.572,97.596,97.478,97.516,0
1495051200,97.511,97.532,97.431,97.436,0
1495054800,97.444,97.455,97.333,97.398,0
1495058400,97.387,97.407,97.378,97.392,0
1495062000,97.43,97.526,97.428,97.502,0
1495065600,97.507,97.533,97.434,97.438,0
1495069200,97.437,97.523,97.371,97.511,0
1495072800,97.514,97.542,97.482,97.505,0
1495076400,97.504,97.504,97.451,97.454,0
1495080000,97.461,97.609,97.448,97.574,0
1495083600,97.575,97.64,97.567,97.638,0
1495087200,97.639,97.762,97.597,97.702,0
1495090800,97.707,97.707,97.571,97.649,0
1495094400,97.644,97.674,97.507,97.623,0
1495098000,97.626,97.672,97.506,97.586,0
1495101600,97.589,97.611,97.484,97.488,0
1495105200,97.487,97.675,97.468,97.637,0
1495108800,97.631,97.738,97.519,97.692,0
1495112400,97.699,97.749,97.615,97.69,0
1495116000,97.691,97.748,97.609,97.626,0
1495119600,97.619,97.654,97.545,97.578,0
1495123200,97.575,97.637,97.52,97.633,0
1495126800,97.627,98.051,97.601,97.971,0
1495130400,97.98,98.073,97.863,97.879,0
1495134000,97.884,97.954,97.793,97.796,0
1495137600,97.799,97.882,97.799,97.872,0
1495141200,97.876,97.928,97.862,97.905,0
1495144800,97.906,97.914,97.878,97.88,0
1495148400,97.851,97.851,97.782,97.812,0
1495152000,97.813,97.841,97.791,97.809,0
1495155600,97.808,97.829,97.764,97.81,0
1495159200,97.808,97.852,97.802,97.827,0
1495162800,97.826,97.829,97.777,97.802,0
1495166400,97.804,97.825,97.776,97.79,0
1495170000,97.792,97.821,97.784,97.788,0
1495173600,97.799,97.814,97.688,97.727,0
1495177200,97.731,97.731,97.59,97.625,0
1495180800,97.624,97.633,97.489,97.551,0
1495184400,97.545,97.559,97.444,97.491,0
1495188000,97.49,97.501,97.426,97.461,0
1495191600,97.456,97.483,97.306,97.351,0
1495195200,97.349,97.376,97.279,97.356,0
1495198800,97.354,97.362,97.241,97.302,0
1495202400,97.295,97.343,97.234,97.251,0
1495206000,97.249,97.295,97.22,97.278,0
1495209600,97.279,97.299,97.242,97.266,0
1495213200,97.265,97.273,97.089,97.092,0
1495216800,97.09,97.155,97.088,97.142,0
1495220400,97.147,97.165,97.08,97.123,0
1495224000,97.121,97.143,97.102,97.124,0
1495227600,97.118,97.118,97.118,97.118,0
1495400400,97.191,97.191,97.1,97.144,0
1495404000,97.142,97.18,97.118,97.133,0
1495407600,97.127,97.178,97.096,97.163,0
1495411200,97.167,97.323,97.163,97.316,0
1495414800,97.315,97.353,97.259,97.265,0
1495418400,97.269,97.328,97.267,97.267,0
1495422000,97.266,97.278,97.234,97.272,0
1495425600,97.271,97.298,97.25,97.298,0
1495429200,97.29,97.316,97.261,97.261,0
1495432800,97.258,97.316,97.207,97.291,0
1495436400,97.289,97.397,97.225,97.357,0
1495440000,97.355,97.441,97.304,97.403,0
1495443600,97.409,97.421,97.165,97.198,0
1495447200,97.197,97.197,97.011,97.052,0
1495450800,97.051,97.068,96.944,96.992,0
1495454400,96.994,97.001,96.879,96.916,0
1495458000,96.918,96.974,96.825,96.836,0
1495461600,96.841,96.918,96.797,96.895,0
1495465200,96.888,97.024,96.852,96.975,0
1495468800,96.976,97.011,96.946,96.972,0
1495472400,96.967,96.982,96.91,96.927,0
1495476000,96.931,96.999,96.917,96.984,0
1495479600,96.981,97.028,96.971,96.978,0
1495483200,96.977,96.986,96.947,96.976,0
1495486800,96.98,96.986,96.953,96.979,0
1495490400,96.987,96.992,96.972,96.99,0
1495494000,96.946,96.956,96.892,96.932,0
1495497600,96.934,96.958,96.89,96.955,0
1495501200,96.958,96.961,96.877,96.887,0
1495504800,96.888,96.9,96.863,96.9,0
1495508400,96.894,96.94,96.887,96.933,0
1495512000,96.931,96.947,96.868,96.892,0
1495515600,96.889,96.927,96.862,96.897,0
1495519200,96.896,97.051,96.895,97.042,0
1495522800,97.034,97.06,96.809,96.879,0
1495526400,96.89,96.954,96.83,96.91,0
1495530000,96.908,96.921,96.802,96.826,0
1495533600,96.827,96.972,96.821,96.957,0
1495537200,96.956,97.067,96.943,97.065,0
1495540800,97.059,97.091,96.93,96.959,0
1495544400,96.965,97,96.876,96.997,0
1495548000,96.998,97.094,96.942,97.003,0
1495551600,96.996,97.27,96.879,97.242,0
1495555200,97.247,97.352,97.182,97.281,0
1495558800,97.277,97.306,97.149,97.235,0
1495562400,97.232,97.403,97.218,97.351,0
1495566000,97.35,97.419,97.344,97.367,0
1495569600,97.371,97.405,97.352,97.37,0
1495573200,97.365,97.385,97.347,97.362,0
1495576800,97.36,97.365,97.34,97.34,0
1495580400,97.344,97.43,97.343,97.421,0
1495584000,97.428,97.428,97.316,97.349,0
1495587600,97.348,97.385,97.317,97.343,0
1495591200,97.351,97.372,97.318,97.371,0
1495594800,97.365,97.421,97.363,97.401,0
1495598400,97.404,97.413,97.38,97.397,0
1495602000,97.398,97.456,97.384,97.435,0
1495605600,97.426,97.465,97.374,97.414,0
1495609200,97.415,97.456,97.362,97.4,0
1495612800,97.415,97.431,97.257,97.325,0
1495616400,97.327,97.387,97.294,97.378,0
1495620000,97.376,97.397,97.295,97.327,0
1495623600,97.325,97.389,97.308,97.343,0
1495627200,97.345,97.353,97.25,97.284,0
1495630800,97.282,97.425,97.266,97.373,0
1495634400,97.369,97.369,97.253,97.356,0
1495638000,97.355,97.46,97.327,97.432,0
1495641600,97.433,97.442,97.391,97.421,0
1495645200,97.427,97.436,97.322,97.333,0
1495648800,97.34,97.398,97.093,97.238,0
1495652400,97.239,97.26,97.083,97.103,0
1495656000,97.099,97.117,97.038,97.049,0
1495659600,97.045,97.094,97.025,97.087,0
1495663200,97.08,97.103,97.071,97.103,0
1495666800,97.075,97.075,96.971,96.985,0
1495670400,96.988,97.056,96.982,97.044,0
1495674000,97.042,97.067,96.983,97.031,0
1495677600,97.035,97.04,96.926,96.939,0
1495681200,96.936,96.95,96.897,96.943,0
1495684800,96.942,96.959,96.905,96.92,0
1495688400,96.921,96.966,96.891,96.897,0
1495692000,96.9,97.029,96.895,97.012,0
1495695600,97.008,97.03,96.925,96.94,0
1495699200,96.933,96.978,96.88,96.962,0
1495702800,96.959,97.13,96.959,97.083,0
1495706400,97.088,97.193,97.088,97.119,0
1495710000,97.122,97.186,97.1,97.129,0
1495713600,97.122,97.27,97.118,97.206,0
1495717200,97.201,97.218,97.106,97.128,0
1495720800,97.121,97.225,97.079,97.163,0
1495724400,97.164,97.177,97.08,97.126,0
1495728000,97.125,97.151,97.069,97.129,0
1495731600,97.133,97.248,97.105,97.208,0
1495735200,97.21,97.284,97.209,97.248,0
1495738800,97.249,97.261,97.173,97.196,0
1495742400,97.195,97.258,97.195,97.217,0
1495746000,97.214,97.235,97.198,97.223,0
1495749600,97.24,97.24,97.194,97.195,0
1495753200,97.231,97.238,97.203,97.217,0
1495756800,97.218,97.32,97.199,97.26,0
1495760400,97.258,97.398,97.243,97.387,0
1495764000,97.383,97.398,97.289,97.296,0
1495767600,97.294,97.3,97.257,97.289,0
1495771200,97.294,97.318,97.28,97.289,0
1495774800,97.292,97.325,97.257,97.308,0
1495778400,97.306,97.343,97.19,97.195,0
1495782000,97.198,97.215,97.093,97.128,0
1495785600,97.139,97.142,97.036,97.088,0
1495789200,97.086,97.15,97.062,97.113,0
1495792800,97.116,97.134,97.051,97.074,0
1495796400,97.078,97.292,97.075,97.292,0
1495800000,97.296,97.396,97.245,97.396,0
1495803600,97.393,97.506,97.38,97.493,0
1495807200,97.492,97.512,97.329,97.38,0
1495810800,97.39,97.508,97.384,97.483,0
1495814400,97.487,97.548,97.426,97.442,0
1495818000,97.449,97.459,97.393,97.419,0
1495821600,97.414,97.447,97.391,97.403,0
1495825200,97.409,97.469,97.391,97.449,0
1495828800,97.453,97.482,97.382,97.394,0
1495832400,97.402,97.407,97.387,97.401,0
1496098800,97.635,97.713,97.628,97.7,0
1496102400,97.699,97.71,97.641,97.648,0
1496106000,97.656,97.7,97.644,97.69,0
1496109600,97.688,97.699,97.644,97.652,0
1496113200,97.65,97.685,97.648,97.685,0
1496116800,97.684,97.7,97.653,97.673,0
1496120400,97.666,97.745,97.652,97.745,0
1496124000,97.741,97.776,97.64,97.645,0
1496127600,97.638,97.662,97.576,97.589,0
1496131200,97.591,97.603,97.526,97.581,0
1496134800,97.59,97.609,97.443,97.469,0
1496138400,97.458,97.5,97.419,97.499,0
1496142000,97.497,97.543,97.275,97.384,0
1496145600,97.377,97.528,97.371,97.491,0
1496149200,97.493,97.495,97.301,97.306,0
1496152800,97.307,97.391,97.224,97.371,0
1496156400,97.365,97.381,97.266,97.305,0
1496160000,97.304,97.396,97.299,97.384,0
1496163600,97.376,97.376,97.305,97.33,0
1496167200,97.329,97.341,97.263,97.28,0
1496170800,97.279,97.309,97.24,97.275,0
1496174400,97.28,97.309,97.223,97.302,0
1496178000,97.3,97.403,97.273,97.385,0
1496181600,97.399,97.407,97.384,97.401,0
1496185200,97.427,97.444,97.415,97.427,0
1496188800,97.425,97.44,97.351,97.431,0
1496192400,97.428,97.437,97.369,97.408,0
1496196000,97.407,97.462,97.38,97.416,0
1496199600,97.414,97.443,97.4,97.415,0
1496203200,97.414,97.445,97.397,97.441,0
1496206800,97.436,97.495,97.419,97.455,0
1496210400,97.458,97.489,97.327,97.34,0
1496214000,97.341,97.386,97.263,97.356,0
1496217600,97.357,97.458,97.356,97.414,0
1496221200,97.42,97.432,97.283,97.294,0
1496224800,97.295,97.33,97.113,97.152,0
1496228400,97.153,97.157,97.075,97.135,0
1496232000,97.126,97.166,97.082,97.106,0
1496235600,97.105,97.152,96.972,97.015,0
1496239200,97.024,97.099,96.9,96.9,0
1496242800,96.899,97.018,96.858,96.965,0
1496246400,96.974,97.047,96.965,96.994,0
1496250000,96.992,97.045,96.952,96.97,0
1496253600,96.972,97.019,96.911,96.922,0
1496257200,96.917,97.05,96.915,97.023,0
1496260800,97.022,97.033,96.955,96.963,0
1496264400,96.96,96.989,96.925,96.98,0
1496268000,96.983,96.992,96.978,96.983,0
1496271600,96.984,97.003,96.957,96.994,0
1496275200,96.998,97.055,96.988,97.046,0
1496278800,97.047,97.052,96.912,96.973,0
1496282400,96.969,97.011,96.903,97.005,0
1496286000,97.007,97.037,96.951,96.974,0
1496289600,96.977,97.011,96.974,96.993,0
1496293200,96.992,97.046,96.984,97.038,0
1496296800,97.043,97.128,96.983,97.014,0
1496300400,97.012,97.081,96.991,97.055,0
1496304000,97.058,97.124,97.031,97.103,0
1496307600,97.108,97.143,97.067,97.083,0
1496311200,97.085,97.169,97.079,97.129,0
1496314800,97.132,97.203,97.122,97.192,0
1496318400,97.183,97.319,97.14,97.211,0
1496322000,97.213,97.226,97.115,97.148,0
1496325600,97.149,97.189,97.062,97.093,0
1496329200,97.094,97.194,97.09,97.175,0
1496332800,97.171,97.245,97.15,97.221,0
1496336400,97.222,97.246,97.2,97.226,0
1496340000,97.224,97.264,97.174,97.198,0
1496343600,97.207,97.23,97.174,97.201,0
1496347200,97.206,97.236,97.193,97.223,0
1496350800,97.214,97.219,97.182,97.203,0
1496354400,97.209,97.209,97.194,97.205,0
1496358000,97.188,97.221,97.169,97.218,0
1496361600,97.209,97.239,97.187,97.218,0
1496365200,97.214,97.223,97.172,97.208,0
1496368800,97.209,97.237,97.197,97.226,0
1496372400,97.227,97.235,97.206,97.209,0
1496376000,97.212,97.228,97.202,97.203,0
1496379600,97.204,97.236,97.19,97.222,0
1496383200,97.219,97.244,97.192,97.235,0
1496386800,97.234,97.263,97.184,97.261,0
1496390400,97.262,97.264,97.177,97.235,0
1496394000,97.232,97.254,97.201,97.203,0
1496397600,97.2,97.25,97.172,97.234,0
1496401200,97.236,97.31,97.221,97.303,0
1496404800,97.304,97.307,96.716,96.825,0
1496408400,96.827,96.933,96.757,96.772,0
1496412000,96.774,96.88,96.742,96.748,0
1496415600,96.75,96.788,96.673,96.768,0
1496419200,96.77,96.787,96.717,96.758,0
1496422800,96.751,96.789,96.716,96.725,0
1496426400,96.726,96.742,96.705,96.715,0
1496430000,96.723,96.735,96.659,96.683,0
1496433600,96.685,96.694,96.654,96.654,0
1496437200,96.668,96.668,96.661,96.667,0
1496610000,96.736,96.747,96.693,96.716,0
1496613600,96.71,96.765,96.685,96.72,0
1496617200,96.717,96.74,96.699,96.728,0
1496620800,96.729,96.781,96.707,96.758,0
1496624400,96.759,96.79,96.718,96.785,0
1496628000,96.787,96.817,96.753,96.756,0
1496631600,96.76,96.796,96.749,96.768,0
1496635200,96.771,96.81,96.764,96.796,0
1496638800,96.793,96.84,96.788,96.795,0
1496642400,96.797,96.82,96.766,96.801,0
1496646000,96.799,96.827,96.697,96.784,0
1496649600,96.783,96.805,96.728,96.728,0
1496653200,96.726,96.791,96.726,96.759,0
1496656800,96.761,96.936,96.738,96.916,0
1496660400,96.895,96.94,96.864,96.869,0
1496664000,96.874,96.936,96.839,96.923,0
1496667600,96.932,96.968,96.807,96.849,0
1496671200,96.854,96.882,96.788,96.818,0
1496674800,96.824,96.848,96.795,96.841,0
1496678400,96.844,96.863,96.795,96.808,0
1496682000,96.81,96.81,96.734,96.774,0
1496685600,96.772,96.838,96.771,96.799,0
1496689200,96.803,96.826,96.791,96.812,0
1496692800,96.809,96.821,96.785,96.814,0
1496696400,96.816,96.832,96.787,96.826,0
1496700000,96.828,96.828,96.797,96.8,0
1496703600,96.791,96.804,96.779,96.791,0
1496707200,96.794,96.799,96.712,96.726,0
1496710800,96.727,96.727,96.628,96.636,0
1496714400,96.631,96.643,96.594,96.62,0
1496718000,96.619,96.642,96.604,96.638,0
1496721600,96.636,96.659,96.634,96.643,0
1496725200,96.64,96.662,96.56,96.588,0
1496728800,96.583,96.629,96.534,96.597,0
1496732400,96.604,96.766,96.59,96.702,0
1496736000,96.707,96.73,96.676,96.703,0
1496739600,96.708,96.755,96.698,96.727,0
1496743200,96.734,96.756,96.689,96.697,0
1496746800,96.706,96.763,96.641,96.722,0
1496750400,96.715,96.768,96.661,96.696,0
1496754000,96.705,96.715,96.576,96.64,0
1496757600,96.638,96.713,96.589,96.643,0
1496761200,96.642,96.659,96.58,96.615,0
1496764800,96.613,96.643,96.585,96.621,0
1496768400,96.62,96.621,96.517,96.527,0
1496772000,96.529,96.651,96.528,96.636,0
1496775600,96.635,96.635,96.538,96.542,0
1496779200,96.543,96.596,96.533,96.551,0
1496782800,96.55,96.558,96.517,96.545,0
1496786400,96.544,96.546,96.517,96.528,0
1496790000,96.542,96.607,96.541,96.603,0
1496793600,96.604,96.62,96.555,96.595,0
1496797200,96.596,96.63,96.584,96.613,0
1496800800,96.614,96.656,96.613,96.631,0
1496804400,96.628,96.65,96.622,96.641,0
1496808000,96.642,96.677,96.639,96.655,0
1496811600,96.657,96.662,96.616,96.632,0
1496815200,96.631,96.646,96.539,96.567,0
1496818800,96.569,96.71,96.553,96.681,0
1496822400,96.679,96.682,96.577,96.607,0
1496826000,96.616,96.616,96.522,96.554,0
1496829600,96.555,96.981,96.55,96.938,0
1496833200,96.94,96.982,96.843,96.914,0
1496836800,96.91,96.92,96.779,96.799,0
1496840400,96.795,96.849,96.612,96.616,0
1496844000,96.592,96.634,96.511,96.614,0
1496847600,96.616,96.849,96.612,96.804,0
1496851200,96.801,96.908,96.644,96.647,0
1496854800,96.646,96.654,96.589,96.64,0
1496858400,96.643,96.769,96.628,96.748,0
1496862000,96.753,96.762,96.65,96.654,0
1496865600,96.653,96.723,96.643,96.717,0
1496869200,96.714,96.726,96.665,96.701,0
1496872800,96.699,96.715,96.692,96.697,0
1496876400,96.702,96.737,96.682,96.731,0
1496880000,96.728,96.79,96.727,96.769,0
1496883600,96.772,96.791,96.722,96.736,0
1496887200,96.734,96.751,96.696,96.696,0
1496890800,96.69,96.756,96.69,96.753,0
1496894400,96.751,96.77,96.696,96.701,0
1496898000,96.7,96.737,96.638,96.638,0
1496901600,96.637,96.705,96.594,96.701,0
1496905200,96.696,96.723,96.647,96.679,0
1496908800,96.685,96.812,96.662,96.775,0
1496912400,96.772,96.917,96.747,96.912,0
1496916000,96.903,96.919,96.864,96.895,0
1496919600,96.899,96.988,96.763,96.945,0
1496923200,96.952,97.114,96.818,96.922,0
1496926800,96.928,97.031,96.911,97.009,0
1496930400,97.008,97.158,96.95,96.957,0
1496934000,96.959,97.023,96.944,96.978,0
1496937600,96.981,97.055,96.953,97.004,0
1496941200,97.011,97.093,97.006,97.022,0
1496944800,97.023,97.041,96.891,96.918,0
1496948400,96.927,97.017,96.904,96.957,0
1496952000,96.956,96.99,96.946,96.975,0
1496955600,96.964,97.229,96.962,97.205,0
1496959200,97.207,97.229,97.189,97.209,0
1496962800,97.188,97.359,97.183,97.308,0
1496966400,97.318,97.383,97.264,97.347,0
1496970000,97.36,97.372,97.21,97.232,0
1496973600,97.235,97.332,97.222,97.297,0
1496977200,97.292,97.332,97.219,97.275,0
1496980800,97.276,97.282,97.145,97.213,0
1496984400,97.227,97.311,97.182,97.293,0
1496988000,97.295,97.456,97.206,97.425,0
1496991600,97.43,97.431,97.338,97.382,0
1496995200,97.381,97.483,97.356,97.439,0
1496998800,97.445,97.457,97.378,97.451,0
1497002400,97.455,97.458,97.35,97.38,0
1497006000,97.383,97.42,97.36,97.416,0
1497009600,97.42,97.486,97.378,97.482,0
1497013200,97.474,97.5,97.403,97.46,0
1497016800,97.457,97.46,97.351,97.371,0
1497020400,97.372,97.376,97.293,97.335,0
1497024000,97.331,97.35,97.245,97.271,0
1497027600,97.266,97.3,97.228,97.296,0
1497031200,97.297,97.329,97.257,97.274,0
1497034800,97.277,97.304,97.257,97.278,0
1497038400,97.279,97.296,97.256,97.284,0
1497042000,97.281,97.281,97.28,97.28,0
1497214800,97.225,97.248,97.209,97.242,0
1497218400,97.24,97.249,97.199,97.234,0
1497222000,97.233,97.28,97.221,97.234,0
1497225600,97.241,97.248,97.179,97.193,0
1497229200,97.196,97.25,97.173,97.247,0
1497232800,97.251,97.251,97.143,97.152,0
1497236400,97.153,97.203,97.148,97.185,0
1497240000,97.184,97.215,97.169,97.188,0
1497243600,97.187,97.19,97.115,97.134,0
1497247200,97.138,97.178,97.114,97.172,0
1497250800,97.169,97.235,97.101,97.123,0
1497254400,97.122,97.144,97.064,97.075,0
1497258000,97.074,97.148,97.07,97.143,0
1497261600,97.142,97.213,97.108,97.158,0
1497265200,97.151,97.167,97.043,97.137,0
1497268800,97.135,97.19,97.113,97.19,0
1497272400,97.185,97.249,97.147,97.223,0
1497276000,97.218,97.323,97.201,97.245,0
1497279600,97.24,97.285,97.217,97.246,0
1497283200,97.245,97.301,97.229,97.284,0
1497286800,97.285,97.293,97.18,97.197,0
1497290400,97.195,97.221,97.136,97.138,0
1497294000,97.143,97.2,97.127,97.174,0
1497297600,97.173,97.199,97.153,97.186,0
1497301200,97.189,97.191,97.14,97.15,0
1497304800,97.153,97.167,97.153,97.158,0
1497308400,97.169,97.212,97.168,97.191,0
1497312000,97.193,97.222,97.174,97.21,0
1497315600,97.211,97.264,97.204,97.228,0
1497319200,97.231,97.242,97.182,97.222,0
1497322800,97.208,97.256,97.207,97.246,0
1497326400,97.247,97.247,97.219,97.234,0
1497330000,97.231,97.283,97.219,97.251,0
1497333600,97.247,97.272,97.17,97.206,0
1497337200,97.204,97.245,97.045,97.053,0
1497340800,97.054,97.07,97.011,97.031,0
1497344400,97.045,97.092,97.012,97.072,0
1497348000,97.068,97.102,97.044,97.062,0
1497351600,97.056,97.074,96.97,96.989,0
1497355200,96.983,97.065,96.972,97.054,0
1497358800,97.051,97.087,97.024,97.04,0
1497362400,97.037,97.048,96.949,97.021,0
1497366000,97.017,97.108,96.987,97.104,0
1497369600,97.102,97.11,97.028,97.052,0
1497373200,97.055,97.056,97.009,97.043,0
1497376800,97.042,97.042,96.963,96.975,0
1497380400,96.977,97.02,96.972,97.01,0
1497384000,97.007,97.014,96.993,97.002,0
1497387600,96.999,97.021,96.981,97.011,0
1497391200,97.014,97.014,96.999,97,0
1497394800,97,97.021,96.994,97.01,0
1497398400,97.009,97.031,96.96,96.967,0
1497402000,96.974,96.984,96.941,96.957,0
1497405600,96.958,96.989,96.92,96.979,0
1497409200,96.978,96.981,96.952,96.963,0
1497412800,96.966,96.982,96.954,96.969,0
1497416400,96.973,96.974,96.94,96.941,0
1497420000,96.937,96.984,96.864,96.896,0
1497423600,96.892,96.972,96.891,96.965,0
1497427200,96.969,97.014,96.952,97.013,0
1497430800,97.014,97.044,96.978,97.022,0
1497434400,97.02,97.065,97.014,97.058,0
1497438000,97.057,97.112,97.051,97.081,0
1497441600,97.085,97.098,96.539,96.558,0
1497445200,96.557,96.566,96.436,96.521,0
1497448800,96.518,96.528,96.323,96.436,0
1497452400,96.439,96.505,96.387,96.466,0
1497456000,96.457,96.535,96.429,96.49,0
1497459600,96.487,96.556,96.466,96.487,0
1497463200,96.498,96.972,96.347,96.939,0
1497466800,96.942,97.125,96.883,96.929,0
1497470400,96.925,96.943,96.878,96.916,0
1497474000,96.921,96.956,96.901,96.942,0
1497477600,96.932,96.967,96.932,96.955,0
1497481200,96.928,96.933,96.889,96.925,0
1497484800,96.929,96.974,96.899,96.926,0
1497488400,96.928,96.933,96.841,96.908,0
1497492000,96.912,96.933,96.88,96.93,0
1497495600,96.931,96.941,96.89,96.895,0
1497499200,96.896,96.918,96.885,96.904,0
1497502800,96.909,96.959,96.901,96.927,0
1497506400,96.922,97.022,96.906,96.957,0
1497510000,96.97,97.152,96.968,97.059,0
1497513600,97.058,97.19,97.058,97.172,0
1497517200,97.182,97.34,97.152,97.324,0
1497520800,97.322,97.331,97.254,97.283,0
1497524400,97.279,97.345,97.182,97.295,0
1497528000,97.297,97.43,97.272,97.422,0
1497531600,97.418,97.466,97.386,97.442,0
1497535200,97.44,97.557,97.434,97.443,0
1497538800,97.451,97.473,97.393,97.436,0
1497542400,97.434,97.54,97.434,97.492,0
1497546000,97.496,97.538,97.47,97.538,0
1497549600,97.528,97.532,97.433,97.433,0
1497553200,97.439,97.502,97.408,97.501,0
1497556800,97.499,97.514,97.458,97.499,0
1497560400,97.5,97.505,97.464,97.481,0
1497564000,97.483,97.483,97.459,97.465,0
1497567600,97.476,97.496,97.455,97.471,0
1497571200,97.473,97.508,97.43,97.441,0
1497574800,97.442,97.459,97.424,97.453,0
1497578400,97.449,97.503,97.44,97.46,0
1497582000,97.462,97.509,97.457,97.509,0
1497585600,97.507,97.547,97.506,97.527,0
1497589200,97.526,97.56,97.496,97.529,0
1497592800,97.532,97.546,97.407,97.46,0
1497596400,97.467,97.482,97.364,97.38,0
1497600000,97.378,97.403,97.338,97.36,0
1497603600,97.364,97.379,97.287,97.379,0
1497607200,97.375,97.377,97.302,97.318,0
1497610800,97.315,97.45,97.291,97.433,0
1497614400,97.435,97.435,97.245,97.329,0
1497618000,97.324,97.363,97.272,97.274,0
1497621600,97.275,97.304,97.097,97.106,0
1497625200,97.11,97.217,97.102,97.176,0
1497628800,97.174,97.209,97.172,97.186,0
1497632400,97.188,97.208,97.142,97.159,0
1497636000,97.149,97.167,97.118,97.164,0
1497639600,97.162,97.162,97.109,97.12,0
1497643200,97.121,97.176,97.108,97.146,0
1497646800,97.145,97.145,97.14,97.143,0
1497819600,97.103,97.142,97.082,97.136,0
1497823200,97.144,97.157,97.099,97.104,0
1497826800,97.103,97.129,97.09,97.119,0
1497830400,97.124,97.226,97.111,97.217,0
1497834000,97.216,97.226,97.156,97.161,0
1497837600,97.163,97.188,97.147,97.165,0
1497841200,97.17,97.18,97.155,97.169,0
1497844800,97.163,97.187,97.156,97.187,0
1497848400,97.188,97.204,97.158,97.199,0
1497852000,97.203,97.215,97.116,97.123,0
1497855600,97.129,97.257,97.122,97.2,0
1497859200,97.199,97.207,97.139,97.163,0
1497862800,97.162,97.19,97.112,97.158,0
1497866400,97.16,97.178,97.084,97.084,0
1497870000,97.079,97.2,97.045,97.195,0
1497873600,97.197,97.329,97.127,97.286,0
1497877200,97.289,97.373,97.275,97.341,0
1497880800,97.34,97.377,97.304,97.375,0
1497884400,97.374,97.437,97.351,97.433,0
1497888000,97.432,97.48,97.415,97.455,0
1497891600,97.452,97.552,97.452,97.515,0
1497895200,97.519,97.571,97.511,97.548,0
1497898800,97.552,97.575,97.533,97.543,0
1497902400,97.544,97.552,97.522,97.532,0
1497906000,97.533,97.541,97.501,97.524,0
1497909600,97.536,97.543,97.516,97.518,0
1497913200,97.535,97.615,97.535,97.588,0
1497916800,97.591,97.609,97.562,97.591,0
1497920400,97.593,97.593,97.506,97.514,0
1497924000,97.511,97.53,97.49,97.506,0
1497927600,97.507,97.534,97.494,97.51,0
1497931200,97.506,97.525,97.505,97.506,0
1497934800,97.512,97.526,97.459,97.477,0
1497938400,97.474,97.525,97.432,97.514,0
1497942000,97.515,97.623,97.509,97.536,0
1497945600,97.527,97.582,97.499,97.508,0
1497949200,97.513,97.557,97.493,97.493,0
1497952800,97.501,97.604,97.475,97.59,0
1497956400,97.587,97.682,97.583,97.642,0
1497960000,97.636,97.636,97.537,97.622,0
1497963600,97.624,97.785,97.598,97.765,0
1497967200,97.767,97.845,97.684,97.83,0
1497970800,97.835,97.871,97.803,97.813,0
1497974400,97.805,97.851,97.782,97.81,0
1497978000,97.809,97.845,97.784,97.796,0
1497981600,97.798,97.812,97.74,97.76,0
1497985200,97.766,97.792,97.737,97.787,0
1497988800,97.788,97.8,97.739,97.744,0
1497992400,97.741,97.765,97.731,97.745,0
1497996000,97.744,97.763,97.744,97.749,0
1497999600,97.732,97.734,97.705,97.717,0
1498003200,97.714,97.755,97.713,97.742,0
1498006800,97.745,97.75,97.725,97.739,0
1498010400,97.738,97.74,97.711,97.725,0
1498014000,97.726,97.731,97.684,97.701,0
1498017600,97.7,97.738,97.693,97.733,0
1498021200,97.732,97.768,97.722,97.753,0
1498024800,97.751,97.774,97.711,97.749,0
1498028400,97.761,97.778,97.721,97.761,0
1498032000,97.763,97.802,97.692,97.692,0
1498035600,97.693,97.708,97.649,97.661,0
1498039200,97.659,97.696,97.622,97.626,0
1498042800,97.627,97.671,97.56,97.652,0
1498046400,97.65,97.667,97.58,97.624,0
1498050000,97.621,97.762,97.619,97.712,0
1498053600,97.709,97.749,97.654,97.688,0
1498057200,97.691,97.731,97.649,97.712,0
1498060800,97.71,97.725,97.67,97.673,0
1498064400,97.675,97.706,97.64,97.655,0
1498068000,97.653,97.656,97.53,97.559,0
1498071600,97.557,97.573,97.516,97.554,0
1498075200,97.547,97.583,97.526,97.543,0
1498078800,97.546,97.56,97.526,97.541,0
1498082400,97.544,97.556,97.54,97.556,0
1498086000,97.536,97.554,97.523,97.537,0
1498089600,97.536,97.555,97.502,97.53,0
1498093200,97.531,97.548,97.521,97.534,0
1498096800,97.529,97.543,97.476,97.509,0
1498100400,97.504,97.514,97.488,97.507,0
1498104000,97.508,97.517,97.482,97.488,0
1498107600,97.487,97.51,97.434,97.434,0
1498111200,97.436,97.513,97.431,97.471,0
1498114800,97.476,97.581,97.474,97.533,0
1498118400,97.536,97.556,97.492,97.506,0
1498122000,97.504,97.528,97.458,97.52,0
1498125600,97.521,97.565,97.506,97.533,0
1498129200,97.538,97.6,97.528,97.533,0
1498132800,97.54,97.544,97.459,97.516,0
1498136400,97.512,97.564,97.486,97.502,0
1498140000,97.499,97.565,97.465,97.521,0
1498143600,97.531,97.606,97.496,97.605,0
1498147200,97.607,97.607,97.537,97.541,0
1498150800,97.54,97.646,97.525,97.623,0
1498154400,97.62,97.639,97.565,97.593,0
1498158000,97.594,97.6,97.516,97.528,0
1498161600,97.531,97.552,97.523,97.546,0
1498165200,97.539,97.548,97.523,97.541,0
1498168800,97.542,97.547,97.536,97.537,0
1498172400,97.559,97.569,97.539,97.551,0
1498176000,97.554,97.584,97.534,97.557,0
1498179600,97.555,97.576,97.478,97.478,0
1498183200,97.481,97.516,97.475,97.485,0
1498186800,97.484,97.497,97.451,97.456,0
1498190400,97.45,97.465,97.442,97.46,0
1498194000,97.457,97.46,97.405,97.435,0
1498197600,97.433,97.438,97.353,97.37,0
1498201200,97.373,97.415,97.321,97.355,0
1498204800,97.356,97.38,97.258,97.37,0
1498208400,97.371,97.453,97.369,97.387,0
1498212000,97.388,97.425,97.342,97.406,0
1498215600,97.404,97.441,97.367,97.385,0
1498219200,97.382,97.428,97.35,97.413,0
1498222800,97.41,97.427,97.301,97.301,0
1498226400,97.272,97.357,97.177,97.23,0
1498230000,97.228,97.269,97.207,97.269,0
1498233600,97.263,97.303,97.238,97.273,0
1498237200,97.275,97.285,97.251,97.261,0
1498240800,97.258,97.264,97.229,97.264,0
1498244400,97.265,97.273,97.242,97.263,0
1498248000,97.261,97.304,97.253,97.299,0
1498251600,97.294,97.304,97.294,97.304,0
1498424400,97.244,97.283,97.221,97.264,0
1498428000,97.27,97.271,97.235,97.246,0
1498431600,97.247,97.25,97.224,97.224,0
1498435200,97.223,97.267,97.22,97.247,0
1498438800,97.25,97.281,97.247,97.278,0
1498442400,97.287,97.287,97.237,97.253,0
1498446000,97.254,97.288,97.236,97.248,0
1498449600,97.247,97.294,97.247,97.286,0
1498453200,97.285,97.304,97.265,97.271,0
1498456800,97.272,97.324,97.256,97.287,0
1498460400,97.292,97.293,97.188,97.223,0
1498464000,97.224,97.381,97.22,97.353,0
1498467600,97.357,97.445,97.354,97.437,0
1498471200,97.436,97.442,97.337,97.391,0
1498474800,97.386,97.445,97.357,97.385,0
1498478400,97.387,97.389,97.114,97.176,0
1498482000,97.172,97.226,97.139,97.226,0
1498485600,97.236,97.243,97.122,97.237,0
1498489200,97.229,97.318,97.215,97.267,0
1498492800,97.273,97.386,97.262,97.364,0
1498496400,97.369,97.372,97.312,97.334,0
1498500000,97.332,97.467,97.315,97.426,0
1498503600,97.423,97.455,97.42,97.423,0
1498507200,97.427,97.436,97.411,97.416,0
1498510800,97.413,97.421,97.391,97.406,0
1498514400,97.409,97.423,97.407,97.415,0
1498518000,97.428,97.442,97.408,97.415,0
1498521600,97.421,97.445,97.408,97.416,0
1498525200,97.42,97.446,97.4,97.428,0
1498528800,97.43,97.447,97.38,97.39,0
1498532400,97.394,97.4,97.353,97.365,0
1498536000,97.361,97.389,97.357,97.358,0
1498539600,97.362,97.362,97.327,97.335,0
1498543200,97.334,97.365,97.25,97.339,0
1498546800,97.349,97.392,97.329,97.346,0
1498550400,97.347,97.347,96.944,96.995,0
1498554000,96.992,97.024,96.899,96.963,0
1498557600,96.97,97.027,96.902,96.918,0
1498561200,96.925,96.932,96.846,96.896,0
1498564800,96.891,96.892,96.795,96.845,0
1498568400,96.839,96.839,96.649,96.755,0
1498572000,96.764,96.854,96.755,96.781,0
1498575600,96.786,96.803,96.529,96.552,0
1498579200,96.564,96.696,96.522,96.671,0
1498582800,96.658,96.702,96.493,96.512,0
1498586400,96.511,96.522,96.392,96.394,0
1498590000,96.393,96.407,96.344,96.373,0
1498593600,96.374,96.502,96.374,96.484,0
1498597200,96.487,96.515,96.473,96.489,0
1498600800,96.499,96.499,96.475,96.475,0
1498604400,96.426,96.47,96.419,96.467,0
1498608000,96.469,96.469,96.406,96.435,0
1498611600,96.436,96.454,96.322,96.348,0
1498615200,96.35,96.372,96.329,96.351,0
1498618800,96.347,96.373,96.342,96.367,0
1498622400,96.368,96.387,96.331,96.382,0
1498626000,96.381,96.394,96.273,96.301,0
1498629600,96.297,96.398,96.276,96.387,0
1498633200,96.385,96.401,96.165,96.228,0
1498636800,96.225,96.285,96.155,96.277,0
1498640400,96.285,96.344,96.268,96.307,0
1498644000,96.309,96.313,96.223,96.286,0
1498647600,96.282,96.301,96.165,96.181,0
1498651200,96.184,96.617,96.138,96.425,0
1498654800,96.42,96.423,96.111,96.118,0
1498658400,96.123,96.123,95.967,96.12,0
1498662000,96.118,96.197,96.095,96.107,0
1498665600,96.106,96.12,96.009,96.042,0
1498669200,96.046,96.074,96.011,96.057,0
1498672800,96.06,96.06,96,96.01,0
1498676400,96.018,96.048,95.983,96.007,0
1498680000,96.008,96.066,96.008,96.051,0
1498683600,96.046,96.065,96.029,96.055,0
1498687200,96.054,96.055,96.038,96.042,0
1498690800,96.037,96.047,95.997,96.031,0
1498694400,96.039,96.046,95.958,95.97,0
1498698000,95.972,95.986,95.823,95.833,0
1498701600,95.84,95.865,95.754,95.862,0
1498705200,95.863,95.892,95.841,95.863,0
1498708800,95.867,95.926,95.85,95.881,0
1498712400,95.891,95.92,95.836,95.837,0
1498716000,95.84,95.902,95.796,95.855,0
1498719600,95.829,95.829,95.685,95.751,0
1498723200,95.746,95.839,95.707,95.761,0
1498726800,95.762,95.896,95.74,95.824,0
1498730400,95.815,95.905,95.804,95.872,0
1498734000,95.871,95.976,95.848,95.899,0
1498737600,95.896,96.01,95.824,95.945,0
1498741200,95.954,95.969,95.802,95.9,0
1498744800,95.898,95.898,95.695,95.722,0
1498748400,95.727,95.755,95.682,95.732,0
1498752000,95.738,95.765,95.646,95.65,0
1498755600,95.649,95.67,95.537,95.553,0
1498759200,95.56,95.651,95.531,95.628,0
1498762800,95.633,95.636,95.537,95.581,0
1498766400,95.584,95.608,95.554,95.577,0
1498770000,95.581,95.6,95.552,95.579,0
1498773600,95.58,95.58,95.558,95.562,0
1498777200,95.539,95.561,95.523,95.554,0
1498780800,95.555,95.606,95.531,95.599,0
1498784400,95.594,95.6,95.503,95.521,0
1498788000,95.527,95.546,95.47,95.541,0
1498791600,95.543,95.546,95.496,95.525,0
1498795200,95.524,95.545,95.509,95.524,0
1498798800,95.525,95.624,95.518,95.604,0
1498802400,95.599,95.653,95.539,95.649,0
1498806000,95.653,95.763,95.593,95.709,0
1498809600,95.706,95.797,95.669,95.729,0
1498813200,95.739,95.813,95.706,95.717,0
1498816800,95.718,95.798,95.699,95.765,0
1498820400,95.761,95.769,95.706,95.749,0
1498824000,95.747,95.777,95.628,95.729,0
1498827600,95.73,95.739,95.653,95.664,0
1498831200,95.672,95.828,95.613,95.779,0
1498834800,95.775,95.784,95.706,95.741,0
1498838400,95.743,95.779,95.712,95.73,0
1498842000,95.733,95.752,95.699,95.719,0
1498845600,95.717,95.753,95.667,95.686,0
1498849200,95.693,95.708,95.658,95.659,0
1498852800,95.658,95.671,95.621,95.623,0
1498856400,95.625,95.638,95.625,95.638,0
1499029200,95.652,95.687,95.634,95.64,0
1499032800,95.641,95.649,95.61,95.624,0
1499036400,95.621,95.662,95.621,95.645,0
1499040000,95.639,95.688,95.63,95.68,0
1499043600,95.682,95.708,95.661,95.702,0
1499047200,95.698,95.734,95.68,95.731,0
1499050800,95.73,95.799,95.707,95.799,0
1499054400,95.798,95.805,95.739,95.757,0
1499058000,95.764,95.789,95.741,95.784,0
1499061600,95.782,95.822,95.732,95.747,0
1499065200,95.755,95.886,95.753,95.862,0
1499068800,95.866,96.011,95.861,96,0
1499072400,95.999,96.041,95.961,96.04,0
1499076000,96.041,96.085,96.008,96.061,0
1499079600,96.055,96.146,96.031,96.11,0
1499083200,96.111,96.132,96.012,96.073,0
1499086800,96.071,96.145,96.057,96.069,0
1499090400,96.063,96.168,96.063,96.149,0
1499094000,96.143,96.237,96.138,96.151,0
1499097600,96.153,96.23,96.121,96.218,0
1499101200,96.219,96.221,96.154,96.205,0
1499104800,96.206,96.239,96.204,96.229,0
1499108400,96.231,96.235,96.198,96.198,0
1499112000,96.205,96.214,96.18,96.195,0
1499115600,96.197,96.235,96.178,96.206,0
1499119200,96.199,96.205,96.179,96.197,0
1499209200,96.191,96.212,96.123,96.134,0
1499212800,96.137,96.178,96.1,96.151,0
1499216400,96.152,96.171,96.08,96.082,0
1499220000,96.087,96.124,96.068,96.115,0
1499223600,96.119,96.169,96.119,96.153,0
1499227200,96.156,96.204,96.155,96.198,0
1499230800,96.204,96.241,96.191,96.211,0
1499234400,96.212,96.224,96.127,96.165,0
1499238000,96.172,96.241,96.13,96.189,0
1499241600,96.193,96.362,96.182,96.353,0
1499245200,96.35,96.481,96.323,96.438,0
1499248800,96.436,96.512,96.415,96.452,0
1499252400,96.454,96.471,96.325,96.356,0
1499256000,96.361,96.47,96.346,96.452,0
1499259600,96.451,96.472,96.397,96.406,0
1499263200,96.398,96.422,96.317,96.379,0
1499266800,96.377,96.389,96.272,96.324,0
1499270400,96.322,96.376,96.3,96.31,0
1499274000,96.305,96.341,96.28,96.298,0
1499277600,96.303,96.437,96.207,96.29,0
1499281200,96.299,96.321,96.203,96.274,0
1499284800,96.271,96.278,96.205,96.217,0
1499288400,96.21,96.236,96.203,96.21,0
1499292000,96.203,96.211,96.191,96.194,0
1499295600,96.188,96.246,96.183,96.242,0
1499299200,96.241,96.321,96.24,96.252,0
1499302800,96.256,96.342,96.234,96.339,0
1499306400,96.333,96.344,96.252,96.279,0
1499310000,96.277,96.283,96.227,96.256,0
1499313600,96.255,96.274,96.251,96.259,0
1499317200,96.261,96.283,96.238,96.276,0
1499320800,96.269,96.335,96.257,96.261,0
1499324400,96.254,96.271,96.172,96.225,0
1499328000,96.23,96.251,96.191,96.207,0
1499331600,96.209,96.244,96.09,96.127,0
1499335200,96.129,96.151,96.058,96.099,0
1499338800,96.1,96.143,96.008,96.015,0
1499342400,96.01,96.068,95.93,95.964,0
1499346000,95.965,96.018,95.91,95.924,0
1499349600,95.925,95.982,95.891,95.898,0
1499353200,95.904,95.955,95.876,95.891,0
1499356800,95.883,95.895,95.819,95.824,0
1499360400,95.821,95.849,95.796,95.811,0
1499364000,95.813,95.828,95.786,95.802,0
1499367600,95.805,95.841,95.785,95.82,0
1499371200,95.821,95.827,95.797,95.806,0
1499374800,95.81,95.821,95.795,95.811,0
1499378400,95.809,95.818,95.801,95.805,0
1499382000,95.805,95.825,95.784,95.802,0
1499385600,95.811,95.877,95.811,95.851,0
1499389200,95.854,95.946,95.816,95.932,0
1499392800,95.931,95.965,95.921,95.924,0
1499396400,95.922,95.934,95.905,95.915,0
1499400000,95.917,95.927,95.857,95.913,0
1499403600,95.911,95.978,95.89,95.967,0
1499407200,95.97,95.974,95.894,95.933,0
1499410800,95.932,95.944,95.86,95.895,0
1499414400,95.904,95.988,95.875,95.92,0
1499418000,95.916,95.971,95.902,95.963,0
1499421600,95.96,96.018,95.945,95.999,0
1499425200,95.994,96.02,95.942,96.013,0
1499428800,96.016,96.08,95.751,96.034,0
1499432400,96.033,96.142,96.006,96.042,0
1499436000,96.039,96.152,96.012,96.085,0
1499439600,96.09,96.115,96.058,96.06,0
1499443200,96.061,96.061,95.972,95.976,0
1499446800,95.972,96.028,95.956,96.003,0
1499450400,96.007,96.028,95.994,96.008,0
1499454000,96.011,96.014,95.968,95.987,0
1499457600,95.99,96.031,95.989,96.026,0
1499461200,96.004,96.004,95.999,95.999,0
1499634000,96.025,96.08,96.018,96.036,0
1499637600,96.032,96.037,96.01,96.026,0
1499641200,96.028,96.028,95.995,95.998,0
1499644800,95.999,96.038,95.989,96.033,0
1499648400,96.031,96.044,95.991,95.997,0
1499652000,95.993,96.013,95.983,96.002,0
1499655600,95.999,96.031,95.994,96.014,0
1499659200,96.012,96.043,96.005,96.019,0
1499662800,96.02,96.023,95.98,95.98,0
1499666400,95.981,96.073,95.98,96.057,0
1499670000,96.059,96.089,95.954,95.963,0
1499673600,95.966,96.11,95.955,96.11,0
1499677200,96.106,96.2,96.092,96.186,0
1499680800,96.183,96.202,96.127,96.149,0
1499684400,96.154,96.189,96.127,96.149,0
1499688000,96.15,96.184,96.11,96.127,0
1499691600,96.129,96.169,96.108,96.132,0
1499695200,96.136,96.163,96.114,96.137,0
1499698800,96.139,96.153,96.065,96.07,0
1499702400,96.074,96.105,96.033,96.087,0
1499706000,96.088,96.088,95.994,96.006,0
1499709600,96.005,96.03,95.994,96.022,0
1499713200,96.02,96.064,96.016,96.042,0
1499716800,96.046,96.075,96.042,96.053,0
1499720400,96.051,96.074,96.045,96.062,0
1499724000,96.06,96.075,96.053,96.063,0
1499727600,96.072,96.082,96.059,96.07,0
1499731200,96.071,96.114,96.06,96.097,0
1499734800,96.096,96.107,96.074,96.098,0
1499738400,96.096,96.117,96.056,96.109,0
1499742000,96.108,96.116,96.078,96.1,0
1499745600,96.096,96.167,96.073,96.155,0
1499749200,96.154,96.205,96.154,96.19,0
1499752800,96.189,96.2,96.131,96.14,0
1499756400,96.135,96.169,96.079,96.138,0
1499760000,96.14,96.145,96.075,96.1,0
1499763600,96.106,96.141,96.086,96.125,0
1499767200,96.123,96.157,96.101,96.121,0
1499770800,96.12,96.127,96.094,96.124,0
1499774400,96.121,96.122,96.011,96.115,0
1499778000,96.117,96.187,96.071,96.082,0
1499781600,96.081,96.158,96.023,96.07,0
1499785200,96.072,96.103,95.945,95.975,0
1499788800,95.974,95.992,95.831,95.901,0
1499792400,95.898,95.898,95.673,95.745,0
1499796000,95.744,95.744,95.651,95.669,0
1499799600,95.678,95.764,95.672,95.751,0
1499803200,95.754,95.779,95.734,95.736,0
1499806800,95.734,95.768,95.729,95.755,0
1499810400,95.758,95.764,95.746,95.758,0
1499814000,95.708,95.726,95.665,95.665,0
1499817600,95.662,95.68,95.631,95.64,0
1499821200,95.638,95.684,95.616,95.674,0
1499824800,95.672,95.681,95.592,95.597,0
1499828400,95.595,95.655,95.585,95.588,0
1499832000,95.596,95.624,95.545,95.559,0
1499835600,95.563,95.667,95.53,95.662,0
1499839200,95.65,95.77,95.634,95.753,0
1499842800,95.75,95.808,95.714,95.797,0
1499846400,95.796,95.822,95.678,95.732,0
1499850000,95.728,95.788,95.703,95.744,0
1499853600,95.743,95.779,95.703,95.756,0
1499857200,95.755,95.763,95.703,95.74,0
1499860800,95.739,95.898,95.511,95.578,0
1499864400,95.577,95.954,95.565,95.92,0
1499868000,95.915,95.98,95.783,95.783,0
1499871600,95.769,95.822,95.727,95.805,0
1499875200,95.803,95.803,95.699,95.71,0
1499878800,95.709,95.772,95.685,95.72,0
1499882400,95.722,95.765,95.668,95.761,0
1499886000,95.756,95.784,95.712,95.728,0
1499889600,95.733,95.795,95.732,95.786,0
1499893200,95.783,95.786,95.754,95.772,0
1499896800,95.771,95.778,95.757,95.759,0
1499900400,95.783,95.796,95.747,95.758,0
1499904000,95.759,95.778,95.669,95.672,0
1499907600,95.671,95.679,95.623,95.654,0
1499911200,95.653,95.663,95.604,95.612,0
1499914800,95.611,95.623,95.587,95.616,0
1499918400,95.617,95.634,95.605,95.609,0
1499922000,95.616,95.623,95.538,95.56,0
1499925600,95.559,95.564,95.464,95.531,0
1499929200,95.529,95.706,95.492,95.661,0
1499932800,95.66,95.79,95.649,95.744,0
1499936400,95.745,95.836,95.706,95.769,0
1499940000,95.767,95.868,95.714,95.817,0
1499943600,95.815,95.922,95.708,95.719,0
1499947200,95.72,95.773,95.663,95.71,0
1499950800,95.714,95.822,95.7,95.822,0
1499954400,95.824,95.876,95.731,95.797,0
1499958000,95.782,95.901,95.751,95.896,0
1499961600,95.897,95.897,95.836,95.844,0
1499965200,95.845,95.861,95.77,95.788,0
1499968800,95.787,95.798,95.719,95.728,0
1499972400,95.732,95.751,95.714,95.716,0
1499976000,95.714,95.783,95.714,95.777,0
1499979600,95.772,95.781,95.756,95.762,0
1499983200,95.768,95.77,95.751,95.757,0
1499986800,95.8,95.803,95.749,95.754,0
1499990400,95.757,95.834,95.754,95.783,0
1499994000,95.779,95.828,95.754,95.78,0
1499997600,95.786,95.795,95.737,95.737,0
1500001200,95.739,95.749,95.718,95.719,0
1500004800,95.721,95.763,95.716,95.763,0
1500008400,95.776,95.776,95.693,95.703,0
1500012000,95.704,95.739,95.651,95.67,0
1500015600,95.669,95.711,95.619,95.688,0
1500019200,95.687,95.746,95.663,95.714,0
1500022800,95.717,95.72,95.659,95.684,0
1500026400,95.685,95.697,95.657,95.674,0
1500030000,95.672,95.682,95.621,95.622,0
1500033600,95.624,95.655,95.224,95.256,0
1500037200,95.259,95.398,95.227,95.234,0
1500040800,95.221,95.369,95.186,95.289,0
1500044400,95.291,95.291,95.191,95.258,0
1500048000,95.264,95.282,95.205,95.205,0
1500051600,95.207,95.225,95.139,95.145,0
1500055200,95.142,95.175,95.132,95.153,0
1500058800,95.156,95.16,95.103,95.106,0
1500062400,95.103,95.136,95.088,95.117,0
1500066000,95.121,95.123,95.106,95.11,0
1500238800,95.097,95.131,95.094,95.103,0
1500242400,95.1,95.149,95.079,95.11,0
1500246000,95.107,95.108,95.061,95.066,0
1500249600,95.069,95.142,95.065,95.14,0
1500253200,95.142,95.183,95.129,95.172,0
1500256800,95.173,95.217,95.156,95.189,0
1500260400,95.186,95.194,95.149,95.161,0
1500264000,95.162,95.195,95.162,95.186,0
1500267600,95.184,95.22,95.177,95.195,0
1500271200,95.205,95.293,95.184,95.235,0
1500274800,95.229,95.348,95.194,95.313,0
1500278400,95.314,95.324,95.247,95.276,0
1500282000,95.277,95.29,95.194,95.195,0
1500285600,95.192,95.226,95.161,95.2,0
1500289200,95.199,95.199,95.121,95.172,0
1500292800,95.173,95.183,95.12,95.143,0
1500296400,95.134,95.183,95.119,95.122,0
1500300000,95.121,95.196,95.018,95.168,0
1500303600,95.167,95.238,95.13,95.191,0
1500307200,95.19,95.2,95.152,95.179,0
1500310800,95.177,95.179,95.119,95.14,0
1500314400,95.141,95.16,95.122,95.128,0
1500318000,95.13,95.16,95.098,95.108,0
1500321600,95.109,95.15,95.104,95.15,0
1500325200,95.147,95.165,95.132,95.149,0
1500328800,95.152,95.157,95.146,95.15,0
1500332400,95.155,95.176,95.142,95.175,0
1500336000,95.176,95.191,95.063,95.076,0
1500339600,95.069,95.075,94.772,94.781,0
1500343200,94.782,94.789,94.713,94.765,0
1500346800,94.763,94.776,94.713,94.766,0
1500350400,94.765,94.794,94.749,94.75,0
1500354000,94.756,94.813,94.706,94.792,0
1500357600,94.79,94.828,94.731,94.751,0
1500361200,94.756,94.862,94.745,94.757,0
1500364800,94.762,94.883,94.75,94.853,0
1500368400,94.849,94.878,94.626,94.663,0
1500372000,94.665,94.694,94.609,94.643,0
1500375600,94.646,94.724,94.625,94.684,0
1500379200,94.682,94.718,94.539,94.639,0
1500382800,94.633,94.649,94.49,94.507,0
1500386400,94.512,94.57,94.476,94.503,0
1500390000,94.506,94.586,94.497,94.566,0
1500393600,94.553,94.652,94.506,94.627,0
1500397200,94.618,94.67,94.603,94.606,0
1500400800,94.611,94.642,94.588,94.604,0
1500404400,94.601,94.674,94.598,94.632,0
1500408000,94.633,94.672,94.629,94.67,0
1500411600,94.665,94.673,94.64,94.667,0
1500415200,94.669,94.675,94.661,94.675,0
1500418800,94.69,94.702,94.666,94.698,0
1500422400,94.701,94.718,94.651,94.716,0
1500426000,94.715,94.748,94.715,94.742,0
1500429600,94.743,94.754,94.719,94.753,0
1500433200,94.754,94.775,94.744,94.748,0
1500436800,94.746,94.763,94.743,94.756,0
1500440400,94.759,94.806,94.758,94.792,0
1500444000,94.789,94.809,94.678,94.804,0
1500447600,94.803,94.866,94.722,94.866,0
1500451200,94.863,94.894,94.791,94.799,0
1500454800,94.801,94.803,94.729,94.779,0
1500458400,94.778,94.791,94.711,94.78,0
1500462000,94.773,94.821,94.752,94.762,0
1500465600,94.761,94.761,94.66,94.733,0
1500469200,94.731,94.745,94.643,94.74,0
1500472800,94.739,94.832,94.709,94.763,0
1500476400,94.759,94.8,94.685,94.775,0
1500480000,94.772,94.799,94.745,94.756,0
1500483600,94.753,94.795,94.747,94.79,0
1500487200,94.796,94.822,94.774,94.779,0
1500490800,94.786,94.816,94.784,94.802,0
1500494400,94.801,94.841,94.795,94.838,0
1500498000,94.849,94.854,94.807,94.815,0
1500501600,94.821,94.821,94.791,94.796,0
1500505200,94.77,94.77,94.731,94.759,0
1500508800,94.755,94.78,94.742,94.778,0
1500512400,94.782,94.85,94.755,94.832,0
1500516000,94.831,94.86,94.774,94.808,0
1500519600,94.807,94.935,94.777,94.924,0
1500523200,94.923,94.926,94.878,94.878,0
1500526800,94.881,94.935,94.876,94.898,0
1500530400,94.893,94.902,94.797,94.823,0
1500534000,94.824,94.987,94.822,94.987,0
1500537600,94.995,95.041,94.954,94.961,0
1500541200,94.975,95.052,94.961,95.026,0
1500544800,95.027,95.047,94.984,95.025,0
1500548400,95.024,95.151,94.977,95.133,0
1500552000,95.12,95.167,94.668,94.703,0
1500555600,94.687,94.801,94.602,94.669,0
1500559200,94.673,94.673,94.09,94.199,0
1500562800,94.204,94.248,94.12,94.224,0
1500566400,94.223,94.274,94.188,94.225,0
1500570000,94.23,94.3,94.193,94.259,0
1500573600,94.257,94.348,94.254,94.306,0
1500577200,94.298,94.333,94.263,94.277,0
1500580800,94.279,94.315,94.247,94.268,0
1500584400,94.269,94.276,94.24,94.252,0
1500588000,94.25,94.253,94.241,94.243,0
1500591600,94.291,94.306,94.267,94.295,0
1500595200,94.291,94.357,94.275,94.304,0
1500598800,94.314,94.341,94.281,94.297,0
1500602400,94.299,94.321,94.235,94.316,0
1500606000,94.319,94.332,94.285,94.293,0
1500609600,94.301,94.328,94.287,94.29,0
1500613200,94.289,94.296,94.224,94.224,0
1500616800,94.213,94.222,93.994,94.063,0
1500620400,94.069,94.212,94.004,94.199,0
1500624000,94.193,94.229,94.139,94.155,0
1500627600,94.154,94.194,94.084,94.127,0
1500631200,94.121,94.167,94.075,94.147,0
1500634800,94.138,94.176,94.106,94.176,0
1500638400,94.168,94.208,94.07,94.128,0
1500642000,94.125,94.161,94.067,94.09,0
1500645600,94.096,94.112,93.952,94.008,0
1500649200,94.01,94.088,93.995,94.046,0
1500652800,94.047,94.06,93.942,93.964,0
1500656400,93.963,93.971,93.861,93.905,0
1500660000,93.906,93.926,93.854,93.858,0
1500663600,93.859,93.947,93.855,93.931,0
1500667200,93.932,93.975,93.924,93.96,0
1500670800,93.964,93.974,93.964,93.974,0
1500843600,93.954,93.968,93.914,93.949,0
1500847200,93.947,93.955,93.909,93.914,0
1500850800,93.913,93.918,93.835,93.836,0
1500854400,93.839,93.906,93.823,93.899,0
1500858000,93.895,93.948,93.885,93.91,0
1500861600,93.907,93.927,93.902,93.921,0
1500865200,93.918,93.927,93.863,93.887,0
1500868800,93.888,93.902,93.868,93.898,0
1500872400,93.894,93.922,93.87,93.906,0
1500876000,93.907,94.064,93.885,94.053,0
1500879600,94.044,94.079,93.912,94.022,0
1500883200,94.028,94.029,93.923,93.929,0
1500886800,93.928,93.94,93.882,93.893,0
1500890400,93.894,93.957,93.871,93.942,0
1500894000,93.941,93.994,93.93,93.972,0
1500897600,93.975,93.99,93.883,93.907,0
1500901200,93.91,94.05,93.909,94.016,0
1500904800,94.009,94.038,93.943,93.98,0
1500908400,93.975,94.051,93.958,93.995,0
1500912000,94.007,94.122,93.997,94.042,0
1500915600,94.041,94.093,94.007,94.009,0
1500919200,94.007,94.031,93.977,93.977,0
1500922800,93.979,93.99,93.95,93.988,0
1500926400,93.985,94.01,93.985,93.999,0
1500930000,94.001,94.062,93.983,94.041,0
1500933600,94.038,94.047,94.033,94.038,0
1500937200,94.03,94.058,94.024,94.035,0
1500940800,94.034,94.09,94.031,94.06,0
1500944400,94.063,94.072,94.016,94.022,0
1500948000,94.025,94.046,93.903,93.939,0
1500951600,93.941,93.95,93.911,93.912,0
1500955200,93.914,93.914,93.865,93.883,0
1500958800,93.884,93.947,93.872,93.872,0
1500962400,93.87,93.898,93.815,93.882,0
1500966000,93.88,94.013,93.879,93.979,0
1500969600,93.975,93.997,93.89,93.963,0
1500973200,93.958,94.008,93.943,93.993,0
1500976800,94,94.026,93.976,93.983,0
1500980400,93.989,93.991,93.878,93.886,0
1500984000,93.883,93.883,93.681,93.777,0
1500987600,93.767,93.824,93.638,93.724,0
1500991200,93.723,93.987,93.723,93.967,0
1500994800,93.973,94.049,93.905,93.993,0
1500998400,93.986,94.029,93.969,94.008,0
1501002000,94.005,94.015,93.958,93.975,0
1501005600,93.976,94.093,93.963,94.054,0
1501009200,94.057,94.104,94.034,94.078,0
1501012800,94.081,94.123,94.066,94.086,0
1501016400,94.063,94.095,94.058,94.078,0
1501020000,94.082,94.09,94.079,94.087,0
1501023600,94.088,94.121,94.082,94.112,0
1501027200,94.113,94.156,94.112,94.126,0
1501030800,94.124,94.149,94.08,94.088,0
1501034400,94.084,94.098,94.047,94.056,0
1501038000,94.058,94.128,94.046,94.105,0
1501041600,94.104,94.146,94.069,94.146,0
1501045200,94.141,94.18,94.127,94.142,0
1501048800,94.139,94.257,94.1,94.14,0
1501052400,94.144,94.209,94.098,94.178,0
1501056000,94.18,94.285,94.158,94.223,0
1501059600,94.219,94.26,94.182,94.183,0
1501063200,94.185,94.194,94.046,94.106,0
1501066800,94.103,94.13,94.052,94.114,0
1501070400,94.109,94.146,94.073,94.123,0
1501074000,94.119,94.189,94.053,94.179,0
1501077600,94.182,94.237,94.144,94.204,0
1501081200,94.203,94.231,94.137,94.198,0
1501084800,94.193,94.236,94.156,94.228,0
1501088400,94.23,94.231,94.046,94.086,0
1501092000,94.102,94.21,93.664,93.672,0
1501095600,93.669,93.669,93.396,93.541,0
1501099200,93.544,93.551,93.421,93.459,0
1501102800,93.454,93.477,93.37,93.379,0
1501106400,93.375,93.412,93.375,93.4,0
1501110000,93.458,93.513,93.454,93.481,0
1501113600,93.474,93.497,93.409,93.463,0
1501117200,93.465,93.526,93.373,93.393,0
1501120800,93.395,93.41,93.333,93.334,0
1501124400,93.335,93.358,93.152,93.273,0
1501128000,93.27,93.348,93.237,93.33,0
1501131600,93.324,93.415,93.313,93.393,0
1501135200,93.394,93.47,93.332,93.45,0
1501138800,93.453,93.565,93.426,93.503,0
1501142400,93.506,93.59,93.476,93.48,0
1501146000,93.484,93.579,93.452,93.558,0
1501149600,93.571,93.634,93.552,93.623,0
1501153200,93.619,93.75,93.584,93.726,0
1501156800,93.717,93.76,93.65,93.716,0
1501160400,93.706,93.762,93.671,93.674,0
1501164000,93.665,93.987,93.66,93.963,0
1501167600,93.964,94.071,93.881,94.061,0
1501171200,94.06,94.103,93.942,93.968,0
1501174800,93.969,94.006,93.857,93.871,0
1501178400,93.89,93.95,93.808,93.864,0
1501182000,93.858,93.939,93.855,93.926,0
1501185600,93.923,93.956,93.909,93.923,0
1501189200,93.918,93.951,93.903,93.939,0
1501192800,93.938,93.938,93.912,93.912,0
1501196400,93.867,93.886,93.803,93.815,0
1501200000,93.816,93.931,93.791,93.91,0
1501203600,93.909,93.946,93.856,93.869,0
1501207200,93.87,93.895,93.815,93.824,0
1501210800,93.815,93.888,93.815,93.881,0
1501214400,93.885,93.894,93.85,93.875,0
1501218000,93.876,93.877,93.787,93.804,0
1501221600,93.803,93.844,93.741,93.795,0
1501225200,93.792,93.802,93.686,93.765,0
1501228800,93.763,93.786,93.697,93.754,0
1501232400,93.756,93.756,93.68,93.689,0
1501236000,93.698,93.759,93.663,93.733,0
1501239600,93.734,93.748,93.651,93.692,0
1501243200,93.682,93.686,93.383,93.618,0
1501246800,93.622,93.643,93.527,93.554,0
1501250400,93.547,93.562,93.354,93.396,0
1501254000,93.389,93.419,93.293,93.343,0
1501257600,93.348,93.437,93.336,93.43,0
1501261200,93.433,93.433,93.367,93.388,0
1501264800,93.386,93.417,93.259,93.259,0
1501268400,93.263,93.329,93.256,93.28,0
1501272000,93.277,93.361,93.274,93.331,0
1501275600,93.333,93.337,93.333,93.337,0
1501448400,93.36,93.361,93.309,93.323,0
1501452000,93.322,93.339,93.247,93.264,0
1501455600,93.265,93.362,93.26,93.349,0
1501459200,93.346,93.434,93.344,93.365,0
1501462800,93.366,93.4,93.346,93.395,0
1501466400,93.393,93.417,93.356,93.411,0
1501470000,93.413,93.456,93.411,93.454,0
1501473600,93.449,93.462,93.414,93.418,0
1501477200,93.417,93.45,93.348,93.355,0
1501480800,93.359,93.511,93.353,93.432,0
1501484400,93.437,93.505,93.433,93.503,0
1501488000,93.499,93.535,93.468,93.479,0
1501491600,93.482,93.502,93.42,93.451,0
1501495200,93.45,93.49,93.433,93.467,0
1501498800,93.468,93.485,93.423,93.485,0
1501502400,93.478,93.509,93.446,93.458,0
1501506000,93.461,93.483,93.371,93.387,0
1501509600,93.383,93.406,93.119,93.124,0
1501513200,93.126,93.161,92.896,92.917,0
1501516800,92.919,93.032,92.889,93.014,0
1501520400,93.004,93.034,92.925,93.005,0
1501524000,93.008,93.011,92.837,92.863,0
1501527600,92.86,92.89,92.786,92.851,0
1501531200,92.841,92.885,92.784,92.809,0
1501534800,92.807,92.852,92.79,92.849,0
1501538400,92.846,92.856,92.839,92.847,0
1501542000,92.892,92.972,92.888,92.958,0
1501545600,92.961,92.964,92.895,92.9,0
1501549200,92.897,92.96,92.877,92.884,0
1501552800,92.882,92.893,92.822,92.868,0
1501556400,92.869,92.905,92.868,92.891,0
1501560000,92.886,92.902,92.839,92.87,0
1501563600,92.863,92.942,92.841,92.934,0
1501567200,92.935,92.97,92.857,92.917,0
1501570800,92.916,92.963,92.885,92.918,0
1501574400,92.916,92.927,92.815,92.89,0
1501578000,92.891,92.969,92.879,92.925,0
1501581600,92.924,93.008,92.906,92.973,0
1501585200,92.977,93.017,92.919,93.006,0
1501588800,92.999,93.037,92.93,92.932,0
1501592400,92.933,92.988,92.838,92.875,0
1501596000,92.872,93.087,92.777,92.955,0
1501599600,92.947,93.118,92.927,93.082,0
1501603200,93.083,93.097,93.028,93.034,0
1501606800,93.033,93.046,92.86,92.956,0
1501610400,92.959,93.059,92.94,93.043,0
1501614000,93.041,93.078,93.035,93.073,0
1501617600,93.079,93.088,93.059,93.07,0
1501621200,93.071,93.082,93.03,93.048,0
1501624800,93.049,93.05,93.032,93.034,0
1501628400,93.063,93.095,93.022,93.042,0
1501632000,93.037,93.065,92.987,93.022,0
1501635600,93.02,93.16,93.013,93.122,0
1501639200,93.123,93.144,93.072,93.076,0
1501642800,93.077,93.118,93.059,93.097,0
1501646400,93.096,93.102,93.025,93.048,0
1501650000,93.047,93.068,93.001,93.044,0
1501653600,93.045,93.077,92.916,92.933,0
1501657200,92.935,93.037,92.934,92.987,0
1501660800,92.99,93.007,92.788,92.86,0
1501664400,92.849,92.961,92.825,92.961,0
1501668000,92.965,92.996,92.94,92.972,0
1501671600,92.971,93.037,92.944,93.002,0
1501675200,93.003,93.08,92.934,93.043,0
1501678800,93.048,93.054,92.948,92.962,0
1501682400,92.961,93.016,92.83,92.83,0
1501686000,92.831,92.837,92.734,92.791,0
1501689600,92.792,92.795,92.735,92.76,0
1501693200,92.758,92.758,92.548,92.7,0
1501696800,92.702,92.853,92.7,92.836,0
1501700400,92.84,92.917,92.832,92.891,0
1501704000,92.887,92.9,92.871,92.884,0
1501707600,92.881,92.89,92.863,92.883,0
1501711200,92.884,92.9,92.878,92.892,0
1501714800,92.899,92.954,92.895,92.909,0
1501718400,92.907,93.005,92.885,93.003,0
1501722000,93.002,93.002,92.933,92.983,0
1501725600,92.986,93.002,92.952,92.954,0
1501729200,92.956,92.979,92.931,92.979,0
1501732800,92.978,92.978,92.932,92.94,0
1501736400,92.941,92.949,92.877,92.948,0
1501740000,92.946,92.979,92.877,92.893,0
1501743600,92.895,92.979,92.863,92.969,0
1501747200,92.966,93.022,92.925,92.927,0
1501750800,92.926,92.947,92.894,92.927,0
1501754400,92.925,92.99,92.909,92.973,0
1501758000,92.97,93.038,92.9,92.934,0
1501761600,92.932,92.997,92.847,92.934,0
1501765200,92.936,93.021,92.936,92.984,0
1501768800,92.983,92.99,92.679,92.747,0
1501772400,92.746,92.785,92.692,92.76,0
1501776000,92.764,92.847,92.731,92.838,0
1501779600,92.833,92.893,92.816,92.818,0
1501783200,92.823,92.866,92.784,92.839,0
1501786800,92.836,92.874,92.696,92.773,0
1501790400,92.769,92.832,92.746,92.82,0
1501794000,92.819,92.824,92.786,92.804,0
1501797600,92.802,92.804,92.789,92.794,0
1501801200,92.752,92.768,92.699,92.722,0
1501804800,92.721,92.774,92.696,92.771,0
1501808400,92.772,92.817,92.756,92.779,0
1501812000,92.778,92.823,92.758,92.805,0
1501815600,92.8,92.804,92.763,92.765,0
1501819200,92.768,92.788,92.709,92.763,0
1501822800,92.762,92.786,92.72,92.731,0
1501826400,92.73,92.799,92.726,92.73,0
1501830000,92.728,92.767,92.697,92.721,0
1501833600,92.725,92.755,92.707,92.739,0
1501837200,92.74,92.761,92.717,92.724,0
1501840800,92.721,92.806,92.718,92.805,0
1501844400,92.808,92.846,92.775,92.775,0
1501848000,92.776,93.191,92.776,93.177,0
1501851600,93.184,93.411,93.061,93.397,0
1501855200,93.398,93.774,93.398,93.63,0
1501858800,93.635,93.641,93.528,93.595,0
1501862400,93.593,93.708,93.563,93.608,0
1501866000,93.624,93.628,93.542,93.611,0
1501869600,93.609,93.634,93.519,93.542,0
1501873200,93.543,93.543,93.431,93.448,0
1501876800,93.45,93.511,93.436,93.497,0
1501880400,93.503,93.503,93.485,93.494,0
1501884000,93.49,93.49,93.49,93.49,0
1502053200,93.493,93.509,93.489,93.493,0
1502056800,93.489,93.506,93.38,93.429,0
1502060400,93.431,93.481,93.396,93.481,0
1502064000,93.475,93.482,93.381,93.425,0
1502067600,93.428,93.436,93.376,93.377,0
1502071200,93.378,93.389,93.332,93.367,0
1502074800,93.37,93.38,93.319,93.341,0
1502078400,93.34,93.365,93.329,93.362,0
1502082000,93.361,93.425,93.355,93.424,0
1502085600,93.422,93.468,93.375,93.451,0
1502089200,93.449,93.488,93.302,93.332,0
1502092800,93.331,93.412,93.324,93.392,0
1502096400,93.402,93.456,93.358,93.389,0
1502100000,93.39,93.428,93.367,93.416,0
1502103600,93.41,93.436,93.341,93.393,0
1502107200,93.389,93.506,93.371,93.505,0
1502110800,93.508,93.541,93.45,93.45,0
1502114400,93.457,93.512,93.426,93.451,0
1502118000,93.45,93.494,93.447,93.488,0
1502121600,93.485,93.528,93.453,93.467,0
1502125200,93.458,93.468,93.419,93.453,0
1502128800,93.452,93.477,93.431,93.432,0
1502132400,93.434,93.471,93.419,93.431,0
1502136000,93.432,93.448,93.416,93.423,0
1502139600,93.424,93.449,93.407,93.424,0
1502143200,93.416,93.428,93.411,93.428,0
1502146800,93.445,93.445,93.392,93.405,0
1502150400,93.406,93.415,93.362,93.382,0
1502154000,93.38,93.386,93.238,93.284,0
1502157600,93.286,93.35,93.275,93.3,0
1502161200,93.299,93.35,93.281,93.346,0
1502164800,93.344,93.347,93.281,93.304,0
1502168400,93.305,93.346,93.282,93.321,0
1502172000,93.324,93.371,93.306,93.348,0
1502175600,93.354,93.367,93.261,93.331,0
1502179200,93.328,93.343,93.277,93.325,0
1502182800,93.324,93.341,93.289,93.317,0
1502186400,93.315,93.338,93.262,93.273,0
1502190000,93.277,93.335,93.261,93.323,0
1502193600,93.311,93.345,93.248,93.292,0
1502197200,93.291,93.36,93.283,93.335,0
1502200800,93.338,93.816,93.336,93.787,0
1502204400,93.781,93.876,93.702,93.839,0
1502208000,93.83,93.84,93.649,93.649,0
1502211600,93.654,93.67,93.541,93.572,0
1502215200,93.575,93.647,93.571,93.647,0
1502218800,93.638,93.721,93.613,93.634,0
1502222400,93.636,93.662,93.581,93.601,0
1502226000,93.615,93.649,93.588,93.627,0
1502229600,93.629,93.629,93.605,93.607,0
1502233200,93.557,93.599,93.532,93.589,0
1502236800,93.591,93.702,93.579,93.637,0
1502240400,93.639,93.707,93.593,93.668,0
1502244000,93.667,93.733,93.624,93.661,0
1502247600,93.663,93.699,93.638,93.649,0
1502251200,93.648,93.661,93.625,93.642,0
1502254800,93.64,93.67,93.613,93.635,0
1502258400,93.637,93.662,93.537,93.602,0
1502262000,93.6,93.601,93.499,93.564,0
1502265600,93.565,93.673,93.563,93.626,0
1502269200,93.621,93.633,93.509,93.571,0
1502272800,93.575,93.628,93.515,93.615,0
1502276400,93.612,93.634,93.576,93.593,0
1502280000,93.584,93.659,93.538,93.56,0
1502283600,93.557,93.888,93.551,93.801,0
1502287200,93.806,93.823,93.618,93.626,0
1502290800,93.621,93.692,93.593,93.608,0
1502294400,93.606,93.675,93.589,93.607,0
1502298000,93.611,93.653,93.524,93.566,0
1502301600,93.563,93.573,93.488,93.548,0
1502305200,93.55,93.571,93.53,93.541,0
1502308800,93.546,93.554,93.516,93.532,0
1502312400,93.535,93.545,93.498,93.507,0
1502316000,93.508,93.519,93.495,93.499,0
1502319600,93.501,93.534,93.497,93.505,0
1502323200,93.5,93.58,93.495,93.539,0
1502326800,93.535,93.592,93.501,93.567,0
1502330400,93.566,93.628,93.551,93.59,0
1502334000,93.593,93.674,93.588,93.636,0
1502337600,93.639,93.669,93.63,93.662,0
1502341200,93.672,93.741,93.649,93.698,0
1502344800,93.692,93.711,93.648,93.692,0
1502348400,93.696,93.805,93.674,93.775,0
1502352000,93.777,93.782,93.672,93.721,0
1502355600,93.719,93.789,93.718,93.763,0
1502359200,93.762,93.803,93.676,93.685,0
1502362800,93.682,93.749,93.665,93.687,0
1502366400,93.681,93.687,93.52,93.543,0
1502370000,93.534,93.601,93.483,93.573,0
1502373600,93.579,93.675,93.455,93.499,0
1502377200,93.494,93.557,93.447,93.51,0
1502380800,93.507,93.523,93.438,93.477,0
1502384400,93.481,93.512,93.445,93.475,0
1502388000,93.476,93.502,93.388,93.401,0
1502391600,93.4,93.415,93.316,93.386,0
1502395200,93.389,93.409,93.356,93.4,0
1502398800,93.406,93.422,93.369,93.389,0
1502402400,93.396,93.416,93.396,93.415,0
1502406000,93.429,93.443,93.391,93.391,0
1502409600,93.39,93.405,93.339,93.37,0
1502413200,93.367,93.425,93.347,93.391,0
1502416800,93.393,93.441,93.375,93.386,0
1502420400,93.383,93.397,93.328,93.333,0
1502424000,93.332,93.355,93.319,93.338,0
1502427600,93.341,93.423,93.312,93.415,0
1502431200,93.417,93.486,93.391,93.466,0
1502434800,93.463,93.502,93.44,93.473,0
1502438400,93.475,93.492,93.396,93.45,0
1502442000,93.451,93.507,93.44,93.467,0
1502445600,93.471,93.495,93.385,93.451,0
1502449200,93.455,93.465,93.381,93.46,0
1502452800,93.452,93.488,92.992,93.138,0
1502456400,93.146,93.399,93.072,93.25,0
1502460000,93.252,93.295,93.172,93.265,0
1502463600,93.27,93.303,93.16,93.166,0
1502467200,93.167,93.194,93.073,93.08,0
1502470800,93.083,93.083,92.934,92.979,0
1502474400,92.982,93.071,92.968,93.069,0
1502478000,93.062,93.086,93.024,93.069,0
1502481600,93.07,93.104,93.057,93.098,0
1502485200,93.1,93.107,93.1,93.101,0
1502658000,93.095,93.098,93.046,93.067,0
1502661600,93.069,93.111,93.069,93.093,0
1502665200,93.095,93.125,93.076,93.09,0
1502668800,93.088,93.151,93.071,93.14,0
1502672400,93.139,93.16,93.05,93.071,0
1502676000,93.072,93.093,93.049,93.093,0
1502679600,93.09,93.111,93.057,93.109,0
1502683200,93.11,93.169,93.105,93.163,0
1502686800,93.165,93.222,93.157,93.158,0
1502690400,93.159,93.219,93.088,93.096,0
1502694000,93.103,93.302,93.048,93.256,0
1502697600,93.263,93.361,93.248,93.298,0
1502701200,93.301,93.338,93.27,93.338,0
1502704800,93.327,93.368,93.284,93.34,0
1502708400,93.334,93.401,93.307,93.353,0
1502712000,93.356,93.356,93.3,93.336,0
1502715600,93.332,93.409,93.293,93.347,0
1502719200,93.356,93.485,93.347,93.356,0
1502722800,93.355,93.414,93.33,93.362,0
1502726400,93.368,93.417,93.3,93.318,0
1502730000,93.319,93.495,93.31,93.486,0
1502733600,93.484,93.489,93.387,93.411,0
1502737200,93.41,93.434,93.387,93.417,0
1502740800,93.42,93.451,93.398,93.433,0
1502744400,93.432,93.462,93.428,93.453,0
1502748000,93.454,93.462,93.452,93.462,0
1502758800,93.47,93.481,93.435,93.47,0
1502762400,93.474,93.497,93.469,93.488,0
1502766000,93.487,93.503,93.479,93.496,0
1502769600,93.499,93.534,93.474,93.531,0
1502773200,93.53,93.639,93.515,93.631,0
1502776800,93.635,93.761,93.618,93.716,0
1502780400,93.718,93.854,93.688,93.7,0
1502784000,93.702,93.714,93.581,93.639,0
1502787600,93.654,93.704,93.606,93.704,0
1502791200,93.705,93.793,93.697,93.729,0
1502794800,93.723,93.823,93.689,93.79,0
1502798400,93.786,94.139,93.743,94.104,0
1502802000,94.109,94.127,93.897,94.01,0
1502805600,94.014,94.06,93.927,93.939,0
1502809200,93.933,93.964,93.8,93.818,0
1502812800,93.821,93.873,93.816,93.827,0
1502816400,93.819,93.824,93.768,93.812,0
1502820000,93.813,93.88,93.81,93.853,0
1502823600,93.858,93.863,93.802,93.81,0
1502827200,93.812,93.865,93.807,93.851,0
1502830800,93.849,93.859,93.82,93.831,0
1502834400,93.83,93.838,93.824,93.829,0
1502838000,93.835,93.841,93.793,93.809,0
1502841600,93.812,93.856,93.789,93.853,0
1502845200,93.856,93.875,93.819,93.835,0
1502848800,93.834,93.857,93.815,93.854,0
1502852400,93.853,93.856,93.818,93.824,0
1502856000,93.826,93.838,93.804,93.812,0
1502859600,93.817,93.842,93.78,93.813,0
1502863200,93.81,93.932,93.81,93.894,0
1502866800,93.898,93.996,93.75,93.996,0
1502870400,93.986,94.104,93.832,93.899,0
1502874000,93.898,93.904,93.817,93.899,0
1502877600,93.894,94.043,93.894,94.027,0
1502881200,94.026,94.048,93.973,93.987,0
1502884800,93.979,94.028,93.909,94.021,0
1502888400,94.022,94.145,93.997,94.051,0
1502892000,94.054,94.065,93.917,93.996,0
1502895600,94.004,94.072,93.968,94.02,0
1502899200,94.023,94.098,94.013,94.017,0
1502902800,94.024,94.027,93.733,93.786,0
1502906400,93.788,93.811,93.48,93.541,0
1502910000,93.542,93.576,93.483,93.509,0
1502913600,93.513,93.522,93.487,93.498,0
1502917200,93.513,93.52,93.472,93.481,0
1502920800,93.486,93.486,93.468,93.471,0
1502924400,93.443,93.493,93.442,93.459,0
1502928000,93.457,93.523,93.443,93.481,0
1502931600,93.476,93.488,93.32,93.322,0
1502935200,93.323,93.407,93.312,93.378,0
1502938800,93.376,93.422,93.371,93.399,0
1502942400,93.403,93.405,93.374,93.389,0
1502946000,93.392,93.414,93.321,93.394,0
1502949600,93.392,93.502,93.386,93.493,0
1502953200,93.501,93.584,93.479,93.507,0
1502956800,93.509,93.662,93.505,93.66,0
1502960400,93.664,93.843,93.636,93.826,0
1502964000,93.829,93.945,93.818,93.895,0
1502967600,93.897,94.08,93.79,93.87,0
1502971200,93.874,93.979,93.838,93.908,0
1502974800,93.913,93.924,93.683,93.683,0
1502978400,93.693,93.791,93.57,93.604,0
1502982000,93.61,93.697,93.609,93.66,0
1502985600,93.657,93.683,93.55,93.622,0
1502989200,93.624,93.646,93.568,93.633,0
1502992800,93.624,93.631,93.551,93.622,0
1502996400,93.623,93.685,93.568,93.682,0
1503000000,93.68,93.747,93.623,93.721,0
1503003600,93.718,93.745,93.668,93.685,0
1503007200,93.691,93.694,93.656,93.67,0
1503014400,93.724,93.741,93.664,93.674,0
1503018000,93.671,93.707,93.627,93.641,0
1503021600,93.643,93.662,93.616,93.652,0
1503025200,93.656,93.656,93.606,93.632,0
1503028800,93.629,93.638,93.565,93.571,0
1503032400,93.577,93.61,93.566,93.607,0
1503036000,93.613,93.657,93.561,93.57,0
1503039600,93.567,93.609,93.432,93.583,0
1503043200,93.589,93.601,93.463,93.482,0
1503046800,93.484,93.562,93.331,93.558,0
1503050400,93.583,93.583,93.482,93.496,0
1503054000,93.49,93.602,93.467,93.581,0
1503057600,93.579,93.586,93.424,93.424,0
1503061200,93.421,93.486,93.369,93.42,0
1503064800,93.438,93.508,93.37,93.451,0
1503068400,93.452,93.626,93.411,93.526,0
1503072000,93.524,93.556,93.487,93.519,0
1503075600,93.516,93.583,93.462,93.469,0
1503079200,93.468,93.488,93.427,93.434,0
1503082800,93.437,93.443,93.384,93.409,0
1503086400,93.413,93.441,93.384,93.438,0
1503090000,93.425,93.425,93.42,93.42,0
1503262800,93.447,93.472,93.43,93.444,0
1503266400,93.445,93.5,93.435,93.497,0
1503270000,93.493,93.523,93.464,93.476,0
1503273600,93.473,93.508,93.462,93.505,0
1503277200,93.504,93.513,93.442,93.449,0
1503280800,93.448,93.456,93.418,93.438,0
1503284400,93.441,93.484,93.435,93.468,0
1503288000,93.471,93.485,93.44,93.485,0
1503291600,93.489,93.538,93.466,93.53,0
1503295200,93.529,93.58,93.496,93.557,0
1503298800,93.564,93.582,93.508,93.516,0
1503302400,93.519,93.547,93.462,93.531,0
1503306000,93.525,93.55,93.498,93.526,0
1503309600,93.531,93.54,93.414,93.417,0
1503313200,93.412,93.419,93.347,93.401,0
1503316800,93.386,93.41,93.249,93.273,0
1503320400,93.269,93.3,93.211,93.22,0
1503324000,93.218,93.218,93.042,93.063,0
1503327600,93.067,93.118,92.997,93.108,0
1503331200,93.112,93.135,93.027,93.03,0
1503334800,93.031,93.069,93.003,93.037,0
1503338400,93.042,93.107,93.013,93.095,0
1503342000,93.091,93.129,93.086,93.12,0
1503345600,93.119,93.131,93.075,93.09,0
1503349200,93.085,93.11,93.068,93.092,0
1503352800,93.095,93.104,93.079,93.086,0
1503356400,93.136,93.14,93.082,93.115,0
1503360000,93.118,93.14,93.088,93.108,0
1503363600,93.112,93.143,93.061,93.139,0
1503367200,93.137,93.195,93.131,93.187,0
1503370800,93.19,93.209,93.162,93.169,0
1503374400,93.168,93.188,93.151,93.186,0
1503378000,93.185,93.259,93.182,93.21,0
1503381600,93.214,93.294,93.162,93.291,0
1503385200,93.29,93.339,93.268,93.294,0
1503388800,93.287,93.433,93.287,93.398,0
1503392400,93.4,93.514,93.397,93.505,0
1503396000,93.511,93.56,93.488,93.52,0
1503399600,93.526,93.577,93.449,93.46,0
1503403200,93.456,93.525,93.417,93.458,0
1503406800,93.463,93.524,93.39,93.516,0
1503410400,93.519,93.547,93.438,93.463,0
1503414000,93.466,93.477,93.394,93.467,0
1503417600,93.471,93.484,93.422,93.465,0
1503421200,93.467,93.543,93.456,93.537,0
1503424800,93.533,93.569,93.52,93.545,0
1503428400,93.548,93.565,93.51,93.516,0
1503432000,93.517,93.534,93.488,93.503,0
1503435600,93.501,93.522,93.48,93.49,0
1503439200,93.485,93.503,93.482,93.491,0
1503442800,93.508,93.539,93.5,93.53,0
1503446400,93.528,93.609,93.528,93.606,0
1503450000,93.607,93.619,93.554,93.564,0
1503453600,93.562,93.588,93.487,93.488,0
1503457200,93.486,93.525,93.468,93.514,0
1503460800,93.513,93.55,93.509,93.539,0
1503464400,93.537,93.544,93.504,93.527,0
1503468000,93.524,93.566,93.511,93.533,0
1503471600,93.531,93.628,93.397,93.407,0
1503475200,93.415,93.438,93.356,93.398,0
1503478800,93.386,93.453,93.366,93.425,0
1503482400,93.424,93.451,93.393,93.421,0
1503486000,93.424,93.424,93.28,93.301,0
1503489600,93.29,93.336,93.236,93.327,0
1503493200,93.323,93.384,93.287,93.324,0
1503496800,93.322,93.322,93.187,93.204,0
1503500400,93.192,93.307,93.185,93.285,0
1503504000,93.287,93.312,93.254,93.289,0
1503507600,93.291,93.291,93.178,93.211,0
1503511200,93.206,93.238,93.136,93.147,0
1503514800,93.148,93.174,93.126,93.158,0
1503518400,93.151,93.233,93.132,93.22,0
1503522000,93.194,93.223,93.187,93.197,0
1503525600,93.198,93.198,93.181,93.197,0
1503529200,93.162,93.164,93.129,93.15,0
1503532800,93.156,93.239,93.139,93.236,0
1503536400,93.235,93.285,93.223,93.276,0
1503540000,93.279,93.321,93.243,93.248,0
1503543600,93.25,93.314,93.25,93.269,0
1503547200,93.266,93.298,93.253,93.264,0
1503550800,93.263,93.276,93.222,93.236,0
1503554400,93.237,93.356,93.225,93.335,0
1503558000,93.337,93.353,93.287,93.313,0
1503561600,93.305,93.378,93.279,93.338,0
1503565200,93.334,93.35,93.274,93.304,0
1503568800,93.302,93.332,93.275,93.28,0
1503572400,93.282,93.315,93.206,93.22,0
1503576000,93.217,93.28,93.177,93.254,0
1503579600,93.249,93.308,93.21,93.23,0
1503583200,93.233,93.334,93.206,93.243,0
1503586800,93.248,93.28,93.219,93.255,0
1503590400,93.262,93.276,93.223,93.251,0
1503594000,93.241,93.244,93.189,93.211,0
1503597600,93.216,93.281,93.193,93.277,0
1503601200,93.269,93.31,93.239,93.295,0
1503604800,93.294,93.305,93.252,93.298,0
1503608400,93.296,93.299,93.259,93.286,0
1503612000,93.29,93.29,93.28,93.289,0
1503615600,93.268,93.312,93.268,93.298,0
1503619200,93.296,93.332,93.281,93.32,0
1503622800,93.321,93.362,93.29,93.349,0
1503626400,93.348,93.354,93.314,93.319,0
1503630000,93.32,93.332,93.272,93.299,0
1503633600,93.298,93.311,93.286,93.29,0
1503637200,93.291,93.309,93.271,93.297,0
1503640800,93.294,93.355,93.294,93.332,0
1503644400,93.331,93.44,93.331,93.391,0
1503648000,93.384,93.384,93.269,93.298,0
1503651600,93.296,93.298,93.221,93.23,0
1503655200,93.227,93.248,93.117,93.169,0
1503658800,93.171,93.191,93.14,93.187,0
1503662400,93.189,93.273,93.173,93.249,0
1503666000,93.251,93.378,93.179,93.344,0
1503669600,93.334,93.342,92.762,92.813,0
1503673200,92.805,92.82,92.707,92.782,0
1503676800,92.788,92.789,92.687,92.688,0
1503680400,92.682,92.728,92.672,92.711,0
1503684000,92.718,92.789,92.715,92.74,0
1503687600,92.747,92.766,92.424,92.527,0
1503691200,92.523,92.579,92.478,92.525,0
1503694800,92.537,92.537,92.522,92.522,0
1503867600,92.363,92.4,92.361,92.396,0
1503871200,92.394,92.411,92.329,92.357,0
1503874800,92.36,92.384,92.318,92.378,0
1503878400,92.375,92.503,92.372,92.462,0
1503882000,92.464,92.515,92.462,92.481,0
1503885600,92.48,92.517,92.476,92.5,0
1503889200,92.502,92.532,92.497,92.523,0
1503892800,92.524,92.531,92.504,92.527,0
1503896400,92.528,92.55,92.442,92.446,0
1503900000,92.448,92.508,92.42,92.443,0
1503903600,92.447,92.516,92.383,92.488,0
1503907200,92.485,92.518,92.413,92.45,0
1503910800,92.447,92.464,92.421,92.45,0
1503914400,92.454,92.462,92.41,92.429,0
1503918000,92.431,92.489,92.425,92.487,0
1503921600,92.486,92.504,92.419,92.434,0
1503925200,92.432,92.494,92.404,92.418,0
1503928800,92.427,92.432,92.316,92.328,0
1503932400,92.333,92.357,92.252,92.272,0
1503936000,92.27,92.27,92.227,92.239,0
1503939600,92.238,92.239,92.196,92.218,0
1503943200,92.217,92.221,92.184,92.207,0
1503946800,92.206,92.273,92.205,92.262,0
1503950400,92.266,92.274,92.243,92.244,0
1503954000,92.245,92.255,92.176,92.204,0
1503957600,92.203,92.212,92.168,92.195,0
1503961200,92.219,92.317,92.21,92.255,0
1503964800,92.26,92.287,92.207,92.268,0
1503968400,92.273,92.288,92.207,92.23,0
1503972000,92.233,92.249,92.218,92.222,0
1503975600,92.223,92.251,92.203,92.232,0
1503979200,92.233,92.234,92.184,92.202,0
1503982800,92.2,92.22,92.161,92.161,0
1503986400,92.162,92.209,91.951,91.951,0
1503990000,91.957,91.988,91.763,91.763,0
1503993600,91.76,91.799,91.621,91.689,0
1503997200,91.685,91.802,91.622,91.789,0
1504000800,91.785,91.844,91.705,91.819,0
1504004400,91.823,91.836,91.743,91.793,0
1504008000,91.792,91.873,91.681,91.87,0
1504011600,91.867,91.955,91.838,91.909,0
1504015200,91.905,92.02,91.903,91.913,0
1504018800,91.917,91.992,91.889,91.974,0
1504022400,91.972,92.084,91.972,92.047,0
1504026000,92.052,92.178,92.014,92.149,0
1504029600,92.145,92.277,92.139,92.249,0
1504033200,92.25,92.366,92.207,92.365,0
1504036800,92.36,92.475,92.288,92.338,0
1504040400,92.336,92.367,92.314,92.346,0
1504044000,92.348,92.351,92.324,92.328,0
1504047600,92.295,92.379,92.29,92.35,0
1504051200,92.355,92.379,92.312,92.332,0
1504054800,92.331,92.366,92.305,92.327,0
1504058400,92.329,92.337,92.302,92.311,0
1504062000,92.309,92.318,92.262,92.272,0
1504065600,92.27,92.324,92.251,92.321,0
1504069200,92.32,92.373,92.312,92.366,0
1504072800,92.368,92.553,92.361,92.488,0
1504076400,92.482,92.561,92.39,92.438,0
1504080000,92.441,92.534,92.431,92.509,0
1504083600,92.514,92.534,92.448,92.463,0
1504087200,92.465,92.5,92.451,92.478,0
1504090800,92.479,92.633,92.47,92.621,0
1504094400,92.624,92.867,92.594,92.727,0
1504098000,92.725,92.772,92.598,92.765,0
1504101600,92.754,92.853,92.706,92.763,0
1504105200,92.769,92.839,92.652,92.666,0
1504108800,92.668,92.832,92.665,92.797,0
1504112400,92.798,92.869,92.798,92.846,0
1504116000,92.848,92.946,92.828,92.884,0
1504119600,92.89,92.913,92.858,92.894,0
1504123200,92.892,92.942,92.892,92.905,0
1504126800,92.908,92.915,92.845,92.854,0
1504130400,92.852,92.858,92.845,92.851,0
1504134000,92.851,92.923,92.851,92.914,0
1504137600,92.907,92.939,92.861,92.88,0
1504141200,92.883,93.036,92.853,93.001,0
1504144800,92.997,93.016,92.965,92.993,0
1504148400,92.994,93.028,92.972,93.011,0
1504152000,93.01,93.015,92.941,92.969,0
1504155600,92.971,93.028,92.954,93.005,0
1504159200,93.004,93.074,92.893,92.928,0
1504162800,92.926,92.971,92.858,92.925,0
1504166400,92.924,92.98,92.909,92.909,0
1504170000,92.903,93.07,92.858,93.037,0
1504173600,93.035,93.196,93.022,93.123,0
1504177200,93.12,93.272,93.11,93.265,0
1504180800,93.261,93.347,93.085,93.143,0
1504184400,93.141,93.186,93.032,93.082,0
1504188000,93.076,93.091,92.784,92.814,0
1504191600,92.819,92.936,92.695,92.787,0
1504195200,92.785,92.923,92.771,92.863,0
1504198800,92.858,92.872,92.762,92.772,0
1504202400,92.775,92.779,92.656,92.668,0
1504206000,92.666,92.716,92.641,92.645,0
1504209600,92.644,92.66,92.607,92.623,0
1504213200,92.619,92.647,92.564,92.575,0
1504216800,92.581,92.592,92.561,92.567,0
1504220400,92.609,92.647,92.601,92.634,0
1504224000,92.624,92.644,92.605,92.617,0
1504227600,92.613,92.647,92.604,92.627,0
1504231200,92.626,92.633,92.583,92.626,0
1504234800,92.634,92.656,92.602,92.652,0
1504238400,92.651,92.701,92.641,92.687,0
1504242000,92.693,92.763,92.688,92.724,0
1504245600,92.727,92.801,92.67,92.795,0
1504249200,92.796,92.841,92.758,92.797,0
1504252800,92.793,92.813,92.712,92.742,0
1504256400,92.747,92.763,92.681,92.734,0
1504260000,92.738,92.738,92.573,92.627,0
1504263600,92.626,92.653,92.544,92.594,0
1504267200,92.593,92.626,92.1,92.554,0
1504270800,92.553,92.811,92.452,92.806,0
1504274400,92.807,92.926,92.646,92.72,0
1504278000,92.722,92.82,92.638,92.71,0
1504281600,92.709,92.875,92.664,92.855,0
1504285200,92.858,92.861,92.79,92.815,0
1504288800,92.816,92.838,92.769,92.814,0
1504292400,92.809,92.832,92.791,92.817,0
1504296000,92.819,92.856,92.816,92.847,0
1504299600,92.856,92.856,92.848,92.849,0
1504566000,92.601,92.669,92.599,92.656,0
1504569600,92.655,92.655,92.581,92.583,0
1504573200,92.587,92.622,92.545,92.578,0
1504576800,92.584,92.584,92.493,92.515,0
1504580400,92.512,92.524,92.472,92.496,0
1504584000,92.498,92.517,92.466,92.517,0
1504587600,92.511,92.533,92.491,92.514,0
1504591200,92.512,92.602,92.483,92.515,0
1504594800,92.516,92.727,92.486,92.673,0
1504598400,92.671,92.705,92.624,92.642,0
1504602000,92.64,92.686,92.635,92.644,0
1504605600,92.641,92.646,92.47,92.523,0
1504609200,92.521,92.638,92.521,92.582,0
1504612800,92.581,92.581,92.449,92.472,0
1504616400,92.47,92.541,92.456,92.534,0
1504620000,92.536,92.536,92.183,92.295,0
1504623600,92.285,92.377,92.245,92.354,0
1504627200,92.351,92.374,92.259,92.371,0
1504630800,92.366,92.443,92.299,92.428,0
1504634400,92.426,92.432,92.251,92.252,0
1504638000,92.261,92.294,92.209,92.291,0
1504641600,92.29,92.353,92.276,92.316,0
1504645200,92.312,92.326,92.284,92.309,0
1504648800,92.305,92.305,92.279,92.286,0
1504652400,92.238,92.257,92.209,92.226,0
1504656000,92.229,92.295,92.208,92.249,0
1504659600,92.248,92.375,92.232,92.336,0
1504663200,92.335,92.357,92.296,92.314,0
1504666800,92.31,92.326,92.285,92.32,0
1504670400,92.322,92.359,92.305,92.311,0
1504674000,92.314,92.328,92.228,92.233,0
1504677600,92.234,92.319,92.233,92.283,0
1504681200,92.282,92.29,92.203,92.222,0
1504684800,92.217,92.229,92.113,92.147,0
1504688400,92.148,92.234,92.096,92.218,0
1504692000,92.217,92.286,92.139,92.251,0
1504695600,92.253,92.308,92.239,92.242,0
1504699200,92.237,92.251,92.196,92.245,0
1504702800,92.244,92.327,92.23,92.305,0
1504706400,92.302,92.302,92.032,92.044,0
1504710000,92.052,92.09,91.988,92.041,0
1504713600,92.03,92.206,91.994,92.184,0
1504717200,92.186,92.274,92.179,92.248,0
1504720800,92.246,92.303,92.205,92.29,0
1504724400,92.293,92.32,92.258,92.281,0
1504728000,92.275,92.296,92.214,92.245,0
1504731600,92.248,92.251,92.218,92.241,0
1504735200,92.234,92.234,92.212,92.22,0
1504738800,92.203,92.241,92.183,92.195,0
1504742400,92.194,92.215,92.111,92.207,0
1504746000,92.212,92.233,92.193,92.203,0
1504749600,92.201,92.208,92.172,92.187,0
1504753200,92.191,92.222,92.165,92.183,0
1504756800,92.184,92.198,92.169,92.192,0
1504760400,92.19,92.198,92.168,92.184,0
1504764000,92.183,92.253,92.168,92.169,0
1504767600,92.17,92.172,92.019,92.037,0
1504771200,92.045,92.09,91.92,91.98,0
1504774800,91.972,92,91.856,91.867,0
1504778400,91.865,91.893,91.766,91.811,0
1504782000,91.809,91.909,91.788,91.856,0
1504785600,91.849,92.009,91.456,91.496,0
1504789200,91.491,91.853,91.405,91.732,0
1504792800,91.733,91.738,91.591,91.591,0
1504796400,91.605,91.65,91.456,91.511,0
1504800000,91.507,91.77,91.487,91.738,0
1504803600,91.736,91.741,91.655,91.679,0
1504807200,91.68,91.735,91.629,91.663,0
1504810800,91.67,91.684,91.539,91.542,0
1504814400,91.541,91.555,91.477,91.515,0
1504818000,91.516,91.551,91.48,91.541,0
1504821600,91.542,91.543,91.527,91.537,0
1504825200,91.489,91.516,91.457,91.469,0
1504828800,91.466,91.502,91.409,91.431,0
1504832400,91.432,91.513,91.416,91.496,0
1504836000,91.494,91.505,91.082,91.198,0
1504839600,91.192,91.242,91.123,91.183,0
1504843200,91.182,91.249,91.18,91.199,0
1504846800,91.186,91.186,91.011,91.092,0
1504850400,91.094,91.267,91.053,91.168,0
1504854000,91.162,91.348,91.145,91.278,0
1504857600,91.272,91.314,91.171,91.18,0
1504861200,91.196,91.263,91.19,91.21,0
1504864800,91.211,91.214,91.049,91.076,0
1504868400,91.08,91.175,91.065,91.081,0
1504872000,91.077,91.292,91.058,91.241,0
1504875600,91.246,91.388,91.184,91.375,0
1504879200,91.364,91.457,91.299,91.452,0
1504882800,91.446,91.446,91.258,91.272,0
1504886400,91.271,91.393,91.251,91.375,0
1504890000,91.371,91.379,91.315,91.321,0
1504893600,91.32,91.363,91.31,91.352,0
1504897200,91.344,91.351,91.286,91.339,0
1504900800,91.347,91.351,91.286,91.321,0
1504904400,91.324,91.33,91.324,91.325,0
1505077200,91.458,91.465,91.409,91.43,0
1505080800,91.428,91.525,91.428,91.474,0
1505084400,91.473,91.507,91.446,91.465,0
1505088000,91.467,91.539,91.464,91.532,0
1505091600,91.534,91.616,91.498,91.568,0
1505095200,91.562,91.577,91.487,91.491,0
1505098800,91.493,91.54,91.482,91.518,0
1505102400,91.517,91.57,91.509,91.555,0
1505106000,91.549,91.564,91.48,91.496,0
1505109600,91.498,91.597,91.485,91.543,0
1505113200,91.545,91.626,91.471,91.481,0
1505116800,91.485,91.515,91.415,91.452,0
1505120400,91.455,91.525,91.428,91.502,0
1505124000,91.5,91.508,91.445,91.491,0
1505127600,91.489,91.601,91.467,91.569,0
1505131200,91.566,91.712,91.535,91.69,0
1505134800,91.692,91.794,91.672,91.691,0
1505138400,91.688,91.753,91.654,91.734,0
1505142000,91.738,91.881,91.711,91.859,0
1505145600,91.855,91.901,91.815,91.816,0
1505149200,91.813,91.904,91.81,91.879,0
1505152800,91.881,91.884,91.828,91.875,0
1505156400,91.871,91.976,91.871,91.957,0
1505160000,91.956,91.985,91.933,91.939,0
1505163600,91.942,91.954,91.922,91.926,0
1505167200,91.925,91.925,91.894,91.898,0
1505170800,91.863,91.913,91.852,91.911,0
1505174400,91.915,92.014,91.89,91.998,0
1505178000,91.999,91.999,91.921,91.924,0
1505181600,91.928,91.948,91.872,91.877,0
1505185200,91.88,91.935,91.868,91.929,0
1505188800,91.932,91.939,91.891,91.923,0
1505192400,91.924,91.977,91.894,91.901,0
1505196000,91.906,91.921,91.798,91.806,0
1505199600,91.81,91.865,91.769,91.798,0
1505203200,91.803,91.9,91.791,91.858,0
1505206800,91.854,91.923,91.815,91.85,0
1505210400,91.853,92.001,91.818,91.981,0
1505214000,91.982,92.053,91.974,92.017,0
1505217600,92.019,92.08,91.924,92.077,0
1505221200,92.065,92.072,91.971,91.985,0
1505224800,91.994,92.008,91.844,91.929,0
1505228400,91.933,91.945,91.845,91.871,0
1505232000,91.867,91.973,91.833,91.91,0
1505235600,91.908,91.962,91.885,91.919,0
1505239200,91.92,91.938,91.82,91.882,0
1505242800,91.88,91.96,91.864,91.919,0
1505246400,91.916,91.939,91.906,91.914,0
1505250000,91.915,91.941,91.89,91.914,0
1505253600,91.913,91.916,91.892,91.895,0
1505257200,91.884,91.931,91.876,91.889,0
1505260800,91.881,91.921,91.851,91.89,0
1505264400,91.892,91.893,91.751,91.781,0
1505268000,91.791,91.824,91.754,91.769,0
1505271600,91.77,91.836,91.767,91.786,0
1505275200,91.79,91.81,91.755,91.794,0
1505278800,91.793,91.845,91.791,91.812,0
1505282400,91.809,91.85,91.747,91.84,0
1505286000,91.837,91.863,91.727,91.752,0
1505289600,91.753,91.836,91.71,91.818,0
1505293200,91.82,91.905,91.792,91.864,0
1505296800,91.863,91.879,91.78,91.782,0
1505300400,91.781,91.828,91.771,91.799,0
1505304000,91.793,91.889,91.742,91.862,0
1505307600,91.863,92.104,91.857,92.104,0
1505311200,92.106,92.336,92.086,92.265,0
1505314800,92.27,92.467,92.257,92.361,0
1505318400,92.364,92.499,92.347,92.499,0
1505322000,92.498,92.503,92.38,92.444,0
1505325600,92.446,92.53,92.441,92.52,0
1505329200,92.523,92.524,92.436,92.448,0
1505332800,92.449,92.472,92.404,92.41,0
1505336400,92.403,92.432,92.381,92.406,0
1505340000,92.4,92.411,92.396,92.406,0
1505343600,92.353,92.408,92.346,92.397,0
1505347200,92.393,92.45,92.367,92.44,0
1505350800,92.434,92.513,92.432,92.481,0
1505354400,92.482,92.499,92.401,92.468,0
1505358000,92.474,92.5,92.443,92.473,0
1505361600,92.47,92.485,92.436,92.449,0
1505365200,92.451,92.514,92.45,92.469,0
1505368800,92.468,92.509,92.395,92.415,0
1505372400,92.418,92.451,92.275,92.304,0
1505376000,92.308,92.376,92.308,92.319,0
1505379600,92.322,92.397,92.299,92.367,0
1505383200,92.371,92.377,92.322,92.335,0
1505386800,92.334,92.394,92.268,92.314,0
1505390400,92.309,92.661,92.157,92.259,0
1505394000,92.263,92.446,92.228,92.338,0
1505397600,92.335,92.406,92.243,92.391,0
1505401200,92.396,92.403,92.279,92.295,0
1505404800,92.291,92.361,92.277,92.314,0
1505408400,92.311,92.313,92.07,92.095,0
1505412000,92.098,92.147,92.084,92.124,0
1505415600,92.134,92.185,92.119,92.157,0
1505419200,92.16,92.163,92.035,92.045,0
1505422800,92.046,92.088,92.027,92.076,0
1505426400,92.074,92.085,91.975,92.058,0
1505430000,92.004,92.039,91.991,91.995,0
1505433600,91.993,92.122,91.98,92.119,0
1505437200,92.115,92.161,92.087,92.126,0
1505440800,92.128,92.131,92.051,92.071,0
1505444400,92.074,92.158,92.061,92.129,0
1505448000,92.125,92.153,92.094,92.099,0
1505451600,92.093,92.127,92.05,92.055,0
1505455200,92.052,92.166,91.997,92.047,0
1505458800,92.036,92.116,92.019,92.073,0
1505462400,92.064,92.1,91.891,91.913,0
1505466000,91.922,91.946,91.764,91.905,0
1505469600,91.902,91.909,91.826,91.83,0
1505473200,91.835,91.85,91.772,91.847,0
1505476800,91.846,91.848,91.577,91.663,0
1505480400,91.659,91.734,91.599,91.662,0
1505484000,91.652,91.775,91.652,91.766,0
1505487600,91.761,91.827,91.732,91.779,0
1505491200,91.778,91.895,91.769,91.861,0
1505494800,91.859,91.951,91.858,91.896,0
1505498400,91.897,91.939,91.857,91.872,0
1505502000,91.866,91.905,91.829,91.834,0
1505505600,91.835,91.845,91.75,91.832,0
1505509200,91.848,91.853,91.844,91.845,0
1505682000,92.009,92.009,91.92,91.93,0
1505685600,91.932,91.932,91.834,91.874,0
1505689200,91.878,91.956,91.851,91.934,0
1505692800,91.928,91.937,91.875,91.9,0
1505696400,91.897,91.904,91.846,91.859,0
1505700000,91.858,91.873,91.805,91.869,0
1505703600,91.868,91.893,91.854,91.866,0
1505707200,91.87,91.9,91.855,91.891,0
1505710800,91.892,91.911,91.854,91.879,0
1505714400,91.877,91.901,91.799,91.87,0
1505718000,91.875,92.069,91.863,92.027,0
1505721600,92.03,92.036,91.92,91.945,0
1505725200,91.944,91.971,91.881,91.893,0
1505728800,91.894,91.931,91.838,91.852,0
1505732400,91.857,91.964,91.802,91.958,0
1505736000,91.957,91.966,91.847,91.856,0
1505739600,91.857,91.934,91.841,91.847,0
1505743200,91.846,91.963,91.818,91.913,0
1505746800,91.91,92.087,91.898,92.057,0
1505750400,92.059,92.173,92.057,92.094,0
1505754000,92.089,92.103,92.041,92.083,0
1505757600,92.085,92.21,92.022,92.047,0
1505761200,92.054,92.084,91.996,92.026,0
1505764800,92.033,92.05,91.994,92.028,0
1505768400,92.024,92.047,92.01,92.04,0
1505772000,92.038,92.038,92.015,92.023,0
1505775600,91.984,91.987,91.95,91.972,0
1505779200,91.967,91.979,91.916,91.939,0
1505782800,91.931,91.955,91.879,91.942,0
1505786400,91.943,91.99,91.928,91.953,0
1505790000,91.956,91.964,91.921,91.928,0
1505793600,91.926,91.955,91.885,91.905,0
1505797200,91.901,91.92,91.837,91.895,0
1505800800,91.899,91.926,91.77,91.829,0
1505804400,91.826,91.891,91.765,91.837,0
1505808000,91.824,91.985,91.793,91.911,0
1505811600,91.897,91.907,91.834,91.861,0
1505815200,91.856,91.905,91.831,91.852,0
1505818800,91.861,92.035,91.829,91.942,0
1505822400,91.941,91.996,91.783,91.836,0
1505826000,91.847,91.895,91.807,91.837,0
1505829600,91.839,91.935,91.831,91.896,0
1505833200,91.898,91.962,91.867,91.867,0
1505836800,91.866,92.049,91.836,91.967,0
1505840400,91.969,91.986,91.796,91.823,0
1505844000,91.827,91.843,91.747,91.793,0
1505847600,91.801,91.815,91.767,91.788,0
1505851200,91.782,91.845,91.782,91.837,0
1505854800,91.842,91.858,91.813,91.834,0
1505858400,91.837,91.843,91.831,91.841,0
1505862000,91.829,91.856,91.781,91.847,0
1505865600,91.848,91.883,91.817,91.846,0
1505869200,91.847,91.849,91.681,91.711,0
1505872800,91.709,91.756,91.684,91.751,0
1505876400,91.754,91.759,91.727,91.743,0
1505880000,91.744,91.774,91.734,91.75,0
1505883600,91.756,91.766,91.703,91.726,0
1505887200,91.729,91.8,91.69,91.795,0
1505890800,91.792,91.799,91.702,91.773,0
1505894400,91.771,91.783,91.63,91.681,0
1505898000,91.688,91.705,91.603,91.657,0
1505901600,91.653,91.729,91.648,91.697,0
1505905200,91.701,91.723,91.67,91.693,0
1505908800,91.694,91.796,91.652,91.783,0
1505912400,91.782,91.789,91.712,91.749,0
1505916000,91.75,91.774,91.705,91.742,0
1505919600,91.741,91.812,91.722,91.749,0
1505923200,91.75,91.753,91.673,91.686,0
1505926800,91.682,91.725,91.605,91.624,0
1505930400,91.62,92.697,91.526,92.508,0
1505934000,92.509,92.656,92.427,92.473,0
1505937600,92.479,92.488,92.385,92.445,0
1505941200,92.449,92.505,92.417,92.458,0
1505944800,92.454,92.461,92.442,92.444,0
1505948400,92.473,92.643,92.469,92.598,0
1505952000,92.599,92.657,92.539,92.574,0
1505955600,92.571,92.656,92.53,92.591,0
1505959200,92.589,92.628,92.518,92.518,0
1505962800,92.523,92.554,92.49,92.526,0
1505966400,92.525,92.548,92.511,92.543,0
1505970000,92.54,92.589,92.523,92.543,0
1505973600,92.545,92.566,92.474,92.499,0
1505977200,92.501,92.614,92.428,92.462,0
1505980800,92.457,92.466,92.337,92.372,0
1505984400,92.374,92.413,92.34,92.402,0
1505988000,92.403,92.476,92.39,92.474,0
1505991600,92.484,92.554,92.458,92.471,0
1505995200,92.469,92.475,92.348,92.374,0
1505998800,92.366,92.41,92.27,92.31,0
1506002400,92.308,92.385,92.298,92.317,0
1506006000,92.313,92.322,92.101,92.134,0
1506009600,92.137,92.234,92.111,92.225,0
1506013200,92.222,92.252,92.184,92.221,0
1506016800,92.223,92.264,92.22,92.259,0
1506020400,92.262,92.262,92.212,92.257,0
1506024000,92.252,92.252,92.17,92.173,0
1506027600,92.175,92.199,92.166,92.183,0
1506031200,92.174,92.189,92.17,92.188,0
1506034800,92.184,92.197,92.13,92.155,0
1506038400,92.157,92.204,92.128,92.154,0
1506042000,92.153,92.161,92.034,92.062,0
1506045600,92.065,92.097,91.977,92.005,0
1506049200,92.006,92.029,91.989,92.014,0
1506052800,92.016,92.037,91.966,91.997,0
1506056400,92,92.013,91.966,91.966,0
1506060000,91.969,92.035,91.927,91.955,0
1506063600,91.958,92.005,91.81,91.848,0
1506067200,91.847,91.892,91.804,91.881,0
1506070800,91.88,91.934,91.84,91.846,0
1506074400,91.837,92.029,91.781,91.992,0
1506078000,91.998,92.012,91.91,91.998,0
1506081600,92.002,92.039,91.95,91.971,0
1506085200,91.966,92.079,91.96,92.036,0
1506088800,92.038,92.043,91.89,92.016,0
1506092400,92.019,92.104,91.986,92.019,0
1506096000,92.022,92.216,92.01,92.174,0
1506099600,92.169,92.207,92.149,92.162,0
1506103200,92.164,92.185,92.105,92.171,0
1506106800,92.169,92.193,92.147,92.173,0
1506110400,92.169,92.221,92.13,92.17,0
1506114000,92.173,92.173,92.144,92.144,0
1506286800,92.429,92.441,92.357,92.36,0
1506290400,92.356,92.356,92.299,92.337,0
1506294000,92.334,92.36,92.307,92.325,0
1506297600,92.327,92.336,92.262,92.291,0
1506301200,92.289,92.339,92.252,92.26,0
1506304800,92.264,92.283,92.241,92.251,0
1506308400,92.253,92.264,92.235,92.243,0
1506312000,92.241,92.248,92.211,92.231,0
1506315600,92.23,92.273,92.206,92.248,0
1506319200,92.254,92.379,92.219,92.352,0
1506322800,92.349,92.432,92.273,92.376,0
1506326400,92.374,92.431,92.326,92.363,0
1506330000,92.364,92.485,92.352,92.455,0
1506333600,92.457,92.594,92.444,92.571,0
1506337200,92.559,92.602,92.515,92.572,0
1506340800,92.573,92.625,92.509,92.539,0
1506344400,92.536,92.584,92.452,92.5,0
1506348000,92.506,92.562,92.433,92.561,0
1506351600,92.559,92.636,92.475,92.636,0
1506355200,92.64,92.724,92.623,92.644,0
1506358800,92.649,92.699,92.644,92.671,0
1506362400,92.67,92.689,92.637,92.648,0
1506366000,92.647,92.665,92.591,92.655,0
1506369600,92.657,92.677,92.636,92.654,0
1506373200,92.653,92.673,92.636,92.664,0
1506376800,92.666,92.667,92.655,92.661,0
1506387600,92.596,92.596,92.567,92.581,0
1506391200,92.586,92.607,92.565,92.58,0
1506394800,92.581,92.586,92.551,92.556,0
1506398400,92.552,92.592,92.547,92.587,0
1506402000,92.591,92.693,92.588,92.673,0
1506405600,92.669,92.676,92.566,92.639,0
1506409200,92.638,92.862,92.628,92.859,0
1506412800,92.855,92.859,92.8,92.814,0
1506416400,92.811,92.843,92.749,92.836,0
1506420000,92.834,93.032,92.826,93.009,0
1506423600,93.008,93.086,92.982,93.039,0
1506427200,93.045,93.092,93.002,93.031,0
1506430800,93.025,93.098,92.977,93.098,0
1506434400,93.096,93.218,93.028,93.214,0
1506438000,93.208,93.209,93.128,93.164,0
1506441600,93.167,93.286,93.001,93.101,0
1506445200,93.104,93.108,92.898,92.902,0
1506448800,92.906,92.997,92.899,92.966,0
1506452400,92.972,93.05,92.965,93.01,0
1506456000,93.011,93.049,92.987,92.988,0
1506459600,92.996,93.015,92.982,93.001,0
1506463200,92.998,93.009,92.998,93.009,0
1506466800,93.041,93.102,93.021,93.086,0
1506470400,93.085,93.133,93.069,93.073,0
1506474000,93.072,93.078,93.005,93.053,0
1506477600,93.05,93.071,93.042,93.068,0
1506481200,93.064,93.088,93.04,93.047,0
1506484800,93.049,93.134,93.038,93.13,0
1506488400,93.126,93.192,93.098,93.178,0
1506492000,93.174,93.318,93.148,93.309,0
1506495600,93.3,93.419,93.297,93.314,0
1506499200,93.315,93.502,93.313,93.48,0
1506502800,93.479,93.49,93.381,93.381,0
1506506400,93.389,93.398,93.306,93.373,0
1506510000,93.371,93.473,93.367,93.4,0
1506513600,93.401,93.607,93.39,93.584,0
1506517200,93.582,93.584,93.49,93.536,0
1506520800,93.538,93.574,93.34,93.427,0
1506524400,93.434,93.459,93.309,93.39,0
1506528000,93.389,93.394,93.185,93.354,0
1506531600,93.355,93.387,93.287,93.358,0
1506535200,93.361,93.418,93.307,93.361,0
1506538800,93.362,93.443,93.362,93.421,0
1506542400,93.428,93.459,93.375,93.458,0
1506546000,93.456,93.459,93.418,93.445,0
1506549600,93.446,93.454,93.442,93.45,0
1506553200,93.466,93.466,93.415,93.432,0
1506556800,93.423,93.439,93.368,93.423,0
1506560400,93.426,93.528,93.405,93.504,0
1506564000,93.5,93.514,93.464,93.495,0
1506567600,93.491,93.61,93.491,93.582,0
1506571200,93.584,93.613,93.556,93.588,0
1506574800,93.586,93.656,93.548,93.633,0
1506578400,93.623,93.658,93.46,93.523,0
1506582000,93.528,93.666,93.395,93.44,0
1506585600,93.432,93.472,93.326,93.371,0
1506589200,93.376,93.424,93.317,93.357,0
1506592800,93.356,93.391,93.218,93.245,0
1506596400,93.251,93.288,93.214,93.272,0
1506600000,93.271,93.323,93.184,93.323,0
1506603600,93.326,93.328,93.124,93.126,0
1506607200,93.12,93.236,93.078,93.199,0
1506610800,93.2,93.25,93.141,93.25,0
1506614400,93.244,93.268,93.137,93.152,0
1506618000,93.159,93.183,93.092,93.097,0
1506621600,93.098,93.136,93.073,93.085,0
1506625200,93.083,93.179,93.083,93.174,0
1506628800,93.167,93.167,93.1,93.104,0
1506632400,93.109,93.134,93.081,93.121,0
1506636000,93.123,93.133,93.118,93.13,0
1506639600,93.166,93.183,93.146,93.164,0
1506643200,93.167,93.206,93.146,93.153,0
1506646800,93.154,93.204,93.12,93.197,0
1506650400,93.199,93.241,93.182,93.241,0
1506654000,93.247,93.247,93.174,93.177,0
1506657600,93.181,93.22,93.159,93.206,0
1506661200,93.208,93.251,93.189,93.25,0
1506664800,93.243,93.265,93.084,93.12,0
1506668400,93.116,93.183,93.023,93.104,0
1506672000,93.116,93.157,93.036,93.139,0
1506675600,93.138,93.197,93.12,93.146,0
1506679200,93.144,93.161,93.048,93.056,0
1506682800,93.06,93.084,93.019,93.072,0
1506686400,93.08,93.146,92.952,92.974,0
1506690000,92.972,93.261,92.949,93.242,0
1506693600,93.24,93.241,93.037,93.056,0
1506697200,93.062,93.159,93.044,93.128,0
1506700800,93.132,93.202,93.122,93.17,0
1506704400,93.164,93.186,93.107,93.145,0
1506708000,93.149,93.15,92.999,93.076,0
1506711600,93.081,93.081,92.987,93.062,0
1506715200,93.061,93.089,93.033,93.07,0
1506718800,93.075,93.075,93.071,93.071,0
1506891600,93.233,93.238,93.117,93.137,0
1506895200,93.134,93.157,93.078,93.11,0
1506898800,93.104,93.145,93.102,93.121,0
1506902400,93.124,93.269,93.124,93.262,0
1506906000,93.257,93.385,93.248,93.36,0
1506909600,93.359,93.374,93.313,93.341,0
1506913200,93.343,93.362,93.321,93.321,0
1506916800,93.324,93.359,93.307,93.333,0
1506920400,93.336,93.441,93.334,93.42,0
1506924000,93.421,93.464,93.382,93.408,0
1506927600,93.405,93.62,93.392,93.576,0
1506931200,93.575,93.618,93.507,93.536,0
1506934800,93.541,93.644,93.53,93.642,0
1506938400,93.641,93.643,93.536,93.54,0
1506942000,93.539,93.61,93.516,93.603,0
1506945600,93.604,93.615,93.434,93.461,0
1506949200,93.468,93.547,93.45,93.518,0
1506952800,93.513,93.658,93.441,93.603,0
1506956400,93.615,93.647,93.554,93.564,0
1506960000,93.567,93.588,93.537,93.581,0
1506963600,93.587,93.638,93.577,93.594,0
1506967200,93.593,93.607,93.517,93.559,0
1506970800,93.56,93.64,93.538,93.632,0
1506974400,93.628,93.643,93.608,93.635,0
1506978000,93.64,93.646,93.602,93.624,0
1506981600,93.627,93.635,93.622,93.632,0
1506985200,93.598,93.653,93.592,93.652,0
1506988800,93.65,93.76,93.631,93.758,0
1506992400,93.76,93.873,93.759,93.864,0
1506996000,93.867,93.891,93.804,93.821,0
1506999600,93.82,93.878,93.794,93.869,0
1507003200,93.866,93.871,93.83,93.852,0
1507006800,93.857,93.92,93.835,93.871,0
1507010400,93.866,93.884,93.718,93.731,0
1507014000,93.724,93.76,93.623,93.636,0
1507017600,93.631,93.706,93.591,93.706,0
1507021200,93.712,93.712,93.612,93.694,0
1507024800,93.685,93.685,93.522,93.544,0
1507028400,93.545,93.597,93.514,93.592,0
1507032000,93.597,93.696,93.574,93.628,0
1507035600,93.624,93.636,93.506,93.537,0
1507039200,93.547,93.553,93.431,93.549,0
1507042800,93.551,93.551,93.469,93.512,0
1507046400,93.513,93.586,93.495,93.536,0
1507050000,93.539,93.595,93.509,93.584,0
1507053600,93.582,93.639,93.559,93.569,0
1507057200,93.566,93.59,93.547,93.56,0
1507060800,93.561,93.597,93.552,93.597,0
1507064400,93.594,93.644,93.586,93.63,0
1507068000,93.631,93.64,93.62,93.621,0
1507071600,93.592,93.612,93.563,93.569,0
1507075200,93.57,93.579,93.328,93.361,0
1507078800,93.353,93.429,93.35,93.389,0
1507082400,93.391,93.427,93.329,93.417,0
1507086000,93.413,93.437,93.387,93.42,0
1507089600,93.419,93.442,93.395,93.42,0
1507093200,93.419,93.428,93.355,93.378,0
1507096800,93.374,93.43,93.327,93.426,0
1507100400,93.43,93.521,93.418,93.459,0
1507104000,93.463,93.469,93.399,93.457,0
1507107600,93.461,93.476,93.433,93.433,0
1507111200,93.431,93.44,93.293,93.32,0
1507114800,93.327,93.382,93.264,93.302,0
1507118400,93.299,93.435,93.259,93.367,0
1507122000,93.368,93.475,93.356,93.421,0
1507125600,93.442,93.562,93.413,93.458,0
1507129200,93.454,93.508,93.429,93.455,0
1507132800,93.467,93.508,93.434,93.453,0
1507136400,93.455,93.516,93.449,93.468,0
1507140000,93.464,93.492,93.447,93.458,0
1507143600,93.457,93.478,93.434,93.46,0
1507147200,93.457,93.488,93.435,93.485,0
1507150800,93.477,93.514,93.451,93.507,0
1507154400,93.503,93.506,93.485,93.487,0
1507158000,93.483,93.529,93.467,93.516,0
1507161600,93.517,93.558,93.503,93.523,0
1507165200,93.529,93.552,93.5,93.511,0
1507168800,93.509,93.519,93.489,93.5,0
1507172400,93.499,93.521,93.494,93.52,0
1507176000,93.517,93.522,93.484,93.486,0
1507179600,93.485,93.521,93.453,93.512,0
1507183200,93.511,93.569,93.47,93.474,0
1507186800,93.473,93.504,93.418,93.476,0
1507190400,93.472,93.479,93.41,93.431,0
1507194000,93.432,93.513,93.428,93.497,0
1507197600,93.493,93.598,93.485,93.598,0
1507201200,93.588,93.65,93.57,93.643,0
1507204800,93.645,93.756,93.581,93.729,0
1507208400,93.734,93.845,93.702,93.786,0
1507212000,93.797,93.851,93.715,93.822,0
1507215600,93.827,93.936,93.817,93.909,0
1507219200,93.912,93.93,93.871,93.898,0
1507222800,93.896,93.972,93.895,93.946,0
1507226400,93.947,93.99,93.93,93.961,0
1507230000,93.959,93.975,93.94,93.949,0
1507233600,93.95,93.969,93.907,93.91,0
1507237200,93.914,93.924,93.887,93.904,0
1507240800,93.901,93.922,93.901,93.917,0
1507244400,93.919,93.945,93.895,93.898,0
1507248000,93.9,94.016,93.895,93.924,0
1507251600,93.929,93.954,93.897,93.95,0
1507255200,93.945,93.951,93.911,93.939,0
1507258800,93.942,94.038,93.942,94.03,0
1507262400,94.028,94.112,94.015,94.024,0
1507266000,94.022,94.071,94.007,94.022,0
1507269600,94.029,94.106,93.979,94.067,0
1507273200,94.074,94.124,94.056,94.102,0
1507276800,94.104,94.122,94.043,94.065,0
1507280400,94.062,94.074,93.996,94.027,0
1507284000,94.028,94.044,93.954,93.999,0
1507287600,93.997,94.016,93.942,93.995,0
1507291200,93.996,94.267,93.96,94.144,0
1507294800,94.149,94.19,94.039,94.134,0
1507298400,94.13,94.213,93.791,93.849,0
1507302000,93.847,93.937,93.771,93.814,0
1507305600,93.821,93.895,93.798,93.88,0
1507309200,93.884,93.886,93.794,93.809,0
1507312800,93.81,93.859,93.799,93.8,0
1507316400,93.802,93.828,93.788,93.813,0
1507320000,93.812,93.813,93.773,93.794,0
1507323600,93.801,93.801,93.795,93.795,0
1507496400,93.787,93.794,93.731,93.772,0
1507500000,93.775,93.794,93.706,93.745,0
1507503600,93.746,93.756,93.717,93.733,0
1507507200,93.734,93.788,93.72,93.773,0
1507510800,93.775,93.81,93.722,93.782,0
1507514400,93.775,93.776,93.696,93.741,0
1507518000,93.74,93.769,93.727,93.763,0
1507521600,93.764,93.776,93.734,93.766,0
1507525200,93.765,93.779,93.745,93.745,0
1507528800,93.746,93.815,93.714,93.795,0
1507532400,93.797,93.844,93.776,93.8,0
1507536000,93.79,93.815,93.72,93.763,0
1507539600,93.764,93.777,93.668,93.678,0
1507543200,93.677,93.708,93.666,93.672,0
1507546800,93.669,93.689,93.649,93.652,0
1507550400,93.66,93.734,93.654,93.723,0
1507554000,93.721,93.768,93.707,93.766,0
1507557600,93.769,93.814,93.738,93.744,0
1507561200,93.747,93.759,93.693,93.724,0
1507564800,93.72,93.731,93.638,93.67,0
1507568400,93.668,93.682,93.626,93.653,0
1507572000,93.657,93.681,93.65,93.675,0
1507575600,93.673,93.678,93.623,93.652,0
1507579200,93.65,93.743,93.65,93.73,0
1507582800,93.727,93.733,93.707,93.722,0
1507586400,93.723,93.726,93.717,93.721,0
1507590000,93.734,93.739,93.715,93.726,0
1507593600,93.732,93.737,93.674,93.687,0
1507597200,93.686,93.694,93.464,93.502,0
1507600800,93.503,93.548,93.477,93.54,0
1507604400,93.538,93.572,93.526,93.569,0
1507608000,93.571,93.572,93.51,93.532,0
1507611600,93.533,93.549,93.508,93.529,0
1507615200,93.523,93.562,93.433,93.484,0
1507618800,93.487,93.567,93.487,93.533,0
1507622400,93.537,93.537,93.392,93.444,0
1507626000,93.442,93.47,93.296,93.296,0
1507629600,93.293,93.424,93.255,93.408,0
1507633200,93.414,93.472,93.32,93.322,0
1507636800,93.32,93.405,93.312,93.391,0
1507640400,93.39,93.411,93.252,93.26,0
1507644000,93.271,93.273,93.147,93.152,0
1507647600,93.158,93.253,93.153,93.235,0
1507651200,93.237,93.304,93.231,93.258,0
1507654800,93.255,93.28,93.137,93.264,0
1507658400,93.268,93.305,93.225,93.29,0
1507662000,93.289,93.302,93.223,93.231,0
1507665600,93.232,93.281,93.217,93.278,0
1507669200,93.285,93.285,93.257,93.269,0
1507672800,93.268,93.271,93.259,93.26,0
1507676400,93.255,93.265,93.214,93.231,0
1507680000,93.229,93.245,93.124,93.186,0
1507683600,93.187,93.254,93.15,93.251,0
1507687200,93.247,93.369,93.247,93.316,0
1507690800,93.317,93.334,93.266,93.283,0
1507694400,93.284,93.289,93.218,93.255,0
1507698000,93.254,93.264,93.219,93.23,0
1507701600,93.228,93.237,93.123,93.216,0
1507705200,93.223,93.271,93.138,93.158,0
1507708800,93.161,93.168,93.058,93.164,0
1507712400,93.159,93.307,93.155,93.266,0
1507716000,93.273,93.279,93.183,93.183,0
1507719600,93.18,93.225,93.143,93.155,0
1507723200,93.159,93.159,93.035,93.045,0
1507726800,93.04,93.095,92.961,92.996,0
1507730400,92.994,93.121,92.987,93.086,0
1507734000,93.084,93.112,93.022,93.062,0
1507737600,93.071,93.118,93.042,93.075,0
1507741200,93.078,93.116,93.057,93.102,0
1507744800,93.101,93.113,92.979,93.015,0
1507748400,93.013,93.05,92.898,92.92,0
1507752000,92.917,92.981,92.902,92.981,0
1507755600,92.98,92.992,92.937,92.964,0
1507759200,92.972,92.972,92.954,92.957,0
1507762800,92.953,92.97,92.916,92.926,0
1507766400,92.927,92.958,92.871,92.916,0
1507770000,92.919,92.93,92.839,92.893,0
1507773600,92.895,92.911,92.85,92.859,0
1507777200,92.861,92.879,92.827,92.838,0
1507780800,92.84,92.853,92.821,92.827,0
1507784400,92.832,92.855,92.797,92.808,0
1507788000,92.811,92.888,92.805,92.872,0
1507791600,92.873,92.948,92.863,92.893,0
1507795200,92.887,92.953,92.884,92.944,0
1507798800,92.95,93.041,92.929,93.041,0
1507802400,93.039,93.071,93.009,93.061,0
1507806000,93.064,93.098,93.026,93.079,0
1507809600,93.076,93.182,93.046,93.134,0
1507813200,93.128,93.228,93.091,93.213,0
1507816800,93.212,93.226,93.092,93.106,0
1507820400,93.11,93.161,93.084,93.14,0
1507824000,93.137,93.159,93.049,93.105,0
1507827600,93.104,93.135,92.971,92.993,0
1507831200,92.999,93.065,92.973,93.057,0
1507834800,93.056,93.105,93.037,93.075,0
1507838400,93.077,93.131,93.076,93.108,0
1507842000,93.106,93.124,93.079,93.103,0
1507845600,93.106,93.11,93.094,93.098,0
1507849200,93.087,93.132,93.068,93.097,0
1507852800,93.098,93.116,93.012,93.014,0
1507856400,93.012,93.063,92.993,93.013,0
1507860000,93.015,93.026,92.948,92.966,0
1507863600,92.967,93.005,92.956,92.992,0
1507867200,92.993,93.012,92.979,93.003,0
1507870800,93,93.006,92.956,92.975,0
1507874400,92.98,93.018,92.958,92.977,0
1507878000,92.978,93.093,92.978,93.025,0
1507881600,93.02,93.051,92.991,93.028,0
1507885200,93.034,93.109,93.026,93.073,0
1507888800,93.072,93.112,93.047,93.073,0
1507892400,93.075,93.222,93.075,93.214,0
1507896000,93.22,93.239,92.751,92.869,0
1507899600,92.87,92.881,92.749,92.817,0
1507903200,92.81,93.023,92.797,93.003,0
1507906800,92.993,93.035,92.968,93.002,0
1507910400,93.003,93.044,92.924,93.044,0
1507914000,93.061,93.103,93.038,93.065,0
1507917600,93.063,93.152,93.063,93.091,0
1507921200,93.089,93.1,93.063,93.088,0
1507924800,93.086,93.089,93.046,93.057,0
1507928400,93.059,93.059,93.055,93.055,0
1508101200,93.09,93.116,93.073,93.115,0
1508104800,93.118,93.165,93.095,93.164,0
1508108400,93.165,93.174,93.106,93.107,0
1508112000,93.108,93.144,93.076,93.138,0
1508115600,93.135,93.196,93.118,93.188,0
1508119200,93.192,93.222,93.151,93.155,0
1508122800,93.156,93.191,93.146,93.156,0
1508126400,93.157,93.172,93.131,93.142,0
1508130000,93.14,93.23,93.136,93.205,0
1508133600,93.207,93.257,93.181,93.252,0
1508137200,93.255,93.276,93.156,93.193,0
1508140800,93.189,93.252,93.184,93.22,0
1508144400,93.225,93.25,93.2,93.225,0
1508148000,93.229,93.247,93.143,93.174,0
1508151600,93.175,93.183,93.098,93.166,0
1508155200,93.167,93.267,93.156,93.191,0
1508158800,93.193,93.23,93.165,93.204,0
1508162400,93.205,93.245,93.179,93.223,0
1508166000,93.218,93.219,93.094,93.147,0
1508169600,93.145,93.161,93.127,93.138,0
1508173200,93.132,93.221,93.127,93.203,0
1508176800,93.202,93.327,93.166,93.312,0
1508180400,93.314,93.357,93.3,93.305,0
1508184000,93.302,93.304,93.264,93.282,0
1508187600,93.277,93.281,93.251,93.267,0
1508191200,93.266,93.282,93.261,93.274,0
1508194800,93.315,93.318,93.288,93.29,0
1508198400,93.285,93.371,93.281,93.345,0
1508202000,93.347,93.412,93.333,93.382,0
1508205600,93.38,93.386,93.327,93.332,0
1508209200,93.329,93.366,93.318,93.358,0
1508212800,93.356,93.38,93.352,93.374,0
1508216400,93.375,93.446,93.356,93.421,0
1508220000,93.425,93.523,93.4,93.513,0
1508223600,93.511,93.527,93.399,93.4,0
1508227200,93.403,93.448,93.369,93.44,0
1508230800,93.441,93.507,93.417,93.478,0
1508234400,93.486,93.531,93.434,93.527,0
1508238000,93.525,93.564,93.492,93.527,0
1508241600,93.526,93.619,93.512,93.619,0
1508245200,93.625,93.675,93.593,93.663,0
1508248800,93.666,93.729,93.642,93.647,0
1508252400,93.653,93.685,93.597,93.63,0
1508256000,93.623,93.661,93.602,93.653,0
1508259600,93.658,93.662,93.529,93.542,0
1508263200,93.544,93.559,93.468,93.486,0
1508266800,93.491,93.517,93.476,93.511,0
1508270400,93.509,93.52,93.495,93.504,0
1508274000,93.502,93.528,93.483,93.509,0
1508277600,93.506,93.514,93.505,93.512,0
1508281200,93.481,93.486,93.456,93.464,0
1508284800,93.465,93.47,93.407,93.449,0
1508288400,93.45,93.492,93.441,93.467,0
1508292000,93.468,93.47,93.429,93.453,0
1508295600,93.455,93.486,93.447,93.478,0
1508299200,93.48,93.526,93.474,93.51,0
1508302800,93.515,93.551,93.496,93.523,0
1508306400,93.524,93.6,93.487,93.6,0
1508310000,93.598,93.642,93.514,93.57,0
1508313600,93.573,93.702,93.54,93.695,0
1508317200,93.69,93.797,93.686,93.723,0
1508320800,93.725,93.727,93.619,93.651,0
1508324400,93.649,93.72,93.642,93.718,0
1508328000,93.712,93.727,93.569,93.603,0
1508331600,93.608,93.638,93.524,93.624,0
1508335200,93.623,93.658,93.509,93.54,0
1508338800,93.539,93.605,93.527,93.547,0
1508342400,93.549,93.549,93.409,93.466,0
1508346000,93.468,93.486,93.447,93.467,0
1508349600,93.47,93.475,93.359,93.363,0
1508353200,93.366,93.424,93.36,93.414,0
1508356800,93.42,93.455,93.401,93.446,0
1508360400,93.448,93.45,93.407,93.425,0
1508364000,93.418,93.43,93.415,93.415,0
1508367600,93.42,93.424,93.384,93.414,0
1508371200,93.417,93.42,93.269,93.31,0
1508374800,93.312,93.372,93.282,93.359,0
1508378400,93.363,93.42,93.354,93.4,0
1508382000,93.399,93.424,93.368,93.384,0
1508385600,93.389,93.389,93.332,93.367,0
1508389200,93.371,93.424,93.358,93.407,0
1508392800,93.406,93.425,93.284,93.284,0
1508396400,93.281,93.379,93.277,93.3,0
1508400000,93.296,93.55,93.271,93.365,0
1508403600,93.367,93.403,93.31,93.322,0
1508407200,93.326,93.352,93.169,93.248,0
1508410800,93.25,93.258,93.155,93.189,0
1508414400,93.188,93.241,93.123,93.232,0
1508418000,93.235,93.256,93.109,93.121,0
1508421600,93.119,93.157,93.055,93.077,0
1508425200,93.076,93.169,93.055,93.168,0
1508428800,93.167,93.238,93.154,93.227,0
1508432400,93.209,93.261,93.199,93.212,0
1508436000,93.214,93.281,93.201,93.266,0
1508439600,93.265,93.288,93.133,93.179,0
1508443200,93.185,93.209,93.073,93.133,0
1508446800,93.136,93.193,93.123,93.176,0
1508450400,93.171,93.171,93.149,93.155,0
1508454000,93.164,93.188,93.132,93.167,0
1508457600,93.17,93.204,93.131,93.169,0
1508461200,93.172,93.409,93.122,93.402,0
1508464800,93.409,93.531,93.409,93.509,0
1508468400,93.499,93.516,93.434,93.439,0
1508472000,93.438,93.477,93.424,93.47,0
1508475600,93.472,93.535,93.462,93.493,0
1508479200,93.491,93.526,93.427,93.427,0
1508482800,93.429,93.579,93.368,93.498,0
1508486400,93.495,93.56,93.492,93.522,0
1508490000,93.521,93.573,93.471,93.471,0
1508493600,93.475,93.51,93.441,93.447,0
1508497200,93.448,93.46,93.347,93.387,0
1508500800,93.385,93.54,93.359,93.533,0
1508504400,93.53,93.654,93.517,93.654,0
1508508000,93.655,93.684,93.532,93.629,0
1508511600,93.626,93.783,93.607,93.744,0
1508515200,93.743,93.749,93.603,93.641,0
1508518800,93.643,93.682,93.632,93.646,0
1508522400,93.644,93.737,93.625,93.701,0
1508526000,93.705,93.73,93.686,93.727,0
1508529600,93.729,93.761,93.666,93.668,0
1508533200,93.664,93.664,93.661,93.661,0
1508706000,93.808,93.811,93.754,93.776,0
1508709600,93.773,93.833,93.763,93.833,0
1508713200,93.83,93.91,93.804,93.884,0
1508716800,93.883,93.904,93.831,93.844,0
1508720400,93.846,93.876,93.799,93.801,0
1508724000,93.802,93.802,93.748,93.762,0
1508727600,93.767,93.783,93.747,93.757,0
1508731200,93.758,93.769,93.734,93.756,0
1508734800,93.753,93.771,93.721,93.722,0
1508738400,93.717,93.807,93.679,93.805,0
1508742000,93.802,93.873,93.79,93.842,0
1508745600,93.834,93.951,93.826,93.924,0
1508749200,93.922,93.997,93.871,93.995,0
1508752800,94.001,94.002,93.926,93.945,0
1508756400,93.947,93.993,93.934,93.971,0
1508760000,93.97,94,93.944,93.987,0
1508763600,93.985,93.998,93.88,93.894,0
1508767200,93.898,93.92,93.824,93.911,0
1508770800,93.902,93.959,93.799,93.819,0
1508774400,93.807,93.902,93.799,93.897,0
1508778000,93.9,93.946,93.872,93.945,0
1508781600,93.944,94.017,93.909,93.936,0
1508785200,93.939,93.949,93.797,93.83,0
1508788800,93.832,93.874,93.827,93.846,0
1508792400,93.852,93.865,93.832,93.85,0
1508796000,93.849,93.858,93.845,93.855,0
1508799600,93.834,93.84,93.793,93.8,0
1508803200,93.798,93.804,93.757,93.757,0
1508806800,93.758,93.781,93.738,93.746,0
1508810400,93.747,93.766,93.716,93.754,0
1508814000,93.751,93.752,93.682,93.714,0
1508817600,93.713,93.751,93.711,93.751,0
1508821200,93.744,93.812,93.738,93.807,0
1508824800,93.809,93.838,93.768,93.821,0
1508828400,93.799,93.926,93.799,93.865,0
1508832000,93.864,93.867,93.787,93.817,0
1508835600,93.81,93.921,93.803,93.832,0
1508839200,93.833,93.898,93.833,93.867,0
1508842800,93.865,93.936,93.788,93.902,0
1508846400,93.908,93.927,93.828,93.877,0
1508850000,93.876,93.948,93.861,93.896,0
1508853600,93.891,93.96,93.806,93.953,0
1508857200,93.952,93.975,93.885,93.914,0
1508860800,93.915,93.955,93.897,93.923,0
1508864400,93.926,93.98,93.904,93.979,0
1508868000,93.978,93.992,93.772,93.772,0
1508871600,93.784,93.971,93.739,93.957,0
1508875200,93.96,93.965,93.922,93.949,0
1508878800,93.947,93.955,93.928,93.944,0
1508882400,93.942,93.945,93.934,93.936,0
1508886000,93.938,93.975,93.921,93.962,0
1508889600,93.96,94.008,93.929,93.963,0
1508893200,93.965,93.981,93.919,93.953,0
1508896800,93.948,93.992,93.931,93.956,0
1508900400,93.96,94.005,93.951,93.986,0
1508904000,93.989,94,93.97,93.976,0
1508907600,93.977,93.981,93.905,93.913,0
1508911200,93.908,93.994,93.908,93.966,0
1508914800,93.967,94.008,93.925,93.971,0
1508918400,93.976,93.976,93.864,93.92,0
1508922000,93.923,93.968,93.88,93.921,0
1508925600,93.914,93.923,93.792,93.854,0
1508929200,93.845,93.863,93.796,93.8,0
1508932800,93.791,93.886,93.761,93.819,0
1508936400,93.814,93.815,93.661,93.674,0
1508940000,93.682,93.835,93.625,93.663,0
1508943600,93.667,93.723,93.628,93.723,0
1508947200,93.714,93.719,93.648,93.663,0
1508950800,93.656,93.729,93.608,93.704,0
1508954400,93.707,93.75,93.665,93.711,0
1508958000,93.715,93.722,93.681,93.721,0
1508961600,93.716,93.742,93.651,93.659,0
1508965200,93.656,93.664,93.623,93.631,0
1508968800,93.63,93.636,93.623,93.632,0
1508972400,93.631,93.642,93.59,93.596,0
1508976000,93.597,93.637,93.577,93.615,0
1508979600,93.618,93.622,93.506,93.533,0
1508983200,93.529,93.585,93.504,93.572,0
1508986800,93.573,93.578,93.528,93.541,0
1508990400,93.539,93.578,93.539,93.56,0
1508994000,93.559,93.586,93.477,93.532,0
1508997600,93.533,93.617,93.514,93.602,0
1509001200,93.603,93.673,93.58,93.67,0
1509004800,93.669,93.707,93.653,93.695,0
1509008400,93.696,93.773,93.696,93.716,0
1509012000,93.714,93.725,93.655,93.685,0
1509015600,93.691,93.977,93.674,93.93,0
1509019200,93.933,94.115,93.933,93.967,0
1509022800,93.917,94.306,93.846,94.234,0
1509026400,94.239,94.377,94.185,94.36,0
1509030000,94.362,94.441,94.316,94.332,0
1509033600,94.335,94.462,94.327,94.438,0
1509037200,94.44,94.599,94.436,94.581,0
1509040800,94.578,94.634,94.544,94.612,0
1509044400,94.62,94.717,94.611,94.683,0
1509048000,94.681,94.699,94.611,94.652,0
1509051600,94.648,94.651,94.61,94.639,0
1509055200,94.647,94.651,94.637,94.643,0
1509058800,94.717,94.801,94.712,94.757,0
1509062400,94.756,94.82,94.731,94.808,0
1509066000,94.807,94.868,94.792,94.81,0
1509069600,94.812,94.851,94.758,94.784,0
1509073200,94.787,94.814,94.754,94.762,0
1509076800,94.761,94.799,94.757,94.795,0
1509080400,94.799,94.821,94.74,94.742,0
1509084000,94.747,94.908,94.744,94.872,0
1509087600,94.88,94.923,94.819,94.824,0
1509091200,94.828,94.883,94.79,94.857,0
1509094800,94.854,94.885,94.793,94.811,0
1509098400,94.814,94.918,94.797,94.873,0
1509102000,94.871,95.002,94.865,94.985,0
1509105600,94.982,95.137,94.965,95.058,0
1509109200,95.056,95.137,94.982,95.133,0
1509112800,95.127,95.15,94.804,95.052,0
1509116400,95.05,95.078,95.009,95.04,0
1509120000,95.039,95.066,94.984,95.002,0
1509123600,95.006,95.034,94.963,94.996,0
1509127200,94.999,95.01,94.904,94.916,0
1509130800,94.918,94.932,94.853,94.879,0
1509134400,94.886,94.902,94.804,94.81,0
1509138000,94.806,94.814,94.806,94.808,0
1509310800,94.821,94.842,94.797,94.833,0
1509314400,94.839,94.927,94.837,94.914,0
1509318000,94.916,94.916,94.816,94.846,0
1509321600,94.851,94.903,94.827,94.836,0
1509325200,94.831,94.868,94.793,94.809,0
1509328800,94.811,94.83,94.767,94.813,0
1509332400,94.814,94.825,94.761,94.777,0
1509336000,94.779,94.786,94.759,94.759,0
1509339600,94.756,94.792,94.752,94.761,0
1509343200,94.764,94.792,94.764,94.773,0
1509346800,94.781,94.872,94.753,94.765,0
1509350400,94.764,94.787,94.653,94.656,0
1509354000,94.679,94.681,94.605,94.641,0
1509357600,94.643,94.686,94.622,94.646,0
1509361200,94.644,94.676,94.599,94.661,0
1509364800,94.659,94.78,94.645,94.752,0
1509368400,94.748,94.8,94.699,94.711,0
1509372000,94.705,94.829,94.69,94.739,0
1509375600,94.74,94.776,94.608,94.635,0
1509379200,94.639,94.668,94.493,94.545,0
1509382800,94.546,94.614,94.527,94.609,0
1509386400,94.608,94.621,94.558,94.56,0
1509390000,94.562,94.576,94.439,94.442,0
1509393600,94.44,94.498,94.437,94.494,0
1509397200,94.5,94.509,94.481,94.498,0
1509400800,94.5,94.522,94.499,94.52,0
1509404400,94.536,94.548,94.454,94.461,0
1509408000,94.464,94.556,94.462,94.518,0
1509411600,94.522,94.606,94.519,94.598,0
1509415200,94.597,94.609,94.554,94.555,0
1509418800,94.557,94.594,94.55,94.573,0
1509422400,94.575,94.645,94.57,94.64,0
1509426000,94.641,94.647,94.55,94.559,0
1509429600,94.565,94.567,94.454,94.5,0
1509433200,94.494,94.592,94.493,94.515,0
1509436800,94.508,94.598,94.482,94.562,0
1509440400,94.559,94.632,94.553,94.626,0
1509444000,94.621,94.663,94.595,94.647,0
1509447600,94.648,94.675,94.58,94.584,0
1509451200,94.582,94.703,94.561,94.635,0
1509454800,94.64,94.643,94.586,94.599,0
1509458400,94.603,94.694,94.573,94.606,0
1509462000,94.609,94.667,94.469,94.551,0
1509465600,94.554,94.624,94.52,94.521,0
1509469200,94.522,94.596,94.522,94.581,0
1509472800,94.575,94.582,94.512,94.552,0
1509476400,94.555,94.575,94.502,94.561,0
1509480000,94.559,94.576,94.542,94.567,0
1509483600,94.565,94.595,94.551,94.57,0
1509487200,94.571,94.571,94.539,94.542,0
1509490800,94.553,94.568,94.515,94.536,0
1509494400,94.533,94.643,94.519,94.639,0
1509498000,94.64,94.692,94.625,94.662,0
1509501600,94.657,94.693,94.644,94.68,0
1509505200,94.681,94.699,94.665,94.677,0
1509508800,94.679,94.703,94.67,94.688,0
1509512400,94.69,94.723,94.681,94.697,0
1509516000,94.701,94.705,94.578,94.627,0
1509519600,94.632,94.68,94.542,94.551,0
1509523200,94.546,94.631,94.512,94.616,0
1509526800,94.618,94.669,94.584,94.667,0
1509530400,94.669,94.669,94.604,94.608,0
1509534000,94.606,94.676,94.594,94.656,0
1509537600,94.651,94.813,94.617,94.785,0
1509541200,94.78,94.854,94.772,94.809,0
1509544800,94.816,94.822,94.61,94.692,0
1509548400,94.691,94.824,94.654,94.793,0
1509552000,94.796,94.821,94.723,94.729,0
1509555600,94.732,94.753,94.666,94.739,0
1509559200,94.723,94.851,94.606,94.815,0
1509562800,94.808,94.823,94.705,94.79,0
1509566400,94.787,94.826,94.702,94.798,0
1509570000,94.803,94.807,94.75,94.772,0
1509573600,94.774,94.796,94.774,94.785,0
1509577200,94.797,94.802,94.747,94.747,0
1509580800,94.749,94.749,94.641,94.674,0
1509584400,94.673,94.686,94.411,94.482,0
1509588000,94.484,94.538,94.453,94.537,0
1509591600,94.535,94.561,94.508,94.525,0
1509595200,94.524,94.555,94.487,94.512,0
1509598800,94.513,94.559,94.497,94.514,0
1509602400,94.518,94.562,94.487,94.502,0
1509606000,94.504,94.643,94.47,94.621,0
1509609600,94.623,94.736,94.612,94.697,0
1509613200,94.687,94.7,94.63,94.647,0
1509616800,94.652,94.662,94.618,94.645,0
1509620400,94.64,94.655,94.591,94.635,0
1509624000,94.599,94.765,94.584,94.706,0
1509627600,94.707,94.8,94.696,94.724,0
1509631200,94.727,94.728,94.431,94.62,0
1509634800,94.626,94.686,94.562,94.602,0
1509638400,94.608,94.742,94.592,94.696,0
1509642000,94.703,94.742,94.685,94.729,0
1509645600,94.728,94.75,94.666,94.685,0
1509649200,94.698,94.773,94.667,94.686,0
1509652800,94.687,94.718,94.681,94.707,0
1509656400,94.714,94.735,94.692,94.722,0
1509660000,94.723,94.726,94.712,94.718,0
1509663600,94.731,94.736,94.691,94.701,0
1509667200,94.7,94.719,94.656,94.708,0
1509670800,94.705,94.707,94.645,94.675,0
1509674400,94.672,94.71,94.664,94.687,0
1509678000,94.689,94.707,94.674,94.697,0
1509681600,94.698,94.7,94.657,94.663,0
1509685200,94.66,94.686,94.644,94.648,0
1509688800,94.644,94.686,94.629,94.679,0
1509692400,94.681,94.806,94.681,94.792,0
1509696000,94.795,94.822,94.77,94.784,0
1509699600,94.781,94.834,94.77,94.783,0
1509703200,94.782,94.802,94.728,94.788,0
1509706800,94.789,94.822,94.756,94.759,0
1509710400,94.752,94.771,94.408,94.642,0
1509714000,94.645,94.712,94.59,94.682,0
1509717600,94.662,94.981,94.662,94.965,0
1509721200,94.96,95.009,94.891,94.92,0
1509724800,94.915,95.01,94.901,94.985,0
1509728400,94.98,95.015,94.937,94.99,0
1509732000,94.991,95.014,94.939,94.941,0
1509735600,94.939,94.943,94.892,94.933,0
1509739200,94.935,94.945,94.883,94.924,0
1509742800,94.919,94.919,94.917,94.917,0
1509919200,94.878,94.939,94.869,94.892,0
1509922800,94.895,94.939,94.877,94.895,0
1509926400,94.898,95.019,94.885,94.988,0
1509930000,94.99,95.077,94.964,94.986,0
1509933600,94.984,95.005,94.868,94.901,0
1509937200,94.904,94.95,94.901,94.922,0
1509940800,94.931,94.955,94.899,94.948,0
1509944400,94.947,94.975,94.924,94.936,0
1509948000,94.934,94.994,94.907,94.976,0
1509951600,94.971,95.037,94.891,94.937,0
1509955200,94.925,94.966,94.887,94.894,0
1509958800,94.9,95.013,94.856,94.931,0
1509962400,94.932,94.94,94.828,94.859,0
1509966000,94.858,94.983,94.857,94.958,0
1509969600,94.957,95.033,94.924,94.988,0
1509973200,94.983,95.013,94.929,95.005,0
1509976800,95.012,95.038,94.97,95.018,0
1509980400,95.014,95.041,94.96,94.992,0
1509984000,94.994,95.001,94.832,94.853,0
1509987600,94.854,94.855,94.748,94.762,0
1509991200,94.764,94.783,94.73,94.751,0
1509994800,94.75,94.769,94.717,94.757,0
1509998400,94.76,94.78,94.736,94.74,0
1510002000,94.739,94.741,94.71,94.723,0
1510005600,94.722,94.75,94.688,94.736,0
1510009200,94.738,94.744,94.73,94.742,0
1510012800,94.723,94.759,94.712,94.721,0
1510016400,94.719,94.798,94.7,94.793,0
1510020000,94.79,94.808,94.724,94.724,0
1510023600,94.725,94.764,94.718,94.74,0
1510027200,94.735,94.8,94.735,94.78,0
1510030800,94.779,94.798,94.754,94.786,0
1510034400,94.793,94.876,94.766,94.84,0
1510038000,94.838,94.95,94.838,94.935,0
1510041600,94.927,95.078,94.889,95.062,0
1510045200,95.069,95.08,95.018,95.072,0
1510048800,95.071,95.145,95.042,95.053,0
1510052400,95.059,95.12,95.006,95.05,0
1510056000,95.055,95.116,95.053,95.087,0
1510059600,95.08,95.125,95.06,95.1,0
1510063200,95.104,95.12,95.001,95.042,0
1510066800,95.039,95.149,94.966,95.027,0
1510070400,95.031,95.098,94.977,94.987,0
1510074000,94.988,94.992,94.907,94.951,0
1510077600,94.943,95.004,94.932,94.993,0
1510081200,94.994,95.005,94.906,94.913,0
1510084800,94.916,94.936,94.873,94.901,0
1510088400,94.903,94.934,94.892,94.928,0
1510092000,94.929,94.932,94.858,94.862,0
1510095600,94.864,94.868,94.838,94.845,0
1510099200,94.8,94.859,94.8,94.845,0
1510102800,94.852,94.876,94.823,94.835,0
1510106400,94.838,94.851,94.814,94.844,0
1510110000,94.841,94.856,94.827,94.844,0
1510113600,94.838,94.849,94.816,94.83,0
1510117200,94.826,94.858,94.817,94.854,0
1510120800,94.851,94.938,94.847,94.882,0
1510124400,94.888,94.9,94.795,94.875,0
1510128000,94.871,94.9,94.78,94.843,0
1510131600,94.838,94.872,94.813,94.872,0
1510135200,94.869,94.869,94.792,94.799,0
1510138800,94.801,94.849,94.786,94.842,0
1510142400,94.843,94.927,94.837,94.898,0
1510146000,94.896,94.903,94.843,94.882,0
1510149600,94.884,94.913,94.81,94.836,0
1510153200,94.834,94.933,94.809,94.926,0
1510156800,94.925,94.965,94.842,94.878,0
1510160400,94.881,94.911,94.842,94.874,0
1510164000,94.88,94.906,94.856,94.867,0
1510167600,94.87,94.915,94.86,94.866,0
1510171200,94.867,94.877,94.84,94.849,0
1510174800,94.85,94.89,94.838,94.876,0
1510178400,94.875,94.887,94.849,94.886,0
1510182000,94.889,94.889,94.88,94.881,0
1510185600,94.88,94.949,94.873,94.941,0
1510189200,94.939,94.959,94.887,94.898,0
1510192800,94.897,94.911,94.845,94.887,0
1510196400,94.886,94.909,94.857,94.904,0
1510200000,94.902,94.909,94.844,94.859,0
1510203600,94.854,94.857,94.762,94.779,0
1510207200,94.781,94.8,94.722,94.743,0
1510210800,94.742,94.759,94.689,94.741,0
1510214400,94.749,94.847,94.742,94.845,0
1510218000,94.84,94.855,94.773,94.816,0
1510221600,94.813,94.84,94.753,94.757,0
1510225200,94.753,94.773,94.528,94.554,0
1510228800,94.549,94.642,94.546,94.6,0
1510232400,94.604,94.809,94.598,94.807,0
1510236000,94.805,94.83,94.642,94.652,0
1510239600,94.65,94.703,94.613,94.691,0
1510243200,94.69,94.694,94.489,94.52,0
1510246800,94.517,94.556,94.415,94.501,0
1510250400,94.506,94.513,94.43,94.452,0
1510254000,94.451,94.5,94.441,94.444,0
1510257600,94.442,94.513,94.433,94.508,0
1510261200,94.505,94.542,94.501,94.533,0
1510264800,94.532,94.551,94.502,94.524,0
1510268400,94.529,94.532,94.522,94.53,0
1510272000,94.497,94.513,94.447,94.45,0
1510275600,94.449,94.517,94.437,94.501,0
1510279200,94.499,94.52,94.475,94.503,0
1510282800,94.501,94.509,94.475,94.489,0
1510286400,94.486,94.531,94.473,94.517,0
1510290000,94.52,94.541,94.502,94.507,0
1510293600,94.504,94.51,94.454,94.47,0
1510297200,94.468,94.613,94.467,94.594,0
1510300800,94.595,94.65,94.53,94.573,0
1510304400,94.572,94.609,94.403,94.405,0
1510308000,94.408,94.469,94.408,94.464,0
1510311600,94.469,94.532,94.452,94.532,0
1510315200,94.528,94.533,94.442,94.442,0
1510318800,94.441,94.494,94.402,94.442,0
1510322400,94.444,94.455,94.341,94.355,0
1510326000,94.351,94.355,94.258,94.355,0
1510329600,94.354,94.452,94.339,94.415,0
1510333200,94.419,94.454,94.388,94.414,0
1510336800,94.41,94.424,94.379,94.408,0
1510340400,94.406,94.422,94.351,94.391,0
1510344000,94.378,94.396,94.356,94.386,0
1510347600,94.382,94.395,94.378,94.39,0
1510351200,94.389,94.396,94.389,94.392,0
1510524000,94.454,94.465,94.399,94.457,0
1510527600,94.461,94.502,94.425,94.5,0
1510531200,94.498,94.59,94.485,94.551,0
1510534800,94.553,94.582,94.537,94.549,0
1510538400,94.548,94.559,94.525,94.555,0
1510542000,94.556,94.558,94.508,94.517,0
1510545600,94.518,94.543,94.516,94.542,0
1510549200,94.541,94.547,94.46,94.465,0
1510552800,94.47,94.55,94.461,94.53,0
1510556400,94.533,94.614,94.52,94.61,0
1510560000,94.607,94.631,94.558,94.591,0
1510563600,94.588,94.614,94.558,94.613,0
1510567200,94.615,94.641,94.553,94.566,0
1510570800,94.565,94.581,94.525,94.54,0
1510574400,94.538,94.548,94.472,94.513,0
1510578000,94.516,94.524,94.401,94.459,0
1510581600,94.456,94.541,94.432,94.538,0
1510585200,94.536,94.537,94.446,94.495,0
1510588800,94.496,94.578,94.487,94.573,0
1510592400,94.58,94.586,94.525,94.527,0
1510596000,94.528,94.535,94.484,94.513,0
1510599600,94.514,94.518,94.481,94.49,0
1510603200,94.489,94.514,94.463,94.479,0
1510606800,94.48,94.511,94.48,94.505,0
1510610400,94.502,94.524,94.482,94.519,0
1510614000,94.518,94.521,94.511,94.518,0
1510617600,94.517,94.537,94.442,94.485,0
1510621200,94.487,94.51,94.47,94.487,0
1510624800,94.492,94.523,94.476,94.488,0
1510628400,94.484,94.507,94.472,94.487,0
1510632000,94.49,94.499,94.467,94.483,0
1510635600,94.481,94.498,94.462,94.474,0
1510639200,94.473,94.542,94.465,94.542,0
1510642800,94.541,94.541,94.381,94.43,0
1510646400,94.432,94.472,94.357,94.359,0
1510650000,94.353,94.397,94.305,94.314,0
1510653600,94.319,94.346,94.273,94.324,0
1510657200,94.326,94.327,94.236,94.259,0
1510660800,94.258,94.271,94.119,94.127,0
1510664400,94.114,94.178,94.016,94.116,0
1510668000,94.115,94.159,94.054,94.119,0
1510671600,94.124,94.151,94.061,94.1,0
1510675200,94.102,94.126,93.966,94.035,0
1510678800,94.032,94.039,93.866,93.877,0
1510682400,93.886,93.886,93.746,93.78,0
1510686000,93.784,93.84,93.778,93.827,0
1510689600,93.83,93.859,93.824,93.843,0
1510693200,93.842,93.855,93.809,93.816,0
1510696800,93.818,93.842,93.794,93.826,0
1510700400,93.827,93.837,93.823,93.834,0
1510704000,93.861,93.895,93.844,93.864,0
1510707600,93.865,93.89,93.815,93.862,0
1510711200,93.859,93.87,93.811,93.84,0
1510714800,93.836,93.85,93.787,93.806,0
1510718400,93.81,93.846,93.807,93.846,0
1510722000,93.839,93.879,93.826,93.875,0
1510725600,93.872,93.89,93.8,93.813,0
1510729200,93.814,93.815,93.643,93.681,0
1510732800,93.687,93.705,93.491,93.522,0
1510736400,93.519,93.577,93.442,93.563,0
1510740000,93.57,93.598,93.502,93.504,0
1510743600,93.502,93.6,93.487,93.513,0
1510747200,93.512,93.603,93.51,93.582,0
1510750800,93.583,93.635,93.402,93.526,0
1510754400,93.513,93.709,93.505,93.661,0
1510758000,93.658,93.828,93.658,93.821,0
1510761600,93.823,93.889,93.801,93.875,0
1510765200,93.868,93.874,93.798,93.811,0
1510768800,93.813,93.822,93.763,93.771,0
1510772400,93.774,93.822,93.759,93.813,0
1510776000,93.808,93.832,93.762,93.806,0
1510779600,93.808,93.827,93.797,93.811,0
1510783200,93.808,93.93,93.786,93.918,0
1510786800,93.923,93.926,93.878,93.894,0
1510790400,93.837,93.906,93.82,93.873,0
1510794000,93.867,93.875,93.816,93.824,0
1510797600,93.821,93.889,93.821,93.879,0
1510801200,93.875,93.903,93.865,93.9,0
1510804800,93.899,93.915,93.881,93.906,0
1510808400,93.905,93.922,93.882,93.894,0
1510812000,93.901,93.901,93.772,93.786,0
1510815600,93.79,93.973,93.785,93.971,0
1510819200,93.981,93.981,93.808,93.838,0
1510822800,93.842,93.948,93.837,93.918,0
1510826400,93.91,93.96,93.884,93.929,0
1510830000,93.931,93.984,93.925,93.96,0
1510833600,93.958,93.998,93.927,93.976,0
1510837200,93.977,93.981,93.837,93.862,0
1510840800,93.871,93.914,93.796,93.838,0
1510844400,93.841,93.96,93.781,93.85,0
1510848000,93.844,93.887,93.831,93.864,0
1510851600,93.865,93.879,93.817,93.862,0
1510855200,93.863,93.909,93.84,93.901,0
1510858800,93.9,93.969,93.9,93.932,0
1510862400,93.928,93.968,93.907,93.914,0
1510866000,93.912,93.928,93.897,93.911,0
1510869600,93.912,93.925,93.892,93.912,0
1510873200,93.913,93.917,93.903,93.914,0
1510876800,93.872,93.878,93.747,93.787,0
1510880400,93.782,93.793,93.563,93.579,0
1510884000,93.587,93.6,93.508,93.518,0
1510887600,93.519,93.636,93.517,93.601,0
1510891200,93.602,93.646,93.576,93.644,0
1510894800,93.646,93.659,93.586,93.652,0
1510898400,93.65,93.651,93.566,93.589,0
1510902000,93.585,93.723,93.585,93.723,0
1510905600,93.729,93.769,93.67,93.747,0
1510909200,93.744,93.758,93.637,93.684,0
1510912800,93.688,93.708,93.647,93.685,0
1510916400,93.687,93.758,93.624,93.741,0
1510920000,93.744,93.776,93.706,93.767,0
1510923600,93.766,93.93,93.739,93.845,0
1510927200,93.843,93.847,93.715,93.772,0
1510930800,93.775,93.847,93.748,93.813,0
1510934400,93.806,93.815,93.654,93.656,0
1510938000,93.659,93.735,93.644,93.652,0
1510941600,93.648,93.666,93.603,93.655,0
1510945200,93.65,93.697,93.65,93.662,0
1510948800,93.66,93.663,93.587,93.663,0
1510952400,93.666,93.677,93.662,93.668,0
1510956000,93.672,93.674,93.666,93.666,0
1511128800,93.704,93.81,93.655,93.81,0
1511132400,93.822,94.029,93.813,93.994,0
1511136000,93.987,94.008,93.904,93.939,0
1511139600,93.93,93.987,93.903,93.923,0
1511143200,93.927,94.039,93.916,93.975,0
1511146800,93.973,93.989,93.951,93.967,0
1511150400,93.963,94.009,93.95,93.989,0
1511154000,93.999,94.009,93.959,93.976,0
1511157600,93.98,93.993,93.927,93.963,0
1511161200,93.97,93.97,93.83,93.831,0
1511164800,93.834,93.854,93.575,93.615,0
1511168400,93.611,93.653,93.575,93.628,0
1511172000,93.627,93.697,93.621,93.689,0
1511175600,93.687,93.796,93.676,93.781,0
1511179200,93.775,93.793,93.724,93.749,0
1511182800,93.742,93.836,93.727,93.816,0
1511186400,93.81,93.898,93.786,93.894,0
1511190000,93.889,93.977,93.875,93.928,0
1511193600,93.93,94.053,93.897,94.008,0
1511197200,94.006,94.044,93.955,93.98,0
1511200800,93.979,94.049,93.953,94.049,0
1511204400,94.051,94.095,94.033,94.08,0
1511208000,94.079,94.104,94.041,94.091,0
1511211600,94.089,94.096,94.063,94.077,0
1511215200,94.081,94.081,94.05,94.06,0
1511218800,94.061,94.063,94.046,94.057,0
1511222400,94.038,94.053,94.001,94.008,0
1511226000,94.012,94.089,93.999,94.071,0
1511229600,94.069,94.095,94.043,94.048,0
1511233200,94.053,94.055,94.015,94.021,0
1511236800,94.02,94.043,94.014,94.025,0
1511240400,94.026,94.037,93.999,94.012,0
1511244000,94.009,94.025,93.952,93.989,0
1511247600,93.992,94.076,93.952,94.036,0
1511251200,94.04,94.061,93.934,94.049,0
1511254800,94.052,94.165,94.025,94.071,0
1511258400,94.074,94.096,93.98,94.047,0
1511262000,94.045,94.132,94.041,94.132,0
1511265600,94.139,94.153,94.079,94.144,0
1511269200,94.141,94.153,94.066,94.088,0
1511272800,94.084,94.11,93.905,93.93,0
1511276400,93.932,94.042,93.878,94.042,0
1511280000,94.037,94.048,93.901,93.963,0
1511283600,93.959,94.007,93.941,93.951,0
1511287200,93.947,93.997,93.892,93.918,0
1511290800,93.917,93.976,93.902,93.952,0
1511294400,93.956,94.007,93.933,93.985,0
1511298000,93.981,94.006,93.939,93.972,0
1511301600,93.971,94.002,93.955,93.996,0
1511305200,93.997,93.997,93.977,93.978,0
1511308800,93.93,93.951,93.873,93.924,0
1511312400,93.923,93.952,93.911,93.927,0
1511316000,93.923,93.962,93.917,93.94,0
1511319600,93.941,93.956,93.918,93.931,0
1511323200,93.933,93.937,93.885,93.905,0
1511326800,93.906,93.922,93.879,93.895,0
1511330400,93.891,93.906,93.806,93.844,0
1511334000,93.84,93.869,93.782,93.801,0
1511337600,93.802,93.819,93.735,93.753,0
1511341200,93.752,93.821,93.735,93.814,0
1511344800,93.819,93.868,93.81,93.825,0
1511348400,93.823,93.862,93.795,93.816,0
1511352000,93.813,93.921,93.813,93.891,0
1511355600,93.886,93.893,93.786,93.802,0
1511359200,93.805,93.813,93.624,93.633,0
1511362800,93.635,93.672,93.485,93.539,0
1511366400,93.532,93.554,93.452,93.521,0
1511370000,93.517,93.531,93.445,93.469,0
1511373600,93.477,93.494,93.444,93.449,0
1511377200,93.443,93.464,93.212,93.22,0
1511380800,93.224,93.309,93.222,93.259,0
1511384400,93.258,93.269,93.217,93.242,0
1511388000,93.241,93.287,93.241,93.277,0
1511391600,93.269,93.272,93.248,93.252,0
1511481600,93.125,93.217,93.104,93.192,0
1511485200,93.19,93.23,93.135,93.152,0
1511488800,93.15,93.154,93.107,93.118,0
1511492400,93.115,93.21,93.115,93.182,0
1511496000,93.179,93.192,93.122,93.159,0
1511499600,93.16,93.183,93.136,93.169,0
1511503200,93.17,93.23,93.154,93.2,0
1511506800,93.203,93.249,93.172,93.175,0
1511510400,93.183,93.204,93.064,93.106,0
1511514000,93.104,93.108,93.018,93.067,0
1511517600,93.072,93.108,93.047,93.083,0
1511521200,93.078,93.144,93.065,93.129,0
1511524800,93.127,93.127,93.007,93.013,0
1511528400,93.012,93.023,92.876,92.895,0
1511532000,92.898,92.902,92.766,92.769,0
1511535600,92.771,92.785,92.698,92.712,0
1511539200,92.705,92.736,92.675,92.721,0
1511542800,92.72,92.803,92.716,92.782,0
1511546400,92.783,92.793,92.752,92.782,0
1511550000,92.781,92.798,92.764,92.778,0
1511553600,92.78,92.799,92.745,92.764,0
1511557200,92.761,92.765,92.751,92.758,0
1511560800,92.76,92.762,92.756,92.756,0
1511733600,92.777,92.794,92.743,92.744,0
1511737200,92.749,92.817,92.742,92.803,0
1511740800,92.796,92.876,92.784,92.864,0
1511744400,92.86,92.887,92.809,92.813,0
1511748000,92.81,92.848,92.789,92.824,0
1511751600,92.827,92.829,92.764,92.789,0
1511755200,92.792,92.806,92.77,92.789,0
1511758800,92.791,92.807,92.769,92.777,0
1511762400,92.771,92.83,92.729,92.81,0
1511766000,92.811,92.835,92.739,92.753,0
1511769600,92.759,92.783,92.58,92.672,0
1511773200,92.671,92.768,92.658,92.712,0
1511776800,92.714,92.735,92.657,92.666,0
1511780400,92.668,92.72,92.656,92.674,0
1511784000,92.676,92.724,92.592,92.616,0
1511787600,92.615,92.625,92.496,92.499,0
1511791200,92.506,92.691,92.506,92.658,0
1511794800,92.659,92.808,92.659,92.771,0
1511798400,92.769,92.859,92.709,92.815,0
1511802000,92.823,92.907,92.755,92.892,0
1511805600,92.884,92.911,92.858,92.9,0
1511809200,92.897,92.929,92.881,92.904,0
1511812800,92.9,92.926,92.884,92.907,0
1511816400,92.908,92.935,92.899,92.922,0
1511820000,92.923,92.98,92.894,92.904,0
1511823600,92.9,92.903,92.891,92.9,0
1511827200,92.888,92.911,92.829,92.852,0
1511830800,92.853,92.945,92.853,92.936,0
1511834400,92.937,92.948,92.897,92.923,0
1511838000,92.928,92.935,92.886,92.892,0
1511841600,92.893,92.904,92.872,92.877,0
1511845200,92.878,92.907,92.856,92.904,0
1511848800,92.9,92.901,92.838,92.873,0
1511852400,92.878,93.017,92.873,93.005,0
1511856000,93.001,93.001,92.827,92.939,0
1511859600,92.938,93.028,92.926,93.002,0
1511863200,93.007,93.123,92.998,93.061,0
1511866800,93.058,93.075,93.014,93.052,0
1511870400,93.048,93.112,93.042,93.103,0
1511874000,93.106,93.106,92.97,93.02,0
1511877600,93.021,93.132,92.987,93.132,0
1511881200,93.138,93.236,93.048,93.201,0
1511884800,93.199,93.23,93.097,93.136,0
1511888400,93.14,93.198,93.08,93.105,0
1511892000,93.104,93.245,93.096,93.138,0
1511895600,93.143,93.336,93.104,93.27,0
1511899200,93.269,93.302,93.206,93.252,0
1511902800,93.256,93.276,93.212,93.271,0
1511906400,93.269,93.272,93.207,93.221,0
1511910000,93.22,93.232,93.213,93.214,0
1511913600,93.218,93.243,93.19,93.233,0
1511917200,93.231,93.284,93.228,93.269,0
1511920800,93.272,93.272,93.197,93.203,0
1511924400,93.197,93.233,93.161,93.195,0
1511928000,93.192,93.226,93.178,93.217,0
1511931600,93.22,93.234,93.194,93.214,0
1511935200,93.212,93.216,93.129,93.148,0
1511938800,93.155,93.165,93.051,93.062,0
1511942400,93.068,93.121,93.017,93.055,0
1511946000,93.051,93.128,92.992,93.12,0
1511949600,93.116,93.24,93.112,93.212,0
1511953200,93.213,93.311,93.207,93.246,0
1511956800,93.251,93.303,93.223,93.289,0
1511960400,93.291,93.435,93.276,93.337,0
1511964000,93.34,93.37,93.268,93.349,0
1511967600,93.346,93.394,93.209,93.252,0
1511971200,93.247,93.276,93.132,93.157,0
1511974800,93.167,93.23,93.128,93.227,0
1511978400,93.232,93.25,93.194,93.212,0
1511982000,93.215,93.215,93.158,93.164,0
1511985600,93.165,93.253,93.165,93.246,0
1511989200,93.236,93.288,93.215,93.275,0
1511992800,93.272,93.281,93.241,93.266,0
1511996400,93.267,93.273,93.25,93.258,0
1512000000,93.259,93.289,93.238,93.244,0
1512003600,93.243,93.253,93.131,93.182,0
1512007200,93.183,93.199,93.103,93.133,0
1512010800,93.138,93.159,93.123,93.142,0
1512014400,93.139,93.172,93.133,93.166,0
1512018000,93.17,93.185,93.132,93.172,0
1512021600,93.167,93.206,93.125,93.167,0
1512025200,93.173,93.221,93.14,93.213,0
1512028800,93.212,93.329,93.179,93.319,0
1512032400,93.315,93.427,93.312,93.378,0
1512036000,93.387,93.505,93.381,93.399,0
1512039600,93.396,93.419,93.337,93.372,0
1512043200,93.378,93.379,93.275,93.314,0
1512046800,93.31,93.356,93.207,93.229,0
1512050400,93.232,93.232,92.904,92.919,0
1512054000,92.93,92.93,92.729,92.818,0
1512057600,92.822,93.014,92.765,93.003,0
1512061200,93.001,93.122,93.001,93.081,0
1512064800,93.082,93.102,92.961,92.972,0
1512068400,92.973,93.091,92.969,93.047,0
1512072000,93.04,93.076,92.995,93.018,0
1512075600,93.023,93.034,92.948,93.011,0
1512079200,93.012,93.123,92.994,93.111,0
1512082800,93.108,93.108,93.062,93.068,0
1512086400,93.026,93.056,92.911,92.959,0
1512090000,92.956,93.01,92.944,92.953,0
1512093600,92.958,92.991,92.936,92.976,0
1512097200,92.982,93.027,92.947,92.961,0
1512100800,92.959,92.982,92.939,92.979,0
1512104400,92.98,92.985,92.87,92.879,0
1512108000,92.88,92.943,92.846,92.924,0
1512111600,92.935,92.99,92.915,92.935,0
1512115200,92.939,92.955,92.805,92.857,0
1512118800,92.863,93.017,92.856,93.004,0
1512122400,93.007,93.093,92.957,93.076,0
1512126000,93.072,93.086,92.975,93.002,0
1512129600,93.003,93.075,92.995,93.051,0
1512133200,93.059,93.198,93.044,93.158,0
1512136800,93.153,93.192,93.104,93.169,0
1512140400,93.176,93.248,93.088,93.125,0
1512144000,93.14,93.143,92.604,92.769,0
1512147600,92.776,92.872,92.721,92.803,0
1512151200,92.8,92.952,92.768,92.883,0
1512154800,92.885,92.952,92.851,92.885,0
1512158400,92.881,92.915,92.867,92.908,0
1512162000,92.904,92.905,92.887,92.895,0
1512165600,92.894,92.894,92.892,92.892,0
1512338400,93.174,93.174,93.081,93.096,0
1512342000,93.101,93.182,93.042,93.182,0
1512345600,93.18,93.184,93.08,93.1,0
1512349200,93.099,93.135,93.066,93.073,0
1512352800,93.07,93.124,93.07,93.108,0
1512356400,93.103,93.113,93.077,93.106,0
1512360000,93.107,93.129,93.103,93.114,0
1512363600,93.116,93.145,93.114,93.142,0
1512367200,93.144,93.189,93.134,93.168,0
1512370800,93.167,93.355,93.156,93.272,0
1512374400,93.274,93.274,93.083,93.119,0
1512378000,93.12,93.251,93.115,93.234,0
1512381600,93.239,93.295,93.199,93.265,0
1512385200,93.267,93.275,93.114,93.145,0
1512388800,93.142,93.218,93.12,93.153,0
1512392400,93.159,93.226,93.071,93.209,0
1512396000,93.21,93.288,93.196,93.227,0
1512399600,93.228,93.301,93.191,93.221,0
1512403200,93.219,93.247,93.175,93.24,0
1512406800,93.242,93.3,93.227,93.277,0
1512410400,93.283,93.288,93.21,93.233,0
1512414000,93.23,93.239,93.161,93.188,0
1512417600,93.187,93.24,93.165,93.173,0
1512421200,93.176,93.176,93.081,93.084,0
1512424800,93.082,93.12,93.077,93.092,0
1512428400,93.097,93.098,93.083,93.087,0
1512432000,93.085,93.12,93.052,93.068,0
1512435600,93.065,93.084,93.035,93.058,0
1512439200,93.06,93.079,93.035,93.061,0
1512442800,93.063,93.079,93.05,93.06,0
1512446400,93.056,93.091,93.047,93.091,0
1512450000,93.089,93.102,93.068,93.098,0
1512453600,93.092,93.159,93.092,93.138,0
1512457200,93.139,93.217,93.07,93.206,0
1512460800,93.209,93.3,93.192,93.255,0
1512464400,93.256,93.282,93.168,93.193,0
1512468000,93.199,93.228,93.107,93.128,0
1512471600,93.129,93.134,93.068,93.124,0
1512475200,93.126,93.233,93.11,93.225,0
1512478800,93.228,93.328,93.193,93.281,0
1512482400,93.282,93.434,93.271,93.338,0
1512486000,93.35,93.395,93.246,93.33,0
1512489600,93.323,93.434,93.322,93.345,0
1512493200,93.354,93.454,93.325,93.45,0
1512496800,93.443,93.488,93.418,93.429,0
1512500400,93.431,93.434,93.357,93.379,0
1512504000,93.38,93.38,93.287,93.317,0
1512507600,93.325,93.335,93.297,93.308,0
1512511200,93.31,93.32,93.29,93.319,0
1512514800,93.317,93.334,93.315,93.316,0
1512518400,93.313,93.386,93.301,93.352,0
1512522000,93.353,93.364,93.284,93.312,0
1512525600,93.309,93.315,93.258,93.277,0
1512529200,93.279,93.291,93.173,93.207,0
1512532800,93.202,93.232,93.176,93.21,0
1512536400,93.211,93.234,93.171,93.178,0
1512540000,93.177,93.271,93.173,93.271,0
1512543600,93.263,93.332,93.211,93.321,0
1512547200,93.318,93.388,93.279,93.328,0
1512550800,93.33,93.389,93.311,93.334,0
1512554400,93.341,93.353,93.282,93.312,0
1512558000,93.314,93.419,93.304,93.39,0
1512561600,93.394,93.437,93.363,93.384,0
1512565200,93.377,93.455,93.303,93.416,0
1512568800,93.415,93.533,93.408,93.523,0
1512572400,93.519,93.592,93.519,93.585,0
1512576000,93.582,93.644,93.539,93.61,0
1512579600,93.607,93.65,93.578,93.583,0
1512583200,93.587,93.614,93.555,93.588,0
1512586800,93.585,93.618,93.55,93.61,0
1512590400,93.609,93.609,93.532,93.567,0
1512594000,93.565,93.588,93.554,93.562,0
1512597600,93.563,93.571,93.498,93.53,0
1512601200,93.524,93.53,93.516,93.524,0
1512604800,93.537,93.6,93.529,93.598,0
1512608400,93.595,93.62,93.557,93.584,0
1512612000,93.583,93.6,93.553,93.572,0
1512615600,93.573,93.58,93.533,93.545,0
1512619200,93.542,93.589,93.528,93.587,0
1512622800,93.584,93.653,93.575,93.634,0
1512626400,93.635,93.679,93.635,93.642,0
1512630000,93.636,93.671,93.614,93.632,0
1512633600,93.627,93.682,93.598,93.679,0
1512637200,93.672,93.695,93.63,93.684,0
1512640800,93.68,93.724,93.648,93.715,0
1512644400,93.717,93.765,93.702,93.741,0
1512648000,93.742,93.8,93.717,93.767,0
1512651600,93.773,93.773,93.624,93.631,0
1512655200,93.629,93.717,93.627,93.633,0
1512658800,93.636,93.701,93.616,93.683,0
1512662400,93.681,93.699,93.601,93.66,0
1512666000,93.658,93.696,93.621,93.623,0
1512669600,93.635,93.644,93.527,93.631,0
1512673200,93.628,93.795,93.621,93.795,0
1512676800,93.789,93.792,93.726,93.755,0
1512680400,93.761,93.795,93.755,93.772,0
1512684000,93.771,93.777,93.748,93.753,0
1512687600,93.755,93.766,93.752,93.754,0
1512691200,93.786,93.838,93.77,93.832,0
1512694800,93.828,93.876,93.816,93.862,0
1512698400,93.864,93.864,93.817,93.83,0
1512702000,93.832,93.845,93.816,93.822,0
1512705600,93.823,93.856,93.813,93.851,0
1512709200,93.85,93.855,93.809,93.83,0
1512712800,93.82,93.942,93.801,93.942,0
1512716400,93.941,93.971,93.896,93.904,0
1512720000,93.907,94.003,93.871,93.999,0
1512723600,94,94.048,93.94,94.017,0
1512727200,94.021,94.03,93.98,93.982,0
1512730800,93.984,94.037,93.984,94.005,0
1512734400,94.007,94.068,93.975,94.039,0
1512738000,94.035,94.087,93.818,93.855,0
1512741600,93.86,93.942,93.804,93.927,0
1512745200,93.909,94.023,93.895,94.01,0
1512748800,93.986,94.04,93.931,93.963,0
1512752400,93.968,93.986,93.907,93.955,0
1512756000,93.962,93.967,93.909,93.921,0
1512759600,93.919,93.923,93.891,93.901,0
1512763200,93.896,93.915,93.879,93.914,0
1512766800,93.912,93.914,93.887,93.899,0
1512770400,93.897,93.901,93.897,93.901,0
1512943200,93.92,93.933,93.886,93.901,0
1512946800,93.897,93.918,93.888,93.911,0
1512950400,93.906,93.906,93.861,93.898,0
1512954000,93.896,93.896,93.849,93.853,0
1512957600,93.857,93.872,93.849,93.857,0
1512961200,93.856,93.862,93.801,93.82,0
1512964800,93.823,93.857,93.823,93.837,0
1512968400,93.838,93.845,93.795,93.82,0
1512972000,93.818,93.831,93.78,93.807,0
1512975600,93.805,93.83,93.728,93.82,0
1512979200,93.821,93.861,93.763,93.769,0
1512982800,93.774,93.8,93.741,93.763,0
1512986400,93.764,93.796,93.749,93.755,0
1512990000,93.751,93.802,93.728,93.787,0
1512993600,93.784,93.806,93.755,93.778,0
1512997200,93.775,93.892,93.762,93.884,0
1513000800,93.885,93.891,93.784,93.796,0
1513004400,93.793,93.811,93.666,93.792,0
1513008000,93.787,93.791,93.726,93.75,0
1513011600,93.753,93.853,93.753,93.821,0
1513015200,93.822,93.873,93.81,93.821,0
1513018800,93.82,93.877,93.806,93.866,0
1513022400,93.863,93.945,93.852,93.945,0
1513026000,93.938,93.983,93.926,93.956,0
1513029600,93.961,93.961,93.92,93.929,0
1513033200,93.931,93.936,93.93,93.931,0
1513036800,93.911,93.948,93.9,93.912,0
1513040400,93.913,93.956,93.887,93.942,0
1513044000,93.947,93.977,93.94,93.95,0
1513047600,93.951,93.958,93.931,93.954,0
1513051200,93.955,93.96,93.927,93.94,0
1513054800,93.938,93.939,93.908,93.92,0
1513058400,93.919,93.922,93.883,93.904,0
1513062000,93.903,93.927,93.846,93.927,0
1513065600,93.925,93.941,93.759,93.785,0
1513069200,93.78,93.824,93.775,93.804,0
1513072800,93.806,93.904,93.793,93.843,0
1513076400,93.847,93.871,93.812,93.859,0
1513080000,93.857,93.878,93.82,93.847,0
1513083600,93.845,94.002,93.845,93.998,0
1513087200,93.997,94.113,93.994,94.081,0
1513090800,94.08,94.204,94.057,94.154,0
1513094400,94.153,94.219,94.147,94.185,0
1513098000,94.183,94.208,94.067,94.187,0
1513101600,94.186,94.212,94.117,94.151,0
1513105200,94.149,94.154,94.077,94.101,0
1513108800,94.095,94.102,94.037,94.039,0
1513112400,94.038,94.08,94.024,94.063,0
1513116000,94.061,94.103,94.035,94.094,0
1513119600,94.091,94.097,94.087,94.097,0
1513123200,94.06,94.067,94.013,94.014,0
1513126800,94.017,94.053,94.01,94.049,0
1513130400,94.053,94.058,94.001,94.01,0
1513134000,94.011,94.017,93.886,93.94,0
1513137600,93.943,93.979,93.938,93.975,0
1513141200,93.97,93.978,93.925,93.959,0
1513144800,93.956,93.967,93.91,93.957,0
1513148400,93.954,94.071,93.953,94.068,0
1513152000,94.063,94.078,94.008,94.038,0
1513155600,94.039,94.055,93.966,93.999,0
1513159200,93.996,94.016,93.968,93.988,0
1513162800,93.986,94.045,93.984,94.042,0
1513166400,94.041,94.084,94.006,94.029,0
1513170000,94.025,94.107,93.797,93.898,0
1513173600,93.899,93.954,93.861,93.941,0
1513177200,93.936,93.972,93.866,93.901,0
1513180800,93.895,93.943,93.848,93.9,0
1513184400,93.901,93.933,93.844,93.887,0
1513188000,93.893,93.893,93.768,93.806,0
1513191600,93.786,93.864,93.419,93.429,0
1513195200,93.432,93.5,93.411,93.426,0
1513198800,93.43,93.454,93.395,93.427,0
1513202400,93.422,93.465,93.417,93.449,0
1513206000,93.453,93.477,93.441,93.459,0
1513209600,93.409,93.451,93.373,93.379,0
1513213200,93.372,93.384,93.328,93.342,0
1513216800,93.343,93.399,93.342,93.399,0
1513220400,93.396,93.396,93.357,93.375,0
1513224000,93.372,93.397,93.346,93.387,0
1513227600,93.386,93.424,93.366,93.409,0
1513231200,93.413,93.47,93.413,93.44,0
1513234800,93.441,93.536,93.438,93.488,0
1513238400,93.485,93.49,93.385,93.465,0
1513242000,93.456,93.505,93.411,93.459,0
1513245600,93.455,93.524,93.401,93.406,0
1513249200,93.395,93.464,93.381,93.428,0
1513252800,93.426,93.457,93.341,93.406,0
1513256400,93.4,93.532,93.282,93.514,0
1513260000,93.508,93.641,93.462,93.605,0
1513263600,93.603,93.759,93.583,93.697,0
1513267200,93.689,93.724,93.656,93.682,0
1513270800,93.675,93.715,93.55,93.567,0
1513274400,93.56,93.582,93.424,93.468,0
1513278000,93.466,93.503,93.418,93.489,0
1513281600,93.491,93.544,93.469,93.529,0
1513285200,93.535,93.645,93.529,93.631,0
1513288800,93.62,93.706,93.613,93.702,0
1513292400,93.699,93.704,93.679,93.689,0
1513296000,93.647,93.652,93.552,93.576,0
1513299600,93.573,93.605,93.543,93.564,0
1513303200,93.561,93.583,93.513,93.564,0
1513306800,93.563,93.594,93.545,93.587,0
1513310400,93.589,93.61,93.571,93.583,0
1513314000,93.581,93.608,93.559,93.564,0
1513317600,93.562,93.575,93.54,93.56,0
1513321200,93.561,93.58,93.472,93.484,0
1513324800,93.487,93.555,93.47,93.536,0
1513328400,93.539,93.565,93.456,93.476,0
1513332000,93.473,93.514,93.434,93.449,0
1513335600,93.445,93.526,93.41,93.519,0
1513339200,93.516,93.576,93.503,93.551,0
1513346400,93.645,93.788,93.645,93.75,0
1513350000,93.751,93.883,93.705,93.875,0
1513353600,93.872,93.898,93.816,93.835,0
1513357200,93.831,93.888,93.792,93.879,0
1513360800,93.884,93.997,93.878,93.959,0
1513364400,93.96,93.965,93.907,93.932,0
1513368000,93.934,93.939,93.903,93.937,0
1513371600,93.935,93.95,93.927,93.93,0
1513375200,93.932,93.937,93.931,93.931,0
1513548000,93.999,94.02,93.97,93.975,0
1513551600,93.972,94.018,93.951,94.012,0
1513555200,94.011,94.026,93.952,93.969,0
1513558800,93.974,93.977,93.909,93.915,0
1513562400,93.917,93.922,93.871,93.914,0
1513566000,93.915,93.915,93.859,93.871,0
1513569600,93.866,93.892,93.863,93.885,0
1513573200,93.887,93.903,93.867,93.877,0
1513576800,93.879,93.879,93.807,93.836,0
1513580400,93.837,93.885,93.776,93.779,0
1513584000,93.78,93.814,93.724,93.739,0
1513587600,93.732,93.749,93.687,93.73,0
1513591200,93.727,93.773,93.696,93.702,0
1513594800,93.704,93.735,93.668,93.691,0
1513598400,93.692,93.714,93.657,93.664,0
1513602000,93.666,93.673,93.617,93.646,0
1513605600,93.645,93.675,93.526,93.539,0
1513609200,93.542,93.557,93.383,93.516,0
1513612800,93.52,93.606,93.483,93.554,0
1513616400,93.553,93.627,93.546,93.627,0
1513620000,93.628,93.647,93.603,93.633,0
1513623600,93.632,93.737,93.6,93.695,0
1513627200,93.692,93.729,93.68,93.701,0
1513630800,93.702,93.719,93.688,93.701,0
1513634400,93.702,93.714,93.68,93.699,0
1513638000,93.702,93.702,93.691,93.699,0
1513641600,93.706,93.742,93.699,93.707,0
1513645200,93.705,93.76,93.699,93.718,0
1513648800,93.72,93.733,93.675,93.69,0
1513652400,93.688,93.704,93.671,93.679,0
1513656000,93.683,93.693,93.66,93.66,0
1513659600,93.656,93.67,93.634,93.65,0
1513663200,93.654,93.668,93.608,93.635,0
1513666800,93.631,93.65,93.564,93.566,0
1513670400,93.565,93.593,93.509,93.585,0
1513674000,93.582,93.662,93.547,93.593,0
1513677600,93.595,93.646,93.558,93.584,0
1513681200,93.589,93.598,93.546,93.569,0
1513684800,93.572,93.58,93.492,93.504,0
1513688400,93.495,93.589,93.489,93.56,0
1513692000,93.558,93.681,93.523,93.662,0
1513695600,93.645,93.68,93.542,93.68,0
1513699200,93.681,93.706,93.609,93.609,0
1513702800,93.61,93.66,93.556,93.559,0
1513706400,93.56,93.564,93.439,93.461,0
1513710000,93.464,93.478,93.435,93.441,0
1513713600,93.443,93.454,93.428,93.448,0
1513717200,93.452,93.473,93.435,93.458,0
1513720800,93.461,93.469,93.432,93.448,0
1513724400,93.447,93.46,93.445,93.451,0
1513728000,93.497,93.498,93.437,93.44,0
1513731600,93.437,93.452,93.417,93.435,0
1513735200,93.439,93.45,93.416,93.442,0
1513738800,93.439,93.446,93.42,93.427,0
1513742400,93.425,93.463,93.422,93.46,0
1513746000,93.459,93.475,93.437,93.442,0
1513749600,93.434,93.525,93.411,93.521,0
1513753200,93.524,93.535,93.462,93.465,0
1513756800,93.468,93.497,93.367,93.438,0
1513760400,93.434,93.479,93.394,93.476,0
1513764000,93.477,93.489,93.359,93.429,0
1513767600,93.434,93.487,93.402,93.481,0
1513771200,93.487,93.506,93.422,93.45,0
1513774800,93.442,93.46,93.396,93.445,0
1513778400,93.447,93.457,93.34,93.351,0
1513782000,93.359,93.393,93.163,93.263,0
1513785600,93.259,93.312,93.25,93.28,0
1513789200,93.277,93.316,93.274,93.306,0
1513792800,93.312,93.312,93.235,93.286,0
1513796400,93.283,93.326,93.273,93.313,0
1513800000,93.314,93.334,93.281,93.31,0
1513803600,93.311,93.376,93.308,93.355,0
1513807200,93.364,93.372,93.335,93.351,0
1513810800,93.349,93.352,93.341,93.349,0
1513814400,93.309,93.334,93.287,93.33,0
1513818000,93.327,93.365,93.327,93.365,0
1513821600,93.362,93.373,93.344,93.353,0
1513825200,93.351,93.407,93.334,93.387,0
1513828800,93.389,93.399,93.369,93.381,0
1513832400,93.382,93.409,93.369,93.379,0
1513836000,93.376,93.411,93.366,93.373,0
1513839600,93.375,93.414,93.347,93.394,0
1513843200,93.393,93.434,93.324,93.346,0
1513846800,93.344,93.369,93.297,93.333,0
1513850400,93.332,93.383,93.273,93.383,0
1513854000,93.385,93.419,93.345,93.417,0
1513857600,93.418,93.5,93.399,93.433,0
1513861200,93.431,93.464,93.319,93.403,0
1513864800,93.397,93.472,93.337,93.362,0
1513868400,93.367,93.425,93.34,93.387,0
1513872000,93.381,93.391,93.261,93.302,0
1513875600,93.298,93.318,93.268,93.305,0
1513879200,93.306,93.343,93.299,93.314,0
1513882800,93.313,93.341,93.269,93.278,0
1513886400,93.272,93.29,93.235,93.252,0
1513890000,93.251,93.278,93.24,93.267,0
1513893600,93.269,93.314,93.251,93.308,0
1513897200,93.305,93.307,93.291,93.296,0
1513900800,93.371,93.555,93.358,93.422,0
1513904400,93.42,93.47,93.406,93.416,0
1513908000,93.417,93.428,93.381,93.385,0
1513911600,93.384,93.41,93.375,93.396,0
1513915200,93.394,93.407,93.382,93.399,0
1513918800,93.4,93.407,93.384,93.39,0
1513922400,93.392,93.416,93.351,93.362,0
1513926000,93.359,93.386,93.34,93.386,0
1513929600,93.385,93.433,93.34,93.361,0
1513933200,93.362,93.39,93.327,93.369,0
1513936800,93.374,93.393,93.356,93.388,0
1513940400,93.389,93.396,93.345,93.357,0
1513944000,93.361,93.384,93.34,93.382,0
1513947600,93.375,93.419,93.347,93.388,0
1513951200,93.387,93.454,93.358,93.404,0
1513954800,93.403,93.515,93.4,93.471,0
1513958400,93.472,93.484,93.411,93.433,0
1513962000,93.432,93.435,93.344,93.347,0
1513965600,93.34,93.363,93.32,93.35,0
1513969200,93.352,93.394,93.318,93.361,0
1513972800,93.364,93.364,93.306,93.319,0
1513976400,93.32,93.327,93.307,93.322,0
1513980000,93.324,93.327,93.321,93.321,0
1514246400,93.253,93.282,93.244,93.28,0
1514250000,93.279,93.297,93.274,93.294,0
1514253600,93.293,93.307,93.248,93.263,0
1514257200,93.261,93.277,93.251,93.269,0
1514260800,93.263,93.286,93.257,93.274,0
1514264400,93.272,93.284,93.261,93.267,0
1514268000,93.264,93.285,93.259,93.282,0
1514271600,93.284,93.286,93.236,93.249,0
1514275200,93.252,93.268,93.231,93.261,0
1514278800,93.263,93.331,93.249,93.316,0
1514282400,93.318,93.353,93.317,93.323,0
1514286000,93.325,93.384,93.319,93.379,0
1514289600,93.377,93.402,93.363,93.395,0
1514293200,93.398,93.398,93.355,93.355,0
1514296800,93.356,93.356,93.229,93.234,0
1514300400,93.226,93.291,93.226,93.281,0
1514304000,93.278,93.296,93.23,93.253,0
1514307600,93.248,93.279,93.216,93.226,0
1514311200,93.229,93.247,93.204,93.211,0
1514314800,93.21,93.271,93.208,93.257,0
1514318400,93.258,93.271,93.231,93.261,0
1514322000,93.262,93.293,93.255,93.287,0
1514325600,93.291,93.298,93.25,93.279,0
1514329200,93.284,93.304,93.277,93.3,0
1514332800,93.296,93.307,93.265,93.282,0
1514336400,93.281,93.309,93.271,93.299,0
1514340000,93.297,93.304,93.264,93.266,0
1514343600,93.268,93.285,93.249,93.268,0
1514347200,93.269,93.277,93.189,93.203,0
1514350800,93.202,93.207,93.168,93.178,0
1514354400,93.183,93.186,93.146,93.182,0
1514358000,93.179,93.247,93.155,93.222,0
1514361600,93.221,93.222,93.161,93.19,0
1514365200,93.189,93.199,93.072,93.083,0
1514368800,93.089,93.122,93.065,93.07,0
1514372400,93.071,93.119,93.026,93.046,0
1514376000,93.048,93.063,93,93.045,0
1514379600,93.04,93.04,92.98,92.995,0
1514383200,92.996,93.041,92.973,92.973,0
1514386800,92.977,93.067,92.956,93.062,0
1514390400,93.061,93.107,93.005,93.005,0
1514394000,93.009,93.034,92.999,93.022,0
1514397600,93.019,93.046,92.986,93.017,0
1514401200,93.014,93.04,92.998,93.025,0
1514404800,93.022,93.051,93.012,93.033,0
1514408400,93.035,93.099,93.027,93.082,0
1514412000,93.085,93.085,92.983,93.015,0
1514415600,93.009,93.009,92.999,93.004,0
1514419200,93.002,93.023,92.971,92.978,0
1514422800,92.981,92.997,92.948,92.948,0
1514426400,92.951,92.963,92.917,92.923,0
1514430000,92.925,92.936,92.916,92.922,0
1514433600,92.921,92.923,92.847,92.855,0
1514437200,92.853,92.863,92.734,92.737,0
1514440800,92.734,92.773,92.715,92.736,0
1514444400,92.733,92.748,92.669,92.676,0
1514448000,92.672,92.714,92.637,92.689,0
1514451600,92.686,92.75,92.685,92.742,0
1514455200,92.743,92.789,92.725,92.741,0
1514458800,92.746,92.753,92.712,92.718,0
1514462400,92.72,92.752,92.686,92.698,0
1514466000,92.696,92.735,92.633,92.64,0
1514469600,92.642,92.662,92.616,92.635,0
1514473200,92.637,92.711,92.626,92.706,0
1514476800,92.701,92.705,92.593,92.607,0
1514480400,92.608,92.627,92.595,92.609,0
1514484000,92.614,92.615,92.574,92.578,0
1514487600,92.576,92.629,92.573,92.602,0
1514491200,92.6,92.664,92.6,92.662,0
1514494800,92.666,92.671,92.632,92.644,0
1514498400,92.651,92.693,92.627,92.683,0
1514502000,92.677,92.677,92.66,92.673,0
1514505600,92.668,92.669,92.621,92.634,0
1514509200,92.64,92.663,92.589,92.629,0
1514512800,92.627,92.657,92.592,92.592,0
1514516400,92.597,92.635,92.597,92.624,0
1514520000,92.625,92.631,92.6,92.609,0
1514523600,92.608,92.622,92.575,92.575,0
1514527200,92.572,92.58,92.539,92.54,0
1514530800,92.538,92.589,92.518,92.546,0
1514534400,92.549,92.549,92.404,92.412,0
1514538000,92.415,92.415,92.308,92.35,0
1514541600,92.345,92.378,92.308,92.328,0
1514545200,92.326,92.345,92.278,92.304,0
1514548800,92.298,92.304,92.247,92.274,0
1514552400,92.275,92.336,92.228,92.31,0
1514556000,92.319,92.324,92.254,92.274,0
1514559600,92.289,92.316,92.184,92.184,0
1514563200,92.18,92.241,92.111,92.128,0
1514566800,92.125,92.144,92.08,92.124,0
1514570400,92.125,92.191,92.107,92.184,0
1514574000,92.183,92.211,92.174,92.206,0
1514577600,92.21,92.301,92.198,92.3,0
1514581200,92.303,92.315,92.297,92.297,0
1514851200,92.24,92.246,92.184,92.187,0
1514854800,92.189,92.193,92.139,92.188,0
1514858400,92.184,92.23,92.182,92.217,0
1514862000,92.218,92.218,92.14,92.189,0
1514865600,92.191,92.193,92.15,92.167,0
1514869200,92.166,92.176,92.126,92.127,0
1514872800,92.125,92.135,92.08,92.096,0
1514876400,92.084,92.113,92.024,92.051,0
1514880000,92.034,92.063,91.932,91.961,0
1514883600,91.972,91.978,91.829,91.831,0
1514887200,91.828,91.883,91.751,91.821,0
1514890800,91.822,91.893,91.81,91.893,0
1514894400,91.892,91.9,91.801,91.851,0
1514898000,91.85,91.883,91.815,91.872,0
1514901600,91.871,92.006,91.854,91.994,0
1514905200,91.978,92.046,91.893,91.915,0
1514908800,91.904,91.926,91.823,91.878,0
1514912400,91.88,91.935,91.845,91.921,0
1514916000,91.919,91.941,91.882,91.926,0
1514919600,91.919,91.927,91.848,91.85,0
1514923200,91.866,91.874,91.811,91.839,0
1514926800,91.84,91.866,91.796,91.853,0
1514930400,91.848,91.876,91.843,91.855,0
1514934000,91.854,91.858,91.847,91.847,0
1514937600,91.823,91.897,91.805,91.853,0
1514941200,91.851,91.932,91.82,91.87,0
1514944800,91.873,91.955,91.869,91.953,0
1514948400,91.952,91.956,91.907,91.919,0
1514952000,91.917,91.92,91.864,91.891,0
1514955600,91.889,91.902,91.837,91.842,0
1514959200,91.84,91.926,91.806,91.924,0
1514962800,91.923,91.986,91.888,91.957,0
1514966400,91.956,91.997,91.909,91.929,0
1514970000,91.932,91.972,91.902,91.951,0
1514973600,91.957,92.085,91.927,92.064,0
1514977200,92.061,92.113,92.029,92.082,0
1514980800,92.084,92.11,92.015,92.049,0
1514984400,92.047,92.071,91.991,92.006,0
1514988000,91.984,92.125,91.984,92.111,0
1514991600,92.132,92.242,92.099,92.116,0
1514995200,92.119,92.14,92.055,92.068,0
1514998800,92.067,92.11,92.055,92.08,0
1515002400,92.084,92.123,92.065,92.077,0
1515006000,92.076,92.261,92.069,92.162,0
1515009600,92.166,92.193,92.081,92.183,0
1515013200,92.182,92.197,92.162,92.172,0
1515016800,92.167,92.199,92.16,92.199,0
1515020400,92.195,92.206,92.182,92.182,0
1515024000,92.215,92.255,92.209,92.221,0
1515027600,92.22,92.261,92.207,92.238,0
1515031200,92.237,92.241,92.165,92.165,0
1515034800,92.166,92.207,92.166,92.19,0
1515038400,92.189,92.189,92.138,92.166,0
1515042000,92.169,92.192,92.138,92.164,0
1515045600,92.165,92.174,92.032,92.098,0
1515049200,92.099,92.122,92.038,92.101,0
1515052800,92.1,92.145,92.057,92.093,0
1515056400,92.098,92.099,91.982,92.002,0
1515060000,92.001,92.02,91.934,91.956,0
1515063600,91.957,91.989,91.875,91.899,0
1515067200,91.903,91.921,91.854,91.878,0
1515070800,91.882,91.978,91.875,91.952,0
1515074400,91.955,91.956,91.818,91.839,0
1515078000,91.84,91.887,91.798,91.881,0
1515081600,91.871,91.951,91.862,91.937,0
1515085200,91.94,91.947,91.845,91.863,0
1515088800,91.86,91.941,91.83,91.916,0
1515092400,91.915,91.923,91.853,91.853,0
1515096000,91.859,91.896,91.847,91.869,0
1515099600,91.873,91.88,91.85,91.875,0
1515103200,91.87,91.891,91.842,91.86,0
1515106800,91.859,91.866,91.852,91.864,0
1515110400,91.868,91.871,91.805,91.826,0
1515114000,91.821,91.869,91.802,91.857,0
1515117600,91.855,91.882,91.845,91.86,0
1515121200,91.864,91.867,91.829,91.834,0
1515124800,91.839,91.868,91.832,91.843,0
1515128400,91.845,91.873,91.84,91.87,0
1515132000,91.872,91.973,91.854,91.973,0
1515135600,91.97,91.994,91.916,91.991,0
1515139200,91.992,92.026,91.964,92.024,0
1515142800,92.023,92.1,91.991,92.071,0
1515146400,92.087,92.087,92.021,92.041,0
1515150000,92.044,92.056,92.006,92.023,0
1515153600,92.021,92.063,92.002,92.048,0
1515157200,92.047,92.067,91.775,91.912,0
1515160800,91.919,92.073,91.886,92.054,0
1515164400,92.045,92.098,91.945,91.995,0
1515168000,92.002,92.024,91.948,91.981,0
1515171600,91.983,92.007,91.936,91.946,0
1515175200,91.944,91.972,91.933,91.958,0
1515178800,91.959,91.959,91.922,91.949,0
1515182400,91.95,91.984,91.935,91.971,0
1515186000,91.967,92.026,91.966,92.017,0
1515189600,92.014,92.016,92.013,92.013,0
1515362400,92.044,92.044,91.99,92.013,0
1515366000,92.012,92.012,91.97,91.977,0
1515369600,91.978,92.002,91.929,91.944,0
1515373200,91.942,91.949,91.882,91.931,0
1515376800,91.934,92.024,91.916,91.993,0
1515380400,91.994,92.044,91.992,92.009,0
1515384000,92.011,92.072,92.007,92.06,0
1515387600,92.063,92.14,92.037,92.094,0
1515391200,92.095,92.136,92.07,92.129,0
1515394800,92.128,92.263,92.126,92.257,0
1515398400,92.263,92.288,92.216,92.259,0
1515402000,92.254,92.282,92.238,92.266,0
1515405600,92.265,92.266,92.14,92.173,0
1515409200,92.169,92.274,92.15,92.267,0
1515412800,92.261,92.337,92.226,92.336,0
1515416400,92.341,92.359,92.274,92.339,0
1515420000,92.337,92.357,92.282,92.347,0
1515423600,92.352,92.393,92.266,92.266,0
1515427200,92.27,92.338,92.251,92.316,0
1515430800,92.312,92.341,92.28,92.306,0
1515434400,92.296,92.396,92.296,92.363,0
1515438000,92.361,92.389,92.335,92.358,0
1515441600,92.362,92.387,92.337,92.337,0
1515445200,92.338,92.362,92.325,92.332,0
1515448800,92.338,92.349,92.321,92.339,0
1515452400,92.345,92.347,92.338,92.343,0
1515456000,92.342,92.359,92.304,92.323,0
1515459600,92.321,92.388,92.259,92.284,0
1515463200,92.285,92.285,92.213,92.231,0
1515466800,92.23,92.279,92.218,92.244,0
1515470400,92.248,92.284,92.239,92.273,0
1515474000,92.271,92.296,92.246,92.292,0
1515477600,92.29,92.364,92.283,92.355,0
1515481200,92.351,92.402,92.28,92.402,0
1515484800,92.399,92.55,92.394,92.518,0
1515488400,92.522,92.564,92.475,92.521,0
1515492000,92.515,92.584,92.508,92.565,0
1515495600,92.562,92.599,92.514,92.524,0
1515499200,92.526,92.553,92.487,92.513,0
1515502800,92.508,92.617,92.505,92.581,0
1515506400,92.585,92.64,92.513,92.635,0
1515510000,92.637,92.639,92.51,92.531,0
1515513600,92.532,92.609,92.524,92.594,0
1515517200,92.589,92.616,92.565,92.588,0
1515520800,92.585,92.618,92.519,92.521,0
1515524400,92.524,92.555,92.488,92.528,0
1515528000,92.529,92.545,92.493,92.502,0
1515531600,92.498,92.516,92.49,92.51,0
1515535200,92.508,92.516,92.492,92.509,0
1515538800,92.507,92.519,92.506,92.513,0
1515542400,92.569,92.569,92.478,92.485,0
1515546000,92.483,92.515,92.415,92.415,0
1515549600,92.423,92.451,92.401,92.406,0
1515553200,92.405,92.433,92.398,92.432,0
1515560400,92.468,92.545,92.451,92.539,0
1515564000,92.543,92.553,92.498,92.511,0
1515567600,92.515,92.521,92.389,92.463,0
1515571200,92.462,92.463,92.323,92.364,0
1515574800,92.36,92.419,92.339,92.415,0
1515578400,92.414,92.476,92.012,92.052,0
1515582000,92.056,92.103,91.922,91.996,0
1515585600,91.994,92.059,91.922,92.051,0
1515589200,92.052,92.132,92.029,92.115,0
1515592800,92.112,92.227,92.023,92.143,0
1515596400,92.142,92.175,92.065,92.141,0
1515600000,92.13,92.307,92.13,92.288,0
1515603600,92.289,92.323,92.246,92.262,0
1515607200,92.265,92.289,92.214,92.274,0
1515610800,92.275,92.42,92.269,92.332,0
1515614400,92.334,92.345,92.269,92.318,0
1515618000,92.315,92.381,92.305,92.375,0
1515621600,92.38,92.38,92.338,92.362,0
1515625200,92.363,92.367,92.35,92.354,0
1515628800,92.33,92.395,92.306,92.31,0
1515632400,92.309,92.353,92.287,92.331,0
1515636000,92.334,92.354,92.267,92.287,0
1515639600,92.285,92.436,92.264,92.378,0
1515643200,92.38,92.471,92.373,92.425,0
1515646800,92.427,92.458,92.372,92.398,0
1515650400,92.397,92.498,92.397,92.473,0
1515654000,92.471,92.546,92.42,92.479,0
1515657600,92.485,92.545,92.462,92.496,0
1515661200,92.501,92.526,92.418,92.428,0
1515664800,92.425,92.457,92.382,92.416,0
1515668400,92.42,92.488,92.407,92.476,0
1515672000,92.473,92.517,92.124,92.184,0
1515675600,92.172,92.189,91.958,91.976,0
1515679200,91.984,91.984,91.86,91.866,0
1515682800,91.863,91.903,91.787,91.859,0
1515686400,91.85,91.914,91.832,91.899,0
1515690000,91.901,91.914,91.863,91.881,0
1515693600,91.879,91.918,91.816,91.864,0
1515697200,91.868,91.882,91.815,91.852,0
1515700800,91.849,91.93,91.844,91.908,0
1515704400,91.901,91.939,91.884,91.898,0
1515708000,91.897,91.905,91.856,91.866,0
1515711600,91.863,91.901,91.863,91.898,0
1515715200,91.848,91.857,91.689,91.743,0
1515718800,91.745,91.853,91.731,91.843,0
1515722400,91.842,91.86,91.802,91.826,0
1515726000,91.822,91.839,91.786,91.807,0
1515729600,91.803,91.839,91.787,91.794,0
1515733200,91.788,91.879,91.764,91.856,0
1515736800,91.85,91.867,91.802,91.838,0
1515740400,91.839,91.852,91.702,91.782,0
1515744000,91.783,91.852,91.449,91.502,0
1515747600,91.49,91.49,91.308,91.385,0
1515751200,91.387,91.433,91.349,91.414,0
1515754800,91.41,91.41,91.315,91.38,0
1515758400,91.373,91.398,91.313,91.347,0
1515762000,91.344,91.523,91.27,91.466,0
1515765600,91.455,91.502,91.243,91.329,0
1515769200,91.322,91.347,91.196,91.244,0
1515772800,91.25,91.357,91.191,91.309,0
1515776400,91.314,91.346,91.267,91.286,0
1515780000,91.283,91.29,91.056,91.084,0
1515783600,91.086,91.096,90.954,90.974,0
1515787200,90.978,91.006,90.941,90.942,0
1515790800,90.947,90.948,90.934,90.941,0
1515794400,90.94,90.947,90.902,90.902,0
1516060800,90.443,90.505,90.435,90.499,0
1516064400,90.494,90.591,90.472,90.477,0
1516068000,90.471,90.523,90.402,90.471,0
1516071600,90.472,90.552,90.466,90.541,0
1516075200,90.542,90.542,90.455,90.479,0
1516078800,90.475,90.516,90.457,90.498,0
1516082400,90.497,90.53,90.386,90.468,0
1516086000,90.474,90.719,90.47,90.556,0
1516089600,90.559,90.672,90.458,90.608,0
1516093200,90.606,90.696,90.574,90.623,0
1516096800,90.633,90.814,90.62,90.756,0
1516100400,90.754,90.793,90.696,90.741,0
1516104000,90.743,90.751,90.598,90.644,0
1516107600,90.647,90.735,90.618,90.702,0
1516111200,90.693,90.826,90.693,90.76,0
1516114800,90.771,90.777,90.607,90.617,0
1516118400,90.623,90.674,90.56,90.579,0
1516122000,90.582,90.642,90.576,90.588,0
1516125600,90.589,90.593,90.429,90.436,0
1516129200,90.432,90.443,90.337,90.393,0
1516132800,90.392,90.436,90.359,90.426,0
1516136400,90.424,90.505,90.423,90.464,0
1516140000,90.466,90.495,90.436,90.491,0
1516143600,90.489,90.489,90.387,90.4,0
1516147200,90.4,90.436,90.113,90.215,0
1516150800,90.216,90.328,90.211,90.293,0
1516154400,90.294,90.458,90.258,90.458,0
1516158000,90.458,90.502,90.424,90.467,0
1516161600,90.467,90.593,90.447,90.591,0
1516165200,90.591,90.656,90.557,90.618,0
1516168800,90.616,90.759,90.576,90.739,0
1516172400,90.738,90.779,90.639,90.743,0
1516176000,90.743,90.77,90.602,90.698,0
1516179600,90.697,90.743,90.606,90.622,0
1516183200,90.623,90.628,90.556,90.611,0
1516186800,90.611,90.767,90.598,90.765,0
1516190400,90.764,90.8,90.732,90.76,0
1516194000,90.759,90.816,90.657,90.697,0
1516197600,90.696,90.728,90.597,90.642,0
1516201200,90.642,90.724,90.541,90.551,0
1516204800,90.552,90.65,90.53,90.627,0
1516208400,90.628,90.63,90.468,90.471,0
1516212000,90.47,90.471,90.189,90.259,0
1516215600,90.26,90.551,90.259,90.541,0
1516219200,90.542,90.727,90.54,90.7,0
1516222800,90.699,90.922,90.676,90.875,0
1516226400,90.876,91.002,90.851,91.002,0
1516230000,91.004,91.004,90.974,90.978,0
1516233600,90.781,90.91,90.781,90.87,0
1516237200,90.871,90.938,90.831,90.856,0
1516240800,90.855,90.87,90.814,90.853,0
1516244400,90.852,90.983,90.842,90.953,0
1516248000,90.953,90.954,90.839,90.849,0
1516251600,90.849,90.854,90.749,90.757,0
1516255200,90.757,90.825,90.745,90.754,0
1516258800,90.754,90.901,90.733,90.774,0
1516262400,90.773,90.789,90.696,90.787,0
1516266000,90.789,90.824,90.708,90.728,0
1516269600,90.727,90.743,90.638,90.644,0
1516273200,90.644,90.649,90.548,90.572,0
1516276800,90.571,90.608,90.506,90.588,0
1516280400,90.588,90.652,90.546,90.547,0
1516284000,90.547,90.577,90.424,90.446,0
1516287600,90.447,90.616,90.447,90.551,0
1516291200,90.55,90.613,90.416,90.524,0
1516294800,90.524,90.616,90.408,90.587,0
1516298400,90.587,90.654,90.542,90.618,0
1516302000,90.618,90.622,90.496,90.498,0
1516305600,90.498,90.609,90.477,90.524,0
1516309200,90.526,90.532,90.493,90.526,0
1516312800,90.526,90.539,90.487,90.505,0
1516316400,90.505,90.505,90.477,90.484,0
1516320000,90.495,90.556,90.495,90.533,0
1516323600,90.533,90.564,90.477,90.501,0
1516327200,90.5,90.511,90.42,90.489,0
1516330800,90.489,90.498,90.326,90.336,0
1516334400,90.336,90.386,90.336,90.369,0
1516338000,90.368,90.423,90.361,90.386,0
1516341600,90.387,90.404,90.339,90.392,0
1516345200,90.392,90.443,90.287,90.307,0
1516348800,90.307,90.364,90.203,90.212,0
1516352400,90.211,90.31,90.155,90.257,0
1516356000,90.258,90.343,90.231,90.315,0
1516359600,90.314,90.427,90.3,90.34,0
1516363200,90.341,90.455,90.341,90.441,0
1516366800,90.44,90.525,90.365,90.509,0
1516370400,90.509,90.569,90.446,90.447,0
1516374000,90.446,90.643,90.424,90.633,0
1516377600,90.633,90.633,90.537,90.543,0
1516381200,90.543,90.589,90.513,90.584,0
1516384800,90.584,90.65,90.57,90.57,0
1516388400,90.57,90.582,90.535,90.571,0
1516392000,90.571,90.676,90.568,90.673,0
1516395600,90.674,90.704,90.607,90.699,0
1516399200,90.699,90.7,90.636,90.672,0
1516572000,90.44,90.443,90.436,90.443,0
1516575600,90.443,90.59,90.442,90.467,0
1516579200,90.468,90.543,90.458,90.532,0
1516582800,90.532,90.65,90.53,90.635,0
1516586400,90.635,90.65,90.572,90.574,0
1516590000,90.574,90.644,90.573,90.615,0
1516593600,90.615,90.689,90.611,90.647,0
1516597200,90.647,90.697,90.601,90.608,0
1516600800,90.609,90.698,90.597,90.694,0
1516604400,90.694,90.694,90.522,90.542,0
1516608000,90.545,90.571,90.493,90.525,0
1516611600,90.526,90.526,90.449,90.48,0
1516615200,90.48,90.489,90.389,90.41,0
1516618800,90.409,90.46,90.406,90.447,0
1516622400,90.447,90.553,90.435,90.539,0
1516626000,90.539,90.576,90.449,90.458,0
1516629600,90.459,90.519,90.412,90.513,0
1516633200,90.513,90.522,90.362,90.403,0
1516636800,90.402,90.593,90.401,90.593,0
1516640400,90.593,90.627,90.5,90.509,0
1516644000,90.509,90.531,90.464,90.473,0
1516647600,90.473,90.485,90.381,90.401,0
1516651200,90.401,90.418,90.38,90.385,0
1516654800,90.385,90.398,90.361,90.362,0
1516658400,90.362,90.388,90.347,90.374,0
1516662000,90.374,90.391,90.374,90.389,0
1516665600,90.389,90.389,90.307,90.343,0
1516669200,90.343,90.376,90.287,90.349,0
1516672800,90.349,90.434,90.344,90.37,0
1516676400,90.37,90.414,90.269,90.377,0
1516680000,90.378,90.396,90.341,90.37,0
1516683600,90.371,90.421,90.369,90.389,0
1516687200,90.389,90.49,90.306,90.471,0
1516690800,90.471,90.534,90.426,90.457,0
1516694400,90.456,90.588,90.452,90.496,0
1516698000,90.496,90.544,90.46,90.496,0
1516701600,90.494,90.496,90.421,90.457,0
1516705200,90.457,90.497,90.377,90.497,0
1516708800,90.497,90.531,90.408,90.434,0
1516712400,90.434,90.451,90.322,90.36,0
1516716000,90.359,90.407,90.215,90.24,0
1516719600,90.239,90.24,90.063,90.127,0
1516723200,90.126,90.294,90.117,90.271,0
1516726800,90.271,90.274,90.184,90.24,0
1516730400,90.241,90.26,90.165,90.215,0
1516734000,90.216,90.223,90.124,90.124,0
1516737600,90.121,90.158,90.106,90.125,0
1516741200,90.124,90.127,90.089,90.093,0
1516744800,90.093,90.103,90.086,90.101,0
1516748400,90.102,90.104,90.095,90.104,0
1516752000,90.003,90.101,90.003,90.072,0
1516755600,90.072,90.113,89.989,90.007,0
1516759200,90.007,90.038,89.914,89.969,0
1516762800,89.969,90.033,89.931,89.946,0
1516766400,89.945,89.946,89.822,89.906,0
1516770000,89.905,89.956,89.89,89.892,0
1516773600,89.893,89.997,89.861,89.979,0
1516777200,89.979,90.017,89.912,89.95,0
1516780800,89.95,89.955,89.704,89.726,0
1516784400,89.727,89.761,89.603,89.708,0
1516788000,89.708,89.728,89.633,89.679,0
1516791600,89.679,89.719,89.581,89.628,0
1516795200,89.628,89.669,89.592,89.632,0
1516798800,89.63,89.63,89.453,89.475,0
1516802400,89.475,89.483,89.266,89.277,0
1516806000,89.279,89.34,89.232,89.336,0
1516809600,89.335,89.371,89.236,89.324,0
1516813200,89.324,89.375,89.286,89.334,0
1516816800,89.333,89.335,89.158,89.168,0
1516820400,89.17,89.249,89.158,89.206,0
1516824000,89.206,89.276,89.199,89.253,0
1516827600,89.253,89.266,89.187,89.209,0
1516831200,89.209,89.231,89.174,89.218,0
1516834800,89.218,89.244,89.215,89.242,0
1516838400,89.322,89.322,89.322,89.322,0
1516842000,89.283,89.33,89.177,89.177,0
1516845600,89.177,89.201,89.053,89.075,0
1516849200,89.076,89.097,88.945,89.004,0
1516852800,89.004,89.038,88.959,88.981,0
1516856400,88.981,89.037,88.905,88.907,0
1516860000,88.907,89.064,88.805,88.972,0
1516863600,88.972,89.16,88.972,89.096,0
1516867200,89.093,89.247,89.09,89.221,0
1516870800,89.221,89.221,88.994,88.999,0
1516874400,88.998,89.132,88.998,89.112,0
1516878000,89.112,89.183,89.063,89.156,0
1516881600,89.156,89.189,89.092,89.163,0
1516885200,89.163,89.163,88.653,88.659,0
1516888800,88.656,88.861,88.438,88.703,0
1516892400,88.704,88.737,88.461,88.594,0
1516896000,88.594,88.732,88.581,88.717,0
1516899600,88.717,88.777,88.702,88.707,0
1516903200,88.706,88.773,88.595,88.729,0
1516906800,88.729,89.58,88.714,89.391,0
1516910400,89.389,89.405,89.16,89.289,0
1516914000,89.289,89.402,89.179,89.349,0
1516917600,89.348,89.526,89.345,89.521,0
1516921200,89.52,89.52,89.455,89.455,0
1516924800,89.404,89.404,89.302,89.324,0
1516928400,89.323,89.336,89.123,89.14,0
1516932000,89.14,89.252,89.14,89.161,0
1516935600,89.16,89.183,89.131,89.147,0
1516939200,89.147,89.197,89.133,89.196,0
1516942800,89.196,89.256,89.143,89.145,0
1516946400,89.145,89.16,88.978,88.994,0
1516950000,88.994,89.004,88.729,88.834,0
1516953600,88.833,88.935,88.723,88.852,0
1516957200,88.852,88.923,88.812,88.907,0
1516960800,88.908,88.978,88.851,88.893,0
1516964400,88.894,89.051,88.839,89.027,0
1516968000,89.025,89.037,88.949,88.999,0
1516971600,88.999,89.111,88.906,89.082,0
1516975200,89.082,89.216,88.926,88.945,0
1516978800,88.946,89.124,88.935,89.001,0
1516982400,89.004,89.12,88.968,89.021,0
1516986000,89.022,89.061,88.937,88.947,0
1516989600,88.946,88.967,88.876,88.893,0
1516993200,88.891,89.086,88.86,89.067,0
1516996800,89.07,89.167,89.063,89.09,0
1517000400,89.09,89.099,89.018,89.018,0
1517004000,89.02,89.026,89.011,89.019,0
1517176800,89.113,89.114,89.111,89.112,0
1517180400,89.112,89.116,89.021,89.022,0
1517184000,89.021,89.082,89.007,89.072,0
1517187600,89.072,89.253,89.068,89.236,0
1517191200,89.236,89.327,89.221,89.23,0
1517194800,89.232,89.24,89.104,89.128,0
1517198400,89.127,89.154,89.087,89.145,0
1517202000,89.144,89.194,89.111,89.154,0
1517205600,89.154,89.161,89.096,89.138,0
1517209200,89.264,89.278,89.237,89.241,0
1517212800,89.24,89.309,89.197,89.208,0
1517216400,89.207,89.295,89.168,89.198,0
1517220000,89.197,89.226,89.104,89.226,0
1517223600,89.226,89.306,89.225,89.284,0
1517227200,89.286,89.39,89.227,89.34,0
1517230800,89.341,89.439,89.315,89.401,0
1517234400,89.401,89.491,89.366,89.452,0
1517238000,89.453,89.491,89.352,89.473,0
1517241600,89.473,89.619,89.471,89.539,0
1517245200,89.538,89.577,89.418,89.421,0
1517248800,89.421,89.433,89.369,89.393,0
1517252400,89.394,89.411,89.301,89.308,0
1517256000,89.308,89.362,89.307,89.354,0
1517259600,89.353,89.384,89.353,89.359,0
1517263200,89.359,89.38,89.347,89.367,0
1517266800,89.367,89.367,89.346,89.346,0
1517270400,89.365,89.447,89.365,89.397,0
1517274000,89.396,89.41,89.312,89.331,0
1517277600,89.331,89.526,89.33,89.469,0
1517281200,89.469,89.476,89.352,89.376,0
1517284800,89.376,89.427,89.327,89.421,0
1517288400,89.42,89.482,89.403,89.46,0
1517292000,89.459,89.566,89.448,89.566,0
1517295600,89.565,89.566,89.444,89.554,0
1517299200,89.554,89.637,89.378,89.378,0
1517302800,89.377,89.389,89.192,89.236,0
1517306400,89.233,89.263,89.098,89.154,0
1517310000,89.154,89.17,88.995,89.006,0
1517313600,89.005,89.125,89.003,89.09,0
1517317200,89.087,89.186,88.95,88.952,0
1517320800,88.954,89.041,88.912,88.996,0
1517324400,88.996,89.206,88.991,89.184,0
1517328000,89.183,89.32,89.105,89.273,0
1517331600,89.273,89.301,89.162,89.179,0
1517335200,89.18,89.288,89.173,89.22,0
1517338800,89.22,89.252,89.152,89.16,0
1517342400,89.16,89.231,89.156,89.231,0
1517346000,89.234,89.234,89.184,89.188,0
1517349600,89.189,89.194,89.172,89.172,0
1517353200,89.172,89.186,89.171,89.186,0
1517356800,89.1,89.153,89.098,89.102,0
1517360400,89.102,89.223,89.1,89.127,0
1517364000,89.126,89.239,89.125,89.146,0
1517367600,89.145,89.147,89.015,89.065,0
1517371200,89.065,89.106,89.044,89.089,0
1517374800,89.089,89.105,88.97,88.972,0
1517378400,88.971,88.988,88.879,88.88,0
1517382000,88.88,88.979,88.81,88.914,0
1517385600,88.914,89.026,88.868,88.959,0
1517389200,88.959,88.982,88.906,88.924,0
1517392800,88.926,88.981,88.885,88.959,0
1517396400,88.959,88.967,88.9,88.902,0
1517400000,88.903,88.949,88.859,88.879,0
1517403600,88.878,88.942,88.807,88.858,0
1517407200,88.857,88.972,88.844,88.885,0
1517410800,88.884,88.907,88.78,88.875,0
1517414400,88.876,89.104,88.846,89.075,0
1517418000,89.074,89.176,89.011,89.148,0
1517421600,89.149,89.175,89.085,89.098,0
1517425200,89.1,89.296,88.994,89.133,0
1517428800,89.133,89.173,89.054,89.1,0
1517432400,89.099,89.145,89.084,89.121,0
1517436000,89.122,89.165,89.12,89.127,0
1517439600,89.126,89.126,89.106,89.107,0
1517443200,89.036,89.102,89.036,89.081,0
1517446800,89.081,89.196,89.066,89.109,0
1517450400,89.109,89.133,89.063,89.121,0
1517454000,89.121,89.143,89.074,89.083,0
1517457600,89.083,89.122,89.054,89.095,0
1517461200,89.095,89.119,89.061,89.106,0
1517464800,89.106,89.279,89.101,89.277,0
1517468400,89.277,89.328,89.23,89.238,0
1517472000,89.238,89.238,89.002,89.054,0
1517475600,89.055,89.055,88.948,88.98,0
1517479200,88.98,89.087,88.979,89.087,0
1517482800,89.088,89.127,89.064,89.073,0
1517486400,89.071,89.082,88.952,88.981,0
1517490000,88.981,89.031,88.934,88.977,0
1517493600,88.977,89.056,88.964,89.02,0
1517497200,89.023,89.078,88.815,88.838,0
1517500800,88.837,88.887,88.767,88.809,0
1517504400,88.807,88.856,88.717,88.842,0
1517508000,88.84,88.842,88.722,88.728,0
1517511600,88.728,88.781,88.649,88.671,0
1517515200,88.673,88.677,88.555,88.596,0
1517518800,88.595,88.653,88.574,88.641,0
1517522400,88.641,88.675,88.602,88.661,0
1517526000,88.661,88.661,88.646,88.653,0
1517529600,88.639,88.656,88.622,88.648,0
1517533200,88.649,88.734,88.591,88.693,0
1517536800,88.692,88.777,88.671,88.75,0
1517540400,88.75,88.758,88.69,88.69,0
1517544000,88.69,88.756,88.688,88.755,0
1517547600,88.754,88.767,88.721,88.739,0
1517551200,88.738,88.81,88.736,88.764,0
1517554800,88.764,88.769,88.649,88.707,0
1517558400,88.706,88.843,88.659,88.804,0
1517562000,88.803,88.881,88.797,88.866,0
1517565600,88.864,88.925,88.842,88.848,0
1517569200,88.848,88.883,88.801,88.846,0
1517572800,88.847,88.865,88.826,88.849,0
1517576400,88.849,89.224,88.815,89.181,0
1517580000,89.182,89.301,89.1,89.301,0
1517583600,89.3,89.425,89.276,89.283,0
1517587200,89.283,89.293,89.191,89.247,0
1517590800,89.247,89.248,89.034,89.082,0
1517594400,89.082,89.091,88.95,89.082,0
1517598000,89.081,89.208,89.069,89.195,0
1517601600,89.194,89.225,89.119,89.162,0
1517605200,89.163,89.225,89.157,89.194,0
1517608800,89.197,89.197,89.165,89.194,0
1517781600,89.347,89.35,89.345,89.35,0
1517785200,89.349,89.381,89.202,89.234,0
1517788800,89.234,89.281,89.139,89.141,0
1517792400,89.14,89.231,89.139,89.174,0
1517796000,89.174,89.248,89.121,89.129,0
1517799600,89.13,89.181,89.098,89.178,0
1517803200,89.178,89.184,89.136,89.157,0
1517806800,89.158,89.195,89.121,89.14,0
1517810400,89.14,89.222,89.13,89.199,0
1517814000,89.199,89.256,89.141,89.256,0
1517817600,89.257,89.257,89.08,89.102,0
1517821200,89.102,89.133,89.021,89.126,0
1517824800,89.126,89.133,89.065,89.124,0
1517828400,89.125,89.247,89.125,89.243,0
1517832000,89.243,89.3,89.226,89.296,0
1517835600,89.296,89.318,89.241,89.315,0
1517839200,89.316,89.587,89.316,89.564,0
1517842800,89.564,89.608,89.429,89.471,0
1517846400,89.471,89.571,89.445,89.499,0
1517850000,89.499,89.54,89.414,89.421,0
1517853600,89.421,89.513,89.419,89.461,0
1517857200,89.462,89.614,89.461,89.554,0
1517860800,89.553,89.594,89.385,89.594,0
1517864400,89.594,89.699,89.533,89.68,0
1517868000,89.68,89.681,89.587,89.633,0
1517871600,89.633,89.654,89.628,89.628,0
1517875200,89.657,89.657,89.579,89.604,0
1517878800,89.601,89.625,89.569,89.6,0
1517882400,89.602,89.719,89.591,89.612,0
1517886000,89.612,89.651,89.582,89.631,0
1517889600,89.632,89.719,89.582,89.712,0
1517893200,89.713,89.713,89.613,89.62,0
1517896800,89.62,89.646,89.544,89.579,0
1517900400,89.58,89.617,89.496,89.545,0
1517904000,89.543,89.555,89.373,89.442,0
1517907600,89.441,89.551,89.419,89.484,0
1517911200,89.484,89.542,89.442,89.489,0
1517914800,89.489,89.687,89.469,89.681,0
1517918400,89.682,89.945,89.681,89.931,0
1517922000,89.929,90.034,89.88,89.929,0
1517925600,89.928,90.002,89.839,89.924,0
1517929200,89.925,90.025,89.852,89.855,0
1517932800,89.853,89.859,89.627,89.641,0
1517936400,89.642,89.687,89.546,89.603,0
1517940000,89.603,89.62,89.51,89.533,0
1517943600,89.533,89.624,89.531,89.585,0
1517947200,89.587,89.722,89.572,89.712,0
1517950800,89.712,89.72,89.657,89.669,0
1517954400,89.669,89.701,89.652,89.658,0
1517958000,89.66,89.674,89.66,89.674,0
1517961600,89.634,89.634,89.563,89.612,0
1517965200,89.612,89.661,89.581,89.591,0
1517968800,89.591,89.648,89.586,89.609,0
1517972400,89.609,89.61,89.566,89.599,0
1517976000,89.602,89.619,89.557,89.58,0
1517979600,89.58,89.598,89.554,89.564,0
1517983200,89.565,89.63,89.527,89.535,0
1517986800,89.535,89.605,89.468,89.599,0
1517990400,89.599,89.704,89.584,89.622,0
1517994000,89.622,89.782,89.6,89.782,0
1517997600,89.781,89.894,89.775,89.892,0
1518001200,89.891,89.891,89.792,89.825,0
1518004800,89.826,89.916,89.826,89.862,0
1518008400,89.86,89.913,89.828,89.898,0
1518012000,89.899,89.97,89.834,89.839,0
1518015600,89.84,90.167,89.828,90.136,0
1518019200,90.136,90.243,90.064,90.222,0
1518022800,90.222,90.387,90.222,90.307,0
1518026400,90.306,90.4,90.293,90.328,0
1518030000,90.327,90.358,90.22,90.255,0
1518033600,90.254,90.368,90.243,90.342,0
1518037200,90.343,90.356,90.265,90.306,0
1518040800,90.306,90.374,90.306,90.37,0
1518044400,90.371,90.371,90.34,90.34,0
1518048000,90.267,90.283,90.234,90.266,0
1518051600,90.265,90.301,90.213,90.253,0
1518055200,90.254,90.27,90.214,90.248,0
1518058800,90.247,90.257,90.181,90.25,0
1518062400,90.25,90.387,90.245,90.362,0
1518066000,90.362,90.369,90.259,90.273,0
1518069600,90.272,90.363,90.224,90.358,0
1518073200,90.358,90.358,90.167,90.314,0
1518076800,90.315,90.509,90.294,90.494,0
1518080400,90.491,90.567,90.476,90.541,0
1518084000,90.541,90.557,90.407,90.412,0
1518087600,90.412,90.501,90.411,90.498,0
1518091200,90.498,90.531,90.319,90.391,0
1518094800,90.39,90.392,90.138,90.139,0
1518098400,90.138,90.157,90.013,90.127,0
1518102000,90.127,90.31,90.123,90.23,0
1518105600,90.232,90.384,90.209,90.351,0
1518109200,90.352,90.425,90.268,90.288,0
1518112800,90.29,90.32,90.176,90.191,0
1518116400,90.192,90.251,90.16,90.229,0
1518120000,90.228,90.341,90.219,90.337,0
1518123600,90.336,90.342,90.284,90.303,0
1518127200,90.303,90.316,90.273,90.286,0
1518130800,90.287,90.288,90.278,90.278,0
1518134400,90.248,90.285,90.248,90.265,0
1518138000,90.265,90.287,90.209,90.278,0
1518141600,90.276,90.344,90.254,90.26,0
1518145200,90.26,90.281,90.232,90.269,0
1518148800,90.269,90.291,90.25,90.281,0
1518152400,90.281,90.311,90.232,90.258,0
1518156000,90.258,90.292,90.188,90.192,0
1518159600,90.192,90.232,90.119,90.134,0
1518163200,90.135,90.3,90.135,90.221,0
1518166800,90.221,90.305,90.197,90.26,0
1518170400,90.261,90.349,90.229,90.322,0
1518174000,90.325,90.482,90.314,90.448,0
1518177600,90.447,90.502,90.382,90.396,0
1518181200,90.396,90.398,90.219,90.231,0
1518184800,90.232,90.406,90.232,90.352,0
1518188400,90.351,90.467,90.316,90.367,0
1518192000,90.369,90.476,90.369,90.458,0
1518195600,90.458,90.563,90.451,90.529,0
1518199200,90.531,90.551,90.38,90.417,0
1518202800,90.417,90.48,90.409,90.442,0
1518206400,90.443,90.448,90.372,90.433,0
1518210000,90.432,90.437,90.331,90.335,0
1518213600,90.335,90.356,90.314,90.324,0
1518386400,90.352,90.352,90.349,90.351,0
1518390000,90.351,90.396,90.343,90.346,0
1518393600,90.346,90.347,90.263,90.268,0
1518397200,90.268,90.279,90.172,90.218,0
1518400800,90.218,90.23,90.149,90.154,0
1518404400,90.154,90.188,90.124,90.129,0
1518408000,90.129,90.151,90.073,90.119,0
1518411600,90.118,90.17,90.113,90.141,0
1518415200,90.14,90.178,90.104,90.106,0
1518418800,90.106,90.224,90.075,90.224,0
1518422400,90.223,90.276,90.139,90.19,0
1518426000,90.19,90.25,90.144,90.25,0
1518429600,90.251,90.274,90.179,90.209,0
1518433200,90.209,90.239,90.159,90.214,0
1518436800,90.213,90.3,90.21,90.262,0
1518440400,90.262,90.432,90.229,90.387,0
1518444000,90.388,90.414,90.261,90.272,0
1518447600,90.27,90.349,90.216,90.231,0
1518451200,90.232,90.307,90.212,90.291,0
1518454800,90.291,90.326,90.24,90.247,0
1518458400,90.246,90.247,90.162,90.203,0
1518462000,90.202,90.228,90.182,90.208,0
1518465600,90.207,90.209,90.118,90.145,0
1518469200,90.145,90.16,90.123,90.131,0
1518472800,90.132,90.155,90.131,90.15,0
1518476400,90.15,90.15,90.108,90.108,0
1518480000,90.093,90.165,90.093,90.165,0
1518483600,90.165,90.177,90.106,90.121,0
1518487200,90.12,90.177,90.115,90.143,0
1518490800,90.144,90.159,90.106,90.118,0
1518494400,90.119,90.119,90.023,90.028,0
1518498000,90.028,90.053,89.964,89.973,0
1518501600,89.973,89.974,89.881,89.937,0
1518505200,89.938,89.976,89.81,89.897,0
1518508800,89.897,89.939,89.761,89.86,0
1518512400,89.859,89.871,89.779,89.868,0
1518516000,89.869,89.877,89.671,89.677,0
1518519600,89.677,89.741,89.665,89.738,0
1518523200,89.739,89.753,89.656,89.746,0
1518526800,89.747,89.846,89.731,89.754,0
1518530400,89.753,89.776,89.647,89.652,0
1518534000,89.651,89.72,89.616,89.672,0
1518537600,89.67,89.696,89.609,89.65,0
1518541200,89.649,89.733,89.625,89.728,0
1518544800,89.727,89.762,89.667,89.748,0
1518548400,89.748,89.764,89.701,89.703,0
1518552000,89.703,89.709,89.643,89.701,0
1518555600,89.701,89.737,89.687,89.717,0
1518559200,89.717,89.744,89.699,89.734,0
1518562800,89.733,89.743,89.733,89.734,0
1518570000,89.69,89.712,89.673,89.695,0
1518573600,89.695,89.695,89.487,89.487,0
1518577200,89.487,89.497,89.378,89.389,0
1518580800,89.388,89.512,89.378,89.502,0
1518584400,89.502,89.533,89.449,89.501,0
1518588000,89.5,89.557,89.482,89.522,0
1518591600,89.524,89.608,89.504,89.563,0
1518595200,89.563,89.612,89.491,89.59,0
1518598800,89.591,89.703,89.588,89.696,0
1518602400,89.695,89.716,89.651,89.657,0
1518606000,89.656,89.745,89.656,89.733,0
1518609600,89.732,89.742,89.666,89.706,0
1518613200,89.706,90.124,89.647,89.956,0
1518616800,89.954,89.968,89.795,89.887,0
1518620400,89.888,89.888,89.263,89.29,0
1518624000,89.291,89.375,89.231,89.361,0
1518627600,89.362,89.429,89.219,89.234,0
1518631200,89.234,89.24,89.057,89.173,0
1518634800,89.173,89.187,89.077,89.121,0
1518638400,89.12,89.133,88.952,88.952,0
1518642000,88.951,89.037,88.944,89.02,0
1518645600,89.02,89.021,88.962,88.995,0
1518649200,88.994,89.007,88.994,89.007,0
1518652800,88.957,89.004,88.953,88.969,0
1518656400,88.969,88.977,88.84,88.926,0
1518660000,88.926,88.956,88.851,88.91,0
1518663600,88.91,88.954,88.894,88.914,0
1518667200,88.914,88.935,88.843,88.93,0
1518670800,88.93,88.938,88.867,88.874,0
1518674400,88.875,88.893,88.815,88.859,0
1518678000,88.859,88.859,88.585,88.653,0
1518681600,88.655,88.746,88.643,88.704,0
1518685200,88.704,88.746,88.629,88.722,0
1518688800,88.722,88.792,88.706,88.769,0
1518692400,88.768,88.872,88.738,88.841,0
1518696000,88.841,88.881,88.744,88.802,0
1518699600,88.802,88.865,88.685,88.801,0
1518703200,88.802,88.834,88.656,88.657,0
1518706800,88.655,88.809,88.611,88.786,0
1518710400,88.786,88.839,88.705,88.769,0
1518714000,88.769,88.964,88.754,88.862,0
1518717600,88.862,88.866,88.693,88.699,0
1518721200,88.699,88.709,88.593,88.593,0
1518724800,88.594,88.613,88.544,88.573,0
1518728400,88.574,88.632,88.556,88.57,0
1518732000,88.571,88.612,88.57,88.605,0
1518735600,88.604,88.629,88.6,88.618,0
1518739200,88.567,88.59,88.565,88.586,0
1518742800,88.587,88.606,88.52,88.528,0
1518746400,88.528,88.565,88.378,88.393,0
1518750000,88.394,88.477,88.39,88.394,0
1518753600,88.394,88.419,88.253,88.293,0
1518757200,88.293,88.327,88.257,88.298,0
1518760800,88.298,88.377,88.289,88.355,0
1518764400,88.356,88.44,88.326,88.433,0
1518768000,88.434,88.434,88.344,88.369,0
1518771600,88.37,88.435,88.329,88.435,0
1518775200,88.435,88.67,88.425,88.662,0
1518778800,88.662,88.729,88.659,88.716,0
1518782400,88.715,88.854,88.708,88.791,0
1518786000,88.79,88.925,88.781,88.897,0
1518789600,88.897,89.04,88.896,88.95,0
1518793200,88.949,89.008,88.822,88.903,0
1518796800,88.901,88.924,88.81,88.923,0
1518800400,88.924,88.994,88.9,88.93,0
1518804000,88.93,89.128,88.927,89.128,0
1518807600,89.128,89.226,89.085,89.1,0
1518811200,89.101,89.173,89.097,89.155,0
1518814800,89.154,89.155,89.105,89.119,0
1518818400,89.118,89.141,89.058,89.076,0
1519084800,89.24,89.245,89.217,89.244,0
1519088400,89.244,89.366,89.243,89.311,0
1519092000,89.311,89.375,89.29,89.366,0
1519095600,89.365,89.402,89.345,89.367,0
1519099200,89.367,89.384,89.317,89.35,0
1519102800,89.35,89.395,89.307,89.371,0
1519106400,89.371,89.44,89.37,89.421,0
1519110000,89.421,89.551,89.347,89.533,0
1519113600,89.533,89.635,89.478,89.57,0
1519117200,89.571,89.632,89.527,89.615,0
1519120800,89.615,89.674,89.578,89.631,0
1519124400,89.632,89.681,89.578,89.589,0
1519128000,89.59,89.658,89.561,89.61,0
1519131600,89.61,89.802,89.607,89.774,0
1519135200,89.774,89.781,89.542,89.636,0
1519138800,89.636,89.664,89.593,89.645,0
1519142400,89.644,89.74,89.606,89.609,0
1519146000,89.61,89.664,89.568,89.656,0
1519149600,89.657,89.755,89.649,89.698,0
1519153200,89.698,89.731,89.671,89.716,0
1519156800,89.717,89.74,89.692,89.717,0
1519160400,89.717,89.724,89.706,89.717,0
1519164000,89.717,89.725,89.694,89.723,0
1519167600,89.724,89.728,89.719,89.728,0
1519171200,89.713,89.754,89.706,89.753,0
1519174800,89.753,89.79,89.724,89.754,0
1519178400,89.753,89.801,89.706,89.8,0
1519182000,89.799,89.857,89.778,89.818,0
1519185600,89.818,89.884,89.787,89.868,0
1519189200,89.867,89.904,89.843,89.863,0
1519192800,89.865,89.871,89.771,89.771,0
1519196400,89.771,89.923,89.747,89.89,0
1519200000,89.89,89.937,89.825,89.866,0
1519203600,89.864,89.904,89.766,89.77,0
1519207200,89.771,89.897,89.77,89.805,0
1519210800,89.805,89.906,89.804,89.898,0
1519214400,89.898,89.987,89.839,89.963,0
1519218000,89.963,89.998,89.883,89.887,0
1519221600,89.886,89.891,89.763,89.85,0
1519225200,89.85,89.903,89.761,89.856,0
1519228800,89.856,89.976,89.82,89.913,0
1519232400,89.913,89.926,89.824,89.828,0
1519236000,89.828,89.889,89.821,89.846,0
1519239600,89.846,90.003,89.588,90,0
1519243200,89.998,90.134,89.996,90.058,0
1519246800,90.058,90.114,89.999,90.109,0
1519250400,90.11,90.155,90.091,90.151,0
1519254000,90.149,90.15,90.122,90.124,0
1519257600,90.159,90.166,90.126,90.132,0
1519261200,90.131,90.146,90.034,90.072,0
1519264800,90.071,90.099,90.052,90.084,0
1519268400,90.084,90.116,90.077,90.093,0
1519272000,90.092,90.13,90.076,90.126,0
1519275600,90.126,90.13,90.081,90.122,0
1519279200,90.122,90.222,90.083,90.197,0
1519282800,90.196,90.235,90.12,90.157,0
1519286400,90.157,90.202,90.044,90.063,0
1519290000,90.066,90.116,90.008,90.022,0
1519293600,90.024,90.068,89.996,90.047,0
1519297200,90.048,90.117,90.03,90.061,0
1519300800,90.061,90.119,89.954,90.118,0
1519304400,90.118,90.145,89.892,89.893,0
1519308000,89.893,89.94,89.736,89.799,0
1519311600,89.799,89.843,89.635,89.82,0
1519315200,89.819,89.878,89.782,89.813,0
1519318800,89.814,89.819,89.674,89.721,0
1519322400,89.722,89.813,89.711,89.788,0
1519326000,89.788,89.79,89.706,89.736,0
1519329600,89.736,89.807,89.715,89.772,0
1519333200,89.772,89.791,89.74,89.744,0
1519336800,89.744,89.765,89.729,89.743,0
1519340400,89.743,89.744,89.71,89.716,0
1519344000,89.778,89.823,89.778,89.783,0
1519347600,89.782,89.847,89.757,89.783,0
1519351200,89.783,89.866,89.772,89.846,0
1519354800,89.846,89.911,89.829,89.886,0
1519358400,89.887,89.95,89.87,89.928,0
1519362000,89.927,89.963,89.902,89.919,0
1519365600,89.919,89.999,89.884,89.979,0
1519369200,89.979,90.059,89.954,89.959,0
1519372800,89.958,89.983,89.792,89.799,0
1519376400,89.8,89.887,89.798,89.873,0
1519380000,89.876,89.907,89.81,89.898,0
1519383600,89.899,90.004,89.854,89.855,0
1519387200,89.855,89.879,89.799,89.879,0
1519390800,89.879,89.936,89.825,89.878,0
1519394400,89.879,89.975,89.82,89.871,0
1519398000,89.871,89.904,89.779,89.86,0
1519401600,89.86,89.95,89.819,89.841,0
1519405200,89.842,89.861,89.792,89.802,0
1519408800,89.803,89.905,89.802,89.885,0
1519412400,89.885,89.922,89.874,89.883,0
1519416000,89.884,89.916,89.828,89.911,0
1519419600,89.912,89.946,89.872,89.888,0
1519423200,89.888,89.903,89.881,89.884,0
1519596000,89.962,89.963,89.957,89.957,0
1519599600,89.955,89.996,89.904,89.957,0
1519603200,89.957,89.992,89.909,89.923,0
1519606800,89.924,89.924,89.798,89.846,0
1519610400,89.846,89.847,89.694,89.721,0
1519614000,89.721,89.766,89.711,89.753,0
1519617600,89.753,89.779,89.731,89.747,0
1519621200,89.747,89.765,89.648,89.648,0
1519624800,89.646,89.661,89.595,89.624,0
1519628400,89.625,89.707,89.578,89.676,0
1519632000,89.676,89.703,89.61,89.678,0
1519635600,89.678,89.681,89.514,89.549,0
1519639200,89.553,89.596,89.503,89.549,0
1519642800,89.548,89.641,89.529,89.624,0
1519646400,89.624,89.723,89.624,89.722,0
1519650000,89.723,89.848,89.701,89.845,0
1519653600,89.848,89.938,89.824,89.9,0
1519657200,89.9,90.05,89.877,89.999,0
1519660800,89.997,90.013,89.82,89.955,0
1519664400,89.955,89.987,89.879,89.881,0
1519668000,89.883,89.925,89.858,89.866,0
1519671600,89.866,89.892,89.839,89.853,0
1519675200,89.853,89.883,89.836,89.846,0
1519678800,89.846,89.851,89.807,89.833,0
1519682400,89.833,89.86,89.823,89.859,0
1519686000,89.86,89.877,89.859,89.875,0
1519689600,89.804,89.804,89.719,89.749,0
1519693200,89.749,89.785,89.718,89.746,0
1519696800,89.746,89.757,89.708,89.741,0
1519700400,89.741,89.831,89.735,89.815,0
1519704000,89.815,89.831,89.789,89.811,0
1519707600,89.811,89.814,89.77,89.785,0
1519711200,89.784,89.828,89.736,89.777,0
1519714800,89.777,89.807,89.693,89.73,0
1519718400,89.73,89.811,89.699,89.778,0
1519722000,89.776,89.819,89.748,89.807,0
1519725600,89.807,89.854,89.773,89.808,0
1519729200,89.808,89.889,89.794,89.874,0
1519732800,89.874,89.894,89.862,89.891,0
1519736400,89.892,90.084,89.892,90.071,0
1519740000,90.069,90.167,90.008,90.158,0
1519743600,90.159,90.498,90.136,90.387,0
1519747200,90.386,90.418,90.312,90.35,0
1519750800,90.35,90.441,90.252,90.277,0
1519754400,90.277,90.306,90.224,90.286,0
1519758000,90.286,90.361,90.274,90.355,0
1519761600,90.355,90.397,90.324,90.395,0
1519765200,90.396,90.423,90.371,90.375,0
1519768800,90.375,90.393,90.364,90.365,0
1519772400,90.365,90.371,90.364,90.364,0
1519776000,90.414,90.424,90.376,90.386,0
1519779600,90.386,90.403,90.321,90.37,0
1519783200,90.37,90.464,90.355,90.463,0
1519786800,90.463,90.472,90.38,90.414,0
1519790400,90.415,90.434,90.395,90.407,0
1519794000,90.407,90.424,90.376,90.377,0
1519797600,90.377,90.432,90.309,90.329,0
1519801200,90.328,90.411,90.308,90.403,0
1519804800,90.402,90.548,90.401,90.471,0
1519808400,90.472,90.549,90.411,90.426,0
1519812000,90.427,90.483,90.388,90.451,0
1519815600,90.45,90.515,90.431,90.498,0
1519819200,90.497,90.53,90.451,90.494,0
1519822800,90.493,90.599,90.475,90.506,0
1519826400,90.507,90.602,90.443,90.6,0
1519830000,90.598,90.698,90.559,90.637,0
1519833600,90.637,90.648,90.479,90.532,0
1519837200,90.532,90.589,90.47,90.563,0
1519840800,90.564,90.628,90.559,90.57,0
1519844400,90.57,90.631,90.547,90.612,0
1519848000,90.612,90.664,90.61,90.638,0
1519851600,90.638,90.678,90.624,90.67,0
1519855200,90.67,90.691,90.642,90.673,0
1519858800,90.674,90.675,90.654,90.655,0
1519862400,90.667,90.744,90.667,90.711,0
1519866000,90.711,90.741,90.69,90.692,0
1519869600,90.693,90.73,90.685,90.717,0
1519873200,90.717,90.72,90.662,90.676,0
1519876800,90.676,90.718,90.667,90.704,0
1519880400,90.703,90.715,90.684,90.705,0
1519884000,90.705,90.728,90.616,90.621,0
1519887600,90.621,90.66,90.596,90.66,0
1519891200,90.66,90.711,90.631,90.654,0
1519894800,90.654,90.776,90.654,90.771,0
1519898400,90.77,90.784,90.697,90.736,0
1519902000,90.735,90.781,90.71,90.732,0
1519905600,90.731,90.857,90.716,90.838,0
1519909200,90.838,90.868,90.732,90.733,0
1519912800,90.733,90.856,90.718,90.821,0
1519916400,90.821,90.932,90.668,90.836,0
1519920000,90.838,90.871,90.574,90.604,0
1519923600,90.604,90.686,90.583,90.656,0
1519927200,90.655,90.78,90.622,90.708,0
1519930800,90.708,90.711,90.302,90.324,0
1519934400,90.323,90.348,90.218,90.274,0
1519938000,90.277,90.302,90.232,90.268,0
1519941600,90.268,90.288,90.207,90.211,0
1519945200,90.211,90.244,90.211,90.243,0
1519948800,90.246,90.249,90.214,90.231,0
1519952400,90.231,90.261,90.164,90.19,0
1519956000,90.191,90.222,90.182,90.212,0
1519959600,90.212,90.221,90.165,90.172,0
1519963200,90.171,90.191,90.128,90.187,0
1519966800,90.187,90.21,90.114,90.134,0
1519970400,90.135,90.245,90.135,90.241,0
1519974000,90.24,90.293,90.21,90.22,0
1519977600,90.22,90.285,90.147,90.164,0
1519981200,90.164,90.257,90.142,90.179,0
1519984800,90.185,90.194,90.062,90.082,0
1519988400,90.081,90.087,89.89,89.995,0
1519992000,89.995,89.999,89.886,89.992,0
1519995600,89.991,90.068,89.932,89.983,0
1519999200,89.984,90.078,89.963,89.993,0
1520002800,89.993,90.045,89.879,90.039,0
1520006400,90.041,90.069,89.963,90.026,0
1520010000,90.027,90.092,89.991,90.047,0
1520013600,90.045,90.045,89.976,89.987,0
1520017200,89.986,89.995,89.929,89.935,0
1520020800,89.935,89.983,89.913,89.936,0
1520024400,89.938,89.992,89.938,89.992,0
1520028000,89.993,90.007,89.973,89.977,0
1520204400,89.834,90.074,89.833,89.98,0
1520208000,89.98,89.988,89.881,89.896,0
1520211600,89.896,89.92,89.865,89.914,0
1520215200,89.914,89.984,89.914,89.963,0
1520218800,89.963,89.993,89.923,89.942,0
1520222400,89.943,89.986,89.941,89.967,0
1520226000,89.966,90.021,89.941,89.985,0
1520229600,89.985,90.137,89.981,90.119,0
1520233200,90.119,90.216,90.076,90.147,0
1520236800,90.146,90.152,89.898,89.936,0
1520240400,89.937,90.002,89.898,89.946,0
1520244000,89.946,90.016,89.896,89.985,0
1520247600,89.985,90.076,89.971,90.064,0
1520251200,90.065,90.172,90.042,90.103,0
1520254800,90.104,90.123,90.032,90.079,0
1520258400,90.08,90.137,90.029,90.031,0
1520262000,90.03,90.097,89.989,89.994,0
1520265600,89.993,90.029,89.879,90.004,0
1520269200,90.004,90.049,89.944,90.012,0
1520272800,90.01,90.078,90.002,90.064,0
1520276400,90.063,90.095,90.028,90.08,0
1520280000,90.079,90.091,89.998,89.998,0
1520283600,89.999,90.029,89.992,89.997,0
1520287200,89.996,90.022,89.984,90.016,0
1520290800,90.016,90.017,90,90,0
1520294400,89.962,89.969,89.943,89.945,0
1520298000,89.946,89.948,89.88,89.917,0
1520301600,89.918,89.976,89.903,89.964,0
1520305200,89.963,89.981,89.937,89.961,0
1520308800,89.961,89.977,89.95,89.97,0
1520312400,89.97,89.985,89.933,89.946,0
1520316000,89.946,90.036,89.908,90.013,0
1520319600,90.012,90.061,89.953,90.051,0
1520323200,90.05,90.061,89.962,90.012,0
1520326800,90.011,90.012,89.929,89.929,0
1520330400,89.929,89.987,89.899,89.93,0
1520334000,89.93,89.953,89.667,89.676,0
1520337600,89.677,89.718,89.566,89.581,0
1520341200,89.58,89.644,89.528,89.562,0
1520344800,89.562,89.682,89.544,89.632,0
1520348400,89.633,89.647,89.569,89.636,0
1520352000,89.636,89.636,89.501,89.537,0
1520355600,89.539,89.704,89.532,89.672,0
1520359200,89.673,89.68,89.575,89.588,0
1520362800,89.589,89.635,89.556,89.618,0
1520366400,89.618,89.642,89.598,89.616,0
1520370000,89.615,89.617,89.576,89.594,0
1520373600,89.594,89.596,89.475,89.479,0
1520377200,89.479,89.483,89.425,89.43,0
1520380800,89.508,89.532,89.494,89.512,0
1520384400,89.512,89.557,89.494,89.535,0
1520388000,89.534,89.548,89.5,89.511,0
1520391600,89.51,89.535,89.482,89.501,0
1520395200,89.501,89.526,89.482,89.521,0
1520398800,89.521,89.522,89.478,89.509,0
1520402400,89.51,89.514,89.408,89.452,0
1520406000,89.453,89.588,89.453,89.581,0
1520409600,89.581,89.601,89.528,89.581,0
1520413200,89.581,89.604,89.487,89.506,0
1520416800,89.506,89.516,89.407,89.442,0
1520420400,89.442,89.598,89.437,89.597,0
1520424000,89.598,89.654,89.548,89.548,0
1520427600,89.548,89.651,89.524,89.563,0
1520431200,89.561,89.614,89.525,89.594,0
1520434800,89.593,89.741,89.551,89.653,0
1520438400,89.654,89.779,89.65,89.713,0
1520442000,89.713,89.73,89.658,89.682,0
1520445600,89.682,89.703,89.603,89.638,0
1520449200,89.638,89.681,89.584,89.638,0
1520452800,89.637,89.655,89.57,89.572,0
1520456400,89.572,89.594,89.56,89.594,0
1520460000,89.594,89.601,89.575,89.599,0
1520463600,89.599,89.602,89.591,89.593,0
1520467200,89.592,89.617,89.573,89.612,0
1520470800,89.612,89.677,89.6,89.633,0
1520474400,89.633,89.637,89.585,89.618,0
1520478000,89.617,89.649,89.585,89.585,0
1520481600,89.587,89.603,89.57,89.591,0
1520485200,89.591,89.603,89.565,89.597,0
1520488800,89.597,89.647,89.569,89.641,0
1520492400,89.641,89.655,89.545,89.562,0
1520496000,89.562,89.71,89.548,89.699,0
1520499600,89.699,89.786,89.696,89.764,0
1520503200,89.765,89.792,89.723,89.774,0
1520506800,89.775,89.859,89.774,89.804,0
1520510400,89.803,89.823,89.533,89.644,0
1520514000,89.643,89.744,89.442,89.654,0
1520517600,89.654,89.913,89.651,89.913,0
1520521200,89.911,90.069,89.898,90.059,0
1520524800,90.057,90.171,90.009,90.119,0
1520528400,90.118,90.149,90.08,90.114,0
1520532000,90.115,90.183,90.112,90.142,0
1520535600,90.141,90.232,90.108,90.179,0
1520539200,90.18,90.186,90.117,90.124,0
1520542800,90.125,90.144,90.115,90.127,0
1520546400,90.127,90.135,90.09,90.122,0
1520550000,90.122,90.128,90.115,90.119,0
1520553600,90.2,90.205,90.148,90.201,0
1520557200,90.202,90.31,90.202,90.286,0
1520560800,90.286,90.295,90.189,90.194,0
1520564400,90.194,90.217,90.182,90.208,0
1520568000,90.207,90.215,90.171,90.181,0
1520571600,90.18,90.191,90.159,90.166,0
1520575200,90.166,90.182,90.135,90.148,0
1520578800,90.148,90.194,90.136,90.139,0
1520582400,90.139,90.259,90.126,90.187,0
1520586000,90.186,90.228,90.129,90.214,0
1520589600,90.214,90.246,90.178,90.243,0
1520593200,90.244,90.275,90.195,90.232,0
1520596800,90.232,90.26,90.21,90.245,0
1520600400,90.245,90.357,90.121,90.22,0
1520604000,90.223,90.236,90.12,90.124,0
1520607600,90.125,90.161,89.998,90.089,0
1520611200,90.09,90.107,90.004,90.024,0
1520614800,90.024,90.098,90.002,90.09,0
1520618400,90.09,90.129,90.066,90.122,0
1520622000,90.122,90.131,90.074,90.093,0
1520625600,90.093,90.159,90.072,90.128,0
1520629200,90.128,90.139,90.109,90.126,0
1520632800,90.126,90.188,90.102,90.102,0
1520636400,90.103,90.103,90.103,90.103,0
1520805600,90.105,90.13,90.091,90.121,0
1520809200,90.121,90.14,90.101,90.122,0
1520812800,90.122,90.136,90.097,90.112,0
1520816400,90.112,90.137,90.025,90.033,0
1520820000,90.033,90.047,90.007,90.014,0
1520823600,90.014,90.031,90.01,90.012,0
1520827200,90.012,90.024,89.972,89.975,0
1520830800,89.975,90.038,89.973,90.033,0
1520834400,90.032,90.056,90.012,90.013,0
1520838000,90.013,90.05,89.915,89.942,0
1520841600,89.941,90.008,89.935,89.946,0
1520845200,89.946,90.071,89.945,90.071,0
1520848800,90.071,90.102,90.05,90.071,0
1520852400,90.072,90.187,90.072,90.18,0
1520856000,90.181,90.185,90.095,90.099,0
1520859600,90.099,90.125,90.045,90.049,0
1520863200,90.05,90.078,89.981,89.984,0
1520866800,89.983,90.022,89.964,90.016,0
1520870400,90.016,90.067,89.985,90.016,0
1520874000,90.016,90.04,89.923,89.962,0
1520877600,89.962,89.966,89.84,89.895,0
1520881200,89.895,89.928,89.872,89.886,0
1520884800,89.886,89.924,89.878,89.921,0
1520888400,89.921,89.928,89.898,89.927,0
1520892000,89.927,89.929,89.918,89.929,0
1520895600,89.914,89.914,89.882,89.889,0
1520899200,89.889,89.909,89.854,89.881,0
1520902800,89.881,89.909,89.872,89.893,0
1520906400,89.893,89.931,89.88,89.927,0
1520910000,89.927,89.963,89.923,89.953,0
1520913600,89.953,90.022,89.952,90.015,0
1520917200,90.015,90.034,89.995,90.01,0
1520920800,90.01,90.041,89.97,90.024,0
1520924400,90.025,90.088,89.987,90.083,0
1520928000,90.082,90.112,90.002,90.004,0
1520931600,90.004,90.087,89.985,90.06,0
1520935200,90.06,90.069,89.953,90.044,0
1520938800,90.042,90.071,89.997,90.027,0
1520942400,90.027,90.041,89.684,89.798,0
1520946000,89.799,89.827,89.687,89.766,0
1520949600,89.766,89.972,89.695,89.782,0
1520953200,89.782,89.81,89.632,89.646,0
1520956800,89.646,89.704,89.591,89.619,0
1520960400,89.62,89.705,89.599,89.694,0
1520964000,89.694,89.701,89.654,89.664,0
1520967600,89.665,89.749,89.659,89.746,0
1520971200,89.746,89.75,89.7,89.722,0
1520974800,89.723,89.723,89.67,89.683,0
1520978400,89.684,89.693,89.679,89.684,0
1520982000,89.698,89.698,89.688,89.689,0
1520985600,89.689,89.73,89.68,89.694,0
1520989200,89.695,89.702,89.602,89.618,0
1520992800,89.617,89.634,89.565,89.576,0
1520996400,89.576,89.639,89.575,89.611,0
1521000000,89.61,89.624,89.596,89.601,0
1521003600,89.601,89.617,89.561,89.614,0
1521007200,89.614,89.681,89.611,89.65,0
1521010800,89.65,89.73,89.65,89.72,0
1521014400,89.72,89.851,89.66,89.776,0
1521018000,89.776,89.843,89.73,89.82,0
1521021600,89.82,89.832,89.759,89.764,0
1521025200,89.764,89.809,89.71,89.72,0
1521028800,89.719,89.814,89.626,89.812,0
1521032400,89.815,89.864,89.742,89.833,0
1521036000,89.834,89.884,89.778,89.797,0
1521039600,89.796,89.891,89.774,89.8,0
1521043200,89.799,89.807,89.692,89.749,0
1521046800,89.749,89.758,89.684,89.706,0
1521050400,89.706,89.735,89.694,89.704,0
1521054000,89.703,89.742,89.702,89.739,0
1521057600,89.739,89.775,89.722,89.768,0
1521061200,89.768,89.778,89.753,89.767,0
1521064800,89.767,89.785,89.762,89.784,0
1521068400,89.753,89.753,89.7,89.712,0
1521072000,89.712,89.721,89.637,89.638,0
1521075600,89.637,89.685,89.631,89.677,0
1521079200,89.677,89.68,89.64,89.666,0
1521082800,89.666,89.688,89.641,89.662,0
1521086400,89.662,89.672,89.633,89.642,0
1521090000,89.642,89.7,89.62,89.679,0
1521093600,89.679,89.745,89.668,89.739,0
1521097200,89.739,89.761,89.701,89.723,0
1521100800,89.723,89.762,89.694,89.743,0
1521104400,89.743,89.814,89.723,89.764,0
1521108000,89.764,89.798,89.724,89.76,0
1521111600,89.761,89.856,89.752,89.844,0
1521115200,89.844,89.907,89.794,89.897,0
1521118800,89.898,89.989,89.84,89.919,0
1521122400,89.919,89.971,89.848,89.867,0
1521126000,89.868,90.031,89.86,90.031,0
1521129600,90.031,90.094,90.004,90.061,0
1521133200,90.062,90.075,89.922,89.923,0
1521136800,89.923,90.141,89.923,90.139,0
1521140400,90.138,90.147,90.112,90.143,0
1521144000,90.142,90.166,90.124,90.135,0
1521147600,90.135,90.139,90.116,90.132,0
1521151200,90.132,90.137,90.124,90.125,0
1521154800,90.138,90.138,90.125,90.128,0
1521158400,90.128,90.146,90.115,90.138,0
1521162000,90.137,90.172,90.124,90.13,0
1521165600,90.129,90.133,90.079,90.097,0
1521169200,90.097,90.104,90.056,90.079,0
1521172800,90.079,90.081,90.045,90.072,0
1521176400,90.07,90.088,90.045,90.054,0
1521180000,90.054,90.064,89.993,90.02,0
1521183600,90.02,90.049,89.967,90.006,0
1521187200,90.006,90.077,89.983,89.991,0
1521190800,89.991,89.991,89.891,89.957,0
1521194400,89.96,89.992,89.927,89.959,0
1521198000,89.959,90.003,89.935,89.951,0
1521201600,89.952,90.049,89.94,90.047,0
1521205200,90.048,90.242,90.048,90.219,0
1521208800,90.219,90.374,90.187,90.37,0
1521212400,90.371,90.378,90.263,90.266,0
1521216000,90.266,90.274,90.182,90.198,0
1521219600,90.198,90.273,90.198,90.206,0
1521223200,90.205,90.234,90.175,90.233,0
1521226800,90.232,90.237,90.195,90.209,0
1521230400,90.209,90.228,90.184,90.19,0
1521234000,90.192,90.206,90.159,90.186,0
1521410400,90.202,90.212,90.169,90.21,0
1521414000,90.21,90.233,90.197,90.227,0
1521417600,90.227,90.284,90.227,90.276,0
1521421200,90.277,90.308,90.264,90.286,0
1521424800,90.287,90.307,90.264,90.276,0
1521428400,90.276,90.29,90.264,90.274,0
1521432000,90.274,90.317,90.272,90.304,0
1521435600,90.304,90.345,90.297,90.329,0
1521439200,90.33,90.334,90.297,90.3,0
1521442800,90.3,90.315,90.257,90.312,0
1521446400,90.314,90.344,90.245,90.25,0
1521450000,90.249,90.29,90.185,90.213,0
1521453600,90.213,90.215,90.07,90.135,0
1521457200,90.136,90.229,90.125,90.151,0
1521460800,90.151,90.151,89.925,90.062,0
1521464400,90.061,90.069,89.97,89.993,0
1521468000,89.992,90.058,89.951,89.965,0
1521471600,89.965,90.016,89.889,89.925,0
1521475200,89.926,89.969,89.883,89.9,0
1521478800,89.9,89.9,89.796,89.81,0
1521482400,89.808,89.86,89.765,89.765,0
1521486000,89.764,89.89,89.764,89.886,0
1521489600,89.886,89.924,89.869,89.921,0
1521493200,89.922,89.924,89.897,89.921,0
1521496800,89.921,89.929,89.918,89.927,0
1521500400,89.877,89.907,89.872,89.906,0
1521504000,89.907,89.927,89.863,89.879,0
1521507600,89.879,89.889,89.846,89.871,0
1521511200,89.87,89.888,89.853,89.878,0
1521514800,89.878,89.901,89.872,89.888,0
1521518400,89.888,89.945,89.879,89.936,0
1521522000,89.936,89.958,89.928,89.941,0
1521525600,89.941,89.946,89.864,89.874,0
1521529200,89.873,89.94,89.852,89.877,0
1521532800,89.877,89.932,89.87,89.875,0
1521536400,89.874,90.037,89.863,90.029,0
1521540000,90.03,90.088,90.03,90.063,0
1521543600,90.063,90.158,90.059,90.158,0
1521547200,90.159,90.249,90.158,90.222,0
1521550800,90.222,90.322,90.207,90.289,0
1521554400,90.288,90.323,90.245,90.269,0
1521558000,90.269,90.277,90.178,90.277,0
1521561600,90.277,90.397,90.228,90.366,0
1521565200,90.365,90.368,90.302,90.313,0
1521568800,90.312,90.382,90.302,90.371,0
1521572400,90.37,90.413,90.349,90.41,0
1521576000,90.409,90.445,90.399,90.429,0
1521579600,90.428,90.431,90.405,90.414,0
1521583200,90.412,90.427,90.41,90.415,0
1521586800,90.408,90.408,90.381,90.385,0
1521590400,90.384,90.396,90.323,90.327,0
1521594000,90.327,90.356,90.292,90.308,0
1521597600,90.306,90.334,90.287,90.31,0
1521601200,90.311,90.313,90.251,90.272,0
1521604800,90.272,90.279,90.257,90.275,0
1521608400,90.275,90.285,90.249,90.274,0
1521612000,90.274,90.286,90.218,90.233,0
1521615600,90.233,90.248,90.167,90.185,0
1521619200,90.184,90.206,90.111,90.183,0
1521622800,90.183,90.228,90.143,90.181,0
1521626400,90.18,90.18,90.111,90.139,0
1521630000,90.14,90.216,90.123,90.169,0
1521633600,90.168,90.181,90.096,90.096,0
1521637200,90.096,90.109,90.011,90.055,0
1521640800,90.055,90.119,90.044,90.055,0
1521644400,90.056,90.167,90.015,90.163,0
1521648000,90.162,90.218,90.159,90.183,0
1521651600,90.184,90.201,90.072,90.079,0
1521655200,90.074,90.26,89.777,89.783,0
1521658800,89.784,89.799,89.644,89.65,0
1521662400,89.65,89.707,89.634,89.706,0
1521666000,89.707,89.712,89.677,89.711,0
1521669600,89.71,89.71,89.698,89.7,0
1521673200,89.651,89.658,89.638,89.653,0
1521676800,89.653,89.664,89.481,89.487,0
1521680400,89.487,89.534,89.487,89.521,0
1521684000,89.522,89.556,89.509,89.551,0
1521687600,89.552,89.579,89.518,89.522,0
1521691200,89.522,89.555,89.516,89.554,0
1521694800,89.554,89.649,89.553,89.648,0
1521698400,89.649,89.667,89.591,89.609,0
1521702000,89.609,89.614,89.396,89.477,0
1521705600,89.477,89.582,89.475,89.524,0
1521709200,89.525,89.671,89.513,89.653,0
1521712800,89.654,89.763,89.646,89.71,0
1521716400,89.711,89.746,89.659,89.683,0
1521720000,89.683,89.769,89.626,89.753,0
1521723600,89.753,89.814,89.699,89.742,0
1521727200,89.741,89.858,89.734,89.815,0
1521730800,89.813,89.889,89.804,89.821,0
1521734400,89.823,89.96,89.795,89.846,0
1521738000,89.846,89.937,89.818,89.888,0
1521741600,89.887,89.899,89.813,89.857,0
1521745200,89.857,89.866,89.758,89.779,0
1521748800,89.777,89.872,89.776,89.862,0
1521752400,89.862,89.869,89.817,89.833,0
1521756000,89.829,89.83,89.813,89.815,0
1521759600,89.688,89.696,89.663,89.692,0
1521763200,89.693,89.725,89.6,89.604,0
1521766800,89.603,89.672,89.603,89.648,0
1521770400,89.648,89.663,89.575,89.631,0
1521774000,89.63,89.645,89.599,89.612,0
1521777600,89.61,89.632,89.602,89.614,0
1521781200,89.614,89.636,89.589,89.631,0
1521784800,89.632,89.632,89.546,89.566,0
1521788400,89.566,89.732,89.544,89.721,0
1521792000,89.722,89.728,89.615,89.636,0
1521795600,89.636,89.737,89.631,89.716,0
1521799200,89.716,89.723,89.682,89.696,0
1521802800,89.696,89.706,89.607,89.626,0
1521806400,89.625,89.628,89.531,89.609,0
1521810000,89.608,89.665,89.555,89.592,0
1521813600,89.591,89.592,89.482,89.579,0
1521817200,89.58,89.599,89.463,89.47,0
1521820800,89.471,89.524,89.443,89.463,0
1521824400,89.462,89.515,89.411,89.454,0
1521828000,89.455,89.492,89.397,89.436,0
1521831600,89.435,89.467,89.406,89.452,0
1521835200,89.45,89.517,89.441,89.513,0
1521838800,89.513,89.519,89.466,89.484,0
1522015200,89.47,89.471,89.423,89.425,0
1522018800,89.425,89.505,89.424,89.502,0
1522022400,89.502,89.516,89.414,89.428,0
1522026000,89.428,89.453,89.41,89.422,0
1522029600,89.422,89.439,89.388,89.394,0
1522033200,89.394,89.408,89.354,89.404,0
1522036800,89.404,89.407,89.385,89.399,0
1522040400,89.399,89.462,89.398,89.453,0
1522044000,89.454,89.483,89.432,89.465,0
1522047600,89.465,89.481,89.298,89.343,0
1522051200,89.343,89.387,89.255,89.28,0
1522054800,89.282,89.284,89.164,89.216,0
1522058400,89.217,89.262,89.183,89.248,0
1522062000,89.248,89.248,89.186,89.243,0
1522065600,89.241,89.309,89.212,89.309,0
1522069200,89.31,89.327,89.113,89.129,0
1522072800,89.131,89.153,89.055,89.092,0
1522076400,89.091,89.105,89.027,89.05,0
1522080000,89.051,89.076,89.031,89.073,0
1522083600,89.072,89.085,89.023,89.026,0
1522087200,89.026,89.028,88.979,89.027,0
1522090800,89.027,89.068,89.022,89.056,0
1522094400,89.056,89.069,89.047,89.065,0
1522098000,89.065,89.079,89.055,89.075,0
1522101600,89.075,89.077,89.073,89.074,0
1522105200,89.021,89.031,89.017,89.021,0
1522108800,89.021,89.093,89.021,89.071,0
1522112400,89.072,89.124,89.048,89.123,0
1522116000,89.124,89.128,89.078,89.094,0
1522119600,89.094,89.095,89.033,89.058,0
1522123200,89.058,89.072,89.034,89.068,0
1522126800,89.068,89.11,89.055,89.074,0
1522130400,89.074,89.084,88.942,88.992,0
1522134000,88.992,89.04,88.959,89.024,0
1522137600,89.024,89.246,89.024,89.228,0
1522141200,89.229,89.359,89.226,89.347,0
1522144800,89.346,89.394,89.314,89.383,0
1522148400,89.383,89.506,89.382,89.501,0
1522152000,89.501,89.633,89.473,89.475,0
1522155600,89.476,89.522,89.406,89.441,0
1522159200,89.44,89.458,89.347,89.45,0
1522162800,89.45,89.462,89.311,89.332,0
1522166400,89.332,89.349,89.295,89.314,0
1522170000,89.314,89.374,89.311,89.341,0
1522173600,89.34,89.38,89.326,89.372,0
1522177200,89.374,89.399,89.352,89.394,0
1522180800,89.393,89.393,89.338,89.345,0
1522184400,89.345,89.346,89.32,89.331,0
1522188000,89.331,89.336,89.321,89.329,0
1522191600,89.318,89.33,89.314,89.314,0
1522195200,89.314,89.329,89.274,89.299,0
1522198800,89.299,89.32,89.272,89.289,0
1522202400,89.289,89.316,89.255,89.272,0
1522206000,89.272,89.276,89.251,89.252,0
1522209600,89.253,89.33,89.252,89.321,0
1522213200,89.321,89.342,89.307,89.333,0
1522216800,89.334,89.477,89.334,89.415,0
1522220400,89.417,89.534,89.396,89.402,0
1522224000,89.402,89.441,89.372,89.441,0
1522227600,89.441,89.517,89.431,89.478,0
1522231200,89.477,89.523,89.453,89.515,0
1522234800,89.515,89.529,89.438,89.454,0
1522238400,89.453,89.623,89.436,89.587,0
1522242000,89.589,89.869,89.589,89.831,0
1522245600,89.831,89.853,89.761,89.761,0
1522249200,89.761,89.798,89.714,89.773,0
1522252800,89.772,89.852,89.762,89.815,0
1522256400,89.815,90.042,89.8,90.021,0
1522260000,90.02,90.126,90.013,90.058,0
1522263600,90.056,90.147,90.043,90.138,0
1522267200,90.138,90.141,90.073,90.086,0
1522270800,90.085,90.092,90.067,90.07,0
1522274400,90.07,90.087,90.07,90.079,0
1522278000,90.068,90.105,90.056,90.057,0
1522281600,90.057,90.126,90.05,90.08,0
1522285200,90.08,90.083,90.001,90.036,0
1522288800,90.036,90.039,89.97,89.992,0
1522292400,89.992,90.01,89.957,89.958,0
1522296000,89.958,89.967,89.93,89.936,0
1522299600,89.935,89.959,89.899,89.907,0
1522303200,89.907,90.102,89.907,90.081,0
1522306800,90.082,90.135,90.008,90.071,0
1522310400,90.073,90.126,90.026,90.098,0
1522314000,90.096,90.114,90.035,90.041,0
1522317600,90.04,90.118,89.976,89.99,0
1522321200,89.99,90.019,89.914,89.989,0
1522324800,89.989,90.077,89.93,90.012,0
1522328400,90.012,90.016,89.921,89.978,0
1522332000,89.978,90.11,89.941,90.097,0
1522335600,90.098,90.174,90.06,90.151,0
1522339200,90.151,90.16,90.068,90.151,0
1522342800,90.151,90.178,90.075,90.1,0
1522346400,90.1,90.111,90.043,90.062,0
1522350000,90.06,90.074,90.041,90.055,0
1522353600,90.055,90.096,90.055,90.092,0
1522357200,90.092,90.097,90.063,90.085,0
1522360800,90.084,90.094,90.084,90.094,0
1522616400,89.974,89.974,89.955,89.964,0
1522620000,89.964,90.015,89.964,89.985,0
1522623600,89.985,90.013,89.973,90.012,0
1522627200,90.012,90.033,89.955,89.959,0
1522630800,89.959,89.959,89.92,89.934,0
1522634400,89.934,89.969,89.922,89.948,0
1522638000,89.949,89.998,89.949,89.984,0
1522641600,89.983,90,89.979,89.99,0
1522645200,89.99,90.017,89.983,89.983,0
1522648800,89.983,90.015,89.953,89.953,0
1522652400,89.953,89.961,89.889,89.889,0
1522656000,89.889,89.909,89.884,89.897,0
1522659600,89.897,89.898,89.876,89.885,0
1522663200,89.885,89.921,89.885,89.914,0
1522666800,89.914,89.914,89.834,89.834,0
1522670400,89.835,89.893,89.822,89.889,0
1522674000,89.89,89.988,89.881,89.961,0
1522677600,89.961,90.017,89.882,90.009,0
1522681200,90.006,90.154,90.006,90.118,0
1522684800,90.119,90.135,90.092,90.094,0
1522688400,90.094,90.126,90.01,90.01,0
1522692000,90.01,90.061,90.002,90.052,0
1522695600,90.051,90.069,90.007,90.01,0
1522699200,90.009,90.044,90.009,90.036,0
1522702800,90.035,90.041,90.019,90.022,0
1522706400,90.022,90.033,90.022,90.023,0
1522710000,90.024,90.072,90.024,90.068,0
1522713600,90.068,90.072,89.997,90.011,0
1522717200,90.011,90.054,89.987,90.011,0
1522720800,90.01,90.016,89.975,89.988,0
1522724400,89.988,90.004,89.968,90.004,0
1522728000,90.003,90.009,89.974,89.975,0
1522731600,89.975,90.012,89.97,89.983,0
1522735200,89.984,90.001,89.868,89.888,0
1522738800,89.888,89.919,89.849,89.901,0
1522742400,89.901,89.946,89.868,89.93,0
1522746000,89.93,89.994,89.911,89.984,0
1522749600,89.988,90.123,89.946,90.121,0
1522753200,90.12,90.124,90.021,90.041,0
1522756800,90.041,90.058,89.933,90.035,0
1522760400,90.035,90.275,90.019,90.247,0
1522764000,90.248,90.27,90.162,90.17,0
1522767600,90.169,90.201,90.124,90.194,0
1522771200,90.195,90.22,90.149,90.178,0
1522774800,90.179,90.214,90.148,90.213,0
1522778400,90.213,90.232,90.184,90.2,0
1522782000,90.199,90.233,90.17,90.228,0
1522785600,90.228,90.228,90.178,90.184,0
1522789200,90.185,90.213,90.179,90.18,0
1522792800,90.18,90.188,90.177,90.177,0
1522796400,90.163,90.163,90.121,90.121,0
1522800000,90.121,90.162,90.102,90.11,0
1522803600,90.11,90.143,90.1,90.11,0
1522807200,90.111,90.112,90.048,90.081,0
1522810800,90.081,90.12,90.061,90.069,0
1522814400,90.069,90.1,90.062,90.1,0
1522818000,90.101,90.144,90.081,90.106,0
1522821600,90.106,90.206,90.106,90.199,0
1522825200,90.199,90.228,90.013,90.013,0
1522828800,90.012,90.053,89.917,90.032,0
1522832400,90.031,90.128,90.01,90.126,0
1522836000,90.127,90.143,90.076,90.101,0
1522839600,90.101,90.123,90.059,90.091,0
1522843200,90.092,90.194,90.021,90.042,0
1522846800,90.041,90.093,90.024,90.043,0
1522850400,90.042,90.091,89.961,90.058,0
1522854000,90.058,90.09,90.034,90.085,0
1522857600,90.085,90.103,90.043,90.063,0
1522861200,90.063,90.124,90.061,90.118,0
1522864800,90.117,90.177,90.11,90.142,0
1522868400,90.144,90.16,90.115,90.117,0
1522872000,90.118,90.154,90.118,90.139,0
1522875600,90.138,90.14,90.112,90.117,0
1522879200,90.117,90.126,90.116,90.12,0
1522882800,90.088,90.093,90.082,90.082,0
1522886400,90.082,90.105,90.071,90.091,0
1522890000,90.092,90.163,90.078,90.147,0
1522893600,90.146,90.167,90.135,90.155,0
1522897200,90.155,90.168,90.104,90.121,0
1522900800,90.121,90.184,90.117,90.174,0
1522904400,90.175,90.206,90.155,90.192,0
1522908000,90.192,90.277,90.181,90.257,0
1522911600,90.258,90.335,90.212,90.282,0
1522915200,90.283,90.305,90.238,90.266,0
1522918800,90.265,90.272,90.147,90.189,0
1522922400,90.19,90.23,90.164,90.165,0
1522926000,90.165,90.337,90.155,90.327,0
1522929600,90.325,90.454,90.296,90.379,0
1522933200,90.38,90.404,90.26,90.331,0
1522936800,90.332,90.563,90.327,90.529,0
1522940400,90.528,90.594,90.504,90.527,0
1522944000,90.528,90.528,90.438,90.483,0
1522947600,90.483,90.539,90.468,90.471,0
1522951200,90.471,90.491,90.446,90.46,0
1522954800,90.461,90.488,90.454,90.478,0
1522958400,90.477,90.48,90.426,90.437,0
1522962000,90.437,90.45,90.432,90.444,0
1522965600,90.444,90.449,90.441,90.449,0
1522969200,90.375,90.386,90.344,90.377,0
1522972800,90.377,90.388,90.352,90.375,0
1522976400,90.375,90.381,90.304,90.318,0
1522980000,90.319,90.349,90.311,90.343,0
1522983600,90.343,90.426,90.34,90.421,0
1522987200,90.421,90.487,90.421,90.456,0
1522990800,90.456,90.475,90.434,90.459,0
1522994400,90.459,90.524,90.457,90.493,0
1522998000,90.493,90.597,90.491,90.521,0
1523001600,90.521,90.547,90.465,90.474,0
1523005200,90.473,90.474,90.403,90.42,0
1523008800,90.42,90.446,90.4,90.446,0
1523012400,90.446,90.487,90.426,90.486,0
