time,open,high,low,close,volume
1311699600,73.604,73.621,73.487,73.491,0
1311703200,73.495,73.509,73.446,73.474,0
1311706800,73.476,73.527,73.466,73.499,0
1311710400,73.496,73.536,73.494,73.523,0
1311714000,73.526,73.533,73.474,73.505,0
1311717600,73.514,73.541,73.505,73.529,0
1311721200,73.564,73.571,73.52,73.533,0
1311724800,73.532,73.543,73.429,73.438,0
1311728400,73.437,73.528,73.421,73.528,0
1311732000,73.52,73.563,73.51,73.522,0
1311735600,73.517,73.531,73.497,73.505,0
1311739200,73.509,73.514,73.452,73.465,0
1311742800,73.467,73.481,73.431,73.444,0
1311746400,73.443,73.59,73.423,73.496,0
1311750000,73.495,73.609,73.466,73.568,0
1311753600,73.566,73.597,73.506,73.521,0
1311757200,73.522,73.586,73.481,73.565,0
1311760800,73.562,73.675,73.542,73.646,0
1311764400,73.644,73.75,73.618,73.72,0
1311768000,73.724,73.766,73.685,73.701,0
1311771600,73.704,73.73,73.636,73.73,0
1311775200,73.733,73.997,73.701,73.997,0
1311778800,73.991,74.089,73.991,74.034,0
1311782400,74.036,74.183,74.027,74.118,0
1311786000,74.115,74.172,74.084,74.105,0
1311789600,74.106,74.144,74.057,74.087,0
1311793200,74.088,74.141,74.055,74.065,0
1311796800,74.063,74.134,74.06,74.084,0
1311800400,74.082,74.095,74.044,74.065,0
1311804000,74.067,74.115,74.067,74.096,0
1311807600,74.106,74.117,74.065,74.114,0
1311811200,74.106,74.106,74.045,74.074,0
1311814800,74.075,74.152,74.051,74.136,0
1311818400,74.142,74.211,74.114,74.129,0
1311822000,74.13,74.135,74.072,74.084,0
1311825600,74.088,74.123,74.063,74.119,0
1311829200,74.118,74.132,74.034,74.05,0
1311832800,74.05,74.153,74.034,74.08,0
1311836400,74.086,74.172,73.985,73.993,0
1311840000,73.99,73.993,73.88,73.99,0
1311843600,73.986,74.246,73.968,74.242,0
1311847200,74.239,74.377,74.218,74.273,0
1311850800,74.264,74.336,74.244,74.304,0
1311854400,74.301,74.399,74.272,74.331,0
1311858000,74.327,74.407,74.263,74.288,0
1311861600,74.295,74.341,74.197,74.26,0
1311865200,74.258,74.279,74.19,74.254,0
1311868800,74.257,74.291,74.23,74.245,0
1311872400,74.239,74.256,74.159,74.191,0
1311876000,74.195,74.265,74.184,74.222,0
1311879600,74.223,74.26,74.201,74.242,0
1311883200,74.24,74.242,74.108,74.113,0
1311886800,74.109,74.147,74.093,74.133,0
1311890400,74.134,74.147,74.101,74.147,0
1311894000,74.159,74.191,74.156,74.168,0
1311897600,74.17,74.239,74.14,74.226,0
1311901200,74.224,74.295,74.21,74.239,0
1311904800,74.247,74.322,74.113,74.159,0
1311908400,74.157,74.161,74.02,74.095,0
1311912000,74.096,74.124,74.084,74.105,0
1311915600,74.106,74.312,74.101,74.27,0
1311919200,74.268,74.366,74.237,74.321,0
1311922800,74.323,74.403,74.262,74.333,0
1311926400,74.331,74.385,74.276,74.351,0
1311930000,74.355,74.372,74.273,74.312,0
1311933600,74.311,74.507,74.28,74.458,0
1311937200,74.454,74.479,74.337,74.358,0
1311940800,74.356,74.465,74.032,74.126,0
1311944400,74.13,74.153,73.829,73.838,0
1311948000,73.843,74.046,73.843,73.885,0
1311951600,73.888,73.906,73.716,73.815,0
1311955200,73.808,73.857,73.757,73.851,0
1311958800,73.853,73.898,73.83,73.866,0
1311962400,73.865,73.897,73.791,73.897,0
1311966000,73.9,73.9,73.798,73.887,0
1311969600,73.886,73.886,73.734,73.739,0
1311973200,73.747,73.747,73.738,73.745,0
1312146000,73.83,74.033,73.82,73.998,0
1312149600,73.996,73.996,73.891,73.925,0
1312153200,73.924,73.953,73.875,73.952,0
1312156800,73.951,73.981,73.847,73.945,0
1312160400,73.944,73.944,73.849,73.896,0
1312164000,73.895,73.906,73.852,73.872,0
1312167600,73.873,73.891,73.839,73.846,0
1312171200,73.846,73.858,73.779,73.842,0
1312174800,73.84,73.888,73.816,73.879,0
1312178400,73.881,73.881,73.768,73.782,0
1312182000,73.78,73.896,73.751,73.867,0
1312185600,73.865,73.869,73.735,73.821,0
1312189200,73.82,73.83,73.608,73.62,0
1312192800,73.619,73.644,73.582,73.636,0
1312196400,73.629,73.666,73.594,73.631,0
1312200000,73.63,73.758,73.63,73.747,0
1312203600,73.744,73.988,73.717,73.968,0
1312207200,73.97,74.458,73.96,74.456,0
1312210800,74.458,74.527,74.364,74.472,0
1312214400,74.468,74.49,74.337,74.337,0
1312218000,74.326,74.406,74.305,74.363,0
1312221600,74.361,74.402,74.248,74.262,0
1312225200,74.261,74.303,74.232,74.296,0
1312228800,74.297,74.35,74.278,74.331,0
1312232400,74.334,74.343,74.262,74.33,0
1312236000,74.331,74.331,74.293,74.307,0
1312239600,74.343,74.346,74.27,74.286,0
1312243200,74.288,74.314,74.221,74.238,0
1312246800,74.237,74.315,74.237,74.261,0
1312250400,74.263,74.293,74.242,74.281,0
1312254000,74.284,74.381,74.275,74.356,0
1312257600,74.355,74.363,74.296,74.324,0
1312261200,74.326,74.41,74.302,74.33,0
1312264800,74.327,74.543,74.28,74.534,0
1312268400,74.523,74.628,74.449,74.51,0
1312272000,74.512,74.549,74.414,74.536,0
1312275600,74.543,74.629,74.492,74.57,0
1312279200,74.568,74.582,74.46,74.539,0
1312282800,74.548,74.635,74.498,74.585,0
1312286400,74.586,74.734,74.403,74.425,0
1312290000,74.426,74.496,74.247,74.26,0
1312293600,74.249,74.424,74.195,74.406,0
1312297200,74.409,74.512,74.353,74.361,0
1312300800,74.362,74.538,74.355,74.466,0
1312304400,74.477,74.558,74.435,74.543,0
1312308000,74.537,74.55,74.426,74.513,0
1312311600,74.511,74.544,74.38,74.428,0
1312315200,74.439,74.504,74.427,74.467,0
1312318800,74.463,74.58,74.463,74.55,0
1312322400,74.545,74.559,74.522,74.537,0
1312326000,74.588,74.629,74.564,74.58,0
1312329600,74.583,74.62,74.55,74.593,0
1312333200,74.592,74.668,74.555,74.612,0
1312336800,74.61,74.626,74.559,74.599,0
1312340400,74.592,74.607,74.496,74.514,0
1312344000,74.512,74.521,74.444,74.473,0
1312347600,74.468,74.536,74.415,74.446,0
1312351200,74.445,74.692,74.44,74.485,0
1312354800,74.482,74.549,74.313,74.396,0
1312358400,74.404,74.407,74.221,74.239,0
1312362000,74.234,74.234,73.962,74.05,0
1312365600,74.048,74.073,73.972,74.038,0
1312369200,74.042,74.167,74.036,74.061,0
1312372800,74.051,74.13,73.967,73.983,0
1312376400,73.978,74.16,73.946,74.061,0
1312380000,74.067,74.232,74.02,74.11,0
1312383600,74.114,74.124,73.996,74.021,0
1312387200,74.023,74.1,73.996,74.095,0
1312390800,74.092,74.099,73.937,73.975,0
1312394400,73.972,74.079,73.964,74.044,0
1312398000,74.046,74.059,74.009,74.031,0
1312401600,74.03,74.054,74.013,74.023,0
1312405200,74.027,74.044,73.856,73.858,0
1312408800,73.866,73.927,73.863,73.927,0
1312412400,73.949,73.958,73.911,73.94,0
1312416000,73.937,73.962,73.879,73.924,0
1312419600,73.928,74.268,73.928,74.255,0
1312423200,74.256,74.383,74.214,74.383,0
1312426800,74.38,74.485,74.379,74.415,0
1312430400,74.417,74.561,74.379,74.528,0
1312434000,74.529,74.607,74.498,74.606,0
1312437600,74.603,74.616,74.362,74.379,0
1312441200,74.384,74.704,74.372,74.692,0
1312444800,74.693,74.81,74.595,74.61,0
1312448400,74.608,74.936,74.605,74.912,0
1312452000,74.909,74.977,74.762,74.762,0
1312455600,74.77,74.828,74.706,74.782,0
1312459200,74.791,75.081,74.761,74.823,0
1312462800,74.816,75.08,74.734,74.988,0
1312466400,74.995,75.117,74.933,75,0
1312470000,74.992,75.053,74.876,75.02,0
1312473600,75.021,75.078,74.941,74.946,0
1312477200,74.954,75.098,74.953,75.066,0
1312480800,75.062,75.178,75.045,75.124,0
1312484400,75.121,75.192,75.042,75.186,0
1312488000,75.184,75.309,75.172,75.274,0
1312491600,75.28,75.309,75.219,75.306,0
1312495200,75.319,75.319,75.265,75.282,0
1312498800,75.417,75.418,75.317,75.349,0
1312502400,75.36,75.383,75.2,75.281,0
1312506000,75.278,75.327,75.14,75.156,0
1312509600,75.153,75.201,75.095,75.128,0
1312513200,75.124,75.24,75.124,75.206,0
1312516800,75.21,75.322,75.098,75.16,0
1312520400,75.159,75.186,75.076,75.099,0
1312524000,75.103,75.299,75.103,75.21,0
1312527600,75.212,75.225,74.935,74.97,0
1312531200,74.969,75.108,74.961,75.019,0
1312534800,75.021,75.109,74.897,75.094,0
1312538400,75.097,75.118,74.934,74.977,0
1312542000,74.988,75.073,74.921,75.011,0
1312545600,75.017,75.08,74.828,74.981,0
1312549200,74.983,75.014,74.675,74.842,0
1312552800,74.838,74.882,74.653,74.808,0
1312556400,74.813,74.998,74.783,74.956,0
1312560000,74.954,74.98,74.472,74.644,0
1312563600,74.641,74.66,74.515,74.596,0
1312567200,74.585,74.645,74.462,74.598,0
1312570800,74.599,74.651,74.495,74.515,0
1312574400,74.511,74.563,74.469,74.546,0
1312578000,74.55,74.55,74.524,74.524,0
1312750800,73.986,74.173,73.954,74.147,0
1312754400,74.148,74.488,74.147,74.488,0
1312758000,74.483,74.483,74.31,74.4,0
1312761600,74.399,74.471,74.304,74.334,0
1312765200,74.335,74.346,74.131,74.219,0
1312768800,74.218,74.327,74.213,74.325,0
1312772400,74.328,74.429,74.282,74.388,0
1312776000,74.38,74.433,74.337,74.34,0
1312779600,74.342,74.358,74.17,74.219,0
1312783200,74.225,74.322,74.072,74.117,0
1312786800,74.119,74.193,73.971,74.181,0
1312790400,74.186,74.278,74.175,74.263,0
1312794000,74.261,74.558,74.209,74.506,0
1312797600,74.502,74.533,74.447,74.478,0
1312801200,74.476,74.733,74.441,74.686,0
1312804800,74.685,74.848,74.609,74.846,0
1312808400,74.845,74.943,74.782,74.804,0
1312812000,74.784,75.018,74.781,74.805,0
1312815600,74.817,74.828,74.564,74.575,0
1312819200,74.57,74.737,74.536,74.646,0
1312822800,74.644,74.744,74.623,74.706,0
1312826400,74.707,74.821,74.64,74.791,0
1312830000,74.788,74.795,74.627,74.699,0
1312833600,74.704,74.864,74.696,74.853,0
1312837200,74.85,74.908,74.791,74.906,0
1312840800,74.907,74.91,74.846,74.847,0
1312844400,74.84,74.881,74.794,74.838,0
1312848000,74.839,74.94,74.807,74.881,0
1312851600,74.88,74.887,74.761,74.801,0
1312855200,74.803,74.885,74.651,74.663,0
1312858800,74.655,74.732,74.563,74.654,0
1312862400,74.653,74.713,74.568,74.621,0
1312866000,74.617,74.646,74.549,74.622,0
1312869600,74.629,74.707,74.447,74.456,0
1312873200,74.453,74.748,74.422,74.738,0
1312876800,74.725,74.812,74.572,74.601,0
1312880400,74.597,74.655,74.341,74.441,0
1312884000,74.447,74.487,74.333,74.403,0
1312887600,74.406,74.525,74.371,74.461,0
1312891200,74.458,74.49,74.368,74.437,0
1312894800,74.436,74.57,74.416,74.506,0
1312898400,74.491,74.678,74.457,74.673,0
1312902000,74.672,74.747,74.526,74.552,0
1312905600,74.551,74.576,74.488,74.576,0
1312909200,74.586,74.637,74.532,74.608,0
1312912800,74.613,74.657,74.221,74.605,0
1312916400,74.602,74.631,73.98,74.052,0
1312920000,74.054,74.07,73.886,73.892,0
1312923600,73.891,73.965,73.848,73.871,0
1312927200,73.872,73.917,73.869,73.908,0
1312930800,73.955,74.034,73.948,74.027,0
1312934400,74.025,74.106,73.956,74.03,0
1312938000,74.029,74.079,73.978,74.062,0
1312941600,74.06,74.073,73.976,73.998,0
1312945200,74,74.035,73.968,74.023,0
1312948800,74.025,74.09,74.012,74.047,0
1312952400,74.048,74.094,74.003,74.081,0
1312956000,74.08,74.148,73.991,74.003,0
1312959600,73.991,74.065,73.912,73.934,0
1312963200,73.937,74.064,73.91,73.958,0
1312966800,73.964,73.972,73.831,73.914,0
1312970400,73.895,73.965,73.821,73.864,0
1312974000,73.86,74.032,73.849,73.987,0
1312977600,73.985,74.267,73.938,74.267,0
1312981200,74.268,74.6,74.268,74.598,0
1312984800,74.584,74.726,74.52,74.665,0
1312988400,74.656,74.781,74.596,74.64,0
1312992000,74.637,74.754,74.578,74.66,0
1312995600,74.667,74.785,74.601,74.605,0
1312999200,74.604,74.651,74.496,74.636,0
1313002800,74.657,74.78,74.622,74.767,0
1313006400,74.766,74.795,74.711,74.784,0
1313010000,74.783,74.833,74.775,74.821,0
1313013600,74.819,74.919,74.819,74.841,0
1313017200,74.91,74.924,74.856,74.913,0
1313020800,74.911,74.911,74.757,74.773,0
1313024400,74.772,74.804,74.554,74.581,0
1313028000,74.584,74.614,74.472,74.559,0
1313031600,74.556,74.608,74.508,74.551,0
1313035200,74.552,74.61,74.544,74.569,0
1313038800,74.567,74.569,74.439,74.533,0
1313042400,74.546,74.555,74.357,74.405,0
1313046000,74.403,74.594,74.327,74.475,0
1313049600,74.463,74.501,74.373,74.46,0
1313053200,74.459,74.779,74.435,74.771,0
1313056800,74.776,74.855,74.63,74.649,0
1313060400,74.648,74.933,74.64,74.874,0
1313064000,74.869,75.061,74.821,74.896,0
1313067600,74.903,74.932,74.602,74.807,0
1313071200,74.805,74.857,74.493,74.502,0
1313074800,74.504,74.664,74.409,74.574,0
1313078400,74.578,74.682,74.543,74.637,0
1313082000,74.63,74.806,74.626,74.707,0
1313085600,74.709,74.753,74.607,74.677,0
1313089200,74.675,74.68,74.531,74.632,0
1313092800,74.629,74.657,74.538,74.541,0
1313096400,74.542,74.569,74.47,74.568,0
1313100000,74.565,74.586,74.547,74.586,0
1313103600,74.638,74.661,74.62,74.659,0
1313107200,74.662,74.758,74.654,74.729,0
1313110800,74.73,74.796,74.721,74.759,0
1313114400,74.757,74.765,74.674,74.687,0
1313118000,74.687,74.777,74.679,74.765,0
1313121600,74.771,74.796,74.716,74.74,0
1313125200,74.742,74.76,74.695,74.707,0
1313128800,74.712,74.779,74.623,74.627,0
1313132400,74.626,74.89,74.626,74.722,0
1313136000,74.72,74.746,74.55,74.609,0
1313139600,74.61,74.634,74.464,74.568,0
1313143200,74.565,74.611,74.522,74.577,0
1313146800,74.578,74.578,74.427,74.456,0
1313150400,74.455,74.545,74.375,74.406,0
1313154000,74.413,74.548,74.367,74.484,0
1313157600,74.481,74.699,74.472,74.684,0
1313161200,74.683,74.683,74.513,74.58,0
1313164800,74.584,74.64,74.55,74.62,0
1313168400,74.628,74.628,74.58,74.586,0
1313172000,74.585,74.66,74.56,74.607,0
1313175600,74.601,74.619,74.561,74.596,0
1313179200,74.597,74.614,74.548,74.563,0
1313182800,74.562,74.607,74.562,74.607,0
1313355600,74.543,74.579,74.524,74.552,0
1313359200,74.548,74.555,74.509,74.521,0
1313362800,74.523,74.56,74.491,74.522,0
1313366400,74.519,74.522,74.412,74.465,0
1313370000,74.464,74.464,74.386,74.393,0
1313373600,74.397,74.415,74.386,74.398,0
1313377200,74.402,74.499,74.399,74.489,0
1313380800,74.483,74.486,74.447,74.452,0
1313384400,74.448,74.471,74.422,74.453,0
1313388000,74.456,74.518,74.371,74.489,0
1313391600,74.487,74.56,74.431,74.445,0
1313395200,74.439,74.481,74.388,74.401,0
1313398800,74.403,74.512,74.377,74.471,0
1313402400,74.469,74.609,74.437,74.444,0
1313406000,74.448,74.483,74.387,74.387,0
1313409600,74.388,74.402,74.136,74.172,0
1313413200,74.176,74.176,73.879,73.899,0
1313416800,73.895,73.922,73.759,73.856,0
1313420400,73.86,73.902,73.817,73.841,0
1313424000,73.84,73.921,73.812,73.915,0
1313427600,73.912,73.932,73.878,73.892,0
1313431200,73.895,73.909,73.834,73.836,0
1313434800,73.84,73.894,73.825,73.869,0
1313438400,73.868,73.891,73.845,73.857,0
1313442000,73.853,73.873,73.81,73.837,0
1313445600,73.84,73.89,73.84,73.889,0
1313449200,73.91,73.912,73.88,73.893,0
1313452800,73.892,73.96,73.892,73.904,0
1313456400,73.898,73.954,73.878,73.905,0
1313460000,73.905,73.938,73.891,73.937,0
1313463600,73.934,73.96,73.901,73.929,0
1313467200,73.925,73.937,73.897,73.924,0
1313470800,73.923,74.013,73.918,73.988,0
1313474400,73.986,74.116,73.986,74.073,0
1313478000,74.066,74.172,74.036,74.051,0
1313481600,74.055,74.175,74.053,74.117,0
1313485200,74.051,74.114,74.006,74.095,0
1313488800,74.092,74.167,74.057,74.146,0
1313492400,74.145,74.167,74.092,74.134,0
1313496000,74.126,74.156,74.02,74.09,0
1313499600,74.092,74.098,73.979,74.065,0
1313503200,74.075,74.081,73.974,73.995,0
1313506800,73.994,74.031,73.919,73.943,0
1313510400,73.941,74.071,73.768,73.995,0
1313514000,73.99,74.087,73.944,73.96,0
1313517600,73.957,74.012,73.887,74.01,0
1313521200,74.007,74.007,73.925,73.953,0
1313524800,73.955,73.987,73.946,73.978,0
1313528400,73.979,74.024,73.967,74.015,0
1313532000,74.014,74.025,73.997,74.009,0
1313535600,74.062,74.073,74.039,74.069,0
1313539200,74.063,74.172,74.052,74.088,0
1313542800,74.083,74.149,74.083,74.117,0
1313546400,74.111,74.124,74.012,74.018,0
1313550000,74.019,74.066,74.012,74.038,0
1313553600,74.039,74.057,73.957,73.969,0
1313557200,73.97,74.012,73.948,73.997,0
1313560800,73.995,74.056,73.963,74.053,0
1313564400,74.047,74.215,73.958,73.986,0
1313568000,73.982,74.057,73.889,73.943,0
1313571600,73.938,73.938,73.754,73.838,0
1313575200,73.832,73.857,73.699,73.747,0
1313578800,73.752,73.752,73.569,73.573,0
1313582400,73.561,73.673,73.501,73.648,0
1313586000,73.646,73.66,73.452,73.474,0
1313589600,73.478,73.719,73.469,73.689,0
1313593200,73.686,73.805,73.64,73.737,0
1313596800,73.729,73.784,73.655,73.742,0
1313600400,73.741,73.765,73.677,73.709,0
1313604000,73.706,73.722,73.665,73.674,0
1313607600,73.68,73.736,73.666,73.736,0
1313611200,73.733,73.787,73.704,73.787,0
1313614800,73.786,73.802,73.743,73.786,0
1313618400,73.787,73.802,73.774,73.788,0
1313622000,73.767,73.808,73.764,73.794,0
1313625600,73.796,73.889,73.786,73.856,0
1313629200,73.857,73.915,73.839,73.882,0
1313632800,73.879,73.928,73.874,73.908,0
1313636400,73.905,73.918,73.863,73.872,0
1313640000,73.871,73.971,73.867,73.953,0
1313643600,73.954,73.959,73.846,73.878,0
1313647200,73.88,73.981,73.866,73.943,0
1313650800,73.942,74.01,73.857,73.89,0
1313654400,73.882,73.933,73.729,73.856,0
1313658000,73.855,74.027,73.855,73.931,0
1313661600,73.925,74.115,73.87,74.046,0
1313665200,74.038,74.1,74.004,74.034,0
1313668800,74.04,74.101,73.966,74.034,0
1313672400,74.037,74.244,74.02,74.16,0
1313676000,74.156,74.438,74.156,74.28,0
1313679600,74.282,74.309,74.208,74.246,0
1313683200,74.245,74.33,74.234,74.254,0
1313686800,74.255,74.349,74.255,74.331,0
1313690400,74.327,74.327,74.171,74.244,0
1313694000,74.237,74.276,74.18,74.186,0
1313697600,74.179,74.217,74.141,74.215,0
1313701200,74.214,74.251,74.202,74.25,0
1313704800,74.251,74.26,74.223,74.251,0
1313708400,74.349,74.382,74.31,74.376,0
1313712000,74.374,74.404,74.316,74.36,0
1313715600,74.363,74.364,74.255,74.29,0
1313719200,74.288,74.296,74.209,74.24,0
1313722800,74.238,74.29,74.191,74.274,0
1313726400,74.273,74.331,74.267,74.301,0
1313730000,74.3,74.412,74.286,74.366,0
1313733600,74.363,74.401,74.192,74.22,0
1313737200,74.208,74.465,74.188,74.37,0
1313740800,74.372,74.392,74.206,74.221,0
1313744400,74.224,74.261,74.122,74.233,0
1313748000,74.246,74.324,74.208,74.24,0
1313751600,74.239,74.281,73.984,73.999,0
1313755200,74.003,74.003,73.835,73.92,0
1313758800,73.921,73.921,73.755,73.769,0
1313762400,73.761,73.792,73.617,73.78,0
1313766000,73.787,73.955,73.767,73.858,0
1313769600,73.857,73.891,73.82,73.88,0
1313773200,73.872,73.983,73.838,73.977,0
1313776800,73.98,74.016,73.948,74.009,0
1313780400,74.005,74.021,73.934,73.971,0
1313784000,73.966,74.013,73.936,73.983,0
1313787600,73.985,74.009,73.981,74.009,0
1313960400,74.09,74.121,74.074,74.101,0
1313964000,74.108,74.143,74.06,74.12,0
1313967600,74.116,74.151,74.097,74.125,0
1313971200,74.126,74.13,74.042,74.066,0
1313974800,74.071,74.09,73.974,74.005,0
1313978400,74.008,74.132,73.982,74.057,0
1313982000,74.06,74.109,74.041,74.09,0
1313985600,74.091,74.103,74.052,74.071,0
1313989200,74.074,74.12,74.07,74.086,0
1313992800,74.084,74.165,74.075,74.131,0
1313996400,74.137,74.148,73.922,73.922,0
1314000000,73.917,73.991,73.905,73.918,0
1314003600,73.916,73.956,73.884,73.947,0
1314007200,73.944,73.961,73.822,73.862,0
1314010800,73.863,73.884,73.814,73.861,0
1314014400,73.855,73.929,73.84,73.87,0
1314018000,73.873,73.922,73.826,73.917,0
1314021600,73.919,74.049,73.889,74.043,0
1314025200,74.048,74.11,74.024,74.077,0
1314028800,74.063,74.081,74.013,74.022,0
1314032400,74.02,74.095,74.016,74.065,0
1314036000,74.058,74.101,74.058,74.074,0
1314039600,74.07,74.124,74.051,74.122,0
1314043200,74.12,74.16,74.102,74.153,0
1314046800,74.154,74.164,74.134,74.153,0
1314050400,74.146,74.161,74.14,74.146,0
1314054000,74.131,74.171,74.118,74.162,0
1314057600,74.159,74.161,74.104,74.119,0
1314061200,74.118,74.124,74.074,74.084,0
1314064800,74.086,74.091,74.01,74.039,0
1314068400,74.042,74.089,74.024,74.064,0
1314072000,74.061,74.093,74.054,74.075,0
1314075600,74.074,74.104,74.026,74.052,0
1314079200,74.055,74.086,73.943,73.971,0
1314082800,73.956,74.007,73.681,73.69,0
1314086400,73.689,73.703,73.605,73.681,0
1314090000,73.674,73.786,73.572,73.594,0
1314093600,73.595,73.711,73.574,73.698,0
1314097200,73.697,73.716,73.596,73.707,0
1314100800,73.714,73.803,73.68,73.787,0
1314104400,73.79,73.999,73.711,73.966,0
1314108000,73.991,74.02,73.85,73.976,0
1314111600,73.986,73.999,73.837,73.842,0
1314115200,73.843,73.888,73.827,73.887,0
1314118800,73.888,73.933,73.869,73.922,0
1314122400,73.927,73.96,73.878,73.894,0
1314126000,73.891,73.901,73.806,73.826,0
1314129600,73.827,73.894,73.807,73.822,0
1314133200,73.824,73.876,73.81,73.844,0
1314136800,73.845,73.882,73.845,73.872,0
1314140400,73.877,73.885,73.835,73.839,0
1314144000,73.842,73.964,73.825,73.939,0
1314147600,73.948,74.003,73.913,73.973,0
1314151200,73.969,74.016,73.912,73.998,0
1314154800,73.997,74.025,73.945,73.955,0
1314158400,73.952,73.967,73.924,73.934,0
1314162000,73.933,73.99,73.903,73.964,0
1314165600,73.962,73.976,73.841,73.863,0
1314169200,73.86,74.018,73.829,74.009,0
1314172800,74.001,74.053,73.792,73.831,0
1314176400,73.83,73.837,73.685,73.701,0
1314180000,73.695,73.785,73.666,73.761,0
1314183600,73.763,73.868,73.704,73.863,0
1314187200,73.848,73.887,73.682,73.777,0
1314190800,73.774,73.869,73.678,73.694,0
1314194400,73.693,74.034,73.666,73.997,0
1314198000,73.991,74.09,73.954,74.036,0
1314201600,74.045,74.082,73.993,73.999,0
1314205200,74.001,74.041,73.983,74.003,0
1314208800,74.009,74.026,73.978,74.012,0
1314212400,74.009,74.016,73.98,74.004,0
1314216000,74.001,74.036,73.994,74.028,0
1314219600,74.027,74.055,74.009,74.055,0
1314223200,74.054,74.067,74.022,74.044,0
1314226800,74.055,74.071,74.045,74.063,0
1314230400,74.064,74.084,74.026,74.065,0
1314234000,74.066,74.111,74.056,74.079,0
1314237600,74.078,74.092,74.028,74.076,0
1314241200,74.077,74.085,74.031,74.05,0
1314244800,74.051,74.064,74.026,74.06,0
1314248400,74.059,74.095,74.035,74.068,0
1314252000,74.063,74.074,73.97,74.031,0
1314255600,74.026,74.026,73.838,73.891,0
1314259200,73.893,73.91,73.825,73.903,0
1314262800,73.901,74.08,73.901,74.05,0
1314266400,74.059,74.059,73.904,73.943,0
1314270000,73.947,73.984,73.916,73.931,0
1314273600,73.938,74.054,73.918,74.041,0
1314277200,74.037,74.109,73.869,74.006,0
1314280800,74.008,74.404,74.004,74.335,0
1314284400,74.338,74.357,74.192,74.214,0
1314288000,74.213,74.302,74.205,74.256,0
1314291600,74.258,74.298,74.221,74.279,0
1314295200,74.28,74.296,74.25,74.291,0
1314298800,74.289,74.295,74.201,74.204,0
1314302400,74.205,74.251,74.204,74.239,0
1314306000,74.243,74.278,74.227,74.26,0
1314309600,74.261,74.261,74.233,74.238,0
1314313200,74.219,74.233,74.197,74.198,0
1314316800,74.197,74.223,74.096,74.112,0
1314320400,74.11,74.149,74.095,74.123,0
1314324000,74.12,74.136,74.09,74.131,0
1314327600,74.134,74.151,74.078,74.11,0
1314331200,74.105,74.115,74.06,74.081,0
1314334800,74.079,74.099,74.011,74.025,0
1314338400,74.023,74.032,73.92,73.967,0
1314342000,73.964,74.028,73.908,73.998,0
1314345600,73.992,74.011,73.916,73.947,0
1314349200,73.939,73.988,73.88,73.986,0
1314352800,73.981,74.027,73.966,73.967,0
1314356400,73.963,74.089,73.962,74.065,0
1314360000,74.064,74.143,74.057,74.099,0
1314363600,74.092,74.121,73.899,73.914,0
1314367200,73.924,74.464,73.924,74.32,0
1314370800,74.324,74.336,73.805,73.874,0
1314374400,73.879,73.879,73.724,73.833,0
1314378000,73.827,73.831,73.758,73.761,0
1314381600,73.76,73.825,73.744,73.814,0
1314385200,73.817,73.838,73.754,73.756,0
1314388800,73.751,73.755,73.713,73.719,0
1314392400,73.718,73.718,73.709,73.709,0
1314565200,73.732,73.789,73.707,73.757,0
1314568800,73.761,73.808,73.724,73.755,0
1314572400,73.757,73.816,73.743,73.799,0
1314576000,73.802,73.844,73.761,73.836,0
1314579600,73.838,73.853,73.771,73.783,0
1314583200,73.781,73.811,73.744,73.746,0
1314586800,73.744,73.782,73.731,73.771,0
1314590400,73.77,73.775,73.716,73.732,0
1314594000,73.733,73.738,73.538,73.566,0
1314597600,73.563,73.603,73.525,73.575,0
1314601200,73.58,73.627,73.541,73.602,0
1314604800,73.598,73.667,73.591,73.636,0
1314608400,73.63,73.723,73.61,73.693,0
1314612000,73.695,73.709,73.622,73.679,0
1314615600,73.684,73.72,73.642,73.696,0
1314619200,73.698,73.758,73.587,73.606,0
1314622800,73.61,73.63,73.558,73.606,0
1314626400,73.61,73.69,73.61,73.675,0
1314630000,73.676,73.677,73.57,73.611,0
1314633600,73.606,73.641,73.586,73.641,0
1314637200,73.647,73.694,73.627,73.679,0
1314640800,73.677,73.747,73.674,73.721,0
1314644400,73.723,73.733,73.678,73.679,0
1314648000,73.673,73.717,73.665,73.686,0
1314651600,73.685,73.7,73.66,73.667,0
1314655200,73.671,73.678,73.632,73.641,0
1314658800,73.68,73.698,73.669,73.691,0
1314662400,73.688,73.7,73.64,73.684,0
1314666000,73.687,73.708,73.667,73.685,0
1314669600,73.688,73.692,73.641,73.65,0
1314673200,73.651,73.68,73.64,73.673,0
1314676800,73.674,73.696,73.663,73.682,0
1314680400,73.683,73.69,73.611,73.615,0
1314684000,73.616,73.809,73.611,73.742,0
1314687600,73.743,73.822,73.706,73.792,0
1314691200,73.797,74.002,73.783,73.976,0
1314694800,73.973,74.132,73.956,74.056,0
1314698400,74.052,74.18,74.052,74.085,0
1314702000,74.092,74.185,74.056,74.087,0
1314705600,74.082,74.141,74.002,74.065,0
1314709200,74.062,74.079,73.989,74.029,0
1314712800,74.024,74.144,73.984,74.034,0
1314716400,74.036,74.055,73.947,74.02,0
1314720000,74.019,74.093,74.015,74.055,0
1314723600,74.049,74.082,74.029,74.053,0
1314727200,74.049,74.051,73.918,73.946,0
1314730800,73.934,73.963,73.881,73.931,0
1314734400,73.932,73.999,73.932,73.983,0
1314738000,73.986,74.006,73.957,73.994,0
1314741600,73.991,74.004,73.97,73.971,0
1314745200,74.001,74.011,73.984,73.989,0
1314748800,73.992,74.063,73.973,74.033,0
1314752400,74.035,74.05,74.017,74.03,0
1314756000,74.027,74.028,73.964,73.978,0
1314759600,73.979,73.998,73.964,73.973,0
1314763200,73.976,74.007,73.959,73.968,0
1314766800,73.969,74.009,73.959,73.979,0
1314770400,73.977,73.997,73.894,73.995,0
1314774000,73.998,74.034,73.833,73.833,0
1314777600,73.834,73.994,73.834,73.932,0
1314781200,73.934,74.007,73.928,73.936,0
1314784800,73.932,73.984,73.897,73.969,0
1314788400,73.973,73.974,73.855,73.883,0
1314792000,73.882,73.958,73.853,73.872,0
1314795600,73.87,73.908,73.84,73.882,0
1314799200,73.881,74.07,73.867,74.04,0
1314802800,74.032,74.032,73.891,74.011,0
1314806400,74.01,74.026,73.958,73.992,0
1314810000,73.985,74.136,73.971,74.129,0
1314813600,74.127,74.176,74.101,74.162,0
1314817200,74.159,74.175,74.116,74.175,0
1314820800,74.174,74.183,74.132,74.145,0
1314824400,74.164,74.186,74.102,74.133,0
1314828000,74.134,74.154,74.128,74.14,0
1314831600,74.16,74.219,74.154,74.198,0
1314835200,74.196,74.264,74.18,74.239,0
1314838800,74.238,74.289,74.202,74.207,0
1314842400,74.205,74.222,74.179,74.192,0
1314846000,74.189,74.22,74.181,74.202,0
1314849600,74.207,74.21,74.151,74.193,0
1314853200,74.195,74.228,74.152,74.173,0
1314856800,74.175,74.242,74.149,74.195,0
1314860400,74.196,74.465,74.181,74.422,0
1314864000,74.425,74.468,74.378,74.426,0
1314867600,74.423,74.579,74.417,74.488,0
1314871200,74.486,74.563,74.481,74.508,0
1314874800,74.504,74.542,74.469,74.542,0
1314878400,74.541,74.552,74.386,74.389,0
1314882000,74.386,74.461,74.377,74.423,0
1314885600,74.413,74.714,74.323,74.589,0
1314889200,74.584,74.599,74.438,74.446,0
1314892800,74.445,74.465,74.386,74.404,0
1314896400,74.407,74.492,74.407,74.482,0
1314900000,74.486,74.516,74.458,74.479,0
1314903600,74.48,74.53,74.473,74.487,0
1314907200,74.486,74.555,74.478,74.555,0
1314910800,74.558,74.567,74.537,74.557,0
1314914400,74.554,74.554,74.527,74.547,0
1314918000,74.515,74.529,74.502,74.502,0
1314921600,74.501,74.528,74.474,74.477,0
1314925200,74.479,74.488,74.436,74.467,0
1314928800,74.463,74.553,74.46,74.54,0
1314932400,74.539,74.566,74.526,74.544,0
1314936000,74.545,74.549,74.489,74.492,0
1314939600,74.494,74.587,74.479,74.561,0
1314943200,74.552,74.63,74.516,74.571,0
1314946800,74.572,74.689,74.551,74.589,0
1314950400,74.584,74.607,74.516,74.556,0
1314954000,74.557,74.609,74.458,74.471,0
1314957600,74.452,74.526,74.451,74.478,0
1314961200,74.476,74.501,74.437,74.494,0
1314964800,74.492,74.558,74.314,74.464,0
1314968400,74.462,74.728,74.373,74.638,0
1314972000,74.64,74.769,74.557,74.653,0
1314975600,74.65,74.71,74.565,74.704,0
1314979200,74.698,74.727,74.662,74.683,0
1314982800,74.678,74.728,74.668,74.701,0
1314986400,74.707,74.765,74.7,74.756,0
1314990000,74.759,74.763,74.7,74.73,0
1314993600,74.731,74.756,74.675,74.703,0
1314997200,74.704,74.709,74.701,74.705,0
1315263600,75.279,75.295,75.265,75.282,0
1315267200,75.291,75.305,75.257,75.272,0
1315270800,75.271,75.271,75.22,75.237,0
1315274400,75.241,75.295,75.218,75.225,0
1315278000,75.226,75.257,75.208,75.228,0
1315281600,75.23,75.325,75.227,75.3,0
1315285200,75.303,75.385,75.28,75.372,0
1315288800,75.373,75.373,75.185,75.199,0
1315292400,75.201,75.232,75.114,75.121,0
1315296000,75.118,75.273,74.675,75.127,0
1315299600,75.132,75.176,74.887,75.12,0
1315303200,75.121,75.159,75.056,75.148,0
1315306800,75.146,75.439,75.126,75.43,0
1315310400,75.437,75.765,75.402,75.704,0
1315314000,75.705,75.776,75.566,75.608,0
1315317600,75.614,75.729,75.498,75.672,0
1315321200,75.665,75.966,75.649,75.886,0
1315324800,75.887,75.986,75.878,75.935,0
1315328400,75.94,75.999,75.855,75.865,0
1315332000,75.866,75.952,75.829,75.952,0
1315335600,75.951,76.007,75.895,75.899,0
1315339200,75.895,75.967,75.895,75.921,0
1315342800,75.925,75.952,75.873,75.873,0
1315346400,75.878,75.92,75.878,75.907,0
1315350000,75.875,75.891,75.851,75.852,0
1315353600,75.863,75.868,75.777,75.793,0
1315357200,75.795,75.803,75.678,75.768,0
1315360800,75.772,75.78,75.72,75.758,0
1315364400,75.756,75.758,75.603,75.623,0
1315368000,75.628,75.695,75.62,75.685,0
1315371600,75.679,75.694,75.565,75.58,0
1315375200,75.581,75.674,75.499,75.524,0
1315378800,75.526,75.645,75.488,75.488,0
1315382400,75.482,75.531,75.232,75.443,0
1315386000,75.44,75.669,75.38,75.586,0
1315389600,75.582,75.715,75.488,75.602,0
1315393200,75.6,75.619,75.501,75.603,0
1315396800,75.604,75.709,75.556,75.631,0
1315400400,75.623,75.791,75.586,75.586,0
1315404000,75.587,75.706,75.575,75.706,0
1315407600,75.709,75.719,75.51,75.645,0
1315411200,75.641,75.704,75.552,75.608,0
1315414800,75.606,75.644,75.566,75.568,0
1315418400,75.565,75.565,75.421,75.467,0
1315422000,75.468,75.514,75.433,75.433,0
1315425600,75.435,75.455,75.41,75.418,0
1315429200,75.419,75.439,75.412,75.435,0
1315432800,75.439,75.513,75.424,75.507,0
1315436400,75.501,75.527,75.48,75.518,0
1315440000,75.516,75.595,75.508,75.553,0
1315443600,75.552,75.617,75.524,75.584,0
1315447200,75.583,75.634,75.57,75.605,0
1315450800,75.604,75.637,75.589,75.623,0
1315454400,75.622,75.623,75.564,75.572,0
1315458000,75.567,75.625,75.566,75.586,0
1315461600,75.583,75.609,75.53,75.536,0
1315465200,75.54,75.637,75.5,75.621,0
1315468800,75.628,75.63,75.545,75.571,0
1315472400,75.573,75.603,75.516,75.542,0
1315476000,75.547,75.651,75.54,75.593,0
1315479600,75.591,75.663,75.496,75.602,0
1315483200,75.623,75.973,75.523,75.807,0
1315486800,75.815,75.899,75.669,75.783,0
1315490400,75.782,75.888,75.683,75.733,0
1315494000,75.726,76.005,75.678,75.974,0
1315497600,75.982,76.128,75.933,76.048,0
1315501200,76.049,76.274,76.015,76.217,0
1315504800,76.22,76.318,76.168,76.246,0
1315508400,76.247,76.29,76.195,76.236,0
1315512000,76.235,76.319,76.235,76.282,0
1315515600,76.279,76.289,76.246,76.261,0
1315519200,76.263,76.263,76.235,76.245,0
1315522800,76.218,76.26,76.128,76.26,0
1315526400,76.267,76.267,76.1,76.135,0
1315530000,76.134,76.135,76.063,76.068,0
1315533600,76.066,76.098,76.044,76.058,0
1315537200,76.056,76.105,76.056,76.09,0
1315540800,76.092,76.173,76.091,76.138,0
1315544400,76.147,76.255,76.141,76.2,0
1315548000,76.199,76.285,76.149,76.186,0
1315551600,76.183,76.342,76.127,76.258,0
1315555200,76.263,76.428,76.254,76.372,0
1315558800,76.368,76.684,76.321,76.662,0
1315562400,76.67,76.684,76.534,76.577,0
1315566000,76.586,76.653,76.552,76.586,0
1315569600,76.588,76.65,76.464,76.647,0
1315573200,76.68,77.052,76.639,77.01,0
1315576800,77.026,77.026,76.895,76.982,0
1315580400,76.978,77.183,76.908,77.11,0
1315584000,77.123,77.276,77.059,77.059,0
1315587600,77.06,77.091,76.911,77.038,0
1315591200,77.039,77.207,77.036,77.192,0
1315594800,77.191,77.204,77.115,77.159,0
1315598400,77.158,77.253,77.143,77.207,0
1315602000,77.203,77.205,77.192,77.204,0
1315774800,77.465,77.58,77.395,77.524,0
1315778400,77.525,77.532,77.382,77.384,0
1315782000,77.381,77.498,77.323,77.46,0
1315785600,77.465,77.471,77.335,77.428,0
1315789200,77.427,77.448,77.396,77.431,0
1315792800,77.426,77.521,77.426,77.446,0
1315796400,77.445,77.5,77.425,77.487,0
1315800000,77.485,77.784,77.466,77.718,0
1315803600,77.714,77.729,77.611,77.615,0
1315807200,77.618,77.654,77.431,77.551,0
1315810800,77.541,77.614,77.419,77.525,0
1315814400,77.523,77.544,77.267,77.372,0
1315818000,77.373,77.41,77.192,77.273,0
1315821600,77.274,77.402,77.249,77.352,0
1315825200,77.344,77.388,77.145,77.276,0
1315828800,77.265,77.294,77.081,77.118,0
1315836000,77.128,77.381,77.097,77.375,0
1315839600,77.372,77.384,77.199,77.289,0
1315843200,77.295,77.505,77.251,77.42,0
1315846800,77.424,77.617,77.382,77.557,0
1315850400,77.558,77.669,77.366,77.578,0
1315854000,77.587,77.655,77.169,77.176,0
1315857600,77.178,77.239,77.09,77.114,0
1315861200,77.112,77.174,77.099,77.163,0
1315864800,77.166,77.173,77.093,77.129,0
1315868400,77.234,77.264,77.229,77.263,0
1315872000,77.266,77.354,77.241,77.268,0
1315875600,77.271,77.273,77.092,77.115,0
1315879200,77.124,77.144,77.059,77.085,0
1315882800,77.087,77.135,77.034,77.043,0
1315886400,77.04,77.081,77.032,77.076,0
1315890000,77.077,77.216,77.066,77.194,0
1315893600,77.2,77.218,77.008,77.174,0
1315897200,77.177,77.504,77.174,77.493,0
1315900800,77.489,77.625,77.384,77.389,0
1315904400,77.394,77.506,77.276,77.368,0
1315908000,77.37,77.408,77.118,77.251,0
1315911600,77.247,77.287,76.955,77.163,0
1315915200,77.161,77.309,77.039,77.132,0
1315918800,77.134,77.244,76.95,76.964,0
1315922400,76.972,77.123,76.873,77.111,0
1315926000,77.098,77.185,77.008,77.068,0
1315929600,77.075,77.1,76.925,76.955,0
1315933200,76.953,76.954,76.822,76.9,0
1315936800,76.901,76.961,76.82,76.918,0
1315940400,76.919,77.092,76.919,76.983,0
1315944000,76.989,77.074,76.986,77.066,0
1315947600,77.069,77.079,77.039,77.059,0
1315951200,77.055,77.106,77.051,77.103,0
1315954800,77.048,77.086,77.047,77.067,0
1315958400,77.052,77.075,76.944,76.987,0
1315962000,76.985,77.115,76.972,77.113,0
1315965600,77.112,77.206,77.023,77.202,0
1315969200,77.205,77.335,77.176,77.277,0
1315972800,77.278,77.391,77.211,77.23,0
1315976400,77.228,77.406,77.228,77.304,0
1315980000,77.314,77.486,77.279,77.365,0
1315983600,77.362,77.407,77.151,77.215,0
1315987200,77.214,77.307,77.134,77.199,0
1315990800,77.204,77.289,77.074,77.077,0
1315994400,77.083,77.105,76.885,76.946,0
1315998000,76.945,76.984,76.836,76.882,0
1316001600,76.877,77.014,76.816,76.995,0
1316005200,76.986,77.061,76.884,77.05,0
1316008800,77.056,77.29,76.983,77.174,0
1316012400,77.167,77.177,76.981,76.998,0
1316016000,76.993,77.03,76.917,76.984,0
1316019600,76.985,76.995,76.748,76.854,0
1316023200,76.853,76.853,76.713,76.833,0
1316026800,76.831,76.833,76.675,76.824,0
1316030400,76.823,76.869,76.8,76.806,0
1316034000,76.804,76.881,76.803,76.874,0
1316037600,76.88,76.902,76.867,76.877,0
1316041200,76.824,76.878,76.819,76.855,0
1316044800,76.852,76.912,76.826,76.887,0
1316048400,76.884,77.054,76.879,76.976,0
1316052000,76.973,77.002,76.913,76.941,0
1316055600,76.942,76.967,76.875,76.958,0
1316059200,76.957,77.04,76.926,77.028,0
1316062800,77.027,77.029,76.95,76.993,0
1316066400,76.995,77.043,76.859,76.963,0
1316070000,76.962,77.012,76.759,76.802,0
1316073600,76.801,76.842,76.686,76.755,0
1316077200,76.757,76.832,76.592,76.605,0
1316080800,76.603,76.634,76.493,76.521,0
1316084400,76.53,76.64,76.525,76.61,0
1316088000,76.612,76.755,76.577,76.755,0
1316091600,76.763,76.763,76.066,76.259,0
1316095200,76.26,76.512,76.205,76.419,0
1316098800,76.421,76.445,76.341,76.398,0
1316102400,76.395,76.403,76.292,76.347,0
1316106000,76.345,76.345,76.248,76.265,0
1316109600,76.261,76.266,76.215,76.241,0
1316113200,76.242,76.296,76.214,76.262,0
1316116800,76.261,76.294,76.208,76.294,0
1316120400,76.295,76.303,76.23,76.278,0
1316124000,76.276,76.309,76.268,76.277,0
1316127600,76.349,76.349,76.289,76.294,0
1316131200,76.291,76.449,76.285,76.437,0
1316134800,76.433,76.483,76.383,76.441,0
1316138400,76.438,76.438,76.374,76.405,0
1316142000,76.401,76.414,76.335,76.357,0
1316145600,76.356,76.379,76.328,76.35,0
1316149200,76.354,76.391,76.289,76.364,0
1316152800,76.362,76.492,76.337,76.46,0
1316156400,76.458,76.679,76.441,76.622,0
1316160000,76.627,76.703,76.594,76.619,0
1316163600,76.631,76.644,76.494,76.522,0
1316167200,76.533,76.624,76.455,76.527,0
1316170800,76.522,76.64,76.483,76.585,0
1316174400,76.587,76.772,76.581,76.633,0
1316178000,76.629,76.703,76.438,76.473,0
1316181600,76.485,76.758,76.408,76.665,0
1316185200,76.659,76.708,76.571,76.655,0
1316188800,76.652,76.682,76.579,76.597,0
1316192400,76.607,76.639,76.575,76.633,0
1316196000,76.629,76.666,76.582,76.597,0
1316199600,76.613,76.632,76.583,76.586,0
1316203200,76.576,76.632,76.549,76.554,0
1316206800,76.552,76.557,76.543,76.544,0
1316379600,77.018,77.13,76.944,77.114,0
1316383200,77.097,77.097,76.971,76.983,0
1316386800,76.986,77.105,76.968,77.082,0
1316390400,77.076,77.076,77.004,77.037,0
1316394000,77.036,77.196,77.035,77.177,0
1316397600,77.176,77.222,77.141,77.151,0
1316401200,77.148,77.186,77.127,77.148,0
1316404800,77.146,77.197,77.146,77.163,0
1316408400,77.164,77.21,77.128,77.19,0
1316412000,77.193,77.244,77.039,77.043,0
1316415600,77.049,77.082,76.95,77.046,0
1316419200,77.057,77.192,76.98,77.171,0
1316422800,77.164,77.266,77.114,77.131,0
1316426400,77.135,77.173,77.057,77.096,0
1316430000,77.1,77.17,77.062,77.158,0
1316433600,77.165,77.273,77.142,77.273,0
1316437200,77.269,77.467,77.213,77.458,0
1316440800,77.448,77.519,77.317,77.372,0
1316444400,77.373,77.374,77.195,77.277,0
1316448000,77.275,77.298,77.222,77.266,0
1316451600,77.269,77.322,77.223,77.228,0
1316455200,77.23,77.252,77.039,77.146,0
1316458800,77.144,77.168,76.925,77.054,0
1316462400,77.056,77.104,77.027,77.075,0
1316466000,77.079,77.133,77.055,77.118,0
1316469600,77.119,77.395,77.09,77.34,0
1316473200,77.361,77.402,77.342,77.358,0
1316476800,77.359,77.397,77.283,77.294,0
1316480400,77.295,77.295,77.217,77.268,0
1316484000,77.26,77.44,77.26,77.361,0
1316487600,77.364,77.454,77.322,77.402,0
1316491200,77.398,77.436,77.341,77.391,0
1316494800,77.39,77.426,77.337,77.376,0
1316498400,77.379,77.435,77.261,77.3,0
1316502000,77.299,77.323,77.087,77.12,0
1316505600,77.124,77.22,77.009,77.196,0
1316509200,77.203,77.238,76.914,76.941,0
1316512800,76.93,77.062,76.898,77.059,0
1316516400,77.057,77.118,76.943,77.02,0
1316520000,77.015,77.087,76.84,77.004,0
1316523600,77.011,77.215,77,77.123,0
1316527200,77.13,77.255,76.956,76.956,0
1316530800,76.961,77.076,76.922,77.026,0
1316534400,77.027,77.151,77.027,77.112,0
1316538000,77.111,77.144,77.069,77.088,0
1316541600,77.086,77.115,77.009,77.03,0
1316545200,77.035,77.146,77.007,77.105,0
1316548800,77.109,77.12,76.967,77.002,0
1316552400,76.996,77.03,76.946,76.985,0
1316556000,76.987,77.026,76.987,77.019,0
1316559600,77.06,77.067,76.965,76.968,0
1316563200,76.978,77.009,76.916,76.924,0
1316566800,76.921,76.991,76.905,76.949,0
1316570400,76.942,76.954,76.917,76.944,0
1316574000,76.939,76.968,76.914,76.921,0
1316577600,76.922,76.987,76.905,76.94,0
1316581200,76.942,77.043,76.932,77.011,0
1316584800,77.015,77.119,76.947,77.039,0
1316588400,77.035,77.193,77.035,77.125,0
1316592000,77.121,77.306,77.104,77.164,0
1316595600,77.162,77.191,77.056,77.138,0
1316599200,77.136,77.219,77.101,77.2,0
1316602800,77.204,77.312,77.179,77.293,0
1316606400,77.288,77.383,77.231,77.258,0
1316610000,77.254,77.308,77.168,77.228,0
1316613600,77.234,77.332,77.196,77.2,0
1316617200,77.203,77.212,77.032,77.068,0
1316620800,77.073,77.078,76.936,77.004,0
1316624400,77.003,77.013,76.79,76.846,0
1316628000,76.847,77.455,76.796,77.342,0
1316631600,77.343,77.72,77.249,77.705,0
1316635200,77.692,77.84,77.634,77.782,0
1316638800,77.781,77.836,77.69,77.697,0
1316642400,77.698,77.717,77.673,77.68,0
1316646000,77.825,77.86,77.789,77.791,0
1316649600,77.786,77.908,77.754,77.896,0
1316653200,77.899,77.956,77.796,77.835,0
1316656800,77.833,78.013,77.8,78.013,0
1316660400,78.014,78.051,77.971,77.998,0
1316664000,77.997,78.017,77.945,78.007,0
1316667600,78.013,78.063,77.88,77.926,0
1316671200,77.928,78.044,77.834,77.889,0
1316674800,77.891,78.13,77.852,78.081,0
1316678400,78.083,78.169,78.004,78.093,0
1316682000,78.094,78.434,78.067,78.335,0
1316685600,78.344,78.547,78.327,78.537,0
1316689200,78.536,78.594,78.381,78.383,0
1316692800,78.378,78.798,78.361,78.72,0
1316696400,78.717,78.731,78.356,78.636,0
1316700000,78.634,78.634,78.31,78.44,0
1316703600,78.437,78.558,78.396,78.528,0
1316707200,78.531,78.607,78.294,78.299,0
1316710800,78.307,78.521,78.296,78.517,0
1316714400,78.521,78.538,78.161,78.455,0
1316718000,78.45,78.558,78.333,78.384,0
1316721600,78.383,78.444,78.326,78.443,0
1316725200,78.434,78.487,78.39,78.477,0
1316728800,78.473,78.473,78.368,78.373,0
1316732400,78.353,78.356,78.202,78.238,0
1316736000,78.237,78.241,77.955,78.096,0
1316739600,78.095,78.196,78.066,78.159,0
1316743200,78.158,78.224,78.072,78.113,0
1316746800,78.112,78.176,78.081,78.132,0
1316750400,78.127,78.262,78.117,78.221,0
1316754000,78.21,78.379,78.206,78.286,0
1316757600,78.289,78.339,78.029,78.1,0
1316761200,78.101,78.239,78.065,78.152,0
1316764800,78.149,78.151,77.95,78.058,0
1316768400,78.051,78.239,78.02,78.23,0
1316772000,78.228,78.508,78.199,78.444,0
1316775600,78.443,78.588,78.377,78.551,0
1316779200,78.546,78.618,78.26,78.294,0
1316782800,78.293,78.311,78.084,78.14,0
1316786400,78.141,78.299,78.065,78.152,0
1316790000,78.149,78.19,78.007,78.168,0
1316793600,78.159,78.391,78.152,78.391,0
1316797200,78.394,78.439,78.241,78.254,0
1316800800,78.259,78.507,78.227,78.501,0
1316804400,78.499,78.505,78.212,78.222,0
1316808000,78.19,78.308,78.19,78.29,0
1316811600,78.302,78.305,78.299,78.302,0
1316988000,78.129,78.145,78.072,78.086,0
1316991600,78.089,78.28,78.088,78.221,0
1316995200,78.225,78.634,78.2,78.614,0
1316998800,78.621,78.662,78.519,78.534,0
1317002400,78.533,78.636,78.513,78.552,0
1317006000,78.553,78.716,78.514,78.689,0
1317009600,78.676,78.72,78.61,78.65,0
1317013200,78.655,78.719,78.604,78.719,0
1317016800,78.72,78.863,78.66,78.665,0
1317020400,78.669,78.683,78.517,78.61,0
1317024000,78.604,78.61,78.354,78.366,0
1317027600,78.368,78.457,78.297,78.435,0
1317031200,78.446,78.46,78.205,78.243,0
1317034800,78.238,78.24,77.993,78.14,0
1317038400,78.142,78.234,78.094,78.146,0
1317042000,78.144,78.457,78.117,78.425,0
1317045600,78.424,78.572,78.275,78.335,0
1317049200,78.332,78.339,78.069,78.141,0
1317052800,78.136,78.396,78.136,78.382,0
1317056400,78.387,78.459,78.322,78.388,0
1317060000,78.383,78.528,78.315,78.363,0
1317063600,78.357,78.357,78.109,78.109,0
1317067200,78.122,78.129,77.989,77.99,0
1317070800,77.995,78.033,77.94,78.019,0
1317074400,78.023,78.083,78.021,78.077,0
1317078000,78.08,78.165,78.08,78.155,0
1317081600,78.157,78.219,78.133,78.198,0
1317085200,78.197,78.199,77.954,77.971,0
1317088800,77.969,77.984,77.834,77.912,0
1317092400,77.915,78.007,77.85,77.999,0
1317096000,77.996,78.063,77.978,78.026,0
1317099600,78.024,78.028,77.906,77.926,0
1317103200,77.928,78.008,77.839,77.989,0
1317106800,77.986,78.185,77.948,78.11,0
1317110400,78.102,78.245,78.026,78.21,0
1317114000,78.209,78.21,78.025,78.067,0
1317117600,78.085,78.188,77.998,77.999,0
1317121200,78,78.053,77.649,77.71,0
1317124800,77.707,77.873,77.687,77.785,0
1317128400,77.788,77.803,77.465,77.481,0
1317132000,77.479,77.643,77.423,77.503,0
1317135600,77.501,77.646,77.494,77.622,0
1317139200,77.63,77.706,77.553,77.676,0
1317142800,77.671,77.695,77.472,77.516,0
1317146400,77.515,77.533,77.394,77.506,0
1317150000,77.496,77.78,77.496,77.745,0
1317153600,77.748,77.816,77.704,77.764,0
1317157200,77.769,77.78,77.734,77.763,0
1317160800,77.759,77.813,77.754,77.791,0
1317164400,77.79,77.792,77.74,77.765,0
1317168000,77.766,77.863,77.763,77.811,0
1317171600,77.81,77.814,77.714,77.777,0
1317175200,77.781,77.815,77.747,77.796,0
1317178800,77.799,77.952,77.78,77.884,0
1317182400,77.888,77.908,77.834,77.856,0
1317186000,77.858,77.908,77.796,77.896,0
1317189600,77.893,77.893,77.708,77.811,0
1317193200,77.801,77.827,77.521,77.525,0
1317196800,77.526,77.727,77.526,77.671,0
1317200400,77.664,77.696,77.467,77.472,0
1317204000,77.462,77.557,77.306,77.381,0
1317207600,77.383,77.555,77.36,77.547,0
1317211200,77.548,77.665,77.484,77.625,0
1317214800,77.629,77.688,77.507,77.541,0
1317218400,77.535,77.772,77.535,77.676,0
1317222000,77.673,77.754,77.566,77.594,0
1317225600,77.593,77.695,77.572,77.662,0
1317229200,77.667,77.935,77.661,77.914,0
1317232800,77.916,77.965,77.837,77.852,0
1317236400,77.856,78.086,77.829,78.025,0
1317240000,78.024,78.072,77.911,78.047,0
1317243600,78.049,78.131,78.018,78.106,0
1317247200,78.111,78.114,78.084,78.096,0
1317250800,78.08,78.157,78.075,78.151,0
1317254400,78.148,78.155,78.037,78.066,0
1317258000,78.062,78.1,77.967,77.981,0
1317261600,77.98,78.029,77.915,77.944,0
1317265200,77.942,77.948,77.744,77.745,0
1317268800,77.751,77.76,77.632,77.68,0
1317272400,77.678,77.757,77.672,77.696,0
1317276000,77.704,77.8,77.644,77.8,0
1317279600,77.792,77.799,77.482,77.505,0
1317283200,77.51,77.546,77.421,77.538,0
1317286800,77.541,77.675,77.475,77.539,0
1317290400,77.541,77.729,77.449,77.724,0
1317294000,77.738,77.768,77.668,77.759,0
1317297600,77.757,77.78,77.543,77.652,0
1317301200,77.659,77.772,77.583,77.652,0
1317304800,77.661,77.702,77.522,77.614,0
1317308400,77.607,77.695,77.577,77.649,0
1317312000,77.644,77.884,77.636,77.884,0
1317315600,77.878,77.994,77.791,77.944,0
1317319200,77.945,78.055,77.92,78.028,0
1317322800,78.033,78.087,77.886,77.899,0
1317326400,77.9,77.938,77.859,77.875,0
1317330000,77.874,77.954,77.867,77.943,0
1317333600,77.949,77.958,77.906,77.92,0
1317337200,77.945,77.963,77.87,77.887,0
1317340800,77.882,77.971,77.834,77.971,0
1317344400,77.978,78,77.915,77.957,0
1317348000,77.964,78.096,77.937,78.075,0
1317351600,78.077,78.165,78.057,78.16,0
1317355200,78.159,78.166,78.065,78.073,0
1317358800,78.07,78.073,77.992,78.014,0
1317362400,78.012,78.276,78.012,78.241,0
1317366000,78.247,78.354,78.163,78.211,0
1317369600,78.208,78.312,78.132,78.143,0
1317373200,78.144,78.264,78.131,78.231,0
1317376800,78.233,78.376,78.152,78.322,0
1317380400,78.321,78.429,78.316,78.342,0
1317384000,78.355,78.393,78.263,78.391,0
1317387600,78.396,78.644,78.353,78.562,0
1317391200,78.575,78.656,78.431,78.655,0
1317394800,78.648,78.648,78.384,78.462,0
1317398400,78.456,78.545,78.387,78.44,0
1317402000,78.454,78.5,78.397,78.42,0
1317405600,78.419,78.605,78.384,78.598,0
1317409200,78.582,78.739,78.559,78.739,0
1317412800,78.75,78.8,78.736,78.792,0
1317416400,78.781,78.809,78.781,78.796,0
1317589200,78.969,79.019,78.899,78.966,0
1317592800,78.965,78.992,78.901,78.932,0
1317596400,78.934,78.95,78.868,78.922,0
1317600000,78.918,78.958,78.852,78.958,0
1317603600,78.959,78.975,78.861,78.969,0
1317607200,78.97,79.048,78.92,79.016,0
1317610800,79.012,79.103,78.999,79.074,0
1317614400,79.071,79.136,79.056,79.089,0
1317618000,79.091,79.154,79.017,79.122,0
1317621600,79.121,79.135,78.953,79.022,0
1317625200,79.021,79.065,78.903,78.903,0
1317628800,78.906,79.015,78.807,79.004,0
1317632400,79.024,79.042,78.843,78.952,0
1317636000,78.952,78.958,78.793,78.856,0
1317639600,78.865,78.983,78.837,78.903,0
1317643200,78.907,79.118,78.86,79.087,0
1317646800,79.09,79.115,79.009,79.061,0
1317650400,79.053,79.202,78.837,79.189,0
1317654000,79.205,79.365,79.141,79.144,0
1317657600,79.137,79.275,79.13,79.211,0
1317661200,79.204,79.382,79.199,79.329,0
1317664800,79.327,79.572,79.248,79.431,0
1317668400,79.43,79.508,79.36,79.49,0
1317672000,79.512,79.686,79.491,79.658,0
1317675600,79.656,79.696,79.599,79.604,0
1317679200,79.59,79.596,79.524,79.578,0
1317682800,79.66,79.671,79.594,79.607,0
1317686400,79.598,79.652,79.554,79.57,0
1317690000,79.577,79.583,79.479,79.491,0
1317693600,79.49,79.579,79.483,79.546,0
1317697200,79.55,79.629,79.514,79.582,0
1317700800,79.584,79.638,79.517,79.534,0
1317704400,79.533,79.599,79.455,79.468,0
1317708000,79.47,79.512,79.405,79.415,0
1317711600,79.424,79.823,79.424,79.769,0
1317715200,79.775,79.803,79.615,79.643,0
1317718800,79.642,79.722,79.556,79.568,0
1317722400,79.563,79.685,79.541,79.668,0
1317726000,79.68,79.727,79.576,79.701,0
1317729600,79.705,79.758,79.593,79.665,0
1317733200,79.66,79.75,79.586,79.732,0
1317736800,79.734,79.838,79.334,79.363,0
1317740400,79.368,79.528,79.3,79.337,0
1317744000,79.333,79.413,79.238,79.4,0
1317747600,79.412,79.571,79.388,79.566,0
1317751200,79.562,79.623,79.495,79.597,0
1317754800,79.593,79.622,79.167,79.173,0
1317758400,79.162,79.188,78.894,78.941,0
1317762000,78.942,79.04,78.919,79.035,0
1317765600,79.032,79.1,79.031,79.093,0
1317769200,79.11,79.135,79.078,79.117,0
1317772800,79.127,79.355,79.12,79.285,0
1317776400,79.283,79.379,79.255,79.272,0
1317780000,79.274,79.274,79.19,79.225,0
1317783600,79.232,79.274,79.224,79.255,0
1317787200,79.256,79.281,79.162,79.162,0
1317790800,79.16,79.204,79.099,79.158,0
1317794400,79.159,79.238,79.076,79.087,0
1317798000,79.093,79.259,79.048,79.23,0
1317801600,79.229,79.255,79.064,79.081,0
1317805200,79.079,79.273,79.048,79.183,0
1317808800,79.179,79.179,78.83,78.923,0
1317812400,78.931,79.071,78.909,79.063,0
1317816000,79.052,79.178,78.942,79.151,0
1317819600,79.155,79.232,79.061,79.186,0
1317823200,79.19,79.35,78.996,79.183,0
1317826800,79.186,79.314,79.049,79.08,0
1317830400,79.071,79.183,79.053,79.158,0
1317834000,79.161,79.161,78.903,78.934,0
1317837600,78.935,78.953,78.804,78.919,0
1317841200,78.918,79,78.909,78.947,0
1317844800,78.942,78.984,78.931,78.937,0
1317848400,78.933,78.975,78.907,78.938,0
1317852000,78.937,79.017,78.937,78.998,0
1317855600,78.906,78.962,78.868,78.961,0
1317859200,78.962,79.006,78.92,78.979,0
1317862800,78.973,78.987,78.933,78.98,0
1317866400,78.977,79.069,78.974,79.058,0
1317870000,79.059,79.088,79.014,79.041,0
1317873600,79.039,79.072,79.009,79.049,0
1317877200,79.05,79.077,79.019,79.038,0
1317880800,79.039,79.039,78.919,78.959,0
1317884400,78.967,79.107,78.954,78.996,0
1317888000,78.998,78.998,78.697,78.801,0
1317891600,78.794,78.867,78.744,78.814,0
1317895200,78.807,78.969,78.807,78.928,0
1317898800,78.926,79.361,78.926,79.259,0
1317902400,79.275,79.502,79.204,79.311,0
1317906000,79.316,79.488,79.043,79.122,0
1317909600,79.118,79.191,78.654,78.801,0
1317913200,78.8,78.81,78.657,78.761,0
1317916800,78.762,78.855,78.733,78.821,0
1317920400,78.817,78.832,78.642,78.652,0
1317924000,78.651,78.667,78.527,78.634,0
1317927600,78.644,78.655,78.514,78.521,0
1317931200,78.516,78.607,78.516,78.58,0
1317934800,78.581,78.643,78.571,78.624,0
1317938400,78.626,78.654,78.621,78.644,0
1317942000,78.62,78.626,78.584,78.618,0
1317945600,78.623,78.733,78.621,78.695,0
1317949200,78.698,78.728,78.638,78.642,0
1317952800,78.641,78.642,78.577,78.607,0
1317956400,78.609,78.621,78.548,78.548,0
1317960000,78.555,78.606,78.541,78.6,0
1317963600,78.605,78.622,78.573,78.615,0
1317967200,78.618,78.653,78.497,78.534,0
1317970800,78.533,78.575,78.415,78.475,0
1317974400,78.476,78.586,78.464,78.583,0
1317978000,78.578,78.647,78.552,78.598,0
1317981600,78.595,78.639,78.527,78.527,0
1317985200,78.534,78.548,78.425,78.484,0
1317988800,78.491,78.512,78.109,78.277,0
1317992400,78.276,78.398,78.231,78.272,0
1317996000,78.267,78.279,78.061,78.22,0
1317999600,78.221,78.3,78.124,78.145,0
1318003200,78.156,78.743,78.151,78.693,0
1318006800,78.691,78.728,78.581,78.622,0
1318010400,78.621,78.835,78.615,78.726,0
1318014000,78.713,78.759,78.55,78.728,0
1318017600,78.732,78.798,78.655,78.749,0
1318021200,78.751,78.754,78.747,78.753,0
1318194000,78.72,78.737,78.637,78.729,0
1318197600,78.725,78.757,78.697,78.747,0
1318201200,78.746,78.776,78.663,78.663,0
1318204800,78.656,78.692,78.441,78.448,0
1318208400,78.449,78.469,78.345,78.405,0
1318212000,78.404,78.48,78.402,78.474,0
1318215600,78.471,78.477,78.375,78.383,0
1318219200,78.381,78.393,78.285,78.29,0
1318222800,78.291,78.326,78.253,78.323,0
1318226400,78.316,78.347,78.225,78.338,0
1318230000,78.34,78.388,78.05,78.059,0
1318233600,78.06,78.113,77.829,77.897,0
1318237200,77.896,77.945,77.869,77.936,0
1318240800,77.937,77.938,77.748,77.821,0
1318244400,77.827,77.898,77.771,77.824,0
1318248000,77.829,77.832,77.591,77.706,0
1318251600,77.709,77.73,77.581,77.613,0
1318255200,77.612,77.63,77.509,77.529,0
1318258800,77.53,77.534,77.386,77.405,0
1318262400,77.403,77.494,77.34,77.494,0
1318266000,77.504,77.542,77.441,77.505,0
1318269600,77.504,77.577,77.504,77.56,0
1318273200,77.553,77.629,77.528,77.528,0
1318276800,77.533,77.577,77.504,77.564,0
1318280400,77.562,77.616,77.545,77.604,0
1318284000,77.594,77.642,77.592,77.623,0
1318287600,77.624,77.645,77.615,77.642,0
1318291200,77.641,77.686,77.581,77.62,0
1318294800,77.621,77.659,77.533,77.549,0
1318298400,77.547,77.663,77.523,77.658,0
1318302000,77.665,77.699,77.631,77.668,0
1318305600,77.669,77.681,77.631,77.648,0
1318309200,77.649,77.67,77.594,77.619,0
1318312800,77.624,77.729,77.54,77.654,0
1318316400,77.642,77.692,77.489,77.63,0
1318320000,77.637,77.851,77.617,77.846,0
1318323600,77.843,77.895,77.746,77.781,0
1318327200,77.78,77.864,77.725,77.787,0
1318330800,77.783,77.838,77.672,77.834,0
1318334400,77.838,77.949,77.714,77.856,0
1318338000,77.847,77.937,77.778,77.812,0
1318341600,77.818,77.934,77.676,77.678,0
1318345200,77.679,77.742,77.563,77.588,0
1318348800,77.592,77.691,77.551,77.656,0
1318352400,77.659,77.686,77.474,77.504,0
1318356000,77.499,77.613,77.491,77.585,0
1318359600,77.576,77.583,77.488,77.488,0
1318363200,77.484,77.698,77.483,77.669,0
1318366800,77.671,77.676,77.585,77.62,0
1318370400,77.617,77.648,77.616,77.625,0
1318374000,77.635,77.703,77.629,77.703,0
1318377600,77.688,77.828,77.677,77.806,0
1318381200,77.804,77.928,77.804,77.855,0
1318384800,77.852,77.861,77.799,77.822,0
1318388400,77.818,77.825,77.752,77.781,0
1318392000,77.777,77.794,77.722,77.774,0
1318395600,77.773,77.778,77.646,77.682,0
1318399200,77.683,77.737,77.537,77.555,0
1318402800,77.559,77.642,77.447,77.451,0
1318406400,77.452,77.47,77.042,77.058,0
1318410000,77.061,77.061,76.851,76.882,0
1318413600,76.876,77.009,76.796,76.998,0
1318417200,76.993,77.081,76.945,77.074,0
1318420800,77.072,77.077,76.934,76.998,0
1318424400,77,77.185,76.998,77.035,0
1318428000,77.033,77.068,76.888,76.97,0
1318431600,76.971,77.033,76.899,76.956,0
1318435200,76.955,76.969,76.907,76.924,0
1318438800,76.925,76.925,76.826,76.861,0
1318442400,76.868,76.998,76.852,76.994,0
1318446000,76.99,77.014,76.924,77.014,0
1318449600,77.011,77.049,76.989,76.999,0
1318453200,77.005,77.068,76.994,77.068,0
1318456800,77.056,77.065,77.023,77.031,0
1318460400,77.018,77.058,77.012,77.041,0
1318464000,77.043,77.092,76.992,77.022,0
1318467600,77.02,77.093,76.985,77.044,0
1318471200,77.042,77.104,77.018,77.027,0
1318474800,77.03,77.043,76.973,76.976,0
1318478400,76.975,77.012,76.88,76.956,0
1318482000,76.961,77.032,76.912,77.032,0
1318485600,77.036,77.074,76.988,77.045,0
1318489200,77.042,77.047,76.843,76.913,0
1318492800,76.929,77.259,76.921,77.233,0
1318496400,77.236,77.305,77.087,77.252,0
1318500000,77.236,77.276,77.161,77.179,0
1318503600,77.183,77.326,77.174,77.215,0
1318507200,77.22,77.283,77.175,77.232,0
1318510800,77.229,77.412,77.195,77.348,0
1318514400,77.346,77.433,77.311,77.352,0
1318518000,77.351,77.364,77.189,77.249,0
1318521600,77.25,77.289,77.174,77.184,0
1318525200,77.176,77.217,77.029,77.077,0
1318528800,77.079,77.112,76.966,76.996,0
1318532400,76.998,77.022,76.926,76.988,0
1318536000,76.986,77.043,76.927,77.035,0
1318539600,77.037,77.061,77.03,77.054,0
1318543200,77.055,77.079,77.036,77.072,0
1318546800,77.206,77.22,77.145,77.151,0
1318550400,77.15,77.283,77.082,77.281,0
1318554000,77.279,77.286,77.088,77.133,0
1318557600,77.127,77.168,77.078,77.16,0
1318561200,77.161,77.176,77.108,77.125,0
1318564800,77.123,77.139,77.021,77.063,0
1318568400,77.063,77.115,76.978,76.989,0
1318572000,76.99,77.031,76.874,77.009,0
1318575600,77.013,77.177,76.995,77.069,0
1318579200,77.065,77.074,76.812,76.933,0
1318582800,76.924,76.991,76.87,76.951,0
1318586400,76.947,76.987,76.897,76.965,0
1318590000,76.974,77.036,76.956,76.959,0
1318593600,76.955,76.955,76.794,76.929,0
1318597200,76.924,76.93,76.513,76.602,0
1318600800,76.606,76.718,76.508,76.717,0
1318604400,76.71,76.782,76.682,76.735,0
1318608000,76.728,76.831,76.714,76.761,0
1318611600,76.764,76.774,76.619,76.643,0
1318615200,76.644,76.691,76.622,76.623,0
1318618800,76.625,76.664,76.603,76.631,0
1318622400,76.619,76.623,76.578,76.587,0
1318626000,76.585,76.623,76.585,76.611,0
1318629600,76.607,76.607,76.607,76.607,0
1318798800,76.617,76.643,76.555,76.581,0
1318802400,76.586,76.618,76.558,76.606,0
1318806000,76.608,76.663,76.567,76.626,0
1318809600,76.631,76.718,76.614,76.689,0
1318813200,76.687,76.753,76.678,76.683,0
1318816800,76.684,76.712,76.675,76.71,0
1318820400,76.707,76.799,76.693,76.736,0
1318824000,76.737,76.775,76.686,76.722,0
1318827600,76.719,76.757,76.654,76.688,0
1318831200,76.69,76.691,76.578,76.632,0
1318834800,76.625,76.695,76.507,76.55,0
1318838400,76.553,76.583,76.441,76.552,0
1318842000,76.553,76.771,76.496,76.753,0
1318845600,76.77,76.972,76.721,76.943,0
1318849200,76.949,77.086,76.949,77.025,0
1318852800,77.024,77.061,76.929,76.996,0
1318856400,76.987,77.088,76.903,77.062,0
1318860000,77.066,77.117,76.961,77.017,0
1318863600,77.02,77.088,76.97,77.006,0
1318867200,77,77.07,76.962,76.997,0
1318870800,77.003,77.089,77.002,77.034,0
1318874400,77.029,77.204,77.025,77.146,0
1318878000,77.147,77.179,77.122,77.161,0
1318881600,77.157,77.247,77.139,77.199,0
1318885200,77.2,77.248,77.146,77.209,0
1318888800,77.206,77.214,77.174,77.198,0
1318892400,77.181,77.183,77.141,77.163,0
1318896000,77.162,77.162,77.019,77.056,0
1318899600,77.057,77.058,76.968,77.013,0
1318903200,77.014,77.144,77.011,77.054,0
1318906800,77.049,77.097,76.955,76.968,0
1318910400,76.972,77.038,76.961,77.019,0
1318914000,77.021,77.049,76.986,77.015,0
1318917600,77.026,77.17,76.998,77.158,0
1318921200,77.145,77.39,77.107,77.275,0
1318924800,77.271,77.485,77.199,77.418,0
1318928400,77.415,77.525,77.346,77.407,0
1318932000,77.397,77.429,77.273,77.322,0
1318935600,77.32,77.493,77.306,77.462,0
1318939200,77.461,77.511,77.26,77.336,0
1318942800,77.331,77.539,77.208,77.501,0
1318946400,77.503,77.552,77.337,77.411,0
1318950000,77.413,77.434,77.236,77.262,0
1318953600,77.264,77.311,77.132,77.163,0
1318957200,77.161,77.243,77.137,77.192,0
1318960800,77.196,77.204,77.121,77.138,0
1318964400,77.139,77.142,76.8,77.044,0
1318968000,77.043,77.112,76.989,77.085,0
1318971600,77.086,77.183,77.056,77.164,0
1318975200,77.167,77.183,77.13,77.157,0
1318978800,77.148,77.172,77.125,77.168,0
1318982400,77.17,77.191,76.995,77.025,0
1318986000,77.027,77.045,76.948,77.027,0
1318989600,77.03,77.048,76.943,76.975,0
1318993200,76.973,77.001,76.86,76.869,0
1318996800,76.87,76.92,76.814,76.815,0
1319000400,76.813,76.875,76.736,76.799,0
1319004000,76.805,76.956,76.709,76.893,0
1319007600,76.899,76.932,76.772,76.85,0
1319011200,76.848,76.928,76.777,76.81,0
1319014800,76.807,76.811,76.635,76.644,0
1319018400,76.645,76.711,76.58,76.666,0
1319022000,76.676,76.799,76.659,76.788,0
1319025600,76.79,76.801,76.574,76.618,0
1319029200,76.608,76.903,76.599,76.83,0
1319032800,76.826,76.935,76.777,76.811,0
1319036400,76.812,76.967,76.812,76.964,0
1319040000,76.963,76.974,76.861,76.904,0
1319043600,76.909,77.018,76.848,76.936,0
1319047200,76.94,77.151,76.938,77.114,0
1319050800,77.112,77.184,77.091,77.115,0
1319054400,77.108,77.13,77.074,77.08,0
1319058000,77.082,77.114,77.072,77.073,0
1319061600,77.075,77.086,77.053,77.063,0
1319065200,77.038,77.051,77.012,77.049,0
1319068800,77.048,77.077,76.976,77.068,0
1319072400,77.069,77.191,77.062,77.136,0
1319076000,77.128,77.242,77.125,77.211,0
1319079600,77.21,77.318,77.21,77.235,0
1319083200,77.233,77.301,77.217,77.275,0
1319086800,77.278,77.391,77.265,77.343,0
1319090400,77.341,77.422,77.256,77.285,0
1319094000,77.292,77.444,77.211,77.262,0
1319097600,77.259,77.294,77.115,77.219,0
1319101200,77.214,77.229,76.723,76.871,0
1319104800,76.867,76.867,76.708,76.834,0
1319108400,76.842,76.961,76.829,76.87,0
1319112000,76.865,77.085,76.806,77.014,0
1319115600,77.019,77.192,76.941,77.093,0
1319119200,77.097,77.341,77.019,77.34,0
1319122800,77.338,77.498,77.265,77.44,0
1319126400,77.43,77.486,77.244,77.264,0
1319130000,77.269,77.326,77.038,77.139,0
1319133600,77.142,77.212,76.926,76.974,0
1319137200,76.973,76.99,76.895,76.918,0
1319140800,76.923,76.948,76.913,76.936,0
1319144400,76.937,76.984,76.93,76.963,0
1319148000,76.961,76.964,76.906,76.927,0
1319151600,76.994,76.995,76.892,76.895,0
1319155200,76.89,77.005,76.84,76.942,0
1319158800,76.943,76.944,76.808,76.914,0
1319162400,76.916,76.941,76.838,76.898,0
1319166000,76.903,76.962,76.896,76.948,0
1319169600,76.945,76.948,76.9,76.932,0
1319173200,76.929,76.929,76.8,76.857,0
1319176800,76.863,77.017,76.825,77.005,0
1319180400,77.011,77.128,77,77.075,0
1319184000,77.068,77.212,76.972,77.001,0
1319187600,76.997,77.05,76.868,76.912,0
1319191200,76.909,77.009,76.872,76.984,0
1319194800,76.985,76.987,76.65,76.697,0
1319198400,76.702,76.774,76.543,76.567,0
1319202000,76.565,76.566,76.253,76.313,0
1319205600,76.31,76.442,76.249,76.259,0
1319209200,76.261,76.379,76.261,76.367,0
1319212800,76.366,76.454,76.341,76.452,0
1319216400,76.451,76.546,76.445,76.542,0
1319220000,76.543,76.579,76.394,76.395,0
1319223600,76.396,76.418,76.26,76.266,0
1319227200,76.267,76.296,76.234,76.271,0
1319230800,76.273,76.276,76.273,76.276,0
1319403600,76.471,76.473,76.376,76.383,0
1319407200,76.384,76.477,76.373,76.477,0
1319410800,76.476,76.526,76.446,76.484,0
1319414400,76.48,76.521,76.378,76.467,0
1319418000,76.459,76.474,76.401,76.421,0
1319421600,76.414,76.44,76.321,76.335,0
1319425200,76.333,76.378,76.311,76.314,0
1319428800,76.316,76.327,76.209,76.277,0
1319432400,76.275,76.313,76.144,76.144,0
1319436000,76.146,76.201,76.053,76.168,0
1319439600,76.169,76.342,76.164,76.292,0
1319443200,76.291,76.461,76.219,76.414,0
1319446800,76.415,76.475,76.352,76.386,0
1319450400,76.389,76.546,76.356,76.513,0
1319454000,76.517,76.524,76.361,76.387,0
1319457600,76.386,76.479,76.359,76.397,0
1319461200,76.403,76.53,76.383,76.469,0
1319464800,76.463,76.481,76.259,76.29,0
1319468400,76.289,76.289,76.026,76.09,0
1319472000,76.091,76.154,76.073,76.127,0
1319475600,76.114,76.135,75.991,76.023,0
1319479200,76.022,76.106,76.017,76.028,0
1319482800,76.027,76.165,75.985,76.098,0
1319486400,76.097,76.131,76.077,76.088,0
1319490000,76.082,76.114,76.073,76.08,0
1319493600,76.086,76.203,76.08,76.147,0
1319497200,76.149,76.173,76.12,76.137,0
1319500800,76.13,76.198,76.098,76.193,0
1319504400,76.19,76.22,76.131,76.131,0
1319508000,76.138,76.235,76.123,76.17,0
1319511600,76.168,76.18,76.093,76.148,0
1319515200,76.151,76.187,76.092,76.155,0
1319518800,76.157,76.248,76.132,76.206,0
1319522400,76.202,76.29,76.087,76.251,0
1319526000,76.253,76.253,76.001,76.064,0
1319529600,76.067,76.2,76.009,76.109,0
1319533200,76.1,76.184,76.018,76.09,0
1319536800,76.087,76.109,75.94,76.014,0
1319540400,76.008,76.079,75.967,76.029,0
1319544000,76.025,76.222,76.003,76.182,0
1319547600,76.181,76.442,75.984,76.284,0
1319551200,76.291,76.402,76.129,76.233,0
1319554800,76.228,76.356,76.197,76.198,0
1319558400,76.201,76.222,76.108,76.176,0
1319562000,76.178,76.19,76.096,76.117,0
1319565600,76.118,76.211,76.116,76.122,0
1319569200,76.12,76.278,76.09,76.239,0
1319572800,76.241,76.269,76.193,76.249,0
1319576400,76.247,76.269,76.218,76.229,0
1319580000,76.232,76.237,76.193,76.225,0
1319583600,76.243,76.312,76.237,76.271,0
1319587200,76.27,76.285,76.147,76.182,0
1319590800,76.179,76.206,76.142,76.143,0
1319594400,76.142,76.17,76.107,76.155,0
1319598000,76.156,76.194,76.142,76.152,0
1319601600,76.151,76.177,76.137,76.152,0
1319605200,76.157,76.196,76.146,76.165,0
1319608800,76.168,76.25,76.106,76.111,0
1319612400,76.115,76.152,76.045,76.069,0
1319616000,76.081,76.169,76.024,76.157,0
1319619600,76.162,76.166,76.047,76.089,0
1319623200,76.091,76.172,76.011,76.155,0
1319626800,76.171,76.202,76.062,76.129,0
1319630400,76.128,76.164,76.057,76.069,0
1319634000,76.062,76.218,75.881,76.153,0
1319637600,76.168,76.662,76.144,76.567,0
1319641200,76.571,76.582,76.402,76.489,0
1319644800,76.492,76.573,76.477,76.508,0
1319648400,76.517,76.545,76.197,76.251,0
1319652000,76.242,76.295,76.143,76.246,0
1319655600,76.237,76.254,76.163,76.198,0
1319659200,76.201,76.277,76.151,76.184,0
1319662800,76.183,76.29,76.177,76.243,0
1319666400,76.24,76.246,76.194,76.204,0
1319670000,76.303,76.32,76.237,76.245,0
1319673600,76.247,76.247,76.118,76.136,0
1319677200,76.137,76.205,75.81,75.858,0
1319680800,75.867,75.961,75.786,75.947,0
1319684400,75.948,76.004,75.886,75.896,0
1319688000,75.895,75.936,75.787,75.863,0
1319691600,75.862,75.862,75.754,75.783,0
1319695200,75.795,75.822,75.687,75.697,0
1319698800,75.693,75.79,75.595,75.707,0
1319702400,75.716,75.78,75.638,75.759,0
1319706000,75.77,75.792,75.639,75.645,0
1319709600,75.643,75.701,75.569,75.577,0
1319713200,75.579,75.66,75.56,75.593,0
1319716800,75.596,75.596,75.405,75.422,0
1319720400,75.426,75.426,75.119,75.207,0
1319724000,75.216,75.303,75.123,75.152,0
1319727600,75.156,75.191,74.987,75.037,0
1319731200,75.033,75.038,74.836,74.967,0
1319734800,74.969,74.991,74.78,74.788,0
1319738400,74.79,74.899,74.724,74.879,0
1319742000,74.875,75.027,74.835,74.978,0
1319745600,74.972,74.986,74.941,74.958,0
1319749200,74.957,75.01,74.879,74.972,0
1319752800,74.971,75.045,74.971,75.045,0
1319756400,74.972,74.977,74.921,74.93,0
1319760000,74.931,75.049,74.926,75,0
1319763600,74.995,75.024,74.974,75.013,0
1319767200,75.01,75.059,74.999,75.041,0
1319770800,75.038,75.071,75.01,75.045,0
1319774400,75.042,75.055,75.012,75.028,0
1319778000,75.031,75.04,74.971,74.979,0
1319781600,74.977,75.069,74.927,74.987,0
1319785200,74.984,75.1,74.984,75.021,0
1319788800,75.024,75.045,74.904,74.976,0
1319792400,74.982,75.071,74.943,74.996,0
1319796000,74.999,75.127,74.994,75.079,0
1319799600,75.072,75.147,74.961,75.07,0
1319803200,75.059,75.087,74.997,75.054,0
1319806800,75.055,75.16,75.04,75.089,0
1319810400,75.093,75.156,74.962,74.977,0
1319814000,74.972,75.064,74.926,75.04,0
1319817600,75.041,75.083,75.011,75.037,0
1319821200,75.032,75.06,74.997,75.015,0
1319824800,75.013,75.086,74.981,75.067,0
1319828400,75.066,75.091,75.007,75.04,0
1319832000,75.042,75.101,75.031,75.087,0
1319835600,75.089,75.09,75.067,75.089,0
1320012000,75.063,75.107,75.063,75.096,0
1320015600,75.097,75.134,75.054,75.129,0
1320019200,75.132,75.139,75.07,75.07,0
1320022800,75.071,75.785,74.984,75.673,0
1320026400,75.668,76.094,75.473,75.993,0
1320030000,75.991,76.151,75.982,76.151,0
1320033600,76.149,76.25,76.14,76.244,0
1320037200,76.245,76.26,76.125,76.227,0
1320040800,76.234,76.334,76,76.025,0
1320044400,76.029,76.17,75.904,75.938,0
1320048000,75.935,76.099,75.896,76.042,0
1320051600,76.038,76.078,75.967,75.993,0
1320055200,75.994,76.07,75.911,75.922,0
1320058800,75.919,76.009,75.881,75.925,0
1320062400,75.922,76.089,75.909,75.954,0
1320066000,75.94,76.02,75.86,75.988,0
1320069600,75.991,76.055,75.894,76.004,0
1320073200,76.006,76.147,75.983,76.053,0
1320076800,76.066,76.246,76.008,76.16,0
1320080400,76.161,76.201,76.047,76.087,0
1320084000,76.083,76.226,76.077,76.166,0
1320087600,76.174,76.575,76.161,76.544,0
1320091200,76.553,76.562,76.464,76.487,0
1320094800,76.49,76.538,76.464,76.482,0
1320098400,76.483,76.526,76.464,76.49,0
1320105600,76.521,76.565,76.506,76.525,0
1320109200,76.531,76.689,76.497,76.544,0
1320112800,76.538,76.562,76.474,76.54,0
1320116400,76.538,76.585,76.516,76.537,0
1320120000,76.543,76.693,76.536,76.681,0
1320123600,76.679,76.77,76.638,76.678,0
1320127200,76.674,76.87,76.648,76.87,0
1320130800,76.871,76.967,76.829,76.841,0
1320134400,76.848,77.301,76.847,77.208,0
1320138000,77.207,77.236,77.064,77.234,0
1320141600,77.235,77.372,77.208,77.278,0
1320145200,77.275,77.443,77.179,77.38,0
1320148800,77.378,77.676,77.286,77.54,0
1320152400,77.541,77.624,77.413,77.436,0
1320156000,77.442,77.498,77.253,77.404,0
1320159600,77.399,77.528,77.39,77.408,0
1320163200,77.402,77.48,77.256,77.387,0
1320166800,77.39,77.408,77.027,77.151,0
1320170400,77.148,77.272,77.052,77.261,0
1320174000,77.251,77.415,77.151,77.325,0
1320177600,77.334,77.339,77.258,77.315,0
1320181200,77.312,77.357,77.261,77.329,0
1320184800,77.33,77.341,77.281,77.327,0
1320192000,77.37,77.442,77.294,77.313,0
1320195600,77.316,77.316,77.198,77.249,0
1320199200,77.246,77.309,77.208,77.25,0
1320202800,77.249,77.28,77.152,77.213,0
1320206400,77.211,77.23,77.169,77.212,0
1320210000,77.211,77.238,77.164,77.193,0
1320213600,77.185,77.209,77.05,77.138,0
1320217200,77.146,77.216,77.004,77.029,0
1320220800,77.025,77.07,76.886,76.905,0
1320224400,76.903,77.079,76.83,77.058,0
1320228000,77.065,77.079,76.928,77.006,0
1320231600,77.007,77.026,76.916,76.939,0
1320235200,76.937,76.963,76.848,76.891,0
1320238800,76.889,76.889,76.729,76.823,0
1320242400,76.824,76.948,76.794,76.819,0
1320246000,76.818,76.864,76.706,76.852,0
1320249600,76.85,77.132,76.85,77.132,0
1320253200,77.136,77.245,77.042,77.101,0
1320256800,77.114,77.133,76.967,77.017,0
1320260400,77.016,77.131,76.992,77.131,0
1320264000,77.126,77.185,77.073,77.074,0
1320267600,77.073,77.095,77.017,77.074,0
1320271200,77.073,77.088,77.046,77.085,0
1320278400,77.339,77.374,77.263,77.341,0
1320282000,77.337,77.469,77.328,77.433,0
1320285600,77.435,77.465,77.362,77.39,0
1320289200,77.395,77.419,77.286,77.286,0
1320292800,77.287,77.385,77.285,77.324,0
1320296400,77.33,77.343,77.223,77.275,0
1320300000,77.274,77.399,77.268,77.36,0
1320303600,77.371,77.502,77.366,77.414,0
1320307200,77.419,77.432,77.15,77.162,0
1320310800,77.164,77.177,76.895,76.954,0
1320314400,76.958,76.958,76.792,76.839,0
1320318000,76.84,76.963,76.731,76.799,0
1320321600,76.797,77.056,76.665,76.806,0
1320325200,76.808,77.307,76.808,77.261,0
1320328800,77.26,77.405,76.843,76.982,0
1320332400,76.998,77.07,76.892,77.062,0
1320336000,77.047,77.063,76.809,76.823,0
1320339600,76.818,76.875,76.574,76.686,0
1320343200,76.685,76.74,76.624,76.672,0
1320346800,76.679,76.767,76.575,76.738,0
1320350400,76.741,76.772,76.687,76.694,0
1320354000,76.69,76.758,76.668,76.72,0
1320357600,76.725,76.748,76.714,76.744,0
1320364800,76.74,76.839,76.724,76.839,0
1320368400,76.84,76.84,76.736,76.752,0
1320372000,76.761,76.836,76.743,76.828,0
1320375600,76.825,76.872,76.77,76.8,0
1320379200,76.797,76.81,76.733,76.762,0
1320382800,76.764,76.792,76.748,76.773,0
1320386400,76.774,76.838,76.718,76.773,0
1320390000,76.77,76.881,76.69,76.842,0
1320393600,76.839,76.917,76.76,76.868,0
1320397200,76.861,76.88,76.645,76.674,0
1320400800,76.673,76.775,76.655,76.703,0
1320404400,76.701,76.793,76.687,76.741,0
1320408000,76.742,76.879,76.622,76.826,0
1320411600,76.837,77.198,76.818,77.172,0
1320415200,77.178,77.303,77.136,77.191,0
1320418800,77.19,77.216,77.016,77.044,0
1320422400,77.043,77.141,77.008,77.112,0
1320426000,77.113,77.115,76.846,76.9,0
1320429600,76.887,76.984,76.87,76.962,0
1320433200,76.963,77.044,76.945,76.995,0
1320436800,76.992,77.005,76.916,76.922,0
1320440400,76.932,76.962,76.911,76.911,0
1320616800,76.757,76.853,76.741,76.796,0
1320620400,76.802,76.977,76.801,76.939,0
1320624000,76.937,76.981,76.873,76.952,0
1320627600,76.946,77.085,76.919,77.053,0
1320631200,77.052,77.091,76.968,77.026,0
1320634800,77.021,77.075,76.972,77.025,0
1320638400,77.024,77.034,76.99,76.997,0
1320642000,76.995,77.059,76.986,77.034,0
1320645600,77.035,77.089,76.991,76.994,0
1320649200,76.993,77.251,76.988,77.215,0
1320652800,77.214,77.332,77.143,77.256,0
1320656400,77.262,77.297,77.18,77.269,0
1320660000,77.267,77.385,77.18,77.22,0
1320663600,77.225,77.248,76.93,77.07,0
1320667200,77.069,77.103,76.98,77.012,0
1320670800,77.006,77.208,76.992,77.137,0
1320674400,77.136,77.152,76.817,76.844,0
1320678000,76.846,77.101,76.82,77.069,0
1320681600,77.071,77.166,76.974,77.104,0
1320685200,77.108,77.176,77.056,77.089,0
1320688800,77.093,77.14,76.971,77.018,0
1320692400,77.017,77.058,76.962,76.962,0
1320696000,76.945,76.991,76.91,76.921,0
1320699600,76.926,76.994,76.917,76.94,0
1320703200,76.936,76.99,76.926,76.99,0
1320706800,76.988,77.013,76.975,77.009,0
1320710400,77.02,77.089,77.01,77.033,0
1320714000,77.032,77.052,76.995,77.008,0
1320717600,77.005,77.058,76.982,77.02,0
1320721200,77.018,77.03,76.948,77.024,0
1320724800,77.025,77.096,77.022,77.068,0
1320728400,77.067,77.11,77.04,77.072,0
1320732000,77.077,77.123,77.056,77.059,0
1320735600,77.058,77.159,77.01,77.153,0
1320739200,77.157,77.184,76.929,76.988,0
1320742800,76.978,77.005,76.872,77.005,0
1320746400,77.006,77.017,76.892,76.896,0
1320750000,76.904,77.017,76.901,77.005,0
1320753600,77.01,77.02,76.821,76.856,0
1320757200,76.858,76.938,76.813,76.867,0
1320760800,76.869,76.88,76.641,76.641,0
1320764400,76.639,76.924,76.591,76.759,0
1320768000,76.761,76.907,76.761,76.861,0
1320771600,76.86,76.876,76.786,76.853,0
1320775200,76.849,76.931,76.559,76.611,0
1320778800,76.613,76.726,76.567,76.586,0
1320782400,76.584,76.653,76.575,76.607,0
1320786000,76.602,76.641,76.581,76.631,0
1320789600,76.632,76.662,76.605,76.647,0
1320793200,76.646,76.673,76.643,76.665,0
1320796800,76.671,76.671,76.595,76.6,0
1320800400,76.598,76.621,76.513,76.6,0
1320804000,76.599,76.628,76.575,76.611,0
1320807600,76.609,76.647,76.582,76.63,0
1320811200,76.622,76.666,76.596,76.658,0
1320814800,76.657,76.684,76.608,76.61,0
1320818400,76.611,76.698,76.606,76.691,0
1320822000,76.689,76.839,76.659,76.79,0
1320825600,76.792,76.848,76.713,76.753,0
1320829200,76.75,77.234,76.75,77.188,0
1320832800,77.179,77.403,77.147,77.287,0
1320836400,77.298,77.532,77.295,77.496,0
1320840000,77.499,77.58,77.388,77.418,0
1320843600,77.417,77.73,77.403,77.595,0
1320847200,77.587,77.852,77.546,77.813,0
1320850800,77.807,77.846,77.647,77.688,0
1320854400,77.695,77.735,77.59,77.646,0
1320858000,77.645,77.707,77.593,77.601,0
1320861600,77.6,77.85,77.6,77.801,0
1320865200,77.798,77.987,77.796,77.926,0
1320868800,77.933,77.944,77.831,77.861,0
1320872400,77.856,77.923,77.836,77.922,0
1320876000,77.924,78.001,77.904,77.999,0
1320879600,77.981,77.993,77.931,77.987,0
1320883200,78.014,78.042,77.949,77.958,0
1320886800,77.955,77.972,77.882,77.906,0
1320890400,77.904,77.944,77.884,77.921,0
1320894000,77.92,77.961,77.887,77.94,0
1320897600,77.939,77.961,77.921,77.93,0
1320901200,77.931,77.943,77.843,77.896,0
1320904800,77.898,78.077,77.882,78.077,0
1320908400,78.076,78.165,77.977,78.102,0
1320912000,78.099,78.099,77.741,77.779,0
1320915600,77.776,77.843,77.591,77.648,0
1320919200,77.653,77.85,77.556,77.729,0
1320922800,77.733,77.815,77.675,77.685,0
1320926400,77.68,77.68,77.442,77.494,0
1320930000,77.492,77.602,77.396,77.444,0
1320933600,77.442,77.761,77.442,77.748,0
1320937200,77.754,77.894,77.699,77.721,0
1320940800,77.719,77.824,77.553,77.639,0
1320944400,77.638,77.707,77.567,77.577,0
1320948000,77.574,77.593,77.495,77.566,0
1320951600,77.562,77.749,77.544,77.743,0
1320955200,77.744,77.759,77.625,77.637,0
1320958800,77.636,77.647,77.584,77.601,0
1320962400,77.606,77.641,77.59,77.604,0
1320966000,77.597,77.644,77.592,77.643,0
1320969600,77.633,77.714,77.621,77.679,0
1320973200,77.684,77.739,77.665,77.678,0
1320976800,77.674,77.684,77.541,77.569,0
1320980400,77.568,77.588,77.508,77.543,0
1320984000,77.544,77.563,77.53,77.555,0
1320987600,77.556,77.581,77.528,77.551,0
1320991200,77.545,77.615,77.523,77.567,0
1320994800,77.568,77.599,77.44,77.573,0
1320998400,77.582,77.658,77.363,77.459,0
1321002000,77.45,77.581,77.417,77.506,0
1321005600,77.508,77.602,77.441,77.579,0
1321009200,77.578,77.603,77.437,77.525,0
1321012800,77.524,77.564,77.429,77.45,0
1321016400,77.451,77.475,77.362,77.412,0
1321020000,77.414,77.426,77.139,77.229,0
1321023600,77.23,77.252,76.913,76.934,0
1321027200,76.946,76.982,76.75,76.797,0
1321030800,76.796,76.947,76.721,76.945,0
1321034400,76.946,76.966,76.855,76.928,0
1321038000,76.923,76.968,76.813,76.945,0
1321041600,76.943,76.981,76.887,76.887,0
1321045200,76.89,76.945,76.888,76.907,0
1321048800,76.91,76.945,76.91,76.945,0
1321221600,76.678,76.806,76.673,76.802,0
1321225200,76.8,76.824,76.749,76.773,0
1321228800,76.771,76.908,76.751,76.893,0
1321232400,76.888,76.917,76.835,76.897,0
1321236000,76.895,76.913,76.851,76.862,0
1321239600,76.867,76.873,76.822,76.852,0
1321243200,76.859,76.874,76.839,76.866,0
1321246800,76.863,76.937,76.854,76.925,0
1321250400,76.927,76.99,76.908,76.911,0
1321254000,76.918,77.01,76.824,77.007,0
1321257600,76.997,77.164,76.916,77.046,0
1321261200,77.048,77.218,77.037,77.168,0
1321264800,77.173,77.252,77.065,77.178,0
1321268400,77.175,77.349,77.17,77.318,0
1321272000,77.32,77.45,77.32,77.383,0
1321275600,77.39,77.433,77.288,77.394,0
1321279200,77.387,77.51,77.349,77.483,0
1321282800,77.484,77.534,77.405,77.448,0
1321286400,77.455,77.567,77.392,77.519,0
1321290000,77.509,77.656,77.466,77.525,0
1321293600,77.528,77.559,77.474,77.51,0
1321297200,77.511,77.576,77.467,77.569,0
1321300800,77.571,77.571,77.428,77.494,0
1321304400,77.496,77.505,77.456,77.464,0
1321308000,77.466,77.548,77.453,77.515,0
1321311600,77.518,77.569,77.498,77.523,0
1321315200,77.511,77.511,77.457,77.471,0
1321318800,77.476,77.53,77.439,77.509,0
1321322400,77.508,77.593,77.452,77.534,0
1321326000,77.535,77.568,77.521,77.55,0
1321329600,77.547,77.661,77.544,77.635,0
1321333200,77.634,77.636,77.549,77.586,0
1321336800,77.585,77.709,77.567,77.661,0
1321340400,77.663,77.716,77.518,77.585,0
1321344000,77.586,77.769,77.531,77.729,0
1321347600,77.73,77.913,77.73,77.86,0
1321351200,77.864,77.949,77.768,77.917,0
1321354800,77.916,78.015,77.894,77.907,0
1321358400,77.916,77.916,77.784,77.887,0
1321362000,77.889,77.943,77.768,77.889,0
1321365600,77.893,77.905,77.72,77.791,0
1321369200,77.79,77.969,77.787,77.969,0
1321372800,77.971,78.097,77.903,77.974,0
1321376400,77.964,77.969,77.849,77.883,0
1321380000,77.878,77.946,77.811,77.843,0
1321383600,77.846,77.911,77.837,77.872,0
1321387200,77.878,77.943,77.832,77.939,0
1321390800,77.941,77.968,77.891,77.895,0
1321394400,77.899,77.963,77.892,77.953,0
1321398000,77.956,77.959,77.923,77.956,0
1321401600,78.082,78.111,78.007,78.01,0
1321405200,78.008,78.115,77.993,78.112,0
1321408800,78.11,78.363,78.11,78.285,0
1321412400,78.286,78.348,78.244,78.249,0
1321416000,78.255,78.314,78.255,78.257,0
1321419600,78.25,78.375,78.243,78.328,0
1321423200,78.33,78.397,78.273,78.381,0
1321426800,78.384,78.39,78.201,78.26,0
1321430400,78.271,78.319,77.926,77.964,0
1321434000,77.959,78.01,77.894,77.913,0
1321437600,77.914,78.174,77.835,78.141,0
1321441200,78.157,78.285,78.148,78.204,0
1321444800,78.215,78.238,77.984,78.092,0
1321448400,78.096,78.262,78.046,78.18,0
1321452000,78.181,78.214,78.025,78.057,0
1321455600,78.058,78.168,77.936,77.96,0
1321459200,77.959,78.113,77.909,78.058,0
1321462800,78.063,78.098,77.982,77.999,0
1321466400,77.996,78.011,77.855,77.923,0
1321470000,77.924,78.034,77.901,78.016,0
1321473600,78.013,78.222,78.004,78.213,0
1321477200,78.214,78.325,78.203,78.278,0
1321480800,78.282,78.344,78.266,78.308,0
1321484400,78.309,78.435,78.291,78.409,0
1321488000,78.362,78.438,78.359,78.393,0
1321491600,78.396,78.467,78.3,78.311,0
1321495200,78.313,78.366,78.238,78.247,0
1321498800,78.241,78.3,78.208,78.235,0
1321502400,78.236,78.251,78.145,78.171,0
1321506000,78.167,78.203,78.041,78.076,0
1321509600,78.079,78.13,78.02,78.067,0
1321513200,78.056,78.227,78.038,78.188,0
1321516800,78.198,78.319,78.089,78.171,0
1321520400,78.175,78.372,78.113,78.265,0
1321524000,78.273,78.374,78.191,78.219,0
1321527600,78.214,78.296,78.141,78.258,0
1321531200,78.251,78.408,78.122,78.134,0
1321534800,78.138,78.2,78.016,78.075,0
1321538400,78.07,78.16,77.935,78.069,0
1321542000,78.078,78.115,77.936,78.027,0
1321545600,78.029,78.125,77.956,77.995,0
1321549200,78,78.3,77.989,78.237,0
1321552800,78.24,78.345,78.185,78.262,0
1321556400,78.272,78.304,78.202,78.282,0
1321560000,78.276,78.32,78.225,78.278,0
1321563600,78.274,78.333,78.273,78.315,0
1321567200,78.316,78.324,78.261,78.261,0
1321570800,78.263,78.294,78.251,78.28,0
1321574400,78.296,78.342,78.275,78.322,0
1321578000,78.323,78.34,78.271,78.289,0
1321581600,78.288,78.288,78.097,78.149,0
1321585200,78.151,78.162,78.117,78.14,0
1321588800,78.139,78.214,78.138,78.206,0
1321592400,78.204,78.255,78.182,78.225,0
1321596000,78.221,78.235,78.132,78.201,0
1321599600,78.197,78.207,77.958,78.022,0
1321603200,78.019,78.175,77.995,78.101,0
1321606800,78.1,78.101,77.841,77.889,0
1321610400,77.873,78.023,77.843,77.939,0
1321614000,77.94,78.006,77.627,77.636,0
1321617600,77.634,77.711,77.538,77.682,0
1321621200,77.685,77.792,77.664,77.699,0
1321624800,77.703,78.023,77.682,77.922,0
1321628400,77.928,78.119,77.921,78.001,0
1321632000,78,78.086,78,78.026,0
1321635600,78.024,78.146,77.962,78.035,0
1321639200,78.048,78.06,77.939,77.987,0
1321642800,77.984,78.07,77.939,78.064,0
1321646400,78.061,78.083,78.027,78.045,0
1321650000,78.05,78.082,78.022,78.023,0
1321653600,78.024,78.024,78.023,78.023,0
1321826400,78.06,78.06,77.978,78.01,0
1321830000,78.008,78.114,77.992,77.992,0
1321833600,77.989,78.089,77.983,78.07,0
1321837200,78.078,78.113,78.019,78.055,0
1321840800,78.058,78.068,78.018,78.045,0
1321844400,78.043,78.05,77.973,78.007,0
1321848000,78.006,78.054,78.006,78.033,0
1321851600,78.032,78.087,78.028,78.044,0
1321855200,78.037,78.109,78.019,78.043,0
1321858800,78.045,78.202,78.015,78.151,0
1321862400,78.158,78.407,78.158,78.334,0
1321866000,78.332,78.419,78.303,78.357,0
1321869600,78.359,78.438,78.305,78.364,0
1321873200,78.368,78.516,78.354,78.44,0
1321876800,78.437,78.485,78.401,78.412,0
1321880400,78.418,78.488,78.316,78.361,0
1321884000,78.357,78.512,78.298,78.471,0
1321887600,78.464,78.508,78.332,78.443,0
1321891200,78.437,78.464,78.174,78.193,0
1321894800,78.197,78.259,78.111,78.258,0
1321898400,78.257,78.3,78.18,78.3,0
1321902000,78.306,78.312,78.203,78.3,0
1321905600,78.299,78.338,78.213,78.258,0
1321909200,78.263,78.335,78.249,78.329,0
1321912800,78.326,78.352,78.3,78.337,0
1321916400,78.339,78.374,78.335,78.349,0
1321920000,78.325,78.337,78.288,78.296,0
1321923600,78.295,78.386,78.243,78.333,0
1321927200,78.335,78.369,78.257,78.289,0
1321930800,78.287,78.399,78.283,78.374,0
1321934400,78.375,78.441,78.375,78.407,0
1321938000,78.406,78.428,78.325,78.326,0
1321941600,78.325,78.377,78.313,78.32,0
1321945200,78.325,78.33,78.127,78.183,0
1321948800,78.169,78.224,78.038,78.118,0
1321952400,78.116,78.237,78.092,78.226,0
1321956000,78.224,78.237,78.041,78.105,0
1321959600,78.104,78.132,77.98,78.056,0
1321963200,78.055,78.146,78.041,78.103,0
1321966800,78.105,78.418,78.095,78.356,0
1321970400,78.35,78.37,78.152,78.218,0
1321974000,78.213,78.345,78.13,78.32,0
1321977600,78.305,78.359,78.225,78.292,0
1321981200,78.291,78.292,78.095,78.181,0
1321984800,78.182,78.245,78.159,78.187,0
1321988400,78.194,78.278,78.179,78.266,0
1321992000,78.269,78.282,78.229,78.24,0
1321995600,78.235,78.277,78.226,78.277,0
1321999200,78.273,78.28,78.217,78.223,0
1322002800,78.219,78.258,78.206,78.224,0
1322006400,78.224,78.24,78.166,78.169,0
1322010000,78.168,78.436,78.166,78.436,0
1322013600,78.441,78.526,78.418,78.451,0
1322017200,78.462,78.475,78.405,78.452,0
1322020800,78.454,78.486,78.415,78.471,0
1322024400,78.476,78.5,78.441,78.475,0
1322028000,78.472,78.549,78.41,78.434,0
1322031600,78.428,78.567,78.373,78.526,0
1322035200,78.53,78.582,78.452,78.521,0
1322038800,78.517,78.623,78.499,78.557,0
1322042400,78.559,78.893,78.507,78.819,0
1322046000,78.812,78.864,78.715,78.792,0
1322049600,78.794,78.878,78.732,78.837,0
1322053200,78.83,78.832,78.735,78.797,0
1322056800,78.804,78.896,78.703,78.891,0
1322060400,78.894,79.051,78.892,79.046,0
1322064000,79.039,79.179,79.008,79.07,0
1322067600,79.073,79.075,78.96,78.983,0
1322071200,78.981,79.127,78.968,79.119,0
1322074800,79.12,79.184,79.105,79.141,0
1322078400,79.135,79.155,78.978,79.1,0
1322082000,79.096,79.115,79.037,79.071,0
1322085600,79.07,79.071,79.017,79.039,0
1322089200,79.043,79.067,78.998,79.005,0
1322179200,79.19,79.23,79.18,79.218,0
1322182800,79.221,79.25,79.146,79.197,0
1322186400,79.196,79.198,79.15,79.195,0
1322190000,79.196,79.267,79.187,79.258,0
1322193600,79.261,79.292,79.249,79.266,0
1322197200,79.267,79.283,79.244,79.278,0
1322200800,79.275,79.31,79.204,79.212,0
1322204400,79.214,79.301,79.19,79.259,0
1322208000,79.257,79.441,79.211,79.424,0
1322211600,79.428,79.524,79.376,79.42,0
1322215200,79.421,79.566,79.392,79.566,0
1322218800,79.56,79.617,79.464,79.531,0
1322222400,79.534,79.595,79.454,79.588,0
1322226000,79.599,79.702,79.515,79.57,0
1322229600,79.567,79.623,79.375,79.41,0
1322233200,79.424,79.473,79.299,79.465,0
1322236800,79.466,79.569,79.413,79.564,0
1322240400,79.563,79.659,79.552,79.603,0
1322244000,79.605,79.702,79.605,79.672,0
1322247600,79.67,79.686,79.616,79.677,0
1322251200,79.678,79.678,79.606,79.631,0
1322254800,79.635,79.642,79.587,79.611,0
1322258400,79.613,79.614,79.61,79.61,0
1322431200,79.205,79.327,79.198,79.224,0
1322434800,79.22,79.266,79.165,79.238,0
1322438400,79.243,79.375,79.214,79.297,0
1322442000,79.296,79.312,79.14,79.186,0
1322445600,79.18,79.234,79.139,79.149,0
1322449200,79.15,79.33,79.102,79.293,0
1322452800,79.297,79.372,79.282,79.336,0
1322456400,79.338,79.338,79.23,79.236,0
1322460000,79.238,79.325,79.197,79.325,0
1322463600,79.323,79.401,79.237,79.311,0
1322467200,79.314,79.328,79.057,79.08,0
1322470800,79.081,79.085,78.893,78.906,0
1322474400,78.905,78.906,78.763,78.843,0
1322478000,78.845,78.919,78.815,78.903,0
1322481600,78.909,79.001,78.881,78.973,0
1322485200,78.974,79.015,78.812,78.839,0
1322488800,78.836,78.927,78.799,78.91,0
1322492400,78.915,79.047,78.898,79.042,0
1322496000,79.032,79.145,79.009,79.104,0
1322499600,79.103,79.212,79.064,79.207,0
1322503200,79.203,79.227,79.118,79.161,0
1322506800,79.167,79.286,79.121,79.263,0
1322510400,79.264,79.31,79.205,79.222,0
1322514000,79.223,79.244,79.18,79.18,0
1322517600,79.181,79.263,79.168,79.228,0
1322521200,79.222,79.222,79.17,79.172,0
1322524800,79.353,79.36,79.292,79.309,0
1322528400,79.308,79.364,79.222,79.25,0
1322532000,79.247,79.269,79.216,79.236,0
1322535600,79.235,79.275,79.115,79.14,0
1322539200,79.139,79.149,79.054,79.083,0
1322542800,79.082,79.083,78.954,78.984,0
1322546400,78.982,79.044,78.947,79.027,0
1322550000,79.028,79.092,78.958,79.079,0
1322553600,79.077,79.146,79.056,79.112,0
1322557200,79.113,79.147,78.988,78.991,0
1322560800,78.998,79.008,78.525,78.623,0
1322564400,78.618,78.807,78.584,78.807,0
1322568000,78.812,78.978,78.79,78.941,0
1322571600,78.946,79.104,78.916,79.037,0
1322575200,79.031,79.169,78.976,78.994,0
1322578800,79,79.029,78.929,78.961,0
1322582400,78.963,79.035,78.887,78.941,0
1322586000,78.936,79.014,78.817,78.99,0
1322589600,78.989,79.071,78.989,79.044,0
1322593200,79.04,79.063,78.973,79.007,0
1322596800,78.996,79.028,78.961,78.999,0
1322600400,79.001,79.107,78.979,79.074,0
1322604000,79.072,79.115,78.976,78.993,0
1322607600,78.996,79.114,78.993,79.084,0
1322611200,79.066,79.076,79.015,79.028,0
1322614800,79.03,79.033,78.882,78.941,0
1322618400,78.944,78.995,78.929,78.98,0
1322622000,78.981,79.097,78.973,79.072,0
1322625600,79.074,79.1,79.002,79.011,0
1322629200,79.008,79.04,78.971,79.023,0
1322632800,79.028,79.209,79.027,79.206,0
1322636400,79.208,79.375,79.172,79.32,0
1322640000,79.33,79.356,79.236,79.261,0
1322643600,79.262,79.276,79.176,79.264,0
1322647200,79.262,79.315,79.203,79.265,0
1322650800,79.278,79.295,78.931,79.055,0
1322654400,79.05,79.175,79.015,79.101,0
1322658000,79.102,79.104,77.992,78.001,0
1322661600,77.998,78.219,77.923,78.158,0
1322665200,78.155,78.321,78.138,78.255,0
1322668800,78.249,78.358,78.189,78.312,0
1322672400,78.32,78.395,78.27,78.327,0
1322676000,78.325,78.424,78.314,78.399,0
1322679600,78.396,78.441,78.326,78.384,0
1322683200,78.396,78.401,78.337,78.401,0
1322686800,78.405,78.405,78.339,78.346,0
1322690400,78.345,78.406,78.324,78.375,0
1322694000,78.372,78.402,78.354,78.388,0
1322697600,78.356,78.408,78.355,78.365,0
1322701200,78.369,78.399,78.243,78.365,0
1322704800,78.367,78.437,78.319,78.394,0
1322708400,78.393,78.405,78.345,78.358,0
1322712000,78.356,78.371,78.24,78.272,0
1322715600,78.273,78.33,78.257,78.327,0
1322719200,78.325,78.389,78.292,78.363,0
1322722800,78.369,78.428,78.276,78.413,0
1322726400,78.418,78.53,78.322,78.392,0
1322730000,78.393,78.436,78.152,78.168,0
1322733600,78.169,78.239,78.138,78.156,0
1322737200,78.154,78.317,78.154,78.237,0
1322740800,78.24,78.244,78.143,78.192,0
1322744400,78.196,78.259,78.059,78.226,0
1322748000,78.23,78.293,78.171,78.188,0
1322751600,78.186,78.316,78.065,78.274,0
1322755200,78.282,78.363,78.209,78.229,0
1322758800,78.221,78.366,78.207,78.356,0
1322762400,78.364,78.371,78.223,78.267,0
1322766000,78.265,78.342,78.231,78.328,0
1322769600,78.327,78.334,78.26,78.307,0
1322773200,78.306,78.323,78.275,78.299,0
1322776800,78.294,78.328,78.274,78.305,0
1322780400,78.299,78.315,78.281,78.305,0
1322784000,78.297,78.314,78.198,78.21,0
1322787600,78.217,78.313,78.217,78.265,0
1322791200,78.264,78.317,78.257,78.3,0
1322794800,78.302,78.382,78.297,78.339,0
1322798400,78.338,78.372,78.309,78.335,0
1322802000,78.336,78.347,78.316,78.332,0
1322805600,78.331,78.334,78.267,78.305,0
1322809200,78.31,78.335,78.222,78.226,0
1322812800,78.23,78.283,78.191,78.257,0
1322816400,78.255,78.269,78.185,78.212,0
1322820000,78.215,78.277,78.186,78.203,0
1322823600,78.205,78.252,78.133,78.152,0
1322827200,78.146,78.241,77.995,78.068,0
1322830800,78.063,78.218,77.979,78.152,0
1322834400,78.151,78.349,78.122,78.268,0
1322838000,78.265,78.542,78.251,78.475,0
1322841600,78.47,78.773,78.46,78.686,0
1322845200,78.676,78.721,78.631,78.654,0
1322848800,78.653,78.698,78.621,78.652,0
1322852400,78.644,78.674,78.604,78.625,0
1322856000,78.626,78.641,78.585,78.614,0
1322859600,78.616,78.675,78.604,78.675,0
1322863200,78.677,78.685,78.676,78.683,0
1323036000,78.523,78.64,78.517,78.622,0
1323039600,78.621,78.621,78.529,78.575,0
1323043200,78.574,78.619,78.549,78.591,0
1323046800,78.592,78.622,78.559,78.559,0
1323050400,78.557,78.583,78.544,78.561,0
1323054000,78.569,78.594,78.544,78.559,0
1323057600,78.562,78.64,78.551,78.61,0
1323061200,78.608,78.647,78.587,78.616,0
1323064800,78.615,78.629,78.524,78.575,0
1323068400,78.58,78.601,78.4,78.414,0
1323072000,78.409,78.513,78.384,78.445,0
1323075600,78.443,78.473,78.362,78.382,0
1323079200,78.364,78.439,78.363,78.423,0
1323082800,78.426,78.534,78.419,78.469,0
1323086400,78.468,78.497,78.385,78.429,0
1323090000,78.424,78.452,78.351,78.376,0
1323093600,78.373,78.402,78.204,78.257,0
1323097200,78.258,78.332,78.192,78.251,0
1323100800,78.249,78.351,78.234,78.282,0
1323104400,78.287,78.333,78.273,78.333,0
1323108000,78.338,78.635,78.309,78.579,0
1323111600,78.58,78.68,78.537,78.57,0
1323115200,78.574,78.681,78.542,78.58,0
1323118800,78.581,78.64,78.544,78.562,0
1323122400,78.564,78.602,78.559,78.598,0
1323126000,78.595,78.627,78.592,78.598,0
1323129600,78.591,78.602,78.565,78.584,0
1323133200,78.587,78.747,78.58,78.727,0
1323136800,78.726,78.726,78.678,78.692,0
1323140400,78.693,78.757,78.687,78.694,0
1323144000,78.691,78.725,78.667,78.709,0
1323147600,78.713,78.743,78.681,78.7,0
1323151200,78.701,78.708,78.638,78.651,0
1323154800,78.655,78.866,78.649,78.812,0
1323158400,78.816,78.879,78.639,78.689,0
1323162000,78.694,78.763,78.658,78.685,0
1323165600,78.687,78.705,78.488,78.488,0
1323169200,78.494,78.598,78.448,78.595,0
1323172800,78.587,78.623,78.514,78.605,0
1323176400,78.602,78.785,78.558,78.753,0
1323180000,78.754,78.768,78.624,78.642,0
1323183600,78.635,78.667,78.537,78.648,0
1323187200,78.643,78.686,78.565,78.589,0
1323190800,78.594,78.639,78.536,78.59,0
1323194400,78.596,78.638,78.542,78.626,0
1323198000,78.632,78.645,78.475,78.499,0
1323201600,78.498,78.545,78.456,78.536,0
1323205200,78.546,78.563,78.514,78.54,0
1323208800,78.539,78.547,78.499,78.53,0
1323212400,78.533,78.541,78.488,78.513,0
1323216000,78.519,78.54,78.488,78.488,0
1323219600,78.485,78.515,78.468,78.498,0
1323223200,78.508,78.508,78.433,78.472,0
1323226800,78.474,78.488,78.445,78.47,0
1323230400,78.468,78.473,78.428,78.447,0
1323234000,78.444,78.476,78.438,78.471,0
1323237600,78.474,78.485,78.33,78.346,0
1323241200,78.344,78.38,78.288,78.373,0
1323244800,78.38,78.393,78.322,78.347,0
1323248400,78.345,78.489,78.342,78.483,0
1323252000,78.48,78.642,78.431,78.609,0
1323255600,78.592,78.676,78.579,78.639,0
1323259200,78.642,78.671,78.555,78.666,0
1323262800,78.668,78.714,78.543,78.681,0
1323266400,78.679,78.732,78.546,78.55,0
1323270000,78.551,78.642,78.546,78.551,0
1323273600,78.548,78.559,78.499,78.54,0
1323277200,78.536,78.538,78.363,78.387,0
1323280800,78.384,78.436,78.352,78.414,0
1323284400,78.422,78.512,78.407,78.485,0
1323288000,78.489,78.507,78.335,78.455,0
1323291600,78.451,78.451,78.388,78.413,0
1323295200,78.415,78.416,78.371,78.39,0
1323298800,78.394,78.427,78.393,78.423,0
1323302400,78.468,78.502,78.419,78.426,0
1323306000,78.432,78.471,78.404,78.425,0
1323309600,78.423,78.482,78.419,78.466,0
1323313200,78.463,78.489,78.446,78.466,0
1323316800,78.464,78.475,78.421,78.432,0
1323320400,78.428,78.481,78.417,78.473,0
1323324000,78.476,78.482,78.415,78.423,0
1323327600,78.426,78.435,78.346,78.405,0
1323331200,78.408,78.41,78.334,78.389,0
1323334800,78.391,78.463,78.359,78.387,0
1323338400,78.396,78.482,78.337,78.482,0
1323342000,78.49,78.498,78.429,78.461,0
1323345600,78.46,78.493,78.306,78.314,0
1323349200,78.323,78.469,78.107,78.458,0
1323352800,78.437,78.81,78.437,78.766,0
1323356400,78.774,78.911,78.769,78.872,0
1323360000,78.879,79.017,78.868,78.883,0
1323363600,78.88,78.9,78.831,78.873,0
1323367200,78.875,78.958,78.849,78.879,0
1323370800,78.884,78.902,78.801,78.832,0
1323374400,78.82,78.883,78.661,78.848,0
1323378000,78.846,78.846,78.785,78.839,0
1323381600,78.838,78.86,78.802,78.825,0
1323385200,78.828,78.851,78.783,78.838,0
1323388800,78.794,78.841,78.782,78.812,0
1323392400,78.808,78.829,78.769,78.774,0
1323396000,78.777,78.805,78.685,78.795,0
1323399600,78.794,78.979,78.794,78.955,0
1323403200,78.958,78.969,78.818,78.846,0
1323406800,78.851,78.938,78.849,78.924,0
1323410400,78.923,79.009,78.868,78.998,0
1323414000,78.994,79.108,78.987,79.038,0
1323417600,79.035,79.035,78.848,78.862,0
1323421200,78.864,78.91,78.813,78.813,0
1323424800,78.811,78.839,78.693,78.703,0
1323428400,78.687,78.687,78.414,78.488,0
1323432000,78.492,78.625,78.482,78.608,0
1323435600,78.61,78.898,78.587,78.864,0
1323439200,78.862,78.946,78.667,78.709,0
1323442800,78.703,78.846,78.612,78.726,0
1323446400,78.718,78.719,78.584,78.677,0
1323450000,78.685,78.727,78.647,78.671,0
1323453600,78.675,78.703,78.621,78.651,0
1323457200,78.649,78.675,78.615,78.632,0
1323460800,78.631,78.661,78.615,78.631,0
1323464400,78.641,78.641,78.592,78.594,0
1323468000,78.593,78.593,78.593,78.593,0
1323648000,78.716,78.743,78.698,78.736,0
1323651600,78.737,78.801,78.713,78.73,0
1323655200,78.729,78.753,78.697,78.733,0
1323658800,78.732,78.775,78.729,78.755,0
1323662400,78.759,78.835,78.759,78.83,0
1323666000,78.831,78.831,78.781,78.818,0
1323669600,78.817,78.828,78.737,78.762,0
1323673200,78.763,79.035,78.757,78.987,0
1323676800,78.986,79.057,78.957,78.983,0
1323680400,78.981,79.238,78.917,79.221,0
1323684000,79.222,79.262,79.086,79.17,0
1323687600,79.167,79.225,79.13,79.209,0
1323691200,79.221,79.224,79.09,79.103,0
1323694800,79.1,79.337,79.091,79.315,0
1323698400,79.309,79.344,79.226,79.294,0
1323702000,79.288,79.419,79.288,79.352,0
1323705600,79.354,79.549,79.354,79.512,0
1323709200,79.511,79.561,79.428,79.455,0
1323712800,79.457,79.555,79.444,79.53,0
1323716400,79.533,79.639,79.503,79.534,0
1323720000,79.53,79.577,79.502,79.513,0
1323723600,79.514,79.539,79.499,79.533,0
1323727200,79.535,79.63,79.52,79.617,0
1323730800,79.621,79.621,79.556,79.579,0
1323734400,79.577,79.58,79.545,79.567,0
1323738000,79.563,79.595,79.531,79.566,0
1323741600,79.567,79.581,79.504,79.514,0
1323745200,79.518,79.534,79.422,79.469,0
1323748800,79.468,79.49,79.434,79.444,0
1323752400,79.442,79.53,79.438,79.502,0
1323756000,79.503,79.532,79.425,79.461,0
1323759600,79.469,79.612,79.402,79.47,0
1323763200,79.467,79.579,79.349,79.521,0
1323766800,79.523,79.61,79.476,79.539,0
1323770400,79.528,79.567,79.442,79.477,0
1323774000,79.458,79.458,79.295,79.377,0
1323777600,79.381,79.497,79.379,79.446,0
1323781200,79.443,79.57,79.442,79.501,0
1323784800,79.517,79.58,79.354,79.447,0
1323788400,79.446,79.967,79.409,79.967,0
1323792000,79.976,80.127,79.921,79.944,0
1323795600,79.936,80.077,79.925,80.006,0
1323799200,80.004,80.036,79.929,79.939,0
1323802800,79.942,80.287,79.91,80.242,0
1323806400,80.231,80.395,80.185,80.301,0
1323810000,80.304,80.319,80.253,80.262,0
1323813600,80.264,80.313,80.242,80.264,0
1323817200,80.268,80.269,80.228,80.244,0
1323820800,80.257,80.271,80.221,80.251,0
1323824400,80.255,80.336,80.239,80.291,0
1323828000,80.289,80.331,80.27,80.284,0
1323831600,80.287,80.304,80.234,80.269,0
1323835200,80.27,80.298,80.251,80.265,0
1323838800,80.266,80.313,80.248,80.28,0
1323842400,80.278,80.305,80.175,80.257,0
1323846000,80.253,80.348,80.193,80.327,0
1323849600,80.334,80.407,80.211,80.231,0
1323853200,80.227,80.265,80.176,80.188,0
1323856800,80.187,80.345,80.12,80.316,0
1323860400,80.325,80.458,80.284,80.423,0
1323864000,80.438,80.593,80.381,80.487,0
1323867600,80.499,80.56,80.411,80.54,0
1323871200,80.547,80.605,80.462,80.52,0
1323874800,80.518,80.729,80.514,80.729,0
1323878400,80.725,80.73,80.553,80.605,0
1323882000,80.613,80.634,80.414,80.504,0
1323885600,80.505,80.522,80.431,80.511,0
1323889200,80.51,80.592,80.499,80.589,0
1323892800,80.594,80.609,80.51,80.544,0
1323896400,80.547,80.572,80.511,80.545,0
1323900000,80.541,80.55,80.509,80.538,0
1323903600,80.536,80.547,80.516,80.528,0
1323907200,80.509,80.516,80.486,80.495,0
1323910800,80.496,80.551,80.494,80.545,0
1323914400,80.547,80.556,80.499,80.518,0
1323918000,80.517,80.526,80.471,80.49,0
1323921600,80.491,80.545,80.487,80.527,0
1323925200,80.526,80.591,80.511,80.568,0
1323928800,80.565,80.586,80.479,80.507,0
1323932400,80.505,80.516,80.293,80.326,0
1323936000,80.325,80.441,80.248,80.399,0
1323939600,80.386,80.618,80.386,80.553,0
1323943200,80.557,80.568,80.322,80.351,0
1323946800,80.354,80.452,80.29,80.444,0
1323950400,80.445,80.451,80.228,80.268,0
1323954000,80.265,80.326,80.111,80.175,0
1323957600,80.169,80.282,80.126,80.246,0
1323961200,80.249,80.454,80.189,80.409,0
1323964800,80.394,80.413,80.241,80.303,0
1323968400,80.308,80.343,80.24,80.334,0
1323972000,80.332,80.393,80.251,80.289,0
1323975600,80.285,80.323,80.24,80.321,0
1323979200,80.327,80.351,80.263,80.313,0
1323982800,80.317,80.321,80.265,80.284,0
1323986400,80.286,80.321,80.264,80.266,0
1323990000,80.264,80.279,80.227,80.243,0
1323993600,80.208,80.209,80.163,80.179,0
1323997200,80.18,80.186,80.132,80.168,0
1324000800,80.171,80.199,80.151,80.176,0
1324004400,80.175,80.189,80.132,80.177,0
1324008000,80.18,80.213,80.164,80.164,0
1324011600,80.165,80.232,80.162,80.195,0
1324015200,80.201,80.231,80.164,80.212,0
1324018800,80.216,80.292,80.136,80.244,0
1324022400,80.241,80.334,80.193,80.204,0
1324026000,80.213,80.228,80.132,80.166,0
1324029600,80.152,80.214,80.113,80.152,0
1324033200,80.158,80.24,80.128,80.186,0
1324036800,80.191,80.2,79.93,79.993,0
1324040400,79.994,80.047,79.934,80.014,0
1324044000,80.012,80.264,80.007,80.224,0
1324047600,80.227,80.238,80.105,80.105,0
1324051200,80.1,80.22,80.1,80.22,0
1324054800,80.222,80.387,80.19,80.306,0
1324058400,80.315,80.351,80.263,80.304,0
1324062000,80.307,80.311,80.231,80.256,0
1324065600,80.254,80.259,80.169,80.17,0
1324069200,80.174,80.207,80.137,80.151,0
1324072800,80.145,80.145,80.139,80.141,0
1324245600,80.197,80.198,80.177,80.197,0
1324249200,80.194,80.215,80.166,80.192,0
1324252800,80.193,80.287,80.186,80.275,0
1324256400,80.274,80.317,80.235,80.307,0
1324260000,80.308,80.317,80.272,80.311,0
1324263600,80.313,80.493,80.303,80.476,0
1324267200,80.48,80.48,80.396,80.409,0
1324270800,80.412,80.423,80.329,80.37,0
1324274400,80.371,80.384,80.302,80.313,0
1324278000,80.32,80.343,80.255,80.333,0
1324281600,80.334,80.355,80.193,80.272,0
1324285200,80.274,80.31,80.203,80.217,0
1324288800,80.214,80.263,80.199,80.23,0
1324292400,80.231,80.339,80.222,80.245,0
1324296000,80.24,80.287,80.204,80.242,0
1324299600,80.243,80.247,80.124,80.131,0
1324303200,80.127,80.241,80.127,80.186,0
1324306800,80.183,80.257,80.159,80.236,0
1324310400,80.225,80.278,80.189,80.252,0
1324314000,80.253,80.316,80.222,80.261,0
1324317600,80.267,80.291,80.237,80.26,0
1324321200,80.261,80.292,80.239,80.25,0
1324324800,80.251,80.412,80.249,80.387,0
1324328400,80.385,80.394,80.334,80.374,0
1324332000,80.383,80.395,80.356,80.379,0
1324335600,80.377,80.384,80.333,80.334,0
1324339200,80.326,80.342,80.274,80.329,0
1324342800,80.33,80.374,80.308,80.348,0
1324346400,80.35,80.38,80.335,80.354,0
1324350000,80.353,80.359,80.315,80.319,0
1324353600,80.326,80.353,80.315,80.325,0
1324357200,80.327,80.344,80.279,80.296,0
1324360800,80.298,80.298,80.252,80.269,0
1324364400,80.264,80.306,80.257,80.259,0
1324368000,80.264,80.28,80.086,80.112,0
1324371600,80.125,80.125,79.895,79.918,0
1324375200,79.901,79.943,79.86,79.884,0
1324378800,79.885,79.941,79.875,79.928,0
1324382400,79.929,79.991,79.887,79.903,0
1324386000,79.902,79.944,79.657,79.713,0
1324389600,79.71,79.727,79.593,79.651,0
1324393200,79.648,79.685,79.605,79.678,0
1324396800,79.657,79.895,79.657,79.837,0
1324400400,79.832,79.87,79.786,79.799,0
1324404000,79.802,79.855,79.786,79.846,0
1324407600,79.845,79.901,79.826,79.882,0
1324411200,79.877,79.889,79.85,79.866,0
1324414800,79.867,79.877,79.836,79.85,0
1324418400,79.846,79.873,79.816,79.834,0
1324422000,79.838,79.85,79.812,79.816,0
1324425600,79.681,79.738,79.677,79.685,0
1324429200,79.684,79.717,79.624,79.676,0
1324432800,79.679,79.688,79.628,79.667,0
1324436400,79.668,79.697,79.653,79.678,0
1324440000,79.677,79.7,79.644,79.679,0
1324443600,79.68,79.723,79.663,79.683,0
1324447200,79.685,79.701,79.605,79.663,0
1324450800,79.668,79.688,79.564,79.577,0
1324454400,79.576,79.597,79.416,79.428,0
1324458000,79.427,79.54,79.416,79.476,0
1324461600,79.473,79.71,79.24,79.681,0
1324465200,79.695,79.838,79.607,79.77,0
1324468800,79.775,79.922,79.717,79.851,0
1324472400,79.853,80.064,79.843,79.926,0
1324476000,79.914,80.012,79.881,79.997,0
1324479600,79.992,80.081,79.918,79.992,0
1324483200,79.993,80.102,79.986,80.033,0
1324486800,80.032,80.032,79.82,79.86,0
1324490400,79.881,79.951,79.848,79.881,0
1324494000,79.877,80.041,79.843,80.022,0
1324497600,80.027,80.033,79.98,79.985,0
1324501200,79.984,80.02,79.976,79.989,0
1324504800,79.988,80.002,79.962,79.998,0
1324508400,79.996,80.027,79.988,80.016,0
1324512000,80.045,80.053,80.028,80.032,0
1324515600,80.033,80.055,79.998,80.002,0
1324519200,80.003,80.038,79.989,80.019,0
1324522800,80.018,80.026,79.982,80.002,0
1324526400,80.003,80.016,79.98,80.013,0
1324530000,80.007,80.041,79.99,79.998,0
1324533600,79.996,80.008,79.885,79.894,0
1324537200,79.896,79.927,79.841,79.919,0
1324540800,79.916,79.916,79.646,79.772,0
1324544400,79.765,79.813,79.712,79.748,0
1324548000,79.75,80.018,79.716,79.944,0
1324551600,79.943,79.969,79.863,79.923,0
1324555200,79.932,79.976,79.84,79.954,0
1324558800,79.952,80.138,79.936,80.1,0
1324562400,80.099,80.137,79.97,79.982,0
1324566000,79.994,80.062,79.851,79.867,0
1324569600,79.873,80.006,79.873,79.975,0
1324573200,79.97,79.992,79.893,79.951,0
1324576800,79.953,79.992,79.934,79.989,0
1324580400,79.99,79.995,79.925,79.964,0
1324584000,79.957,79.981,79.919,79.935,0
1324587600,79.937,79.969,79.919,79.942,0
1324591200,79.937,79.964,79.922,79.933,0
1324594800,79.937,79.941,79.913,79.915,0
1324598400,79.914,79.939,79.89,79.896,0
1324602000,79.897,79.935,79.871,79.874,0
1324605600,79.875,79.898,79.797,79.81,0
1324609200,79.806,79.836,79.797,79.812,0
1324612800,79.813,79.866,79.81,79.853,0
1324616400,79.852,79.864,79.837,79.851,0
1324620000,79.852,79.863,79.728,79.782,0
1324623600,79.779,79.816,79.73,79.772,0
1324627200,79.763,79.841,79.741,79.816,0
1324630800,79.817,79.876,79.802,79.852,0
1324634400,79.851,79.867,79.781,79.81,0
1324638000,79.811,79.857,79.797,79.85,0
1324641600,79.855,79.867,79.766,79.806,0
1324645200,79.808,79.945,79.785,79.918,0
1324648800,79.911,80.008,79.895,79.987,0
1324652400,79.99,80.033,79.964,79.998,0
1324656000,80.002,80.06,79.995,80.027,0
1324659600,80.032,80.032,79.923,79.93,0
1324663200,79.925,79.984,79.923,79.982,0
1324666800,79.987,79.998,79.95,79.976,0
1324670400,79.983,80.029,79.983,80.008,0
1324674000,80.005,80.014,79.93,79.999,0
1324677600,79.997,79.999,79.994,79.994,0
1324944000,79.932,79.942,79.897,79.912,0
1324947600,79.914,79.954,79.905,79.933,0
1324951200,79.935,79.937,79.882,79.9,0
1324954800,79.898,79.9,79.851,79.853,0
1324958400,79.851,79.881,79.835,79.837,0
1324962000,79.835,79.853,79.83,79.838,0
1324965600,79.84,79.849,79.814,79.819,0
1324969200,79.821,79.864,79.806,79.817,0
1324972800,79.82,79.857,79.793,79.828,0
1324976400,79.822,79.861,79.817,79.825,0
1324980000,79.824,79.846,79.785,79.813,0
1324983600,79.811,79.846,79.785,79.846,0
1324987200,79.858,79.887,79.824,79.869,0
1324990800,79.872,79.872,79.803,79.823,0
1324994400,79.822,79.883,79.82,79.861,0
1324998000,79.844,79.868,79.793,79.834,0
1325001600,79.829,79.847,79.794,79.801,0
1325005200,79.796,79.8,79.774,79.791,0
1325008800,79.8,79.81,79.775,79.786,0
1325012400,79.785,79.815,79.778,79.797,0
1325016000,79.793,79.821,79.778,79.811,0
1325019600,79.81,79.824,79.793,79.804,0
1325023200,79.806,79.823,79.783,79.815,0
1325026800,79.813,79.848,79.813,79.836,0
1325030400,79.791,79.816,79.776,79.797,0
1325034000,79.796,79.81,79.769,79.797,0
1325037600,79.796,79.813,79.794,79.799,0
1325041200,79.798,79.817,79.789,79.808,0
1325044800,79.807,79.844,79.804,79.835,0
1325048400,79.834,79.844,79.812,79.84,0
1325052000,79.843,79.856,79.818,79.839,0
1325055600,79.843,79.871,79.815,79.827,0
1325059200,79.828,79.841,79.78,79.787,0
1325062800,79.776,79.814,79.756,79.787,0
1325066400,79.785,79.791,79.73,79.748,0
1325070000,79.751,79.77,79.721,79.762,0
1325073600,79.76,79.776,79.736,79.756,0
1325077200,79.754,79.766,79.708,79.735,0
1325080800,79.736,80.279,79.736,80.223,0
1325084400,80.22,80.455,80.161,80.445,0
1325088000,80.45,80.605,80.352,80.555,0
1325091600,80.547,80.603,80.481,80.505,0
1325095200,80.498,80.552,80.451,80.462,0
1325098800,80.467,80.534,80.431,80.497,0
1325102400,80.5,80.537,80.47,80.502,0
1325106000,80.503,80.534,80.492,80.5,0
1325109600,80.496,80.519,80.485,80.519,0
1325113200,80.515,80.538,80.498,80.536,0
1325116800,80.638,80.683,80.62,80.675,0
1325120400,80.68,80.688,80.552,80.557,0
1325124000,80.562,80.586,80.5,80.501,0
1325127600,80.503,80.523,80.482,80.495,0
1325131200,80.497,80.552,80.497,80.509,0
1325134800,80.507,80.522,80.478,80.507,0
1325138400,80.511,80.532,80.477,80.509,0
1325142000,80.503,80.509,80.435,80.48,0
1325145600,80.491,80.577,80.467,80.519,0
1325149200,80.521,80.596,80.515,80.586,0
1325152800,80.579,80.747,80.572,80.653,0
1325156400,80.654,80.818,80.616,80.818,0
1325160000,80.819,80.854,80.701,80.719,0
1325163600,80.703,80.802,80.624,80.677,0
1325167200,80.674,80.721,80.581,80.594,0
1325170800,80.595,80.617,80.493,80.606,0
1325174400,80.592,80.672,80.437,80.437,0
1325178000,80.448,80.522,80.406,80.472,0
1325181600,80.47,80.505,80.427,80.49,0
1325185200,80.486,80.499,80.453,80.486,0
1325188800,80.487,80.487,80.351,80.353,0
1325192400,80.354,80.381,80.351,80.359,0
1325196000,80.364,80.425,80.344,80.411,0
1325199600,80.418,80.441,80.392,80.424,0
1325203200,80.433,80.433,80.387,80.421,0
1325206800,80.425,80.43,80.406,80.413,0
1325210400,80.412,80.463,80.382,80.455,0
1325214000,80.454,80.463,80.409,80.432,0
1325217600,80.43,80.435,80.411,80.426,0
1325221200,80.425,80.492,80.425,80.437,0
1325224800,80.438,80.464,80.39,80.427,0
1325228400,80.428,80.443,80.39,80.419,0
1325232000,80.424,80.603,80.413,80.51,0
1325235600,80.514,80.567,80.458,80.483,0
1325239200,80.481,80.498,80.357,80.395,0
1325242800,80.392,80.469,80.323,80.391,0
1325246400,80.386,80.421,80.307,80.391,0
1325250000,80.401,80.401,80.247,80.303,0
1325253600,80.299,80.304,80.111,80.121,0
1325257200,80.124,80.187,79.982,80.078,0
1325260800,80.065,80.116,79.994,80.116,0
1325264400,80.118,80.185,80.105,80.178,0
1325268000,80.177,80.219,80.142,80.181,0
1325271600,80.177,80.321,80.135,80.262,0
1325275200,80.26,80.273,80.213,80.248,0
1325278800,80.247,80.266,80.201,80.201,0
1325282400,80.205,80.206,80.178,80.178,0
1325548800,80.207,80.207,80.162,80.197,0
1325552400,80.195,80.209,80.097,80.1,0
1325556000,80.099,80.101,80.023,80.068,0
1325559600,80.07,80.108,80.059,80.103,0
1325563200,80.102,80.103,80.038,80.058,0
1325566800,80.057,80.06,80,80.038,0
1325570400,80.037,80.043,79.951,80.019,0
1325574000,80.015,80.018,79.891,79.988,0
1325577600,79.985,80.054,79.957,79.996,0
1325581200,79.995,80.013,79.85,79.894,0
1325584800,79.895,79.896,79.714,79.749,0
1325588400,79.751,79.764,79.614,79.673,0
1325592000,79.675,79.821,79.664,79.804,0
1325595600,79.806,79.87,79.776,79.781,0
1325599200,79.775,79.797,79.711,79.755,0
1325602800,79.738,79.762,79.591,79.635,0
1325606400,79.64,79.646,79.551,79.578,0
1325610000,79.585,79.655,79.57,79.641,0
1325613600,79.645,79.646,79.518,79.54,0
1325617200,79.538,79.646,79.533,79.611,0
1325620800,79.613,79.646,79.583,79.629,0
1325624400,79.625,79.664,79.615,79.653,0
1325628000,79.648,79.658,79.611,79.649,0
1325631600,79.651,79.675,79.64,79.675,0
1325635200,79.666,79.673,79.65,79.66,0
1325638800,79.664,79.678,79.653,79.672,0
1325642400,79.669,79.778,79.664,79.767,0
1325646000,79.764,79.787,79.712,79.716,0
1325649600,79.72,79.741,79.7,79.712,0
1325653200,79.713,79.766,79.713,79.73,0
1325656800,79.728,79.753,79.678,79.683,0
1325660400,79.682,79.742,79.668,79.708,0
1325664000,79.709,79.761,79.553,79.733,0
1325667600,79.728,79.785,79.636,79.69,0
1325671200,79.696,79.856,79.63,79.807,0
1325674800,79.814,80,79.789,79.977,0
1325678400,79.994,80.026,79.908,79.996,0
1325682000,80.002,80.187,80.002,80.166,0
1325685600,80.177,80.187,80.016,80.035,0
1325689200,80.04,80.329,80.033,80.258,0
1325692800,80.27,80.276,80.111,80.139,0
1325696400,80.141,80.15,80.029,80.031,0
1325700000,80.035,80.096,80.035,80.068,0
1325703600,80.075,80.138,80.072,80.129,0
1325707200,80.132,80.141,80.058,80.082,0
1325710800,80.081,80.113,80.075,80.097,0
1325714400,80.098,80.145,80.083,80.136,0
1325718000,80.137,80.138,80.115,80.122,0
1325721600,80.141,80.156,80.11,80.14,0
1325725200,80.142,80.24,80.119,80.188,0
1325728800,80.195,80.207,80.141,80.159,0
1325732400,80.161,80.194,80.153,80.168,0
1325736000,80.167,80.187,80.147,80.185,0
1325739600,80.187,80.216,80.178,80.211,0
1325743200,80.215,80.259,80.188,80.211,0
1325746800,80.213,80.241,80.117,80.14,0
1325750400,80.141,80.55,80.09,80.452,0
1325754000,80.451,80.543,80.399,80.48,0
1325757600,80.499,80.672,80.446,80.657,0
1325761200,80.65,80.709,80.577,80.643,0
1325764800,80.642,80.72,80.585,80.631,0
1325768400,80.623,80.791,80.578,80.765,0
1325772000,80.766,80.945,80.738,80.853,0
1325775600,80.852,80.933,80.787,80.906,0
1325779200,80.905,80.982,80.843,80.959,0
1325782800,80.962,80.974,80.883,80.887,0
1325786400,80.888,80.943,80.871,80.925,0
1325790000,80.927,80.944,80.871,80.936,0
1325793600,80.945,80.963,80.882,80.903,0
1325797200,80.904,81.016,80.885,80.912,0
1325800800,80.917,80.939,80.88,80.899,0
1325804400,80.9,80.937,80.894,80.902,0
1325808000,80.899,80.938,80.871,80.903,0
1325811600,80.909,80.916,80.879,80.89,0
1325815200,80.892,80.907,80.871,80.883,0
1325818800,80.882,80.895,80.865,80.873,0
1325822400,80.871,80.957,80.868,80.957,0
1325826000,80.96,81.062,80.957,81.007,0
1325829600,81.023,81.023,80.929,80.956,0
1325833200,80.962,80.982,80.878,80.971,0
1325836800,80.966,81.013,80.781,80.828,0
1325840400,80.829,80.879,80.783,80.838,0
1325844000,80.836,80.911,80.791,80.881,0
1325847600,80.878,80.965,80.825,80.85,0
1325851200,80.852,80.95,80.832,80.943,0
1325854800,80.939,81.244,80.923,81.202,0
1325858400,81.207,81.336,81.046,81.287,0
1325862000,81.286,81.376,81.247,81.296,0
1325865600,81.291,81.295,81.188,81.227,0
1325869200,81.222,81.309,81.219,81.242,0
1325872800,81.248,81.269,81.225,81.243,0
1325876400,81.241,81.254,81.194,81.254,0
1325880000,81.251,81.276,81.232,81.245,0
1325883600,81.243,81.272,81.236,81.268,0
1325887200,81.265,81.269,81.254,81.264,0
1325890800,81.26,81.26,81.26,81.26,0
1326060000,81.356,81.38,81.307,81.368,0
1326063600,81.366,81.503,81.362,81.441,0
1326067200,81.44,81.47,81.374,81.411,0
1326070800,81.419,81.444,81.38,81.412,0
1326074400,81.413,81.441,81.379,81.392,0
1326078000,81.393,81.435,81.38,81.43,0
1326081600,81.431,81.441,81.37,81.384,0
1326085200,81.386,81.386,81.289,81.338,0
1326088800,81.339,81.345,81.222,81.262,0
1326092400,81.264,81.264,81.122,81.172,0
1326096000,81.176,81.176,81.003,81.037,0
1326099600,81.035,81.137,80.995,80.998,0
1326103200,80.999,81.075,80.961,81.062,0
1326106800,81.066,81.153,81.001,81.043,0
1326110400,81.042,81.155,81.032,81.154,0
1326114000,81.147,81.209,81.037,81.037,0
1326117600,81.029,81.215,80.991,81.165,0
1326121200,81.152,81.205,81.108,81.144,0
1326124800,81.145,81.248,81.1,81.136,0
1326128400,81.131,81.164,81.117,81.161,0
1326132000,81.16,81.16,81.08,81.087,0
1326135600,81.089,81.089,80.989,81.051,0
1326139200,81.048,81.054,80.927,80.942,0
1326142800,80.947,80.996,80.935,80.989,0
1326146400,80.984,81.016,80.96,80.973,0
1326150000,80.971,80.992,80.941,80.978,0
1326153600,80.916,80.997,80.91,80.972,0
1326157200,80.976,80.998,80.9,80.93,0
1326160800,80.933,80.972,80.92,80.966,0
1326164400,80.965,80.967,80.892,80.942,0
1326168000,80.941,80.941,80.871,80.874,0
1326171600,80.872,80.875,80.804,80.849,0
1326175200,80.85,80.861,80.798,80.853,0
1326178800,80.856,80.973,80.826,80.972,0
1326182400,80.973,81.079,80.921,80.956,0
1326186000,80.959,80.982,80.772,80.843,0
1326189600,80.84,80.872,80.772,80.819,0
1326193200,80.825,80.964,80.775,80.94,0
1326196800,80.938,80.967,80.781,80.804,0
1326200400,80.796,80.829,80.715,80.798,0
1326204000,80.8,80.902,80.792,80.858,0
1326207600,80.863,80.918,80.76,80.871,0
1326211200,80.87,80.909,80.81,80.838,0
1326214800,80.844,80.931,80.813,80.868,0
1326218400,80.87,80.925,80.837,80.857,0
1326222000,80.854,80.867,80.8,80.805,0
1326225600,80.806,80.893,80.793,80.893,0
1326229200,80.896,80.914,80.863,80.863,0
1326232800,80.865,80.898,80.855,80.891,0
1326236400,80.897,80.915,80.881,80.885,0
1326240000,80.988,81.058,80.98,81.02,0
1326243600,81.016,81.121,81.003,81.02,0
1326247200,81.019,81.083,80.994,81.076,0
1326250800,81.075,81.083,81.017,81.042,0
1326254400,81.041,81.067,81.022,81.049,0
1326258000,81.051,81.08,81.033,81.05,0
1326261600,81.051,81.058,80.963,80.98,0
1326265200,80.976,81.038,80.958,80.987,0
1326268800,80.989,81.024,80.849,80.871,0
1326272400,80.876,80.91,80.82,80.847,0
1326276000,80.837,81.028,80.837,80.974,0
1326279600,80.98,81.309,80.98,81.275,0
1326283200,81.276,81.371,81.128,81.185,0
1326286800,81.181,81.357,81.122,81.223,0
1326290400,81.234,81.428,81.214,81.421,0
1326294000,81.431,81.461,81.315,81.369,0
1326297600,81.37,81.493,81.334,81.373,0
1326301200,81.381,81.407,81.293,81.338,0
1326304800,81.34,81.364,81.292,81.315,0
1326308400,81.313,81.358,81.294,81.351,0
1326312000,81.349,81.353,81.274,81.294,0
1326315600,81.293,81.317,81.276,81.293,0
1326319200,81.29,81.3,81.263,81.283,0
1326322800,81.281,81.299,81.254,81.254,0
1326326400,81.247,81.287,81.219,81.266,0
1326330000,81.265,81.325,81.24,81.271,0
1326333600,81.269,81.272,81.19,81.199,0
1326337200,81.198,81.262,81.196,81.235,0
1326340800,81.236,81.261,81.214,81.246,0
1326344400,81.249,81.255,81.223,81.24,0
1326348000,81.242,81.289,81.225,81.245,0
1326351600,81.247,81.352,81.204,81.323,0
1326355200,81.321,81.364,81.204,81.269,0
1326358800,81.262,81.318,81.104,81.107,0
1326362400,81.111,81.152,81.028,81.052,0
1326366000,81.057,81.116,81.005,81.054,0
1326369600,81.058,81.07,80.946,81.065,0
1326373200,81.069,81.275,81.045,81.11,0
1326376800,81.103,81.108,80.787,80.79,0
1326380400,80.793,80.968,80.711,80.93,0
1326384000,80.927,80.927,80.801,80.839,0
1326387600,80.838,80.854,80.697,80.751,0
1326391200,80.752,80.808,80.696,80.756,0
1326394800,80.754,80.812,80.751,80.77,0
1326398400,80.776,80.811,80.755,80.787,0
1326402000,80.785,80.845,80.765,80.841,0
1326405600,80.848,80.865,80.817,80.837,0
1326409200,80.839,80.848,80.821,80.824,0
1326412800,80.823,80.831,80.797,80.821,0
1326416400,80.822,80.861,80.814,80.825,0
1326420000,80.827,80.839,80.792,80.806,0
1326423600,80.813,80.848,80.808,80.827,0
1326427200,80.825,80.84,80.757,80.764,0
1326430800,80.769,80.775,80.678,80.724,0
1326434400,80.722,80.731,80.534,80.614,0
1326438000,80.618,80.638,80.549,80.603,0
1326441600,80.598,80.704,80.572,80.664,0
1326445200,80.669,80.832,80.669,80.742,0
1326448800,80.741,80.994,80.675,80.906,0
1326452400,80.899,80.995,80.845,80.967,0
1326456000,80.96,81.046,80.902,80.991,0
1326459600,80.993,81.253,80.922,81.241,0
1326463200,81.234,81.533,81.234,81.502,0
1326466800,81.508,81.784,81.474,81.555,0
1326470400,81.558,81.581,81.407,81.484,0
1326474000,81.481,81.575,81.475,81.498,0
1326477600,81.493,81.621,81.493,81.558,0
1326481200,81.556,81.556,81.483,81.515,0
1326484800,81.521,81.53,81.411,81.425,0
1326488400,81.426,81.556,81.426,81.472,0
1326492000,81.473,81.479,81.459,81.46,0
1326758400,81.389,81.41,81.352,81.391,0
1326762000,81.394,81.411,81.223,81.229,0
1326765600,81.222,81.291,81.12,81.141,0
1326769200,81.139,81.173,81.095,81.122,0
1326772800,81.121,81.142,81.088,81.134,0
1326776400,81.136,81.153,81.093,81.1,0
1326780000,81.096,81.13,81.086,81.117,0
1326783600,81.123,81.135,80.909,80.95,0
1326787200,80.951,81.046,80.9,80.928,0
1326790800,80.925,80.981,80.884,80.896,0
1326794400,80.9,80.916,80.777,80.916,0
1326798000,80.917,80.955,80.844,80.944,0
1326801600,80.947,80.984,80.77,80.838,0
1326805200,80.859,81.106,80.805,81.097,0
1326808800,81.106,81.222,81.037,81.205,0
1326812400,81.185,81.218,81.073,81.089,0
1326816000,81.093,81.111,81.009,81.075,0
1326819600,81.076,81.146,81.022,81.113,0
1326823200,81.116,81.14,81.087,81.116,0
1326826800,81.119,81.208,81.059,81.182,0
1326830400,81.188,81.22,81.115,81.142,0
1326834000,81.144,81.182,81.092,81.115,0
1326837600,81.122,81.134,81.1,81.106,0
1326841200,81.105,81.117,81.096,81.105,0
1326844800,81.08,81.085,81.002,81.015,0
1326848400,81.016,81.058,80.991,81.011,0
1326852000,81.005,81.017,80.913,80.917,0
1326855600,80.92,80.956,80.87,80.882,0
1326859200,80.88,80.92,80.876,80.885,0
1326862800,80.884,80.968,80.868,80.954,0
1326866400,80.955,81.04,80.945,80.997,0
1326870000,80.994,81.004,80.778,80.83,0
1326873600,80.825,81.121,80.8,80.988,0
1326877200,80.992,81.009,80.746,80.855,0
1326880800,80.849,80.895,80.599,80.676,0
1326884400,80.686,80.816,80.678,80.719,0
1326888000,80.695,80.93,80.695,80.753,0
1326891600,80.766,80.829,80.616,80.829,0
1326895200,80.83,80.843,80.618,80.657,0
1326898800,80.656,80.779,80.615,80.716,0
1326902400,80.718,80.758,80.627,80.685,0
1326906000,80.689,80.733,80.493,80.552,0
1326909600,80.547,80.626,80.514,80.626,0
1326913200,80.622,80.641,80.551,80.609,0
1326916800,80.612,80.612,80.494,80.503,0
1326920400,80.496,80.534,80.473,80.49,0
1326924000,80.492,80.546,80.491,80.539,0
1326927600,80.543,80.543,80.48,80.48,0
1326931200,80.499,80.56,80.478,80.525,0
1326934800,80.526,80.576,80.499,80.518,0
1326938400,80.516,80.519,80.436,80.457,0
1326942000,80.452,80.472,80.401,80.465,0
1326945600,80.47,80.511,80.434,80.498,0
1326949200,80.495,80.549,80.471,80.529,0
1326952800,80.525,80.526,80.452,80.502,0
1326956400,80.503,80.581,80.457,80.555,0
1326960000,80.554,80.587,80.357,80.378,0
1326963600,80.368,80.461,80.274,80.378,0
1326967200,80.389,80.439,80.266,80.312,0
1326970800,80.31,80.332,80.237,80.298,0
1326974400,80.304,80.352,80.17,80.238,0
1326978000,80.242,80.314,80.18,80.276,0
1326981600,80.281,80.388,80.259,80.335,0
1326985200,80.334,80.434,80.3,80.361,0
1326988800,80.366,80.402,80.18,80.188,0
1326992400,80.187,80.298,80.187,80.232,0
1326996000,80.234,80.242,80.157,80.186,0
1326999600,80.191,80.251,80.147,80.216,0
1327003200,80.218,80.221,80.071,80.071,0
1327006800,80.067,80.131,80.046,80.052,0
1327010400,80.054,80.119,80.041,80.062,0
1327014000,80.063,80.087,80.041,80.075,0
1327017600,80.09,80.118,80.064,80.099,0
1327021200,80.1,80.135,80.072,80.085,0
1327024800,80.087,80.132,80.085,80.103,0
1327028400,80.102,80.115,80.082,80.085,0
1327032000,80.088,80.1,80.07,80.099,0
1327035600,80.095,80.108,80.073,80.107,0
1327039200,80.1,80.109,80.01,80.053,0
1327042800,80.054,80.117,79.999,80.088,0
1327046400,80.085,80.298,80.08,80.287,0
1327050000,80.288,80.418,80.212,80.397,0
1327053600,80.393,80.438,80.249,80.354,0
1327057200,80.356,80.406,80.273,80.361,0
1327060800,80.352,80.381,80.258,80.312,0
1327064400,80.314,80.429,80.264,80.274,0
1327068000,80.275,80.338,80.203,80.257,0
1327071600,80.258,80.328,80.144,80.258,0
1327075200,80.261,80.264,80.117,80.117,0
1327078800,80.123,80.202,80.102,80.186,0
1327082400,80.185,80.213,80.17,80.195,0
1327086000,80.201,80.25,80.18,80.223,0
1327089600,80.219,80.224,80.129,80.148,0
1327093200,80.151,80.16,80.124,80.151,0
1327096800,80.155,80.159,80.152,80.156,0
1327269600,80.368,80.393,80.364,80.393,0
1327273200,80.388,80.388,80.321,80.364,0
1327276800,80.367,80.393,80.336,80.358,0
1327280400,80.355,80.376,80.279,80.333,0
1327284000,80.336,80.39,80.28,80.384,0
1327287600,80.383,80.385,80.345,80.35,0
1327291200,80.352,80.357,80.301,80.323,0
1327294800,80.324,80.333,80.302,80.33,0
1327298400,80.332,80.337,80.274,80.288,0
1327302000,80.299,80.372,80.289,80.31,0
1327305600,80.309,80.35,80.131,80.215,0
1327309200,80.204,80.279,80.147,80.19,0
1327312800,80.187,80.253,79.942,79.957,0
1327316400,79.963,79.967,79.779,79.836,0
1327320000,79.832,79.916,79.803,79.836,0
1327323600,79.817,79.821,79.702,79.755,0
1327327200,79.752,79.815,79.683,79.685,0
1327330800,79.688,79.716,79.636,79.641,0
1327334400,79.64,79.701,79.602,79.695,0
1327338000,79.693,79.825,79.683,79.794,0
1327341600,79.799,79.808,79.76,79.798,0
1327345200,79.795,79.839,79.764,79.783,0
1327348800,79.79,79.8,79.682,79.696,0
1327352400,79.7,79.799,79.697,79.799,0
1327356000,79.798,79.833,79.738,79.797,0
1327359600,79.798,79.803,79.783,79.8,0
1327363200,79.748,79.77,79.736,79.752,0
1327366800,79.754,79.825,79.749,79.803,0
1327370400,79.808,79.917,79.799,79.877,0
1327374000,79.879,79.933,79.874,79.913,0
1327377600,79.909,79.926,79.869,79.881,0
1327381200,79.883,79.892,79.823,79.832,0
1327384800,79.84,79.841,79.736,79.765,0
1327388400,79.764,79.859,79.708,79.708,0
1327392000,79.709,79.93,79.708,79.875,0
1327395600,79.878,79.972,79.643,79.886,0
1327399200,79.894,79.956,79.81,79.955,0
1327402800,79.951,79.974,79.787,79.935,0
1327406400,79.933,80.017,79.825,79.984,0
1327410000,79.98,80.162,79.887,80.124,0
1327413600,80.128,80.184,80.084,80.103,0
1327417200,80.11,80.165,80.007,80.042,0
1327420800,80.044,80.067,79.92,79.959,0
1327424400,79.956,79.959,79.85,79.856,0
1327428000,79.863,79.901,79.847,79.876,0
1327431600,79.875,79.883,79.84,79.868,0
1327435200,79.869,79.875,79.835,79.839,0
1327438800,79.843,79.871,79.779,79.786,0
1327442400,79.784,79.827,79.778,79.806,0
1327446000,79.809,79.812,79.785,79.805,0
1327449600,79.805,79.863,79.762,79.83,0
1327453200,79.833,79.878,79.823,79.868,0
1327456800,79.869,79.89,79.826,79.888,0
1327460400,79.895,79.928,79.885,79.907,0
1327464000,79.902,79.916,79.869,79.905,0
1327467600,79.901,79.917,79.869,79.908,0
1327471200,79.902,79.924,79.836,79.848,0
1327474800,79.853,79.909,79.801,79.872,0
1327478400,79.869,79.943,79.818,79.903,0
1327482000,79.904,80.111,79.833,80.106,0
1327485600,80.113,80.217,80.071,80.207,0
1327489200,80.21,80.266,80.136,80.223,0
1327492800,80.226,80.355,80.193,80.278,0
1327496400,80.279,80.326,80.189,80.221,0
1327500000,80.228,80.27,80.138,80.256,0
1327503600,80.261,80.288,80.162,80.175,0
1327507200,80.171,80.218,80.105,80.162,0
1327510800,80.157,80.178,79.693,79.744,0
1327514400,79.745,79.756,79.491,79.563,0
1327518000,79.579,79.789,79.519,79.579,0
1327521600,79.58,79.637,79.381,79.429,0
1327525200,79.433,79.508,79.415,79.479,0
1327528800,79.476,79.579,79.464,79.489,0
1327532400,79.49,79.498,79.46,79.463,0
1327536000,79.49,79.54,79.482,79.519,0
1327539600,79.518,79.521,79.459,79.498,0
1327543200,79.5,79.503,79.454,79.457,0
1327546800,79.456,79.48,79.433,79.466,0
1327550400,79.465,79.478,79.431,79.433,0
1327554000,79.43,79.459,79.361,79.365,0
1327557600,79.359,79.399,79.3,79.394,0
1327561200,79.389,79.472,79.325,79.426,0
1327564800,79.42,79.451,79.322,79.451,0
1327568400,79.45,79.458,79.145,79.145,0
1327572000,79.15,79.221,79.113,79.212,0
1327575600,79.214,79.315,79.141,79.269,0
1327579200,79.266,79.324,79.231,79.295,0
1327582800,79.283,79.301,79.12,79.161,0
1327586400,79.166,79.273,79.132,79.155,0
1327590000,79.161,79.282,79.067,79.159,0
1327593600,79.162,79.216,79.115,79.195,0
1327597200,79.196,79.28,79.195,79.217,0
1327600800,79.212,79.421,79.191,79.404,0
1327604400,79.406,79.457,79.367,79.395,0
1327608000,79.396,79.45,79.396,79.42,0
1327611600,79.421,79.439,79.399,79.401,0
1327615200,79.399,79.429,79.391,79.418,0
1327618800,79.416,79.421,79.387,79.397,0
1327622400,79.519,79.532,79.495,79.519,0
1327626000,79.515,79.519,79.432,79.456,0
1327629600,79.452,79.464,79.405,79.416,0
1327633200,79.417,79.434,79.352,79.425,0
1327636800,79.422,79.428,79.352,79.382,0
1327640400,79.376,79.4,79.343,79.395,0
1327644000,79.398,79.438,79.329,79.352,0
1327647600,79.349,79.478,79.339,79.446,0
1327651200,79.449,79.466,79.305,79.414,0
1327654800,79.413,79.468,79.205,79.235,0
1327658400,79.242,79.259,79.117,79.121,0
1327662000,79.116,79.226,79.116,79.206,0
1327665600,79.211,79.217,79.125,79.157,0
1327669200,79.162,79.389,79.149,79.368,0
1327672800,79.366,79.372,79.123,79.192,0
1327676400,79.197,79.329,79.179,79.226,0
1327680000,79.23,79.232,78.948,78.952,0
1327683600,78.95,79.072,78.905,79.043,0
1327687200,79.039,79.065,78.837,78.887,0
1327690800,78.888,78.932,78.868,78.902,0
1327694400,78.901,78.901,78.826,78.841,0
1327698000,78.84,78.847,78.772,78.835,0
1327701600,78.831,78.838,78.831,78.836,0
1327874400,78.811,78.906,78.799,78.883,0
1327878000,78.885,78.912,78.842,78.908,0
1327881600,78.902,78.989,78.887,78.97,0
1327885200,78.974,79.054,78.974,79.003,0
1327888800,79.009,79.059,78.989,78.997,0
1327892400,78.996,79.018,78.938,78.992,0
1327896000,78.991,79.06,78.986,79.03,0
1327899600,79.028,79.065,79.006,79.06,0
1327903200,79.063,79.188,79.031,79.186,0
1327906800,79.188,79.229,79.09,79.153,0
1327910400,79.15,79.195,79.103,79.181,0
1327914000,79.179,79.298,79.178,79.248,0
1327917600,79.25,79.345,79.22,79.257,0
1327921200,79.252,79.331,79.216,79.231,0
1327924800,79.239,79.347,79.224,79.297,0
1327928400,79.3,79.43,79.277,79.427,0
1327932000,79.423,79.457,79.27,79.282,0
1327935600,79.281,79.353,79.236,79.24,0
1327939200,79.242,79.324,79.171,79.184,0
1327942800,79.182,79.206,79.106,79.163,0
1327946400,79.169,79.236,79.153,79.173,0
1327950000,79.175,79.204,79.141,79.167,0
1327953600,79.162,79.226,79.116,79.15,0
1327957200,79.149,79.167,79.069,79.078,0
1327960800,79.079,79.129,79.069,79.104,0
1327964400,79.103,79.147,79.098,79.134,0
1327968000,79.084,79.098,79.005,79.021,0
1327971600,79.013,79.039,78.97,79.009,0
1327975200,79.015,79.039,78.853,78.877,0
1327978800,78.878,78.903,78.825,78.879,0
1327982400,78.88,78.9,78.831,78.851,0
1327986000,78.85,78.904,78.824,78.83,0
1327989600,78.833,78.964,78.828,78.926,0
1327993200,78.922,78.998,78.85,78.982,0
1327996800,78.987,78.992,78.834,78.838,0
1328000400,78.842,78.865,78.741,78.828,0
1328004000,78.823,78.91,78.772,78.794,0
1328007600,78.801,78.888,78.77,78.886,0
1328011200,78.892,78.894,78.825,78.874,0
1328014800,78.872,78.957,78.868,78.92,0
1328018400,78.916,79.085,78.86,79.022,0
1328022000,79.03,79.286,79.026,79.269,0
1328025600,79.258,79.489,79.18,79.448,0
1328029200,79.455,79.455,79.334,79.368,0
1328032800,79.369,79.383,79.273,79.329,0
1328036400,79.325,79.391,79.279,79.288,0
1328040000,79.294,79.305,79.242,79.305,0
1328043600,79.305,79.327,79.278,79.294,0
1328047200,79.291,79.319,79.263,79.273,0
1328050800,79.268,79.293,79.263,79.283,0
1328054400,79.296,79.34,79.274,79.32,0
1328058000,79.316,79.409,79.278,79.344,0
1328061600,79.349,79.377,79.296,79.374,0
1328065200,79.372,79.383,79.309,79.342,0
1328068800,79.341,79.369,79.312,79.364,0
1328072400,79.359,79.383,79.342,79.367,0
1328076000,79.366,79.536,79.355,79.513,0
1328079600,79.512,79.571,79.441,79.449,0
1328083200,79.448,79.448,79.285,79.295,0
1328086800,79.296,79.301,78.996,79.008,0
1328090400,79.01,79.103,78.972,79.053,0
1328094000,79.055,79.125,79.026,79.052,0
1328097600,79.054,79.106,78.702,78.795,0
1328101200,78.8,78.867,78.779,78.839,0
1328104800,78.836,78.937,78.787,78.847,0
1328108400,78.849,78.923,78.713,78.717,0
1328112000,78.723,78.77,78.623,78.7,0
1328115600,78.711,78.819,78.662,78.8,0
1328119200,78.795,78.907,78.748,78.88,0
1328122800,78.879,78.973,78.858,78.922,0
1328126400,78.923,78.957,78.883,78.944,0
1328130000,78.945,78.95,78.883,78.899,0
1328133600,78.895,78.922,78.827,78.847,0
1328137200,78.844,78.873,78.838,78.847,0
1328140800,78.84,78.846,78.739,78.784,0
1328144400,78.782,78.81,78.719,78.777,0
1328148000,78.775,78.816,78.764,78.786,0
1328151600,78.782,78.796,78.738,78.774,0
1328155200,78.771,78.881,78.765,78.857,0
1328158800,78.856,78.879,78.816,78.829,0
1328162400,78.827,78.846,78.764,78.81,0
1328166000,78.808,78.86,78.74,78.778,0
1328169600,78.775,79.003,78.771,78.965,0
1328173200,78.97,79.043,78.947,78.965,0
1328176800,78.967,79.047,78.737,78.945,0
1328180400,78.941,79.035,78.922,78.996,0
1328184000,78.992,79.203,78.989,79.101,0
1328187600,79.102,79.176,79.011,79.073,0
1328191200,79.064,79.111,78.95,78.97,0
1328194800,78.969,79.03,78.787,78.845,0
1328198400,78.85,78.927,78.788,78.877,0
1328202000,78.876,79.021,78.852,78.957,0
1328205600,78.951,78.998,78.938,78.967,0
1328209200,78.966,79.029,78.953,78.991,0
1328212800,78.995,79,78.95,78.986,0
1328216400,78.984,78.996,78.96,78.987,0
1328220000,78.983,78.994,78.962,78.974,0
1328223600,78.975,78.99,78.97,78.98,0
1328227200,79.02,79.042,79.013,79.023,0
1328230800,79.034,79.113,79.026,79.055,0
1328234400,79.061,79.079,78.995,79.01,0
1328238000,79.008,79.05,78.998,79.042,0
1328241600,79.044,79.052,79.02,79.027,0
1328245200,79.029,79.036,78.97,78.993,0
1328248800,78.997,79.005,78.919,78.97,0
1328252400,78.969,79.044,78.927,78.945,0
1328256000,78.954,79.008,78.889,78.968,0
1328259600,78.964,78.972,78.823,78.865,0
1328263200,78.862,78.897,78.802,78.836,0
1328266800,78.838,78.932,78.795,78.931,0
1328270400,78.916,78.982,78.889,78.96,0
1328274000,78.955,79.257,78.745,79.144,0
1328277600,79.148,79.357,79.067,79.189,0
1328281200,79.191,79.301,79.074,79.077,0
1328284800,79.075,79.158,79.068,79.143,0
1328288400,79.15,79.151,78.943,78.997,0
1328292000,78.993,79.008,78.93,78.985,0
1328295600,78.984,78.991,78.865,78.924,0
1328299200,78.929,78.993,78.913,78.955,0
1328302800,78.953,78.978,78.935,78.94,0
1328306400,78.943,78.943,78.924,78.942,0
1328479200,79.087,79.103,79.02,79.022,0
1328482800,79.024,79.098,79.007,79.047,0
1328486400,79.048,79.13,79.018,79.104,0
1328490000,79.103,79.134,79.074,79.13,0
1328493600,79.128,79.246,79.121,79.246,0
1328497200,79.245,79.27,79.189,79.214,0
1328500800,79.213,79.267,79.2,79.256,0
1328504400,79.258,79.276,79.231,79.253,0
1328508000,79.249,79.383,79.238,79.317,0
1328511600,79.324,79.38,79.201,79.211,0
1328515200,79.21,79.387,79.185,79.36,0
1328518800,79.362,79.513,79.35,79.462,0
1328522400,79.463,79.506,79.373,79.457,0
1328526000,79.459,79.484,79.317,79.363,0
1328529600,79.368,79.384,79.262,79.356,0
1328533200,79.355,79.506,79.344,79.498,0
1328536800,79.508,79.516,79.321,79.344,0
1328540400,79.342,79.374,79.26,79.266,0
1328544000,79.264,79.282,79.005,79.031,0
1328547600,79.037,79.073,78.984,79.04,0
1328551200,79.051,79.11,78.999,79.094,0
1328554800,79.099,79.104,79.044,79.069,0
1328558400,79.067,79.07,78.997,79.038,0
1328562000,79.036,79.069,79.007,79.042,0
1328565600,79.044,79.087,79.023,79.077,0
1328569200,79.075,79.103,79.072,79.089,0
1328572800,79.071,79.102,79.062,79.062,0
1328576400,79.069,79.103,79.058,79.101,0
1328580000,79.104,79.173,79.072,79.139,0
1328583600,79.142,79.243,79.029,79.217,0
1328587200,79.215,79.243,79.141,79.202,0
1328590800,79.2,79.222,79.164,79.188,0
1328594400,79.185,79.207,79.148,79.164,0
1328598000,79.164,79.164,78.946,78.99,0
1328601600,78.993,79.047,78.956,79.044,0
1328605200,79.045,79.121,78.968,78.988,0
1328608800,78.987,79.089,78.942,79.067,0
1328612400,79.066,79.161,79.066,79.142,0
1328616000,79.149,79.265,79.142,79.21,0
1328619600,79.209,79.247,78.869,78.887,0
1328623200,78.892,78.923,78.811,78.854,0
1328626800,78.853,78.913,78.613,78.615,0
1328630400,78.622,78.627,78.488,78.609,0
1328634000,78.604,78.633,78.531,78.541,0
1328637600,78.542,78.668,78.511,78.597,0
1328641200,78.601,78.655,78.576,78.576,0
1328644800,78.57,78.597,78.531,78.547,0
1328648400,78.551,78.552,78.488,78.519,0
1328652000,78.515,78.545,78.508,78.52,0
1328655600,78.519,78.571,78.507,78.557,0
1328659200,78.556,78.58,78.508,78.572,0
1328662800,78.579,78.627,78.571,78.614,0
1328666400,78.612,78.616,78.555,78.575,0
1328670000,78.579,78.645,78.566,78.624,0
1328673600,78.622,78.645,78.607,78.629,0
1328677200,78.633,78.635,78.505,78.53,0
1328680800,78.537,78.561,78.451,78.503,0
1328684400,78.507,78.583,78.487,78.53,0
1328688000,78.527,78.547,78.443,78.502,0
1328691600,78.507,78.585,78.451,78.584,0
1328695200,78.583,78.608,78.517,78.553,0
1328698800,78.55,78.591,78.465,78.476,0
1328702400,78.48,78.538,78.462,78.506,0
1328706000,78.499,78.555,78.433,78.548,0
1328709600,78.551,78.615,78.519,78.54,0
1328713200,78.539,78.707,78.47,78.593,0
1328716800,78.6,78.757,78.581,78.623,0
1328720400,78.619,78.625,78.522,78.546,0
1328724000,78.548,78.646,78.547,78.604,0
1328727600,78.605,78.641,78.576,78.641,0
1328731200,78.646,78.646,78.581,78.617,0
1328734800,78.614,78.632,78.6,78.605,0
1328738400,78.603,78.651,78.596,78.65,0
1328742000,78.648,78.808,78.647,78.694,0
1328745600,78.712,78.772,78.705,78.714,0
1328749200,78.733,78.781,78.69,78.691,0
1328752800,78.692,78.694,78.603,78.638,0
1328756400,78.635,78.699,78.606,78.672,0
1328760000,78.676,78.689,78.55,78.565,0
1328763600,78.566,78.59,78.541,78.559,0
1328767200,78.561,78.568,78.407,78.444,0
1328770800,78.445,78.572,78.432,78.547,0
1328774400,78.544,78.59,78.431,78.465,0
1328778000,78.47,78.594,78.441,78.593,0
1328781600,78.583,78.594,78.506,78.53,0
1328785200,78.534,78.664,78.515,78.642,0
1328788800,78.648,78.707,78.603,78.655,0
1328792400,78.653,78.707,78.414,78.536,0
1328796000,78.558,78.584,78.364,78.402,0
1328799600,78.405,78.621,78.39,78.446,0
1328803200,78.449,78.557,78.405,78.499,0
1328806800,78.498,78.575,78.479,78.533,0
1328810400,78.529,78.597,78.496,78.581,0
1328814000,78.585,78.6,78.534,78.566,0
1328817600,78.568,78.626,78.547,78.6,0
1328821200,78.605,78.615,78.584,78.587,0
1328824800,78.586,78.608,78.566,78.599,0
1328828400,78.594,78.648,78.586,78.642,0
1328832000,78.65,78.667,78.576,78.583,0
1328835600,78.587,78.651,78.574,78.626,0
1328839200,78.623,78.643,78.61,78.641,0
1328842800,78.639,78.705,78.631,78.692,0
1328846400,78.693,78.72,78.67,78.713,0
1328850000,78.712,78.751,78.698,78.72,0
1328853600,78.719,78.764,78.703,78.732,0
1328857200,78.73,78.813,78.684,78.756,0
1328860800,78.758,78.822,78.641,78.65,0
1328864400,78.649,78.701,78.604,78.695,0
1328868000,78.697,78.793,78.692,78.721,0
1328871600,78.72,78.817,78.701,78.806,0
1328875200,78.803,79.081,78.799,79.025,0
1328878800,79.028,79.198,78.979,79.123,0
1328882400,79.116,79.133,79.018,79.079,0
1328886000,79.082,79.117,79.022,79.047,0
1328889600,79.05,79.096,79.017,79.058,0
1328893200,79.061,79.074,79.014,79.023,0
1328896800,79.02,79.133,79.019,79.129,0
1328900400,79.121,79.127,79.065,79.114,0
1328904000,79.116,79.155,79.11,79.119,0
1328907600,79.122,79.131,78.985,79.01,0
1328911200,79.011,79.011,78.999,79.004,0
1329084000,78.927,78.979,78.785,78.815,0
1329087600,78.813,78.893,78.723,78.844,0
1329091200,78.83,78.981,78.773,78.928,0
1329094800,78.934,78.945,78.846,78.86,0
1329098400,78.858,78.876,78.818,78.849,0
1329102000,78.846,78.863,78.756,78.769,0
1329105600,78.766,78.802,78.743,78.759,0
1329109200,78.758,78.791,78.718,78.786,0
1329112800,78.783,78.82,78.748,78.814,0
1329116400,78.811,78.839,78.652,78.769,0
1329120000,78.772,78.782,78.608,78.638,0
1329123600,78.63,78.764,78.626,78.742,0
1329127200,78.737,78.773,78.668,78.679,0
1329130800,78.68,78.75,78.679,78.749,0
1329134400,78.753,78.796,78.712,78.733,0
1329138000,78.727,78.821,78.705,78.805,0
1329141600,78.8,78.865,78.749,78.84,0
1329145200,78.833,78.916,78.833,78.861,0
1329148800,78.867,78.931,78.833,78.905,0
1329152400,78.897,78.953,78.88,78.92,0
1329156000,78.922,78.935,78.856,78.929,0
1329159600,78.933,78.947,78.896,78.946,0
1329163200,78.944,79.005,78.941,78.989,0
1329166800,78.982,79.021,78.972,79.021,0
1329170400,79.014,79.104,78.946,79.081,0
1329174000,79.082,79.155,79.077,79.12,0
1329177600,79.135,79.145,79.086,79.088,0
1329181200,79.091,79.183,79.078,79.16,0
1329184800,79.163,79.201,79.141,79.17,0
1329188400,79.168,79.243,79.16,79.232,0
1329192000,79.224,79.239,79.166,79.216,0
1329195600,79.215,79.224,79.183,79.213,0
1329199200,79.206,79.362,79.206,79.277,0
1329202800,79.272,79.351,79.21,79.244,0
1329206400,79.242,79.269,79.139,79.169,0
1329210000,79.173,79.252,79.095,79.118,0
1329213600,79.114,79.114,78.947,78.993,0
1329217200,78.999,79.067,78.988,79.046,0
1329220800,79.045,79.157,79.037,79.134,0
1329224400,79.133,79.327,79.133,79.251,0
1329228000,79.243,79.297,79.151,79.24,0
1329231600,79.249,79.433,79.23,79.41,0
1329235200,79.408,79.426,79.277,79.323,0
1329238800,79.319,79.481,79.307,79.46,0
1329242400,79.455,79.547,79.455,79.476,0
1329246000,79.475,79.639,79.466,79.58,0
1329249600,79.582,79.615,79.434,79.436,0
1329253200,79.438,79.463,79.363,79.387,0
1329256800,79.373,79.421,79.363,79.391,0
1329260400,79.39,79.409,79.374,79.408,0
1329264000,79.403,79.46,79.373,79.436,0
1329267600,79.439,79.508,79.418,79.493,0
1329271200,79.492,79.495,79.252,79.256,0
1329274800,79.258,79.286,79.195,79.204,0
1329278400,79.198,79.245,79.198,79.214,0
1329282000,79.216,79.218,79.127,79.131,0
1329285600,79.136,79.196,79.13,79.186,0
1329289200,79.187,79.242,79.098,79.214,0
1329292800,79.221,79.268,79.182,79.244,0
1329296400,79.256,79.265,79.151,79.217,0
1329300000,79.218,79.313,79.161,79.266,0
1329303600,79.268,79.314,79.209,79.31,0
1329307200,79.319,79.407,79.232,79.366,0
1329310800,79.37,79.627,79.351,79.52,0
1329314400,79.516,79.543,79.41,79.489,0
1329318000,79.491,79.627,79.474,79.624,0
1329321600,79.619,79.648,79.49,79.503,0
1329325200,79.508,79.678,79.508,79.648,0
1329328800,79.642,79.666,79.524,79.544,0
1329332400,79.537,79.733,79.51,79.67,0
1329336000,79.674,79.675,79.568,79.63,0
1329339600,79.629,79.657,79.608,79.654,0
1329343200,79.655,79.7,79.64,79.676,0
1329346800,79.678,79.738,79.672,79.711,0
1329350400,79.726,79.799,79.694,79.75,0
1329354000,79.749,79.804,79.748,79.779,0
1329357600,79.778,79.916,79.767,79.846,0
1329361200,79.847,79.908,79.797,79.815,0
1329364800,79.812,79.871,79.806,79.864,0
1329368400,79.871,79.917,79.838,79.85,0
1329372000,79.851,79.964,79.814,79.929,0
1329375600,79.937,79.978,79.835,79.866,0
1329379200,79.874,80.078,79.863,80,0
1329382800,79.996,80.057,79.936,79.98,0
1329386400,79.984,80.059,79.961,80.005,0
1329390000,80.004,80.046,79.976,80.002,0
1329393600,80.001,80.119,79.982,80.084,0
1329397200,80.082,80.114,79.976,80.042,0
1329400800,80.039,80.042,79.825,79.838,0
1329404400,79.846,79.855,79.674,79.782,0
1329408000,79.781,79.807,79.442,79.456,0
1329411600,79.459,79.529,79.404,79.515,0
1329415200,79.52,79.524,79.42,79.488,0
1329418800,79.496,79.496,79.309,79.348,0
1329422400,79.349,79.401,79.271,79.36,0
1329426000,79.361,79.39,79.33,79.385,0
1329429600,79.394,79.407,79.365,79.384,0
1329433200,79.38,79.388,79.358,79.373,0
1329436800,79.405,79.407,79.347,79.388,0
1329440400,79.387,79.435,79.336,79.373,0
1329444000,79.371,79.416,79.357,79.398,0
1329447600,79.397,79.436,79.388,79.412,0
1329451200,79.409,79.421,79.385,79.408,0
1329454800,79.405,79.42,79.381,79.385,0
1329458400,79.384,79.483,79.384,79.475,0
1329462000,79.477,79.482,79.337,79.354,0
1329465600,79.353,79.455,79.345,79.433,0
1329469200,79.436,79.438,79.202,79.252,0
1329472800,79.26,79.332,79.236,79.323,0
1329476400,79.328,79.402,79.3,79.36,0
1329480000,79.363,79.403,79.208,79.242,0
1329483600,79.244,79.32,79.189,79.268,0
1329487200,79.259,79.301,79.15,79.275,0
1329490800,79.28,79.414,79.27,79.318,0
1329494400,79.316,79.427,79.316,79.377,0
1329498000,79.37,79.39,79.323,79.358,0
1329501600,79.359,79.391,79.332,79.379,0
1329505200,79.382,79.391,79.323,79.331,0
1329508800,79.328,79.364,79.302,79.347,0
1329512400,79.349,79.394,79.349,79.393,0
1329516000,79.392,79.392,79.392,79.392,0
1329782400,79.174,79.182,79.084,79.088,0
1329786000,79.086,79.147,79.079,79.145,0
1329789600,79.144,79.264,78.905,79.004,0
1329793200,79,79.036,78.797,78.956,0
1329796800,78.953,78.996,78.876,78.896,0
1329800400,78.893,78.926,78.868,78.885,0
1329804000,78.883,78.933,78.809,78.845,0
1329807600,78.841,79.072,78.83,78.963,0
1329811200,78.968,79.064,78.883,78.892,0
1329814800,78.896,78.995,78.81,78.985,0
1329818400,78.987,79.131,78.96,79.099,0
1329822000,79.103,79.223,79.054,79.192,0
1329825600,79.19,79.203,79.085,79.147,0
1329829200,79.148,79.2,79.091,79.121,0
1329832800,79.124,79.151,79.027,79.134,0
1329836400,79.137,79.149,78.938,78.956,0
1329840000,78.955,79.008,78.909,79.007,0
1329843600,79.003,79.029,78.944,79.029,0
1329847200,79.034,79.077,78.961,79.039,0
1329850800,79.044,79.061,78.962,79.044,0
1329854400,79.042,79.125,79.022,79.072,0
1329858000,79.067,79.109,79.054,79.107,0
1329861600,79.103,79.131,79.044,79.114,0
1329865200,79.107,79.125,79.089,79.09,0
1329868800,79.104,79.133,79.08,79.128,0
1329872400,79.122,79.227,79.122,79.176,0
1329876000,79.178,79.206,79.134,79.201,0
1329879600,79.2,79.208,79.099,79.115,0
1329883200,79.116,79.177,79.116,79.168,0
1329886800,79.17,79.183,79.095,79.111,0
1329890400,79.109,79.133,79.068,79.104,0
1329894000,79.101,79.137,78.999,79.013,0
1329897600,79.017,79.202,79,79.181,0
1329901200,79.189,79.25,79.182,79.226,0
1329904800,79.232,79.249,79.161,79.19,0
1329908400,79.197,79.288,79.175,79.288,0
1329912000,79.283,79.31,79.121,79.209,0
1329915600,79.211,79.341,79.199,79.261,0
1329919200,79.254,79.318,79.212,79.303,0
1329922800,79.307,79.38,79.227,79.257,0
1329926400,79.249,79.271,79.131,79.212,0
1329930000,79.205,79.256,79.171,79.231,0
1329933600,79.232,79.239,79.178,79.189,0
1329937200,79.194,79.242,79.16,79.211,0
1329940800,79.212,79.25,79.181,79.233,0
1329944400,79.231,79.246,79.185,79.208,0
1329948000,79.205,79.233,79.189,79.216,0
1329951600,79.214,79.238,79.203,79.229,0
1329955200,79.228,79.273,79.22,79.273,0
1329958800,79.271,79.288,79.2,79.217,0
1329962400,79.213,79.223,79.141,79.144,0
1329966000,79.141,79.178,79.14,79.151,0
1329969600,79.147,79.159,79.109,79.155,0
1329973200,79.156,79.174,79.138,79.153,0
1329976800,79.157,79.173,79.047,79.049,0
1329980400,79.048,79.103,79.01,79.074,0
1329984000,79.071,79.098,78.928,78.963,0
1329987600,78.962,78.962,78.76,78.825,0
1329991200,78.821,78.926,78.821,78.907,0
1329994800,78.908,78.981,78.894,78.971,0
1329998400,78.973,79.009,78.94,78.967,0
1330002000,78.971,78.992,78.906,78.954,0
1330005600,78.957,79.114,78.946,79.05,0
1330009200,79.053,79.066,78.884,78.904,0
1330012800,78.907,78.961,78.895,78.945,0
1330016400,78.944,78.968,78.872,78.912,0
1330020000,78.911,78.911,78.801,78.828,0
1330023600,78.826,78.846,78.787,78.819,0
1330027200,78.816,78.824,78.624,78.641,0
1330030800,78.639,78.67,78.6,78.638,0
1330034400,78.635,78.663,78.604,78.62,0
1330038000,78.628,78.655,78.623,78.633,0
1330041600,78.662,78.668,78.631,78.631,0
1330045200,78.635,78.683,78.609,78.664,0
1330048800,78.662,78.681,78.629,78.674,0
1330052400,78.676,78.69,78.647,78.69,0
1330056000,78.692,78.706,78.667,78.693,0
1330059600,78.694,78.741,78.664,78.726,0
1330063200,78.73,78.773,78.706,78.732,0
1330066800,78.729,78.762,78.658,78.72,0
1330070400,78.718,78.748,78.6,78.622,0
1330074000,78.616,78.64,78.571,78.591,0
1330077600,78.594,78.639,78.522,78.61,0
1330081200,78.617,78.618,78.476,78.505,0
1330084800,78.507,78.539,78.457,78.519,0
1330088400,78.516,78.547,78.47,78.522,0
1330092000,78.524,78.551,78.338,78.367,0
1330095600,78.37,78.392,78.254,78.31,0
1330099200,78.315,78.353,78.277,78.338,0
1330102800,78.339,78.351,78.294,78.324,0
1330106400,78.323,78.329,78.22,78.313,0
1330110000,78.308,78.401,78.299,78.352,0
1330113600,78.355,78.369,78.309,78.331,0
1330117200,78.326,78.408,78.322,78.402,0
1330120800,78.398,78.407,78.395,78.4,0
1330293600,78.365,78.41,78.323,78.4,0
1330297200,78.402,78.437,78.366,78.389,0
1330300800,78.388,78.438,78.383,78.413,0
1330304400,78.411,78.434,78.376,78.401,0
1330308000,78.399,78.457,78.383,78.432,0
1330311600,78.423,78.448,78.4,78.44,0
1330315200,78.443,78.444,78.394,78.42,0
1330318800,78.423,78.463,78.423,78.453,0
1330322400,78.451,78.497,78.436,78.455,0
1330326000,78.458,78.471,78.37,78.397,0
1330329600,78.399,78.542,78.382,78.509,0
1330333200,78.516,78.525,78.423,78.481,0
1330336800,78.486,78.611,78.454,78.58,0
1330340400,78.578,78.599,78.515,78.587,0
1330344000,78.586,78.63,78.544,78.572,0
1330347600,78.561,78.663,78.552,78.618,0
1330351200,78.612,78.678,78.569,78.612,0
1330354800,78.611,78.619,78.449,78.573,0
1330358400,78.571,78.575,78.466,78.488,0
1330362000,78.48,78.589,78.465,78.479,0
1330365600,78.48,78.608,78.473,78.579,0
1330369200,78.582,78.59,78.541,78.568,0
1330372800,78.567,78.579,78.495,78.577,0
1330376400,78.582,78.614,78.563,78.58,0
1330380000,78.579,78.607,78.568,78.583,0
1330383600,78.578,78.58,78.51,78.522,0
1330387200,78.499,78.54,78.495,78.53,0
1330390800,78.528,78.531,78.437,78.446,0
1330394400,78.445,78.474,78.44,78.471,0
1330398000,78.465,78.473,78.383,78.397,0
1330401600,78.393,78.408,78.353,78.361,0
1330405200,78.363,78.396,78.353,78.365,0
1330408800,78.369,78.385,78.328,78.363,0
1330412400,78.362,78.459,78.355,78.355,0
1330416000,78.356,78.383,78.287,78.36,0
1330419600,78.362,78.437,78.343,78.399,0
1330423200,78.397,78.432,78.32,78.338,0
1330426800,78.331,78.387,78.331,78.365,0
1330430400,78.368,78.374,78.289,78.322,0
1330434000,78.33,78.381,78.277,78.373,0
1330437600,78.376,78.468,78.338,78.422,0
1330441200,78.42,78.607,78.396,78.435,0
1330444800,78.431,78.45,78.219,78.282,0
1330448400,78.289,78.325,78.272,78.298,0
1330452000,78.297,78.343,78.239,78.313,0
1330455600,78.31,78.336,78.273,78.273,0
1330459200,78.272,78.277,78.207,78.233,0
1330462800,78.236,78.254,78.189,78.254,0
1330466400,78.255,78.273,78.225,78.252,0
1330470000,78.255,78.256,78.225,78.227,0
1330473600,78.19,78.211,78.157,78.204,0
1330477200,78.212,78.222,78.191,78.198,0
1330480800,78.196,78.197,78.131,78.141,0
1330484400,78.14,78.171,78.115,78.146,0
1330488000,78.149,78.16,78.095,78.109,0
1330491600,78.108,78.174,78.096,78.162,0
1330495200,78.166,78.178,78.132,78.164,0
1330498800,78.165,78.229,78.128,78.215,0
1330502400,78.213,78.276,78.188,78.252,0
1330506000,78.253,78.254,78.206,78.212,0
1330509600,78.213,78.333,78.132,78.27,0
1330513200,78.261,78.339,78.229,78.229,0
1330516800,78.232,78.241,78.158,78.241,0
1330520400,78.244,78.252,78.165,78.224,0
1330524000,78.228,78.228,78.103,78.156,0
1330527600,78.157,78.674,78.134,78.496,0
1330531200,78.494,78.687,78.439,78.62,0
1330534800,78.619,78.654,78.55,78.625,0
1330538400,78.632,78.718,78.593,78.684,0
1330542000,78.686,78.748,78.649,78.737,0
1330545600,78.735,78.871,78.73,78.83,0
1330549200,78.832,78.854,78.781,78.808,0
1330552800,78.802,78.829,78.77,78.811,0
1330556400,78.818,78.828,78.802,78.818,0
1330560000,78.773,78.804,78.756,78.756,0
1330563600,78.754,78.778,78.702,78.739,0
1330567200,78.735,78.773,78.707,78.753,0
1330570800,78.747,78.766,78.706,78.743,0
1330574400,78.737,78.742,78.667,78.686,0
1330578000,78.687,78.701,78.63,78.689,0
1330581600,78.691,78.763,78.681,78.763,0
1330585200,78.764,78.879,78.724,78.817,0
1330588800,78.818,78.863,78.687,78.714,0
1330592400,78.707,78.766,78.67,78.719,0
1330596000,78.721,78.801,78.663,78.758,0
1330599600,78.754,78.777,78.697,78.727,0
1330603200,78.741,78.855,78.69,78.811,0
1330606800,78.816,78.934,78.774,78.9,0
1330610400,78.895,78.907,78.762,78.84,0
1330614000,78.835,78.869,78.656,78.704,0
1330617600,78.701,78.801,78.686,78.77,0
1330621200,78.772,78.841,78.755,78.786,0
1330624800,78.782,78.851,78.782,78.802,0
1330628400,78.804,78.814,78.755,78.789,0
1330632000,78.79,78.85,78.766,78.82,0
1330635600,78.822,78.826,78.779,78.795,0
1330639200,78.8,78.817,78.76,78.775,0
1330642800,78.78,78.793,78.774,78.785,0
1330646400,78.748,78.794,78.741,78.779,0
1330650000,78.784,78.798,78.758,78.776,0
1330653600,78.778,78.832,78.746,78.827,0
1330657200,78.83,78.883,78.83,78.872,0
1330660800,78.873,78.923,78.872,78.903,0
1330664400,78.905,78.932,78.876,78.922,0
1330668000,78.916,78.928,78.867,78.906,0
1330671600,78.913,79.093,78.908,79.093,0
1330675200,79.09,79.152,78.988,79.148,0
1330678800,79.141,79.189,79.097,79.127,0
1330682400,79.135,79.17,79.053,79.154,0
1330686000,79.153,79.198,79.093,79.197,0
1330689600,79.195,79.324,79.195,79.281,0
1330693200,79.278,79.353,79.266,79.296,0
1330696800,79.292,79.43,79.257,79.39,0
1330700400,79.385,79.451,79.303,79.356,0
1330704000,79.361,79.439,79.339,79.371,0
1330707600,79.374,79.431,79.331,79.339,0
1330711200,79.346,79.43,79.332,79.405,0
1330714800,79.408,79.435,79.376,79.403,0
1330718400,79.398,79.45,79.371,79.4,0
1330722000,79.401,79.445,79.398,79.421,0
1330725600,79.42,79.449,79.403,79.403,0
1330898400,79.455,79.467,79.434,79.463,0
1330902000,79.464,79.481,79.379,79.461,0
1330905600,79.465,79.465,79.371,79.383,0
1330909200,79.385,79.404,79.344,79.366,0
1330912800,79.362,79.463,79.362,79.449,0
1330916400,79.447,79.489,79.439,79.441,0
1330920000,79.445,79.459,79.39,79.405,0
1330923600,79.401,79.433,79.37,79.384,0
1330927200,79.385,79.413,79.311,79.358,0
1330930800,79.372,79.486,79.317,79.447,0
1330934400,79.448,79.504,79.381,79.44,0
1330938000,79.444,79.575,79.424,79.464,0
1330941600,79.459,79.46,79.357,79.445,0
1330945200,79.446,79.498,79.421,79.468,0
1330948800,79.47,79.49,79.346,79.379,0
1330952400,79.374,79.391,79.248,79.273,0
1330956000,79.269,79.357,79.243,79.312,0
1330959600,79.32,79.412,79.237,79.263,0
1330963200,79.267,79.346,79.237,79.296,0
1330966800,79.301,79.329,79.274,79.3,0
1330970400,79.299,79.33,79.282,79.304,0
1330974000,79.31,79.341,79.293,79.3,0
1330977600,79.306,79.346,79.293,79.329,0
1330981200,79.332,79.378,79.323,79.355,0
1330984800,79.362,79.376,79.344,79.359,0
1330988400,79.358,79.375,79.337,79.34,0
1330992000,79.334,79.346,79.296,79.318,0
1330995600,79.319,79.354,79.294,79.326,0
1330999200,79.327,79.36,79.311,79.356,0
1331002800,79.358,79.468,79.357,79.432,0
1331006400,79.433,79.478,79.419,79.432,0
1331010000,79.433,79.451,79.387,79.411,0
1331013600,79.415,79.451,79.376,79.386,0
1331017200,79.387,79.46,79.365,79.441,0
1331020800,79.442,79.522,79.442,79.466,0
1331024400,79.472,79.568,79.447,79.504,0
1331028000,79.489,79.722,79.487,79.695,0
1331031600,79.701,79.739,79.672,79.721,0
1331035200,79.718,79.736,79.617,79.667,0
1331038800,79.67,79.756,79.623,79.717,0
1331042400,79.721,79.826,79.721,79.778,0
1331046000,79.784,79.816,79.728,79.803,0
1331049600,79.8,79.827,79.714,79.787,0
1331053200,79.789,79.867,79.759,79.812,0
1331056800,79.808,79.828,79.758,79.781,0
1331060400,79.78,79.866,79.758,79.866,0
1331064000,79.865,79.865,79.802,79.811,0
1331067600,79.812,79.847,79.812,79.845,0
1331071200,79.851,79.866,79.798,79.808,0
1331074800,79.816,79.832,79.797,79.797,0
1331078400,79.782,79.808,79.75,79.759,0
1331082000,79.755,79.771,79.693,79.723,0
1331085600,79.724,79.725,79.655,79.664,0
1331089200,79.663,79.713,79.658,79.708,0
1331092800,79.711,79.725,79.675,79.706,0
1331096400,79.708,79.717,79.67,79.671,0
1331100000,79.667,79.698,79.639,79.695,0
1331103600,79.698,79.737,79.668,79.715,0
1331107200,79.716,79.772,79.651,79.725,0
1331110800,79.72,79.752,79.655,79.684,0
1331114400,79.683,79.712,79.58,79.655,0
1331118000,79.653,79.738,79.653,79.721,0
1331121600,79.724,79.788,79.706,79.781,0
1331125200,79.789,79.838,79.751,79.776,0
1331128800,79.775,79.914,79.759,79.825,0
1331132400,79.83,79.921,79.815,79.842,0
1331136000,79.824,79.824,79.626,79.701,0
1331139600,79.706,79.741,79.681,79.716,0
1331143200,79.718,79.785,79.705,79.769,0
1331146800,79.765,79.771,79.68,79.712,0
1331150400,79.698,79.735,79.69,79.711,0
1331154000,79.705,79.712,79.669,79.682,0
1331157600,79.684,79.712,79.672,79.684,0
1331161200,79.686,79.696,79.666,79.694,0
1331164800,79.764,79.779,79.727,79.746,0
1331168400,79.747,79.764,79.73,79.749,0
1331172000,79.75,79.757,79.695,79.702,0
1331175600,79.701,79.707,79.572,79.616,0
1331179200,79.618,79.646,79.603,79.603,0
1331182800,79.605,79.624,79.573,79.589,0
1331186400,79.59,79.634,79.558,79.618,0
1331190000,79.631,79.635,79.559,79.566,0
1331193600,79.568,79.641,79.536,79.62,0
1331197200,79.614,79.617,79.359,79.406,0
1331200800,79.408,79.438,79.369,79.43,0
1331204400,79.436,79.442,79.321,79.331,0
1331208000,79.334,79.346,79.236,79.316,0
1331211600,79.312,79.371,79.197,79.316,0
1331215200,79.311,79.376,79.256,79.305,0
1331218800,79.303,79.35,79.124,79.147,0
1331222400,79.148,79.227,79.146,79.215,0
1331226000,79.212,79.228,79.151,79.191,0
1331229600,79.198,79.233,79.173,79.224,0
1331233200,79.222,79.262,79.113,79.139,0
1331236800,79.147,79.198,79.07,79.182,0
1331240400,79.188,79.191,79.114,79.135,0
1331244000,79.133,79.173,79.12,79.122,0
1331247600,79.125,79.17,79.125,79.162,0
1331251200,79.182,79.221,79.177,79.201,0
1331254800,79.202,79.223,79.166,79.206,0
1331258400,79.208,79.211,79.168,79.192,0
1331262000,79.193,79.216,79.18,79.199,0
1331265600,79.201,79.224,79.173,79.191,0
1331269200,79.195,79.255,79.175,79.244,0
1331272800,79.248,79.378,79.232,79.325,0
1331276400,79.324,79.387,79.279,79.373,0
1331280000,79.378,79.413,79.291,79.412,0
1331283600,79.411,79.447,79.376,79.427,0
1331287200,79.43,79.461,79.373,79.414,0
1331290800,79.411,79.449,79.396,79.437,0
1331294400,79.448,79.504,79.409,79.503,0
1331298000,79.502,79.855,79.498,79.794,0
1331301600,79.787,79.953,79.787,79.944,0
1331305200,79.943,79.998,79.868,79.935,0
1331308800,79.934,80.061,79.917,80.032,0
1331312400,80.024,80.039,79.964,79.98,0
1331316000,79.974,80.035,79.965,80.03,0
1331319600,80.026,80.054,79.979,80.041,0
1331323200,80.034,80.04,79.96,79.986,0
1331326800,79.991,80.041,79.939,79.96,0
1331330400,79.958,79.963,79.957,79.959,0
1331499600,80.049,80.051,79.995,80.004,0
1331503200,80.008,80.013,79.961,79.992,0
1331506800,79.99,79.998,79.944,79.954,0
1331510400,79.953,80.042,79.953,80.004,0
1331514000,80.002,80.104,80.002,80.061,0
1331517600,80.063,80.095,80.027,80.05,0
1331521200,80.048,80.076,80.023,80.055,0
1331524800,80.054,80.089,80.047,80.088,0
1331528400,80.085,80.132,80.08,80.114,0
1331532000,80.115,80.121,79.975,79.998,0
1331535600,80.004,80.048,79.96,79.976,0
1331539200,79.972,80.055,79.941,79.957,0
1331542800,79.963,79.968,79.869,79.923,0
1331546400,79.922,80.042,79.903,80.025,0
1331550000,80.033,80.057,79.972,79.978,0
1331553600,79.976,80.057,79.957,79.978,0
1331557200,79.972,80.006,79.935,79.977,0
1331560800,79.974,80.085,79.952,79.981,0
1331564400,79.979,80.004,79.898,79.928,0
1331568000,79.926,79.94,79.855,79.895,0
1331571600,79.896,79.907,79.854,79.881,0
1331575200,79.88,79.9,79.86,79.89,0
1331578800,79.883,79.899,79.856,79.88,0
1331582400,79.883,79.884,79.828,79.846,0
1331586000,79.845,79.905,79.837,79.893,0
1331589600,79.885,79.885,79.834,79.847,0
1331593200,79.868,79.876,79.775,79.789,0
1331596800,79.793,79.846,79.785,79.829,0
1331600400,79.828,79.84,79.791,79.829,0
1331604000,79.825,79.83,79.674,79.725,0
1331607600,79.728,79.739,79.702,79.711,0
1331611200,79.707,79.777,79.699,79.76,0
1331614800,79.756,79.829,79.702,79.792,0
1331618400,79.796,79.802,79.74,79.787,0
1331622000,79.782,79.819,79.739,79.805,0
1331625600,79.809,80.003,79.804,79.998,0
1331629200,79.997,80.004,79.874,79.877,0
1331632800,79.88,80.045,79.848,80.019,0
1331636400,80.018,80.07,79.988,80.07,0
1331640000,80.062,80.288,80.051,80.288,0
1331643600,80.29,80.32,80.202,80.235,0
1331647200,80.241,80.249,80.122,80.143,0
1331650800,80.15,80.15,79.917,79.984,0
1331654400,79.987,80.009,79.926,79.987,0
1331658000,79.982,80.019,79.96,79.994,0
1331661600,79.989,80.274,79.966,80.193,0
1331665200,80.202,80.28,80.128,80.188,0
1331668800,80.192,80.239,80.115,80.131,0
1331672400,80.13,80.193,80.106,80.136,0
1331676000,80.13,80.158,80.122,80.124,0
1331679600,80.126,80.18,80.126,80.146,0
1331683200,80.149,80.255,80.127,80.227,0
1331686800,80.228,80.268,80.182,80.266,0
1331690400,80.265,80.292,80.236,80.236,0
1331694000,80.237,80.266,80.183,80.185,0
1331697600,80.189,80.234,80.186,80.231,0
1331701200,80.234,80.417,80.226,80.4,0
1331704800,80.403,80.435,80.349,80.355,0
1331708400,80.358,80.399,80.325,80.358,0
1331712000,80.355,80.417,80.305,80.312,0
1331715600,80.307,80.377,80.234,80.329,0
1331719200,80.336,80.354,80.256,80.263,0
1331722800,80.265,80.315,80.19,80.302,0
1331726400,80.304,80.433,80.286,80.295,0
1331730000,80.296,80.406,80.289,80.326,0
1331733600,80.346,80.489,80.332,80.418,0
1331737200,80.42,80.609,80.409,80.542,0
1331740800,80.548,80.629,80.428,80.461,0
1331744400,80.463,80.6,80.43,80.569,0
1331748000,80.579,80.583,80.516,80.565,0
1331751600,80.567,80.606,80.537,80.554,0
1331755200,80.559,80.587,80.518,80.522,0
1331758800,80.524,80.565,80.495,80.539,0
1331762400,80.534,80.551,80.52,80.533,0
1331766000,80.561,80.631,80.553,80.606,0
1331769600,80.609,80.662,80.587,80.641,0
1331773200,80.639,80.738,80.636,80.652,0
1331776800,80.661,80.668,80.556,80.612,0
1331780400,80.613,80.633,80.562,80.618,0
1331784000,80.626,80.634,80.581,80.585,0
1331787600,80.583,80.671,80.573,80.631,0
1331791200,80.632,80.66,80.456,80.476,0
1331794800,80.474,80.563,80.361,80.454,0
1331798400,80.45,80.55,80.439,80.443,0
1331802000,80.448,80.479,80.363,80.436,0
1331805600,80.431,80.51,80.404,80.46,0
1331809200,80.461,80.493,80.297,80.371,0
1331812800,80.373,80.47,80.333,80.346,0
1331816400,80.347,80.442,80.339,80.438,0
1331820000,80.434,80.436,80.244,80.307,0
1331823600,80.308,80.354,80.239,80.293,0
1331827200,80.289,80.3,80.155,80.177,0
1331830800,80.174,80.174,80.038,80.125,0
1331834400,80.131,80.159,80.096,80.15,0
1331838000,80.154,80.232,80.145,80.223,0
1331841600,80.228,80.261,80.197,80.257,0
1331845200,80.251,80.259,80.22,80.249,0
1331848800,80.248,80.272,80.237,80.262,0
1331852400,80.254,80.283,80.212,80.264,0
1331856000,80.265,80.311,80.21,80.294,0
1331859600,80.291,80.313,80.26,80.282,0
1331863200,80.286,80.293,80.168,80.202,0
1331866800,80.2,80.215,80.153,80.16,0
1331870400,80.161,80.231,80.137,80.227,0
1331874000,80.228,80.265,80.212,80.259,0
1331877600,80.258,80.284,80.178,80.277,0
1331881200,80.286,80.302,80.212,80.262,0
1331884800,80.261,80.396,80.245,80.339,0
1331888400,80.332,80.395,80.268,80.371,0
1331892000,80.373,80.42,80.331,80.351,0
1331895600,80.35,80.353,80.26,80.293,0
1331899200,80.294,80.314,79.953,79.995,0
1331902800,79.997,80.06,79.77,79.796,0
1331906400,79.794,79.815,79.686,79.759,0
1331910000,79.758,79.817,79.719,79.779,0
1331913600,79.778,79.826,79.74,79.758,0
1331917200,79.757,79.804,79.749,79.793,0
1331920800,79.8,79.8,79.75,79.786,0
1331924400,79.787,79.823,79.783,79.814,0
1331928000,79.815,79.818,79.761,79.77,0
1331931600,79.775,79.786,79.775,79.781,0
1332104400,79.759,79.77,79.724,79.728,0
1332108000,79.726,79.776,79.726,79.755,0
1332111600,79.758,79.78,79.748,79.772,0
1332115200,79.769,79.831,79.766,79.808,0
1332118800,79.806,79.814,79.767,79.797,0
1332122400,79.802,79.832,79.792,79.809,0
1332126000,79.807,79.816,79.787,79.789,0
1332129600,79.792,79.803,79.754,79.786,0
1332133200,79.788,79.81,79.778,79.791,0
1332136800,79.795,79.845,79.736,79.787,0
1332140400,79.789,79.822,79.745,79.794,0
1332144000,79.795,79.887,79.789,79.874,0
1332147600,79.873,79.884,79.77,79.776,0
1332151200,79.774,79.827,79.747,79.757,0
1332154800,79.759,79.798,79.726,79.792,0
1332158400,79.793,79.827,79.727,79.815,0
1332162000,79.823,79.869,79.8,79.843,0
1332165600,79.848,79.855,79.585,79.601,0
1332169200,79.602,79.638,79.355,79.431,0
1332172800,79.441,79.465,79.413,79.419,0
1332176400,79.424,79.453,79.354,79.435,0
1332180000,79.433,79.482,79.415,79.452,0
1332183600,79.451,79.48,79.434,79.457,0
1332187200,79.456,79.458,79.413,79.444,0
1332190800,79.445,79.47,79.427,79.469,0
1332194400,79.466,79.479,79.456,79.457,0
1332198000,79.48,79.51,79.462,79.499,0
1332201600,79.501,79.51,79.443,79.443,0
1332205200,79.444,79.504,79.428,79.493,0
1332208800,79.497,79.545,79.485,79.539,0
1332212400,79.542,79.545,79.488,79.49,0
1332216000,79.493,79.514,79.482,79.501,0
1332219600,79.502,79.545,79.494,79.521,0
1332223200,79.524,79.526,79.475,79.51,0
1332226800,79.513,79.598,79.466,79.573,0
1332230400,79.569,79.69,79.557,79.577,0
1332234000,79.579,79.765,79.532,79.755,0
1332237600,79.751,79.76,79.681,79.695,0
1332241200,79.708,79.813,79.661,79.808,0
1332244800,79.805,79.843,79.737,79.761,0
1332248400,79.769,79.81,79.582,79.592,0
1332252000,79.593,79.623,79.511,79.563,0
1332255600,79.566,79.659,79.491,79.628,0
1332259200,79.631,79.644,79.537,79.552,0
1332262800,79.55,79.634,79.518,79.581,0
1332266400,79.579,79.619,79.569,79.593,0
1332270000,79.588,79.66,79.572,79.631,0
1332273600,79.629,79.646,79.597,79.61,0
1332277200,79.611,79.632,79.593,79.623,0
1332280800,79.621,79.626,79.594,79.609,0
1332284400,79.574,79.588,79.544,79.553,0
1332288000,79.55,79.552,79.42,79.437,0
1332291600,79.435,79.465,79.398,79.426,0
1332295200,79.427,79.432,79.341,79.365,0
1332298800,79.366,79.429,79.365,79.412,0
1332302400,79.417,79.443,79.393,79.393,0
1332306000,79.396,79.446,79.38,79.42,0
1332309600,79.421,79.431,79.36,79.365,0
1332313200,79.366,79.475,79.353,79.463,0
1332316800,79.461,79.463,79.315,79.357,0
1332320400,79.362,79.491,79.354,79.441,0
1332324000,79.45,79.51,79.391,79.497,0
1332327600,79.503,79.608,79.496,79.6,0
1332331200,79.598,79.712,79.567,79.658,0
1332334800,79.661,79.668,79.588,79.651,0
1332338400,79.653,79.784,79.5,79.766,0
1332342000,79.76,79.832,79.725,79.753,0
1332345600,79.748,79.748,79.647,79.698,0
1332349200,79.699,79.754,79.687,79.689,0
1332352800,79.688,79.69,79.626,79.657,0
1332356400,79.655,79.682,79.616,79.622,0
1332360000,79.62,79.64,79.573,79.59,0
1332363600,79.591,79.657,79.583,79.609,0
1332367200,79.61,79.617,79.59,79.591,0
1332370800,79.613,79.622,79.548,79.557,0
1332374400,79.56,79.581,79.498,79.531,0
1332378000,79.535,79.544,79.441,79.47,0
1332381600,79.469,79.614,79.455,79.576,0
1332385200,79.58,79.599,79.5,79.535,0
1332388800,79.535,79.538,79.494,79.514,0
1332392400,79.517,79.545,79.455,79.473,0
1332396000,79.479,79.519,79.461,79.461,0
1332399600,79.462,79.552,79.419,79.549,0
1332403200,79.555,79.851,79.536,79.769,0
1332406800,79.764,79.934,79.764,79.811,0
1332410400,79.817,79.856,79.792,79.822,0
1332414000,79.826,79.838,79.793,79.815,0
1332417600,79.816,79.927,79.795,79.83,0
1332421200,79.837,79.949,79.82,79.906,0
1332424800,79.912,79.946,79.787,79.801,0
1332428400,79.803,79.849,79.665,79.679,0
1332432000,79.682,79.696,79.628,79.666,0
1332435600,79.67,79.738,79.664,79.705,0
1332439200,79.704,79.764,79.699,79.736,0
1332442800,79.737,79.748,79.687,79.705,0
1332446400,79.704,79.713,79.638,79.643,0
1332450000,79.645,79.688,79.639,79.665,0
1332453600,79.662,79.69,79.653,79.678,0
1332457200,79.674,79.687,79.603,79.625,0
1332460800,79.62,79.702,79.608,79.678,0
1332464400,79.677,79.701,79.635,79.69,0
1332468000,79.687,79.724,79.666,79.692,0
1332471600,79.693,79.708,79.636,79.644,0
1332475200,79.643,79.682,79.643,79.674,0
1332478800,79.675,79.724,79.668,79.711,0
1332482400,79.709,79.75,79.694,79.697,0
1332486000,79.699,79.699,79.453,79.509,0
1332489600,79.508,79.519,79.291,79.349,0
1332493200,79.353,79.434,79.214,79.403,0
1332496800,79.406,79.477,79.382,79.392,0
1332500400,79.409,79.562,79.383,79.562,0
1332504000,79.564,79.572,79.397,79.421,0
1332507600,79.424,79.528,79.389,79.465,0
1332511200,79.468,79.524,79.254,79.279,0
1332514800,79.277,79.344,79.228,79.344,0
1332518400,79.335,79.373,79.317,79.332,0
1332522000,79.337,79.386,79.313,79.35,0
1332525600,79.353,79.389,79.345,79.345,0
1332529200,79.351,79.367,79.332,79.338,0
1332532800,79.337,79.348,79.299,79.305,0
1332536400,79.306,79.345,79.296,79.316,0
1332709200,79.305,79.33,79.298,79.312,0
1332712800,79.313,79.328,79.272,79.278,0
1332716400,79.275,79.311,79.264,79.274,0
1332720000,79.275,79.382,79.267,79.358,0
1332723600,79.359,79.392,79.327,79.379,0
1332727200,79.382,79.392,79.357,79.385,0
1332730800,79.386,79.39,79.332,79.363,0
1332734400,79.364,79.458,79.364,79.425,0
1332738000,79.432,79.439,79.396,79.398,0
1332741600,79.407,79.47,79.361,79.414,0
1332745200,79.411,79.52,79.395,79.498,0
1332748800,79.504,79.72,79.402,79.637,0
1332752400,79.638,79.715,79.567,79.597,0
1332756000,79.599,79.612,79.449,79.491,0
1332759600,79.492,79.498,79.4,79.467,0
1332763200,79.469,79.471,79.053,79.137,0
1332766800,79.123,79.139,79.041,79.117,0
1332770400,79.118,79.122,79.008,79.05,0
1332774000,79.053,79.093,79.033,79.056,0
1332777600,79.054,79.069,79.013,79.052,0
1332781200,79.054,79.054,79.022,79.029,0
1332784800,79.033,79.059,78.973,78.982,0
1332788400,78.979,78.994,78.87,78.902,0
1332792000,78.903,78.937,78.876,78.906,0
1332795600,78.9,78.982,78.897,78.915,0
1332799200,78.918,78.947,78.917,78.926,0
1332802800,78.94,78.972,78.927,78.938,0
1332806400,78.942,78.961,78.908,78.918,0
1332810000,78.911,78.94,78.884,78.932,0
1332813600,78.933,78.95,78.906,78.924,0
1332817200,78.925,78.96,78.924,78.942,0
1332820800,78.943,78.979,78.926,78.945,0
1332824400,78.942,78.958,78.922,78.922,0
1332828000,78.921,79.022,78.902,78.98,0
1332831600,78.986,79.052,78.949,78.954,0
1332835200,78.949,78.954,78.882,78.924,0
1332838800,78.935,78.935,78.77,78.874,0
1332842400,78.866,78.938,78.864,78.932,0
1332846000,78.935,79.068,78.921,79.044,0
1332849600,79.046,79.123,78.984,78.984,0
1332853200,78.986,79.068,78.973,79.049,0
1332856800,79.045,79.131,78.998,79.1,0
1332860400,79.095,79.103,79.022,79.039,0
1332864000,79.05,79.06,79,79.041,0
1332867600,79.047,79.072,79.02,79.034,0
1332871200,79.029,79.069,79.029,79.047,0
1332874800,79.053,79.14,79.049,79.13,0
1332878400,79.135,79.167,79.086,79.15,0
1332882000,79.162,79.162,79.133,79.145,0
1332885600,79.149,79.169,79.138,79.158,0
1332889200,79.127,79.127,79.085,79.094,0
1332892800,79.098,79.105,79.058,79.076,0
1332896400,79.079,79.142,79.042,79.121,0
1332900000,79.124,79.129,79.06,79.065,0
1332903600,79.064,79.088,79.057,79.065,0
1332907200,79.061,79.082,79.05,79.071,0
1332910800,79.072,79.08,79.042,79.061,0
1332914400,79.06,79.119,79.035,79.076,0
1332918000,79.081,79.081,78.908,78.936,0
1332921600,78.934,79.05,78.879,79.018,0
1332925200,79.013,79.05,78.929,79.016,0
1332928800,79.017,79.089,79.008,79.03,0
1332932400,79.035,79.075,78.968,79.075,0
1332936000,79.069,79.239,79.049,79.234,0
1332939600,79.239,79.255,79.13,79.178,0
1332943200,79.18,79.344,79.145,79.285,0
1332946800,79.281,79.291,79.213,79.243,0
1332950400,79.233,79.31,79.177,79.21,0
1332954000,79.208,79.285,79.15,79.176,0
1332957600,79.179,79.237,79.122,79.126,0
1332961200,79.127,79.153,79.091,79.139,0
1332964800,79.138,79.167,79.103,79.162,0
1332968400,79.161,79.176,79.151,79.167,0
1332972000,79.172,79.172,79.136,79.158,0
1332975600,79.165,79.165,79.103,79.113,0
1332979200,79.115,79.137,79.079,79.083,0
1332982800,79.086,79.18,79.083,79.127,0
1332986400,79.13,79.158,79.074,79.084,0
1332990000,79.081,79.092,79.061,79.082,0
1332993600,79.083,79.129,79.072,79.1,0
1332997200,79.099,79.157,79.089,79.129,0
1333000800,79.133,79.137,78.963,79.01,0
1333004400,79.017,79.091,78.962,78.982,0
1333008000,78.981,79.075,78.971,79.063,0
1333011600,79.066,79.259,79.063,79.21,0
1333015200,79.22,79.249,79.191,79.225,0
1333018800,79.231,79.287,79.183,79.214,0
1333022400,79.209,79.346,79.209,79.239,0
1333026000,79.237,79.285,79.185,79.209,0
1333029600,79.212,79.345,79.197,79.214,0
1333033200,79.217,79.316,79.211,79.278,0
1333036800,79.28,79.306,79.233,79.242,0
1333040400,79.248,79.282,79.205,79.225,0
1333044000,79.227,79.231,79.168,79.186,0
1333047600,79.185,79.199,79.131,79.144,0
1333051200,79.143,79.15,79.091,79.105,0
1333054800,79.107,79.136,79.101,79.116,0
1333058400,79.118,79.125,79.105,79.121,0
1333062000,79.084,79.084,79.01,79.04,0
1333065600,79.043,79.052,78.845,78.907,0
1333069200,78.906,78.91,78.816,78.867,0
1333072800,78.864,78.88,78.838,78.853,0
1333076400,78.855,78.876,78.835,78.867,0
1333080000,78.865,78.875,78.826,78.831,0
1333083600,78.834,78.905,78.786,78.839,0
1333087200,78.836,78.885,78.727,78.796,0
1333090800,78.802,78.847,78.765,78.837,0
1333094400,78.838,78.956,78.835,78.891,0
1333098000,78.889,78.945,78.811,78.823,0
1333101600,78.828,78.903,78.79,78.895,0
1333105200,78.896,78.908,78.787,78.845,0
1333108800,78.848,78.893,78.756,78.887,0
1333112400,78.886,78.908,78.827,78.898,0
1333116000,78.9,79.049,78.855,79.027,0
1333119600,79.031,79.031,78.94,78.958,0
1333123200,78.96,78.979,78.892,78.977,0
1333126800,78.975,79.011,78.955,78.999,0
1333130400,79.005,79.044,78.941,79.004,0
1333134000,79.007,79.007,78.964,78.977,0
1333137600,78.98,79.004,78.929,78.95,0
1333141200,78.956,78.956,78.948,78.949,0
1333314000,78.887,78.914,78.869,78.901,0
1333317600,78.902,78.906,78.802,78.814,0
1333321200,78.815,78.896,78.811,78.889,0
1333324800,78.895,79.039,78.879,79.026,0
1333328400,79.022,79.04,78.985,79.019,0
1333332000,79.016,79.036,78.993,79.007,0
1333335600,79.004,79.051,79.002,79.037,0
1333339200,79.039,79.046,78.995,78.997,0
1333342800,78.994,79.015,78.951,79.011,0
1333346400,79.014,79.022,78.893,78.944,0
1333350000,78.941,78.963,78.843,78.865,0
1333353600,78.867,78.906,78.788,78.864,0
1333357200,78.866,78.933,78.853,78.897,0
1333360800,78.9,78.957,78.854,78.949,0
1333364400,78.952,78.975,78.89,78.964,0
1333368000,78.961,79.041,78.943,79.011,0
1333371600,79.018,79.13,79.018,79.046,0
1333375200,79.044,79.086,78.969,78.969,0
1333378800,78.97,78.972,78.864,78.883,0
1333382400,78.882,78.887,78.821,78.874,0
1333386000,78.872,78.9,78.86,78.881,0
1333389600,78.877,78.89,78.82,78.82,0
1333393200,78.815,78.85,78.813,78.846,0
1333396800,78.84,78.879,78.832,78.87,0
1333400400,78.872,78.896,78.82,78.895,0
1333404000,78.896,78.902,78.867,78.878,0
1333407600,78.863,78.871,78.752,78.767,0
1333411200,78.766,78.807,78.739,78.739,0
1333414800,78.737,78.756,78.685,78.73,0
1333418400,78.729,78.753,78.711,78.741,0
1333422000,78.743,78.759,78.72,78.757,0
1333425600,78.755,78.83,78.746,78.77,0
1333429200,78.768,78.815,78.767,78.808,0
1333432800,78.805,78.819,78.729,78.785,0
1333436400,78.781,78.818,78.722,78.805,0
1333440000,78.807,78.833,78.762,78.81,0
1333443600,78.817,78.82,78.664,78.792,0
1333447200,78.796,78.831,78.772,78.8,0
1333450800,78.802,79.002,78.78,78.965,0
1333454400,78.967,78.994,78.9,78.922,0
1333458000,78.923,78.957,78.897,78.933,0
1333461600,78.94,79.011,78.812,78.845,0
1333465200,78.847,78.882,78.832,78.864,0
1333468800,78.863,78.917,78.859,78.882,0
1333472400,78.881,78.893,78.824,78.827,0
1333476000,78.828,79.497,78.828,79.483,0
1333479600,79.488,79.49,79.366,79.385,0
1333483200,79.374,79.394,79.353,79.377,0
1333486800,79.38,79.401,79.344,79.362,0
1333490400,79.367,79.414,79.36,79.394,0
1333494000,79.407,79.428,79.378,79.428,0
1333497600,79.431,79.464,79.386,79.421,0
1333501200,79.423,79.584,79.413,79.559,0
1333504800,79.56,79.586,79.491,79.495,0
1333508400,79.499,79.536,79.494,79.515,0
1333512000,79.514,79.568,79.493,79.568,0
1333515600,79.567,79.572,79.492,79.517,0
1333519200,79.515,79.539,79.457,79.513,0
1333522800,79.516,79.597,79.487,79.562,0
1333526400,79.565,79.673,79.53,79.642,0
1333530000,79.639,79.667,79.58,79.587,0
1333533600,79.59,79.639,79.563,79.634,0
1333537200,79.635,79.745,79.618,79.719,0
1333540800,79.718,79.888,79.681,79.848,0
1333544400,79.847,79.922,79.743,79.779,0
1333548000,79.776,79.881,79.716,79.859,0
1333551600,79.864,79.868,79.769,79.842,0
1333555200,79.836,79.85,79.775,79.812,0
1333558800,79.805,79.842,79.761,79.775,0
1333562400,79.776,79.788,79.725,79.778,0
1333566000,79.783,79.783,79.734,79.759,0
1333569600,79.761,79.768,79.734,79.745,0
1333573200,79.742,79.778,79.737,79.752,0
1333576800,79.754,79.758,79.731,79.74,0
1333580400,79.731,79.741,79.716,79.728,0
1333584000,79.73,79.738,79.684,79.687,0
1333587600,79.694,79.749,79.686,79.724,0
1333591200,79.722,79.724,79.639,79.647,0
1333594800,79.648,79.7,79.639,79.69,0
1333598400,79.693,79.699,79.652,79.661,0
1333602000,79.663,79.683,79.646,79.66,0
1333605600,79.664,79.691,79.623,79.671,0
1333609200,79.668,79.779,79.654,79.692,0
1333612800,79.697,79.853,79.654,79.829,0
1333616400,79.833,80.078,79.8,80.047,0
1333620000,80.046,80.079,79.98,80.008,0
1333623600,80.003,80.034,79.943,79.96,0
1333627200,79.958,80.124,79.948,80.071,0
1333630800,80.072,80.177,80.003,80.037,0
1333634400,80.027,80.103,80.014,80.05,0
1333638000,80.055,80.081,79.982,80.062,0
1333641600,80.057,80.086,80.049,80.068,0
1333645200,80.075,80.104,80.064,80.095,0
1333648800,80.097,80.105,80.067,80.076,0
1333652400,80.08,80.109,80.054,80.07,0
1333656000,80.075,80.091,80.043,80.056,0
1333659600,80.058,80.077,80.04,80.066,0
1333663200,80.061,80.068,80.046,80.05,0
1333918800,79.793,79.819,79.785,79.81,0
1333922400,79.812,79.919,79.804,79.904,0
1333926000,79.905,79.928,79.84,79.849,0
1333929600,79.844,80.055,79.832,80.055,0
1333933200,80.052,80.096,80.005,80.017,0
1333936800,80.022,80.022,79.962,79.982,0
1333940400,79.981,80.011,79.973,79.975,0
1333944000,79.977,79.981,79.908,79.925,0
1333947600,79.927,79.955,79.92,79.942,0
1333951200,79.941,79.967,79.913,79.935,0
1333954800,79.939,79.98,79.83,79.885,0
1333958400,79.887,79.911,79.854,79.901,0
1333962000,79.902,79.915,79.885,79.898,0
1333965600,79.901,79.936,79.881,79.892,0
1333969200,79.89,79.94,79.89,79.929,0
1333972800,79.926,79.982,79.901,79.937,0
1333976400,79.936,80.028,79.917,79.936,0
1333980000,79.934,79.979,79.889,79.943,0
1333983600,79.944,79.979,79.847,79.859,0
1333987200,79.858,79.871,79.658,79.661,0
1333990800,79.66,79.729,79.652,79.718,0
1333994400,79.719,79.751,79.707,79.733,0
1333998000,79.726,79.764,79.725,79.759,0
1334001600,79.76,79.788,79.751,79.786,0
1334005200,79.787,79.82,79.733,79.773,0
1334008800,79.772,79.802,79.771,79.795,0
1334012400,79.74,79.78,79.735,79.78,0
1334016000,79.781,79.823,79.761,79.762,0
1334019600,79.76,79.806,79.63,79.649,0
1334023200,79.653,79.666,79.627,79.64,0
1334026800,79.626,79.692,79.603,79.659,0
1334030400,79.658,79.686,79.627,79.633,0
1334034000,79.635,79.733,79.635,79.686,0
1334037600,79.687,79.83,79.654,79.83,0
1334041200,79.827,79.899,79.771,79.85,0
1334044800,79.857,79.901,79.816,79.859,0
1334048400,79.857,79.935,79.837,79.925,0
1334052000,79.928,79.998,79.9,79.935,0
1334055600,79.945,79.966,79.829,79.836,0
1334059200,79.833,79.837,79.624,79.723,0
1334062800,79.727,79.861,79.707,79.824,0
1334066400,79.825,79.911,79.752,79.875,0
1334070000,79.879,80.02,79.851,79.948,0
1334073600,79.951,79.976,79.83,79.835,0
1334077200,79.831,79.848,79.777,79.81,0
1334080800,79.807,79.912,79.786,79.891,0
1334084400,79.89,79.918,79.83,79.854,0
1334088000,79.864,79.869,79.827,79.851,0
1334091600,79.856,79.872,79.839,79.861,0
1334095200,79.862,79.87,79.846,79.857,0
1334098800,79.899,79.922,79.89,79.904,0
1334102400,79.907,79.947,79.884,79.89,0
1334106000,79.889,79.907,79.857,79.886,0
1334109600,79.887,79.891,79.804,79.84,0
1334113200,79.843,79.865,79.797,79.824,0
1334116800,79.821,79.846,79.802,79.81,0
1334120400,79.812,79.835,79.755,79.778,0
1334124000,79.781,79.787,79.637,79.637,0
1334127600,79.627,79.766,79.605,79.755,0
1334131200,79.74,79.799,79.629,79.703,0
1334134800,79.709,79.791,79.59,79.605,0
1334138400,79.609,79.633,79.508,79.572,0
1334142000,79.576,79.625,79.551,79.62,0
1334145600,79.619,79.688,79.596,79.624,0
1334149200,79.623,79.687,79.572,79.664,0
1334152800,79.666,79.709,79.562,79.701,0
1334156400,79.698,79.788,79.697,79.778,0
1334160000,79.78,79.78,79.708,79.724,0
1334163600,79.713,79.779,79.709,79.766,0
1334167200,79.767,79.822,79.762,79.795,0
1334170800,79.794,79.8,79.766,79.771,0
1334174400,79.769,79.795,79.746,79.751,0
1334178000,79.749,79.759,79.734,79.742,0
1334181600,79.741,79.753,79.732,79.74,0
1334185200,79.678,79.723,79.678,79.718,0
1334188800,79.717,79.747,79.703,79.733,0
1334192400,79.732,79.764,79.714,79.747,0
1334196000,79.744,79.763,79.619,79.623,0
1334199600,79.622,79.66,79.611,79.63,0
1334203200,79.631,79.665,79.627,79.642,0
1334206800,79.641,79.645,79.587,79.616,0
1334210400,79.617,79.645,79.562,79.636,0
1334214000,79.639,79.767,79.609,79.725,0
1334217600,79.726,79.735,79.602,79.691,0
1334221200,79.693,79.766,79.617,79.686,0
1334224800,79.695,79.722,79.511,79.573,0
1334228400,79.575,79.616,79.412,79.47,0
1334232000,79.468,79.606,79.442,79.563,0
1334235600,79.557,79.602,79.36,79.386,0
1334239200,79.388,79.422,79.335,79.4,0
1334242800,79.405,79.463,79.375,79.412,0
1334246400,79.406,79.41,79.35,79.385,0
1334250000,79.381,79.381,79.208,79.287,0
1334253600,79.286,79.328,79.266,79.285,0
1334257200,79.288,79.333,79.269,79.327,0
1334260800,79.323,79.341,79.308,79.334,0
1334264400,79.332,79.351,79.319,79.332,0
1334268000,79.327,79.352,79.326,79.344,0
1334271600,79.352,79.369,79.333,79.339,0
1334275200,79.34,79.354,79.299,79.316,0
1334278800,79.312,79.373,79.288,79.362,0
1334282400,79.364,79.468,79.364,79.45,0
1334286000,79.453,79.463,79.42,79.456,0
1334289600,79.46,79.466,79.433,79.445,0
1334293200,79.441,79.458,79.412,79.423,0
1334296800,79.427,79.483,79.415,79.436,0
1334300400,79.437,79.478,79.363,79.436,0
1334304000,79.437,79.54,79.434,79.514,0
1334307600,79.515,79.569,79.47,79.488,0
1334311200,79.495,79.519,79.418,79.436,0
1334314800,79.446,79.483,79.385,79.483,0
1334318400,79.485,79.623,79.469,79.569,0
1334322000,79.565,79.705,79.547,79.683,0
1334325600,79.685,79.878,79.681,79.821,0
1334329200,79.819,79.894,79.792,79.855,0
1334332800,79.854,79.879,79.825,79.831,0
1334336400,79.825,79.883,79.825,79.875,0
1334340000,79.874,79.908,79.86,79.886,0
1334343600,79.888,79.915,79.851,79.886,0
1334347200,79.888,79.903,79.816,79.872,0
1334350800,79.875,79.888,79.873,79.877,0
1334523600,79.902,79.921,79.883,79.913,0
1334527200,79.92,79.957,79.874,79.901,0
1334530800,79.9,80.023,79.876,80.019,0
1334534400,80.011,80.172,79.977,80.149,0
1334538000,80.148,80.168,80.084,80.113,0
1334541600,80.119,80.119,80.078,80.095,0
1334545200,80.1,80.123,80.078,80.114,0
1334548800,80.12,80.138,80.092,80.116,0
1334552400,80.113,80.113,80.028,80.056,0
1334556000,80.059,80.176,80.04,80.1,0
1334559600,80.104,80.168,80.039,80.089,0
1334563200,80.091,80.161,80.067,80.102,0
1334566800,80.105,80.14,80.04,80.044,0
1334570400,80.04,80.075,79.988,80.069,0
1334574000,80.066,80.103,80.04,80.092,0
1334577600,80.101,80.121,79.946,79.979,0
1334581200,79.98,80,79.88,80,0
1334584800,79.994,80.059,79.831,79.882,0
1334588400,79.885,79.888,79.773,79.859,0
1334592000,79.865,79.873,79.753,79.753,0
1334595600,79.741,79.773,79.51,79.541,0
1334599200,79.544,79.574,79.495,79.555,0
1334602800,79.556,79.562,79.512,79.545,0
1334606400,79.542,79.557,79.505,79.521,0
1334610000,79.517,79.569,79.517,79.569,0
1334613600,79.563,79.575,79.548,79.556,0
1334617200,79.552,79.599,79.543,79.583,0
1334620800,79.587,79.644,79.574,79.636,0
1334624400,79.634,79.647,79.591,79.641,0
1334628000,79.64,79.688,79.633,79.644,0
1334631600,79.642,79.669,79.625,79.64,0
1334635200,79.638,79.645,79.6,79.639,0
1334638800,79.643,79.698,79.637,79.674,0
1334642400,79.675,79.764,79.647,79.719,0
1334646000,79.72,79.747,79.507,79.527,0
1334649600,79.522,79.602,79.426,79.488,0
1334653200,79.489,79.494,79.39,79.481,0
1334656800,79.489,79.535,79.434,79.535,0
1334660400,79.537,79.57,79.452,79.533,0
1334664000,79.542,79.569,79.486,79.514,0
1334667600,79.516,79.596,79.46,79.58,0
1334671200,79.579,79.614,79.415,79.475,0
1334674800,79.469,79.549,79.394,79.541,0
1334678400,79.536,79.56,79.501,79.534,0
1334682000,79.533,79.545,79.476,79.487,0
1334685600,79.486,79.51,79.467,79.476,0
1334689200,79.477,79.55,79.455,79.55,0
1334692800,79.553,79.57,79.54,79.553,0
1334696400,79.552,79.571,79.533,79.55,0
1334700000,79.551,79.566,79.541,79.545,0
1334703600,79.568,79.581,79.53,79.53,0
1334707200,79.534,79.587,79.515,79.543,0
1334710800,79.545,79.646,79.542,79.624,0
1334714400,79.627,79.692,79.616,79.681,0
1334718000,79.682,79.686,79.598,79.62,0
1334721600,79.618,79.665,79.609,79.651,0
1334725200,79.654,79.671,79.629,79.632,0
1334728800,79.627,79.674,79.598,79.637,0
1334732400,79.632,79.778,79.632,79.662,0
1334736000,79.66,79.771,79.616,79.771,0
1334739600,79.779,79.801,79.713,79.755,0
1334743200,79.751,79.818,79.75,79.773,0
1334746800,79.775,79.821,79.74,79.775,0
1334750400,79.773,79.861,79.68,79.815,0
1334754000,79.817,79.839,79.661,79.689,0
1334757600,79.687,79.722,79.485,79.546,0
1334761200,79.547,79.633,79.516,79.572,0
1334764800,79.564,79.597,79.548,79.587,0
1334768400,79.585,79.637,79.57,79.628,0
1334772000,79.624,79.633,79.525,79.538,0
1334775600,79.542,79.603,79.507,79.592,0
1334779200,79.591,79.594,79.559,79.561,0
1334782800,79.559,79.596,79.555,79.583,0
1334786400,79.586,79.597,79.569,79.589,0
1334790000,79.582,79.594,79.541,79.592,0
1334793600,79.59,79.636,79.552,79.576,0
1334797200,79.573,79.63,79.548,79.596,0
1334800800,79.595,79.613,79.576,79.595,0
1334804400,79.596,79.606,79.581,79.597,0
1334808000,79.598,79.621,79.583,79.604,0
1334811600,79.605,79.657,79.577,79.626,0
1334815200,79.624,79.638,79.556,79.583,0
1334818800,79.585,79.622,79.454,79.475,0
1334822400,79.482,79.559,79.392,79.516,0
1334826000,79.505,79.549,79.448,79.453,0
1334829600,79.454,79.634,79.449,79.632,0
1334833200,79.629,79.828,79.592,79.758,0
1334836800,79.754,79.818,79.726,79.746,0
1334840400,79.745,79.754,79.508,79.529,0
1334844000,79.539,79.59,79.456,79.506,0
1334847600,79.507,79.562,79.501,79.546,0
1334851200,79.553,79.616,79.545,79.591,0
1334854800,79.593,79.61,79.525,79.608,0
1334858400,79.606,79.63,79.556,79.561,0
1334862000,79.559,79.597,79.547,79.562,0
1334865600,79.561,79.573,79.546,79.559,0
1334869200,79.562,79.586,79.559,79.569,0
1334872800,79.568,79.574,79.551,79.554,0
1334876400,79.541,79.547,79.522,79.529,0
1334880000,79.53,79.579,79.486,79.54,0
1334883600,79.539,79.603,79.532,79.586,0
1334887200,79.584,79.61,79.546,79.563,0
1334890800,79.565,79.565,79.516,79.533,0
1334894400,79.538,79.549,79.502,79.509,0
1334898000,79.506,79.537,79.427,79.452,0
1334901600,79.459,79.536,79.439,79.51,0
1334905200,79.512,79.593,79.476,79.493,0
1334908800,79.496,79.497,79.354,79.461,0
1334912400,79.458,79.504,79.402,79.418,0
1334916000,79.413,79.424,79.245,79.306,0
1334919600,79.309,79.347,79.27,79.309,0
1334923200,79.301,79.336,79.219,79.293,0
1334926800,79.296,79.358,79.243,79.273,0
1334930400,79.274,79.29,79.127,79.215,0
1334934000,79.211,79.231,79.155,79.197,0
1334937600,79.199,79.206,79.168,79.193,0
1334941200,79.185,79.2,79.142,79.18,0
1334944800,79.182,79.225,79.178,79.194,0
1334948400,79.199,79.215,79.168,79.204,0
1334952000,79.203,79.205,79.114,79.164,0
1334955600,79.168,79.168,79.144,79.144,0
1335128400,79.298,79.303,79.24,79.271,0
1335132000,79.274,79.282,79.235,79.246,0
1335135600,79.247,79.284,79.21,79.218,0
1335139200,79.212,79.293,79.2,79.273,0
1335142800,79.275,79.297,79.251,79.28,0
1335146400,79.279,79.297,79.248,79.272,0
1335150000,79.271,79.278,79.242,79.248,0
1335153600,79.249,79.262,79.226,79.246,0
1335157200,79.242,79.284,79.232,79.256,0
1335160800,79.259,79.358,79.255,79.358,0
1335164400,79.346,79.475,79.342,79.45,0
1335168000,79.449,79.488,79.385,79.436,0
1335171600,79.435,79.471,79.382,79.413,0
1335175200,79.42,79.513,79.406,79.512,0
1335178800,79.507,79.543,79.462,79.483,0
1335182400,79.478,79.565,79.478,79.507,0
1335186000,79.508,79.549,79.434,79.478,0
1335189600,79.477,79.648,79.477,79.525,0
1335193200,79.534,79.557,79.469,79.511,0
1335196800,79.51,79.517,79.461,79.461,0
1335200400,79.467,79.475,79.437,79.464,0
1335204000,79.464,79.473,79.405,79.42,0
1335207600,79.421,79.429,79.365,79.383,0
1335211200,79.385,79.394,79.341,79.369,0
1335214800,79.373,79.389,79.358,79.364,0
1335218400,79.366,79.382,79.36,79.374,0
1335222000,79.374,79.402,79.367,79.393,0
1335225600,79.394,79.41,79.365,79.378,0
1335229200,79.38,79.434,79.366,79.394,0
1335232800,79.398,79.401,79.35,79.371,0
1335236400,79.37,79.38,79.344,79.359,0
1335240000,79.36,79.369,79.315,79.322,0
1335243600,79.318,79.348,79.314,79.33,0
1335247200,79.329,79.341,79.238,79.276,0
1335250800,79.268,79.308,79.217,79.294,0
1335254400,79.29,79.325,79.239,79.309,0
1335258000,79.306,79.319,79.273,79.304,0
1335261600,79.299,79.381,79.298,79.324,0
1335265200,79.33,79.333,79.242,79.286,0
1335268800,79.282,79.378,79.274,79.354,0
1335272400,79.356,79.368,79.136,79.186,0
1335276000,79.185,79.204,79.091,79.155,0
1335279600,79.156,79.205,79.126,79.16,0
1335283200,79.157,79.195,79.147,79.192,0
1335286800,79.195,79.216,79.161,79.212,0
1335290400,79.213,79.237,79.203,79.225,0
1335294000,79.228,79.275,79.225,79.24,0
1335297600,79.244,79.252,79.186,79.186,0
1335301200,79.187,79.214,79.178,79.2,0
1335304800,79.201,79.201,79.166,79.177,0
1335308400,79.199,79.217,79.187,79.202,0
1335312000,79.205,79.208,79.169,79.195,0
1335315600,79.197,79.227,79.193,79.217,0
1335319200,79.219,79.239,79.189,79.224,0
1335322800,79.225,79.242,79.2,79.217,0
1335326400,79.214,79.224,79.201,79.223,0
1335330000,79.22,79.24,79.191,79.233,0
1335333600,79.238,79.255,79.168,79.178,0
1335337200,79.18,79.18,79.085,79.132,0
1335340800,79.138,79.175,79.065,79.121,0
1335344400,79.117,79.161,79.072,79.159,0
1335348000,79.157,79.16,79.038,79.14,0
1335351600,79.145,79.203,79.093,79.172,0
1335355200,79.177,79.206,79.102,79.157,0
1335358800,79.155,79.173,79.046,79.088,0
1335362400,79.083,79.26,79.069,79.258,0
1335366000,79.255,79.263,79.095,79.128,0
1335369600,79.124,79.258,79.116,79.186,0
1335373200,79.187,79.187,79.12,79.172,0
1335376800,79.169,79.31,79.001,79.012,0
1335380400,79.014,79.096,78.995,79.061,0
1335384000,79.062,79.086,79.03,79.075,0
1335387600,79.077,79.08,79.035,79.046,0
1335391200,79.048,79.074,79.046,79.062,0
1335394800,79.032,79.037,78.995,79.001,0
1335398400,78.998,79.052,78.995,79.051,0
1335402000,79.05,79.077,79.042,79.069,0
1335405600,79.064,79.074,78.991,78.991,0
1335409200,78.992,79.024,78.982,79.01,0
1335412800,79.009,79.016,78.993,79.01,0
1335416400,79.012,79.042,79,79.011,0
1335420000,79.008,79.024,78.942,78.949,0
1335423600,78.952,79.005,78.823,78.847,0
1335427200,78.846,78.945,78.833,78.932,0
1335430800,78.94,78.977,78.905,78.973,0
1335434400,78.974,79.059,78.974,79.016,0
1335438000,79.017,79.055,78.977,78.987,0
1335441600,78.981,79.053,78.949,78.995,0
1335445200,78.99,79.045,78.955,79.018,0
1335448800,79.013,79.015,78.827,78.937,0
1335452400,78.941,78.96,78.9,78.939,0
1335456000,78.94,78.99,78.927,78.931,0
1335459600,78.926,78.954,78.903,78.95,0
1335463200,78.956,78.958,78.915,78.919,0
1335466800,78.918,78.942,78.913,78.931,0
1335470400,78.929,79.002,78.911,79.002,0
1335474000,79.011,79.185,79.001,79.133,0
1335477600,79.135,79.182,79.126,79.167,0
1335481200,79.167,79.172,79.141,79.148,0
1335484800,79.145,79.149,79.071,79.09,0
1335488400,79.092,79.127,79.071,79.12,0
1335492000,79.114,79.14,79.058,79.061,0
1335495600,79.062,79.168,79.031,79.149,0
1335499200,79.152,79.201,79.104,79.166,0
1335502800,79.164,79.184,79.128,79.147,0
1335506400,79.158,79.254,79.143,79.204,0
1335510000,79.202,79.258,79.099,79.122,0
1335513600,79.117,79.146,78.977,79.004,0
1335517200,78.998,79.006,78.86,78.932,0
1335520800,78.93,78.965,78.865,78.916,0
1335524400,78.929,78.937,78.87,78.9,0
1335528000,78.905,78.916,78.704,78.75,0
1335531600,78.756,78.804,78.733,78.763,0
1335535200,78.774,78.806,78.728,78.738,0
1335538800,78.737,78.79,78.736,78.788,0
1335542400,78.784,78.786,78.742,78.742,0
1335546000,78.731,78.738,78.675,78.727,0
1335549600,78.72,78.74,78.709,78.709,0
1335553200,78.712,78.802,78.711,78.802,0
1335556800,78.804,78.807,78.694,78.716,0
1335560400,78.712,78.712,78.706,78.71,0
1335564000,78.706,78.706,78.706,78.706,0
1335733200,78.777,78.781,78.753,78.771,0
1335736800,78.756,78.792,78.743,78.773,0
1335740400,78.774,78.786,78.759,78.772,0
1335744000,78.77,78.818,78.77,78.794,0
1335747600,78.792,78.804,78.763,78.778,0
1335751200,78.78,78.78,78.726,78.743,0
1335754800,78.744,78.759,78.711,78.722,0
1335758400,78.721,78.727,78.7,78.711,0
1335762000,78.707,78.722,78.675,78.697,0
1335765600,78.698,78.713,78.646,78.686,0
1335769200,78.676,78.757,78.638,78.744,0
1335772800,78.757,78.788,78.717,78.753,0
1335776400,78.758,78.832,78.738,78.816,0
1335780000,78.814,78.907,78.814,78.858,0
1335783600,78.859,78.871,78.825,78.854,0
1335787200,78.857,78.918,78.842,78.851,0
1335790800,78.849,78.884,78.806,78.838,0
1335794400,78.829,78.843,78.772,78.788,0
1335798000,78.797,78.846,78.789,78.827,0
1335801600,78.837,78.849,78.811,78.828,0
1335805200,78.832,78.835,78.801,78.806,0
1335808800,78.807,78.817,78.759,78.776,0
1335812400,78.783,78.798,78.759,78.791,0
1335816000,78.794,78.804,78.765,78.772,0
1335819600,78.771,78.784,78.757,78.763,0
1335823200,78.764,78.776,78.76,78.765,0
1335826800,78.786,78.804,78.777,78.801,0
1335830400,78.8,78.806,78.784,78.796,0
1335834000,78.795,78.824,78.777,78.78,0
1335837600,78.779,78.781,78.757,78.769,0
1335841200,78.77,78.782,78.764,78.774,0
1335844800,78.777,78.801,78.706,78.745,0
1335848400,78.748,78.777,78.723,78.751,0
1335852000,78.742,78.749,78.709,78.723,0
1335855600,78.72,78.739,78.641,78.671,0
1335859200,78.675,78.691,78.622,78.669,0
1335862800,78.67,78.783,78.659,78.762,0
1335866400,78.768,78.786,78.738,78.747,0
1335870000,78.75,78.761,78.638,78.674,0
1335873600,78.672,78.707,78.636,78.683,0
1335877200,78.685,78.702,78.603,78.629,0
1335880800,78.634,78.977,78.623,78.856,0
1335884400,78.858,78.914,78.836,78.86,0
1335888000,78.862,78.888,78.852,78.88,0
1335891600,78.877,78.926,78.869,78.903,0
1335895200,78.898,78.918,78.86,78.864,0
1335898800,78.861,78.863,78.794,78.825,0
1335902400,78.827,78.841,78.813,78.818,0
1335906000,78.817,78.826,78.804,78.813,0
1335909600,78.815,78.836,78.802,78.826,0
1335913200,78.838,78.847,78.819,78.83,0
1335916800,78.829,78.94,78.813,78.922,0
1335920400,78.925,78.936,78.87,78.874,0
1335924000,78.87,78.896,78.865,78.885,0
1335927600,78.88,78.896,78.832,78.847,0
1335931200,78.845,78.906,78.84,78.896,0
1335934800,78.895,78.949,78.869,78.936,0
1335938400,78.933,78.979,78.905,78.947,0
1335942000,78.939,79.14,78.887,79.108,0
1335945600,79.107,79.149,79.073,79.122,0
1335949200,79.123,79.265,79.104,79.215,0
1335952800,79.222,79.298,79.186,79.277,0
1335956400,79.276,79.291,79.22,79.287,0
1335960000,79.284,79.319,79.224,79.293,0
1335963600,79.292,79.301,79.17,79.202,0
1335967200,79.204,79.27,79.147,79.186,0
1335970800,79.187,79.234,79.167,79.193,0
1335974400,79.191,79.201,79.12,79.123,0
1335978000,79.122,79.184,79.119,79.146,0
1335981600,79.148,79.159,79.106,79.132,0
1335985200,79.135,79.168,79.132,79.152,0
1335988800,79.148,79.161,79.125,79.138,0
1335992400,79.136,79.166,79.131,79.158,0
1335996000,79.155,79.179,79.152,79.178,0
1335999600,79.182,79.199,79.18,79.189,0
1336003200,79.187,79.192,79.147,79.156,0
1336006800,79.153,79.232,79.153,79.218,0
1336010400,79.219,79.25,79.183,79.204,0
1336014000,79.202,79.222,79.196,79.204,0
1336017600,79.205,79.217,79.192,79.196,0
1336021200,79.199,79.23,79.189,79.208,0
1336024800,79.211,79.267,79.177,79.239,0
1336028400,79.234,79.237,79.132,79.162,0
1336032000,79.159,79.277,79.149,79.243,0
1336035600,79.244,79.313,79.227,79.251,0
1336039200,79.25,79.281,79.227,79.256,0
1336042800,79.254,79.297,79.224,79.282,0
1336046400,79.281,79.422,79.118,79.131,0
1336050000,79.141,79.214,79.098,79.16,0
1336053600,79.156,79.225,79.082,79.197,0
1336057200,79.198,79.242,79.19,79.227,0
1336060800,79.23,79.251,79.21,79.238,0
1336064400,79.246,79.266,79.229,79.246,0
1336068000,79.25,79.264,79.206,79.221,0
1336071600,79.224,79.252,79.2,79.202,0
1336075200,79.205,79.242,79.2,79.2,0
1336078800,79.204,79.221,79.192,79.206,0
1336082400,79.207,79.218,79.204,79.21,0
1336086000,79.199,79.208,79.187,79.192,0
1336089600,79.194,79.234,79.189,79.212,0
1336093200,79.21,79.221,79.15,79.173,0
1336096800,79.175,79.178,79.154,79.17,0
1336100400,79.174,79.182,79.156,79.181,0
1336104000,79.182,79.22,79.17,79.22,0
1336107600,79.217,79.225,79.191,79.191,0
1336111200,79.203,79.21,79.173,79.192,0
1336114800,79.191,79.307,79.182,79.289,0
1336118400,79.286,79.32,79.259,79.3,0
1336122000,79.294,79.305,79.263,79.292,0
1336125600,79.296,79.339,79.281,79.284,0
1336129200,79.292,79.323,79.268,79.317,0
1336132800,79.319,79.371,79.196,79.211,0
1336136400,79.207,79.244,79.086,79.128,0
1336140000,79.133,79.423,79.129,79.379,0
1336143600,79.384,79.516,79.358,79.486,0
1336147200,79.484,79.523,79.434,79.495,0
1336150800,79.489,79.523,79.466,79.504,0
1336154400,79.502,79.515,79.489,79.498,0
1336158000,79.499,79.499,79.461,79.485,0
1336161600,79.487,79.518,79.47,79.511,0
1336165200,79.51,79.51,79.498,79.498,0
1336338000,79.795,79.795,79.69,79.733,0
1336341600,79.734,80.031,79.715,79.918,0
1336345200,79.916,80.028,79.899,80.028,0
1336348800,80.032,80.034,79.931,79.976,0
1336352400,79.967,79.998,79.928,79.964,0
1336356000,79.963,79.988,79.939,79.948,0
1336359600,79.952,79.964,79.929,79.938,0
1336363200,79.943,79.978,79.919,79.955,0
1336366800,79.957,79.959,79.892,79.898,0
1336370400,79.9,79.931,79.774,79.815,0
1336374000,79.813,79.902,79.764,79.8,0
1336377600,79.803,79.849,79.766,79.802,0
1336381200,79.804,79.845,79.711,79.72,0
1336384800,79.706,79.721,79.642,79.706,0
1336388400,79.709,79.752,79.673,79.675,0
1336392000,79.679,79.773,79.665,79.724,0
1336395600,79.734,79.734,79.591,79.646,0
1336399200,79.643,79.684,79.603,79.639,0
1336402800,79.637,79.651,79.571,79.587,0
1336406400,79.593,79.622,79.54,79.565,0
1336410000,79.562,79.609,79.562,79.572,0
1336413600,79.578,79.614,79.552,79.603,0
1336417200,79.602,79.621,79.546,79.576,0
1336420800,79.577,79.613,79.574,79.597,0
1336424400,79.604,79.607,79.554,79.57,0
1336428000,79.565,79.573,79.535,79.546,0
1336431600,79.585,79.592,79.551,79.564,0
1336435200,79.566,79.681,79.561,79.67,0
1336438800,79.674,79.705,79.652,79.676,0
1336442400,79.679,79.714,79.663,79.707,0
1336446000,79.706,79.733,79.691,79.714,0
1336449600,79.71,79.72,79.684,79.708,0
1336453200,79.713,79.714,79.661,79.679,0
1336456800,79.681,79.785,79.669,79.749,0
1336460400,79.748,79.805,79.72,79.751,0
1336464000,79.744,79.829,79.719,79.804,0
1336467600,79.798,79.859,79.743,79.788,0
1336471200,79.791,79.806,79.714,79.754,0
1336474800,79.749,79.75,79.678,79.691,0
1336478400,79.692,79.899,79.686,79.843,0
1336482000,79.841,79.906,79.799,79.894,0
1336485600,79.888,79.945,79.866,79.894,0
1336489200,79.896,79.958,79.769,79.81,0
1336492800,79.806,79.857,79.763,79.833,0
1336496400,79.831,79.849,79.683,79.721,0
1336500000,79.718,79.798,79.698,79.738,0
1336503600,79.74,79.813,79.708,79.809,0
1336507200,79.808,79.844,79.8,79.84,0
1336510800,79.837,79.882,79.827,79.871,0
1336514400,79.87,79.873,79.839,79.86,0
1336518000,79.898,79.91,79.876,79.907,0
1336521600,79.905,79.925,79.866,79.908,0
1336525200,79.909,80.011,79.895,80.003,0
1336528800,80.009,80.034,79.98,80.024,0
1336532400,80.023,80.028,79.988,80.028,0
1336536000,80.03,80.03,79.967,80.008,0
1336539600,80.01,80.02,79.958,79.963,0
1336543200,79.964,79.97,79.899,79.946,0
1336546800,79.95,79.991,79.879,79.895,0
1336550400,79.896,80.005,79.868,79.996,0
1336554000,79.997,80.022,79.949,79.989,0
1336557600,79.987,80.032,79.942,79.973,0
1336561200,79.983,80.033,79.962,79.999,0
1336564800,79.996,80.19,79.974,80.151,0
1336568400,80.154,80.189,80.091,80.164,0
1336572000,80.168,80.272,80.113,80.162,0
1336575600,80.168,80.183,80.032,80.05,0
1336579200,80.053,80.119,80.031,80.072,0
1336582800,80.067,80.103,79.973,79.986,0
1336586400,79.99,80.08,79.971,80.08,0
1336590000,80.08,80.129,80.06,80.062,0
1336593600,80.059,80.157,80.058,80.157,0
1336597200,80.16,80.183,80.125,80.127,0
1336600800,80.123,80.165,80.121,80.152,0
1336604400,80.119,80.163,80.114,80.138,0
1336608000,80.137,80.158,80.094,80.097,0
1336611600,80.099,80.118,80.064,80.078,0
1336615200,80.079,80.104,80.038,80.065,0
1336618800,80.063,80.149,80.058,80.098,0
1336622400,80.094,80.105,80.039,80.055,0
1336626000,80.057,80.085,80.04,80.084,0
1336629600,80.082,80.088,79.997,80.007,0
1336633200,80.003,80.054,79.991,80.045,0
1336636800,80.047,80.147,80.041,80.121,0
1336640400,80.123,80.185,80.095,80.178,0
1336644000,80.177,80.19,80.103,80.129,0
1336647600,80.131,80.175,80.015,80.03,0
1336651200,80.028,80.064,79.969,80.053,0
1336654800,80.047,80.07,79.949,79.986,0
1336658400,79.989,80.09,79.958,80.08,0
1336662000,80.084,80.141,80.003,80.081,0
1336665600,80.079,80.11,80.055,80.072,0
1336669200,80.065,80.092,80.049,80.086,0
1336672800,80.085,80.118,80.06,80.112,0
1336676400,80.114,80.166,80.104,80.15,0
1336680000,80.148,80.187,80.112,80.185,0
1336683600,80.186,80.224,80.151,80.213,0
1336687200,80.211,80.223,80.191,80.196,0
1336690800,80.204,80.218,80.19,80.208,0
1336694400,80.207,80.236,80.16,80.165,0
1336698000,80.171,80.336,80.166,80.297,0
1336701600,80.295,80.31,80.221,80.232,0
1336705200,80.234,80.268,80.22,80.26,0
1336708800,80.261,80.287,80.242,80.255,0
1336712400,80.247,80.309,80.232,80.252,0
1336716000,80.251,80.336,80.247,80.267,0
1336719600,80.272,80.31,80.249,80.267,0
1336723200,80.271,80.271,80.149,80.185,0
1336726800,80.197,80.231,80.144,80.203,0
1336730400,80.2,80.257,80.147,80.253,0
1336734000,80.252,80.27,80.178,80.183,0
1336737600,80.189,80.284,80.164,80.245,0
1336741200,80.247,80.268,80.135,80.178,0
1336744800,80.188,80.207,80.079,80.14,0
1336748400,80.138,80.201,80.129,80.171,0
1336752000,80.172,80.178,80.143,80.155,0
1336755600,80.153,80.261,80.151,80.258,0
1336759200,80.26,80.289,80.246,80.264,0
1336762800,80.263,80.299,80.254,80.274,0
1336766400,80.277,80.304,80.272,80.289,0
1336770000,80.3,80.303,80.296,80.303,0
1336773600,80.301,80.301,80.301,80.301,0
1336942800,80.369,80.466,80.361,80.444,0
1336946400,80.437,80.454,80.382,80.413,0
1336950000,80.411,80.422,80.364,80.391,0
1336953600,80.389,80.406,80.359,80.376,0
1336957200,80.376,80.484,80.369,80.47,0
1336960800,80.473,80.483,80.427,80.43,0
1336964400,80.434,80.461,80.409,80.43,0
1336968000,80.429,80.441,80.416,80.437,0
1336971600,80.436,80.445,80.39,80.415,0
1336975200,80.429,80.476,80.398,80.43,0
1336978800,80.431,80.53,80.411,80.493,0
1336982400,80.49,80.598,80.485,80.565,0
1336986000,80.576,80.586,80.467,80.524,0
1336989600,80.531,80.566,80.488,80.517,0
1336993200,80.531,80.544,80.475,80.522,0
1336996800,80.511,80.673,80.495,80.603,0
1337000400,80.601,80.69,80.57,80.608,0
1337004000,80.602,80.685,80.555,80.615,0
1337007600,80.619,80.627,80.554,80.573,0
1337011200,80.577,80.6,80.557,80.585,0
1337014800,80.582,80.633,80.575,80.585,0
1337018400,80.584,80.606,80.536,80.606,0
1337022000,80.598,80.659,80.585,80.645,0
1337025600,80.643,80.705,80.62,80.704,0
1337029200,80.703,80.715,80.676,80.684,0
1337032800,80.678,80.732,80.677,80.693,0
1337036400,80.656,80.673,80.642,80.654,0
1337040000,80.657,80.685,80.626,80.677,0
1337043600,80.676,80.739,80.662,80.688,0
1337047200,80.69,80.704,80.645,80.685,0
1337050800,80.689,80.696,80.646,80.647,0
1337054400,80.638,80.697,80.633,80.691,0
1337058000,80.689,80.705,80.606,80.611,0
1337061600,80.608,80.615,80.524,80.55,0
1337065200,80.554,80.566,80.483,80.504,0
1337068800,80.501,80.614,80.501,80.598,0
1337072400,80.605,80.636,80.574,80.601,0
1337076000,80.596,80.612,80.545,80.612,0
1337079600,80.611,80.636,80.575,80.623,0
1337083200,80.617,80.832,80.605,80.807,0
1337086800,80.823,80.992,80.806,80.88,0
1337090400,80.875,80.979,80.865,80.979,0
1337094000,80.988,81.103,80.969,81.012,0
1337097600,81.016,81.053,80.992,81.034,0
1337101200,81.029,81.22,81.019,81.189,0
1337104800,81.184,81.228,81.151,81.221,0
1337108400,81.213,81.292,81.21,81.255,0
1337112000,81.257,81.285,81.235,81.256,0
1337115600,81.252,81.263,81.221,81.233,0
1337119200,81.234,81.238,81.219,81.233,0
1337122800,81.23,81.263,81.225,81.257,0
1337126400,81.255,81.304,81.248,81.299,0
1337130000,81.3,81.331,81.27,81.32,0
1337133600,81.322,81.34,81.273,81.28,0
1337137200,81.284,81.352,81.279,81.344,0
1337140800,81.338,81.455,81.335,81.388,0
1337144400,81.389,81.4,81.329,81.341,0
1337148000,81.344,81.548,81.343,81.483,0
1337151600,81.482,81.573,81.402,81.402,0
1337155200,81.395,81.418,81.243,81.377,0
1337158800,81.37,81.502,81.293,81.476,0
1337162400,81.48,81.506,81.361,81.419,0
1337166000,81.423,81.441,81.294,81.33,0
1337169600,81.328,81.338,81.193,81.261,0
1337173200,81.264,81.361,81.186,81.223,0
1337176800,81.224,81.3,81.176,81.279,0
1337180400,81.277,81.514,81.249,81.323,0
1337184000,81.321,81.354,81.202,81.249,0
1337187600,81.25,81.374,81.25,81.326,0
1337191200,81.313,81.402,81.273,81.372,0
1337194800,81.373,81.476,81.336,81.449,0
1337198400,81.447,81.487,81.386,81.413,0
1337202000,81.416,81.43,81.372,81.414,0
1337205600,81.415,81.431,81.411,81.427,0
1337209200,81.389,81.398,81.336,81.342,0
1337212800,81.344,81.354,81.264,81.299,0
1337216400,81.298,81.3,81.24,81.296,0
1337220000,81.292,81.324,81.279,81.297,0
1337223600,81.301,81.316,81.253,81.266,0
1337227200,81.27,81.308,81.25,81.287,0
1337230800,81.282,81.311,81.244,81.277,0
1337234400,81.28,81.376,81.256,81.347,0
1337238000,81.35,81.429,81.323,81.389,0
1337241600,81.397,81.444,81.358,81.4,0
1337245200,81.401,81.489,81.399,81.465,0
1337248800,81.469,81.562,81.44,81.546,0
1337252400,81.55,81.682,81.537,81.625,0
1337256000,81.626,81.64,81.464,81.467,0
1337259600,81.466,81.62,81.444,81.577,0
1337263200,81.581,81.622,81.323,81.435,0
1337266800,81.438,81.501,81.358,81.386,0
1337270400,81.392,81.477,81.317,81.388,0
1337274000,81.384,81.387,81.286,81.367,0
1337277600,81.364,81.416,81.335,81.383,0
1337281200,81.382,81.498,81.372,81.442,0
1337284800,81.443,81.528,81.44,81.477,0
1337288400,81.481,81.565,81.463,81.559,0
1337292000,81.561,81.561,81.523,81.529,0
1337295600,81.515,81.527,81.492,81.493,0
1337299200,81.492,81.562,81.441,81.552,0
1337302800,81.568,81.647,81.547,81.59,0
1337306400,81.588,81.619,81.553,81.581,0
1337310000,81.584,81.609,81.536,81.598,0
1337313600,81.601,81.703,81.597,81.665,0
1337317200,81.664,81.711,81.628,81.634,0
1337320800,81.629,81.758,81.612,81.673,0
1337324400,81.681,81.686,81.544,81.595,0
1337328000,81.596,81.602,81.437,81.508,0
1337331600,81.512,81.559,81.426,81.447,0
1337335200,81.456,81.528,81.437,81.499,0
1337338800,81.505,81.505,81.365,81.416,0
1337342400,81.413,81.421,81.3,81.379,0
1337346000,81.376,81.42,81.314,81.369,0
1337349600,81.371,81.431,81.317,81.353,0
1337353200,81.354,81.42,81.26,81.373,0
1337356800,81.379,81.379,81.282,81.3,0
1337360400,81.308,81.394,81.273,81.384,0
1337364000,81.387,81.399,81.263,81.292,0
1337367600,81.278,81.294,81.069,81.109,0
1337371200,81.104,81.14,81.012,81.083,0
1337374800,81.081,81.089,81.081,81.089,0
1337547600,81.186,81.196,81.101,81.134,0
1337551200,81.133,81.235,81.133,81.226,0
1337554800,81.225,81.258,81.14,81.153,0
1337558400,81.147,81.187,81.013,81.084,0
1337562000,81.085,81.087,80.94,80.953,0
1337565600,80.954,81.042,80.944,81.011,0
1337569200,81.01,81.053,81.005,81.028,0
1337572800,81.031,81.067,81.026,81.054,0
1337576400,81.052,81.092,81.048,81.063,0
1337580000,81.066,81.189,81.053,81.135,0
1337583600,81.137,81.221,81.079,81.129,0
1337587200,81.132,81.191,81.063,81.179,0
1337590800,81.174,81.215,81.128,81.128,0
1337594400,81.133,81.177,81.121,81.167,0
1337598000,81.165,81.248,81.121,81.235,0
1337601600,81.239,81.321,81.225,81.303,0
1337605200,81.298,81.393,81.292,81.315,0
1337608800,81.323,81.334,81.161,81.175,0
1337612400,81.177,81.213,81.139,81.19,0
1337616000,81.196,81.203,81.071,81.121,0
1337619600,81.122,81.15,81.098,81.124,0
1337623200,81.125,81.159,81.067,81.084,0
1337626800,81.082,81.083,80.899,80.935,0
1337630400,80.928,80.983,80.919,80.928,0
1337634000,80.922,80.986,80.922,80.986,0
1337637600,80.984,80.984,80.931,80.949,0
1337641200,80.971,80.996,80.968,80.97,0
1337644800,80.969,81.027,80.954,81.014,0
1337648400,81.017,81.068,81.007,81.055,0
1337652000,81.057,81.077,81.036,81.043,0
1337655600,81.041,81.072,81.026,81.07,0
1337659200,81.069,81.093,81.053,81.087,0
1337662800,81.084,81.091,81.017,81.035,0
1337666400,81.032,81.091,81.025,81.067,0
1337670000,81.072,81.08,80.971,81.014,0
1337673600,81.017,81.184,80.988,81.15,0
1337677200,81.151,81.288,81.151,81.237,0
1337680800,81.238,81.346,81.221,81.282,0
1337684400,81.285,81.305,81.225,81.255,0
1337688000,81.25,81.379,81.19,81.328,0
1337691600,81.325,81.345,81.238,81.298,0
1337695200,81.292,81.32,81.163,81.261,0
1337698800,81.264,81.417,81.23,81.408,0
1337702400,81.402,81.471,81.375,81.393,0
1337706000,81.39,81.519,81.385,81.484,0
1337709600,81.483,81.53,81.46,81.493,0
1337713200,81.489,81.767,81.471,81.661,0
1337716800,81.669,81.69,81.624,81.637,0
1337720400,81.64,81.71,81.611,81.664,0
1337724000,81.659,81.676,81.623,81.673,0
1337727600,81.723,81.803,81.713,81.758,0
1337731200,81.757,81.83,81.731,81.788,0
1337734800,81.792,81.818,81.669,81.672,0
1337738400,81.669,81.698,81.597,81.62,0
1337742000,81.619,81.677,81.617,81.654,0
1337745600,81.652,81.66,81.612,81.655,0
1337749200,81.652,81.691,81.629,81.629,0
1337752800,81.628,81.706,81.606,81.631,0
1337756400,81.627,81.703,81.606,81.692,0
1337760000,81.684,81.913,81.667,81.765,0
1337763600,81.763,81.807,81.711,81.807,0
1337767200,81.796,81.831,81.662,81.675,0
1337770800,81.676,81.73,81.626,81.64,0
1337774400,81.642,81.733,81.613,81.621,0
1337778000,81.618,81.769,81.571,81.754,0
1337781600,81.758,82.148,81.736,82.02,0
1337785200,82.024,82.133,81.99,82.118,0
1337788800,82.113,82.221,82.105,82.159,0
1337792400,82.153,82.175,82.063,82.087,0
1337796000,82.084,82.193,82.078,82.094,0
1337799600,82.087,82.122,81.942,81.958,0
1337803200,81.951,82.082,81.95,82.056,0
1337806800,82.052,82.058,82.01,82.023,0
1337810400,82.022,82.03,81.974,81.989,0
1337814000,82.055,82.175,82.019,82.149,0
1337817600,82.151,82.151,82.028,82.098,0
1337821200,82.103,82.103,82.035,82.066,0
1337824800,82.062,82.115,82.04,82.068,0
1337828400,82.07,82.091,82.03,82.05,0
1337832000,82.049,82.101,82.048,82.093,0
1337835600,82.096,82.105,82.063,82.103,0
1337839200,82.097,82.147,81.975,82.032,0
1337842800,82.037,82.279,82.023,82.254,0
1337846400,82.259,82.362,82.157,82.177,0
1337850000,82.182,82.182,82.065,82.099,0
1337853600,82.097,82.105,82.012,82.041,0
1337857200,82.046,82.125,81.993,82.114,0
1337860800,82.116,82.16,81.968,81.968,0
1337864400,81.989,82.142,81.841,82.075,0
1337868000,82.086,82.132,81.983,82.051,0
1337871600,82.054,82.084,81.917,82.057,0
1337875200,82.062,82.26,82.057,82.259,0
1337878800,82.252,82.364,82.19,82.333,0
1337882400,82.339,82.356,82.275,82.347,0
1337886000,82.355,82.376,82.256,82.31,0
1337889600,82.313,82.332,82.266,82.306,0
1337893200,82.305,82.319,82.247,82.279,0
1337896800,82.278,82.347,82.254,82.26,0
1337900400,82.322,82.346,82.291,82.308,0
1337904000,82.305,82.311,82.237,82.278,0
1337907600,82.275,82.313,82.22,82.302,0
1337911200,82.303,82.364,82.283,82.36,0
1337914800,82.366,82.411,82.344,82.374,0
1337918400,82.38,82.383,82.333,82.36,0
1337922000,82.355,82.358,82.286,82.313,0
1337925600,82.317,82.39,82.182,82.216,0
1337929200,82.212,82.245,82.06,82.081,0
1337932800,82.08,82.127,81.992,82.094,0
1337936400,82.095,82.11,82.021,82.073,0
1337940000,82.077,82.147,82.004,82.101,0
1337943600,82.098,82.15,82.033,82.147,0
1337947200,82.149,82.436,82.136,82.416,0
1337950800,82.413,82.461,82.216,82.284,0
1337954400,82.283,82.423,82.261,82.423,0
1337958000,82.427,82.434,82.306,82.382,0
1337961600,82.39,82.428,82.385,82.402,0
1337965200,82.404,82.445,82.343,82.379,0
1337968800,82.381,82.412,82.365,82.394,0
1337972400,82.393,82.439,82.366,82.415,0
1337976000,82.416,82.434,82.382,82.384,0
1337979600,82.394,82.402,82.392,82.402,0
1338246000,82.263,82.352,82.259,82.328,0
1338249600,82.333,82.397,82.315,82.324,0
1338253200,82.323,82.354,82.265,82.285,0
1338256800,82.287,82.32,82.235,82.237,0
1338260400,82.241,82.286,82.223,82.237,0
1338264000,82.239,82.268,82.214,82.245,0
1338267600,82.243,82.251,82.199,82.251,0
1338271200,82.249,82.292,82.172,82.176,0
1338274800,82.181,82.191,82.041,82.057,0
1338278400,82.047,82.179,82.031,82.162,0
1338282000,82.168,82.309,82.108,82.243,0
1338285600,82.248,82.301,82.221,82.223,0
1338289200,82.231,82.32,82.207,82.291,0
1338292800,82.297,82.348,82.256,82.26,0
1338296400,82.261,82.338,82.153,82.268,0
1338300000,82.262,82.278,82.16,82.227,0
1338303600,82.226,82.58,82.22,82.492,0
1338307200,82.491,82.61,82.491,82.512,0
1338310800,82.515,82.54,82.501,82.516,0
1338314400,82.517,82.544,82.479,82.48,0
1338318000,82.481,82.538,82.423,82.429,0
1338321600,82.427,82.468,82.36,82.401,0
1338325200,82.398,82.491,82.381,82.488,0
1338328800,82.483,82.524,82.445,82.517,0
1338332400,82.508,82.54,82.502,82.54,0
1338336000,82.537,82.589,82.476,82.58,0
1338339600,82.583,82.629,82.548,82.612,0
1338343200,82.604,82.633,82.581,82.607,0
1338346800,82.612,82.612,82.564,82.605,0
1338350400,82.604,82.61,82.565,82.577,0
1338354000,82.578,82.61,82.551,82.578,0
1338357600,82.583,82.593,82.516,82.565,0
1338361200,82.562,82.723,82.562,82.657,0
1338364800,82.659,82.706,82.618,82.706,0
1338368400,82.7,82.749,82.641,82.661,0
1338372000,82.648,82.743,82.647,82.736,0
1338375600,82.742,82.748,82.508,82.593,0
1338379200,82.594,82.689,82.585,82.679,0
1338382800,82.673,82.837,82.662,82.797,0
1338386400,82.799,82.923,82.716,82.913,0
1338390000,82.907,82.941,82.817,82.84,0
1338393600,82.843,82.897,82.824,82.866,0
1338397200,82.861,82.98,82.853,82.962,0
1338400800,82.961,83.021,82.946,83.018,0
1338404400,83.013,83.106,82.999,83.069,0
1338408000,83.072,83.094,83.018,83.084,0
1338411600,83.086,83.096,83.052,83.074,0
1338415200,83.079,83.08,83.028,83.039,0
1338418800,83.101,83.105,83.031,83.037,0
1338422400,83.034,83.11,83.019,83.058,0
1338426000,83.061,83.07,82.98,82.992,0
1338429600,82.993,83.038,82.993,83.002,0
1338433200,83.001,83.021,82.979,83.02,0
1338436800,83.019,83.027,82.93,82.937,0
1338440400,82.938,82.946,82.886,82.902,0
1338444000,82.91,82.961,82.882,82.921,0
1338447600,82.925,82.947,82.792,82.866,0
1338451200,82.864,82.879,82.749,82.816,0
1338454800,82.824,82.826,82.722,82.749,0
1338458400,82.76,82.895,82.732,82.851,0
1338462000,82.856,82.875,82.767,82.833,0
1338465600,82.834,82.951,82.79,82.817,0
1338469200,82.823,83.001,82.823,82.951,0
1338472800,82.948,83.133,82.922,83.106,0
1338476400,83.105,83.215,83.083,83.138,0
1338480000,83.139,83.14,82.918,83.058,0
1338483600,83.067,83.089,82.978,83.046,0
1338487200,83.045,83.068,82.987,83.043,0
1338490800,83.034,83.065,82.975,83.058,0
1338494400,83.053,83.108,83.048,83.052,0
1338498000,83.05,83.096,83.036,83.083,0
1338501600,83.084,83.087,83.046,83.059,0
1338505200,83.083,83.149,83.078,83.106,0
1338508800,83.104,83.231,83.101,83.231,0
1338512400,83.221,83.309,83.21,83.224,0
1338516000,83.221,83.237,83.145,83.161,0
1338519600,83.168,83.207,83.145,83.184,0
1338523200,83.19,83.215,83.169,83.189,0
1338526800,83.188,83.19,83.094,83.102,0
1338530400,83.105,83.173,83.096,83.143,0
1338534000,83.139,83.309,83.114,83.213,0
1338537600,83.209,83.328,83.209,83.309,0
1338541200,83.303,83.393,83.27,83.317,0
1338544800,83.313,83.372,83.286,83.292,0
1338548400,83.296,83.326,83.231,83.305,0
1338552000,83.297,83.542,83.187,83.289,0
1338555600,83.287,83.303,82.651,82.921,0
1338559200,82.925,83.142,82.771,83.142,0
1338562800,83.141,83.142,82.849,82.851,0
1338566400,82.852,83.03,82.838,83.03,0
1338570000,83.039,83.039,82.941,82.968,0
1338573600,82.965,82.982,82.723,82.89,0
1338577200,82.898,82.957,82.84,82.879,0
1338580800,82.881,82.921,82.784,82.804,0
1338584400,82.803,82.803,82.797,82.799,0
1338757200,82.876,82.89,82.756,82.777,0
1338760800,82.78,82.928,82.78,82.897,0
1338764400,82.899,83.021,82.892,83.005,0
1338768000,83.002,83.075,82.928,83.03,0
1338771600,83.033,83.064,83.015,83.037,0
1338775200,83.036,83.055,82.97,83.011,0
1338778800,83.008,83.016,82.918,82.958,0
1338782400,82.957,83.013,82.948,82.972,0
1338786000,82.971,82.974,82.881,82.9,0
1338789600,82.904,82.984,82.888,82.901,0
1338793200,82.897,82.969,82.822,82.874,0
1338796800,82.869,82.891,82.809,82.875,0
1338800400,82.872,82.903,82.773,82.807,0
1338804000,82.808,82.815,82.745,82.794,0
1338807600,82.793,82.828,82.721,82.721,0
1338811200,82.733,82.832,82.728,82.771,0
1338814800,82.773,82.776,82.476,82.547,0
1338818400,82.548,82.653,82.47,82.54,0
1338822000,82.545,82.585,82.483,82.556,0
1338825600,82.563,82.663,82.541,82.663,0
1338829200,82.679,82.679,82.557,82.609,0
1338832800,82.608,82.639,82.51,82.557,0
1338836400,82.558,82.598,82.51,82.528,0
1338840000,82.523,82.573,82.513,82.521,0
1338843600,82.52,82.567,82.52,82.541,0
1338847200,82.534,82.563,82.534,82.557,0
1338850800,82.523,82.539,82.39,82.39,0
1338854400,82.388,82.408,82.307,82.35,0
1338858000,82.352,82.382,82.326,82.352,0
1338861600,82.35,82.389,82.336,82.365,0
1338865200,82.363,82.419,82.359,82.391,0
1338868800,82.394,82.421,82.34,82.384,0
1338872400,82.386,82.438,82.376,82.413,0
1338876000,82.418,82.564,82.363,82.54,0
1338879600,82.537,82.791,82.537,82.757,0
1338883200,82.754,82.907,82.703,82.891,0
1338886800,82.898,82.919,82.777,82.852,0
1338890400,82.846,82.857,82.791,82.832,0
1338894000,82.837,82.943,82.83,82.895,0
1338897600,82.886,82.932,82.764,82.894,0
1338901200,82.896,82.896,82.712,82.742,0
1338904800,82.735,82.823,82.697,82.741,0
1338908400,82.735,82.883,82.728,82.871,0
1338912000,82.87,82.932,82.785,82.87,0
1338915600,82.869,82.915,82.815,82.845,0
1338919200,82.846,82.869,82.78,82.825,0
1338922800,82.822,82.84,82.766,82.771,0
1338926400,82.77,82.816,82.763,82.781,0
1338930000,82.777,82.825,82.754,82.786,0
1338933600,82.785,82.81,82.782,82.797,0
1338937200,82.821,82.838,82.725,82.727,0
1338940800,82.731,82.747,82.681,82.735,0
1338944400,82.731,82.744,82.539,82.557,0
1338948000,82.555,82.612,82.503,82.6,0
1338951600,82.595,82.615,82.494,82.53,0
1338955200,82.533,82.541,82.468,82.536,0
1338958800,82.535,82.622,82.525,82.607,0
1338962400,82.612,82.646,82.514,82.53,0
1338966000,82.523,82.631,82.442,82.459,0
1338969600,82.461,82.508,82.415,82.481,0
1338973200,82.482,82.578,82.48,82.565,0
1338976800,82.566,82.605,82.514,82.561,0
1338980400,82.562,82.579,82.443,82.562,0
1338984000,82.565,82.816,82.557,82.806,0
1338987600,82.814,82.814,82.455,82.495,0
1338991200,82.501,82.599,82.462,82.549,0
1338994800,82.559,82.623,82.361,82.361,0
1338998400,82.373,82.376,82.176,82.253,0
1339002000,82.254,82.287,82.238,82.273,0
1339005600,82.284,82.342,82.27,82.321,0
1339009200,82.32,82.327,82.155,82.173,0
1339012800,82.175,82.22,82.125,82.146,0
1339016400,82.144,82.215,82.135,82.18,0
1339020000,82.177,82.204,82.172,82.197,0
1339023600,82.235,82.241,82.2,82.2,0
1339027200,82.202,82.247,82.169,82.244,0
1339030800,82.241,82.257,82.157,82.179,0
1339034400,82.186,82.271,82.183,82.258,0
1339038000,82.256,82.278,82.231,82.255,0
1339041600,82.252,82.312,82.242,82.281,0
1339045200,82.282,82.305,82.235,82.256,0
1339048800,82.255,82.351,82.255,82.31,0
1339052400,82.313,82.392,82.238,82.336,0
1339056000,82.341,82.356,82.256,82.279,0
1339059600,82.272,82.277,82.115,82.143,0
1339063200,82.145,82.29,82.145,82.154,0
1339066800,82.131,82.187,82.022,82.061,0
1339070400,82.057,82.092,81.975,82.087,0
1339074000,82.083,82.106,81.911,82.01,0
1339077600,82.014,82.26,81.97,82.198,0
1339081200,82.199,82.304,82.159,82.211,0
1339084800,82.212,82.254,82.111,82.218,0
1339088400,82.217,82.223,81.971,82.096,0
1339092000,82.099,82.119,82.05,82.051,0
1339095600,82.056,82.26,82.051,82.25,0
1339099200,82.252,82.292,82.213,82.268,0
1339102800,82.271,82.292,82.254,82.26,0
1339106400,82.261,82.268,82.234,82.249,0
1339110000,82.226,82.254,82.214,82.247,0
1339113600,82.25,82.44,82.227,82.384,0
1339117200,82.386,82.457,82.375,82.429,0
1339120800,82.439,82.495,82.421,82.425,0
1339124400,82.428,82.452,82.388,82.449,0
1339128000,82.444,82.463,82.397,82.425,0
1339131600,82.426,82.488,82.413,82.475,0
1339135200,82.47,82.637,82.458,82.567,0
1339138800,82.564,82.655,82.554,82.62,0
1339142400,82.621,82.806,82.62,82.752,0
1339146000,82.749,82.794,82.634,82.677,0
1339149600,82.672,82.828,82.658,82.771,0
1339153200,82.775,82.8,82.713,82.759,0
1339156800,82.758,82.87,82.697,82.844,0
1339160400,82.845,82.89,82.75,82.814,0
1339164000,82.806,82.839,82.717,82.753,0
1339167600,82.751,82.754,82.613,82.667,0
1339171200,82.671,82.709,82.606,82.61,0
1339174800,82.609,82.609,82.516,82.523,0
1339178400,82.522,82.535,82.452,82.511,0
1339182000,82.512,82.527,82.451,82.506,0
1339185600,82.505,82.538,82.437,82.439,0
1339189200,82.443,82.443,82.436,82.439,0
1339362000,81.873,81.912,81.728,81.809,0
1339365600,81.812,81.869,81.733,81.858,0
1339369200,81.85,81.852,81.786,81.821,0
1339372800,81.827,81.946,81.82,81.865,0
1339376400,81.863,81.878,81.815,81.853,0
1339380000,81.856,81.892,81.837,81.875,0
1339383600,81.873,81.898,81.855,81.875,0
1339387200,81.873,81.88,81.851,81.858,0
1339390800,81.857,81.857,81.785,81.806,0
1339394400,81.811,81.898,81.79,81.852,0
1339398000,81.854,82.066,81.835,81.98,0
1339401600,81.979,82.045,81.921,82.045,0
1339405200,82.051,82.146,81.961,82.112,0
1339408800,82.114,82.166,82.082,82.161,0
1339412400,82.156,82.308,82.14,82.258,0
1339416000,82.254,82.299,82.16,82.199,0
1339419600,82.195,82.311,82.134,82.302,0
1339423200,82.306,82.448,82.185,82.437,0
1339426800,82.436,82.576,82.43,82.463,0
1339430400,82.468,82.533,82.449,82.514,0
1339434000,82.518,82.526,82.468,82.496,0
1339437600,82.503,82.571,82.499,82.515,0
1339441200,82.52,82.616,82.506,82.595,0
1339444800,82.597,82.609,82.562,82.606,0
1339448400,82.603,82.679,82.603,82.675,0
1339452000,82.674,82.726,82.659,82.666,0
1339455600,82.61,82.647,82.582,82.595,0
1339459200,82.597,82.6,82.547,82.558,0
1339462800,82.561,82.588,82.517,82.533,0
1339466400,82.539,82.59,82.52,82.58,0
1339470000,82.579,82.589,82.52,82.538,0
1339473600,82.535,82.544,82.478,82.526,0
1339477200,82.527,82.557,82.509,82.544,0
1339480800,82.554,82.635,82.551,82.597,0
1339484400,82.602,82.602,82.414,82.516,0
1339488000,82.52,82.675,82.434,82.465,0
1339491600,82.452,82.511,82.409,82.431,0
1339495200,82.432,82.442,82.327,82.44,0
1339498800,82.453,82.51,82.402,82.501,0
1339502400,82.499,82.567,82.444,82.5,0
1339506000,82.503,82.585,82.363,82.571,0
1339509600,82.568,82.727,82.527,82.648,0
1339513200,82.65,82.651,82.483,82.528,0
1339516800,82.531,82.554,82.465,82.492,0
1339520400,82.494,82.5,82.338,82.43,0
1339524000,82.434,82.511,82.412,82.423,0
1339527600,82.421,82.458,82.369,82.4,0
1339531200,82.397,82.423,82.361,82.412,0
1339534800,82.414,82.417,82.355,82.41,0
1339538400,82.411,82.42,82.389,82.389,0
1339542000,82.402,82.439,82.388,82.434,0
1339545600,82.432,82.5,82.401,82.49,0
1339549200,82.491,82.561,82.47,82.535,0
1339552800,82.533,82.581,82.514,82.549,0
1339556400,82.547,82.547,82.481,82.488,0
1339560000,82.49,82.522,82.482,82.507,0
1339563600,82.506,82.51,82.462,82.503,0
1339567200,82.496,82.529,82.388,82.45,0
1339570800,82.451,82.47,82.268,82.308,0
1339574400,82.306,82.39,82.286,82.329,0
1339578000,82.338,82.347,82.209,82.239,0
1339581600,82.24,82.319,82.202,82.317,0
1339585200,82.315,82.334,82.228,82.245,0
1339588800,82.244,82.33,82.164,82.266,0
1339592400,82.264,82.371,82.246,82.322,0
1339596000,82.31,82.328,82.055,82.065,0
1339599600,82.078,82.11,81.918,82.015,0
1339603200,82.009,82.092,81.978,82.054,0
1339606800,82.055,82.062,81.965,81.99,0
1339610400,81.993,82.096,81.977,82.058,0
1339614000,82.055,82.185,82.051,82.157,0
1339617600,82.152,82.251,82.113,82.246,0
1339621200,82.244,82.244,82.179,82.189,0
1339624800,82.187,82.193,82.127,82.144,0
1339628400,82.177,82.177,82.131,82.132,0
1339632000,82.131,82.231,82.116,82.219,0
1339635600,82.217,82.252,82.177,82.207,0
1339639200,82.205,82.221,82.181,82.189,0
1339642800,82.183,82.189,82.121,82.127,0
1339646400,82.129,82.156,82.063,82.09,0
1339650000,82.096,82.162,82.066,82.134,0
1339653600,82.137,82.24,82.127,82.204,0
1339657200,82.206,82.235,82.077,82.102,0
1339660800,82.112,82.288,82.103,82.246,0
1339664400,82.251,82.295,82.188,82.206,0
1339668000,82.203,82.225,82.053,82.128,0
1339671600,82.126,82.205,82.074,82.132,0
1339675200,82.146,82.21,82.005,82.051,0
1339678800,82.05,82.153,81.957,81.972,0
1339682400,81.962,82.031,81.928,81.986,0
1339686000,81.982,82.019,81.898,81.944,0
1339689600,81.946,82.015,81.904,82,0
1339693200,81.994,82.051,81.988,82.024,0
1339696800,82.02,82.052,81.93,81.99,0
1339700400,81.989,81.992,81.812,81.887,0
1339704000,81.877,81.906,81.798,81.813,0
1339707600,81.814,81.858,81.799,81.852,0
1339711200,81.856,81.889,81.85,81.882,0
1339714800,81.857,81.889,81.846,81.87,0
1339718400,81.868,81.935,81.866,81.919,0
1339722000,81.925,81.93,81.858,81.86,0
1339725600,81.858,81.858,81.807,81.825,0
1339729200,81.824,81.841,81.754,81.778,0
1339732800,81.78,81.791,81.703,81.734,0
1339736400,81.737,81.769,81.714,81.762,0
1339740000,81.759,81.835,81.75,81.819,0
1339743600,81.823,81.897,81.797,81.86,0
1339747200,81.857,81.865,81.736,81.757,0
1339750800,81.765,81.778,81.735,81.761,0
1339754400,81.762,81.837,81.75,81.804,0
1339758000,81.812,81.871,81.746,81.867,0
1339761600,81.87,81.938,81.77,81.864,0
1339765200,81.866,81.913,81.733,81.747,0
1339768800,81.745,81.769,81.667,81.705,0
1339772400,81.712,81.723,81.615,81.66,0
1339776000,81.671,81.713,81.651,81.669,0
1339779600,81.665,81.667,81.581,81.621,0
1339783200,81.625,81.63,81.544,81.628,0
1339786800,81.629,81.635,81.505,81.517,0
1339790400,81.522,81.599,81.481,81.598,0
1339794000,81.599,81.6,81.59,81.593,0
1339966800,81.349,81.361,81.189,81.191,0
1339970400,81.189,81.323,81.161,81.307,0
1339974000,81.312,81.364,81.28,81.364,0
1339977600,81.361,81.389,81.266,81.348,0
1339981200,81.35,81.532,81.33,81.487,0
1339984800,81.488,81.506,81.462,81.465,0
1339988400,81.471,81.476,81.387,81.402,0
1339992000,81.397,81.412,81.352,81.373,0
1339995600,81.376,81.399,81.323,81.325,0
1339999200,81.326,81.493,81.288,81.466,0
1340002800,81.474,81.547,81.375,81.518,0
1340006400,81.522,81.795,81.514,81.631,0
1340010000,81.634,81.738,81.622,81.681,0
1340013600,81.678,81.77,81.605,81.752,0
1340017200,81.754,81.817,81.691,81.804,0
1340020800,81.795,81.93,81.755,81.93,0
1340024400,81.926,81.957,81.835,81.867,0
1340028000,81.871,81.973,81.795,81.939,0
1340031600,81.928,82.031,81.891,81.965,0
1340035200,81.961,82.063,81.91,82.048,0
1340038800,82.046,82.066,81.964,81.97,0
1340042400,81.975,81.989,81.906,81.946,0
1340046000,81.949,82.009,81.941,81.951,0
1340049600,81.952,81.989,81.939,81.96,0
1340053200,81.957,81.97,81.937,81.948,0
1340056800,81.952,81.959,81.921,81.926,0
1340060400,81.888,81.897,81.83,81.844,0
1340064000,81.842,81.869,81.806,81.84,0
1340067600,81.842,81.876,81.773,81.799,0
1340071200,81.798,81.833,81.784,81.811,0
1340074800,81.819,81.819,81.751,81.772,0
1340078400,81.77,81.809,81.762,81.771,0
1340082000,81.768,81.814,81.763,81.784,0
1340085600,81.791,81.886,81.755,81.843,0
1340089200,81.848,81.863,81.717,81.85,0
1340092800,81.843,81.986,81.823,81.852,0
1340096400,81.859,81.962,81.735,81.779,0
1340100000,81.783,81.788,81.701,81.779,0
1340103600,81.776,81.783,81.664,81.706,0
1340107200,81.704,81.797,81.693,81.756,0
1340110800,81.752,81.758,81.575,81.58,0
1340114400,81.589,81.589,81.448,81.448,0
1340118000,81.453,81.453,81.293,81.361,0
1340121600,81.36,81.42,81.349,81.355,0
1340125200,81.365,81.365,81.186,81.217,0
1340128800,81.215,81.425,81.215,81.378,0
1340132400,81.379,81.411,81.348,81.396,0
1340136000,81.397,81.403,81.378,81.396,0
1340139600,81.395,81.402,81.383,81.389,0
1340143200,81.393,81.414,81.381,81.407,0
1340146800,81.416,81.458,81.397,81.45,0
1340150400,81.441,81.531,81.427,81.475,0
1340154000,81.474,81.483,81.423,81.465,0
1340157600,81.469,81.469,81.419,81.426,0
1340161200,81.424,81.449,81.415,81.446,0
1340164800,81.443,81.478,81.419,81.45,0
1340168400,81.453,81.456,81.382,81.423,0
1340172000,81.42,81.437,81.351,81.371,0
1340175600,81.372,81.46,81.372,81.448,0
1340179200,81.452,81.463,81.3,81.333,0
1340182800,81.337,81.379,81.289,81.339,0
1340186400,81.336,81.415,81.329,81.394,0
1340190000,81.384,81.404,81.218,81.238,0
1340193600,81.237,81.336,81.232,81.336,0
1340197200,81.328,81.404,81.328,81.357,0
1340200800,81.349,81.429,81.3,81.386,0
1340204400,81.385,81.422,81.337,81.401,0
1340208000,81.402,81.74,81.401,81.46,0
1340211600,81.463,81.475,81.228,81.391,0
1340215200,81.385,81.609,81.342,81.583,0
1340218800,81.589,81.665,81.49,81.499,0
1340222400,81.494,81.494,81.389,81.391,0
1340226000,81.393,81.435,81.382,81.435,0
1340229600,81.433,81.527,81.419,81.494,0
1340233200,81.478,81.518,81.448,81.509,0
1340236800,81.505,81.585,81.495,81.566,0
1340240400,81.565,81.634,81.533,81.634,0
1340244000,81.636,81.644,81.587,81.603,0
1340247600,81.594,81.62,81.57,81.595,0
1340251200,81.597,81.628,81.577,81.607,0
1340254800,81.608,81.614,81.552,81.56,0
1340258400,81.563,81.634,81.526,81.557,0
1340262000,81.556,81.738,81.529,81.707,0
1340265600,81.705,81.732,81.593,81.608,0
1340269200,81.609,81.655,81.533,81.595,0
1340272800,81.599,81.643,81.555,81.619,0
1340276400,81.618,81.644,81.487,81.626,0
1340280000,81.63,81.723,81.553,81.706,0
1340283600,81.696,81.911,81.684,81.884,0
1340287200,81.882,82.042,81.881,81.984,0
1340290800,81.985,82.194,81.98,82.09,0
1340294400,82.088,82.235,82.073,82.181,0
1340298000,82.185,82.234,82.162,82.204,0
1340301600,82.205,82.317,82.178,82.29,0
1340305200,82.293,82.398,82.271,82.332,0
1340308800,82.334,82.365,82.288,82.357,0
1340312400,82.368,82.368,82.3,82.302,0
1340316000,82.301,82.34,82.291,82.317,0
1340319600,82.291,82.299,82.263,82.27,0
1340323200,82.272,82.316,82.216,82.237,0
1340326800,82.24,82.255,82.199,82.246,0
1340330400,82.247,82.272,82.223,82.242,0
1340334000,82.239,82.284,82.233,82.284,0
1340337600,82.283,82.293,82.253,82.283,0
1340341200,82.28,82.294,82.249,82.256,0
1340344800,82.251,82.437,82.25,82.388,0
1340348400,82.386,82.465,82.316,82.37,0
1340352000,82.368,82.39,82.27,82.289,0
1340355600,82.295,82.325,82.241,82.257,0
1340359200,82.258,82.363,82.245,82.295,0
1340362800,82.296,82.382,82.266,82.286,0
1340366400,82.292,82.425,82.277,82.395,0
1340370000,82.388,82.39,82.155,82.208,0
1340373600,82.207,82.411,82.165,82.404,0
1340377200,82.401,82.469,82.327,82.358,0
1340380800,82.348,82.385,82.233,82.263,0
1340384400,82.256,82.283,82.243,82.264,0
1340388000,82.258,82.267,82.206,82.256,0
1340391600,82.25,82.291,82.221,82.248,0
1340395200,82.254,82.262,82.207,82.212,0
1340398800,82.215,82.215,82.212,82.212,0
1340571600,82.342,82.352,82.297,82.311,0
1340575200,82.306,82.398,82.281,82.374,0
1340578800,82.363,82.399,82.349,82.393,0
1340582400,82.39,82.404,82.361,82.386,0
1340586000,82.384,82.418,82.34,82.363,0
1340589600,82.36,82.378,82.349,82.37,0
1340593200,82.371,82.379,82.318,82.327,0
1340596800,82.325,82.362,82.324,82.34,0
1340600400,82.336,82.412,82.335,82.39,0
1340604000,82.386,82.507,82.341,82.467,0
1340607600,82.464,82.585,82.44,82.531,0
1340611200,82.535,82.549,82.444,82.488,0
1340614800,82.487,82.557,82.472,82.544,0
1340618400,82.543,82.587,82.519,82.565,0
1340622000,82.56,82.632,82.534,82.544,0
1340625600,82.533,82.563,82.466,82.494,0
1340629200,82.496,82.571,82.469,82.519,0
1340632800,82.514,82.585,82.477,82.559,0
1340636400,82.556,82.57,82.501,82.549,0
1340640000,82.553,82.567,82.436,82.467,0
1340643600,82.462,82.481,82.427,82.46,0
1340647200,82.463,82.497,82.443,82.497,0
1340650800,82.499,82.502,82.443,82.449,0
1340654400,82.441,82.497,82.428,82.438,0
1340658000,82.445,82.471,82.433,82.45,0
1340661600,82.445,82.476,82.445,82.463,0
1340665200,82.429,82.454,82.419,82.45,0
1340668800,82.444,82.457,82.367,82.39,0
1340672400,82.398,82.4,82.349,82.376,0
1340676000,82.373,82.392,82.348,82.386,0
1340679600,82.39,82.419,82.349,82.404,0
1340683200,82.403,82.441,82.394,82.421,0
1340686800,82.424,82.464,82.399,82.401,0
1340690400,82.402,82.452,82.339,82.436,0
1340694000,82.438,82.439,82.296,82.321,0
1340697600,82.323,82.463,82.247,82.43,0
1340701200,82.433,82.458,82.303,82.32,0
1340704800,82.319,82.386,82.275,82.386,0
1340708400,82.394,82.473,82.358,82.423,0
1340712000,82.424,82.591,82.411,82.535,0
1340715600,82.534,82.559,82.412,82.46,0
1340719200,82.466,82.567,82.387,82.536,0
1340722800,82.541,82.68,82.485,82.509,0
1340726400,82.51,82.51,82.341,82.391,0
1340730000,82.39,82.454,82.381,82.423,0
1340733600,82.416,82.428,82.332,82.372,0
1340737200,82.374,82.393,82.335,82.368,0
1340740800,82.371,82.401,82.354,82.384,0
1340744400,82.374,82.408,82.367,82.395,0
1340748000,82.396,82.396,82.356,82.388,0
1340751600,82.413,82.433,82.406,82.415,0
1340755200,82.418,82.448,82.396,82.431,0
1340758800,82.427,82.435,82.359,82.384,0
1340762400,82.394,82.394,82.303,82.336,0
1340766000,82.333,82.378,82.307,82.359,0
1340769600,82.363,82.379,82.335,82.343,0
1340773200,82.351,82.368,82.328,82.359,0
1340776800,82.355,82.447,82.346,82.422,0
1340780400,82.419,82.476,82.381,82.408,0
1340784000,82.406,82.444,82.386,82.419,0
1340787600,82.425,82.465,82.409,82.414,0
1340791200,82.411,82.429,82.37,82.424,0
1340794800,82.426,82.473,82.391,82.44,0
1340798400,82.419,82.577,82.419,82.555,0
1340802000,82.55,82.65,82.496,82.607,0
1340805600,82.604,82.651,82.543,82.64,0
1340809200,82.625,82.699,82.574,82.654,0
1340812800,82.656,82.658,82.525,82.543,0
1340816400,82.544,82.595,82.532,82.569,0
1340820000,82.567,82.626,82.56,82.618,0
1340823600,82.622,82.622,82.548,82.568,0
1340827200,82.57,82.594,82.561,82.561,0
1340830800,82.562,82.573,82.537,82.556,0
1340834400,82.559,82.567,82.545,82.552,0
1340838000,82.537,82.555,82.528,82.549,0
1340841600,82.55,82.554,82.396,82.404,0
1340845200,82.405,82.422,82.388,82.407,0
1340848800,82.408,82.443,82.383,82.387,0
1340852400,82.39,82.413,82.239,82.277,0
1340856000,82.273,82.318,82.273,82.291,0
1340859600,82.29,82.336,82.271,82.314,0
1340863200,82.316,82.363,82.253,82.352,0
1340866800,82.348,82.609,82.334,82.558,0
1340870400,82.565,82.811,82.565,82.723,0
1340874000,82.716,82.769,82.659,82.736,0
1340877600,82.74,82.767,82.672,82.727,0
1340881200,82.732,82.748,82.561,82.707,0
1340884800,82.709,82.786,82.675,82.722,0
1340888400,82.723,82.776,82.674,82.716,0
1340892000,82.722,82.823,82.672,82.793,0
1340895600,82.794,82.811,82.709,82.769,0
1340899200,82.764,82.824,82.752,82.805,0
1340902800,82.804,82.867,82.796,82.829,0
1340906400,82.831,82.879,82.798,82.807,0
1340910000,82.801,82.849,82.662,82.693,0
1340913600,82.7,82.745,82.692,82.716,0
1340917200,82.715,82.75,82.708,82.718,0
1340920800,82.726,82.749,82.702,82.711,0
1340924400,82.726,82.747,82.691,82.698,0
1340928000,82.706,82.742,82.629,82.646,0
1340931600,82.648,82.674,82.628,82.631,0
1340935200,82.633,82.649,82.318,82.318,0
1340938800,82.321,82.328,81.816,81.999,0
1340942400,81.998,82.042,81.951,82.036,0
1340946000,82.033,82.078,81.922,81.951,0
1340949600,81.945,82.032,81.857,81.973,0
1340953200,81.99,82.103,81.868,82.072,0
1340956800,82.073,82.156,82.025,82.025,0
1340960400,82.023,82.073,81.99,82.058,0
1340964000,82.057,82.098,81.98,82.019,0
1340967600,82.016,82.047,81.911,81.985,0
1340971200,81.98,81.985,81.43,81.504,0
1340974800,81.503,81.621,81.467,81.559,0
1340978400,81.551,81.556,81.452,81.491,0
1340982000,81.495,81.622,81.491,81.595,0
1340985600,81.592,81.68,81.573,81.671,0
1340989200,81.66,81.666,81.581,81.641,0
1340992800,81.638,81.657,81.61,81.627,0
1340996400,81.631,81.681,81.617,81.675,0
1341000000,81.671,81.721,81.584,81.592,0
1341003600,81.582,81.595,81.566,81.595,0
1341176400,81.525,81.573,81.516,81.563,0
1341180000,81.562,81.664,81.562,81.642,0
1341183600,81.64,81.681,81.606,81.65,0
1341187200,81.653,81.775,81.642,81.758,0
1341190800,81.76,81.786,81.745,81.776,0
1341194400,81.772,81.837,81.769,81.8,0
1341198000,81.798,81.818,81.771,81.782,0
1341201600,81.784,81.794,81.766,81.776,0
1341205200,81.775,81.781,81.739,81.755,0
1341208800,81.759,81.814,81.73,81.748,0
1341212400,81.746,81.8,81.681,81.715,0
1341216000,81.72,81.76,81.628,81.656,0
1341219600,81.658,81.712,81.534,81.698,0
1341223200,81.692,81.781,81.686,81.76,0
1341226800,81.757,81.877,81.718,81.828,0
1341230400,81.82,81.94,81.795,81.826,0
1341234000,81.833,81.859,81.795,81.847,0
1341237600,81.848,81.963,81.809,81.867,0
1341241200,81.875,81.949,81.866,81.882,0
1341244800,81.885,81.901,81.82,81.842,0
1341248400,81.843,81.904,81.823,81.895,0
1341252000,81.893,81.907,81.849,81.87,0
1341255600,81.874,81.905,81.83,81.844,0
1341259200,81.846,81.911,81.842,81.91,0
1341262800,81.913,81.913,81.854,81.855,0
1341266400,81.863,81.879,81.854,81.856,0
1341270000,81.887,81.894,81.864,81.88,0
1341273600,81.881,81.899,81.842,81.889,0
1341277200,81.881,81.916,81.849,81.889,0
1341280800,81.895,81.899,81.839,81.841,0
1341284400,81.838,81.869,81.826,81.835,0
1341288000,81.834,81.852,81.783,81.85,0
1341291600,81.851,81.853,81.806,81.808,0
1341295200,81.809,81.844,81.76,81.799,0
1341298800,81.798,81.931,81.796,81.931,0
1341302400,81.92,81.938,81.801,81.838,0
1341306000,81.847,81.901,81.819,81.888,0
1341309600,81.896,81.949,81.867,81.926,0
1341313200,81.933,81.933,81.869,81.926,0
1341316800,81.921,82.027,81.915,81.97,0
1341320400,81.973,82.01,81.891,81.901,0
1341324000,81.9,81.97,81.783,81.817,0
1341327600,81.814,81.84,81.7,81.724,0
1341331200,81.722,81.82,81.717,81.782,0
1341334800,81.78,81.82,81.77,81.807,0
1341338400,81.812,81.814,81.783,81.783,0
1341342000,81.782,81.802,81.78,81.794,0
1341345600,81.795,81.801,81.775,81.784,0
1341349200,81.783,81.802,81.779,81.799,0
1341352800,81.801,81.821,81.798,81.819,0
1341442800,82.196,82.259,82.195,82.242,0
1341446400,82.247,82.247,82.14,82.162,0
1341450000,82.171,82.226,82.145,82.198,0
1341453600,82.2,82.209,82.161,82.186,0
1341457200,82.181,82.191,82.153,82.173,0
1341460800,82.176,82.176,82.143,82.15,0
1341464400,82.154,82.192,82.127,82.127,0
1341468000,82.128,82.169,82.09,82.107,0
1341471600,82.121,82.199,82.082,82.167,0
1341475200,82.179,82.248,82.136,82.22,0
1341478800,82.221,82.286,82.215,82.273,0
1341482400,82.275,82.298,82.23,82.243,0
1341486000,82.236,82.53,82.123,82.522,0
1341489600,82.521,82.866,82.473,82.782,0
1341493200,82.774,82.949,82.748,82.877,0
1341496800,82.882,82.95,82.785,82.857,0
1341500400,82.858,82.879,82.809,82.831,0
1341504000,82.835,82.836,82.784,82.794,0
1341507600,82.793,82.842,82.778,82.836,0
1341511200,82.835,82.837,82.777,82.813,0
1341514800,82.81,82.842,82.792,82.819,0
1341518400,82.822,82.823,82.781,82.809,0
1341522000,82.811,82.832,82.785,82.813,0
1341525600,82.817,82.832,82.798,82.828,0
1341529200,82.816,82.824,82.788,82.796,0
1341532800,82.801,82.863,82.777,82.859,0
1341536400,82.863,82.893,82.826,82.888,0
1341540000,82.889,82.901,82.854,82.859,0
1341543600,82.856,82.894,82.856,82.875,0
1341547200,82.881,82.881,82.851,82.862,0
1341550800,82.869,82.872,82.832,82.842,0
1341554400,82.84,82.901,82.819,82.887,0
1341558000,82.885,82.93,82.82,82.839,0
1341561600,82.841,82.849,82.75,82.836,0
1341565200,82.832,82.895,82.809,82.868,0
1341568800,82.874,82.908,82.837,82.865,0
1341572400,82.868,82.906,82.846,82.868,0
1341576000,82.871,83.108,82.827,83.084,0
1341579600,83.081,83.181,83.029,83.154,0
1341583200,83.149,83.214,83.113,83.173,0
1341586800,83.17,83.317,83.156,83.317,0
1341590400,83.315,83.396,83.304,83.322,0
1341594000,83.315,83.351,83.29,83.347,0
1341597600,83.35,83.431,83.341,83.377,0
1341601200,83.375,83.392,83.289,83.305,0
1341604800,83.304,83.307,83.213,83.275,0
1341608400,83.287,83.288,83.284,83.285,0
1341781200,83.401,83.417,83.349,83.4,0
1341784800,83.399,83.448,83.341,83.346,0
1341788400,83.334,83.399,83.318,83.352,0
1341792000,83.354,83.361,83.277,83.299,0
1341795600,83.301,83.323,83.237,83.256,0
1341799200,83.255,83.27,83.229,83.256,0
1341802800,83.255,83.312,83.255,83.286,0
1341806400,83.287,83.302,83.267,83.296,0
1341810000,83.298,83.312,83.258,83.263,0
1341813600,83.261,83.315,83.254,83.254,0
1341817200,83.248,83.312,83.181,83.3,0
1341820800,83.301,83.384,83.301,83.364,0
1341824400,83.361,83.379,83.271,83.273,0
1341828000,83.284,83.334,83.162,83.212,0
1341831600,83.21,83.278,83.202,83.257,0
1341835200,83.247,83.276,83.15,83.229,0
1341838800,83.23,83.306,83.225,83.264,0
1341842400,83.261,83.337,83.198,83.206,0
1341846000,83.209,83.247,83.153,83.241,0
1341849600,83.244,83.245,83.114,83.186,0
1341853200,83.188,83.193,83.135,83.159,0
1341856800,83.163,83.197,83.131,83.161,0
1341860400,83.167,83.177,83.108,83.124,0
1341864000,83.126,83.145,83.091,83.142,0
1341867600,83.138,83.161,83.104,83.133,0
1341871200,83.131,83.158,83.116,83.15,0
1341874800,83.109,83.123,83.101,83.119,0
1341878400,83.12,83.221,83.103,83.185,0
1341882000,83.184,83.201,83.155,83.183,0
1341885600,83.186,83.255,83.157,83.248,0
1341889200,83.249,83.293,83.228,83.283,0
1341892800,83.284,83.29,83.263,83.28,0
1341896400,83.276,83.284,83.234,83.252,0
1341900000,83.243,83.262,83.173,83.176,0
1341903600,83.174,83.263,83.174,83.2,0
1341907200,83.197,83.226,83.023,83.067,0
1341910800,83.064,83.081,82.979,83.055,0
1341914400,83.05,83.108,83.038,83.104,0
1341918000,83.106,83.136,83.072,83.125,0
1341921600,83.126,83.34,83.126,83.227,0
1341925200,83.222,83.27,83.125,83.26,0
1341928800,83.258,83.422,83.245,83.377,0
1341932400,83.382,83.486,83.368,83.369,0
1341936000,83.374,83.41,83.353,83.361,0
1341939600,83.358,83.388,83.337,83.356,0
1341943200,83.357,83.43,83.323,83.4,0
1341946800,83.392,83.4,83.354,83.387,0
1341950400,83.388,83.408,83.369,83.395,0
1341954000,83.4,83.412,83.373,83.384,0
1341957600,83.387,83.414,83.387,83.402,0
1341961200,83.4,83.402,83.361,83.365,0
1341964800,83.368,83.389,83.346,83.36,0
1341968400,83.358,83.371,83.325,83.336,0
1341972000,83.339,83.349,83.287,83.308,0
1341975600,83.306,83.361,83.299,83.361,0
1341979200,83.362,83.364,83.319,83.324,0
1341982800,83.33,83.338,83.268,83.283,0
1341986400,83.29,83.336,83.27,83.319,0
1341990000,83.308,83.332,83.221,83.268,0
1341993600,83.272,83.324,83.118,83.155,0
1341997200,83.157,83.236,83.149,83.21,0
1342000800,83.214,83.235,83.105,83.15,0
1342004400,83.149,83.242,83.106,83.235,0
1342008000,83.228,83.294,83.204,83.22,0
1342011600,83.225,83.315,83.184,83.248,0
1342015200,83.247,83.398,83.195,83.39,0
1342018800,83.396,83.533,83.357,83.447,0
1342022400,83.441,83.454,83.371,83.377,0
1342026000,83.38,83.395,83.311,83.335,0
1342029600,83.333,83.61,83.299,83.568,0
1342033200,83.577,83.577,83.427,83.457,0
1342036800,83.456,83.505,83.448,83.485,0
1342040400,83.488,83.502,83.456,83.459,0
1342044000,83.456,83.487,83.456,83.467,0
1342047600,83.448,83.46,83.427,83.432,0
1342051200,83.435,83.493,83.434,83.465,0
1342054800,83.473,83.555,83.459,83.531,0
1342058400,83.53,83.531,83.429,83.459,0
1342062000,83.462,83.521,83.424,83.487,0
1342065600,83.485,83.494,83.423,83.443,0
1342069200,83.445,83.481,83.427,83.479,0
1342072800,83.468,83.534,83.462,83.509,0
1342076400,83.502,83.619,83.491,83.595,0
1342080000,83.597,83.597,83.5,83.572,0
1342083600,83.571,83.598,83.521,83.561,0
1342087200,83.565,83.73,83.558,83.718,0
1342090800,83.715,83.812,83.715,83.756,0
1342094400,83.761,83.824,83.708,83.736,0
1342098000,83.739,83.79,83.695,83.734,0
1342101600,83.731,83.829,83.696,83.772,0
1342105200,83.771,83.777,83.618,83.667,0
1342108800,83.677,83.708,83.662,83.677,0
1342112400,83.682,83.717,83.645,83.69,0
1342116000,83.688,83.741,83.653,83.659,0
1342119600,83.65,83.671,83.578,83.616,0
1342123200,83.623,83.641,83.599,83.629,0
1342126800,83.63,83.662,83.619,83.635,0
1342130400,83.64,83.64,83.596,83.601,0
1342134000,83.613,83.742,83.592,83.707,0
1342137600,83.705,83.716,83.652,83.695,0
1342141200,83.696,83.708,83.598,83.635,0
1342144800,83.627,83.697,83.562,83.65,0
1342148400,83.658,83.66,83.568,83.597,0
1342152000,83.592,83.607,83.564,83.601,0
1342155600,83.598,83.643,83.574,83.625,0
1342159200,83.634,83.679,83.595,83.653,0
1342162800,83.658,83.722,83.607,83.62,0
1342166400,83.621,83.648,83.549,83.585,0
1342170000,83.582,83.615,83.509,83.588,0
1342173600,83.59,83.63,83.544,83.589,0
1342177200,83.588,83.686,83.58,83.618,0
1342180800,83.623,83.749,83.618,83.747,0
1342184400,83.753,83.784,83.34,83.384,0
1342188000,83.377,83.391,83.267,83.324,0
1342191600,83.328,83.42,83.328,83.388,0
1342195200,83.393,83.404,83.321,83.386,0
1342198800,83.391,83.392,83.322,83.349,0
1342202400,83.355,83.384,83.342,83.349,0
1342206000,83.347,83.358,83.301,83.343,0
1342209600,83.342,83.35,83.288,83.288,0
1342213200,83.292,83.305,83.283,83.288,0
1342386000,83.217,83.282,83.196,83.282,0
1342389600,83.276,83.297,83.232,83.253,0
1342393200,83.25,83.304,83.25,83.295,0
1342396800,83.294,83.354,83.294,83.344,0
1342400400,83.348,83.373,83.328,83.351,0
1342404000,83.35,83.364,83.322,83.334,0
1342407600,83.333,83.339,83.305,83.325,0
1342411200,83.324,83.351,83.309,83.344,0
1342414800,83.343,83.358,83.311,83.326,0
1342418400,83.325,83.405,83.307,83.392,0
1342422000,83.389,83.423,83.32,83.394,0
1342425600,83.395,83.504,83.363,83.495,0
1342429200,83.494,83.622,83.477,83.59,0
1342432800,83.589,83.604,83.54,83.591,0
1342436400,83.587,83.597,83.504,83.551,0
1342440000,83.552,83.644,83.322,83.346,0
1342443600,83.336,83.348,83.22,83.306,0
1342447200,83.295,83.423,83.245,83.266,0
1342450800,83.26,83.287,83.094,83.144,0
1342454400,83.145,83.224,83.143,83.173,0
1342458000,83.172,83.208,83.119,83.119,0
1342461600,83.123,83.123,83.021,83.098,0
1342465200,83.101,83.108,83.07,83.097,0
1342468800,83.096,83.131,83.083,83.118,0
1342472400,83.12,83.148,83.108,83.134,0
1342476000,83.133,83.144,83.125,83.144,0
1342479600,83.141,83.162,83.138,83.155,0
1342483200,83.156,83.156,83.067,83.08,0
1342486800,83.078,83.099,82.911,82.998,0
1342490400,82.993,83,82.937,82.998,0
1342494000,82.999,83.021,82.961,82.961,0
1342497600,82.963,83.02,82.963,83.017,0
1342501200,83.018,83.076,83.007,83.059,0
1342504800,83.058,83.103,83.039,83.07,0
1342508400,83.068,83.081,82.949,83.06,0
1342512000,83.062,83.068,82.951,83.025,0
1342515600,83.028,83.093,82.948,83.051,0
1342519200,83.055,83.108,83.016,83.108,0
1342522800,83.109,83.115,83.068,83.089,0
1342526400,83.088,83.166,83.082,83.118,0
1342530000,83.124,83.147,83.075,83.092,0
1342533600,83.097,83.555,83.097,83.424,0
1342537200,83.419,83.431,83.279,83.299,0
1342540800,83.297,83.309,83.158,83.246,0
1342544400,83.249,83.256,83.073,83.129,0
1342548000,83.13,83.134,83.026,83.032,0
1342551600,83.024,83.085,83.012,83.035,0
1342555200,83.032,83.04,82.968,82.979,0
1342558800,82.985,83.047,82.978,83.014,0
1342562400,83.012,83.036,83.011,83.026,0
1342566000,83.034,83.035,82.975,82.976,0
1342569600,82.977,82.998,82.922,82.974,0
1342573200,82.97,82.998,82.949,82.985,0
1342576800,82.983,83.014,82.96,82.983,0
1342580400,82.982,83.039,82.977,83.038,0
1342584000,83.037,83.066,82.999,82.999,0
1342587600,83.008,83.111,83.006,83.069,0
1342591200,83.072,83.091,83.017,83.02,0
1342594800,83.017,83.078,82.973,83.055,0
1342598400,83.056,83.101,83.015,83.049,0
1342602000,83.052,83.305,83.041,83.26,0
1342605600,83.259,83.314,83.195,83.242,0
1342609200,83.253,83.344,83.197,83.242,0
1342612800,83.245,83.329,83.202,83.311,0
1342616400,83.31,83.342,83.096,83.199,0
1342620000,83.197,83.198,83.07,83.085,0
1342623600,83.086,83.147,83.017,83.081,0
1342627200,83.083,83.087,83.011,83.056,0
1342630800,83.057,83.079,83.023,83.076,0
1342634400,83.074,83.107,83.023,83.068,0
1342638000,83.064,83.071,82.943,82.971,0
1342641600,82.973,82.998,82.953,82.966,0
1342645200,82.964,82.998,82.963,82.98,0
1342648800,82.981,83.005,82.963,82.995,0
1342652400,82.988,83.008,82.973,83,0
1342656000,82.998,83.002,82.922,82.936,0
1342659600,82.943,82.962,82.923,82.939,0
1342663200,82.94,82.947,82.866,82.876,0
1342666800,82.877,82.92,82.851,82.906,0
1342670400,82.909,82.928,82.887,82.916,0
1342674000,82.919,82.961,82.905,82.954,0
1342677600,82.956,82.961,82.893,82.914,0
1342681200,82.917,82.93,82.74,82.874,0
1342684800,82.866,83.038,82.852,82.981,0
1342688400,82.976,83.029,82.776,82.806,0
1342692000,82.812,82.86,82.734,82.81,0
1342695600,82.812,82.909,82.772,82.866,0
1342699200,82.862,82.954,82.746,82.928,0
1342702800,82.922,83.147,82.906,83.071,0
1342706400,83.061,83.125,82.943,82.975,0
1342710000,82.981,83.025,82.96,82.993,0
1342713600,82.99,83,82.826,82.898,0
1342717200,82.893,82.975,82.843,82.948,0
1342720800,82.946,82.988,82.867,82.883,0
1342724400,82.884,82.942,82.882,82.892,0
1342728000,82.893,82.903,82.86,82.877,0
1342731600,82.878,82.917,82.866,82.914,0
1342735200,82.92,82.925,82.89,82.895,0
1342738800,82.935,82.949,82.906,82.925,0
1342742400,82.927,83.065,82.918,83.027,0
1342746000,83.015,83.031,82.979,82.985,0
1342749600,82.987,83.019,82.895,82.902,0
1342753200,82.901,82.988,82.868,82.966,0
1342756800,82.967,83.001,82.954,82.99,0
1342760400,82.987,83.051,82.972,83.009,0
1342764000,83.005,83.053,82.983,83.001,0
1342767600,83,83.015,82.919,82.95,0
1342771200,82.954,83.046,82.905,82.988,0
1342774800,82.99,83.083,82.962,83.083,0
1342778400,83.09,83.143,83.074,83.098,0
1342782000,83.103,83.324,83.057,83.293,0
1342785600,83.299,83.335,83.247,83.282,0
1342789200,83.292,83.553,83.289,83.479,0
1342792800,83.481,83.536,83.405,83.433,0
1342796400,83.424,83.441,83.359,83.398,0
1342800000,83.394,83.462,83.386,83.405,0
1342803600,83.403,83.494,83.402,83.487,0
1342807200,83.491,83.518,83.462,83.478,0
1342810800,83.477,83.496,83.446,83.492,0
1342814400,83.491,83.499,83.452,83.494,0
1342818000,83.492,83.5,83.478,83.5,0
1342990800,83.658,83.693,83.622,83.684,0
1342994400,83.685,83.694,83.623,83.665,0
1342998000,83.661,83.677,83.616,83.643,0
1343001600,83.646,83.677,83.614,83.642,0
1343005200,83.64,83.688,83.607,83.627,0
1343008800,83.629,83.729,83.624,83.695,0
1343012400,83.696,83.718,83.675,83.701,0
1343016000,83.697,83.71,83.68,83.692,0
1343019600,83.694,83.734,83.668,83.709,0
1343023200,83.708,83.825,83.707,83.75,0
1343026800,83.751,83.835,83.699,83.792,0
1343030400,83.793,83.798,83.678,83.724,0
1343034000,83.733,83.801,83.704,83.744,0
1343037600,83.745,83.774,83.637,83.639,0
1343041200,83.637,83.781,83.616,83.766,0
1343044800,83.772,83.999,83.757,83.914,0
1343048400,83.916,83.981,83.864,83.92,0
1343052000,83.925,83.961,83.763,83.774,0
1343055600,83.767,83.824,83.706,83.729,0
1343059200,83.727,83.777,83.63,83.685,0
1343062800,83.682,83.753,83.656,83.747,0
1343066400,83.749,83.754,83.7,83.706,0
1343070000,83.705,83.73,83.607,83.652,0
1343073600,83.651,83.769,83.627,83.765,0
1343077200,83.768,83.8,83.706,83.764,0
1343080800,83.768,83.769,83.736,83.751,0
1343084400,83.763,83.763,83.702,83.702,0
1343088000,83.708,83.734,83.655,83.72,0
1343091600,83.717,83.723,83.656,83.674,0
1343095200,83.676,83.717,83.626,83.695,0
1343098800,83.694,83.76,83.681,83.681,0
1343102400,83.683,83.696,83.648,83.682,0
1343106000,83.677,83.74,83.673,83.717,0
1343109600,83.714,83.809,83.711,83.768,0
1343113200,83.771,83.86,83.667,83.812,0
1343116800,83.806,83.807,83.717,83.762,0
1343120400,83.765,83.867,83.752,83.83,0
1343124000,83.827,83.901,83.802,83.849,0
1343127600,83.851,83.867,83.771,83.812,0
1343131200,83.813,83.908,83.807,83.821,0
1343134800,83.823,83.823,83.7,83.763,0
1343138400,83.768,83.882,83.752,83.871,0
1343142000,83.88,84.024,83.855,83.995,0
1343145600,83.999,84.1,83.979,84.047,0
1343149200,84.053,84.082,84.015,84.045,0
1343152800,84.041,84.074,84.005,84.005,0
1343156400,84.006,84.072,83.936,83.952,0
1343160000,83.95,84.035,83.942,84.024,0
1343163600,84.023,84.034,83.986,84.013,0
1343167200,84.011,84.054,84.003,84.017,0
1343170800,83.985,84.015,83.967,84.009,0
1343174400,84.015,84.049,83.991,84.025,0
1343178000,84.024,84.037,83.962,83.986,0
1343181600,83.984,83.992,83.934,83.977,0
1343185200,83.98,83.99,83.927,83.96,0
1343188800,83.961,83.963,83.924,83.937,0
1343192400,83.938,83.992,83.933,83.987,0
1343196000,83.988,84.052,83.95,84.023,0
1343199600,84.016,84.018,83.718,83.863,0
1343203200,83.867,83.926,83.67,83.72,0
1343206800,83.724,83.79,83.593,83.67,0
1343210400,83.669,83.766,83.572,83.632,0
1343214000,83.639,83.693,83.517,83.675,0
1343217600,83.674,83.734,83.53,83.633,0
1343221200,83.637,83.731,83.574,83.703,0
1343224800,83.699,83.798,83.688,83.759,0
1343228400,83.758,83.805,83.705,83.711,0
1343232000,83.713,83.75,83.69,83.73,0
1343235600,83.739,83.739,83.535,83.59,0
1343239200,83.588,83.609,83.503,83.524,0
1343242800,83.53,83.595,83.509,83.567,0
1343246400,83.571,83.614,83.549,83.55,0
1343250000,83.552,83.599,83.524,83.591,0
1343253600,83.598,83.611,83.569,83.59,0
1343257200,83.617,83.674,83.612,83.635,0
1343260800,83.641,83.704,83.625,83.65,0
1343264400,83.651,83.689,83.609,83.657,0
1343268000,83.656,83.667,83.623,83.623,0
1343271600,83.624,83.697,83.617,83.695,0
1343275200,83.693,83.693,83.634,83.642,0
1343278800,83.651,83.656,83.602,83.621,0
1343282400,83.616,83.631,83.543,83.563,0
1343286000,83.559,83.644,83.548,83.579,0
1343289600,83.581,83.726,83.562,83.71,0
1343293200,83.716,83.731,83.635,83.672,0
1343296800,83.673,83.69,83.125,83.164,0
1343300400,83.166,83.171,82.833,82.928,0
1343304000,82.934,82.959,82.655,82.728,0
1343307600,82.72,82.796,82.669,82.755,0
1343311200,82.756,82.817,82.59,82.758,0
1343314800,82.752,82.862,82.713,82.844,0
1343318400,82.856,82.88,82.806,82.867,0
1343322000,82.863,82.869,82.807,82.861,0
1343325600,82.863,82.875,82.795,82.808,0
1343329200,82.81,82.843,82.77,82.806,0
1343332800,82.805,82.847,82.802,82.833,0
1343336400,82.834,82.858,82.808,82.845,0
1343340000,82.844,82.85,82.821,82.824,0
1343343600,82.84,82.877,82.836,82.868,0
1343347200,82.87,82.905,82.854,82.888,0
1343350800,82.887,82.906,82.854,82.872,0
1343354400,82.87,82.875,82.788,82.791,0
1343358000,82.79,82.815,82.78,82.808,0
1343361600,82.805,82.814,82.776,82.787,0
1343365200,82.791,82.808,82.762,82.764,0
1343368800,82.765,82.791,82.676,82.755,0
1343372400,82.764,82.888,82.761,82.877,0
1343376000,82.872,83.012,82.852,82.977,0
1343379600,82.976,82.992,82.752,82.879,0
1343383200,82.874,82.902,82.656,82.666,0
1343386800,82.663,82.803,82.644,82.75,0
1343390400,82.741,82.921,82.596,82.866,0
1343394000,82.861,82.861,82.497,82.507,0
1343397600,82.498,82.503,82.398,82.488,0
1343401200,82.481,82.557,82.455,82.469,0
1343404800,82.466,82.531,82.447,82.513,0
1343408400,82.519,82.688,82.343,82.662,0
1343412000,82.656,82.858,82.652,82.709,0
1343415600,82.702,82.743,82.616,82.743,0
1343419200,82.738,82.738,82.611,82.612,0
1343422800,82.624,82.635,82.604,82.609,0
1343595600,82.738,82.745,82.685,82.719,0
1343599200,82.721,82.746,82.679,82.683,0
1343602800,82.687,82.731,82.687,82.727,0
1343606400,82.724,82.765,82.707,82.747,0
1343610000,82.754,82.812,82.739,82.804,0
1343613600,82.807,82.807,82.754,82.791,0
1343617200,82.789,82.801,82.747,82.753,0
1343620800,82.752,82.795,82.75,82.78,0
1343624400,82.785,82.786,82.74,82.753,0
1343628000,82.752,82.851,82.73,82.851,0
1343631600,82.84,82.867,82.727,82.743,0
1343635200,82.751,82.888,82.726,82.845,0
1343638800,82.839,82.888,82.711,82.792,0
1343642400,82.791,82.856,82.756,82.818,0
1343646000,82.817,82.882,82.769,82.866,0
1343649600,82.871,82.991,82.856,82.918,0
1343653200,82.913,82.977,82.848,82.861,0
1343656800,82.863,82.956,82.827,82.886,0
1343660400,82.894,82.916,82.836,82.874,0
1343664000,82.869,82.885,82.817,82.824,0
1343667600,82.818,82.871,82.816,82.863,0
1343671200,82.866,82.87,82.793,82.794,0
1343674800,82.79,82.839,82.786,82.818,0
1343678400,82.807,82.835,82.79,82.793,0
1343682000,82.799,82.834,82.783,82.828,0
1343685600,82.826,82.839,82.798,82.831,0
1343689200,82.805,82.813,82.777,82.79,0
1343692800,82.792,82.811,82.767,82.789,0
1343696400,82.79,82.802,82.705,82.724,0
1343700000,82.729,82.744,82.657,82.658,0
1343703600,82.661,82.701,82.652,82.67,0
1343707200,82.672,82.718,82.664,82.688,0
1343710800,82.691,82.77,82.671,82.755,0
1343714400,82.762,82.823,82.73,82.762,0
1343718000,82.765,82.828,82.728,82.818,0
1343721600,82.823,82.888,82.762,82.849,0
1343725200,82.843,82.869,82.745,82.759,0
1343728800,82.738,82.757,82.638,82.731,0
1343732400,82.739,82.789,82.731,82.761,0
1343736000,82.759,82.785,82.586,82.71,0
1343739600,82.703,82.827,82.653,82.739,0
1343743200,82.738,82.834,82.591,82.591,0
1343746800,82.595,82.62,82.505,82.578,0
1343750400,82.584,82.651,82.582,82.643,0
1343754000,82.647,82.654,82.599,82.653,0
1343757600,82.647,82.717,82.617,82.635,0
1343761200,82.629,82.659,82.598,82.648,0
1343764800,82.646,82.673,82.639,82.658,0
1343768400,82.654,82.689,82.635,82.672,0
1343772000,82.674,82.696,82.669,82.694,0
1343775600,82.705,82.718,82.686,82.707,0
1343779200,82.71,82.716,82.685,82.711,0
1343782800,82.712,82.753,82.703,82.71,0
1343786400,82.706,82.716,82.648,82.668,0
1343790000,82.663,82.68,82.659,82.672,0
1343793600,82.674,82.705,82.669,82.693,0
1343797200,82.696,82.704,82.587,82.595,0
1343800800,82.592,82.631,82.585,82.613,0
1343804400,82.606,82.613,82.482,82.566,0
1343808000,82.569,82.723,82.515,82.602,0
1343811600,82.611,82.643,82.569,82.598,0
1343815200,82.597,82.639,82.561,82.627,0
1343818800,82.628,82.675,82.6,82.627,0
1343822400,82.623,82.753,82.619,82.666,0
1343826000,82.662,82.662,82.584,82.654,0
1343829600,82.653,82.74,82.572,82.713,0
1343833200,82.714,82.737,82.667,82.705,0
1343836800,82.706,82.728,82.68,82.694,0
1343840400,82.695,82.705,82.639,82.681,0
1343844000,82.688,83.127,82.671,83.058,0
1343847600,83.062,83.159,83.022,83.143,0
1343851200,83.14,83.141,83.11,83.12,0
1343854800,83.131,83.14,83.092,83.107,0
1343858400,83.108,83.111,83.078,83.081,0
1343862000,83.058,83.059,83.016,83.051,0
1343865600,83.052,83.169,83.05,83.101,0
1343869200,83.096,83.119,83.068,83.099,0
1343872800,83.097,83.102,83.02,83.037,0
1343876400,83.038,83.048,82.996,83.023,0
1343880000,83.022,83.033,82.978,82.998,0
1343883600,83.001,83.023,82.977,82.995,0
1343887200,82.987,83.063,82.968,83.007,0
1343890800,83.01,83.052,82.941,82.957,0
1343894400,82.952,82.998,82.87,82.911,0
1343898000,82.906,82.93,82.756,82.821,0
1343901600,82.824,82.903,82.787,82.858,0
1343905200,82.86,82.935,82.706,82.752,0
1343908800,82.746,83.209,82.198,83.12,0
1343912400,83.146,83.308,83.089,83.095,0
1343916000,83.081,83.372,83.058,83.372,0
1343919600,83.379,83.508,83.374,83.464,0
1343923200,83.467,83.503,83.395,83.398,0
1343926800,83.393,83.442,83.373,83.403,0
1343930400,83.402,83.408,83.305,83.361,0
1343934000,83.357,83.377,83.314,83.321,0
1343937600,83.324,83.341,83.295,83.318,0
1343941200,83.323,83.361,83.287,83.306,0
1343944800,83.312,83.353,83.31,83.336,0
1343948400,83.326,83.331,83.293,83.321,0
1343952000,83.326,83.373,83.308,83.323,0
1343955600,83.317,83.35,83.292,83.309,0
1343959200,83.317,83.345,83.302,83.338,0
1343962800,83.332,83.34,83.302,83.32,0
1343966400,83.32,83.337,83.314,83.326,0
1343970000,83.329,83.336,83.247,83.261,0
1343973600,83.262,83.315,83.212,83.214,0
1343977200,83.215,83.24,83.163,83.187,0
1343980800,83.169,83.178,83.1,83.119,0
1343984400,83.121,83.126,82.956,83.011,0
1343988000,83.005,83.02,82.748,82.75,0
1343991600,82.757,82.894,82.735,82.888,0
1343995200,82.895,83.139,82.849,82.957,0
1343998800,82.953,83.027,82.606,82.643,0
1344002400,82.65,82.717,82.532,82.563,0
1344006000,82.56,82.562,82.293,82.319,0
1344009600,82.317,82.4,82.299,82.387,0
1344013200,82.399,82.412,82.344,82.395,0
1344016800,82.396,82.408,82.348,82.373,0
1344020400,82.375,82.401,82.358,82.372,0
1344024000,82.369,82.398,82.314,82.325,0
1344027600,82.323,82.333,82.313,82.315,0
1344200400,82.324,82.333,82.295,82.3,0
1344204000,82.304,82.362,82.296,82.331,0
1344207600,82.333,82.356,82.08,82.158,0
1344211200,82.156,82.256,82.156,82.25,0
1344214800,82.255,82.344,82.251,82.279,0
1344218400,82.278,82.314,82.236,82.288,0
1344222000,82.29,82.331,82.278,82.325,0
1344225600,82.327,82.337,82.308,82.309,0
1344229200,82.308,82.395,82.298,82.39,0
1344232800,82.384,82.411,82.337,82.394,0
1344236400,82.395,82.506,82.395,82.454,0
1344240000,82.457,82.573,82.417,82.46,0
1344243600,82.462,82.496,82.394,82.459,0
1344247200,82.461,82.53,82.451,82.504,0
1344250800,82.506,82.538,82.333,82.371,0
1344254400,82.37,82.412,82.309,82.34,0
1344258000,82.337,82.42,82.281,82.293,0
1344261600,82.297,82.374,82.178,82.178,0
1344265200,82.176,82.186,82.087,82.139,0
1344268800,82.132,82.211,82.111,82.183,0
1344272400,82.181,82.26,82.174,82.25,0
1344276000,82.248,82.302,82.21,82.266,0
1344279600,82.267,82.27,82.157,82.253,0
1344283200,82.263,82.278,82.214,82.254,0
1344286800,82.253,82.277,82.237,82.27,0
1344290400,82.272,82.304,82.261,82.28,0
1344294000,82.32,82.34,82.299,82.315,0
1344297600,82.31,82.318,82.288,82.292,0
1344301200,82.294,82.303,82.233,82.254,0
1344304800,82.256,82.276,82.233,82.251,0
1344308400,82.254,82.286,82.245,82.257,0
1344312000,82.256,82.305,82.232,82.294,0
1344315600,82.302,82.334,82.284,82.315,0
1344319200,82.314,82.397,82.312,82.326,0
1344322800,82.323,82.34,82.103,82.137,0
1344326400,82.141,82.247,82.135,82.213,0
1344330000,82.212,82.265,82.194,82.218,0
1344333600,82.221,82.236,82.101,82.159,0
1344337200,82.158,82.173,82.081,82.114,0
1344340800,82.121,82.187,82.041,82.163,0
1344344400,82.165,82.17,82.07,82.122,0
1344348000,82.123,82.207,82.099,82.182,0
1344351600,82.177,82.194,82.144,82.167,0
1344355200,82.171,82.198,82.142,82.19,0
1344358800,82.191,82.205,82.165,82.184,0
1344362400,82.187,82.258,82.173,82.21,0
1344366000,82.215,82.299,82.215,82.287,0
1344369600,82.289,82.296,82.253,82.282,0
1344373200,82.275,82.31,82.21,82.287,0
1344376800,82.289,82.323,82.285,82.315,0
1344380400,82.315,82.361,82.308,82.357,0
1344384000,82.356,82.383,82.286,82.303,0
1344387600,82.307,82.327,82.267,82.27,0
1344391200,82.269,82.292,82.258,82.288,0
1344394800,82.292,82.302,82.278,82.278,0
1344398400,82.284,82.347,82.271,82.339,0
1344402000,82.342,82.347,82.273,82.283,0
1344405600,82.281,82.448,82.278,82.424,0
1344409200,82.42,82.437,82.358,82.398,0
1344412800,82.394,82.421,82.28,82.31,0
1344416400,82.309,82.43,82.268,82.391,0
1344420000,82.392,82.426,82.31,82.388,0
1344423600,82.4,82.428,82.317,82.425,0
1344427200,82.414,82.528,82.395,82.499,0
1344430800,82.5,82.527,82.431,82.46,0
1344434400,82.456,82.466,82.346,82.362,0
1344438000,82.361,82.371,82.261,82.339,0
1344441600,82.338,82.356,82.309,82.324,0
1344445200,82.321,82.398,82.317,82.386,0
1344448800,82.391,82.432,82.367,82.394,0
1344452400,82.396,82.411,82.347,82.368,0
1344456000,82.365,82.395,82.322,82.325,0
1344459600,82.328,82.353,82.324,82.342,0
1344463200,82.343,82.35,82.337,82.346,0
1344466800,82.325,82.336,82.297,82.297,0
1344470400,82.298,82.313,82.28,82.296,0
1344474000,82.293,82.304,82.234,82.274,0
1344477600,82.266,82.283,82.237,82.242,0
1344481200,82.245,82.282,82.234,82.254,0
1344484800,82.255,82.287,82.237,82.258,0
1344488400,82.259,82.335,82.229,82.309,0
1344492000,82.313,82.333,82.239,82.282,0
1344495600,82.286,82.408,82.26,82.408,0
1344499200,82.412,82.493,82.371,82.466,0
1344502800,82.464,82.487,82.418,82.43,0
1344506400,82.435,82.606,82.435,82.553,0
1344510000,82.546,82.629,82.526,82.583,0
1344513600,82.586,82.665,82.581,82.632,0
1344517200,82.622,82.74,82.617,82.688,0
1344520800,82.676,82.707,82.535,82.595,0
1344524400,82.594,82.789,82.573,82.737,0
1344528000,82.733,82.771,82.712,82.738,0
1344531600,82.728,82.77,82.684,82.695,0
1344535200,82.694,82.707,82.635,82.638,0
1344538800,82.636,82.666,82.625,82.632,0
1344542400,82.631,82.633,82.571,82.581,0
1344546000,82.577,82.638,82.575,82.603,0
1344549600,82.602,82.609,82.586,82.598,0
1344553200,82.636,82.66,82.62,82.65,0
1344556800,82.647,82.66,82.61,82.625,0
1344560400,82.623,82.666,82.62,82.64,0
1344564000,82.638,82.665,82.627,82.643,0
1344567600,82.638,82.702,82.624,82.675,0
1344571200,82.675,82.695,82.651,82.68,0
1344574800,82.679,82.718,82.652,82.703,0
1344578400,82.708,82.709,82.634,82.696,0
1344582000,82.692,82.825,82.68,82.783,0
1344585600,82.782,82.784,82.709,82.716,0
1344589200,82.72,82.785,82.709,82.719,0
1344592800,82.709,82.775,82.707,82.742,0
1344596400,82.74,82.775,82.736,82.765,0
1344600000,82.763,82.819,82.737,82.743,0
1344603600,82.758,82.87,82.717,82.754,0
1344607200,82.751,82.763,82.435,82.441,0
1344610800,82.44,82.577,82.435,82.527,0
1344614400,82.532,82.572,82.508,82.549,0
1344618000,82.554,82.578,82.531,82.536,0
1344621600,82.535,82.56,82.533,82.553,0
1344625200,82.546,82.563,82.505,82.532,0
1344628800,82.542,82.573,82.533,82.56,0
1344632400,82.558,82.562,82.548,82.556,0
1344805200,82.562,82.586,82.554,82.584,0
1344808800,82.578,82.583,82.556,82.58,0
1344812400,82.581,82.64,82.574,82.638,0
1344816000,82.639,82.676,82.624,82.664,0
1344819600,82.666,82.706,82.546,82.574,0
1344823200,82.576,82.587,82.513,82.545,0
1344826800,82.544,82.585,82.528,82.571,0
1344830400,82.573,82.592,82.537,82.553,0
1344834000,82.558,82.607,82.546,82.607,0
1344837600,82.617,82.667,82.596,82.614,0
1344841200,82.616,82.641,82.548,82.629,0
1344844800,82.628,82.65,82.553,82.554,0
1344848400,82.552,82.555,82.432,82.495,0
1344852000,82.49,82.518,82.337,82.354,0
1344855600,82.357,82.392,82.267,82.321,0
1344859200,82.316,82.372,82.282,82.293,0
1344862800,82.29,82.382,82.22,82.234,0
1344866400,82.24,82.373,82.22,82.327,0
1344870000,82.33,82.422,82.32,82.403,0
1344873600,82.404,82.428,82.36,82.392,0
1344877200,82.39,82.474,82.385,82.416,0
1344880800,82.422,82.436,82.378,82.435,0
1344884400,82.429,82.442,82.409,82.414,0
1344888000,82.41,82.441,82.391,82.435,0
1344891600,82.431,82.45,82.419,82.432,0
1344895200,82.433,82.435,82.419,82.427,0
1344898800,82.428,82.472,82.428,82.468,0
1344902400,82.471,82.475,82.385,82.403,0
1344906000,82.393,82.402,82.366,82.378,0
1344909600,82.382,82.415,82.375,82.397,0
1344913200,82.395,82.401,82.368,82.392,0
1344916800,82.395,82.408,82.332,82.332,0
1344920400,82.331,82.344,82.303,82.314,0
1344924000,82.321,82.344,82.274,82.321,0
1344927600,82.319,82.347,82.196,82.245,0
1344931200,82.243,82.298,82.199,82.28,0
1344934800,82.278,82.354,82.266,82.339,0
1344938400,82.331,82.37,82.302,82.354,0
1344942000,82.347,82.406,82.344,82.378,0
1344945600,82.382,82.519,82.321,82.489,0
1344949200,82.484,82.525,82.383,82.459,0
1344952800,82.461,82.56,82.402,82.529,0
1344956400,82.518,82.554,82.468,82.499,0
1344960000,82.497,82.507,82.433,82.462,0
1344963600,82.465,82.518,82.465,82.482,0
1344967200,82.483,82.502,82.462,82.483,0
1344970800,82.486,82.526,82.476,82.508,0
1344974400,82.507,82.547,82.501,82.536,0
1344978000,82.529,82.548,82.522,82.544,0
1344981600,82.546,82.557,82.538,82.55,0
1344985200,82.523,82.556,82.523,82.529,0
1344988800,82.53,82.551,82.497,82.549,0
1344992400,82.547,82.567,82.521,82.536,0
1344996000,82.535,82.553,82.519,82.541,0
1344999600,82.534,82.548,82.526,82.531,0
1345003200,82.532,82.55,82.514,82.515,0
1345006800,82.517,82.545,82.512,82.52,0
1345010400,82.521,82.542,82.463,82.523,0
1345014000,82.518,82.598,82.49,82.576,0
1345017600,82.581,82.582,82.486,82.498,0
1345021200,82.497,82.618,82.47,82.597,0
1345024800,82.6,82.751,82.598,82.694,0
1345028400,82.701,82.761,82.666,82.755,0
1345032000,82.753,82.782,82.637,82.651,0
1345035600,82.65,82.709,82.619,82.676,0
1345039200,82.675,82.779,82.67,82.679,0
1345042800,82.677,82.695,82.637,82.659,0
1345046400,82.662,82.704,82.656,82.681,0
1345050000,82.682,82.701,82.662,82.675,0
1345053600,82.674,82.68,82.645,82.645,0
1345057200,82.653,82.672,82.625,82.665,0
1345060800,82.664,82.674,82.647,82.663,0
1345064400,82.666,82.685,82.645,82.675,0
1345068000,82.679,82.703,82.678,82.687,0
1345071600,82.679,82.683,82.663,82.671,0
1345075200,82.676,82.68,82.605,82.611,0
1345078800,82.609,82.666,82.604,82.664,0
1345082400,82.663,82.685,82.652,82.682,0
1345086000,82.681,82.765,82.674,82.742,0
1345089600,82.739,82.792,82.732,82.763,0
1345093200,82.761,82.795,82.739,82.751,0
1345096800,82.759,82.881,82.753,82.837,0
1345100400,82.836,82.853,82.787,82.839,0
1345104000,82.838,82.846,82.709,82.742,0
1345107600,82.746,82.799,82.723,82.774,0
1345111200,82.771,82.8,82.729,82.741,0
1345114800,82.745,82.753,82.7,82.745,0
1345118400,82.742,82.76,82.513,82.538,0
1345122000,82.516,82.559,82.45,82.516,0
1345125600,82.52,82.549,82.337,82.369,0
1345129200,82.365,82.407,82.349,82.39,0
1345132800,82.393,82.409,82.343,82.372,0
1345136400,82.374,82.379,82.316,82.342,0
1345140000,82.341,82.364,82.316,82.357,0
1345143600,82.353,82.399,82.35,82.395,0
1345147200,82.393,82.41,82.374,82.384,0
1345150800,82.397,82.411,82.357,82.387,0
1345154400,82.389,82.398,82.38,82.389,0
1345158000,82.378,82.385,82.362,82.374,0
1345161600,82.378,82.423,82.373,82.399,0
1345165200,82.404,82.41,82.368,82.399,0
1345168800,82.396,82.436,82.392,82.429,0
1345172400,82.426,82.463,82.421,82.449,0
1345176000,82.442,82.502,82.441,82.461,0
1345179600,82.465,82.478,82.44,82.459,0
1345183200,82.457,82.464,82.342,82.363,0
1345186800,82.369,82.491,82.365,82.482,0
1345190400,82.486,82.486,82.357,82.384,0
1345194000,82.379,82.4,82.323,82.378,0
1345197600,82.381,82.454,82.354,82.422,0
1345201200,82.421,82.512,82.408,82.497,0
1345204800,82.503,82.551,82.423,82.444,0
1345208400,82.44,82.611,82.406,82.576,0
1345212000,82.566,82.759,82.556,82.718,0
1345215600,82.72,82.723,82.618,82.627,0
1345219200,82.632,82.654,82.587,82.62,0
1345222800,82.619,82.628,82.585,82.613,0
1345226400,82.621,82.63,82.585,82.596,0
1345230000,82.598,82.629,82.501,82.552,0
1345233600,82.55,82.607,82.528,82.547,0
1345237200,82.545,82.555,82.54,82.54,0
1345240800,82.538,82.538,82.538,82.538,0
1345420800,82.59,82.593,82.565,82.578,0
1345424400,82.575,82.626,82.574,82.587,0
1345428000,82.586,82.604,82.522,82.548,0
1345431600,82.545,82.561,82.522,82.546,0
1345435200,82.547,82.568,82.521,82.534,0
1345438800,82.531,82.563,82.528,82.541,0
1345442400,82.543,82.549,82.411,82.432,0
1345446000,82.435,82.476,82.379,82.443,0
1345449600,82.441,82.471,82.414,82.446,0
1345453200,82.441,82.515,82.375,82.486,0
1345456800,82.478,82.616,82.478,82.58,0
1345460400,82.593,82.708,82.59,82.663,0
1345464000,82.665,82.72,82.635,82.654,0
1345467600,82.651,82.687,82.58,82.617,0
1345471200,82.62,82.624,82.483,82.485,0
1345474800,82.479,82.508,82.458,82.485,0
1345478400,82.488,82.503,82.47,82.488,0
1345482000,82.487,82.492,82.456,82.488,0
1345485600,82.484,82.496,82.449,82.456,0
1345489200,82.461,82.486,82.439,82.445,0
1345492800,82.454,82.484,82.445,82.465,0
1345496400,82.472,82.495,82.447,82.476,0
1345500000,82.481,82.482,82.451,82.455,0
1345503600,82.431,82.442,82.414,82.43,0
1345507200,82.435,82.446,82.418,82.433,0
1345510800,82.435,82.467,82.396,82.401,0
1345514400,82.403,82.425,82.396,82.402,0
1345518000,82.409,82.42,82.395,82.416,0
1345521600,82.414,82.426,82.367,82.377,0
1345525200,82.377,82.392,82.356,82.372,0
1345528800,82.38,82.391,82.276,82.342,0
1345532400,82.35,82.372,82.114,82.176,0
1345536000,82.17,82.17,82.097,82.154,0
1345539600,82.145,82.16,82.109,82.148,0
1345543200,82.144,82.144,82.052,82.1,0
1345546800,82.096,82.138,82.072,82.081,0
1345550400,82.079,82.117,81.903,81.939,0
1345554000,81.94,81.956,81.859,81.874,0
1345557600,81.871,81.916,81.826,81.826,0
1345561200,81.83,81.9,81.793,81.884,0
1345564800,81.886,81.916,81.858,81.859,0
1345568400,81.858,81.888,81.834,81.855,0
1345572000,81.856,81.918,81.855,81.907,0
1345575600,81.909,81.957,81.906,81.928,0
1345579200,81.93,81.932,81.872,81.888,0
1345582800,81.886,81.907,81.872,81.89,0
1345586400,81.892,81.914,81.891,81.91,0
1345590000,81.913,81.935,81.867,81.874,0
1345593600,81.877,81.93,81.873,81.897,0
1345597200,81.896,81.941,81.892,81.933,0
1345600800,81.935,81.964,81.921,81.932,0
1345604400,81.934,81.972,81.916,81.948,0
1345608000,81.961,81.961,81.901,81.909,0
1345611600,81.916,81.962,81.91,81.954,0
1345615200,81.949,81.988,81.926,81.934,0
1345618800,81.932,82.013,81.932,81.951,0
1345622400,81.952,81.962,81.849,81.88,0
1345626000,81.879,81.937,81.876,81.918,0
1345629600,81.926,81.994,81.886,81.994,0
1345633200,81.991,82.034,81.985,81.994,0
1345636800,81.992,82.121,81.98,82.05,0
1345640400,82.058,82.092,81.854,81.876,0
1345644000,81.883,81.963,81.85,81.931,0
1345647600,81.932,81.969,81.82,81.896,0
1345651200,81.901,81.944,81.88,81.924,0
1345654800,81.93,81.942,81.887,81.895,0
1345658400,81.894,81.894,81.453,81.486,0
1345662000,81.487,81.572,81.46,81.544,0
1345665600,81.538,81.588,81.506,81.509,0
1345669200,81.511,81.533,81.486,81.496,0
1345672800,81.498,81.517,81.477,81.509,0
1345676400,81.461,81.495,81.46,81.468,0
1345680000,81.471,81.512,81.45,81.47,0
1345683600,81.469,81.474,81.368,81.41,0
1345687200,81.412,81.486,81.395,81.431,0
1345690800,81.433,81.44,81.386,81.391,0
1345694400,81.384,81.448,81.371,81.442,0
1345698000,81.438,81.469,81.404,81.469,0
1345701600,81.461,81.492,81.32,81.32,0
1345705200,81.321,81.389,81.284,81.376,0
1345708800,81.381,81.48,81.348,81.421,0
1345712400,81.422,81.447,81.356,81.373,0
1345716000,81.37,81.444,81.365,81.409,0
1345719600,81.406,81.487,81.393,81.446,0
1345723200,81.449,81.458,81.324,81.433,0
1345726800,81.437,81.485,81.409,81.447,0
1345730400,81.456,81.473,81.238,81.241,0
1345734000,81.243,81.308,81.221,81.272,0
1345737600,81.278,81.317,81.268,81.308,0
1345741200,81.309,81.384,81.294,81.356,0
1345744800,81.357,81.368,81.33,81.359,0
1345748400,81.356,81.384,81.34,81.374,0
1345752000,81.379,81.386,81.361,81.361,0
1345755600,81.363,81.384,81.353,81.372,0
1345759200,81.371,81.375,81.346,81.368,0
1345762800,81.406,81.418,81.397,81.399,0
1345766400,81.4,81.43,81.372,81.409,0
1345770000,81.408,81.423,81.358,81.409,0
1345773600,81.41,81.414,81.38,81.4,0
1345777200,81.398,81.412,81.379,81.394,0
1345780800,81.393,81.425,81.387,81.404,0
1345784400,81.405,81.424,81.368,81.38,0
1345788000,81.387,81.493,81.376,81.446,0
1345791600,81.444,81.559,81.438,81.531,0
1345795200,81.525,81.53,81.423,81.454,0
1345798800,81.461,81.495,81.408,81.478,0
1345802400,81.481,81.575,81.467,81.523,0
1345806000,81.527,81.637,81.506,81.599,0
1345809600,81.605,81.716,81.525,81.648,0
1345813200,81.646,81.691,81.608,81.64,0
1345816800,81.646,81.654,81.553,81.591,0
1345820400,81.595,81.6,81.38,81.523,0
1345824000,81.524,81.535,81.486,81.5,0
1345827600,81.502,81.525,81.493,81.498,0
1345831200,81.503,81.611,81.485,81.593,0
1345834800,81.589,81.625,81.581,81.615,0
1345838400,81.621,81.643,81.605,81.618,0
1345842000,81.619,81.627,81.593,81.593,0
1345845600,81.621,81.621,81.617,81.617,0
1346014800,81.615,81.641,81.61,81.626,0
1346018400,81.623,81.623,81.573,81.576,0
1346022000,81.574,81.664,81.557,81.662,0
1346025600,81.665,81.679,81.606,81.634,0
1346029200,81.635,81.702,81.601,81.653,0
1346032800,81.658,81.684,81.629,81.636,0
1346036400,81.638,81.653,81.63,81.638,0
1346040000,81.635,81.644,81.624,81.633,0
1346043600,81.635,81.683,81.628,81.661,0
1346047200,81.657,81.698,81.637,81.694,0
1346050800,81.692,81.718,81.578,81.586,0
1346054400,81.582,81.598,81.502,81.557,0
1346058000,81.546,81.603,81.532,81.594,0
1346061600,81.601,81.604,81.511,81.528,0
1346065200,81.532,81.576,81.518,81.576,0
1346068800,81.571,81.574,81.489,81.537,0
1346072400,81.536,81.617,81.522,81.603,0
1346076000,81.602,81.613,81.551,81.587,0
1346079600,81.592,81.6,81.549,81.588,0
1346083200,81.586,81.608,81.568,81.604,0
1346086800,81.606,81.624,81.59,81.614,0
1346090400,81.613,81.664,81.601,81.658,0
1346094000,81.654,81.697,81.652,81.693,0
1346097600,81.681,81.701,81.671,81.682,0
1346101200,81.675,81.693,81.658,81.69,0
1346104800,81.684,81.687,81.646,81.648,0
1346108400,81.666,81.676,81.648,81.672,0
1346112000,81.674,81.753,81.661,81.753,0
1346115600,81.752,81.823,81.744,81.781,0
1346119200,81.782,81.786,81.743,81.748,0
1346122800,81.746,81.758,81.731,81.741,0
1346126400,81.74,81.76,81.685,81.702,0
1346130000,81.708,81.714,81.648,81.655,0
1346133600,81.661,81.741,81.661,81.715,0
1346137200,81.711,81.746,81.593,81.611,0
1346140800,81.607,81.635,81.502,81.511,0
1346144400,81.507,81.507,81.371,81.434,0
1346148000,81.437,81.472,81.395,81.472,0
1346151600,81.471,81.504,81.428,81.435,0
1346155200,81.429,81.471,81.37,81.434,0
1346158800,81.431,81.462,81.288,81.396,0
1346162400,81.403,81.403,81.291,81.312,0
1346166000,81.311,81.357,81.264,81.334,0
1346169600,81.337,81.352,81.307,81.31,0
1346173200,81.308,81.336,81.291,81.33,0
1346176800,81.333,81.37,81.312,81.37,0
1346180400,81.365,81.372,81.327,81.334,0
1346184000,81.335,81.36,81.331,81.352,0
1346187600,81.356,81.374,81.346,81.362,0
1346191200,81.36,81.38,81.35,81.373,0
1346194800,81.372,81.377,81.341,81.345,0
1346198400,81.343,81.405,81.343,81.393,0
1346202000,81.395,81.433,81.38,81.416,0
1346205600,81.423,81.423,81.392,81.414,0
1346209200,81.41,81.427,81.403,81.422,0
1346212800,81.42,81.437,81.405,81.413,0
1346216400,81.416,81.425,81.362,81.405,0
1346220000,81.402,81.445,81.364,81.418,0
1346223600,81.417,81.528,81.417,81.487,0
1346227200,81.493,81.493,81.348,81.416,0
1346230800,81.409,81.428,81.338,81.419,0
1346234400,81.423,81.438,81.4,81.424,0
1346238000,81.423,81.525,81.412,81.47,0
1346241600,81.472,81.48,81.356,81.421,0
1346245200,81.412,81.552,81.384,81.543,0
1346248800,81.535,81.589,81.498,81.562,0
1346252400,81.559,81.564,81.45,81.505,0
1346256000,81.5,81.559,81.483,81.55,0
1346259600,81.551,81.559,81.515,81.532,0
1346263200,81.533,81.564,81.525,81.549,0
1346266800,81.551,81.565,81.537,81.541,0
1346270400,81.544,81.571,81.541,81.55,0
1346274000,81.549,81.56,81.536,81.543,0
1346277600,81.536,81.554,81.535,81.547,0
1346284800,81.56,81.586,81.548,81.558,0
1346288400,81.559,81.566,81.514,81.529,0
1346292000,81.531,81.54,81.499,81.522,0
1346295600,81.518,81.523,81.495,81.512,0
1346299200,81.513,81.527,81.501,81.525,0
1346302800,81.527,81.531,81.409,81.438,0
1346306400,81.439,81.494,81.423,81.471,0
1346310000,81.465,81.525,81.448,81.463,0
1346313600,81.462,81.503,81.432,81.484,0
1346317200,81.475,81.486,81.409,81.469,0
1346320800,81.471,81.537,81.456,81.488,0
1346324400,81.484,81.506,81.451,81.488,0
1346328000,81.493,81.523,81.397,81.454,0
1346331600,81.456,81.485,81.407,81.445,0
1346335200,81.442,81.75,81.399,81.696,0
1346338800,81.699,81.716,81.66,81.716,0
1346342400,81.718,81.75,81.696,81.703,0
1346346000,81.704,81.754,81.704,81.736,0
1346349600,81.734,81.737,81.676,81.691,0
1346353200,81.698,81.698,81.646,81.685,0
1346356800,81.688,81.717,81.679,81.699,0
1346360400,81.698,81.708,81.674,81.697,0
1346364000,81.698,81.719,81.686,81.718,0
1346367600,81.683,81.686,81.661,81.671,0
1346371200,81.672,81.693,81.647,81.651,0
1346374800,81.657,81.657,81.617,81.637,0
1346378400,81.632,81.651,81.617,81.619,0
1346382000,81.62,81.632,81.596,81.614,0
1346385600,81.611,81.625,81.593,81.62,0
1346389200,81.621,81.712,81.621,81.691,0
1346392800,81.698,81.719,81.625,81.65,0
1346396400,81.649,81.681,81.611,81.636,0
1346400000,81.637,81.64,81.467,81.467,0
1346403600,81.473,81.473,81.324,81.417,0
1346407200,81.418,81.42,81.26,81.309,0
1346410800,81.316,81.336,81.254,81.262,0
1346414400,81.268,81.279,81.036,81.096,0
1346418000,81.095,81.203,81.063,81.16,0
1346421600,81.158,81.351,80.964,81.125,0
1346425200,81.121,81.24,81.094,81.233,0
1346428800,81.238,81.324,81.232,81.27,0
1346432400,81.263,81.317,81.242,81.278,0
1346436000,81.268,81.277,81.2,81.208,0
1346439600,81.223,81.26,81.212,81.221,0
1346443200,81.231,81.272,81.191,81.259,0
1346446800,81.256,81.258,81.237,81.245,0
1346713200,81.233,81.244,81.228,81.235,0
1346716800,81.236,81.259,81.197,81.207,0
1346720400,81.205,81.216,81.107,81.128,0
1346724000,81.127,81.134,81.054,81.097,0
1346727600,81.092,81.106,81.084,81.097,0
1346731200,81.095,81.14,81.075,81.136,0
1346734800,81.135,81.143,81.085,81.121,0
1346738400,81.118,81.146,81.05,81.082,0
1346742000,81.086,81.139,81.067,81.103,0
1346745600,81.108,81.179,81.092,81.155,0
1346749200,81.16,81.184,81.126,81.153,0
1346752800,81.155,81.265,81.128,81.246,0
1346756400,81.256,81.258,81.187,81.202,0
1346760000,81.201,81.317,81.178,81.315,0
1346763600,81.322,81.363,81.276,81.305,0
1346767200,81.298,81.339,81.191,81.337,0
1346770800,81.344,81.369,81.309,81.327,0
1346774400,81.329,81.365,81.307,81.351,0
1346778000,81.362,81.374,81.346,81.362,0
1346781600,81.369,81.382,81.28,81.312,0
1346785200,81.313,81.357,81.3,81.357,0
1346788800,81.349,81.366,81.34,81.346,0
1346792400,81.342,81.355,81.312,81.343,0
1346796000,81.342,81.347,81.328,81.34,0
1346799600,81.382,81.533,81.369,81.499,0
1346803200,81.498,81.54,81.48,81.507,0
1346806800,81.508,81.538,81.454,81.464,0
1346810400,81.459,81.479,81.444,81.468,0
1346814000,81.466,81.495,81.454,81.479,0
1346817600,81.473,81.485,81.446,81.477,0
1346821200,81.476,81.523,81.47,81.474,0
1346824800,81.469,81.564,81.466,81.526,0
1346828400,81.534,81.572,81.484,81.543,0
1346832000,81.54,81.667,81.533,81.602,0
1346835600,81.609,81.613,81.439,81.441,0
1346839200,81.437,81.468,81.4,81.425,0
1346842800,81.42,81.496,81.356,81.412,0
1346846400,81.411,81.426,81.143,81.176,0
1346850000,81.177,81.28,81.139,81.228,0
1346853600,81.223,81.274,81.122,81.207,0
1346857200,81.204,81.221,81.112,81.209,0
1346860800,81.211,81.239,81.189,81.202,0
1346864400,81.206,81.248,81.196,81.239,0
1346868000,81.237,81.264,81.213,81.235,0
1346871600,81.243,81.267,81.231,81.253,0
1346875200,81.263,81.266,81.218,81.234,0
1346878800,81.227,81.237,81.209,81.226,0
1346882400,81.222,81.25,81.208,81.246,0
1346886000,81.251,81.261,81.231,81.232,0
1346889600,81.237,81.261,81.23,81.256,0
1346893200,81.252,81.285,81.176,81.191,0
1346896800,81.189,81.193,81.145,81.178,0
1346900400,81.181,81.222,81.175,81.199,0
1346904000,81.197,81.232,81.197,81.228,0
1346907600,81.229,81.262,81.188,81.199,0
1346911200,81.196,81.205,81.107,81.147,0
1346914800,81.139,81.244,81.136,81.182,0
1346918400,81.185,81.193,81.085,81.171,0
1346922000,81.177,81.225,81.151,81.181,0
1346925600,81.182,81.21,81.13,81.151,0
1346929200,81.155,81.198,81.02,81.071,0
1346932800,81.072,81.368,81.036,81.309,0
1346936400,81.317,81.446,81.233,81.382,0
1346940000,81.383,81.385,81.069,81.113,0
1346943600,81.111,81.165,81.09,81.142,0
1346947200,81.141,81.146,81.082,81.112,0
1346950800,81.116,81.12,81.07,81.084,0
1346954400,81.086,81.106,81.04,81.04,0
1346958000,81.038,81.101,81.038,81.088,0
1346961600,81.082,81.12,81.08,81.113,0
1346965200,81.11,81.12,81.088,81.108,0
1346968800,81.106,81.13,81.101,81.125,0
1346972400,81.139,81.14,81.112,81.124,0
1346976000,81.122,81.138,81.064,81.135,0
1346979600,81.134,81.145,81.104,81.123,0
1346983200,81.127,81.141,81.108,81.118,0
1346986800,81.114,81.133,81.091,81.107,0
1346990400,81.108,81.117,81.085,81.085,0
1346994000,81.095,81.113,81.072,81.088,0
1346997600,81.095,81.108,81.04,81.081,0
1347001200,81.084,81.084,80.88,80.931,0
1347004800,80.934,80.945,80.892,80.938,0
1347008400,80.933,80.956,80.881,80.896,0
1347012000,80.895,80.913,80.84,80.897,0
1347015600,80.891,80.901,80.772,80.813,0
1347019200,80.804,80.825,80.361,80.396,0
1347022800,80.39,80.461,80.351,80.44,0
1347026400,80.444,80.447,80.171,80.171,0
1347030000,80.174,80.288,80.17,80.228,0
1347033600,80.233,80.293,80.23,80.259,0
1347037200,80.256,80.293,80.234,80.261,0
1347040800,80.257,80.283,80.234,80.252,0
1347044400,80.256,80.279,80.208,80.217,0
1347048000,80.21,80.252,80.151,80.171,0
1347051600,80.173,80.179,80.16,80.172,0
1347055200,80.174,80.174,80.17,80.17,0
1347224400,80.185,80.194,80.17,80.188,0
1347228000,80.192,80.243,80.184,80.241,0
1347231600,80.239,80.267,80.233,80.249,0
1347235200,80.251,80.281,80.241,80.276,0
1347238800,80.273,80.3,80.256,80.282,0
1347242400,80.28,80.281,80.243,80.26,0
1347246000,80.261,80.302,80.257,80.288,0
1347249600,80.284,80.314,80.277,80.299,0
1347253200,80.304,80.31,80.275,80.296,0
1347256800,80.295,80.345,80.259,80.302,0
1347260400,80.303,80.311,80.223,80.296,0
1347264000,80.299,80.357,80.285,80.322,0
1347267600,80.323,80.373,80.297,80.32,0
1347271200,80.321,80.353,80.28,80.315,0
1347274800,80.316,80.359,80.287,80.353,0
1347278400,80.346,80.365,80.291,80.329,0
1347282000,80.326,80.377,80.31,80.336,0
1347285600,80.337,80.341,80.256,80.277,0
1347289200,80.278,80.287,80.202,80.235,0
1347292800,80.232,80.295,80.213,80.295,0
1347296400,80.294,80.336,80.251,80.318,0
1347300000,80.311,80.37,80.285,80.357,0
1347303600,80.372,80.426,80.354,80.408,0
1347307200,80.411,80.422,80.387,80.413,0
1347310800,80.412,80.426,80.397,80.407,0
1347314400,80.41,80.413,80.385,80.391,0
1347318000,80.373,80.4,80.368,80.39,0
1347321600,80.394,80.394,80.341,80.374,0
1347325200,80.369,80.387,80.345,80.356,0
1347328800,80.346,80.354,80.233,80.305,0
1347332400,80.303,80.325,80.293,80.31,0
1347336000,80.311,80.348,80.3,80.348,0
1347339600,80.338,80.378,80.332,80.358,0
1347343200,80.356,80.392,80.158,80.186,0
1347346800,80.178,80.225,80.122,80.197,0
1347350400,80.194,80.26,80.147,80.17,0
1347354000,80.166,80.206,80.131,80.189,0
1347357600,80.186,80.226,80.17,80.177,0
1347361200,80.175,80.267,80.169,80.238,0
1347364800,80.244,80.257,80.064,80.082,0
1347368400,80.076,80.094,79.947,79.96,0
1347372000,79.965,80.012,79.856,79.909,0
1347375600,79.917,79.929,79.794,79.858,0
1347379200,79.857,79.861,79.816,79.841,0
1347382800,79.836,79.865,79.822,79.855,0
1347386400,79.853,79.868,79.818,79.857,0
1347390000,79.854,79.875,79.847,79.858,0
1347393600,79.857,79.895,79.852,79.878,0
1347397200,79.875,79.903,79.864,79.896,0
1347400800,79.897,79.905,79.878,79.893,0
1347404400,79.877,79.9,79.872,79.889,0
1347408000,79.89,79.903,79.872,79.892,0
1347411600,79.897,79.934,79.873,79.888,0
1347415200,79.886,79.892,79.837,79.851,0
1347418800,79.85,79.863,79.812,79.855,0
1347422400,79.848,79.855,79.751,79.793,0
1347426000,79.803,79.845,79.789,79.839,0
1347429600,79.837,79.849,79.75,79.807,0
1347433200,79.81,79.883,79.766,79.836,0
1347436800,79.84,79.986,79.658,79.762,0
1347440400,79.764,79.769,79.552,79.56,0
1347444000,79.558,79.614,79.522,79.598,0
1347447600,79.601,79.723,79.58,79.704,0
1347451200,79.705,79.752,79.668,79.695,0
1347454800,79.694,79.766,79.642,79.733,0
1347458400,79.726,79.811,79.662,79.748,0
1347462000,79.751,79.756,79.668,79.731,0
1347465600,79.725,79.758,79.713,79.739,0
1347469200,79.736,79.755,79.699,79.718,0
1347472800,79.714,79.752,79.688,79.737,0
1347476400,79.738,79.752,79.714,79.744,0
1347480000,79.747,79.75,79.689,79.705,0
1347483600,79.703,79.708,79.684,79.698,0
1347487200,79.693,79.711,79.691,79.703,0
1347490800,79.7,79.708,79.681,79.69,0
1347494400,79.688,79.689,79.612,79.616,0
1347498000,79.619,79.666,79.599,79.599,0
1347501600,79.601,79.64,79.586,79.622,0
1347505200,79.626,79.64,79.59,79.596,0
1347508800,79.593,79.608,79.552,79.579,0
1347512400,79.582,79.611,79.562,79.589,0
1347516000,79.592,79.643,79.554,79.632,0
1347519600,79.634,79.674,79.603,79.655,0
1347523200,79.66,79.676,79.578,79.623,0
1347526800,79.624,79.693,79.599,79.69,0
1347530400,79.688,79.708,79.656,79.686,0
1347534000,79.682,79.69,79.646,79.662,0
1347537600,79.661,79.718,79.621,79.679,0
1347541200,79.68,79.762,79.67,79.679,0
1347544800,79.683,79.729,79.634,79.636,0
1347548400,79.634,79.645,79.599,79.613,0
1347552000,79.614,79.826,79.357,79.633,0
1347555600,79.634,79.635,79.331,79.364,0
1347559200,79.371,79.383,79.18,79.262,0
1347562800,79.261,79.308,79.234,79.25,0
1347566400,79.251,79.282,79.234,79.248,0
1347570000,79.245,79.282,79.245,79.26,0
1347573600,79.264,79.304,79.261,79.273,0
1347577200,79.242,79.261,79.234,79.257,0
1347580800,79.259,79.287,79.247,79.27,0
1347584400,79.273,79.273,79.134,79.179,0
1347588000,79.182,79.189,79.145,79.173,0
1347591600,79.172,79.175,79.07,79.084,0
1347595200,79.086,79.113,79.041,79.077,0
1347598800,79.079,79.107,79.009,79.021,0
1347602400,79.026,79.068,78.949,78.986,0
1347606000,78.987,79.111,78.976,79.107,0
1347609600,79.108,79.126,79.064,79.078,0
1347613200,79.077,79.154,78.99,79.001,0
1347616800,79.01,79.02,78.822,78.845,0
1347620400,78.844,78.861,78.729,78.851,0
1347624000,78.853,78.957,78.79,78.893,0
1347627600,78.895,78.906,78.678,78.699,0
1347631200,78.692,78.786,78.601,78.707,0
1347634800,78.708,78.749,78.681,78.743,0
1347638400,78.744,78.815,78.725,78.815,0
1347642000,78.824,78.933,78.811,78.87,0
1347645600,78.873,78.908,78.847,78.847,0
1347649200,78.849,78.874,78.839,78.859,0
1347652800,78.864,78.873,78.821,78.843,0
1347656400,78.845,78.855,78.835,78.835,0
1347829200,78.844,78.854,78.811,78.829,0
1347832800,78.831,78.903,78.827,78.871,0
1347836400,78.869,78.9,78.867,78.882,0
1347840000,78.883,78.918,78.859,78.863,0
1347843600,78.864,78.865,78.792,78.792,0
1347847200,78.791,78.817,78.734,78.817,0
1347850800,78.811,78.831,78.788,78.801,0
1347854400,78.8,78.813,78.777,78.794,0
1347858000,78.798,78.809,78.759,78.792,0
1347861600,78.793,78.873,78.78,78.846,0
1347865200,78.849,78.943,78.842,78.911,0
1347868800,78.924,78.994,78.912,78.946,0
1347872400,78.943,78.988,78.904,78.921,0
1347876000,78.927,78.947,78.854,78.873,0
1347879600,78.866,78.992,78.862,78.972,0
1347883200,78.973,79.036,78.85,78.882,0
1347886800,78.881,78.911,78.719,78.816,0
1347890400,78.81,78.899,78.774,78.843,0
1347894000,78.849,78.914,78.778,78.884,0
1347897600,78.883,78.932,78.858,78.925,0
1347901200,78.922,79.001,78.899,78.978,0
1347904800,78.972,79.044,78.953,79.01,0
1347908400,79.004,79.059,78.976,78.985,0
1347912000,78.982,78.983,78.935,78.941,0
1347915600,78.936,78.958,78.919,78.952,0
1347919200,78.951,78.96,78.929,78.951,0
1347922800,78.96,78.996,78.958,78.969,0
1347926400,78.97,79.02,78.958,79.02,0
1347930000,79.013,79.027,78.94,78.955,0
1347933600,78.953,78.985,78.916,78.967,0
1347937200,78.964,78.988,78.94,78.984,0
1347940800,78.977,79.014,78.964,78.97,0
1347944400,78.973,79.036,78.968,79.028,0
1347948000,79.029,79.074,78.962,78.984,0
1347951600,78.989,79.132,78.938,79.094,0
1347955200,79.087,79.141,78.991,79.063,0
1347958800,79.072,79.177,79.038,79.129,0
1347962400,79.132,79.183,79.079,79.099,0
1347966000,79.093,79.131,79.07,79.117,0
1347969600,79.114,79.19,79.055,79.079,0
1347973200,79.084,79.209,79.076,79.126,0
1347976800,79.122,79.196,79.101,79.127,0
1347980400,79.126,79.164,79.063,79.144,0
1347984000,79.141,79.197,79.131,79.189,0
1347987600,79.197,79.232,79.175,79.222,0
1347991200,79.22,79.278,79.22,79.249,0
1347994800,79.25,79.257,79.209,79.233,0
1347998400,79.229,79.236,79.171,79.175,0
1348002000,79.178,79.215,79.171,79.2,0
1348005600,79.201,79.205,79.175,79.189,0
1348009200,79.205,79.205,79.176,79.189,0
1348012800,79.191,79.239,79.172,79.188,0
1348016400,79.194,79.217,79.171,79.205,0
1348020000,79.203,79.22,79.164,79.18,0
1348023600,79.182,79.207,79.138,79.191,0
1348027200,79.189,79.197,79.114,79.121,0
1348030800,79.124,79.141,79.06,79.075,0
1348034400,79.071,79.149,79.07,79.137,0
1348038000,79.14,79.155,79.096,79.133,0
1348041600,79.135,79.293,79.088,79.282,0
1348045200,79.277,79.349,79.243,79.32,0
1348048800,79.321,79.382,79.286,79.377,0
1348052400,79.381,79.387,79.311,79.358,0
1348056000,79.359,79.402,79.254,79.254,0
1348059600,79.261,79.302,79.203,79.248,0
1348063200,79.244,79.251,79.059,79.069,0
1348066800,79.068,79.091,79.025,79.029,0
1348070400,79.032,79.068,79.002,79.034,0
1348074000,79.033,79.119,79.03,79.103,0
1348077600,79.107,79.115,79.044,79.055,0
1348081200,79.058,79.091,79.042,79.084,0
1348084800,79.091,79.128,79.081,79.111,0
1348088400,79.108,79.136,79.101,79.123,0
1348092000,79.119,79.127,79.107,79.113,0
1348095600,79.109,79.126,79.069,79.078,0
1348099200,79.077,79.135,79.064,79.11,0
1348102800,79.107,79.183,79.08,79.183,0
1348106400,79.186,79.263,79.158,79.243,0
1348110000,79.242,79.308,79.212,79.302,0
1348113600,79.305,79.335,79.26,79.305,0
1348117200,79.301,79.383,79.277,79.365,0
1348120800,79.361,79.483,79.345,79.474,0
1348124400,79.476,79.577,79.424,79.479,0
1348128000,79.474,79.522,79.383,79.444,0
1348131600,79.451,79.601,79.451,79.549,0
1348135200,79.555,79.564,79.494,79.511,0
1348138800,79.518,79.569,79.49,79.514,0
1348142400,79.507,79.587,79.455,79.55,0
1348146000,79.547,79.66,79.535,79.628,0
1348149600,79.626,79.63,79.468,79.494,0
1348153200,79.507,79.545,79.49,79.524,0
1348156800,79.523,79.57,79.479,79.55,0
1348160400,79.551,79.572,79.503,79.52,0
1348164000,79.521,79.531,79.411,79.411,0
1348167600,79.414,79.432,79.391,79.42,0
1348171200,79.418,79.441,79.413,79.421,0
1348174800,79.418,79.438,79.41,79.427,0
1348178400,79.426,79.427,79.378,79.388,0
1348182000,79.39,79.396,79.372,79.385,0
1348185600,79.388,79.399,79.358,79.387,0
1348189200,79.383,79.449,79.383,79.405,0
1348192800,79.407,79.414,79.337,79.348,0
1348196400,79.349,79.393,79.342,79.361,0
1348200000,79.363,79.367,79.276,79.299,0
1348203600,79.303,79.306,79.228,79.283,0
1348207200,79.28,79.326,79.225,79.316,0
1348210800,79.322,79.445,79.24,79.376,0
1348214400,79.379,79.437,79.089,79.092,0
1348218000,79.088,79.152,79.046,79.134,0
1348221600,79.132,79.208,79.129,79.208,0
1348225200,79.215,79.389,79.189,79.352,0
1348228800,79.345,79.356,79.089,79.089,0
1348232400,79.095,79.257,79.068,79.171,0
1348236000,79.167,79.368,79.16,79.331,0
1348239600,79.328,79.361,79.272,79.315,0
1348243200,79.318,79.365,79.259,79.282,0
1348246800,79.284,79.321,79.243,79.284,0
1348250400,79.282,79.362,79.272,79.328,0
1348254000,79.325,79.344,79.311,79.339,0
1348257600,79.338,79.383,79.331,79.373,0
1348261200,79.379,79.393,79.328,79.393,0
1348264800,79.39,79.393,79.381,79.381,0
1348434000,79.15,79.15,79.093,79.132,0
1348437600,79.134,79.43,79.131,79.394,0
1348441200,79.397,79.435,79.383,79.433,0
1348444800,79.432,79.433,79.38,79.413,0
1348448400,79.408,79.594,79.408,79.574,0
1348452000,79.57,79.604,79.528,79.558,0
1348455600,79.564,79.58,79.494,79.511,0
1348459200,79.505,79.522,79.494,79.511,0
1348462800,79.518,79.544,79.482,79.515,0
1348466400,79.514,79.592,79.498,79.519,0
1348470000,79.52,79.53,79.396,79.483,0
1348473600,79.482,79.724,79.475,79.685,0
1348477200,79.695,79.706,79.631,79.666,0
1348480800,79.663,79.717,79.661,79.701,0
1348484400,79.699,79.709,79.566,79.626,0
1348488000,79.616,79.765,79.61,79.699,0
1348491600,79.704,79.717,79.631,79.669,0
1348495200,79.665,79.712,79.601,79.62,0
1348498800,79.621,79.68,79.615,79.659,0
1348502400,79.66,79.671,79.62,79.621,0
1348506000,79.62,79.63,79.564,79.604,0
1348509600,79.606,79.61,79.518,79.518,0
1348513200,79.516,79.572,79.51,79.566,0
1348516800,79.56,79.568,79.528,79.538,0
1348520400,79.534,79.544,79.517,79.536,0
1348524000,79.537,79.547,79.532,79.544,0
1348527600,79.534,79.546,79.479,79.495,0
1348531200,79.492,79.538,79.486,79.506,0
1348534800,79.503,79.518,79.48,79.501,0
1348538400,79.502,79.503,79.438,79.467,0
1348542000,79.466,79.523,79.461,79.513,0
1348545600,79.519,79.534,79.492,79.505,0
1348549200,79.506,79.682,79.496,79.667,0
1348552800,79.664,79.715,79.572,79.642,0
1348556400,79.643,79.687,79.523,79.63,0
1348560000,79.632,79.654,79.564,79.588,0
1348563600,79.584,79.661,79.551,79.64,0
1348567200,79.639,79.668,79.584,79.625,0
1348570800,79.622,79.627,79.49,79.516,0
1348574400,79.517,79.517,79.335,79.386,0
1348578000,79.381,79.461,79.354,79.454,0
1348581600,79.458,79.458,79.347,79.378,0
1348585200,79.373,79.475,79.334,79.464,0
1348588800,79.467,79.499,79.424,79.453,0
1348592400,79.449,79.482,79.416,79.464,0
1348596000,79.466,79.572,79.46,79.552,0
1348599600,79.551,79.66,79.548,79.659,0
1348603200,79.664,79.688,79.634,79.681,0
1348606800,79.677,79.685,79.641,79.656,0
1348610400,79.653,79.675,79.653,79.662,0
1348614000,79.678,79.698,79.673,79.68,0
1348617600,79.681,79.693,79.62,79.62,0
1348621200,79.627,79.663,79.614,79.643,0
1348624800,79.645,79.672,79.624,79.672,0
1348628400,79.664,79.681,79.643,79.672,0
1348632000,79.673,79.835,79.667,79.8,0
1348635600,79.799,79.824,79.764,79.811,0
1348639200,79.814,79.872,79.781,79.815,0
1348642800,79.814,79.845,79.781,79.789,0
1348646400,79.782,79.9,79.782,79.802,0
1348650000,79.804,79.824,79.708,79.819,0
1348653600,79.818,79.846,79.785,79.831,0
1348657200,79.835,79.924,79.825,79.904,0
1348660800,79.908,79.987,79.877,79.904,0
1348664400,79.896,79.96,79.868,79.927,0
1348668000,79.929,79.984,79.847,79.984,0
1348671600,79.986,80.012,79.895,79.923,0
1348675200,79.928,79.928,79.856,79.876,0
1348678800,79.875,79.916,79.857,79.911,0
1348682400,79.916,79.925,79.885,79.885,0
1348686000,79.886,79.914,79.83,79.865,0
1348689600,79.862,79.885,79.829,79.841,0
1348693200,79.839,79.857,79.817,79.823,0
1348696800,79.822,79.833,79.812,79.821,0
1348700400,79.823,79.823,79.758,79.791,0
1348704000,79.794,79.835,79.79,79.818,0
1348707600,79.816,79.828,79.732,79.741,0
1348711200,79.736,79.798,79.71,79.767,0
1348714800,79.771,79.801,79.76,79.765,0
1348718400,79.764,79.788,79.758,79.763,0
1348722000,79.758,79.77,79.689,79.704,0
1348725600,79.708,79.77,79.673,79.726,0
1348729200,79.725,79.793,79.705,79.737,0
1348732800,79.739,79.844,79.739,79.787,0
1348736400,79.784,79.893,79.782,79.85,0
1348740000,79.851,79.894,79.791,79.82,0
1348743600,79.819,79.835,79.738,79.831,0
1348747200,79.829,79.838,79.67,79.734,0
1348750800,79.738,79.804,79.728,79.739,0
1348754400,79.746,79.88,79.729,79.818,0
1348758000,79.816,79.957,79.721,79.731,0
1348761600,79.73,79.741,79.596,79.64,0
1348765200,79.637,79.682,79.507,79.548,0
1348768800,79.542,79.558,79.49,79.548,0
1348772400,79.545,79.576,79.527,79.569,0
1348776000,79.567,79.577,79.546,79.554,0
1348779600,79.552,79.57,79.532,79.544,0
1348783200,79.546,79.568,79.545,79.548,0
1348786800,79.564,79.576,79.556,79.566,0
1348790400,79.565,79.586,79.524,79.526,0
1348794000,79.525,79.573,79.497,79.517,0
1348797600,79.518,79.523,79.404,79.436,0
1348801200,79.431,79.469,79.409,79.465,0
1348804800,79.464,79.466,79.416,79.435,0
1348808400,79.431,79.467,79.425,79.442,0
1348812000,79.439,79.475,79.398,79.475,0
1348815600,79.474,79.491,79.406,79.472,0
1348819200,79.467,79.492,79.409,79.418,0
1348822800,79.42,79.475,79.363,79.444,0
1348826400,79.451,79.557,79.423,79.55,0
1348830000,79.553,79.581,79.492,79.506,0
1348833600,79.512,79.609,79.481,79.521,0
1348837200,79.522,79.744,79.481,79.728,0
1348840800,79.73,79.922,79.701,79.855,0
1348844400,79.846,79.997,79.833,79.914,0
1348848000,79.918,79.918,79.767,79.82,0
1348851600,79.828,79.941,79.816,79.893,0
1348855200,79.894,79.936,79.866,79.935,0
1348858800,79.936,79.988,79.905,79.947,0
1348862400,79.945,79.969,79.877,79.881,0
1348866000,79.886,79.935,79.881,79.935,0
1349038800,79.953,79.963,79.936,79.942,0
1349042400,79.943,80.018,79.925,80.011,0
1349046000,80.003,80.145,79.988,80.125,0
1349049600,80.115,80.135,80.066,80.072,0
1349053200,80.07,80.116,80.05,80.096,0
1349056800,80.098,80.147,80.076,80.109,0
1349060400,80.107,80.129,80.043,80.06,0
1349064000,80.062,80.082,80.036,80.056,0
1349067600,80.057,80.076,80.01,80.014,0
1349071200,80.017,80.034,79.923,79.954,0
1349074800,79.958,79.975,79.818,79.858,0
1349078400,79.861,79.878,79.742,79.756,0
1349082000,79.749,79.76,79.693,79.74,0
1349085600,79.738,79.778,79.733,79.754,0
1349089200,79.755,79.827,79.749,79.819,0
1349092800,79.818,79.857,79.635,79.635,0
1349096400,79.64,79.742,79.611,79.712,0
1349100000,79.708,79.776,79.575,79.714,0
1349103600,79.706,79.761,79.644,79.756,0
1349107200,79.757,79.843,79.732,79.789,0
1349110800,79.781,79.836,79.759,79.772,0
1349114400,79.768,79.84,79.768,79.824,0
1349118000,79.814,79.864,79.773,79.809,0
1349121600,79.81,79.824,79.783,79.808,0
1349125200,79.806,79.827,79.799,79.812,0
1349128800,79.814,79.824,79.796,79.811,0
1349132400,79.811,79.835,79.807,79.814,0
1349136000,79.812,79.823,79.774,79.806,0
1349139600,79.802,79.815,79.758,79.764,0
1349143200,79.766,79.785,79.744,79.774,0
1349146800,79.775,79.804,79.762,79.804,0
1349150400,79.798,79.845,79.745,79.759,0
1349154000,79.762,79.773,79.686,79.703,0
1349157600,79.701,79.803,79.69,79.803,0
1349161200,79.808,79.848,79.717,79.78,0
1349164800,79.778,79.795,79.681,79.714,0
1349168400,79.715,79.761,79.683,79.726,0
1349172000,79.73,79.741,79.651,79.721,0
1349175600,79.715,79.757,79.663,79.68,0
1349179200,79.676,79.702,79.644,79.695,0
1349182800,79.696,79.712,79.576,79.632,0
1349186400,79.645,79.694,79.629,79.646,0
1349190000,79.643,79.671,79.479,79.563,0
1349193600,79.551,79.621,79.537,79.61,0
1349197200,79.602,79.68,79.582,79.672,0
1349200800,79.671,79.746,79.659,79.744,0
1349204400,79.743,79.751,79.684,79.733,0
1349208000,79.734,79.749,79.716,79.734,0
1349211600,79.732,79.761,79.728,79.751,0
1349215200,79.752,79.757,79.741,79.751,0
1349218800,79.797,79.808,79.776,79.778,0
1349222400,79.784,79.808,79.765,79.799,0
1349226000,79.798,79.837,79.781,79.781,0
1349229600,79.782,79.812,79.761,79.803,0
1349233200,79.799,79.858,79.799,79.819,0
1349236800,79.812,79.871,79.811,79.828,0
1349240400,79.83,79.857,79.818,79.855,0
1349244000,79.861,79.933,79.848,79.906,0
1349247600,79.904,79.977,79.812,79.825,0
1349251200,79.818,79.828,79.733,79.806,0
1349254800,79.807,79.808,79.717,79.767,0
1349258400,79.762,79.872,79.742,79.864,0
1349262000,79.865,79.887,79.801,79.867,0
1349265600,79.866,79.982,79.832,79.93,0
1349269200,79.938,79.975,79.902,79.93,0
1349272800,79.94,80,79.825,79.963,0
1349276400,79.96,79.964,79.885,79.93,0
1349280000,79.936,79.952,79.916,79.917,0
1349283600,79.916,79.97,79.914,79.95,0
1349287200,79.947,79.98,79.917,79.965,0
1349290800,79.971,79.985,79.94,79.955,0
1349294400,79.951,79.985,79.932,79.934,0
1349298000,79.938,79.956,79.908,79.915,0
1349301600,79.911,79.928,79.901,79.911,0
1349305200,79.862,79.865,79.831,79.836,0
1349308800,79.84,79.893,79.836,79.886,0
1349312400,79.888,79.913,79.848,79.906,0
1349316000,79.907,79.908,79.851,79.861,0
1349319600,79.86,79.881,79.843,79.857,0
1349323200,79.856,79.877,79.816,79.816,0
1349326800,79.815,79.86,79.81,79.855,0
1349330400,79.859,79.876,79.732,79.74,0
1349334000,79.739,79.795,79.711,79.752,0
1349337600,79.751,79.824,79.694,79.8,0
1349341200,79.797,79.809,79.74,79.744,0
1349344800,79.742,79.759,79.7,79.731,0
1349348400,79.726,79.793,79.671,79.726,0
1349352000,79.737,79.759,79.539,79.572,0
1349355600,79.569,79.629,79.512,79.616,0
1349359200,79.617,79.619,79.414,79.414,0
1349362800,79.411,79.498,79.391,79.44,0
1349366400,79.448,79.454,79.334,79.352,0
1349370000,79.343,79.344,79.272,79.282,0
1349373600,79.285,79.391,79.282,79.353,0
1349377200,79.356,79.396,79.347,79.347,0
1349380800,79.343,79.365,79.326,79.347,0
1349384400,79.35,79.364,79.326,79.355,0
1349388000,79.359,79.376,79.356,79.363,0
1349391600,79.373,79.393,79.363,79.393,0
1349395200,79.391,79.396,79.359,79.378,0
1349398800,79.379,79.387,79.352,79.356,0
1349402400,79.358,79.378,79.334,79.36,0
1349406000,79.361,79.387,79.328,79.349,0
1349409600,79.353,79.36,79.333,79.348,0
1349413200,79.353,79.39,79.337,79.39,0
1349416800,79.387,79.414,79.346,79.409,0
1349420400,79.414,79.45,79.373,79.397,0
1349424000,79.393,79.434,79.358,79.417,0
1349427600,79.411,79.425,79.353,79.387,0
1349431200,79.391,79.402,79.36,79.391,0
1349434800,79.386,79.406,79.36,79.39,0
1349438400,79.392,79.433,79.292,79.332,0
1349442000,79.327,79.331,79.14,79.162,0
1349445600,79.171,79.224,79.103,79.178,0
1349449200,79.181,79.244,79.177,79.192,0
1349452800,79.186,79.253,79.183,79.233,0
1349456400,79.227,79.353,79.199,79.334,0
1349460000,79.339,79.358,79.304,79.337,0
1349463600,79.344,79.433,79.339,79.36,0
1349467200,79.359,79.381,79.333,79.336,0
1349470800,79.337,79.338,79.335,79.336,0
1349643600,79.358,79.379,79.355,79.367,0
1349647200,79.364,79.422,79.362,79.393,0
1349650800,79.389,79.43,79.389,79.402,0
1349654400,79.404,79.448,79.403,79.421,0
1349658000,79.422,79.462,79.408,79.428,0
1349661600,79.429,79.501,79.428,79.473,0
1349665200,79.477,79.527,79.469,79.494,0
1349668800,79.493,79.531,79.476,79.512,0
1349672400,79.51,79.554,79.496,79.538,0
1349676000,79.54,79.588,79.5,79.517,0
1349679600,79.514,79.61,79.513,79.563,0
1349683200,79.561,79.617,79.543,79.546,0
1349686800,79.545,79.599,79.532,79.594,0
1349690400,79.595,79.711,79.579,79.652,0
1349694000,79.653,79.683,79.603,79.614,0
1349697600,79.617,79.646,79.593,79.61,0
1349701200,79.612,79.614,79.553,79.568,0
1349704800,79.57,79.618,79.543,79.57,0
1349708400,79.568,79.588,79.523,79.53,0
1349712000,79.527,79.564,79.517,79.54,0
1349715600,79.536,79.598,79.534,79.568,0
1349719200,79.571,79.603,79.555,79.602,0
1349722800,79.59,79.601,79.563,79.588,0
1349726400,79.591,79.611,79.58,79.593,0
1349730000,79.596,79.618,79.59,79.608,0
1349733600,79.605,79.61,79.594,79.6,0
1349737200,79.601,79.604,79.559,79.563,0
1349740800,79.564,79.569,79.515,79.536,0
1349744400,79.538,79.551,79.508,79.541,0
1349748000,79.544,79.55,79.519,79.537,0
1349751600,79.536,79.557,79.515,79.518,0
1349755200,79.521,79.538,79.511,79.533,0
1349758800,79.532,79.548,79.496,79.511,0
1349762400,79.51,79.574,79.501,79.557,0
1349766000,79.562,79.849,79.544,79.774,0
1349769600,79.768,79.796,79.727,79.776,0
1349773200,79.778,79.79,79.705,79.735,0
1349776800,79.732,79.798,79.71,79.768,0
1349780400,79.767,79.771,79.618,79.646,0
1349784000,79.645,79.727,79.603,79.727,0
1349787600,79.728,79.879,79.716,79.795,0
1349791200,79.799,79.929,79.762,79.903,0
1349794800,79.905,80.067,79.896,80.003,0
1349798400,80.009,80.011,79.956,80.005,0
1349802000,80.006,80.073,80.006,80.049,0
1349805600,80.052,80.059,79.945,79.951,0
1349809200,79.95,80.036,79.95,80.035,0
1349812800,80.032,80.032,79.956,79.961,0
1349816400,79.963,79.999,79.951,79.96,0
1349820000,79.964,79.998,79.963,79.987,0
1349823600,80.051,80.116,80.033,80.079,0
1349827200,80.08,80.109,80.04,80.053,0
1349830800,80.057,80.065,79.997,80.034,0
1349834400,80.033,80.186,80.029,80.152,0
1349838000,80.147,80.15,80.057,80.085,0
1349841600,80.084,80.098,80.057,80.059,0
1349845200,80.065,80.114,80.045,80.065,0
1349848800,80.067,80.126,80.03,80.042,0
1349852400,80.045,80.064,79.982,80.008,0
1349856000,80.017,80.044,79.968,79.996,0
1349859600,80.003,80.099,79.998,80.082,0
1349863200,80.085,80.094,80.006,80.039,0
1349866800,80.041,80.074,79.924,79.931,0
1349870400,79.932,79.983,79.887,79.943,0
1349874000,79.946,80.011,79.937,79.971,0
1349877600,79.973,79.979,79.829,79.897,0
1349881200,79.894,79.983,79.87,79.95,0
1349884800,79.945,79.961,79.888,79.956,0
1349888400,79.952,79.977,79.92,79.925,0
1349892000,79.924,79.937,79.857,79.917,0
1349895600,79.918,79.931,79.884,79.894,0
1349899200,79.899,80.024,79.891,80.01,0
1349902800,80.008,80.123,80,80.096,0
1349906400,80.098,80.142,80.071,80.099,0
1349910000,80.058,80.097,80.058,80.065,0
1349913600,80.056,80.16,80.051,80.149,0
1349917200,80.145,80.205,80.13,80.164,0
1349920800,80.159,80.166,80.065,80.068,0
1349924400,80.067,80.081,79.976,80.004,0
1349928000,80,80.02,79.977,80.013,0
1349931600,80.017,80.038,79.954,80.032,0
1349935200,80.033,80.08,79.99,80.063,0
1349938800,80.067,80.104,79.986,80.019,0
1349942400,80.027,80.034,79.89,79.946,0
1349946000,79.941,79.964,79.902,79.941,0
1349949600,79.942,79.96,79.817,79.851,0
1349953200,79.846,79.876,79.765,79.813,0
1349956800,79.81,79.844,79.759,79.807,0
1349960400,79.804,79.831,79.735,79.755,0
1349964000,79.754,79.785,79.697,79.734,0
1349967600,79.736,79.818,79.725,79.781,0
1349971200,79.782,79.797,79.731,79.736,0
1349974800,79.735,79.778,79.73,79.771,0
1349978400,79.773,79.785,79.751,79.775,0
1349982000,79.78,79.801,79.765,79.78,0
1349985600,79.784,79.807,79.772,79.785,0
1349989200,79.782,79.793,79.771,79.78,0
1349992800,79.785,79.797,79.777,79.792,0
1349996400,79.798,79.805,79.774,79.78,0
1350000000,79.779,79.782,79.727,79.774,0
1350003600,79.776,79.788,79.719,79.748,0
1350007200,79.752,79.793,79.724,79.789,0
1350010800,79.791,79.829,79.776,79.805,0
1350014400,79.804,79.817,79.786,79.794,0
1350018000,79.793,79.798,79.741,79.773,0
1350021600,79.776,79.8,79.725,79.745,0
1350025200,79.748,79.8,79.574,79.578,0
1350028800,79.565,79.652,79.561,79.626,0
1350032400,79.622,79.672,79.601,79.623,0
1350036000,79.627,79.648,79.57,79.611,0
1350039600,79.614,79.646,79.558,79.6,0
1350043200,79.595,79.629,79.515,79.52,0
1350046800,79.524,79.62,79.513,79.569,0
1350050400,79.568,79.665,79.542,79.604,0
1350054000,79.603,79.739,79.599,79.704,0
1350057600,79.703,79.731,79.688,79.688,0
1350061200,79.694,79.707,79.675,79.682,0
1350064800,79.685,79.699,79.647,79.667,0
1350068400,79.664,79.683,79.642,79.67,0
1350072000,79.667,79.702,79.652,79.702,0
1350075600,79.7,79.707,79.667,79.682,0
1350079200,79.681,79.681,79.681,79.681,0
1350248400,79.685,79.689,79.655,79.658,0
1350252000,79.671,79.734,79.663,79.71,0
1350255600,79.709,79.799,79.708,79.788,0
1350259200,79.789,79.936,79.785,79.925,0
1350262800,79.926,79.966,79.861,79.873,0
1350266400,79.876,79.961,79.872,79.899,0
1350270000,79.898,79.953,79.89,79.915,0
1350273600,79.916,79.942,79.891,79.921,0
1350277200,79.918,79.931,79.878,79.886,0
1350280800,79.89,79.968,79.866,79.88,0
1350284400,79.874,79.885,79.709,79.741,0
1350288000,79.742,79.759,79.642,79.668,0
1350291600,79.669,79.718,79.646,79.693,0
1350295200,79.698,79.72,79.667,79.684,0
1350298800,79.679,79.684,79.601,79.66,0
1350302400,79.659,79.735,79.638,79.713,0
1350306000,79.717,79.781,79.671,79.759,0
1350309600,79.762,79.84,79.746,79.808,0
1350313200,79.805,79.813,79.689,79.722,0
1350316800,79.725,79.776,79.707,79.773,0
1350320400,79.775,79.784,79.724,79.728,0
1350324000,79.733,79.769,79.721,79.742,0
1350327600,79.746,79.769,79.687,79.701,0
1350331200,79.7,79.742,79.687,79.721,0
1350334800,79.724,79.755,79.719,79.743,0
1350338400,79.739,79.77,79.725,79.764,0
1350342000,79.722,79.727,79.635,79.669,0
1350345600,79.673,79.702,79.639,79.701,0
1350349200,79.702,79.755,79.687,79.724,0
1350352800,79.72,79.733,79.698,79.709,0
1350356400,79.707,79.71,79.672,79.697,0
1350360000,79.702,79.72,79.672,79.711,0
1350363600,79.713,79.713,79.639,79.67,0
1350367200,79.672,79.68,79.557,79.593,0
1350370800,79.588,79.592,79.488,79.542,0
1350374400,79.544,79.553,79.512,79.528,0
1350378000,79.531,79.626,79.492,79.516,0
1350381600,79.522,79.543,79.475,79.487,0
1350385200,79.493,79.545,79.356,79.369,0
1350388800,79.361,79.409,79.327,79.379,0
1350392400,79.377,79.401,79.313,79.318,0
1350396000,79.316,79.518,79.316,79.484,0
1350399600,79.49,79.515,79.415,79.451,0
1350403200,79.44,79.448,79.359,79.39,0
1350406800,79.386,79.398,79.358,79.374,0
1350410400,79.373,79.416,79.373,79.405,0
1350414000,79.409,79.411,79.357,79.373,0
1350417600,79.37,79.378,79.34,79.359,0
1350421200,79.361,79.367,79.172,79.176,0
1350424800,79.179,79.244,79.179,79.221,0
1350428400,79.184,79.193,79.069,79.143,0
1350432000,79.141,79.19,79.135,79.186,0
1350435600,79.187,79.189,79.124,79.179,0
1350439200,79.176,79.203,79.144,79.2,0
1350442800,79.197,79.201,79.142,79.179,0
1350446400,79.176,79.209,79.172,79.197,0
1350450000,79.196,79.21,79.134,79.176,0
1350453600,79.18,79.204,79.089,79.114,0
1350457200,79.117,79.192,79.078,79.171,0
1350460800,79.173,79.179,79.085,79.147,0
1350464400,79.15,79.157,79.064,79.09,0
1350468000,79.086,79.111,79,79.057,0
1350471600,79.058,79.064,78.983,79.044,0
1350475200,79.052,79.052,78.958,78.995,0
1350478800,78.996,79.114,78.99,78.999,0
1350482400,78.998,79.047,78.963,79.023,0
1350486000,79.021,79.057,78.935,78.962,0
1350489600,78.965,79.029,78.953,79.028,0
1350493200,79.027,79.035,78.975,79.017,0
1350496800,79.02,79.037,78.995,79.016,0
1350500400,79.009,79.037,78.984,79.03,0
1350504000,79.024,79.05,79.009,79.037,0
1350507600,79.033,79.074,79.017,79.065,0
1350511200,79.069,79.08,79.059,79.078,0
1350514800,79.089,79.104,79.082,79.086,0
1350518400,79.085,79.14,79.072,79.129,0
1350522000,79.13,79.149,79.098,79.114,0
1350525600,79.117,79.134,79.073,79.099,0
1350529200,79.098,79.194,79.096,79.194,0
1350532800,79.192,79.199,79.149,79.163,0
1350536400,79.155,79.183,79.078,79.108,0
1350540000,79.113,79.125,79.038,79.098,0
1350543600,79.096,79.184,79.075,79.165,0
1350547200,79.169,79.187,79.058,79.107,0
1350550800,79.103,79.109,79.001,79.084,0
1350554400,79.078,79.094,79.042,79.08,0
1350558000,79.086,79.181,79.079,79.125,0
1350561600,79.121,79.175,79.069,79.165,0
1350565200,79.166,79.204,79.126,79.152,0
1350568800,79.151,79.242,79.12,79.197,0
1350572400,79.196,79.198,79.105,79.118,0
1350576000,79.117,79.149,79.086,79.146,0
1350579600,79.144,79.226,79.124,79.215,0
1350583200,79.216,79.401,79.187,79.367,0
1350586800,79.368,79.41,79.33,79.34,0
1350590400,79.342,79.382,79.338,79.373,0
1350594000,79.374,79.386,79.36,79.365,0
1350597600,79.371,79.371,79.325,79.343,0
1350601200,79.335,79.376,79.333,79.362,0
1350604800,79.363,79.392,79.347,79.383,0
1350608400,79.382,79.422,79.349,79.357,0
1350612000,79.356,79.367,79.324,79.36,0
1350615600,79.363,79.398,79.357,79.362,0
1350619200,79.358,79.368,79.332,79.359,0
1350622800,79.361,79.367,79.332,79.332,0
1350626400,79.333,79.467,79.333,79.428,0
1350630000,79.435,79.436,79.346,79.369,0
1350633600,79.367,79.463,79.363,79.447,0
1350637200,79.446,79.472,79.402,79.461,0
1350640800,79.459,79.49,79.405,79.429,0
1350644400,79.424,79.484,79.42,79.468,0
1350648000,79.467,79.534,79.437,79.443,0
1350651600,79.437,79.511,79.402,79.49,0
1350655200,79.493,79.619,79.487,79.58,0
1350658800,79.582,79.662,79.569,79.624,0
1350662400,79.622,79.639,79.576,79.619,0
1350666000,79.626,79.644,79.586,79.632,0
1350669600,79.629,79.653,79.589,79.621,0
1350673200,79.627,79.654,79.609,79.635,0
1350676800,79.64,79.654,79.599,79.642,0
1350680400,79.637,79.637,79.624,79.626,0
1350853200,79.64,79.646,79.618,79.622,0
1350856800,79.632,79.67,79.608,79.615,0
1350860400,79.613,79.668,79.613,79.638,0
1350864000,79.629,79.645,79.574,79.58,0
1350867600,79.579,79.585,79.542,79.566,0
1350871200,79.57,79.572,79.521,79.529,0
1350874800,79.534,79.575,79.511,79.571,0
1350878400,79.57,79.574,79.529,79.552,0
1350882000,79.55,79.559,79.48,79.499,0
1350885600,79.505,79.55,79.479,79.522,0
1350889200,79.524,79.624,79.518,79.605,0
1350892800,79.606,79.673,79.586,79.593,0
1350896400,79.588,79.612,79.525,79.545,0
1350900000,79.546,79.562,79.475,79.501,0
1350903600,79.5,79.536,79.478,79.534,0
1350907200,79.526,79.598,79.508,79.583,0
1350910800,79.59,79.631,79.569,79.581,0
1350914400,79.578,79.58,79.47,79.503,0
1350918000,79.509,79.577,79.508,79.55,0
1350921600,79.555,79.594,79.542,79.579,0
1350925200,79.576,79.657,79.564,79.642,0
1350928800,79.643,79.658,79.607,79.652,0
1350932400,79.65,79.661,79.584,79.591,0
1350936000,79.596,79.605,79.562,79.578,0
1350939600,79.574,79.589,79.54,79.555,0
1350943200,79.561,79.564,79.545,79.555,0
1350946800,79.556,79.558,79.511,79.535,0
1350950400,79.531,79.576,79.531,79.554,0
1350954000,79.556,79.596,79.537,79.589,0
1350957600,79.591,79.607,79.567,79.58,0
1350961200,79.583,79.604,79.563,79.597,0
1350964800,79.593,79.608,79.575,79.59,0
1350968400,79.591,79.617,79.58,79.61,0
1350972000,79.612,79.682,79.608,79.666,0
1350975600,79.662,79.74,79.654,79.713,0
1350979200,79.707,79.726,79.657,79.679,0
1350982800,79.68,79.73,79.64,79.707,0
1350986400,79.712,79.867,79.691,79.836,0
1350990000,79.837,79.851,79.79,79.836,0
1350993600,79.829,80.035,79.818,80.009,0
1350997200,80.008,80.02,79.928,79.952,0
1351000800,79.943,80.029,79.924,79.984,0
1351004400,79.99,80.062,79.978,79.979,0
1351008000,79.974,79.999,79.923,79.947,0
1351011600,79.95,79.989,79.927,79.968,0
1351015200,79.97,80.012,79.96,79.976,0
1351018800,79.977,79.982,79.919,79.929,0
1351022400,79.932,79.947,79.903,79.911,0
1351026000,79.905,79.925,79.903,79.914,0
1351029600,79.913,79.922,79.903,79.909,0
1351033200,79.94,79.961,79.931,79.953,0
1351036800,79.954,79.957,79.92,79.927,0
1351040400,79.924,79.937,79.881,79.897,0
1351044000,79.898,79.921,79.872,79.919,0
1351047600,79.917,79.927,79.891,79.897,0
1351051200,79.898,79.916,79.877,79.892,0
1351054800,79.894,79.931,79.885,79.919,0
1351058400,79.922,79.948,79.82,79.84,0
1351062000,79.852,80.006,79.827,79.977,0
1351065600,79.976,80.151,79.976,80.093,0
1351069200,80.096,80.129,80.058,80.077,0
1351072800,80.075,80.141,80.005,80.057,0
1351076400,80.061,80.096,80.005,80.024,0
1351080000,80.02,80.051,79.952,79.974,0
1351083600,79.979,79.982,79.849,79.891,0
1351087200,79.89,79.988,79.872,79.936,0
1351090800,79.93,80.067,79.923,80.059,0
1351094400,80.052,80.081,80.008,80.013,0
1351098000,80.012,80.039,79.978,79.98,0
1351101600,79.987,80.061,79.905,79.914,0
1351105200,79.92,80.014,79.908,79.988,0
1351108800,79.992,79.995,79.908,79.92,0
1351112400,79.921,79.952,79.914,79.934,0
1351116000,79.933,79.968,79.929,79.959,0
1351119600,79.962,79.99,79.934,79.975,0
1351123200,79.973,79.978,79.916,79.948,0
1351126800,79.947,79.962,79.907,79.936,0
1351130400,79.935,79.943,79.878,79.896,0
1351134000,79.891,79.938,79.886,79.938,0
1351137600,79.939,79.961,79.883,79.912,0
1351141200,79.913,79.916,79.824,79.825,0
1351144800,79.832,79.867,79.765,79.844,0
1351148400,79.846,79.882,79.783,79.793,0
1351152000,79.795,79.806,79.697,79.779,0
1351155600,79.774,79.817,79.7,79.743,0
1351159200,79.745,79.809,79.725,79.802,0
1351162800,79.799,79.856,79.762,79.829,0
1351166400,79.827,79.924,79.809,79.864,0
1351170000,79.865,79.95,79.849,79.924,0
1351173600,79.93,80.011,79.892,79.97,0
1351177200,79.969,80.05,79.968,79.982,0
1351180800,79.981,80.019,79.968,79.971,0
1351184400,79.964,80.057,79.964,80.028,0
1351188000,80.033,80.058,80.02,80.044,0
1351191600,80.042,80.08,80.037,80.057,0
1351195200,80.054,80.141,80.041,80.116,0
1351198800,80.11,80.13,80.073,80.078,0
1351202400,80.077,80.094,80.068,80.078,0
1351206000,80.108,80.12,80.08,80.088,0
1351209600,80.085,80.112,80.049,80.059,0
1351213200,80.055,80.067,80.016,80.019,0
1351216800,80.008,80.036,80.001,80.027,0
1351224000,80.027,80.027,80.027,80.027,0
1351227600,80.119,80.121,80.098,80.102,0
1351231200,80.1,80.164,80.066,80.085,0
1351234800,80.088,80.137,80.046,80.106,0
1351238400,80.107,80.128,80.033,80.075,0
1351242000,80.078,80.091,80.009,80.087,0
1351245600,80.091,80.27,80.083,80.218,0
1351249200,80.227,80.249,80.194,80.221,0
1351252800,80.222,80.257,80.113,80.157,0
1351256400,80.166,80.17,80.034,80.061,0
1351260000,80.051,80.101,79.923,80.049,0
1351263600,80.047,80.079,80.005,80.043,0
1351267200,80.049,80.117,80.048,80.097,0
1351270800,80.092,80.109,80.055,80.074,0
1351274400,80.073,80.091,80.052,80.068,0
1351278000,80.074,80.074,80.024,80.055,0
1351281600,80.049,80.068,80.005,80.011,0
1351285200,80.015,80.015,79.994,80,0
1351458000,80.012,80.019,79.992,80.014,0
1351461600,80.018,80.122,80.012,80.112,0
1351465200,80.114,80.142,80.088,80.124,0
1351468800,80.127,80.155,80.091,80.137,0
1351472400,80.136,80.142,80.087,80.087,0
1351476000,80.086,80.102,80.064,80.074,0
1351479600,80.075,80.116,80.072,80.086,0
1351483200,80.087,80.113,80.083,80.096,0
1351486800,80.095,80.117,80.066,80.1,0
1351490400,80.102,80.153,80.087,80.107,0
1351494000,80.111,80.207,80.106,80.205,0
1351497600,80.206,80.263,80.184,80.219,0
1351501200,80.222,80.224,80.133,80.166,0
1351504800,80.17,80.194,80.137,80.156,0
1351508400,80.15,80.236,80.148,80.228,0
1351512000,80.233,80.258,80.16,80.222,0
1351515600,80.224,80.246,80.182,80.208,0
1351519200,80.201,80.235,80.158,80.204,0
1351522800,80.207,80.236,80.124,80.23,0
1351526400,80.229,80.325,80.226,80.268,0
1351530000,80.273,80.292,80.248,80.254,0
1351533600,80.257,80.258,80.214,80.232,0
1351537200,80.237,80.277,80.231,80.25,0
1351540800,80.244,80.263,80.234,80.234,0
1351544400,80.24,80.252,80.229,80.243,0
1351548000,80.246,80.257,80.229,80.231,0
1351551600,80.229,80.233,80.213,80.217,0
1351555200,80.222,80.232,80.192,80.205,0
1351558800,80.201,80.238,80.186,80.227,0
1351562400,80.23,80.242,80.199,80.209,0
1351566000,80.21,80.247,80.203,80.228,0
1351569600,80.226,80.275,80.216,80.255,0
1351573200,80.252,80.28,80.168,80.251,0
1351576800,80.25,80.262,80.087,80.122,0
1351580400,80.123,80.133,80.036,80.066,0
1351584000,80.06,80.066,79.983,80.046,0
1351587600,80.042,80.065,80.019,80.03,0
1351591200,80.031,80.035,79.935,79.963,0
1351594800,79.965,80.001,79.942,80,0
1351598400,79.998,80.006,79.908,79.922,0
1351602000,79.917,79.95,79.864,79.886,0
1351605600,79.893,79.954,79.883,79.925,0
1351609200,79.933,79.934,79.828,79.849,0
1351612800,79.852,79.909,79.844,79.906,0
1351616400,79.905,79.95,79.88,79.933,0
1351620000,79.925,79.955,79.922,79.931,0
1351623600,79.925,79.955,79.923,79.939,0
1351627200,79.946,79.96,79.931,79.942,0
1351630800,79.954,79.964,79.923,79.927,0
1351634400,79.93,79.947,79.906,79.927,0
1351638000,79.925,79.948,79.91,79.947,0
1351641600,79.949,79.968,79.923,79.926,0
1351645200,79.929,79.959,79.903,79.927,0
1351648800,79.932,79.937,79.895,79.905,0
1351652400,79.904,79.944,79.904,79.928,0
1351656000,79.931,79.95,79.914,79.936,0
1351659600,79.939,79.95,79.924,79.933,0
1351663200,79.934,79.955,79.908,79.938,0
1351666800,79.94,80.003,79.878,79.886,0
1351670400,79.885,79.885,79.751,79.782,0
1351674000,79.778,79.786,79.695,79.762,0
1351677600,79.757,79.786,79.702,79.746,0
1351681200,79.744,79.762,79.67,79.747,0
1351684800,79.746,79.796,79.734,79.775,0
1351688400,79.778,79.872,79.777,79.835,0
1351692000,79.837,79.937,79.809,79.915,0
1351695600,79.918,79.985,79.895,79.963,0
1351699200,79.962,79.974,79.89,79.891,0
1351702800,79.892,79.924,79.884,79.896,0
1351706400,79.9,79.92,79.882,79.919,0
1351710000,79.924,79.935,79.885,79.913,0
1351713600,79.915,79.948,79.913,79.924,0
1351717200,79.923,79.949,79.919,79.946,0
1351720800,79.948,79.964,79.938,79.963,0
1351724400,79.944,79.948,79.918,79.922,0
1351728000,79.924,79.946,79.904,79.926,0
1351731600,79.922,79.985,79.919,79.935,0
1351735200,79.937,79.955,79.919,79.939,0
1351738800,79.938,79.961,79.924,79.954,0
1351742400,79.955,79.969,79.936,79.954,0
1351746000,79.949,79.982,79.945,79.968,0
1351749600,79.969,79.974,79.932,79.965,0
1351753200,79.968,80.113,79.962,80.051,0
1351756800,80.05,80.075,79.989,80.016,0
1351760400,80.014,80.109,80.011,80.062,0
1351764000,80.066,80.078,79.974,80.007,0
1351767600,80.011,80.011,79.932,79.953,0
1351771200,79.951,79.993,79.873,79.91,0
1351774800,79.907,79.943,79.879,79.891,0
1351778400,79.892,79.951,79.859,79.943,0
1351782000,79.938,80.063,79.934,80.052,0
1351785600,80.055,80.057,80.007,80.055,0
1351789200,80.054,80.083,80.045,80.064,0
1351792800,80.07,80.091,80.043,80.047,0
1351796400,80.055,80.081,80.039,80.045,0
1351800000,80.044,80.051,80.018,80.018,0
1351803600,80.023,80.049,80.01,80.029,0
1351807200,80.03,80.049,80.027,80.041,0
1351810800,80.024,80.034,80.015,80.017,0
1351814400,80.021,80.123,80.019,80.116,0
1351818000,80.112,80.138,80.099,80.119,0
1351821600,80.118,80.135,80.086,80.101,0
1351825200,80.102,80.109,80.082,80.102,0
1351828800,80.104,80.108,80.062,80.09,0
1351832400,80.093,80.26,80.084,80.231,0
1351836000,80.234,80.276,80.193,80.214,0
1351839600,80.215,80.305,80.208,80.239,0
1351843200,80.237,80.35,80.221,80.348,0
1351846800,80.352,80.389,80.31,80.327,0
1351850400,80.328,80.341,80.272,80.32,0
1351854000,80.324,80.354,80.296,80.317,0
1351857600,80.316,80.534,80.288,80.445,0
1351861200,80.433,80.535,80.393,80.507,0
1351864800,80.502,80.565,80.464,80.512,0
1351868400,80.515,80.573,80.495,80.52,0
1351872000,80.523,80.554,80.512,80.522,0
1351875600,80.521,80.552,80.479,80.552,0
1351879200,80.561,80.61,80.51,80.593,0
1351882800,80.596,80.6,80.561,80.577,0
1351886400,80.581,80.593,80.548,80.552,0
1351890000,80.558,80.567,80.556,80.558,0
1352066400,80.641,80.643,80.605,80.64,0
1352070000,80.637,80.64,80.571,80.628,0
1352073600,80.632,80.632,80.567,80.571,0
1352077200,80.569,80.611,80.535,80.56,0
1352080800,80.557,80.644,80.549,80.642,0
1352084400,80.643,80.654,80.61,80.613,0
1352088000,80.614,80.616,80.582,80.592,0
1352091600,80.587,80.597,80.547,80.558,0
1352095200,80.556,80.579,80.512,80.515,0
1352098800,80.519,80.737,80.497,80.72,0
1352102400,80.717,80.79,80.687,80.718,0
1352106000,80.719,80.734,80.669,80.718,0
1352109600,80.719,80.781,80.706,80.709,0
1352113200,80.707,80.79,80.693,80.763,0
1352116800,80.747,80.843,80.743,80.779,0
1352120400,80.777,80.82,80.724,80.746,0
1352124000,80.752,80.825,80.75,80.795,0
1352127600,80.794,80.815,80.745,80.76,0
1352131200,80.753,80.764,80.707,80.725,0
1352134800,80.727,80.803,80.717,80.795,0
1352138400,80.798,80.801,80.759,80.763,0
1352142000,80.762,80.767,80.735,80.749,0
1352145600,80.745,80.757,80.718,80.751,0
1352149200,80.746,80.755,80.712,80.719,0
1352152800,80.715,80.749,80.692,80.701,0
1352156400,80.702,80.715,80.691,80.712,0
1352160000,80.712,80.736,80.694,80.716,0
1352163600,80.714,80.759,80.714,80.742,0
1352167200,80.738,80.771,80.735,80.75,0
1352170800,80.747,80.77,80.673,80.681,0
1352174400,80.683,80.727,80.667,80.714,0
1352178000,80.712,80.723,80.672,80.704,0
1352181600,80.71,80.71,80.64,80.661,0
1352185200,80.669,80.77,80.662,80.714,0
1352188800,80.716,80.821,80.716,80.785,0
1352192400,80.786,80.819,80.69,80.733,0
1352196000,80.734,80.734,80.645,80.693,0
1352199600,80.694,80.784,80.608,80.647,0
1352203200,80.642,80.695,80.62,80.69,0
1352206800,80.692,80.712,80.638,80.659,0
1352210400,80.658,80.666,80.599,80.636,0
1352214000,80.633,80.698,80.631,80.691,0
1352217600,80.687,80.699,80.581,80.613,0
1352221200,80.609,80.644,80.589,80.627,0
1352224800,80.622,80.634,80.557,80.585,0
1352228400,80.584,80.617,80.556,80.613,0
1352232000,80.617,80.645,80.598,80.603,0
1352235600,80.597,80.621,80.588,80.61,0
1352239200,80.614,80.645,80.606,80.642,0
1352242800,80.636,80.642,80.62,80.626,0
1352246400,80.638,80.724,80.63,80.701,0
1352250000,80.697,80.734,80.697,80.714,0
1352253600,80.715,80.734,80.529,80.571,0
1352257200,80.566,80.575,80.431,80.465,0
1352260800,80.462,80.462,80.291,80.364,0
1352264400,80.367,80.376,80.325,80.355,0
1352268000,80.353,80.37,80.28,80.342,0
1352271600,80.341,80.364,80.291,80.339,0
1352275200,80.337,80.454,80.324,80.402,0
1352278800,80.396,80.51,80.396,80.474,0
1352282400,80.475,80.492,80.397,80.455,0
1352286000,80.452,80.607,80.452,80.562,0
1352289600,80.558,80.863,80.558,80.801,0
1352293200,80.804,80.924,80.781,80.822,0
1352296800,80.821,80.845,80.768,80.793,0
1352300400,80.794,80.862,80.765,80.809,0
1352304000,80.82,80.828,80.736,80.813,0
1352307600,80.811,80.815,80.752,80.798,0
1352311200,80.797,80.821,80.758,80.798,0
1352314800,80.801,80.803,80.753,80.759,0
1352318400,80.761,80.797,80.761,80.783,0
1352322000,80.779,80.792,80.75,80.771,0
1352325600,80.773,80.788,80.713,80.769,0
1352329200,80.764,80.818,80.761,80.807,0
1352332800,80.837,80.864,80.819,80.838,0
1352336400,80.841,80.841,80.777,80.817,0
1352340000,80.816,80.829,80.781,80.808,0
1352343600,80.809,80.852,80.79,80.835,0
1352347200,80.836,80.883,80.834,80.844,0
1352350800,80.84,80.864,80.814,80.839,0
1352354400,80.842,80.842,80.743,80.784,0
1352358000,80.791,80.829,80.742,80.758,0
1352361600,80.76,80.825,80.724,80.78,0
1352365200,80.775,80.978,80.748,80.944,0
1352368800,80.939,81.001,80.904,80.908,0
1352372400,80.912,80.951,80.839,80.874,0
1352376000,80.875,80.904,80.803,80.84,0
1352379600,80.847,80.966,80.782,80.802,0
1352383200,80.799,80.91,80.789,80.823,0
1352386800,80.826,80.963,80.812,80.939,0
1352390400,80.943,80.943,80.83,80.88,0
1352394000,80.874,80.896,80.824,80.869,0
1352397600,80.874,80.881,80.778,80.782,0
1352401200,80.786,80.834,80.783,80.793,0
1352404800,80.795,80.837,80.787,80.827,0
1352408400,80.825,80.829,80.773,80.809,0
1352412000,80.808,80.839,80.789,80.827,0
1352415600,80.828,80.838,80.812,80.812,0
1352419200,80.848,80.887,80.845,80.873,0
1352422800,80.87,80.874,80.792,80.811,0
1352426400,80.821,80.822,80.706,80.727,0
1352430000,80.721,80.733,80.654,80.687,0
1352433600,80.686,80.701,80.667,80.696,0
1352437200,80.695,80.695,80.611,80.672,0
1352440800,80.674,80.698,80.651,80.683,0
1352444400,80.687,80.803,80.687,80.779,0
1352448000,80.781,80.87,80.759,80.855,0
1352451600,80.862,80.891,80.81,80.821,0
1352455200,80.825,80.968,80.816,80.95,0
1352458800,80.96,80.98,80.909,80.952,0
1352462400,80.955,81.025,80.899,81.025,0
1352466000,81.023,81.087,81.01,81.06,0
1352469600,81.061,81.072,80.985,80.985,0
1352473200,80.982,81.046,80.922,81.036,0
1352476800,81.038,81.06,80.991,81.012,0
1352480400,81.011,81.014,80.955,80.974,0
1352484000,80.975,81.07,80.957,81.017,0
1352487600,81.02,81.036,80.986,81.026,0
1352491200,81.021,81.047,81.008,81.047,0
1352494800,81.051,81.055,81.024,81.055,0
1352498400,81.054,81.058,81.054,81.058,0
1352502000,81.026,81.026,81.026,81.026,0
1352671200,81.027,81.036,80.986,81.004,0
1352674800,81.008,81.017,80.923,80.997,0
1352678400,80.999,81.018,80.974,80.987,0
1352682000,80.982,81.016,80.969,80.995,0
1352685600,80.996,81.006,80.96,80.978,0
1352689200,80.979,80.987,80.955,80.96,0
1352692800,80.959,80.962,80.932,80.948,0
1352696400,80.949,80.961,80.931,80.942,0
1352700000,80.939,80.97,80.906,80.954,0
1352703600,80.956,81.075,80.956,81.035,0
1352707200,81.039,81.1,80.99,81.066,0
1352710800,81.065,81.082,81.001,81.069,0
1352714400,81.067,81.074,80.996,81.015,0
1352718000,81.02,81.056,80.956,81.048,0
1352721600,81.046,81.072,80.983,80.996,0
1352725200,80.997,81.027,80.939,80.981,0
1352728800,80.983,81.02,80.971,80.995,0
1352732400,80.997,81.056,80.982,81.051,0
1352736000,81.05,81.06,81.03,81.046,0
1352739600,81.044,81.062,81.027,81.035,0
1352743200,81.036,81.044,81.024,81.034,0
1352746800,81.033,81.045,81.025,81.03,0
1352750400,81.032,81.05,81.022,81.039,0
1352754000,81.041,81.068,81.038,81.063,0
1352757600,81.066,81.082,81.035,81.077,0
1352761200,81.082,81.091,81.07,81.07,0
1352764800,81.099,81.142,81.087,81.124,0
1352768400,81.126,81.193,81.114,81.175,0
1352772000,81.173,81.2,81.152,81.176,0
1352775600,81.174,81.189,81.131,81.138,0
1352779200,81.14,81.191,81.132,81.178,0
1352782800,81.179,81.183,81.145,81.16,0
1352786400,81.164,81.169,81.107,81.124,0
1352790000,81.132,81.158,81.101,81.137,0
1352793600,81.132,81.225,81.125,81.182,0
1352797200,81.187,81.203,81.112,81.151,0
1352800800,81.146,81.241,81.145,81.163,0
1352804400,81.171,81.22,80.998,81.03,0
1352808000,81.031,81.103,80.972,81.099,0
1352811600,81.105,81.209,81.082,81.177,0
1352815200,81.181,81.24,81.115,81.127,0
1352818800,81.126,81.15,81.053,81.057,0
1352822400,81.055,81.072,81.006,81.04,0
1352826000,81.046,81.082,81.029,81.075,0
1352829600,81.068,81.104,81.052,81.056,0
1352833200,81.057,81.084,81.052,81.084,0
1352836800,81.085,81.11,81.073,81.099,0
1352840400,81.101,81.116,81.084,81.1,0
1352844000,81.099,81.127,81.094,81.114,0
1352847600,81.105,81.123,81.103,81.113,0
1352851200,81.054,81.102,81.05,81.084,0
1352854800,81.083,81.109,81.068,81.073,0
1352858400,81.075,81.085,81,81.017,0
1352862000,81.018,81.06,81.012,81.034,0
1352865600,81.038,81.04,81.003,81.008,0
1352869200,81.006,81.055,81.006,81.037,0
1352872800,81.034,81.082,81.025,81.062,0
1352876400,81.066,81.145,81.01,81.028,0
1352880000,81.03,81.103,81.008,81.036,0
1352883600,81.045,81.072,80.924,80.95,0
1352887200,80.953,81.007,80.919,80.987,0
1352890800,80.989,81.08,80.984,81.027,0
1352894400,81.031,81.112,81.024,81.103,0
1352898000,81.105,81.121,80.986,81.086,0
1352901600,81.089,81.107,81.015,81.066,0
1352905200,81.074,81.153,81.033,81.144,0
1352908800,81.14,81.152,81.051,81.083,0
1352912400,81.072,81.095,81.037,81.054,0
1352916000,81.049,81.058,81.014,81.032,0
1352919600,81.035,81.06,80.902,81.056,0
1352923200,81.053,81.137,81.052,81.129,0
1352926800,81.131,81.134,81.099,81.121,0
1352930400,81.125,81.141,81.116,81.123,0
1352934000,81.126,81.126,81.092,81.116,0
1352937600,81.148,81.204,81.136,81.166,0
1352941200,81.169,81.174,81.099,81.114,0
1352944800,81.111,81.134,81.056,81.081,0
1352948400,81.083,81.106,81.078,81.081,0
1352952000,81.077,81.181,81.065,81.175,0
1352955600,81.182,81.21,81.116,81.162,0
1352959200,81.161,81.19,81.126,81.18,0
1352962800,81.181,81.204,81.149,81.19,0
1352966400,81.189,81.2,81.093,81.126,0
1352970000,81.121,81.128,81.028,81.072,0
1352973600,81.077,81.173,81.072,81.125,0
1352977200,81.128,81.153,81.071,81.104,0
1352980800,81.103,81.16,81.097,81.147,0
1352984400,81.15,81.198,81.139,81.178,0
1352988000,81.177,81.183,81.033,81.051,0
1352991600,81.054,81.076,80.932,80.971,0
1352995200,80.974,81.067,80.973,81.03,0
1352998800,81.032,81.083,81.008,81.079,0
1353002400,81.082,81.094,81.022,81.063,0
1353006000,81.06,81.09,81.057,81.078,0
1353009600,81.079,81.14,81.066,81.079,0
1353013200,81.082,81.089,81.026,81.027,0
1353016800,81.028,81.078,81.008,81.023,0
1353020400,81.025,81.033,81.018,81.026,0
1353024000,81.026,81.081,81.016,81.054,0
1353027600,81.053,81.062,81.032,81.053,0
1353031200,81.049,81.087,81.037,81.07,0
1353034800,81.068,81.08,81.032,81.057,0
1353038400,81.048,81.075,81.038,81.061,0
1353042000,81.06,81.072,81.024,81.06,0
1353045600,81.062,81.116,81.041,81.107,0
1353049200,81.11,81.149,81.072,81.094,0
1353052800,81.105,81.136,81.071,81.121,0
1353056400,81.12,81.231,81.113,81.212,0
1353060000,81.208,81.26,81.189,81.237,0
1353063600,81.239,81.275,81.202,81.225,0
1353067200,81.223,81.238,81.162,81.175,0
1353070800,81.176,81.2,81.119,81.198,0
1353074400,81.193,81.259,81.16,81.242,0
1353078000,81.243,81.441,81.227,81.381,0
1353081600,81.383,81.455,81.326,81.336,0
1353085200,81.338,81.365,81.265,81.302,0
1353088800,81.307,81.32,81.241,81.261,0
1353092400,81.262,81.289,81.245,81.257,0
1353096000,81.259,81.288,81.164,81.207,0
1353099600,81.212,81.218,81.183,81.199,0
1353103200,81.195,81.206,81.192,81.192,0
1353276000,81.18,81.225,81.174,81.222,0
1353279600,81.221,81.221,81.128,81.159,0
1353283200,81.16,81.202,81.148,81.18,0
1353286800,81.181,81.186,81.089,81.131,0
1353290400,81.135,81.141,81.037,81.053,0
1353294000,81.06,81.087,81.042,81.074,0
1353297600,81.075,81.096,81.066,81.086,0
1353301200,81.083,81.117,81.069,81.108,0
1353304800,81.107,81.116,81.059,81.076,0
1353308400,81.08,81.099,81.039,81.098,0
1353312000,81.09,81.142,80.98,80.998,0
1353315600,80.999,81.074,80.994,81.042,0
1353319200,81.04,81.079,81.008,81.03,0
1353322800,81.033,81.048,80.989,81.017,0
1353326400,81.025,81.083,81.01,81.072,0
1353330000,81.07,81.093,81.011,81.019,0
1353333600,81.023,81.023,80.934,80.95,0
1353337200,80.949,81.003,80.795,80.807,0
1353340800,80.809,80.869,80.793,80.863,0
1353344400,80.859,80.894,80.84,80.883,0
1353348000,80.878,80.893,80.85,80.874,0
1353351600,80.876,80.888,80.841,80.875,0
1353355200,80.872,80.92,80.861,80.871,0
1353358800,80.87,80.876,80.828,80.851,0
1353362400,80.856,81.04,80.838,80.979,0
1353366000,80.982,81.03,80.948,81.03,0
1353369600,80.998,81.007,80.975,80.984,0
1353373200,80.989,81.003,80.943,80.971,0
1353376800,80.972,80.977,80.926,80.933,0
1353380400,80.936,80.946,80.837,80.868,0
1353384000,80.87,80.911,80.857,80.894,0
1353387600,80.901,80.917,80.883,80.889,0
1353391200,80.894,80.964,80.888,80.951,0
1353394800,80.952,80.972,80.865,80.939,0
1353398400,80.935,80.994,80.813,80.964,0
1353402000,80.968,80.97,80.869,80.93,0
1353405600,80.927,80.934,80.796,80.855,0
1353409200,80.849,80.886,80.827,80.856,0
1353412800,80.86,80.97,80.848,80.934,0
1353416400,80.94,80.942,80.811,80.906,0
1353420000,80.904,81.028,80.903,80.935,0
1353423600,80.938,80.989,80.91,80.968,0
1353427200,80.969,80.99,80.896,80.914,0
1353430800,80.915,80.992,80.882,80.946,0
1353434400,80.942,81.002,80.942,80.957,0
1353438000,80.958,80.991,80.951,80.957,0
1353441600,80.953,80.961,80.88,80.889,0
1353445200,80.883,80.957,80.88,80.888,0
1353448800,80.889,80.924,80.888,80.908,0
1353452400,80.906,80.915,80.883,80.895,0
1353456000,80.924,80.934,80.907,80.922,0
1353459600,80.926,80.993,80.924,80.953,0
1353463200,80.955,81.001,80.931,80.988,0
1353466800,80.99,81.172,80.902,81.149,0
1353470400,81.142,81.258,81.142,81.218,0
1353474000,81.214,81.23,81.186,81.195,0
1353477600,81.197,81.218,81.155,81.204,0
1353481200,81.211,81.265,81.166,81.192,0
1353484800,81.191,81.223,81.144,81.161,0
1353488400,81.168,81.17,81.052,81.107,0
1353492000,81.104,81.128,81.08,81.08,0
1353495600,81.091,81.106,80.979,81.008,0
1353499200,81.002,81.048,80.988,81.031,0
1353502800,81.03,81.046,80.966,80.975,0
1353506400,80.982,80.995,80.906,80.936,0
1353510000,80.931,80.984,80.902,80.966,0
1353513600,80.963,80.981,80.928,80.976,0
1353517200,80.975,80.983,80.903,80.929,0
1353520800,80.923,80.938,80.914,80.927,0
1353524400,80.928,80.949,80.92,80.932,0
1353528000,80.933,80.953,80.925,80.939,0
1353531600,80.94,80.942,80.908,80.915,0
1353535200,80.914,80.932,80.896,80.92,0
1353538800,80.921,80.921,80.744,80.803,0
1353628800,80.731,80.74,80.705,80.71,0
1353632400,80.705,80.712,80.667,80.676,0
1353636000,80.672,80.676,80.645,80.659,0
1353639600,80.663,80.67,80.632,80.642,0
1353643200,80.64,80.655,80.635,80.65,0
1353646800,80.654,80.669,80.642,80.642,0
1353650400,80.636,80.653,80.605,80.636,0
1353654000,80.637,80.648,80.542,80.557,0
1353657600,80.561,80.672,80.546,80.65,0
1353661200,80.648,80.683,80.527,80.586,0
1353664800,80.59,80.646,80.584,80.633,0
1353668400,80.628,80.634,80.552,80.597,0
1353672000,80.59,80.618,80.555,80.555,0
1353675600,80.554,80.567,80.461,80.468,0
1353679200,80.467,80.509,80.402,80.403,0
1353682800,80.405,80.409,80.258,80.294,0
1353686400,80.291,80.308,80.239,80.28,0
1353690000,80.279,80.286,80.128,80.164,0
1353693600,80.16,80.228,80.16,80.225,0
1353697200,80.224,80.243,80.213,80.236,0
1353700800,80.235,80.245,80.198,80.202,0
1353704400,80.204,80.236,80.202,80.216,0
1353708000,80.213,80.217,80.213,80.217,0
1353880800,80.246,80.246,80.212,80.225,0
1353884400,80.221,80.291,80.201,80.265,0
1353888000,80.253,80.305,80.239,80.293,0
1353891600,80.29,80.31,80.266,80.306,0
1353895200,80.305,80.312,80.288,80.299,0
1353898800,80.301,80.31,80.248,80.25,0
1353902400,80.252,80.29,80.251,80.272,0
1353906000,80.275,80.302,80.257,80.278,0
1353909600,80.28,80.313,80.25,80.258,0
1353913200,80.26,80.266,80.15,80.192,0
1353916800,80.196,80.29,80.178,80.279,0
1353920400,80.277,80.301,80.219,80.222,0
1353924000,80.221,80.28,80.194,80.221,0
1353927600,80.219,80.236,80.167,80.224,0
1353931200,80.223,80.289,80.209,80.261,0
1353934800,80.258,80.277,80.191,80.205,0
1353938400,80.201,80.272,80.193,80.246,0
1353942000,80.251,80.263,80.216,80.238,0
1353945600,80.235,80.272,80.225,80.232,0
1353949200,80.234,80.247,80.185,80.247,0
1353952800,80.252,80.257,80.221,80.255,0
1353956400,80.25,80.267,80.225,80.251,0
1353960000,80.241,80.256,80.179,80.19,0
1353963600,80.193,80.205,80.169,80.187,0
1353967200,80.181,80.193,80.031,80.084,0
1353970800,80.087,80.157,80.087,80.128,0
1353974400,80.114,80.114,80.022,80.085,0
1353978000,80.09,80.14,80.054,80.137,0
1353981600,80.14,80.143,80.101,80.125,0
1353985200,80.124,80.161,80.11,80.127,0
1353988800,80.124,80.135,80.095,80.124,0
1353992400,80.116,80.158,80.116,80.139,0
1353996000,80.144,80.149,80.11,80.118,0
1353999600,80.121,80.147,80.086,80.117,0
1354003200,80.116,80.231,80.096,80.187,0
1354006800,80.189,80.271,80.172,80.242,0
1354010400,80.246,80.337,80.241,80.313,0
1354014000,80.311,80.354,80.283,80.285,0
1354017600,80.291,80.291,80.222,80.246,0
1354021200,80.244,80.31,80.206,80.301,0
1354024800,80.312,80.377,80.294,80.336,0
1354028400,80.339,80.473,80.329,80.399,0
1354032000,80.404,80.428,80.359,80.377,0
1354035600,80.37,80.4,80.346,80.361,0
1354039200,80.359,80.407,80.359,80.389,0
1354042800,80.387,80.434,80.38,80.402,0
1354046400,80.398,80.425,80.387,80.423,0
1354050000,80.424,80.424,80.346,80.357,0
1354053600,80.356,80.386,80.338,80.371,0
1354057200,80.373,80.383,80.347,80.35,0
1354060800,80.382,80.399,80.366,80.369,0
1354064400,80.372,80.423,80.368,80.373,0
1354068000,80.375,80.392,80.343,80.352,0
1354071600,80.357,80.395,80.352,80.365,0
1354075200,80.367,80.373,80.335,80.345,0
1354078800,80.343,80.422,80.338,80.409,0
1354082400,80.408,80.44,80.4,80.42,0
1354086000,80.422,80.433,80.386,80.404,0
1354089600,80.406,80.412,80.326,80.363,0
1354093200,80.367,80.404,80.34,80.401,0
1354096800,80.402,80.415,80.368,80.397,0
1354100400,80.404,80.545,80.396,80.54,0
1354104000,80.541,80.542,80.481,80.528,0
1354107600,80.533,80.586,80.517,80.534,0
1354111200,80.532,80.574,80.506,80.522,0
1354114800,80.526,80.589,80.385,80.449,0
1354118400,80.443,80.463,80.346,80.38,0
1354122000,80.383,80.407,80.292,80.297,0
1354125600,80.301,80.358,80.296,80.341,0
1354129200,80.342,80.373,80.326,80.336,0
1354132800,80.341,80.354,80.289,80.294,0
1354136400,80.299,80.337,80.267,80.277,0
1354140000,80.276,80.294,80.236,80.285,0
1354143600,80.287,80.309,80.274,80.298,0
1354147200,80.322,80.334,80.296,80.302,0
1354150800,80.304,80.31,80.274,80.274,0
1354154400,80.275,80.282,80.26,80.276,0
1354158000,80.278,80.29,80.258,80.28,0
1354161600,80.282,80.294,80.264,80.29,0
1354165200,80.289,80.308,80.261,80.299,0
1354168800,80.295,80.345,80.293,80.332,0
1354172400,80.334,80.346,80.241,80.242,0
1354176000,80.24,80.258,80.175,80.194,0
1354179600,80.19,80.209,80.119,80.145,0
1354183200,80.146,80.184,80.099,80.127,0
1354186800,80.124,80.158,80.104,80.138,0
1354190400,80.14,80.17,80.095,80.113,0
1354194000,80.112,80.152,80.077,80.147,0
1354197600,80.141,80.15,80.064,80.064,0
1354201200,80.04,80.234,80.021,80.185,0
1354204800,80.181,80.318,80.149,80.288,0
1354208400,80.285,80.29,80.194,80.205,0
1354212000,80.201,80.221,80.185,80.203,0
1354215600,80.199,80.238,80.194,80.204,0
1354219200,80.202,80.216,80.186,80.192,0
1354222800,80.191,80.206,80.173,80.18,0
1354226400,80.174,80.2,80.17,80.193,0
1354230000,80.19,80.225,80.186,80.21,0
1354233600,80.213,80.219,80.178,80.193,0
1354237200,80.192,80.197,80.155,80.171,0
1354240800,80.175,80.186,80.114,80.158,0
1354244400,80.155,80.183,80.146,80.151,0
1354248000,80.153,80.178,80.129,80.143,0
1354251600,80.147,80.167,80.123,80.123,0
1354255200,80.121,80.162,80.099,80.158,0
1354258800,80.16,80.178,80.027,80.077,0
1354262400,80.072,80.143,80.054,80.106,0
1354266000,80.11,80.191,80.102,80.174,0
1354269600,80.182,80.213,80.137,80.174,0
1354273200,80.179,80.181,80.09,80.135,0
1354276800,80.138,80.257,80.125,80.244,0
1354280400,80.243,80.333,80.22,80.27,0
1354284000,80.272,80.303,80.178,80.2,0
1354287600,80.203,80.211,80.074,80.14,0
1354291200,80.134,80.164,80.094,80.135,0
1354294800,80.139,80.189,80.12,80.155,0
1354298400,80.158,80.184,80.14,80.158,0
1354302000,80.153,80.173,80.137,80.153,0
1354305600,80.159,80.164,80.111,80.138,0
1354309200,80.133,80.243,80.127,80.234,0
1354312800,80.233,80.238,80.227,80.232,0
1354485600,80.209,80.22,80.162,80.167,0
1354489200,80.168,80.224,80.16,80.185,0
1354492800,80.182,80.187,80.123,80.126,0
1354496400,80.127,80.144,79.942,79.971,0
1354500000,79.972,79.998,79.952,79.973,0
1354503600,79.978,79.998,79.971,79.978,0
1354507200,79.976,79.993,79.968,79.982,0
1354510800,79.98,80.03,79.98,80.001,0
1354514400,79.999,80.045,79.999,80.017,0
1354518000,80.022,80.045,79.978,79.999,0
1354521600,80.01,80.035,79.96,80.001,0
1354525200,79.994,80.011,79.918,79.943,0
1354528800,79.94,79.975,79.924,79.955,0
1354532400,79.953,80.001,79.941,79.994,0
1354536000,79.997,80.007,79.799,79.872,0
1354539600,79.87,79.901,79.827,79.887,0
1354543200,79.89,79.989,79.882,79.934,0
1354546800,79.937,79.948,79.807,79.821,0
1354550400,79.813,79.868,79.8,79.827,0
1354554000,79.823,79.872,79.8,79.87,0
1354557600,79.873,79.873,79.828,79.865,0
1354561200,79.87,79.888,79.847,79.882,0
1354564800,79.874,79.913,79.865,79.894,0
1354568400,79.897,79.919,79.888,79.901,0
1354572000,79.897,79.908,79.86,79.862,0
1354575600,79.863,79.893,79.863,79.888,0
1354579200,79.889,79.915,79.883,79.895,0
1354582800,79.897,79.909,79.868,79.904,0
1354586400,79.909,79.921,79.883,79.899,0
1354590000,79.9,79.909,79.834,79.86,0
1354593600,79.855,79.892,79.832,79.866,0
1354597200,79.867,79.894,79.858,79.886,0
1354600800,79.891,79.892,79.809,79.815,0
1354604400,79.816,79.85,79.761,79.774,0
1354608000,79.772,79.833,79.725,79.765,0
1354611600,79.758,79.798,79.744,79.781,0
1354615200,79.772,79.82,79.709,79.754,0
1354618800,79.756,79.783,79.706,79.732,0
1354622400,79.727,79.756,79.659,79.67,0
1354626000,79.663,79.703,79.612,79.644,0
1354629600,79.648,79.703,79.64,79.692,0
1354633200,79.696,79.74,79.666,79.677,0
1354636800,79.68,79.751,79.68,79.724,0
1354640400,79.72,79.73,79.625,79.665,0
1354644000,79.663,79.681,79.648,79.655,0
1354647600,79.654,79.658,79.61,79.644,0
1354651200,79.645,79.666,79.626,79.658,0
1354654800,79.66,79.689,79.651,79.669,0
1354658400,79.671,79.695,79.644,79.672,0
1354662000,79.67,79.693,79.669,79.674,0
1354665600,79.588,79.644,79.587,79.636,0
1354669200,79.634,79.677,79.632,79.649,0
1354672800,79.65,79.672,79.617,79.665,0
1354676400,79.668,79.692,79.64,79.655,0
1354680000,79.662,79.662,79.585,79.606,0
1354683600,79.614,79.658,79.591,79.652,0
1354687200,79.656,79.664,79.631,79.639,0
1354690800,79.641,79.659,79.605,79.614,0
1354694400,79.618,79.662,79.579,79.632,0
1354698000,79.626,79.731,79.623,79.729,0
1354701600,79.728,79.77,79.704,79.741,0
1354705200,79.745,79.772,79.713,79.75,0
1354708800,79.747,79.827,79.747,79.779,0
1354712400,79.778,79.845,79.773,79.811,0
1354716000,79.807,79.834,79.752,79.773,0
1354719600,79.768,79.843,79.762,79.825,0
1354723200,79.826,79.844,79.773,79.785,0
1354726800,79.786,79.786,79.721,79.743,0
1354730400,79.744,79.761,79.735,79.757,0
1354734000,79.762,79.789,79.748,79.774,0
1354737600,79.767,79.82,79.756,79.811,0
1354741200,79.81,79.855,79.804,79.832,0
1354744800,79.833,79.85,79.817,79.824,0
1354748400,79.823,79.827,79.812,79.824,0
1354752000,79.808,79.885,79.784,79.882,0
1354755600,79.892,79.923,79.879,79.905,0
1354759200,79.91,79.91,79.865,79.885,0
1354762800,79.886,79.932,79.883,79.914,0
1354766400,79.917,79.917,79.881,79.893,0
1354770000,79.895,79.903,79.877,79.891,0
1354773600,79.89,79.896,79.859,79.878,0
1354777200,79.88,79.941,79.876,79.911,0
1354780800,79.919,79.938,79.808,79.833,0
1354784400,79.834,79.848,79.758,79.758,0
1354788000,79.768,79.808,79.759,79.779,0
1354791600,79.783,79.841,79.733,79.83,0
1354795200,79.829,79.866,79.755,79.774,0
1354798800,79.773,79.978,79.743,79.943,0
1354802400,79.945,80.075,79.923,80.067,0
1354806000,80.072,80.176,80.061,80.136,0
1354809600,80.14,80.239,80.124,80.224,0
1354813200,80.222,80.305,80.2,80.299,0
1354816800,80.303,80.322,80.265,80.286,0
1354820400,80.291,80.301,80.253,80.258,0
1354824000,80.26,80.269,80.225,80.238,0
1354827600,80.229,80.246,80.217,80.245,0
1354831200,80.24,80.302,80.225,80.288,0
1354834800,80.294,80.294,80.244,80.245,0
1354838400,80.253,80.277,80.247,80.266,0
1354842000,80.262,80.274,80.242,80.246,0
1354845600,80.249,80.26,80.228,80.246,0
1354849200,80.248,80.264,80.237,80.25,0
1354852800,80.252,80.257,80.235,80.246,0
1354856400,80.247,80.287,80.235,80.287,0
1354860000,80.281,80.304,80.267,80.278,0
1354863600,80.281,80.405,80.253,80.366,0
1354867200,80.364,80.428,80.344,80.407,0
1354870800,80.403,80.453,80.35,80.378,0
1354874400,80.381,80.442,80.369,80.431,0
1354878000,80.427,80.485,80.421,80.428,0
1354881600,80.425,80.558,80.408,80.522,0
1354885200,80.52,80.658,80.463,80.53,0
1354888800,80.528,80.595,80.485,80.563,0
1354892400,80.549,80.564,80.36,80.404,0
1354896000,80.403,80.41,80.295,80.342,0
1354899600,80.345,80.368,80.315,80.346,0
1354903200,80.347,80.395,80.341,80.39,0
1354906800,80.389,80.42,80.385,80.415,0
1354910400,80.411,80.448,80.405,80.406,0
1354914000,80.412,80.441,80.405,80.415,0
1354917600,80.41,80.421,80.406,80.41,0
1354921200,80.408,80.408,80.408,80.408,0
1355090400,80.56,80.582,80.538,80.553,0
1355094000,80.532,80.545,80.487,80.499,0
1355097600,80.493,80.513,80.447,80.471,0
1355101200,80.469,80.505,80.445,80.465,0
1355104800,80.466,80.521,80.46,80.488,0
1355108400,80.487,80.533,80.485,80.532,0
1355112000,80.531,80.561,80.522,80.531,0
1355115600,80.524,80.546,80.49,80.508,0
1355119200,80.504,80.507,80.448,80.489,0
1355122800,80.487,80.573,80.46,80.53,0
1355126400,80.526,80.535,80.433,80.468,0
1355130000,80.47,80.505,80.446,80.505,0
1355133600,80.501,80.504,80.425,80.429,0
1355137200,80.434,80.444,80.395,80.432,0
1355140800,80.43,80.458,80.386,80.399,0
1355144400,80.394,80.395,80.275,80.299,0
1355148000,80.298,80.343,80.283,80.304,0
1355151600,80.307,80.375,80.302,80.375,0
1355155200,80.373,80.392,80.361,80.365,0
1355158800,80.367,80.37,80.322,80.338,0
1355162400,80.341,80.364,80.336,80.36,0
1355166000,80.354,80.36,80.318,80.328,0
1355169600,80.333,80.345,80.304,80.316,0
1355173200,80.312,80.328,80.292,80.311,0
1355176800,80.312,80.326,80.292,80.311,0
1355180400,80.312,80.341,80.306,80.328,0
1355184000,80.308,80.341,80.301,80.333,0
1355187600,80.335,80.359,80.322,80.332,0
1355191200,80.335,80.343,80.322,80.334,0
1355194800,80.335,80.371,80.334,80.347,0
1355198400,80.343,80.362,80.222,80.277,0
1355202000,80.28,80.283,80.228,80.242,0
1355205600,80.241,80.287,80.213,80.275,0
1355209200,80.276,80.325,80.253,80.319,0
1355212800,80.321,80.334,80.239,80.306,0
1355216400,80.309,80.317,80.234,80.243,0
1355220000,80.231,80.275,80.191,80.269,0
1355223600,80.265,80.267,80.098,80.116,0
1355227200,80.117,80.148,80.097,80.138,0
1355230800,80.15,80.156,80.07,80.092,0
1355234400,80.09,80.139,80.063,80.07,0
1355238000,80.068,80.102,80.024,80.072,0
1355241600,80.073,80.119,80.044,80.106,0
1355245200,80.099,80.112,80.049,80.065,0
1355248800,80.064,80.065,80.003,80.037,0
1355252400,80.04,80.069,80.027,80.061,0
1355256000,80.06,80.077,80.037,80.065,0
1355259600,80.064,80.069,80.043,80.048,0
1355263200,80.049,80.074,80.016,80.043,0
1355266800,80.04,80.063,80.034,80.053,0
1355270400,80.063,80.085,80.05,80.074,0
1355274000,80.076,80.088,80.029,80.033,0
1355277600,80.036,80.039,80.019,80.035,0
1355281200,80.031,80.097,80.028,80.085,0
1355284800,80.082,80.096,80.062,80.094,0
1355288400,80.095,80.102,80.072,80.097,0
1355292000,80.099,80.111,80.062,80.072,0
1355295600,80.077,80.132,80.05,80.1,0
1355299200,80.093,80.118,80.046,80.076,0
1355302800,80.077,80.09,79.998,80.035,0
1355306400,80.032,80.038,79.967,79.972,0
1355310000,79.976,79.994,79.958,79.986,0
1355313600,79.984,79.991,79.878,79.904,0
1355317200,79.906,79.954,79.903,79.932,0
1355320800,79.938,79.983,79.913,79.979,0
1355324400,79.977,79.994,79.929,79.962,0
1355328000,79.968,80.024,79.965,79.995,0
1355331600,79.996,80.005,79.711,79.764,0
1355335200,79.765,79.842,79.731,79.797,0
1355338800,79.799,79.822,79.761,79.815,0
1355342400,79.814,79.909,79.81,79.902,0
1355346000,79.897,79.9,79.85,79.857,0
1355349600,79.854,79.873,79.846,79.871,0
1355353200,79.869,79.896,79.867,79.891,0
1355356800,79.858,79.914,79.851,79.908,0
1355360400,79.911,79.972,79.907,79.94,0
1355364000,79.939,79.947,79.9,79.94,0
1355367600,79.941,79.965,79.894,79.907,0
1355371200,79.905,79.911,79.849,79.887,0
1355374800,79.885,79.901,79.858,79.89,0
1355378400,79.891,79.906,79.832,79.834,0
1355382000,79.828,79.873,79.816,79.845,0
1355385600,79.854,79.953,79.792,79.916,0
1355389200,79.918,79.955,79.86,79.92,0
1355392800,79.918,80.003,79.907,79.953,0
1355396400,79.956,80.04,79.935,79.939,0
1355400000,79.938,79.96,79.888,79.899,0
1355403600,79.898,79.93,79.847,79.893,0
1355407200,79.897,79.937,79.848,79.897,0
1355410800,79.894,79.899,79.794,79.863,0
1355414400,79.859,79.907,79.846,79.903,0
1355418000,79.902,79.989,79.896,79.932,0
1355421600,79.935,79.962,79.912,79.921,0
1355425200,79.917,79.958,79.911,79.928,0
1355428800,79.927,79.948,79.915,79.926,0
1355432400,79.924,79.942,79.91,79.924,0
1355436000,79.925,79.939,79.918,79.929,0
1355439600,79.926,79.934,79.921,79.929,0
1355443200,79.945,79.982,79.943,79.972,0
1355446800,79.967,79.974,79.892,79.905,0
1355450400,79.904,79.913,79.852,79.854,0
1355454000,79.859,79.932,79.851,79.908,0
1355457600,79.909,79.932,79.895,79.898,0
1355461200,79.901,79.914,79.855,79.864,0
1355464800,79.865,79.907,79.758,79.773,0
1355468400,79.772,79.823,79.74,79.771,0
1355472000,79.774,79.952,79.766,79.933,0
1355475600,79.936,79.984,79.895,79.903,0
1355479200,79.905,79.955,79.867,79.896,0
1355482800,79.894,79.935,79.863,79.917,0
1355486400,79.92,79.972,79.876,79.934,0
1355490000,79.939,79.963,79.876,79.93,0
1355493600,79.926,79.93,79.824,79.87,0
1355497200,79.869,79.89,79.766,79.803,0
1355500800,79.798,79.807,79.651,79.694,0
1355504400,79.69,79.691,79.498,79.527,0
1355508000,79.525,79.554,79.511,79.544,0
1355511600,79.548,79.589,79.544,79.58,0
1355515200,79.574,79.608,79.57,79.602,0
1355518800,79.603,79.61,79.551,79.56,0
1355522400,79.557,79.564,79.549,79.559,0
1355695200,79.649,79.649,79.537,79.559,0
1355698800,79.556,79.644,79.539,79.634,0
1355702400,79.636,79.671,79.621,79.638,0
1355706000,79.639,79.662,79.62,79.654,0
1355709600,79.658,79.677,79.636,79.658,0
1355713200,79.659,79.7,79.655,79.667,0
1355716800,79.668,79.678,79.631,79.644,0
1355720400,79.645,79.673,79.634,79.643,0
1355724000,79.648,79.681,79.639,79.679,0
1355727600,79.682,79.7,79.614,79.635,0
1355731200,79.638,79.657,79.582,79.612,0
1355734800,79.61,79.64,79.567,79.605,0
1355738400,79.601,79.646,79.567,79.595,0
1355742000,79.594,79.624,79.555,79.607,0
1355745600,79.609,79.627,79.559,79.573,0
1355749200,79.571,79.601,79.547,79.574,0
1355752800,79.577,79.59,79.507,79.509,0
1355756400,79.506,79.562,79.474,79.558,0
1355760000,79.561,79.573,79.509,79.516,0
1355763600,79.519,79.578,79.499,79.578,0
1355767200,79.582,79.588,79.548,79.568,0
1355770800,79.563,79.59,79.554,79.568,0
1355774400,79.575,79.594,79.561,79.565,0
1355778000,79.563,79.578,79.556,79.558,0
1355781600,79.56,79.601,79.554,79.577,0
1355785200,79.578,79.588,79.558,79.583,0
1355788800,79.567,79.587,79.554,79.556,0
1355792400,79.555,79.567,79.523,79.527,0
1355796000,79.525,79.548,79.514,79.536,0
1355799600,79.535,79.559,79.524,79.546,0
1355803200,79.548,79.559,79.526,79.538,0
1355806800,79.539,79.558,79.53,79.547,0
1355810400,79.549,79.558,79.523,79.553,0
1355814000,79.555,79.584,79.545,79.564,0
1355817600,79.563,79.606,79.522,79.523,0
1355821200,79.514,79.532,79.487,79.493,0
1355824800,79.5,79.5,79.432,79.466,0
1355828400,79.469,79.507,79.455,79.492,0
1355832000,79.498,79.502,79.462,79.486,0
1355835600,79.485,79.532,79.459,79.505,0
1355839200,79.506,79.515,79.464,79.495,0
1355842800,79.493,79.504,79.34,79.344,0
1355846400,79.349,79.351,79.26,79.314,0
1355850000,79.313,79.328,79.278,79.305,0
1355853600,79.306,79.326,79.274,79.315,0
1355857200,79.314,79.368,79.313,79.359,0
1355860800,79.356,79.363,79.329,79.348,0
1355864400,79.35,79.36,79.318,79.324,0
1355868000,79.32,79.359,79.313,79.355,0
1355871600,79.356,79.361,79.315,79.32,0
1355875200,79.356,79.375,79.33,79.353,0
1355878800,79.354,79.367,79.336,79.347,0
1355882400,79.341,79.344,79.221,79.244,0
1355886000,79.246,79.275,79.236,79.258,0
1355889600,79.259,79.271,79.239,79.252,0
1355893200,79.254,79.273,79.247,79.266,0
1355896800,79.262,79.289,79.251,79.274,0
1355900400,79.275,79.297,79.258,79.293,0
1355904000,79.281,79.331,79.257,79.262,0
1355907600,79.259,79.281,79.134,79.144,0
1355911200,79.146,79.158,79.094,79.143,0
1355914800,79.145,79.146,79.091,79.138,0
1355918400,79.144,79.154,79.034,79.06,0
1355922000,79.059,79.106,79.008,79.094,0
1355925600,79.098,79.125,79.044,79.12,0
1355929200,79.122,79.212,79.114,79.188,0
1355932800,79.193,79.245,79.148,79.243,0
1355936400,79.24,79.295,79.224,79.263,0
1355940000,79.269,79.294,79.262,79.286,0
1355943600,79.285,79.294,79.251,79.269,0
1355947200,79.271,79.3,79.249,79.288,0
1355950800,79.301,79.36,79.269,79.352,0
1355954400,79.355,79.456,79.32,79.426,0
1355958000,79.41,79.427,79.371,79.404,0
1355961600,79.369,79.416,79.36,79.37,0
1355965200,79.369,79.379,79.337,79.344,0
1355968800,79.343,79.37,79.323,79.347,0
1355972400,79.346,79.371,79.326,79.326,0
1355976000,79.328,79.348,79.317,79.337,0
1355979600,79.338,79.385,79.33,79.361,0
1355983200,79.356,79.36,79.32,79.337,0
1355986800,79.334,79.353,79.293,79.344,0
1355990400,79.334,79.346,79.246,79.289,0
1355994000,79.285,79.306,79.253,79.271,0
1355997600,79.272,79.287,79.198,79.215,0
1356001200,79.213,79.228,79.123,79.17,0
1356004800,79.173,79.235,79.157,79.23,0
1356008400,79.232,79.257,79.035,79.061,0
1356012000,79.063,79.164,79.032,79.126,0
1356015600,79.128,79.306,79.11,79.278,0
1356019200,79.277,79.382,79.277,79.325,0
1356022800,79.317,79.334,79.223,79.263,0
1356026400,79.256,79.273,79.232,79.246,0
1356030000,79.243,79.271,79.233,79.261,0
1356033600,79.257,79.266,79.235,79.249,0
1356037200,79.244,79.261,79.228,79.238,0
1356040800,79.236,79.24,79.199,79.232,0
1356044400,79.233,79.272,79.228,79.252,0
1356048000,79.321,79.338,79.311,79.322,0
1356051600,79.321,79.468,79.32,79.409,0
1356055200,79.413,79.487,79.374,79.407,0
1356058800,79.41,79.421,79.361,79.392,0
1356062400,79.389,79.427,79.385,79.414,0
1356066000,79.411,79.421,79.38,79.385,0
1356069600,79.384,79.396,79.348,79.391,0
1356073200,79.394,79.437,79.342,79.407,0
1356076800,79.41,79.437,79.303,79.339,0
1356080400,79.341,79.455,79.314,79.409,0
1356084000,79.404,79.42,79.302,79.389,0
1356087600,79.385,79.433,79.363,79.411,0
1356091200,79.415,79.457,79.345,79.423,0
1356094800,79.417,79.449,79.365,79.413,0
1356098400,79.415,79.587,79.393,79.566,0
1356102000,79.568,79.59,79.487,79.58,0
1356105600,79.581,79.65,79.561,79.618,0
1356109200,79.615,79.654,79.594,79.604,0
1356112800,79.609,79.638,79.554,79.574,0
1356116400,79.577,79.621,79.573,79.617,0
1356120000,79.615,79.625,79.575,79.575,0
1356123600,79.574,79.586,79.55,79.558,0
1356127200,79.556,79.558,79.534,79.535,0
1356300000,79.622,79.638,79.596,79.617,0
1356303600,79.615,79.623,79.584,79.621,0
1356307200,79.614,79.67,79.61,79.654,0
1356310800,79.653,79.673,79.635,79.646,0
1356314400,79.645,79.647,79.612,79.629,0
1356318000,79.626,79.626,79.579,79.596,0
1356321600,79.598,79.611,79.572,79.587,0
1356325200,79.588,79.607,79.573,79.585,0
1356328800,79.586,79.599,79.56,79.568,0
1356332400,79.566,79.567,79.513,79.52,0
1356336000,79.521,79.534,79.433,79.44,0
1356339600,79.438,79.483,79.417,79.467,0
1356343200,79.466,79.481,79.444,79.448,0
1356346800,79.442,79.45,79.371,79.441,0
1356350400,79.438,79.471,79.392,79.467,0
1356354000,79.465,79.495,79.436,79.473,0
1356357600,79.474,79.531,79.474,79.512,0
1356361200,79.511,79.613,79.507,79.612,0
1356364800,79.619,79.71,79.618,79.688,0
1356368400,79.687,79.702,79.625,79.628,0
1356372000,79.635,79.665,79.628,79.653,0
1356375600,79.656,79.667,79.629,79.635,0
1356379200,79.63,79.664,79.63,79.647,0
1356382800,79.645,79.681,79.639,79.679,0
1356386400,79.676,79.685,79.649,79.682,0
1356390000,79.681,79.701,79.659,79.677,0
1356480000,79.674,79.754,79.663,79.751,0
1356483600,79.755,79.767,79.693,79.701,0
1356487200,79.699,79.72,79.688,79.711,0
1356490800,79.708,79.726,79.693,79.704,0
1356494400,79.711,79.748,79.701,79.728,0
1356498000,79.736,79.736,79.696,79.717,0
1356501600,79.714,79.735,79.676,79.689,0
1356505200,79.683,79.714,79.646,79.663,0
1356508800,79.662,79.696,79.662,79.664,0
1356512400,79.665,79.666,79.608,79.614,0
1356516000,79.613,79.636,79.599,79.612,0
1356519600,79.61,79.625,79.576,79.611,0
1356523200,79.61,79.678,79.601,79.648,0
1356526800,79.652,79.71,79.62,79.632,0
1356530400,79.625,79.636,79.441,79.441,0
1356534000,79.443,79.611,79.421,79.611,0
1356537600,79.62,79.653,79.598,79.612,0
1356541200,79.606,79.637,79.589,79.613,0
1356544800,79.61,79.661,79.61,79.653,0
1356548400,79.651,79.655,79.611,79.621,0
1356552000,79.624,79.628,79.58,79.595,0
1356555600,79.594,79.632,79.591,79.606,0
1356559200,79.607,79.624,79.568,79.592,0
1356562800,79.599,79.612,79.586,79.605,0
1356566400,79.563,79.58,79.55,79.573,0
1356570000,79.568,79.615,79.568,79.585,0
1356573600,79.588,79.603,79.571,79.575,0
1356577200,79.569,79.59,79.56,79.578,0
1356580800,79.58,79.602,79.576,79.593,0
1356584400,79.591,79.635,79.586,79.604,0
1356588000,79.606,79.608,79.53,79.558,0
1356591600,79.557,79.562,79.5,79.5,0
1356595200,79.502,79.508,79.397,79.432,0
1356598800,79.429,79.44,79.388,79.399,0
1356602400,79.403,79.434,79.394,79.418,0
1356606000,79.414,79.443,79.4,79.443,0
1356609600,79.446,79.45,79.355,79.374,0
1356613200,79.372,79.446,79.369,79.388,0
1356616800,79.386,79.491,79.386,79.461,0
1356620400,79.463,79.694,79.421,79.648,0
1356624000,79.654,79.679,79.62,79.673,0
1356627600,79.672,79.789,79.67,79.738,0
1356631200,79.747,79.765,79.675,79.688,0
1356634800,79.685,79.717,79.617,79.62,0
1356638400,79.628,79.63,79.577,79.628,0
1356642000,79.629,79.657,79.594,79.65,0
1356645600,79.649,79.699,79.612,79.672,0
1356649200,79.674,79.698,79.654,79.682,0
1356652800,79.647,79.674,79.635,79.648,0
1356656400,79.647,79.678,79.647,79.657,0
1356660000,79.656,79.671,79.629,79.66,0
1356663600,79.662,79.662,79.639,79.645,0
1356667200,79.647,79.655,79.628,79.649,0
1356670800,79.645,79.672,79.64,79.661,0
1356674400,79.662,79.674,79.62,79.622,0
1356678000,79.624,79.631,79.587,79.603,0
1356681600,79.602,79.764,79.596,79.763,0
1356685200,79.761,79.876,79.761,79.828,0
1356688800,79.822,79.93,79.821,79.905,0
1356692400,79.909,79.921,79.827,79.851,0
1356696000,79.848,79.872,79.752,79.795,0
1356699600,79.796,79.85,79.65,79.699,0
1356703200,79.706,79.724,79.603,79.639,0
1356706800,79.645,79.714,79.621,79.673,0
1356710400,79.672,79.72,79.648,79.679,0
1356714000,79.676,79.685,79.644,79.667,0
1356717600,79.662,79.702,79.651,79.679,0
1356721200,79.677,79.698,79.668,79.678,0
1356724800,79.677,79.694,79.666,79.688,0
1356728400,79.69,79.693,79.652,79.684,0
1356732000,79.685,79.685,79.679,79.679,0
1356735600,79.671,79.671,79.671,79.671,0
1356904800,79.648,79.656,79.625,79.654,0
1356908400,79.651,79.652,79.595,79.625,0
1356912000,79.624,79.632,79.584,79.598,0
1356915600,79.601,79.637,79.586,79.607,0
1356919200,79.613,79.713,79.603,79.684,0
1356922800,79.682,79.705,79.661,79.675,0
1356926400,79.67,79.801,79.668,79.769,0
1356930000,79.762,79.768,79.731,79.753,0
1356933600,79.752,79.788,79.743,79.783,0
1356937200,79.777,79.827,79.762,79.777,0
1356940800,79.773,79.838,79.724,79.753,0
1356944400,79.749,79.788,79.736,79.773,0
1356948000,79.772,79.804,79.742,79.77,0
1356951600,79.771,79.85,79.747,79.815,0
1356955200,79.811,79.824,79.756,79.79,0
1356958800,79.794,79.837,79.647,79.714,0
1356962400,79.707,79.716,79.611,79.648,0
1356966000,79.655,79.803,79.643,79.802,0
1356969600,79.803,79.853,79.764,79.812,0
1356973200,79.815,79.815,79.687,79.769,0
1356976800,79.767,79.785,79.721,79.744,0
1356980400,79.745,79.802,79.74,79.76,0
1356984000,79.768,79.836,79.726,79.764,0
1356987600,79.762,79.813,79.755,79.762,0
1356991200,79.76,79.782,79.756,79.763,0
1356994800,79.759,79.764,79.759,79.764,0
1357084800,79.759,79.767,79.699,79.718,0
1357088400,79.713,79.728,79.414,79.452,0
1357092000,79.437,79.437,79.283,79.322,0
1357095600,79.319,79.399,79.306,79.362,0
1357099200,79.369,79.511,79.356,79.483,0
1357102800,79.482,79.5,79.43,79.462,0
1357106400,79.464,79.469,79.43,79.449,0
1357110000,79.453,79.467,79.347,79.432,0
1357113600,79.437,79.457,79.354,79.387,0
1357117200,79.378,79.479,79.359,79.44,0
1357120800,79.441,79.568,79.431,79.515,0
1357124400,79.517,79.573,79.48,79.507,0
1357128000,79.508,79.509,79.376,79.429,0
1357131600,79.436,79.531,79.406,79.509,0
1357135200,79.516,79.562,79.474,79.492,0
1357138800,79.491,79.564,79.469,79.564,0
1357142400,79.56,79.797,79.545,79.758,0
1357146000,79.762,79.928,79.757,79.887,0
1357149600,79.882,79.928,79.855,79.903,0
1357153200,79.905,79.933,79.845,79.845,0
1357156800,79.847,79.86,79.815,79.815,0
1357160400,79.813,79.83,79.788,79.818,0
1357164000,79.814,79.855,79.805,79.806,0
1357167600,79.805,79.861,79.805,79.855,0
1357171200,79.819,79.825,79.795,79.812,0
1357174800,79.816,79.897,79.805,79.866,0
1357178400,79.871,80.077,79.855,80.07,0
1357182000,80.075,80.088,80.007,80.015,0
1357185600,80.013,80.026,80.002,80.025,0
1357189200,80.023,80.048,80.011,80.022,0
1357192800,80.02,80.022,79.969,79.978,0
1357196400,79.981,80.015,79.938,80.014,0
1357200000,80.017,80.019,79.875,79.894,0
1357203600,79.897,79.97,79.864,79.961,0
1357207200,79.962,80.17,79.957,80.163,0
1357210800,80.165,80.174,80.08,80.095,0
1357214400,80.1,80.229,80.096,80.17,0
1357218000,80.169,80.222,80.102,80.107,0
1357221600,80.105,80.18,80.073,80.169,0
1357225200,80.174,80.201,80.1,80.17,0
1357228800,80.167,80.171,80.056,80.123,0
1357232400,80.12,80.146,80.094,80.105,0
1357236000,80.108,80.155,80.101,80.155,0
1357239600,80.153,80.413,80.153,80.382,0
1357243200,80.386,80.463,80.365,80.43,0
1357246800,80.431,80.461,80.382,80.448,0
1357250400,80.447,80.589,80.431,80.534,0
1357254000,80.535,80.535,80.502,80.507,0
1357257600,80.564,80.648,80.534,80.646,0
1357261200,80.652,80.652,80.561,80.565,0
1357264800,80.568,80.647,80.564,80.643,0
1357268400,80.642,80.672,80.594,80.614,0
1357272000,80.612,80.632,80.577,80.595,0
1357275600,80.593,80.603,80.55,80.558,0
1357279200,80.557,80.583,80.526,80.576,0
1357282800,80.578,80.765,80.569,80.765,0
1357286400,80.767,80.783,80.688,80.753,0
1357290000,80.752,80.809,80.733,80.769,0
1357293600,80.766,80.826,80.74,80.822,0
1357297200,80.823,80.868,80.798,80.848,0
1357300800,80.845,80.855,80.776,80.825,0
1357304400,80.827,80.849,80.58,80.608,0
1357308000,80.602,80.634,80.471,80.48,0
1357311600,80.478,80.634,80.477,80.588,0
1357315200,80.597,80.662,80.552,80.607,0
1357318800,80.603,80.662,80.597,80.607,0
1357322400,80.606,80.628,80.558,80.574,0
1357326000,80.567,80.577,80.463,80.499,0
1357329600,80.496,80.515,80.413,80.453,0
1357333200,80.454,80.504,80.444,80.502,0
1357336800,80.5,80.504,80.49,80.501,0
1357509600,80.462,80.522,80.462,80.477,0
1357513200,80.479,80.536,80.471,80.513,0
1357516800,80.511,80.614,80.505,80.588,0
1357520400,80.587,80.598,80.54,80.566,0
1357524000,80.57,80.57,80.509,80.549,0
1357527600,80.555,80.581,80.53,80.566,0
1357531200,80.569,80.66,80.554,80.634,0
1357534800,80.633,80.672,80.603,80.63,0
1357538400,80.629,80.653,80.57,80.593,0
1357542000,80.591,80.633,80.528,80.617,0
1357545600,80.615,80.684,80.6,80.651,0
1357549200,80.646,80.665,80.564,80.589,0
1357552800,80.588,80.605,80.54,80.573,0
1357556400,80.572,80.613,80.555,80.612,0
1357560000,80.613,80.636,80.553,80.628,0
1357563600,80.627,80.632,80.458,80.487,0
1357567200,80.485,80.533,80.469,80.509,0
1357570800,80.507,80.521,80.306,80.307,0
1357574400,80.306,80.334,80.253,80.3,0
1357578000,80.305,80.325,80.247,80.268,0
1357581600,80.272,80.284,80.21,80.251,0
1357585200,80.254,80.273,80.23,80.256,0
1357588800,80.257,80.283,80.218,80.23,0
1357592400,80.235,80.256,80.216,80.225,0
1357596000,80.226,80.23,80.115,80.136,0
1357599600,80.139,80.183,80.135,80.171,0
1357603200,80.145,80.195,80.141,80.18,0
1357606800,80.186,80.237,80.16,80.21,0
1357610400,80.211,80.233,80.107,80.159,0
1357614000,80.162,80.217,80.14,80.168,0
1357617600,80.176,80.189,80.146,80.185,0
1357621200,80.184,80.188,80.143,80.173,0
1357624800,80.171,80.224,80.151,80.208,0
1357628400,80.211,80.255,80.179,80.2,0
1357632000,80.205,80.26,80.165,80.176,0
1357635600,80.181,80.208,80.136,80.203,0
1357639200,80.204,80.231,80.172,80.184,0
1357642800,80.183,80.26,80.147,80.174,0
1357646400,80.173,80.332,80.164,80.311,0
1357650000,80.313,80.445,80.312,80.394,0
1357653600,80.393,80.437,80.301,80.362,0
1357657200,80.363,80.437,80.346,80.414,0
1357660800,80.42,80.447,80.371,80.432,0
1357664400,80.435,80.438,80.385,80.405,0
1357668000,80.416,80.417,80.36,80.362,0
1357671600,80.363,80.377,80.328,80.345,0
1357675200,80.342,80.357,80.322,80.343,0
1357678800,80.344,80.344,80.295,80.333,0
1357682400,80.332,80.345,80.301,80.311,0
1357686000,80.308,80.332,80.301,80.314,0
1357689600,80.292,80.412,80.289,80.392,0
1357693200,80.393,80.405,80.348,80.401,0
1357696800,80.402,80.447,80.373,80.429,0
1357700400,80.428,80.44,80.409,80.425,0
1357704000,80.426,80.442,80.414,80.423,0
1357707600,80.425,80.426,80.371,80.374,0
1357711200,80.382,80.391,80.337,80.371,0
1357714800,80.372,80.43,80.35,80.411,0
1357718400,80.412,80.453,80.348,80.363,0
1357722000,80.36,80.459,80.335,80.456,0
1357725600,80.451,80.463,80.414,80.45,0
1357729200,80.447,80.542,80.427,80.538,0
1357732800,80.535,80.567,80.491,80.526,0
1357736400,80.528,80.586,80.51,80.533,0
1357740000,80.532,80.641,80.529,80.592,0
1357743600,80.59,80.619,80.542,80.618,0
1357747200,80.625,80.634,80.465,80.488,0
1357750800,80.486,80.542,80.465,80.52,0
1357754400,80.514,80.613,80.51,80.567,0
1357758000,80.565,80.568,80.522,80.557,0
1357761600,80.559,80.571,80.506,80.52,0
1357765200,80.521,80.545,80.49,80.53,0
1357768800,80.532,80.604,80.515,80.593,0
1357772400,80.595,80.621,80.577,80.609,0
1357776000,80.601,80.65,80.599,80.622,0
1357779600,80.626,80.674,80.612,80.674,0
1357783200,80.671,80.671,80.605,80.627,0
1357786800,80.625,80.635,80.601,80.612,0
1357790400,80.61,80.648,80.599,80.64,0
1357794000,80.636,80.661,80.634,80.648,0
1357797600,80.65,80.65,80.565,80.573,0
1357801200,80.577,80.601,80.518,80.557,0
1357804800,80.556,80.595,80.534,80.564,0
1357808400,80.56,80.567,80.395,80.395,0
1357812000,80.396,80.427,80.346,80.386,0
1357815600,80.388,80.396,80.327,80.37,0
1357819200,80.368,80.423,80.325,80.359,0
1357822800,80.36,80.409,80.037,80.044,0
1357826400,80.043,80.09,79.968,80.017,0
1357830000,80.018,80.052,79.89,79.913,0
1357833600,79.92,79.936,79.874,79.893,0
1357837200,79.892,79.912,79.711,79.721,0
1357840800,79.719,79.776,79.688,79.693,0
1357844400,79.695,79.747,79.671,79.738,0
1357848000,79.74,79.77,79.715,79.763,0
1357851600,79.76,79.797,79.723,79.723,0
1357855200,79.727,79.781,79.704,79.758,0
1357858800,79.759,79.792,79.753,79.791,0
1357862400,79.78,79.814,79.775,79.784,0
1357866000,79.783,79.831,79.771,79.816,0
1357869600,79.826,79.848,79.796,79.806,0
1357873200,79.808,79.842,79.791,79.82,0
1357876800,79.825,79.835,79.805,79.814,0
1357880400,79.817,79.827,79.797,79.815,0
1357884000,79.817,79.854,79.808,79.85,0
1357887600,79.849,79.851,79.748,79.774,0
1357891200,79.773,79.844,79.742,79.826,0
1357894800,79.832,79.832,79.731,79.779,0
1357898400,79.778,79.833,79.753,79.802,0
1357902000,79.806,79.854,79.794,79.847,0
1357905600,79.842,79.861,79.758,79.797,0
1357909200,79.798,79.827,79.453,79.514,0
1357912800,79.515,79.591,79.435,79.575,0
1357916400,79.573,79.642,79.504,79.524,0
1357920000,79.521,79.558,79.468,79.512,0
1357923600,79.513,79.524,79.455,79.465,0
1357927200,79.46,79.532,79.452,79.51,0
1357930800,79.52,79.566,79.513,79.563,0
1357934400,79.56,79.596,79.549,79.577,0
1357938000,79.576,79.582,79.527,79.542,0
1357941600,79.541,79.563,79.541,79.563,0
1358114400,79.485,79.536,79.485,79.497,0
1358118000,79.499,79.549,79.499,79.532,0
1358121600,79.535,79.554,79.459,79.466,0
1358125200,79.468,79.488,79.443,79.464,0
1358128800,79.463,79.467,79.345,79.4,0
1358132400,79.406,79.411,79.363,79.379,0
1358136000,79.378,79.413,79.371,79.401,0
1358139600,79.402,79.435,79.395,79.429,0
1358143200,79.428,79.467,79.405,79.449,0
1358146800,79.448,79.476,79.424,79.434,0
1358150400,79.436,79.557,79.43,79.517,0
1358154000,79.514,79.54,79.442,79.453,0
1358157600,79.451,79.503,79.391,79.497,0
1358161200,79.494,79.54,79.48,79.531,0
1358164800,79.537,79.65,79.505,79.64,0
1358168400,79.647,79.648,79.544,79.58,0
1358172000,79.582,79.633,79.552,79.581,0
1358175600,79.584,79.613,79.503,79.533,0
1358179200,79.524,79.586,79.499,79.515,0
1358182800,79.51,79.573,79.488,79.533,0
1358186400,79.526,79.555,79.51,79.53,0
1358190000,79.527,79.54,79.478,79.488,0
1358193600,79.481,79.501,79.426,79.469,0
1358197200,79.471,79.523,79.436,79.489,0
1358200800,79.483,79.526,79.47,79.515,0
1358204400,79.512,79.533,79.477,79.499,0
1358208000,79.503,79.519,79.483,79.5,0
1358211600,79.491,79.508,79.449,79.476,0
1358215200,79.48,79.505,79.422,79.454,0
1358218800,79.456,79.531,79.386,79.529,0
1358222400,79.528,79.56,79.497,79.534,0
1358226000,79.536,79.561,79.509,79.533,0
1358229600,79.534,79.568,79.49,79.543,0
1358233200,79.541,79.594,79.497,79.543,0
1358236800,79.542,79.556,79.414,79.423,0
1358240400,79.424,79.487,79.396,79.4,0
1358244000,79.406,79.573,79.394,79.556,0
1358247600,79.561,79.593,79.515,79.517,0
1358251200,79.52,79.693,79.519,79.655,0
1358254800,79.653,79.685,79.603,79.612,0
1358258400,79.611,79.677,79.573,79.634,0
1358262000,79.637,79.673,79.532,79.532,0
1358265600,79.533,79.607,79.504,79.56,0
1358269200,79.562,79.607,79.559,79.606,0
1358272800,79.602,79.872,79.567,79.816,0
1358276400,79.821,79.855,79.765,79.779,0
1358280000,79.773,79.785,79.677,79.713,0
1358283600,79.71,79.745,79.698,79.739,0
1358287200,79.738,79.786,79.72,79.776,0
1358290800,79.777,79.779,79.754,79.771,0
1358294400,79.691,79.721,79.683,79.704,0
1358298000,79.699,79.787,79.667,79.691,0
1358301600,79.692,79.764,79.69,79.752,0
1358305200,79.759,79.762,79.698,79.72,0
1358308800,79.718,79.733,79.682,79.715,0
1358312400,79.711,79.747,79.702,79.716,0
1358316000,79.714,79.792,79.7,79.707,0
1358319600,79.711,79.82,79.71,79.782,0
1358323200,79.784,79.843,79.755,79.805,0
1358326800,79.813,79.828,79.764,79.79,0
1358330400,79.784,79.821,79.637,79.657,0
1358334000,79.659,79.681,79.608,79.669,0
1358337600,79.671,79.886,79.636,79.886,0
1358341200,79.88,79.89,79.803,79.847,0
1358344800,79.851,79.899,79.759,79.841,0
1358348400,79.848,79.864,79.731,79.785,0
1358352000,79.783,79.785,79.728,79.761,0
1358355600,79.762,79.872,79.75,79.84,0
1358359200,79.845,79.87,79.774,79.774,0
1358362800,79.773,79.822,79.771,79.804,0
1358366400,79.805,79.873,79.801,79.816,0
1358370000,79.814,79.824,79.776,79.788,0
1358373600,79.787,79.829,79.774,79.808,0
1358377200,79.81,79.82,79.795,79.807,0
1358380800,79.853,79.853,79.753,79.76,0
1358384400,79.761,79.769,79.719,79.741,0
1358388000,79.74,79.78,79.735,79.759,0
1358391600,79.758,79.863,79.754,79.812,0
1358395200,79.811,79.867,79.805,79.823,0
1358398800,79.824,79.904,79.806,79.866,0
1358402400,79.874,79.878,79.772,79.777,0
1358406000,79.776,79.875,79.771,79.834,0
1358409600,79.839,79.84,79.619,79.677,0
1358413200,79.676,79.702,79.626,79.681,0
1358416800,79.68,79.68,79.614,79.635,0
1358420400,79.638,79.689,79.601,79.63,0
1358424000,79.628,79.643,79.57,79.603,0
1358427600,79.596,79.726,79.574,79.724,0
1358431200,79.727,79.776,79.713,79.746,0
1358434800,79.748,79.753,79.68,79.699,0
1358438400,79.698,79.735,79.685,79.697,0
1358442000,79.696,79.813,79.687,79.703,0
1358445600,79.7,79.733,79.619,79.645,0
1358449200,79.642,79.689,79.62,79.649,0
1358452800,79.652,79.703,79.644,79.686,0
1358456400,79.682,79.691,79.655,79.676,0
1358460000,79.679,79.704,79.648,79.685,0
1358463600,79.69,79.718,79.684,79.714,0
1358467200,79.696,79.732,79.675,79.721,0
1358470800,79.716,79.759,79.702,79.717,0
1358474400,79.713,79.758,79.688,79.738,0
1358478000,79.732,79.739,79.685,79.701,0
1358481600,79.694,79.74,79.678,79.682,0
1358485200,79.686,79.711,79.655,79.698,0
1358488800,79.701,79.732,79.676,79.724,0
1358492400,79.731,79.753,79.646,79.66,0
1358496000,79.664,79.809,79.66,79.804,0
1358499600,79.805,79.875,79.792,79.837,0
1358503200,79.827,79.888,79.772,79.779,0
1358506800,79.786,79.848,79.738,79.818,0
1358510400,79.817,79.95,79.767,79.936,0
1358514000,79.94,80.052,79.907,79.99,0
1358517600,79.991,80.023,79.91,80.011,0
1358521200,80,80.153,79.986,80.153,0
1358524800,80.152,80.187,80.082,80.091,0
1358528400,80.094,80.094,80.018,80.027,0
1358532000,80.026,80.036,79.977,80.004,0
1358535600,80.01,80.046,79.975,80.036,0
1358539200,80.039,80.053,80.015,80.022,0
1358542800,80.02,80.06,80.019,80.038,0
1358546400,80.037,80.039,80.034,80.038,0
1358812800,80.064,80.089,80.038,80.075,0
1358816400,80.077,80.092,80.048,80.06,0
1358820000,80.058,80.064,79.997,80.02,0
1358823600,80.026,80.037,79.986,79.998,0
1358827200,80.001,80.001,79.781,79.828,0
1358830800,79.829,79.85,79.802,79.809,0
1358834400,79.815,79.841,79.766,79.777,0
1358838000,79.774,79.801,79.718,79.759,0
1358841600,79.764,79.848,79.752,79.834,0
1358845200,79.837,80.062,79.83,79.937,0
1358848800,79.936,79.939,79.728,79.757,0
1358852400,79.756,79.777,79.694,79.775,0
1358856000,79.768,79.857,79.742,79.84,0
1358859600,79.842,79.944,79.842,79.912,0
1358863200,79.909,79.952,79.866,79.91,0
1358866800,79.906,80.012,79.888,79.97,0
1358870400,79.963,79.998,79.899,79.912,0
1358874000,79.909,79.937,79.876,79.903,0
1358877600,79.902,79.918,79.853,79.867,0
1358881200,79.872,79.901,79.859,79.874,0
1358884800,79.877,79.915,79.877,79.885,0
1358888400,79.879,79.889,79.833,79.852,0
1358892000,79.859,79.876,79.838,79.862,0
1358895600,79.864,79.883,79.862,79.872,0
1358899200,79.877,79.895,79.864,79.868,0
1358902800,79.869,79.907,79.824,79.885,0
1358906400,79.882,79.909,79.863,79.882,0
1358910000,79.883,79.901,79.877,79.879,0
1358913600,79.88,79.904,79.855,79.881,0
1358917200,79.884,79.906,79.84,79.869,0
1358920800,79.872,79.906,79.826,79.88,0
1358924400,79.881,79.928,79.855,79.899,0
1358928000,79.9,79.978,79.864,79.879,0
1358931600,79.882,79.925,79.713,79.75,0
1358935200,79.752,79.791,79.703,79.735,0
1358938800,79.734,79.765,79.717,79.754,0
1358942400,79.744,79.773,79.698,79.771,0
1358946000,79.773,79.808,79.727,79.768,0
1358949600,79.772,79.842,79.754,79.779,0
1358953200,79.79,80.128,79.785,80.043,0
1358956800,80.041,80.063,79.917,79.932,0
1358960400,79.93,79.992,79.913,79.954,0
1358964000,79.952,79.962,79.917,79.933,0
1358967600,79.932,79.961,79.913,79.92,0
1358971200,79.918,79.94,79.898,79.913,0
1358974800,79.912,79.936,79.895,79.914,0
1358978400,79.913,79.957,79.9,79.949,0
1358982000,79.947,79.974,79.94,79.961,0
1358985600,79.977,79.992,79.958,79.977,0
1358989200,79.974,80.008,79.931,79.963,0
1358992800,79.964,79.97,79.931,79.961,0
1358996400,79.957,80.026,79.948,80.008,0
1359000000,80.009,80.02,79.987,80.008,0
1359003600,80.009,80.053,80.005,80.046,0
1359007200,80.044,80.059,79.918,79.925,0
1359010800,79.916,80.09,79.91,80.076,0
1359014400,80.073,80.15,79.938,79.987,0
1359018000,80.004,80.05,79.934,80.014,0
1359021600,80.021,80.06,79.992,80.007,0
1359025200,80.006,80.052,79.989,80.035,0
1359028800,80.042,80.056,79.999,80.044,0
1359032400,80.046,80.093,79.933,80.01,0
1359036000,80.025,80.081,79.971,80.056,0
1359039600,80.054,80.054,79.927,79.943,0
1359043200,79.946,79.961,79.861,79.925,0
1359046800,79.926,79.986,79.926,79.951,0
1359050400,79.947,79.968,79.936,79.949,0
1359054000,79.945,79.954,79.923,79.93,0
1359057600,79.933,79.984,79.93,79.96,0
1359061200,79.962,80.015,79.942,79.958,0
1359064800,79.966,79.988,79.949,79.958,0
1359068400,79.963,79.989,79.962,79.985,0
1359072000,79.997,80.046,79.985,80.02,0
1359075600,80.022,80.056,79.995,80.056,0
1359079200,80.054,80.082,80.023,80.043,0
1359082800,80.046,80.086,80.031,80.072,0
1359086400,80.073,80.084,80.045,80.048,0
1359090000,80.045,80.058,80.015,80.039,0
1359093600,80.036,80.076,79.984,80.004,0
1359097200,79.996,79.998,79.828,79.876,0
1359100800,79.877,79.89,79.786,79.821,0
1359104400,79.831,79.868,79.773,79.804,0
1359108000,79.801,79.882,79.758,79.839,0
1359111600,79.844,79.866,79.703,79.837,0
1359115200,79.847,79.847,79.719,79.773,0
1359118800,79.775,79.83,79.713,79.759,0
1359122400,79.758,79.77,79.707,79.708,0
1359126000,79.696,79.77,79.677,79.686,0
1359129600,79.694,79.796,79.694,79.779,0
1359133200,79.78,79.812,79.763,79.812,0
1359136800,79.809,79.81,79.754,79.771,0
1359140400,79.772,79.774,79.726,79.748,0
1359144000,79.752,79.774,79.729,79.746,0
1359147600,79.743,79.772,79.73,79.731,0
1359151200,79.729,79.738,79.718,79.738,0
1359324000,79.766,79.821,79.753,79.794,0
1359327600,79.78,79.802,79.759,79.793,0
1359331200,79.795,79.8,79.759,79.784,0
1359334800,79.782,79.816,79.767,79.803,0
1359338400,79.802,79.834,79.798,79.824,0
1359342000,79.83,79.841,79.814,79.835,0
1359345600,79.839,79.839,79.782,79.804,0
1359349200,79.803,79.807,79.768,79.801,0
1359352800,79.804,79.839,79.791,79.832,0
1359356400,79.83,79.899,79.811,79.896,0
1359360000,79.894,79.922,79.828,79.828,0
1359363600,79.83,79.894,79.776,79.789,0
1359367200,79.785,79.845,79.782,79.816,0
1359370800,79.821,79.894,79.805,79.882,0
1359374400,79.88,79.916,79.852,79.869,0
1359378000,79.871,79.926,79.74,79.768,0
1359381600,79.767,79.83,79.719,79.745,0
1359385200,79.744,79.884,79.738,79.759,0
1359388800,79.755,79.834,79.742,79.785,0
1359392400,79.778,79.837,79.764,79.781,0
1359396000,79.779,79.83,79.773,79.818,0
1359399600,79.817,79.82,79.769,79.78,0
1359403200,79.785,79.798,79.767,79.798,0
1359406800,79.791,79.815,79.778,79.796,0
1359410400,79.795,79.81,79.772,79.807,0
1359414000,79.808,79.816,79.753,79.767,0
1359417600,79.786,79.794,79.753,79.757,0
1359421200,79.753,79.813,79.75,79.794,0
1359424800,79.793,79.801,79.768,79.787,0
1359428400,79.789,79.818,79.767,79.809,0
1359432000,79.806,79.818,79.761,79.772,0
1359435600,79.771,79.804,79.765,79.793,0
1359439200,79.795,79.842,79.783,79.823,0
1359442800,79.827,79.849,79.799,79.809,0
1359446400,79.815,79.833,79.73,79.734,0
1359450000,79.728,79.816,79.719,79.798,0
1359453600,79.797,79.859,79.726,79.823,0
1359457200,79.834,79.857,79.786,79.801,0
1359460800,79.803,79.818,79.743,79.801,0
1359464400,79.798,79.821,79.732,79.787,0
1359468000,79.788,79.793,79.571,79.594,0
1359471600,79.587,79.635,79.543,79.608,0
1359475200,79.619,79.688,79.573,79.576,0
1359478800,79.581,79.611,79.555,79.581,0
1359482400,79.582,79.598,79.559,79.585,0
1359486000,79.584,79.589,79.521,79.564,0
1359489600,79.565,79.568,79.533,79.552,0
1359493200,79.554,79.563,79.523,79.532,0
1359496800,79.534,79.57,79.531,79.564,0
1359500400,79.563,79.578,79.558,79.569,0
1359504000,79.579,79.592,79.561,79.575,0
1359507600,79.572,79.595,79.565,79.588,0
1359511200,79.585,79.59,79.557,79.564,0
1359514800,79.56,79.602,79.559,79.58,0
1359518400,79.583,79.606,79.574,79.59,0
1359522000,79.593,79.605,79.585,79.59,0
1359525600,79.591,79.616,79.565,79.577,0
1359529200,79.578,79.581,79.483,79.504,0
1359532800,79.499,79.593,79.499,79.567,0
1359536400,79.566,79.566,79.454,79.474,0
1359540000,79.484,79.508,79.355,79.365,0
1359543600,79.366,79.416,79.349,79.395,0
1359547200,79.407,79.422,79.381,79.403,0
1359550800,79.401,79.442,79.325,79.407,0
1359554400,79.403,79.423,79.345,79.38,0
1359558000,79.383,79.389,79.245,79.27,0
1359561600,79.266,79.31,79.234,79.295,0
1359565200,79.293,79.316,79.236,79.245,0
1359568800,79.246,79.285,79.229,79.268,0
1359572400,79.269,79.317,79.183,79.281,0
1359576000,79.284,79.297,79.222,79.263,0
1359579600,79.269,79.281,79.249,79.258,0
1359583200,79.257,79.285,79.234,79.264,0
1359586800,79.262,79.265,79.243,79.261,0
1359590400,79.246,79.278,79.241,79.252,0
1359594000,79.251,79.282,79.246,79.264,0
1359597600,79.267,79.269,79.227,79.236,0
1359601200,79.23,79.246,79.207,79.215,0
1359604800,79.213,79.236,79.206,79.229,0
1359608400,79.23,79.238,79.172,79.173,0
1359612000,79.177,79.301,79.17,79.281,0
1359615600,79.282,79.324,79.259,79.294,0
1359619200,79.293,79.328,79.248,79.255,0
1359622800,79.258,79.297,79.235,79.254,0
1359626400,79.253,79.328,79.228,79.313,0
1359630000,79.312,79.369,79.303,79.332,0
1359633600,79.333,79.335,79.283,79.304,0
1359637200,79.307,79.324,79.26,79.26,0
1359640800,79.261,79.277,79.223,79.256,0
1359644400,79.254,79.267,79.133,79.214,0
1359648000,79.21,79.25,79.166,79.178,0
1359651600,79.18,79.192,79.139,79.141,0
1359655200,79.138,79.197,79.138,79.18,0
1359658800,79.183,79.214,79.172,79.207,0
1359662400,79.21,79.22,79.191,79.198,0
1359666000,79.203,79.252,79.195,79.23,0
1359669600,79.235,79.251,79.187,79.198,0
1359673200,79.203,79.226,79.203,79.206,0
1359676800,79.114,79.121,79.088,79.105,0
1359680400,79.106,79.145,79.078,79.128,0
1359684000,79.124,79.156,79.119,79.148,0
1359687600,79.144,79.158,79.121,79.144,0
1359691200,79.142,79.172,79.109,79.123,0
1359694800,79.12,79.151,79.092,79.146,0
1359698400,79.142,79.154,79.121,79.15,0
1359702000,79.152,79.153,79.068,79.088,0
1359705600,79.087,79.184,78.997,79.017,0
1359709200,79.011,79.036,78.961,78.978,0
1359712800,78.972,79.009,78.954,78.989,0
1359716400,78.993,79.091,78.985,79.055,0
1359720000,79.066,79.073,78.987,79.009,0
1359723600,79.006,79.107,78.927,78.989,0
1359727200,78.995,79.284,78.986,79.252,0
1359730800,79.25,79.299,78.951,78.96,0
1359734400,78.963,78.992,78.918,78.976,0
1359738000,78.981,79.08,78.971,79.064,0
1359741600,79.058,79.11,79.051,79.098,0
1359745200,79.099,79.14,79.073,79.125,0
1359748800,79.12,79.193,79.11,79.172,0
1359752400,79.164,79.209,79.162,79.208,0
1359756000,79.207,79.211,79.206,79.206,0
1359928800,79.178,79.192,79.147,79.183,0
1359932400,79.184,79.197,79.162,79.191,0
1359936000,79.193,79.207,79.179,79.194,0
1359939600,79.192,79.247,79.189,79.247,0
1359943200,79.251,79.272,79.238,79.268,0
1359946800,79.271,79.273,79.234,79.261,0
1359950400,79.263,79.285,79.252,79.272,0
1359954000,79.275,79.277,79.248,79.259,0
1359957600,79.258,79.27,79.225,79.243,0
1359961200,79.241,79.271,79.222,79.242,0
1359964800,79.248,79.39,79.248,79.375,0
1359968400,79.371,79.45,79.342,79.418,0
1359972000,79.417,79.481,79.373,79.463,0
1359975600,79.46,79.507,79.444,79.502,0
1359979200,79.503,79.526,79.425,79.434,0
1359982800,79.437,79.515,79.409,79.429,0
1359986400,79.431,79.491,79.385,79.414,0
1359990000,79.413,79.52,79.38,79.476,0
1359993600,79.473,79.575,79.459,79.557,0
1359997200,79.564,79.58,79.516,79.551,0
1360000800,79.55,79.612,79.521,79.588,0
1360004400,79.583,79.591,79.54,79.554,0
1360008000,79.556,79.58,79.539,79.573,0
1360011600,79.57,79.584,79.549,79.573,0
1360015200,79.577,79.605,79.536,79.598,0
1360018800,79.593,79.608,79.55,79.56,0
1360022400,79.588,79.655,79.575,79.632,0
1360026000,79.627,79.641,79.608,79.619,0
1360029600,79.625,79.66,79.611,79.632,0
1360033200,79.633,79.675,79.621,79.661,0
1360036800,79.663,79.702,79.653,79.689,0
1360040400,79.687,79.714,79.676,79.693,0
1360044000,79.694,79.785,79.679,79.761,0
1360047600,79.763,79.776,79.696,79.735,0
1360051200,79.739,79.741,79.557,79.557,0
1360054800,79.552,79.6,79.503,79.591,0
1360058400,79.586,79.624,79.493,79.53,0
1360062000,79.527,79.554,79.476,79.519,0
1360065600,79.526,79.61,79.47,79.61,0
1360069200,79.609,79.707,79.603,79.696,0
1360072800,79.692,79.775,79.654,79.673,0
1360076400,79.67,79.721,79.581,79.705,0
1360080000,79.709,79.723,79.454,79.564,0
1360083600,79.566,79.61,79.495,79.504,0
1360087200,79.498,79.51,79.451,79.502,0
1360090800,79.515,79.548,79.472,79.488,0
1360094400,79.484,79.544,79.484,79.536,0
1360098000,79.537,79.555,79.488,79.523,0
1360101600,79.524,79.556,79.505,79.534,0
1360105200,79.539,79.558,79.525,79.535,0
1360108800,79.533,79.552,79.505,79.531,0
1360112400,79.527,79.553,79.498,79.501,0
1360116000,79.497,79.55,79.492,79.54,0
1360119600,79.539,79.585,79.537,79.552,0
1360123200,79.553,79.583,79.545,79.575,0
1360126800,79.576,79.627,79.568,79.621,0
1360130400,79.625,79.643,79.597,79.636,0
1360134000,79.631,79.762,79.609,79.725,0
1360137600,79.719,79.812,79.685,79.712,0
1360141200,79.709,79.811,79.701,79.715,0
1360144800,79.717,79.779,79.673,79.686,0
1360148400,79.684,79.776,79.684,79.754,0
1360152000,79.753,79.838,79.723,79.756,0
1360155600,79.751,79.864,79.751,79.841,0
1360159200,79.825,79.831,79.718,79.741,0
1360162800,79.746,79.764,79.68,79.7,0
1360166400,79.699,79.745,79.678,79.735,0
1360170000,79.733,79.773,79.687,79.77,0
1360173600,79.763,79.776,79.741,79.767,0
1360177200,79.752,79.774,79.715,79.721,0
1360180800,79.72,79.748,79.71,79.74,0
1360184400,79.734,79.775,79.721,79.756,0
1360188000,79.757,79.773,79.736,79.755,0
1360191600,79.762,79.769,79.743,79.756,0
1360195200,79.742,79.803,79.738,79.777,0
1360198800,79.778,79.796,79.764,79.773,0
1360202400,79.767,79.808,79.764,79.794,0
1360206000,79.791,79.816,79.791,79.794,0
1360209600,79.793,79.796,79.772,79.775,0
1360213200,79.777,79.782,79.709,79.732,0
1360216800,79.729,79.74,79.691,79.699,0
1360220400,79.701,79.759,79.676,79.715,0
1360224000,79.727,79.753,79.556,79.597,0
1360227600,79.599,79.633,79.578,79.628,0
1360231200,79.629,79.633,79.539,79.556,0
1360234800,79.561,79.615,79.539,79.589,0
1360238400,79.584,79.616,79.539,79.595,0
1360242000,79.598,79.932,79.577,79.927,0
1360245600,79.923,80.118,79.915,80.079,0
1360249200,80.076,80.281,80.067,80.219,0
1360252800,80.207,80.263,80.16,80.25,0
1360256400,80.252,80.267,80.176,80.204,0
1360260000,80.208,80.249,80.198,80.203,0
1360263600,80.2,80.249,80.184,80.192,0
1360267200,80.19,80.249,80.19,80.216,0
1360270800,80.218,80.232,80.192,80.225,0
1360274400,80.223,80.275,80.214,80.241,0
1360278000,80.242,80.242,80.214,80.231,0
1360281600,80.243,80.265,80.223,80.249,0
1360285200,80.242,80.273,80.181,80.181,0
1360288800,80.18,80.204,80.136,80.148,0
1360292400,80.147,80.164,80.13,80.144,0
1360296000,80.146,80.157,80.124,80.148,0
1360299600,80.145,80.178,80.124,80.145,0
1360303200,80.148,80.168,80.111,80.15,0
1360306800,80.152,80.213,80.098,80.113,0
1360310400,80.117,80.135,79.998,80.076,0
1360314000,80.074,80.078,79.985,80.021,0
1360317600,80.023,80.042,79.955,79.995,0
1360321200,80.006,80.061,79.974,80.011,0
1360324800,80.013,80.108,79.941,80.064,0
1360328400,80.066,80.176,80.052,80.163,0
1360332000,80.16,80.186,80.076,80.136,0
1360335600,80.147,80.18,80.086,80.129,0
1360339200,80.133,80.212,80.1,80.21,0
1360342800,80.213,80.279,80.201,80.275,0
1360346400,80.279,80.279,80.225,80.258,0
1360350000,80.259,80.279,80.235,80.246,0
1360353600,80.251,80.254,80.218,80.229,0
1360357200,80.226,80.246,80.196,80.219,0
1360360800,80.218,80.219,80.213,80.213,0
1360533600,80.207,80.22,80.163,80.199,0
1360537200,80.198,80.216,80.174,80.207,0
1360540800,80.206,80.223,80.182,80.187,0
1360544400,80.186,80.199,80.165,80.184,0
1360548000,80.186,80.195,80.168,80.177,0
1360551600,80.173,80.186,80.156,80.177,0
1360555200,80.174,80.212,80.174,80.19,0
1360558800,80.186,80.211,80.181,80.185,0
1360562400,80.184,80.187,80.108,80.153,0
1360566000,80.146,80.237,80.126,80.235,0
1360569600,80.224,80.298,80.222,80.236,0
1360573200,80.237,80.286,80.198,80.217,0
1360576800,80.21,80.314,80.199,80.294,0
1360580400,80.3,80.347,80.292,80.327,0
1360584000,80.326,80.33,80.218,80.266,0
1360587600,80.27,80.34,80.256,80.294,0
1360591200,80.287,80.399,80.279,80.382,0
1360594800,80.381,80.388,80.323,80.359,0
1360598400,80.355,80.358,80.165,80.224,0
1360602000,80.226,80.26,80.218,80.245,0
1360605600,80.247,80.247,80.186,80.207,0
1360609200,80.202,80.318,80.189,80.31,0
1360612800,80.307,80.378,80.297,80.31,0
1360616400,80.316,80.367,80.272,80.347,0
1360620000,80.35,80.401,80.342,80.364,0
1360623600,80.366,80.393,80.331,80.38,0
1360627200,80.352,80.376,80.335,80.346,0
1360630800,80.343,80.374,80.341,80.36,0
1360634400,80.366,80.39,80.346,80.387,0
1360638000,80.39,80.429,80.382,80.408,0
1360641600,80.413,80.444,80.396,80.397,0
1360645200,80.401,80.438,80.396,80.408,0
1360648800,80.407,80.427,80.372,80.399,0
1360652400,80.402,80.484,80.391,80.46,0
1360656000,80.457,80.503,80.43,80.441,0
1360659600,80.448,80.489,80.368,80.489,0
1360663200,80.484,80.508,80.261,80.291,0
1360666800,80.292,80.292,80.158,80.23,0
1360670400,80.229,80.285,80.218,80.277,0
1360674000,80.279,80.299,80.166,80.254,0
1360677600,80.259,80.309,80.183,80.207,0
1360681200,80.212,80.215,79.916,79.951,0
1360684800,79.956,80.039,79.935,80.026,0
1360688400,80.028,80.042,79.96,79.978,0
1360692000,79.979,80.06,79.972,80.053,0
1360695600,80.05,80.109,80.043,80.106,0
1360699200,80.105,80.107,80.076,80.08,0
1360702800,80.079,80.081,80.035,80.043,0
1360706400,80.042,80.046,79.989,80.002,0
1360710000,80.006,80.054,80.006,80.051,0
1360713600,80.037,80.054,80.006,80.017,0
1360717200,80.023,80.04,80.008,80.031,0
1360720800,80.032,80.043,80.008,80.015,0
1360724400,80.013,80.059,80.008,80.024,0
1360728000,80.027,80.036,79.963,79.986,0
1360731600,79.979,80.027,79.974,80.014,0
1360735200,80.013,80.038,79.991,80.017,0
1360738800,80.015,80.043,79.939,79.977,0
1360742400,79.969,80.028,79.96,79.974,0
1360746000,79.975,79.977,79.886,79.94,0
1360749600,79.943,79.989,79.917,79.986,0
1360753200,79.981,80.056,79.935,79.964,0
1360756800,79.965,79.985,79.84,79.949,0
1360760400,79.95,80.03,79.915,79.978,0
1360764000,79.979,80.042,79.945,79.973,0
1360767600,79.97,80.178,79.959,80.146,0
1360771200,80.143,80.157,80.077,80.088,0
1360774800,80.085,80.092,80.039,80.063,0
1360778400,80.064,80.099,80.059,80.095,0
1360782000,80.096,80.122,80.087,80.091,0
1360785600,80.09,80.111,80.08,80.108,0
1360789200,80.101,80.107,80.06,80.069,0
1360792800,80.063,80.079,80.045,80.055,0
1360796400,80.058,80.08,80.055,80.071,0
1360800000,80.07,80.095,80.062,80.089,0
1360803600,80.088,80.112,80.064,80.084,0
1360807200,80.085,80.091,80.065,80.084,0
1360810800,80.088,80.124,80.068,80.114,0
1360814400,80.11,80.155,80.103,80.141,0
1360818000,80.142,80.185,80.121,80.174,0
1360821600,80.172,80.255,80.154,80.251,0
1360825200,80.25,80.371,80.221,80.343,0
1360828800,80.337,80.361,80.24,80.244,0
1360832400,80.239,80.444,80.238,80.444,0
1360836000,80.443,80.621,80.443,80.562,0
1360839600,80.56,80.605,80.517,80.553,0
1360843200,80.554,80.579,80.488,80.509,0
1360846800,80.508,80.553,80.492,80.524,0
1360850400,80.527,80.551,80.457,80.48,0
1360854000,80.478,80.539,80.43,80.449,0
1360857600,80.45,80.535,80.442,80.507,0
1360861200,80.505,80.515,80.475,80.492,0
1360864800,80.491,80.519,80.475,80.487,0
1360868400,80.488,80.495,80.452,80.458,0
1360872000,80.462,80.468,80.351,80.373,0
1360875600,80.37,80.402,80.358,80.364,0
1360879200,80.371,80.406,80.318,80.386,0
1360882800,80.384,80.404,80.373,80.386,0
1360886400,80.429,80.433,80.393,80.406,0
1360890000,80.403,80.409,80.364,80.387,0
1360893600,80.389,80.422,80.338,80.344,0
1360897200,80.342,80.354,80.286,80.302,0
1360900800,80.301,80.333,80.281,80.315,0
1360904400,80.319,80.376,80.302,80.353,0
1360908000,80.357,80.372,80.216,80.28,0
1360911600,80.284,80.298,80.226,80.232,0
1360915200,80.238,80.489,80.235,80.397,0
1360918800,80.394,80.467,80.384,80.452,0
1360922400,80.455,80.482,80.411,80.471,0
1360926000,80.481,80.517,80.462,80.472,0
1360929600,80.466,80.579,80.466,80.552,0
1360933200,80.548,80.596,80.445,80.479,0
1360936800,80.483,80.552,80.471,80.519,0
1360940400,80.537,80.581,80.434,80.555,0
1360944000,80.55,80.557,80.473,80.502,0
1360947600,80.497,80.542,80.478,80.507,0
1360951200,80.509,80.515,80.487,80.497,0
1360954800,80.489,80.507,80.455,80.5,0
1360958400,80.496,80.503,80.455,80.471,0
1360962000,80.469,80.495,80.446,80.467,0
1360965600,80.468,80.484,80.466,80.483,0
1361232000,80.644,80.664,80.63,80.658,0
1361235600,80.656,80.679,80.639,80.649,0
1361239200,80.647,80.678,80.643,80.662,0
1361242800,80.663,80.668,80.637,80.637,0
1361246400,80.64,80.643,80.589,80.6,0
1361250000,80.602,80.621,80.586,80.591,0
1361253600,80.595,80.615,80.56,80.568,0
1361257200,80.573,80.652,80.563,80.639,0
1361260800,80.643,80.646,80.515,80.567,0
1361264400,80.57,80.614,80.551,80.614,0
1361268000,80.616,80.664,80.513,80.639,0
1361271600,80.64,80.663,80.602,80.663,0
1361275200,80.66,80.67,80.62,80.67,0
1361278800,80.662,80.666,80.58,80.625,0
1361282400,80.621,80.621,80.523,80.546,0
1361286000,80.545,80.597,80.531,80.589,0
1361289600,80.585,80.605,80.448,80.482,0
1361293200,80.478,80.502,80.461,80.493,0
1361296800,80.492,80.492,80.425,80.458,0
1361300400,80.455,80.484,80.441,80.468,0
1361304000,80.467,80.474,80.444,80.471,0
1361307600,80.473,80.495,80.458,80.481,0
1361311200,80.48,80.503,80.468,80.499,0
1361314800,80.492,80.514,80.466,80.514,0
1361318400,80.436,80.44,80.359,80.373,0
1361322000,80.374,80.383,80.316,80.363,0
1361325600,80.368,80.382,80.335,80.349,0
1361329200,80.35,80.375,80.346,80.365,0
1361332800,80.361,80.382,80.346,80.364,0
1361336400,80.363,80.37,80.321,80.333,0
1361340000,80.334,80.344,80.271,80.316,0
1361343600,80.315,80.372,80.273,80.372,0
1361347200,80.374,80.376,80.3,80.309,0
1361350800,80.313,80.392,80.303,80.392,0
1361354400,80.394,80.528,80.377,80.517,0
1361358000,80.515,80.612,80.506,80.611,0
1361361600,80.612,80.66,80.587,80.63,0
1361365200,80.628,80.666,80.593,80.62,0
1361368800,80.619,80.668,80.554,80.66,0
1361372400,80.661,80.679,80.597,80.656,0
1361376000,80.652,80.801,80.644,80.727,0
1361379600,80.73,80.786,80.716,80.767,0
1361383200,80.774,80.834,80.719,80.813,0
1361386800,80.812,81.116,80.812,81.069,0
1361390400,81.075,81.107,81.047,81.067,0
1361394000,81.064,81.069,81.031,81.041,0
1361397600,81.049,81.069,81.004,81.032,0
1361401200,81.031,81.088,81.024,81.083,0
1361404800,81.078,81.078,81.037,81.063,0
1361408400,81.065,81.088,81.034,81.076,0
1361412000,81.08,81.097,81.052,81.082,0
1361415600,81.081,81.147,81.064,81.13,0
1361419200,81.128,81.162,81.112,81.124,0
1361422800,81.129,81.279,81.119,81.268,0
1361426400,81.274,81.274,81.132,81.143,0
1361430000,81.147,81.182,81.082,81.145,0
1361433600,81.137,81.377,81.117,81.363,0
1361437200,81.369,81.465,81.353,81.379,0
1361440800,81.384,81.508,81.377,81.421,0
1361444400,81.418,81.447,81.35,81.375,0
1361448000,81.377,81.427,81.335,81.351,0
1361451600,81.348,81.394,81.314,81.351,0
1361455200,81.355,81.385,81.296,81.378,0
1361458800,81.382,81.39,81.213,81.213,0
1361462400,81.212,81.301,81.18,81.29,0
1361466000,81.288,81.327,81.269,81.297,0
1361469600,81.299,81.424,81.299,81.417,0
1361473200,81.421,81.488,81.376,81.461,0
1361476800,81.457,81.458,81.379,81.397,0
1361480400,81.396,81.396,81.352,81.365,0
1361484000,81.366,81.461,81.334,81.343,0
1361487600,81.335,81.368,81.334,81.361,0
1361491200,81.356,81.415,81.355,81.401,0
1361494800,81.4,81.403,81.342,81.35,0
1361498400,81.345,81.346,81.291,81.332,0
1361502000,81.331,81.337,81.274,81.284,0
1361505600,81.282,81.297,81.219,81.263,0
1361509200,81.262,81.28,81.243,81.27,0
1361512800,81.271,81.281,81.234,81.274,0
1361516400,81.267,81.315,81.229,81.268,0
1361520000,81.271,81.323,81.208,81.258,0
1361523600,81.263,81.298,81.171,81.259,0
1361527200,81.258,81.344,81.256,81.334,0
1361530800,81.333,81.494,81.261,81.465,0
1361534400,81.463,81.466,81.372,81.394,0
1361538000,81.392,81.451,81.348,81.433,0
1361541600,81.432,81.585,81.419,81.557,0
1361545200,81.561,81.594,81.498,81.522,0
1361548800,81.52,81.547,81.49,81.522,0
1361552400,81.52,81.529,81.416,81.416,0
1361556000,81.421,81.481,81.417,81.454,0
1361559600,81.459,81.496,81.445,81.482,0
1361563200,81.479,81.487,81.425,81.432,0
1361566800,81.43,81.514,81.418,81.474,0
1361570400,81.471,81.482,81.457,81.46,0
1361743200,81.561,81.654,81.56,81.607,0
1361746800,81.604,81.625,81.564,81.611,0
1361750400,81.613,81.635,81.577,81.59,0
1361754000,81.593,81.619,81.565,81.617,0
1361757600,81.615,81.642,81.595,81.607,0
1361761200,81.603,81.631,81.592,81.599,0
1361764800,81.602,81.609,81.582,81.599,0
1361768400,81.598,81.605,81.547,81.564,0
1361772000,81.567,81.57,81.481,81.493,0
1361775600,81.497,81.518,81.448,81.457,0
1361779200,81.452,81.466,81.381,81.387,0
1361782800,81.381,81.452,81.325,81.362,0
1361786400,81.361,81.368,81.228,81.241,0
1361790000,81.247,81.247,81.189,81.241,0
1361793600,81.238,81.238,81.108,81.136,0
1361797200,81.126,81.22,81.067,81.217,0
1361800800,81.213,81.277,81.115,81.235,0
1361804400,81.238,81.51,81.231,81.502,0
1361808000,81.508,81.64,81.445,81.612,0
1361811600,81.613,81.674,81.487,81.499,0
1361815200,81.494,81.888,81.494,81.867,0
1361818800,81.876,81.916,81.662,81.67,0
1361822400,81.665,81.812,81.586,81.777,0
1361826000,81.782,81.826,81.683,81.82,0
1361829600,81.817,81.894,81.765,81.867,0
1361833200,81.868,81.895,81.839,81.889,0
1361836800,81.813,81.874,81.803,81.825,0
1361840400,81.828,81.844,81.78,81.792,0
1361844000,81.794,81.822,81.784,81.79,0
1361847600,81.793,81.834,81.757,81.817,0
1361851200,81.808,81.888,81.803,81.845,0
1361854800,81.838,81.861,81.778,81.787,0
1361858400,81.793,81.822,81.743,81.814,0
1361862000,81.813,81.929,81.789,81.841,0
1361865600,81.835,81.85,81.722,81.78,0
1361869200,81.779,81.805,81.618,81.643,0
1361872800,81.63,81.724,81.623,81.709,0
1361876400,81.703,81.793,81.648,81.788,0
1361880000,81.785,81.788,81.655,81.708,0
1361883600,81.709,81.869,81.696,81.795,0
1361887200,81.793,81.795,81.631,81.644,0
1361890800,81.636,81.948,81.584,81.786,0
1361894400,81.793,81.869,81.732,81.837,0
1361898000,81.835,81.91,81.822,81.851,0
1361901600,81.859,81.888,81.798,81.88,0
1361905200,81.882,81.883,81.82,81.87,0
1361908800,81.872,81.903,81.84,81.848,0
1361912400,81.847,81.87,81.807,81.85,0
1361916000,81.851,81.871,81.821,81.827,0
1361919600,81.829,81.859,81.828,81.848,0
1361923200,81.878,81.9,81.847,81.853,0
1361926800,81.86,81.918,81.827,81.884,0
1361930400,81.886,81.907,81.871,81.9,0
1361934000,81.901,81.91,81.808,81.843,0
1361937600,81.842,81.861,81.81,81.851,0
1361941200,81.848,81.888,81.82,81.828,0
1361944800,81.821,81.841,81.77,81.813,0
1361948400,81.809,81.815,81.714,81.715,0
1361952000,81.72,81.779,81.701,81.744,0
1361955600,81.74,81.802,81.704,81.741,0
1361959200,81.739,81.753,81.565,81.692,0
1361962800,81.689,81.72,81.616,81.637,0
1361966400,81.636,81.657,81.578,81.619,0
1361970000,81.615,81.752,81.611,81.696,0
1361973600,81.693,81.709,81.591,81.63,0
1361977200,81.627,81.677,81.503,81.607,0
1361980800,81.614,81.706,81.608,81.666,0
1361984400,81.665,81.701,81.648,81.69,0
1361988000,81.686,81.758,81.677,81.719,0
1361991600,81.72,81.722,81.574,81.602,0
1361995200,81.607,81.616,81.532,81.543,0
1361998800,81.535,81.564,81.499,81.544,0
1362002400,81.543,81.602,81.534,81.551,0
1362006000,81.552,81.57,81.541,81.57,0
1362009600,81.508,81.532,81.478,81.526,0
1362013200,81.527,81.559,81.477,81.512,0
1362016800,81.51,81.545,81.5,81.523,0
1362020400,81.525,81.529,81.501,81.514,0
1362024000,81.518,81.532,81.503,81.525,0
1362027600,81.528,81.53,81.474,81.516,0
1362031200,81.517,81.574,81.51,81.562,0
1362034800,81.559,81.586,81.491,81.516,0
1362038400,81.52,81.543,81.495,81.526,0
1362042000,81.523,81.66,81.522,81.591,0
1362045600,81.593,81.693,81.588,81.648,0
1362049200,81.653,81.661,81.579,81.597,0
1362052800,81.596,81.631,81.535,81.544,0
1362056400,81.551,81.655,81.531,81.649,0
1362060000,81.647,81.75,81.627,81.715,0
1362063600,81.717,81.916,81.694,81.818,0
1362067200,81.816,81.838,81.771,81.807,0
1362070800,81.815,81.835,81.758,81.801,0
1362074400,81.804,81.88,81.799,81.87,0
1362078000,81.871,81.949,81.855,81.949,0
1362081600,81.95,81.998,81.934,81.992,0
1362085200,81.99,81.99,81.913,81.964,0
1362088800,81.967,81.993,81.921,81.925,0
1362092400,81.923,81.957,81.923,81.939,0
1362096000,81.923,81.937,81.9,81.934,0
1362099600,81.927,81.94,81.888,81.893,0
1362103200,81.89,81.906,81.874,81.894,0
1362106800,81.895,81.903,81.876,81.89,0
1362110400,81.891,81.898,81.879,81.895,0
1362114000,81.897,81.897,81.831,81.84,0
1362117600,81.841,81.923,81.822,81.909,0
1362121200,81.896,81.932,81.873,81.882,0
1362124800,81.884,81.904,81.78,81.856,0
1362128400,81.858,82.157,81.855,82.142,0
1362132000,82.141,82.207,82.105,82.168,0
1362135600,82.17,82.275,82.158,82.253,0
1362139200,82.247,82.357,82.246,82.305,0
1362142800,82.309,82.325,82.223,82.258,0
1362146400,82.26,82.374,82.248,82.353,0
1362150000,82.349,82.509,82.338,82.435,0
1362153600,82.443,82.472,82.386,82.407,0
1362157200,82.406,82.411,82.218,82.238,0
1362160800,82.22,82.315,82.211,82.314,0
1362164400,82.313,82.336,82.271,82.313,0
1362168000,82.317,82.32,82.254,82.28,0
1362171600,82.283,82.296,82.251,82.27,0
1362175200,82.272,82.276,82.267,82.276,0
1362348000,82.311,82.343,82.283,82.296,0
1362351600,82.3,82.309,82.233,82.295,0
1362355200,82.297,82.378,82.253,82.329,0
1362358800,82.331,82.331,82.287,82.316,0
1362362400,82.315,82.328,82.288,82.304,0
1362366000,82.303,82.31,82.23,82.255,0
1362369600,82.254,82.305,82.241,82.296,0
1362373200,82.297,82.306,82.25,82.3,0
1362376800,82.301,82.377,82.299,82.375,0
1362380400,82.371,82.425,82.323,82.326,0
1362384000,82.33,82.368,82.287,82.348,0
1362387600,82.349,82.465,82.301,82.435,0
1362391200,82.434,82.439,82.361,82.372,0
1362394800,82.374,82.402,82.33,82.358,0
1362398400,82.36,82.425,82.294,82.321,0
1362402000,82.32,82.351,82.28,82.309,0
1362405600,82.313,82.37,82.272,82.297,0
1362409200,82.294,82.326,82.243,82.275,0
1362412800,82.277,82.373,82.249,82.328,0
1362416400,82.329,82.377,82.271,82.279,0
1362420000,82.275,82.298,82.236,82.257,0
1362423600,82.253,82.275,82.163,82.195,0
1362427200,82.192,82.223,82.186,82.219,0
1362430800,82.22,82.228,82.165,82.178,0
1362434400,82.182,82.222,82.17,82.192,0
1362438000,82.184,82.203,82.157,82.157,0
1362441600,82.127,82.153,82.112,82.139,0
1362445200,82.141,82.173,82.105,82.157,0
1362448800,82.159,82.175,82.141,82.147,0
1362452400,82.145,82.159,82.081,82.094,0
1362456000,82.093,82.126,82.07,82.092,0
1362459600,82.093,82.098,82.014,82.037,0
1362463200,82.033,82.123,82.031,82.09,0
1362466800,82.095,82.147,82.027,82.039,0
1362470400,82.04,82.053,81.926,81.938,0
1362474000,81.939,81.961,81.9,81.937,0
1362477600,81.94,82.138,81.934,82.072,0
1362481200,82.08,82.107,82.048,82.062,0
1362484800,82.068,82.122,82.056,82.097,0
1362488400,82.092,82.097,81.974,82.027,0
1362492000,82.017,82.044,81.975,82.026,0
1362495600,82.023,82.243,82.023,82.158,0
1362499200,82.165,82.239,82.14,82.217,0
1362502800,82.213,82.227,82.153,82.166,0
1362506400,82.174,82.18,82.052,82.085,0
1362510000,82.084,82.095,82.063,82.087,0
1362513600,82.092,82.106,82.075,82.087,0
1362517200,82.083,82.094,82.035,82.035,0
1362520800,82.036,82.073,82.027,82.071,0
1362524400,82.072,82.087,82.05,82.072,0
1362528000,82.042,82.044,81.958,81.958,0
1362531600,81.955,81.978,81.925,81.948,0
1362535200,81.944,81.97,81.933,81.946,0
1362538800,81.945,81.964,81.926,81.953,0
1362542400,81.957,81.991,81.949,81.986,0
1362546000,81.989,81.997,81.956,81.963,0
1362549600,81.958,82.015,81.93,81.996,0
1362553200,81.999,82.003,81.968,81.97,0
1362556800,82.047,82.077,82.011,82.052,0
1362560400,82.053,82.176,82.049,82.172,0
1362564000,82.17,82.203,82.143,82.174,0
1362567600,82.175,82.185,82.109,82.124,0
1362571200,82.123,82.162,82.117,82.162,0
1362574800,82.165,82.266,82.134,82.175,0
1362578400,82.173,82.303,82.162,82.294,0
1362582000,82.295,82.441,82.292,82.359,0
1362585600,82.362,82.434,82.328,82.43,0
1362589200,82.433,82.497,82.424,82.486,0
1362592800,82.477,82.502,82.446,82.477,0
1362596400,82.472,82.49,82.441,82.459,0
1362600000,82.46,82.506,82.459,82.48,0
1362603600,82.484,82.604,82.478,82.593,0
1362607200,82.591,82.596,82.534,82.577,0
1362610800,82.565,82.579,82.543,82.551,0
1362614400,82.567,82.594,82.552,82.573,0
1362618000,82.572,82.578,82.528,82.528,0
1362621600,82.53,82.546,82.475,82.506,0
1362625200,82.505,82.523,82.459,82.46,0
1362628800,82.463,82.503,82.447,82.468,0
1362632400,82.47,82.495,82.455,82.468,0
1362636000,82.469,82.487,82.444,82.48,0
1362639600,82.482,82.538,82.457,82.482,0
1362643200,82.486,82.495,82.32,82.344,0
1362646800,82.34,82.383,82.294,82.316,0
1362650400,82.314,82.395,82.295,82.389,0
1362654000,82.385,82.442,82.374,82.396,0
1362657600,82.391,82.408,82.275,82.38,0
1362661200,82.382,82.538,82.089,82.171,0
1362664800,82.167,82.169,81.957,82.026,0
1362668400,82.027,82.171,81.992,82.155,0
1362672000,82.151,82.166,82.095,82.142,0
1362675600,82.143,82.145,82.051,82.139,0
1362679200,82.124,82.129,82.05,82.056,0
1362682800,82.051,82.109,82.049,82.081,0
1362686400,82.082,82.114,82.063,82.097,0
1362690000,82.096,82.108,82.078,82.087,0
1362693600,82.086,82.11,82.071,82.105,0
1362697200,82.108,82.115,82.086,82.11,0
1362700800,82.11,82.131,82.095,82.12,0
1362704400,82.119,82.176,82.116,82.168,0
1362708000,82.169,82.236,82.138,82.227,0
1362711600,82.229,82.24,82.196,82.21,0
1362715200,82.211,82.257,82.203,82.248,0
1362718800,82.247,82.261,82.224,82.251,0
1362722400,82.253,82.279,82.207,82.272,0
1362726000,82.274,82.292,82.24,82.26,0
1362729600,82.263,82.3,82.196,82.287,0
1362733200,82.283,82.294,82.214,82.232,0
1362736800,82.231,82.239,82.071,82.127,0
1362740400,82.132,82.184,82.102,82.184,0
1362744000,82.185,82.291,82.163,82.28,0
1362747600,82.278,82.727,82.217,82.724,0
1362751200,82.719,82.924,82.716,82.815,0
1362754800,82.818,82.83,82.682,82.815,0
1362758400,82.817,82.865,82.754,82.761,0
1362762000,82.758,82.862,82.69,82.726,0
1362765600,82.716,82.778,82.71,82.72,0
1362769200,82.722,82.734,82.63,82.696,0
1362772800,82.694,82.757,82.659,82.755,0
1362776400,82.758,82.768,82.721,82.721,0
1362780000,82.72,82.72,82.696,82.715,0
1362949200,82.792,82.796,82.749,82.755,0
1362952800,82.748,82.817,82.731,82.816,0
1362956400,82.814,82.858,82.791,82.819,0
1362960000,82.825,82.834,82.768,82.776,0
1362963600,82.778,82.809,82.733,82.744,0
1362967200,82.74,82.783,82.733,82.737,0
1362970800,82.738,82.749,82.707,82.724,0
1362974400,82.722,82.759,82.714,82.755,0
1362978000,82.753,82.756,82.713,82.743,0
1362981600,82.748,82.749,82.672,82.688,0
1362985200,82.698,82.729,82.63,82.688,0
1362988800,82.693,82.774,82.648,82.756,0
1362992400,82.761,82.761,82.699,82.738,0
1362996000,82.737,82.769,82.719,82.764,0
1362999600,82.768,82.812,82.75,82.778,0
1363003200,82.777,82.799,82.746,82.773,0
1363006800,82.771,82.827,82.731,82.816,0
1363010400,82.822,82.826,82.725,82.741,0
1363014000,82.742,82.748,82.663,82.697,0
1363017600,82.698,82.72,82.674,82.688,0
1363021200,82.693,82.705,82.587,82.621,0
1363024800,82.618,82.629,82.567,82.573,0
1363028400,82.577,82.634,82.571,82.603,0
1363032000,82.6,82.612,82.522,82.563,0
1363035600,82.57,82.593,82.563,82.565,0
1363039200,82.566,82.623,82.566,82.623,0
1363042800,82.658,82.709,82.647,82.673,0
1363046400,82.674,82.709,82.651,82.667,0
1363050000,82.668,82.68,82.629,82.644,0
1363053600,82.642,82.683,82.636,82.683,0
1363057200,82.684,82.71,82.672,82.703,0
1363060800,82.704,82.721,82.672,82.688,0
1363064400,82.679,82.703,82.654,82.686,0
1363068000,82.688,82.753,82.676,82.721,0
1363071600,82.724,82.776,82.689,82.769,0
1363075200,82.772,82.791,82.72,82.748,0
1363078800,82.743,82.761,82.661,82.713,0
1363082400,82.714,82.761,82.666,82.7,0
1363086000,82.696,82.724,82.66,82.695,0
1363089600,82.698,82.719,82.533,82.567,0
1363093200,82.57,82.571,82.41,82.462,0
1363096800,82.465,82.59,82.459,82.574,0
1363100400,82.576,82.655,82.552,82.626,0
1363104000,82.625,82.631,82.556,82.588,0
1363107600,82.589,82.635,82.559,82.616,0
1363111200,82.605,82.62,82.576,82.584,0
1363114800,82.58,82.607,82.546,82.574,0
1363118400,82.572,82.583,82.546,82.574,0
1363122000,82.572,82.604,82.569,82.589,0
1363125600,82.59,82.594,82.573,82.577,0
1363129200,82.597,82.599,82.541,82.554,0
1363132800,82.555,82.607,82.552,82.59,0
1363136400,82.586,82.598,82.532,82.542,0
1363140000,82.546,82.547,82.497,82.518,0
1363143600,82.517,82.521,82.457,82.476,0
1363147200,82.477,82.505,82.467,82.5,0
1363150800,82.497,82.5,82.446,82.475,0
1363154400,82.474,82.502,82.466,82.468,0
1363158000,82.475,82.479,82.333,82.34,0
1363161600,82.335,82.633,82.335,82.598,0
1363165200,82.6,82.644,82.524,82.556,0
1363168800,82.554,82.631,82.527,82.626,0
1363172400,82.628,82.662,82.607,82.613,0
1363176000,82.619,82.825,82.584,82.764,0
1363179600,82.766,83.013,82.725,82.961,0
1363183200,82.963,83.055,82.955,82.996,0
1363186800,82.995,83.006,82.9,82.922,0
1363190400,82.923,82.951,82.884,82.904,0
1363194000,82.903,82.918,82.841,82.841,0
1363197600,82.84,82.891,82.84,82.889,0
1363201200,82.887,82.92,82.871,82.898,0
1363204800,82.901,82.951,82.889,82.899,0
1363208400,82.901,82.935,82.889,82.905,0
1363212000,82.901,82.92,82.883,82.915,0
1363215600,82.901,82.915,82.887,82.897,0
1363219200,82.895,82.904,82.782,82.788,0
1363222800,82.785,82.827,82.76,82.805,0
1363226400,82.806,82.847,82.799,82.842,0
1363230000,82.84,82.894,82.828,82.885,0
1363233600,82.882,82.949,82.872,82.94,0
1363237200,82.941,82.942,82.905,82.905,0
1363240800,82.912,82.923,82.865,82.865,0
1363244400,82.867,82.933,82.852,82.917,0
1363248000,82.923,82.982,82.863,82.955,0
1363251600,82.958,83.029,82.937,82.963,0
1363255200,82.958,83.078,82.934,83.03,0
1363258800,83.032,83.126,83.031,83.1,0
1363262400,83.104,83.166,83.023,83.041,0
1363266000,83.044,83.055,82.882,82.932,0
1363269600,82.944,82.966,82.794,82.869,0
1363273200,82.873,82.873,82.724,82.736,0
1363276800,82.735,82.801,82.5,82.501,0
1363280400,82.498,82.571,82.427,82.545,0
1363284000,82.543,82.613,82.517,82.606,0
1363287600,82.603,82.615,82.565,82.582,0
1363291200,82.584,82.613,82.572,82.583,0
1363294800,82.582,82.606,82.577,82.588,0
1363298400,82.593,82.612,82.569,82.575,0
1363302000,82.537,82.554,82.515,82.53,0
1363305600,82.531,82.602,82.526,82.601,0
1363309200,82.598,82.613,82.48,82.522,0
1363312800,82.52,82.541,82.513,82.531,0
1363316400,82.529,82.562,82.516,82.559,0
1363320000,82.557,82.574,82.49,82.521,0
1363323600,82.522,82.569,82.501,82.537,0
1363327200,82.539,82.545,82.48,82.498,0
1363330800,82.499,82.518,82.371,82.401,0
1363334400,82.405,82.518,82.405,82.491,0
1363338000,82.487,82.487,82.319,82.348,0
1363341600,82.349,82.349,82.249,82.291,0
1363345200,82.296,82.323,82.237,82.273,0
1363348800,82.274,82.31,82.051,82.098,0
1363352400,82.093,82.279,82.068,82.244,0
1363356000,82.241,82.281,82.106,82.239,0
1363359600,82.238,82.293,82.113,82.141,0
1363363200,82.142,82.245,82.136,82.2,0
1363366800,82.196,82.275,82.195,82.22,0
1363370400,82.231,82.282,82.198,82.261,0
1363374000,82.264,82.276,82.217,82.225,0
1363377600,82.211,82.225,82.124,82.135,0
1363381200,82.138,82.141,82.124,82.13,0
1363554000,82.685,82.719,82.565,82.69,0
1363557600,82.692,82.834,82.655,82.794,0
1363561200,82.79,82.871,82.723,82.867,0
1363564800,82.864,82.878,82.773,82.813,0
1363568400,82.808,82.87,82.79,82.833,0
1363572000,82.834,82.836,82.766,82.789,0
1363575600,82.793,82.793,82.741,82.749,0
1363579200,82.753,82.842,82.744,82.822,0
1363582800,82.824,82.881,82.822,82.822,0
1363586400,82.82,82.823,82.73,82.761,0
1363590000,82.765,82.815,82.701,82.729,0
1363593600,82.726,82.735,82.51,82.55,0
1363597200,82.552,82.603,82.531,82.564,0
1363600800,82.565,82.68,82.541,82.624,0
1363604400,82.629,82.685,82.594,82.681,0
1363608000,82.667,82.699,82.558,82.665,0
1363611600,82.67,82.733,82.655,82.677,0
1363615200,82.663,82.678,82.519,82.62,0
1363618800,82.619,82.679,82.58,82.584,0
1363622400,82.582,82.589,82.437,82.553,0
1363626000,82.548,82.691,82.547,82.667,0
1363629600,82.662,82.694,82.59,82.694,0
1363633200,82.696,82.772,82.678,82.748,0
1363636800,82.747,82.754,82.6,82.632,0
1363640400,82.637,82.694,82.602,82.634,0
1363644000,82.632,82.668,82.623,82.662,0
1363647600,82.718,82.728,82.697,82.716,0
1363651200,82.718,82.769,82.637,82.637,0
1363654800,82.645,82.688,82.629,82.679,0
1363658400,82.675,82.695,82.66,82.693,0
1363662000,82.694,82.713,82.674,82.688,0
1363665600,82.691,82.697,82.668,82.678,0
1363669200,82.683,82.739,82.627,82.728,0
1363672800,82.729,82.765,82.684,82.704,0
1363676400,82.703,82.757,82.662,82.718,0
1363680000,82.714,82.836,82.714,82.775,0
1363683600,82.771,82.821,82.713,82.718,0
1363687200,82.715,82.754,82.638,82.744,0
1363690800,82.746,82.747,82.656,82.714,0
1363694400,82.71,82.733,82.622,82.687,0
1363698000,82.69,82.762,82.647,82.694,0
1363701600,82.693,82.859,82.662,82.71,0
1363705200,82.709,82.891,82.702,82.891,0
1363708800,82.888,83.067,82.838,83.036,0
1363712400,83.033,83.096,82.95,82.953,0
1363716000,82.955,83.054,82.92,82.989,0
1363719600,82.988,83.04,82.784,82.921,0
1363723200,82.926,82.989,82.876,82.964,0
1363726800,82.959,83.052,82.946,83.029,0
1363730400,83.027,83.051,83.002,83.038,0
1363734000,83.044,83.057,83.023,83.024,0
1363737600,83.017,83.028,82.971,82.978,0
1363741200,82.977,82.985,82.955,82.964,0
1363744800,82.963,82.99,82.956,82.964,0
1363748400,82.966,83.012,82.962,82.992,0
1363752000,82.99,83.014,82.977,83.008,0
1363755600,83.012,83.017,82.974,82.975,0
1363759200,82.972,82.991,82.927,82.953,0
1363762800,82.954,82.997,82.855,82.899,0
1363766400,82.895,83.032,82.86,82.987,0
1363770000,82.984,83.007,82.793,82.846,0
1363773600,82.843,82.868,82.716,82.806,0
1363777200,82.81,82.873,82.796,82.84,0
1363780800,82.846,82.847,82.675,82.742,0
1363784400,82.74,82.748,82.597,82.71,0
1363788000,82.712,82.74,82.571,82.688,0
1363791600,82.683,82.734,82.655,82.724,0
1363795200,82.721,82.74,82.676,82.724,0
1363798800,82.728,82.776,82.68,82.776,0
1363802400,82.773,82.839,82.569,82.779,0
1363806000,82.774,82.86,82.734,82.817,0
1363809600,82.819,82.871,82.819,82.868,0
1363813200,82.869,82.873,82.804,82.822,0
1363816800,82.815,82.876,82.813,82.869,0
1363820400,82.878,82.884,82.82,82.835,0
1363824000,82.833,82.86,82.804,82.821,0
1363827600,82.822,82.847,82.752,82.757,0
1363831200,82.753,82.784,82.747,82.755,0
1363834800,82.754,82.777,82.741,82.775,0
1363838400,82.768,82.791,82.747,82.773,0
1363842000,82.772,82.792,82.755,82.775,0
1363845600,82.776,82.824,82.748,82.797,0
1363849200,82.799,82.845,82.748,82.827,0
1363852800,82.824,83.021,82.8,82.973,0
1363856400,82.977,82.987,82.782,82.832,0
1363860000,82.831,82.89,82.752,82.755,0
1363863600,82.773,82.793,82.719,82.752,0
1363867200,82.749,82.78,82.701,82.752,0
1363870800,82.747,82.884,82.726,82.833,0
1363874400,82.828,82.927,82.813,82.836,0
1363878000,82.841,82.861,82.701,82.709,0
1363881600,82.712,82.824,82.712,82.814,0
1363885200,82.817,82.88,82.744,82.767,0
1363888800,82.764,82.791,82.684,82.74,0
1363892400,82.744,82.834,82.688,82.832,0
1363896000,82.823,82.847,82.799,82.822,0
1363899600,82.824,82.859,82.782,82.85,0
1363903200,82.849,82.873,82.839,82.865,0
1363906800,82.816,82.82,82.774,82.791,0
1363910400,82.788,82.801,82.743,82.791,0
1363914000,82.796,82.796,82.741,82.756,0
1363917600,82.76,82.769,82.739,82.763,0
1363921200,82.764,82.773,82.739,82.748,0
1363924800,82.744,82.762,82.723,82.735,0
1363928400,82.731,82.82,82.688,82.81,0
1363932000,82.809,82.826,82.76,82.785,0
1363935600,82.788,82.826,82.745,82.769,0
1363939200,82.768,82.775,82.663,82.718,0
1363942800,82.725,82.764,82.596,82.602,0
1363946400,82.603,82.666,82.59,82.636,0
1363950000,82.633,82.635,82.535,82.605,0
1363953600,82.608,82.626,82.565,82.614,0
1363957200,82.615,82.658,82.601,82.601,0
1363960800,82.602,82.607,82.366,82.469,0
1363964400,82.466,82.499,82.31,82.324,0
1363968000,82.329,82.407,82.322,82.384,0
1363971600,82.38,82.441,82.38,82.425,0
1363975200,82.423,82.423,82.363,82.389,0
1363978800,82.39,82.42,82.377,82.384,0
1363982400,82.385,82.397,82.289,82.369,0
1363986000,82.382,82.383,82.362,82.376,0
1364158800,82.521,82.541,82.426,82.483,0
1364162400,82.484,82.485,82.408,82.443,0
1364166000,82.445,82.459,82.146,82.278,0
1364169600,82.272,82.306,82.194,82.216,0
1364173200,82.217,82.272,82.16,82.212,0
1364176800,82.215,82.284,82.194,82.244,0
1364180400,82.245,82.245,82.207,82.23,0
1364184000,82.231,82.231,82.17,82.2,0
1364187600,82.191,82.223,82.173,82.186,0
1364191200,82.191,82.223,82.146,82.221,0
1364194800,82.222,82.396,82.204,82.353,0
1364198400,82.348,82.409,82.322,82.356,0
1364202000,82.349,82.357,82.268,82.285,0
1364205600,82.273,82.356,82.271,82.351,0
1364209200,82.348,82.413,82.316,82.381,0
1364212800,82.379,82.62,82.366,82.602,0
1364216400,82.604,82.713,82.57,82.598,0
1364220000,82.6,82.914,82.592,82.864,0
1364223600,82.862,82.894,82.747,82.795,0
1364227200,82.808,82.897,82.784,82.879,0
1364230800,82.881,82.953,82.769,82.769,0
1364234400,82.772,82.846,82.772,82.828,0
1364238000,82.83,82.923,82.82,82.889,0
1364241600,82.891,82.905,82.862,82.902,0
1364245200,82.892,82.937,82.881,82.926,0
1364248800,82.92,82.921,82.883,82.889,0
1364252400,82.883,82.893,82.843,82.852,0
1364256000,82.854,82.888,82.82,82.868,0
1364259600,82.863,82.901,82.839,82.853,0
1364263200,82.852,82.867,82.839,82.851,0
1364266800,82.853,82.862,82.827,82.84,0
1364270400,82.845,82.866,82.829,82.839,0
1364274000,82.838,82.852,82.791,82.806,0
1364277600,82.808,82.814,82.763,82.777,0
1364281200,82.772,82.873,82.753,82.866,0
1364284800,82.863,82.937,82.775,82.782,0
1364288400,82.78,82.866,82.76,82.832,0
1364292000,82.829,82.868,82.763,82.822,0
1364295600,82.823,82.924,82.798,82.916,0
1364299200,82.915,82.921,82.807,82.85,0
1364302800,82.856,82.93,82.808,82.855,0
1364306400,82.845,82.98,82.746,82.81,0
1364310000,82.805,82.846,82.718,82.846,0
1364313600,82.85,82.926,82.833,82.922,0
1364317200,82.925,82.978,82.882,82.902,0
1364320800,82.907,82.918,82.878,82.881,0
1364324400,82.885,82.893,82.848,82.879,0
1364328000,82.876,82.883,82.843,82.855,0
1364331600,82.853,82.899,82.848,82.887,0
1364335200,82.881,82.896,82.858,82.862,0
1364338800,82.872,82.893,82.865,82.882,0
1364342400,82.884,82.884,82.841,82.863,0
1364346000,82.866,82.905,82.853,82.904,0
1364349600,82.902,82.94,82.883,82.922,0
1364353200,82.923,82.99,82.911,82.983,0
1364356800,82.986,83.016,82.974,82.98,0
1364360400,82.978,83.002,82.952,82.961,0
1364364000,82.959,82.965,82.908,82.936,0
1364367600,82.942,83.073,82.929,83.05,0
1364371200,83.044,83.067,82.955,82.955,0
1364374800,82.954,83.134,82.903,83.134,0
1364378400,83.129,83.192,83.069,83.161,0
1364382000,83.157,83.243,83.116,83.239,0
1364385600,83.245,83.262,83.151,83.199,0
1364389200,83.2,83.302,83.18,83.255,0
1364392800,83.252,83.3,83.216,83.235,0
1364396400,83.23,83.278,83.178,83.21,0
1364400000,83.208,83.249,83.171,83.246,0
1364403600,83.247,83.279,83.184,83.25,0
1364407200,83.249,83.254,83.205,83.221,0
1364410800,83.22,83.274,83.213,83.24,0
1364414400,83.241,83.251,83.207,83.209,0
1364418000,83.205,83.221,83.199,83.211,0
1364421600,83.215,83.217,83.174,83.176,0
1364425200,83.204,83.226,83.186,83.222,0
1364428800,83.223,83.223,83.18,83.18,0
1364432400,83.183,83.188,83.141,83.157,0
1364436000,83.166,83.167,83.115,83.124,0
1364439600,83.13,83.189,83.123,83.183,0
1364443200,83.186,83.188,83.143,83.151,0
1364446800,83.152,83.159,83.102,83.129,0
1364450400,83.13,83.16,83.047,83.09,0
1364454000,83.089,83.149,83.024,83.13,0
1364457600,83.131,83.256,83.039,83.24,0
1364461200,83.247,83.258,83.142,83.17,0
1364464800,83.173,83.174,83.035,83.124,0
1364468400,83.125,83.13,83.042,83.088,0
1364472000,83.089,83.135,83.013,83.132,0
1364475600,83.135,83.139,82.947,82.968,0
1364479200,82.969,82.99,82.89,82.955,0
1364482800,82.957,83.024,82.833,82.856,0
1364486400,82.865,83.004,82.865,82.988,0
1364490000,82.992,83.012,82.956,82.964,0
1364493600,82.943,82.973,82.913,82.956,0
1364497200,82.957,82.986,82.923,82.96,0
1364500800,82.963,82.991,82.948,82.986,0
1364504400,82.985,83.01,82.968,82.999,0
1364508000,82.996,83.015,82.988,82.998,0
1364763600,83.037,83.046,83.008,83.025,0
1364767200,83.021,83.075,83.006,83.036,0
1364770800,83.037,83.068,83.037,83.05,0
1364774400,83.049,83.134,83.042,83.114,0
1364778000,83.117,83.181,83.102,83.143,0
1364781600,83.14,83.147,83.093,83.141,0
1364785200,83.136,83.146,83.113,83.13,0
1364788800,83.133,83.144,83.114,83.126,0
1364792400,83.127,83.128,83.046,83.066,0
1364796000,83.068,83.085,83.014,83.016,0
1364799600,83.015,83.015,82.892,82.9,0
1364803200,82.899,82.942,82.89,82.926,0
1364806800,82.927,82.934,82.879,82.896,0
1364810400,82.898,82.949,82.857,82.934,0
1364814000,82.936,82.983,82.917,82.95,0
1364817600,82.952,83,82.884,82.907,0
1364821200,82.906,82.936,82.896,82.907,0
1364824800,82.906,82.906,82.716,82.722,0
1364828400,82.723,82.748,82.647,82.691,0
1364832000,82.694,82.735,82.677,82.706,0
1364835600,82.714,82.729,82.693,82.705,0
1364839200,82.707,82.737,82.693,82.733,0
1364842800,82.735,82.756,82.706,82.741,0
1364846400,82.742,82.742,82.706,82.716,0
1364850000,82.723,82.763,82.707,82.736,0
1364853600,82.735,82.748,82.716,82.738,0
1364857200,82.728,82.741,82.71,82.711,0
1364860800,82.715,82.727,82.596,82.616,0
1364864400,82.613,82.62,82.568,82.593,0
1364868000,82.594,82.61,82.586,82.603,0
1364871600,82.604,82.619,82.493,82.553,0
1364875200,82.552,82.605,82.542,82.596,0
1364878800,82.599,82.628,82.579,82.623,0
1364882400,82.622,82.667,82.598,82.611,0
1364886000,82.618,82.674,82.539,82.612,0
1364889600,82.613,82.749,82.582,82.692,0
1364893200,82.691,82.8,82.687,82.749,0
1364896800,82.74,82.761,82.661,82.753,0
1364900400,82.756,82.796,82.725,82.766,0
1364904000,82.765,82.805,82.721,82.786,0
1364907600,82.785,82.904,82.784,82.846,0
1364911200,82.844,82.919,82.817,82.825,0
1364914800,82.822,82.867,82.799,82.845,0
1364918400,82.842,82.894,82.832,82.889,0
1364922000,82.888,82.914,82.87,82.891,0
1364925600,82.894,82.926,82.877,82.924,0
1364929200,82.921,82.952,82.912,82.934,0
1364932800,82.935,82.941,82.904,82.916,0
1364936400,82.915,82.927,82.873,82.889,0
1364940000,82.886,82.904,82.873,82.881,0
1364943600,82.901,82.92,82.895,82.896,0
1364947200,82.895,83.015,82.891,82.997,0
1364950800,82.998,83.054,82.991,83.028,0
1364954400,83.027,83.035,83.004,83.007,0
1364958000,83.008,83.022,82.981,82.991,0
1364961600,82.992,83.019,82.987,83.001,0
1364965200,83.003,83.003,82.973,82.993,0
1364968800,82.994,83.065,82.977,82.977,0
1364972400,82.982,83.024,82.973,82.989,0
1364976000,82.991,82.991,82.926,82.94,0
1364979600,82.938,82.953,82.848,82.886,0
1364983200,82.887,82.924,82.877,82.917,0
1364986800,82.916,82.941,82.832,82.857,0
1364990400,82.855,82.885,82.768,82.788,0
1364994000,82.786,82.842,82.682,82.701,0
1364997600,82.694,82.771,82.621,82.692,0
1365001200,82.693,82.745,82.668,82.711,0
1365004800,82.717,82.766,82.701,82.707,0
1365008400,82.708,82.733,82.67,82.698,0
1365012000,82.696,82.72,82.676,82.718,0
1365015600,82.712,82.736,82.682,82.717,0
1365019200,82.729,82.751,82.718,82.733,0
1365022800,82.732,82.773,82.721,82.77,0
1365026400,82.767,82.774,82.752,82.753,0
1365030000,82.731,82.734,82.696,82.711,0
1365033600,82.713,82.739,82.681,82.728,0
1365037200,82.732,82.78,82.728,82.753,0
1365040800,82.754,82.768,82.722,82.735,0
1365044400,82.74,82.757,82.708,82.72,0
1365048000,82.716,82.946,82.71,82.942,0
1365051600,82.944,83.037,82.924,83.016,0
1365055200,83.019,83.17,82.998,83.144,0
1365058800,83.142,83.328,83.114,83.325,0
1365062400,83.324,83.39,83.286,83.322,0
1365066000,83.325,83.355,83.259,83.344,0
1365069600,83.342,83.365,83.242,83.281,0
1365073200,83.274,83.325,83.182,83.221,0
1365076800,83.229,83.494,83.07,83.38,0
1365080400,83.383,83.406,82.994,83.092,0
1365084000,83.091,83.11,82.921,83.11,0
1365087600,83.114,83.138,83.028,83.07,0
1365091200,83.069,83.099,82.922,82.971,0
1365094800,82.975,82.98,82.633,82.672,0
1365098400,82.683,82.706,82.627,82.677,0
1365102000,82.68,82.719,82.665,82.688,0
1365105600,82.685,82.732,82.677,82.716,0
1365109200,82.717,82.755,82.713,82.738,0
1365112800,82.735,82.735,82.705,82.723,0
1365116400,82.757,82.782,82.746,82.78,0
1365120000,82.779,82.84,82.771,82.78,0
1365123600,82.782,82.809,82.751,82.804,0
1365127200,82.806,82.893,82.793,82.863,0
1365130800,82.868,82.878,82.801,82.824,0
1365134400,82.823,82.827,82.687,82.761,0
1365138000,82.757,82.813,82.738,82.802,0
1365141600,82.801,82.857,82.724,82.839,0
1365145200,82.841,82.883,82.807,82.847,0
1365148800,82.845,82.881,82.731,82.754,0
1365152400,82.753,82.782,82.708,82.753,0
1365156000,82.755,82.764,82.666,82.764,0
1365159600,82.761,82.791,82.695,82.719,0
1365163200,82.724,82.724,82.273,82.491,0
1365166800,82.49,82.555,82.431,82.519,0
1365170400,82.52,82.549,82.336,82.415,0
1365174000,82.417,82.444,82.349,82.359,0
1365177600,82.356,82.456,82.355,82.456,0
1365181200,82.455,82.455,82.383,82.448,0
1365184800,82.455,82.498,82.442,82.496,0
1365188400,82.499,82.539,82.488,82.513,0
1365192000,82.511,82.563,82.48,82.562,0
1365195600,82.571,82.575,82.568,82.573,0
1365368400,82.75,82.751,82.603,82.648,0
1365372000,82.649,82.696,82.59,82.603,0
1365375600,82.598,82.714,82.596,82.697,0
1365379200,82.699,82.699,82.632,82.679,0
1365382800,82.678,82.703,82.642,82.646,0
1365386400,82.648,82.683,82.628,82.667,0
1365390000,82.663,82.706,82.649,82.69,0
1365393600,82.689,82.715,82.676,82.71,0
1365397200,82.709,82.743,82.706,82.731,0
1365400800,82.732,82.795,82.683,82.695,0
1365404400,82.697,82.73,82.646,82.72,0
1365408000,82.715,82.719,82.621,82.658,0
1365411600,82.652,82.716,82.59,82.613,0
1365415200,82.616,82.659,82.539,82.565,0
1365418800,82.567,82.591,82.485,82.508,0
1365422400,82.516,82.607,82.509,82.573,0
1365426000,82.568,82.674,82.556,82.579,0
1365429600,82.582,82.686,82.572,82.662,0
1365433200,82.659,82.794,82.643,82.711,0
1365436800,82.713,82.722,82.667,82.696,0
1365440400,82.7,82.732,82.666,82.701,0
1365444000,82.697,82.755,82.695,82.752,0
1365447600,82.755,82.829,82.741,82.768,0
1365451200,82.767,82.787,82.741,82.741,0
1365454800,82.742,82.752,82.701,82.703,0
1365458400,82.708,82.757,82.708,82.723,0
1365462000,82.74,82.743,82.647,82.652,0
1365465600,82.655,82.664,82.486,82.507,0
1365469200,82.512,82.531,82.471,82.506,0
1365472800,82.507,82.551,82.506,82.547,0
1365476400,82.545,82.582,82.536,82.58,0
1365480000,82.581,82.593,82.548,82.582,0
1365483600,82.586,82.636,82.54,82.615,0
1365487200,82.617,82.659,82.58,82.58,0
1365490800,82.589,82.702,82.585,82.662,0
1365494400,82.667,82.678,82.562,82.584,0
1365498000,82.583,82.605,82.49,82.535,0
1365501600,82.536,82.584,82.488,82.569,0
1365505200,82.571,82.58,82.489,82.563,0
1365508800,82.562,82.563,82.407,82.454,0
1365512400,82.457,82.535,82.387,82.509,0
1365516000,82.52,82.594,82.474,82.476,0
1365519600,82.48,82.497,82.279,82.329,0
1365523200,82.334,82.383,82.3,82.383,0
1365526800,82.381,82.381,82.304,82.347,0
1365530400,82.339,82.373,82.289,82.309,0
1365534000,82.31,82.375,82.308,82.365,0
1365537600,82.367,82.376,82.333,82.37,0
1365541200,82.368,82.397,82.356,82.388,0
1365544800,82.387,82.416,82.386,82.396,0
1365548400,82.384,82.388,82.359,82.367,0
1365552000,82.368,82.415,82.366,82.376,0
1365555600,82.379,82.398,82.345,82.366,0
1365559200,82.364,82.381,82.312,82.326,0
1365562800,82.323,82.34,82.309,82.311,0
1365566400,82.31,82.347,82.31,82.337,0
1365570000,82.348,82.422,82.33,82.402,0
1365573600,82.401,82.409,82.35,82.356,0
1365577200,82.362,82.364,82.25,82.291,0
1365580800,82.293,82.329,82.229,82.31,0
1365584400,82.306,82.347,82.289,82.33,0
1365588000,82.329,82.36,82.298,82.356,0
1365591600,82.348,82.362,82.287,82.332,0
1365595200,82.333,82.462,82.27,82.429,0
1365598800,82.425,82.478,82.359,82.441,0
1365602400,82.436,82.469,82.374,82.383,0
1365606000,82.387,82.542,82.373,82.517,0
1365609600,82.515,82.535,82.468,82.52,0
1365613200,82.519,82.554,82.485,82.536,0
1365616800,82.535,82.543,82.494,82.532,0
1365620400,82.538,82.571,82.487,82.487,0
1365624000,82.491,82.508,82.47,82.479,0
1365627600,82.481,82.502,82.457,82.502,0
1365631200,82.5,82.505,82.484,82.502,0
1365634800,82.524,82.555,82.515,82.555,0
1365638400,82.553,82.582,82.505,82.554,0
1365642000,82.557,82.575,82.506,82.543,0
1365645600,82.546,82.549,82.495,82.509,0
1365649200,82.511,82.527,82.499,82.514,0
1365652800,82.513,82.519,82.467,82.477,0
1365656400,82.481,82.488,82.452,82.466,0
1365660000,82.465,82.495,82.439,82.461,0
1365663600,82.462,82.493,82.364,82.406,0
1365667200,82.393,82.402,82.296,82.346,0
1365670800,82.348,82.372,82.274,82.283,0
1365674400,82.281,82.285,82.096,82.138,0
1365678000,82.139,82.139,82.068,82.101,0
1365681600,82.1,82.189,82.07,82.189,0
1365685200,82.194,82.295,82.191,82.25,0
1365688800,82.248,82.266,82.113,82.146,0
1365692400,82.143,82.185,82.087,82.141,0
1365696000,82.138,82.173,82.127,82.158,0
1365699600,82.156,82.233,82.151,82.223,0
1365703200,82.227,82.272,82.195,82.247,0
1365706800,82.245,82.281,82.23,82.281,0
1365710400,82.28,82.302,82.247,82.26,0
1365714000,82.257,82.272,82.239,82.245,0
1365717600,82.25,82.265,82.234,82.234,0
1365721200,82.222,82.234,82.186,82.188,0
1365724800,82.184,82.244,82.184,82.213,0
1365728400,82.212,82.221,82.162,82.178,0
1365732000,82.177,82.18,82.147,82.156,0
1365735600,82.153,82.186,82.122,82.173,0
1365739200,82.161,82.182,82.148,82.155,0
1365742800,82.157,82.2,82.15,82.19,0
1365746400,82.187,82.272,82.187,82.242,0
1365750000,82.243,82.386,82.243,82.381,0
1365753600,82.379,82.401,82.318,82.363,0
1365757200,82.369,82.462,82.365,82.457,0
1365760800,82.459,82.465,82.35,82.371,0
1365764400,82.366,82.439,82.364,82.434,0
1365768000,82.435,82.491,82.342,82.342,0
1365771600,82.344,82.358,82.283,82.294,0
1365775200,82.295,82.32,82.189,82.203,0
1365778800,82.195,82.269,82.194,82.24,0
1365782400,82.245,82.277,82.228,82.251,0
1365786000,82.249,82.262,82.227,82.262,0
1365789600,82.26,82.317,82.26,82.311,0
1365793200,82.313,82.318,82.148,82.18,0
1365796800,82.186,82.217,82.046,82.109,0
1365800400,82.114,82.134,82.112,82.127,0
1365973200,82.103,82.133,82.101,82.131,0
1365976800,82.134,82.189,82.134,82.147,0
1365980400,82.145,82.196,82.145,82.195,0
1365984000,82.192,82.223,82.154,82.171,0
1365987600,82.164,82.19,82.119,82.162,0
1365991200,82.166,82.322,82.166,82.301,0
1365994800,82.296,82.318,82.234,82.236,0
1365998400,82.237,82.291,82.233,82.264,0
1366002000,82.263,82.296,82.254,82.296,0
1366005600,82.299,82.328,82.272,82.284,0
1366009200,82.283,82.326,82.234,82.306,0
1366012800,82.305,82.406,82.299,82.406,0
1366016400,82.404,82.407,82.297,82.346,0
1366020000,82.352,82.376,82.257,82.261,0
1366023600,82.259,82.306,82.242,82.246,0
1366027200,82.249,82.259,82.139,82.184,0
1366030800,82.191,82.268,82.165,82.239,0
1366034400,82.233,82.293,82.211,82.266,0
1366038000,82.27,82.314,82.247,82.289,0
1366041600,82.288,82.353,82.262,82.334,0
1366045200,82.341,82.35,82.294,82.31,0
1366048800,82.311,82.439,82.263,82.417,0
1366052400,82.419,82.435,82.313,82.4,0
1366056000,82.394,82.434,82.341,82.388,0
1366059600,82.383,82.392,82.236,82.298,0
1366063200,82.303,82.331,82.28,82.318,0
1366066800,82.323,82.336,82.284,82.297,0
1366070400,82.291,82.35,82.282,82.337,0
1366074000,82.334,82.435,82.326,82.431,0
1366077600,82.432,82.432,82.373,82.4,0
1366081200,82.399,82.411,82.301,82.31,0
1366084800,82.314,82.315,82.257,82.264,0
1366088400,82.267,82.311,82.248,82.259,0
1366092000,82.256,82.341,82.241,82.312,0
1366095600,82.309,82.436,82.27,82.431,0
1366099200,82.43,82.451,82.382,82.438,0
1366102800,82.439,82.518,82.262,82.328,0
1366106400,82.332,82.333,82.156,82.2,0
1366110000,82.202,82.205,82.107,82.136,0
1366113600,82.14,82.14,81.995,82.08,0
1366117200,82.075,82.2,82.075,82.134,0
1366120800,82.139,82.139,82.005,82.094,0
1366124400,82.083,82.134,82.037,82.052,0
1366128000,82.051,82.069,81.775,81.849,0
1366131600,81.848,81.85,81.73,81.76,0
1366135200,81.754,81.772,81.716,81.749,0
1366138800,81.743,81.799,81.743,81.796,0
1366142400,81.79,81.836,81.785,81.82,0
1366146000,81.817,81.85,81.793,81.836,0
1366149600,81.84,81.841,81.794,81.825,0
1366153200,81.818,81.841,81.813,81.831,0
1366156800,81.83,81.89,81.821,81.869,0
1366160400,81.867,81.903,81.85,81.897,0
1366164000,81.896,81.929,81.88,81.917,0
1366167600,81.919,81.932,81.906,81.92,0
1366171200,81.921,81.947,81.906,81.908,0
1366174800,81.91,81.955,81.906,81.934,0
1366178400,81.933,82,81.912,81.942,0
1366182000,81.939,82.059,81.884,82.05,0
1366185600,82.04,82.056,81.907,81.936,0
1366189200,81.938,82.096,81.914,82.074,0
1366192800,82.078,82.187,82.053,82.163,0
1366196400,82.164,82.228,82.116,82.221,0
1366200000,82.22,82.263,82.166,82.188,0
1366203600,82.184,82.291,82.147,82.29,0
1366207200,82.292,82.597,82.285,82.547,0
1366210800,82.542,82.562,82.465,82.506,0
1366214400,82.507,82.677,82.498,82.581,0
1366218000,82.586,82.638,82.515,82.56,0
1366221600,82.566,82.701,82.554,82.684,0
1366225200,82.68,82.697,82.596,82.662,0
1366228800,82.652,82.668,82.621,82.645,0
1366232400,82.65,82.67,82.627,82.644,0
1366236000,82.642,82.664,82.613,82.626,0
1366239600,82.637,82.647,82.617,82.623,0
1366243200,82.631,82.638,82.597,82.628,0
1366246800,82.63,82.655,82.578,82.631,0
1366250400,82.63,82.633,82.568,82.588,0
1366254000,82.585,82.594,82.544,82.548,0
1366257600,82.547,82.566,82.517,82.566,0
1366261200,82.556,82.598,82.54,82.54,0
1366264800,82.542,82.574,82.494,82.52,0
1366268400,82.515,82.62,82.508,82.519,0
1366272000,82.52,82.612,82.501,82.577,0
1366275600,82.578,82.603,82.483,82.508,0
1366279200,82.505,82.553,82.492,82.531,0
1366282800,82.537,82.614,82.482,82.605,0
1366286400,82.598,82.613,82.437,82.496,0
1366290000,82.492,82.561,82.482,82.535,0
1366293600,82.537,82.639,82.401,82.424,0
1366297200,82.42,82.489,82.395,82.466,0
1366300800,82.463,82.465,82.349,82.413,0
1366304400,82.426,82.517,82.409,82.503,0
1366308000,82.497,82.578,82.495,82.559,0
1366311600,82.563,82.581,82.53,82.563,0
1366315200,82.562,82.59,82.551,82.558,0
1366318800,82.574,82.584,82.543,82.557,0
1366322400,82.569,82.569,82.538,82.549,0
1366326000,82.559,82.577,82.534,82.556,0
1366329600,82.555,82.573,82.542,82.543,0
1366333200,82.545,82.551,82.512,82.525,0
1366336800,82.519,82.541,82.461,82.526,0
1366340400,82.535,82.544,82.5,82.5,0
1366344000,82.506,82.519,82.498,82.507,0
1366347600,82.506,82.526,82.485,82.515,0
1366351200,82.504,82.54,82.455,82.484,0
1366354800,82.483,82.585,82.483,82.531,0
1366358400,82.533,82.563,82.415,82.423,0
1366362000,82.42,82.473,82.419,82.441,0
1366365600,82.439,82.485,82.424,82.46,0
1366369200,82.461,82.511,82.452,82.5,0
1366372800,82.499,82.542,82.351,82.512,0
1366376400,82.513,82.54,82.311,82.378,0
1366380000,82.375,82.583,82.36,82.583,0
1366383600,82.574,82.663,82.531,82.652,0
1366387200,82.651,82.71,82.626,82.649,0
1366390800,82.644,82.656,82.581,82.599,0
1366394400,82.606,82.749,82.594,82.714,0
1366398000,82.713,82.755,82.71,82.717,0
1366401600,82.718,82.784,82.716,82.756,0
1366405200,82.747,82.752,82.714,82.714,0
1366581600,82.752,82.752,82.752,82.752,0
1366592400,82.654,82.679,82.644,82.672,0
1366596000,82.67,82.676,82.632,82.669,0
1366599600,82.67,82.683,82.656,82.668,0
1366603200,82.672,82.71,82.668,82.703,0
1366606800,82.7,82.718,82.681,82.686,0
1366610400,82.689,82.784,82.677,82.714,0
1366614000,82.715,82.839,82.671,82.813,0
1366617600,82.814,82.843,82.759,82.781,0
1366621200,82.784,82.809,82.751,82.794,0
1366624800,82.792,82.821,82.734,82.811,0
1366628400,82.807,82.811,82.759,82.779,0
1366632000,82.781,82.876,82.765,82.854,0
1366635600,82.859,82.906,82.829,82.836,0
1366639200,82.832,82.855,82.748,82.805,0
1366642800,82.798,82.821,82.698,82.712,0
1366646400,82.708,82.749,82.684,82.728,0
1366650000,82.727,82.746,82.699,82.721,0
1366653600,82.719,82.726,82.643,82.676,0
1366657200,82.68,82.681,82.628,82.652,0
1366660800,82.654,82.676,82.612,82.616,0
1366664400,82.612,82.67,82.61,82.647,0
1366668000,82.648,82.66,82.631,82.653,0
1366671600,82.633,82.659,82.631,82.635,0
1366675200,82.637,82.666,82.62,82.666,0
1366678800,82.667,82.687,82.666,82.681,0
1366682400,82.709,82.73,82.644,82.675,0
1366686000,82.674,82.731,82.626,82.73,0
1366689600,82.729,82.738,82.685,82.691,0
1366693200,82.694,82.718,82.656,82.669,0
1366696800,82.672,82.731,82.608,82.61,0
1366700400,82.614,82.973,82.52,82.931,0
1366704000,82.93,83.032,82.92,82.987,0
1366707600,82.982,83.032,82.935,82.957,0
1366711200,82.958,82.981,82.928,82.957,0
1366714800,82.959,82.961,82.898,82.933,0
1366718400,82.932,83.021,82.918,83,0
1366722000,82.998,82.998,82.857,82.876,0
1366725600,82.868,82.913,82.842,82.893,0
1366729200,82.896,82.958,82.888,82.935,0
1366732800,82.937,82.965,82.92,82.946,0
1366736400,82.941,82.993,82.891,82.991,0
1366740000,82.995,83.057,82.974,83.048,0
1366743600,83.046,83.053,83.012,83.019,0
1366747200,83.017,83.029,82.978,83.016,0
1366750800,83.021,83.048,82.994,83.009,0
1366754400,83.006,83.027,83,83.021,0
1366758000,83.015,83.101,83.005,83.081,0
1366761600,83.083,83.09,83.023,83.042,0
1366765200,83.046,83.082,83.021,83.043,0
1366768800,83.042,83.062,83.026,83.04,0
1366772400,83.037,83.048,82.995,83.016,0
1366776000,83.012,83.045,83.009,83.039,0
1366779600,83.035,83.043,82.961,82.992,0
1366783200,82.99,83.027,82.984,82.984,0
1366786800,82.991,83.106,82.981,83.039,0
1366790400,83.052,83.19,82.915,82.963,0
1366794000,82.961,82.992,82.889,82.892,0
1366797600,82.885,82.967,82.847,82.918,0
1366801200,82.914,82.963,82.903,82.952,0
1366804800,82.944,83.045,82.928,83.038,0
1366808400,83.042,83.079,82.988,83.013,0
1366812000,83.016,83.102,82.927,83.019,0
1366815600,83.013,83.06,82.987,83.028,0
1366819200,83.027,83.043,82.984,82.988,0
1366822800,82.983,82.985,82.905,82.939,0
1366826400,82.942,82.948,82.896,82.91,0
1366830000,82.911,82.948,82.868,82.948,0
1366833600,82.943,82.961,82.923,82.934,0
1366837200,82.929,82.954,82.923,82.954,0
1366840800,82.952,82.958,82.93,82.937,0
1366844400,82.911,82.933,82.903,82.918,0
1366848000,82.919,82.936,82.861,82.864,0
1366851600,82.866,82.875,82.69,82.722,0
1366855200,82.736,82.755,82.711,82.716,0
1366858800,82.72,82.756,82.711,82.743,0
1366862400,82.742,82.771,82.738,82.751,0
1366866000,82.76,82.767,82.712,82.742,0
1366869600,82.744,82.763,82.702,82.711,0
1366873200,82.707,82.819,82.691,82.797,0
1366876800,82.796,82.805,82.573,82.573,0
1366880400,82.574,82.603,82.518,82.575,0
1366884000,82.577,82.577,82.494,82.518,0
1366887600,82.52,82.545,82.473,82.52,0
1366891200,82.519,82.53,82.398,82.499,0
1366894800,82.498,82.773,82.491,82.773,0
1366898400,82.775,82.886,82.757,82.815,0
1366902000,82.817,82.843,82.749,82.817,0
1366905600,82.813,82.835,82.787,82.787,0
1366909200,82.799,82.812,82.731,82.737,0
1366912800,82.736,82.765,82.72,82.744,0
1366916400,82.75,82.822,82.747,82.819,0
1366920000,82.815,82.821,82.754,82.76,0
1366923600,82.753,82.78,82.744,82.768,0
1366927200,82.767,82.792,82.767,82.776,0
1366930800,82.797,82.836,82.789,82.801,0
1366934400,82.802,82.812,82.743,82.765,0
1366938000,82.763,82.763,82.627,82.63,0
1366941600,82.626,82.639,82.527,82.581,0
1366945200,82.586,82.659,82.569,82.627,0
1366948800,82.633,82.637,82.537,82.596,0
1366952400,82.594,82.636,82.518,82.633,0
1366956000,82.632,82.669,82.584,82.631,0
1366959600,82.633,82.656,82.546,82.571,0
1366963200,82.563,82.695,82.538,82.651,0
1366966800,82.653,82.729,82.597,82.608,0
1366970400,82.613,82.729,82.613,82.694,0
1366974000,82.699,82.732,82.664,82.713,0
1366977600,82.711,82.733,82.49,82.557,0
1366981200,82.55,82.612,82.492,82.585,0
1366984800,82.574,82.591,82.393,82.437,0
1366988400,82.429,82.495,82.418,82.482,0
1366992000,82.474,82.542,82.423,82.508,0
1366995600,82.502,82.515,82.437,82.502,0
1366999200,82.5,82.519,82.48,82.502,0
1367002800,82.505,82.537,82.469,82.469,0
1367006400,82.468,82.507,82.464,82.489,0
1367010000,82.486,82.486,82.467,82.474,0
1367013600,82.469,82.469,82.469,82.469,0
1367182800,82.373,82.392,82.293,82.329,0
1367186400,82.339,82.406,82.326,82.397,0
1367190000,82.394,82.42,82.385,82.398,0
1367193600,82.4,82.451,82.38,82.383,0
1367197200,82.381,82.384,82.296,82.31,0
1367200800,82.311,82.324,82.264,82.292,0
1367204400,82.29,82.326,82.289,82.296,0
1367208000,82.298,82.317,82.286,82.312,0
1367211600,82.31,82.35,82.309,82.334,0
1367215200,82.33,82.332,82.24,82.25,0
1367218800,82.254,82.265,82.127,82.153,0
1367222400,82.154,82.175,82.113,82.155,0
1367226000,82.157,82.193,82.126,82.191,0
1367229600,82.187,82.214,82.154,82.197,0
1367233200,82.195,82.205,82.141,82.163,0
1367236800,82.162,82.166,82.035,82.153,0
1367240400,82.161,82.219,82.143,82.185,0
1367244000,82.181,82.231,82.155,82.165,0
1367247600,82.172,82.215,82.097,82.204,0
1367251200,82.203,82.248,82.196,82.223,0
1367254800,82.222,82.227,82.13,82.142,0
1367258400,82.144,82.18,82.137,82.147,0
1367262000,82.153,82.17,82.121,82.126,0
1367265600,82.125,82.147,82.094,82.103,0
1367269200,82.101,82.162,82.09,82.142,0
1367272800,82.141,82.148,82.126,82.138,0
1367276400,82.159,82.165,82.138,82.146,0
1367280000,82.151,82.174,82.129,82.161,0
1367283600,82.16,82.223,82.16,82.186,0
1367287200,82.193,82.193,82.152,82.178,0
1367290800,82.18,82.206,82.156,82.16,0
1367294400,82.156,82.173,82.153,82.164,0
1367298000,82.169,82.173,82.025,82.066,0
1367301600,82.07,82.22,82.07,82.204,0
1367305200,82.201,82.267,82.185,82.198,0
1367308800,82.196,82.269,82.135,82.25,0
1367312400,82.249,82.263,82.13,82.137,0
1367316000,82.141,82.206,82.125,82.188,0
1367319600,82.174,82.197,82.149,82.162,0
1367323200,82.161,82.202,82.137,82.18,0
1367326800,82.188,82.197,81.844,81.872,0
1367330400,81.879,81.915,81.598,81.621,0
1367334000,81.626,81.745,81.611,81.715,0
1367337600,81.719,81.815,81.706,81.773,0
1367341200,81.774,81.82,81.75,81.776,0
1367344800,81.779,81.814,81.741,81.746,0
1367348400,81.768,81.777,81.712,81.719,0
1367352000,81.724,81.732,81.69,81.721,0
1367355600,81.719,81.746,81.704,81.715,0
1367359200,81.712,81.739,81.711,81.724,0
1367362800,81.719,81.72,81.682,81.691,0
1367366400,81.698,81.706,81.626,81.632,0
1367370000,81.633,81.729,81.626,81.707,0
1367373600,81.71,81.728,81.688,81.716,0
1367377200,81.718,81.722,81.699,81.71,0
1367380800,81.709,81.726,81.704,81.721,0
1367384400,81.722,81.722,81.676,81.679,0
1367388000,81.683,81.727,81.666,81.701,0
1367391600,81.704,81.737,81.677,81.699,0
1367395200,81.702,81.702,81.595,81.612,0
1367398800,81.604,81.621,81.569,81.603,0
1367402400,81.606,81.617,81.574,81.579,0
1367406000,81.582,81.582,81.443,81.48,0
1367409600,81.478,81.484,81.331,81.431,0
1367413200,81.427,81.525,81.41,81.481,0
1367416800,81.483,81.621,81.451,81.601,0
1367420400,81.591,81.659,81.55,81.583,0
1367424000,81.585,81.585,81.507,81.577,0
1367427600,81.58,81.584,81.515,81.543,0
1367431200,81.544,81.693,81.425,81.484,0
1367434800,81.491,81.651,81.486,81.63,0
1367438400,81.631,81.65,81.59,81.65,0
1367442000,81.647,81.655,81.61,81.619,0
1367445600,81.62,81.65,81.585,81.648,0
1367449200,81.62,81.639,81.585,81.607,0
1367452800,81.602,81.654,81.596,81.644,0
1367456400,81.65,81.675,81.607,81.638,0
1367460000,81.636,81.653,81.626,81.649,0
1367463600,81.648,81.712,81.64,81.689,0
1367467200,81.692,81.693,81.657,81.666,0
1367470800,81.667,81.691,81.648,81.659,0
1367474400,81.658,81.768,81.642,81.764,0
1367478000,81.765,81.774,81.701,81.713,0
1367481600,81.712,81.713,81.653,81.657,0
1367485200,81.661,81.71,81.647,81.677,0
1367488800,81.678,81.704,81.617,81.68,0
1367492400,81.685,81.803,81.505,81.59,0
1367496000,81.56,81.823,81.522,81.733,0
1367499600,81.739,82.164,81.739,82.104,0
1367503200,82.109,82.22,82.06,82.175,0
1367506800,82.172,82.349,82.172,82.201,0
1367510400,82.204,82.258,82.175,82.186,0
1367514000,82.184,82.215,82.167,82.196,0
1367517600,82.195,82.24,82.189,82.225,0
1367521200,82.222,82.233,82.187,82.201,0
1367524800,82.2,82.243,82.199,82.215,0
1367528400,82.218,82.257,82.202,82.227,0
1367532000,82.225,82.232,82.199,82.204,0
1367535600,82.224,82.233,82.198,82.212,0
1367539200,82.215,82.24,82.185,82.191,0
1367542800,82.19,82.206,82.185,82.191,0
1367546400,82.195,82.197,82.165,82.178,0
1367550000,82.18,82.201,82.174,82.198,0
1367553600,82.196,82.21,82.19,82.206,0
1367557200,82.204,82.221,82.188,82.199,0
1367560800,82.193,82.249,82.053,82.077,0
1367564400,82.078,82.16,82.068,82.093,0
1367568000,82.095,82.121,81.976,81.976,0
1367571600,81.989,82.029,81.943,81.997,0
1367575200,81.999,82.011,81.917,82,0
1367578800,81.996,82.096,81.958,82.033,0
1367582400,82.036,82.517,81.988,82.452,0
1367586000,82.446,82.461,82.054,82.123,0
1367589600,82.127,82.127,81.909,82.082,0
1367593200,82.094,82.134,82.044,82.123,0
1367596800,82.12,82.172,82.079,82.142,0
1367600400,82.147,82.165,82.107,82.162,0
1367604000,82.161,82.169,82.1,82.125,0
1367607600,82.126,82.142,82.091,82.093,0
1367611200,82.09,82.115,82.072,82.08,0
1367614800,82.099,82.125,82.097,82.125,0
1367787600,82.105,82.122,82.072,82.092,0
1367791200,82.09,82.141,82.088,82.123,0
1367794800,82.126,82.136,82.059,82.09,0
1367798400,82.089,82.11,82.014,82.014,0
1367802000,82.015,82.065,81.982,82.051,0
1367805600,82.048,82.076,82.046,82.066,0
1367809200,82.068,82.077,82.054,82.061,0
1367812800,82.059,82.091,82.058,82.074,0
1367816400,82.073,82.09,82.065,82.08,0
1367820000,82.073,82.185,82.061,82.182,0
1367823600,82.181,82.252,82.153,82.16,0
1367827200,82.154,82.213,82.129,82.191,0
1367830800,82.196,82.223,82.164,82.185,0
1367834400,82.188,82.204,82.147,82.204,0
1367838000,82.206,82.214,82.159,82.193,0
1367841600,82.184,82.211,82.137,82.175,0
1367845200,82.177,82.234,82.173,82.234,0
1367848800,82.233,82.412,82.182,82.394,0
1367852400,82.4,82.409,82.324,82.36,0
1367856000,82.351,82.37,82.318,82.318,0
1367859600,82.322,82.359,82.301,82.312,0
1367863200,82.318,82.326,82.283,82.315,0
1367866800,82.312,82.325,82.304,82.324,0
1367870400,82.328,82.337,82.307,82.317,0
1367874000,82.318,82.335,82.309,82.335,0
1367877600,82.331,82.345,82.321,82.337,0
1367881200,82.324,82.354,82.315,82.337,0
1367884800,82.339,82.351,82.275,82.288,0
1367888400,82.287,82.309,82.239,82.266,0
1367892000,82.267,82.285,82.248,82.259,0
1367895600,82.258,82.279,82.253,82.265,0
1367899200,82.267,82.281,82.236,82.261,0
1367902800,82.265,82.275,82.216,82.23,0
1367906400,82.227,82.334,82.217,82.303,0
1367910000,82.309,82.313,82.227,82.278,0
1367913600,82.28,82.303,82.241,82.272,0
1367917200,82.271,82.332,82.256,82.295,0
1367920800,82.299,82.299,82.104,82.112,0
1367924400,82.115,82.137,82.065,82.125,0
1367928000,82.134,82.187,82.13,82.133,0
1367931600,82.128,82.15,82.082,82.138,0
1367935200,82.141,82.334,82.123,82.278,0
1367938800,82.277,82.316,82.253,82.277,0
1367942400,82.28,82.282,82.25,82.278,0
1367946000,82.269,82.28,82.251,82.271,0
1367949600,82.272,82.295,82.254,82.254,0
1367953200,82.252,82.316,82.252,82.296,0
1367956800,82.295,82.302,82.278,82.287,0
1367960400,82.288,82.307,82.253,82.286,0
1367964000,82.285,82.297,82.28,82.283,0
1367967600,82.283,82.294,82.265,82.291,0
1367971200,82.29,82.312,82.265,82.299,0
1367974800,82.297,82.323,82.222,82.244,0
1367978400,82.247,82.268,82.227,82.256,0
1367982000,82.258,82.276,82.244,82.255,0
1367985600,82.252,82.255,82.22,82.24,0
1367989200,82.244,82.25,82.222,82.235,0
1367992800,82.234,82.242,82.098,82.124,0
1367996400,82.131,82.227,82.118,82.218,0
1368000000,82.214,82.255,82.071,82.089,0
1368003600,82.097,82.194,82.089,82.098,0
1368007200,82.097,82.105,81.996,82.082,0
1368010800,82.083,82.12,82.05,82.078,0
1368014400,82.079,82.079,81.857,81.915,0
1368018000,81.916,81.92,81.827,81.853,0
1368021600,81.854,81.924,81.782,81.826,0
1368025200,81.824,81.836,81.719,81.818,0
1368028800,81.823,81.857,81.781,81.838,0
1368032400,81.832,81.885,81.818,81.881,0
1368036000,81.884,81.906,81.877,81.896,0
1368039600,81.897,81.945,81.892,81.932,0
1368043200,81.925,81.956,81.922,81.956,0
1368046800,81.952,81.953,81.896,81.903,0
1368050400,81.904,81.935,81.904,81.915,0
1368054000,81.908,81.918,81.886,81.898,0
1368057600,81.899,81.904,81.879,81.899,0
1368061200,81.891,81.907,81.855,81.89,0
1368064800,81.895,81.909,81.867,81.867,0
1368068400,81.868,81.883,81.851,81.86,0
1368072000,81.859,81.897,81.851,81.864,0
1368075600,81.87,81.9,81.87,81.893,0
1368079200,81.895,81.899,81.849,81.879,0
1368082800,81.88,81.949,81.824,81.833,0
1368086400,81.836,81.886,81.782,81.877,0
1368090000,81.876,81.959,81.861,81.905,0
1368093600,81.901,81.922,81.853,81.874,0
1368097200,81.873,81.972,81.864,81.927,0
1368100800,81.931,82.042,81.917,82.005,0
1368104400,82.003,82.248,81.97,82.237,0
1368108000,82.236,82.271,82.182,82.227,0
1368111600,82.23,82.272,82.184,82.191,0
1368115200,82.188,82.214,82.151,82.172,0
1368118800,82.167,82.403,82.167,82.354,0
1368122400,82.352,82.794,82.344,82.794,0
1368126000,82.806,82.824,82.658,82.73,0
1368129600,82.728,82.736,82.652,82.68,0
1368133200,82.672,82.721,82.661,82.678,0
1368136800,82.671,82.706,82.663,82.694,0
1368140400,82.685,82.754,82.67,82.75,0
1368144000,82.747,82.804,82.726,82.768,0
1368147600,82.767,82.784,82.696,82.752,0
1368151200,82.749,82.767,82.698,82.731,0
1368154800,82.73,82.75,82.713,82.729,0
1368158400,82.73,82.749,82.705,82.745,0
1368162000,82.742,82.743,82.68,82.728,0
1368165600,82.729,82.851,82.723,82.799,0
1368169200,82.798,82.959,82.776,82.839,0
1368172800,82.84,83.039,82.797,83.011,0
1368176400,83.009,83.02,82.897,82.95,0
1368180000,82.954,83.044,82.909,83.023,0
1368183600,83.02,83.133,82.971,83.095,0
1368187200,83.092,83.136,82.949,82.949,0
1368190800,82.943,83.114,82.943,83.051,0
1368194400,83.054,83.297,83.054,83.213,0
1368198000,83.22,83.438,83.195,83.312,0
1368201600,83.313,83.317,83.182,83.192,0
1368205200,83.187,83.223,83.152,83.183,0
1368208800,83.184,83.193,83.097,83.144,0
1368212400,83.145,83.191,83.138,83.141,0
1368216000,83.142,83.166,83.094,83.106,0
1368219600,83.095,83.1,83.094,83.097,0
1368392400,83.247,83.251,83.184,83.199,0
1368396000,83.198,83.262,83.194,83.24,0
1368399600,83.242,83.313,83.23,83.269,0
1368403200,83.268,83.282,83.205,83.267,0
1368406800,83.266,83.295,83.22,83.244,0
1368410400,83.245,83.259,83.214,83.235,0
1368414000,83.236,83.293,83.232,83.272,0
1368417600,83.273,83.291,83.232,83.234,0
1368421200,83.233,83.237,83.125,83.153,0
1368424800,83.154,83.209,83.113,83.133,0
1368428400,83.132,83.263,83.096,83.238,0
1368432000,83.24,83.285,83.202,83.212,0
1368435600,83.211,83.24,83.152,83.172,0
1368439200,83.171,83.184,83.108,83.128,0
1368442800,83.133,83.153,83.073,83.108,0
1368446400,83.113,83.36,83.106,83.157,0
1368450000,83.155,83.214,83.084,83.123,0
1368453600,83.122,83.195,83.075,83.174,0
1368457200,83.166,83.299,83.141,83.231,0
1368460800,83.228,83.306,83.212,83.256,0
1368464400,83.253,83.286,83.215,83.264,0
1368468000,83.266,83.3,83.252,83.278,0
1368471600,83.281,83.289,83.229,83.276,0
1368475200,83.273,83.288,83.232,83.246,0
1368478800,83.242,83.264,83.193,83.193,0
1368482400,83.2,83.227,83.2,83.218,0
1368486000,83.219,83.219,83.15,83.17,0
1368489600,83.165,83.191,82.957,82.981,0
1368493200,82.982,83.029,82.961,83.022,0
1368496800,83.021,83.034,83.001,83.024,0
1368500400,83.023,83.084,83.018,83.066,0
1368504000,83.065,83.068,83.011,83.014,0
1368507600,83.019,83.077,82.986,83.031,0
1368511200,83.033,83.103,83.033,83.064,0
1368514800,83.065,83.163,83.006,83.092,0
1368518400,83.096,83.155,83.056,83.098,0
1368522000,83.107,83.227,82.977,83.21,0
1368525600,83.215,83.399,83.208,83.331,0
1368529200,83.334,83.394,83.29,83.314,0
1368532800,83.32,83.423,83.26,83.285,0
1368536400,83.293,83.37,83.279,83.319,0
1368540000,83.329,83.417,83.296,83.338,0
1368543600,83.335,83.43,83.246,83.393,0
1368547200,83.392,83.509,83.342,83.473,0
1368550800,83.479,83.6,83.464,83.534,0
1368554400,83.53,83.595,83.514,83.595,0
1368558000,83.594,83.597,83.532,83.586,0
1368561600,83.585,83.687,83.572,83.679,0
1368565200,83.68,83.685,83.614,83.623,0
1368568800,83.617,83.623,83.582,83.605,0
1368572400,83.62,83.634,83.562,83.583,0
1368576000,83.585,83.608,83.548,83.55,0
1368579600,83.549,83.667,83.542,83.665,0
1368583200,83.669,83.669,83.628,83.635,0
1368586800,83.634,83.649,83.587,83.591,0
1368590400,83.585,83.612,83.568,83.589,0
1368594000,83.586,83.637,83.558,83.627,0
1368597600,83.625,83.826,83.625,83.815,0
1368601200,83.816,83.871,83.728,83.742,0
1368604800,83.737,83.796,83.685,83.759,0
1368608400,83.764,83.836,83.698,83.828,0
1368612000,83.829,84.022,83.818,84.006,0
1368615600,84.013,84.055,83.948,84.004,0
1368619200,84.009,84.094,83.785,83.901,0
1368622800,83.886,83.908,83.714,83.811,0
1368626400,83.806,83.957,83.768,83.902,0
1368630000,83.903,83.985,83.843,83.934,0
1368633600,83.931,83.98,83.912,83.93,0
1368637200,83.929,83.955,83.813,83.839,0
1368640800,83.837,83.861,83.79,83.83,0
1368644400,83.828,83.853,83.79,83.808,0
1368648000,83.812,83.832,83.746,83.751,0
1368651600,83.755,83.82,83.75,83.795,0
1368655200,83.792,83.806,83.781,83.785,0
1368658800,83.805,83.811,83.727,83.767,0
1368662400,83.769,83.811,83.701,83.768,0
1368666000,83.769,83.806,83.751,83.802,0
1368669600,83.798,83.812,83.774,83.8,0
1368673200,83.802,83.844,83.795,83.827,0
1368676800,83.826,83.845,83.787,83.807,0
1368680400,83.809,83.883,83.782,83.875,0
1368684000,83.87,83.93,83.829,83.858,0
1368687600,83.863,83.963,83.854,83.928,0
1368691200,83.927,83.995,83.922,83.937,0
1368694800,83.935,83.939,83.832,83.88,0
1368698400,83.876,83.957,83.849,83.946,0
1368702000,83.941,83.96,83.822,83.835,0
1368705600,83.834,83.85,83.59,83.712,0
1368709200,83.715,83.771,83.632,83.653,0
1368712800,83.655,83.655,83.509,83.537,0
1368716400,83.534,83.709,83.448,83.647,0
1368720000,83.651,83.72,83.636,83.636,0
1368723600,83.635,83.659,83.562,83.581,0
1368727200,83.585,83.623,83.568,83.589,0
1368730800,83.585,83.853,83.573,83.806,0
1368734400,83.795,83.797,83.726,83.778,0
1368738000,83.777,83.79,83.724,83.751,0
1368741600,83.756,83.773,83.745,83.745,0
1368745200,83.734,83.752,83.721,83.743,0
1368748800,83.74,83.777,83.73,83.767,0
1368752400,83.766,83.873,83.749,83.85,0
1368756000,83.851,83.919,83.848,83.891,0
1368759600,83.892,83.918,83.883,83.917,0
1368763200,83.918,83.938,83.874,83.881,0
1368766800,83.886,83.911,83.864,83.911,0
1368770400,83.905,83.985,83.881,83.942,0
1368774000,83.936,83.977,83.845,83.888,0
1368777600,83.884,83.975,83.853,83.966,0
1368781200,83.967,83.967,83.822,83.836,0
1368784800,83.837,83.947,83.796,83.936,0
1368788400,83.939,83.982,83.858,83.919,0
1368792000,83.925,84.205,83.904,84.168,0
1368795600,84.163,84.371,84.158,84.231,0
1368799200,84.226,84.345,84.127,84.236,0
1368802800,84.232,84.35,84.171,84.258,0
1368806400,84.262,84.282,84.193,84.22,0
1368810000,84.222,84.254,84.183,84.2,0
1368813600,84.206,84.261,84.198,84.253,0
1368817200,84.254,84.287,84.239,84.275,0
1368820800,84.277,84.289,84.191,84.214,0
1368824400,84.21,84.252,84.194,84.207,0
1368997200,84.125,84.164,84.042,84.08,0
1369000800,84.089,84.222,84.082,84.219,0
1369004400,84.218,84.222,84.118,84.171,0
1369008000,84.172,84.256,84.169,84.256,0
1369011600,84.259,84.259,84.182,84.184,0
1369015200,84.183,84.193,84.154,84.159,0
1369018800,84.156,84.168,84.088,84.11,0
1369022400,84.109,84.144,84.053,84.118,0
1369026000,84.117,84.126,84.059,84.126,0
1369029600,84.127,84.155,84.08,84.098,0
1369033200,84.095,84.111,83.981,83.999,0
1369036800,84.003,84.021,83.915,83.967,0
1369040400,83.965,84.043,83.951,84.021,0
1369044000,84.02,84.1,83.999,84.001,0
1369047600,84.006,84.045,83.983,84.009,0
1369051200,84.008,84.085,83.957,84.026,0
1369054800,84.024,84.076,84.014,84.062,0
1369058400,84.064,84.076,83.947,83.992,0
1369062000,83.998,83.999,83.931,83.967,0
1369065600,83.966,83.973,83.857,83.884,0
1369069200,83.891,83.944,83.82,83.86,0
1369072800,83.851,83.861,83.736,83.737,0
1369076400,83.74,83.796,83.703,83.79,0
1369080000,83.783,83.826,83.782,83.823,0
1369083600,83.815,83.83,83.798,83.808,0
1369087200,83.812,83.814,83.756,83.756,0
1369090800,83.8,83.813,83.768,83.773,0
1369094400,83.772,83.955,83.77,83.949,0
1369098000,83.951,84.001,83.873,83.886,0
1369101600,83.883,83.907,83.817,83.837,0
1369105200,83.836,83.841,83.789,83.833,0
1369108800,83.835,83.883,83.819,83.835,0
1369112400,83.838,83.862,83.795,83.825,0
1369116000,83.827,83.883,83.766,83.873,0
1369119600,83.868,83.934,83.816,83.92,0
1369123200,83.918,84.067,83.868,83.992,0
1369126800,83.991,84.031,83.918,84.003,0
1369130400,84.011,84.102,83.99,84.031,0
1369134000,84.039,84.158,84.032,84.068,0
1369137600,84.067,84.08,83.999,84.024,0
1369141200,84.026,84.115,84.019,84.099,0
1369144800,84.102,84.2,84.004,84.013,0
1369148400,84.015,84.055,83.761,83.794,0
1369152000,83.792,83.85,83.745,83.77,0
1369155600,83.767,83.849,83.654,83.849,0
1369159200,83.865,83.883,83.839,83.865,0
1369162800,83.859,83.871,83.796,83.834,0
1369166400,83.829,83.864,83.807,83.825,0
1369170000,83.826,83.845,83.822,83.839,0
1369173600,83.835,83.838,83.758,83.768,0
1369177200,83.779,83.783,83.731,83.757,0
1369180800,83.758,83.772,83.676,83.759,0
1369184400,83.762,83.791,83.748,83.761,0
1369188000,83.762,83.784,83.749,83.76,0
1369191600,83.761,83.789,83.714,83.777,0
1369195200,83.78,83.82,83.768,83.819,0
1369198800,83.822,83.862,83.801,83.85,0
1369202400,83.849,83.887,83.808,83.824,0
1369206000,83.823,83.823,83.711,83.758,0
1369209600,83.762,83.871,83.754,83.809,0
1369213200,83.816,83.854,83.771,83.795,0
1369216800,83.799,83.891,83.743,83.871,0
1369220400,83.869,83.902,83.813,83.852,0
1369224000,83.855,83.964,83.847,83.87,0
1369227600,83.866,83.891,83.755,83.791,0
1369231200,83.789,84.222,83.464,84.216,0
1369234800,84.206,84.28,84.092,84.272,0
1369238400,84.271,84.422,84.254,84.281,0
1369242000,84.273,84.378,84.205,84.301,0
1369245600,84.302,84.391,84.226,84.353,0
1369249200,84.352,84.372,84.23,84.263,0
1369252800,84.26,84.287,84.217,84.265,0
1369256400,84.267,84.302,84.246,84.294,0
1369260000,84.296,84.306,84.277,84.284,0
1369263600,84.368,84.387,84.336,84.359,0
1369267200,84.357,84.467,84.346,84.466,0
1369270800,84.461,84.498,84.379,84.424,0
1369274400,84.42,84.421,84.332,84.347,0
1369278000,84.348,84.376,84.261,84.305,0
1369281600,84.3,84.305,84.207,84.246,0
1369285200,84.249,84.268,84.181,84.25,0
1369288800,84.26,84.306,84.174,84.247,0
1369292400,84.249,84.249,84.035,84.096,0
1369296000,84.102,84.105,83.789,83.864,0
1369299600,83.86,83.982,83.841,83.909,0
1369303200,83.906,83.96,83.817,83.929,0
1369306800,83.927,83.976,83.905,83.921,0
1369310400,83.918,83.977,83.797,83.889,0
1369314000,83.89,83.903,83.746,83.869,0
1369317600,83.862,83.912,83.812,83.867,0
1369321200,83.868,83.897,83.602,83.678,0
1369324800,83.686,83.734,83.634,83.721,0
1369328400,83.723,83.732,83.68,83.721,0
1369332000,83.719,83.748,83.652,83.733,0
1369335600,83.738,83.758,83.676,83.685,0
1369339200,83.686,83.747,83.68,83.745,0
1369342800,83.737,83.764,83.718,83.744,0
1369346400,83.748,83.751,83.72,83.746,0
1369350000,83.792,83.869,83.783,83.866,0
1369353600,83.865,83.961,83.834,83.895,0
1369357200,83.897,83.936,83.878,83.904,0
1369360800,83.905,83.906,83.849,83.884,0
1369364400,83.881,83.926,83.776,83.799,0
1369368000,83.81,83.838,83.638,83.697,0
1369371600,83.696,83.805,83.665,83.738,0
1369375200,83.728,83.761,83.669,83.728,0
1369378800,83.73,83.803,83.689,83.771,0
1369382400,83.77,83.774,83.52,83.554,0
1369386000,83.555,83.651,83.501,83.62,0
1369389600,83.621,83.626,83.433,83.596,0
1369393200,83.592,83.596,83.483,83.571,0
1369396800,83.574,83.8,83.569,83.676,0
1369400400,83.671,83.72,83.528,83.547,0
1369404000,83.533,83.655,83.502,83.62,0
1369407600,83.622,83.719,83.616,83.668,0
1369411200,83.661,83.702,83.634,83.701,0
1369414800,83.694,83.708,83.637,83.657,0
1369418400,83.668,83.668,83.57,83.593,0
1369422000,83.595,83.626,83.584,83.609,0
1369425600,83.611,83.7,83.606,83.646,0
1369429200,83.644,83.644,83.619,83.64,0
1369695600,83.664,83.673,83.643,83.651,0
1369699200,83.646,83.937,83.646,83.887,0
1369702800,83.885,84.001,83.846,83.872,0
1369706400,83.876,83.928,83.857,83.907,0
1369710000,83.908,83.909,83.771,83.799,0
1369713600,83.798,83.849,83.79,83.833,0
1369717200,83.835,83.836,83.762,83.782,0
1369720800,83.785,83.912,83.779,83.91,0
1369724400,83.913,83.987,83.862,83.939,0
1369728000,83.937,83.944,83.881,83.897,0
1369731600,83.904,83.942,83.788,83.796,0
1369735200,83.793,83.828,83.753,83.778,0
1369738800,83.775,83.782,83.682,83.769,0
1369742400,83.772,83.826,83.72,83.78,0
1369746000,83.784,83.895,83.773,83.866,0
1369749600,83.876,84.226,83.876,84.226,0
1369753200,84.23,84.239,84.059,84.113,0
1369756800,84.11,84.185,84.084,84.166,0
1369760400,84.17,84.235,84.138,84.165,0
1369764000,84.164,84.164,84.06,84.101,0
1369767600,84.102,84.21,84.089,84.208,0
1369771200,84.205,84.297,84.203,84.255,0
1369774800,84.256,84.283,84.228,84.262,0
1369778400,84.264,84.274,84.244,84.244,0
1369782000,84.335,84.336,84.301,84.331,0
1369785600,84.33,84.331,84.227,84.254,0
1369789200,84.26,84.267,84.222,84.239,0
1369792800,84.245,84.264,84.208,84.215,0
1369796400,84.216,84.26,84.189,84.243,0
1369800000,84.245,84.301,84.238,84.298,0
1369803600,84.29,84.368,84.27,84.298,0
1369807200,84.301,84.309,84.172,84.22,0
1369810800,84.218,84.229,84.049,84.11,0
1369814400,84.114,84.114,83.964,83.98,0
1369818000,83.981,84.045,83.961,83.997,0
1369821600,83.994,84.054,83.708,83.745,0
1369825200,83.743,83.743,83.475,83.654,0
1369828800,83.668,83.715,83.54,83.652,0
1369832400,83.651,83.743,83.578,83.604,0
1369836000,83.618,83.693,83.503,83.528,0
1369839600,83.539,83.649,83.529,83.601,0
1369843200,83.604,83.653,83.575,83.648,0
1369846800,83.65,83.746,83.554,83.68,0
1369850400,83.678,83.696,83.642,83.66,0
1369854000,83.663,83.673,83.599,83.621,0
1369857600,83.62,83.633,83.6,83.628,0
1369861200,83.62,83.64,83.593,83.619,0
1369864800,83.618,83.645,83.589,83.625,0
1369868400,83.628,83.638,83.516,83.573,0
1369872000,83.572,83.677,83.495,83.664,0
1369875600,83.66,83.686,83.52,83.553,0
1369879200,83.554,83.576,83.515,83.555,0
1369882800,83.552,83.608,83.479,83.488,0
1369886400,83.49,83.535,83.471,83.475,0
1369890000,83.472,83.502,83.312,83.407,0
1369893600,83.413,83.505,83.349,83.496,0
1369897200,83.497,83.498,83.413,83.46,0
1369900800,83.472,83.486,83.334,83.434,0
1369904400,83.433,83.439,83.237,83.286,0
1369908000,83.288,83.536,83.288,83.45,0
1369911600,83.447,83.708,83.435,83.629,0
1369915200,83.627,83.704,83.385,83.421,0
1369918800,83.423,83.526,83.098,83.208,0
1369922400,83.213,83.216,82.989,83.016,0
1369926000,83.012,83.123,83.008,83.091,0
1369929600,83.093,83.1,83.025,83.058,0
1369933200,83.063,83.064,82.982,83.008,0
1369936800,83.009,83.069,83.007,83.043,0
1369940400,83.038,83.078,82.979,83.037,0
1369944000,83.036,83.04,82.99,82.996,0
1369947600,82.991,83.042,82.972,83.011,0
1369951200,83.014,83.028,82.955,83.008,0
1369954800,83.028,83.1,83.023,83.075,0
1369958400,83.073,83.116,83.019,83.116,0
1369962000,83.113,83.113,83.021,83.046,0
1369965600,83.044,83.111,83.033,83.111,0
1369969200,83.108,83.139,83.053,83.087,0
1369972800,83.089,83.128,83.065,83.113,0
1369976400,83.116,83.118,83.034,83.099,0
1369980000,83.091,83.1,83.019,83.063,0
1369983600,83.061,83.164,83.059,83.099,0
1369987200,83.095,83.196,83.058,83.144,0
1369990800,83.137,83.342,83.128,83.321,0
1369994400,83.313,83.389,83.223,83.249,0
1369998000,83.252,83.292,83.174,83.264,0
1370001600,83.267,83.269,83.084,83.227,0
1370005200,83.23,83.448,83.203,83.436,0
1370008800,83.437,83.521,83.363,83.497,0
1370012400,83.496,83.598,83.359,83.359,0
1370016000,83.352,83.466,83.352,83.432,0
1370019600,83.435,83.476,83.43,83.442,0
1370023200,83.443,83.463,83.347,83.375,0
1370026800,83.379,83.385,83.241,83.277,0
1370030400,83.282,83.289,83.243,83.277,0
1370034000,83.267,83.273,83.26,83.261,0
1370206800,83.275,83.328,83.265,83.3,0
1370210400,83.297,83.338,83.268,83.307,0
1370214000,83.309,83.311,83.245,83.276,0
1370217600,83.275,83.321,83.204,83.224,0
1370221200,83.223,83.327,83.219,83.276,0
1370224800,83.274,83.287,83.222,83.263,0
1370228400,83.264,83.28,83.193,83.212,0
1370232000,83.206,83.243,83.189,83.202,0
1370235600,83.201,83.224,83.159,83.177,0
1370239200,83.17,83.184,83.049,83.091,0
1370242800,83.097,83.154,83.029,83.057,0
1370246400,83.059,83.111,82.986,83.1,0
1370250000,83.098,83.14,83.053,83.072,0
1370253600,83.077,83.163,83.04,83.129,0
1370257200,83.132,83.252,83.107,83.192,0
1370260800,83.194,83.218,83.102,83.207,0
1370264400,83.21,83.376,83.171,83.333,0
1370268000,83.33,83.33,82.88,82.939,0
1370271600,82.94,82.953,82.428,82.528,0
1370275200,82.522,82.613,82.492,82.584,0
1370278800,82.592,82.605,82.467,82.521,0
1370282400,82.526,82.67,82.519,82.657,0
1370286000,82.654,82.678,82.64,82.675,0
1370289600,82.674,82.695,82.652,82.66,0
1370293200,82.659,82.679,82.64,82.675,0
1370296800,82.677,82.694,82.656,82.679,0
1370300400,82.703,82.73,82.693,82.708,0
1370304000,82.709,82.756,82.603,82.612,0
1370307600,82.61,82.73,82.605,82.717,0
1370311200,82.723,82.749,82.692,82.734,0
1370314800,82.731,82.781,82.722,82.771,0
1370318400,82.77,82.773,82.732,82.745,0
1370322000,82.752,82.803,82.736,82.745,0
1370325600,82.747,82.892,82.741,82.812,0
1370329200,82.815,82.879,82.732,82.844,0
1370332800,82.846,82.849,82.748,82.847,0
1370336400,82.849,82.851,82.753,82.796,0
1370340000,82.797,82.817,82.666,82.72,0
1370343600,82.727,82.769,82.662,82.755,0
1370347200,82.752,82.833,82.669,82.81,0
1370350800,82.808,82.907,82.785,82.839,0
1370354400,82.838,82.976,82.815,82.828,0
1370358000,82.829,82.845,82.732,82.822,0
1370361600,82.818,82.897,82.811,82.83,0
1370365200,82.837,82.89,82.828,82.836,0
1370368800,82.837,82.852,82.747,82.77,0
1370372400,82.776,82.795,82.729,82.763,0
1370376000,82.768,82.772,82.712,82.761,0
1370379600,82.76,82.771,82.717,82.745,0
1370383200,82.754,82.788,82.748,82.772,0
1370386800,82.796,82.843,82.791,82.838,0
1370390400,82.84,82.885,82.803,82.857,0
1370394000,82.861,82.873,82.818,82.833,0
1370397600,82.834,82.846,82.708,82.762,0
1370401200,82.761,82.821,82.687,82.713,0
1370404800,82.715,82.737,82.64,82.669,0
1370408400,82.671,82.703,82.627,82.661,0
1370412000,82.664,82.733,82.587,82.729,0
1370415600,82.737,82.795,82.704,82.724,0
1370419200,82.733,82.835,82.714,82.804,0
1370422800,82.803,82.84,82.712,82.767,0
1370426400,82.778,82.802,82.739,82.766,0
1370430000,82.77,82.779,82.694,82.735,0
1370433600,82.732,82.786,82.491,82.747,0
1370437200,82.748,82.787,82.676,82.75,0
1370440800,82.748,82.764,82.601,82.633,0
1370444400,82.632,82.668,82.548,82.591,0
1370448000,82.592,82.603,82.506,82.563,0
1370451600,82.569,82.635,82.551,82.582,0
1370455200,82.591,82.627,82.574,82.594,0
1370458800,82.601,82.602,82.525,82.571,0
1370462400,82.57,82.577,82.527,82.545,0
1370466000,82.546,82.564,82.528,82.559,0
1370469600,82.563,82.567,82.548,82.563,0
1370473200,82.523,82.568,82.506,82.568,0
1370476800,82.572,82.68,82.548,82.644,0
1370480400,82.646,82.674,82.552,82.59,0
1370484000,82.595,82.606,82.551,82.595,0
1370487600,82.593,82.599,82.542,82.565,0
1370491200,82.555,82.563,82.482,82.518,0
1370494800,82.52,82.583,82.518,82.541,0
1370498400,82.542,82.546,82.394,82.412,0
1370502000,82.41,82.478,82.384,82.439,0
1370505600,82.438,82.442,82.362,82.377,0
1370509200,82.382,82.429,82.374,82.412,0
1370512800,82.416,82.434,82.387,82.423,0
1370516400,82.429,82.439,82.351,82.401,0
1370520000,82.397,82.515,82.216,82.317,0
1370523600,82.313,82.378,82.224,82.249,0
1370527200,82.255,82.267,81.958,81.977,0
1370530800,81.975,82.067,81.395,81.579,0
1370534400,81.589,81.642,81.077,81.424,0
1370538000,81.428,81.617,81.422,81.517,0
1370541600,81.512,81.574,81.444,81.537,0
1370545200,81.539,81.555,81.497,81.523,0
1370548800,81.52,81.543,81.505,81.511,0
1370552400,81.512,81.624,81.511,81.624,0
1370556000,81.614,81.623,81.581,81.585,0
1370559600,81.544,81.59,81.542,81.585,0
1370563200,81.584,81.637,81.574,81.607,0
1370566800,81.606,81.606,81.452,81.515,0
1370570400,81.511,81.511,81.399,81.439,0
1370574000,81.436,81.474,81.357,81.407,0
1370577600,81.412,81.429,81.257,81.379,0
1370581200,81.377,81.528,81.369,81.475,0
1370584800,81.479,81.564,81.391,81.467,0
1370588400,81.469,81.511,81.45,81.483,0
1370592000,81.472,81.566,81.457,81.523,0
1370595600,81.53,81.549,81.372,81.382,0
1370599200,81.383,81.462,81.318,81.344,0
1370602800,81.339,81.361,81.24,81.321,0
1370606400,81.322,81.691,81.09,81.675,0
1370610000,81.67,81.78,81.557,81.749,0
1370613600,81.738,81.847,81.629,81.686,0
1370617200,81.684,81.802,81.565,81.576,0
1370620800,81.571,81.755,81.571,81.711,0
1370624400,81.712,81.727,81.662,81.688,0
1370628000,81.693,81.706,81.642,81.67,0
1370631600,81.669,81.703,81.643,81.678,0
1370635200,81.676,81.701,81.643,81.67,0
1370638800,81.668,81.689,81.665,81.688,0
1370811600,81.868,81.871,81.82,81.834,0
1370815200,81.829,81.861,81.778,81.853,0
1370818800,81.854,81.875,81.824,81.872,0
1370822400,81.875,81.88,81.653,81.691,0
1370826000,81.684,81.757,81.674,81.739,0
1370829600,81.736,81.814,81.722,81.805,0
1370833200,81.804,81.863,81.779,81.85,0
1370836800,81.849,81.909,81.843,81.873,0
1370840400,81.872,81.916,81.866,81.9,0
1370844000,81.903,81.943,81.86,81.938,0
1370847600,81.937,81.994,81.851,81.851,0
1370851200,81.856,81.932,81.831,81.858,0
1370854800,81.854,81.903,81.796,81.832,0
1370858400,81.833,81.878,81.816,81.862,0
1370862000,81.86,81.927,81.843,81.879,0
1370865600,81.876,81.953,81.799,81.936,0
1370869200,81.933,82.091,81.907,82.016,0
1370872800,82.012,82.028,81.906,81.995,0
1370876400,81.999,82.009,81.73,81.784,0
1370880000,81.788,81.852,81.762,81.779,0
1370883600,81.78,81.814,81.601,81.626,0
1370887200,81.64,81.703,81.598,81.646,0
1370890800,81.648,81.678,81.634,81.678,0
1370894400,81.672,81.683,81.65,81.676,0
1370898000,81.679,81.717,81.646,81.708,0
1370901600,81.704,81.708,81.683,81.689,0
1370905200,81.692,81.734,81.672,81.715,0
1370908800,81.716,81.722,81.632,81.668,0
1370912400,81.67,81.753,81.651,81.729,0
1370916000,81.728,81.735,81.494,81.505,0
1370919600,81.503,81.581,81.413,81.553,0
1370923200,81.551,81.57,81.509,81.546,0
1370926800,81.548,81.6,81.53,81.574,0
1370930400,81.577,81.597,81.521,81.592,0
1370934000,81.589,81.647,81.571,81.617,0
1370937600,81.62,81.647,81.495,81.5,0
1370941200,81.494,81.495,81.349,81.425,0
1370944800,81.424,81.489,81.381,81.479,0
1370948400,81.485,81.485,81.35,81.411,0
1370952000,81.412,81.63,81.407,81.615,0
1370955600,81.618,81.643,81.357,81.402,0
1370959200,81.4,81.459,81.145,81.368,0
1370962800,81.369,81.464,81.278,81.361,0
1370966400,81.36,81.39,81.31,81.361,0
1370970000,81.363,81.37,81.128,81.128,0
1370973600,81.132,81.22,81.073,81.114,0
1370977200,81.115,81.165,81.034,81.057,0
1370980800,81.053,81.102,81.046,81.071,0
1370984400,81.065,81.115,81.063,81.082,0
1370988000,81.078,81.1,81.048,81.051,0
1370991600,81.094,81.132,81.082,81.112,0
1370995200,81.109,81.14,81.082,81.108,0
1370998800,81.106,81.171,81.086,81.152,0
1371002400,81.151,81.17,81.134,81.154,0
1371006000,81.155,81.16,81.109,81.129,0
1371009600,81.131,81.19,81.126,81.173,0
1371013200,81.175,81.274,81.169,81.26,0
1371016800,81.259,81.268,81.13,81.161,0
1371020400,81.152,81.186,81.073,81.178,0
1371024000,81.182,81.274,81.17,81.184,0
1371027600,81.183,81.251,81.183,81.222,0
1371031200,81.224,81.291,81.167,81.257,0
1371034800,81.254,81.301,81.225,81.291,0
1371038400,81.285,81.308,81.133,81.171,0
1371042000,81.176,81.227,81.054,81.072,0
1371045600,81.071,81.075,80.857,80.892,0
1371049200,80.875,81.029,80.748,80.783,0
1371052800,80.784,80.867,80.758,80.862,0
1371056400,80.867,80.999,80.839,80.96,0
1371060000,80.969,80.972,80.908,80.948,0
1371063600,80.945,81.024,80.896,80.974,0
1371067200,80.973,80.988,80.936,80.956,0
1371070800,80.954,80.987,80.923,80.931,0
1371074400,80.926,80.952,80.914,80.932,0
1371078000,80.917,80.924,80.817,80.85,0
1371081600,80.854,80.877,80.728,80.777,0
1371085200,80.776,80.818,80.651,80.725,0
1371088800,80.729,80.754,80.676,80.732,0
1371092400,80.731,80.769,80.683,80.735,0
1371096000,80.74,80.769,80.722,80.732,0
1371099600,80.731,80.752,80.655,80.677,0
1371103200,80.676,80.68,80.5,80.622,0
1371106800,80.615,80.719,80.61,80.712,0
1371110400,80.71,80.765,80.674,80.753,0
1371114000,80.756,80.806,80.708,80.781,0
1371117600,80.786,80.792,80.709,80.757,0
1371121200,80.758,80.813,80.708,80.812,0
1371124800,80.807,80.94,80.73,80.853,0
1371128400,80.855,80.985,80.81,80.865,0
1371132000,80.863,80.941,80.792,80.858,0
1371135600,80.851,80.868,80.622,80.815,0
1371139200,80.812,80.842,80.752,80.779,0
1371142800,80.78,80.862,80.724,80.763,0
1371146400,80.771,80.801,80.737,80.753,0
1371150000,80.755,80.782,80.589,80.725,0
1371153600,80.729,80.73,80.655,80.667,0
1371157200,80.67,80.737,80.662,80.702,0
1371160800,80.704,80.754,80.702,80.72,0
1371164400,80.756,80.789,80.739,80.771,0
1371168000,80.773,80.774,80.59,80.615,0
1371171600,80.611,80.694,80.61,80.679,0
1371175200,80.674,80.743,80.674,80.731,0
1371178800,80.727,80.756,80.694,80.743,0
1371182400,80.75,80.825,80.743,80.808,0
1371186000,80.809,80.814,80.714,80.736,0
1371189600,80.735,80.82,80.721,80.805,0
1371193200,80.802,80.89,80.729,80.877,0
1371196800,80.879,80.902,80.779,80.867,0
1371200400,80.853,80.918,80.836,80.914,0
1371204000,80.912,80.917,80.853,80.886,0
1371207600,80.882,80.936,80.831,80.936,0
1371211200,80.932,81.012,80.865,80.919,0
1371214800,80.916,80.958,80.819,80.832,0
1371218400,80.835,80.858,80.676,80.711,0
1371222000,80.71,80.763,80.612,80.73,0
1371225600,80.726,80.794,80.709,80.749,0
1371229200,80.748,80.759,80.672,80.687,0
1371232800,80.686,80.721,80.653,80.671,0
1371236400,80.667,80.716,80.637,80.649,0
1371240000,80.645,80.67,80.608,80.616,0
1371243600,80.614,80.618,80.613,80.618,0
1371416400,80.602,80.625,80.602,80.62,0
1371420000,80.623,80.657,80.616,80.619,0
1371423600,80.621,80.648,80.583,80.591,0
1371427200,80.593,80.734,80.593,80.721,0
1371430800,80.719,80.749,80.689,80.714,0
1371434400,80.715,80.733,80.706,80.727,0
1371438000,80.722,80.798,80.722,80.798,0
1371441600,80.797,80.802,80.776,80.792,0
1371445200,80.79,80.809,80.755,80.769,0
1371448800,80.766,80.834,80.755,80.82,0
1371452400,80.824,80.831,80.713,80.716,0
1371456000,80.715,80.741,80.685,80.71,0
1371459600,80.712,80.743,80.674,80.707,0
1371463200,80.712,80.761,80.703,80.724,0
1371466800,80.725,80.75,80.669,80.716,0
1371470400,80.712,80.774,80.669,80.724,0
1371474000,80.725,80.725,80.633,80.652,0
1371477600,80.651,80.771,80.651,80.715,0
1371481200,80.712,80.821,80.712,80.762,0
1371484800,80.763,80.832,80.742,80.832,0
1371488400,80.827,80.835,80.79,80.799,0
1371492000,80.798,80.875,80.773,80.787,0
1371495600,80.786,80.796,80.53,80.538,0
1371499200,80.541,80.646,80.541,80.616,0
1371502800,80.607,80.657,80.606,80.649,0
1371506400,80.654,80.661,80.633,80.633,0
1371510000,80.632,80.655,80.606,80.641,0
1371513600,80.639,80.672,80.627,80.658,0
1371517200,80.657,80.703,80.649,80.685,0
1371520800,80.684,80.706,80.658,80.693,0
1371524400,80.688,80.722,80.679,80.718,0
1371528000,80.716,80.743,80.699,80.735,0
1371531600,80.737,80.748,80.696,80.748,0
1371535200,80.746,80.87,80.74,80.832,0
1371538800,80.838,80.845,80.653,80.673,0
1371542400,80.668,80.692,80.602,80.649,0
1371546000,80.652,80.746,80.579,80.727,0
1371549600,80.728,80.754,80.708,80.742,0
1371553200,80.74,80.804,80.736,80.751,0
1371556800,80.746,80.972,80.681,80.895,0
1371560400,80.89,80.99,80.684,80.759,0
1371564000,80.757,80.791,80.686,80.734,0
1371567600,80.739,80.741,80.601,80.615,0
1371571200,80.613,80.664,80.558,80.658,0
1371574800,80.661,80.661,80.56,80.578,0
1371578400,80.577,80.629,80.57,80.613,0
1371582000,80.606,80.646,80.586,80.646,0
1371585600,80.645,80.67,80.624,80.664,0
1371589200,80.663,80.69,80.654,80.669,0
1371592800,80.67,80.696,80.664,80.687,0
1371596400,80.729,80.742,80.706,80.708,0
1371600000,80.712,80.726,80.674,80.702,0
1371603600,80.707,80.716,80.676,80.704,0
1371607200,80.711,80.737,80.692,80.702,0
1371610800,80.704,80.706,80.661,80.687,0
1371614400,80.686,80.708,80.664,80.67,0
1371618000,80.674,80.712,80.662,80.671,0
1371621600,80.674,80.675,80.55,80.591,0
1371625200,80.593,80.643,80.57,80.622,0
1371628800,80.614,80.637,80.545,80.625,0
1371632400,80.621,80.673,80.617,80.66,0
1371636000,80.663,80.665,80.625,80.646,0
1371639600,80.643,80.661,80.572,80.588,0
1371643200,80.584,80.597,80.522,80.565,0
1371646800,80.56,80.609,80.545,80.593,0
1371650400,80.608,80.61,80.534,80.535,0
1371654000,80.536,80.584,80.498,80.561,0
1371657600,80.559,80.581,80.525,80.566,0
1371661200,80.565,80.584,80.509,80.546,0
1371664800,80.534,81.489,80.513,81.428,0
1371668400,81.406,81.501,81.323,81.377,0
1371672000,81.378,81.438,81.26,81.308,0
1371675600,81.315,81.341,81.282,81.286,0
1371679200,81.288,81.348,81.269,81.34,0
1371682800,81.403,81.426,81.38,81.394,0
1371686400,81.395,81.396,81.266,81.36,0
1371690000,81.351,81.474,81.333,81.43,0
1371693600,81.431,81.473,81.396,81.458,0
1371697200,81.461,81.597,81.449,81.589,0
1371700800,81.586,81.607,81.554,81.573,0
1371704400,81.568,81.627,81.546,81.581,0
1371708000,81.582,81.731,81.512,81.684,0
1371711600,81.689,81.885,81.59,81.844,0
1371715200,81.847,81.987,81.79,81.801,0
1371718800,81.807,82.053,81.796,81.989,0
1371722400,81.99,82.043,81.901,81.957,0
1371726000,81.96,82.011,81.87,81.892,0
1371729600,81.899,81.984,81.817,81.942,0
1371733200,81.953,81.98,81.807,81.931,0
1371736800,81.93,82.145,81.922,82.084,0
1371740400,82.078,82.096,81.934,81.96,0
1371744000,81.962,81.976,81.791,81.795,0
1371747600,81.796,81.919,81.796,81.868,0
1371751200,81.866,81.924,81.804,81.915,0
1371754800,81.912,81.921,81.794,81.833,0
1371758400,81.84,81.848,81.757,81.797,0
1371762000,81.798,81.815,81.748,81.776,0
1371765600,81.772,81.799,81.734,81.747,0
1371769200,81.682,81.745,81.673,81.727,0
1371772800,81.723,81.847,81.68,81.781,0
1371776400,81.78,81.819,81.695,81.695,0
1371780000,81.702,81.702,81.604,81.632,0
1371783600,81.634,81.727,81.624,81.704,0
1371787200,81.706,81.808,81.698,81.792,0
1371790800,81.795,81.815,81.754,81.76,0
1371794400,81.765,81.798,81.702,81.787,0
1371798000,81.782,81.948,81.766,81.877,0
1371801600,81.882,81.905,81.844,81.861,0
1371805200,81.866,81.909,81.778,81.811,0
1371808800,81.812,81.881,81.777,81.877,0
1371812400,81.873,81.967,81.868,81.949,0
1371816000,81.952,82.271,81.948,82.213,0
1371819600,82.219,82.241,82.115,82.196,0
1371823200,82.2,82.369,82.192,82.334,0
1371826800,82.332,82.458,82.315,82.445,0
1371830400,82.442,82.524,82.304,82.304,0
1371834000,82.3,82.338,82.191,82.296,0
1371837600,82.304,82.341,82.276,82.318,0
1371841200,82.32,82.374,82.294,82.374,0
1371844800,82.376,82.411,82.346,82.411,0
1371848400,82.401,82.41,82.386,82.41,0
1372021200,82.57,82.575,82.492,82.527,0
1372024800,82.525,82.587,82.489,82.586,0
1372028400,82.582,82.591,82.538,82.574,0
1372032000,82.575,82.582,82.526,82.547,0
1372035600,82.548,82.565,82.519,82.562,0
1372039200,82.554,82.687,82.546,82.682,0
1372042800,82.677,82.692,82.619,82.619,0
1372046400,82.625,82.66,82.581,82.587,0
1372050000,82.584,82.627,82.565,82.616,0
1372053600,82.618,82.671,82.598,82.663,0
1372057200,82.661,82.742,82.558,82.563,0
1372060800,82.564,82.727,82.525,82.591,0
1372064400,82.589,82.626,82.493,82.597,0
1372068000,82.596,82.596,82.531,82.58,0
1372071600,82.583,82.678,82.572,82.669,0
1372075200,82.672,82.841,82.515,82.526,0
1372078800,82.521,82.718,82.501,82.569,0
1372082400,82.562,82.677,82.488,82.59,0
1372086000,82.581,82.655,82.504,82.62,0
1372089600,82.611,82.657,82.555,82.576,0
1372093200,82.578,82.588,82.43,82.438,0
1372096800,82.433,82.433,82.305,82.425,0
1372100400,82.431,82.431,82.362,82.407,0
1372104000,82.411,82.461,82.404,82.458,0
1372107600,82.461,82.47,82.425,82.436,0
1372111200,82.438,82.462,82.422,82.445,0
1372114800,82.398,82.406,82.352,82.366,0
1372118400,82.365,82.441,82.359,82.414,0
1372122000,82.418,82.485,82.407,82.47,0
1372125600,82.441,82.47,82.426,82.431,0
1372129200,82.43,82.482,82.421,82.442,0
1372132800,82.44,82.485,82.431,82.481,0
1372136400,82.478,82.481,82.412,82.432,0
1372140000,82.436,82.444,82.262,82.28,0
1372143600,82.277,82.407,82.277,82.284,0
1372147200,82.283,82.373,82.242,82.278,0
1372150800,82.279,82.347,82.274,82.332,0
1372154400,82.331,82.378,82.309,82.325,0
1372158000,82.329,82.333,82.241,82.259,0
1372161600,82.246,82.572,82.242,82.52,0
1372165200,82.519,82.587,82.41,82.507,0
1372168800,82.521,82.72,82.52,82.651,0
1372172400,82.649,82.723,82.604,82.644,0
1372176000,82.642,82.649,82.503,82.523,0
1372179600,82.53,82.591,82.524,82.581,0
1372183200,82.579,82.602,82.517,82.581,0
1372186800,82.574,82.577,82.524,82.526,0
1372190400,82.529,82.62,82.526,82.61,0
1372194000,82.607,82.625,82.581,82.62,0
1372197600,82.621,82.685,82.617,82.675,0
1372201200,82.682,82.714,82.675,82.689,0
1372204800,82.694,82.698,82.616,82.624,0
1372208400,82.623,82.665,82.61,82.621,0
1372212000,82.619,82.707,82.583,82.707,0
1372215600,82.703,82.723,82.639,82.656,0
1372219200,82.659,82.703,82.637,82.638,0
1372222800,82.64,82.659,82.571,82.582,0
1372226400,82.577,82.677,82.54,82.61,0
1372230000,82.606,82.624,82.507,82.592,0
1372233600,82.599,82.749,82.578,82.741,0
1372237200,82.743,82.802,82.698,82.795,0
1372240800,82.791,82.879,82.749,82.859,0
1372244400,82.861,82.909,82.813,82.864,0
1372248000,82.86,82.878,82.643,82.697,0
1372251600,82.705,82.768,82.663,82.73,0
1372255200,82.727,82.906,82.704,82.9,0
1372258800,82.902,83.003,82.867,82.895,0
1372262400,82.898,82.942,82.867,82.91,0
1372266000,82.915,82.972,82.899,82.954,0
1372269600,82.956,83.025,82.946,82.978,0
1372273200,82.989,82.989,82.912,82.946,0
1372276800,82.952,82.977,82.927,82.936,0
1372280400,82.93,82.977,82.902,82.952,0
1372284000,82.949,82.965,82.941,82.945,0
1372287600,82.935,82.935,82.888,82.893,0
1372291200,82.895,82.921,82.846,82.852,0
1372294800,82.851,82.865,82.821,82.833,0
1372298400,82.835,82.84,82.784,82.803,0
1372302000,82.802,82.811,82.778,82.808,0
1372305600,82.812,82.83,82.78,82.799,0
1372309200,82.797,82.816,82.767,82.811,0
1372312800,82.814,82.894,82.78,82.841,0
1372316400,82.843,82.969,82.832,82.849,0
1372320000,82.852,82.92,82.807,82.893,0
1372323600,82.896,82.981,82.864,82.962,0
1372327200,82.965,82.993,82.922,82.953,0
1372330800,82.954,82.961,82.84,82.863,0
1372334400,82.862,82.972,82.846,82.937,0
1372338000,82.947,82.978,82.842,82.928,0
1372341600,82.929,83.168,82.916,83.168,0
1372345200,83.165,83.171,83.051,83.06,0
1372348800,83.059,83.066,82.854,82.952,0
1372352400,82.948,82.984,82.912,82.976,0
1372356000,82.979,83.016,82.895,82.903,0
1372359600,82.904,82.951,82.873,82.925,0
1372363200,82.924,82.956,82.903,82.949,0
1372366800,82.95,82.971,82.941,82.957,0
1372370400,82.959,82.97,82.944,82.954,0
1372374000,82.998,83.014,82.97,82.977,0
1372377600,82.98,83.024,82.939,83.024,0
1372381200,83.023,83.028,82.899,82.899,0
1372384800,82.901,82.918,82.828,82.861,0
1372388400,82.862,82.889,82.847,82.873,0
1372392000,82.87,82.909,82.853,82.879,0
1372395600,82.877,82.909,82.818,82.823,0
1372399200,82.831,82.975,82.805,82.943,0
1372402800,82.945,83.002,82.94,82.959,0
1372406400,82.96,83.008,82.933,82.965,0
1372410000,82.963,83.002,82.941,82.941,0
1372413600,82.942,82.979,82.914,82.931,0
1372417200,82.93,82.938,82.856,82.904,0
1372420800,82.902,82.906,82.755,82.832,0
1372424400,82.831,83.125,82.823,83.121,0
1372428000,83.115,83.33,83.074,83.314,0
1372431600,83.317,83.344,83.182,83.201,0
1372435200,83.202,83.305,83.202,83.254,0
1372438800,83.255,83.299,83.184,83.188,0
1372442400,83.18,83.213,83.13,83.136,0
1372446000,83.132,83.201,83.132,83.159,0
1372449600,83.161,83.203,83.144,83.187,0
1372453200,83.179,83.192,83.136,83.136,0
1372626000,83.184,83.207,83.168,83.175,0
1372629600,83.177,83.235,83.17,83.199,0
1372633200,83.203,83.234,83.195,83.226,0
1372636800,83.225,83.226,83.157,83.205,0
1372640400,83.204,83.213,83.134,83.146,0
1372644000,83.147,83.168,83.13,83.142,0
1372647600,83.141,83.15,83.119,83.141,0
1372651200,83.143,83.144,83.091,83.115,0
1372654800,83.116,83.139,83.09,83.112,0
1372658400,83.119,83.148,83.092,83.143,0
1372662000,83.142,83.183,83.047,83.089,0
1372665600,83.09,83.14,83.065,83.075,0
1372669200,83.078,83.106,82.999,83.039,0
1372672800,83.034,83.091,83.016,83.088,0
1372676400,83.092,83.126,83.057,83.119,0
1372680000,83.124,83.182,83.095,83.164,0
1372683600,83.16,83.179,83.114,83.157,0
1372687200,83.153,83.229,83.109,83.117,0
1372690800,83.115,83.135,82.968,83,0
1372694400,82.998,83.044,82.969,83.042,0
1372698000,83.044,83.064,82.981,83.016,0
1372701600,83.019,83.058,82.992,83.054,0
1372705200,83.051,83.051,82.979,82.992,0
1372708800,82.986,83.054,82.986,83.005,0
1372712400,83.002,83.021,82.972,83.014,0
1372716000,83.015,83.028,83.015,83.023,0
1372719600,83.001,83.011,82.975,82.987,0
1372723200,82.989,83.03,82.979,83.018,0
1372726800,83.02,83.049,83.018,83.027,0
1372730400,83.061,83.084,83.033,83.039,0
1372734000,83.035,83.049,83.002,83.021,0
1372737600,83.019,83.084,83.009,83.08,0
1372741200,83.078,83.078,83.027,83.046,0
1372744800,83.048,83.066,82.968,82.979,0
1372748400,82.978,83.072,82.967,83.042,0
1372752000,83.043,83.215,82.998,83.214,0
1372755600,83.209,83.232,83.148,83.206,0
1372759200,83.203,83.209,83.156,83.19,0
1372762800,83.188,83.266,83.176,83.224,0
1372766400,83.23,83.478,83.225,83.437,0
1372770000,83.431,83.498,83.371,83.418,0
1372773600,83.419,83.433,83.254,83.278,0
1372777200,83.279,83.356,83.253,83.344,0
1372780800,83.347,83.439,83.315,83.37,0
1372784400,83.368,83.492,83.355,83.451,0
1372788000,83.449,83.585,83.442,83.545,0
1372791600,83.55,83.613,83.516,83.57,0
1372795200,83.566,83.587,83.543,83.549,0
1372798800,83.548,83.558,83.527,83.527,0
1372802400,83.529,83.54,83.519,83.536,0
1372806000,83.584,83.599,83.563,83.585,0
1372809600,83.586,83.622,83.571,83.617,0
1372813200,83.613,83.616,83.513,83.558,0
1372816800,83.566,83.582,83.532,83.566,0
1372820400,83.569,83.596,83.563,83.584,0
1372824000,83.585,83.614,83.553,83.563,0
1372827600,83.564,83.635,83.561,83.619,0
1372831200,83.617,83.63,83.569,83.598,0
1372834800,83.597,83.717,83.582,83.69,0
1372838400,83.694,83.694,83.447,83.45,0
1372842000,83.456,83.51,83.406,83.451,0
1372845600,83.456,83.489,83.397,83.444,0
1372849200,83.441,83.457,83.32,83.408,0
1372852800,83.409,83.498,83.306,83.364,0
1372856400,83.362,83.469,83.353,83.41,0
1372860000,83.412,83.412,83.27,83.38,0
1372863600,83.377,83.38,83.086,83.255,0
1372867200,83.257,83.268,83.189,83.231,0
1372870800,83.229,83.259,83.202,83.229,0
1372874400,83.232,83.278,83.191,83.263,0
1372878000,83.259,83.27,83.187,83.199,0
1372881600,83.201,83.227,83.189,83.206,0
1372885200,83.21,83.232,83.192,83.209,0
1372888800,83.219,83.248,83.213,83.236,0
1372978800,83.854,83.92,83.842,83.895,0
1372982400,83.896,83.899,83.828,83.877,0
1372986000,83.875,83.906,83.855,83.865,0
1372989600,83.866,83.891,83.856,83.876,0
1372993200,83.873,83.888,83.845,83.875,0
1372996800,83.872,83.88,83.853,83.856,0
1373000400,83.851,83.909,83.844,83.882,0
1373004000,83.881,83.909,83.85,83.892,0
1373007600,83.888,83.999,83.883,83.963,0
1373011200,83.966,84.02,83.922,83.965,0
1373014800,83.97,84.03,83.969,83.996,0
1373018400,83.993,84.04,83.955,83.982,0
1373022000,83.978,84.025,83.92,83.949,0
1373025600,83.945,84.53,83.899,84.437,0
1373029200,84.431,84.515,84.308,84.441,0
1373032800,84.443,84.45,84.341,84.398,0
1373036400,84.402,84.43,84.362,84.403,0
1373040000,84.408,84.474,84.395,84.406,0
1373043600,84.407,84.442,84.396,84.413,0
1373047200,84.416,84.449,84.415,84.445,0
1373050800,84.442,84.458,84.414,84.437,0
1373054400,84.439,84.46,84.413,84.446,0
1373058000,84.444,84.45,84.437,84.449,0
1373230800,84.559,84.561,84.494,84.546,0
1373234400,84.547,84.547,84.474,84.5,0
1373238000,84.497,84.587,84.494,84.584,0
1373241600,84.587,84.588,84.492,84.5,0
1373245200,84.496,84.548,84.478,84.489,0
1373248800,84.49,84.523,84.485,84.508,0
1373252400,84.509,84.562,84.502,84.531,0
1373256000,84.529,84.575,84.524,84.567,0
1373259600,84.566,84.573,84.508,84.515,0
1373263200,84.517,84.54,84.431,84.457,0
1373266800,84.456,84.473,84.413,84.471,0
1373270400,84.473,84.521,84.431,84.451,0
1373274000,84.449,84.461,84.373,84.386,0
1373277600,84.387,84.404,84.315,84.356,0
1373281200,84.367,84.432,84.348,84.414,0
1373284800,84.41,84.422,84.315,84.363,0
1373288400,84.369,84.379,84.217,84.28,0
1373292000,84.274,84.325,84.225,84.26,0
1373295600,84.261,84.295,84.182,84.278,0
1373299200,84.274,84.292,84.186,84.214,0
1373302800,84.212,84.284,84.203,84.267,0
1373306400,84.266,84.269,84.181,84.193,0
1373310000,84.195,84.226,84.146,84.214,0
1373313600,84.211,84.23,84.191,84.204,0
1373317200,84.206,84.238,84.193,84.211,0
1373320800,84.215,84.22,84.191,84.204,0
1373324400,84.221,84.268,84.215,84.26,0
1373328000,84.263,84.354,84.253,84.34,0
1373331600,84.326,84.358,84.276,84.328,0
1373335200,84.325,84.337,84.277,84.322,0
1373338800,84.318,84.323,84.261,84.268,0
1373342400,84.269,84.287,84.252,84.285,0
1373346000,84.278,84.283,84.16,84.173,0
1373349600,84.167,84.205,84.093,84.103,0
1373353200,84.1,84.222,84.085,84.2,0
1373356800,84.199,84.288,84.126,84.247,0
1373360400,84.242,84.313,84.229,84.307,0
1373364000,84.303,84.378,84.302,84.328,0
1373367600,84.331,84.336,84.259,84.3,0
1373371200,84.303,84.377,84.285,84.322,0
1373374800,84.319,84.353,84.278,84.347,0
1373378400,84.344,84.72,84.341,84.646,0
1373382000,84.649,84.753,84.615,84.685,0
1373385600,84.684,84.692,84.579,84.579,0
1373389200,84.58,84.744,84.58,84.666,0
1373392800,84.67,84.67,84.559,84.58,0
1373396400,84.582,84.609,84.559,84.597,0
1373400000,84.59,84.647,84.59,84.636,0
1373403600,84.634,84.638,84.58,84.613,0
1373407200,84.61,84.647,84.61,84.64,0
1373410800,84.658,84.693,84.647,84.684,0
1373414400,84.68,84.693,84.624,84.662,0
1373418000,84.66,84.689,84.636,84.649,0
1373421600,84.648,84.726,84.648,84.664,0
1373425200,84.661,84.664,84.616,84.626,0
1373428800,84.632,84.635,84.575,84.579,0
1373432400,84.581,84.592,84.442,84.496,0
1373436000,84.502,84.551,84.439,84.513,0
1373439600,84.508,84.559,84.39,84.405,0
1373443200,84.412,84.414,84.23,84.302,0
1373446800,84.306,84.376,84.228,84.367,0
1373450400,84.364,84.372,84.302,84.313,0
1373454000,84.309,84.322,84.238,84.292,0
1373457600,84.288,84.384,84.287,84.358,0
1373461200,84.355,84.397,84.302,84.323,0
1373464800,84.318,84.318,84.134,84.134,0
1373468400,84.124,84.251,84.111,84.188,0
1373472000,84.19,84.225,84.147,84.173,0
1373475600,84.179,84.217,84.106,84.196,0
1373479200,84.203,84.247,83.666,84.042,0
1373482800,84.048,84.074,83.932,84.061,0
1373486400,84.06,84.077,83.472,83.49,0
1373490000,83.492,83.57,83.222,83.229,0
1373493600,83.222,83.315,83.072,83.087,0
1373497200,82.61,82.775,82.517,82.709,0
1373500800,82.711,82.938,82.696,82.904,0
1373504400,82.9,82.997,82.848,82.968,0
1373508000,82.969,82.978,82.691,82.714,0
1373511600,82.718,82.82,82.52,82.583,0
1373515200,82.572,82.621,82.486,82.518,0
1373518800,82.508,82.647,82.418,82.572,0
1373522400,82.577,82.961,82.563,82.93,0
1373526000,82.932,83.152,82.901,83.119,0
1373529600,83.123,83.125,82.949,83.07,0
1373533200,83.072,83.123,83.018,83.069,0
1373536800,83.076,83.085,82.86,82.995,0
1373540400,82.999,83.026,82.931,82.988,0
1373544000,82.987,83.241,82.927,83.202,0
1373547600,83.207,83.249,83.064,83.162,0
1373551200,83.171,83.212,82.893,83.007,0
1373554800,83.01,83.125,82.915,82.988,0
1373558400,82.982,83.156,82.963,83.133,0
1373562000,83.13,83.139,83.011,83.026,0
1373565600,83.024,83.049,82.74,82.746,0
1373569200,82.743,82.787,82.608,82.714,0
1373572800,82.703,82.771,82.693,82.73,0
1373576400,82.733,82.776,82.712,82.748,0
1373580000,82.74,82.76,82.717,82.751,0
1373583600,82.759,82.776,82.744,82.776,0
1373587200,82.775,82.787,82.72,82.781,0
1373590800,82.785,82.865,82.763,82.828,0
1373594400,82.827,82.829,82.736,82.764,0
1373598000,82.767,82.801,82.749,82.792,0
1373601600,82.794,82.829,82.788,82.802,0
1373605200,82.805,82.853,82.793,82.841,0
1373608800,82.842,82.913,82.794,82.886,0
1373612400,82.888,83.031,82.851,83.012,0
1373616000,83.011,83.017,82.946,83.002,0
1373619600,83.001,83.002,82.939,82.97,0
1373623200,82.968,83.061,82.942,83.053,0
1373626800,83.057,83.174,83.042,83.165,0
1373630400,83.163,83.174,83.031,83.138,0
1373634000,83.133,83.239,83.018,83.031,0
1373637600,83.033,83.12,82.949,83.024,0
1373641200,83.022,83.109,82.972,83.037,0
1373644800,83.044,83.065,82.852,82.89,0
1373648400,82.899,83.08,82.836,83,0
1373652000,82.997,83.02,82.958,82.989,0
1373655600,82.986,82.998,82.928,82.955,0
1373659200,82.96,82.977,82.92,82.939,0
1373662800,82.941,82.941,82.935,82.938,0
1373835600,82.91,82.972,82.89,82.948,0
1373839200,82.949,82.996,82.941,82.975,0
1373842800,82.974,82.99,82.936,82.963,0
1373846400,82.962,83.021,82.94,82.975,0
1373850000,82.976,83,82.952,82.962,0
1373853600,82.963,82.979,82.892,82.931,0
1373857200,82.932,82.953,82.912,82.935,0
1373860800,82.934,82.944,82.909,82.91,0
1373864400,82.906,82.941,82.884,82.923,0
1373868000,82.925,83.073,82.901,83.06,0
1373871600,83.055,83.089,83.001,83.045,0
1373875200,83.046,83.263,83.045,83.242,0
1373878800,83.238,83.249,83.167,83.182,0
1373882400,83.195,83.298,83.188,83.283,0
1373886000,83.295,83.46,83.241,83.409,0
1373889600,83.406,83.42,83.111,83.165,0
1373893200,83.159,83.198,83.082,83.135,0
1373896800,83.137,83.233,83.074,83.13,0
1373900400,83.129,83.22,83.104,83.193,0
1373904000,83.195,83.202,83.006,83.141,0
1373907600,83.147,83.147,83.016,83.089,0
1373911200,83.094,83.117,83.035,83.044,0
1373914800,83.046,83.067,82.996,83.015,0
1373918400,83.019,83.077,83.019,83.068,0
1373922000,83.075,83.097,83.059,83.067,0
1373925600,83.069,83.077,83.033,83.042,0
1373929200,83.12,83.147,83.101,83.107,0
1373932800,83.111,83.111,83.013,83.097,0
1373936400,83.096,83.11,83.044,83.051,0
1373940000,83.046,83.065,82.988,83.024,0
1373943600,83.025,83.056,83.011,83.034,0
1373947200,83.033,83.041,82.999,83.008,0
1373950800,83.009,83.036,82.928,82.93,0
1373954400,82.922,83.009,82.899,82.997,0
1373958000,82.993,83.004,82.871,83.003,0
1373961600,83.005,83.083,82.98,83.041,0
1373965200,83.039,83.107,82.951,82.995,0
1373968800,82.999,83.018,82.715,82.783,0
1373972400,82.784,82.798,82.693,82.791,0
1373976000,82.793,82.909,82.696,82.74,0
1373979600,82.737,82.917,82.737,82.755,0
1373983200,82.751,82.858,82.623,82.623,0
1373986800,82.624,82.698,82.561,82.614,0
1373990400,82.615,82.666,82.532,82.597,0
1373994000,82.595,82.616,82.55,82.559,0
1373997600,82.558,82.585,82.472,82.498,0
1374001200,82.493,82.551,82.395,82.435,0
1374004800,82.436,82.498,82.428,82.457,0
1374008400,82.464,82.529,82.444,82.52,0
1374012000,82.517,82.538,82.497,82.533,0
1374015600,82.539,82.56,82.523,82.556,0
1374019200,82.555,82.637,82.543,82.599,0
1374022800,82.595,82.675,82.595,82.667,0
1374026400,82.66,82.669,82.629,82.63,0
1374030000,82.632,82.639,82.609,82.631,0
1374033600,82.634,82.654,82.62,82.641,0
1374037200,82.644,82.698,82.619,82.694,0
1374040800,82.696,82.711,82.618,82.682,0
1374044400,82.685,82.775,82.641,82.647,0
1374048000,82.657,82.692,82.478,82.568,0
1374051600,82.566,82.634,82.537,82.567,0
1374055200,82.569,82.59,82.536,82.564,0
1374058800,82.565,82.652,82.555,82.628,0
1374062400,82.627,82.664,82.356,82.483,0
1374066000,82.481,82.573,82.342,82.546,0
1374069600,82.543,82.886,82.496,82.825,0
1374073200,82.832,82.87,82.733,82.821,0
1374076800,82.822,82.841,82.492,82.547,0
1374080400,82.552,82.6,82.473,82.565,0
1374084000,82.564,82.723,82.542,82.708,0
1374087600,82.704,82.705,82.639,82.675,0
1374091200,82.673,82.675,82.633,82.646,0
1374094800,82.643,82.663,82.626,82.652,0
1374098400,82.647,82.706,82.647,82.686,0
1374102000,82.674,82.698,82.638,82.679,0
1374105600,82.682,82.703,82.617,82.701,0
1374109200,82.702,82.761,82.668,82.757,0
1374112800,82.756,82.758,82.72,82.746,0
1374116400,82.741,82.866,82.731,82.857,0
1374120000,82.856,82.896,82.824,82.872,0
1374123600,82.874,82.9,82.827,82.851,0
1374127200,82.856,82.892,82.821,82.889,0
1374130800,82.888,82.927,82.857,82.874,0
1374134400,82.893,82.893,82.743,82.752,0
1374138000,82.757,82.796,82.733,82.788,0
1374141600,82.783,82.805,82.729,82.801,0
1374145200,82.802,82.832,82.759,82.801,0
1374148800,82.795,82.968,82.788,82.943,0
1374152400,82.944,82.988,82.867,82.889,0
1374156000,82.895,82.999,82.87,82.906,0
1374159600,82.918,82.975,82.889,82.975,0
1374163200,82.979,83.027,82.917,82.921,0
1374166800,82.922,82.95,82.754,82.788,0
1374170400,82.786,82.87,82.777,82.824,0
1374174000,82.829,82.836,82.765,82.786,0
1374177600,82.783,82.821,82.755,82.783,0
1374181200,82.777,82.823,82.763,82.776,0
1374184800,82.774,82.796,82.762,82.795,0
1374188400,82.799,82.807,82.778,82.796,0
1374192000,82.797,82.939,82.79,82.89,0
1374195600,82.892,82.901,82.744,82.781,0
1374199200,82.776,82.785,82.574,82.61,0
1374202800,82.606,82.626,82.533,82.615,0
1374206400,82.614,82.638,82.577,82.605,0
1374210000,82.607,82.641,82.546,82.623,0
1374213600,82.62,82.672,82.601,82.605,0
1374217200,82.6,82.693,82.586,82.681,0
1374220800,82.689,82.689,82.625,82.672,0
1374224400,82.671,82.816,82.671,82.803,0
1374228000,82.796,82.802,82.69,82.738,0
1374231600,82.74,82.74,82.591,82.664,0
1374235200,82.662,82.76,82.657,82.721,0
1374238800,82.725,82.783,82.669,82.676,0
1374242400,82.675,82.678,82.561,82.616,0
1374246000,82.621,82.639,82.579,82.592,0
1374249600,82.59,82.618,82.561,82.579,0
1374253200,82.574,82.61,82.554,82.609,0
1374256800,82.605,82.649,82.579,82.607,0
1374260400,82.605,82.611,82.522,82.58,0
1374264000,82.576,82.649,82.566,82.614,0
1374267600,82.62,82.623,82.618,82.623,0
1374440400,82.61,82.619,82.576,82.609,0
1374444000,82.614,82.631,82.568,82.571,0
1374447600,82.572,82.591,82.493,82.506,0
1374451200,82.504,82.523,82.382,82.435,0
1374454800,82.433,82.516,82.433,82.475,0
1374458400,82.478,82.5,82.441,82.447,0
1374462000,82.444,82.476,82.424,82.474,0
1374465600,82.471,82.507,82.45,82.485,0
1374469200,82.488,82.506,82.461,82.485,0
1374472800,82.484,82.549,82.468,82.512,0
1374476400,82.514,82.518,82.406,82.46,0
1374480000,82.456,82.474,82.419,82.453,0
1374483600,82.457,82.471,82.282,82.325,0
1374487200,82.329,82.338,82.275,82.303,0
1374490800,82.307,82.378,82.295,82.36,0
1374494400,82.362,82.403,82.343,82.383,0
1374498000,82.387,82.392,82.195,82.212,0
1374501600,82.2,82.2,82.047,82.171,0
1374505200,82.169,82.232,82.151,82.196,0
1374508800,82.198,82.21,82.137,82.179,0
1374512400,82.178,82.203,82.133,82.199,0
1374516000,82.195,82.252,82.179,82.219,0
1374519600,82.215,82.249,82.207,82.235,0
1374523200,82.226,82.233,82.202,82.232,0
1374526800,82.233,82.239,82.202,82.236,0
1374530400,82.233,82.238,82.213,82.216,0
1374534000,82.184,82.205,82.149,82.169,0
1374537600,82.17,82.214,82.153,82.189,0
1374541200,82.191,82.208,82.151,82.187,0
1374544800,82.185,82.192,82.105,82.15,0
1374548400,82.148,82.16,82.123,82.147,0
1374552000,82.149,82.16,82.119,82.14,0
1374555600,82.138,82.215,82.129,82.206,0
1374559200,82.203,82.247,82.174,82.21,0
1374562800,82.215,82.22,82.084,82.175,0
1374566400,82.168,82.217,82.134,82.213,0
1374570000,82.212,82.384,82.206,82.338,0
1374573600,82.34,82.351,82.289,82.337,0
1374577200,82.339,82.357,82.27,82.323,0
1374580800,82.33,82.36,82.205,82.268,0
1374584400,82.264,82.292,82.225,82.29,0
1374588000,82.285,82.285,82.014,82.074,0
1374591600,82.072,82.128,82.041,82.115,0
1374595200,82.119,82.131,82.058,82.086,0
1374598800,82.079,82.108,82.009,82.044,0
1374602400,82.045,82.077,81.926,81.946,0
1374606000,81.947,82.032,81.939,81.998,0
1374609600,81.991,82.005,81.976,82.002,0
1374613200,82.003,82.035,81.986,82.007,0
1374616800,82.003,82.036,82,82.033,0
1374620400,82.015,82.026,81.984,82.015,0
1374624000,82.018,82.046,81.993,82.036,0
1374627600,82.031,82.159,82.015,82.14,0
1374631200,82.146,82.168,82.096,82.122,0
1374634800,82.119,82.139,82.111,82.119,0
1374638400,82.117,82.125,82.09,82.109,0
1374642000,82.111,82.162,82.103,82.158,0
1374645600,82.163,82.222,82.087,82.106,0
1374649200,82.1,82.123,81.937,82,0
1374652800,82.002,82.088,81.997,82.051,0
1374656400,82.058,82.086,82.014,82.074,0
1374660000,82.075,82.085,81.999,82.046,0
1374663600,82.042,82.05,81.981,81.981,0
1374667200,81.98,82.19,81.945,82.187,0
1374670800,82.184,82.217,82.097,82.112,0
1374674400,82.109,82.24,82.015,82.078,0
1374678000,82.077,82.127,82.057,82.113,0
1374681600,82.116,82.268,82.116,82.228,0
1374685200,82.224,82.405,82.201,82.365,0
1374688800,82.366,82.366,82.274,82.291,0
1374692400,82.292,82.318,82.28,82.296,0
1374696000,82.291,82.307,82.254,82.271,0
1374699600,82.273,82.297,82.257,82.286,0
1374703200,82.283,82.307,82.272,82.296,0
1374706800,82.303,82.354,82.291,82.338,0
1374710400,82.34,82.34,82.277,82.311,0
1374714000,82.309,82.311,82.241,82.251,0
1374717600,82.249,82.273,82.226,82.234,0
1374721200,82.23,82.239,82.201,82.231,0
1374724800,82.229,82.24,82.184,82.188,0
1374728400,82.181,82.198,82.121,82.168,0
1374732000,82.161,82.193,82.115,82.125,0
1374735600,82.126,82.172,82.081,82.082,0
1374739200,82.088,82.313,82.068,82.313,0
1374742800,82.316,82.398,82.272,82.365,0
1374746400,82.367,82.384,82.208,82.25,0
1374750000,82.235,82.258,82.145,82.152,0
1374753600,82.154,82.231,82.009,82.095,0
1374757200,82.094,82.185,82.075,82.122,0
1374760800,82.124,82.128,82.038,82.04,0
1374764400,82.048,82.078,81.984,82.038,0
1374768000,82.036,82.089,82.031,82.068,0
1374771600,82.064,82.069,81.915,81.945,0
1374775200,81.946,82.009,81.916,81.97,0
1374778800,81.964,81.987,81.699,81.729,0
1374782400,81.725,81.792,81.624,81.781,0
1374786000,81.776,81.803,81.768,81.786,0
1374789600,81.791,81.795,81.769,81.77,0
1374793200,81.771,81.826,81.743,81.799,0
1374796800,81.8,81.826,81.771,81.8,0
1374800400,81.794,81.827,81.755,81.768,0
1374804000,81.767,81.769,81.659,81.689,0
1374807600,81.686,81.741,81.674,81.696,0
1374811200,81.7,81.741,81.689,81.726,0
1374814800,81.719,81.731,81.661,81.709,0
1374818400,81.711,81.761,81.675,81.74,0
1374822000,81.737,81.737,81.64,81.658,0
1374825600,81.664,81.671,81.579,81.645,0
1374829200,81.642,81.678,81.605,81.676,0
1374832800,81.679,81.739,81.663,81.699,0
1374836400,81.7,81.729,81.642,81.729,0
1374840000,81.737,81.813,81.725,81.743,0
1374843600,81.754,81.773,81.575,81.618,0
1374847200,81.615,81.736,81.548,81.707,0
1374850800,81.713,81.781,81.652,81.715,0
1374854400,81.709,81.709,81.619,81.622,0
1374858000,81.624,81.645,81.587,81.603,0
1374861600,81.601,81.674,81.568,81.658,0
1374865200,81.653,81.675,81.62,81.62,0
1374868800,81.621,81.677,81.618,81.659,0
1374872400,81.656,81.657,81.653,81.657,0
1375045200,81.608,81.67,81.608,81.661,0
1375048800,81.654,81.66,81.584,81.592,0
1375052400,81.585,81.592,81.523,81.578,0
1375056000,81.584,81.624,81.557,81.564,0
1375059600,81.565,81.586,81.516,81.555,0
1375063200,81.556,81.56,81.506,81.512,0
1375066800,81.513,81.578,81.499,81.578,0
1375070400,81.575,81.625,81.559,81.592,0
1375074000,81.591,81.631,81.578,81.595,0
1375077600,81.593,81.703,81.575,81.688,0
1375081200,81.687,81.719,81.603,81.656,0
1375084800,81.654,81.672,81.536,81.577,0
1375088400,81.571,81.572,81.516,81.54,0
1375092000,81.537,81.558,81.502,81.544,0
1375095600,81.548,81.635,81.544,81.621,0
1375099200,81.622,81.757,81.62,81.717,0
1375102800,81.713,81.8,81.675,81.785,0
1375106400,81.787,81.826,81.706,81.727,0
1375110000,81.73,81.782,81.674,81.677,0
1375113600,81.672,81.723,81.642,81.704,0
1375117200,81.703,81.748,81.679,81.696,0
1375120800,81.695,81.699,81.619,81.663,0
1375124400,81.664,81.682,81.622,81.668,0
1375128000,81.672,81.711,81.653,81.706,0
1375131600,81.705,81.715,81.689,81.703,0
1375135200,81.698,81.706,81.692,81.705,0
1375138800,81.688,81.715,81.682,81.711,0
1375142400,81.71,81.771,81.71,81.726,0
1375146000,81.721,81.756,81.704,81.725,0
1375149600,81.73,81.781,81.73,81.757,0
1375153200,81.759,81.843,81.756,81.8,0
1375156800,81.801,81.815,81.777,81.789,0
1375160400,81.793,81.799,81.742,81.779,0
1375164000,81.773,81.819,81.748,81.78,0
1375167600,81.782,81.786,81.711,81.732,0
1375171200,81.723,81.753,81.686,81.724,0
1375174800,81.726,81.772,81.712,81.755,0
1375178400,81.761,81.778,81.722,81.752,0
1375182000,81.748,81.748,81.583,81.629,0
1375185600,81.631,81.679,81.609,81.656,0
1375189200,81.659,81.794,81.616,81.786,0
1375192800,81.783,81.976,81.736,81.867,0
1375196400,81.868,81.889,81.791,81.811,0
1375200000,81.812,81.905,81.788,81.873,0
1375203600,81.875,81.913,81.858,81.88,0
1375207200,81.882,81.882,81.814,81.829,0
1375210800,81.825,81.842,81.796,81.835,0
1375214400,81.831,81.849,81.817,81.844,0
1375218000,81.843,81.867,81.829,81.837,0
1375221600,81.842,81.854,81.833,81.842,0
1375225200,81.859,81.864,81.815,81.821,0
1375228800,81.819,81.87,81.796,81.852,0
1375232400,81.846,81.864,81.822,81.841,0
1375236000,81.842,81.846,81.809,81.837,0
1375239600,81.836,81.908,81.828,81.881,0
1375243200,81.879,81.883,81.848,81.859,0
1375246800,81.86,81.888,81.847,81.855,0
1375250400,81.862,81.944,81.832,81.909,0
1375254000,81.912,81.932,81.741,81.764,0
1375257600,81.763,81.776,81.658,81.721,0
1375261200,81.718,81.787,81.702,81.775,0
1375264800,81.772,81.887,81.754,81.859,0
1375268400,81.863,81.871,81.775,81.781,0
1375272000,81.779,82.186,81.776,82.098,0
1375275600,82.1,82.148,82.045,82.14,0
1375279200,82.137,82.137,81.831,81.831,0
1375282800,81.834,81.912,81.756,81.757,0
1375286400,81.765,81.847,81.746,81.847,0
1375290000,81.849,81.849,81.768,81.773,0
1375293600,81.771,81.911,81.452,81.452,0
1375297200,81.442,81.699,81.407,81.638,0
1375300800,81.641,81.67,81.63,81.655,0
1375304400,81.651,81.678,81.609,81.676,0
1375308000,81.675,81.682,81.66,81.669,0
1375311600,81.665,81.679,81.645,81.678,0
1375315200,81.671,81.677,81.612,81.632,0
1375318800,81.628,81.769,81.628,81.762,0
1375322400,81.766,81.855,81.749,81.82,0
1375326000,81.822,81.858,81.812,81.844,0
1375329600,81.843,81.859,81.826,81.846,0
1375333200,81.85,81.899,81.846,81.868,0
1375336800,81.866,82.025,81.856,82.004,0
1375340400,82.012,82.07,81.999,82.047,0
1375344000,82.044,82.087,81.963,81.972,0
1375347600,81.981,82.044,81.944,82.044,0
1375351200,82.041,82.085,82.002,82.083,0
1375354800,82.079,82.079,81.967,82.032,0
1375358400,82.031,82.227,81.994,82.065,0
1375362000,82.055,82.177,81.951,82.027,0
1375365600,82.021,82.305,82.021,82.178,0
1375369200,82.182,82.289,82.135,82.274,0
1375372800,82.281,82.326,82.26,82.316,0
1375376400,82.325,82.369,82.277,82.291,0
1375380000,82.289,82.344,82.268,82.337,0
1375383600,82.332,82.413,82.315,82.372,0
1375387200,82.373,82.387,82.329,82.37,0
1375390800,82.371,82.388,82.336,82.353,0
1375394400,82.346,82.387,82.341,82.349,0
1375398000,82.378,82.384,82.319,82.341,0
1375401600,82.34,82.378,82.313,82.372,0
1375405200,82.366,82.465,82.366,82.435,0
1375408800,82.437,82.437,82.312,82.344,0
1375412400,82.34,82.358,82.265,82.288,0
1375416000,82.295,82.369,82.281,82.349,0
1375419600,82.352,82.388,82.331,82.368,0
1375423200,82.362,82.373,82.303,82.357,0
1375426800,82.352,82.429,82.313,82.341,0
1375430400,82.337,82.373,82.301,82.363,0
1375434000,82.364,82.407,82.314,82.403,0
1375437600,82.405,82.467,82.363,82.467,0
1375441200,82.464,82.466,82.396,82.413,0
1375444800,82.41,82.494,81.903,82.029,0
1375448400,82.028,82.222,81.977,82.06,0
1375452000,82.07,82.071,81.86,81.899,0
1375455600,81.895,82.001,81.821,81.988,0
1375459200,81.99,82.01,81.912,81.941,0
1375462800,81.954,81.998,81.899,81.899,0
1375466400,81.901,81.956,81.892,81.909,0
1375470000,81.908,81.957,81.907,81.911,0
1375473600,81.913,81.945,81.901,81.93,0
1375477200,81.928,81.932,81.928,81.931,0
1375650000,81.928,81.963,81.913,81.936,0
1375653600,81.944,81.953,81.908,81.94,0
1375657200,81.939,81.97,81.939,81.946,0
1375660800,81.948,82.024,81.915,82.016,0
1375664400,82.013,82.042,81.951,81.957,0
1375668000,81.958,81.997,81.95,81.973,0
1375671600,81.974,81.981,81.932,81.959,0
1375675200,81.96,81.977,81.943,81.955,0
1375678800,81.957,81.967,81.888,81.888,0
1375682400,81.889,81.937,81.856,81.908,0
1375686000,81.905,81.941,81.751,81.816,0
1375689600,81.805,81.85,81.757,81.794,0
1375693200,81.792,81.818,81.756,81.799,0
1375696800,81.796,81.895,81.794,81.884,0
1375700400,81.889,81.956,81.884,81.934,0
1375704000,81.941,82.022,81.929,81.99,0
1375707600,81.994,82.007,81.911,81.971,0
1375711200,81.963,82.085,81.963,82.028,0
1375714800,82.023,82.029,81.926,81.938,0
1375718400,81.939,81.969,81.878,81.906,0
1375722000,81.907,81.936,81.89,81.899,0
1375725600,81.904,81.904,81.829,81.876,0
1375729200,81.879,81.901,81.853,81.853,0
1375732800,81.851,81.875,81.849,81.858,0
1375736400,81.861,81.867,81.826,81.84,0
1375740000,81.841,81.868,81.841,81.858,0
1375743600,81.883,81.896,81.855,81.86,0
1375747200,81.855,81.87,81.746,81.798,0
1375750800,81.799,81.819,81.761,81.779,0
1375754400,81.778,81.809,81.769,81.779,0
1375758000,81.787,81.821,81.759,81.814,0
1375761600,81.819,81.865,81.812,81.839,0
1375765200,81.84,81.93,81.821,81.91,0
1375768800,81.909,81.956,81.891,81.916,0
1375772400,81.915,81.921,81.855,81.867,0
1375776000,81.869,81.869,81.813,81.847,0
1375779600,81.843,81.846,81.697,81.697,0
1375783200,81.698,81.804,81.671,81.801,0
1375786800,81.803,81.822,81.768,81.781,0
1375790400,81.778,81.813,81.67,81.719,0
1375794000,81.721,81.762,81.697,81.717,0
1375797600,81.72,81.745,81.512,81.574,0
1375801200,81.567,81.676,81.551,81.676,0
1375804800,81.677,81.735,81.63,81.652,0
1375808400,81.649,81.655,81.553,81.578,0
1375812000,81.574,81.632,81.569,81.604,0
1375815600,81.602,81.632,81.588,81.616,0
1375819200,81.615,81.639,81.597,81.626,0
1375822800,81.622,81.635,81.599,81.618,0
1375826400,81.615,81.636,81.611,81.62,0
1375830000,81.516,81.588,81.504,81.578,0
1375833600,81.574,81.649,81.572,81.612,0
1375837200,81.611,81.654,81.581,81.645,0
1375840800,81.642,81.662,81.621,81.659,0
1375844400,81.654,81.665,81.614,81.621,0
1375848000,81.62,81.644,81.593,81.602,0
1375851600,81.6,81.631,81.552,81.553,0
1375855200,81.552,81.613,81.523,81.548,0
1375858800,81.547,81.714,81.533,81.696,0
1375862400,81.699,81.736,81.667,81.701,0
1375866000,81.705,81.818,81.668,81.678,0
1375869600,81.67,81.675,81.481,81.605,0
1375873200,81.601,81.61,81.524,81.537,0
1375876800,81.536,81.582,81.478,81.509,0
1375880400,81.504,81.561,81.423,81.427,0
1375884000,81.424,81.458,81.306,81.353,0
1375887600,81.356,81.375,81.297,81.329,0
1375891200,81.337,81.376,81.313,81.321,0
1375894800,81.314,81.318,81.257,81.258,0
1375898400,81.259,81.3,81.239,81.287,0
1375902000,81.286,81.304,81.248,81.269,0
1375905600,81.268,81.286,81.229,81.268,0
1375909200,81.265,81.287,81.249,81.268,0
1375912800,81.266,81.287,81.265,81.283,0
1375916400,81.275,81.297,81.254,81.269,0
1375920000,81.27,81.345,81.27,81.297,0
1375923600,81.3,81.359,81.294,81.312,0
1375927200,81.313,81.341,81.307,81.326,0
1375930800,81.324,81.349,81.284,81.313,0
1375934400,81.315,81.337,81.263,81.266,0
1375938000,81.27,81.3,81.167,81.209,0
1375941600,81.201,81.262,81.179,81.18,0
1375945200,81.162,81.24,81.089,81.195,0
1375948800,81.198,81.235,81.167,81.212,0
1375952400,81.211,81.211,81.134,81.137,0
1375956000,81.14,81.171,81.128,81.157,0
1375959600,81.153,81.164,81.141,81.156,0
1375963200,81.155,81.201,81.09,81.114,0
1375966800,81.112,81.152,81.031,81.045,0
1375970400,81.054,81.063,80.89,80.935,0
1375974000,80.942,80.949,80.906,80.915,0
1375977600,80.925,80.935,80.868,80.931,0
1375981200,80.926,80.983,80.886,80.972,0
1375984800,80.968,80.995,80.959,80.978,0
1375988400,80.982,81.042,80.969,81.011,0
1375992000,81.009,81.051,80.977,81.043,0
1375995600,81.04,81.042,81.02,81.029,0
1375999200,81.021,81.028,81.012,81.017,0
1376002800,81.042,81.073,81.041,81.053,0
1376006400,81.055,81.09,81.033,81.043,0
1376010000,81.042,81.055,80.992,81.015,0
1376013600,81.014,81.042,81.01,81.028,0
1376017200,81.029,81.042,80.983,81.005,0
1376020800,81.007,81.027,80.986,80.99,0
1376024400,80.986,81.046,80.98,81.014,0
1376028000,81.011,81.033,80.97,80.992,0
1376031600,80.994,81.078,80.994,81.044,0
1376035200,81.05,81.087,80.973,81.01,0
1376038800,81.001,81.008,80.939,80.978,0
1376042400,80.979,81.035,80.971,81.025,0
1376046000,81.024,81.046,80.997,81.045,0
1376049600,81.049,81.092,81,81.085,0
1376053200,81.088,81.166,81.073,81.103,0
1376056800,81.099,81.104,81.047,81.08,0
1376060400,81.087,81.175,81.072,81.16,0
1376064000,81.154,81.172,81.109,81.129,0
1376067600,81.127,81.171,81.107,81.119,0
1376071200,81.118,81.148,81.106,81.127,0
1376074800,81.13,81.142,81.094,81.11,0
1376078400,81.113,81.137,81.102,81.126,0
1376082000,81.124,81.126,81.121,81.126,0
1376254800,81.239,81.244,81.157,81.174,0
1376258400,81.17,81.17,81.142,81.162,0
1376262000,81.161,81.171,81.073,81.111,0
1376265600,81.11,81.189,81.103,81.181,0
1376269200,81.176,81.186,81.154,81.165,0
1376272800,81.175,81.277,81.172,81.241,0
1376276400,81.24,81.25,81.204,81.244,0
1376280000,81.242,81.242,81.209,81.225,0
1376283600,81.224,81.261,81.222,81.234,0
1376287200,81.233,81.29,81.194,81.276,0
1376290800,81.279,81.388,81.25,81.361,0
1376294400,81.363,81.424,81.334,81.343,0
1376298000,81.341,81.435,81.341,81.428,0
1376301600,81.426,81.448,81.362,81.389,0
1376305200,81.394,81.44,81.371,81.44,0
1376308800,81.444,81.507,81.421,81.432,0
1376312400,81.43,81.446,81.395,81.437,0
1376316000,81.439,81.452,81.376,81.396,0
1376319600,81.387,81.391,81.3,81.301,0
1376323200,81.302,81.337,81.298,81.325,0
1376326800,81.327,81.355,81.317,81.335,0
1376330400,81.334,81.423,81.309,81.333,0
1376334000,81.334,81.383,81.329,81.38,0
1376337600,81.378,81.416,81.377,81.408,0
1376341200,81.415,81.456,81.406,81.446,0
1376344800,81.436,81.485,81.421,81.479,0
1376348400,81.487,81.511,81.478,81.484,0
1376352000,81.489,81.531,81.472,81.507,0
1376355600,81.506,81.509,81.468,81.482,0
1376359200,81.489,81.491,81.419,81.428,0
1376362800,81.426,81.435,81.404,81.424,0
1376366400,81.425,81.431,81.404,81.424,0
1376370000,81.426,81.497,81.424,81.466,0
1376373600,81.467,81.474,81.404,81.449,0
1376377200,81.45,81.586,81.445,81.55,0
1376380800,81.545,81.623,81.518,81.529,0
1376384400,81.535,81.537,81.456,81.511,0
1376388000,81.504,81.602,81.495,81.578,0
1376391600,81.585,81.628,81.546,81.616,0
1376395200,81.615,81.796,81.57,81.766,0
1376398800,81.763,81.836,81.734,81.805,0
1376402400,81.802,81.879,81.729,81.854,0
1376406000,81.857,81.862,81.796,81.817,0
1376409600,81.813,81.814,81.76,81.78,0
1376413200,81.777,81.825,81.76,81.788,0
1376416800,81.789,81.812,81.751,81.769,0
1376420400,81.773,81.773,81.703,81.737,0
1376424000,81.738,81.768,81.73,81.75,0
1376427600,81.757,81.788,81.742,81.77,0
1376431200,81.773,81.782,81.759,81.765,0
1376434800,81.763,81.766,81.74,81.745,0
1376438400,81.744,81.796,81.721,81.776,0
1376442000,81.774,81.806,81.756,81.761,0
1376445600,81.76,81.77,81.732,81.761,0
1376449200,81.766,81.767,81.722,81.728,0
1376452800,81.732,81.776,81.702,81.77,0
1376456400,81.773,81.807,81.738,81.749,0
1376460000,81.75,81.833,81.724,81.807,0
1376463600,81.81,81.837,81.697,81.742,0
1376467200,81.743,81.802,81.703,81.738,0
1376470800,81.742,81.851,81.736,81.835,0
1376474400,81.833,81.847,81.766,81.8,0
1376478000,81.802,81.817,81.768,81.788,0
1376481600,81.785,81.818,81.683,81.732,0
1376485200,81.738,81.744,81.678,81.712,0
1376488800,81.718,81.736,81.612,81.64,0
1376492400,81.645,81.737,81.632,81.706,0
1376496000,81.704,81.73,81.684,81.721,0
1376499600,81.719,81.764,81.678,81.733,0
1376503200,81.74,81.742,81.68,81.712,0
1376506800,81.709,81.724,81.688,81.689,0
1376510400,81.694,81.742,81.689,81.736,0
1376514000,81.735,81.739,81.703,81.704,0
1376517600,81.706,81.726,81.699,81.709,0
1376521200,81.692,81.711,81.639,81.639,0
1376524800,81.641,81.668,81.632,81.646,0
1376528400,81.649,81.711,81.643,81.675,0
1376532000,81.67,81.678,81.431,81.496,0
1376535600,81.49,81.538,81.459,81.531,0
1376539200,81.53,81.538,81.501,81.521,0
1376542800,81.519,81.551,81.497,81.511,0
1376546400,81.509,81.55,81.484,81.516,0
1376550000,81.515,81.565,81.511,81.524,0
1376553600,81.525,81.53,81.468,81.498,0
1376557200,81.509,81.526,81.463,81.492,0
1376560800,81.487,81.577,81.483,81.565,0
1376564400,81.569,81.577,81.499,81.512,0
1376568000,81.515,81.924,81.493,81.869,0
1376571600,81.875,81.918,81.759,81.877,0
1376575200,81.879,81.943,81.681,81.703,0
1376578800,81.702,81.72,81.596,81.636,0
1376582400,81.638,81.67,81.603,81.637,0
1376586000,81.636,81.636,81.204,81.263,0
1376589600,81.257,81.257,81.148,81.182,0
1376593200,81.18,81.184,81.107,81.128,0
1376596800,81.133,81.197,81.098,81.18,0
1376600400,81.179,81.187,81.131,81.145,0
1376604000,81.144,81.181,81.142,81.172,0
1376607600,81.155,81.164,81.124,81.134,0
1376611200,81.132,81.189,81.126,81.141,0
1376614800,81.14,81.191,81.137,81.158,0
1376618400,81.159,81.198,81.15,81.183,0
1376622000,81.184,81.237,81.179,81.216,0
1376625600,81.217,81.258,81.211,81.245,0
1376629200,81.244,81.258,81.215,81.249,0
1376632800,81.251,81.313,81.226,81.312,0
1376636400,81.316,81.316,81.161,81.192,0
1376640000,81.195,81.271,81.176,81.246,0
1376643600,81.249,81.301,81.219,81.255,0
1376647200,81.253,81.257,81.203,81.243,0
1376650800,81.245,81.262,81.22,81.25,0
1376654400,81.248,81.266,81.099,81.132,0
1376658000,81.13,81.163,81.048,81.138,0
1376661600,81.139,81.367,81.104,81.315,0
1376665200,81.307,81.363,81.285,81.344,0
1376668800,81.351,81.402,81.327,81.362,0
1376672400,81.363,81.399,81.341,81.347,0
1376676000,81.345,81.345,81.235,81.257,0
1376679600,81.262,81.294,81.232,81.277,0
1376683200,81.28,81.333,81.257,81.299,0
1376686800,81.294,81.294,81.29,81.292,0
1376859600,81.29,81.307,81.245,81.281,0
1376863200,81.278,81.357,81.275,81.356,0
1376866800,81.352,81.361,81.314,81.316,0
1376870400,81.317,81.349,81.278,81.278,0
1376874000,81.276,81.284,81.221,81.235,0
1376877600,81.233,81.272,81.227,81.262,0
1376881200,81.263,81.331,81.257,81.312,0
1376884800,81.314,81.336,81.303,81.314,0
1376888400,81.31,81.339,81.301,81.32,0
1376892000,81.317,81.392,81.313,81.345,0
1376895600,81.343,81.352,81.284,81.295,0
1376899200,81.299,81.322,81.277,81.299,0
1376902800,81.301,81.304,81.249,81.276,0
1376906400,81.281,81.281,81.142,81.232,0
1376910000,81.234,81.288,81.209,81.253,0
1376913600,81.25,81.295,81.225,81.28,0
1376917200,81.279,81.291,81.194,81.267,0
1376920800,81.268,81.297,81.225,81.233,0
1376924400,81.227,81.262,81.217,81.243,0
1376928000,81.241,81.299,81.228,81.284,0
1376931600,81.283,81.287,81.216,81.232,0
1376935200,81.231,81.24,81.209,81.227,0
1376938800,81.228,81.262,81.216,81.23,0
1376942400,81.227,81.272,81.226,81.264,0
1376946000,81.263,81.279,81.243,81.27,0
1376949600,81.266,81.295,81.26,81.283,0
1376953200,81.262,81.287,81.26,81.274,0
1376956800,81.273,81.278,81.246,81.27,0
1376960400,81.274,81.329,81.27,81.312,0
1376964000,81.309,81.344,81.284,81.295,0
1376967600,81.296,81.303,81.208,81.223,0
1376971200,81.22,81.254,81.212,81.237,0
1376974800,81.234,81.242,81.175,81.175,0
1376978400,81.183,81.271,81.176,81.27,0
1376982000,81.269,81.301,81.152,81.167,0
1376985600,81.171,81.186,81.016,81.087,0
1376989200,81.085,81.134,80.989,81.03,0
1376992800,81.026,81.072,80.949,81.055,0
1376996400,81.057,81.106,81.021,81.052,0
1377000000,81.05,81.057,80.86,80.911,0
1377003600,80.914,80.94,80.754,80.808,0
1377007200,80.807,80.892,80.782,80.868,0
1377010800,80.866,80.887,80.829,80.868,0
1377014400,80.872,80.922,80.852,80.907,0
1377018000,80.91,80.94,80.881,80.925,0
1377021600,80.923,80.946,80.9,80.907,0
1377025200,80.908,80.922,80.89,80.904,0
1377028800,80.905,80.937,80.896,80.932,0
1377032400,80.927,80.942,80.909,80.938,0
1377036000,80.937,80.953,80.932,80.945,0
1377039600,80.939,80.945,80.924,80.927,0
1377043200,80.93,80.98,80.924,80.954,0
1377046800,80.956,80.961,80.896,80.912,0
1377050400,80.915,80.945,80.896,80.944,0
1377054000,80.942,80.96,80.93,80.938,0
1377057600,80.94,80.988,80.919,80.983,0
1377061200,80.986,81.052,80.961,80.998,0
1377064800,81,81.04,80.975,81.003,0
1377068400,81.009,81.127,81.008,81.113,0
1377072000,81.109,81.138,81.039,81.126,0
1377075600,81.128,81.128,81.01,81.011,0
1377079200,81.009,81.142,81.009,81.113,0
1377082800,81.118,81.12,81.045,81.086,0
1377086400,81.08,81.126,81.07,81.102,0
1377090000,81.1,81.188,81.075,81.146,0
1377093600,81.144,81.191,81.111,81.191,0
1377097200,81.192,81.307,81.188,81.229,0
1377100800,81.227,81.232,81.152,81.182,0
1377104400,81.185,81.203,81.153,81.174,0
1377108000,81.177,81.413,81.099,81.214,0
1377111600,81.206,81.341,81.179,81.314,0
1377115200,81.317,81.401,81.302,81.323,0
1377118800,81.313,81.338,81.304,81.314,0
1377122400,81.315,81.381,81.31,81.377,0
1377126000,81.384,81.426,81.381,81.421,0
1377129600,81.425,81.485,81.402,81.454,0
1377133200,81.452,81.5,81.428,81.477,0
1377136800,81.48,81.53,81.472,81.504,0
1377140400,81.503,81.515,81.465,81.481,0
1377144000,81.475,81.519,81.475,81.496,0
1377147600,81.499,81.499,81.457,81.475,0
1377151200,81.478,81.51,81.41,81.482,0
1377154800,81.486,81.557,81.407,81.424,0
1377158400,81.422,81.475,81.375,81.447,0
1377162000,81.448,81.678,81.421,81.637,0
1377165600,81.633,81.719,81.633,81.642,0
1377169200,81.643,81.667,81.62,81.64,0
1377172800,81.636,81.639,81.469,81.477,0
1377176400,81.478,81.539,81.452,81.511,0
1377180000,81.503,81.608,81.498,81.522,0
1377183600,81.515,81.528,81.385,81.443,0
1377187200,81.45,81.479,81.377,81.455,0
1377190800,81.453,81.509,81.429,81.446,0
1377194400,81.45,81.504,81.431,81.489,0
1377198000,81.486,81.514,81.47,81.48,0
1377201600,81.479,81.491,81.435,81.482,0
1377205200,81.483,81.494,81.468,81.483,0
1377208800,81.488,81.488,81.462,81.481,0
1377212400,81.424,81.531,81.41,81.49,0
1377216000,81.496,81.573,81.492,81.538,0
1377219600,81.535,81.575,81.494,81.551,0
1377223200,81.554,81.564,81.523,81.546,0
1377226800,81.548,81.562,81.54,81.548,0
1377230400,81.55,81.597,81.549,81.589,0
1377234000,81.596,81.619,81.55,81.563,0
1377237600,81.564,81.645,81.551,81.559,0
1377241200,81.561,81.625,81.548,81.606,0
1377244800,81.608,81.614,81.455,81.475,0
1377248400,81.473,81.522,81.455,81.514,0
1377252000,81.512,81.538,81.486,81.53,0
1377255600,81.532,81.619,81.532,81.584,0
1377259200,81.587,81.612,81.513,81.542,0
1377262800,81.547,81.66,81.541,81.598,0
1377266400,81.595,81.595,81.224,81.266,0
1377270000,81.268,81.364,81.255,81.328,0
1377273600,81.322,81.41,81.318,81.368,0
1377277200,81.366,81.384,81.334,81.366,0
1377280800,81.364,81.38,81.343,81.361,0
1377284400,81.372,81.38,81.333,81.344,0
1377288000,81.342,81.392,81.342,81.367,0
1377291600,81.361,81.373,81.361,81.372,0
1377295200,81.366,81.366,81.364,81.364,0
1377464400,81.347,81.363,81.316,81.353,0
1377468000,81.351,81.401,81.346,81.399,0
1377471600,81.397,81.403,81.345,81.346,0
1377475200,81.348,81.372,81.328,81.355,0
1377478800,81.354,81.389,81.323,81.376,0
1377482400,81.375,81.393,81.365,81.373,0
1377486000,81.374,81.377,81.351,81.363,0
1377489600,81.365,81.392,81.36,81.373,0
1377493200,81.376,81.378,81.337,81.344,0
1377496800,81.345,81.394,81.336,81.376,0
1377500400,81.377,81.436,81.373,81.422,0
1377504000,81.421,81.439,81.395,81.418,0
1377507600,81.42,81.422,81.371,81.409,0
1377511200,81.401,81.439,81.395,81.437,0
1377514800,81.435,81.45,81.41,81.446,0
1377518400,81.447,81.514,81.267,81.325,0
1377522000,81.316,81.362,81.306,81.345,0
1377525600,81.35,81.438,81.333,81.393,0
1377529200,81.392,81.458,81.388,81.443,0
1377532800,81.44,81.46,81.419,81.447,0
1377536400,81.443,81.48,81.436,81.452,0
1377540000,81.447,81.456,81.404,81.408,0
1377543600,81.403,81.417,81.351,81.392,0
1377547200,81.389,81.425,81.376,81.403,0
1377550800,81.405,81.409,81.378,81.395,0
1377554400,81.391,81.405,81.387,81.391,0
1377558000,81.366,81.371,81.322,81.342,0
1377561600,81.343,81.366,81.271,81.319,0
1377565200,81.322,81.392,81.317,81.37,0
1377568800,81.374,81.403,81.368,81.387,0
1377572400,81.382,81.391,81.358,81.383,0
1377576000,81.386,81.391,81.363,81.365,0
1377579600,81.367,81.399,81.347,81.366,0
1377583200,81.373,81.448,81.369,81.431,0
1377586800,81.432,81.432,81.307,81.342,0
1377590400,81.341,81.57,81.296,81.52,0
1377594000,81.518,81.526,81.45,81.468,0
1377597600,81.463,81.482,81.436,81.473,0
1377601200,81.469,81.519,81.439,81.517,0
1377604800,81.511,81.511,81.424,81.442,0
1377608400,81.439,81.439,81.152,81.229,0
1377612000,81.233,81.3,81.169,81.179,0
1377615600,81.175,81.22,81.131,81.22,0
1377619200,81.222,81.224,81.182,81.191,0
1377622800,81.192,81.221,81.139,81.159,0
1377626400,81.153,81.18,81.132,81.166,0
1377630000,81.167,81.193,81.127,81.133,0
1377633600,81.14,81.171,81.114,81.116,0
1377637200,81.122,81.146,81.114,81.134,0
1377640800,81.133,81.171,81.126,81.167,0
1377644400,81.135,81.168,81.116,81.126,0
1377648000,81.123,81.206,81.123,81.204,0
1377651600,81.209,81.212,81.158,81.17,0
1377655200,81.173,81.175,81.106,81.157,0
1377658800,81.156,81.184,81.146,81.181,0
1377662400,81.177,81.241,81.172,81.241,0
1377666000,81.24,81.275,81.23,81.25,0
1377669600,81.252,81.269,81.209,81.229,0
1377673200,81.224,81.29,81.221,81.257,0
1377676800,81.255,81.338,81.247,81.334,0
1377680400,81.33,81.342,81.261,81.284,0
1377684000,81.286,81.42,81.284,81.399,0
1377687600,81.401,81.469,81.401,81.435,0
1377691200,81.43,81.459,81.286,81.296,0
1377694800,81.295,81.596,81.255,81.568,0
1377698400,81.563,81.565,81.414,81.418,0
1377702000,81.421,81.523,81.42,81.488,0
1377705600,81.487,81.5,81.451,81.455,0
1377709200,81.459,81.521,81.455,81.483,0
1377712800,81.481,81.485,81.428,81.432,0
1377716400,81.43,81.447,81.407,81.424,0
1377720000,81.423,81.433,81.398,81.424,0
1377723600,81.426,81.441,81.414,81.439,0
1377727200,81.43,81.441,81.422,81.437,0
1377730800,81.423,81.461,81.415,81.459,0
1377734400,81.46,81.503,81.444,81.497,0
1377738000,81.499,81.514,81.466,81.472,0
1377741600,81.473,81.487,81.401,81.401,0
1377745200,81.397,81.426,81.384,81.409,0
1377748800,81.41,81.494,81.408,81.49,0
1377752400,81.486,81.584,81.47,81.58,0
1377756000,81.579,81.81,81.536,81.764,0
1377759600,81.769,81.869,81.735,81.813,0
1377763200,81.812,81.855,81.748,81.802,0
1377766800,81.798,81.845,81.778,81.841,0
1377770400,81.844,81.914,81.813,81.85,0
1377774000,81.847,81.864,81.823,81.85,0
1377777600,81.854,82.006,81.811,81.966,0
1377781200,81.968,81.97,81.891,81.926,0
1377784800,81.923,82.053,81.909,82.047,0
1377788400,82.038,82.067,82.008,82.042,0
1377792000,82.046,82.047,81.986,81.987,0
1377795600,81.973,82.007,81.924,81.933,0
1377799200,81.938,81.985,81.927,81.949,0
1377802800,81.948,81.956,81.913,81.947,0
1377806400,81.95,81.989,81.943,81.971,0
1377810000,81.972,82.005,81.948,81.979,0
1377813600,81.985,82.007,81.963,82.005,0
1377817200,81.991,82.007,81.97,81.992,0
1377820800,81.989,82.022,81.961,81.975,0
1377824400,81.971,81.974,81.896,81.91,0
1377828000,81.913,81.94,81.889,81.919,0
1377831600,81.915,81.963,81.915,81.951,0
1377835200,81.949,81.992,81.931,81.96,0
1377838800,81.961,81.962,81.906,81.942,0
1377842400,81.936,82.001,81.89,81.976,0
1377846000,81.975,82.009,81.903,81.939,0
1377849600,81.942,81.966,81.889,81.934,0
1377853200,81.935,82.015,81.904,81.987,0
1377856800,81.988,82.004,81.958,81.966,0
1377860400,81.965,81.994,81.941,81.994,0
1377864000,81.997,82.064,81.954,82.037,0
1377867600,82.042,82.121,82.039,82.102,0
1377871200,82.105,82.223,82.07,82.207,0
1377874800,82.204,82.263,82.134,82.179,0
1377878400,82.184,82.189,82.093,82.118,0
1377882000,82.122,82.145,82.049,82.075,0
1377885600,82.077,82.099,82.055,82.088,0
1377889200,82.092,82.106,82.059,82.064,0
1377892800,82.06,82.087,82.024,82.029,0
1377896400,82.028,82.038,82.028,82.034,0
1377900000,82.029,82.029,82.029,82.029,0
1378162800,82.301,82.323,82.296,82.305,0
1378166400,82.304,82.331,82.285,82.322,0
1378170000,82.323,82.323,82.281,82.291,0
1378173600,82.287,82.313,82.263,82.269,0
1378177200,82.271,82.301,82.262,82.287,0
1378180800,82.282,82.289,82.227,82.251,0
1378184400,82.252,82.379,82.252,82.363,0
1378188000,82.364,82.414,82.329,82.355,0
1378191600,82.356,82.424,82.326,82.358,0
1378195200,82.36,82.381,82.292,82.299,0
1378198800,82.287,82.346,82.275,82.292,0
1378202400,82.293,82.326,82.252,82.315,0
1378206000,82.323,82.405,82.313,82.357,0
1378209600,82.351,82.377,82.314,82.316,0
1378213200,82.32,82.357,82.293,82.336,0
1378216800,82.332,82.505,82.332,82.46,0
1378220400,82.465,82.516,82.358,82.379,0
1378224000,82.381,82.412,82.338,82.349,0
1378227600,82.351,82.376,82.299,82.313,0
1378231200,82.311,82.381,82.306,82.361,0
1378234800,82.359,82.373,82.314,82.327,0
1378238400,82.331,82.367,82.322,82.363,0
1378242000,82.365,82.392,82.347,82.382,0
1378245600,82.387,82.387,82.351,82.376,0
1378249200,82.366,82.376,82.354,82.358,0
1378252800,82.354,82.38,82.321,82.368,0
1378256400,82.367,82.399,82.365,82.385,0
1378260000,82.391,82.391,82.355,82.369,0
1378263600,82.375,82.395,82.366,82.39,0
1378267200,82.391,82.413,82.383,82.408,0
1378270800,82.407,82.418,82.381,82.397,0
1378274400,82.396,82.426,82.327,82.356,0
1378278000,82.353,82.404,82.324,82.394,0
1378281600,82.392,82.397,82.294,82.306,0
1378285200,82.308,82.333,82.27,82.285,0
1378288800,82.283,82.302,82.222,82.242,0
1378292400,82.248,82.302,82.227,82.284,0
1378296000,82.281,82.312,82.256,82.28,0
1378299600,82.279,82.341,82.269,82.296,0
1378303200,82.297,82.33,82.173,82.174,0
1378306800,82.172,82.207,82.076,82.115,0
1378310400,82.113,82.16,82.092,82.144,0
1378314000,82.142,82.184,82.116,82.159,0
1378317600,82.157,82.172,82.121,82.17,0
1378321200,82.168,82.175,82.111,82.129,0
1378324800,82.127,82.171,82.119,82.16,0
1378328400,82.157,82.191,82.148,82.179,0
1378332000,82.18,82.18,82.161,82.164,0
1378335600,82.203,82.209,82.19,82.2,0
1378339200,82.197,82.222,82.175,82.201,0
1378342800,82.207,82.216,82.173,82.185,0
1378346400,82.187,82.243,82.186,82.233,0
1378350000,82.232,82.243,82.205,82.223,0
1378353600,82.219,82.259,82.215,82.254,0
1378357200,82.26,82.384,82.258,82.338,0
1378360800,82.335,82.351,82.287,82.298,0
1378364400,82.295,82.406,82.295,82.349,0
1378368000,82.348,82.391,82.267,82.283,0
1378371600,82.284,82.291,82.203,82.248,0
1378375200,82.244,82.256,82.16,82.173,0
1378378800,82.181,82.22,82.155,82.209,0
1378382400,82.208,82.462,82.102,82.398,0
1378386000,82.396,82.508,82.325,82.432,0
1378389600,82.423,82.671,82.423,82.62,0
1378393200,82.619,82.647,82.554,82.609,0
1378396800,82.607,82.623,82.564,82.568,0
1378400400,82.572,82.645,82.572,82.644,0
1378404000,82.64,82.649,82.615,82.633,0
1378407600,82.632,82.634,82.591,82.633,0
1378411200,82.635,82.639,82.617,82.623,0
1378414800,82.624,82.645,82.612,82.641,0
1378418400,82.638,82.642,82.62,82.633,0
1378422000,82.632,82.641,82.619,82.622,0
1378425600,82.623,82.631,82.575,82.585,0
1378429200,82.582,82.582,82.516,82.517,0
1378432800,82.512,82.537,82.49,82.503,0
1378436400,82.497,82.505,82.476,82.499,0
1378440000,82.5,82.572,82.492,82.539,0
1378443600,82.528,82.531,82.495,82.511,0
1378447200,82.505,82.558,82.489,82.5,0
1378450800,82.498,82.539,82.475,82.516,0
1378454400,82.514,82.516,82.469,82.489,0
1378458000,82.487,82.56,82.477,82.552,0
1378461600,82.555,82.609,82.53,82.599,0
1378465200,82.607,82.61,82.492,82.528,0
1378468800,82.527,82.551,82.075,82.375,0
1378472400,82.368,82.377,82.094,82.134,0
1378476000,82.127,82.233,82.038,82.202,0
1378479600,82.204,82.206,82.115,82.191,0
1378483200,82.187,82.221,82.163,82.191,0
1378486800,82.201,82.227,82.201,82.219,0
1378490400,82.217,82.233,82.144,82.146,0
1378494000,82.152,82.172,82.117,82.163,0
1378497600,82.164,82.172,82.127,82.146,0
1378501200,82.144,82.155,82.144,82.15,0
1378674000,82.299,82.299,82.201,82.247,0
1378677600,82.246,82.3,82.24,82.283,0
1378681200,82.278,82.313,82.243,82.286,0
1378684800,82.285,82.307,82.205,82.224,0
1378688400,82.226,82.249,82.212,82.246,0
1378692000,82.247,82.249,82.207,82.221,0
1378695600,82.222,82.246,82.205,82.231,0
1378699200,82.232,82.265,82.223,82.248,0
1378702800,82.249,82.252,82.211,82.23,0
1378706400,82.231,82.26,82.141,82.178,0
1378710000,82.175,82.219,82.144,82.187,0
1378713600,82.185,82.195,82.068,82.068,0
1378717200,82.073,82.121,82.072,82.114,0
1378720800,82.113,82.13,82.081,82.113,0
1378724400,82.108,82.119,82.081,82.099,0
1378728000,82.1,82.107,81.971,81.992,0
1378731600,81.994,81.996,81.934,81.992,0
1378735200,81.996,82.006,81.801,81.812,0
1378738800,81.81,81.819,81.759,81.778,0
1378742400,81.777,81.803,81.697,81.792,0
1378746000,81.793,81.796,81.736,81.749,0
1378749600,81.747,81.794,81.732,81.794,0
1378753200,81.793,81.812,81.771,81.794,0
1378756800,81.796,81.841,81.792,81.818,0
1378760400,81.816,81.831,81.808,81.825,0
1378764000,81.827,81.837,81.809,81.809,0
1378767600,81.82,81.849,81.819,81.829,0
1378771200,81.824,81.848,81.801,81.818,0
1378774800,81.819,81.85,81.785,81.787,0
1378778400,81.789,81.811,81.766,81.794,0
1378782000,81.792,81.809,81.769,81.78,0
1378785600,81.781,81.783,81.74,81.763,0
1378789200,81.767,81.77,81.732,81.748,0
1378792800,81.749,81.859,81.719,81.856,0
1378796400,81.86,81.93,81.833,81.879,0
1378800000,81.885,81.914,81.845,81.877,0
1378803600,81.881,81.939,81.873,81.903,0
1378807200,81.908,81.949,81.892,81.917,0
1378810800,81.91,81.979,81.885,81.96,0
1378814400,81.965,81.967,81.878,81.915,0
1378818000,81.91,81.918,81.815,81.855,0
1378821600,81.857,81.873,81.812,81.848,0
1378825200,81.849,81.886,81.826,81.836,0
1378828800,81.837,81.88,81.827,81.838,0
1378832400,81.84,81.847,81.788,81.788,0
1378836000,81.786,81.824,81.765,81.822,0
1378839600,81.816,81.824,81.797,81.813,0
1378843200,81.81,81.833,81.805,81.822,0
1378846800,81.819,81.837,81.806,81.828,0
1378850400,81.83,81.84,81.823,81.83,0
1378854000,81.83,81.841,81.814,81.814,0
1378857600,81.813,81.831,81.768,81.78,0
1378861200,81.776,81.846,81.744,81.758,0
1378864800,81.763,81.834,81.751,81.828,0
1378868400,81.827,81.907,81.814,81.898,0
1378872000,81.899,81.924,81.886,81.902,0
1378875600,81.907,81.935,81.876,81.931,0
1378879200,81.933,81.939,81.856,81.87,0
1378882800,81.869,81.879,81.819,81.862,0
1378886400,81.869,81.876,81.735,81.75,0
1378890000,81.747,81.832,81.728,81.812,0
1378893600,81.81,81.826,81.75,81.815,0
1378897200,81.814,81.835,81.78,81.791,0
1378900800,81.795,81.798,81.726,81.779,0
1378904400,81.777,81.798,81.594,81.623,0
1378908000,81.616,81.67,81.567,81.567,0
1378911600,81.572,81.61,81.506,81.599,0
1378915200,81.598,81.652,81.582,81.591,0
1378918800,81.582,81.59,81.445,81.497,0
1378922400,81.499,81.54,81.492,81.519,0
1378926000,81.522,81.528,81.485,81.494,0
1378929600,81.49,81.524,81.478,81.51,0
1378933200,81.508,81.521,81.486,81.516,0
1378936800,81.515,81.526,81.507,81.526,0
1378940400,81.508,81.511,81.455,81.48,0
1378944000,81.481,81.496,81.422,81.448,0
1378947600,81.449,81.479,81.411,81.445,0
1378951200,81.446,81.482,81.421,81.435,0
1378954800,81.434,81.442,81.41,81.442,0
1378958400,81.441,81.479,81.436,81.457,0
1378962000,81.456,81.505,81.447,81.491,0
1378965600,81.49,81.508,81.412,81.503,0
1378969200,81.505,81.534,81.473,81.516,0
1378972800,81.514,81.581,81.477,81.581,0
1378976400,81.584,81.6,81.53,81.554,0
1378980000,81.553,81.558,81.506,81.513,0
1378983600,81.514,81.559,81.509,81.532,0
1378987200,81.533,81.695,81.528,81.621,0
1378990800,81.624,81.665,81.526,81.534,0
1378994400,81.537,81.588,81.358,81.427,0
1378998000,81.423,81.441,81.392,81.417,0
1379001600,81.422,81.433,81.356,81.432,0
1379005200,81.427,81.517,81.395,81.492,0
1379008800,81.488,81.518,81.467,81.49,0
1379012400,81.489,81.53,81.489,81.525,0
1379016000,81.527,81.531,81.497,81.525,0
1379019600,81.526,81.528,81.489,81.518,0
1379023200,81.517,81.529,81.511,81.524,0
1379026800,81.543,81.543,81.521,81.526,0
1379030400,81.527,81.575,81.525,81.556,0
1379034000,81.558,81.666,81.545,81.639,0
1379037600,81.644,81.649,81.614,81.617,0
1379041200,81.62,81.625,81.586,81.606,0
1379044800,81.604,81.642,81.604,81.636,0
1379048400,81.634,81.738,81.623,81.702,0
1379052000,81.705,81.721,81.619,81.643,0
1379055600,81.642,81.661,81.567,81.581,0
1379059200,81.58,81.621,81.561,81.609,0
1379062800,81.605,81.622,81.576,81.586,0
1379066400,81.587,81.617,81.561,81.602,0
1379070000,81.599,81.657,81.593,81.64,0
1379073600,81.641,81.643,81.401,81.452,0
1379077200,81.453,81.699,81.451,81.617,0
1379080800,81.614,81.687,81.599,81.651,0
1379084400,81.649,81.656,81.536,81.601,0
1379088000,81.597,81.6,81.526,81.527,0
1379091600,81.537,81.537,81.448,81.449,0
1379095200,81.447,81.469,81.422,81.452,0
1379098800,81.451,81.487,81.442,81.466,0
1379102400,81.468,81.51,81.465,81.499,0
1379106000,81.518,81.524,81.518,81.521,0
1379278800,81.118,81.125,81.029,81.081,0
1379282400,81.078,81.131,81.033,81.094,0
1379286000,81.091,81.16,81.068,81.153,0
1379289600,81.154,81.179,81.08,81.081,0
1379293200,81.082,81.141,81.072,81.102,0
1379296800,81.103,81.109,81.059,81.101,0
1379300400,81.103,81.107,81.07,81.072,0
1379304000,81.069,81.113,81.067,81.099,0
1379307600,81.098,81.138,81.097,81.137,0
1379311200,81.131,81.138,81.04,81.064,0
1379314800,81.067,81.126,81.029,81.098,0
1379318400,81.1,81.164,81.053,81.154,0
1379322000,81.155,81.2,81.128,81.149,0
1379325600,81.148,81.209,81.131,81.197,0
1379329200,81.195,81.195,81.133,81.154,0
1379332800,81.152,81.156,80.968,80.985,0
1379336400,80.982,81.081,80.973,81.071,0
1379340000,81.075,81.148,81.052,81.133,0
1379343600,81.134,81.201,81.112,81.18,0
1379347200,81.178,81.249,81.148,81.24,0
1379350800,81.245,81.258,81.213,81.223,0
1379354400,81.226,81.302,81.201,81.296,0
1379358000,81.295,81.308,81.251,81.273,0
1379361600,81.272,81.294,81.26,81.274,0
1379365200,81.283,81.29,81.246,81.279,0
1379368800,81.277,81.288,81.268,81.278,0
1379372400,81.282,81.292,81.261,81.269,0
1379376000,81.273,81.317,81.267,81.3,0
1379379600,81.29,81.325,81.286,81.324,0
1379383200,81.323,81.351,81.292,81.337,0
1379386800,81.338,81.346,81.29,81.305,0
1379390400,81.306,81.336,81.297,81.306,0
1379394000,81.304,81.318,81.235,81.238,0
1379397600,81.241,81.252,81.179,81.188,0
1379401200,81.184,81.216,81.17,81.211,0
1379404800,81.213,81.239,81.176,81.186,0
1379408400,81.189,81.2,81.137,81.172,0
1379412000,81.176,81.184,81.143,81.159,0
1379415600,81.164,81.201,81.138,81.184,0
1379419200,81.185,81.188,81.107,81.147,0
1379422800,81.149,81.227,81.143,81.191,0
1379426400,81.193,81.274,81.183,81.216,0
1379430000,81.213,81.215,81.143,81.16,0
1379433600,81.156,81.179,81.153,81.171,0
1379437200,81.172,81.175,81.134,81.15,0
1379440800,81.145,81.174,81.137,81.144,0
1379444400,81.143,81.174,81.136,81.146,0
1379448000,81.14,81.164,81.137,81.144,0
1379451600,81.146,81.162,81.139,81.151,0
1379455200,81.143,81.159,81.143,81.155,0
1379458800,81.158,81.168,81.153,81.158,0
1379462400,81.159,81.211,81.155,81.197,0
1379466000,81.198,81.225,81.191,81.218,0
1379469600,81.22,81.22,81.194,81.197,0
1379473200,81.196,81.203,81.18,81.19,0
1379476800,81.194,81.194,81.15,81.158,0
1379480400,81.155,81.157,81.124,81.157,0
1379484000,81.155,81.172,81.129,81.157,0
1379487600,81.148,81.177,81.123,81.152,0
1379491200,81.15,81.154,81.09,81.108,0
1379494800,81.104,81.114,81.07,81.094,0
1379498400,81.089,81.137,81.081,81.124,0
1379502000,81.118,81.143,81.106,81.121,0
1379505600,81.124,81.159,81.107,81.135,0
1379509200,81.137,81.167,81.129,81.133,0
1379512800,81.135,81.181,81.111,81.145,0
1379516400,81.143,81.16,81.107,81.142,0
1379520000,81.143,81.151,81.091,81.093,0
1379523600,81.098,81.098,80.968,80.996,0
1379527200,80.987,80.996,80.238,80.238,0
1379530800,80.231,80.321,80.203,80.249,0
1379534400,80.252,80.272,80.06,80.159,0
1379538000,80.157,80.244,80.145,80.241,0
1379541600,80.239,80.291,80.238,80.27,0
1379545200,80.238,80.246,80.123,80.185,0
1379548800,80.187,80.226,80.125,80.183,0
1379552400,80.182,80.236,80.16,80.17,0
1379556000,80.171,80.2,80.128,80.178,0
1379559600,80.18,80.219,80.175,80.185,0
1379563200,80.186,80.225,80.172,80.19,0
1379566800,80.184,80.187,80.143,80.173,0
1379570400,80.175,80.22,80.142,80.166,0
1379574000,80.164,80.22,80.113,80.118,0
1379577600,80.117,80.159,80.07,80.127,0
1379581200,80.13,80.183,80.091,80.167,0
1379584800,80.161,80.172,80.104,80.15,0
1379588400,80.155,80.2,80.111,80.194,0
1379592000,80.195,80.288,80.165,80.258,0
1379595600,80.256,80.258,80.183,80.244,0
1379599200,80.25,80.337,80.208,80.282,0
1379602800,80.283,80.377,80.266,80.346,0
1379606400,80.354,80.453,80.344,80.42,0
1379610000,80.418,80.424,80.323,80.342,0
1379613600,80.339,80.393,80.317,80.372,0
1379617200,80.375,80.392,80.336,80.392,0
1379620800,80.394,80.394,80.358,80.377,0
1379624400,80.375,80.384,80.353,80.377,0
1379628000,80.379,80.38,80.343,80.343,0
1379631600,80.369,80.369,80.341,80.355,0
1379635200,80.357,80.37,80.334,80.36,0
1379638800,80.363,80.382,80.351,80.365,0
1379642400,80.361,80.366,80.327,80.332,0
1379646000,80.333,80.342,80.317,80.325,0
1379649600,80.323,80.348,80.313,80.338,0
1379653200,80.342,80.374,80.332,80.34,0
1379656800,80.345,80.383,80.305,80.368,0
1379660400,80.359,80.37,80.298,80.306,0
1379664000,80.304,80.388,80.3,80.373,0
1379667600,80.378,80.444,80.37,80.417,0
1379671200,80.416,80.42,80.299,80.359,0
1379674800,80.364,80.468,80.32,80.468,0
1379678400,80.467,80.535,80.405,80.453,0
1379682000,80.449,80.471,80.381,80.427,0
1379685600,80.43,80.577,80.407,80.516,0
1379689200,80.519,80.522,80.424,80.429,0
1379692800,80.428,80.448,80.4,80.417,0
1379696400,80.419,80.425,80.363,80.371,0
1379700000,80.373,80.449,80.369,80.432,0
1379703600,80.439,80.463,80.421,80.429,0
1379707200,80.433,80.461,80.419,80.436,0
1379710800,80.434,80.436,80.43,80.43,0
1379883600,80.341,80.417,80.334,80.407,0
1379887200,80.4,80.431,80.393,80.419,0
1379890800,80.421,80.421,80.386,80.387,0
1379894400,80.388,80.396,80.36,80.369,0
1379898000,80.37,80.398,80.348,80.393,0
1379901600,80.394,80.421,80.382,80.411,0
1379905200,80.413,80.422,80.377,80.397,0
1379908800,80.396,80.407,80.39,80.399,0
1379912400,80.4,80.405,80.352,80.352,0
1379916000,80.349,80.358,80.285,80.329,0
1379919600,80.326,80.427,80.292,80.426,0
1379923200,80.421,80.426,80.371,80.374,0
1379926800,80.369,80.474,80.369,80.429,0
1379930400,80.428,80.466,80.397,80.412,0
1379934000,80.41,80.453,80.391,80.453,0
1379937600,80.458,80.467,80.312,80.39,0
1379941200,80.397,80.475,80.361,80.445,0
1379944800,80.443,80.527,80.407,80.473,0
1379948400,80.471,80.495,80.438,80.457,0
1379952000,80.459,80.463,80.368,80.373,0
1379955600,80.369,80.453,80.368,80.436,0
1379959200,80.437,80.47,80.418,80.45,0
1379962800,80.446,80.462,80.413,80.454,0
1379966400,80.449,80.475,80.438,80.468,0
1379970000,80.469,80.472,80.45,80.465,0
1379973600,80.466,80.478,80.449,80.453,0
1379977200,80.46,80.465,80.439,80.445,0
1379980800,80.45,80.492,80.443,80.459,0
1379984400,80.458,80.474,80.441,80.461,0
1379988000,80.464,80.484,80.453,80.47,0
1379991600,80.471,80.475,80.458,80.469,0
1379995200,80.471,80.484,80.467,80.475,0
1379998800,80.482,80.493,80.46,80.484,0
1380002400,80.487,80.487,80.428,80.464,0
1380006000,80.457,80.466,80.402,80.424,0
1380009600,80.431,80.545,80.425,80.537,0
1380013200,80.54,80.566,80.504,80.535,0
1380016800,80.542,80.598,80.507,80.568,0
1380020400,80.569,80.575,80.496,80.517,0
1380024000,80.523,80.621,80.52,80.597,0
1380027600,80.596,80.61,80.502,80.51,0
1380031200,80.521,80.595,80.491,80.498,0
1380034800,80.499,80.551,80.492,80.509,0
1380038400,80.514,80.535,80.478,80.502,0
1380042000,80.504,80.555,80.495,80.551,0
1380045600,80.546,80.574,80.527,80.563,0
1380049200,80.561,80.585,80.546,80.572,0
1380052800,80.576,80.594,80.56,80.572,0
1380056400,80.573,80.593,80.57,80.584,0
1380060000,80.586,80.601,80.576,80.593,0
1380063600,80.587,80.6,80.581,80.583,0
1380067200,80.586,80.608,80.568,80.573,0
1380070800,80.576,80.578,80.536,80.542,0
1380074400,80.541,80.584,80.538,80.556,0
1380078000,80.559,80.624,80.554,80.615,0
1380081600,80.619,80.629,80.598,80.603,0
1380085200,80.601,80.618,80.555,80.561,0
1380088800,80.562,80.6,80.55,80.567,0
1380092400,80.569,80.582,80.508,80.519,0
1380096000,80.518,80.535,80.483,80.498,0
1380099600,80.491,80.503,80.413,80.436,0
1380103200,80.432,80.451,80.4,80.43,0
1380106800,80.426,80.435,80.36,80.427,0
1380110400,80.417,80.48,80.387,80.456,0
1380114000,80.45,80.494,80.415,80.449,0
1380117600,80.45,80.461,80.377,80.424,0
1380121200,80.419,80.419,80.289,80.29,0
1380124800,80.288,80.354,80.288,80.333,0
1380128400,80.335,80.35,80.314,80.336,0
1380132000,80.334,80.359,80.321,80.335,0
1380135600,80.337,80.344,80.291,80.31,0
1380139200,80.308,80.334,80.307,80.316,0
1380142800,80.32,80.355,80.314,80.337,0
1380146400,80.338,80.35,80.331,80.345,0
1380150000,80.364,80.381,80.353,80.366,0
1380153600,80.367,80.383,80.305,80.327,0
1380157200,80.328,80.389,80.323,80.376,0
1380160800,80.375,80.461,80.375,80.423,0
1380164400,80.418,80.439,80.385,80.388,0
1380168000,80.391,80.401,80.359,80.377,0
1380171600,80.376,80.414,80.374,80.386,0
1380175200,80.382,80.444,80.378,80.406,0
1380178800,80.409,80.423,80.362,80.393,0
1380182400,80.391,80.482,80.39,80.394,0
1380186000,80.393,80.518,80.387,80.483,0
1380189600,80.484,80.49,80.387,80.427,0
1380193200,80.422,80.489,80.417,80.47,0
1380196800,80.469,80.543,80.461,80.471,0
1380200400,80.469,80.533,80.465,80.482,0
1380204000,80.484,80.604,80.438,80.603,0
1380207600,80.599,80.625,80.546,80.579,0
1380211200,80.577,80.65,80.577,80.619,0
1380214800,80.63,80.637,80.559,80.592,0
1380218400,80.595,80.595,80.519,80.523,0
1380222000,80.52,80.571,80.513,80.543,0
1380225600,80.541,80.56,80.523,80.533,0
1380229200,80.53,80.545,80.525,80.539,0
1380232800,80.542,80.542,80.519,80.532,0
1380236400,80.542,80.548,80.522,80.53,0
1380240000,80.527,80.55,80.513,80.542,0
1380243600,80.544,80.594,80.523,80.588,0
1380247200,80.593,80.593,80.513,80.516,0
1380250800,80.518,80.553,80.509,80.545,0
1380254400,80.547,80.548,80.488,80.496,0
1380258000,80.491,80.499,80.423,80.428,0
1380261600,80.427,80.466,80.39,80.441,0
1380265200,80.443,80.495,80.429,80.451,0
1380268800,80.453,80.453,80.401,80.426,0
1380272400,80.424,80.461,80.393,80.459,0
1380276000,80.452,80.47,80.396,80.409,0
1380279600,80.41,80.411,80.233,80.274,0
1380283200,80.271,80.271,80.173,80.233,0
1380286800,80.235,80.256,80.158,80.176,0
1380290400,80.182,80.227,80.11,80.201,0
1380294000,80.205,80.225,80.187,80.216,0
1380297600,80.215,80.3,80.213,80.285,0
