time,open,high,low,close,volume,sub
1311699600,1614.781,1620.463,1614.065,1619.365,7123,16
1311714000,1619.365,1623.049,1618.026,1622.338,2809,14
1311728400,1622.338,1624.29,1620.634,1622.124,2288,16
1311742800,1622.124,1625.626,1622.124,1623.896,5134,16
1311757200,1623.896,1626.427,1616.979,1623.376,7733,16
1311771600,1623.376,1628.663,1608.994,1613.396,20813,16
1311786000,1613.396,1616.18,1611.253,1613.533,6568,16
1311800400,1613.533,1615.659,1612.574,1613.896,2328,14
1311814800,1613.896,1617.536,1613.896,1614.914,2937,16
1311829200,1614.914,1619.879,1612.334,1617.744,4620,16
1311843600,1617.744,1620.367,1613.42,1615.54,9426,16
1311858000,1615.54,1618.017,1603.057,1613.466,21720,16
1311872400,1613.466,1616.962,1610.296,1616.05,5249,16
1311886800,1616.05,1617.115,1613.432,1614.205,2712,14
1311901200,1614.205,1618.563,1613.974,1614.697,4293,16
1311915600,1614.697,1614.697,1610.743,1613.32,5108,16
1311930000,1613.32,1625.2,1612.885,1623.519,10506,16
1311944400,1623.519,1632.826,1619.024,1623.594,25815,16
1311958800,1623.594,1629.482,1622.795,1627.15,7972,16
1312146000,1626.65,1626.9,1605.9,1610.808,8873,14
1312160400,1610.808,1615.992,1610.675,1614.49,4570,16
1312174800,1614.49,1617.986,1611.757,1617.202,5153,16
1312189200,1617.202,1620.668,1613.952,1617.939,8221,16
1312203600,1617.939,1632.056,1610.048,1626.963,26325,16
1312218000,1626.963,1627.439,1616.746,1619.514,10338,16
1312232400,1619.514,1620.47,1616.634,1619.751,3604,14
1312246800,1619.751,1623.105,1618.29,1623.012,4291,16
1312261200,1623.012,1629.621,1623.012,1625.36,6615,16
1312275600,1625.36,1640.978,1624.303,1637.54,12846,16
1312290000,1637.54,1644.293,1632.506,1641.853,24725,16
1312304400,1641.853,1661.171,1639.272,1661.105,15585,16
1312318800,1661.105,1661.56,1652.319,1654.905,4396,14
1312333200,1654.905,1659.143,1652.038,1657.785,3882,16
1312347600,1657.785,1673.105,1657.62,1670.088,9489,16
1312362000,1670.088,1671.227,1660.652,1665.354,10029,16
1312376400,1665.354,1672.053,1664.051,1666.472,19769,16
1312390800,1666.472,1667.949,1656.793,1661.73,11636,16
1312405200,1661.73,1665.345,1659.245,1664.847,4361,13
1312419600,1664.847,1669.261,1657.612,1664.445,14193,16
1312434000,1664.445,1667.047,1660.097,1663.649,8267,16
1312448400,1663.649,1678.883,1659.231,1674.16,16926,16
1312462800,1674.16,1682.276,1642.357,1654.601,41963,16
1312477200,1654.601,1660.718,1643.159,1646.483,31128,16
1312491600,1646.483,1651.155,1641.839,1644.613,8590,15
1312506000,1644.613,1660.539,1644.081,1657.62,9079,16
1312520400,1657.62,1670.246,1654.875,1667.099,15554,16
1312534800,1667.099,1669.02,1649.162,1654.459,20311,16
1312549200,1654.459,1667.205,1648.014,1656.765,44393,16
1312563600,1656.765,1665.575,1648.325,1663.7,16012,16
1312750800,1668.3,1694.972,1668.3,1686.928,12118,12
1312765200,1686.928,1703.329,1686.732,1700.471,14475,16
1312779600,1700.471,1715.43,1699.876,1705.927,23535,16
1312794000,1705.927,1711.519,1694.853,1699.319,18361,16
1312808400,1699.319,1719.36,1692.103,1717.2,40303,16
1312822800,1717.2,1720.733,1708.679,1719.5,25536,16
1312837200,1719.5,1725.236,1715.343,1725.183,6367,16
1312851600,1725.183,1772.187,1724.964,1756.85,32919,16
1312866000,1756.85,1760.441,1733.362,1756.57,34872,16
1312880400,1756.57,1779.818,1741.628,1743.79,38106,16
1312894800,1743.79,1748.706,1720.265,1740.85,52234,16
1312909200,1740.85,1777.77,1723.113,1740.49,61591,16
1312923600,1740.49,1767.085,1737.819,1750.956,17149,15
1312938000,1750.956,1760.261,1749.585,1753.313,13971,16
1312952400,1753.313,1767.235,1741.209,1759.799,23091,16
1312966800,1759.799,1768.429,1752.378,1766.502,21115,16
1312981200,1766.502,1798.0,1758.71,1775.865,64784,16
1312995600,1775.865,1794.979,1763.371,1793.2,38253,16
1313010000,1793.2,1814.903,1793.2,1803.135,20295,15
1313024400,1803.135,1807.895,1779.194,1787.769,27658,16
1313038800,1787.769,1795.91,1775.385,1792.66,26785,16
1313053200,1792.66,1793.242,1768.542,1769.553,39694,16
1313067600,1769.553,1776.036,1751.611,1764.796,65436,16
1313082000,1764.796,1765.796,1732.326,1763.95,43978,16
1313096400,1763.95,1768.154,1748.111,1755.485,10064,15
1313110800,1755.485,1768.09,1752.843,1762.881,10585,16
1313125200,1762.881,1767.312,1746.645,1760.822,17784,16
1313139600,1760.822,1764.339,1743.362,1743.379,24088,16
1313154000,1743.379,1748.797,1723.482,1739.242,50005,16
1313168400,1739.242,1747.168,1735.911,1746.55,18531,16
1313355600,1746.75,1747.75,1728.459,1735.296,10004,13
1313370000,1735.296,1746.913,1735.197,1742.536,8707,16
1313384400,1742.536,1747.069,1734.694,1740.911,12658,16
1313398800,1740.911,1742.962,1732.59,1736.948,14516,16
1313413200,1736.948,1755.983,1735.517,1753.567,28469,16
1313427600,1753.567,1766.635,1752.843,1765.96,14558,16
1313442000,1765.96,1770.201,1763.135,1764.074,4947,16
1313456400,1764.074,1767.012,1761.259,1764.766,5537,16
1313470800,1764.766,1778.648,1764.766,1778.416,11427,16
1313485200,1778.416,1782.376,1773.495,1779.139,16101,16
1313499600,1779.139,1786.787,1764.441,1781.425,41533,16
1313514000,1781.425,1787.243,1780.009,1785.713,12941,16
1313528400,1785.713,1787.94,1782.742,1785.792,2805,14
1313542800,1785.792,1786.968,1781.128,1784.883,5053,16
1313557200,1784.883,1794.188,1784.752,1792.885,9540,16
1313571600,1792.885,1794.863,1782.165,1783.393,13439,16
1313586000,1783.393,1793.402,1779.122,1784.918,25083,16
1313600400,1784.918,1793.745,1784.7,1791.257,9944,16
1313614800,1791.257,1791.32,1784.153,1786.242,2679,14
1313629200,1786.242,1792.862,1786.05,1790.592,3908,16
1313643600,1790.592,1797.006,1790.523,1794.747,7514,16
1313658000,1794.747,1818.612,1793.85,1817.077,20059,16
1313672400,1817.077,1826.846,1811.79,1819.13,43313,16
1313686800,1819.13,1828.929,1815.719,1823.803,18690,16
1313701200,1823.803,1836.761,1821.823,1836.384,6673,15
1313715600,1836.384,1845.097,1831.065,1842.978,12803,16
1313730000,1842.978,1868.926,1841.331,1861.898,31463,16
1313744400,1861.898,1877.895,1841.452,1852.965,52727,16
1313758800,1852.965,1865.332,1837.762,1852.442,55282,16
1313773200,1852.442,1853.542,1845.248,1852.05,19440,16
1313960400,1853.5,1879.017,1853.5,1875.747,12133,13
1313974800,1875.747,1877.241,1864.702,1876.794,16446,16
1313989200,1876.794,1894.995,1876.706,1888.183,20949,16
1314003600,1888.183,1888.752,1858.019,1863.711,32017,16
1314018000,1863.711,1894.13,1861.694,1887.572,52973,16
1314032400,1887.572,1898.873,1883.423,1897.685,20130,16
1314046800,1897.685,1912.277,1896.798,1904.473,13853,14
1314061200,1904.473,1906.012,1892.16,1904.024,20475,16
1314075600,1904.024,1904.688,1871.486,1880.576,29785,16
1314090000,1880.576,1890.837,1870.924,1876.037,28805,16
1314104400,1876.037,1887.964,1849.354,1857.779,67247,16
1314118800,1857.779,1868.591,1823.819,1828.445,55595,16
1314133200,1828.445,1847.126,1828.195,1841.811,13435,15
1314147600,1841.811,1854.192,1841.786,1845.983,17106,16
1314162000,1845.983,1852.03,1839.444,1850.317,19105,16
1314176400,1850.317,1854.075,1830.094,1836.545,26712,16
1314190800,1836.545,1837.962,1761.621,1766.732,96806,16
1314205200,1766.732,1770.944,1750.027,1759.155,60029,16
1314219600,1759.155,1760.672,1741.997,1753.437,20694,16
1314234000,1753.437,1766.806,1732.774,1734.343,24055,16
1314248400,1734.343,1746.418,1724.698,1726.718,37769,16
1314262800,1726.718,1739.035,1703.147,1735.536,63878,16
1314277200,1735.536,1768.444,1704.529,1765.914,108281,16
1314291600,1765.914,1775.258,1754.623,1775.09,43940,16
1314306000,1775.09,1775.165,1761.722,1765.293,10703,15
1314320400,1765.293,1782.752,1757.626,1774.294,18802,16
1314334800,1774.294,1791.924,1765.571,1787.95,28203,16
1314349200,1787.95,1794.864,1764.96,1774.705,38848,16
1314363600,1774.705,1796.05,1764.6,1786.519,106595,16
1314378000,1786.519,1829.15,1784.488,1828.8,40974,16
1314565200,1833.05,1838.15,1809.838,1810.992,14451,14
1314579600,1810.992,1825.767,1806.493,1822.506,13438,16
1314594000,1822.506,1824.276,1811.462,1819.208,12235,16
1314608400,1819.208,1822.861,1811.531,1815.102,14242,16
1314622800,1815.102,1816.087,1779.07,1790.47,47407,16
1314637200,1790.47,1791.919,1776.135,1788.297,18778,16
1314651600,1788.297,1795.818,1785.676,1795.74,5404,15
1314666000,1795.74,1800.887,1791.508,1792.419,7252,16
1314680400,1792.419,1799.264,1783.788,1792.337,9228,16
1314694800,1792.337,1832.103,1788.489,1825.35,24104,16
1314709200,1825.35,1833.698,1814.725,1825.964,40166,16
1314723600,1825.964,1840.717,1822.719,1835.339,22300,16
1314738000,1835.339,1837.363,1826.426,1828.764,5894,14
1314752400,1828.764,1835.042,1827.962,1833.954,5531,16
1314766800,1833.954,1836.875,1823.932,1832.096,11679,16
1314781200,1832.096,1833.864,1820.234,1830.134,16733,16
1314795600,1830.134,1840.077,1811.509,1834.947,42073,16
1314810000,1834.947,1837.268,1822.066,1825.613,16026,16
1314824400,1825.613,1829.108,1824.037,1826.427,3988,15
1314838800,1826.427,1826.819,1819.91,1824.073,7364,16
1314853200,1824.073,1827.397,1814.965,1822.922,9411,16
1314867600,1822.922,1830.837,1815.065,1824.915,13319,16
1314882000,1824.915,1829.88,1813.725,1825.248,29069,16
1314896400,1825.248,1830.897,1819.688,1826.184,7747,16
1314910800,1826.184,1827.122,1824.633,1825.242,1856,14
1314925200,1825.242,1831.035,1824.943,1829.029,3199,16
1314939600,1829.029,1856.064,1827.64,1850.243,14132,16
1314954000,1850.243,1881.306,1850.035,1875.39,23349,16
1314968400,1875.39,1879.952,1870.682,1874.363,28888,16
1314982800,1874.363,1884.864,1871.5,1883.05,9109,16
1315170000,1885.25,1890.495,1877.2,1880.36,5262,13
1315184400,1880.36,1882.735,1874.495,1877.025,7464,16
1315198800,1877.025,1897.596,1875.672,1894.221,13297,16
1315213200,1894.221,1903.573,1883.801,1886.988,15903,16
1315227600,1886.988,1902.495,1884.616,1899.837,10314,16
1315242000,1899.837,1903.175,1899.317,1901.647,569,12
1315256400,1901.647,1903.521,1895.022,1896.558,5148,14
1315270800,1896.558,1913.128,1894.361,1912.742,8392,16
1315285200,1912.742,1921.07,1859.478,1890.273,37784,16
1315299600,1890.273,1899.787,1879.583,1892.492,34944,16
1315314000,1892.492,1908.63,1863.193,1878.218,52825,16
1315328400,1878.218,1882.095,1863.212,1875.31,23404,16
1315342800,1875.31,1896.678,1867.521,1876.698,8074,15
1315357200,1876.698,1880.546,1817.203,1847.106,21458,16
1315371600,1847.106,1854.512,1828.013,1843.835,34061,16
1315386000,1843.835,1846.807,1822.977,1824.652,26667,16
1315400400,1824.652,1829.163,1793.115,1824.023,57154,16
1315414800,1824.023,1824.24,1808.929,1817.676,16824,16
1315429200,1817.676,1831.505,1813.846,1831.505,8175,16
1315443600,1831.505,1843.983,1826.901,1831.734,19614,16
1315458000,1831.734,1845.965,1829.395,1832.094,18039,16
1315472400,1832.094,1861.203,1826.456,1858.492,29142,16
1315486800,1858.492,1865.654,1846.857,1854.647,37357,16
1315501200,1854.647,1870.748,1847.977,1870.251,22663,16
1315515600,1870.251,1870.31,1855.44,1857.613,9468,15
1315530000,1857.613,1863.891,1853.827,1862.268,12330,16
1315544400,1862.268,1886.269,1861.459,1883.506,19279,16
1315558800,1883.506,1883.506,1823.367,1842.503,48075,16
1315573200,1842.503,1868.848,1840.142,1856.678,58298,16
1315587600,1856.678,1861.404,1841.12,1855.5,22260,16
1315774800,1857.0,1862.465,1842.113,1845.126,12254,14
1315789200,1845.126,1858.139,1844.105,1854.787,9193,16
1315803600,1854.787,1857.9,1826.205,1846.833,27315,16
1315818000,1846.833,1855.606,1830.454,1837.471,30496,16
1315832400,1837.471,1840.052,1808.704,1812.993,47141,16
1315846800,1812.993,1818.245,1801.585,1814.846,18677,16
1315861200,1814.846,1826.613,1814.101,1823.432,5914,15
1315875600,1823.432,1835.926,1820.569,1831.65,11223,16
1315890000,1831.65,1832.636,1794.975,1815.452,23670,16
1315904400,1815.452,1832.861,1805.516,1825.625,24119,16
1315918800,1825.625,1830.335,1811.308,1828.835,34895,16
1315933200,1828.835,1844.131,1823.515,1833.601,15478,16
1315947600,1833.601,1840.904,1832.513,1840.904,4587,14
1315962000,1840.904,1844.905,1828.503,1834.297,12212,16
1315976400,1834.297,1836.643,1819.561,1830.63,18455,16
1315990800,1830.63,1836.201,1816.327,1826.915,17471,16
1316005200,1826.915,1828.743,1811.751,1815.901,32862,16
1316019600,1815.901,1824.814,1808.773,1819.799,14825,16
1316034000,1819.799,1826.611,1819.279,1823.575,3408,15
1316048400,1823.575,1825.519,1807.979,1809.7,14337,16
1316062800,1809.7,1816.951,1804.015,1814.835,17641,16
1316077200,1814.835,1815.527,1778.669,1783.264,25710,16
1316091600,1783.264,1800.935,1772.856,1780.896,39010,16
1316106000,1780.896,1791.219,1775.782,1788.595,11299,16
1316120400,1788.595,1791.188,1775.095,1780.487,5723,14
1316134800,1780.487,1782.958,1762.792,1766.673,14756,16
1316149200,1766.673,1780.635,1763.422,1778.665,15675,16
1316163600,1778.665,1793.591,1774.052,1785.775,14999,16
1316178000,1785.775,1821.876,1784.243,1813.917,30796,16
1316192400,1813.917,1817.217,1804.772,1811.65,13729,16
1316379600,1812.65,1828.045,1810.95,1818.157,5395,14
1316394000,1818.157,1827.107,1815.567,1821.922,9555,16
1316408400,1821.922,1827.105,1812.524,1814.511,15791,16
1316422800,1814.511,1822.18,1809.98,1815.695,20617,16
1316437200,1815.695,1815.695,1776.22,1780.852,37705,16
1316451600,1780.852,1782.516,1770.455,1778.795,17620,16
1316466000,1778.795,1785.973,1775.119,1781.602,7644,14
1316480400,1781.602,1784.485,1776.903,1779.791,8114,16
1316494800,1779.791,1796.238,1769.993,1793.187,18127,16
1316509200,1793.187,1795.674,1784.63,1789.351,17545,16
1316523600,1789.351,1811.808,1775.877,1802.841,35672,16
1316538000,1802.841,1807.967,1799.242,1803.625,12473,16
1316552400,1803.625,1804.641,1800.006,1802.943,3435,14
1316566800,1802.943,1814.873,1798.26,1813.94,11408,16
1316581200,1813.94,1816.682,1803.567,1806.037,13010,16
1316595600,1806.037,1813.038,1788.43,1801.206,19462,16
1316610000,1801.206,1809.227,1785.042,1808.696,30919,16
1316624400,1808.696,1815.229,1778.976,1782.26,36984,16
1316638800,1782.26,1786.485,1779.26,1782.237,5910,15
1316653200,1782.237,1783.989,1772.802,1778.37,15137,16
1316667600,1778.37,1778.37,1759.139,1767.101,23302,16
1316682000,1767.101,1767.525,1730.881,1734.576,38717,16
1316696400,1734.576,1749.784,1720.961,1747.301,53279,16
1316710800,1747.301,1747.689,1726.013,1740.15,31069,16
1316725200,1740.15,1747.06,1736.974,1746.587,6247,13
1316739600,1746.587,1755.575,1735.014,1736.107,12803,16
1316754000,1736.107,1749.262,1720.341,1737.804,29827,16
1316768400,1737.804,1738.45,1681.995,1689.404,54028,16
1316782800,1689.404,1702.121,1648.855,1651.332,73883,16
1316797200,1651.332,1658.904,1629.322,1656.85,48727,16
1316984400,1656.85,1663.975,1630.3,1657.667,13318,13
1316998800,1657.667,1660.3,1605.025,1613.962,27924,16
1317013200,1613.962,1626.151,1533.207,1622.228,43491,16
1317027600,1622.228,1637.783,1602.453,1628.142,32352,16
1317042000,1628.142,1629.35,1584.661,1601.332,41081,16
1317056400,1601.332,1631.428,1588.882,1626.98,20176,16
1317070800,1626.98,1631.363,1615.152,1628.614,6087,15
1317085200,1628.614,1648.916,1625.495,1637.52,20440,16
1317099600,1637.52,1666.612,1633.391,1666.612,26203,16
1317114000,1666.612,1677.089,1652.458,1656.319,29351,16
1317128400,1656.319,1667.632,1647.771,1656.704,43182,16
1317142800,1656.704,1658.753,1643.42,1651.01,18864,16
1317157200,1651.01,1653.43,1639.364,1641.698,8015,14
1317171600,1641.698,1647.049,1631.483,1642.891,17022,16
1317186000,1642.891,1669.437,1634.249,1655.572,26982,16
1317200400,1655.572,1661.634,1643.104,1646.473,23801,16
1317214800,1646.473,1657.276,1625.001,1628.496,41924,16
1317229200,1628.496,1628.496,1598.788,1609.215,33235,16
1317243600,1609.215,1611.339,1583.361,1590.837,11484,14
1317258000,1590.837,1621.684,1588.935,1620.009,17419,16
1317272400,1620.009,1635.371,1613.665,1628.071,21170,16
1317286800,1628.071,1629.749,1602.453,1615.859,23581,16
1317301200,1615.859,1630.907,1604.656,1615.99,38203,16
1317315600,1615.99,1624.901,1610.034,1614.712,23349,16
1317330000,1614.712,1625.217,1614.085,1620.273,5092,14
1317344400,1620.273,1640.828,1620.273,1625.27,17878,16
1317358800,1625.27,1634.262,1621.64,1634.262,17412,16
1317373200,1634.262,1634.92,1611.39,1612.14,18298,16
1317387600,1612.14,1632.24,1606.962,1628.904,35014,16
1317402000,1628.904,1630.851,1614.254,1623.813,17186,16
1317589200,1624.325,1632.506,1618.75,1628.475,6323,12
1317603600,1628.475,1636.369,1627.519,1631.356,9753,16
1317618000,1631.356,1657.865,1628.981,1652.304,19920,16
1317632400,1652.304,1664.682,1651.682,1654.565,18653,16
1317646800,1654.565,1659.176,1643.553,1656.18,33561,16
1317661200,1656.18,1659.828,1645.025,1658.577,20522,16
1317675600,1658.577,1672.488,1656.604,1661.504,8708,14
1317690000,1661.504,1668.739,1659.558,1664.809,7896,16
1317704400,1664.809,1678.775,1661.264,1668.833,14950,16
1317718800,1668.833,1673.385,1641.067,1648.757,19415,16
1317733200,1648.757,1654.509,1611.37,1621.33,46708,16
1317747600,1621.33,1623.854,1596.009,1623.854,29004,16
1317762000,1623.854,1634.753,1623.331,1626.021,6134,14
1317776400,1626.021,1630.947,1618.285,1629.141,11260,16
1317790800,1629.141,1630.259,1600.636,1603.981,16995,16
1317805200,1603.981,1628.789,1597.76,1621.627,23568,16
1317819600,1621.627,1642.604,1607.824,1638.556,39770,16
1317834000,1638.556,1647.114,1632.012,1641.063,19832,16
1317848400,1641.063,1644.888,1636.238,1637.391,5246,15
1317862800,1637.391,1648.172,1636.033,1644.357,7341,16
1317877200,1644.357,1654.137,1639.601,1651.081,18471,16
1317891600,1651.081,1655.02,1636.806,1647.259,23210,16
1317906000,1647.259,1650.605,1631.844,1643.419,35482,16
1317920400,1643.419,1655.199,1641.656,1651.368,17613,16
1317934800,1651.368,1653.855,1648.582,1651.856,4142,15
1317949200,1651.856,1666.593,1651.796,1660.866,9582,16
1317963600,1660.866,1663.012,1650.614,1652.827,15955,16
1317978000,1652.827,1664.639,1646.259,1655.016,23267,16
1317992400,1655.016,1660.102,1628.674,1633.172,39938,16
1318006800,1633.172,1640.927,1626.278,1638.1,16474,16
1318194000,1638.85,1648.023,1638.34,1647.779,2613,12
1318208400,1647.779,1654.048,1647.645,1651.882,8758,16
1318222800,1651.882,1662.29,1650.151,1660.997,13922,16
1318237200,1660.997,1671.437,1657.812,1663.314,16219,16
1318251600,1663.314,1675.088,1656.476,1668.375,23382,16
1318266000,1668.375,1677.844,1667.255,1676.82,8517,16
1318280400,1676.82,1683.578,1671.215,1677.392,4667,14
1318294800,1677.392,1684.824,1675.401,1680.232,7558,16
1318309200,1680.232,1682.161,1653.932,1657.927,15919,16
1318323600,1657.927,1665.533,1656.25,1659.669,17072,16
1318338000,1659.669,1669.845,1657.238,1663.214,22367,16
1318352400,1663.214,1668.836,1656.842,1662.293,11784,16
1318366800,1662.293,1666.81,1659.835,1665.457,4901,16
1318381200,1665.457,1670.224,1662.322,1666.205,9024,16
1318395600,1666.205,1682.231,1665.474,1678.514,12084,16
1318410000,1678.514,1692.337,1678.25,1686.143,17159,16
1318424400,1686.143,1686.642,1671.81,1679.316,22952,16
1318438800,1679.316,1682.821,1675.858,1676.17,11751,16
1318453200,1676.17,1683.876,1674.951,1682.992,4337,16
1318467600,1682.992,1684.581,1675.904,1677.861,8907,16
1318482000,1677.861,1679.634,1669.749,1674.394,15301,16
1318496400,1674.394,1677.38,1663.167,1666.619,20328,16
1318510800,1666.619,1668.431,1652.998,1662.414,26592,16
1318525200,1662.414,1669.713,1660.62,1668.05,9715,16
1318539600,1668.05,1668.993,1661.305,1661.933,3481,15
1318554000,1661.933,1667.405,1661.933,1665.303,5819,16
1318568400,1665.303,1679.49,1664.835,1677.859,12838,16
1318582800,1677.859,1683.268,1672.021,1676.758,11794,16
1318597200,1676.758,1683.934,1667.241,1678.81,19065,16
1318611600,1678.81,1683.553,1678.802,1680.833,6081,16
1318798800,1680.05,1684.319,1677.534,1680.601,2789,14
1318813200,1680.601,1684.915,1676.458,1682.835,7217,16
1318827600,1682.835,1694.76,1677.791,1693.615,10367,16
1318842000,1693.615,1695.16,1680.805,1682.848,11864,16
1318856400,1682.848,1686.865,1665.783,1670.212,23118,16
1318870800,1670.212,1675.73,1664.937,1670.861,12832,16
1318885200,1670.861,1676.448,1670.061,1676.411,3392,15
1318899600,1676.411,1676.976,1670.644,1671.649,7195,16
1318914000,1671.649,1672.537,1658.537,1660.007,13401,16
1318928400,1660.007,1661.466,1635.597,1641.008,26249,16
1318942800,1641.008,1657.52,1627.064,1654.322,35956,16
1318957200,1654.322,1665.189,1650.422,1657.918,17712,16
1318971600,1657.918,1660.212,1652.0,1660.174,3809,16
1318986000,1660.174,1665.38,1658.971,1659.576,7838,16
1319000400,1659.576,1663.119,1643.961,1647.047,13271,16
1319014800,1647.047,1657.585,1646.19,1654.051,14923,16
1319029200,1654.051,1661.285,1641.386,1646.175,25009,16
1319043600,1646.175,1647.374,1639.861,1640.686,13573,16
1319058000,1640.686,1645.031,1629.733,1630.598,6592,16
1319072400,1630.598,1632.054,1618.127,1619.376,15471,16
1319086800,1619.376,1627.32,1607.744,1621.439,24529,16
1319101200,1621.439,1630.45,1615.519,1620.852,20523,16
1319115600,1620.852,1627.89,1603.958,1611.066,38998,16
1319130000,1611.066,1622.298,1608.666,1620.777,20833,16
1319144400,1620.777,1620.841,1611.853,1619.004,5435,15
1319158800,1619.004,1629.73,1619.004,1623.826,11394,16
1319173200,1623.826,1630.551,1619.341,1621.53,13105,16
1319187600,1621.53,1645.9,1619.989,1643.229,20647,16
1319202000,1643.229,1648.672,1634.249,1636.76,25607,16
1319216400,1636.76,1642.179,1633.423,1641.765,9362,16
1319403600,1641.6,1646.048,1637.284,1639.709,4153,15
1319418000,1639.709,1647.327,1635.632,1646.403,6925,16
1319432400,1646.403,1657.564,1644.186,1648.138,11771,16
1319446800,1648.138,1662.052,1646.778,1657.837,12897,16
1319461200,1657.837,1660.101,1646.849,1650.036,22291,16
1319475600,1650.036,1656.997,1648.734,1653.734,10535,16
1319490000,1653.734,1655.829,1643.939,1651.934,4690,16
1319504400,1651.934,1658.66,1649.442,1656.51,8064,16
1319518800,1656.51,1663.787,1653.792,1658.213,12805,16
1319533200,1658.213,1664.177,1654.156,1656.519,14770,16
1319547600,1656.519,1703.472,1648.706,1697.226,40375,16
1319562000,1697.226,1709.054,1697.05,1705.224,14332,16
1319576400,1705.224,1709.825,1695.33,1707.822,6302,15
1319590800,1707.822,1716.003,1707.771,1713.921,7791,16
1319605200,1713.921,1720.144,1711.257,1714.97,14968,16
1319619600,1714.97,1717.487,1702.259,1712.352,16467,16
1319634000,1712.352,1725.893,1710.235,1724.877,29010,16
1319648400,1724.877,1726.74,1717.944,1724.926,11028,16
1319662800,1724.926,1726.884,1716.948,1723.908,4666,14
1319677200,1723.908,1728.519,1719.472,1722.053,9215,16
1319691600,1722.053,1724.862,1707.448,1709.087,10968,16
1319706000,1709.087,1729.524,1706.224,1718.465,17700,16
1319720400,1718.465,1747.171,1713.821,1741.858,29952,16
1319734800,1741.858,1750.092,1741.585,1744.747,13261,16
1319749200,1744.747,1751.137,1741.249,1750.722,4514,15
1319763600,1750.722,1752.728,1740.383,1744.768,7578,16
1319778000,1744.768,1747.517,1734.892,1738.343,10625,16
1319792400,1738.343,1741.275,1732.408,1739.23,15419,16
1319806800,1739.23,1746.208,1734.557,1742.06,18952,16
1319821200,1742.06,1746.402,1741.135,1744.175,6222,16
1320008400,1743.175,1745.244,1741.146,1742.828,4328,13
1320022800,1742.828,1745.047,1706.47,1712.97,24017,16
1320037200,1712.97,1718.417,1704.567,1715.722,23661,16
1320051600,1715.722,1725.478,1713.461,1721.191,17317,16
1320066000,1721.191,1728.111,1715.783,1720.433,25567,16
1320080400,1720.433,1725.125,1714.923,1714.997,8929,16
1320094800,1714.997,1718.732,1709.98,1718.065,7521,15
1320109200,1718.065,1724.445,1715.159,1718.462,9547,16
1320123600,1718.462,1720.356,1706.975,1709.238,12790,16
1320138000,1709.238,1711.217,1684.97,1690.681,25040,16
1320152400,1690.681,1712.472,1681.408,1706.924,43668,16
1320166800,1706.924,1720.29,1705.288,1719.878,21899,16
1320181200,1719.878,1720.475,1714.536,1718.193,5364,16
1320195600,1718.193,1728.22,1718.193,1722.113,9154,16
1320210000,1722.113,1736.844,1722.081,1732.871,10560,16
1320224400,1732.871,1735.486,1724.357,1728.65,17348,16
1320238800,1728.65,1744.36,1726.604,1730.867,31146,16
1320253200,1730.867,1738.515,1719.482,1738.515,18605,16
1320267600,1738.515,1740.072,1734.307,1735.326,4436,14
1320282000,1735.326,1735.328,1723.06,1730.328,9893,16
1320296400,1730.328,1735.127,1722.886,1732.887,14728,16
1320310800,1732.887,1762.479,1731.313,1761.962,33189,16
1320325200,1761.962,1766.814,1746.293,1764.4,40302,16
1320339600,1764.4,1767.913,1761.589,1763.812,13244,16
1320354000,1763.812,1764.826,1756.97,1757.525,5604,14
1320368400,1757.525,1761.515,1757.19,1759.022,5156,16
1320382800,1759.022,1763.861,1754.662,1755.336,10142,16
1320397200,1755.336,1763.279,1750.486,1760.959,19440,16
1320411600,1760.959,1761.302,1749.089,1754.07,23473,16
1320426000,1754.07,1758.729,1752.736,1754.863,6292,16
1320616800,1754.893,1766.214,1752.883,1764.418,5012,13
1320631200,1764.418,1772.48,1763.36,1771.775,7008,16
1320645600,1771.775,1773.31,1762.015,1764.422,9336,16
1320660000,1764.422,1778.58,1763.232,1776.318,12451,16
1320674400,1776.318,1786.282,1774.768,1785.933,18384,16
1320688800,1785.933,1798.558,1785.303,1795.16,8033,16
1320703200,1795.16,1795.994,1790.551,1792.501,4722,15
1320717600,1792.501,1794.207,1790.612,1793.224,4335,16
1320732000,1793.224,1796.441,1783.921,1795.324,10960,16
1320746400,1795.324,1795.659,1784.103,1790.395,11316,16
1320760800,1790.395,1803.023,1787.044,1800.472,20968,16
1320775200,1800.472,1801.218,1777.089,1786.235,14030,16
1320789600,1786.235,1794.449,1785.752,1793.379,4946,16
1320804000,1793.379,1794.507,1787.623,1790.049,5536,16
1320818400,1790.049,1790.315,1779.522,1782.758,12349,16
1320832800,1782.758,1799.618,1777.929,1799.614,22149,16
1320847200,1799.614,1799.81,1780.904,1790.899,27470,16
1320861600,1790.899,1791.191,1764.195,1769.935,17202,16
1320876000,1769.935,1773.528,1765.837,1767.949,6725,14
1320890400,1767.949,1768.214,1754.489,1760.37,9860,16
1320904800,1760.37,1771.816,1754.014,1768.546,15555,16
1320919200,1768.546,1775.631,1761.682,1774.248,16707,16
1320933600,1774.248,1774.907,1735.97,1753.926,31806,16
1320948000,1753.926,1762.762,1753.543,1758.393,11864,16
1320962400,1758.393,1765.148,1745.773,1762.99,8808,15
1320976800,1762.99,1769.15,1761.833,1767.304,9107,16
1320991200,1767.304,1770.176,1761.45,1764.173,10099,16
1321005600,1764.173,1773.287,1761.005,1765.023,12247,16
1321020000,1765.023,1788.088,1763.555,1787.084,19050,16
1321034400,1787.084,1789.505,1783.991,1788.551,5030,16
1321221600,1788.35,1796.331,1787.865,1791.497,5691,12
1321236000,1791.497,1795.285,1791.191,1793.049,6949,16
1321250400,1793.049,1793.477,1778.245,1781.532,10776,16
1321264800,1781.532,1784.483,1773.901,1781.783,16487,16
1321279200,1781.783,1786.787,1775.664,1776.724,17698,16
1321293600,1776.724,1783.18,1774.343,1780.424,7646,16
1321308000,1780.424,1782.986,1779.101,1780.263,4443,15
1321322400,1780.263,1781.251,1766.335,1772.441,8918,16
1321336800,1772.441,1772.546,1760.407,1764.711,11470,16
1321351200,1764.711,1774.417,1761.194,1770.351,12156,16
1321365600,1770.351,1786.355,1767.014,1781.669,23073,16
1321380000,1781.669,1784.766,1776.659,1780.84,7829,16
1321394400,1780.84,1783.723,1769.075,1773.814,5421,15
1321408800,1773.814,1775.648,1763.504,1763.901,10003,16
1321423200,1763.901,1775.941,1762.568,1775.568,11632,16
1321437600,1775.568,1779.492,1767.961,1770.967,15184,16
1321452000,1770.967,1775.894,1753.481,1768.845,29622,16
1321466400,1768.845,1777.673,1759.995,1763.4,13386,16
1321480800,1763.4,1765.122,1757.642,1760.039,7878,14
1321495200,1760.039,1767.122,1757.771,1765.062,8431,16
1321509600,1765.062,1766.959,1757.547,1760.095,11726,16
1321524000,1760.095,1760.572,1740.046,1746.305,22902,16
1321538400,1746.305,1750.399,1710.627,1720.583,39779,16
1321552800,1720.583,1724.283,1711.522,1721.517,17828,16
1321567200,1721.517,1725.375,1711.129,1718.32,8277,15
1321581600,1718.32,1726.319,1716.484,1723.754,9431,16
1321596000,1723.754,1730.705,1720.176,1729.104,11293,16
1321610400,1729.104,1737.763,1722.853,1723.125,17843,16
1321624800,1723.125,1733.31,1712.696,1719.02,31243,16
1321639200,1719.02,1728.011,1714.985,1723.812,12723,16
1321826400,1723.812,1725.904,1712.928,1716.43,6873,13
1321840800,1716.43,1725.137,1715.747,1721.603,6590,16
1321855200,1721.603,1726.597,1711.919,1713.47,11276,16
1321869600,1713.47,1713.47,1698.986,1709.873,15545,16
1321884000,1709.873,1713.772,1670.25,1673.906,26044,16
1321898400,1673.906,1684.654,1666.683,1677.365,11869,16
1321912800,1677.365,1684.863,1670.803,1683.816,6801,16
1321927200,1683.816,1688.179,1675.038,1684.127,8168,16
1321941600,1684.127,1696.218,1681.861,1689.821,11194,16
1321956000,1689.821,1699.915,1686.59,1690.059,11393,16
1321970400,1690.059,1704.841,1689.192,1702.381,18831,16
1321984800,1702.381,1705.694,1698.339,1699.591,5172,16
1321999200,1699.591,1709.814,1695.546,1706.604,5544,15
1322013600,1706.604,1709.29,1704.855,1709.28,5208,16
1322028000,1709.28,1710.165,1691.71,1694.66,10007,16
1322042400,1694.66,1696.274,1684.39,1691.164,13998,16
1322056800,1691.164,1699.863,1677.379,1696.66,18557,16
1322071200,1696.66,1698.576,1686.601,1692.453,7252,16
1322085600,1692.453,1694.931,1687.799,1691.847,4740,14
1322100000,1691.847,1694.746,1688.33,1693.325,4493,16
1322114400,1693.325,1700.734,1692.206,1700.542,4723,16
1322128800,1700.542,1701.981,1695.446,1696.1,4793,16
1322143200,1696.1,1697.269,1691.799,1693.56,4771,16
1322157600,1693.56,1696.46,1692.581,1695.517,598,10
1322172000,1695.517,1696.96,1692.079,1693.564,2602,14
1322186400,1693.564,1695.782,1687.793,1687.924,3368,16
1322200800,1687.924,1688.205,1672.04,1678.565,10869,16
1322215200,1678.565,1682.288,1673.291,1677.108,10826,16
1322229600,1677.108,1698.054,1675.418,1680.014,14603,16
1322244000,1680.014,1683.607,1679.184,1681.145,1183,8
1322431200,1683.395,1708.4,1683.395,1707.36,5073,13
1322445600,1707.36,1708.734,1702.872,1706.074,5047,16
1322460000,1706.074,1719.346,1703.908,1716.312,7594,16
1322474400,1716.312,1720.749,1710.093,1717.45,6829,16
1322488800,1717.45,1719.904,1710.021,1710.937,13338,16
1322503200,1710.937,1714.243,1706.818,1712.569,5822,16
1322517600,1712.569,1712.828,1707.164,1709.016,3781,14
1322532000,1709.016,1713.802,1708.472,1713.087,3158,16
1322546400,1713.087,1714.523,1703.967,1709.039,6702,16
1322560800,1709.039,1718.02,1707.751,1710.283,7022,16
1322575200,1710.283,1717.038,1706.763,1714.431,14577,16
1322589600,1714.431,1720.247,1712.338,1715.565,4099,16
1322604000,1715.565,1726.75,1715.292,1725.722,4072,13
1322618400,1725.722,1726.551,1721.05,1722.088,4238,16
1322632800,1722.088,1722.9,1700.882,1706.573,11406,16
1322647200,1706.573,1745.812,1702.759,1744.47,20378,16
1322661600,1744.47,1750.33,1739.518,1745.734,17215,16
1322676000,1745.734,1749.724,1744.641,1746.439,5621,16
1322690400,1746.439,1750.521,1745.497,1748.284,3218,14
1322704800,1748.284,1749.185,1744.578,1745.676,3841,16
1322719200,1745.676,1752.859,1740.859,1750.505,8111,16
1322733600,1750.505,1754.378,1744.199,1747.559,8675,16
1322748000,1747.559,1753.567,1735.147,1735.967,11665,16
1322762400,1735.967,1745.95,1733.836,1744.763,5371,16
1322776800,1744.763,1746.143,1738.177,1741.008,3271,14
1322791200,1741.008,1745.725,1740.685,1745.702,3131,16
1322805600,1745.702,1751.555,1742.09,1751.34,5703,16
1322820000,1751.34,1763.305,1748.123,1752.592,9828,16
1322834400,1752.592,1756.042,1741.508,1745.533,13292,16
1322848800,1745.533,1749.255,1744.575,1746.4,4252,16
1323036000,1746.55,1755.027,1744.126,1746.494,4245,15
1323050400,1746.494,1749.548,1743.556,1744.594,4123,16
1323064800,1744.594,1747.593,1743.563,1745.87,5410,16
1323079200,1745.87,1746.467,1728.673,1733.126,9628,16
1323093600,1733.126,1747.416,1730.001,1732.638,12158,16
1323108000,1732.638,1734.958,1717.948,1722.75,9298,16
1323122400,1722.75,1724.575,1717.892,1718.411,3559,15
1323136800,1718.411,1722.165,1708.798,1713.867,6533,16
1323151200,1713.867,1723.161,1713.008,1721.192,7196,16
1323165600,1721.192,1721.746,1705.659,1707.249,9240,16
1323180000,1707.249,1727.088,1702.293,1724.896,16466,16
1323194400,1724.896,1733.184,1721.763,1728.668,6547,16
1323208800,1728.668,1731.604,1726.311,1730.879,3412,14
1323223200,1730.879,1730.952,1727.822,1729.062,3239,16
1323237600,1729.062,1733.15,1727.537,1727.654,4503,16
1323252000,1727.654,1737.534,1720.317,1733.465,10959,16
1323266400,1733.465,1739.747,1725.568,1738.787,15208,16
1323280800,1738.787,1742.926,1736.468,1741.993,5463,16
1323295200,1741.993,1743.049,1737.095,1737.582,2916,15
1323309600,1737.582,1739.761,1734.895,1737.103,2942,16
1323324000,1737.103,1740.757,1736.862,1738.934,4871,16
1323338400,1738.934,1756.306,1735.383,1742.07,13134,16
1323352800,1742.07,1742.184,1704.158,1709.274,28170,16
1323367200,1709.274,1712.431,1705.025,1708.372,7715,16
1323381600,1708.372,1715.301,1705.018,1715.301,3590,15
1323396000,1715.301,1716.131,1704.082,1710.494,7819,16
1323410400,1710.494,1713.55,1703.676,1711.157,6723,16
1323424800,1711.157,1724.138,1707.495,1710.74,11950,16
1323439200,1710.74,1720.471,1706.785,1713.227,15937,16
1323453600,1713.227,1716.467,1710.499,1711.326,3740,16
1323640800,1711.326,1714.936,1707.599,1709.402,3211,14
1323655200,1709.402,1710.435,1684.577,1690.82,6446,16
1323669600,1690.82,1692.197,1676.443,1680.388,8655,16
1323684000,1680.388,1683.43,1669.831,1671.392,9635,16
1323698400,1671.392,1672.205,1657.427,1665.047,16452,16
1323712800,1665.047,1667.732,1662.254,1666.513,4887,16
1323727200,1666.513,1668.31,1651.327,1653.773,5266,14
1323741600,1653.773,1659.9,1652.897,1654.102,5111,16
1323756000,1654.102,1664.041,1651.917,1662.138,7741,16
1323770400,1662.138,1669.788,1661.906,1664.883,8131,16
1323784800,1664.883,1678.269,1653.889,1657.664,17710,16
1323799200,1657.664,1660.773,1622.556,1631.365,17490,16
1323813600,1631.365,1638.748,1623.261,1634.822,6523,14
1323828000,1634.822,1641.818,1634.286,1639.676,5190,16
1323842400,1639.676,1641.534,1635.433,1636.391,7443,16
1323856800,1636.391,1638.975,1623.165,1623.776,14024,16
1323871200,1623.776,1623.776,1563.824,1587.613,34934,16
1323885600,1587.613,1590.529,1564.641,1573.966,12511,16
1323900000,1573.966,1581.66,1569.008,1572.808,7167,15
1323914400,1572.808,1577.195,1565.258,1568.899,7548,16
1323928800,1568.899,1587.491,1564.826,1579.033,13105,16
1323943200,1579.033,1594.083,1578.989,1584.081,14649,16
1323957600,1584.081,1593.372,1560.503,1570.929,24002,16
1323972000,1570.929,1576.146,1564.168,1570.466,8629,16
1323986400,1570.466,1583.193,1570.033,1577.423,4080,14
1324000800,1577.423,1589.779,1576.399,1587.091,6315,16
1324015200,1587.091,1595.769,1585.034,1594.345,8406,16
1324029600,1594.345,1601.443,1589.343,1592.487,8887,16
1324044000,1592.487,1597.573,1583.075,1593.33,18568,16
1324058400,1593.33,1599.107,1591.463,1599.012,6213,16
1324245600,1599.012,1605.23,1591.98,1592.568,6018,12
1324260000,1592.568,1594.108,1583.512,1587.62,7319,16
1324274400,1587.62,1597.341,1587.203,1595.357,5997,16
1324288800,1595.357,1608.838,1591.774,1604.773,8097,16
1324303200,1604.773,1605.271,1587.93,1595.189,14985,16
1324317600,1595.189,1600.234,1589.171,1594.346,6518,16
1324332000,1594.346,1601.528,1592.427,1599.759,3595,14
1324346400,1599.759,1600.166,1595.529,1597.824,2934,16
1324360800,1597.824,1606.634,1597.186,1606.104,4293,16
1324375200,1606.104,1613.73,1603.015,1611.647,7391,16
1324389600,1611.647,1618.647,1610.13,1615.574,12303,16
1324404000,1615.574,1617.959,1613.309,1615.539,3117,16
1324418400,1615.539,1625.907,1615.297,1623.941,2525,13
1324432800,1623.941,1628.131,1622.436,1624.76,3092,16
1324447200,1624.76,1635.025,1624.715,1634.691,4497,16
1324461600,1634.691,1641.892,1607.823,1617.572,13409,16
1324476000,1617.572,1620.209,1606.107,1613.934,18093,16
1324490400,1613.934,1618.145,1610.506,1615.167,5250,16
1324504800,1615.167,1615.638,1610.453,1613.597,2705,13
1324519200,1613.597,1613.605,1602.905,1604.65,3978,16
1324533600,1604.65,1616.994,1604.334,1615.155,6133,16
1324548000,1615.155,1615.711,1604.454,1606.908,8519,16
1324562400,1606.908,1612.744,1598.075,1606.511,13536,16
1324576800,1606.511,1609.75,1603.724,1606.176,3273,16
1324591200,1606.176,1611.86,1605.115,1611.78,1986,14
1324605600,1611.78,1614.03,1608.899,1610.361,2610,16
1324620000,1610.361,1613.845,1609.21,1612.041,3283,16
1324634400,1612.041,1612.344,1604.926,1608.56,4538,16
1324648800,1608.56,1609.532,1602.78,1605.738,5276,16
1324663200,1605.738,1607.783,1603.423,1607.032,1420,16
1324850400,1607.032,1614.032,1607.032,1608.932,24,2
1324864800,1608.932,1608.932,1598.522,1602.522,95,9
1324879200,1602.522,1606.05,1601.55,1606.05,19,3
1324922400,1606.05,1606.05,1602.05,1602.05,4,2
1324936800,1602.05,1607.63,1594.74,1595.503,3830,14
1324951200,1595.503,1597.536,1591.493,1596.269,3454,16
1324965600,1596.269,1600.826,1595.648,1599.876,1957,16
1324980000,1599.876,1599.876,1592.492,1594.616,3123,16
1324994400,1594.616,1599.826,1589.907,1590.502,5859,16
1325008800,1590.502,1594.928,1589.751,1593.071,1930,16
1325023200,1593.071,1593.218,1586.44,1587.965,2563,13
1325037600,1587.965,1589.886,1586.909,1588.812,2196,16
1325052000,1588.812,1589.747,1581.767,1582.638,3623,16
1325066400,1582.638,1593.048,1581.989,1591.123,5122,16
1325080800,1591.123,1591.764,1556.472,1562.769,15905,16
1325095200,1562.769,1564.957,1549.812,1556.887,7493,16
1325109600,1556.887,1561.58,1549.846,1554.94,5142,13
1325124000,1554.94,1557.891,1552.614,1553.658,3089,16
1325138400,1553.658,1556.217,1544.05,1549.755,7303,16
1325152800,1549.755,1550.108,1522.764,1534.777,13290,16
1325167200,1534.777,1538.379,1525.425,1534.696,14667,16
1325181600,1534.696,1550.477,1534.429,1545.817,7286,16
1325196000,1545.817,1559.804,1545.817,1558.711,3805,13
1325210400,1558.711,1559.531,1551.72,1555.277,3044,16
1325224800,1555.277,1563.245,1553.661,1561.49,5871,16
1325239200,1561.49,1574.072,1560.929,1564.873,8792,16
1325253600,1564.873,1581.625,1561.584,1576.186,10306,16
1325268000,1576.186,1577.288,1562.099,1565.025,3905,16
1325541600,1565.025,1577.999,1565.025,1577.662,2895,13
1325556000,1577.662,1587.513,1574.404,1583.904,3861,16
1325570400,1583.904,1592.439,1582.798,1589.457,4909,16
1325584800,1589.457,1597.692,1585.913,1590.497,8178,16
1325599200,1590.497,1607.436,1588.708,1599.048,12121,16
1325613600,1599.048,1606.301,1598.044,1604.019,5174,16
1325628000,1604.019,1608.661,1597.128,1600.16,4253,14
1325642400,1600.16,1602.689,1592.969,1598.474,4875,16
1325656800,1598.474,1613.554,1597.802,1607.372,6494,16
1325671200,1607.372,1608.574,1593.531,1595.17,10242,16
1325685600,1595.17,1616.902,1594.523,1616.577,16957,16
1325700000,1616.577,1618.723,1610.108,1612.027,5598,16
1325714400,1612.027,1614.43,1609.979,1613.951,3083,13
1325728800,1613.951,1621.713,1613.951,1618.883,3375,16
1325743200,1618.883,1625.704,1611.869,1612.982,7473,16
1325757600,1612.982,1616.577,1600.8,1603.873,13068,16
1325772000,1603.873,1617.244,1596.954,1616.926,18133,16
1325786400,1616.926,1624.997,1615.571,1622.715,6581,16
1325800800,1622.715,1623.074,1617.023,1620.48,3745,14
1325815200,1620.48,1627.866,1620.112,1624.003,3969,16
1325829600,1624.003,1628.234,1618.158,1620.557,6414,16
1325844000,1620.557,1627.44,1616.87,1622.233,12140,16
1325858400,1622.233,1631.319,1608.692,1617.104,19758,16
1325872800,1617.104,1619.406,1615.639,1617.566,2901,16
1326060000,1617.566,1617.566,1607.0,1607.58,4510,12
1326074400,1607.58,1612.241,1605.211,1611.097,3767,16
1326088800,1611.097,1623.743,1610.648,1620.273,6736,16
1326103200,1620.273,1621.024,1612.349,1620.091,8959,16
1326117600,1620.091,1622.335,1610.542,1611.865,14415,16
1326132000,1611.865,1612.732,1606.534,1611.348,3828,16
1326146400,1611.348,1616.205,1608.691,1614.885,2843,13
1326160800,1614.885,1621.674,1614.308,1620.247,2439,16
1326175200,1620.247,1627.005,1616.225,1624.527,6121,16
1326189600,1624.527,1639.954,1622.689,1636.451,9563,16
1326204000,1636.451,1640.455,1630.708,1633.088,11492,16
1326218400,1633.088,1634.702,1629.915,1632.629,3921,16
1326232800,1632.629,1636.008,1630.332,1634.297,3425,13
1326247200,1634.297,1638.461,1633.556,1636.798,2806,16
1326261600,1636.798,1647.278,1636.214,1645.358,5565,16
1326276000,1645.358,1645.477,1633.721,1639.04,8860,16
1326290400,1639.04,1645.965,1634.664,1641.321,13860,16
1326304800,1641.321,1643.01,1636.799,1641.938,3804,16
1326319200,1641.938,1644.479,1640.305,1642.769,2613,14
1326333600,1642.769,1646.039,1641.837,1644.875,2718,16
1326348000,1644.875,1650.818,1644.111,1649.618,5127,16
1326362400,1649.618,1658.146,1649.618,1654.88,8833,16
1326376800,1654.88,1662.15,1650.54,1652.902,12782,16
1326391200,1652.902,1653.032,1643.96,1650.068,5003,16
1326405600,1650.068,1650.068,1641.449,1643.57,3165,13
1326420000,1643.57,1645.741,1635.126,1645.254,4165,16
1326434400,1645.254,1649.061,1640.311,1643.752,8184,16
1326448800,1643.752,1644.545,1636.771,1638.87,11669,16
1326463200,1638.87,1641.306,1625.507,1633.7,15146,16
1326477600,1633.7,1640.121,1629.395,1639.5,3902,16
1326664800,1639.5,1639.5,1631.569,1635.55,4470,14
1326679200,1635.55,1642.032,1635.544,1639.978,3246,16
1326693600,1639.978,1646.877,1638.561,1642.675,5540,16
1326708000,1642.675,1647.065,1640.239,1642.953,5500,16
1326722400,1642.953,1645.812,1640.926,1643.799,2510,16
1326736800,1643.799,1644.336,1643.373,1643.705,1756,14
1326751200,1643.705,1653.593,1641.957,1653.146,3735,13
1326765600,1653.146,1659.204,1653.054,1658.25,4035,16
1326780000,1658.25,1667.684,1657.9,1664.713,6344,16
1326794400,1664.713,1666.786,1659.726,1660.032,7350,16
1326808800,1660.032,1662.328,1653.093,1656.421,10238,16
1326823200,1656.421,1657.665,1650.38,1652.342,3592,16
1326837600,1652.342,1656.13,1643.891,1647.683,4712,14
1326852000,1647.683,1658.116,1645.604,1655.358,4262,16
1326866400,1655.358,1659.446,1646.209,1652.453,7347,16
1326880800,1652.453,1658.938,1647.497,1647.654,9876,16
1326895200,1647.654,1662.496,1642.727,1660.227,14981,16
1326909600,1660.227,1662.338,1656.518,1659.845,3662,16
1326924000,1659.845,1663.95,1656.087,1663.148,4293,14
1326938400,1663.148,1666.481,1661.933,1662.566,4085,16
1326952800,1662.566,1670.235,1660.733,1665.433,5976,16
1326967200,1665.433,1665.803,1656.581,1657.794,7250,16
1326981600,1657.794,1661.095,1649.322,1652.601,12346,16
1326996000,1652.601,1658.83,1649.488,1658.586,3398,16
1327010400,1658.586,1658.586,1654.214,1656.076,3293,15
1327024800,1656.076,1658.309,1653.557,1655.767,2932,16
1327039200,1655.767,1659.278,1646.367,1647.181,5883,16
1327053600,1647.181,1652.997,1645.161,1652.337,7625,16
1327068000,1652.337,1666.378,1648.962,1663.472,11548,16
1327082400,1663.472,1666.957,1662.079,1666.523,4078,16
1327269600,1666.493,1668.493,1662.837,1668.426,2535,14
1327284000,1668.426,1673.212,1666.076,1670.657,2568,16
1327298400,1670.657,1674.723,1666.76,1673.735,4862,16
1327312800,1673.735,1677.565,1668.874,1670.442,7955,16
1327327200,1670.442,1681.56,1666.504,1675.314,12246,16
1327341600,1675.314,1678.532,1673.913,1676.825,3971,16
1327356000,1676.825,1679.847,1675.725,1676.677,1934,13
1327370400,1676.677,1678.161,1670.896,1674.811,2690,16
1327384800,1674.811,1677.925,1668.901,1669.508,4868,16
1327399200,1669.508,1671.119,1661.952,1663.6,7766,16
1327413600,1663.6,1670.063,1661.62,1667.263,11485,16
1327428000,1667.263,1668.4,1662.731,1665.566,3365,16
1327442400,1665.566,1668.643,1665.066,1666.117,2189,15
1327456800,1666.117,1667.498,1664.515,1667.042,1569,16
1327471200,1667.042,1670.227,1659.167,1659.731,4209,16
1327485600,1659.731,1661.437,1653.18,1654.971,6571,16
1327500000,1654.971,1691.244,1649.16,1690.029,15462,16
1327514400,1690.029,1713.106,1689.194,1710.613,15427,16
1327528800,1710.613,1713.867,1705.917,1707.727,3209,15
1327543200,1707.727,1713.281,1707.727,1709.591,2604,16
1327557600,1709.591,1714.715,1703.214,1712.887,6944,16
1327572000,1712.887,1730.342,1712.731,1729.369,10058,16
1327586400,1729.369,1730.849,1718.908,1724.748,16069,16
1327600800,1724.748,1728.14,1720.274,1720.935,6078,16
1327615200,1720.935,1723.494,1717.178,1717.87,1941,14
1327629600,1717.87,1724.332,1714.636,1718.689,4165,16
1327644000,1718.689,1725.592,1716.831,1723.326,5358,16
1327658400,1723.326,1726.609,1717.782,1717.986,7592,16
1327672800,1717.986,1735.2,1717.78,1732.891,13056,16
1327687200,1732.891,1739.984,1731.43,1738.683,3516,16
1327874400,1738.683,1739.935,1731.812,1734.094,3282,13
1327888800,1734.094,1736.235,1729.954,1730.969,2822,16
1327903200,1730.969,1731.582,1716.518,1721.369,6176,16
1327917600,1721.369,1728.926,1718.084,1724.609,6646,16
1327932000,1724.609,1733.685,1723.783,1730.851,11832,16
1327946400,1730.851,1731.988,1727.468,1729.828,3872,16
1327960800,1729.828,1736.561,1728.669,1735.961,2617,15
1327975200,1735.961,1737.619,1733.851,1736.6,2701,16
1327989600,1736.6,1745.111,1735.629,1742.616,5033,16
1328004000,1742.616,1746.109,1736.529,1744.705,6804,16
1328018400,1744.705,1747.693,1726.251,1731.006,17116,16
1328032800,1731.006,1741.244,1730.444,1737.721,5968,16
1328047200,1737.721,1740.271,1734.8,1738.083,3600,14
1328061600,1738.083,1740.773,1736.073,1737.78,4034,16
1328076000,1737.78,1748.355,1732.743,1748.236,7253,16
1328090400,1748.236,1751.182,1743.885,1746.131,7092,16
1328104800,1746.131,1750.349,1739.54,1745.319,12985,16
1328119200,1745.319,1747.41,1742.611,1744.365,3910,16
1328133600,1744.365,1752.467,1743.578,1749.829,3010,12
1328148000,1749.829,1750.481,1744.161,1746.526,3695,16
1328162400,1746.526,1753.47,1745.005,1748.22,6648,16
1328176800,1748.22,1749.675,1741.054,1747.618,8504,16
1328191200,1747.618,1761.046,1745.307,1755.252,13173,16
1328205600,1755.252,1761.194,1753.101,1759.455,3725,16
1328220000,1759.455,1760.055,1755.818,1756.722,2402,13
1328234400,1756.722,1758.503,1755.216,1758.172,2298,16
1328248800,1758.172,1763.245,1756.697,1760.817,5739,16
1328263200,1760.817,1762.257,1746.543,1752.235,9775,16
1328277600,1752.235,1755.751,1733.037,1738.924,19979,16
1328292000,1738.924,1740.226,1723.777,1726.235,6650,16
1328479200,1726.235,1735.954,1726.235,1734.643,3204,13
1328493600,1734.643,1738.267,1732.784,1734.877,3854,16
1328508000,1734.877,1734.877,1713.941,1715.475,7686,16
1328522400,1715.475,1722.115,1711.983,1716.132,9033,16
1328536800,1716.132,1725.265,1714.535,1722.445,13867,16
1328551200,1722.445,1723.782,1719.529,1720.167,3319,16
1328565600,1720.167,1724.637,1718.868,1724.242,2126,12
1328580000,1724.242,1724.446,1719.156,1721.633,3209,16
1328594400,1721.633,1729.87,1721.396,1722.937,6042,16
1328608800,1722.937,1724.413,1710.305,1719.48,9564,16
1328623200,1719.48,1747.677,1718.86,1746.519,15972,16
1328637600,1746.519,1749.988,1742.95,1745.337,5908,16
1328652000,1745.337,1749.546,1742.622,1747.715,2751,14
1328666400,1747.715,1749.05,1745.016,1748.568,2217,16
1328680800,1748.568,1752.18,1743.59,1744.792,6610,16
1328695200,1744.792,1748.304,1740.012,1740.38,8259,16
1328709600,1740.38,1748.698,1727.161,1734.345,16703,16
1328724000,1734.345,1734.525,1724.535,1733.738,4840,16
1328738400,1733.738,1733.983,1726.123,1729.509,3379,13
1328752800,1729.509,1736.71,1729.25,1735.368,3660,16
1328767200,1735.368,1739.763,1730.194,1734.87,6194,16
1328781600,1734.87,1739.779,1728.884,1735.174,11078,16
1328796000,1735.174,1752.624,1734.543,1739.48,18850,16
1328810400,1739.48,1740.295,1726.034,1729.323,7796,16
1328824800,1729.323,1734.89,1729.042,1733.218,3830,14
1328839200,1733.218,1733.924,1730.548,1732.754,3095,16
1328853600,1732.754,1733.053,1715.389,1720.695,8291,16
1328868000,1720.695,1723.574,1704.688,1710.936,12752,16
1328882400,1710.936,1724.502,1709.354,1721.743,17008,16
1328896800,1721.743,1724.324,1714.332,1722.096,5093,16
1329084000,1722.096,1728.689,1720.381,1725.022,3836,14
1329098400,1725.022,1730.099,1724.94,1727.22,2807,16
1329112800,1727.22,1733.309,1726.577,1729.28,6019,16
1329127200,1729.28,1732.609,1722.323,1722.924,7205,16
1329141600,1722.924,1727.785,1716.239,1723.15,13898,16
1329156000,1723.15,1725.195,1722.004,1722.303,3088,16
1329170400,1722.303,1722.735,1717.767,1719.013,2738,13
1329184800,1719.013,1719.253,1714.936,1716.926,3762,16
1329199200,1716.926,1719.577,1712.759,1718.174,7215,16
1329213600,1718.174,1722.449,1712.269,1718.207,10102,16
1329228000,1718.207,1727.881,1714.422,1715.967,15125,16
1329242400,1715.967,1721.273,1712.785,1720.236,6191,16
1329256800,1720.236,1724.027,1718.706,1721.732,2473,15
1329271200,1721.732,1727.22,1720.863,1727.031,2565,16
1329285600,1727.031,1729.977,1725.869,1727.574,4797,16
1329300000,1727.574,1732.608,1723.891,1731.13,8258,16
1329314400,1731.13,1737.447,1726.995,1727.585,13599,16
1329328800,1727.585,1729.674,1720.609,1728.179,7557,16
1329343200,1728.179,1729.383,1722.099,1724.328,2992,14
1329357600,1724.328,1724.414,1719.81,1720.547,3536,16
1329372000,1720.547,1722.54,1713.961,1717.873,8076,16
1329386400,1717.873,1720.28,1705.393,1708.823,10581,16
1329400800,1708.823,1725.752,1708.342,1722.395,15676,16
1329415200,1722.395,1730.05,1721.42,1728.287,4406,16
1329429600,1728.287,1733.813,1726.881,1732.207,2618,14
1329444000,1732.207,1734.155,1730.865,1733.386,2225,16
1329458400,1733.386,1735.102,1731.009,1732.333,3981,16
1329472800,1732.333,1735.905,1729.803,1733.569,6917,16
1329487200,1733.569,1734.618,1717.262,1721.589,13470,16
1329501600,1721.589,1725.488,1721.142,1723.384,2595,16
1329688800,1724.384,1737.184,1724.384,1736.7,3015,13
1329703200,1736.7,1737.235,1734.248,1735.483,1819,16
1329717600,1735.483,1735.764,1728.695,1732.634,4690,16
1329732000,1732.634,1736.069,1729.021,1734.077,6507,16
1329746400,1734.077,1735.326,1731.967,1734.423,2595,16
1329760800,1734.423,1735.525,1734.034,1735.05,135,13
1329775200,1735.05,1736.506,1730.983,1734.676,2011,14
1329789600,1734.676,1740.193,1732.146,1739.603,3750,16
1329804000,1739.603,1743.243,1738.366,1740.184,5552,16
1329818400,1740.184,1748.589,1736.059,1745.702,8809,16
1329832800,1745.702,1756.757,1744.414,1751.798,11762,16
1329847200,1751.798,1759.993,1751.626,1759.207,4772,16
1329861600,1759.207,1760.093,1754.349,1755.131,2368,13
1329876000,1755.131,1756.993,1754.129,1755.99,1812,16
1329890400,1755.99,1759.7,1752.531,1754.765,4611,16
1329904800,1754.765,1757.49,1749.343,1753.244,7069,16
1329919200,1753.244,1758.241,1750.972,1757.103,12021,16
1329933600,1757.103,1781.831,1757.04,1776.461,8484,16
1329948000,1776.461,1777.12,1773.628,1775.109,1983,14
1329962400,1775.109,1775.323,1772.511,1773.276,1493,16
1329976800,1773.276,1781.023,1772.303,1779.413,5533,16
1329991200,1779.413,1784.938,1774.345,1782.5,6729,16
1330005600,1782.5,1787.441,1772.804,1786.274,14674,16
1330020000,1786.274,1787.37,1776.526,1780.676,6630,16
1330034400,1780.676,1780.676,1777.239,1777.535,2254,14
1330048800,1777.535,1782.211,1776.848,1776.849,2323,16
1330063200,1776.849,1782.884,1774.901,1781.187,4925,16
1330077600,1781.187,1782.478,1775.41,1779.649,7000,16
1330092000,1779.649,1780.604,1772.033,1774.265,13442,16
1330106400,1774.265,1778.258,1770.57,1772.413,4558,16
1330293600,1772.413,1778.4,1771.973,1777.917,2880,14
1330308000,1777.917,1778.393,1773.629,1773.95,1947,16
1330322400,1773.95,1774.885,1766.741,1768.034,5668,16
1330336800,1768.034,1772.442,1761.625,1772.392,8006,16
1330351200,1772.392,1779.448,1768.046,1775.744,12982,16
1330365600,1775.744,1776.025,1766.073,1767.61,4765,16
1330380000,1767.61,1769.562,1765.898,1767.024,2277,14
1330394400,1767.024,1772.138,1766.842,1772.138,1700,16
1330408800,1772.138,1777.233,1771.647,1774.376,3960,16
1330423200,1774.376,1783.212,1774.048,1780.188,7525,16
1330437600,1780.188,1790.214,1776.431,1786.845,15109,16
1330452000,1786.845,1789.146,1780.142,1784.253,5459,16
1330466400,1784.253,1787.767,1784.021,1786.033,1856,13
1330480800,1786.033,1790.516,1785.709,1787.403,2094,16
1330495200,1787.403,1789.243,1783.748,1786.131,3475,16
1330509600,1786.131,1790.792,1779.363,1779.439,9790,16
1330524000,1779.439,1786.42,1708.067,1721.886,39383,16
1330538400,1721.886,1726.861,1688.483,1696.912,22813,16
1330552800,1696.912,1720.721,1694.795,1719.048,5853,14
1330567200,1719.048,1725.225,1717.72,1720.67,4719,16
1330581600,1720.67,1724.465,1713.262,1719.745,9019,16
1330596000,1719.745,1721.664,1702.287,1706.443,15106,16
1330610400,1706.443,1725.312,1705.964,1717.917,25132,16
1330624800,1717.917,1726.175,1714.829,1718.143,9121,16
1330639200,1718.143,1723.145,1717.0,1722.216,2362,14
1330653600,1722.216,1724.39,1718.859,1720.092,2645,16
1330668000,1720.092,1720.886,1712.034,1713.336,5871,16
1330682400,1713.336,1717.954,1705.781,1712.85,8965,16
1330696800,1712.85,1716.969,1705.033,1711.153,19460,16
1330711200,1711.153,1714.645,1707.39,1712.555,7017,16
1330898400,1711.455,1716.872,1710.19,1714.71,3547,13
1330912800,1714.71,1715.343,1711.565,1712.228,2923,16
1330927200,1712.228,1712.487,1694.9,1696.027,6919,16
1330941600,1696.027,1705.663,1695.173,1704.564,8126,16
1330956000,1704.564,1710.639,1694.029,1698.829,16340,16
1330970400,1698.829,1707.806,1696.905,1706.372,6659,16
1330984800,1706.372,1709.011,1702.98,1704.983,2573,15
1330999200,1704.983,1705.892,1700.065,1702.351,2988,16
1331013600,1702.351,1703.229,1690.748,1691.629,6379,16
1331028000,1691.629,1693.083,1678.589,1680.574,13978,16
1331042400,1680.574,1680.616,1663.34,1667.045,25753,16
1331056800,1667.045,1674.898,1665.666,1674.443,8574,16
1331071200,1674.443,1678.44,1672.252,1677.256,3081,14
1331085600,1677.256,1678.711,1674.922,1676.136,2404,16
1331100000,1676.136,1677.484,1671.359,1677.318,5131,16
1331114400,1677.318,1682.957,1676.809,1678.227,7324,16
1331128800,1678.227,1687.216,1672.861,1682.724,15753,16
1331143200,1682.724,1688.268,1681.797,1684.9,5416,16
1331157600,1684.9,1686.734,1683.486,1684.282,2279,14
1331172000,1684.282,1688.833,1683.897,1688.504,2263,16
1331186400,1688.504,1703.882,1686.859,1701.177,6304,16
1331200800,1701.177,1704.015,1693.88,1694.773,8715,16
1331215200,1694.773,1698.749,1689.052,1698.098,12898,16
1331229600,1698.098,1703.944,1695.935,1699.859,4942,16
1331244000,1699.859,1702.074,1698.12,1701.264,1833,14
1331258400,1701.264,1706.917,1701.174,1704.405,2924,16
1331272800,1704.405,1706.231,1697.154,1698.94,5509,16
1331287200,1698.94,1702.208,1680.034,1683.154,11512,16
1331301600,1683.154,1714.273,1676.67,1711.77,21285,16
1331316000,1711.77,1715.307,1710.142,1713.925,3775,16
1331499600,1713.925,1716.809,1709.672,1712.245,2127,13
1331514000,1712.245,1713.256,1704.524,1704.785,3149,16
1331528400,1704.785,1707.116,1702.532,1704.161,4522,16
1331542800,1704.161,1708.33,1694.169,1698.878,7202,16
1331557200,1698.878,1704.216,1692.583,1698.457,19268,16
1331571600,1698.457,1701.755,1697.911,1701.285,8398,16
1331586000,1701.285,1703.149,1698.473,1702.487,1531,15
1331600400,1702.487,1705.826,1701.908,1703.848,2695,16
1331614800,1703.848,1705.49,1696.82,1696.88,5790,16
1331629200,1696.88,1700.486,1685.056,1687.552,8354,16
1331643600,1687.552,1701.614,1683.296,1695.813,15674,16
1331658000,1695.813,1698.114,1662.032,1674.008,18973,16
1331672400,1674.008,1677.628,1673.504,1677.299,2130,14
1331686800,1677.299,1682.489,1674.844,1680.036,3137,16
1331701200,1680.036,1680.742,1663.909,1666.182,7908,16
1331715600,1666.182,1668.741,1639.525,1644.977,13781,16
1331730000,1644.977,1652.692,1641.504,1648.656,17049,16
1331744400,1648.656,1649.971,1634.612,1644.718,9301,16
1331758800,1644.718,1644.718,1636.24,1636.499,1919,16
1331773200,1636.499,1648.396,1636.277,1641.263,4550,16
1331787600,1641.263,1648.986,1641.22,1647.605,7228,16
1331802000,1647.605,1650.435,1639.726,1645.632,9035,16
1331816400,1645.632,1657.984,1639.833,1656.852,15569,16
1331830800,1656.852,1666.694,1655.605,1658.65,6921,16
1331845200,1658.65,1658.832,1655.699,1657.295,1303,14
1331859600,1657.295,1664.132,1656.588,1659.366,3645,16
1331874000,1659.366,1664.864,1651.75,1653.409,7168,16
1331888400,1653.409,1655.084,1639.836,1646.624,10820,16
1331902800,1646.624,1662.399,1643.235,1654.92,13024,16
1331917200,1654.92,1660.577,1654.359,1660.023,3542,16
1332104400,1660.023,1661.669,1657.014,1660.002,1695,14
1332118800,1660.002,1665.015,1658.765,1662.315,3188,16
1332133200,1662.315,1664.009,1653.465,1655.57,4057,16
1332147600,1655.57,1658.839,1652.357,1656.806,5551,16
1332162000,1656.806,1669.913,1654.25,1665.181,12869,16
1332176400,1665.181,1667.786,1661.792,1664.398,4073,16
1332190800,1664.398,1664.763,1662.085,1664.047,1462,15
1332205200,1664.047,1664.379,1655.651,1657.317,2653,16
1332219600,1657.317,1657.514,1648.466,1652.155,4045,16
1332234000,1652.155,1653.193,1641.513,1646.606,8000,16
1332248400,1646.606,1658.042,1645.57,1654.024,12917,16
1332262800,1654.024,1654.475,1644.867,1650.791,6647,16
1332277200,1650.791,1655.009,1648.283,1654.761,1651,14
1332291600,1654.761,1656.702,1651.421,1652.623,3244,16
1332306000,1652.623,1660.204,1649.395,1658.345,3922,16
1332320400,1658.345,1658.577,1646.666,1651.423,7575,16
1332334800,1651.423,1661.933,1648.563,1650.277,13942,16
1332349200,1650.277,1653.714,1648.774,1650.807,4448,16
1332363600,1650.807,1652.711,1649.157,1652.342,1600,16
1332378000,1652.342,1656.536,1647.215,1649.005,4406,16
1332392400,1649.005,1652.635,1638.639,1641.146,6424,16
1332406800,1641.146,1641.909,1632.477,1636.251,9265,16
1332421200,1636.251,1642.648,1628.18,1639.209,15761,16
1332435600,1639.209,1647.325,1636.519,1646.048,5214,16
1332450000,1646.048,1647.642,1643.751,1647.476,1545,15
1332464400,1647.476,1648.986,1644.673,1645.916,3074,16
1332478800,1645.916,1654.925,1642.236,1653.192,5674,16
1332493200,1653.192,1655.293,1646.751,1652.841,7590,16
1332507600,1652.841,1666.449,1652.655,1662.792,15678,16
1332522000,1662.792,1666.515,1661.227,1661.975,2473,16
1332709200,1661.975,1669.667,1661.975,1665.654,1974,14
1332723600,1665.654,1665.701,1660.733,1661.884,3295,16
1332738000,1661.884,1665.778,1655.684,1658.412,4921,16
1332752400,1658.412,1684.205,1656.761,1680.057,10233,16
1332766800,1680.057,1688.251,1677.609,1684.147,10700,16
1332781200,1684.147,1693.659,1684.147,1690.172,4082,16
1332795600,1690.172,1690.906,1687.861,1690.037,1219,15
1332810000,1690.037,1690.037,1686.635,1688.654,2127,16
1332824400,1688.654,1694.174,1687.513,1691.738,3850,16
1332838800,1691.738,1696.262,1684.751,1693.092,6710,16
1332853200,1693.092,1697.248,1681.398,1684.767,11997,16
1332867600,1684.767,1686.685,1679.698,1680.723,3616,16
1332882000,1680.723,1682.139,1678.068,1681.226,1497,15
1332896400,1681.226,1681.647,1676.967,1676.967,2105,16
1332910800,1676.967,1684.605,1673.934,1678.606,5225,16
1332925200,1678.606,1679.742,1671.491,1673.572,6415,16
1332939600,1673.572,1677.788,1662.526,1664.946,13189,16
1332954000,1664.946,1665.358,1654.835,1663.497,5512,16
1332968400,1663.497,1664.994,1660.888,1662.664,1783,15
1332982800,1662.664,1662.743,1658.567,1659.557,1902,16
1332997200,1659.557,1663.967,1656.727,1660.006,4651,16
1333011600,1660.006,1662.46,1654.963,1662.46,6183,16
1333026000,1662.46,1664.058,1645.233,1651.231,13024,16
1333040400,1651.231,1663.043,1650.695,1661.614,4064,16
1333054800,1661.614,1663.278,1660.075,1662.539,1543,13
1333069200,1662.539,1663.818,1660.091,1661.381,2382,16
1333083600,1661.381,1666.786,1660.645,1662.928,4957,16
1333098000,1662.928,1669.967,1660.765,1665.718,5815,16
1333112400,1665.718,1669.327,1659.791,1667.125,9772,16
1333126800,1667.125,1671.126,1664.212,1668.324,3770,16
1333314000,1668.854,1674.757,1668.854,1670.909,1519,14
1333328400,1670.909,1671.327,1667.769,1668.672,2418,16
1333342800,1668.672,1671.281,1663.041,1664.731,4478,16
1333357200,1664.731,1669.899,1663.312,1668.994,4774,16
1333371600,1668.994,1683.574,1665.757,1679.632,10614,16
1333386000,1679.632,1680.143,1675.616,1677.741,3128,16
1333400400,1677.741,1680.081,1676.641,1679.423,1672,15
1333414800,1679.423,1680.707,1677.289,1678.495,1686,16
1333429200,1678.495,1680.247,1674.986,1675.441,3526,16
1333443600,1675.441,1678.889,1671.565,1676.263,5538,16
1333458000,1676.263,1681.15,1667.334,1675.492,11436,16
1333472400,1675.492,1675.787,1639.05,1646.015,15497,16
1333486800,1646.015,1648.165,1644.952,1647.195,1439,15
1333501200,1647.195,1648.093,1640.926,1643.276,3412,16
1333515600,1643.276,1645.184,1630.429,1632.06,6734,16
1333530000,1632.06,1636.261,1618.442,1622.166,10634,16
1333544400,1622.166,1626.948,1613.04,1618.626,15338,16
1333558800,1618.626,1623.37,1612.394,1620.625,5251,16
1333573200,1620.625,1623.947,1620.043,1621.697,1594,15
1333587600,1621.697,1625.662,1621.319,1623.886,2660,16
1333602000,1623.886,1630.306,1623.254,1627.772,4550,16
1333616400,1627.772,1627.852,1620.352,1623.214,6860,16
1333630800,1623.214,1633.67,1623.06,1628.073,10013,16
1333645200,1628.073,1631.515,1626.921,1631.224,3574,16
1333659600,1631.224,1631.85,1627.611,1631.85,241,10
1333674000,1631.85,1632.237,1629.738,1630.462,212,12
1333688400,1630.462,1635.825,1628.875,1631.79,97,12
1333702800,1631.79,1641.698,1631.025,1639.514,95,11
1333717200,1639.514,1639.514,1638.35,1638.459,6,4
1333731600,1638.459,1641.937,1636.5,1640.0,7,5
1333918800,1641.5,1647.27,1638.5,1639.7,3708,14
1333933200,1639.7,1642.151,1635.69,1641.772,2733,16
1333947600,1641.772,1644.903,1640.526,1641.175,2534,16
1333962000,1641.175,1647.613,1639.464,1646.607,3355,16
1333976400,1646.607,1648.841,1636.558,1645.436,8990,16
1333990800,1645.436,1646.192,1640.221,1640.291,3231,16
1334005200,1640.291,1647.634,1640.201,1647.166,1783,14
1334019600,1647.166,1654.698,1645.616,1652.18,3366,16
1334034000,1652.18,1653.98,1644.501,1645.893,4647,16
1334048400,1645.893,1650.315,1641.517,1645.966,5890,16
1334062800,1645.966,1658.338,1632.036,1656.869,15732,16
1334077200,1656.869,1663.105,1654.387,1659.879,7444,16
1334091600,1659.879,1660.223,1655.641,1656.297,1440,14
1334106000,1656.297,1657.293,1653.626,1656.488,2686,16
1334120400,1656.488,1661.066,1654.443,1655.406,5968,16
1334134800,1655.406,1660.107,1653.005,1658.686,6528,16
1334149200,1658.686,1662.684,1655.388,1659.281,11961,16
1334163600,1659.281,1660.213,1655.904,1658.899,3703,16
1334178000,1658.899,1660.62,1658.556,1659.232,2404,14
1334192400,1659.232,1659.614,1656.137,1657.965,2333,16
1334206800,1657.965,1660.342,1655.486,1656.144,4562,16
1334221200,1656.144,1657.261,1650.619,1654.615,6424,16
1334235600,1654.615,1676.65,1652.999,1674.981,11852,16
1334250000,1674.981,1680.22,1674.927,1675.793,3835,16
1334264400,1675.793,1677.066,1674.966,1675.834,1049,13
1334278800,1675.834,1676.475,1671.924,1674.101,2933,16
1334293200,1674.101,1679.443,1670.59,1671.261,5401,16
1334307600,1671.261,1676.447,1667.365,1671.819,6241,16
1334322000,1671.819,1672.827,1662.446,1666.821,13473,16
1334336400,1666.821,1666.821,1649.425,1658.402,6334,16
1334523600,1658.382,1658.732,1649.432,1653.493,2090,14
1334538000,1653.493,1653.752,1644.684,1645.218,2773,16
1334552400,1645.218,1648.498,1641.425,1645.902,5885,16
1334566800,1645.902,1654.161,1645.357,1651.649,5906,16
1334581200,1651.649,1658.102,1644.635,1649.696,13289,16
1334595600,1649.696,1652.562,1647.516,1651.928,4608,16
1334610000,1651.928,1652.91,1650.657,1651.389,1194,13
1334624400,1651.389,1651.463,1647.962,1648.512,2128,16
1334638800,1648.512,1653.653,1645.456,1651.952,4327,16
1334653200,1651.952,1656.791,1651.015,1652.214,5177,16
1334667600,1652.214,1657.529,1634.646,1652.024,15234,16
1334682000,1652.024,1652.22,1649.431,1649.641,3114,16
1334696400,1649.641,1651.569,1649.351,1650.279,1007,14
1334710800,1650.279,1653.489,1649.801,1652.205,1926,16
1334725200,1652.205,1654.498,1646.929,1647.297,4411,16
1334739600,1647.297,1648.983,1638.4,1639.244,5759,16
1334754000,1639.244,1648.877,1637.975,1639.626,11949,16
1334768400,1639.626,1642.172,1638.101,1642.172,3437,16
1334782800,1642.172,1642.96,1640.877,1641.879,1056,15
1334797200,1641.879,1642.402,1636.947,1638.153,2027,16
1334811600,1638.153,1646.972,1637.622,1643.167,5184,16
1334826000,1643.167,1644.382,1631.221,1636.199,8384,16
1334840400,1636.199,1653.944,1635.956,1639.752,15266,16
1334854800,1639.752,1643.262,1638.625,1642.796,4785,16
1334869200,1642.796,1643.239,1640.721,1641.496,1119,15
1334883600,1641.496,1644.852,1640.888,1643.946,1415,16
1334898000,1643.946,1646.848,1640.56,1641.224,4160,16
1334912400,1641.224,1647.336,1640.162,1642.706,5692,16
1334926800,1642.706,1646.623,1638.656,1642.976,10237,16
1334941200,1642.976,1643.81,1640.541,1643.055,1901,16
1335128400,1642.677,1643.4,1640.122,1640.902,984,14
1335142800,1640.902,1643.304,1640.524,1642.272,1461,16
1335157200,1642.272,1642.668,1632.015,1633.274,4636,16
1335171600,1633.274,1634.752,1623.37,1627.874,6580,16
1335186000,1627.874,1633.339,1625.35,1632.301,10875,16
1335200400,1632.301,1639.251,1630.719,1638.817,3612,16
1335214800,1638.817,1638.817,1636.389,1637.764,952,15
1335229200,1637.764,1638.723,1635.32,1636.403,1770,16
1335243600,1636.403,1640.532,1634.151,1636.833,3919,16
1335258000,1636.833,1644.232,1636.687,1642.55,4913,16
1335272400,1642.55,1649.419,1640.795,1641.39,8424,16
1335286800,1641.39,1644.221,1640.691,1642.141,2179,16
1335301200,1642.141,1643.172,1641.039,1642.764,703,15
1335315600,1642.764,1643.022,1640.891,1642.018,1121,16
1335330000,1642.018,1644.566,1641.173,1642.728,2769,16
1335344400,1642.728,1643.724,1636.717,1640.04,5145,16
1335358800,1640.04,1644.877,1624.945,1633.511,13451,16
1335373200,1633.511,1646.728,1632.639,1643.841,11815,16
1335387600,1643.841,1644.973,1641.999,1643.807,1482,15
1335402000,1643.807,1648.502,1643.396,1646.464,1711,16
1335416400,1646.464,1653.291,1645.86,1649.026,4209,16
1335430800,1649.026,1655.116,1646.21,1653.697,5588,16
1335445200,1653.697,1661.188,1648.677,1658.117,8412,16
1335459600,1658.117,1660.84,1655.819,1657.399,2881,16
1335474000,1657.399,1658.111,1654.933,1657.301,1030,15
1335488400,1657.301,1658.053,1654.61,1656.386,2146,16
1335502800,1656.386,1656.951,1650.708,1655.59,4498,16
1335517200,1655.59,1664.916,1653.222,1663.205,5900,16
1335531600,1663.205,1667.781,1660.994,1664.9,7924,16
1335546000,1664.9,1664.948,1662.181,1662.988,1276,16
1335733200,1662.988,1665.116,1662.779,1663.629,603,12
1335747600,1663.629,1664.93,1663.395,1664.515,590,16
1335762000,1664.515,1665.844,1661.038,1663.727,3115,16
1335776400,1663.727,1664.09,1646.133,1653.064,5973,16
1335790800,1653.064,1664.988,1650.642,1663.854,8771,16
1335805200,1663.854,1666.269,1661.202,1664.889,2392,16
1335819600,1664.889,1668.027,1663.102,1665.745,1245,15
1335834000,1665.745,1666.93,1664.676,1665.919,1178,16
1335848400,1665.919,1666.362,1661.577,1662.223,2184,16
1335862800,1662.223,1671.62,1659.236,1669.032,3766,16
1335877200,1669.032,1670.014,1657.144,1662.981,7249,16
1335891600,1662.981,1664.03,1659.597,1662.404,2010,16
1335906000,1662.404,1663.241,1661.06,1661.115,764,14
1335920400,1661.115,1661.115,1658.161,1659.452,1711,16
1335934800,1659.452,1659.854,1651.972,1654.207,5000,16
1335949200,1654.207,1660.011,1648.684,1653.91,6970,16
1335963600,1653.91,1656.149,1646.164,1653.469,9715,16
1335978000,1653.469,1655.754,1652.268,1653.563,2012,16
1335992400,1653.563,1653.754,1651.372,1653.071,610,15
1336006800,1653.071,1653.435,1647.529,1648.685,1948,16
1336021200,1648.685,1649.393,1641.409,1644.95,4570,16
1336035600,1644.95,1647.357,1636.567,1640.353,6923,16
1336050000,1640.353,1641.768,1632.637,1634.519,12109,16
1336064400,1634.519,1637.51,1631.17,1636.061,3443,16
1336078800,1636.061,1636.952,1634.875,1636.458,749,15
1336093200,1636.458,1637.534,1634.198,1634.324,1292,16
1336107600,1634.324,1635.575,1626.691,1628.543,4566,16
1336122000,1628.543,1641.788,1627.897,1636.27,8318,16
1336136400,1636.27,1647.513,1633.201,1641.494,13087,16
1336150800,1641.494,1645.081,1641.405,1642.366,2272,16
1336338000,1642.366,1642.366,1635.89,1640.214,2642,16
1336352400,1640.214,1640.409,1634.559,1638.073,2110,16
1336366800,1638.073,1640.739,1637.47,1639.193,3448,16
1336381200,1639.193,1642.626,1635.491,1637.288,4562,16
1336395600,1637.288,1641.436,1632.135,1639.894,7920,16
1336410000,1639.894,1639.956,1636.278,1638.482,2278,16
1336424400,1638.482,1639.209,1637.353,1637.733,1224,15
1336438800,1637.733,1638.462,1636.428,1636.476,846,16
1336453200,1636.476,1637.988,1625.571,1627.947,5647,16
1336467600,1627.947,1630.131,1613.052,1615.27,8205,16
1336482000,1615.27,1615.417,1595.479,1602.894,15649,16
1336496400,1602.894,1608.809,1601.976,1605.575,3521,16
1336510800,1605.575,1606.578,1599.228,1602.297,2088,15
1336525200,1602.297,1602.969,1587.21,1590.782,5545,16
1336539600,1590.782,1596.179,1584.028,1584.371,7161,16
1336554000,1584.371,1588.643,1579.594,1586.216,10327,16
1336568400,1586.216,1595.864,1582.052,1590.251,13401,16
1336582800,1590.251,1595.987,1589.389,1589.575,4921,16
1336597200,1589.575,1593.978,1588.462,1593.799,1653,15
1336611600,1593.799,1595.491,1591.196,1594.878,2860,16
1336626000,1594.878,1596.967,1590.24,1590.568,4300,16
1336640400,1590.568,1594.736,1585.844,1592.5,7172,16
1336654800,1592.5,1602.045,1591.736,1595.96,10115,16
1336669200,1595.96,1597.393,1593.749,1594.099,2473,16
1336683600,1594.099,1595.189,1591.271,1592.857,1287,15
1336698000,1592.857,1592.857,1584.615,1586.021,3415,16
1336712400,1586.021,1587.402,1573.622,1578.189,6416,16
1336726800,1578.189,1586.452,1577.496,1582.971,6153,16
1336741200,1582.971,1590.81,1578.555,1586.533,10415,16
1336755600,1586.533,1587.335,1579.396,1579.481,2620,16
1336942800,1580.3,1584.943,1578.45,1584.714,2670,12
1336957200,1584.714,1585.857,1580.547,1580.712,2229,16
1336971600,1580.712,1582.111,1561.878,1561.878,5433,16
1336986000,1561.878,1565.148,1556.842,1559.591,7517,16
1337000400,1559.591,1565.664,1556.234,1561.256,11206,16
1337014800,1561.256,1564.805,1556.317,1556.655,3717,16
1337029200,1556.655,1559.643,1555.914,1557.172,1360,14
1337043600,1557.172,1557.644,1553.002,1554.176,2669,16
1337058000,1554.176,1560.392,1548.063,1557.135,4593,16
1337072400,1557.135,1564.389,1556.433,1558.569,5682,16
1337086800,1558.569,1559.894,1550.089,1558.971,11488,16
1337101200,1558.971,1559.318,1541.657,1544.028,5548,16
1337115600,1544.028,1545.479,1538.926,1540.737,2113,15
1337130000,1540.737,1544.021,1533.03,1536.353,3794,16
1337144400,1536.353,1538.877,1527.117,1536.737,7250,16
1337158800,1536.737,1542.585,1533.599,1540.069,10442,16
1337173200,1540.069,1552.296,1534.811,1542.422,21584,16
1337187600,1542.422,1544.228,1530.906,1539.603,13583,16
1337202000,1539.603,1547.342,1538.8,1546.662,1990,15
1337216400,1546.662,1549.567,1544.146,1547.822,3335,16
1337230800,1547.822,1553.934,1545.864,1549.836,6749,16
1337245200,1549.836,1558.091,1545.832,1556.169,12437,16
1337259600,1556.169,1579.984,1549.12,1576.343,25154,16
1337274000,1576.343,1578.992,1572.097,1574.177,6129,16
1337288400,1574.177,1576.413,1573.75,1575.422,1955,15
1337302800,1575.422,1576.683,1572.79,1574.225,3653,16
1337317200,1574.225,1589.728,1568.115,1587.659,10784,16
1337331600,1587.659,1594.34,1584.526,1589.003,10604,16
1337346000,1589.003,1597.585,1586.072,1587.048,20418,16
1337360400,1587.048,1594.213,1586.78,1593.139,6155,16
1337547600,1593.489,1597.671,1591.285,1593.962,3021,15
1337562000,1593.962,1599.234,1593.917,1597.56,3461,16
1337576400,1597.56,1598.915,1591.649,1591.99,5881,16
1337590800,1591.99,1593.992,1586.694,1589.418,8647,16
1337605200,1589.418,1595.983,1584.997,1591.73,14968,16
1337619600,1591.73,1594.832,1587.574,1593.215,3992,16
1337634000,1593.215,1594.543,1592.307,1592.517,1196,15
1337648400,1592.517,1592.98,1588.807,1589.004,2135,16
1337662800,1589.004,1591.07,1576.858,1578.284,4388,16
1337677200,1578.284,1582.327,1573.247,1578.979,8179,16
1337691600,1578.979,1590.721,1577.845,1582.511,16788,16
1337706000,1582.511,1583.099,1561.644,1568.548,9279,16
1337720400,1568.548,1568.919,1556.192,1557.583,3577,15
1337734800,1557.583,1562.82,1556.637,1560.278,4956,16
1337749200,1560.278,1562.699,1551.894,1555.33,8985,16
1337763600,1555.33,1563.137,1554.345,1562.265,10816,16
1337778000,1562.265,1564.664,1533.557,1544.43,28560,16
1337792400,1544.43,1563.994,1543.107,1561.52,11358,16
1337806800,1561.52,1563.615,1558.315,1559.138,3400,16
1337821200,1559.138,1563.106,1557.193,1557.482,4016,16
1337835600,1557.482,1562.567,1552.492,1555.42,9141,16
1337850000,1555.42,1576.369,1555.42,1575.863,13874,16
1337864400,1575.863,1578.023,1563.874,1564.156,20290,16
1337878800,1564.156,1566.113,1551.676,1559.229,7453,16
1337893200,1559.229,1559.723,1555.086,1558.174,3165,15
1337907600,1558.174,1558.186,1551.42,1553.115,4353,16
1337922000,1553.115,1567.304,1552.913,1563.36,9005,16
1337936400,1563.36,1564.923,1557.678,1563.283,10511,16
1337950800,1563.283,1570.287,1562.195,1566.563,16881,16
1337965200,1566.563,1574.298,1565.723,1572.913,3542,16
1338152400,1573.913,1576.836,1571.569,1574.141,1943,16
1338166800,1574.141,1578.135,1572.947,1577.555,3181,16
1338181200,1577.555,1583.452,1576.775,1579.467,4999,16
1338195600,1579.467,1582.718,1576.193,1577.249,5543,16
1338210000,1577.249,1578.175,1572.702,1574.579,4474,16
1338224400,1574.579,1575.937,1573.913,1575.588,850,13
1338238800,1575.588,1579.199,1571.4,1573.763,2472,16
1338253200,1573.763,1576.968,1572.873,1574.142,3690,16
1338267600,1574.142,1579.375,1573.722,1575.295,6823,16
1338282000,1575.295,1577.12,1571.811,1576.543,8481,16
1338296400,1576.543,1582.792,1551.91,1558.194,21657,16
1338310800,1558.194,1559.942,1548.549,1555.255,6762,16
1338325200,1555.255,1555.505,1552.218,1553.648,2112,15
1338339600,1553.648,1554.708,1545.425,1548.16,4414,16
1338354000,1548.16,1551.682,1546.005,1547.971,7063,16
1338368400,1547.971,1556.85,1546.43,1548.874,12417,16
1338382800,1548.874,1565.994,1532.244,1564.873,26982,16
1338397200,1564.873,1569.579,1562.788,1563.175,7737,16
1338411600,1563.175,1564.441,1560.257,1562.896,3006,15
1338426000,1562.896,1564.009,1559.259,1561.805,3346,16
1338440400,1561.805,1566.719,1559.665,1565.717,8400,16
1338454800,1565.717,1571.214,1558.945,1566.475,10640,16
1338469200,1566.475,1573.236,1552.344,1566.878,25100,16
1338483600,1566.878,1570.638,1560.05,1560.508,7501,16
1338498000,1560.508,1561.624,1554.055,1554.055,3240,15
1338512400,1554.055,1557.843,1551.455,1557.619,4300,16
1338526800,1557.619,1560.615,1551.954,1552.399,8080,16
1338541200,1552.399,1589.616,1545.293,1581.692,18864,16
1338555600,1581.692,1617.88,1581.563,1616.65,26743,16
1338570000,1616.65,1630.165,1616.65,1624.251,11072,16
1338757200,1625.001,1627.43,1616.044,1617.409,4628,13
1338771600,1617.409,1622.378,1614.957,1620.884,5171,16
1338786000,1620.884,1628.184,1614.885,1617.346,8902,16
1338800400,1617.346,1625.689,1614.777,1619.468,11099,16
1338814800,1619.468,1621.968,1608.87,1611.506,21296,16
1338829200,1611.506,1620.942,1610.209,1618.855,6169,16
1338843600,1618.855,1621.065,1617.555,1619.973,2609,15
1338858000,1619.973,1623.663,1618.168,1620.057,3674,16
1338872400,1620.057,1620.077,1612.86,1615.175,7283,16
1338886800,1615.175,1622.542,1614.518,1617.585,10636,16
1338901200,1617.585,1620.268,1612.064,1618.861,19478,16
1338915600,1618.861,1619.001,1615.22,1617.008,4855,16
1338930000,1617.008,1624.855,1615.53,1624.369,2889,15
1338944400,1624.369,1628.876,1624.302,1625.983,4578,16
1338958800,1625.983,1637.451,1622.843,1634.099,9687,16
1338973200,1634.099,1640.938,1632.447,1633.714,13169,16
1338987600,1633.714,1640.14,1633.116,1634.575,16963,16
1339002000,1634.575,1634.901,1613.802,1619.246,13313,16
1339016400,1619.246,1626.002,1618.981,1623.605,1740,15
1339030800,1623.605,1623.605,1618.133,1621.775,3954,16
1339045200,1621.775,1624.656,1619.198,1621.04,6609,16
1339059600,1621.04,1629.303,1613.013,1623.123,15257,16
1339074000,1623.123,1627.144,1578.722,1592.923,41546,16
1339088400,1592.923,1593.723,1585.416,1589.455,7782,16
1339102800,1589.455,1592.378,1584.909,1586.693,2951,15
1339117200,1586.693,1587.772,1558.284,1571.982,9762,16
1339131600,1571.982,1575.815,1565.739,1571.331,11042,16
1339146000,1571.331,1583.36,1570.935,1575.18,14615,16
1339160400,1575.18,1589.526,1575.18,1587.582,19748,16
1339174800,1587.582,1595.3,1587.582,1593.563,4639,16
1339362000,1598.313,1608.233,1593.914,1602.626,4417,14
1339376400,1602.626,1604.227,1595.5,1598.46,4462,16
1339390800,1598.46,1603.19,1593.393,1594.162,6254,16
1339405200,1594.162,1596.042,1587.893,1593.814,8816,16
1339419600,1593.814,1596.609,1581.954,1592.997,19694,16
1339434000,1592.997,1601.016,1592.055,1596.651,5680,16
1339448400,1596.651,1596.729,1588.606,1592.178,2827,16
1339462800,1592.178,1595.387,1591.252,1591.692,2998,16
1339477200,1591.692,1593.754,1587.467,1591.187,6341,16
1339491600,1591.187,1600.862,1586.057,1600.175,8015,16
1339506000,1600.175,1617.679,1600.175,1612.062,17344,16
1339520400,1612.062,1613.747,1603.068,1609.915,5833,16
1339534800,1609.915,1612.684,1607.262,1607.262,1254,15
1339549200,1607.262,1610.418,1606.171,1609.84,2082,16
1339563600,1609.84,1615.592,1608.001,1612.032,4260,16
1339578000,1612.032,1623.722,1607.621,1621.456,8683,16
1339592400,1621.456,1624.787,1611.774,1615.055,14906,16
1339606800,1615.055,1620.19,1614.674,1617.119,4589,16
1339621200,1617.119,1619.197,1615.772,1616.632,1275,15
1339635600,1616.632,1623.872,1615.093,1623.339,2721,16
1339650000,1623.339,1623.912,1617.135,1619.515,5666,16
1339664400,1619.515,1628.06,1617.217,1626.711,8645,16
1339678800,1626.711,1627.007,1609.567,1620.174,13639,16
1339693200,1620.174,1627.154,1617.424,1623.601,6542,16
1339707600,1623.601,1624.83,1621.022,1622.376,1390,16
1339722000,1622.376,1626.825,1622.376,1625.032,2478,16
1339736400,1625.032,1628.056,1622.636,1623.727,4583,16
1339750800,1623.727,1633.982,1619.882,1622.822,7576,16
1339765200,1622.822,1632.587,1622.311,1626.635,10899,16
1339779600,1626.635,1629.095,1624.402,1627.34,3917,16
1339966800,1627.34,1630.382,1607.879,1628.206,5532,13
1339981200,1628.206,1629.147,1621.545,1623.077,4283,16
1339995600,1623.077,1623.752,1616.974,1623.706,5660,16
1340010000,1623.706,1626.327,1617.773,1619.286,8171,16
1340024400,1619.286,1629.474,1613.578,1624.755,12514,16
1340038800,1624.755,1630.121,1624.695,1628.147,4195,16
1340053200,1628.147,1628.824,1626.193,1627.8,1129,15
1340067600,1627.8,1631.003,1627.611,1628.782,2385,16
1340082000,1628.782,1633.463,1627.414,1630.122,5035,16
1340096400,1630.122,1632.515,1625.728,1629.736,6556,16
1340110800,1629.736,1630.328,1617.523,1619.275,12445,16
1340125200,1619.275,1623.811,1618.208,1618.387,3806,16
1340139600,1618.387,1622.852,1617.975,1619.133,1412,16
1340154000,1619.133,1621.896,1619.082,1620.629,1537,16
1340168400,1620.629,1622.274,1615.617,1618.177,4727,16
1340182800,1618.177,1619.365,1600.418,1605.212,8272,16
1340197200,1605.212,1609.832,1590.444,1603.829,20404,16
1340211600,1603.829,1621.316,1601.862,1607.453,17136,16
1340226000,1607.453,1607.455,1597.734,1598.146,2403,15
1340240400,1598.146,1604.07,1597.561,1602.65,3641,16
1340254800,1602.65,1604.547,1594.331,1596.988,5293,16
1340269200,1596.988,1601.284,1583.545,1588.608,9651,16
1340283600,1588.608,1589.117,1567.096,1570.721,19861,16
1340298000,1570.721,1572.095,1564.496,1566.239,8854,16
1340312400,1566.239,1569.456,1564.86,1566.736,2229,14
1340326800,1566.736,1567.477,1561.845,1565.555,2831,16
1340341200,1565.555,1569.487,1559.853,1569.296,6179,16
1340355600,1569.296,1572.528,1566.112,1566.653,5753,16
1340370000,1566.653,1569.403,1558.401,1566.57,11676,16
1340384400,1566.57,1573.559,1563.389,1572.686,3041,16
1340571600,1572.686,1576.699,1567.824,1572.796,1798,12
1340586000,1572.796,1575.57,1570.018,1573.903,2463,16
1340600400,1573.903,1574.425,1568.845,1570.796,4381,16
1340614800,1570.796,1572.859,1566.451,1571.187,6052,16
1340629200,1571.187,1587.293,1569.254,1583.391,11930,16
1340643600,1583.391,1588.439,1583.296,1584.488,3197,16
1340658000,1584.488,1587.574,1583.655,1585.016,1978,15
1340672400,1585.016,1585.942,1582.241,1583.641,1384,16
1340686800,1583.641,1586.927,1581.537,1583.52,4070,16
1340701200,1583.52,1585.406,1578.176,1579.836,5764,16
1340715600,1579.836,1580.67,1567.844,1572.155,11925,16
1340730000,1572.155,1574.639,1570.413,1572.943,3588,16
1340744400,1572.943,1574.214,1570.807,1573.42,1431,14
1340758800,1573.42,1574.976,1571.349,1571.876,1499,16
1340773200,1571.876,1572.208,1564.76,1567.78,4256,16
1340787600,1567.78,1571.549,1562.774,1565.773,6327,16
1340802000,1565.773,1583.562,1564.775,1574.95,14058,16
1340816400,1574.95,1578.62,1574.246,1574.246,3056,16
1340830800,1574.246,1578.255,1573.809,1577.914,1067,14
1340845200,1577.914,1579.136,1574.23,1575.314,2043,16
1340859600,1575.314,1577.859,1568.594,1569.385,4331,16
1340874000,1569.385,1573.88,1566.211,1568.664,7788,16
1340888400,1568.664,1568.776,1550.605,1552.087,16604,16
1340902800,1552.087,1557.203,1548.111,1552.905,5417,16
1340917200,1552.905,1554.589,1551.198,1554.26,1116,15
1340931600,1554.26,1569.493,1553.624,1563.165,7120,16
1340946000,1563.165,1572.265,1562.708,1570.853,7055,16
1340960400,1570.853,1600.609,1567.882,1597.583,10908,16
1340974800,1597.583,1600.305,1593.27,1597.559,10979,16
1340989200,1597.559,1607.251,1597.031,1597.584,5114,16
1341176400,1597.584,1600.189,1591.991,1593.837,1990,13
1341190800,1593.837,1594.168,1589.112,1593.26,2433,16
1341205200,1593.26,1594.726,1590.547,1594.562,3813,16
1341219600,1594.562,1597.854,1587.36,1592.989,5615,16
1341234000,1592.989,1602.605,1590.99,1600.416,10227,16
1341248400,1600.416,1600.512,1596.05,1596.906,2979,16
1341262800,1596.906,1597.636,1594.981,1596.129,1232,15
1341277200,1596.129,1605.324,1595.643,1602.817,3772,16
1341291600,1602.817,1611.576,1602.269,1608.516,6153,16
1341306000,1608.516,1617.074,1607.874,1616.162,5405,16
1341320400,1616.162,1624.961,1615.489,1622.294,7264,16
1341334800,1622.294,1623.933,1616.776,1617.462,1790,16
1341349200,1617.462,1620.47,1616.131,1616.541,1072,14
1341363600,1616.541,1619.316,1614.591,1616.853,2824,16
1341378000,1616.853,1618.991,1611.682,1618.098,3948,16
1341392400,1618.098,1619.829,1614.759,1616.358,3817,16
1341406800,1616.358,1617.303,1612.55,1615.241,2227,16
1341421200,1615.241,1615.919,1614.881,1615.15,201,10
1341435600,1615.15,1616.739,1614.385,1616.577,929,13
1341450000,1616.577,1619.16,1615.59,1616.216,2236,16
1341464400,1616.216,1618.819,1613.293,1616.697,4168,16
1341478800,1616.697,1624.001,1597.53,1603.849,17784,16
1341493200,1603.849,1611.712,1598.968,1606.291,10841,16
1341507600,1606.291,1609.772,1603.174,1604.603,2701,16
1341522000,1604.603,1608.345,1604.424,1606.894,1705,15
1341536400,1606.894,1607.427,1602.812,1603.343,2077,16
1341550800,1603.343,1605.891,1589.745,1594.097,4956,16
1341565200,1594.097,1609.966,1584.515,1588.435,13000,16
1341579600,1588.435,1593.109,1577.791,1578.2,15317,16
1341594000,1578.2,1584.243,1576.551,1583.823,3119,16
1341781200,1583.823,1583.823,1576.752,1581.182,1825,12
1341795600,1581.182,1583.664,1579.094,1581.661,2734,16
1341810000,1581.661,1583.9,1580.126,1580.908,3424,16
1341824400,1580.908,1587.137,1580.409,1584.6,4246,16
1341838800,1584.6,1589.964,1581.457,1588.306,7946,16
1341853200,1588.306,1593.042,1586.601,1587.625,2673,16
1341867600,1587.625,1589.35,1586.007,1586.032,851,14
1341882000,1586.032,1589.135,1584.603,1586.327,1942,16
1341896400,1586.327,1591.367,1582.914,1589.891,3678,16
1341910800,1589.891,1601.598,1589.559,1601.092,6221,16
1341925200,1601.092,1601.275,1581.339,1582.361,9914,16
1341939600,1582.361,1583.316,1564.697,1567.349,7582,16
1341954000,1567.349,1572.871,1566.04,1572.488,1281,15
1341968400,1572.488,1576.175,1572.488,1574.247,2108,16
1341982800,1574.247,1583.618,1573.967,1579.245,4281,16
1341997200,1579.245,1580.141,1573.034,1573.763,4336,16
1342011600,1573.763,1581.495,1569.985,1579.91,9644,16
1342026000,1579.91,1580.511,1567.068,1576.318,8637,16
1342040400,1576.318,1578.147,1575.116,1575.953,1283,14
1342054800,1575.953,1576.003,1569.465,1571.208,3259,16
1342069200,1571.208,1571.471,1564.733,1567.596,4262,16
1342083600,1567.596,1568.246,1556.871,1559.813,7715,16
1342098000,1559.813,1569.832,1555.126,1563.78,13099,16
1342112400,1563.78,1577.073,1563.413,1572.1,5886,16
1342126800,1572.1,1572.734,1566.231,1568.777,1707,15
1342141200,1568.777,1572.819,1568.379,1570.825,2912,16
1342155600,1570.825,1578.785,1569.915,1578.115,3939,16
1342170000,1578.115,1587.054,1577.986,1582.519,6358,16
1342184400,1582.519,1596.894,1579.246,1591.775,7692,16
1342198800,1591.775,1593.593,1588.046,1589.548,2368,16
1342386000,1589.548,1592.944,1586.27,1586.798,1519,12
1342400400,1586.798,1590.712,1583.961,1590.223,2514,16
1342414800,1590.223,1591.006,1584.456,1584.75,3480,16
1342429200,1584.75,1589.915,1578.067,1589.289,6177,16
1342443600,1589.289,1594.961,1587.149,1590.642,8520,16
1342458000,1590.642,1593.952,1589.157,1589.466,2775,16
1342472400,1589.466,1592.997,1588.763,1592.992,1205,13
1342486800,1592.992,1596.276,1591.935,1592.31,3057,16
1342501200,1592.31,1599.261,1590.585,1596.822,4383,16
1342515600,1596.822,1597.791,1585.806,1587.257,5220,16
1342530000,1587.257,1592.385,1571.635,1588.863,18310,16
1342544400,1588.863,1590.912,1581.141,1583.296,3966,16
1342558800,1583.296,1585.281,1582.646,1585.067,875,14
1342573200,1585.067,1586.115,1578.241,1581.25,2782,16
1342587600,1581.25,1584.87,1577.508,1582.91,4440,16
1342602000,1582.91,1583.187,1567.903,1569.951,6896,16
1342616400,1569.951,1583.298,1569.466,1576.046,10199,16
1342630800,1576.046,1577.866,1571.031,1573.506,3836,16
1342645200,1573.506,1576.898,1572.951,1576.408,985,15
1342659600,1576.408,1580.117,1576.185,1578.15,2137,16
1342674000,1578.15,1584.682,1576.532,1580.323,4090,16
1342688400,1580.323,1591.722,1579.474,1584.32,6080,16
1342702800,1584.32,1590.529,1581.527,1585.522,9774,16
1342717200,1585.522,1586.996,1576.689,1581.36,4033,16
1342731600,1581.36,1585.29,1581.182,1582.495,1418,15
1342746000,1582.495,1584.016,1580.131,1582.999,2798,16
1342760400,1582.999,1586.848,1581.131,1585.243,3422,16
1342774800,1585.243,1585.296,1573.667,1577.785,6990,16
1342789200,1577.785,1585.376,1574.62,1583.556,9522,16
1342803600,1583.556,1587.27,1581.321,1584.534,3260,16
1342990800,1584.534,1584.534,1579.201,1580.495,1401,14
1343005200,1580.495,1581.49,1577.67,1578.21,2345,16
1343019600,1578.21,1579.429,1569.014,1572.651,5393,16
1343034000,1572.651,1573.59,1563.469,1569.32,7147,16
1343048400,1569.32,1580.45,1567.799,1579.293,9205,16
1343062800,1579.293,1579.541,1574.581,1576.909,2518,16
1343077200,1576.909,1578.162,1575.336,1575.938,1247,15
1343091600,1575.938,1578.24,1574.712,1577.73,2260,16
1343106000,1577.73,1578.035,1572.36,1576.313,4324,16
1343120400,1576.313,1579.789,1572.354,1579.021,5095,16
1343134800,1579.021,1584.717,1568.94,1576.105,13169,16
1343149200,1576.105,1583.203,1575.816,1581.078,5486,16
1343163600,1581.078,1582.96,1579.006,1580.226,1791,15
1343178000,1580.226,1585.437,1580.144,1584.31,2789,16
1343192400,1584.31,1590.702,1580.574,1589.541,6391,16
1343206800,1589.541,1606.569,1587.854,1602.152,8260,16
1343221200,1602.152,1606.077,1598.686,1605.568,9810,16
1343235600,1605.568,1610.657,1603.672,1604.4,3906,16
1343250000,1604.4,1606.688,1601.402,1603.13,1191,16
1343264400,1603.13,1605.812,1601.542,1604.168,2154,16
1343278800,1604.168,1608.58,1602.963,1603.107,4177,16
1343293200,1603.107,1622.039,1602.005,1614.456,12209,16
1343307600,1614.456,1620.816,1608.812,1614.981,12320,16
1343322000,1614.981,1618.105,1614.364,1615.771,2478,16
1343336400,1615.771,1616.347,1612.883,1613.244,1069,14
1343350800,1613.244,1616.755,1611.889,1616.417,2407,16
1343365200,1616.417,1622.977,1616.079,1619.214,3762,16
1343379600,1619.214,1629.692,1618.226,1621.743,9531,16
1343394000,1621.743,1628.107,1615.247,1617.452,11409,16
1343408400,1617.452,1628.05,1617.394,1623.526,6794,16
1343595600,1623.526,1626.659,1621.283,1622.932,1510,12
1343610000,1622.932,1623.453,1620.192,1621.437,1496,16
1343624400,1621.437,1621.967,1616.956,1618.225,3304,16
1343638800,1618.225,1620.899,1614.37,1615.759,4362,16
1343653200,1615.759,1623.178,1614.972,1618.646,6203,16
1343667600,1618.646,1625.101,1618.53,1622.076,2135,16
1343682000,1622.076,1622.469,1620.906,1621.259,1359,14
1343696400,1621.259,1625.414,1621.137,1623.465,2160,16
1343710800,1623.465,1624.217,1619.846,1623.335,3699,16
1343725200,1623.335,1628.163,1622.634,1625.328,5410,16
1343739600,1625.328,1625.767,1612.533,1615.762,12422,16
1343754000,1615.762,1617.371,1610.995,1614.535,4035,16
1343768400,1614.535,1615.525,1612.342,1612.727,1337,15
1343782800,1612.727,1615.339,1611.142,1614.472,1790,16
1343797200,1614.472,1618.574,1613.2,1614.595,3556,16
1343811600,1614.595,1615.737,1603.847,1605.725,6801,16
1343826000,1605.725,1608.333,1595.026,1603.112,11150,16
1343840400,1603.112,1605.924,1592.061,1599.752,11023,16
1343854800,1599.752,1602.24,1598.997,1600.902,1374,14
1343869200,1600.902,1603.82,1599.843,1601.496,1826,16
1343883600,1601.496,1604.783,1599.727,1603.149,3915,16
1343898000,1603.149,1615.507,1596.14,1597.132,16058,16
1343912400,1597.132,1601.437,1584.153,1586.159,19589,16
1343926800,1586.159,1590.835,1585.505,1587.981,4521,16
1343941200,1587.981,1590.761,1587.893,1590.476,656,15
1343955600,1590.476,1591.983,1589.15,1590.009,1401,16
1343970000,1590.009,1594.527,1589.425,1593.869,2886,16
1343984400,1593.869,1599.943,1585.922,1589.778,9820,16
1343998800,1589.778,1606.629,1587.847,1603.381,12578,16
1344013200,1603.381,1606.875,1602.755,1603.546,3253,16
1344200400,1603.546,1606.176,1602.471,1604.736,1449,13
1344214800,1604.736,1608.011,1603.828,1607.979,1672,16
1344229200,1607.979,1609.746,1603.914,1608.839,3305,16
1344243600,1608.839,1611.679,1606.815,1610.026,5225,16
1344258000,1610.026,1615.597,1605.616,1613.047,7875,16
1344272400,1613.047,1613.975,1610.345,1610.762,2413,16
1344286800,1610.762,1612.074,1610.648,1610.883,530,13
1344301200,1610.883,1613.032,1609.037,1611.627,1467,16
1344315600,1611.627,1616.493,1609.461,1614.75,3728,16
1344330000,1614.75,1618.579,1612.209,1615.248,5202,16
1344344400,1615.248,1616.142,1609.527,1611.533,8586,16
1344358800,1611.533,1612.853,1608.832,1612.239,2745,16
1344373200,1612.239,1612.699,1609.543,1610.747,1047,15
1344387600,1610.747,1612.099,1609.341,1609.438,1295,16
1344402000,1609.438,1610.873,1606.414,1609.498,3607,16
1344416400,1609.498,1610.21,1603.463,1608.365,4713,16
1344430800,1608.365,1616.841,1607.509,1616.183,9226,16
1344445200,1616.183,1616.633,1611.119,1612.373,2733,16
1344459600,1612.373,1614.255,1612.141,1613.475,716,14
1344474000,1613.475,1617.69,1613.354,1616.19,1859,16
1344488400,1616.19,1617.42,1613.954,1614.241,3182,16
1344502800,1614.241,1615.438,1609.758,1613.401,5250,16
1344517200,1613.401,1616.725,1611.453,1615.803,5383,16
1344531600,1615.803,1618.428,1615.092,1617.156,2012,16
1344546000,1617.156,1618.108,1615.539,1616.135,819,13
1344560400,1616.135,1616.163,1611.792,1612.008,1756,16
1344574800,1612.008,1614.148,1605.731,1610.892,3574,16
1344589200,1610.892,1613.667,1605.814,1613.235,4738,16
1344603600,1613.235,1626.606,1613.235,1621.638,10108,16
1344618000,1621.638,1622.421,1619.764,1620.164,1585,16
1344805200,1620.164,1622.061,1619.745,1619.925,862,13
1344819600,1619.925,1625.136,1619.199,1624.018,2051,16
1344834000,1624.018,1624.677,1620.203,1622.84,3008,16
1344848400,1622.84,1625.732,1619.077,1619.913,4948,16
1344862800,1619.913,1623.23,1615.202,1618.545,6649,16
1344877200,1618.545,1619.411,1607.471,1609.792,2944,16
1344891600,1609.792,1613.392,1609.514,1613.026,750,14
1344906000,1613.026,1613.776,1610.924,1612.31,1683,16
1344920400,1612.31,1616.435,1611.511,1614.105,2616,16
1344934800,1614.105,1615.518,1592.796,1596.599,7297,16
1344949200,1596.599,1603.992,1595.404,1603.079,8467,16
1344963600,1603.079,1603.554,1598.789,1599.045,2117,16
1344978000,1599.045,1602.022,1599.045,1601.405,789,13
1344992400,1601.405,1602.305,1600.183,1601.739,1428,16
1345006800,1601.739,1603.287,1590.117,1596.218,4247,16
1345021200,1596.218,1602.679,1592.495,1600.89,5853,16
1345035600,1600.89,1606.574,1600.435,1603.799,7808,16
1345050000,1603.799,1606.275,1603.098,1603.452,1900,16
1345064400,1603.452,1606.323,1603.214,1606.024,740,14
1345078800,1606.024,1606.943,1603.141,1603.387,1469,16
1345093200,1603.387,1605.915,1600.966,1605.321,2765,16
1345107600,1605.321,1609.019,1601.313,1607.794,4555,16
1345122000,1607.794,1619.063,1603.39,1615.486,8347,16
1345136400,1615.486,1617.433,1613.99,1615.107,1776,16
1345150800,1615.107,1617.061,1614.499,1615.884,732,13
1345165200,1615.884,1617.01,1615.003,1615.754,1291,16
1345179600,1615.754,1619.476,1615.352,1618.983,2630,16
1345194000,1618.983,1620.45,1612.52,1618.519,4801,16
1345208400,1618.519,1619.611,1611.756,1615.07,7057,16
1345222800,1615.07,1617.699,1614.757,1615.751,1611,16
1345410000,1615.751,1618.152,1615.751,1617.065,814,14
1345424400,1617.065,1619.985,1615.861,1619.407,1436,16
1345438800,1619.407,1620.072,1616.582,1617.198,1943,16
1345453200,1617.198,1617.59,1609.815,1613.137,4362,16
1345467600,1613.137,1622.328,1612.392,1620.028,6868,16
1345482000,1620.028,1622.559,1619.893,1620.491,1688,16
1345496400,1620.491,1620.99,1618.793,1619.952,653,14
1345510800,1619.952,1622.679,1619.803,1622.634,1252,16
1345525200,1622.634,1626.626,1621.953,1624.532,3377,16
1345539600,1624.532,1638.669,1623.632,1636.409,5582,16
1345554000,1636.409,1641.464,1636.409,1638.774,6636,16
1345568400,1638.774,1640.778,1636.146,1637.826,1828,16
1345582800,1637.826,1638.069,1636.352,1636.798,838,14
1345597200,1636.798,1640.075,1636.668,1639.372,1387,16
1345611600,1639.372,1644.99,1638.379,1644.411,2987,16
1345626000,1644.411,1645.206,1636.658,1640.067,4373,16
1345640400,1640.067,1643.432,1638.647,1639.773,6186,16
1345654800,1639.773,1656.004,1634.638,1654.397,8693,16
1345669200,1654.397,1656.705,1652.662,1655.146,1026,14
1345683600,1655.146,1665.319,1655.031,1663.337,3896,16
1345698000,1663.337,1667.196,1661.053,1662.821,4147,16
1345712400,1662.821,1664.648,1657.286,1662.776,5842,16
1345726800,1662.776,1675.033,1662.481,1672.916,8590,16
1345741200,1672.916,1673.695,1668.603,1670.508,3619,16
1345755600,1670.508,1671.509,1668.152,1668.442,813,14
1345770000,1668.442,1668.515,1665.037,1666.772,2265,16
1345784400,1666.772,1669.022,1662.73,1668.443,3221,16
1345798800,1668.443,1670.743,1662.974,1667.787,5406,16
1345813200,1667.787,1672.663,1663.539,1671.504,6843,16
1345827600,1671.504,1673.876,1668.877,1670.432,1772,16
1346014800,1670.432,1674.971,1670.432,1673.846,1277,14
1346029200,1673.846,1676.898,1673.846,1675.066,2139,16
1346043600,1675.066,1676.827,1671.568,1671.725,3054,16
1346058000,1671.725,1671.725,1667.879,1668.555,4157,16
1346072400,1668.555,1673.307,1666.164,1672.458,5765,16
1346086800,1672.458,1673.465,1663.317,1664.029,2919,16
1346101200,1664.029,1666.596,1660.033,1660.168,1328,14
1346115600,1660.168,1661.844,1657.181,1660.285,2728,16
1346130000,1660.285,1663.83,1659.124,1662.938,2805,16
1346144400,1662.938,1666.678,1660.689,1664.021,5092,16
1346158800,1664.021,1672.406,1663.262,1669.633,7831,16
1346173200,1669.633,1669.68,1665.943,1666.845,1881,16
1346187600,1666.845,1668.122,1664.395,1664.784,826,13
1346202000,1664.784,1669.291,1664.514,1668.882,1940,16
1346216400,1668.882,1669.994,1663.805,1666.159,2879,16
1346230800,1666.159,1668.17,1661.964,1666.266,3697,16
1346245200,1666.266,1667.884,1652.362,1659.08,7726,16
1346259600,1659.08,1662.158,1655.501,1656.433,2172,16
1346274000,1656.433,1657.478,1655.902,1656.231,765,13
1346288400,1656.231,1658.503,1654.748,1656.827,1800,16
1346302800,1656.827,1660.458,1656.69,1658.641,2470,16
1346317200,1658.641,1664.171,1655.189,1663.389,3524,16
1346331600,1663.389,1664.045,1651.319,1655.227,7722,16
1346346000,1655.227,1659.526,1654.055,1655.556,2389,16
1346360400,1655.556,1657.445,1655.101,1656.224,620,13
1346374800,1656.224,1656.734,1652.877,1655.62,1671,16
1346389200,1655.62,1660.077,1654.374,1659.664,2416,16
1346403600,1659.664,1663.739,1657.204,1661.77,4381,16
1346418000,1661.77,1682.743,1646.488,1681.733,18798,16
1346432400,1681.733,1693.146,1681.725,1691.885,4206,16
1346619600,1691.885,1692.588,1685.87,1686.747,1474,12
1346634000,1686.747,1692.039,1686.747,1691.468,2204,16
1346648400,1691.468,1692.002,1686.301,1689.154,4370,16
1346662800,1689.154,1690.217,1685.587,1689.622,2838,16
1346677200,1689.622,1695.449,1689.343,1693.557,2897,16
1346691600,1693.557,1693.65,1693.557,1693.65,7,4
1346706000,1693.65,1695.63,1690.644,1695.502,1139,12
1346720400,1695.502,1697.263,1693.68,1695.065,2366,16
1346734800,1695.065,1696.638,1692.148,1692.488,2739,16
1346749200,1692.488,1696.027,1689.519,1690.848,4225,16
1346763600,1690.848,1699.085,1688.094,1693.467,11833,16
1346778000,1693.467,1698.493,1692.275,1695.835,3300,16
1346792400,1695.835,1696.164,1690.591,1692.215,1046,13
1346806800,1692.215,1693.63,1690.482,1692.215,1752,16
1346821200,1692.215,1693.615,1687.414,1689.867,3383,16
1346835600,1689.867,1694.455,1688.215,1692.898,6188,16
1346850000,1692.898,1695.095,1689.219,1693.55,8643,16
1346864400,1693.55,1694.414,1690.414,1692.987,1929,16
1346878800,1692.987,1693.95,1691.627,1693.282,626,13
1346893200,1693.282,1698.659,1692.847,1696.911,2398,16
1346907600,1696.911,1712.591,1696.177,1709.203,4657,16
1346922000,1709.203,1713.763,1697.094,1702.308,10937,16
1346936400,1702.308,1709.492,1699.822,1703.078,11409,16
1346950800,1703.078,1705.127,1700.075,1700.333,4301,16
1346965200,1700.333,1701.743,1695.027,1696.857,1481,13
1346979600,1696.857,1697.599,1689.123,1692.66,3356,16
1346994000,1692.66,1697.86,1689.773,1696.88,3823,16
1347008400,1696.88,1728.581,1693.604,1724.935,7378,16
1347022800,1724.935,1741.984,1723.794,1737.06,13139,16
1347037200,1737.06,1738.938,1735.29,1735.758,2864,16
1347224400,1735.758,1736.6,1733.7,1735.546,1678,12
1347238800,1735.546,1740.049,1735.4,1738.121,2559,16
1347253200,1738.121,1738.128,1733.327,1734.481,3142,16
1347267600,1734.481,1735.004,1728.823,1730.593,5237,16
1347282000,1730.593,1733.955,1727.515,1729.887,7947,16
1347296400,1729.887,1731.139,1724.862,1725.971,2045,16
1347310800,1725.971,1729.319,1725.142,1729.319,959,14
1347325200,1729.319,1732.777,1728.595,1729.687,2306,16
1347339600,1729.687,1732.319,1727.616,1731.166,3324,16
1347354000,1731.166,1735.122,1730.305,1734.302,4705,16
1347368400,1734.302,1738.081,1730.698,1733.712,8100,16
1347382800,1733.712,1734.77,1731.361,1732.003,2132,16
1347397200,1732.003,1736.311,1731.604,1735.904,1081,13
1347411600,1735.904,1736.501,1734.112,1735.871,2208,16
1347426000,1735.871,1747.143,1733.101,1742.922,7108,16
1347440400,1742.922,1745.578,1735.784,1737.728,6989,16
1347454800,1737.728,1741.669,1725.351,1731.099,12913,16
1347469200,1731.099,1733.941,1729.431,1730.728,3347,16
1347483600,1730.728,1733.25,1730.331,1732.735,1039,13
1347498000,1732.735,1732.929,1729.433,1731.529,2087,16
1347512400,1731.529,1732.345,1728.639,1730.286,2904,16
1347526800,1730.286,1736.158,1729.854,1733.825,5327,16
1347541200,1733.825,1754.621,1718.912,1752.975,18399,16
1347555600,1752.975,1772.81,1752.975,1766.977,14055,16
1347570000,1766.977,1772.124,1766.921,1771.678,1975,14
1347584400,1771.678,1777.686,1771.054,1777.513,3950,16
1347598800,1777.513,1777.909,1767.456,1772.847,5533,16
1347613200,1772.847,1776.439,1765.695,1770.104,9875,16
1347627600,1770.104,1776.079,1766.762,1773.207,12977,16
1347642000,1773.207,1773.851,1769.602,1770.465,3920,16
1347829200,1770.465,1776.621,1770.465,1774.515,2261,12
1347843600,1774.515,1776.468,1772.579,1774.997,2242,16
1347858000,1774.997,1776.054,1768.621,1769.655,3283,16
1347872400,1769.655,1772.526,1767.514,1770.718,4795,16
1347886800,1770.718,1773.415,1766.353,1769.625,8145,16
1347901200,1769.625,1770.219,1754.223,1761.196,7688,16
1347915600,1761.196,1764.014,1755.625,1756.632,2469,14
1347930000,1756.632,1758.275,1753.818,1756.48,3850,16
1347944400,1756.48,1759.97,1752.392,1758.788,4922,16
1347958800,1758.788,1765.457,1755.119,1763.413,6709,16
1347973200,1763.413,1773.49,1760.265,1766.797,11842,16
1347987600,1766.797,1772.06,1765.227,1771.801,4654,16
1348002000,1771.801,1772.691,1766.85,1769.14,1898,14
1348016400,1769.14,1772.948,1765.269,1771.836,3746,16
1348030800,1771.836,1779.449,1771.79,1774.165,5534,16
1348045200,1774.165,1775.779,1762.258,1771.148,8846,16
1348059600,1771.148,1774.124,1765.67,1769.723,10970,16
1348074000,1769.723,1772.004,1767.686,1770.344,1922,16
1348088400,1770.344,1771.737,1768.999,1770.845,1589,14
1348102800,1770.845,1772.31,1763.602,1764.092,4308,16
1348117200,1764.092,1765.217,1758.406,1763.776,5439,16
1348131600,1763.776,1766.955,1756.04,1765.752,6094,16
1348146000,1765.752,1770.742,1756.119,1768.646,10201,16
1348160400,1768.646,1770.109,1766.409,1768.521,3134,16
1348174800,1768.521,1773.157,1766.896,1772.787,1606,16
1348189200,1772.787,1773.728,1769.837,1772.014,2745,16
1348203600,1772.014,1775.343,1770.291,1775.343,4439,16
1348218000,1775.343,1786.762,1772.489,1786.693,6628,16
1348232400,1786.693,1787.584,1769.533,1776.954,14546,16
1348246800,1776.954,1778.215,1771.955,1773.074,3419,16
1348434000,1773.074,1773.074,1763.6,1764.124,2123,13
1348448400,1764.124,1764.124,1757.593,1761.522,5319,16
1348462800,1761.522,1763.604,1757.587,1758.759,4581,16
1348477200,1758.759,1761.893,1755.743,1760.776,5554,16
1348491600,1760.776,1767.557,1759.556,1763.972,8884,16
1348506000,1763.972,1766.066,1760.388,1764.393,3216,16
1348520400,1764.393,1767.535,1764.098,1767.1,1509,14
1348534800,1767.1,1767.834,1764.032,1765.022,2416,16
1348549200,1765.022,1769.511,1762.046,1768.415,4056,16
1348563600,1768.415,1774.988,1762.575,1771.993,6728,16
1348578000,1771.993,1775.11,1761.079,1764.433,10171,16
1348592400,1764.433,1766.61,1758.876,1760.699,5842,16
1348606800,1760.699,1762.648,1759.248,1761.737,1336,14
1348621200,1761.737,1765.403,1761.242,1762.301,2069,16
1348635600,1762.301,1764.411,1761.29,1763.099,2585,16
1348650000,1763.099,1765.62,1739.817,1746.836,8666,16
1348664400,1746.836,1750.208,1736.572,1748.819,11503,16
1348678800,1748.819,1753.854,1746.804,1752.718,5040,16
1348693200,1752.718,1755.307,1751.154,1754.039,1954,14
1348707600,1754.039,1757.107,1753.341,1755.597,2031,16
1348722000,1755.597,1759.949,1755.198,1757.406,3484,16
1348736400,1757.406,1768.307,1753.076,1764.315,6497,16
1348750800,1764.315,1780.389,1761.536,1777.493,13990,16
1348765200,1777.493,1779.569,1775.53,1777.389,4388,16
1348779600,1777.389,1779.988,1776.097,1779.988,1272,13
1348794000,1779.988,1782.322,1777.978,1781.563,2591,16
1348808400,1781.563,1782.769,1778.923,1781.427,3443,16
1348822800,1781.427,1783.274,1773.334,1776.716,7371,16
1348837200,1776.716,1778.988,1769.425,1771.743,14869,16
1348851600,1771.743,1773.86,1767.426,1772.262,5399,16
1349038800,1772.262,1772.262,1764.549,1766.744,1949,13
1349053200,1766.744,1766.744,1763.549,1765.904,2248,16
1349067600,1765.904,1772.68,1765.003,1771.72,3397,16
1349082000,1771.72,1786.029,1766.077,1784.957,8180,16
1349096400,1784.957,1791.744,1771.953,1777.8,16762,16
1349110800,1777.8,1781.31,1772.525,1774.923,5449,16
1349125200,1774.923,1780.66,1774.818,1779.717,1780,14
1349139600,1779.717,1780.097,1777.118,1777.811,2096,16
1349154000,1777.811,1781.112,1775.265,1779.645,4183,16
1349168400,1779.645,1784.402,1774.146,1775.946,8069,16
1349182800,1775.946,1781.393,1770.721,1778.686,12196,16
1349197200,1778.686,1778.686,1772.701,1774.526,3520,16
1349211600,1774.526,1774.928,1771.873,1774.264,1306,13
1349226000,1774.264,1774.628,1771.035,1774.469,1897,16
1349240400,1774.469,1777.131,1771.846,1774.955,3720,16
1349254800,1774.955,1781.865,1773.807,1776.79,7498,16
1349269200,1776.79,1780.297,1773.304,1779.239,10273,16
1349283600,1779.239,1779.662,1775.569,1777.971,4019,16
1349298000,1777.971,1780.47,1777.755,1778.951,1343,13
1349312400,1778.951,1783.07,1778.116,1782.509,2226,16
1349326800,1782.509,1789.869,1780.721,1785.153,3963,16
1349341200,1785.153,1794.945,1782.504,1787.23,7920,16
1349355600,1787.23,1793.865,1783.916,1792.516,10187,16
1349370000,1792.516,1795.301,1787.53,1790.372,4749,16
1349384400,1790.372,1793.083,1790.222,1792.996,1132,13
1349398800,1792.996,1796.001,1792.569,1794.177,2343,16
1349413200,1794.177,1794.703,1788.228,1789.152,3348,16
1349427600,1789.152,1792.341,1773.137,1783.71,9307,16
1349442000,1783.71,1788.262,1778.644,1781.584,9052,16
1349456400,1781.584,1782.184,1774.713,1780.757,3679,16
1349643600,1780.757,1780.757,1776.682,1777.826,1251,12
1349658000,1777.826,1777.868,1766.763,1771.437,5149,16
1349672400,1771.437,1772.508,1766.764,1770.62,4703,16
1349686800,1770.62,1771.486,1766.863,1770.349,5051,16
1349701200,1770.349,1776.91,1770.264,1775.16,5650,16
1349715600,1775.16,1776.939,1773.332,1774.814,1852,16
1349730000,1774.814,1778.182,1774.11,1777.709,1164,13
1349744400,1777.709,1779.815,1777.558,1778.361,2634,16
1349758800,1778.361,1779.056,1770.267,1772.113,3994,16
1349773200,1772.113,1778.458,1770.563,1774.322,5750,16
1349787600,1774.322,1776.201,1760.583,1765.878,11942,16
1349802000,1765.878,1767.33,1762.977,1764.262,4148,16
1349816400,1764.262,1765.973,1761.186,1761.783,1786,13
1349830800,1761.783,1765.475,1760.766,1764.076,2977,16
1349845200,1764.076,1765.301,1760.496,1764.436,3428,16
1349859600,1764.436,1768.28,1757.45,1760.668,5743,16
1349874000,1760.668,1767.606,1757.093,1761.2,9190,16
1349888400,1761.2,1765.913,1761.107,1762.32,4244,16
1349902800,1762.32,1762.95,1758.963,1759.435,1720,13
1349917200,1759.435,1765.567,1758.693,1764.528,3685,16
1349931600,1764.528,1771.18,1763.18,1768.633,4104,16
1349946000,1768.633,1774.976,1764.888,1767.255,6102,16
1349960400,1767.255,1773.65,1765.926,1769.698,7440,16
1349974800,1769.698,1770.334,1767.021,1767.241,2039,16
1349989200,1767.241,1769.804,1766.564,1768.429,1378,13
1350003600,1768.429,1770.851,1767.804,1768.723,2228,16
1350018000,1768.723,1771.279,1768.122,1769.379,4102,16
1350032400,1769.379,1773.394,1766.771,1771.428,4756,16
1350046800,1771.428,1772.001,1758.607,1760.058,9397,16
1350061200,1760.058,1760.458,1752.265,1753.992,3796,16
1350248400,1753.992,1754.175,1741.768,1743.326,3716,14
1350262800,1743.326,1745.512,1741.827,1744.696,2528,16
1350277200,1744.696,1749.208,1742.461,1747.258,3807,16
1350291600,1747.258,1748.86,1741.358,1743.259,4752,16
1350306000,1743.259,1744.992,1728.659,1736.155,10489,16
1350320400,1736.155,1739.011,1735.103,1737.366,2890,16
1350334800,1737.366,1738.85,1735.075,1736.363,1767,14
1350349200,1736.363,1737.879,1734.955,1737.376,2182,16
1350363600,1737.376,1742.941,1736.825,1741.461,3163,16
1350378000,1741.461,1745.757,1736.725,1742.556,5083,16
1350392400,1742.556,1747.464,1739.879,1743.81,6629,16
1350406800,1743.81,1748.232,1743.14,1747.49,1663,16
1350421200,1747.49,1752.113,1746.941,1750.736,1627,14
1350435600,1750.736,1753.328,1750.329,1751.316,2257,16
1350450000,1751.316,1753.671,1747.636,1748.016,3033,16
1350464400,1748.016,1751.573,1745.371,1748.54,4618,16
1350478800,1748.54,1753.293,1742.939,1750.815,8137,16
1350493200,1750.815,1752.233,1747.754,1750.054,2551,16
1350507600,1750.054,1750.54,1748.019,1748.741,924,13
1350522000,1748.741,1752.197,1748.294,1749.448,1856,16
1350536400,1749.448,1751.478,1745.716,1747.678,2696,16
1350550800,1747.678,1748.473,1738.265,1741.736,5317,16
1350565200,1741.736,1746.525,1739.564,1743.547,7353,16
1350579600,1743.547,1744.396,1740.16,1741.415,3185,16
1350594000,1741.415,1743.502,1740.869,1742.18,936,13
1350608400,1742.18,1742.912,1735.829,1737.294,2310,16
1350622800,1737.294,1739.161,1731.931,1734.095,3827,16
1350637200,1734.095,1737.24,1731.621,1737.155,4480,16
1350651600,1737.155,1738.76,1716.427,1721.172,11979,16
1350666000,1721.172,1723.546,1719.6,1721.717,3385,16
1350853200,1721.717,1722.016,1713.819,1722.016,2247,13
1350867600,1722.016,1727.131,1722.016,1725.609,2517,16
1350882000,1725.609,1726.675,1721.541,1724.389,2868,16
1350896400,1724.389,1727.66,1723.39,1725.18,3864,16
1350910800,1725.18,1729.42,1722.666,1727.506,7050,16
1350925200,1727.506,1729.02,1724.597,1728.5,3034,16
1350939600,1728.5,1730.346,1725.984,1726.179,1082,13
1350954000,1726.179,1727.802,1724.307,1724.313,1859,16
1350968400,1724.313,1725.001,1716.93,1719.066,4048,16
1350982800,1719.066,1719.614,1707.097,1709.344,7123,16
1350997200,1709.344,1713.668,1704.801,1709.714,8884,16
1351011600,1709.714,1710.194,1704.121,1707.685,3977,16
1351026000,1707.685,1712.124,1707.37,1711.727,1166,15
1351040400,1711.727,1714.388,1710.543,1711.108,2239,16
1351054800,1711.108,1712.697,1706.16,1708.98,4644,16
1351069200,1708.98,1711.926,1705.621,1710.929,4795,16
1351083600,1710.929,1712.599,1698.768,1702.869,8845,16
1351098000,1702.869,1706.884,1698.736,1702.008,6972,16
1351112400,1702.008,1708.014,1701.624,1706.981,1404,13
1351126800,1706.981,1708.975,1705.518,1707.672,2302,16
1351141200,1707.672,1717.417,1707.176,1715.955,5004,16
1351155600,1715.955,1717.952,1712.827,1715.034,4122,16
1351170000,1715.034,1718.088,1710.552,1712.549,7470,16
1351184400,1712.549,1714.192,1709.486,1712.069,2409,16
1351198800,1712.069,1714.522,1710.663,1714.335,1179,13
1351213200,1714.335,1714.942,1704.443,1705.538,3382,16
1351227600,1705.538,1705.729,1700.935,1703.67,5563,16
1351242000,1703.67,1712.444,1702.247,1712.385,5922,16
1351256400,1712.385,1718.892,1711.812,1713.166,9180,16
1351270800,1713.166,1713.541,1710.726,1711.268,2473,16
1351458000,1711.268,1716.208,1710.343,1714.414,1713,14
1351472400,1714.414,1715.586,1712.833,1715.004,2259,16
1351486800,1715.004,1717.36,1709.885,1711.292,2979,16
1351501200,1711.292,1713.151,1707.25,1711.858,3755,16
1351515600,1711.858,1714.149,1706.124,1708.782,3566,16
1351530000,1708.782,1710.128,1707.831,1709.294,1054,16
1351544400,1709.294,1711.192,1705.281,1710.72,1596,14
1351558800,1710.72,1711.613,1708.134,1711.144,2504,16
1351573200,1711.144,1715.217,1708.345,1712.78,3909,16
1351587600,1712.78,1715.292,1711.737,1713.084,3083,16
1351602000,1713.084,1713.901,1709.333,1711.895,2545,16
1351616400,1711.895,1712.085,1709.111,1709.674,746,16
1351630800,1709.674,1712.496,1709.359,1711.698,1125,13
1351645200,1711.698,1712.946,1710.996,1711.501,1818,16
1351659600,1711.501,1718.2,1711.247,1715.277,3004,16
1351674000,1715.277,1722.08,1715.02,1717.847,4875,16
1351688400,1717.847,1726.097,1716.357,1724.546,7374,16
1351702800,1724.546,1724.832,1718.575,1720.617,2777,16
1351717200,1720.617,1721.784,1718.989,1719.973,1210,13
1351731600,1719.973,1722.255,1718.005,1721.556,1978,16
1351746000,1721.556,1725.458,1719.529,1723.137,3282,16
1351760400,1723.137,1727.071,1721.107,1722.387,4826,16
1351774800,1722.387,1724.118,1715.394,1716.53,7958,16
1351789200,1716.53,1717.148,1713.722,1714.28,1971,16
1351803600,1714.28,1717.004,1714.28,1715.901,741,13
1351818000,1715.901,1716.267,1708.407,1708.797,2025,16
1351832400,1708.797,1711.21,1706.417,1706.772,3871,16
1351846800,1706.772,1710.102,1692.416,1695.673,8259,16
1351861200,1695.673,1698.17,1676.889,1678.536,12231,16
1351875600,1678.536,1680.406,1674.669,1677.982,4643,16
1352066400,1677.982,1684.209,1676.324,1680.547,2457,12
1352080800,1680.547,1681.008,1678.323,1679.424,2191,16
1352095200,1679.424,1681.146,1672.738,1677.887,4759,16
1352109600,1677.887,1683.717,1676.275,1682.225,4975,16
1352124000,1682.225,1684.842,1680.281,1683.376,5417,16
1352138400,1683.376,1686.35,1682.974,1684.984,1911,16
1352152800,1684.984,1686.869,1683.766,1685.438,1346,13
1352167200,1685.438,1687.151,1683.749,1686.321,1784,16
1352181600,1686.321,1690.157,1684.354,1689.962,3344,16
1352196000,1689.962,1694.208,1689.394,1691.711,3930,16
1352210400,1691.711,1720.98,1688.592,1717.413,10448,16
1352224800,1717.413,1719.44,1712.366,1716.003,4865,16
1352239200,1716.003,1716.447,1705.967,1710.962,3055,13
1352253600,1710.962,1726.58,1710.705,1723.696,6982,16
1352268000,1723.696,1729.808,1722.443,1725.969,5360,16
1352282400,1725.969,1732.159,1717.1,1727.447,9038,16
1352296800,1727.447,1727.447,1703.225,1710.606,15991,16
1352311200,1710.606,1721.423,1709.564,1717.613,4448,16
1352325600,1717.613,1720.421,1715.581,1718.837,1970,13
1352340000,1718.837,1719.787,1715.681,1718.684,2321,16
1352354400,1718.684,1721.256,1716.954,1717.543,3934,16
1352368800,1717.543,1720.195,1713.064,1715.496,6309,16
1352383200,1715.496,1725.939,1712.87,1723.652,9957,16
1352397600,1723.652,1735.16,1723.153,1731.382,4748,16
1352412000,1731.382,1735.509,1730.81,1734.683,2263,13
1352426400,1734.683,1738.169,1733.468,1737.674,2416,16
1352440800,1737.674,1737.857,1731.08,1737.031,4417,16
1352455200,1737.031,1737.031,1727.156,1732.146,7128,16
1352469600,1732.146,1738.957,1729.086,1732.046,10987,16
1352484000,1732.046,1733.867,1729.715,1731.106,3571,16
1352671200,1731.106,1736.736,1731.106,1734.348,2530,12
1352685600,1734.348,1736.043,1732.882,1735.424,2242,16
1352700000,1735.424,1736.563,1732.463,1734.739,3851,16
1352714400,1734.739,1738.105,1733.025,1733.838,4188,16
1352728800,1733.838,1736.537,1725.927,1728.648,6221,16
1352743200,1728.648,1732.152,1726.651,1728.265,2163,16
1352757600,1728.265,1728.664,1721.568,1722.526,2123,13
1352772000,1722.526,1726.079,1722.295,1726.079,1632,16
1352786400,1726.079,1727.148,1721.787,1726.01,3434,16
1352800800,1726.01,1731.27,1723.963,1726.118,6342,16
1352815200,1726.118,1733.125,1717.965,1727.182,10932,16
1352829600,1727.182,1727.948,1723.596,1725.015,2804,16
1352844000,1725.015,1729.277,1724.906,1727.45,1746,13
1352858400,1727.45,1729.708,1727.222,1728.342,1491,16
1352872800,1728.342,1729.018,1724.642,1726.222,3438,16
1352887200,1726.222,1730.836,1720.817,1728.109,6386,16
1352901600,1728.109,1733.91,1721.645,1729.764,8634,16
1352916000,1729.764,1734.116,1723.151,1726.404,5071,16
1352930400,1726.404,1727.239,1723.039,1725.765,1828,13
1352944800,1725.765,1728.037,1724.2,1725.236,2079,16
1352959200,1725.236,1726.807,1722.837,1724.805,2782,16
1352973600,1724.805,1725.657,1716.067,1723.405,7169,16
1352988000,1723.405,1724.954,1704.884,1713.206,13118,16
1353002400,1713.206,1716.543,1712.724,1715.863,3513,16
1353016800,1715.863,1717.517,1714.073,1714.616,1748,13
1353031200,1714.616,1714.903,1711.807,1713.865,1753,16
1353045600,1713.865,1716.424,1709.221,1709.922,3564,16
1353060000,1709.922,1714.533,1705.894,1712.406,5514,16
1353074400,1712.406,1717.085,1707.946,1715.341,11796,16
1353088800,1715.341,1716.501,1711.65,1713.962,2277,16
1353276000,1713.962,1722.192,1713.962,1721.454,2140,12
1353290400,1721.454,1723.812,1721.337,1721.945,1698,16
1353304800,1721.945,1724.978,1721.493,1723.012,2703,16
1353319200,1723.012,1732.039,1722.002,1731.414,4152,16
1353333600,1731.414,1735.708,1727.652,1733.615,8077,16
1353348000,1733.615,1734.952,1730.733,1731.71,2203,16
1353362400,1731.71,1733.758,1729.474,1733.655,1816,13
1353376800,1733.655,1734.923,1732.369,1734.334,1445,16
1353391200,1734.334,1735.452,1731.377,1732.786,3311,16
1353405600,1732.786,1735.593,1730.229,1732.187,4622,16
1353420000,1732.187,1734.122,1723.071,1725.899,8246,16
1353434400,1725.899,1729.506,1722.231,1727.065,2988,16
1353448800,1727.065,1729.236,1725.7,1727.921,1116,13
1353463200,1727.921,1730.744,1719.826,1724.198,2604,16
1353477600,1724.198,1728.492,1722.715,1726.005,3648,16
1353492000,1726.005,1729.04,1724.738,1725.945,4789,16
1353506400,1725.945,1730.172,1723.391,1729.911,6585,16
1353520800,1729.911,1732.095,1727.874,1728.783,1753,16
1353535200,1728.783,1732.627,1728.35,1731.578,1662,13
1353549600,1731.578,1732.194,1730.429,1731.277,1264,16
1353564000,1731.277,1731.531,1728.733,1728.737,2222,16
1353578400,1728.737,1732.323,1728.687,1730.931,1797,16
1353592800,1730.931,1732.514,1729.854,1730.342,1475,16
1353607200,1730.342,1730.438,1730.342,1730.438,3,1
1353621600,1730.438,1730.767,1728.279,1730.073,1093,12
1353636000,1730.073,1730.724,1728.984,1730.239,876,16
1353650400,1730.239,1734.398,1730.175,1734.128,3031,16
1353664800,1734.128,1734.957,1731.773,1732.217,2978,16
1353679200,1732.217,1754.49,1732.044,1750.792,9518,16
1353693600,1750.792,1750.792,1750.792,1750.792,1,1
1353880800,1750.792,1751.619,1748.311,1748.551,2084,12
1353895200,1748.551,1752.027,1747.518,1750.58,1774,16
1353909600,1750.58,1750.955,1746.115,1748.584,2934,16
1353924000,1748.584,1752.244,1746.166,1751.086,5195,16
1353938400,1751.086,1751.723,1747.049,1750.049,6629,16
1353952800,1750.049,1750.694,1748.335,1748.699,1777,16
1353967200,1748.699,1751.928,1748.634,1749.858,1821,13
1353981600,1749.858,1750.799,1749.327,1750.119,1092,16
1353996000,1750.119,1750.648,1747.522,1748.354,2872,16
1354010400,1748.354,1749.325,1745.465,1748.361,5041,16
1354024800,1748.361,1748.897,1742.671,1745.495,7630,16
1354039200,1745.495,1745.495,1740.594,1742.185,3216,16
1354053600,1742.185,1743.177,1740.53,1740.695,1040,13
1354068000,1740.695,1741.801,1738.682,1739.173,1094,16
1354082400,1739.173,1741.864,1737.689,1740.412,3073,16
1354096800,1740.412,1742.06,1710.921,1715.067,9167,16
1354111200,1715.067,1721.9,1705.89,1720.574,12758,16
1354125600,1720.574,1720.749,1715.053,1719.638,3438,16
1354140000,1719.638,1723.863,1719.533,1721.864,1488,13
1354154400,1721.864,1722.671,1718.902,1719.677,1408,16
1354168800,1719.677,1724.652,1718.146,1724.562,2693,16
1354183200,1724.562,1727.965,1721.05,1723.442,4880,16
1354197600,1723.442,1728.712,1722.041,1726.562,10636,16
1354212000,1726.562,1728.369,1725.058,1725.697,1753,16
1354226400,1725.697,1726.526,1724.469,1725.774,1324,13
1354240800,1725.774,1730.802,1725.13,1730.627,1749,16
1354255200,1730.627,1731.811,1727.603,1728.307,3133,16
1354269600,1728.307,1731.333,1720.003,1723.436,5457,16
1354284000,1723.436,1726.217,1711.424,1714.716,9844,16
1354298400,1714.716,1715.73,1708.571,1714.878,5107,16
1354485600,1714.878,1720.75,1714.396,1719.87,1962,12
1354500000,1719.87,1720.49,1718.15,1719.459,1711,16
1354514400,1719.459,1720.46,1717.847,1718.946,2878,16
1354528800,1718.946,1721.321,1714.084,1716.603,5320,16
1354543200,1716.603,1722.767,1712.837,1717.139,7414,16
1354557600,1717.139,1719.679,1714.648,1715.847,2637,16
1354572000,1715.847,1717.474,1712.728,1713.693,1333,13
1354586400,1713.693,1714.316,1698.761,1700.826,3022,16
1354600800,1700.826,1709.367,1700.365,1706.065,3688,16
1354615200,1706.065,1707.549,1692.946,1694.36,6943,16
1354629600,1694.36,1701.592,1691.434,1693.767,9850,16
1354644000,1693.767,1698.053,1692.05,1697.6,4573,16
1354658400,1697.6,1699.641,1695.15,1698.96,1428,13
1354672800,1698.96,1702.66,1698.547,1701.993,1688,16
1354687200,1701.993,1706.995,1701.369,1703.126,2500,16
1354701600,1703.126,1706.168,1697.199,1699.21,5037,16
1354716000,1699.21,1699.301,1684.86,1692.991,12093,16
1354730400,1692.991,1694.528,1691.491,1693.907,1996,16
1354744800,1693.907,1696.498,1690.303,1690.996,1847,13
1354759200,1690.996,1694.209,1687.607,1688.992,2186,16
1354773600,1688.992,1693.274,1687.031,1692.264,3036,16
1354788000,1692.264,1694.307,1686.049,1688.933,5631,16
1354802400,1688.933,1703.359,1686.451,1698.302,11874,16
1354816800,1698.302,1701.263,1697.301,1699.891,1981,16
1354831200,1699.891,1703.387,1699.406,1703.197,1254,13
1354845600,1703.197,1703.968,1701.597,1701.632,956,16
1354860000,1701.632,1703.353,1697.379,1697.389,2869,16
1354874400,1697.389,1702.545,1684.008,1698.726,8226,16
1354888800,1698.726,1705.538,1695.068,1701.933,11792,16
1354903200,1701.933,1704.983,1701.658,1704.266,1913,16
1355090400,1704.266,1708.138,1702.905,1707.123,1720,12
1355104800,1707.123,1708.943,1705.432,1708.728,1390,16
1355119200,1708.728,1711.697,1707.231,1710.467,2701,16
1355133600,1710.467,1717.345,1708.405,1715.603,3567,16
1355148000,1715.603,1716.283,1712.076,1712.756,4520,16
1355162400,1712.756,1714.391,1710.931,1712.962,1161,16
1355176800,1712.962,1713.358,1708.39,1709.593,1324,13
1355191200,1709.593,1710.639,1706.823,1709.51,1923,16
1355205600,1709.51,1710.609,1708.134,1709.653,2275,16
1355220000,1709.653,1714.515,1709.1,1712.637,4028,16
1355234400,1712.637,1713.377,1704.99,1708.22,6000,16
1355248800,1708.22,1710.397,1707.05,1710.079,1256,16
1355263200,1710.079,1711.172,1708.959,1710.842,1148,13
1355277600,1710.842,1712.232,1710.009,1710.807,1497,16
1355292000,1710.807,1715.533,1710.541,1714.185,2195,16
1355306400,1714.185,1717.819,1712.85,1716.135,3274,16
1355320800,1716.135,1723.4385,1707.517,1721.6985,36820,16
1355335200,1721.6985,1721.9045,1711.0005,1711.697,21527,16
1355349600,1711.697,1711.9985,1694.3185,1697.089,16067,13
1355364000,1697.089,1701.7735,1696.749,1698.186,9662,16
1355378400,1698.186,1700.798,1695.783,1698.613,3495,16
1355392800,1698.613,1698.613,1691.104,1694.252,5640,16
1355407200,1694.252,1702.541,1689.614,1696.972,10093,16
1355421600,1696.972,1698.365,1693.543,1697.136,3818,16
1355436000,1697.136,1700.381,1694.3235,1699.4595,9504,13
1355450400,1699.4595,1699.771,1695.9495,1697.843,9487,16
1355464800,1697.843,1700.607,1696.655,1698.4825,14363,16
1355479200,1698.4825,1699.7775,1693.9955,1696.0715,15490,16
1355493600,1696.0715,1698.124,1693.432,1695.788,26181,16
1355508000,1695.788,1696.9295,1694.523,1696.064,7622,16
1355695200,1696.064,1699.9525,1688.7335,1691.9295,10602,12
1355709600,1691.9295,1692.9155,1689.614,1691.184,8372,16
1355724000,1691.184,1691.919,1686.658,1690.2375,13948,16
1355738400,1690.2375,1698.221,1689.356,1696.7615,14604,16
1355752800,1696.7615,1699.4775,1694.666,1696.405,16531,16
1355767200,1696.405,1698.5835,1695.8165,1698.2325,5148,16
1355781600,1698.2325,1700.4625,1696.254,1699.427,5833,13
1355796000,1699.427,1703.296,1698.739,1702.585,7752,16
1355810400,1702.585,1703.029,1700.651,1701.358,8175,16
1355824800,1701.358,1701.358,1696.1935,1697.4205,10973,16
1355839200,1697.4205,1698.6535,1672.847,1675.858,39864,16
1355853600,1675.858,1675.961,1661.0455,1671.1615,21080,16
1355868000,1671.1615,1676.95,1670.8,1674.5635,7501,13
1355882400,1674.5635,1676.022,1671.492,1674.889,8334,16
1355896800,1674.889,1676.8005,1672.1935,1675.6245,13141,16
1355911200,1675.6245,1676.6795,1665.266,1665.9685,20850,16
1355925600,1665.9685,1674.758,1664.4045,1668.6745,24943,16
1355940000,1668.6745,1670.2005,1663.5355,1667.256,12183,16
1355954400,1667.256,1669.7515,1665.2975,1667.15,8424,13
1355968800,1667.15,1669.2655,1666.2865,1667.9815,7848,16
1355983200,1667.9815,1672.0125,1667.817,1668.911,10364,16
1355997600,1668.911,1670.835,1652.7725,1652.9205,22215,16
1356012000,1652.9205,1656.473,1635.8375,1642.289,49282,16
1356026400,1642.289,1649.6745,1640.859,1647.956,12445,16
1356040800,1647.956,1649.223,1643.8645,1644.2545,10955,13
1356055200,1644.2545,1644.3945,1635.807,1643.7455,16355,16
1356069600,1643.7455,1651.8185,1643.684,1650.3465,13238,16
1356084000,1650.3465,1651.0265,1645.393,1648.7495,19023,16
1356098400,1648.7495,1659.531,1647.9625,1658.2565,27389,16
1356112800,1658.2565,1659.855,1654.2205,1657.0375,11570,16
1356300000,1657.0375,1659.0655,1652.115,1656.866,7298,12
1356314400,1656.866,1660.0895,1655.4035,1659.678,5764,16
1356328800,1659.678,1665.97,1659.0815,1663.465,10131,16
1356343200,1663.465,1665.539,1659.5345,1661.303,12055,16
1356357600,1661.303,1662.1655,1656.9755,1658.464,14084,16
1356372000,1658.464,1658.464,1658.4545,1658.4545,2,1
1356516000,1658.4545,1662.5295,1657.7505,1661.9995,3232,4
1356530400,1661.9995,1668.083,1658.8785,1660.324,13465,16
1356544800,1660.324,1661.408,1659.204,1659.513,5572,16
1356559200,1659.513,1660.2545,1653.5175,1658.1665,7094,13
1356573600,1658.1665,1659.045,1656.2635,1656.5275,5463,16
1356588000,1656.5275,1659.46,1655.3785,1658.166,8149,16
1356602400,1658.166,1658.7405,1653.713,1656.095,12019,16
1356616800,1656.095,1665.4695,1652.738,1663.393,25220,16
1356631200,1663.393,1665.4675,1662.3475,1664.1235,8645,16
1356645600,1664.1235,1666.5015,1661.706,1663.1725,7482,13
1356660000,1663.1725,1664.7355,1660.7685,1662.601,6381,16
1356674400,1662.601,1662.743,1658.8255,1660.316,9965,16
1356688800,1660.316,1662.8055,1657.415,1662.3065,11793,16
1356703200,1662.3065,1662.3855,1653.99,1656.991,19440,16
1356717600,1656.991,1658.0725,1653.8235,1656.088,8954,16
1356904800,1656.088,1660.613,1655.626,1659.992,4633,12
1356919200,1659.992,1664.0435,1659.9405,1663.6895,6543,16
1356933600,1663.6895,1668.939,1662.9945,1666.417,6948,16
1356948000,1666.417,1667.012,1656.7955,1661.259,13350,16
1356962400,1661.259,1680.5195,1660.2065,1676.2445,23042,16
1356976800,1676.2445,1676.2445,1676.2445,1676.2445,1,1
1357077600,1676.2445,1678.558,1673.1455,1676.631,3265,4
1357092000,1676.631,1680.6335,1674.73,1680.1355,9579,16
1357106400,1680.1355,1684.91,1679.912,1682.159,12412,16
1357120800,1682.159,1692.158,1681.14,1689.626,23265,16
1357135200,1689.626,1694.972,1685.7395,1688.216,27193,16
1357149600,1688.216,1690.1715,1684.8275,1686.886,11827,16
1357164000,1686.886,1690.119,1685.5015,1686.883,5715,13
1357178400,1686.883,1688.61,1686.318,1686.703,6599,16
1357192800,1686.703,1688.279,1683.1095,1684.397,13510,16
1357207200,1684.397,1684.8935,1675.167,1677.038,24857,16
1357221600,1677.038,1682.134,1675.469,1676.7985,18222,16
1357236000,1676.7985,1677.3705,1660.9705,1664.025,29473,16
1357250400,1664.025,1664.307,1645.513,1648.4905,20400,13
1357264800,1648.4905,1654.303,1647.2955,1651.986,12959,16
1357279200,1651.986,1654.231,1635.3605,1636.672,24525,16
1357293600,1636.672,1646.3665,1626.0225,1645.887,47761,16
1357308000,1645.887,1653.5785,1640.707,1646.916,38764,16
1357322400,1646.916,1658.9415,1646.197,1655.7705,18284,16
1357509600,1655.7705,1660.879,1655.7705,1659.3385,12839,12
1357524000,1659.3385,1662.828,1657.6155,1661.5055,12323,16
1357538400,1661.5055,1661.9175,1652.3605,1653.374,15043,16
1357552800,1653.374,1659.096,1645.354,1646.303,21743,16
1357567200,1646.303,1651.9975,1642.932,1645.9405,29284,16
1357581600,1645.9405,1648.5145,1643.5865,1646.9935,10054,16
1357596000,1646.9935,1653.1165,1646.849,1649.159,11232,13
1357610400,1649.159,1651.343,1646.98,1649.6925,15091,16
1357624800,1649.6925,1653.075,1647.541,1652.6595,20197,16
1357639200,1652.6595,1657.5125,1650.5065,1652.9375,18708,16
1357653600,1652.9375,1660.571,1652.5975,1659.4635,34387,16
1357668000,1659.4635,1662.719,1658.0775,1659.2565,12350,16
1357682400,1659.2565,1661.533,1657.565,1658.803,9129,13
1357696800,1658.803,1663.4435,1657.593,1662.2175,6721,16
1357711200,1662.2175,1666.0625,1660.9885,1662.81,14675,16
1357725600,1662.81,1664.8025,1658.54,1663.8,14664,16
1357740000,1663.8,1664.1925,1651.538,1653.2765,28152,16
1357754400,1653.2765,1658.3245,1651.7025,1657.81,9963,16
1357768800,1657.81,1658.709,1653.9715,1655.2795,7159,13
1357783200,1655.2795,1658.6425,1655.2795,1657.885,7844,16
1357797600,1657.885,1663.3215,1657.83,1662.416,11079,16
1357812000,1662.416,1672.7525,1659.0365,1669.3515,23601,16
1357826400,1669.3515,1678.9675,1667.7915,1676.7555,29940,16
1357840800,1676.7555,1678.4565,1672.9355,1675.454,10143,16
1357855200,1675.454,1676.4615,1671.2445,1673.5635,10542,13
1357869600,1673.5635,1675.008,1671.4475,1672.41,7500,16
1357884000,1672.41,1674.0645,1668.9475,1670.097,14511,16
1357898400,1670.097,1676.974,1666.738,1675.0435,19062,16
1357912800,1675.0435,1675.281,1653.4955,1657.902,40008,16
1357927200,1657.902,1663.9285,1657.2635,1662.8785,11210,16
1358114400,1662.8785,1666.8555,1660.213,1665.672,7145,12
1358128800,1665.672,1668.157,1663.535,1666.6855,6739,16
1358143200,1666.6855,1670.1855,1665.9455,1668.8835,10311,16
1358157600,1668.8835,1675.016,1667.7015,1671.669,14799,16
1358172000,1671.669,1673.404,1664.269,1665.4835,23526,16
1358186400,1665.4835,1670.147,1665.125,1667.793,11125,16
1358200800,1667.793,1669.474,1666.642,1668.2955,7484,13
1358215200,1668.2955,1674.1305,1668.009,1671.2515,11648,16
1358229600,1671.2515,1684.102,1670.749,1681.319,19689,16
1358244000,1681.319,1684.902,1676.175,1681.5205,23429,16
1358258400,1681.5205,1685.198,1676.8705,1683.5355,25339,16
1358272800,1683.5355,1685.221,1678.309,1679.455,13554,16
1358287200,1679.455,1684.7065,1678.8115,1681.9365,8378,13
1358301600,1681.9365,1683.538,1680.859,1682.508,8104,16
1358316000,1682.508,1684.9055,1677.3475,1678.403,13497,16
1358330400,1678.403,1681.124,1673.7115,1678.223,16311,16
1358344800,1678.223,1681.954,1674.8975,1680.4155,21534,16
1358359200,1680.4155,1683.714,1679.5365,1680.0,8440,16
1358373600,1680.0,1681.055,1678.978,1679.97,5972,13
1358388000,1679.97,1680.358,1676.6995,1678.8325,9722,16
1358402400,1678.8325,1683.2135,1678.017,1681.002,14104,16
1358416800,1681.002,1684.059,1669.637,1669.642,21865,16
1358431200,1669.642,1697.37,1666.861,1694.488,42899,16
1358445600,1694.488,1694.8835,1686.961,1687.709,13947,16
1358460000,1687.709,1688.6895,1686.086,1688.4275,7499,13
1358474400,1688.4275,1691.0775,1687.749,1690.978,9957,16
1358488800,1690.978,1693.7075,1689.375,1690.7495,13342,16
1358503200,1690.7495,1695.397,1688.625,1693.0085,16833,16
1358517600,1693.0085,1694.919,1685.6545,1689.711,29005,16
1358532000,1689.711,1690.034,1683.818,1684.394,10333,16
1358719200,1684.394,1691.402,1684.394,1689.8255,9609,12
1358733600,1689.8255,1690.812,1688.912,1690.105,7543,16
1358748000,1690.105,1691.3955,1687.7375,1687.833,10232,16
1358762400,1687.833,1690.7005,1686.205,1686.205,12068,16
1358776800,1686.205,1690.0005,1685.9675,1689.842,8962,16
1358791200,1689.842,1690.1695,1689.49,1689.915,3088,5
1358805600,1689.915,1691.189,1689.359,1690.107,4573,12
1358820000,1690.107,1694.538,1689.9105,1694.5285,12852,16
1358834400,1694.5285,1694.6265,1690.87,1692.738,12978,16
1358848800,1692.738,1694.024,1688.447,1691.528,14852,16
1358863200,1691.528,1696.1745,1686.8295,1694.5435,22598,16
1358877600,1694.5435,1695.1865,1690.5425,1692.7385,8491,16
1358892000,1692.7385,1695.151,1691.827,1693.5065,4873,13
1358906400,1693.5065,1694.023,1692.257,1692.2975,5574,16
1358920800,1692.2975,1693.5915,1690.6625,1692.329,10645,16
1358935200,1692.329,1695.138,1691.3005,1693.1605,9854,16
1358949600,1693.1605,1693.4965,1683.8415,1687.0635,26343,16
1358964000,1687.0635,1689.1685,1684.7315,1685.852,9481,16
1358978400,1685.852,1686.3125,1681.657,1683.1085,7507,13
1358992800,1683.1085,1684.259,1677.682,1678.788,9064,16
1359007200,1678.788,1683.286,1678.0125,1678.505,14159,16
1359021600,1678.505,1679.542,1669.5225,1673.6955,21689,16
1359036000,1673.6955,1676.029,1665.125,1669.3235,30210,16
1359050400,1669.3235,1671.0035,1665.973,1668.04,11246,16
1359064800,1668.04,1669.1345,1663.6705,1667.442,9442,13
1359079200,1667.442,1670.492,1667.038,1669.483,4959,16
1359093600,1669.483,1672.3705,1667.7235,1668.6445,15287,16
1359108000,1668.6445,1671.4395,1660.0955,1662.0705,28010,16
1359122400,1662.0705,1663.353,1656.046,1658.5625,35177,16
1359136800,1658.5625,1660.312,1657.074,1658.7695,11014,16
1359324000,1658.7695,1661.653,1658.091,1660.499,6670,12
1359338400,1660.499,1661.33,1659.046,1660.616,5771,16
1359352800,1660.616,1662.527,1655.246,1656.761,12434,16
1359367200,1656.761,1658.876,1652.116,1654.929,15355,16
1359381600,1654.929,1660.185,1653.6435,1654.752,16953,16
1359396000,1654.752,1656.343,1652.943,1655.6745,7810,16
1359410400,1655.6745,1659.6555,1654.7495,1658.5985,5741,13
1359424800,1658.5985,1661.6535,1658.2955,1661.413,6539,16
1359439200,1661.413,1664.9975,1660.9655,1662.0085,10975,16
1359453600,1662.0085,1664.6625,1660.434,1663.266,11447,16
1359468000,1663.266,1666.1685,1659.8235,1662.174,20257,16
1359482400,1662.174,1664.664,1660.012,1663.847,10107,16
1359496800,1663.847,1665.213,1663.05,1664.145,5815,13
1359511200,1664.145,1667.742,1663.467,1666.861,4843,16
1359525600,1666.861,1668.9435,1665.24,1666.5225,10350,16
1359540000,1666.5225,1678.331,1662.9615,1675.5725,23867,16
1359554400,1675.5725,1683.18,1675.5545,1678.84,25887,16
1359568800,1678.84,1684.0985,1674.2745,1677.0625,22738,16
1359583200,1677.0625,1678.64,1675.17,1676.7055,5673,13
1359597600,1676.7055,1680.882,1676.2935,1680.212,7335,16
1359612000,1680.212,1680.6275,1674.3485,1674.745,12457,16
1359626400,1674.745,1677.5935,1670.722,1672.138,17551,16
1359640800,1672.138,1672.147,1658.0125,1662.4865,37608,16
1359655200,1662.4865,1664.9825,1660.5635,1663.6705,11179,16
1359669600,1663.6705,1664.788,1660.5585,1661.304,6305,13
1359684000,1661.304,1662.9215,1660.124,1662.1275,7937,16
1359698400,1662.1275,1665.6835,1661.808,1664.8085,11676,16
1359712800,1664.8085,1675.2515,1662.0495,1672.3925,29347,16
1359727200,1672.3925,1682.444,1662.2555,1671.5635,46563,16
1359741600,1671.5635,1671.738,1666.9485,1667.4585,10498,16
1359928800,1667.4585,1669.1485,1665.221,1668.3395,7520,12
1359943200,1668.3395,1673.314,1668.2945,1672.129,9019,16
1359957600,1672.129,1673.0145,1664.767,1664.9835,11488,16
1359972000,1664.9835,1666.213,1662.2455,1663.722,13345,16
1359986400,1663.722,1677.708,1661.5595,1674.249,26726,16
1360000800,1674.249,1676.091,1673.0445,1674.412,10272,16
1360015200,1674.412,1675.114,1670.689,1673.8485,6632,13
1360029600,1673.8485,1676.3495,1673.168,1675.918,6175,16
1360044000,1675.918,1678.8365,1672.674,1678.0495,13216,16
1360058400,1678.0495,1685.483,1672.8375,1683.1765,21327,16
1360072800,1683.1765,1683.795,1666.761,1672.8895,35139,16
1360087200,1672.8895,1673.609,1670.77,1672.877,9456,16
1360101600,1672.877,1675.107,1671.4865,1671.8725,6755,13
1360116000,1671.8725,1674.101,1671.36,1673.5245,5595,16
1360130400,1673.5245,1674.2395,1669.5535,1671.0135,11338,16
1360144800,1671.0135,1678.113,1668.325,1674.3665,18320,16
1360159200,1674.3665,1679.585,1673.4095,1676.958,21603,16
1360173600,1676.958,1679.879,1676.189,1677.611,8414,16
1360188000,1677.611,1679.1855,1676.7265,1677.9115,6509,13
1360202400,1677.9115,1681.3065,1677.3775,1680.7315,7003,16
1360216800,1680.7315,1681.401,1675.215,1675.4665,12325,16
1360231200,1675.4665,1680.5575,1673.7855,1676.653,19843,16
1360245600,1676.653,1683.237,1663.19,1671.1875,54278,16
1360260000,1671.1875,1673.1605,1670.203,1671.452,11138,16
1360274400,1671.452,1672.9925,1667.998,1670.1675,7746,13
1360288800,1670.1675,1672.738,1669.887,1672.3545,6873,16
1360303200,1672.3545,1673.6485,1669.0105,1670.3405,12111,16
1360317600,1670.3405,1671.7545,1666.1805,1666.8345,17255,16
1360332000,1666.8345,1673.596,1665.24,1666.2015,31866,16
1360346400,1666.2015,1669.1955,1666.09,1667.3135,7241,16
1360533600,1667.3135,1669.276,1666.3325,1667.338,5198,12
1360548000,1667.338,1668.863,1666.863,1667.6865,4286,16
1360562400,1667.6865,1669.7465,1662.1435,1662.7105,16610,16
1360576800,1662.7105,1664.5285,1643.822,1649.695,24181,16
1360591200,1649.695,1652.7415,1645.1935,1647.366,46511,16
1360605600,1647.366,1651.2085,1647.3455,1648.021,15273,16
1360620000,1648.021,1648.775,1642.626,1645.56,11661,13
1360634400,1645.56,1647.6005,1642.8695,1646.728,12637,16
1360648800,1646.728,1646.94,1641.1195,1643.496,23754,16
1360663200,1643.496,1650.4085,1639.3525,1648.572,36840,16
1360677600,1648.572,1653.449,1641.445,1649.7815,47844,16
1360692000,1649.7815,1652.17,1648.392,1651.3275,11454,16
1360706400,1651.3275,1653.138,1650.856,1652.759,7560,13
1360720800,1652.759,1653.519,1649.571,1649.792,13937,16
1360735200,1649.792,1650.3985,1646.184,1647.271,16004,16
1360749600,1647.271,1653.9565,1645.1755,1651.862,39463,16
1360764000,1651.862,1652.723,1642.5535,1646.1685,48667,16
1360778400,1646.1685,1646.1685,1640.5415,1642.5765,18550,16
1360792800,1642.5765,1644.883,1641.892,1644.4845,7818,13
1360807200,1644.4845,1646.356,1644.301,1645.764,8514,16
1360821600,1645.764,1646.1485,1641.4305,1641.5575,16579,16
1360836000,1641.5575,1650.141,1637.6405,1647.7335,47878,16
1360850400,1647.7335,1650.0515,1633.674,1634.577,71460,16
1360864800,1634.577,1637.4645,1632.9665,1634.8815,22729,16
1360879200,1634.8815,1636.12,1630.4525,1632.1445,12207,13
1360893600,1632.1445,1634.9825,1631.1755,1633.4755,15941,16
1360908000,1633.4755,1634.3425,1628.0345,1628.2145,20446,16
1360922400,1628.2145,1629.89,1613.2805,1613.5105,56530,16
1360936800,1613.5105,1617.653,1598.0195,1607.01,88893,16
1360951200,1607.01,1610.231,1603.864,1610.084,25216,16
1361138400,1610.084,1618.912,1609.159,1618.556,2208,12
1361152800,1618.556,1618.556,1611.775,1615.29,2648,16
1361167200,1615.29,1617.553,1612.38,1612.38,3596,16
1361181600,1612.38,1613.013,1609.215,1611.222,4030,16
1361196000,1611.222,1613.05,1607.285,1609.891,2667,16
1361210400,1609.891,1609.891,1609.891,1609.891,1,1
1361224800,1609.891,1614.991,1609.771,1614.543,1359,12
1361239200,1614.543,1615.289,1612.827,1613.953,1133,16
1361253600,1613.953,1614.939,1611.509,1612.752,2645,16
1361268000,1612.752,1614.52,1608.627,1610.554,4703,16
1361282400,1610.554,1611.073,1600.8695,1605.3595,26068,16
1361296800,1605.3595,1608.2375,1603.148,1605.1085,15897,16
1361311200,1605.1085,1609.582,1604.5215,1608.3115,13825,13
1361325600,1608.3115,1608.87,1606.3,1607.213,14777,16
1361340000,1607.213,1609.0295,1604.21,1604.4135,14216,16
1361354400,1604.4135,1604.4925,1588.858,1592.9715,53344,16
1361368800,1592.9715,1593.7625,1578.194,1580.0955,96207,16
1361383200,1580.0955,1580.9505,1558.7555,1564.5105,88699,16
1361397600,1564.5105,1571.5605,1555.946,1556.971,31231,13
1361412000,1556.971,1563.9045,1555.0955,1563.582,35075,16
1361426400,1563.582,1571.4775,1563.258,1569.9695,42422,16
1361440800,1569.9695,1575.1255,1565.978,1570.7415,55817,16
1361455200,1570.7415,1585.116,1568.036,1579.27,88155,16
1361469600,1579.27,1581.389,1574.3275,1576.2965,22575,16
1361484000,1576.2965,1581.701,1576.143,1580.5545,13165,13
1361498400,1580.5545,1587.225,1580.5545,1586.4345,22825,16
1361512800,1586.4345,1587.296,1579.788,1581.108,26001,16
1361527200,1581.108,1583.094,1574.676,1576.002,36347,16
1361541600,1576.002,1579.0165,1570.06,1572.343,59894,16
1361556000,1572.343,1582.229,1572.2315,1581.3815,23572,16
1361743200,1581.3815,1582.153,1575.305,1581.757,19488,12
1361757600,1581.757,1586.831,1581.3135,1586.558,19753,16
1361772000,1586.558,1592.679,1584.541,1591.615,26545,16
1361786400,1591.615,1594.49,1586.901,1587.49,35845,16
1361800800,1587.49,1592.198,1584.273,1590.207,57410,16
1361815200,1590.207,1597.074,1586.1825,1593.437,32540,16
1361829600,1593.437,1598.519,1592.143,1597.9695,14414,13
1361844000,1597.9695,1598.2005,1591.0515,1593.3655,22815,16
1361858400,1593.3655,1602.298,1587.958,1598.4915,43081,16
1361872800,1598.4915,1598.981,1589.8235,1596.773,38063,16
1361887200,1596.773,1620.1655,1584.2665,1614.2135,138574,16
1361901600,1614.2135,1617.828,1612.2945,1613.7045,21419,16
1361916000,1613.7045,1614.9595,1611.8605,1613.0215,14420,13
1361930400,1613.0215,1613.723,1609.827,1610.601,15084,16
1361944800,1610.601,1612.8075,1608.1365,1609.7375,20753,16
1361959200,1609.7375,1611.289,1603.53,1606.464,33068,16
1361973600,1606.464,1608.56,1596.229,1597.5455,53175,16
1361988000,1597.5455,1598.6365,1592.432,1597.153,24837,16
1362002400,1597.153,1598.9195,1595.8415,1596.956,7894,13
1362016800,1596.956,1599.788,1596.36,1599.4095,6337,16
1362031200,1599.4095,1603.098,1588.148,1589.0705,29338,16
1362045600,1589.0705,1595.0685,1586.2175,1593.4975,40208,16
1362060000,1593.4975,1596.9175,1575.1275,1581.418,82785,16
1362074400,1581.418,1582.2455,1575.054,1579.6075,29664,16
1362088800,1579.6075,1583.6035,1579.323,1582.0535,12183,13
1362103200,1582.0535,1583.473,1576.963,1579.746,8537,16
1362117600,1579.746,1582.224,1564.937,1568.6905,22498,16
1362132000,1568.6905,1587.3835,1565.8165,1583.2,58832,16
1362146400,1583.2,1587.348,1572.422,1573.0095,85488,16
1362160800,1573.0095,1577.481,1572.916,1576.35,19457,16
1362348000,1576.35,1585.034,1576.35,1582.562,15229,12
1362362400,1582.562,1582.718,1576.389,1579.045,19169,16
1362376800,1579.045,1581.7215,1572.5195,1578.21,21695,16
1362391200,1578.21,1580.6025,1575.377,1576.936,26162,16
1362405600,1576.936,1579.007,1570.8725,1574.155,53196,16
1362420000,1574.155,1574.7985,1569.529,1573.9025,22381,16
1362434400,1573.9025,1578.741,1573.8965,1577.529,9253,13
1362448800,1577.529,1582.297,1576.8545,1581.67,13691,16
1362463200,1581.67,1584.026,1579.247,1581.47,19809,16
1362477600,1581.47,1586.6635,1580.0025,1581.405,28515,16
1362492000,1581.405,1585.169,1572.5895,1572.795,56814,16
1362506400,1572.795,1578.0015,1572.169,1575.379,14728,16
1362520800,1575.379,1580.364,1575.0355,1578.6305,9174,13
1362535200,1578.6305,1579.4815,1577.89,1578.801,8612,16
1362549600,1578.801,1579.489,1574.2375,1575.2685,15940,16
1362564000,1575.2685,1579.3975,1572.617,1577.825,32192,16
1362578400,1577.825,1585.1475,1567.3995,1575.9995,77529,16
1362592800,1575.9995,1585.0535,1575.145,1583.879,19247,16
1362607200,1583.879,1585.4705,1579.512,1580.544,10614,13
1362621600,1580.544,1585.4785,1580.4925,1583.531,12438,16
1362636000,1583.531,1585.626,1580.57,1581.024,17288,16
1362650400,1581.024,1585.337,1578.5515,1583.002,36787,16
1362664800,1583.002,1584.7425,1575.302,1576.718,53261,16
1362679200,1576.718,1579.119,1575.0565,1578.963,15517,16
1362693600,1578.963,1580.353,1577.824,1579.133,7434,13
1362708000,1579.133,1579.368,1576.2885,1577.667,11735,16
1362722400,1577.667,1582.6055,1577.4745,1579.875,17731,16
1362736800,1579.875,1580.312,1561.5515,1566.3365,56858,16
1362751200,1566.3365,1583.9815,1561.6965,1577.6105,100166,16
1362765600,1577.6105,1579.422,1576.1755,1578.793,15541,16
1362949200,1578.793,1579.691,1575.666,1577.843,9629,12
1362963600,1577.843,1581.9385,1577.822,1580.715,15675,16
1362978000,1580.715,1583.325,1579.2325,1579.7565,12042,16
1362992400,1579.7565,1581.0205,1576.475,1578.617,21486,16
1363006800,1578.617,1582.1225,1577.765,1579.2965,33078,16
1363021200,1579.2965,1582.0795,1577.7745,1581.5345,14249,16
1363035600,1581.5345,1582.574,1580.0815,1580.471,6518,13
1363050000,1580.471,1584.662,1580.2985,1583.849,13196,16
1363064400,1583.849,1584.6295,1581.8745,1582.458,13041,16
1363078800,1582.458,1598.1585,1582.1245,1593.653,37978,16
1363093200,1593.653,1598.4785,1590.5435,1592.51,47382,16
1363107600,1592.51,1594.111,1592.025,1592.8575,9354,16
1363122000,1592.8575,1594.1685,1592.666,1593.466,6429,13
1363136400,1593.466,1594.24,1592.2255,1593.109,10180,16
1363150800,1593.109,1594.2635,1589.957,1590.507,15869,16
1363165200,1590.507,1597.144,1589.5195,1593.145,30937,16
1363179600,1593.145,1599.498,1585.632,1586.574,64753,16
1363194000,1586.574,1590.522,1586.2645,1587.782,12860,16
1363208400,1587.782,1589.767,1587.0725,1588.611,8123,13
1363222800,1588.611,1589.302,1583.777,1587.4785,17602,16
1363237200,1587.4785,1589.469,1586.269,1587.749,17914,16
1363251600,1587.749,1588.4145,1576.854,1580.833,35735,16
1363266000,1580.833,1593.4015,1580.2685,1592.0895,51103,16
1363280400,1592.0895,1593.0745,1587.7955,1590.041,19227,16
1363294800,1590.041,1590.89,1588.667,1590.6305,4542,13
1363309200,1590.6305,1592.4525,1590.457,1591.722,8888,16
1363323600,1591.722,1594.5165,1591.165,1592.4935,8784,16
1363338000,1592.4935,1596.124,1591.529,1594.855,18071,16
1363352400,1594.855,1598.991,1590.441,1594.239,52551,16
1363366800,1594.239,1594.6405,1591.2665,1592.0765,14299,16
1363554000,1592.0765,1608.743,1592.0765,1603.4765,20909,12
1363568400,1603.4765,1603.668,1591.2255,1598.294,31386,16
1363582800,1598.294,1606.435,1595.658,1603.8155,29126,16
1363597200,1603.8155,1609.211,1599.83,1606.768,31987,16
1363611600,1606.768,1611.252,1602.112,1606.8095,52849,16
1363626000,1606.8095,1607.3225,1603.5225,1605.5645,18258,16
1363640400,1605.5645,1606.6525,1603.7885,1604.672,4941,13
1363654800,1604.672,1607.051,1602.7855,1605.3585,13929,16
1363669200,1605.3585,1606.3425,1602.436,1602.642,13627,16
1363683600,1602.642,1604.664,1600.1705,1602.376,22758,16
1363698000,1602.376,1615.207,1601.844,1614.6055,67601,16
1363712400,1614.6055,1615.7095,1609.489,1612.897,28135,16
1363726800,1612.897,1613.912,1611.9595,1612.1515,2675,13
1363741200,1612.1515,1613.394,1610.8485,1613.3525,4715,16
1363755600,1613.3525,1614.8665,1610.5295,1611.236,6301,16
1363770000,1611.236,1612.4975,1606.3785,1608.558,8870,16
1363784400,1608.558,1610.624,1605.712,1607.4155,20273,16
1363798800,1607.4155,1609.9795,1600.827,1606.973,28644,16
1363813200,1606.973,1607.6825,1604.632,1605.202,3906,13
1363827600,1605.202,1609.071,1604.9865,1608.029,7683,16
1363842000,1608.029,1609.857,1607.227,1607.884,12164,16
1363856400,1607.884,1616.9575,1607.4825,1615.0825,22660,16
1363870800,1615.0825,1616.6915,1611.146,1613.5755,33697,16
1363885200,1613.5755,1616.2485,1613.241,1614.8375,12122,16
1363899600,1614.8375,1616.114,1614.166,1614.637,4521,13
1363914000,1614.637,1615.039,1613.509,1614.305,8119,16
1363928400,1614.305,1615.612,1611.6435,1613.4435,11732,16
1363942800,1613.4435,1613.7655,1603.662,1605.355,21966,16
1363957200,1605.355,1612.192,1604.4095,1607.519,32940,16
1363971600,1607.519,1609.0415,1606.3345,1608.8025,8691,16
1364158800,1608.8025,1610.8075,1602.6155,1608.4725,8994,12
1364173200,1608.4725,1613.7775,1607.536,1610.4065,11088,16
1364187600,1610.4065,1612.23,1605.486,1605.811,12404,16
1364202000,1605.811,1606.5305,1589.827,1594.2405,29203,16
1364216400,1594.2405,1606.923,1593.4255,1605.1925,40888,16
1364230800,1605.1925,1607.8725,1602.224,1605.1465,16735,16
1364245200,1605.1465,1606.201,1602.901,1603.349,5885,13
1364259600,1603.349,1605.023,1600.7205,1601.7205,9790,16
1364274000,1601.7205,1603.653,1599.9385,1600.279,10753,16
1364288400,1600.279,1600.9055,1596.3475,1597.48,18569,16
1364302800,1597.48,1601.119,1594.6505,1597.0755,30742,16
1364317200,1597.0755,1600.9655,1595.316,1599.9245,13764,16
1364331600,1599.9245,1601.1285,1599.189,1600.1515,3605,13
1364346000,1600.1515,1600.623,1597.7515,1599.327,7408,16
1364360400,1599.327,1599.6435,1592.6755,1595.523,15666,16
1364374800,1595.523,1600.1245,1591.5645,1599.0885,22512,16
1364389200,1599.0885,1608.1765,1596.8955,1605.679,34508,16
1364403600,1605.679,1608.4345,1604.7235,1605.31,10114,16
1364418000,1605.31,1606.3465,1603.63,1605.246,4055,13
1364432400,1605.246,1607.7665,1605.0625,1606.0005,9216,16
1364446800,1606.0005,1606.283,1603.335,1604.6475,10828,16
1364461200,1604.6475,1606.242,1599.482,1599.8675,21351,16
1364475600,1599.8675,1600.1045,1594.393,1594.9515,40211,16
1364490000,1594.9515,1597.7705,1594.0565,1597.0015,13377,16
1364504400,1597.0015,1597.1375,1596.686,1596.9465,167,1
1364763600,1596.9465,1601.2115,1595.105,1598.288,7602,12
1364778000,1598.288,1601.203,1597.547,1597.9255,8963,16
1364792400,1597.9255,1599.573,1595.3795,1597.1135,11445,16
1364806800,1597.1135,1599.7945,1596.8965,1598.0765,11047,16
1364821200,1598.0765,1601.154,1594.864,1599.1965,26562,16
1364835600,1599.1965,1601.182,1598.4185,1599.5435,8355,16
1364850000,1599.5435,1603.108,1599.3235,1603.0335,4340,13
1364864400,1603.0335,1604.019,1601.738,1602.364,8335,16
1364878800,1602.364,1602.6675,1598.639,1600.089,10193,16
1364893200,1600.089,1600.089,1583.431,1585.42,25457,16
1364907600,1585.42,1586.442,1574.909,1575.2005,46995,16
1364922000,1575.2005,1577.419,1573.8615,1575.9755,13420,16
1364936400,1575.9755,1577.2205,1575.648,1577.1255,5135,13
1364950800,1577.1255,1577.1255,1563.332,1568.479,24966,16
1364965200,1568.479,1573.11,1564.651,1570.9265,19161,16
1364979600,1570.9265,1575.209,1567.1525,1573.421,25789,16
1364994000,1573.421,1576.6475,1556.129,1560.411,55706,16
1365008400,1560.411,1560.411,1549.8865,1557.9685,27869,16
1365022800,1557.9685,1559.6405,1548.0495,1549.8975,10665,13
1365037200,1549.8975,1551.4895,1541.5445,1546.5485,26577,16
1365051600,1546.5485,1555.4025,1540.208,1547.333,35497,16
1365066000,1547.333,1554.22,1542.019,1551.41,34049,16
1365080400,1551.41,1554.2975,1544.986,1548.3105,50343,16
1365094800,1548.3105,1556.928,1548.133,1554.7385,20581,16
1365109200,1554.7385,1555.2595,1550.8465,1551.6755,8342,13
1365123600,1551.6755,1553.703,1549.462,1551.807,16578,16
1365138000,1551.807,1552.8065,1549.8085,1551.7075,12265,16
1365152400,1551.7075,1574.0855,1551.091,1568.5805,53948,16
1365166800,1568.5805,1574.946,1561.8575,1574.557,51173,16
1365181200,1574.557,1581.352,1572.9365,1581.136,21607,16
1365368400,1581.136,1583.2695,1576.0045,1576.797,10049,12
1365382800,1576.797,1579.815,1575.767,1578.383,11087,16
1365397200,1578.383,1581.023,1576.1515,1578.735,13173,16
1365411600,1578.735,1579.2825,1572.7595,1575.623,19093,16
1365426000,1575.623,1577.41,1567.3965,1572.6045,33076,16
1365440400,1572.6045,1574.5225,1571.5625,1573.5065,13292,16
1365454800,1573.5065,1573.9255,1570.609,1571.685,6002,13
1365469200,1571.685,1577.102,1571.682,1576.7745,10606,16
1365483600,1576.7745,1577.2505,1574.4745,1574.858,11601,16
1365498000,1574.858,1577.834,1570.7365,1575.7415,19747,16
1365512400,1575.7415,1590.39,1573.9515,1585.785,51469,16
1365526800,1585.785,1588.238,1584.235,1585.361,12268,16
1365541200,1585.361,1587.073,1584.4615,1586.921,5025,13
1365555600,1586.921,1588.495,1585.2645,1586.0265,10389,16
1365570000,1586.0265,1588.791,1580.8245,1580.9255,15669,16
1365584400,1580.9255,1582.7995,1576.7455,1579.237,25005,16
1365598800,1579.237,1579.2465,1556.8815,1559.1095,64969,16
1365613200,1559.1095,1564.059,1555.8755,1558.48,26249,16
1365627600,1558.48,1559.5,1553.515,1555.5385,12264,13
1365642000,1555.5385,1561.2035,1555.4825,1560.5325,14876,16
1365656400,1560.5325,1561.875,1555.8965,1559.2285,17921,16
1365670800,1559.2285,1562.344,1554.876,1558.8305,28601,16
1365685200,1558.8305,1568.492,1557.212,1566.024,41111,16
1365699600,1566.024,1567.037,1560.1805,1561.452,13437,16
1365714000,1561.452,1562.9075,1560.066,1561.252,3703,13
1365728400,1561.252,1562.9615,1558.56,1561.1,9168,16
1365742800,1561.1,1564.761,1556.955,1557.3905,15685,16
1365757200,1557.3905,1557.3905,1526.45,1537.966,58991,16
1365771600,1537.966,1539.2745,1492.368,1506.2875,131479,16
1365786000,1506.2875,1506.488,1480.8975,1483.187,46793,16
1365973200,1483.187,1495.676,1477.7015,1485.6815,31997,12
1365987600,1485.6815,1485.822,1425.362,1447.5475,113853,16
1366002000,1447.5475,1459.4255,1403.448,1412.019,79022,16
1366016400,1412.019,1428.292,1385.6485,1422.064,154031,16
1366030800,1422.064,1422.9185,1355.765,1371.333,222217,16
1366045200,1371.333,1377.38,1335.7025,1347.795,108652,16
1366059600,1347.795,1367.5095,1321.9365,1331.26,59621,13
1366074000,1331.26,1366.862,1326.043,1365.9655,82564,16
1366088400,1365.9655,1380.354,1357.046,1376.168,80582,16
1366102800,1376.168,1403.7745,1375.7085,1397.048,91139,16
1366117200,1397.048,1398.5015,1371.626,1379.225,146285,16
1366131600,1379.225,1390.6005,1362.609,1367.399,73604,16
1366146000,1367.399,1380.1955,1365.152,1374.6965,31778,13
1366160400,1374.6965,1382.9025,1366.4035,1377.191,46937,16
1366174800,1377.191,1386.3055,1369.792,1383.2365,51729,16
1366189200,1383.2365,1392.689,1370.334,1384.792,74778,16
1366203600,1384.792,1395.248,1373.584,1376.3235,113119,16
1366218000,1376.3235,1383.3265,1368.4525,1376.4095,49602,16
1366232400,1376.4095,1381.5815,1363.392,1364.083,20127,13
1366246800,1364.083,1368.365,1337.049,1368.079,63708,16
1366261200,1368.079,1389.857,1363.263,1387.112,49090,16
1366275600,1387.112,1402.2725,1386.062,1394.907,63216,16
1366290000,1394.907,1398.954,1381.765,1390.557,106225,16
1366304400,1390.557,1394.957,1386.3605,1390.569,27767,16
1366318800,1390.569,1397.0305,1388.0935,1388.6465,15718,13
1366333200,1388.6465,1399.671,1386.0375,1398.33,29616,16
1366347600,1398.33,1425.0905,1398.0615,1416.6295,57828,16
1366362000,1416.6295,1419.152,1398.864,1404.7375,42479,16
1366376400,1404.7375,1409.4635,1393.311,1395.5445,63051,16
1366390800,1395.5445,1404.3685,1391.9315,1403.867,31120,16
1366578000,1403.867,1416.82,1403.867,1414.8235,25590,12
1366592400,1414.8235,1424.355,1414.0125,1422.68,42096,16
1366606800,1422.68,1427.802,1418.1435,1423.075,39378,16
1366621200,1423.075,1439.226,1422.768,1428.39,52227,16
1366635600,1428.39,1429.9355,1419.0515,1422.8,61705,16
1366650000,1422.8,1428.2615,1421.4425,1426.3985,18592,16
1366664400,1426.3985,1427.76,1419.9195,1424.0095,11818,13
1366678800,1424.0095,1432.9365,1421.227,1427.894,42552,16
1366693200,1427.894,1427.898,1410.591,1415.1015,57543,16
1366707600,1415.1015,1428.2135,1412.293,1416.5425,52524,16
1366722000,1416.5425,1421.6935,1404.898,1413.6065,77309,16
1366736400,1413.6065,1418.4635,1409.1085,1413.093,29814,16
1366750800,1413.093,1420.3125,1412.477,1419.8375,13411,13
1366765200,1419.8375,1429.1145,1419.24,1427.323,35009,16
1366779600,1427.323,1430.3345,1422.8215,1425.7775,34886,16
1366794000,1425.7775,1434.067,1419.4195,1430.07,51018,16
1366808400,1430.07,1432.297,1421.946,1423.8095,51148,16
1366822800,1423.8095,1432.1,1421.444,1431.964,22424,16
1366837200,1431.964,1432.77,1427.233,1432.055,8286,13
1366851600,1432.055,1448.206,1430.9005,1447.159,34576,16
1366866000,1447.159,1448.155,1442.1645,1444.7775,24733,16
1366880400,1444.7775,1455.32,1444.0615,1452.414,45455,16
1366894800,1452.414,1458.1135,1445.6345,1457.5265,63496,16
1366909200,1457.5265,1469.198,1457.376,1468.0,39293,16
1366923600,1468.0,1477.027,1463.8575,1476.4165,19072,13
1366938000,1476.4165,1485.4495,1471.3415,1474.162,42502,16
1366952400,1474.162,1476.925,1459.3535,1462.9395,42460,16
1366966800,1462.9395,1474.6885,1460.288,1470.8415,50028,16
1366981200,1470.8415,1483.221,1448.289,1453.0155,105756,16
1366995600,1453.0155,1462.83,1450.3375,1462.3225,30791,16
1367182800,1462.3225,1468.1465,1462.3225,1467.0295,13051,12
1367197200,1467.0295,1472.79,1466.2185,1469.685,16176,16
1367211600,1469.685,1477.152,1468.288,1471.962,26539,16
1367226000,1471.962,1479.014,1467.9595,1469.6645,44015,16
1367240400,1469.6645,1475.2435,1463.326,1468.0,57656,16
1367254800,1468.0,1475.954,1465.909,1475.79,20384,16
1367269200,1475.79,1476.9305,1472.1415,1473.6855,8512,13
1367283600,1473.6855,1474.2115,1468.5845,1469.2755,15289,16
1367298000,1469.2755,1480.4135,1461.252,1470.228,44865,16
1367312400,1470.228,1475.1005,1466.5205,1471.1495,36482,16
1367326800,1471.1495,1476.9175,1463.8905,1472.07,68521,16
1367341200,1472.07,1477.406,1471.0785,1476.744,17321,16
1367355600,1476.744,1478.064,1472.2685,1474.8485,8993,13
1367370000,1474.8485,1476.7625,1473.3345,1474.805,10034,16
1367384400,1474.805,1475.3175,1470.01,1472.4115,13506,16
1367398800,1472.4115,1472.502,1457.8215,1459.9265,48686,16
1367413200,1459.9265,1461.2945,1440.612,1445.614,89957,16
1367427600,1445.614,1463.6955,1443.417,1457.594,52860,16
1367442000,1457.594,1460.6,1454.08,1456.298,12343,13
1367456400,1456.298,1456.579,1448.927,1453.43,26234,16
1367470800,1453.43,1460.039,1452.1545,1455.262,29850,16
1367485200,1455.262,1469.629,1454.26,1464.594,56425,16
1367499600,1464.594,1473.9555,1464.1145,1469.043,59662,16
1367514000,1469.043,1470.562,1466.413,1467.1335,13907,16
1367528400,1467.1335,1468.814,1465.8405,1467.349,5215,13
1367542800,1467.349,1477.215,1466.903,1473.959,21374,16
1367557200,1473.959,1479.119,1473.446,1476.9265,26053,16
1367571600,1476.9265,1488.081,1456.3315,1467.07,71116,16
1367586000,1467.07,1475.686,1461.4215,1467.188,73096,16
1367600400,1467.188,1471.1505,1462.5775,1470.85,24852,16
1367787600,1470.85,1475.5655,1468.38,1475.4925,7579,12
1367802000,1475.4925,1479.0805,1473.6025,1477.169,19665,16
1367816400,1477.169,1478.7625,1471.713,1472.9655,20166,16
1367830800,1472.9655,1477.9835,1469.97,1470.6835,26452,16
1367845200,1470.6835,1473.246,1464.762,1468.3375,45275,16
1367859600,1468.3375,1471.1495,1467.816,1469.491,11957,16
1367874000,1469.491,1470.773,1466.24,1468.926,6948,13
1367888400,1468.926,1469.7945,1459.603,1465.3595,29250,16
1367902800,1465.3595,1466.4185,1457.4645,1461.197,31881,16
1367917200,1461.197,1465.679,1447.7035,1450.698,55367,16
1367931600,1450.698,1454.15,1441.396,1451.9145,69445,16
1367946000,1451.9145,1453.7325,1447.2065,1452.7055,21022,16
1367960400,1452.7055,1452.708,1447.79,1449.6895,9573,13
1367974800,1449.6895,1458.975,1448.7405,1454.879,22853,16
1367989200,1454.879,1457.3015,1452.72,1455.753,20344,16
1368003600,1455.753,1470.385,1450.16,1466.4615,46003,16
1368018000,1466.4615,1469.662,1463.628,1467.947,60926,16
1368032400,1467.947,1476.9505,1467.784,1474.0865,28090,16
1368046800,1474.0865,1474.2145,1468.624,1470.0955,8756,13
1368061200,1470.0955,1476.498,1470.0555,1473.75,18967,16
1368075600,1473.75,1473.905,1468.5235,1470.362,19059,16
1368090000,1470.362,1473.479,1461.4675,1464.682,40081,16
1368104400,1464.682,1472.2375,1460.0215,1471.0565,50473,16
1368118800,1471.0565,1471.8035,1453.607,1458.189,35696,16
1368133200,1458.189,1458.9255,1453.4685,1454.5435,12690,13
1368147600,1454.5435,1461.88,1452.831,1459.918,12837,16
1368162000,1459.918,1462.3245,1446.957,1447.022,28724,16
1368176400,1447.022,1451.2165,1427.213,1436.012,74880,16
1368190800,1436.012,1436.463,1419.7785,1433.6815,97569,16
1368205200,1433.6815,1449.51,1433.189,1448.3,34125,16
1368392400,1448.3,1449.817,1435.9145,1437.315,17864,12
1368406800,1437.315,1439.6325,1426.0485,1431.2655,24175,16
1368421200,1431.2655,1439.128,1428.868,1432.2945,26350,16
1368435600,1432.2945,1437.059,1426.93,1434.2985,33986,16
1368450000,1434.2985,1437.1225,1429.0725,1435.3255,37729,16
1368464400,1435.3255,1437.203,1429.4265,1430.5685,14150,16
1368478800,1430.5685,1440.924,1429.8905,1440.0045,8117,13
1368493200,1440.0045,1445.6705,1439.828,1440.988,15163,16
1368507600,1440.988,1443.515,1437.2365,1437.716,18694,16
1368522000,1437.716,1437.8105,1421.3235,1423.727,52012,16
1368536400,1423.727,1439.1555,1422.3875,1426.5035,63867,16
1368550800,1426.5035,1429.376,1423.643,1425.4915,24123,16
1368565200,1425.4915,1430.931,1423.73,1425.839,7785,13
1368579600,1425.839,1430.0775,1425.274,1425.701,14112,16
1368594000,1425.701,1427.2435,1408.566,1412.076,46057,16
1368608400,1412.076,1418.0685,1406.309,1411.935,52992,16
1368622800,1411.935,1416.805,1390.5035,1395.886,99616,16
1368637200,1395.886,1399.5365,1388.8695,1393.099,31522,16
1368651600,1393.099,1396.949,1387.255,1392.015,15426,13
1368666000,1392.015,1398.2715,1390.127,1394.606,24779,16
1368680400,1394.606,1396.868,1369.802,1372.475,50804,16
1368694800,1372.475,1381.6275,1370.662,1380.253,54685,16
1368709200,1380.253,1390.877,1376.081,1385.8245,82968,16
1368723600,1385.8245,1389.614,1384.2145,1385.992,31469,16
1368738000,1385.992,1390.256,1384.566,1390.0015,8175,13
1368752400,1390.0015,1393.13,1377.837,1380.353,24449,16
1368766800,1380.353,1388.614,1373.3535,1377.9715,46823,16
1368781200,1377.9715,1383.8615,1366.29,1378.165,60223,16
1368795600,1378.165,1381.5725,1359.505,1366.269,103708,16
1368810000,1366.269,1368.985,1355.414,1359.5035,43020,16
1368997200,1359.5035,1365.709,1338.2725,1347.983,54796,12
1369011600,1347.983,1351.702,1341.811,1344.1625,36493,16
1369026000,1344.1625,1355.4515,1342.267,1352.476,34972,16
1369040400,1352.476,1365.445,1348.78,1354.3545,50839,16
1369054800,1354.3545,1399.7155,1351.25,1385.0445,113654,16
1369069200,1385.0445,1399.307,1382.688,1393.8645,43349,16
1369083600,1393.8645,1395.436,1384.3945,1390.4725,13090,13
1369098000,1390.4725,1395.2545,1384.258,1393.8725,28992,16
1369112400,1393.8725,1401.7295,1384.3945,1385.5935,37299,16
1369126800,1385.5935,1385.5935,1371.8495,1373.7235,52820,16
1369141200,1373.7235,1382.479,1359.8665,1378.0785,103899,16
1369155600,1378.0785,1382.011,1372.201,1376.23,32384,16
1369170000,1376.23,1379.288,1372.3325,1378.79,12873,13
1369184400,1378.79,1381.389,1375.8505,1376.4485,21426,16
1369198800,1376.4485,1390.22,1375.5775,1384.417,31942,16
1369213200,1384.417,1398.131,1382.024,1394.281,48480,16
1369227600,1394.281,1414.598,1367.1715,1375.411,178647,16
1369242000,1375.411,1375.649,1354.68,1370.2205,88020,16
1369256400,1370.2205,1370.689,1360.829,1363.7105,19837,13
1369270800,1363.7105,1374.162,1356.851,1372.5995,39536,16
1369285200,1372.5995,1390.3785,1370.174,1390.2445,57199,16
1369299600,1390.2445,1398.28,1384.4645,1386.0225,79380,16
1369314000,1386.0225,1394.7535,1377.8525,1388.002,91452,16
1369328400,1388.002,1394.5365,1387.646,1390.9625,24675,16
1369342800,1390.9625,1393.8325,1387.1365,1391.3395,9408,13
1369357200,1391.3395,1398.4295,1388.251,1398.257,23367,16
1369371600,1398.257,1398.257,1388.0985,1390.3285,29852,16
1369386000,1390.3285,1394.837,1384.099,1392.1885,47233,16
1369400400,1392.1885,1393.3945,1385.7875,1387.3215,44814,16
1369414800,1387.3215,1389.372,1382.5945,1386.6045,15105,16
1369602000,1386.6045,1388.6865,1384.5255,1385.063,9891,12
1369616400,1385.063,1393.5945,1384.6935,1392.1795,20390,16
1369630800,1392.1795,1394.813,1391.275,1393.2265,13853,16
1369645200,1393.2265,1396.8125,1392.976,1394.445,11740,16
1369659600,1394.445,1396.6945,1392.953,1395.15,9297,16
1369674000,1395.15,1395.15,1395.15,1395.15,1,1
1369688400,1395.15,1396.359,1388.7955,1389.9635,10218,12
1369702800,1389.9635,1392.8025,1387.1375,1388.651,21448,16
1369717200,1388.651,1392.813,1377.9175,1379.366,29138,16
1369731600,1379.366,1382.599,1375.887,1382.5195,33117,16
1369746000,1382.5195,1402.052,1373.7615,1386.257,86824,16
1369760400,1386.257,1386.896,1379.519,1381.183,31911,16
1369774800,1381.183,1386.2935,1380.4055,1386.232,9899,13
1369789200,1386.232,1390.2835,1383.8775,1387.097,22688,16
1369803600,1387.097,1388.826,1381.178,1386.8615,30618,16
1369818000,1386.8615,1394.903,1382.3585,1387.5295,46199,16
1369832400,1387.5295,1393.1135,1382.6535,1392.249,50832,16
1369846800,1392.249,1395.518,1390.839,1392.9235,20958,16
1369861200,1392.9235,1394.068,1389.888,1390.6645,8866,13
1369875600,1390.6645,1398.0745,1388.949,1395.3965,17739,16
1369890000,1395.3965,1410.8665,1394.806,1407.0335,39429,16
1369904400,1407.0335,1409.2275,1396.987,1406.9045,50536,16
1369918800,1406.9045,1418.21,1406.198,1413.3945,73636,16
1369933200,1413.3945,1416.1185,1411.414,1413.948,15801,16
1369947600,1413.948,1417.2325,1413.063,1414.8815,7146,13
1369962000,1414.8815,1422.086,1414.072,1418.6885,16217,16
1369976400,1418.6885,1419.597,1411.7905,1414.984,24379,16
1369990800,1414.984,1416.0055,1404.957,1407.033,46445,16
1370005200,1407.033,1410.22,1390.061,1396.059,76544,16
1370019600,1396.059,1396.2995,1385.0055,1387.9595,25902,16
1370206800,1387.9595,1397.3045,1387.9595,1396.851,9959,12
1370221200,1396.851,1398.1935,1393.198,1394.806,14551,16
1370235600,1394.806,1401.8135,1391.321,1398.613,23093,16
1370250000,1398.613,1400.213,1392.9365,1395.7665,27644,16
1370264400,1395.7665,1417.067,1390.935,1413.0385,82002,16
1370278800,1413.0385,1414.2505,1409.2705,1411.43,21727,16
1370293200,1411.43,1414.858,1410.915,1414.4465,10328,13
1370307600,1414.4465,1415.175,1409.6335,1410.1995,21578,16
1370322000,1410.1995,1412.192,1403.8155,1405.717,27624,16
1370336400,1405.717,1406.898,1393.6635,1395.726,41242,16
1370350800,1395.726,1401.0725,1389.1235,1396.9465,66951,16
1370365200,1396.9465,1399.9725,1396.305,1399.53,15245,16
1370379600,1399.53,1400.157,1397.648,1399.715,7466,13
1370394000,1399.715,1408.468,1398.134,1407.594,24103,16
1370408400,1407.594,1408.248,1398.91,1400.074,27092,16
1370422800,1400.074,1409.13,1395.891,1401.953,54402,16
1370437200,1401.953,1410.6585,1399.87,1403.477,87407,16
1370451600,1403.477,1404.21,1396.827,1403.356,28225,16
1370466000,1403.356,1403.3725,1398.2885,1401.096,9734,13
1370480400,1401.096,1402.967,1397.281,1398.335,23002,16
1370494800,1398.335,1406.114,1391.857,1403.314,35997,16
1370509200,1403.314,1407.255,1395.552,1397.1625,47320,16
1370523600,1397.1625,1423.7265,1396.4475,1416.5135,122327,16
1370538000,1416.5135,1418.598,1411.5335,1413.921,34592,16
1370552400,1413.921,1417.99,1411.266,1416.535,11830,13
1370566800,1416.535,1417.849,1411.805,1414.511,35043,16
1370581200,1414.511,1415.415,1409.806,1411.2395,34968,16
1370595600,1411.2395,1417.3675,1393.3455,1396.307,84560,16
1370610000,1396.307,1398.297,1377.909,1382.9065,141482,16
1370624400,1382.9065,1384.7585,1378.5625,1382.9415,29385,16
1370811600,1382.9415,1388.322,1378.3175,1385.7135,19177,12
1370826000,1385.7135,1388.117,1384.702,1385.517,13652,16
1370840400,1385.517,1385.92,1376.301,1379.4185,29298,16
1370854800,1379.4185,1386.385,1376.974,1381.454,35416,16
1370869200,1381.454,1387.2405,1375.9415,1385.4445,80933,16
1370883600,1385.4445,1389.0615,1384.111,1386.367,22069,16
1370898000,1386.367,1387.8565,1383.636,1384.437,12388,13
1370912400,1384.437,1387.0235,1383.169,1383.276,21798,16
1370926800,1383.276,1384.589,1371.227,1371.944,42054,16
1370941200,1371.944,1377.5095,1367.2175,1371.289,69000,16
1370955600,1371.289,1379.148,1366.087,1376.8085,80957,16
1370970000,1376.8085,1381.077,1375.8285,1378.36,27713,16
1370984400,1378.36,1379.482,1375.542,1378.382,11578,13
1370998800,1378.382,1378.9905,1375.7575,1376.553,14873,16
1371013200,1376.553,1379.7405,1374.281,1378.462,22606,16
1371027600,1378.462,1379.156,1375.058,1376.441,22086,16
1371042000,1376.441,1394.7495,1373.936,1391.018,84748,16
1371056400,1391.018,1393.087,1386.8555,1388.7625,23548,16
1371070800,1388.7625,1389.53,1384.716,1386.32,10564,13
1371085200,1386.32,1395.083,1386.32,1389.201,36194,16
1371099600,1389.201,1392.0735,1385.082,1387.08,39339,16
1371114000,1387.08,1388.523,1378.9155,1379.8365,44804,16
1371128400,1379.8365,1387.6435,1374.5845,1378.838,79687,16
1371142800,1378.838,1388.28,1375.9005,1386.0085,29990,16
1371157200,1386.0085,1387.9705,1382.9175,1387.295,13473,13
1371171600,1387.295,1387.825,1382.828,1384.843,21837,16
1371186000,1384.843,1386.756,1381.6945,1382.498,24461,16
1371200400,1382.498,1390.82,1378.533,1387.92,45272,16
1371214800,1387.92,1392.657,1384.7865,1387.74,72071,16
1371229200,1387.74,1391.042,1387.694,1390.538,15340,16
1371416400,1390.538,1391.344,1387.0205,1388.755,10152,12
1371430800,1388.755,1392.0975,1388.3705,1389.541,17136,16
1371445200,1389.541,1390.53,1386.164,1387.306,18260,16
1371459600,1387.306,1388.5095,1380.609,1384.6635,26922,16
1371474000,1384.6635,1387.648,1381.73,1383.73,31935,16
1371488400,1383.73,1385.783,1381.521,1385.317,16172,16
1371502800,1385.317,1385.6855,1383.556,1384.7205,6662,13
1371517200,1384.7205,1386.131,1382.0175,1382.5745,13840,16
1371531600,1382.5745,1383.2245,1377.102,1377.8255,31265,16
1371546000,1377.8255,1379.427,1371.5225,1375.248,37373,16
1371560400,1375.248,1375.989,1361.18,1367.177,76424,16
1371574800,1367.177,1369.2325,1365.745,1367.688,17484,16
1371589200,1367.688,1370.0535,1367.155,1368.886,6545,13
1371603600,1368.886,1370.4115,1364.8665,1366.6065,15580,16
1371618000,1366.6065,1370.035,1365.0925,1368.0475,19089,16
1371632400,1368.0475,1374.239,1366.1815,1372.329,25538,16
1371646800,1372.329,1376.004,1370.3595,1373.7295,30417,16
1371661200,1373.7295,1376.7075,1349.304,1351.35,113324,16
1371675600,1351.35,1352.3625,1339.558,1343.6335,27107,13
1371690000,1343.6335,1348.279,1342.217,1344.957,28383,16
1371704400,1344.957,1345.764,1304.78,1311.9695,100986,16
1371718800,1311.9695,1312.643,1286.0515,1296.4035,154362,16
1371733200,1296.4035,1307.6895,1287.76,1291.4165,167055,16
1371747600,1291.4165,1293.3845,1276.3995,1285.0025,66843,16
1371762000,1285.0025,1285.6635,1272.3045,1273.302,26602,13
1371776400,1273.302,1293.6815,1269.631,1291.002,58374,16
1371790800,1291.002,1302.5545,1290.072,1296.59,60020,16
1371805200,1296.59,1298.4095,1286.7635,1292.619,71403,16
1371819600,1292.619,1298.1365,1287.853,1296.4805,83910,16
1371834000,1296.4805,1299.148,1292.52,1296.352,35376,16
1372021200,1296.352,1301.544,1296.352,1298.9545,14891,12
1372035600,1298.9545,1301.405,1282.439,1283.9065,40378,16
1372050000,1283.9065,1287.579,1278.394,1284.1315,51691,16
1372064400,1284.1315,1291.116,1279.271,1289.807,49023,16
1372078800,1289.807,1290.24,1276.2155,1277.5975,78599,16
1372093200,1277.5975,1290.2195,1276.3835,1282.333,36459,16
1372107600,1282.333,1286.273,1281.685,1283.6355,12543,13
1372122000,1283.6355,1288.646,1273.6215,1276.459,33947,16
1372136400,1276.459,1289.637,1275.4825,1287.211,50626,16
1372150800,1287.211,1287.777,1279.3065,1283.3665,40001,16
1372165200,1283.3665,1284.386,1271.764,1277.17,85555,16
1372179600,1277.17,1278.039,1275.0405,1277.711,18765,16
1372194000,1277.711,1278.247,1273.559,1275.6405,9793,13
1372208400,1275.6405,1276.342,1244.0235,1252.5215,91758,16
1372222800,1252.5215,1254.8035,1229.839,1233.2745,89105,16
1372237200,1233.2745,1246.968,1224.233,1244.2465,112943,16
1372251600,1244.2465,1248.6165,1229.8015,1231.2795,107072,16
1372266000,1231.2795,1233.4325,1221.946,1226.6485,53662,16
1372280400,1226.6485,1237.178,1224.6585,1237.086,17905,13
1372294800,1237.086,1244.879,1235.3005,1239.358,33883,16
1372309200,1239.358,1244.4825,1237.4785,1238.0415,39243,16
1372323600,1238.0415,1238.702,1224.2285,1231.604,68440,16
1372338000,1231.604,1235.0355,1224.5825,1225.0735,95898,16
1372352400,1225.0735,1227.331,1197.0505,1200.6,111653,16
1372366800,1200.6,1208.0935,1180.5125,1183.565,35261,13
1372381200,1183.565,1207.3655,1183.565,1200.1875,61369,16
1372395600,1200.1875,1212.088,1195.6245,1202.787,61331,16
1372410000,1202.787,1206.3775,1191.4885,1194.48,55661,16
1372424400,1194.48,1227.717,1187.025,1224.0045,158143,16
1372438800,1224.0045,1235.4635,1223.291,1234.686,53563,16
1372626000,1234.686,1245.1525,1228.8205,1229.806,28649,12
1372640400,1229.806,1245.389,1225.426,1242.3405,45108,16
1372654800,1242.3405,1248.123,1239.192,1241.81,45577,16
1372669200,1241.81,1244.862,1233.7135,1235.908,42732,16
1372683600,1235.908,1261.794,1235.269,1258.343,112083,16
1372698000,1258.343,1258.6865,1249.0455,1252.588,28689,16
1372712400,1252.588,1259.289,1250.7825,1256.8685,13064,13
1372726800,1256.8685,1260.756,1253.007,1258.892,31879,16
1372741200,1258.892,1267.6525,1257.0995,1262.874,44458,16
1372755600,1262.874,1263.5635,1250.5255,1253.747,48107,16
1372770000,1253.747,1257.008,1244.479,1244.8895,80120,16
1372784400,1244.8895,1247.3485,1239.7795,1243.42,38264,16
1372798800,1243.42,1246.7785,1241.836,1244.844,12138,13
1372813200,1244.844,1249.2945,1244.4785,1245.4415,27903,16
1372827600,1245.4415,1249.8785,1236.954,1248.094,50215,16
1372842000,1248.094,1259.2695,1243.6725,1251.2385,70244,16
1372856400,1251.2385,1260.1655,1247.626,1249.3145,82863,16
1372870800,1249.3145,1254.636,1249.0095,1252.7945,12013,16
1372885200,1252.7945,1258.1595,1251.781,1256.3755,12377,13
1372899600,1256.3755,1257.0645,1251.307,1253.606,25870,16
1372914000,1253.606,1255.643,1246.7975,1250.9365,35268,16
1372928400,1250.9365,1251.973,1245.049,1248.8545,39300,16
1372942800,1248.8545,1253.017,1247.184,1248.857,28545,16
1372957200,1248.857,1248.857,1248.857,1248.857,1,1
1372971600,1248.857,1250.774,1246.497,1247.6225,10947,12
1372986000,1247.6225,1248.977,1242.464,1244.146,26505,16
1373000400,1244.146,1245.4855,1235.2805,1235.5895,38195,16
1373014800,1235.5895,1243.6,1217.4475,1224.3405,88053,16
1373029200,1224.3405,1225.9935,1208.306,1215.902,101002,16
1373043600,1215.902,1223.807,1213.5635,1223.095,27333,16
1373230800,1223.095,1230.111,1217.8225,1224.1175,20063,12
1373245200,1224.1175,1224.175,1215.8145,1220.378,33566,16
1373259600,1220.378,1228.371,1218.604,1228.285,36952,16
1373274000,1228.285,1238.8005,1224.8455,1231.855,48116,16
1373288400,1231.855,1238.302,1230.703,1236.892,55842,16
1373302800,1236.892,1238.2765,1235.642,1237.0985,15367,16
1373317200,1237.0985,1242.5185,1233.6585,1240.412,10639,13
1373331600,1240.412,1255.0785,1236.6465,1254.621,41880,16
1373346000,1254.621,1260.509,1254.621,1255.505,34528,16
1373360400,1255.505,1255.62,1246.8185,1252.499,34483,16
1373374800,1252.499,1257.718,1245.748,1248.8975,67668,16
1373389200,1248.8975,1251.772,1242.6155,1251.3535,26206,16
1373403600,1251.3535,1251.8885,1246.8445,1247.576,12748,13
1373418000,1247.576,1249.5325,1243.998,1246.051,32508,16
1373432400,1246.051,1256.4495,1245.2995,1254.709,44199,16
1373446800,1254.709,1259.778,1251.95,1255.7505,42729,16
1373461200,1255.7505,1262.0875,1251.9455,1255.4045,60692,16
1373475600,1255.4045,1266.0925,1247.935,1259.7745,92638,16
1373490000,1259.7745,1290.059,1259.4585,1282.4105,53348,13
1373504400,1282.4105,1289.347,1279.84,1286.223,48417,16
1373518800,1286.223,1299.023,1282.221,1287.263,70922,16
1373533200,1287.263,1289.453,1280.8455,1286.011,54838,16
1373547600,1286.011,1286.6895,1278.083,1281.4655,62860,16
1373562000,1281.4655,1287.782,1279.806,1286.1575,28309,16
1373576400,1286.1575,1288.807,1284.435,1286.813,10190,13
1373590800,1286.813,1287.1135,1281.2765,1281.2765,26775,16
1373605200,1281.2765,1283.349,1275.498,1276.333,31730,16
1373619600,1276.333,1278.26,1267.9905,1274.349,41850,16
1373634000,1274.349,1282.7815,1274.016,1278.85,52765,16
1373648400,1278.85,1286.2285,1276.362,1285.589,26289,16
1373835600,1285.589,1295.0705,1285.0365,1290.7,18465,12
1373850000,1290.7,1294.6825,1285.9265,1290.297,31102,16
1373864400,1290.297,1291.639,1281.318,1282.9105,25615,16
1373878800,1282.9105,1285.078,1274.2615,1282.609,40245,16
1373893200,1282.609,1287.1895,1281.7525,1284.664,41639,16
1373907600,1284.664,1286.049,1281.7775,1284.6725,15480,16
1373922000,1284.6725,1285.094,1281.8555,1284.088,14342,13
1373936400,1284.088,1284.694,1277.294,1280.171,30971,16
1373950800,1280.171,1288.0335,1279.2735,1284.644,31651,16
1373965200,1284.644,1294.167,1284.1175,1290.716,51514,16
1373979600,1290.716,1295.758,1287.049,1291.737,56447,16
1373994000,1291.737,1293.321,1290.089,1292.109,16936,16
1374008400,1292.109,1293.8665,1290.0915,1293.061,13133,13
1374022800,1293.061,1293.067,1288.0255,1290.585,22379,16
1374037200,1290.585,1290.809,1284.85,1285.454,31749,16
1374051600,1285.454,1299.5015,1283.473,1292.0105,60277,16
1374066000,1292.0105,1300.764,1270.3695,1278.015,141215,16
1374080400,1278.015,1279.526,1274.7645,1275.9785,30206,16
1374094800,1275.9785,1279.4565,1274.537,1278.1925,12860,13
1374109200,1278.1925,1279.298,1274.996,1275.963,22454,16
1374123600,1275.963,1281.8785,1275.207,1281.331,26381,16
1374138000,1281.331,1287.4895,1277.8615,1285.375,41782,16
1374152400,1285.375,1288.8755,1281.29,1285.032,74631,16
1374166800,1285.032,1287.3415,1283.105,1284.2635,19108,16
1374181200,1284.2635,1285.392,1282.596,1284.0145,8524,13
1374195600,1284.0145,1294.95,1284.0065,1291.002,28374,16
1374210000,1291.002,1294.0175,1286.9065,1288.5575,26774,16
1374224400,1288.5575,1293.8335,1286.2565,1291.7615,32364,16
1374238800,1291.7615,1298.054,1290.3585,1293.7925,51967,16
1374253200,1293.7925,1296.5215,1292.7705,1296.111,15068,16
1374440400,1296.111,1317.686,1296.111,1313.0195,33498,12
1374454800,1313.0195,1318.1335,1311.2125,1316.6635,35649,16
1374469200,1316.6635,1323.2915,1314.907,1316.345,34191,16
1374483600,1316.345,1325.4245,1313.8415,1321.336,40452,16
1374498000,1321.336,1335.1885,1320.5595,1334.0085,68432,16
1374512400,1334.0085,1339.5115,1333.455,1335.885,26403,16
1374526800,1335.885,1338.0115,1333.566,1333.871,10871,13
1374541200,1333.871,1338.599,1333.5445,1334.625,24407,16
1374555600,1334.625,1336.707,1329.1155,1330.792,35041,16
1374570000,1330.792,1332.4045,1326.7395,1330.3615,36650,16
1374584400,1330.3615,1336.624,1328.49,1335.9055,52204,16
1374598800,1335.9055,1346.8825,1334.5725,1345.169,39023,16
1374613200,1345.169,1348.1765,1341.435,1344.8545,14796,13
1374627600,1344.8545,1346.802,1338.6165,1339.3275,29563,16
1374642000,1339.3275,1345.739,1339.1685,1341.132,32136,16
1374656400,1341.132,1345.2525,1334.0715,1334.6645,44323,16
1374670800,1334.6645,1339.1605,1317.813,1319.75,84659,16
1374685200,1319.75,1323.641,1313.319,1322.2455,48558,16
1374699600,1322.2455,1323.162,1315.1165,1319.576,17259,13
1374714000,1319.576,1324.1865,1316.5285,1322.5275,23569,16
1374728400,1322.5275,1325.0505,1317.828,1318.494,33773,16
1374742800,1318.494,1327.75,1309.047,1323.1455,62655,16
1374757200,1323.1455,1332.0235,1320.8675,1330.127,57957,16
1374771600,1330.127,1337.9555,1326.176,1333.8605,34067,16
1374786000,1333.8605,1336.2515,1332.5475,1334.3765,10395,13
1374800400,1334.3765,1340.995,1333.0,1337.4795,23476,16
1374814800,1337.4795,1339.432,1327.9005,1329.953,32066,16
1374829200,1329.953,1330.672,1320.929,1323.102,46813,16
1374843600,1323.102,1331.8005,1312.5485,1320.443,74807,16
1374858000,1320.443,1334.4935,1319.9135,1333.2735,28234,16
1375045200,1333.2735,1335.06,1327.947,1328.293,13112,12
1375059600,1328.293,1329.871,1325.19,1327.917,27297,16
1375074000,1327.917,1328.684,1322.991,1326.216,20136,16
1375088400,1326.216,1338.464,1326.0985,1329.109,42261,16
1375102800,1329.109,1333.034,1326.701,1328.8165,44418,16
1375117200,1328.8165,1330.9075,1327.6705,1328.2515,18684,16
1375131600,1328.2515,1329.7395,1323.999,1327.624,12103,13
1375146000,1327.624,1330.2005,1327.459,1328.13,16368,16
1375160400,1328.13,1328.9035,1318.2925,1323.347,28576,16
1375174800,1323.347,1329.2,1321.502,1325.898,31846,16
1375189200,1325.898,1327.842,1317.435,1323.831,44873,16
1375203600,1323.831,1327.4235,1323.73,1326.426,11853,16
1375218000,1326.426,1328.3195,1324.4415,1325.574,7360,13
1375232400,1325.574,1339.335,1325.286,1333.44,25042,16
1375246800,1333.44,1336.303,1328.8515,1333.1265,32654,16
1375261200,1333.1265,1334.326,1319.695,1324.0145,54955,16
1375275600,1324.0145,1324.7085,1306.555,1308.392,78773,16
1375290000,1308.392,1334.591,1305.964,1325.082,93901,16
1375304400,1325.082,1331.2395,1323.422,1328.613,13930,13
1375318800,1328.613,1330.075,1316.6155,1317.2465,38960,16
1375333200,1317.2465,1322.19,1317.0455,1321.664,32197,16
1375347600,1321.664,1328.5415,1318.84,1324.714,52658,16
1375362000,1324.714,1324.766,1307.8795,1312.13,80238,16
1375376400,1312.13,1313.4345,1309.4245,1310.172,22982,16
1375390800,1310.172,1310.346,1303.0155,1306.8555,19553,13
1375405200,1306.8555,1309.2535,1291.772,1293.8655,32506,16
1375419600,1293.8655,1294.8685,1283.313,1289.0195,59867,16
1375434000,1289.0195,1318.687,1283.4715,1314.3245,85760,16
1375448400,1314.3245,1317.2805,1308.1475,1312.768,69458,16
1375462800,1312.768,1313.527,1307.8465,1311.832,15188,16
1375650000,1311.832,1315.0115,1311.5255,1312.5295,10177,12
1375664400,1312.5295,1320.8575,1312.385,1317.0875,17469,16
1375678800,1317.0875,1318.247,1312.83,1313.5915,20665,16
1375693200,1313.5915,1313.9845,1304.175,1307.243,33485,16
1375707600,1307.243,1310.9125,1297.6715,1303.2105,53565,16
1375722000,1303.2105,1304.8435,1301.266,1303.0905,15209,16
1375736400,1303.0905,1307.1745,1300.595,1305.158,10820,13
1375750800,1305.158,1306.6495,1289.7845,1293.442,35787,16
1375765200,1293.442,1296.258,1287.994,1291.4015,36505,16
1375779600,1291.4015,1296.9405,1284.802,1289.0495,51850,16
1375794000,1289.0495,1289.2715,1279.384,1283.765,70363,16
1375808400,1283.765,1285.427,1281.8045,1283.1725,17886,16
1375822800,1283.1725,1283.626,1274.949,1277.089,16663,13
1375837200,1277.089,1280.9635,1273.6205,1279.9425,25713,16
1375851600,1279.9425,1284.9525,1274.4555,1275.66,38717,16
1375866000,1275.66,1281.6845,1272.9645,1280.1435,45347,16
1375880400,1280.1435,1289.577,1279.418,1285.901,56635,16
1375894800,1285.901,1288.4035,1284.6855,1287.59,15425,16
1375909200,1287.59,1291.654,1283.1075,1290.958,12892,13
1375923600,1290.958,1295.8665,1289.382,1295.6705,34711,16
1375938000,1295.6705,1297.674,1288.5035,1289.3715,37897,16
1375952400,1289.3715,1296.5865,1287.8715,1294.111,35879,16
1375966800,1294.111,1314.4235,1291.8305,1310.405,86607,16
1375981200,1310.405,1314.2065,1309.168,1313.297,18878,16
1375995600,1313.297,1315.0475,1311.7065,1313.722,13633,13
1376010000,1313.722,1317.0885,1310.2105,1311.521,23012,16
1376024400,1311.521,1313.26,1307.144,1309.412,29049,16
1376038800,1309.412,1314.098,1305.035,1309.209,35455,16
1376053200,1309.209,1317.345,1307.5185,1313.02,61272,16
1376067600,1313.02,1315.746,1310.0005,1314.5005,18603,16
1376254800,1314.5005,1333.8325,1314.5005,1326.81,28767,12
1376269200,1326.81,1333.723,1325.023,1329.656,43669,16
1376283600,1329.656,1333.6905,1326.402,1326.962,41776,16
1376298000,1326.962,1331.469,1323.0215,1329.5635,36076,16
1376312400,1329.5635,1344.0715,1329.4055,1336.8365,59879,16
1376326800,1336.8365,1338.8205,1334.3205,1338.378,16979,16
1376341200,1338.378,1338.8535,1330.626,1335.249,15873,13
1376355600,1335.249,1337.169,1330.609,1336.102,29404,16
1376370000,1336.102,1341.493,1332.987,1335.795,57234,16
1376384400,1335.795,1336.5355,1323.571,1332.3235,69531,16
1376398800,1332.3235,1335.877,1318.8795,1321.68,84200,16
1376413200,1321.68,1324.0215,1320.034,1321.6145,19605,16
1376427600,1321.6145,1323.1745,1318.082,1320.2465,13381,13
1376442000,1320.2465,1325.6245,1316.006,1321.584,34288,16
1376456400,1321.584,1325.1835,1318.8705,1324.2755,43126,16
1376470800,1324.2755,1327.53,1321.1015,1322.783,39864,16
1376485200,1322.783,1335.2415,1319.317,1333.592,69490,16
1376499600,1333.592,1336.5225,1332.5865,1336.2045,23698,16
1376514000,1336.2045,1346.548,1335.6165,1341.6555,22546,13
1376528400,1341.6555,1345.1475,1338.055,1339.2655,40882,16
1376542800,1339.2655,1342.3595,1336.1175,1339.413,38723,16
1376557200,1339.413,1340.5635,1318.917,1323.891,60109,16
1376571600,1323.891,1363.1745,1321.8205,1358.508,112657,16
1376586000,1358.508,1370.2505,1358.495,1366.1825,101149,16
1376600400,1366.1825,1367.039,1360.899,1364.237,16913,13
1376614800,1364.237,1373.002,1363.636,1367.1135,57397,16
1376629200,1367.1135,1368.27,1360.8465,1361.831,51674,16
1376643600,1361.831,1369.045,1357.804,1365.535,44135,16
1376658000,1365.535,1374.661,1360.3525,1367.319,109857,16
1376672400,1367.319,1379.817,1366.4105,1376.7015,45505,16
1376859600,1376.7015,1381.254,1374.856,1376.836,16892,12
1376874000,1376.836,1384.652,1376.2395,1379.0165,39275,16
1376888400,1379.0165,1381.6365,1372.1115,1372.9085,51161,16
1376902800,1372.9085,1378.0385,1370.849,1372.6385,43179,16
1376917200,1372.6385,1372.9245,1362.575,1364.346,74797,16
1376931600,1364.346,1368.4485,1363.54,1365.948,19441,16
1376946000,1365.948,1369.546,1365.0885,1368.031,8163,13
1376960400,1368.031,1369.821,1361.099,1362.3235,34038,16
1376974800,1362.3235,1364.319,1352.424,1361.6165,75938,16
1376989200,1361.6165,1373.206,1361.111,1367.4385,52575,16
1377003600,1367.4385,1377.7635,1364.822,1374.351,66709,16
1377018000,1374.351,1375.9195,1371.05,1371.256,16001,16
1377032400,1371.256,1371.6325,1367.5115,1368.4485,8942,13
1377046800,1368.4485,1374.4255,1367.4525,1368.229,32005,16
1377061200,1368.229,1369.781,1360.65,1361.158,49054,16
1377075600,1361.158,1368.264,1359.9745,1366.0455,37155,16
1377090000,1366.0455,1371.866,1361.827,1370.047,61320,16
1377104400,1370.047,1379.24,1362.723,1366.7195,96779,16
1377118800,1366.7195,1367.922,1355.365,1360.424,24435,13
1377133200,1360.424,1368.4415,1358.7395,1361.2485,37306,16
1377147600,1361.2485,1374.366,1361.2025,1370.8605,41805,16
1377162000,1370.8605,1377.183,1364.9355,1375.4745,53840,16
1377176400,1375.4745,1382.005,1370.421,1371.926,74162,16
1377190800,1371.926,1377.163,1369.5785,1376.082,23244,16
1377205200,1376.082,1379.4425,1371.961,1375.273,12148,13
1377219600,1375.273,1378.9695,1374.048,1378.2165,21630,16
1377234000,1378.2165,1378.533,1374.066,1376.686,36412,16
1377248400,1376.686,1377.5935,1368.795,1372.234,34186,16
1377262800,1372.234,1398.8545,1371.4665,1395.882,114312,16
1377277200,1395.882,1400.187,1394.558,1397.7785,32873,16
1377464400,1397.7785,1406.9655,1390.765,1393.085,24479,12
1377478800,1393.085,1397.2845,1393.085,1396.5315,22286,16
1377493200,1396.5315,1400.8835,1393.7235,1394.091,30690,16
1377507600,1394.091,1400.2145,1392.603,1396.5435,36163,16
1377522000,1396.5435,1399.8135,1389.552,1393.9475,58043,16
1377536400,1393.9475,1404.92,1391.904,1404.6315,26289,16
1377550800,1404.6315,1407.2845,1396.306,1399.5555,18379,13
1377565200,1399.5555,1400.669,1395.683,1399.2925,26727,16
1377579600,1399.2925,1412.763,1398.2345,1410.646,52114,16
1377594000,1410.646,1423.039,1410.3765,1418.5225,56740,16
1377608400,1418.5225,1423.8375,1416.357,1419.584,70931,16
1377622800,1419.584,1420.849,1413.664,1415.2105,30784,16
1377637200,1415.2105,1419.502,1414.41,1415.357,10779,13
1377651600,1415.357,1422.742,1413.5965,1420.03,28097,16
1377666000,1420.03,1433.773,1419.4805,1425.734,68339,16
1377680400,1425.734,1430.9975,1422.17,1428.26,38860,16
1377694800,1428.26,1430.2385,1415.468,1418.6545,106411,16
1377709200,1418.6545,1423.063,1415.316,1417.4775,33044,16
1377723600,1417.4775,1418.6835,1409.2855,1410.913,15064,13
1377738000,1410.913,1414.2365,1407.9555,1413.623,26963,16
1377752400,1413.623,1413.7995,1404.8605,1407.354,59337,16
1377766800,1407.354,1416.755,1405.8565,1411.938,58722,16
1377781200,1411.938,1414.0565,1402.586,1411.666,79313,16
1377795600,1411.666,1413.933,1404.8535,1407.794,29900,16
1377810000,1407.794,1407.9395,1403.039,1405.6995,13229,13
1377824400,1405.6995,1411.343,1405.4245,1410.7285,26136,16
1377838800,1410.7285,1410.989,1394.8215,1396.6335,48965,16
1377853200,1396.6335,1398.8925,1392.7505,1394.301,36547,16
1377867600,1394.301,1405.1675,1392.318,1397.951,63769,16
1377882000,1397.951,1403.248,1393.063,1395.2885,38193,16
1378069200,1395.2885,1395.2885,1374.0295,1385.812,23895,12
1378083600,1385.812,1394.8765,1385.733,1393.6655,26455,16
1378098000,1393.6655,1398.3525,1391.4355,1392.7495,38863,16
1378112400,1392.7495,1395.1825,1387.859,1390.211,21394,16
1378126800,1390.211,1394.8935,1388.91,1390.5765,30089,16
1378141200,1390.5765,1390.5765,1390.5765,1390.5765,1,1
1378155600,1390.5765,1395.4555,1390.5225,1392.5155,9662,12
1378170000,1392.5155,1394.519,1390.341,1393.5025,17758,16
1378184400,1393.5025,1396.1805,1384.629,1393.917,30895,16
1378198800,1393.917,1401.3575,1391.4745,1398.2445,42425,16
1378213200,1398.2445,1409.1825,1398.1425,1409.0835,77630,16
1378227600,1409.0835,1416.4415,1408.6635,1412.3595,38733,16
1378242000,1412.3595,1414.256,1410.295,1413.4885,9569,13
1378256400,1413.4885,1415.0505,1410.6885,1411.932,23693,16
1378270800,1411.932,1412.7525,1403.627,1404.3485,38863,16
1378285200,1404.3485,1406.009,1393.5,1394.012,40914,16
1378299600,1394.012,1395.4265,1384.854,1388.675,73885,16
1378314000,1388.675,1396.058,1386.735,1391.5855,25287,16
1378328400,1391.5855,1395.0275,1390.8355,1393.506,10103,13
1378342800,1393.506,1394.691,1391.316,1392.0405,16395,16
1378357200,1392.0405,1392.1405,1381.1825,1389.1735,41821,16
1378371600,1389.1735,1400.072,1388.94,1391.538,56038,16
1378386000,1391.538,1391.538,1365.126,1372.1345,100976,16
1378400400,1372.1345,1373.692,1365.3115,1367.5515,24522,16
1378414800,1367.5515,1371.7175,1365.8145,1371.5855,9996,13
1378429200,1371.5855,1374.009,1369.2265,1370.8075,20001,16
1378443600,1370.8075,1373.023,1366.94,1369.235,29792,16
1378458000,1369.235,1393.5555,1359.0425,1384.4595,70723,16
1378472400,1384.4595,1391.5085,1380.5335,1388.106,85735,16
1378486800,1388.106,1391.988,1386.4995,1391.8705,19640,16
1378674000,1391.8705,1394.6085,1385.3495,1390.104,15447,12
1378688400,1390.104,1391.895,1387.4375,1387.8625,13136,16
1378702800,1387.8625,1389.6825,1386.3335,1387.4825,15621,16
1378717200,1387.4825,1388.465,1382.1525,1388.0945,27053,16
1378731600,1388.0945,1391.08,1384.4625,1385.5715,34318,16
1378746000,1385.5715,1387.5265,1385.463,1386.8545,10463,16
1378760400,1386.8545,1391.4335,1385.3555,1385.8355,6087,13
1378774800,1385.8355,1386.3085,1375.7835,1377.5105,18107,16
1378789200,1377.5105,1380.436,1374.443,1374.9265,27534,16
1378803600,1374.9265,1374.9265,1363.0185,1364.2455,38817,16
1378818000,1364.2455,1366.425,1357.9635,1364.4605,53393,16
1378832400,1364.4605,1366.8955,1363.128,1364.0285,16053,16
1378846800,1364.0285,1366.7855,1362.849,1366.6555,9260,13
1378861200,1366.6555,1368.7705,1356.852,1365.5785,30281,16
1378875600,1365.5785,1368.215,1364.2345,1367.6005,22384,16
1378890000,1367.6005,1367.6605,1357.8995,1361.454,30370,16
1378904400,1361.454,1365.105,1359.594,1363.073,32515,16
1378918800,1363.073,1365.5595,1362.4545,1365.2425,10230,16
1378933200,1365.2425,1366.782,1363.5965,1365.4345,8685,13
1378947600,1365.4345,1365.4345,1354.415,1359.0025,24067,16
1378962000,1359.0025,1359.109,1338.443,1339.695,49191,16
1378976400,1339.695,1344.6965,1329.574,1330.002,49947,16
1378990800,1330.002,1333.7765,1326.1155,1331.047,59554,16
1379005200,1331.047,1331.4615,1320.7545,1321.654,35882,16
1379019600,1321.654,1329.185,1320.898,1328.2995,10944,13
1379034000,1328.2995,1331.045,1323.428,1324.809,18641,16
1379048400,1324.809,1325.112,1308.138,1310.054,56787,16
1379062800,1310.054,1323.6115,1305.013,1318.982,57501,16
1379077200,1318.982,1321.3585,1311.957,1312.6725,60072,16
1379091600,1312.6725,1327.29,1307.345,1326.311,39004,16
1379278800,1326.311,1334.94,1325.5405,1331.489,24186,12
1379293200,1331.489,1333.0055,1323.585,1328.5925,23733,16
1379307600,1328.5925,1330.331,1316.8185,1317.958,39734,16
1379322000,1317.958,1318.6455,1307.6605,1312.745,41383,16
1379336400,1312.745,1325.698,1312.4535,1317.7325,57562,16
1379350800,1317.7325,1318.9535,1303.102,1313.015,36476,16
1379365200,1313.015,1316.946,1310.6545,1314.9075,8555,13
1379379600,1314.9075,1316.665,1308.2105,1313.657,27209,16
1379394000,1313.657,1324.0435,1312.541,1318.5175,36488,16
1379408400,1318.5175,1323.696,1313.3515,1315.031,35237,16
1379422800,1315.031,1316.7725,1306.2165,1310.291,59847,16
1379437200,1310.291,1312.977,1309.091,1310.639,13857,16
1379451600,1310.639,1310.885,1293.0255,1299.761,23058,13
1379466000,1299.761,1300.7855,1291.981,1298.2165,31939,16
1379480400,1298.2165,1307.914,1294.609,1303.022,40322,16
1379494800,1303.022,1306.8755,1298.011,1301.238,39889,16
1379509200,1301.238,1304.343,1296.3915,1303.545,42948,16
1379523600,1303.545,1367.6485,1302.3665,1364.076,141597,16
1379538000,1364.076,1368.4095,1360.3945,1362.4215,18746,13
1379552400,1362.4215,1366.5295,1358.782,1361.4885,23897,16
1379566800,1361.4885,1375.453,1361.454,1366.9845,45743,16
1379581200,1366.9845,1373.6685,1361.5065,1366.1445,53876,16
1379595600,1366.1445,1375.1665,1359.205,1371.28,83478,16
1379610000,1371.28,1374.2015,1362.8705,1366.3835,33677,16
1379624400,1366.3835,1368.2245,1361.82,1362.5955,12643,13
1379638800,1362.5955,1366.595,1361.9075,1364.065,15020,16
1379653200,1364.065,1365.355,1352.3185,1357.166,35084,16
1379667600,1357.166,1359.431,1346.5495,1353.071,48962,16
1379682000,1353.071,1356.8335,1327.3215,1332.747,106875,16
1379696400,1332.747,1335.936,1324.995,1325.996,41807,16
1379883600,1325.996,1330.5855,1321.726,1321.761,15736,12
1379898000,1321.761,1324.9655,1313.6045,1321.7515,33517,16
1379912400,1321.7515,1332.006,1318.5455,1327.8815,48663,16
1379926800,1327.8815,1328.4135,1316.4695,1322.37,39841,16
1379941200,1322.37,1330.3655,1317.84,1328.328,59343,16
1379955600,1328.328,1328.496,1320.5395,1322.728,26274,16
1379970000,1322.728,1328.376,1320.73,1325.93,11537,13
1379984400,1325.93,1329.0765,1325.7505,1327.38,24354,16
1379998800,1327.38,1329.4115,1316.5245,1318.6045,46296,16
1380013200,1318.6045,1319.4145,1306.902,1307.493,53361,16
1380027600,1307.493,1317.964,1305.8315,1314.562,65058,16
1380042000,1314.562,1327.985,1313.4895,1323.4465,42791,16
1380056400,1323.4465,1326.231,1322.6545,1325.4465,9483,13
1380070800,1325.4465,1326.962,1322.979,1325.7505,22638,16
1380085200,1325.7505,1329.9755,1319.7145,1323.259,38619,16
1380099600,1323.259,1326.6005,1316.707,1321.1715,37393,16
1380114000,1321.1715,1338.206,1320.45,1337.178,69633,16
1380128400,1337.178,1338.157,1332.173,1334.4725,36179,16
1380142800,1334.4725,1335.691,1331.238,1334.989,10873,13
1380157200,1334.989,1336.687,1330.134,1332.835,22587,16
1380171600,1332.835,1339.4955,1328.8835,1337.3935,39590,16
1380186000,1337.3935,1338.377,1330.795,1334.69,46261,16
1380200400,1334.69,1336.128,1318.9755,1322.6905,76199,16
1380214800,1322.6905,1325.6865,1321.588,1324.0445,18245,16
1380229200,1324.0445,1325.021,1319.8905,1324.246,11329,13
1380243600,1324.246,1326.285,1321.157,1324.5385,21172,16
1380258000,1324.5385,1328.287,1322.354,1323.0525,23457,16
1380272400,1323.0525,1344.3075,1321.542,1335.7605,118558,16
1452506400,1099.6595,1105.8675,1099.248,1101.0665,8393,16
1452520800,1101.0665,1103.4655,1096.366,1099.2505,9606,16
1452535200,1099.2505,1099.2505,1093.741,1094.2765,4466,16
1452549600,1094.2765,1097.171,1093.2115,1095.423,2722,12
1452564000,1095.423,1098.162,1095.016,1095.9175,2527,16
1452578400,1095.9175,1099.3925,1094.1015,1094.958,3454,16
1452592800,1094.958,1095.6295,1085.4605,1088.5845,7170,16
1452607200,1088.5845,1089.997,1083.577,1086.432,9381,16
1452621600,1086.432,1093.398,1085.1845,1086.985,4480,16
1452636000,1086.985,1088.1615,1084.5625,1085.651,2459,12
1452650400,1085.651,1086.1295,1083.1245,1085.2925,2612,16
1452664800,1085.2925,1085.748,1079.908,1081.3885,4088,16
1452679200,1081.3885,1083.681,1080.576,1081.787,4432,16
1452693600,1081.787,1093.0105,1081.281,1091.0215,11344,16
1452708000,1091.0215,1095.661,1086.718,1093.265,6086,16
1452722400,1093.265,1095.5445,1092.0735,1092.6195,2399,12
1452736800,1092.6195,1095.2025,1091.2625,1091.6485,1644,16
1452751200,1091.6485,1093.2235,1088.1395,1091.7165,3686,16
1452765600,1091.7165,1093.234,1083.5125,1084.317,6522,16
1452780000,1084.317,1089.022,1076.791,1078.027,11752,16
1452794400,1078.027,1080.733,1071.475,1078.2455,4955,16
1452808800,1078.2455,1079.937,1076.407,1078.3625,2502,12
1452823200,1078.3625,1082.3405,1078.312,1080.6245,2571,16
1452837600,1080.6245,1085.31,1080.575,1083.477,3696,16
1452852000,1083.477,1097.515,1080.386,1093.9375,9728,16
1452866400,1093.9375,1097.4415,1086.691,1090.163,17600,16
1452880800,1090.163,1091.8785,1087.799,1088.7755,5239,16
1453068000,1088.7755,1093.1555,1088.7755,1091.268,3075,12
1453082400,1091.268,1093.5095,1090.3975,1090.3975,1720,16
1453096800,1090.3975,1091.9015,1087.6115,1091.28,3397,16
1453111200,1091.28,1092.321,1089.319,1089.955,2751,16
1453125600,1089.955,1090.3875,1088.621,1089.04,2007,16
1453140000,1089.04,1089.04,1089.04,1089.04,1,1
1453154400,1089.04,1090.0305,1085.5055,1085.899,2163,12
1453168800,1085.899,1090.829,1085.7945,1088.8925,2707,16
1453183200,1088.8925,1094.7285,1087.725,1089.018,4519,16
1453197600,1089.018,1089.277,1082.471,1086.2185,5214,16
1453212000,1086.2185,1090.1655,1083.53,1089.492,9812,16
1453226400,1089.492,1091.9025,1086.5915,1087.4425,3724,16
1453240800,1087.4425,1092.118,1087.014,1091.6785,1465,12
1453255200,1091.6785,1093.865,1090.258,1091.294,2523,16
1453269600,1091.294,1097.1135,1091.294,1093.4545,5095,16
1453284000,1093.4545,1103.17,1093.1215,1099.6805,7632,16
1453298400,1099.6805,1109.851,1097.2115,1105.947,13891,16
1453312800,1105.947,1106.928,1099.476,1101.059,6427,16
1453327200,1101.059,1102.365,1097.325,1099.872,3191,12
1453341600,1099.872,1103.686,1099.2195,1103.454,2390,16
1453356000,1103.454,1104.6495,1098.5585,1098.823,4296,16
1453370400,1098.823,1102.484,1093.58,1097.77,10528,16
1453384800,1097.77,1099.9285,1092.528,1095.116,14980,16
1453399200,1095.116,1102.8625,1093.0565,1101.0915,5963,16
1453413600,1101.0915,1102.4225,1098.1155,1099.5695,2207,12
1453428000,1099.5695,1101.594,1098.4815,1098.864,1908,16
1453442400,1098.864,1099.4315,1095.1075,1097.191,3752,16
1453456800,1097.191,1099.722,1094.456,1095.1545,4705,16
1453471200,1095.1545,1102.9665,1094.157,1097.838,11131,16
1453485600,1097.838,1098.8495,1095.7205,1097.653,2657,16
1453672800,1097.653,1101.136,1097.344,1100.216,1711,12
1453687200,1100.216,1102.271,1099.8365,1100.782,1545,16
1453701600,1100.782,1105.6595,1099.7425,1104.465,3081,16
1453716000,1104.465,1108.2065,1103.09,1106.677,4721,16
1453730400,1106.677,1108.628,1104.993,1105.8905,7773,16
1453744800,1105.8905,1109.06,1104.033,1107.87,2766,16
1453759200,1107.87,1111.1015,1107.139,1109.891,2383,12
1453773600,1109.891,1113.903,1109.424,1112.484,1850,16
1453788000,1112.484,1117.7495,1112.0785,1113.512,3992,16
1453802400,1113.512,1115.391,1111.232,1113.2605,5314,16
1453816800,1113.2605,1119.9905,1109.7495,1118.785,9246,16
1453831200,1118.785,1123.0545,1118.432,1120.0405,2833,16
1453845600,1120.0405,1121.4225,1118.261,1120.237,2395,12
1453860000,1120.237,1122.348,1119.6825,1120.5965,1847,16
1453874400,1120.5965,1120.7095,1116.69,1118.9705,3182,16
1453888800,1118.9705,1120.9485,1116.2445,1118.6255,4601,16
1453903200,1118.6255,1119.0305,1114.965,1117.6075,6955,16
1453917600,1117.6075,1128.1735,1115.275,1124.867,11504,16
1453932000,1124.867,1126.0365,1118.9865,1119.7725,2732,12
1453946400,1119.7725,1122.5935,1118.901,1120.012,1881,16
1453960800,1120.012,1120.154,1117.4085,1118.024,3946,16
1453975200,1118.024,1122.3365,1117.881,1120.5095,5657,16
1453989600,1120.5095,1121.2505,1110.655,1115.9915,11982,16
1454004000,1115.9915,1116.965,1113.53,1114.916,3264,16
1454018400,1114.916,1116.481,1113.532,1116.0495,1760,12
1454032800,1116.0495,1118.3215,1108.5835,1114.4305,7599,16
1454047200,1114.4305,1116.479,1111.621,1113.33,4544,16
1454061600,1113.33,1117.3115,1111.6805,1113.5245,5517,16
1454076000,1113.5245,1118.7305,1110.9515,1116.9325,11507,16
1454090400,1116.9325,1118.3945,1115.7965,1118.143,3300,16
1454277600,1118.143,1120.9525,1115.614,1120.393,2940,12
1454292000,1120.393,1122.446,1120.314,1122.269,2038,16
1454306400,1122.269,1124.306,1120.5795,1121.9905,2484,16
1454320800,1121.9905,1124.17,1119.6865,1122.8525,3747,16
1454335200,1122.8525,1129.0775,1121.9065,1127.018,8791,16
1454349600,1127.018,1129.946,1126.808,1128.429,2596,16
1454364000,1128.429,1130.641,1127.1115,1127.486,2359,12
1454378400,1127.486,1128.195,1124.95,1125.6115,1997,16
1454392800,1125.6115,1127.096,1124.4275,1125.4065,2446,16
1454407200,1125.4065,1127.5405,1123.4215,1127.031,3452,16
1454421600,1127.031,1131.2105,1122.344,1126.019,8130,16
1454436000,1126.019,1129.797,1125.392,1128.807,2915,16
1454450400,1128.807,1129.177,1126.056,1128.167,1902,12
1454464800,1128.167,1129.167,1126.76,1128.222,1594,16
1454479200,1128.222,1129.339,1124.519,1127.8795,2531,16
1454493600,1127.8795,1133.1735,1126.198,1126.45,6809,16
1454508000,1126.45,1140.7465,1125.3895,1139.5195,18469,16
1454522400,1139.5195,1145.6305,1137.155,1142.589,9016,16
1454536800,1142.589,1143.8915,1140.1445,1141.466,3150,12
1454551200,1141.466,1143.3385,1139.3915,1143.0695,2262,16
1454565600,1143.0695,1147.473,1140.59,1146.004,4655,16
1454580000,1146.004,1154.9045,1144.907,1152.915,9703,16
1454594400,1152.915,1156.8125,1149.1795,1155.4305,15230,16
1454608800,1155.4305,1157.4735,1154.203,1155.6375,3958,16
1454623200,1155.6375,1156.319,1153.1725,1154.398,2056,12
1454637600,1154.398,1157.0715,1153.6335,1154.8775,1872,16
1454652000,1154.8775,1158.432,1153.199,1157.586,3327,16
1454666400,1157.586,1163.441,1149.027,1151.1535,16964,16
1454680800,1151.1535,1159.0195,1145.371,1157.325,18121,16
1454695200,1157.325,1174.66,1157.0325,1173.5065,8473,16
1454882400,1173.5065,1173.8645,1164.662,1165.13,5432,12
1454896800,1165.13,1168.7385,1164.4875,1165.953,2620,16
1454911200,1165.953,1173.994,1164.2965,1173.5475,3967,16
1454925600,1173.5475,1183.81,1171.8635,1181.7285,8955,16
1454940000,1181.7285,1199.2305,1181.5775,1195.267,22048,16
1454954400,1195.267,1200.9675,1188.531,1189.305,7682,16
1454968800,1189.305,1194.4525,1188.81,1193.591,3305,12
1454983200,1193.591,1195.678,1190.9185,1191.496,4904,16
1454997600,1191.496,1194.9205,1185.7745,1189.423,7411,16
1455012000,1189.423,1198.96,1187.552,1198.223,9226,16
1455026400,1198.223,1198.223,1187.9425,1197.1495,21702,16
1455040800,1197.1495,1199.009,1187.378,1189.015,8798,16
1455055200,1189.015,1193.4935,1188.3705,1193.2415,2849,12
1455069600,1193.2415,1194.413,1189.909,1191.3715,4442,16
1455084000,1191.3715,1191.678,1181.7955,1182.1125,4500,16
1455098400,1182.1125,1191.7505,1181.644,1187.6605,12313,16
1455112800,1187.6605,1194.9825,1181.7005,1191.9795,25126,16
1455127200,1191.9795,1197.773,1191.2245,1197.3025,6744,16
1455141600,1197.3025,1214.908,1195.946,1208.1585,6869,12
1455156000,1208.1585,1209.147,1205.263,1206.386,3394,16
1455170400,1206.386,1219.9435,1205.9,1217.227,14338,16
1455184800,1217.227,1242.525,1217.1405,1235.3825,32714,16
1455199200,1235.3825,1263.436,1231.8435,1247.9845,53115,16
1455213600,1247.9845,1257.885,1240.963,1246.798,29848,16
1455228000,1246.798,1248.3805,1235.8885,1236.0335,8313,12
1455242400,1236.0335,1239.4935,1232.641,1238.961,6486,16
1455256800,1238.961,1246.2205,1235.676,1237.9715,13959,16
1455271200,1237.9715,1243.327,1232.802,1235.5925,14770,16
1455285600,1235.5925,1241.7875,1232.4815,1236.4165,24301,16
1455300000,1236.4165,1240.161,1235.986,1237.951,5564,16
1455487200,1237.951,1237.951,1221.9135,1223.4245,11661,12
1455501600,1223.4245,1225.1965,1214.6775,1219.4705,7373,16
1455516000,1219.4705,1220.463,1207.5105,1209.178,9022,16
1455530400,1209.178,1214.1955,1207.6565,1211.365,6078,16
1455544800,1211.365,1212.462,1202.228,1209.3815,9595,16
1455573600,1209.3815,1209.6385,1201.9115,1204.2275,5495,12
1455588000,1204.2275,1204.399,1190.9975,1197.4805,7141,16
1455602400,1197.4805,1210.7435,1194.8635,1210.3935,10434,16
1455616800,1210.3935,1217.162,1209.9745,1214.808,11604,16
1455631200,1214.808,1216.377,1205.1145,1208.7385,19742,16
1455645600,1208.7385,1209.8865,1198.496,1200.0915,5793,16
1455660000,1200.0915,1204.275,1195.79,1202.1395,5964,12
1455674400,1202.1395,1209.8725,1200.995,1206.3425,4745,16
1455688800,1206.3425,1212.222,1200.5305,1202.518,7519,16
1455703200,1202.518,1209.79,1200.6655,1208.95,10460,16
1455717600,1208.95,1213.8895,1204.998,1209.7915,16293,16
1455732000,1209.7915,1212.235,1201.585,1208.534,10994,16
1455746400,1208.534,1210.1915,1205.257,1208.7205,4669,12
1455760800,1208.7205,1210.4795,1207.656,1209.5365,3773,16
1455775200,1209.5365,1209.738,1205.2695,1206.444,4342,16
1455789600,1206.444,1208.009,1200.843,1206.404,7079,16
1455804000,1206.404,1227.428,1204.798,1227.2525,15540,16
1455818400,1227.2525,1240.021,1223.6365,1231.0675,12836,16
1455832800,1231.0675,1232.7675,1225.032,1226.6135,5866,12
1455847200,1226.6135,1228.321,1225.259,1226.0225,2889,16
1455861600,1226.0225,1227.3615,1220.192,1220.958,7504,16
1455876000,1220.958,1234.666,1220.1055,1230.074,14065,16
1455890400,1230.074,1233.5445,1224.467,1230.6515,18965,16
1455904800,1230.6515,1233.1425,1225.5905,1226.326,5547,16
1456092000,1226.326,1226.384,1221.816,1223.0755,5801,12
1456106400,1223.0755,1223.7805,1214.723,1216.4735,5357,16
1456120800,1216.4735,1218.0455,1205.514,1206.1665,8364,16
1456135200,1206.1665,1215.172,1202.046,1208.6865,9494,16
1456149600,1208.6865,1215.0255,1206.57,1210.7985,13653,16
1456164000,1210.7985,1211.2265,1207.311,1208.908,3896,16
1456178400,1208.908,1216.4115,1207.29,1215.558,6729,12
1456192800,1215.558,1223.014,1214.824,1216.145,7716,16
1456207200,1216.145,1221.226,1215.298,1218.73,6752,16
1456221600,1218.73,1226.258,1214.957,1218.151,9026,16
1456236000,1218.151,1228.1485,1217.831,1223.3665,20545,16
1456250400,1223.3665,1228.355,1221.1145,1227.121,5679,16
1456264800,1227.121,1232.7475,1224.341,1225.393,7505,12
1456279200,1225.393,1230.308,1224.993,1227.501,4771,16
1456293600,1227.501,1230.3645,1222.006,1229.826,7207,16
1456308000,1229.826,1245.6045,1229.826,1243.5995,13272,16
1456322400,1243.5995,1253.378,1236.4995,1237.7035,29052,16
1456336800,1237.7035,1241.6,1227.0845,1229.0185,11393,16
1456351200,1229.0185,1236.923,1221.2405,1235.853,8863,12
1456365600,1235.853,1236.1265,1231.584,1234.0085,5576,16
1456380000,1234.0085,1242.4895,1233.848,1236.833,8417,16
1456394400,1236.833,1240.996,1231.4325,1234.091,11750,16
1456408800,1234.091,1243.542,1225.6675,1241.3735,27909,16
1456423200,1241.3735,1241.9585,1232.433,1233.1685,9205,16
1456437600,1233.1685,1240.0755,1231.547,1238.3015,4799,12
1456452000,1238.3015,1240.494,1235.5405,1239.3405,3820,16
1456466400,1239.3405,1239.55,1228.586,1232.4485,5507,16
1456480800,1232.4485,1238.2455,1226.501,1228.7135,10404,16
1456495200,1228.7135,1231.016,1211.5645,1220.054,28252,16
1456509600,1220.054,1226.5115,1219.313,1222.997,7080,16
1456696800,1222.997,1226.8135,1215.759,1225.9045,6246,12
1456711200,1225.9045,1228.3605,1223.2,1228.354,4532,16
1456725600,1228.354,1234.606,1225.164,1234.481,8430,16
1456740000,1234.481,1235.478,1226.284,1228.5305,10667,16
1456754400,1228.5305,1236.0855,1228.3535,1232.033,16574,16
1456768800,1232.033,1241.28,1230.208,1238.6045,7361,16
1456783200,1238.6045,1247.8195,1236.7745,1246.6275,6350,12
1456797600,1246.6275,1248.6615,1243.171,1244.4065,4820,16
1456812000,1244.4065,1245.8825,1237.2525,1241.431,7279,16
1456826400,1241.431,1247.9705,1239.1115,1244.7775,8651,16
1456840800,1244.7775,1245.052,1227.281,1229.8255,23653,16
1456855200,1229.8255,1236.597,1229.5135,1232.168,6211,16
1456869600,1232.168,1233.013,1225.5485,1228.39,4576,12
1456884000,1228.39,1229.2595,1224.868,1227.0355,3816,16
1456898400,1227.0355,1231.255,1225.655,1231.017,4380,16
1456912800,1231.017,1236.4825,1227.6135,1232.1845,10048,16
1456927200,1232.1845,1241.95,1230.976,1240.452,21172,16
1456941600,1240.452,1244.2495,1238.978,1239.983,6121,16
1456956000,1239.983,1243.2515,1237.567,1238.985,4775,12
1456970400,1238.985,1240.754,1237.9485,1239.2275,2913,16
1456984800,1239.2275,1244.6975,1238.8005,1241.911,5036,16
1456999200,1241.911,1246.11,1240.057,1241.854,6859,16
1457013600,1241.854,1260.464,1241.59,1257.109,23531,16
1457028000,1257.109,1268.519,1255.2315,1264.7735,9567,16
1457042400,1264.7735,1264.7735,1255.92,1259.205,4458,12
1457056800,1259.205,1262.9275,1259.118,1261.2055,5270,16
1457071200,1261.2055,1274.8835,1259.8365,1272.229,10336,16
1457085600,1272.229,1274.2165,1250.168,1265.5985,23267,16
1457100000,1265.5985,1279.9235,1262.461,1270.2735,48755,16
1457114400,1270.2735,1271.166,1257.4335,1259.277,16312,16
1457301600,1259.277,1268.787,1258.348,1262.181,7020,12
1457316000,1262.181,1262.418,1256.7525,1260.7375,6427,16
1457330400,1260.7375,1268.1415,1260.1455,1266.8515,7167,16
1457344800,1266.8515,1273.2915,1265.4255,1267.509,10427,16
1457359200,1267.509,1271.829,1259.504,1261.8745,17300,16
1457373600,1261.8745,1269.364,1260.214,1267.4265,6571,16
1457388000,1267.4265,1271.1055,1263.561,1270.9275,5660,12
1457402400,1270.9275,1273.1405,1265.479,1270.0535,6722,16
1457416800,1270.0535,1276.468,1267.825,1274.3635,5874,16
1457431200,1274.3635,1278.217,1271.0545,1274.311,8954,16
1457445600,1274.311,1274.986,1262.63,1265.014,19941,16
1457460000,1265.014,1265.2515,1260.338,1261.5965,6742,16
1457474400,1261.5965,1265.047,1251.6925,1255.4375,8242,12
1457488800,1255.4375,1256.2865,1253.525,1255.672,3696,16
1457503200,1255.672,1259.473,1254.9385,1257.5985,4263,16
1457517600,1257.5985,1260.5055,1249.3825,1253.5965,8274,16
1457532000,1253.5965,1258.003,1243.055,1256.3405,22341,16
1457546400,1256.3405,1259.2015,1249.8495,1253.0905,5628,16
1457560800,1253.0905,1255.269,1249.5375,1250.2375,4990,12
1457575200,1250.2375,1252.249,1247.292,1247.7255,4158,16
1457589600,1247.7255,1250.932,1245.005,1249.821,4621,16
1457604000,1249.821,1258.464,1237.0325,1255.6055,26961,16
1457618400,1255.6055,1273.451,1254.162,1272.5425,49701,16
1457632800,1272.5425,1273.4855,1266.7355,1272.2765,8164,16
1457647200,1272.2765,1284.979,1269.4145,1277.2365,10733,12
1457661600,1277.2365,1278.983,1269.723,1275.004,7703,16
1457676000,1275.004,1275.569,1262.7825,1264.066,9117,16
1457690400,1264.066,1269.247,1262.225,1268.536,9956,16
1457704800,1268.536,1269.746,1254.6625,1259.67,19895,16
1457719200,1259.67,1260.293,1248.455,1250.3545,6229,16
1457902800,1250.3545,1259.2305,1248.025,1254.535,3300,12
1457917200,1254.535,1256.8195,1252.1705,1254.94,4976,16
1457931600,1254.94,1257.069,1252.192,1256.2595,4058,16
1457946000,1256.2595,1261.1565,1252.9445,1256.4405,5350,16
1457960400,1256.4405,1259.2745,1241.792,1244.0065,18503,16
1457974800,1244.0065,1245.072,1229.376,1235.2065,7353,16
1457989200,1235.2065,1238.1355,1231.9205,1235.429,3462,12
1458003600,1235.429,1235.504,1225.664,1229.67,8412,16
1458018000,1229.67,1236.206,1227.273,1235.428,4654,16
1458032400,1235.428,1238.242,1229.859,1236.186,7366,16
1458046800,1236.186,1237.11,1227.6225,1231.6865,16098,16
1458061200,1231.6865,1234.5,1229.343,1232.681,3803,16
1458075600,1232.681,1235.1645,1231.374,1233.0675,2042,12
1458090000,1233.0675,1234.0485,1230.184,1232.4025,3917,16
1458104400,1232.4025,1235.656,1229.692,1231.7855,3529,16
1458118800,1231.7855,1234.394,1227.4375,1230.475,5809,16
1458133200,1230.475,1232.9915,1226.7395,1229.6555,11338,16
1458147600,1229.6555,1264.0485,1228.5395,1262.3405,33712,16
1458162000,1262.3405,1262.768,1258.5985,1260.727,3184,12
1458176400,1260.727,1262.3235,1254.5985,1256.554,5488,16
1458190800,1256.554,1268.3025,1256.2555,1266.7685,7511,16
1458205200,1266.7685,1271.057,1262.342,1265.098,16519,16
1458219600,1265.098,1269.2825,1261.6025,1265.816,20165,16
1458234000,1265.816,1265.8575,1255.696,1258.028,6593,16
1458248400,1258.028,1261.3355,1256.894,1261.1995,2394,12
1458262800,1261.1995,1267.0265,1261.1955,1262.8875,5886,16
1458277200,1262.8875,1265.665,1253.2805,1255.427,4988,16
1458291600,1255.427,1255.5115,1247.854,1252.2465,6535,16
1458306000,1252.2465,1254.5475,1250.228,1251.5945,11681,16
1458320400,1251.5945,1258.7205,1250.1555,1255.2935,5706,16
1458507600,1255.2935,1256.144,1252.6735,1254.1935,2228,12
1458522000,1254.1935,1255.2995,1250.9595,1251.544,4773,16
1458536400,1251.544,1252.435,1240.7405,1243.375,6936,16
1458550800,1243.375,1249.352,1241.9805,1243.646,5808,16
1458565200,1243.646,1248.3745,1242.015,1244.788,11767,16
1458579600,1244.788,1245.3425,1242.1625,1243.6605,4356,16
1458594000,1243.6605,1246.41,1242.5025,1245.0755,1980,12
1458608400,1245.0755,1247.274,1243.2425,1244.4125,3358,16
1458622800,1244.4125,1260.3555,1244.0375,1252.3825,8763,16
1458637200,1252.3825,1255.709,1248.725,1253.979,7562,16
1458651600,1253.979,1257.1135,1245.6455,1247.1575,13557,16
1458666000,1247.1575,1248.9765,1244.458,1248.2735,4166,16
1458680400,1248.2735,1249.5335,1247.0585,1247.5985,2170,12
1458694800,1247.5985,1247.741,1231.9845,1234.8635,6640,16
1458709200,1234.8635,1236.8845,1231.383,1234.8385,5203,16
1458723600,1234.8385,1235.2035,1221.422,1223.511,10153,16
1458738000,1223.511,1224.188,1215.4055,1223.592,18540,16
1458752400,1223.592,1225.072,1219.0865,1220.4375,4078,16
1458766800,1220.4375,1223.451,1220.4375,1221.8145,2712,12
1458781200,1221.8145,1221.9575,1214.859,1218.8105,5453,16
1458795600,1218.8105,1220.238,1211.108,1216.5625,5795,16
1458810000,1216.5625,1223.9015,1215.9365,1222.351,6496,16
1458824400,1222.351,1223.452,1218.283,1221.491,9787,16
1458838800,1221.491,1223.3275,1216.615,1217.3005,3725,16
1459112400,1217.3005,1217.3005,1207.873,1210.858,4091,12
1459126800,1210.858,1214.635,1209.3555,1213.495,3718,16
1459141200,1213.495,1218.954,1212.838,1215.77,3494,16
1459155600,1215.77,1222.23,1214.9545,1219.108,4101,16
1459170000,1219.108,1223.1955,1216.4845,1218.359,7394,16
1459184400,1218.359,1221.9075,1218.1995,1221.351,2210,16
1459198800,1221.351,1223.177,1220.759,1221.974,1572,12
1459213200,1221.974,1222.6585,1216.808,1218.901,3467,16
1459227600,1218.901,1220.223,1215.3895,1218.188,3908,16
1459242000,1218.188,1221.7155,1216.2255,1220.6545,4916,16
1459256400,1220.6545,1240.0945,1220.2875,1235.796,20909,16
1459270800,1235.796,1243.161,1234.3555,1242.3835,8591,16
1459285200,1242.3835,1242.741,1239.1,1240.3495,2650,12
1459299600,1240.3495,1242.6155,1234.7405,1236.1725,4174,16
1459314000,1236.1725,1244.432,1235.803,1239.561,5178,16
1459328400,1239.561,1239.9745,1230.869,1233.718,9766,16
1459342800,1233.718,1236.6155,1223.3615,1227.995,15938,16
1459357200,1227.995,1229.1305,1223.9275,1224.9465,3858,16
1459371600,1224.9465,1228.6195,1224.7035,1225.6785,2337,12
1459386000,1225.6785,1230.175,1223.7755,1229.472,3898,16
1459400400,1229.472,1235.0495,1226.317,1234.8125,5256,16
1459414800,1234.8125,1240.6005,1232.432,1237.2325,9665,16
1459429200,1237.2325,1239.0785,1231.405,1232.4735,15373,16
1459443600,1232.4735,1235.229,1230.818,1232.945,3826,16
1459458000,1232.945,1233.507,1231.2445,1232.121,1979,12
1459472400,1232.121,1234.6145,1229.4575,1231.0465,5387,16
1459486800,1231.0465,1235.4845,1230.342,1233.2775,4154,16
1459501200,1233.2775,1234.06,1217.097,1218.5035,19850,16
1459515600,1218.5035,1220.469,1209.0145,1216.8235,18995,16
1459530000,1216.8235,1224.0655,1216.1795,1222.3655,5323,16
1459717200,1222.3655,1222.4375,1218.095,1222.3915,4023,12
1459731600,1222.3915,1222.6715,1216.308,1217.7535,4276,16
1459746000,1217.7535,1219.4405,1214.789,1216.761,4645,16
1459760400,1216.761,1222.7405,1214.9265,1222.204,5435,16
1459774800,1222.204,1222.3205,1214.794,1217.051,9295,16
1459789200,1217.051,1218.6595,1214.7315,1215.4245,3019,16
1459803600,1215.4245,1219.162,1214.9345,1219.162,2286,12
1459818000,1219.162,1226.917,1218.944,1225.6945,5642,16
1459832400,1225.6945,1234.9975,1224.443,1232.8295,6267,16
1459846800,1232.8295,1237.0785,1230.703,1234.5745,6291,16
1459861200,1234.5745,1234.6995,1226.7685,1228.4355,13661,16
1459875600,1228.4355,1231.9815,1225.6815,1231.3475,5374,16
1459890000,1231.3475,1232.3085,1228.7035,1231.4185,2471,12
1459904400,1231.4185,1231.9765,1228.2005,1229.476,3110,16
1459918800,1229.476,1229.946,1224.5085,1226.8395,4539,16
1459933200,1226.8395,1227.0375,1216.84,1219.066,6585,16
1459947600,1219.066,1228.1815,1218.6415,1222.232,13769,16
1459962000,1222.232,1226.037,1216.6775,1222.325,10889,16
1459976400,1222.325,1226.7185,1222.325,1224.5905,2866,12
1459990800,1224.5905,1230.249,1224.1005,1229.722,5455,16
1460005200,1229.722,1236.1465,1225.782,1235.83,8713,16
1460019600,1235.83,1240.2415,1234.287,1239.536,10950,16
1460034000,1239.536,1243.351,1235.8485,1237.037,16884,16
1460048400,1237.037,1241.2585,1235.0005,1240.512,4854,16
1460062800,1240.512,1240.867,1236.8125,1237.7945,2055,12
1460077200,1237.7945,1238.641,1235.9565,1235.9705,4006,16
1460091600,1235.9705,1238.068,1231.532,1234.8145,7000,16
1460106000,1234.8145,1238.4,1229.6695,1233.7865,9625,16
1460120400,1233.7865,1242.2035,1232.94,1240.9485,13116,16
1460134800,1240.9485,1242.808,1239.492,1239.6775,4612,16
1460322000,1239.6775,1248.3105,1239.6775,1245.636,4215,12
1460336400,1245.636,1252.69,1244.5045,1251.2835,6573,16
1460350800,1251.2835,1254.4275,1246.3235,1247.714,7636,16
1460365200,1247.714,1253.225,1246.436,1251.2045,9112,16
1460379600,1251.2045,1258.838,1249.2545,1257.8915,13772,16
1460394000,1257.8915,1258.4465,1254.3205,1257.568,4306,16
1460408400,1257.568,1260.1225,1254.906,1256.0255,3417,12
1460422800,1256.0255,1256.773,1253.388,1253.934,3899,16
1460437200,1253.934,1262.7885,1253.2275,1260.7225,6037,16
1460451600,1260.7225,1262.457,1255.898,1259.6,6833,16
1460466000,1259.6,1260.806,1251.287,1255.0315,15802,16
1460480400,1255.0315,1259.386,1254.7585,1255.7105,5859,16
1460494800,1255.7105,1256.8775,1254.2885,1255.3755,1628,12
1460509200,1255.3755,1256.6575,1251.6915,1252.143,2978,16
1460523600,1252.143,1252.143,1244.73,1245.357,7576,16
1460538000,1245.357,1248.4205,1239.779,1246.441,9543,16
1460552400,1246.441,1250.558,1242.991,1246.3025,15216,16
1460566800,1246.3025,1247.551,1240.991,1242.7725,4969,16
1460581200,1242.7725,1242.9945,1228.9225,1234.5705,3939,12
1460595600,1234.5705,1236.3355,1229.183,1233.249,4935,16
1460610000,1233.249,1244.189,1231.8995,1241.165,7772,16
1460624400,1241.165,1243.6325,1232.8245,1234.4015,13410,16
1460638800,1234.4015,1237.1015,1224.4045,1225.2565,18518,16
1460653200,1225.2565,1228.515,1223.96,1227.366,5691,16
1460667600,1227.366,1229.861,1225.43,1226.1395,2986,12
1460682000,1226.1395,1230.453,1225.383,1228.661,3539,16
1460696400,1228.661,1232.083,1228.4945,1230.3555,5851,16
1460710800,1230.3555,1231.8485,1228.0935,1230.745,6102,16
1460725200,1230.745,1235.979,1226.353,1233.927,14054,16
1460739600,1233.927,1235.3515,1231.8845,1234.0655,3807,16
1460926800,1234.0655,1239.673,1234.0655,1236.533,4886,12
1460941200,1236.533,1237.249,1233.4575,1235.2975,4494,16
1460955600,1235.2975,1237.801,1230.091,1235.271,9784,16
1460970000,1235.271,1241.3605,1235.0005,1239.674,8001,16
1460984400,1239.674,1241.7395,1231.0595,1232.202,11789,16
1460998800,1232.202,1235.214,1231.29,1232.5985,3216,16
1461013200,1232.5985,1232.724,1227.8195,1229.8085,3636,12
1461027600,1229.8085,1235.5925,1228.002,1233.461,6479,16
1461042000,1233.461,1246.451,1232.0225,1242.0245,10004,16
1461056400,1242.0245,1251.6735,1240.795,1250.037,9585,16
1461070800,1250.037,1256.741,1249.1,1253.3545,21028,16
1461085200,1253.3545,1254.093,1249.3965,1250.28,4334,16
1461099600,1250.28,1251.942,1249.166,1250.673,2553,12
1461114000,1250.673,1258.082,1248.9165,1250.783,8759,16
1461128400,1250.783,1251.3745,1245.6835,1248.365,7409,16
1461142800,1248.365,1252.2845,1247.194,1250.863,6560,16
1461157200,1250.863,1256.4155,1249.9055,1252.707,16788,16
1461171600,1252.707,1254.0205,1242.5595,1244.2755,7941,16
1461186000,1244.2755,1246.258,1242.71,1245.033,2671,12
1461200400,1245.033,1251.4755,1244.945,1247.604,5712,16
1461214800,1247.604,1260.2465,1247.23,1258.0305,13312,16
1461229200,1258.0305,1270.3075,1257.4375,1269.0035,19216,16
1461243600,1269.0035,1270.3615,1246.946,1251.166,40527,16
1461258000,1251.166,1251.3675,1246.827,1248.1875,6828,16
1461272400,1248.1875,1250.247,1245.094,1246.822,3166,12
1461286800,1246.822,1252.736,1243.974,1247.4885,5670,16
1461301200,1247.4885,1250.8965,1244.3005,1245.9865,9939,16
1461315600,1245.9865,1248.516,1242.24,1246.6265,10723,16
1461330000,1246.6265,1247.041,1228.1295,1230.132,31517,16
1461344400,1230.132,1234.619,1227.586,1232.3945,9613,16
1461531600,1232.3945,1233.7755,1230.58,1231.4645,3737,12
1461546000,1231.4645,1234.6605,1230.238,1233.9755,5245,16
1461560400,1233.9755,1237.696,1232.689,1233.77,8171,16
1461574800,1233.77,1237.154,1230.8335,1235.1515,9380,16
1461589200,1235.1515,1242.502,1234.433,1239.6975,12843,16
1461603600,1239.6975,1240.9545,1236.4475,1237.961,3791,16
1461618000,1237.961,1239.522,1236.279,1238.703,2084,12
1461632400,1238.703,1240.9255,1235.25,1236.601,4895,16
1461646800,1236.601,1238.1145,1232.4665,1234.74,8005,16
1461661200,1234.74,1235.978,1231.5035,1233.9845,10633,16
1461675600,1233.9845,1245.0495,1233.6965,1240.737,20208,16
1461690000,1240.737,1244.258,1240.134,1243.395,3990,16
1461704400,1243.395,1246.415,1242.5285,1245.382,2825,12
1461718800,1245.382,1246.946,1243.0135,1244.129,5771,16
1461733200,1244.129,1247.982,1243.3525,1246.885,7070,16
1461747600,1246.885,1251.084,1244.4565,1250.5595,7999,16
1461762000,1250.5595,1250.996,1243.518,1249.1355,18643,16
1461776400,1249.1355,1252.9985,1239.543,1245.7225,27653,16
1461790800,1245.7225,1246.226,1244.051,1244.2165,2548,12
1461805200,1244.2165,1250.3335,1237.271,1250.0755,13469,16
1461819600,1250.0755,1259.7555,1248.548,1258.4525,16639,16
1461834000,1258.4525,1260.089,1253.545,1257.088,13516,16
1461848400,1257.088,1266.7085,1253.091,1264.195,21055,16
1461862800,1264.195,1269.7525,1263.786,1266.6015,8525,16
1461877200,1266.6015,1268.1255,1265.1165,1267.661,2613,12
1461891600,1267.661,1281.121,1267.2725,1275.4795,14211,16
1461906000,1275.4795,1279.576,1271.197,1275.714,11282,16
1461920400,1275.714,1280.712,1273.7645,1278.183,15351,16
1461934800,1278.183,1296.913,1277.386,1291.122,25679,16
1461949200,1291.122,1295.0385,1287.709,1293.3535,7579,16
1462136400,1293.3535,1296.2235,1290.9005,1294.273,8238,12
1462150800,1294.273,1295.51,1291.5305,1293.034,5568,16
1462165200,1293.034,1296.5725,1291.0265,1294.8355,7727,16
1462179600,1294.8355,1303.838,1294.8135,1296.064,13925,16
1462194000,1296.064,1297.266,1288.753,1293.899,23948,16
1462208400,1293.899,1295.1,1287.662,1291.5655,7868,16
1462222800,1291.5655,1292.5275,1289.5885,1291.828,2634,12
1462237200,1291.828,1297.0905,1291.435,1292.6935,7827,16
1462251600,1292.6935,1301.898,1289.4105,1297.267,12896,16
1462266000,1297.267,1299.379,1292.2755,1295.4285,12945,16
1462280400,1295.4285,1297.3135,1282.171,1287.316,23080,16
1462294800,1287.316,1290.961,1284.8565,1286.4645,6636,16
1462309200,1286.4645,1287.1175,1284.518,1285.835,2476,12
1462323600,1285.835,1287.848,1278.974,1280.9535,6951,16
1462338000,1280.9535,1285.0145,1279.021,1281.9905,9243,16
1462352400,1281.9905,1289.565,1275.5315,1286.256,17888,16
1462366800,1286.256,1289.88,1277.19,1277.5055,18599,16
1462381200,1277.5055,1281.7465,1271.9285,1279.4655,7230,16
1462395600,1279.4655,1283.306,1279.3895,1281.729,2060,12
1462410000,1281.729,1282.8945,1277.4625,1280.947,4584,16
1462424400,1280.947,1283.46,1274.549,1277.57,8436,16
1462438800,1277.57,1286.1785,1275.341,1285.407,12594,16
1462453200,1285.407,1286.5925,1274.1635,1276.643,19790,16
1462467600,1276.643,1278.44,1268.981,1277.868,8435,16
1462482000,1277.868,1279.178,1275.7385,1278.905,2608,12
1462496400,1278.905,1280.689,1274.5925,1278.352,5645,16
1462510800,1278.352,1282.1135,1275.698,1281.757,7421,16
1462525200,1281.757,1294.6975,1276.952,1292.202,21926,16
1462539600,1292.202,1295.647,1282.936,1294.9315,26647,16
1462554000,1294.9315,1295.1645,1286.49,1287.737,7615,16
1462741200,1287.737,1287.737,1283.668,1285.634,4380,12
1462755600,1285.634,1287.7015,1283.8595,1284.864,5589,16
1462770000,1284.864,1284.992,1277.3295,1279.261,8632,16
1462784400,1279.261,1279.3575,1271.264,1273.2245,12153,16
1462798800,1273.2245,1273.7065,1262.152,1265.6975,22314,16
1462813200,1265.6975,1266.818,1261.4475,1264.0285,4853,16
1462827600,1264.0285,1265.2395,1259.5085,1261.128,3858,12
1462842000,1261.128,1266.399,1260.596,1264.011,5293,16
1462856400,1264.011,1268.0055,1263.6705,1265.752,7470,16
1462870800,1265.752,1267.1365,1261.9535,1263.4925,12349,16
1462885200,1263.4925,1265.172,1256.9375,1260.399,16302,16
1462899600,1260.399,1270.1205,1260.081,1266.0455,7019,16
1462914000,1266.0455,1267.804,1264.8515,1266.497,2350,12
1462928400,1266.497,1271.572,1266.4465,1270.605,6431,16
1462942800,1270.605,1274.626,1269.802,1272.0555,8063,16
1462957200,1272.0555,1279.217,1271.7315,1276.094,11070,16
1462971600,1276.094,1278.642,1270.1885,1272.913,20141,16
1462986000,1272.913,1278.1975,1272.3875,1277.488,6534,16
1463000400,1277.488,1278.7005,1275.8455,1278.457,2610,12
1463014800,1278.457,1278.457,1271.285,1271.5885,7565,16
1463029200,1271.5885,1273.2355,1270.353,1271.0915,6966,16
1463043600,1271.0915,1272.666,1265.7905,1271.637,11557,16
1463058000,1271.637,1281.072,1266.389,1271.205,24466,16
1463072400,1271.205,1272.315,1261.9305,1263.703,7439,16
1463086800,1263.703,1269.4165,1263.2805,1267.6895,4339,12
1463101200,1267.6895,1272.523,1265.61,1271.329,6430,16
1463115600,1271.329,1276.445,1270.608,1275.5645,8522,16
1463130000,1275.5645,1276.252,1263.9985,1266.4385,12480,16
1463144400,1266.4385,1272.031,1263.018,1271.2345,19951,16
1463158800,1271.2345,1275.3,1270.4105,1273.064,5634,16
1463346000,1273.064,1275.421,1270.9975,1273.7925,3874,12
1463360400,1273.7925,1279.586,1272.548,1277.744,7083,16
1463374800,1277.744,1284.028,1276.787,1281.513,9238,16
1463389200,1281.513,1288.7695,1280.9825,1286.676,10869,16
1463403600,1286.676,1288.177,1273.296,1275.5695,17685,16
1463418000,1275.5695,1275.5695,1270.6755,1273.8635,5409,16
1463432400,1273.8635,1277.2275,1273.355,1276.326,3028,12
1463446800,1276.326,1281.0875,1275.46,1278.841,6776,16
1463461200,1278.841,1279.658,1269.181,1270.732,8451,16
1463475600,1270.732,1275.546,1269.289,1273.445,13027,16
1463490000,1273.445,1282.47,1271.5245,1276.141,24109,16
1463504400,1276.141,1280.0725,1274.2705,1279.0855,6337,16
1463518800,1279.0855,1282.176,1276.855,1280.1575,4259,12
1463533200,1280.1575,1280.6585,1274.2915,1276.0055,7355,16
1463547600,1276.0055,1276.218,1270.338,1271.2295,9176,16
1463562000,1271.2295,1275.8105,1269.8285,1271.9715,10856,16
1463576400,1271.9715,1276.3215,1266.7655,1272.6615,24411,16
1463590800,1272.6615,1274.1765,1255.1445,1258.7385,25519,16
1463605200,1258.7385,1261.4035,1257.7005,1259.848,4731,12
1463619600,1259.848,1261.3715,1255.222,1257.9145,10463,16
1463634000,1257.9145,1257.9535,1252.3835,1255.303,10966,16
1463648400,1255.303,1255.6265,1244.9065,1245.369,15485,16
1463662800,1245.369,1253.3895,1244.058,1252.382,26840,16
1463677200,1252.382,1255.939,1252.206,1254.6015,5968,16
1463691600,1254.6015,1259.322,1254.6015,1256.7645,3428,12
1463706000,1256.7645,1257.2195,1253.687,1254.3835,5348,16
1463720400,1254.3835,1257.7945,1252.3095,1256.7115,6871,16
1463734800,1256.7115,1258.8305,1254.808,1258.0625,8181,16
1463749200,1258.0625,1260.3695,1248.9135,1250.968,14783,16
1463763600,1250.968,1253.612,1250.291,1252.23,4209,16
1463950800,1252.23,1254.3195,1248.9555,1253.962,3765,12
1463965200,1253.962,1256.1715,1253.549,1254.8105,4025,16
1463979600,1254.8105,1254.9765,1249.5145,1250.2805,8822,16
1463994000,1250.2805,1251.8925,1245.786,1246.397,9693,16
1464008400,1246.397,1250.029,1243.1925,1249.014,18252,16
1464022800,1249.014,1251.876,1248.4355,1249.0115,5626,16
1464037200,1249.0115,1252.265,1245.7055,1248.373,4277,12
1464051600,1248.373,1249.2135,1244.426,1245.9145,5943,16
1464066000,1245.9145,1246.4605,1241.8865,1243.2555,9389,16
1464080400,1243.2555,1244.172,1237.7495,1238.3835,10078,16
1464094800,1238.3835,1240.871,1228.2205,1228.918,20138,16
1464109200,1228.918,1230.1305,1226.2165,1227.1745,6202,16
1464123600,1227.1745,1228.456,1223.3455,1227.4465,4112,12
1464138000,1227.4465,1230.268,1226.883,1227.6345,4413,16
1464152400,1227.6345,1228.1065,1222.917,1223.5425,7961,16
1464166800,1223.5425,1225.8315,1220.606,1221.3275,6586,16
1464181200,1221.3275,1224.1555,1217.899,1223.9365,11630,16
1464195600,1223.9365,1225.248,1222.465,1224.4475,3973,16
1464210000,1224.4475,1227.396,1219.478,1226.869,4159,12
1464224400,1226.869,1234.5195,1226.869,1229.376,6422,16
1464238800,1229.376,1231.2985,1225.678,1227.3125,4915,16
1464253200,1227.3125,1229.8615,1224.703,1229.427,8082,16
1464267600,1229.427,1232.2915,1218.4055,1220.45,15406,16
1464282000,1220.45,1221.5125,1219.2585,1219.8195,3503,16
1464296400,1219.8195,1223.159,1219.65,1223.097,2607,12
1464310800,1223.097,1223.176,1211.676,1217.397,7080,16
1464325200,1217.397,1223.5925,1217.292,1221.7,5864,16
1464339600,1221.7,1222.1305,1216.698,1216.9535,6446,16
1464354000,1216.9535,1217.9515,1210.525,1213.7005,11227,16
1464368400,1213.7005,1215.7205,1206.8155,1212.9815,8187,16
1464555600,1212.9815,1213.6215,1205.16,1206.2375,6065,12
1464570000,1206.2375,1206.2375,1199.986,1202.6365,7683,16
1464584400,1202.6365,1205.555,1199.655,1204.987,5759,16
1464598800,1204.987,1210.993,1204.926,1207.483,4971,16
1464613200,1207.483,1210.064,1204.961,1204.961,5516,16
1464642000,1204.961,1212.7925,1204.859,1211.225,4041,12
1464656400,1211.225,1214.49,1210.311,1212.685,5059,16
1464670800,1212.685,1214.621,1209.7105,1211.1785,5756,16
1464685200,1211.1785,1213.216,1208.3785,1210.307,5507,16
1464699600,1210.307,1216.32,1210.249,1214.857,12358,16
1464714000,1214.857,1218.279,1213.9645,1215.335,4356,16
1464728400,1215.335,1217.999,1215.335,1217.6955,1832,12
1464742800,1217.6955,1220.0185,1212.957,1214.402,4706,16
1464757200,1214.402,1218.0795,1214.0215,1216.063,5956,16
1464771600,1216.063,1220.5685,1215.361,1218.028,6842,16
1464786000,1218.028,1218.7675,1206.063,1207.893,13531,16
1464800400,1207.893,1213.971,1207.4985,1212.72,4478,16
1464814800,1212.72,1214.3015,1211.4175,1213.0345,2483,12
1464829200,1213.0345,1216.0235,1211.32,1215.8645,4429,16
1464843600,1215.8645,1217.6865,1213.951,1215.1245,4340,16
1464858000,1215.1245,1217.7765,1213.336,1214.719,10173,16
1464872400,1214.719,1214.9185,1209.91,1211.1125,11891,16
1464886800,1211.1125,1211.825,1210.4885,1210.9715,2416,16
1464901200,1210.9715,1211.35,1207.051,1208.234,2665,12
1464915600,1208.234,1213.5745,1208.234,1212.408,3816,16
1464930000,1212.408,1213.15,1210.7055,1212.388,4001,16
1464944400,1212.388,1237.7845,1210.8125,1237.105,16924,16
1464958800,1237.105,1243.2725,1236.1055,1239.5125,22972,16
1464973200,1239.5125,1244.924,1239.3145,1244.247,5352,16
1465160400,1244.247,1248.873,1242.2225,1245.354,5210,12
1465174800,1245.354,1245.4435,1240.9915,1242.095,5344,16
1465189200,1242.095,1242.6455,1240.2465,1241.182,4269,16
1465203600,1241.182,1245.73,1240.0535,1244.3405,4935,16
1465218000,1244.3405,1247.548,1240.061,1245.9495,14501,16
1465232400,1245.9495,1247.574,1243.331,1245.2145,6182,16
1465246800,1245.2145,1246.601,1243.3275,1246.1695,1927,12
1465261200,1246.1695,1246.6415,1242.8915,1243.858,3324,16
1465275600,1243.858,1244.239,1241.168,1241.5295,4392,16
1465290000,1241.5295,1242.3285,1234.7685,1238.918,6397,16
1465304400,1238.918,1244.2515,1238.2255,1242.902,8061,16
1465318800,1242.902,1245.9585,1242.429,1243.893,3356,16
1465333200,1243.893,1245.2735,1243.113,1243.2675,1928,12
1465347600,1243.2675,1249.4175,1243.2675,1248.714,4414,16
1465362000,1248.714,1253.585,1247.7465,1252.4885,5096,16
1465376400,1252.4885,1258.182,1251.7965,1257.9265,5230,16
1465390800,1257.9265,1264.4525,1257.7545,1260.104,11016,16
1465405200,1260.104,1262.778,1258.9755,1262.309,3659,16
1465419600,1262.309,1266.4325,1260.8675,1262.0835,2667,12
1465434000,1262.0835,1264.717,1260.671,1262.25,3933,16
1465448400,1262.25,1262.877,1258.04,1260.255,5172,16
1465462800,1260.255,1261.321,1256.9125,1260.975,5296,16
1465477200,1260.975,1271.8105,1259.1705,1268.8635,11425,16
1465491600,1268.8635,1271.3135,1268.7385,1269.5655,3476,16
1465506000,1269.5655,1269.7285,1265.733,1266.8665,2549,12
1465520400,1266.8665,1268.1875,1265.5065,1266.737,2938,16
1465534800,1266.737,1269.9825,1264.715,1266.0165,5328,16
1465549200,1266.0165,1270.715,1265.805,1270.3695,5553,16
1465563600,1270.3695,1278.2235,1268.5945,1271.64,11715,16
1465578000,1271.64,1277.1575,1270.0275,1273.7815,5161,16
1465765200,1273.7815,1278.552,1273.7815,1276.205,3771,12
1465779600,1276.205,1276.237,1272.581,1274.9545,8060,16
1465794000,1274.9545,1284.3295,1273.995,1283.76,8038,16
1465808400,1283.76,1287.2715,1282.574,1286.82,6068,16
1465822800,1286.82,1287.049,1277.6755,1283.6855,13651,16
1465837200,1283.6855,1284.8365,1280.143,1283.8865,3332,16
1465851600,1283.8865,1283.8865,1280.924,1283.3835,2599,12
1465866000,1283.3835,1283.52,1279.542,1279.636,4584,16
1465880400,1279.636,1281.942,1276.1185,1280.131,6255,16
1465894800,1280.131,1286.5295,1278.726,1285.954,7788,16
1465909200,1285.954,1289.93,1280.451,1282.2175,14449,16
1465923600,1282.2175,1287.598,1282.1,1286.125,4220,16
1465938000,1286.125,1286.321,1282.708,1283.819,2119,12
1465952400,1283.819,1285.7735,1282.407,1285.273,3692,16
1465966800,1285.273,1287.159,1280.895,1282.096,4990,16
1465981200,1282.096,1284.5035,1278.552,1283.1855,6100,16
1465995600,1283.1855,1286.158,1280.744,1285.237,8304,16
1466010000,1285.237,1296.9585,1283.0535,1291.4915,22354,16
1466024400,1291.4915,1297.9305,1290.765,1296.121,3646,12
1466038800,1296.121,1303.109,1296.121,1302.6875,9930,16
1466053200,1302.6875,1313.6515,1300.642,1307.0305,12199,16
1466067600,1307.0305,1311.778,1302.1775,1310.644,9196,16
1466082000,1310.644,1315.7595,1299.527,1302.217,19548,16
1466096400,1302.217,1302.356,1277.493,1277.493,21850,16
1466110800,1277.493,1283.211,1277.493,1282.9375,4864,12
1466125200,1282.9375,1286.3445,1276.7155,1283.5275,9409,16
1466139600,1283.5275,1285.565,1279.428,1285.0815,6167,16
1466154000,1285.0815,1290.533,1284.282,1287.7905,6404,16
1466168400,1287.7905,1296.217,1285.0115,1290.405,14243,16
1466182800,1290.405,1299.6895,1290.155,1298.6375,6493,16
1466370000,1298.6375,1298.6375,1281.019,1285.6085,9713,12
1466384400,1285.6085,1287.541,1280.463,1281.773,7509,16
1466398800,1281.773,1288.9545,1280.928,1287.994,5413,16
1466413200,1287.994,1287.994,1278.106,1283.0955,6819,16
1466427600,1283.0955,1288.488,1278.9085,1287.6685,11828,16
1466442000,1287.6685,1291.2745,1285.6345,1290.399,7471,16
1466456400,1290.399,1294.411,1286.978,1291.1025,5368,12
1466470800,1291.1025,1291.714,1285.16,1286.3805,7606,16
1466485200,1286.3805,1286.5415,1280.1995,1282.1245,6177,16
1466499600,1282.1245,1282.746,1269.3955,1272.776,12906,16
1466514000,1272.776,1275.8955,1265.5175,1269.4555,15959,16
1466528400,1269.4555,1271.467,1264.583,1268.759,5275,16
1466542800,1268.759,1270.8065,1266.3315,1268.4575,3378,12
1466557200,1268.4575,1270.765,1267.4165,1268.6005,5023,16
1466571600,1268.6005,1268.835,1261.283,1267.785,6624,16
1466586000,1267.785,1268.754,1263.202,1264.428,5645,16
1466600400,1264.428,1269.397,1263.8035,1267.637,10487,16
1466614800,1267.637,1269.4505,1263.7545,1266.6765,6566,16
1466629200,1266.6765,1266.6765,1259.145,1262.6865,3931,12
1466643600,1262.6865,1267.019,1262.4045,1262.914,4526,16
1466658000,1262.914,1271.983,1261.137,1270.2655,9972,16
1466672400,1270.2655,1270.3895,1257.553,1259.626,14246,16
1466686800,1259.626,1267.3495,1259.167,1262.69,14827,16
1466701200,1262.69,1263.2675,1254.645,1255.584,7253,16
1466715600,1255.584,1275.032,1250.4275,1271.7555,21889,12
1466730000,1271.7555,1358.7615,1265.981,1337.6305,90698,16
1466744400,1337.6305,1337.861,1308.4655,1311.1,61349,16
1466758800,1311.1,1330.729,1306.867,1329.9785,40111,16
1466773200,1329.9785,1331.905,1309.012,1316.042,48541,16
1466787600,1316.042,1320.6265,1314.5135,1315.7225,12850,16
1466974800,1315.7225,1335.7465,1315.7225,1332.0535,14783,12
1466989200,1332.0535,1332.0535,1322.9315,1326.5395,17765,16
1467003600,1326.5395,1329.17,1323.3135,1325.731,13920,16
1467018000,1325.731,1333.494,1324.808,1329.6175,15721,16
1467032400,1329.6175,1330.168,1317.685,1322.162,26510,16
1467046800,1322.162,1330.291,1320.4655,1324.3945,11312,16
1467061200,1324.3945,1326.266,1323.8525,1324.5205,4140,12
1467075600,1324.5205,1324.735,1313.534,1315.3045,11750,16
1467090000,1315.3045,1319.059,1311.4295,1313.523,8878,16
1467104400,1313.523,1315.7515,1305.5175,1313.351,11521,16
1467118800,1313.351,1319.6645,1309.803,1314.5365,13031,16
1467133200,1314.5365,1316.1955,1310.882,1311.779,4752,16
1467147600,1311.779,1316.897,1310.6925,1316.0645,3437,12
1467162000,1316.0645,1321.2815,1316.0645,1318.918,9329,16
1467176400,1318.918,1323.8365,1318.661,1320.0755,6855,16
1467190800,1320.0755,1323.5435,1316.0935,1321.2525,8370,16
1467205200,1321.2525,1327.9475,1317.2785,1324.9675,14601,16
1467219600,1324.9675,1326.2925,1316.359,1319.3785,6425,16
1467234000,1319.3785,1319.3785,1314.208,1314.9865,3216,12
1467248400,1314.9865,1317.972,1314.0225,1315.1675,6169,16
1467262800,1315.1675,1319.3185,1312.9045,1318.7885,5808,16
1467277200,1318.7885,1321.1655,1315.657,1318.567,6873,16
1467291600,1318.567,1323.123,1314.61,1316.1645,20989,16
1467306000,1316.1645,1324.1155,1315.985,1322.0135,6788,16
1467320400,1322.0135,1326.8695,1320.9295,1321.7275,4772,12
1467334800,1321.7275,1331.333,1320.707,1330.4835,10841,16
1467349200,1330.4835,1338.1555,1329.7375,1334.6535,11449,16
1467363600,1334.6535,1336.9435,1331.599,1335.1135,7490,16
1467378000,1335.1135,1341.643,1334.0605,1336.2105,17484,16
1467392400,1336.2105,1344.615,1335.811,1341.229,8740,16
1467579600,1341.229,1345.1425,1336.068,1341.443,6993,12
1467594000,1341.443,1357.6765,1340.583,1346.534,29921,16
1467608400,1346.534,1353.3205,1345.2385,1349.916,16322,16
1467622800,1349.916,1353.2255,1348.765,1352.0245,9674,16
1467637200,1352.0245,1354.0035,1349.0605,1351.071,13718,16
1467666000,1351.071,1352.353,1347.927,1351.9655,3324,12
1467680400,1351.9655,1352.3455,1338.0715,1343.4115,19045,16
1467694800,1343.4115,1346.6385,1341.3025,1344.9925,10178,16
1467709200,1344.9925,1350.201,1344.09,1349.322,7780,16
1467723600,1349.322,1356.0285,1342.292,1355.008,23740,16
1467738000,1355.008,1357.787,1353.1015,1356.241,8982,16
1467752400,1356.241,1364.9655,1354.732,1363.277,7453,12
1467766800,1363.277,1371.4305,1362.408,1368.208,14465,16
1467781200,1368.208,1371.088,1364.344,1369.3935,10572,16
1467795600,1369.3935,1375.307,1367.3005,1371.0095,10263,16
1467810000,1371.0095,1373.441,1363.279,1364.8855,21243,16
1467824400,1364.8855,1369.1525,1359.8345,1363.861,10138,16
1467838800,1363.861,1369.862,1362.6855,1368.0245,4470,12
1467853200,1368.0245,1370.957,1366.7305,1367.6665,8179,16
1467867600,1367.6665,1369.092,1365.519,1367.4945,6719,16
1467882000,1367.4945,1367.9045,1360.2925,1362.2135,10221,16
1467896400,1362.2135,1362.7135,1350.891,1361.0975,19280,16
1467910800,1361.0975,1363.235,1357.757,1361.3565,6347,16
1467925200,1361.3565,1362.2025,1357.332,1358.4945,3523,12
1467939600,1358.4945,1359.5295,1354.71,1358.147,7215,16
1467954000,1358.147,1359.3655,1354.1465,1356.25,5075,16
1467968400,1356.25,1364.121,1335.3295,1347.5395,21899,16
1467982800,1347.5395,1370.703,1346.8315,1356.026,38337,16
1467997200,1356.026,1367.7165,1355.852,1366.235,9991,16
1468184400,1366.235,1375.2295,1364.939,1365.184,9644,12
1468198800,1365.184,1371.4,1363.2075,1365.5445,11379,16
1468213200,1365.5445,1367.131,1357.413,1357.799,11969,16
1468227600,1357.799,1360.8045,1352.7365,1353.4165,10075,16
1468242000,1353.4165,1360.392,1350.7695,1359.307,15850,16
1468256400,1359.307,1359.307,1352.904,1355.595,4890,16
1468270800,1355.595,1356.9215,1353.0405,1353.357,3355,12
1468285200,1353.357,1357.8825,1351.8515,1354.2295,6502,16
1468299600,1354.2295,1357.6615,1353.3885,1355.4875,7112,16
1468314000,1355.4875,1356.096,1344.7965,1347.293,10367,16
1468328400,1347.293,1349.7925,1330.4655,1332.6295,23942,16
1468342800,1332.6295,1335.436,1331.6625,1333.198,6646,16
1468357200,1333.198,1335.7205,1332.062,1332.283,3467,12
1468371600,1332.283,1340.6025,1327.639,1337.558,12076,16
1468386000,1337.558,1344.2415,1337.183,1340.9605,7283,16
1468400400,1340.9605,1343.304,1336.395,1341.5435,7932,16
1468414800,1341.5435,1345.5225,1336.801,1342.835,16043,16
1468429200,1342.835,1344.4245,1341.8775,1342.3005,4711,16
1468443600,1342.3005,1347.345,1342.3005,1346.403,4572,12
1468458000,1346.403,1347.0255,1336.8645,1337.321,9679,16
1468472400,1337.321,1338.299,1324.8765,1325.7215,13320,16
1468486800,1325.7215,1330.6215,1320.6735,1322.4555,16943,16
1468501200,1322.4555,1333.78,1320.2825,1333.128,15957,16
1468515600,1333.128,1335.453,1330.7885,1335.096,4161,16
1468530000,1335.096,1336.9995,1331.089,1332.6375,4675,12
1468544400,1332.6375,1332.763,1326.5995,1329.9365,9572,16
1468558800,1329.9365,1334.647,1329.2395,1333.153,8336,16
1468573200,1333.153,1336.4105,1326.906,1329.684,8739,16
1468587600,1329.684,1332.393,1322.5315,1330.766,16647,16
1468602000,1330.766,1339.286,1325.937,1337.4675,8445,16
1468789200,1337.4675,1337.4675,1330.228,1332.701,7630,12
1468803600,1332.701,1332.701,1323.935,1327.787,12506,16
1468818000,1327.787,1330.772,1325.501,1328.654,7934,16
1468832400,1328.654,1329.781,1323.5155,1329.2845,6683,16
1468846800,1329.2845,1335.676,1326.505,1328.179,11982,16
1468861200,1328.179,1331.5405,1326.939,1328.9535,4413,16
1468875600,1328.9535,1330.5,1327.168,1328.985,3247,12
1468890000,1328.985,1331.8875,1325.662,1330.162,6628,16
1468904400,1330.162,1335.1675,1326.8455,1334.119,8198,16
1468918800,1334.119,1334.3355,1329.216,1330.426,5984,16
1468933200,1330.426,1333.987,1327.9305,1332.8895,9646,16
1468947600,1332.8895,1333.661,1330.9805,1332.036,2747,16
1468962000,1332.036,1334.7485,1331.3145,1333.074,2732,12
1468976400,1333.074,1338.316,1330.661,1331.918,8074,16
1468990800,1331.918,1332.2495,1324.315,1326.907,6822,16
1469005200,1326.907,1327.435,1315.2855,1316.701,9018,16
1469019600,1316.701,1321.127,1313.684,1319.3655,11254,16
1469034000,1319.3655,1319.889,1312.728,1315.9845,5170,16
1469048400,1315.9845,1317.239,1310.9185,1311.8885,4387,12
1469062800,1311.8885,1315.5495,1310.8785,1315.292,5368,16
1469077200,1315.292,1322.2855,1315.0785,1321.3355,8554,16
1469091600,1321.3355,1323.569,1317.5495,1319.579,12018,16
1469106000,1319.579,1332.172,1314.7115,1330.1845,16285,16
1469120400,1330.1845,1334.004,1327.9445,1331.346,6528,16
1469134800,1331.346,1333.878,1330.585,1331.846,3100,12
1469149200,1331.846,1333.067,1324.457,1327.6605,9399,16
1469163600,1327.6605,1328.1935,1322.263,1324.2145,8298,16
1469178000,1324.2145,1326.8335,1321.7315,1324.531,7217,16
1469192400,1324.531,1326.4425,1319.778,1323.4195,11736,16
1469206800,1323.4195,1325.2005,1321.7155,1322.2945,3637,16
1469394000,1322.2945,1323.8685,1315.686,1315.747,4738,12
1469408400,1315.747,1319.011,1313.667,1317.743,6324,16
1469422800,1317.743,1319.4645,1314.241,1315.103,4083,16
1469437200,1315.103,1319.0605,1314.974,1316.226,3016,16
1469451600,1316.226,1322.286,1311.9025,1320.5015,8925,16
1469466000,1320.5015,1321.3285,1313.9115,1315.7855,6051,16
1469480400,1315.7855,1320.6985,1314.419,1320.192,3916,12
1469494800,1320.192,1322.658,1313.9355,1319.4665,7145,16
1469509200,1319.4665,1323.5565,1315.0185,1321.983,7464,16
1469523600,1321.983,1324.5725,1318.8165,1320.881,4984,16
1469538000,1320.881,1322.508,1317.67,1320.352,7203,16
1469552400,1320.352,1321.7855,1319.2795,1320.2245,3424,16
1469566800,1320.2245,1320.2545,1316.7295,1317.072,2272,12
1469581200,1317.072,1320.5625,1315.9025,1319.8445,5972,16
1469595600,1319.8445,1320.4965,1317.5945,1319.875,5189,16
1469610000,1319.875,1324.189,1319.1915,1322.9665,4474,16
1469624400,1322.9665,1329.4455,1322.8215,1327.294,9677,16
1469638800,1327.294,1342.492,1321.028,1340.1515,19807,16
1469653200,1340.1515,1340.914,1337.71,1339.2725,3713,12
1469667600,1339.2725,1340.2105,1336.5245,1338.8615,4690,16
1469682000,1338.8615,1343.202,1338.583,1341.7055,5028,16
1469696400,1341.7055,1345.723,1338.7825,1343.123,6217,16
1469710800,1343.123,1343.7855,1333.222,1334.9605,10728,16
1469725200,1334.9605,1337.7015,1332.533,1335.4805,4837,16
1469739600,1335.4805,1339.2685,1334.9905,1338.4005,5488,12
1469754000,1338.4005,1343.982,1328.778,1337.299,20191,16
1469768400,1337.299,1337.325,1330.2625,1331.267,11850,16
1469782800,1331.267,1348.399,1331.1825,1345.6955,9631,16
1469797200,1345.6955,1351.0275,1339.524,1346.7595,18463,16
1469811600,1346.7595,1355.119,1346.7595,1351.2055,6872,16
1469998800,1351.2055,1351.3175,1346.252,1346.9915,4479,12
1470013200,1346.9915,1351.8755,1346.734,1350.587,7370,16
1470027600,1350.587,1350.939,1346.711,1349.1415,5373,16
1470042000,1349.1415,1349.7915,1346.872,1348.012,4181,16
1470056400,1348.012,1354.2375,1346.3905,1353.275,9713,16
1470070800,1353.275,1355.0355,1351.599,1353.237,3793,16
1470085200,1353.237,1354.335,1351.7975,1352.4845,2825,12
1470099600,1352.4845,1353.2155,1347.168,1349.4745,5180,16
1470114000,1349.4745,1360.9235,1348.9495,1359.377,10610,16
1470128400,1359.377,1364.628,1356.559,1364.428,7386,16
1470142800,1364.428,1367.3175,1361.2995,1364.827,11023,16
1470157200,1364.827,1366.6855,1363.348,1363.5985,3119,16
1470171600,1363.5985,1365.7065,1361.999,1364.4805,3629,12
1470186000,1364.4805,1366.5035,1361.9265,1363.9855,6130,16
1470200400,1363.9855,1365.7945,1362.7105,1363.911,5581,16
1470214800,1363.911,1366.6625,1362.2,1363.408,6180,16
1470229200,1363.408,1363.4525,1354.286,1357.636,9904,16
1470243600,1357.636,1359.038,1356.5505,1358.008,3680,16
1470258000,1358.008,1358.535,1354.6625,1356.24,3181,12
1470272400,1356.24,1359.3065,1350.0335,1351.96,8747,16
1470286800,1351.96,1353.8745,1349.208,1351.3565,6380,16
1470301200,1351.3565,1365.0995,1350.8595,1363.0,11936,16
1470315600,1363.0,1364.6155,1360.67,1362.6975,10307,16
1470330000,1362.6975,1362.831,1359.96,1361.375,2476,16
1470344400,1361.375,1361.5465,1359.1295,1360.2955,2616,12
1470358800,1360.2955,1362.8075,1360.1425,1362.577,3166,16
1470373200,1362.577,1364.8195,1361.1645,1362.421,3905,16
1470387600,1362.421,1362.833,1340.433,1347.506,17103,16
1470402000,1347.506,1348.1825,1336.975,1339.881,17151,16
1470416400,1339.881,1340.2985,1334.758,1336.112,4745,16
1470603600,1336.112,1336.112,1331.524,1334.3445,5439,12
1470618000,1334.3445,1338.373,1333.4995,1338.0565,6799,16
1470632400,1338.0565,1338.359,1330.601,1331.667,5535,16
1470646800,1331.667,1336.9185,1330.041,1335.9115,4474,16
1470661200,1335.9115,1338.201,1333.5385,1336.003,6859,16
1470675600,1336.003,1336.959,1334.903,1335.491,2911,16
1470690000,1335.491,1337.2685,1334.3895,1335.776,2749,12
1470704400,1335.776,1336.5565,1333.4625,1333.938,3252,16
1470718800,1333.938,1334.8175,1330.703,1334.587,4231,16
1470733200,1334.587,1334.7125,1331.006,1333.533,3283,16
1470747600,1333.533,1342.754,1333.087,1340.079,9048,16
1470762000,1340.079,1341.7445,1338.296,1340.613,3379,16
1470776400,1340.613,1347.111,1340.2355,1346.047,6039,12
1470790800,1346.047,1353.534,1345.3855,1352.7405,5123,16
1470805200,1352.7405,1355.4095,1350.937,1352.534,5643,16
1470819600,1352.534,1357.049,1351.599,1356.448,6690,16
1470834000,1356.448,1357.358,1342.7045,1345.0895,11024,16
1470848400,1345.0895,1348.084,1344.543,1346.566,2869,16
1470862800,1346.566,1348.131,1345.1865,1345.9475,3171,12
1470877200,1345.9475,1346.2855,1341.6895,1342.659,5289,16
1470891600,1342.659,1347.481,1340.1765,1345.237,6134,16
1470906000,1345.237,1347.407,1343.233,1346.614,4818,16
1470920400,1346.614,1353.4735,1344.1165,1345.6805,10515,16
1470934800,1345.6805,1346.3015,1335.864,1338.394,7075,16
1470949200,1338.394,1340.4115,1334.98,1336.8955,6210,12
1470963600,1336.8955,1341.3725,1336.281,1338.3965,4204,16
1470978000,1338.3965,1340.7745,1337.3075,1338.0055,4015,16
1470992400,1338.0055,1356.7645,1335.5025,1355.1985,12598,16
1471006800,1355.1985,1355.408,1333.089,1337.326,18650,16
1471021200,1337.326,1339.147,1334.2335,1336.2345,6721,16
1471208400,1336.2345,1339.6375,1336.2345,1337.131,4091,12
1471222800,1337.131,1339.961,1336.7675,1338.4465,3476,16
1471237200,1338.4465,1342.319,1337.9865,1339.051,4537,16
1471251600,1339.051,1341.9605,1335.8355,1337.314,6844,16
1471266000,1337.314,1343.9245,1337.0665,1341.469,9512,16
1471280400,1341.469,1342.487,1339.1695,1339.344,2597,16
1471294800,1339.344,1346.4985,1339.344,1345.882,3119,12
1471309200,1345.882,1347.1985,1343.199,1345.1895,4758,16
1471323600,1345.1895,1351.9275,1344.9465,1349.813,6493,16
1471338000,1349.813,1358.208,1345.9,1349.127,14105,16
1471352400,1349.127,1350.0685,1341.1545,1348.3655,18653,16
1471366800,1348.3655,1352.0035,1345.8585,1346.6305,4963,16
1471381200,1346.6305,1348.082,1345.4,1346.909,3142,12
1471395600,1346.909,1347.4425,1342.3465,1343.066,3756,16
1471410000,1343.066,1346.434,1340.957,1342.77,6502,16
1471424400,1342.77,1345.5455,1341.8835,1343.8945,5474,16
1471438800,1343.8945,1346.9855,1342.2685,1344.4275,8872,16
1471453200,1344.4275,1351.876,1335.388,1349.194,15942,16
1471467600,1349.194,1355.009,1348.641,1352.1055,5197,12
1471482000,1352.1055,1356.215,1351.3205,1352.198,6429,16
1471496400,1352.198,1354.081,1349.46,1349.468,5601,16
1471510800,1349.468,1352.78,1346.1465,1350.467,9084,16
1471525200,1350.467,1353.029,1347.592,1351.0475,10462,16
1471539600,1351.0475,1353.5645,1350.7545,1352.991,4819,16
1471554000,1352.991,1352.991,1345.9045,1347.431,4256,12
1471568400,1347.431,1348.989,1345.801,1347.143,4405,16
1471582800,1347.143,1351.3285,1346.1075,1347.83,6559,16
1471597200,1347.83,1349.352,1337.895,1338.4765,12457,16
1471611600,1338.4765,1348.1155,1337.927,1342.938,13693,16
1471626000,1342.938,1344.475,1339.659,1341.602,4212,16
1471813200,1341.602,1341.602,1333.7325,1336.2265,10329,12
1471827600,1336.2265,1337.861,1331.79,1334.5795,8394,16
1471842000,1334.5795,1335.1765,1332.329,1334.4865,5028,16
1471856400,1334.4865,1338.8015,1333.6,1337.4885,6120,16
1471870800,1337.4885,1340.2045,1335.3805,1339.1085,9695,16
1471885200,1339.1085,1339.7125,1336.113,1338.9435,3022,16
1471899600,1338.9435,1340.223,1336.6935,1339.1255,3074,12
1471914000,1339.1255,1339.5745,1335.2965,1338.746,5510,16
1471928400,1338.746,1344.2035,1337.882,1339.0905,5545,16
1471942800,1339.0905,1344.8475,1338.4485,1343.993,6088,16
1471957200,1343.993,1344.3095,1338.291,1341.2805,9172,16
1471971600,1341.2805,1342.6435,1337.4385,1338.2105,2658,16
1471986000,1338.2105,1339.2255,1337.1065,1338.8565,3073,12
1472000400,1338.8565,1339.5965,1336.1585,1336.5315,3289,16
1472014800,1336.5315,1340.1865,1335.615,1339.3175,5026,16
1472029200,1339.3175,1339.4215,1328.2195,1331.3315,6671,16
1472043600,1331.3315,1331.4115,1324.915,1327.2395,15117,16
1472058000,1327.2395,1327.52,1323.8605,1324.2155,4848,16
1472072400,1324.2155,1326.5525,1323.5895,1326.3375,2380,12
1472086800,1326.3375,1326.959,1323.4545,1326.6535,4237,16
1472101200,1326.6535,1327.1405,1325.173,1326.6815,3549,16
1472115600,1326.6815,1327.075,1318.067,1319.525,7694,16
1472130000,1319.525,1323.772,1319.271,1322.1335,7766,16
1472144400,1322.1335,1323.05,1321.2265,1321.883,3257,16
1472158800,1321.883,1323.231,1320.663,1322.972,1883,12
1472173200,1322.972,1324.6355,1322.304,1324.089,2045,16
1472187600,1324.089,1325.593,1323.6715,1324.9645,3150,16
1472202000,1324.9645,1333.4355,1324.2225,1331.263,8005,16
1472216400,1331.263,1342.271,1318.467,1326.9,46767,16
1472230800,1326.9,1326.9,1319.736,1320.5305,9601,16
1472418000,1320.5305,1321.637,1318.634,1319.5565,4480,12
1472432400,1319.5565,1319.6645,1314.898,1317.4715,5543,16
1472446800,1317.4715,1320.4315,1317.269,1319.928,3970,16
1472461200,1319.928,1322.275,1316.8225,1320.754,8598,16
1472475600,1320.754,1325.0945,1319.619,1323.1605,10498,16
1472490000,1323.1605,1325.1945,1322.0515,1323.1515,3806,16
1472504400,1323.1515,1325.651,1322.1975,1323.9465,4405,12
1472518800,1323.9465,1324.944,1322.346,1323.518,3975,16
1472533200,1323.518,1323.5945,1319.606,1321.415,3914,16
1472547600,1321.415,1321.8575,1317.737,1318.2355,5658,16
1472562000,1318.2355,1319.8465,1314.7955,1315.258,10846,16
1472576400,1315.258,1315.262,1309.345,1310.878,6029,16
1472590800,1310.878,1312.9845,1310.3315,1311.4765,2846,12
1472605200,1311.4765,1316.27,1310.404,1315.322,3637,16
1472619600,1315.322,1315.7395,1312.1625,1314.93,4742,16
1472634000,1314.93,1314.9985,1304.307,1306.977,7681,16
1472648400,1306.977,1311.5595,1306.7035,1308.103,10819,16
1472662800,1308.103,1309.9085,1307.4855,1308.98,3381,16
1472677200,1308.98,1310.6885,1305.5985,1310.1075,3523,12
1472691600,1310.1075,1311.7,1309.1075,1309.4975,2385,16
1472706000,1309.4975,1309.79,1304.4595,1306.56,4699,16
1472720400,1306.56,1307.4205,1302.5685,1304.7765,5490,16
1472734800,1304.7765,1315.2365,1304.5895,1313.6685,16388,16
1472749200,1313.6685,1314.32,1312.1725,1313.8395,3075,16
1472763600,1313.8395,1316.347,1313.291,1315.0965,2349,12
1472778000,1315.0965,1315.254,1312.7695,1313.428,3359,16
1472792400,1313.428,1313.7545,1309.87,1310.9485,3802,16
1472806800,1310.9485,1330.3025,1303.858,1324.587,26664,16
1472821200,1324.587,1325.5045,1316.153,1321.7455,21742,16
1472835600,1321.7455,1326.189,1321.2675,1325.4725,5647,16
1473022800,1325.4725,1325.4725,1322.583,1323.396,2495,12
1473037200,1323.396,1325.0405,1321.874,1324.7515,3475,16
1473051600,1324.7515,1327.39,1324.4415,1326.278,4359,16
1473066000,1326.278,1328.7535,1325.748,1326.061,3874,16
1473080400,1326.061,1327.961,1324.8905,1326.7435,3409,16
1473109200,1326.7435,1328.3715,1326.0615,1326.484,2858,12
1473123600,1326.484,1328.477,1324.9385,1326.485,3520,16
1473138000,1326.485,1329.9355,1325.963,1329.0365,3998,16
1473152400,1329.0365,1335.9505,1328.6425,1334.422,5695,16
1473166800,1334.422,1347.19,1333.5595,1346.433,15512,16
1473181200,1346.433,1352.8545,1346.134,1349.814,6275,16
1473195600,1349.814,1351.176,1347.488,1350.3045,3558,12
1473210000,1350.3045,1352.677,1347.977,1352.0425,5064,16
1473224400,1352.0425,1352.181,1347.2005,1349.339,4754,16
1473238800,1349.339,1351.517,1345.9665,1351.1835,4942,16
1473253200,1351.1835,1351.3025,1342.803,1344.638,9765,16
1473267600,1344.638,1346.338,1343.92,1345.1085,2463,16
1473282000,1345.1085,1347.709,1342.009,1346.3825,3992,12
1473296400,1346.3825,1347.6685,1344.1955,1346.7625,3654,16
1473310800,1346.7625,1348.939,1345.1055,1348.348,4727,16
1473325200,1348.348,1349.494,1344.0445,1346.0555,11451,16
1473339600,1346.0555,1347.147,1335.584,1337.2045,17111,16
1473354000,1337.2045,1338.156,1335.718,1337.983,3443,16
1473368400,1337.983,1338.9275,1336.4375,1337.323,1982,12
1473382800,1337.323,1339.72,1337.1775,1338.774,2551,16
1473397200,1338.774,1339.3225,1334.826,1335.842,3611,16
1473411600,1335.842,1338.033,1332.701,1334.7095,7638,16
1473426000,1334.7095,1336.537,1330.518,1332.309,12474,16
1473440400,1332.309,1332.5715,1326.985,1326.985,5204,16
1473627600,1326.985,1330.033,1326.985,1328.229,3097,12
1473642000,1328.229,1329.0985,1324.9335,1328.3865,4764,16
1473656400,1328.3865,1330.232,1326.976,1329.201,4507,16
1473670800,1329.201,1329.6645,1323.014,1324.79,7611,16
1473685200,1324.79,1327.089,1320.994,1321.8465,10415,16
1473699600,1321.8465,1330.378,1320.4375,1327.9285,15594,16
1473714000,1327.9285,1330.4825,1327.408,1328.771,2924,12
1473728400,1328.771,1332.1295,1328.2705,1329.932,3637,16
1473742800,1329.932,1331.167,1327.9835,1329.924,6109,16
1473757200,1329.924,1330.1465,1322.248,1324.688,7327,16
1473771600,1324.688,1327.129,1323.054,1323.113,12007,16
1473786000,1323.113,1323.7615,1315.694,1318.8435,10460,16
1473800400,1318.8435,1322.802,1313.645,1318.935,6547,12
1473814800,1318.935,1320.6015,1316.085,1320.423,4005,16
1473829200,1320.423,1322.634,1320.1785,1322.5835,4698,16
1473843600,1322.5835,1324.295,1320.483,1321.527,5454,16
1473858000,1321.527,1326.107,1319.642,1322.7335,9732,16
1473872400,1322.7335,1324.832,1321.838,1322.746,4383,16
1473886800,1322.746,1323.8315,1322.379,1323.0785,1741,12
1473901200,1323.0785,1325.7855,1321.4755,1321.8455,3443,16
1473915600,1321.8455,1322.3705,1318.649,1320.5925,3437,16
1473930000,1320.5925,1328.5515,1319.997,1320.7105,10977,16
1473944400,1320.7105,1321.6315,1309.4275,1316.2395,21458,16
1473958800,1316.2395,1318.747,1312.5335,1314.479,5884,16
1473973200,1314.479,1318.201,1314.479,1316.145,1840,12
1473987600,1316.145,1316.6475,1313.203,1313.993,1623,16
1474002000,1313.993,1316.349,1313.32,1316.0215,2494,16
1474016400,1316.0215,1316.31,1308.8665,1310.157,8984,16
1474030800,1310.157,1312.744,1306.3285,1308.77,15230,16
1474045200,1308.77,1311.2595,1306.983,1310.1955,4555,16
1474232400,1310.1955,1312.7115,1309.56,1310.5215,2445,12
1474246800,1310.5215,1317.102,1310.176,1315.5605,5116,16
1474261200,1315.5605,1318.5895,1315.1845,1316.196,4002,16
1474275600,1316.196,1316.5095,1312.1645,1313.5625,4718,16
1474290000,1313.5625,1316.817,1313.082,1313.9785,7320,16
1474304400,1313.9785,1314.9275,1312.881,1313.3095,2084,16
1474318800,1313.3095,1315.298,1313.045,1314.618,1420,12
1474333200,1314.618,1316.6775,1313.907,1316.5065,1824,16
1474347600,1316.5065,1318.029,1315.679,1315.9325,2585,16
1474362000,1315.9325,1316.228,1313.5555,1313.97,2982,16
1474376400,1313.97,1316.471,1312.0755,1314.912,6206,16
1474390800,1314.912,1315.4405,1313.879,1314.9125,2038,16
1474405200,1314.9125,1316.547,1314.6935,1315.4125,1778,12
1474419600,1315.4125,1320.7235,1307.851,1311.6935,9041,16
1474434000,1311.6935,1322.6345,1310.5525,1319.716,9169,16
1474448400,1319.716,1329.7585,1318.741,1328.3105,8278,16
1474462800,1328.3105,1328.592,1323.704,1325.919,9029,16
1474477200,1325.919,1337.4935,1319.7565,1335.5015,29621,16
1474491600,1335.5015,1335.853,1331.258,1334.3745,2714,12
1474506000,1334.3745,1334.4715,1332.537,1333.4035,2758,16
1474520400,1333.4035,1334.531,1331.341,1332.6035,3905,16
1474534800,1332.6035,1338.3135,1332.1905,1337.3465,6116,16
1474549200,1337.3465,1343.731,1336.2915,1340.856,9564,16
1474563600,1340.856,1341.5005,1336.232,1336.8905,4686,16
1474578000,1336.8905,1337.93,1336.3885,1336.8235,1931,12
1474592400,1336.8235,1338.1675,1333.923,1334.875,2924,16
1474606800,1334.875,1336.9365,1334.462,1335.186,3045,16
1474621200,1335.186,1340.7165,1334.9595,1338.791,4588,16
1474635600,1338.791,1340.082,1335.654,1338.773,6824,16
1474650000,1338.773,1339.377,1335.855,1338.169,3307,16
1474837200,1338.169,1340.0835,1336.757,1339.117,1422,12
1474851600,1339.117,1339.117,1332.793,1333.324,2702,16
1474866000,1333.324,1337.512,1333.027,1334.4275,3740,16
1474880400,1334.4275,1339.128,1334.184,1338.939,4448,16
1474894800,1338.939,1342.2365,1338.3275,1340.175,7966,16
1474909200,1340.175,1340.2815,1335.811,1337.871,2875,16
1474923600,1337.871,1339.0755,1336.721,1337.6195,2220,12
1474938000,1337.6195,1339.6825,1334.571,1335.586,4274,16
1474952400,1335.586,1338.0415,1333.684,1335.1065,3803,16
1474966800,1335.1065,1337.8115,1329.66,1333.19,7891,16
1474981200,1333.19,1333.2205,1324.6705,1327.153,9443,16
1474995600,1327.153,1328.0145,1326.598,1326.997,1657,16
1475010000,1326.997,1327.684,1325.936,1326.43,1900,12
1475024400,1326.43,1326.7175,1325.082,1325.647,1709,16
1475038800,1325.647,1326.2125,1322.5165,1324.298,3219,16
1475053200,1324.298,1327.095,1323.8895,1324.754,3531,16
1475067600,1324.754,1325.0695,1318.087,1321.822,7611,16
1475082000,1321.822,1324.2875,1320.31,1321.9205,4972,16
1475096400,1321.9205,1325.972,1321.4695,1324.384,2737,12
1475110800,1324.384,1325.9625,1322.685,1324.93,2536,16
1475125200,1324.93,1325.1755,1320.3235,1321.754,3416,16
1475139600,1321.754,1322.103,1315.7365,1318.0305,5915,16
1475154000,1318.0305,1322.669,1316.126,1321.928,8189,16
1475168400,1321.928,1324.523,1319.8025,1320.5325,4528,16
1475182800,1320.5325,1323.5795,1320.1185,1323.5625,2046,12
1475197200,1323.5625,1324.824,1319.0425,1323.8685,4574,16
1475211600,1323.8685,1327.152,1323.0155,1326.144,5266,16
1475226000,1326.144,1328.1895,1322.318,1327.428,5918,16
1475240400,1327.428,1328.072,1316.15,1317.881,12385,16
1475254800,1317.881,1318.246,1313.3525,1316.0645,6663,16
1475442000,1316.0645,1319.5065,1315.2935,1318.8555,1860,12
1475456400,1318.8555,1319.7,1314.125,1314.4665,3430,16
1475470800,1314.4665,1316.8085,1314.3955,1315.4845,2584,16
1475485200,1315.4845,1318.426,1312.956,1313.549,3981,16
1475499600,1313.549,1315.3215,1309.946,1311.245,7279,16
1475514000,1311.245,1313.5305,1309.394,1311.5035,3491,16
1475528400,1311.5035,1313.134,1310.205,1310.39,2093,12
1475542800,1310.39,1311.5565,1308.097,1311.1525,3939,16
1475557200,1311.1525,1312.29,1306.8985,1309.553,4807,16
1475571600,1309.553,1310.6185,1291.4305,1291.9835,11239,16
1475586000,1291.9835,1293.3305,1270.5945,1271.171,20860,16
1475600400,1271.171,1273.6785,1266.9925,1268.3715,9303,16
1475614800,1268.3715,1271.732,1266.5575,1271.1905,3909,12
1475629200,1271.1905,1275.163,1271.071,1274.558,2951,16
1475643600,1274.558,1275.301,1270.649,1272.149,3838,16
1475658000,1272.149,1277.2635,1271.5735,1272.6465,7478,16
1475672400,1272.6465,1274.776,1262.221,1262.7005,14488,16
1475686800,1262.7005,1269.3425,1262.3485,1266.768,4876,16
1475701200,1266.768,1269.525,1266.768,1268.4345,1979,12
1475715600,1268.4345,1268.8775,1264.924,1265.304,1834,16
1475730000,1265.304,1266.4065,1263.168,1265.952,3156,16
1475744400,1265.952,1268.272,1259.1425,1259.3855,5939,16
1475758800,1259.3855,1259.538,1250.679,1252.656,13606,16
1475773200,1252.656,1255.2805,1249.915,1254.791,4020,16
1475787600,1254.791,1256.644,1250.413,1256.2165,4353,12
1475802000,1256.2165,1259.9665,1252.6105,1253.6085,4091,16
1475816400,1253.6085,1256.393,1251.3475,1255.5925,5025,16
1475830800,1255.5925,1264.917,1251.6195,1262.385,20966,16
1475845200,1262.385,1265.607,1241.511,1253.4915,33527,16
1475859600,1253.4915,1257.747,1249.7525,1257.4635,8957,16
1476046800,1257.4635,1262.0505,1256.8695,1261.85,2987,12
1476061200,1261.85,1264.3075,1256.7055,1263.5675,7100,16
1476075600,1263.5675,1265.0505,1261.5455,1263.4095,3546,16
1476090000,1263.4095,1263.715,1257.8495,1259.3525,3821,16
1476104400,1259.3525,1262.4105,1257.252,1258.04,7918,16
1476118800,1258.04,1260.0935,1257.7745,1259.3485,2506,16
1476133200,1259.3485,1260.3205,1255.63,1256.829,1454,12
1476147600,1256.829,1259.7715,1256.202,1258.4735,2706,16
1476162000,1258.4735,1262.317,1256.722,1257.4245,5614,16
1476176400,1257.4245,1258.0005,1252.77,1255.6425,7071,16
1476190800,1255.6425,1259.725,1253.418,1256.1135,8864,16
1476205200,1256.1135,1256.4185,1252.6315,1252.7955,3721,16
1476219600,1252.7955,1256.3625,1252.396,1253.8265,2820,12
1476234000,1253.8265,1257.9565,1253.825,1256.3755,2408,16
1476248400,1256.3755,1257.7315,1253.7085,1255.7655,3310,16
1476262800,1255.7655,1256.644,1249.817,1253.667,5238,16
1476277200,1253.667,1259.0285,1250.8465,1252.054,8868,16
1476291600,1252.054,1257.3245,1250.8725,1255.365,8819,16
1476306000,1255.365,1256.2695,1253.297,1253.853,1539,12
1476320400,1253.853,1261.9275,1253.209,1259.4645,5539,16
1476334800,1259.4645,1261.4495,1256.8455,1257.264,3955,16
1476349200,1257.264,1260.4775,1254.333,1256.8155,6926,16
1476363600,1256.8155,1262.4565,1255.979,1256.0905,10183,16
1476378000,1256.0905,1259.6715,1255.8825,1258.1115,2912,16
1476392400,1258.1115,1258.606,1255.805,1257.166,1433,12
1476406800,1257.166,1259.15,1255.3065,1255.485,3377,16
1476421200,1255.485,1257.1205,1254.706,1256.894,2642,16
1476435600,1256.894,1256.9945,1246.146,1251.826,10558,16
1476450000,1251.826,1259.669,1250.7205,1255.2305,13197,16
1476464400,1255.2305,1257.632,1250.446,1251.5925,6939,16
1476651600,1251.5925,1253.2945,1250.292,1251.915,1963,12
1476666000,1251.915,1254.806,1251.915,1254.417,3332,16
1476680400,1254.417,1256.248,1250.626,1252.646,3817,16
1476694800,1252.646,1255.277,1252.298,1255.082,5119,16
1476709200,1255.082,1257.2155,1253.863,1256.213,5688,16
1476723600,1256.213,1257.328,1253.833,1255.8455,2225,16
1476738000,1255.8455,1256.879,1255.1285,1256.089,1138,12
1476752400,1256.089,1261.035,1255.9875,1258.1545,3455,16
1476766800,1258.1545,1263.7735,1257.938,1262.406,3582,16
1476781200,1262.406,1264.079,1259.1595,1259.44,6003,16
1476795600,1259.44,1264.8315,1256.4225,1262.579,7606,16
1476810000,1262.579,1263.365,1261.3315,1262.564,1956,16
1476824400,1262.564,1264.078,1261.971,1263.624,1455,12
1476838800,1263.624,1264.7735,1260.7285,1260.845,2147,16
1476853200,1260.845,1264.524,1260.3895,1264.0415,2792,16
1476867600,1264.0415,1272.355,1263.8645,1270.432,6922,16
1476882000,1270.432,1273.4365,1267.637,1269.497,7331,16
1476896400,1269.497,1270.179,1268.0605,1269.5765,2475,16
1476910800,1269.5765,1270.785,1268.3825,1269.0865,1224,12
1476925200,1269.0865,1273.1845,1268.644,1271.857,2506,16
1476939600,1271.857,1271.9435,1268.032,1269.212,2485,16
1476954000,1269.212,1272.6125,1268.313,1270.2025,7057,16
1476968400,1270.2025,1274.8795,1264.899,1266.3445,9315,16
1476982800,1266.3445,1267.88,1265.5945,1265.9685,1855,16
1476997200,1265.9685,1266.759,1264.731,1265.1305,939,12
1477011600,1265.1305,1265.8485,1261.6195,1262.51,2648,16
1477026000,1262.51,1265.4435,1261.284,1264.655,2765,16
1477040400,1264.655,1267.45,1263.5965,1267.087,3535,16
1477054800,1267.087,1268.0955,1264.05,1266.1135,4674,16
1477069200,1266.1135,1267.8465,1265.6625,1266.3755,2009,16
1477256400,1266.3755,1267.0805,1265.612,1266.795,1200,12
1477270800,1266.795,1266.795,1262.7445,1264.6515,2092,16
1477285200,1264.6515,1267.033,1264.2695,1266.008,2458,16
1477299600,1266.008,1271.8125,1262.4025,1271.377,5336,16
1477314000,1271.377,1272.0195,1260.421,1263.722,7906,16
1477328400,1263.722,1264.779,1262.7885,1264.615,1652,16
1477342800,1264.615,1265.353,1262.2045,1262.8875,1100,12
1477357200,1262.8875,1266.6585,1262.8875,1266.473,1820,16
1477371600,1266.473,1270.1355,1265.595,1269.3695,3738,16
1477386000,1269.3695,1271.086,1267.957,1268.51,3515,16
1477400400,1268.51,1274.2155,1267.0335,1272.0745,9249,16
1477414800,1272.0745,1276.8035,1272.0745,1274.03,2636,16
1477429200,1274.03,1276.5705,1273.1505,1275.551,1381,12
1477443600,1275.551,1276.272,1274.169,1275.401,2472,16
1477458000,1275.401,1276.0145,1273.2505,1273.9715,3123,16
1477472400,1273.9715,1275.0035,1269.847,1271.391,4506,16
1477486800,1271.391,1274.339,1265.848,1266.644,8468,16
1477501200,1266.644,1267.349,1264.829,1267.1945,2536,16
1477515600,1267.1945,1267.2025,1265.1055,1266.0175,1527,12
1477530000,1266.0175,1267.5645,1265.238,1267.445,2611,16
1477544400,1267.445,1269.605,1267.2985,1268.447,2729,16
1477558800,1268.447,1272.8745,1267.8065,1272.2115,4415,16
1477573200,1272.2115,1272.2245,1266.1875,1268.969,8086,16
1477587600,1268.969,1270.674,1267.565,1268.194,2582,16
1477602000,1268.194,1270.4165,1268.028,1268.888,1603,12
1477616400,1268.888,1272.0085,1268.169,1271.147,2160,16
1477630800,1271.147,1271.8315,1265.6695,1267.063,3504,16
1477645200,1267.063,1268.05,1261.8135,1265.9205,7326,16
1477659600,1265.9205,1273.9765,1265.8175,1270.116,13510,16
1477674000,1270.116,1284.403,1270.0065,1275.792,15397,16
1477861200,1275.792,1279.725,1275.792,1277.2495,2679,12
1477875600,1277.2495,1279.616,1276.1815,1277.021,3361,16
1477890000,1277.021,1278.3185,1273.7765,1274.2505,2850,16
1477904400,1274.2505,1274.7455,1271.6435,1273.304,3684,16
1477918800,1273.304,1275.6745,1272.1385,1273.057,10111,16
1477933200,1273.057,1278.938,1271.262,1276.8675,3101,16
1477947600,1276.8675,1277.994,1275.635,1276.7635,1114,12
1477962000,1276.7635,1277.9455,1275.731,1276.678,2480,16
1477976400,1276.678,1280.847,1276.5385,1279.461,3032,16
1477990800,1279.461,1288.485,1279.3695,1287.055,7774,16
1478005200,1287.055,1290.9475,1285.2975,1290.1165,13013,16
1478019600,1290.1165,1292.0325,1286.029,1288.261,6303,16
1478034000,1288.261,1289.3975,1287.402,1287.9965,1306,12
1478048400,1287.9965,1293.137,1287.9965,1292.8035,3675,16
1478062800,1292.8035,1297.415,1290.5875,1297.011,4412,16
1478077200,1297.011,1299.6805,1294.2015,1297.634,7156,16
1478091600,1297.634,1306.525,1296.8445,1305.278,11482,16
1478106000,1305.278,1308.0775,1295.9125,1296.257,14555,16
1478120400,1296.257,1299.079,1296.257,1297.4455,1967,12
1478134800,1297.4455,1307.2085,1297.4455,1304.8615,5543,16
1478149200,1304.8615,1305.038,1291.8845,1294.006,5749,16
1478163600,1294.006,1294.7865,1285.771,1292.717,10333,16
1478178000,1292.717,1300.8525,1291.596,1299.2855,10098,16
1478192400,1299.2855,1303.7795,1299.195,1302.5835,4530,16
1478206800,1302.5835,1304.418,1301.139,1303.49,1868,12
1478221200,1303.49,1303.9525,1297.877,1298.9855,3513,16
1478235600,1298.9855,1302.812,1294.8235,1301.5085,4370,16
1478250000,1301.5085,1305.893,1295.381,1304.386,11591,16
1478264400,1304.386,1307.3,1301.4095,1304.196,14683,16
1478278800,1304.196,1305.4775,1300.7915,1305.1135,4019,16
1478469600,1305.1135,1305.1135,1287.7945,1293.715,9794,12
1478484000,1293.715,1293.715,1288.3365,1290.524,4439,16
1478498400,1290.524,1290.9045,1283.7475,1284.904,5703,16
1478512800,1284.904,1289.0695,1284.444,1286.4385,4560,16
1478527200,1286.4385,1287.756,1278.277,1282.389,7836,16
1478541600,1282.389,1282.492,1278.659,1281.7945,2988,16
1478556000,1281.7945,1284.1725,1280.8385,1283.91,2276,12
1478570400,1283.91,1283.993,1282.1815,1283.228,1865,16
1478584800,1283.228,1285.312,1282.7185,1283.76,3149,16
1478599200,1283.76,1285.901,1278.944,1280.322,3775,16
1478613600,1280.322,1290.895,1272.974,1277.0665,15301,16
1478628000,1277.0665,1278.8725,1273.1105,1276.007,7920,16
1478642400,1276.007,1285.442,1268.349,1285.1765,41469,12
1478656800,1285.1765,1337.495,1285.131,1324.8865,126996,16
1478671200,1324.8865,1325.945,1290.7605,1299.89,94456,16
1478685600,1299.89,1307.7325,1297.3455,1301.099,39073,16
1478700000,1301.099,1304.8635,1273.943,1276.149,51161,16
1478714400,1276.149,1278.257,1270.2565,1277.939,16715,16
1478728800,1277.939,1287.166,1274.384,1286.8085,9840,12
1478743200,1286.8085,1288.8285,1282.125,1287.07,8325,16
1478757600,1287.07,1292.3845,1283.3035,1283.8385,15650,16
1478772000,1283.8385,1285.0275,1274.7435,1276.324,21696,16
1478786400,1276.324,1278.2045,1259.2255,1266.7915,45999,16
1478800800,1266.7915,1268.5555,1252.399,1259.013,15154,16
1478815200,1259.013,1265.568,1255.236,1255.772,7743,12
1478829600,1255.772,1262.9975,1251.11,1261.7515,14148,16
1478844000,1261.7515,1264.968,1253.3735,1254.7655,19441,16
1478858400,1254.7655,1262.1985,1253.5185,1258.6295,19776,16
1478872800,1258.6295,1259.569,1224.186,1231.7495,49870,16
1478887200,1231.7495,1232.512,1219.1785,1227.8555,15973,16
1479074400,1227.8555,1231.409,1213.6155,1218.7765,19121,12
1479088800,1218.7765,1220.8665,1212.7675,1216.3495,10378,16
1479103200,1216.3495,1227.082,1216.176,1226.026,22306,16
1479117600,1226.026,1228.517,1219.6375,1221.4905,19002,16
1479132000,1221.4905,1228.691,1211.6515,1226.7595,37713,16
1479146400,1226.7595,1227.007,1216.9975,1221.3135,14863,16
1479160800,1221.3135,1231.419,1220.457,1227.616,9525,12
1479175200,1227.616,1228.6395,1223.557,1224.2455,6494,16
1479189600,1224.2455,1231.6995,1222.517,1225.8385,14945,16
1479204000,1225.8385,1229.0185,1220.7535,1222.841,17287,16
1479218400,1222.841,1229.778,1219.015,1226.672,22605,16
1479232800,1226.672,1228.92,1222.3325,1228.7095,5859,16
1479247200,1228.7095,1233.2355,1226.336,1231.3415,7082,12
1479261600,1231.3415,1232.7345,1228.6945,1230.646,5967,16
1479276000,1230.646,1231.949,1225.415,1227.516,10017,16
1479290400,1227.516,1228.9885,1221.549,1227.692,13005,16
1479304800,1227.692,1230.176,1223.825,1226.5145,15991,16
1479319200,1226.5145,1226.8345,1222.9985,1224.9555,5157,16
1479333600,1224.9555,1228.1675,1224.5435,1228.16,5656,12
1479348000,1228.16,1228.3165,1224.86,1226.9295,4656,16
1479362400,1226.9295,1229.798,1225.172,1227.682,7564,16
1479376800,1227.682,1231.5395,1222.735,1224.658,14391,16
1479391200,1224.658,1229.541,1218.3035,1220.5525,17493,16
1479405600,1220.5525,1220.625,1210.98,1216.4015,11890,16
1479420000,1216.4015,1217.9715,1205.907,1206.147,11382,12
1479434400,1206.147,1210.6625,1205.6695,1207.594,7737,16
1479448800,1207.594,1210.4795,1202.525,1205.198,12845,16
1479463200,1205.198,1216.207,1204.7715,1211.3095,14728,16
1479477600,1211.3095,1214.51,1205.925,1206.6925,19988,16
1479492000,1206.6925,1209.793,1206.384,1207.8835,5727,16
1479679200,1207.8835,1214.1605,1205.7195,1212.6565,8418,12
1479693600,1212.6565,1213.424,1209.846,1212.2395,5343,16
1479708000,1212.2395,1217.092,1211.92,1215.4035,7509,16
1479722400,1215.4035,1217.9865,1212.034,1214.548,8147,16
1479736800,1214.548,1216.249,1210.8155,1212.3375,11355,16
1479751200,1212.3375,1214.4965,1209.366,1214.1725,5949,16
1479765600,1214.1725,1221.147,1213.5015,1219.852,7707,12
1479780000,1219.852,1220.244,1216.6555,1218.098,5435,16
1479794400,1218.098,1219.3925,1213.48,1217.993,9856,16
1479808800,1217.993,1218.664,1213.128,1214.464,8511,16
1479823200,1214.464,1215.7535,1206.199,1212.3945,16005,16
1479837600,1212.3945,1213.294,1209.915,1212.3545,5788,16
1479852000,1212.3545,1214.5705,1212.3545,1213.822,2321,12
1479866400,1213.822,1215.139,1211.977,1212.1975,2776,16
1479880800,1212.1975,1214.836,1210.1475,1212.7145,5774,16
1479895200,1212.7145,1213.589,1188.758,1195.977,17828,16
1479909600,1195.977,1195.977,1181.8025,1191.081,28746,16
1479924000,1191.081,1192.1815,1186.702,1187.722,12268,16
1479938400,1187.722,1190.2795,1182.876,1184.729,9097,12
1479952800,1184.729,1187.333,1182.977,1186.634,5375,16
1479967200,1186.634,1190.966,1180.3165,1189.8485,15079,16
1479981600,1189.8485,1189.8485,1184.278,1186.7185,8533,16
1479996000,1186.7185,1187.753,1182.0295,1183.445,5308,16
1480024800,1183.445,1186.922,1170.938,1175.671,13447,12
1480039200,1175.671,1179.2805,1172.916,1178.4435,11835,16
1480053600,1178.4435,1193.412,1178.4435,1187.9755,23072,16
1480068000,1187.9755,1190.7555,1185.5415,1187.6475,14384,16
1480082400,1187.6475,1190.982,1178.7315,1181.3155,16121,16
1480096800,1181.3155,1184.643,1181.3155,1184.2895,1543,3
1480284000,1184.2895,1195.957,1182.787,1195.8945,8191,12
1480298400,1195.8945,1197.7475,1190.7475,1192.7645,7734,16
1480312800,1192.7645,1197.324,1190.5565,1192.885,10567,16
1480327200,1192.885,1193.048,1186.4625,1187.2045,10706,16
1480341600,1187.2045,1192.1735,1183.1605,1189.2825,12223,16
1480356000,1189.2825,1194.135,1189.2255,1193.4065,3517,16
1480370400,1193.4065,1195.349,1190.32,1193.4375,4642,12
1480384800,1193.4375,1194.1415,1188.7535,1191.3105,4543,16
1480399200,1191.3105,1192.8765,1185.413,1187.1095,6075,16
1480413600,1187.1095,1189.6555,1181.174,1182.188,11397,16
1480428000,1182.188,1190.074,1181.638,1187.302,19047,16
1480442400,1187.302,1190.691,1187.0155,1188.456,4598,16
1480456800,1188.456,1193.7305,1187.8625,1193.628,5722,12
1480471200,1193.628,1195.046,1187.862,1189.9275,6187,16
1480485600,1189.9275,1190.2525,1184.748,1185.9685,7663,16
1480500000,1185.9685,1189.5355,1179.987,1184.365,12849,16
1480514400,1184.365,1184.876,1170.0555,1174.9175,27378,16
1480528800,1174.9175,1176.1645,1171.2065,1173.3295,7464,16
1480543200,1173.3295,1175.497,1162.1685,1167.3845,10357,12
1480557600,1167.3845,1176.0205,1166.247,1174.8815,7704,16
1480572000,1174.8815,1176.8835,1167.441,1168.2255,11576,16
1480586400,1168.2255,1172.007,1166.814,1171.584,8354,16
1480600800,1171.584,1171.6295,1160.8295,1166.6715,20899,16
1480615200,1166.6715,1174.883,1165.7265,1171.6645,8197,16
1480629600,1171.6645,1178.082,1171.6645,1174.7875,5937,12
1480644000,1174.7875,1176.7725,1172.6335,1174.107,3549,16
1480658400,1174.107,1176.867,1173.0785,1175.019,5125,16
1480672800,1175.019,1177.118,1166.8385,1169.808,16280,16
1480687200,1169.808,1178.2285,1169.0915,1175.523,16577,16
1480701600,1175.523,1177.8565,1173.1445,1177.287,5400,16
1480888800,1177.287,1188.267,1172.4015,1172.9865,14712,12
1480903200,1172.9865,1177.967,1171.6445,1177.5625,6731,16
1480917600,1177.5625,1177.924,1162.295,1165.89,14161,16
1480932000,1165.89,1170.2855,1163.994,1166.1735,9654,16
1480946400,1166.1735,1175.0885,1157.1585,1174.1875,17539,16
1480960800,1174.1875,1176.112,1168.7115,1170.296,7909,16
1480975200,1170.296,1175.1605,1169.45,1174.967,4781,12
1480989600,1174.967,1175.438,1170.895,1171.087,4048,16
1481004000,1171.087,1174.388,1169.438,1171.012,7491,16
1481018400,1171.012,1174.87,1169.7325,1171.8465,7286,16
1481032800,1171.8465,1175.375,1166.9095,1168.1855,10881,16
1481047200,1168.1855,1170.067,1167.488,1169.7715,2987,16
1481061600,1169.7715,1170.126,1167.3835,1169.076,3065,12
1481076000,1169.076,1170.083,1165.6275,1167.019,3334,16
1481090400,1167.019,1172.641,1167.019,1172.3125,4438,16
1481104800,1172.3125,1177.3995,1171.002,1176.3825,4973,16
1481119200,1176.3825,1180.2995,1174.8445,1175.6855,12750,16
1481133600,1175.6855,1176.59,1172.2475,1174.315,4606,16
1481148000,1174.315,1176.992,1173.7455,1176.324,3385,12
1481162400,1176.324,1178.7835,1175.8925,1176.955,5291,16
1481176800,1176.955,1177.419,1173.887,1176.3145,5912,16
1481191200,1176.3145,1178.8425,1169.298,1173.0415,17510,16
1481205600,1173.0415,1175.3995,1169.719,1171.1535,16962,16
1481220000,1171.1535,1171.751,1169.555,1170.6405,3318,16
1481234400,1170.6405,1171.235,1165.2685,1166.1295,4383,12
1481248800,1166.1295,1168.699,1165.672,1167.9735,2058,16
1481263200,1167.9735,1172.0995,1167.746,1170.8515,3935,16
1481277600,1170.8515,1171.123,1161.3755,1166.934,10063,16
1481292000,1166.934,1168.3555,1158.014,1160.7725,14905,16
1481306400,1160.7725,1162.048,1156.2945,1159.8395,4400,16
1481493600,1159.8395,1159.8395,1154.518,1156.616,5032,12
1481508000,1156.616,1160.2955,1156.5285,1157.597,4409,16
1481522400,1157.597,1158.6515,1151.1185,1155.3495,7174,16
1481536800,1155.3495,1161.163,1153.447,1159.5155,8683,16
1481551200,1159.5155,1165.6835,1156.9085,1164.9205,12415,16
1481565600,1164.9205,1165.8825,1161.337,1162.4025,4191,16
1481580000,1162.4025,1165.121,1161.629,1163.237,3573,12
1481594400,1163.237,1163.8895,1160.8745,1160.8835,2918,16
1481608800,1160.8835,1162.509,1158.105,1158.488,4558,16
1481623200,1158.488,1164.222,1157.1835,1163.346,5950,16
1481637600,1163.346,1163.4475,1154.675,1156.9135,13827,16
1481652000,1156.9135,1159.9815,1155.6,1158.1865,4209,16
1481666400,1158.1865,1161.35,1157.6285,1160.5845,2949,12
1481680800,1160.5845,1161.1805,1159.6475,1160.5045,2258,16
1481695200,1160.5045,1163.7255,1160.164,1161.062,4305,16
1481709600,1161.062,1163.2805,1159.221,1162.3795,5464,16
1481724000,1162.3795,1165.353,1161.196,1161.604,8298,16
1481738400,1161.604,1162.7285,1139.0875,1143.395,38000,16
1481752800,1143.395,1144.2755,1134.8085,1142.3985,8380,12
1481767200,1142.3985,1144.4825,1140.839,1141.521,5621,16
1481781600,1141.521,1143.226,1135.819,1137.132,7976,16
1481796000,1137.132,1137.5685,1125.957,1132.04,18530,16
1481810400,1132.04,1133.1955,1122.751,1128.602,19404,16
1481824800,1128.602,1132.7215,1126.784,1128.1635,7745,16
1481839200,1128.1635,1130.524,1126.7855,1130.078,3659,12
1481853600,1130.078,1132.922,1129.771,1131.6585,3304,16
1481868000,1131.6585,1136.3225,1131.2865,1135.2105,7053,16
1481882400,1135.2105,1136.2195,1132.587,1133.789,7175,16
1481896800,1133.789,1141.3825,1127.891,1137.468,17071,16
1481911200,1137.468,1138.1095,1133.0355,1134.7365,6751,16
1482098400,1134.7365,1139.6375,1134.0635,1138.5945,3999,12
1482112800,1138.5945,1139.85,1137.591,1139.85,2832,16
1482127200,1139.85,1142.4365,1138.6585,1138.739,4915,16
1482141600,1138.739,1141.0005,1137.121,1139.4725,6168,16
1482156000,1139.4725,1142.508,1136.932,1140.1855,12570,16
1482170400,1140.1855,1141.382,1136.8305,1138.6715,7677,16
1482184800,1138.6715,1139.039,1137.0225,1138.196,3244,12
1482199200,1138.196,1139.929,1135.061,1135.367,6325,16
1482213600,1135.367,1136.268,1131.908,1133.0065,7670,16
1482228000,1133.0065,1134.6865,1128.1835,1129.907,7276,16
1482242400,1129.907,1132.913,1125.873,1132.5015,11022,16
1482256800,1132.5015,1133.382,1130.4465,1132.3615,4189,16
1482271200,1132.3615,1135.13,1129.4925,1135.054,3374,12
1482285600,1135.054,1136.8925,1133.9075,1135.315,4202,16
1482300000,1135.315,1137.208,1132.279,1134.426,3962,16
1482314400,1134.426,1136.346,1133.071,1136.09,5209,16
1482328800,1136.09,1137.214,1130.047,1132.2945,8898,16
1482343200,1132.2945,1132.8425,1130.7875,1131.5465,2604,16
1482357600,1131.5465,1132.7655,1130.696,1132.387,2512,12
1482372000,1132.387,1132.387,1128.8295,1129.3395,2585,16
1482386400,1129.3395,1132.52,1128.414,1130.6295,4067,16
1482400800,1130.6295,1131.662,1127.8575,1128.7925,5167,16
1482415200,1128.7925,1134.204,1127.936,1129.157,10189,16
1482429600,1129.157,1130.07,1128.0375,1128.729,2965,16
1482444000,1128.729,1130.8285,1128.344,1130.18,1344,12
1482458400,1130.18,1131.848,1129.728,1131.795,1667,16
1482472800,1131.795,1132.4245,1130.8165,1131.6165,2154,16
1482487200,1131.6165,1132.187,1130.107,1130.301,2671,16
1482501600,1130.301,1136.0145,1129.7145,1132.6365,5986,16
1482516000,1132.6365,1133.987,1131.282,1132.388,2553,16
1482789600,1132.388,1135.06,1131.709,1134.4505,3643,12
1482804000,1134.4505,1138.26,1134.4335,1137.658,2914,16
1482818400,1137.658,1151.073,1137.355,1143.5385,7032,16
1482832800,1143.5385,1143.8235,1140.871,1141.655,2491,16
1482847200,1141.655,1142.1305,1135.8735,1137.4785,4659,16
1482861600,1137.4785,1139.874,1136.9545,1138.857,2068,16
1482876000,1138.857,1142.309,1138.3105,1141.8415,2082,12
1482890400,1141.8415,1143.5305,1140.88,1142.9465,2551,16
1482904800,1142.9465,1144.594,1140.4295,1141.0095,3080,16
1482919200,1141.0095,1141.1275,1137.0325,1139.1665,3055,16
1482933600,1139.1665,1140.0605,1136.5815,1138.5735,6071,16
1482948000,1138.5735,1142.8925,1138.319,1141.211,4677,16
1482962400,1141.211,1148.2835,1141.211,1147.1095,4436,12
1482976800,1147.1095,1149.9175,1145.8725,1148.006,3752,16
1482991200,1148.006,1150.319,1146.4425,1148.1325,4710,16
1483005600,1148.1325,1148.672,1144.4515,1145.871,3720,16
1483020000,1145.871,1159.6655,1145.2645,1155.984,11079,16
1483034400,1155.984,1159.244,1154.153,1157.9935,5966,16
1483048800,1157.9935,1163.4065,1157.52,1159.968,7802,12
1483063200,1159.968,1162.907,1158.112,1161.4375,6334,16
1483077600,1161.4375,1162.1305,1158.186,1160.807,6836,16
1483092000,1160.807,1161.2985,1155.786,1157.1035,5379,16
1483106400,1157.1035,1160.6105,1151.711,1153.0435,11909,16
1483120800,1153.0435,1153.107,1149.785,1151.61,5602,16
1483394400,1151.61,1156.958,1149.554,1156.3015,7297,12
1483408800,1156.3015,1158.802,1155.072,1157.912,3632,16
1483423200,1157.912,1158.825,1147.725,1148.2725,6958,16
1483437600,1148.2725,1151.5,1146.157,1150.794,4940,16
1483452000,1150.794,1165.052,1146.812,1162.1075,21315,16
1483466400,1162.1075,1163.572,1156.782,1158.83,6169,16
1483480800,1158.83,1159.477,1156.318,1157.5725,4897,12
1483495200,1157.5725,1161.748,1157.5725,1161.621,4398,16
1483509600,1161.621,1168.054,1160.906,1165.594,5895,16
1483524000,1165.594,1168.025,1163.062,1164.3355,6882,16
1483538400,1164.3355,1167.382,1162.257,1165.0445,10944,16
1483552800,1165.0445,1166.909,1160.782,1163.274,9497,16
1483567200,1163.274,1173.132,1162.832,1171.348,10081,12
1483581600,1171.348,1177.686,1170.942,1175.2165,6721,16
1483596000,1175.2165,1179.398,1170.659,1172.9125,12103,16
1483610400,1172.9125,1176.774,1170.564,1175.772,11833,16
1483624800,1175.772,1185.151,1175.278,1182.087,20198,16
1483639200,1182.087,1182.436,1179.836,1180.461,5121,16
1483653600,1180.461,1181.549,1176.814,1177.626,6608,12
1483668000,1177.626,1182.678,1175.56,1176.3435,7250,16
1483682400,1176.3435,1178.726,1173.821,1178.3035,6532,16
1483696800,1178.3035,1183.374,1171.65,1173.726,15224,16
1483711200,1173.726,1179.318,1171.156,1174.0595,16086,16
1483725600,1174.0595,1174.736,1170.977,1172.6905,4085,16
1483912800,1172.6905,1176.152,1172.038,1175.613,3856,12
1483927200,1175.613,1176.671,1173.03,1173.802,2485,16
1483941600,1173.802,1178.76,1173.005,1176.129,6154,16
1483956000,1176.129,1181.852,1175.452,1180.722,7521,16
1483970400,1180.722,1184.269,1177.459,1182.8035,12511,16
1483984800,1182.8035,1186.253,1180.294,1180.666,4037,16
1483999200,1180.666,1183.7,1180.46,1181.2005,4583,12
1484013600,1181.2005,1187.444,1180.302,1186.396,7738,16
1484028000,1186.396,1187.757,1182.82,1184.1615,6602,16
1484042400,1184.1615,1186.162,1181.07,1184.332,5656,16
1484056800,1184.332,1190.702,1182.158,1184.313,13274,16
1484071200,1184.313,1188.182,1183.25,1187.6915,3257,16
1484085600,1187.6915,1189.204,1185.748,1188.044,3614,12
1484100000,1188.044,1189.241,1186.338,1189.143,4339,16
1484114400,1189.143,1191.506,1187.369,1188.5305,5695,16
1484128800,1188.5305,1190.322,1187.101,1188.071,6474,16
1484143200,1188.071,1189.749,1177.24,1188.766,36957,16
1484157600,1188.766,1198.348,1188.42,1191.569,20369,16
1484172000,1191.569,1196.092,1190.953,1195.526,6822,12
1484186400,1195.526,1198.983,1195.252,1198.6185,7142,16
1484200800,1198.6185,1207.047,1198.046,1205.535,11068,16
1484215200,1205.535,1206.672,1200.38,1201.21,11718,16
1484229600,1201.21,1206.067,1199.786,1200.244,15955,16
1484244000,1200.244,1200.8,1194.436,1195.393,7933,16
1484258400,1195.393,1196.766,1192.836,1193.33,6141,12
1484272800,1193.33,1194.574,1191.384,1194.0245,4723,16
1484287200,1194.0245,1198.231,1193.466,1197.143,7636,16
1484301600,1197.143,1201.918,1195.936,1196.533,9943,16
1484316000,1196.533,1197.448,1187.96,1196.5025,20064,16
1484330400,1196.5025,1199.436,1195.13,1197.383,5353,16
1484517600,1197.383,1205.348,1197.383,1201.4775,7102,12
1484532000,1201.4775,1204.484,1200.705,1204.052,5923,16
1484546400,1204.052,1208.762,1201.278,1202.207,8984,16
1484560800,1202.207,1204.76,1201.507,1203.03,4262,16
1484575200,1203.03,1204.484,1201.875,1203.017,3659,16
1484604000,1203.017,1205.34,1202.768,1203.9385,4479,12
1484618400,1203.9385,1212.447,1203.812,1211.95,5885,16
1484632800,1211.95,1218.114,1209.624,1217.0555,10307,16
1484647200,1217.0555,1218.944,1210.728,1216.4995,18000,16
1484661600,1216.4995,1217.368,1212.068,1213.355,15571,16
1484676000,1213.355,1217.192,1212.608,1217.0405,4000,16
1484690400,1217.0405,1217.879,1213.132,1214.626,5065,12
1484704800,1214.626,1216.114,1211.084,1212.275,4899,16
1484719200,1212.275,1214.211,1210.196,1214.164,6694,16
1484733600,1214.164,1214.9,1211.334,1213.5345,7028,16
1484748000,1213.5345,1216.642,1212.651,1212.773,10257,16
1484762400,1212.773,1213.044,1202.475,1204.0605,9294,16
1484776800,1204.0605,1205.368,1197.666,1198.644,6648,12
1484791200,1198.644,1203.852,1198.302,1202.582,4913,16
1484805600,1202.582,1206.724,1198.318,1204.378,8774,16
1484820000,1204.378,1205.892,1199.776,1201.6685,11958,16
1484834400,1201.6685,1203.15,1195.922,1200.1595,19613,16
1484848800,1200.1595,1206.622,1199.06,1204.7245,7936,16
1484863200,1204.7245,1208.132,1202.678,1207.5805,5573,12
1484877600,1207.5805,1208.51,1205.83,1206.796,4201,16
1484892000,1206.796,1209.168,1200.594,1201.5155,7582,16
1484906400,1201.5155,1204.042,1198.728,1203.9835,7657,16
1484920800,1203.9835,1207.604,1199.94,1205.4235,25918,16
1484935200,1205.4235,1215.084,1203.903,1210.395,12279,16
1485122400,1210.395,1218.086,1209.384,1217.969,8098,12
1485136800,1217.969,1219.601,1213.888,1216.64,6966,16
1485151200,1216.64,1217.646,1210.601,1212.153,7894,16
1485165600,1212.153,1215.608,1211.326,1214.3945,6814,16
1485180000,1214.3945,1219.238,1209.358,1215.1925,17651,16
1485194400,1215.1925,1218.268,1214.448,1218.0785,4847,16
1485208800,1218.0785,1220.224,1216.211,1217.0705,5195,12
1485223200,1217.0705,1218.68,1215.233,1216.021,4388,16
1485237600,1216.021,1216.542,1212.256,1213.132,6304,16
1485252000,1213.132,1214.964,1211.726,1213.672,5419,16
1485266400,1213.672,1217.842,1211.616,1212.699,10774,16
1485280800,1212.699,1212.92,1206.673,1209.009,5561,16
1485295200,1209.009,1209.968,1207.642,1208.369,3622,12
1485309600,1208.369,1209.506,1203.464,1203.577,3787,16
1485324000,1203.577,1205.668,1201.058,1203.906,7039,16
1485338400,1203.906,1207.898,1202.589,1203.337,5908,16
1485352800,1203.337,1203.337,1193.328,1197.824,15517,16
1485367200,1197.824,1200.986,1195.94,1200.2475,5629,16
1485381600,1200.2475,1202.73,1198.966,1200.228,4189,12
1485396000,1200.228,1200.352,1197.628,1198.8005,3438,16
1485410400,1198.8005,1198.8005,1191.708,1192.7715,6755,16
1485424800,1192.7715,1194.56,1185.676,1189.8175,8210,16
1485439200,1189.8175,1191.534,1184.515,1187.0595,12202,16
1485453600,1187.0595,1191.369,1186.982,1188.6975,5663,16
1485468000,1188.6975,1190.092,1184.662,1186.127,4298,12
1485482400,1186.127,1186.777,1183.124,1183.645,3320,16
1485496800,1183.645,1184.89,1181.384,1184.231,5709,16
1485511200,1184.231,1187.159,1180.59,1184.1205,8091,16
1485525600,1184.1205,1190.221,1184.092,1188.65,14371,16
1485540000,1188.65,1191.836,1188.191,1191.082,3141,16
1485727200,1191.082,1195.848,1191.082,1195.378,5743,12
1485741600,1195.378,1195.464,1192.746,1192.9315,2195,16
1485756000,1192.9315,1193.287,1188.658,1188.9965,4271,16
1485770400,1188.9965,1194.306,1188.338,1193.476,6001,16
1485784800,1193.476,1199.502,1191.688,1197.292,12432,16
1485799200,1197.292,1197.558,1193.056,1195.369,4217,16
1485813600,1195.369,1198.024,1193.839,1197.7325,4024,12
1485828000,1197.7325,1203.134,1197.594,1201.301,5955,16
1485842400,1201.301,1201.878,1196.326,1198.1945,5712,16
1485856800,1198.1945,1206.891,1197.441,1204.1295,8909,16
1485871200,1204.1295,1215.437,1203.954,1210.553,20605,16
1485885600,1210.553,1214.85,1208.874,1210.5705,6703,16
1485900000,1210.5705,1213.31,1209.441,1209.6555,4197,12
1485914400,1209.6555,1211.337,1208.11,1208.936,3053,16
1485928800,1208.936,1212.486,1206.974,1211.0055,5684,16
1485943200,1211.0055,1211.833,1204.89,1205.921,6231,16
1485957600,1205.921,1206.188,1198.178,1204.7195,11716,16
1485972000,1204.7195,1211.65,1203.271,1209.7235,17901,16
1485986400,1209.7235,1213.983,1208.48,1213.0175,4568,12
1486000800,1213.0175,1217.333,1212.398,1216.3585,5316,16
1486015200,1216.3585,1218.141,1211.854,1217.6065,6484,16
1486029600,1217.6065,1225.409,1217.376,1223.729,10138,16
1486044000,1223.729,1223.837,1213.756,1215.5375,12678,16
1486058400,1215.5375,1218.209,1215.095,1215.853,4043,16
1486072800,1215.853,1216.922,1212.31,1215.782,5664,12
1486087200,1215.782,1216.01,1211.062,1213.3745,6450,16
1486101600,1213.3745,1215.294,1212.679,1213.8775,3425,16
1486116000,1213.8775,1217.041,1206.846,1215.44,12351,16
1486130400,1215.44,1221.492,1214.602,1218.816,13583,16
1486144800,1218.816,1220.594,1214.77,1220.5935,6762,16
1486332000,1220.5935,1225.222,1219.236,1224.093,6596,12
1486346400,1224.093,1224.524,1222.684,1223.655,2516,16
1486360800,1223.655,1225.133,1221.72,1223.1265,4638,16
1486375200,1223.1265,1230.272,1221.81,1229.328,6774,16
1486389600,1229.328,1231.024,1225.402,1230.786,7882,16
1486404000,1230.786,1235.662,1229.982,1235.368,4242,16
1486418400,1235.368,1235.688,1231.86,1232.18,3570,12
1486432800,1232.18,1234.507,1231.557,1234.1935,2655,16
1486447200,1234.1935,1235.032,1228.591,1229.046,5679,16
1486461600,1229.046,1232.088,1227.756,1230.7585,5170,16
1486476000,1230.7585,1235.88,1229.851,1234.828,7508,16
1486490400,1234.828,1235.928,1232.485,1233.6765,3158,16
1486504800,1233.6765,1234.768,1230.204,1234.085,3399,12
1486519200,1234.085,1235.552,1232.39,1233.043,2304,16
1486533600,1233.043,1238.743,1230.796,1235.746,5016,16
1486548000,1235.746,1240.796,1235.033,1238.9865,5257,16
1486562400,1238.9865,1244.83,1238.952,1242.6945,9563,16
1486576800,1242.6945,1242.768,1236.792,1241.5605,5100,16
1486591200,1241.5605,1241.5605,1238.852,1239.8355,3240,12
1486605600,1239.8355,1242.471,1239.078,1241.011,2336,16
1486620000,1241.011,1243.903,1239.356,1242.6605,3760,16
1486634400,1242.6605,1242.6605,1236.662,1239.823,4402,16
1486648800,1239.823,1244.616,1230.542,1233.371,15146,16
1486663200,1233.371,1235.958,1225.696,1228.7835,5148,16
1486677600,1228.7835,1229.446,1222.287,1225.322,6465,12
1486692000,1225.322,1225.912,1223.74,1224.3905,2805,16
1486706400,1224.3905,1226.158,1221.714,1225.005,4736,16
1486720800,1225.005,1228.574,1224.174,1225.6425,4419,16
1486735200,1225.6425,1235.445,1224.028,1232.688,11315,16
1486749600,1232.688,1237.21,1230.683,1233.755,7847,16
1486936800,1233.755,1233.755,1228.786,1231.2165,3065,12
1486951200,1231.2165,1231.2165,1228.024,1229.6475,1611,16
1486965600,1229.6475,1232.36,1229.064,1229.644,2911,16
1486980000,1229.644,1231.292,1224.619,1225.5225,3158,16
1486994400,1225.5225,1226.231,1219.44,1224.052,5423,16
1487008800,1224.052,1227.683,1223.794,1225.3875,1806,16
1487023200,1225.3875,1227.122,1224.954,1225.443,1339,12
1487037600,1225.443,1230.241,1225.119,1229.6635,1460,16
1487052000,1229.6635,1230.172,1226.506,1228.161,2640,16
1487066400,1228.161,1234.608,1227.842,1232.929,5416,16
1487080800,1232.929,1234.464,1221.971,1224.0035,13490,16
1487095200,1224.0035,1231.357,1223.121,1228.596,3020,16
1487109600,1228.596,1230.322,1225.184,1226.875,1599,12
1487124000,1226.875,1226.94,1225.382,1225.606,1016,16
1487138400,1225.606,1226.8305,1223.83,1226.244,2241,16
1487152800,1226.244,1227.448,1216.752,1220.035,8492,16
1487167200,1220.035,1233.156,1218.704,1231.071,9740,16
1487181600,1231.071,1233.562,1230.494,1233.5455,2152,16
1487196000,1233.5455,1236.668,1232.214,1236.3405,2967,12
1487210400,1236.3405,1236.858,1234.282,1234.914,1780,16
1487224800,1234.914,1239.156,1232.287,1237.5,3625,16
1487239200,1237.5,1239.676,1235.1555,1236.678,4858,16
1487253600,1236.678,1242.464,1235.834,1238.923,6865,16
1487268000,1238.923,1241.43,1238.001,1239.4495,2976,16
1487282400,1239.4495,1239.761,1237.438,1237.7735,1582,12
1487296800,1237.7735,1238.847,1237.478,1237.787,957,16
1487311200,1237.787,1242.194,1236.566,1240.578,3053,16
1487325600,1240.578,1243.85,1240.0475,1241.88,4201,16
1487340000,1241.88,1243.076,1237.193,1238.737,5435,16
1487354400,1238.737,1239.366,1234.416,1234.7255,2051,16
1487541600,1234.7255,1238.259,1232.662,1234.473,2933,12
1487556000,1234.473,1235.067,1233.173,1234.292,1433,16
1487570400,1234.292,1237.102,1232.894,1236.7195,2060,16
1487584800,1236.7195,1239.074,1235.393,1238.258,1921,16
1487599200,1238.258,1239.012,1236.972,1237.5545,1317,16
1487628000,1237.5545,1237.874,1233.428,1234.7905,1749,12
1487642400,1234.7905,1235.47,1232.615,1233.7095,1181,16
1487656800,1233.7095,1235.014,1229.931,1230.0025,2630,16
1487671200,1230.0025,1231.964,1227.354,1227.99,2568,16
1487685600,1227.99,1238.948,1226.248,1238.22,5654,16
1487700000,1238.22,1238.418,1235.676,1235.9105,1644,16
1487714400,1235.9105,1237.668,1234.144,1237.304,1712,12
1487728800,1237.304,1237.466,1234.311,1235.031,1252,16
1487743200,1235.031,1238.168,1233.682,1237.077,2784,16
1487757600,1237.077,1241.056,1236.661,1238.776,4583,16
1487772000,1238.776,1239.154,1231.268,1233.899,8232,16
1487786400,1233.899,1239.121,1231.948,1237.384,5594,16
1487800800,1237.384,1238.876,1235.996,1237.238,1669,12
1487815200,1237.238,1237.96,1236.243,1236.5965,1192,16
1487829600,1236.5965,1238.306,1235.813,1237.6755,2306,16
1487844000,1237.6755,1248.91,1237.296,1248.5705,11229,16
1487858400,1248.5705,1251.171,1246.174,1249.5505,6681,16
1487872800,1249.5505,1250.998,1248.537,1249.576,1914,16
1487887200,1249.576,1250.316,1247.8655,1248.9895,1201,12
1487901600,1248.9895,1250.636,1248.847,1250.6365,1111,16
1487916000,1250.6365,1256.649,1250.499,1256.129,2935,16
1487930400,1256.129,1259.993,1255.246,1259.99,3874,16
1487944800,1259.99,1260.198,1252.31,1256.5265,6164,16
1487959200,1256.5265,1258.68,1256.366,1257.3295,1942,16
1488146400,1257.3295,1259.178,1255.006,1257.755,2120,12
1488160800,1257.755,1258.134,1256.127,1257.7575,1468,16
1488175200,1257.7575,1258.05,1253.455,1255.32,2157,16
1488189600,1255.32,1257.0,1253.869,1256.651,1965,16
1488204000,1256.651,1263.944,1255.741,1260.348,8167,16
1488218400,1260.348,1260.9925,1251.041,1252.933,5290,16
1488232800,1252.933,1254.635,1251.899,1253.21,2618,12
1488247200,1253.21,1254.35,1252.5655,1254.207,1175,16
1488261600,1254.207,1254.6085,1250.378,1251.219,2795,16
1488276000,1251.219,1256.328,1250.797,1255.93,4630,16
1488290400,1255.93,1258.504,1253.802,1256.313,7022,16
1488304800,1256.313,1256.897,1247.716,1248.295,6979,16
1488319200,1248.295,1249.39,1242.585,1245.1705,8266,12
1488333600,1245.1705,1248.53,1242.58,1244.5005,10418,16
1488348000,1244.5005,1247.385,1242.697,1244.7035,4517,16
1488362400,1244.7035,1246.452,1237.33,1237.956,8616,16
1488376800,1237.956,1247.282,1237.016,1247.0475,12213,16
1488391200,1247.0475,1250.719,1246.03,1249.6405,6278,16
1488405600,1249.6405,1250.206,1246.114,1246.2505,4086,12
1488420000,1246.2505,1247.115,1245.79,1246.1915,1368,16
1488434400,1246.1915,1246.423,1242.974,1244.064,3638,16
1488448800,1244.064,1244.716,1235.27,1239.451,11887,16
1488463200,1239.451,1242.56,1231.042,1233.833,28833,16
1488477600,1233.833,1235.714,1231.202,1234.3315,9825,16
1488492000,1234.3315,1236.36,1232.19,1233.4395,7626,12
1488506400,1233.4395,1234.34,1230.144,1230.6915,5173,16
1488520800,1230.6915,1232.682,1225.579,1227.962,11176,16
1488535200,1227.962,1231.881,1226.172,1229.1115,9618,16
1488549600,1229.1115,1229.795,1223.31,1227.2825,6912,16
1488564000,1227.2825,1236.331,1222.911,1234.974,13361,16
1488751200,1234.974,1236.95,1232.778,1233.621,3273,12
1488765600,1233.621,1234.729,1232.826,1233.638,2460,16
1488780000,1233.638,1235.117,1231.352,1233.26,3084,16
1488794400,1233.26,1234.536,1230.328,1233.428,2523,16
1488808800,1233.428,1233.565,1225.748,1226.1665,5079,16
1488823200,1226.1665,1227.791,1225.018,1225.401,1833,16
1488837600,1225.401,1227.274,1224.175,1226.337,1896,12
1488852000,1226.337,1227.216,1224.826,1225.617,1148,16
1488866400,1225.617,1226.336,1222.254,1223.526,3030,16
1488880800,1223.526,1225.378,1219.749,1221.239,3201,16
1488895200,1221.239,1221.378,1216.288,1217.94,6234,16
1488909600,1217.94,1217.94,1214.256,1215.764,1801,16
1488924000,1215.764,1218.663,1214.902,1217.748,1994,12
1488938400,1217.748,1218.548,1217.008,1217.531,1184,16
1488952800,1217.531,1218.237,1211.555,1213.129,3107,16
1488967200,1213.129,1214.692,1208.936,1209.655,6293,16
1488981600,1209.655,1211.596,1206.708,1207.803,5294,16
1488996000,1207.803,1210.392,1207.251,1208.3085,3153,16
1489010400,1208.3085,1209.097,1205.927,1207.242,2129,12
1489024800,1207.242,1208.188,1203.962,1205.637,2806,16
1489039200,1205.637,1207.13,1203.288,1204.783,3356,16
1489053600,1204.783,1209.071,1203.97,1207.056,6507,16
1489068000,1207.056,1208.342,1201.58,1204.095,5653,16
1489082400,1204.095,1204.57,1199.357,1201.087,2850,16
1489096800,1201.087,1202.082,1197.703,1199.145,2591,12
1489111200,1199.145,1199.7,1196.928,1198.0105,1912,16
1489125600,1198.0105,1198.571,1195.067,1197.157,5877,16
1489140000,1197.157,1203.632,1196.272,1203.632,12428,16
1489154400,1203.632,1206.442,1198.67,1201.7365,9450,16
1489168800,1201.7365,1204.864,1201.426,1204.6815,3074,16
1489352400,1204.6815,1207.348,1204.6815,1204.87,2636,12
1489366800,1204.87,1207.336,1203.864,1207.204,3306,16
1489381200,1207.204,1211.26,1206.866,1208.638,4852,16
1489395600,1208.638,1209.792,1202.99,1203.554,4911,16
1489410000,1203.554,1206.641,1202.524,1204.9215,5766,16
1489424400,1204.9215,1204.9215,1203.358,1204.1635,2731,16
1489438800,1204.1635,1204.599,1201.357,1202.8715,2217,12
1489453200,1202.8715,1205.122,1202.146,1203.1915,1993,16
1489467600,1203.1915,1204.019,1200.642,1203.876,3769,16
1489482000,1203.876,1207.178,1202.734,1203.831,5090,16
1489496400,1203.831,1207.712,1201.898,1204.8475,8077,16
1489510800,1204.8475,1204.888,1197.294,1198.8245,4921,16
1489525200,1198.8245,1200.582,1197.924,1199.3845,1945,12
1489539600,1199.3845,1204.058,1199.3845,1202.477,2464,16
1489554000,1202.477,1205.406,1202.141,1203.7015,3665,16
1489568400,1203.7015,1204.0,1198.724,1200.226,4889,16
1489582800,1200.226,1202.415,1197.676,1200.692,6573,16
1489597200,1200.692,1222.154,1199.548,1219.538,31110,16
1489611600,1219.538,1223.652,1218.176,1221.943,4110,12
1489626000,1221.943,1225.84,1221.495,1224.84,5135,16
1489640400,1224.84,1228.961,1224.114,1224.444,6417,16
1489654800,1224.444,1233.884,1223.565,1231.07,8550,16
1489669200,1231.07,1231.996,1226.506,1229.546,7171,16
1489683600,1229.546,1230.088,1225.871,1226.525,5271,16
1489698000,1226.525,1228.23,1224.556,1225.087,2454,12
1489712400,1225.087,1227.675,1225.087,1226.594,1559,16
1489726800,1226.594,1228.7,1225.776,1227.416,3136,16
1489741200,1227.416,1231.528,1226.422,1230.2125,5853,16
1489755600,1230.2125,1231.782,1228.07,1228.5935,8277,16
1489770000,1228.5935,1230.51,1228.5935,1229.3345,2761,16
1489957200,1229.3345,1231.585,1229.3345,1231.054,1882,12
1489971600,1231.054,1235.248,1230.796,1234.768,2667,16
1489986000,1234.768,1235.631,1232.634,1232.7815,3785,16
1490000400,1232.7815,1233.587,1230.131,1232.424,4424,16
1490014800,1232.424,1234.53,1231.022,1233.133,7731,16
1490029200,1233.133,1234.988,1232.91,1234.164,2323,16
1490043600,1234.164,1235.186,1234.104,1235.129,1452,12
1490058000,1235.129,1235.407,1226.962,1228.8165,4640,16
1490072400,1228.8165,1231.566,1227.84,1231.174,4642,16
1490086800,1231.174,1233.916,1230.758,1233.0965,4928,16
1490101200,1233.0965,1244.884,1232.981,1244.239,16487,16
1490115600,1244.239,1247.7,1243.073,1244.591,9016,16
1490130000,1244.591,1246.963,1244.298,1245.5765,3435,12
1490144400,1245.5765,1246.676,1243.968,1245.1075,3426,16
1490158800,1245.1075,1249.192,1244.762,1247.179,8030,16
1490173200,1247.179,1248.217,1244.652,1248.017,7294,16
1490187600,1248.017,1250.526,1246.4035,1249.1255,14590,16
1490202000,1249.1255,1251.436,1247.45,1249.0085,6301,16
1490216400,1249.0085,1249.1505,1245.694,1246.1645,1812,12
1490230800,1246.1645,1247.35,1244.37,1246.974,2694,16
1490245200,1246.974,1248.672,1245.908,1248.478,3760,16
1490259600,1248.478,1252.561,1245.633,1252.149,8055,16
1490274000,1252.149,1253.408,1242.812,1244.9035,17663,16
1490288400,1244.9035,1248.516,1244.411,1245.206,12668,16
1490302800,1245.206,1246.842,1243.794,1243.98,2895,12
1490317200,1243.98,1244.532,1242.604,1243.983,2441,16
1490331600,1243.983,1244.879,1240.998,1243.0975,5262,16
1490346000,1243.0975,1246.34,1242.568,1245.364,5571,16
1490360400,1245.364,1249.968,1243.502,1248.301,9545,16
1490374800,1248.301,1251.998,1242.752,1243.449,8930,16
1490562000,1243.449,1255.331,1243.449,1254.979,6815,12
1490576400,1254.979,1258.178,1254.826,1256.491,2906,16
1490590800,1256.491,1259.278,1255.986,1257.299,5297,16
1490605200,1257.299,1259.131,1256.598,1258.394,3304,16
1490619600,1258.394,1261.081,1252.6,1253.8815,9426,16
1490634000,1253.8815,1256.433,1252.996,1254.4735,3843,16
1490648400,1254.4735,1255.178,1252.794,1253.8255,1982,12
1490662800,1253.8255,1255.609,1253.541,1254.42,1519,16
1490677200,1254.42,1254.732,1251.21,1253.904,3543,16
1490691600,1253.904,1258.17,1252.605,1257.345,3459,16
1490706000,1257.345,1258.502,1253.53,1254.461,8065,16
1490720400,1254.461,1256.143,1247.77,1251.928,6203,16
1490734800,1251.928,1252.232,1249.378,1250.31,2979,12
1490749200,1250.31,1250.31,1247.388,1249.509,2315,16
1490763600,1249.509,1253.48,1248.608,1253.102,4154,16
1490778000,1253.102,1254.314,1250.81,1253.136,5014,16
1490792400,1253.136,1254.376,1250.488,1252.472,7780,16
1490806800,1252.472,1254.758,1252.062,1253.5995,2269,16
1490821200,1253.5995,1253.952,1250.96,1251.2835,2125,12
1490835600,1251.2835,1251.45,1248.406,1249.88,1991,16
1490850000,1249.88,1251.608,1249.771,1250.747,2936,16
1490864400,1250.747,1251.089,1246.158,1247.912,5291,16
1490878800,1247.912,1251.282,1244.55,1247.6425,13604,16
1490893200,1247.6425,1247.731,1242.458,1243.203,6566,16
1490907600,1243.203,1244.519,1241.948,1242.4465,2867,12
1490922000,1242.4465,1243.208,1239.677,1242.188,2973,16
1490936400,1242.188,1243.55,1241.978,1243.044,5012,16
1490950800,1243.044,1243.27,1240.212,1241.342,4612,16
1490965200,1241.342,1250.722,1240.644,1249.9265,11229,16
1490979600,1249.9265,1250.446,1247.25,1249.119,4310,16
1491166800,1249.119,1250.056,1247.596,1248.728,3161,12
1491181200,1248.728,1249.432,1247.625,1248.661,1690,16
1491195600,1248.661,1248.661,1244.647,1246.108,3396,16
1491210000,1246.108,1248.214,1244.598,1246.725,3808,16
1491224400,1246.725,1253.826,1245.685,1252.4395,11973,16
1491238800,1252.4395,1253.844,1251.645,1253.6755,3398,16
1491253200,1253.6755,1257.234,1253.666,1256.3645,2757,12
1491267600,1256.3645,1256.962,1254.794,1256.2325,2441,16
1491282000,1256.2325,1260.241,1255.801,1258.042,3802,16
1491296400,1258.042,1261.423,1257.158,1258.0275,5920,16
1491310800,1258.0275,1258.105,1254.07,1256.1355,11008,16
1491325200,1256.1355,1256.962,1255.233,1256.251,2156,16
1491339600,1256.251,1256.71,1255.107,1256.016,1670,12
1491354000,1256.016,1256.1,1253.624,1254.9765,2078,16
1491368400,1254.9765,1257.399,1254.036,1254.903,3767,16
1491382800,1254.903,1255.162,1247.703,1249.2515,8015,16
1491397200,1249.2515,1250.64,1243.821,1245.878,12215,16
1491411600,1245.878,1257.18,1244.222,1255.615,17787,16
1491426000,1255.615,1259.038,1255.592,1256.769,4447,12
1491440400,1256.769,1256.811,1252.972,1253.7435,3760,16
1491454800,1253.7435,1255.448,1252.962,1254.003,5600,16
1491469200,1254.003,1254.594,1250.984,1253.34,6640,16
1491483600,1253.34,1254.264,1249.826,1252.748,9249,16
1491498000,1252.748,1253.294,1251.114,1251.986,4098,16
1491512400,1251.986,1252.268,1250.683,1251.29,1389,12
1491526800,1251.29,1269.528,1250.768,1263.638,25115,16
1491541200,1263.638,1266.073,1262.013,1264.7815,8482,16
1491555600,1264.7815,1271.122,1262.212,1266.2765,14637,16
1491570000,1266.2765,1267.498,1260.428,1260.5735,16224,16
1491584400,1260.5735,1260.93,1251.498,1254.437,12090,16
1491771600,1254.437,1255.964,1253.192,1253.47,3683,12
1491786000,1253.47,1253.691,1251.964,1253.286,2431,16
1491800400,1253.286,1255.329,1252.834,1253.843,2581,16
1491814800,1253.843,1254.381,1247.112,1249.116,3992,16
1491829200,1249.116,1257.216,1248.581,1253.556,9892,16
1491843600,1253.556,1255.24,1250.965,1254.601,5326,16
1491858000,1254.601,1257.214,1254.568,1255.299,2584,12
1491872400,1255.299,1256.529,1253.165,1256.211,2451,16
1491886800,1256.211,1258.833,1255.684,1257.134,3281,16
1491901200,1257.134,1260.82,1256.029,1260.58,3372,16
1491915600,1260.58,1273.858,1260.498,1271.297,22011,16
1491930000,1271.297,1275.216,1269.334,1274.523,7041,16
1491944400,1274.523,1277.041,1273.236,1276.7335,3904,12
1491958800,1276.7335,1279.906,1274.117,1275.7065,4816,16
1491973200,1275.7065,1276.322,1273.127,1274.4905,3753,16
1491987600,1274.4905,1278.286,1272.508,1275.392,4835,16
1492002000,1275.392,1277.15,1271.97,1275.735,10825,16
1492016400,1275.735,1286.874,1272.626,1286.514,16832,16
1492030800,1286.514,1287.43,1284.712,1287.004,4725,12
1492045200,1287.004,1288.086,1285.226,1286.348,3864,16
1492059600,1286.348,1287.438,1283.944,1286.169,5256,16
1492074000,1286.169,1288.644,1285.717,1287.24,4600,16
1492088400,1287.24,1287.997,1281.86,1286.72,11635,16
1492102800,1286.72,1288.474,1285.674,1287.5825,6787,16
1492376400,1287.5825,1295.612,1287.5825,1294.344,5637,12
1492390800,1294.344,1294.66,1290.485,1291.959,4183,16
1492405200,1291.959,1292.208,1286.78,1289.3965,2238,16
1492419600,1289.3965,1290.842,1285.821,1286.767,4224,16
1492434000,1286.767,1292.858,1285.998,1289.3715,9682,16
1492448400,1289.3715,1290.491,1281.405,1284.7125,5838,16
1492462800,1284.7125,1285.192,1281.921,1284.112,2692,12
1492477200,1284.112,1285.782,1282.384,1282.435,2899,16
1492491600,1282.435,1285.612,1281.508,1284.8315,3078,16
1492506000,1284.8315,1287.354,1283.008,1285.161,5270,16
1492520400,1285.161,1292.178,1278.979,1291.5335,17748,16
1492534800,1291.5335,1292.45,1289.176,1289.54,8222,16
1492549200,1289.54,1290.857,1287.652,1288.528,2890,12
1492563600,1288.528,1288.557,1286.286,1287.004,2299,16
1492578000,1287.004,1287.371,1281.81,1283.036,4513,16
1492592400,1283.036,1285.543,1280.99,1285.495,4280,16
1492606800,1285.495,1286.07,1273.904,1282.128,14599,16
1492621200,1282.128,1282.91,1277.756,1279.9125,8126,16
1492635600,1279.9125,1280.474,1278.185,1278.8935,3321,12
1492650000,1278.8935,1281.172,1278.728,1279.572,2490,16
1492664400,1279.572,1282.277,1277.124,1278.794,6037,16
1492678800,1278.794,1282.219,1277.442,1279.41,4412,16
1492693200,1279.41,1283.503,1276.742,1280.767,17434,16
1492707600,1280.767,1282.635,1279.238,1282.121,6486,16
1492722000,1282.121,1282.497,1280.186,1281.573,2172,12
1492736400,1281.573,1281.656,1279.434,1279.9865,1881,16
1492750800,1279.9865,1282.02,1278.616,1281.44,4308,16
1492765200,1281.44,1285.71,1280.503,1282.494,5398,16
1492779600,1282.494,1287.436,1279.136,1286.667,12083,16
1492794000,1286.667,1288.386,1283.706,1284.265,10108,16
1492981200,1284.265,1284.265,1265.676,1272.813,13815,12
1492995600,1272.813,1277.546,1272.683,1275.354,5253,16
1493010000,1275.354,1275.957,1269.29,1270.752,8648,16
1493024400,1270.752,1272.263,1266.704,1270.101,4743,16
1493038800,1270.101,1275.953,1268.06,1274.9155,12211,16
1493053200,1274.9155,1276.764,1273.44,1275.575,6218,16
1493067600,1275.575,1278.232,1275.54,1276.473,2447,12
1493082000,1276.473,1276.522,1273.138,1273.654,2846,16
1493096400,1273.654,1274.12,1269.594,1270.123,4226,16
1493110800,1270.123,1271.87,1265.451,1266.4215,5252,16
1493125200,1266.4215,1270.209,1261.642,1264.757,11387,16
1493139600,1264.757,1266.166,1262.328,1263.8375,5057,16
1493154000,1263.8375,1264.556,1261.242,1262.3605,3146,12
1493168400,1262.3605,1265.106,1262.27,1264.0265,2032,16
1493182800,1264.0265,1266.084,1262.862,1265.305,3485,16
1493197200,1265.305,1266.55,1261.385,1263.278,5710,16
1493211600,1263.278,1267.457,1261.97,1262.787,13010,16
1493226000,1262.787,1271.017,1259.97,1268.908,17091,16
1493240400,1268.908,1269.717,1266.708,1268.338,3304,12
1493254800,1268.338,1268.338,1265.838,1266.629,2933,16
1493269200,1266.629,1267.657,1263.114,1264.28,3757,16
1493283600,1264.28,1267.068,1262.172,1265.3365,6343,16
1493298000,1265.3365,1267.195,1260.98,1265.017,11875,16
1493312400,1265.017,1266.78,1263.724,1264.429,5567,16
1493326800,1264.429,1265.342,1263.158,1264.0,2921,12
1493341200,1264.0,1265.995,1263.68,1265.777,2156,16
1493355600,1265.777,1267.459,1264.762,1267.129,2615,16
1493370000,1267.129,1268.62,1264.772,1266.688,7210,16
1493384400,1266.688,1268.334,1264.146,1266.995,12422,16
1493398800,1266.995,1268.594,1266.386,1268.229,4001,16
1493586000,1268.229,1271.295,1266.716,1267.424,2764,12
1493600400,1267.424,1267.874,1261.939,1263.818,3605,16
1493614800,1263.818,1263.818,1261.845,1262.8545,1477,16
1493629200,1262.8545,1265.3,1262.6195,1264.711,2339,16
1493643600,1264.711,1268.617,1254.232,1256.3665,16030,16
1493658000,1256.3665,1258.048,1254.274,1256.668,6574,16
1493672400,1256.668,1257.114,1255.664,1256.551,2868,12
1493686800,1256.551,1257.904,1256.29,1257.0945,2751,16
1493701200,1257.0945,1257.25,1253.78,1255.2565,4940,16
1493715600,1255.2565,1256.188,1252.274,1253.061,4531,16
1493730000,1253.061,1256.064,1251.986,1255.533,9588,16
1493744400,1255.533,1257.132,1255.143,1256.8795,3698,16
1493758800,1256.8795,1256.99,1255.726,1256.6465,1589,12
1493773200,1256.6465,1257.09,1255.491,1255.906,1504,16
1493787600,1255.906,1255.996,1252.682,1254.161,3942,16
1493802000,1254.161,1255.418,1251.224,1253.0225,8320,16
1493816400,1253.0225,1253.818,1245.386,1247.987,14492,16
1493830800,1247.987,1253.708,1235.91,1237.727,17858,16
1493845200,1237.727,1239.257,1237.378,1239.0215,2620,12
1493859600,1239.0215,1241.342,1239.0215,1240.1195,2977,16
1493874000,1240.1195,1240.238,1233.127,1235.676,7431,16
1493888400,1235.676,1236.491,1227.423,1228.489,8982,16
1493902800,1228.489,1232.416,1225.579,1230.243,15508,16
1493917200,1230.243,1230.558,1226.23,1227.8945,7563,16
1493931600,1227.8945,1229.242,1227.648,1228.7905,2239,12
1493946000,1228.7905,1234.946,1226.86,1232.61,6191,16
1493960400,1232.61,1235.1,1231.344,1233.3075,8231,16
1493974800,1233.3075,1235.708,1227.896,1229.491,11850,16
1493989200,1229.491,1230.343,1226.423,1228.146,13732,16
1494003600,1228.146,1230.138,1226.182,1228.368,4848,16
1494190800,1228.368,1234.844,1221.844,1232.627,6729,12
1494205200,1232.627,1232.627,1230.012,1231.676,2685,16
1494219600,1231.676,1232.118,1228.898,1230.723,3772,16
1494234000,1230.723,1236.652,1229.158,1230.3945,5829,16
1494248400,1230.3945,1231.31,1226.552,1227.2225,8769,16
1494262800,1227.2225,1228.904,1226.019,1226.019,4081,16
1494277200,1226.019,1228.671,1226.019,1227.297,2150,12
1494291600,1227.297,1228.69,1226.566,1227.802,2020,16
1494306000,1227.802,1228.512,1223.896,1224.924,5390,16
1494320400,1224.924,1226.601,1219.778,1221.3335,4992,16
1494334800,1221.3335,1221.848,1215.769,1217.252,8958,16
1494349200,1217.252,1225.262,1214.392,1221.049,9411,16
1494363600,1221.049,1224.752,1221.049,1223.386,4354,12
1494378000,1223.386,1223.976,1220.849,1222.4145,2974,16
1494392400,1222.4145,1225.371,1220.749,1223.205,3751,16
1494406800,1223.205,1225.786,1221.396,1223.553,4798,16
1494421200,1223.553,1225.469,1220.164,1220.565,8323,16
1494435600,1220.565,1220.914,1217.71,1219.06,5376,16
1494450000,1219.06,1219.58,1216.994,1218.61,1935,12
1494464400,1218.61,1221.233,1218.569,1220.065,1941,16
1494478800,1220.065,1222.723,1219.772,1221.373,2687,16
1494493200,1221.373,1224.299,1220.26,1221.236,4838,16
1494507600,1221.236,1227.851,1220.973,1225.0365,9881,16
1494522000,1225.0365,1226.28,1223.348,1225.0045,4506,16
1494536400,1225.0045,1225.937,1224.539,1224.823,1761,12
1494550800,1224.823,1227.113,1224.5,1226.79,1603,16
1494565200,1226.79,1229.827,1226.214,1229.0885,3107,16
1494579600,1229.0885,1231.64,1227.204,1231.447,6561,16
1494594000,1231.447,1231.872,1226.656,1227.3045,7938,16
1494608400,1227.3045,1228.908,1227.185,1228.021,2592,16
1494795600,1228.021,1230.636,1228.021,1228.301,2191,12
1494810000,1228.301,1231.15,1226.975,1231.091,2131,16
1494824400,1231.091,1232.846,1228.859,1230.163,3857,16
1494838800,1230.163,1236.384,1230.128,1236.329,5406,16
1494853200,1236.329,1237.441,1231.205,1231.77,8028,16
1494867600,1231.77,1232.25,1229.665,1230.4175,3113,16
1494882000,1230.4175,1231.867,1230.4175,1231.11,1589,12
1494896400,1231.11,1235.396,1231.006,1233.787,2999,16
1494910800,1233.787,1235.627,1232.886,1234.48,3571,16
1494925200,1234.48,1236.15,1233.593,1235.435,4160,16
1494939600,1235.435,1239.248,1233.881,1236.523,8513,16
1494954000,1236.523,1239.165,1236.35,1236.976,3217,16
1494968400,1236.976,1245.08,1236.552,1243.029,6630,12
1494982800,1243.029,1244.801,1241.503,1243.452,3711,16
1494997200,1243.452,1244.545,1241.065,1243.506,4815,16
1495011600,1243.506,1251.956,1243.416,1251.6745,6422,16
1495026000,1251.6745,1260.384,1251.323,1256.416,17875,16
1495040400,1256.416,1261.46,1256.179,1261.273,12127,16
1495054800,1261.273,1263.33,1257.864,1260.692,5861,12
1495069200,1260.692,1263.126,1258.711,1260.101,5324,16
1495083600,1260.101,1260.23,1253.858,1257.387,7991,16
1495098000,1257.387,1265.091,1256.59,1257.379,17197,16
1495112400,1257.379,1259.457,1249.428,1254.516,23256,16
1495126800,1254.516,1255.181,1246.028,1247.155,16819,16
1495141200,1247.155,1249.878,1246.43,1249.363,3236,12
1495155600,1249.363,1251.32,1247.492,1248.379,3756,16
1495170000,1248.379,1252.114,1247.474,1250.083,6586,16
1495184400,1250.083,1254.578,1249.904,1253.104,7295,16
1495198800,1253.104,1256.09,1249.502,1252.039,13877,16
1495213200,1252.039,1256.53,1251.88,1255.759,6988,16
1495400400,1255.759,1257.707,1254.356,1255.358,4068,12
1495414800,1255.358,1255.58,1251.857,1252.489,3143,16
1495429200,1252.489,1256.197,1252.404,1255.075,4887,16
1495443600,1255.075,1259.557,1254.828,1258.641,5656,16
1495458000,1258.641,1260.902,1256.752,1260.6,8176,16
1495472400,1260.6,1262.682,1259.761,1260.401,2973,16
1495486800,1260.401,1263.712,1259.838,1261.8845,3691,12
1495501200,1261.8845,1263.895,1261.259,1262.188,2094,16
1495515600,1262.188,1263.161,1258.19,1260.053,6996,16
1495530000,1260.053,1262.08,1258.875,1261.352,6431,16
1495544400,1261.352,1263.381,1252.702,1253.665,13724,16
1495558800,1253.665,1257.548,1250.749,1251.2295,7058,16
1495573200,1251.2295,1253.924,1250.466,1252.8775,3311,12
1495587600,1252.8775,1253.422,1251.28,1252.163,2307,16
1495602000,1252.163,1253.347,1247.979,1251.583,6112,16
1495616400,1251.583,1254.647,1251.344,1253.047,4655,16
1495630800,1253.047,1254.323,1249.984,1252.067,8326,16
1495645200,1252.067,1259.087,1251.29,1258.7105,16136,16
1495659600,1258.7105,1259.01,1256.545,1256.804,2213,12
1495674000,1256.804,1259.789,1256.39,1259.268,3009,16
1495688400,1259.268,1259.592,1256.921,1257.853,4374,16
1495702800,1257.853,1258.724,1254.606,1255.0595,4791,16
1495717200,1255.0595,1257.992,1253.861,1256.5405,9014,16
1495731600,1256.5405,1257.0,1254.98,1255.628,3276,16
1495746000,1255.628,1257.503,1253.264,1254.885,3713,12
1495760400,1254.885,1258.576,1254.537,1258.378,2540,16
1495774800,1258.378,1264.504,1257.779,1263.5775,5454,16
1495789200,1263.5775,1268.196,1263.5775,1265.93,7761,16
1495803600,1265.93,1268.218,1264.42,1267.211,8260,16
1495818000,1267.211,1269.543,1266.758,1266.928,2879,16
1496005200,1266.928,1269.268,1266.523,1266.901,2666,12
1496019600,1266.901,1267.678,1265.383,1266.2505,1245,16
1496034000,1266.2505,1267.827,1265.676,1267.444,1865,16
1496048400,1267.444,1267.981,1266.556,1266.658,1422,16
1496062800,1266.658,1267.865,1265.12,1266.8045,2080,16
1496091600,1266.8045,1267.922,1265.436,1267.8665,3165,12
1496106000,1267.8665,1270.644,1267.371,1267.913,2245,16
1496120400,1267.913,1268.988,1262.801,1264.17,4159,16
1496134800,1264.17,1265.422,1259.382,1261.8495,6322,16
1496149200,1261.8495,1264.78,1260.844,1262.359,8864,16
1496163600,1262.359,1263.956,1262.275,1262.956,2222,16
1496178000,1262.956,1263.456,1261.242,1261.619,1777,12
1496192400,1261.619,1262.336,1259.645,1260.232,2580,16
1496206800,1260.232,1264.496,1260.205,1263.481,3638,16
1496221200,1263.481,1267.472,1263.415,1266.2415,3546,16
1496235600,1266.2415,1270.075,1264.14,1269.8355,9632,16
1496250000,1269.8355,1274.215,1268.055,1268.8085,6652,16
1496264400,1268.8085,1269.622,1267.068,1267.3025,1739,12
1496278800,1267.3025,1270.387,1266.489,1268.2385,2601,16
1496293200,1268.2385,1268.268,1265.896,1266.812,3500,16
1496307600,1266.812,1267.91,1261.524,1264.232,5961,16
1496322000,1264.232,1265.734,1261.623,1263.8945,8830,16
1496336400,1263.8945,1269.014,1263.866,1265.8925,4387,16
1496350800,1265.8925,1266.345,1262.896,1263.572,2391,12
1496365200,1263.572,1263.749,1259.044,1261.177,2892,16
1496379600,1261.177,1262.693,1259.932,1261.105,2602,16
1496394000,1261.105,1276.275,1260.502,1273.797,11572,16
1496408400,1273.797,1279.142,1272.438,1276.108,14733,16
1496422800,1276.108,1279.677,1275.819,1279.29,4286,16
1496610000,1279.29,1281.454,1278.578,1280.3985,3076,12
1496624400,1280.3985,1282.129,1278.716,1280.615,3298,16
1496638800,1280.615,1282.15,1279.257,1281.3635,3194,16
1496653200,1281.3635,1283.534,1279.477,1280.906,3749,16
1496667600,1280.906,1281.755,1277.817,1279.164,5531,16
1496682000,1279.164,1280.696,1278.598,1279.4975,2252,16
1496696400,1279.4975,1281.428,1279.417,1280.991,1730,12
1496710800,1280.991,1285.182,1280.924,1284.6475,3467,16
1496725200,1284.6475,1290.058,1284.526,1288.5125,5038,16
1496739600,1288.5125,1293.759,1287.986,1292.485,6188,16
1496754000,1292.485,1296.208,1290.354,1293.0445,10175,16
1496768400,1293.0445,1295.242,1290.512,1294.134,5341,16
1496782800,1294.134,1295.36,1292.906,1292.9095,2088,12
1496797200,1292.9095,1293.406,1290.92,1291.312,2111,16
1496811600,1291.312,1293.746,1291.094,1293.1375,3654,16
1496826000,1293.1375,1293.648,1287.976,1291.3725,4754,16
1496840400,1291.3725,1294.341,1288.602,1290.928,10944,16
1496854800,1290.928,1291.356,1282.718,1286.886,7089,16
1496869200,1286.886,1287.501,1284.506,1285.477,2197,12
1496883600,1285.477,1287.32,1283.68,1285.526,3107,16
1496898000,1285.526,1289.076,1284.577,1285.2585,5278,16
1496912400,1285.2585,1285.828,1281.468,1283.334,8233,16
1496926800,1283.334,1284.19,1271.376,1276.798,16522,16
1496941200,1276.798,1280.626,1276.178,1277.7855,5732,16
1496955600,1277.7855,1282.025,1276.032,1278.6145,6007,12
1496970000,1278.6145,1278.746,1273.232,1275.132,5295,16
1496984400,1275.132,1275.796,1271.324,1273.529,6994,16
1496998800,1273.529,1275.228,1267.36,1267.5835,4783,16
1497013200,1267.5835,1269.718,1264.771,1267.898,8335,16
1497027600,1267.898,1271.014,1266.116,1266.732,7129,16
1497214800,1266.732,1269.913,1266.316,1269.7705,2759,12
1497229200,1269.7705,1270.226,1266.572,1267.8275,2748,16
1497243600,1267.8275,1270.314,1265.576,1270.039,3800,16
1497258000,1270.039,1270.435,1263.92,1264.705,4632,16
1497272400,1264.705,1268.668,1263.708,1267.174,9945,16
1497286800,1267.174,1267.778,1265.124,1265.9055,4553,16
1497301200,1265.9055,1266.318,1264.593,1265.1685,1590,12
1497315600,1265.1685,1267.244,1262.77,1266.153,2056,16
1497330000,1266.153,1266.769,1261.742,1262.324,2755,16
1497344400,1262.324,1264.463,1260.742,1260.967,3783,16
1497358800,1260.967,1265.481,1259.231,1265.199,6884,16
1497373200,1265.199,1269.048,1264.954,1266.5075,3236,16
1497387600,1266.5075,1268.516,1266.372,1268.507,1545,12
1497402000,1268.507,1270.196,1266.757,1268.724,2167,16
1497416400,1268.724,1269.882,1266.633,1268.417,2399,16
1497430800,1268.417,1276.656,1264.9,1276.503,8623,16
1497445200,1276.503,1279.565,1274.736,1275.733,14692,16
1497459600,1275.733,1281.204,1257.252,1261.2235,37171,16
1497474000,1261.2235,1264.284,1259.69,1263.595,4109,12
1497488400,1263.595,1266.753,1263.463,1264.4515,4197,16
1497502800,1264.4515,1264.4515,1260.641,1261.859,5174,16
1497517200,1261.859,1262.107,1251.534,1252.957,11982,16
1497531600,1252.957,1256.184,1251.77,1253.151,10698,16
1497546000,1253.151,1255.282,1252.648,1253.9715,3032,16
1497560400,1253.9715,1255.181,1253.272,1254.151,1407,12
1497574800,1254.151,1254.711,1251.986,1252.963,2569,16
1497589200,1252.963,1255.468,1251.881,1254.641,3544,16
1497603600,1254.641,1257.272,1253.828,1255.756,3832,16
1497618000,1255.756,1256.346,1253.626,1254.5835,8071,16
1497632400,1254.5835,1255.25,1253.064,1254.449,2764,16
1497819600,1254.449,1255.823,1253.009,1253.3225,2775,12
1497834000,1253.3225,1253.543,1251.24,1252.744,2110,16
1497848400,1252.744,1253.326,1249.301,1250.829,2802,16
1497862800,1250.829,1253.41,1248.432,1249.606,4387,16
1497877200,1249.606,1250.921,1246.551,1247.175,5876,16
1497891600,1247.175,1247.296,1243.069,1243.7325,2815,16
1497906000,1243.7325,1244.466,1242.957,1243.984,2047,12
1497920400,1243.984,1246.08,1243.898,1245.2645,1653,16
1497934800,1245.2645,1247.81,1245.021,1247.052,2244,16
1497949200,1247.052,1248.177,1243.875,1245.134,4380,16
1497963600,1245.134,1245.759,1241.405,1243.796,6805,16
1497978000,1243.796,1244.188,1242.064,1243.299,2786,16
1497992400,1243.299,1245.946,1242.912,1245.2015,1680,12
1498006800,1245.2015,1246.9765,1244.995,1246.577,1673,16
1498021200,1246.577,1246.848,1244.78,1246.402,2628,16
1498035600,1246.402,1247.892,1242.814,1243.124,4674,16
1498050000,1243.124,1247.023,1240.902,1245.428,7743,16
1498064400,1245.428,1247.401,1244.636,1246.516,3414,16
1498078800,1246.516,1251.16,1245.888,1250.877,3613,12
1498093200,1250.877,1253.986,1250.744,1252.763,3028,16
1498107600,1252.763,1255.078,1251.257,1252.0775,3373,16
1498122000,1252.0775,1254.112,1249.422,1253.718,4865,16
1498136400,1253.718,1253.932,1249.69,1250.9,6560,16
1498150800,1250.9,1251.112,1246.731,1250.599,3419,16
1498165200,1250.599,1252.378,1250.443,1251.079,1445,12
1498179600,1251.079,1252.558,1249.921,1252.137,1780,16
1498194000,1252.137,1258.428,1252.137,1257.27,3664,16
1498208400,1257.27,1258.912,1255.756,1257.662,3253,16
1498222800,1257.662,1258.027,1254.7,1255.181,4918,16
1498237200,1255.181,1256.933,1255.144,1256.7525,2125,16
1498424400,1256.7525,1258.272,1255.713,1256.093,1490,12
1498438800,1256.093,1256.216,1253.636,1254.272,1794,16
1498453200,1254.272,1255.16,1236.006,1242.666,12451,16
1498467600,1242.666,1244.731,1236.804,1243.348,10412,16
1498482000,1243.348,1245.707,1242.663,1243.9615,8010,16
1498496400,1243.9615,1246.197,1242.294,1244.617,3165,16
1498510800,1244.617,1244.782,1241.441,1242.225,1341,12
1498525200,1242.225,1245.746,1241.494,1245.151,1823,16
1498539600,1245.151,1253.324,1244.939,1251.3995,6356,16
1498554000,1251.3995,1252.103,1248.299,1249.2595,4236,16
1498568400,1249.2595,1251.732,1246.085,1246.814,8316,16
1498582800,1246.814,1250.866,1245.79,1247.1605,5459,16
1498597200,1247.1605,1250.051,1246.458,1249.4245,2249,12
1498611600,1249.4245,1253.592,1248.328,1251.457,3497,16
1498626000,1251.457,1254.621,1249.578,1253.124,5970,16
1498640400,1253.124,1255.1,1250.412,1251.815,8995,16
1498654800,1251.815,1253.122,1247.926,1249.518,10805,16
1498669200,1249.518,1250.43,1248.492,1249.2075,2687,16
1498683600,1249.2075,1251.068,1249.126,1249.8325,1792,12
1498698000,1249.8325,1253.296,1249.352,1251.591,2941,16
1498712400,1251.591,1253.13,1244.029,1247.0175,6336,16
1498726800,1247.0175,1247.841,1241.138,1241.3955,8207,16
1498741200,1241.3955,1247.515,1239.866,1245.8295,13480,16
1498755600,1245.8295,1247.232,1243.938,1245.364,6124,16
1498770000,1245.364,1247.271,1244.456,1245.263,2675,12
1498784400,1245.263,1248.374,1243.824,1246.486,4808,16
1498798800,1246.486,1246.744,1242.071,1244.5795,5693,16
1498813200,1244.5795,1245.066,1239.309,1241.5325,5857,16
1498827600,1241.5325,1245.337,1240.628,1242.4455,8318,16
1498842000,1242.4455,1243.116,1240.706,1242.118,3780,16
1499029200,1242.118,1242.826,1240.334,1240.4165,2184,12
1499043600,1240.4165,1240.576,1236.824,1237.901,3067,16
1499058000,1237.901,1238.353,1234.666,1235.761,3983,16
1499072400,1235.761,1236.177,1228.834,1229.795,4066,16
1499086800,1229.795,1229.88,1219.084,1220.2725,13359,16
1499101200,1220.2725,1222.542,1218.661,1220.307,3764,16
1499115600,1220.307,1225.331,1220.307,1225.0595,2190,12
1499130000,1225.0595,1225.132,1220.66,1223.2,3481,16
1499144400,1223.2,1226.647,1223.2,1225.317,5994,16
1499158800,1225.317,1225.651,1223.77,1225.061,2042,16
1499173200,1225.061,1225.061,1222.52,1223.368,2376,16
1499202000,1223.368,1227.418,1223.352,1225.918,2392,12
1499216400,1225.918,1228.945,1225.708,1226.099,2944,16
1499230800,1226.099,1226.534,1221.629,1222.38,4886,16
1499245200,1222.38,1223.307,1217.227,1218.291,6457,16
1499259600,1218.291,1224.44,1218.192,1223.2995,8170,16
1499274000,1223.2995,1227.367,1220.064,1226.929,9265,16
1499288400,1226.929,1229.301,1224.894,1227.4595,4845,12
1499302800,1227.4595,1228.013,1223.964,1226.44,3801,16
1499317200,1226.44,1226.742,1223.224,1224.8285,3204,16
1499331600,1224.8285,1227.532,1222.751,1225.4825,8191,16
1499346000,1225.4825,1226.89,1222.62,1223.6215,9514,16
1499360400,1223.6215,1225.494,1222.976,1225.2015,3177,16
1499374800,1225.2015,1225.836,1219.127,1222.5225,8012,12
1499389200,1222.5225,1223.834,1219.222,1220.807,4531,16
1499403600,1220.807,1222.638,1219.898,1221.525,3231,16
1499418000,1221.525,1228.704,1217.627,1221.1015,12946,16
1499432400,1221.1015,1221.839,1207.416,1211.595,14512,16
1499446800,1211.595,1213.243,1209.374,1212.935,2990,16
1499634000,1212.935,1213.996,1211.536,1213.469,2894,12
1499648400,1213.469,1213.511,1210.382,1211.091,2462,16
1499662800,1211.091,1211.724,1204.89,1207.755,5979,16
1499677200,1207.755,1215.723,1206.84,1210.181,6315,16
1499691600,1210.181,1215.21,1207.534,1211.876,8174,16
1499706000,1211.876,1214.788,1211.699,1214.2845,2280,16
1499720400,1214.2845,1216.574,1211.912,1212.8375,3193,12
1499734800,1212.8375,1213.296,1210.524,1211.062,2408,16
1499749200,1211.062,1212.579,1209.577,1210.384,3282,16
1499763600,1210.384,1213.044,1209.141,1212.1175,3115,16
1499778000,1212.1175,1217.55,1208.304,1215.8345,9901,16
1499792400,1215.8345,1217.526,1214.458,1217.4555,4304,16
1499806800,1217.4555,1220.148,1216.622,1219.307,2743,12
1499821200,1219.307,1220.538,1218.258,1219.86,3361,16
1499835600,1219.86,1220.674,1217.623,1218.562,3524,16
1499850000,1218.562,1225.757,1213.534,1224.7735,9764,16
1499864400,1224.7735,1225.85,1218.496,1221.412,12969,16
1499878800,1221.412,1221.772,1219.032,1220.4045,3345,16
1499893200,1220.4045,1220.581,1217.996,1220.348,2264,12
1499907600,1220.348,1224.002,1220.132,1223.321,2827,16
1499922000,1223.321,1224.544,1221.294,1221.655,3550,16
1499936400,1221.655,1223.236,1218.93,1220.499,5361,16
1499950800,1220.499,1221.149,1216.66,1218.126,8049,16
1499965200,1218.126,1219.474,1217.153,1217.5,2542,16
1499979600,1217.5,1218.667,1215.138,1217.031,2602,12
1499994000,1217.031,1217.19,1214.91,1216.725,2549,16
1500008400,1216.725,1219.573,1216.548,1219.1285,2557,16
1500022800,1219.1285,1232.737,1218.698,1231.8255,9551,16
1500037200,1231.8255,1233.042,1226.763,1228.4855,10336,16
1500051600,1228.4855,1229.471,1227.708,1228.971,2317,16
1500238800,1228.971,1231.566,1228.282,1231.264,1946,12
1500253200,1231.264,1232.36,1230.17,1230.6975,2432,16
1500267600,1230.6975,1231.745,1229.441,1230.5165,3118,16
1500282000,1230.5165,1235.565,1229.584,1234.216,4406,16
1500296400,1234.216,1236.122,1232.972,1234.361,6132,16
1500310800,1234.361,1235.7,1233.593,1234.0455,2050,16
1500325200,1234.0455,1235.292,1232.85,1235.244,1474,12
1500339600,1235.244,1238.334,1235.052,1237.901,3579,16
1500354000,1237.901,1238.998,1235.292,1236.038,3384,16
1500368400,1236.038,1242.638,1235.943,1241.436,6394,16
1500382800,1241.436,1244.411,1239.971,1242.213,8440,16
1500397200,1242.213,1244.622,1241.645,1242.4145,2470,16
1500411600,1242.4145,1243.542,1242.07,1242.479,1237,12
1500426000,1242.479,1242.479,1240.637,1241.303,1556,16
1500440400,1241.303,1241.503,1235.616,1238.811,3943,16
1500454800,1238.811,1244.138,1238.582,1243.319,4043,16
1500469200,1243.319,1244.054,1239.439,1242.402,5825,16
1500483600,1242.402,1242.745,1240.824,1241.233,1705,16
1500498000,1241.233,1242.612,1239.78,1240.596,1178,12
1500512400,1240.596,1240.701,1237.568,1238.837,2985,16
1500526800,1238.837,1240.131,1236.616,1237.92,2743,16
1500541200,1237.92,1241.207,1235.363,1241.065,6619,16
1500555600,1241.065,1247.62,1237.526,1246.314,11612,16
1500570000,1246.314,1246.757,1242.802,1244.559,3128,16
1500584400,1244.559,1244.936,1243.421,1243.9455,1539,12
1500598800,1243.9455,1246.011,1243.504,1245.3945,2182,16
1500613200,1245.3945,1248.457,1244.988,1246.935,3098,16
1500627600,1246.935,1252.182,1246.916,1251.595,4015,16
1500642000,1251.595,1253.979,1249.013,1253.8515,5748,16
1500656400,1253.8515,1255.7625,1253.488,1254.9845,2612,16
1500843600,1254.9845,1257.234,1253.492,1255.8615,2345,12
1500858000,1255.8615,1255.952,1253.731,1254.1725,2635,16
1500872400,1254.1725,1256.83,1252.006,1256.019,4341,16
1500886800,1256.019,1258.867,1255.511,1258.23,3700,16
1500901200,1258.23,1258.23,1253.729,1255.2115,5682,16
1500915600,1255.2115,1255.58,1253.977,1255.1695,1994,16
1500930000,1255.1695,1256.576,1252.924,1253.5145,2140,12
1500944400,1253.5145,1256.364,1253.122,1256.064,2019,16
1500958800,1256.064,1257.843,1251.294,1253.1505,4900,16
1500973200,1253.1505,1253.574,1249.178,1251.4505,5216,16
1500987600,1251.4505,1255.162,1249.642,1251.0535,7712,16
1501002000,1251.0535,1252.5,1249.594,1250.1895,3789,16
1501016400,1250.1895,1250.735,1246.514,1248.9435,2599,12
1501030800,1248.9435,1249.094,1246.255,1247.0765,2198,16
1501045200,1247.0765,1247.118,1243.821,1245.363,3491,16
1501059600,1245.363,1248.293,1245.272,1246.812,3191,16
1501074000,1246.812,1249.592,1246.032,1248.2265,5904,16
1501088400,1248.2265,1263.62,1248.2265,1261.012,16471,16
1501102800,1261.012,1262.996,1259.633,1261.5765,3129,12
1501117200,1261.5765,1265.046,1261.406,1263.266,4320,16
1501131600,1263.266,1264.46,1260.916,1262.4165,4816,16
1501146000,1262.4165,1265.366,1261.292,1263.466,4824,16
1501160400,1263.466,1263.854,1254.584,1259.21,8062,16
1501174800,1259.21,1262.504,1257.934,1259.2015,8524,16
1501189200,1259.2015,1261.099,1258.532,1260.029,2160,12
1501203600,1260.029,1260.402,1257.459,1257.872,1902,16
1501218000,1257.872,1260.606,1257.872,1259.187,4145,16
1501232400,1259.187,1267.455,1258.219,1263.67,8051,16
1501246800,1263.67,1270.51,1262.296,1268.787,13780,16
1501261200,1268.787,1270.962,1268.314,1269.5595,3404,16
1501448400,1269.5595,1271.232,1268.91,1269.475,2798,12
1501462800,1269.475,1269.732,1267.076,1268.308,2693,16
1501477200,1268.308,1269.496,1265.877,1267.1195,3110,16
1501491600,1267.1195,1269.42,1266.442,1267.827,3745,16
1501506000,1267.827,1269.896,1266.498,1267.9175,5912,16
1501520400,1267.9175,1270.401,1267.062,1269.507,3277,16
1501534800,1269.507,1270.108,1267.148,1268.8125,3001,12
1501549200,1268.8125,1270.852,1267.472,1270.1685,2861,16
1501563600,1270.1685,1270.748,1268.091,1268.7095,2869,16
1501578000,1268.7095,1268.838,1262.556,1267.489,5564,16
1501592400,1267.489,1274.204,1266.181,1272.838,12122,16
1501606800,1272.838,1274.064,1268.658,1268.8275,3528,16
1501621200,1268.8275,1271.208,1266.414,1267.905,4451,12
1501635600,1267.905,1268.678,1264.228,1265.2945,3252,16
1501650000,1265.2945,1267.85,1264.616,1266.734,3385,16
1501664400,1266.734,1268.686,1262.998,1264.714,6336,16
1501678800,1264.714,1272.462,1264.618,1272.09,8814,16
1501693200,1272.09,1272.948,1266.004,1266.673,3998,16
1501707600,1266.673,1267.083,1256.248,1262.097,4245,12
1501722000,1262.097,1264.35,1261.71,1262.509,2580,16
1501736400,1262.509,1263.354,1259.974,1262.126,3888,16
1501750800,1262.126,1268.618,1261.83,1266.5575,7338,16
1501765200,1266.5575,1269.85,1265.34,1268.0865,10119,16
1501779600,1268.0865,1270.88,1267.71,1268.625,4770,16
1501794000,1268.625,1270.338,1268.014,1269.0665,3250,12
1501808400,1269.0665,1269.152,1267.338,1268.2065,2041,16
1501822800,1268.2065,1270.281,1267.868,1269.1985,3278,16
1501837200,1269.1985,1269.974,1260.752,1261.9335,10565,16
1501851600,1261.9335,1263.288,1254.271,1257.4225,15647,16
1501866000,1257.4225,1259.645,1257.056,1259.177,3186,16
1502053200,1259.177,1259.338,1256.596,1257.785,2992,12
1502067600,1257.785,1259.13,1257.531,1258.191,2084,16
1502082000,1258.191,1258.684,1257.232,1258.166,2754,16
1502096400,1258.166,1258.524,1255.829,1256.624,4035,16
1502110800,1256.624,1260.017,1256.128,1259.0965,4869,16
1502125200,1259.0965,1260.039,1257.224,1257.8285,1581,16
1502139600,1257.8285,1259.085,1257.076,1258.3115,1801,12
1502154000,1258.3115,1261.054,1258.25,1260.212,2085,16
1502168400,1260.212,1261.43,1259.222,1260.727,2365,16
1502182800,1260.727,1265.346,1260.684,1262.322,4669,16
1502197200,1262.322,1263.579,1251.614,1256.237,12653,16
1502211600,1256.237,1263.054,1253.82,1260.7385,7452,16
1502226000,1260.7385,1267.266,1260.7385,1266.087,4329,12
1502240400,1266.087,1266.75,1263.605,1264.7415,4563,16
1502254800,1264.7415,1269.241,1264.473,1268.3585,6200,16
1502269200,1268.3585,1276.607,1266.63,1274.953,8866,16
1502283600,1274.953,1275.252,1270.485,1272.947,14325,16
1502298000,1272.947,1278.788,1271.258,1277.3845,6518,16
1502312400,1277.3845,1278.232,1274.745,1275.741,3645,12
1502326800,1275.741,1277.477,1274.768,1276.959,3647,16
1502341200,1276.959,1280.668,1276.604,1278.34,6141,16
1502355600,1278.34,1284.873,1277.934,1284.6865,7408,16
1502370000,1284.6865,1287.925,1283.607,1284.3375,14892,16
1502384400,1284.3375,1286.862,1283.832,1286.4595,5787,16
1502398800,1286.4595,1288.705,1285.78,1288.066,2742,12
1502413200,1288.066,1289.112,1283.968,1286.008,4891,16
1502427600,1286.008,1288.9485,1283.989,1288.2805,6082,16
1502442000,1288.2805,1292.354,1283.312,1286.1575,13741,16
1502456400,1286.1575,1288.464,1281.356,1287.105,17014,16
1502470800,1287.105,1291.842,1286.86,1289.36,6209,16
1502658000,1289.36,1290.042,1286.665,1286.908,3938,12
1502672400,1286.908,1289.661,1285.472,1286.68,4351,16
1502686800,1286.68,1287.588,1280.257,1281.453,7021,16
1502701200,1281.453,1284.248,1278.685,1281.641,6180,16
1502715600,1281.641,1285.631,1279.888,1285.131,9766,16
1502730000,1285.131,1285.613,1280.346,1281.8475,5879,16
1502744400,1281.8475,1282.182,1277.768,1278.438,3864,12
1502758800,1278.438,1278.478,1272.407,1275.0135,4358,16
1502773200,1275.0135,1276.254,1272.749,1274.8655,6737,16
1502787600,1274.8655,1275.46,1267.806,1268.276,9216,16
1502802000,1268.276,1274.267,1267.397,1273.8255,11697,16
1502816400,1273.8255,1275.176,1271.129,1271.3675,4225,16
1502830800,1271.3675,1273.5,1271.322,1271.9905,2416,12
1502845200,1271.9905,1274.152,1271.268,1273.4145,2378,16
1502859600,1273.4145,1273.53,1269.314,1270.449,5642,16
1502874000,1270.449,1273.251,1269.338,1269.4175,5408,16
1502888400,1269.4175,1275.101,1267.734,1274.7385,9463,16
1502902800,1274.7385,1283.921,1274.722,1283.1535,17782,16
1502917200,1283.1535,1285.834,1282.456,1285.3965,2808,12
1502931600,1285.3965,1289.504,1285.3965,1287.4565,5053,16
1502946000,1287.4565,1290.253,1286.262,1287.17,7066,16
1502960400,1287.17,1287.536,1283.126,1284.5615,11641,16
1502974800,1284.5615,1289.706,1281.254,1286.968,22164,16
1502989200,1286.968,1289.326,1284.742,1287.897,8196,16
1503003600,1287.897,1289.462,1287.18,1287.9205,3564,12
1503018000,1287.9205,1288.593,1285.996,1288.104,3382,16
1503032400,1288.104,1295.568,1286.813,1295.324,9641,16
1503046800,1295.324,1298.0,1294.417,1296.595,9330,16
1503061200,1296.595,1300.926,1283.474,1286.3945,33757,16
1503075600,1286.3945,1289.596,1284.414,1284.523,11448,16
1503262800,1284.523,1285.661,1280.613,1283.2495,4194,12
1503277200,1283.2495,1286.701,1281.762,1285.863,3760,16
1503291600,1285.863,1289.279,1284.494,1287.964,6631,16
1503306000,1287.964,1289.369,1286.719,1288.304,6236,16
1503320400,1288.304,1294.081,1288.138,1291.585,16873,16
1503334800,1291.585,1293.325,1290.696,1291.988,5023,16
1503349200,1291.988,1292.608,1289.8,1290.1665,3751,12
1503363600,1290.1665,1290.395,1287.43,1288.7985,2851,16
1503378000,1288.7985,1288.7985,1283.148,1285.125,6250,16
1503392400,1285.125,1287.036,1284.386,1286.677,6703,16
1503406800,1286.677,1291.23,1282.053,1286.3685,14261,16
1503421200,1286.3685,1286.561,1284.182,1285.0845,3447,16
1503435600,1285.0845,1285.254,1282.834,1284.491,2806,12
1503450000,1284.491,1286.832,1282.846,1285.595,3726,16
1503464400,1285.595,1287.348,1284.974,1286.261,5656,16
1503478800,1286.261,1291.598,1285.875,1289.265,6377,16
1503493200,1289.265,1290.23,1286.798,1287.6075,12205,16
1503507600,1287.6075,1290.7805,1287.507,1290.7325,3599,16
1503522000,1290.7325,1291.298,1288.268,1288.268,2499,12
1503536400,1288.268,1289.186,1287.162,1288.672,2527,16
1503550800,1288.672,1290.234,1284.492,1286.0235,6204,16
1503565200,1286.0235,1289.1,1285.244,1287.096,6168,16
1503579600,1287.096,1290.249,1284.881,1287.354,13055,16
1503594000,1287.354,1288.51,1285.362,1286.519,4254,16
1503608400,1286.519,1287.198,1285.25,1285.735,1873,12
1503622800,1285.735,1287.107,1285.414,1287.008,1805,16
1503637200,1287.008,1288.624,1285.962,1287.5595,4872,16
1503651600,1287.5595,1288.232,1285.574,1286.775,5427,16
1503666000,1286.775,1295.152,1276.196,1292.7275,38682,16
1503680400,1292.7275,1293.324,1289.966,1291.443,9438,16
1503867600,1291.443,1294.954,1291.443,1293.741,4600,12
1503882000,1293.741,1294.997,1293.466,1294.3155,2003,16
1503896400,1294.3155,1299.289,1294.008,1296.975,6604,16
1503910800,1296.975,1299.582,1296.37,1298.979,5119,16
1503925200,1298.979,1307.698,1297.187,1307.456,12825,16
1503939600,1307.456,1312.21,1307.174,1310.0,5738,16
1503954000,1310.0,1324.967,1310.0,1315.99,20303,12
1503968400,1315.99,1318.492,1314.057,1316.449,6495,16
1503982800,1316.449,1326.132,1316.105,1324.565,16737,16
1503997200,1324.565,1325.609,1318.931,1322.129,15548,16
1504011600,1322.129,1324.312,1312.688,1314.211,22126,16
1504026000,1314.211,1316.182,1305.06,1309.548,13053,16
1504040400,1309.548,1312.001,1307.728,1309.181,4856,12
1504054800,1309.181,1313.533,1309.062,1311.882,5074,16
1504069200,1311.882,1312.362,1306.368,1310.1995,10344,16
1504083600,1310.1995,1313.777,1305.206,1307.6975,15113,16
1504098000,1307.6975,1311.232,1306.368,1308.4485,15463,16
1504112400,1308.4485,1309.494,1306.756,1308.8095,4863,16
1504126800,1308.8095,1309.178,1306.587,1307.495,2597,12
1504141200,1307.495,1308.001,1297.876,1303.5375,6544,16
1504155600,1303.5375,1308.287,1302.44,1307.4225,7849,16
1504170000,1307.4225,1312.184,1305.059,1309.088,12531,16
1504184400,1309.088,1318.844,1308.048,1316.97,21167,16
1504198800,1316.97,1323.69,1316.263,1321.37,7631,16
1504213200,1321.37,1322.196,1320.298,1321.1155,2479,12
1504227600,1321.1155,1321.1155,1318.517,1319.494,2714,16
1504242000,1319.494,1320.232,1317.806,1318.8355,4832,16
1504256400,1318.8355,1329.053,1317.866,1321.7225,22099,16
1504270800,1321.7225,1326.818,1316.452,1322.526,29736,16
1504285200,1322.526,1326.793,1322.286,1324.876,6761,16
1504472400,1324.876,1339.127,1324.876,1335.51,8292,12
1504486800,1335.51,1335.693,1331.952,1333.9505,6916,16
1504501200,1333.9505,1340.038,1332.273,1336.09,10929,16
1504515600,1336.09,1336.786,1333.298,1334.086,5887,16
1504530000,1334.086,1336.012,1332.714,1334.5905,5604,16
1504558800,1334.5905,1335.15,1332.292,1334.3375,3160,12
1504573200,1334.3375,1338.703,1333.08,1336.416,7833,16
1504587600,1336.416,1336.974,1329.382,1331.624,9515,16
1504602000,1331.624,1334.114,1326.267,1331.288,12110,16
1504616400,1331.288,1339.043,1329.792,1337.6195,20905,16
1504630800,1337.6195,1344.421,1336.756,1339.678,11363,16
1504645200,1339.678,1342.502,1338.917,1340.647,4128,12
1504659600,1340.647,1340.77,1337.47,1338.5705,3360,16
1504674000,1338.5705,1340.015,1336.406,1339.4,6910,16
1504688400,1339.4,1342.005,1337.592,1339.3915,9897,16
1504702800,1339.3915,1341.101,1333.131,1333.3285,22090,16
1504717200,1333.3285,1335.838,1331.64,1334.1595,10364,16
1504731600,1334.1595,1336.06,1332.594,1333.501,3786,12
1504746000,1333.501,1335.796,1332.634,1334.976,3119,16
1504760400,1334.976,1339.222,1334.124,1338.816,6875,16
1504774800,1338.816,1348.751,1338.14,1343.963,15731,16
1504789200,1343.963,1349.484,1338.834,1342.9035,24847,16
1504803600,1342.9035,1349.822,1342.9035,1349.056,8165,16
1504818000,1349.056,1350.679,1347.496,1349.646,3984,12
1504832400,1349.646,1354.064,1347.64,1353.9335,8844,16
1504846800,1353.9335,1357.624,1351.139,1351.608,17356,16
1504861200,1351.608,1355.496,1347.463,1348.954,11956,16
1504875600,1348.954,1350.02,1342.874,1346.98,19603,16
1504890000,1346.98,1348.114,1345.744,1346.7815,4887,16
1505077200,1346.7815,1346.7815,1333.995,1337.3895,7454,12
1505091600,1337.3895,1338.913,1335.68,1337.5485,4183,16
1505106000,1337.5485,1338.374,1334.413,1338.2645,7727,16
1505120400,1338.2645,1339.161,1331.536,1332.777,9316,16
1505134800,1332.777,1335.986,1331.655,1333.54,11044,16
1505149200,1333.54,1333.675,1326.43,1327.803,5989,16
1505163600,1327.803,1329.28,1324.562,1325.2105,3174,12
1505178000,1325.2105,1326.572,1323.333,1324.2755,3416,16
1505192400,1324.2755,1328.774,1323.462,1326.49,7041,16
1505206800,1326.49,1329.404,1322.678,1325.5795,9878,16
1505221200,1325.5795,1328.76,1325.037,1328.3,12257,16
1505235600,1328.3,1332.115,1327.123,1331.9505,6050,16
1505250000,1331.9505,1334.856,1330.458,1330.898,3165,12
1505264400,1330.898,1333.326,1329.573,1331.024,3017,16
1505278800,1331.024,1334.138,1329.418,1332.552,5872,16
1505293200,1332.552,1334.745,1331.102,1331.729,6872,16
1505307600,1331.729,1331.777,1320.898,1321.59,15942,16
1505322000,1321.59,1324.916,1321.194,1323.2605,6884,16
1505336400,1323.2605,1323.874,1319.208,1320.145,2670,12
1505350800,1320.145,1322.694,1319.45,1322.242,3537,16
1505365200,1322.242,1324.69,1320.11,1323.058,6170,16
1505379600,1323.058,1327.861,1315.683,1324.753,23824,16
1505394000,1324.753,1326.196,1321.651,1324.8015,14915,16
1505408400,1324.8015,1330.722,1324.706,1329.5075,7059,16
1505422800,1329.5075,1334.467,1328.84,1331.7825,7832,12
1505437200,1331.7825,1332.338,1328.685,1329.715,4267,16
1505451600,1329.715,1331.043,1325.085,1327.7375,9619,16
1505466000,1327.7375,1328.332,1321.464,1326.553,18097,16
1505480400,1326.553,1327.546,1319.744,1322.5045,15801,16
1505494800,1322.5045,1322.736,1319.916,1320.66,3510,16
1505682000,1320.66,1320.66,1314.418,1317.336,3271,12
1505696400,1317.336,1319.731,1317.042,1317.9685,2895,16
1505710800,1317.9685,1318.444,1312.434,1315.5035,6971,16
1505725200,1315.5035,1316.188,1311.142,1311.903,7169,16
1505739600,1311.903,1312.937,1305.388,1306.763,9862,16
1505754000,1306.763,1309.041,1304.706,1307.4585,4029,16
1505768400,1307.4585,1309.548,1307.4585,1308.8565,2119,12
1505782800,1308.8565,1309.967,1306.324,1307.3295,4799,16
1505797200,1307.3295,1309.851,1306.398,1308.775,7708,16
1505811600,1308.775,1309.298,1306.818,1308.577,9125,16
1505826000,1308.577,1310.928,1305.186,1306.6225,12339,16
1505840400,1306.6225,1311.795,1306.318,1311.1955,3865,16
1505854800,1311.1955,1311.74,1309.988,1310.327,1459,12
1505869200,1310.327,1313.042,1309.732,1312.6095,3083,16
1505883600,1312.6095,1315.434,1311.664,1314.3,4776,16
1505898000,1314.3,1316.148,1310.956,1311.387,5371,16
1505912400,1311.387,1314.988,1310.95,1313.3475,7650,16
1505926800,1313.3475,1316.292,1296.06,1301.1225,37081,16
1505941200,1301.1225,1301.986,1295.796,1299.1405,4281,12
1505955600,1299.1405,1300.977,1297.57,1298.401,5432,16
1505970000,1298.401,1298.71,1293.359,1297.5275,9994,16
1505984400,1297.5275,1297.714,1288.15,1289.782,11594,16
1505998800,1289.782,1295.18,1289.09,1293.3235,15280,16
1506013200,1293.3235,1294.024,1290.252,1291.4095,4582,16
1506027600,1291.4095,1294.228,1291.36,1293.8665,2310,12
1506042000,1293.8665,1298.868,1293.488,1297.8645,6438,16
1506056400,1297.8645,1298.23,1295.626,1296.0,7591,16
1506070800,1296.0,1297.57,1293.454,1294.86,8407,16
1506085200,1294.86,1298.53,1293.78,1294.8465,9259,16
1506099600,1294.8465,1297.791,1294.158,1297.293,3349,16
1506286800,1297.293,1298.034,1289.099,1292.1995,5450,12
1506301200,1292.1995,1294.737,1291.544,1293.645,3663,16
1506315600,1293.645,1294.424,1290.926,1293.2915,6049,16
1506330000,1293.2915,1296.548,1290.843,1293.0055,8603,16
1506344400,1293.0055,1310.326,1291.502,1310.178,21402,16
1506358800,1310.178,1312.508,1307.73,1310.511,6832,16
1506373200,1310.511,1310.7,1307.424,1309.877,3380,12
1506387600,1309.877,1313.809,1308.825,1312.9235,3705,16
1506402000,1312.9235,1313.01,1304.934,1305.718,8447,16
1506416400,1305.718,1307.112,1298.588,1298.8385,9654,16
1506430800,1298.8385,1302.818,1293.547,1296.754,17086,16
1506445200,1296.754,1300.35,1292.286,1293.7255,10012,16
1506459600,1293.7255,1294.806,1290.773,1293.5105,3830,12
1506474000,1293.5105,1296.344,1293.5105,1294.0745,3639,16
1506488400,1294.0745,1295.712,1285.542,1289.3975,10696,16
1506502800,1289.3975,1294.058,1282.544,1284.385,12973,16
1506517200,1284.385,1289.337,1282.708,1285.78,18475,16
1506531600,1285.78,1286.891,1281.58,1282.9155,8651,16
1506546000,1282.9155,1285.024,1282.806,1283.803,2669,12
1506560400,1283.803,1284.659,1280.488,1280.6165,4853,16
1506574800,1280.6165,1282.804,1277.806,1282.11,9825,16
1506589200,1282.11,1286.342,1280.794,1283.267,9254,16
1506603600,1283.267,1288.024,1282.108,1287.4195,11830,16
1506618000,1287.4195,1288.746,1285.681,1287.4415,4694,16
1506632400,1287.4415,1287.972,1285.967,1286.639,2305,12
1506646800,1286.639,1286.89,1283.891,1285.423,2733,16
1506661200,1285.423,1289.455,1283.632,1287.3865,6829,16
1506675600,1287.3865,1290.503,1285.256,1288.694,6905,16
1506690000,1288.694,1289.254,1281.692,1283.4705,16894,16
1506704400,1283.4705,1284.414,1275.633,1280.081,6664,16
1506891600,1280.081,1280.27,1274.277,1275.4495,4568,12
1506906000,1275.4495,1276.029,1273.628,1275.2745,2610,16
1506920400,1275.2745,1275.2745,1271.204,1274.484,6228,16
1506934800,1274.484,1275.89,1272.035,1275.324,6888,16
1506949200,1275.324,1277.346,1271.974,1274.408,13183,16
1506963600,1274.408,1275.108,1269.77,1271.1555,4765,16
1506978000,1271.1555,1273.068,1270.044,1270.1055,2027,12
1506992400,1270.1055,1270.734,1268.418,1269.3535,4043,16
1507006800,1269.3535,1272.546,1268.644,1270.359,5677,16
1507021200,1270.359,1271.832,1269.306,1270.382,4303,16
1507035600,1270.382,1274.784,1270.213,1273.196,6953,16
1507050000,1273.196,1273.413,1270.654,1271.78,2729,16
1507064400,1271.78,1275.613,1271.456,1275.372,2336,12
1507078800,1275.372,1276.265,1274.478,1275.445,1616,16
1507093200,1275.445,1278.7,1275.034,1275.63,4202,16
1507107600,1275.63,1282.32,1275.224,1277.3415,7254,16
1507122000,1277.3415,1277.554,1270.588,1273.7425,12882,16
1507136400,1273.7425,1276.352,1272.411,1274.726,3223,16
1507150800,1274.726,1275.711,1273.112,1274.7065,1833,12
1507165200,1274.7065,1275.31,1273.282,1275.116,1280,16
1507179600,1275.116,1278.94,1273.375,1278.552,4086,16
1507194000,1278.552,1279.026,1275.804,1276.924,5114,16
1507208400,1276.924,1277.839,1272.032,1272.527,10338,16
1507222800,1272.527,1272.642,1266.498,1268.268,5321,16
1507237200,1268.268,1269.448,1267.722,1269.0235,1782,12
1507251600,1269.0235,1269.767,1267.136,1268.127,2015,16
1507266000,1268.127,1269.346,1267.262,1268.383,3634,16
1507280400,1268.383,1271.191,1263.412,1264.781,13935,16
1507294800,1264.781,1275.71,1260.668,1273.517,22857,16
1507309200,1273.517,1276.971,1272.166,1276.372,4417,16
1507496400,1276.372,1277.856,1275.331,1276.065,2377,12
1507510800,1276.065,1285.12,1276.065,1282.81,5080,16
1507525200,1282.81,1285.592,1279.676,1282.425,5191,16
1507539600,1282.425,1284.17,1279.906,1280.442,3815,16
1507554000,1280.442,1282.291,1279.464,1281.4265,4750,16
1507568400,1281.4265,1285.26,1281.32,1283.9735,2546,16
1507582800,1283.9735,1284.406,1282.21,1283.203,1751,12
1507597200,1283.203,1288.348,1282.731,1287.3395,5600,16
1507611600,1287.3395,1289.562,1285.722,1288.8045,6010,16
1507626000,1288.8045,1292.869,1288.565,1289.2235,7086,16
1507640400,1289.2235,1294.306,1288.268,1290.4065,9917,16
1507654800,1290.4065,1292.122,1287.782,1287.7845,4926,16
1507669200,1287.7845,1291.436,1287.7845,1290.2335,1852,12
1507683600,1290.2335,1291.738,1286.745,1287.571,4411,16
1507698000,1287.571,1290.566,1287.15,1289.996,5279,16
1507712400,1289.996,1291.409,1288.615,1291.136,4954,16
1507726800,1291.136,1291.282,1284.677,1286.282,9339,16
1507741200,1286.282,1293.688,1284.644,1291.8165,11061,16
1507755600,1291.8165,1294.21,1291.542,1293.549,2745,12
1507770000,1293.549,1295.516,1291.981,1294.904,4026,16
1507784400,1294.904,1297.565,1294.602,1296.005,4039,16
1507798800,1296.005,1296.388,1290.818,1292.2865,6130,16
1507813200,1292.2865,1294.005,1289.71,1293.295,7962,16
1507827600,1293.295,1295.312,1292.7955,1293.54,3815,16
1507842000,1293.54,1294.776,1293.366,1294.4075,1504,12
1507856400,1294.4075,1296.829,1294.15,1295.7435,3228,16
1507870800,1295.7435,1298.516,1293.734,1294.604,5648,16
1507885200,1294.604,1302.553,1291.084,1300.509,10809,16
1507899600,1300.509,1302.874,1298.458,1301.2155,12312,16
1507914000,1301.2155,1304.299,1300.774,1303.797,4453,16
1508101200,1303.797,1304.69,1301.768,1302.571,2699,12
1508115600,1302.571,1303.1095,1301.128,1302.15,2896,16
1508130000,1302.15,1305.886,1301.985,1303.8215,4533,16
1508144400,1303.8215,1306.138,1303.8215,1305.583,4098,16
1508158800,1305.583,1305.794,1302.823,1303.652,7059,16
1508173200,1303.652,1303.652,1290.581,1295.074,10444,16
1508187600,1295.074,1296.375,1293.28,1293.865,1806,12
1508202000,1293.865,1295.284,1292.171,1292.7675,3729,16
1508216400,1292.7675,1293.042,1287.974,1289.4905,5761,16
1508230800,1289.4905,1290.26,1283.872,1284.193,7146,16
1508245200,1284.193,1286.484,1281.414,1285.06,10473,16
1508259600,1285.06,1287.576,1284.026,1285.131,3703,16
1508274000,1285.131,1286.992,1284.906,1286.6885,1764,12
1508288400,1286.6885,1288.889,1285.734,1286.4845,2636,16
1508302800,1286.4845,1286.706,1280.592,1281.155,6342,16
1508317200,1281.155,1281.632,1276.99,1280.0315,7549,16
1508331600,1280.0315,1283.619,1279.56,1281.1595,8459,16
1508346000,1281.1595,1282.192,1280.458,1281.1075,2751,16
1508360400,1281.1075,1281.83,1280.198,1281.2845,2204,12
1508374800,1281.2845,1282.05,1276.729,1277.8185,4419,16
1508389200,1277.8185,1286.28,1276.831,1284.1715,10083,16
1508403600,1284.1715,1289.944,1283.158,1284.72,9711,16
1508418000,1284.72,1290.18,1284.474,1287.817,11801,16
1508432400,1287.817,1291.078,1285.676,1289.798,6154,16
1508446800,1289.798,1291.218,1288.772,1289.4565,2438,12
1508461200,1289.4565,1290.135,1282.612,1283.356,7723,16
1508475600,1283.356,1285.38,1279.254,1281.392,7879,16
1508490000,1281.392,1284.768,1279.993,1283.0995,6114,16
1508504400,1283.0995,1284.134,1278.452,1280.516,10713,16
1508518800,1280.516,1281.814,1278.022,1280.368,4809,16
1508706000,1280.368,1280.368,1274.346,1276.092,4542,12
1508720400,1276.092,1277.736,1274.581,1276.492,4162,16
1508734800,1276.492,1277.244,1274.07,1275.365,4551,16
1508749200,1275.365,1276.718,1272.828,1273.168,5683,16
1508763600,1273.168,1283.083,1272.554,1281.028,9675,16
1508778000,1281.028,1283.344,1278.523,1282.0315,4658,16
1508792400,1282.0315,1283.772,1281.324,1283.1665,2070,12
1508806800,1283.1665,1283.497,1280.281,1283.025,3261,16
1508821200,1283.025,1283.236,1277.332,1278.1145,5523,16
1508835600,1278.1145,1279.681,1275.722,1277.473,5355,16
1508850000,1277.473,1278.309,1273.704,1276.532,7103,16
1508864400,1276.532,1281.32,1275.866,1276.767,9735,16
1508878800,1276.767,1277.637,1275.1555,1276.0365,2680,12
1508893200,1276.0365,1276.168,1271.514,1273.101,2896,16
1508907600,1273.101,1274.601,1271.349,1271.9925,7054,16
1508922000,1271.9925,1274.25,1271.088,1272.521,7713,16
1508936400,1272.521,1280.1,1272.403,1278.2695,18918,16
1508950800,1278.2695,1278.645,1275.711,1277.523,5031,16
1508965200,1277.523,1279.683,1277.296,1279.2805,2283,12
1508979600,1279.2805,1281.17,1278.658,1279.934,3038,16
1508994000,1279.934,1282.59,1276.642,1278.0515,6752,16
1509008400,1278.0515,1279.328,1272.476,1278.0095,11698,16
1509022800,1278.0095,1280.121,1268.868,1270.4225,12722,16
1509037200,1270.4225,1270.456,1265.925,1267.1675,6300,16
1509051600,1267.1675,1268.218,1266.118,1267.0035,3160,12
1509066000,1267.0035,1268.691,1265.394,1267.639,4193,16
1509080400,1267.639,1269.168,1264.776,1267.107,7123,16
1509094800,1267.107,1268.564,1263.582,1265.5235,9307,16
1509109200,1265.5235,1273.059,1265.168,1270.1035,16986,16
1509123600,1270.1035,1274.707,1270.035,1274.131,3530,16
1509310800,1274.131,1274.131,1270.654,1272.08,3750,12
1509325200,1272.08,1272.734,1270.832,1271.8105,3744,16
1509339600,1271.8105,1271.94,1268.999,1270.639,3952,16
1509354000,1270.639,1272.598,1269.799,1270.207,5474,16
1509368400,1270.207,1278.89,1270.0,1278.187,9477,16
1509382800,1278.187,1278.542,1275.282,1276.407,3562,16
1509397200,1276.407,1277.63,1275.48,1276.2935,2228,12
1509411600,1276.2935,1276.458,1274.954,1275.341,2491,16
1509426000,1275.341,1278.242,1275.223,1276.3295,3900,16
1509440400,1276.3295,1276.51,1271.388,1272.456,5152,16
1509454800,1272.456,1272.882,1267.844,1269.437,7327,16
1509469200,1269.437,1272.055,1268.504,1271.2125,3039,16
1509483600,1271.2125,1271.354,1268.235,1268.3215,2295,12
1509498000,1268.3215,1270.418,1267.988,1269.5705,3066,16
1509512400,1269.5705,1277.232,1269.506,1275.5515,6098,16
1509526800,1275.5515,1280.92,1273.922,1275.234,8055,16
1509541200,1275.234,1279.959,1272.385,1276.82,11901,16
1509555600,1276.82,1279.219,1273.539,1274.654,12684,16
1509570000,1274.654,1278.277,1274.544,1277.5385,3727,12
1509584400,1277.5385,1281.526,1277.22,1280.07,5190,16
1509598800,1280.07,1280.322,1275.509,1276.014,5269,16
1509613200,1276.014,1277.142,1273.32,1276.532,8449,16
1509627600,1276.532,1284.271,1274.957,1276.5275,17393,16
1509642000,1276.5275,1278.129,1275.572,1275.9,4657,16
1509656400,1275.9,1278.77,1275.9,1278.135,1814,12
1509670800,1278.135,1278.775,1276.265,1277.3215,2228,16
1509685200,1277.3215,1277.832,1274.565,1275.8485,3036,16
1509699600,1275.8485,1280.59,1273.584,1276.705,9539,16
1509714000,1276.705,1278.634,1265.534,1268.552,14449,16
1509728400,1268.552,1270.695,1267.761,1269.9905,3287,16
1509919200,1269.9905,1271.191,1266.174,1268.546,5097,12
1509933600,1268.546,1270.706,1268.408,1270.1585,4263,16
1509948000,1270.1585,1271.966,1267.666,1270.583,6096,16
1509962400,1270.583,1273.233,1270.532,1271.817,4741,16
1509976800,1271.817,1283.082,1270.751,1280.964,10615,16
1509991200,1280.964,1282.178,1280.155,1281.8675,3578,16
1510005600,1281.8675,1282.078,1278.566,1278.97,2568,12
1510020000,1278.97,1280.194,1278.126,1278.894,2313,16
1510034400,1278.894,1279.592,1275.303,1276.1615,4548,16
1510048800,1276.1615,1278.906,1275.712,1278.1665,5594,16
1510063200,1278.1665,1280.13,1271.974,1275.035,10503,16
1510077600,1275.035,1277.5085,1274.328,1275.201,3247,16
1510092000,1275.201,1278.354,1275.201,1276.983,2964,12
1510106400,1276.983,1279.266,1276.803,1277.996,2398,16
1510120800,1277.996,1279.828,1276.006,1279.3,5068,16
1510135200,1279.3,1282.596,1278.644,1280.6605,6596,16
1510149600,1280.6605,1287.262,1280.494,1284.643,9928,16
1510164000,1284.643,1284.882,1280.452,1281.5435,3524,16
1510178400,1281.5435,1282.52,1280.056,1281.512,2496,12
1510192800,1281.512,1285.064,1280.844,1283.6895,6081,16
1510207200,1283.6895,1285.262,1282.881,1283.8635,5740,16
1510221600,1283.8635,1288.284,1283.534,1285.66,8633,16
1510236000,1285.66,1287.92,1281.994,1286.9595,15690,16
1510250400,1286.9595,1288.744,1284.868,1285.144,4511,16
1510264800,1285.144,1287.191,1284.978,1285.804,3391,12
1510279200,1285.804,1286.486,1284.268,1284.871,2623,16
1510293600,1284.871,1286.232,1282.675,1284.936,6900,16
1510308000,1284.936,1285.769,1283.425,1284.6755,5462,16
1510322400,1284.6755,1285.989,1274.148,1276.1235,12217,16
1510336800,1276.1235,1276.332,1273.506,1275.413,3581,16
1510524000,1275.413,1276.514,1274.407,1276.3305,3066,12
1510538400,1276.3305,1277.306,1275.458,1277.1175,1484,16
1510552800,1277.1175,1278.745,1276.021,1277.6465,5151,16
1510567200,1277.6465,1279.558,1276.26,1277.4595,4239,16
1510581600,1277.4595,1279.898,1277.1,1279.081,6367,16
1510596000,1279.081,1279.851,1277.566,1278.412,2580,16
1510610400,1278.412,1278.412,1276.672,1277.029,2408,12
1510624800,1277.029,1277.556,1275.526,1276.851,2092,16
1510639200,1276.851,1277.3,1270.118,1273.292,5331,16
1510653600,1273.292,1276.458,1271.566,1271.5655,5874,16
1510668000,1271.5655,1282.52,1271.122,1281.0955,13671,16
1510682400,1281.0955,1283.638,1279.57,1280.0715,3983,16
1510696800,1280.0715,1283.438,1279.188,1282.0905,3356,12
1510711200,1282.0905,1282.942,1280.498,1280.943,3184,16
1510725600,1280.943,1286.274,1280.498,1285.073,8397,16
1510740000,1285.073,1289.606,1284.362,1287.729,10021,16
1510754400,1287.729,1288.56,1276.709,1277.9015,16470,16
1510768800,1277.9015,1279.678,1277.014,1278.1625,4710,16
1510783200,1278.1625,1279.6405,1277.609,1278.948,2590,12
1510797600,1278.948,1278.948,1275.848,1276.4545,2401,16
1510812000,1276.4545,1279.454,1275.175,1277.928,7186,16
1510826400,1277.928,1281.357,1276.859,1279.5835,5464,16
1510840800,1279.5835,1281.884,1276.414,1280.413,9407,16
1510855200,1280.413,1280.951,1277.316,1278.7525,3585,16
1510869600,1278.7525,1283.64,1278.308,1283.327,3696,12
1510884000,1283.327,1284.08,1281.445,1281.962,4096,16
1510898400,1281.962,1283.785,1281.149,1283.32,6200,16
1510912800,1283.32,1284.778,1281.676,1284.081,5432,16
1510927200,1284.081,1293.866,1283.906,1293.5785,12408,16
1510941600,1293.5785,1296.984,1293.132,1294.343,6673,16
1511128800,1294.343,1294.956,1291.366,1292.3085,5595,12
1511143200,1292.3085,1292.58,1291.076,1291.533,2721,16
1511157600,1291.533,1292.651,1290.18,1291.6775,6858,16
1511172000,1291.6775,1293.648,1288.634,1289.539,5824,16
1511186400,1289.539,1290.011,1276.419,1276.5555,13816,16
1511200800,1276.5555,1277.978,1274.518,1276.9205,5265,16
1511215200,1276.9205,1280.052,1276.9205,1279.603,2427,12
1511229600,1279.603,1280.467,1278.863,1279.835,1745,16
1511244000,1279.835,1281.484,1279.572,1280.526,5404,16
1511258400,1280.526,1280.926,1276.272,1276.756,6650,16
1511272800,1276.756,1284.832,1276.636,1282.3545,11622,16
1511287200,1282.3545,1282.666,1279.539,1280.464,4372,16
1511301600,1280.464,1282.512,1280.464,1281.348,2368,12
1511316000,1281.348,1281.957,1279.115,1281.7225,2155,16
1511330400,1281.7225,1286.254,1281.492,1283.2605,6532,16
1511344800,1283.2605,1286.984,1282.662,1285.448,6449,16
1511359200,1285.448,1291.984,1285.448,1291.0885,10682,16
1511373600,1291.0885,1294.696,1290.748,1292.2095,6195,16
1511388000,1292.2095,1292.386,1289.804,1289.862,2009,12
1511402400,1289.862,1290.575,1289.004,1289.3,1891,16
1511416800,1289.3,1290.852,1287.128,1288.58,5693,16
1511431200,1288.58,1293.712,1288.423,1291.947,5902,16
1511445600,1291.947,1292.146,1289.119,1291.2025,3311,16
1511474400,1291.2025,1292.796,1289.688,1292.082,2804,12
1511488800,1292.082,1293.339,1291.214,1291.671,2022,16
1511503200,1291.671,1292.168,1288.658,1289.766,5787,16
1511517600,1289.766,1290.482,1285.813,1288.413,7035,16
1511532000,1288.413,1291.431,1287.266,1288.2445,6785,16
1511546400,1288.2445,1288.548,1287.932,1288.457,362,3
1511733600,1288.457,1289.44,1286.79,1289.187,2508,12
1511748000,1289.187,1290.824,1288.728,1290.293,2375,16
1511762400,1290.293,1293.192,1289.603,1292.142,5121,16
1511776800,1292.142,1298.725,1292.142,1298.4435,6400,16
1511791200,1298.4435,1299.326,1292.288,1295.598,10913,16
1511805600,1295.598,1295.944,1293.498,1294.3755,1962,16
1511820000,1294.3755,1296.853,1293.612,1293.745,2591,12
1511834400,1293.745,1294.811,1293.1175,1294.379,2091,16
1511848800,1294.379,1294.671,1292.47,1293.8095,5242,16
1511863200,1293.8095,1296.665,1292.723,1295.3915,3829,16
1511877600,1295.3915,1297.572,1290.712,1294.5645,11579,16
1511892000,1294.5645,1296.808,1291.7,1293.576,8807,16
1511906400,1293.576,1294.408,1293.062,1293.3375,2305,12
1511920800,1293.3375,1296.072,1293.001,1295.151,2520,16
1511935200,1295.151,1296.761,1294.038,1294.594,3911,16
1511949600,1294.594,1295.4,1285.616,1287.979,9094,16
1511964000,1287.979,1288.38,1282.27,1282.671,17608,16
1511978400,1282.671,1285.37,1282.09,1283.6485,5716,16
1511992800,1283.6485,1285.382,1283.573,1284.234,2581,12
1512007200,1284.234,1284.948,1283.037,1283.8345,2629,16
1512021600,1283.8345,1284.26,1279.624,1281.8305,5964,16
1512036000,1281.8305,1283.452,1276.34,1277.866,7097,16
1512050400,1277.866,1281.576,1271.408,1271.676,13571,16
1512064800,1271.676,1276.079,1270.371,1275.025,6422,16
1512079200,1275.025,1276.638,1273.976,1276.412,3423,12
1512093600,1276.412,1276.833,1274.252,1275.356,1980,16
1512108000,1275.356,1278.176,1275.01,1276.792,4922,16
1512122400,1276.792,1277.888,1272.326,1273.02,7935,16
1512136800,1273.02,1289.304,1271.824,1283.8945,43166,16
1512151200,1283.8945,1284.396,1278.012,1280.637,10759,16
1512338400,1280.637,1280.637,1272.494,1275.624,5483,12
1512352800,1275.624,1275.648,1274.008,1274.6595,1977,16
1512367200,1274.6595,1275.578,1271.202,1273.958,6591,16
1512381600,1273.958,1275.717,1272.33,1273.7825,5958,16
1512396000,1273.7825,1277.246,1272.914,1273.736,13475,16
1512410400,1273.736,1277.26,1273.392,1276.075,4229,16
1512424800,1276.075,1277.2,1275.752,1276.109,1778,12
1512439200,1276.109,1276.444,1274.393,1275.956,1799,16
1512453600,1275.956,1276.354,1274.716,1275.966,3896,16
1512468000,1275.966,1276.894,1272.114,1273.944,4521,16
1512482400,1273.944,1274.016,1260.978,1264.125,17093,16
1512496800,1264.125,1267.502,1262.268,1266.1105,6137,16
1512511200,1266.1105,1266.891,1264.198,1265.0775,2420,12
1512525600,1265.0775,1268.036,1264.817,1267.702,3212,16
1512540000,1267.702,1269.2,1267.238,1268.026,5011,16
1512554400,1268.026,1269.346,1264.418,1264.993,5897,16
1512568800,1264.993,1268.786,1262.658,1264.5175,11648,16
1512583200,1264.5175,1265.507,1262.98,1263.5775,3343,16
1512597600,1263.5775,1264.627,1261.927,1262.993,1864,12
1512612000,1262.993,1264.188,1260.442,1260.7545,1503,16
1512626400,1260.7545,1260.803,1256.297,1256.6485,5407,16
1512640800,1256.6485,1257.112,1253.596,1255.287,5772,16
1512655200,1255.287,1255.94,1251.902,1251.955,9432,16
1512669600,1251.955,1252.773,1243.958,1247.168,7115,16
1512684000,1247.168,1249.048,1247.024,1248.1455,1958,12
1512698400,1248.1455,1249.586,1248.062,1249.42,1272,16
1512712800,1249.42,1249.762,1245.343,1245.996,3422,16
1512727200,1245.996,1250.922,1244.006,1248.51,10931,16
1512741600,1248.51,1252.416,1246.934,1247.605,12211,16
1512756000,1247.605,1249.184,1246.515,1248.3,2755,16
1512943200,1248.3,1249.299,1246.966,1248.3455,1994,12
1512957600,1248.3455,1249.996,1247.809,1249.644,1585,16
1512972000,1249.644,1251.53,1248.852,1250.844,3027,16
1512986400,1250.844,1251.5445,1246.862,1247.442,3803,16
1513000800,1247.442,1248.756,1245.257,1245.7985,6354,16
1513015200,1245.7985,1245.914,1240.804,1242.196,2843,16
1513029600,1242.196,1244.636,1241.705,1244.522,1064,12
1513044000,1244.522,1245.497,1243.918,1245.084,1016,16
1513058400,1245.084,1246.274,1243.052,1244.0665,2735,16
1513072800,1244.0665,1244.318,1241.519,1242.206,2905,16
1513087200,1242.206,1242.573,1236.527,1239.199,8272,16
1513101600,1239.199,1245.078,1238.855,1244.505,4767,16
1513116000,1244.505,1244.505,1242.499,1243.063,1286,12
1513130400,1243.063,1245.316,1242.888,1244.1535,1655,16
1513144800,1244.1535,1244.317,1240.645,1241.224,1965,16
1513159200,1241.224,1247.47,1240.299,1244.721,6743,16
1513173600,1244.721,1248.665,1242.927,1245.8645,8155,16
1513188000,1245.8645,1257.188,1245.21,1255.6215,24197,16
1513202400,1255.6215,1259.174,1253.416,1258.0995,2910,12
1513216800,1258.0995,1258.855,1256.622,1258.307,1618,16
1513231200,1258.307,1258.352,1253.756,1255.516,3425,16
1513245600,1255.516,1258.582,1252.982,1254.038,7064,16
1513260000,1254.038,1255.777,1250.544,1254.575,10600,16
1513274400,1254.575,1256.725,1252.476,1252.7165,5109,16
1513288800,1252.7165,1254.425,1252.628,1254.25,1694,12
1513303200,1254.25,1255.94,1254.082,1255.1195,2165,16
1513317600,1255.1195,1257.855,1254.488,1257.096,3602,16
1513332000,1257.096,1261.957,1256.521,1259.827,4380,16
1513346400,1259.827,1260.053,1253.457,1254.118,10605,16
1513360800,1254.118,1256.7705,1253.816,1255.157,4257,16
1513548000,1255.157,1255.688,1252.872,1253.736,2552,12
1513562400,1253.736,1256.275,1253.695,1255.812,2154,16
1513576800,1255.812,1257.979,1255.688,1257.555,3303,16
1513591200,1257.555,1260.123,1257.116,1258.36,3188,16
1513605600,1258.36,1264.084,1256.856,1263.1745,8169,16
1513620000,1263.1745,1263.625,1260.604,1262.1325,3317,16
1513634400,1262.1325,1262.189,1260.348,1260.687,1336,12
1513648800,1260.687,1263.883,1260.49,1263.631,1305,16
1513663200,1263.631,1265.071,1262.643,1263.749,2580,16
1513677600,1263.749,1265.388,1260.956,1261.7195,3439,16
1513692000,1261.7195,1263.3,1259.388,1259.982,8416,16
1513706400,1259.982,1262.484,1259.236,1261.599,3353,16
1513720800,1261.599,1264.51,1261.426,1264.144,1526,12
1513735200,1264.144,1264.981,1262.714,1263.37,1193,16
1513749600,1263.37,1264.986,1262.949,1264.801,2907,16
1513764000,1264.801,1266.446,1263.518,1263.9235,3494,16
1513778400,1263.9235,1268.003,1262.211,1266.7205,7282,16
1513792800,1266.7205,1266.974,1264.605,1265.5395,2635,16
1513807200,1265.5395,1268.339,1265.538,1267.8815,1704,12
1513821600,1267.8815,1268.29,1265.238,1266.09,1681,16
1513836000,1266.09,1266.319,1264.34,1265.4555,2932,16
1513850400,1265.4555,1266.704,1262.892,1265.656,3995,16
1513864800,1265.656,1267.958,1263.89,1267.17,6335,16
1513879200,1267.17,1268.97,1266.405,1266.7725,1931,16
1513893600,1266.7725,1267.334,1265.082,1266.037,1714,12
1513908000,1266.037,1267.398,1265.739,1267.125,828,16
1513922400,1267.125,1268.995,1266.838,1267.917,2185,16
1513936800,1267.917,1269.322,1267.726,1268.983,2236,16
1513951200,1268.983,1276.203,1268.768,1275.4995,8595,16
1513965600,1275.4995,1275.886,1273.878,1274.756,2447,16
1514239200,1274.756,1279.222,1273.408,1278.7215,3042,12
1514253600,1278.7215,1279.156,1277.398,1278.843,1354,16
1514268000,1278.843,1279.282,1277.079,1278.006,1622,16
1514282400,1278.006,1281.5325,1277.388,1281.457,2344,16
1514296800,1281.457,1283.261,1280.046,1283.0665,5430,16
1514311200,1283.0665,1283.843,1282.316,1282.7685,3553,16
1514325600,1282.7685,1283.37,1281.666,1281.961,1417,12
1514340000,1281.961,1282.825,1281.351,1282.452,1180,16
1514354400,1282.452,1286.4,1282.108,1286.0375,2761,16
1514368800,1286.0375,1286.44,1283.178,1284.458,3882,16
1514383200,1284.458,1287.744,1283.879,1287.176,5777,16
1514397600,1287.176,1289.034,1286.238,1287.2085,3672,16
1514412000,1287.2085,1288.365,1287.064,1287.9115,5165,12
1514426400,1287.9115,1292.7,1287.9115,1292.7,2386,16
1514440800,1292.7,1293.338,1290.54,1291.92,3203,16
1514455200,1291.92,1293.178,1288.632,1292.4905,4552,16
1514469600,1292.4905,1295.196,1291.678,1294.2345,5838,16
1514484000,1294.2345,1295.274,1293.952,1294.808,1873,16
1514498400,1294.808,1295.966,1293.944,1295.717,1302,12
1514512800,1295.717,1296.38,1295.303,1296.119,1264,16
1514527200,1296.119,1297.52,1294.754,1296.9945,2186,16
1514541600,1296.9945,1300.368,1296.478,1299.705,2620,16
1514556000,1299.705,1306.238,1299.467,1306.1665,7639,16
1514570400,1306.1665,1307.676,1302.292,1303.247,4489,16
1514844000,1303.247,1307.846,1302.9,1306.139,3738,12
1514858400,1306.139,1307.753,1305.46,1307.483,1933,16
1514872800,1307.483,1312.416,1307.461,1312.226,4202,16
1514887200,1312.226,1314.444,1310.17,1314.0005,3856,16
1514901600,1314.0005,1314.578,1310.936,1312.4685,6565,16
1514916000,1312.4685,1318.9465,1312.4685,1317.625,4033,16
1514930400,1317.625,1321.588,1316.843,1318.3915,4220,12
1514944800,1318.3915,1318.537,1311.945,1314.714,4017,16
1514959200,1314.714,1315.582,1311.785,1314.7,3479,16
1514973600,1314.7,1317.614,1313.47,1316.447,4133,16
1514988000,1316.447,1318.026,1314.91,1315.876,8211,16
1515002400,1315.876,1317.205,1307.338,1313.1355,8302,16
1515016800,1313.1355,1313.81,1305.937,1307.226,3908,12
1515031200,1307.226,1310.388,1306.148,1310.206,2019,16
1515045600,1310.206,1314.368,1308.095,1313.7885,3834,16
1515060000,1313.7885,1317.301,1309.222,1314.9195,8042,16
1515074400,1314.9195,1320.138,1314.332,1319.75,7815,16
1515088800,1319.75,1326.064,1318.394,1322.731,5817,16
1515103200,1322.731,1323.508,1320.781,1322.056,2368,12
1515117600,1322.056,1322.123,1319.954,1320.315,1662,16
1515132000,1320.315,1320.315,1316.654,1316.772,3308,16
1515146400,1316.772,1323.034,1316.258,1320.8485,8996,16
1515160800,1320.8485,1322.302,1313.678,1320.718,12496,16
1515175200,1320.718,1321.47,1318.589,1319.864,2345,16
1515362400,1319.864,1322.18,1319.19,1320.9105,2740,12
1515376800,1320.9105,1321.871,1317.392,1318.0905,2516,16
1515391200,1318.0905,1319.046,1314.754,1317.191,3280,16
1515405600,1317.191,1321.154,1317.043,1320.052,4514,16
1515420000,1320.052,1320.939,1316.01,1318.2285,6529,16
1515434400,1318.2285,1320.634,1317.849,1320.3415,1632,16
1515448800,1320.3415,1320.547,1315.841,1317.976,2656,12
1515463200,1317.976,1320.266,1317.976,1319.397,2324,16
1515477600,1319.397,1319.667,1313.38,1315.5295,4395,16
1515492000,1315.5295,1315.994,1310.603,1312.658,4358,16
1515506400,1312.658,1313.318,1308.868,1311.8725,8602,16
1515520800,1311.8725,1315.75,1311.576,1312.8585,2897,16
1515535200,1312.8585,1312.8585,1308.318,1311.2225,3617,12
1515549600,1311.2225,1312.544,1309.59,1309.8005,2268,16
1515564000,1309.8005,1315.616,1309.118,1314.6575,5561,16
1515578400,1314.6575,1327.874,1314.23,1319.779,16236,16
1515592800,1319.779,1321.049,1314.684,1317.811,10561,16
1515607200,1317.811,1320.439,1316.406,1316.7715,5584,16
1515621600,1316.7715,1319.13,1316.38,1318.168,3048,12
1515636000,1318.168,1320.96,1316.674,1318.009,4357,16
1515650400,1318.009,1319.552,1315.82,1318.4065,4651,16
1515664800,1318.4065,1322.852,1317.852,1321.059,8381,16
1515679200,1321.059,1323.534,1319.866,1322.311,8149,16
1515693600,1322.311,1324.096,1320.979,1322.5245,3183,16
1515708000,1322.5245,1325.127,1321.502,1323.979,2828,12
1515722400,1323.979,1330.47,1323.71,1328.378,3525,16
1515736800,1328.378,1332.558,1326.621,1331.0165,6716,16
1515751200,1331.0165,1333.238,1323.417,1325.997,11526,16
1515765600,1325.997,1332.476,1324.704,1331.903,9936,16
1515780000,1331.903,1339.434,1331.82,1338.425,6018,16
1515967200,1338.425,1340.164,1336.003,1339.333,6253,12
1515981600,1339.333,1344.874,1339.268,1343.8005,6608,16
1515996000,1343.8005,1344.458,1340.226,1343.04,7852,16
1516010400,1343.04,1343.723,1340.48,1342.2065,5578,16
1516024800,1342.2065,1342.251,1338.748,1340.793,5590,16
1516053600,1340.793,1342.439,1338.236,1340.687,4026,12
1516068000,1340.687,1342.024,1339.856,1341.1475,3236,16
1516082400,1341.1475,1341.618,1332.978,1334.525,9383,16
1516096800,1334.525,1337.218,1331.912,1333.527,7414,16
1516111200,1333.527,1335.936,1332.104,1334.6955,8375,16
1516125600,1334.6955,1340.24,1334.63,1338.5645,5403,16
1516140000,1338.5645,1344.025,1338.304,1343.7345,5102,12
1516154400,1343.7345,1344.082,1333.955,1334.433,7289,16
1516168800,1334.433,1336.359,1333.05,1335.796,6494,16
1516183200,1335.796,1339.027,1334.376,1335.117,5993,16
1516197600,1335.117,1337.152,1331.392,1335.895,10039,16
1516212000,1335.895,1340.567,1326.388,1327.366,12695,16
1516226400,1327.366,1329.712,1324.3,1326.0085,6132,12
1516240800,1326.0085,1328.956,1325.315,1328.6055,4070,16
1516255200,1328.6055,1330.028,1325.258,1328.823,7246,16
1516269600,1328.823,1331.566,1326.916,1330.249,6407,16
1516284000,1330.249,1333.2,1328.688,1329.1335,12511,16
1516298400,1329.1335,1329.88,1325.578,1326.879,7200,16
1516312800,1326.879,1330.817,1326.336,1330.7565,5221,12
1516327200,1330.7565,1332.633,1329.392,1331.6825,4823,16
1516341600,1331.6825,1338.161,1331.3,1335.6275,7977,16
1516356000,1335.6275,1336.656,1333.29,1334.209,6550,16
1516370400,1334.209,1335.45,1332.228,1333.94,9995,16
1516384800,1333.94,1335.285,1331.17,1331.678,4208,16
1516572000,1331.678,1335.784,1330.978,1331.394,6376,12
1516586400,1331.394,1332.782,1330.412,1331.852,3123,16
1516600800,1331.852,1333.562,1328.5,1332.62,5327,16
1516615200,1332.62,1334.689,1330.91,1334.075,4101,16
1516629600,1334.075,1335.69,1330.787,1332.182,8174,16
1516644000,1332.182,1334.949,1331.272,1333.934,3144,16
1516658400,1333.934,1337.35,1332.609,1336.67,2508,12
1516672800,1336.67,1337.189,1335.163,1335.762,4034,16
1516687200,1335.762,1338.342,1335.669,1336.591,6255,16
1516701600,1336.591,1338.85,1335.884,1336.506,6005,16
1516716000,1336.506,1339.273,1331.474,1337.8175,12477,16
1516730400,1337.8175,1341.849,1336.847,1341.2595,4033,16
1516744800,1341.2595,1342.408,1339.58,1340.992,3352,12
1516759200,1340.992,1342.247,1340.03,1342.102,3533,16
1516773600,1342.102,1349.626,1341.32,1348.7175,8520,16
1516788000,1348.7175,1353.94,1348.617,1352.333,9073,16
1516802400,1352.333,1355.764,1351.324,1353.879,12058,16
1516816800,1353.879,1362.236,1353.274,1358.5435,8870,16
1516831200,1358.5435,1359.276,1355.838,1359.276,4127,12
1516845600,1359.276,1365.066,1358.647,1364.795,6442,16
1516860000,1364.795,1366.112,1356.508,1360.532,15464,16
1516874400,1360.532,1360.939,1357.774,1360.2295,12305,16
1516888800,1360.2295,1363.072,1353.578,1362.772,20684,16
1516903200,1362.772,1364.878,1342.442,1348.25,32430,16
1516917600,1348.25,1353.911,1344.668,1353.003,7295,12
1516932000,1353.003,1353.481,1350.661,1352.424,5216,16
1516946400,1352.424,1357.233,1352.175,1354.353,10505,16
1516960800,1354.353,1355.424,1349.721,1351.701,12316,16
1516975200,1351.701,1354.15,1348.768,1353.379,21280,16
1516989600,1353.379,1354.469,1348.824,1349.765,11892,16
1517176800,1349.765,1352.506,1347.655,1348.7435,6034,12
1517191200,1348.7435,1349.751,1346.425,1348.208,4746,16
1517205600,1348.208,1349.139,1345.214,1347.472,9480,16
1517220000,1347.472,1348.834,1341.414,1344.7385,9848,16
1517234400,1344.7385,1345.693,1337.64,1341.818,12479,16
1517248800,1341.818,1344.792,1339.686,1340.388,7167,16
1517263200,1340.388,1342.18,1338.306,1340.349,4419,12
1517277600,1340.349,1340.453,1334.502,1335.175,8392,16
1517292000,1335.175,1344.542,1334.807,1343.837,10151,16
1517306400,1343.837,1346.361,1342.395,1346.02,10075,16
1517320800,1346.02,1349.067,1337.44,1338.6205,16274,16
1517335200,1338.6205,1340.45,1335.81,1338.5505,6796,16
1517349600,1338.5505,1339.608,1337.018,1338.7875,5122,12
1517364000,1338.7875,1343.324,1336.552,1343.0125,7482,16
1517378400,1343.0125,1345.03,1341.26,1343.315,7894,16
1517392800,1343.315,1345.202,1341.508,1343.384,8126,16
1517407200,1343.384,1345.246,1339.332,1339.813,13599,16
1517421600,1339.813,1347.532,1332.9,1345.057,31472,16
1517436000,1345.057,1347.122,1341.248,1342.8835,5912,12
1517450400,1342.8835,1345.338,1342.58,1344.21,3761,16
1517464800,1344.21,1344.527,1338.185,1340.5455,8777,16
1517479200,1340.5455,1341.272,1337.328,1340.4835,7788,16
1517493600,1340.4835,1344.751,1339.338,1341.5645,14102,16
1517508000,1341.5645,1351.06,1341.296,1349.77,10638,16
1517522400,1349.77,1350.18,1346.454,1349.1695,6544,12
1517536800,1349.1695,1349.731,1346.678,1347.5135,3415,16
1517551200,1347.5135,1349.442,1345.473,1345.9495,6812,16
1517565600,1345.9495,1347.066,1335.028,1335.676,13872,16
1517580000,1335.676,1336.995,1327.472,1334.916,25125,16
1517594400,1334.916,1336.749,1328.468,1333.081,16069,16
1517781600,1333.081,1333.98,1329.526,1331.309,9359,12
1517796000,1331.309,1332.636,1329.056,1332.5225,4565,16
1517810400,1332.5225,1335.777,1330.994,1334.887,7195,16
1517824800,1334.887,1338.658,1334.887,1336.8615,8783,16
1517839200,1336.8615,1337.434,1332.402,1334.9415,12321,16
1517853600,1334.9415,1341.784,1333.422,1339.6695,40943,16
1517868000,1339.6695,1340.938,1336.031,1340.747,14047,12
1517882400,1340.747,1346.192,1340.747,1343.4245,15566,16
1517896800,1343.4245,1344.632,1339.155,1343.2615,14424,16
1517911200,1343.2615,1344.7,1333.638,1334.125,17490,16
1517925600,1334.125,1335.639,1326.334,1327.8915,27212,16
1517940000,1327.8915,1329.861,1320.264,1324.2945,16124,16
1517954400,1324.2945,1329.575,1324.226,1329.2765,7465,12
1517968800,1329.2765,1330.886,1328.354,1329.7245,4929,16
1517983200,1329.7245,1332.363,1328.578,1328.6885,8718,16
1517997600,1328.6885,1329.216,1321.952,1322.533,10136,16
1518012000,1322.533,1325.751,1314.89,1316.016,20968,16
1518026400,1316.016,1318.678,1311.378,1318.475,19211,16
1518040800,1318.475,1319.322,1314.432,1317.056,6383,12
1518055200,1317.056,1317.056,1309.813,1311.7455,8201,16
1518069600,1311.7455,1313.66,1309.279,1310.3115,9680,16
1518084000,1310.3115,1315.712,1307.081,1315.0395,14242,16
1518098400,1315.0395,1322.333,1312.477,1320.0015,18654,16
1518112800,1320.0015,1320.608,1315.937,1318.781,14267,16
1518127200,1318.781,1322.835,1318.246,1319.433,7458,12
1518141600,1319.433,1319.778,1316.153,1317.9835,7260,16
1518156000,1317.9835,1320.672,1313.623,1316.226,8050,16
1518170400,1316.226,1318.17,1313.574,1315.9745,9262,16
1518184800,1315.9745,1319.164,1311.207,1312.5625,27240,16
1518199200,1312.5625,1317.532,1312.058,1316.47,21154,16
1518386400,1316.47,1326.697,1314.294,1323.879,7095,12
1518400800,1323.879,1326.264,1322.424,1323.5715,4724,16
1518415200,1323.5715,1324.303,1320.518,1321.377,5099,16
1518429600,1321.377,1321.887,1316.838,1319.331,5573,16
1518444000,1319.331,1326.232,1318.688,1324.7095,11843,16
1518458400,1324.7095,1325.782,1321.358,1322.738,5010,16
1518472800,1322.738,1324.945,1321.672,1323.289,4855,12
1518487200,1323.289,1328.536,1322.515,1326.497,3712,16
1518501600,1326.497,1329.993,1324.653,1328.699,7400,16
1518516000,1328.699,1331.034,1325.33,1325.932,5889,16
1518530400,1325.932,1329.693,1323.011,1327.3935,11067,16
1518544800,1327.3935,1329.962,1326.658,1329.356,4022,16
1518559200,1329.356,1333.952,1329.316,1332.2625,4449,12
1518573600,1332.2625,1337.112,1332.05,1334.887,5075,16
1518588000,1334.887,1335.121,1330.256,1330.489,4901,16
1518602400,1330.489,1332.525,1318.002,1327.6455,15572,16
1518616800,1327.6455,1349.517,1326.848,1349.2175,35984,16
1518631200,1349.2175,1355.522,1349.125,1350.6565,15039,16
1518645600,1350.6565,1355.144,1349.856,1352.4245,6698,12
1518660000,1352.4245,1355.356,1352.078,1354.3455,3899,16
1518674400,1354.3455,1357.19,1352.318,1354.74,8894,16
1518688800,1354.74,1354.901,1348.612,1352.825,9344,16
1518703200,1352.825,1354.459,1348.735,1351.35,15036,16
1518717600,1351.35,1355.211,1350.867,1352.557,6529,16
1518732000,1352.557,1354.948,1352.552,1354.496,3474,12
1518746400,1354.496,1360.074,1354.082,1358.38,7149,16
1518760800,1358.38,1361.796,1356.996,1360.0665,6165,16
1518775200,1360.0665,1360.696,1353.292,1355.4235,10234,16
1518789600,1355.4235,1356.651,1351.124,1353.8265,16464,16
1518804000,1353.8265,1354.228,1344.9,1347.532,10776,16
1518991200,1347.532,1351.129,1347.19,1350.479,4463,12
1519005600,1350.479,1351.463,1346.384,1346.6535,3565,16
1519020000,1346.6535,1349.334,1346.422,1347.4035,5171,16
1519034400,1347.4035,1348.937,1346.129,1346.797,4204,16
1519048800,1346.797,1348.7,1345.818,1346.6505,4670,16
1519077600,1346.6505,1348.412,1340.908,1341.61,4143,12
1519092000,1341.61,1343.246,1340.39,1340.8065,3539,16
1519106400,1340.8065,1340.8065,1336.692,1337.606,5898,16
1519120800,1337.606,1341.204,1335.484,1336.5105,7228,16
1519135200,1336.5105,1343.344,1329.388,1329.5875,18335,16
1519149600,1329.5875,1331.89,1328.582,1329.662,5536,16
1519164000,1329.662,1330.852,1327.49,1328.033,3420,12
1519178400,1328.033,1330.612,1325.543,1327.325,5026,16
1519192800,1327.325,1330.096,1325.272,1329.7445,6516,16
1519207200,1329.7445,1330.22,1327.402,1330.1035,5415,16
1519221600,1330.1035,1333.035,1326.074,1329.695,14423,16
1519236000,1329.695,1336.35,1322.438,1324.5695,28716,16
1519250400,1324.5695,1327.216,1323.135,1324.922,6595,12
1519264800,1324.922,1325.332,1322.58,1323.588,3824,16
1519279200,1323.588,1324.378,1321.026,1322.971,5156,16
1519293600,1322.971,1327.226,1322.147,1327.1165,8837,16
1519308000,1327.1165,1332.04,1325.799,1330.0525,13612,16
1519322400,1330.0525,1332.07,1329.544,1331.824,5187,16
1519336800,1331.824,1332.337,1328.754,1330.875,3854,12
1519351200,1330.875,1331.124,1326.215,1327.787,3355,16
1519365600,1327.787,1329.909,1325.876,1328.013,5157,16
1519380000,1328.013,1331.721,1327.47,1329.207,5400,16
1519394400,1329.207,1330.638,1326.803,1330.2135,8890,16
1519408800,1330.2135,1330.356,1328.07,1329.623,3547,16
1519596000,1329.623,1335.356,1326.728,1333.806,6175,12
1519610400,1333.806,1339.836,1333.806,1339.75,5610,16
1519624800,1339.75,1341.072,1337.94,1340.2335,5546,16
1519639200,1340.2335,1340.866,1335.698,1336.411,5166,16
1519653600,1336.411,1336.553,1330.282,1332.5435,11435,16
1519668000,1332.5435,1333.614,1330.904,1333.172,2909,16
1519682400,1333.172,1336.836,1331.192,1335.877,4617,12
1519696800,1335.877,1336.528,1331.808,1333.1375,3495,16
1519711200,1333.1375,1334.792,1331.438,1333.7845,4519,16
1519725600,1333.7845,1334.246,1324.264,1328.124,9909,16
1519740000,1328.124,1329.952,1313.452,1315.5865,21789,16
1519754400,1315.5865,1318.93,1315.138,1318.6345,5548,16
1519768800,1318.6345,1319.16,1315.734,1317.7065,5050,12
1519783200,1317.7065,1318.492,1316.836,1318.0185,2968,16
1519797600,1318.0185,1321.402,1316.962,1321.121,4869,16
1519812000,1321.121,1321.406,1316.12,1317.623,5768,16
1519826400,1317.623,1322.64,1315.896,1319.312,10800,16
1519840800,1319.312,1319.745,1316.288,1318.381,5433,16
1519855200,1318.381,1319.476,1314.724,1316.218,4263,12
1519869600,1316.218,1316.514,1313.668,1313.727,3330,16
1519884000,1313.727,1315.333,1310.378,1310.8495,5555,16
1519898400,1310.8495,1312.132,1304.809,1310.3875,8929,16
1519912800,1310.3875,1312.932,1302.832,1309.788,22087,16
1519927200,1309.788,1321.252,1304.029,1316.9815,23783,16
1519941600,1316.9815,1318.474,1315.268,1317.802,4429,12
1519956000,1317.802,1319.19,1315.801,1318.4835,4606,16
1519970400,1318.4835,1318.688,1315.818,1316.499,5687,16
1519984800,1316.499,1325.312,1316.336,1325.1125,10741,16
1519999200,1325.1125,1325.58,1317.57,1320.602,15111,16
1520013600,1320.602,1323.844,1320.15,1322.064,5977,16
1520200800,1322.064,1326.748,1320.106,1326.001,5154,12
1520215200,1326.001,1327.188,1325.19,1326.3965,2995,16
1520229600,1326.3965,1327.87,1324.7,1325.727,5757,16
1520244000,1325.727,1326.651,1321.448,1321.6155,5185,16
1520258400,1321.6155,1323.054,1318.632,1319.3555,8779,16
1520272800,1319.3555,1320.703,1317.609,1320.201,4138,16
1520287200,1320.201,1323.162,1320.024,1322.691,3052,12
1520301600,1322.691,1324.32,1321.566,1323.115,2732,16
1520316000,1323.115,1324.618,1320.63,1324.313,5127,16
1520330400,1324.313,1332.274,1323.962,1332.216,9288,16
1520344800,1332.216,1338.469,1329.864,1332.949,13307,16
1520359200,1332.949,1336.195,1332.326,1334.7165,5690,16
1520373600,1334.7165,1340.6,1334.258,1334.454,9294,12
1520388000,1334.454,1336.532,1332.254,1332.879,4211,16
1520402400,1332.879,1335.359,1331.32,1333.43,5811,16
1520416800,1333.43,1333.864,1329.464,1331.3735,7798,16
1520431200,1331.3735,1331.658,1322.824,1325.795,13707,16
1520445600,1325.795,1327.988,1322.27,1325.6265,5631,16
1520460000,1325.6265,1327.481,1323.692,1327.017,3824,12
1520474400,1327.017,1328.234,1326.698,1326.9715,2202,16
1520488800,1326.9715,1329.146,1324.616,1325.267,4729,16
1520503200,1325.267,1326.868,1323.631,1325.554,8392,16
1520517600,1325.554,1326.438,1319.049,1321.8925,12509,16
1520532000,1321.8925,1322.777,1320.044,1321.9225,5225,16
1520546400,1321.9225,1322.147,1316.934,1317.434,4817,12
1520560800,1317.434,1318.569,1316.89,1318.481,2704,16
1520575200,1318.481,1320.532,1318.012,1319.0915,4299,16
1520589600,1319.0915,1321.702,1312.862,1316.009,14561,16
1520604000,1316.009,1325.258,1315.614,1323.0885,17740,16
1520618400,1323.0885,1324.36,1321.748,1323.532,5909,16
1520802000,1323.532,1324.408,1321.738,1322.4545,1964,12
1520816400,1322.4545,1324.28,1321.288,1323.854,3385,16
1520830800,1323.854,1324.011,1320.168,1320.979,4229,16
1520845200,1320.979,1320.979,1315.109,1318.298,6270,16
1520859600,1318.298,1319.876,1316.216,1318.5395,8267,16
1520874000,1318.5395,1324.15,1318.1,1322.9325,4773,16
1520888400,1322.9325,1325.876,1322.676,1324.3605,2637,12
1520902800,1324.3605,1324.623,1318.81,1319.0895,2692,16
1520917200,1319.0895,1321.524,1317.414,1318.4335,4988,16
1520931600,1318.4335,1327.162,1313.678,1324.851,13715,16
1520946000,1324.851,1327.696,1318.592,1326.948,19127,16
1520960400,1326.948,1328.42,1325.564,1326.431,5135,16
1520974800,1326.431,1327.236,1324.08,1325.0035,2233,12
1520989200,1325.0035,1329.353,1324.538,1327.802,3128,16
1521003600,1327.802,1330.162,1323.431,1325.036,6190,16
1521018000,1325.036,1328.656,1322.904,1323.0675,8951,16
1521032400,1323.0675,1325.752,1321.522,1323.8155,12382,16
1521046800,1323.8155,1325.916,1323.6435,1325.068,3773,16
1521061200,1325.068,1327.062,1323.628,1327.0025,2322,12
1521075600,1327.0025,1327.608,1326.07,1327.03,2232,16
1521090000,1327.03,1328.012,1322.836,1323.248,4270,16
1521104400,1323.248,1323.94,1319.134,1319.5005,6752,16
1521118800,1319.5005,1320.228,1315.587,1316.987,12058,16
1521133200,1316.987,1319.4,1315.046,1316.301,4928,16
1521147600,1316.301,1316.966,1315.214,1315.6675,2053,12
1521162000,1315.6675,1317.11,1313.752,1316.566,3920,16
1521176400,1316.566,1319.134,1316.208,1318.571,3538,16
1521190800,1318.571,1321.769,1318.099,1318.2595,5095,16
1521205200,1318.2595,1318.584,1309.687,1314.32,14603,16
1521219600,1314.32,1314.435,1312.416,1314.435,3281,16
1521406800,1314.435,1314.588,1311.5255,1311.708,3000,12
1521421200,1311.708,1312.653,1310.286,1311.656,3042,16
1521435600,1311.656,1312.1665,1307.77,1310.932,4580,16
1521450000,1310.932,1313.374,1309.302,1312.2075,7481,16
1521464400,1312.2075,1319.726,1311.226,1317.65,11230,16
1521478800,1317.65,1318.836,1316.373,1317.085,3560,16
1521493200,1317.085,1318.379,1315.649,1316.3665,2594,12
1521507600,1316.3665,1317.426,1315.264,1315.625,2127,16
1521522000,1315.625,1317.018,1314.0885,1315.2015,3620,16
1521536400,1315.2015,1316.528,1309.658,1312.013,6475,16
1521550800,1312.013,1313.412,1307.21,1310.45,11759,16
1521565200,1310.45,1312.792,1309.458,1311.208,3858,16
1521579600,1311.208,1311.934,1309.874,1311.1475,1589,12
1521594000,1311.1475,1314.536,1310.786,1313.6665,2628,16
1521608400,1313.6665,1317.967,1312.82,1316.736,4026,16
1521622800,1316.736,1319.28,1314.015,1318.798,6717,16
1521637200,1318.798,1326.734,1318.3,1324.002,16595,16
1521651600,1324.002,1336.814,1319.224,1332.231,40975,16
1521666000,1332.231,1334.382,1331.142,1334.0335,3447,12
1521680400,1334.0335,1335.041,1329.53,1329.9435,4074,16
1521694800,1329.9435,1333.977,1327.544,1332.1585,6364,16
1521709200,1332.1585,1332.47,1327.962,1329.8365,9825,16
1521723600,1329.8365,1332.738,1325.779,1326.9955,19220,16
1521738000,1326.9955,1330.356,1324.806,1328.874,7433,16
1521752400,1328.874,1339.238,1328.874,1338.7855,6610,12
1521766800,1338.7855,1339.124,1335.857,1337.9955,5225,16
1521781200,1337.9955,1343.375,1337.912,1341.543,9241,16
1521795600,1341.543,1347.818,1340.274,1347.4595,9986,16
1521810000,1347.4595,1350.334,1343.662,1349.4795,18223,16
1521824400,1349.4795,1350.126,1345.57,1348.008,7920,16
1522011600,1348.008,1351.041,1345.798,1346.253,4757,12
1522026000,1346.253,1349.314,1346.088,1348.3005,3779,16
1522040400,1348.3005,1348.3005,1343.552,1347.657,4973,16
1522054800,1347.657,1349.838,1347.338,1347.888,4803,16
1522069200,1347.888,1355.948,1347.849,1355.412,11551,16
1522083600,1355.412,1355.641,1351.882,1353.7765,3906,16
1522098000,1353.7765,1354.04,1350.88,1351.234,3246,12
1522112400,1351.234,1355.174,1351.234,1353.8755,4274,16
1522126800,1353.8755,1356.917,1350.542,1351.447,6454,16
1522141200,1351.447,1351.447,1340.234,1342.604,9618,16
1522155600,1342.604,1345.976,1339.925,1345.021,12667,16
1522170000,1345.021,1345.7,1342.112,1345.091,6148,16
1522184400,1345.091,1346.128,1343.832,1345.825,2292,12
1522198800,1345.825,1347.156,1343.104,1343.4525,3521,16
1522213200,1343.4525,1344.368,1338.99,1341.8125,8417,16
1522227600,1341.8125,1341.924,1332.906,1335.1975,9404,16
1522242000,1335.1975,1336.454,1325.848,1328.22,14796,16
1522256400,1328.22,1329.182,1323.508,1325.0425,6501,16
1522270800,1325.0425,1327.078,1324.072,1326.2345,3497,12
1522285200,1326.2345,1328.336,1325.753,1327.9405,3659,16
1522299600,1327.9405,1328.3865,1322.924,1324.2865,7455,16
1522314000,1324.2865,1326.715,1321.508,1322.948,7506,16
1522328400,1322.948,1325.318,1321.248,1323.0145,12254,16
1522342800,1323.0145,1326.576,1322.047,1325.2385,4244,16
1522616400,1325.2385,1327.676,1324.854,1326.749,3366,12
1522630800,1326.749,1330.448,1326.746,1329.6125,3817,16
1522645200,1329.6125,1332.61,1328.444,1331.8105,4007,16
1522659600,1331.8105,1335.55,1331.306,1334.6915,5465,16
1522674000,1334.6915,1340.502,1332.606,1339.3225,13624,16
1522688400,1339.3225,1344.99,1339.082,1341.5065,8322,16
1522702800,1341.5065,1342.56,1339.664,1340.8405,2648,12
1522717200,1340.8405,1340.882,1337.352,1338.493,4010,16
1522731600,1338.493,1342.174,1336.36,1337.272,7161,16
1522746000,1337.272,1341.234,1336.146,1338.4685,6123,16
1522760400,1338.4685,1338.62,1328.94,1334.0925,13871,16
1522774800,1334.0925,1334.938,1330.237,1332.76,5251,16
1522789200,1332.76,1333.672,1331.564,1332.6385,2014,12
1522803600,1332.6385,1336.02,1331.964,1335.243,3220,16
1522818000,1335.243,1345.158,1333.135,1342.12,10881,16
1522832400,1342.12,1348.266,1341.871,1347.1495,12146,16
1522846800,1347.1495,1347.718,1334.092,1336.4295,18232,16
1522861200,1336.4295,1337.309,1332.314,1333.3785,4966,16
1522875600,1333.3785,1334.966,1330.606,1330.765,2748,12
1522890000,1330.765,1332.198,1328.032,1328.6015,2982,16
1522904400,1328.6015,1329.519,1324.501,1326.204,5709,16
1522918800,1326.204,1330.913,1324.836,1325.5715,8145,16
1522933200,1325.5715,1329.836,1322.84,1324.988,15296,16
1522947600,1324.988,1327.077,1324.888,1326.647,3517,16
1522962000,1326.647,1332.356,1326.647,1330.779,4809,12
1522976400,1330.779,1333.432,1326.751,1327.9555,4867,16
1522990800,1327.9555,1328.674,1320.075,1324.1225,8455,16
1597136400,1989.528,1997.86,1953.246,1963.485,30808,16
1597150800,1963.485,1963.716,1937.858,1942.012,49229,16
1597165200,1942.012,1944.73,1901.616,1912.075,43605,16
1597179600,1912.075,1929.482,1905.568,1923.872,12529,12
1597194000,1923.872,1924.918,1862.899,1882.029,30951,16
1597208400,1882.029,1949.502,1873.18,1930.912,42197,16
1597222800,1930.912,1944.602,1922.333,1937.308,31847,16
1597237200,1937.308,1949.277,1927.637,1946.988,43566,16
1597251600,1946.988,1948.981,1907.114,1916.642,26544,16
1597266000,1916.642,1933.383,1913.058,1931.216,7165,12
1597280400,1931.216,1942.84,1921.684,1925.487,12655,16
1597294800,1925.487,1937.262,1924.55,1933.98,15392,16
1597309200,1933.98,1939.578,1920.512,1932.0,21469,16
1597323600,1932.0,1955.282,1926.786,1953.91,32731,16
1597338000,1953.91,1966.42,1937.832,1953.57,30460,16
1597352400,1953.57,1962.432,1947.178,1956.786,5909,12
1597366800,1956.786,1959.423,1945.212,1953.102,11268,16
1597381200,1953.102,1957.152,1938.938,1948.906,17624,16
1597395600,1948.906,1952.542,1940.918,1945.744,15198,16
1597410000,1945.744,1956.566,1933.4,1934.07,31937,16
1597424400,1934.07,1947.22,1932.32,1944.714,13812,16
1597611600,1944.714,1951.424,1929.648,1938.114,9042,12
1597626000,1938.114,1945.488,1932.903,1943.428,11010,16
1597640400,1943.428,1957.262,1942.52,1950.902,14311,16
1597654800,1950.902,1962.531,1947.952,1958.158,11147,16
1597669200,1958.158,1989.084,1957.222,1987.512,29276,16
1597683600,1987.512,1991.091,1979.668,1985.223,12350,16
1597698000,1985.223,1986.106,1980.766,1984.955,4788,12
1597712400,1984.955,1996.322,1983.56,1991.242,12776,16
1597726800,1991.242,2010.217,1990.686,2006.788,15912,16
1597741200,2006.788,2014.932,2001.326,2013.358,14161,16
1597755600,2013.358,2015.726,1976.038,2006.902,46835,16
1597770000,2006.902,2007.916,1999.75,2001.934,15366,16
1597784400,2001.934,2006.742,1993.615,2000.612,4673,12
1597798800,2000.612,2004.924,1989.866,1994.068,13790,16
1597813200,1994.068,1998.39,1980.59,1995.518,16523,16
1597827600,1995.518,1997.17,1981.452,1992.032,17310,16
1597842000,1992.032,1995.474,1954.034,1963.952,45774,16
1597856400,1963.952,1974.511,1924.778,1929.572,38857,16
1597870800,1929.572,1943.256,1925.058,1943.024,9112,12
1597885200,1943.024,1955.47,1933.327,1947.978,19023,16
1597899600,1947.978,1950.913,1927.415,1935.2,21413,16
1597914000,1935.2,1947.692,1924.864,1934.24,23633,16
1597928400,1934.24,1951.692,1926.231,1944.109,40930,16
1597942800,1944.109,1955.088,1937.545,1946.966,15694,16
1597957200,1946.966,1956.087,1946.761,1951.054,4707,12
1597971600,1951.054,1951.934,1940.886,1947.993,10106,16
1597986000,1947.993,1950.151,1928.468,1934.77,18715,16
1598000400,1934.77,1941.156,1911.586,1938.668,26614,16
1598014800,1938.668,1945.835,1921.794,1937.042,36770,16
1598029200,1937.042,1942.069,1935.7,1940.498,10094,16
1598216400,1940.498,1941.51,1930.007,1934.926,5796,12
1598230800,1934.926,1937.06,1930.583,1933.582,8105,16
1598245200,1933.582,1950.713,1931.326,1946.488,15065,16
1598259600,1946.488,1961.893,1944.246,1949.334,13209,16
1598274000,1949.334,1952.422,1927.405,1931.608,33050,16
1598288400,1931.608,1934.02,1923.931,1929.08,9832,16
1598302800,1929.08,1932.058,1926.612,1930.274,4113,12
1598317200,1930.274,1937.739,1928.946,1933.34,5613,16
1598331600,1933.34,1936.068,1925.03,1925.68,11992,16
1598346000,1925.68,1931.908,1919.921,1926.082,15482,16
1598360400,1926.082,1930.956,1914.389,1916.29,28339,16
1598374800,1916.29,1929.646,1915.172,1928.2,9758,16
1598389200,1928.2,1931.342,1925.918,1926.534,3489,12
1598403600,1926.534,1931.64,1922.616,1923.366,5267,16
1598418000,1923.366,1925.052,1913.82,1923.035,11172,16
1598432400,1923.035,1923.794,1902.726,1911.652,14894,16
1598446800,1911.652,1946.202,1910.26,1943.443,33640,16
1598461200,1943.443,1954.742,1943.443,1954.034,11973,16
1598475600,1954.034,1954.814,1948.0,1950.268,3810,12
1598490000,1950.268,1950.47,1938.646,1943.76,8578,16
1598504400,1943.76,1948.808,1937.132,1942.638,9636,16
1598518800,1942.638,1944.028,1932.452,1939.977,13029,16
1598533200,1939.977,1977.187,1910.19,1920.714,77107,16
1598547600,1920.714,1935.196,1919.285,1929.271,15905,16
1598562000,1929.271,1931.702,1923.188,1929.711,4130,12
1598576400,1929.711,1943.641,1928.988,1942.944,8438,16
1598590800,1942.944,1958.602,1940.454,1955.961,17857,16
1598605200,1955.961,1964.792,1948.312,1955.44,20911,16
1598619600,1955.44,1973.898,1950.864,1969.726,35696,16
1598634000,1969.726,1970.326,1960.511,1965.026,10087,16
1598821200,1965.026,1976.776,1965.026,1973.064,8271,12
1598835600,1973.064,1973.293,1967.56,1970.478,7258,16
1598850000,1970.478,1970.592,1954.416,1959.918,14529,16
1598864400,1959.918,1969.201,1959.918,1967.658,10903,16
1598878800,1967.658,1975.102,1962.201,1971.848,26878,16
1598893200,1971.848,1973.542,1966.251,1967.646,10208,16
1598907600,1967.646,1970.612,1965.338,1968.297,3692,12
1598922000,1968.297,1989.672,1968.206,1986.326,12864,16
1598936400,1986.326,1992.565,1982.292,1989.418,11853,16
1598950800,1989.418,1991.866,1984.092,1989.134,10852,16
1598965200,1989.134,1991.295,1964.363,1975.087,33193,16
1598979600,1975.087,1975.087,1963.354,1970.486,11918,16
1598994000,1970.486,1973.334,1965.494,1967.149,4260,12
1599008400,1967.149,1969.15,1958.996,1963.006,8956,16
1599022800,1963.006,1967.873,1956.16,1965.392,13072,16
1599037200,1965.392,1971.972,1953.561,1964.995,20512,16
1599051600,1964.995,1965.568,1932.681,1936.278,35249,16
1599066000,1936.278,1945.734,1934.284,1942.888,9719,16
1599080400,1942.888,1946.25,1939.854,1944.566,2900,12
1599094800,1944.566,1951.178,1937.646,1937.708,7381,16
1599109200,1937.708,1940.975,1927.228,1936.11,16308,16
1599123600,1936.11,1937.28,1927.442,1934.456,14599,16
1599138000,1934.456,1946.019,1921.905,1927.863,40812,16
1599152400,1927.863,1938.464,1926.806,1930.673,14499,16
1599166800,1930.673,1937.2,1925.795,1934.919,5605,12
1599181200,1934.919,1942.3,1934.213,1936.672,9715,16
1599195600,1936.672,1940.049,1930.85,1939.922,12116,16
1599210000,1939.922,1949.496,1925.334,1927.42,18192,16
1599224400,1927.42,1931.978,1916.696,1927.079,39612,16
1599238800,1927.079,1938.724,1923.703,1934.024,12360,16
1599426000,1934.024,1937.894,1931.014,1933.062,2830,12
1599440400,1933.062,1941.477,1932.034,1935.142,8055,16
1599454800,1935.142,1935.976,1927.872,1931.326,8982,16
1599469200,1931.326,1931.326,1924.636,1929.416,5302,16
1599483600,1929.416,1932.789,1924.636,1928.448,8205,16
1599512400,1928.448,1932.318,1925.64,1928.648,2757,12
1599526800,1928.648,1929.794,1922.87,1926.196,5067,16
1599541200,1926.196,1935.582,1923.374,1923.623,9976,16
1599555600,1923.623,1925.57,1907.962,1914.302,21287,16
1599570000,1914.302,1939.216,1906.628,1938.996,36352,16
1599584400,1938.996,1940.856,1927.897,1931.694,12641,16
1599598800,1931.694,1932.91,1928.245,1928.888,2370,12
1599613200,1928.888,1930.364,1923.16,1929.357,5510,16
1599627600,1929.357,1934.417,1923.91,1931.827,10454,16
1599642000,1931.827,1937.94,1920.169,1935.996,11073,16
1599656400,1935.996,1949.021,1934.832,1948.245,22207,16
1599670800,1948.245,1950.852,1944.67,1946.534,5635,16
1599685200,1946.534,1950.202,1944.254,1946.87,2446,12
1599699600,1946.87,1950.744,1943.716,1946.716,5293,16
1599714000,1946.716,1949.405,1942.406,1946.339,8489,16
1599728400,1946.339,1958.414,1944.8,1956.254,12882,16
1599742800,1956.254,1966.57,1951.127,1954.063,27232,16
1599757200,1954.063,1957.909,1941.478,1946.27,15110,16
1599771600,1946.27,1949.242,1943.042,1948.916,3309,12
1599786000,1948.916,1949.313,1937.242,1940.106,8014,16
1599800400,1940.106,1946.344,1937.758,1945.31,8765,16
1599814800,1945.31,1948.238,1941.666,1945.885,8483,16
1599829200,1945.885,1954.773,1942.423,1942.75,17473,16
1599843600,1942.75,1944.067,1938.206,1940.456,8499,16
1600030800,1940.456,1943.432,1937.25,1940.274,2541,12
1600045200,1940.274,1951.743,1940.274,1946.562,5710,16
1600059600,1946.562,1949.244,1943.421,1945.954,5472,16
1600074000,1945.954,1956.347,1940.026,1956.18,8464,16
1600088400,1956.18,1962.535,1953.778,1956.406,13825,16
1600102800,1956.406,1959.22,1953.241,1956.442,4461,16
1600117200,1956.442,1958.126,1955.252,1956.305,1194,12
1600131600,1956.305,1967.11,1955.43,1965.876,5682,16
1600146000,1965.876,1969.192,1960.303,1963.708,6806,16
1600160400,1963.708,1972.221,1962.78,1967.432,8824,16
1600174800,1967.432,1969.594,1948.468,1958.09,18466,16
1600189200,1958.09,1958.916,1951.562,1954.198,5426,16
1600203600,1954.198,1955.966,1951.581,1952.845,1812,12
1600218000,1952.845,1961.575,1949.914,1959.748,4845,16
1600232400,1959.748,1968.816,1957.204,1965.45,6656,16
1600246800,1965.45,1970.665,1961.75,1967.659,8140,16
1600261200,1967.659,1973.782,1956.62,1965.352,16755,16
1600275600,1965.352,1970.159,1952.889,1959.59,25896,16
1600290000,1959.59,1960.987,1954.389,1957.286,3199,12
1600304400,1957.286,1959.664,1937.838,1940.662,13112,16
1600318800,1940.662,1947.524,1939.535,1944.948,10514,16
1600333200,1944.948,1948.89,1936.998,1943.207,10267,16
1600347600,1943.207,1949.572,1932.886,1944.92,24933,16
1600362000,1944.92,1949.084,1942.844,1944.276,5523,16
1600376400,1944.276,1951.892,1944.147,1951.09,2683,12
1600390800,1951.09,1955.643,1949.656,1952.012,5610,16
1600405200,1952.012,1956.167,1950.819,1955.498,6302,16
1600419600,1955.498,1956.092,1946.958,1951.504,6474,16
1600434000,1951.504,1959.864,1945.248,1958.795,15211,16
1600448400,1958.795,1960.134,1949.086,1950.506,6528,16
1600635600,1950.506,1951.854,1946.723,1951.028,3379,12
1600650000,1951.028,1955.624,1950.479,1953.388,5133,16
1600664400,1953.388,1954.722,1935.019,1939.191,9934,16
1600678800,1939.191,1939.191,1919.523,1921.978,13978,16
1600693200,1921.978,1923.936,1882.428,1902.826,53712,16
1600707600,1902.826,1913.556,1901.542,1912.674,13188,16
1600722000,1912.674,1920.057,1910.586,1917.943,5290,12
1600736400,1917.943,1918.702,1906.868,1916.14,12263,16
1600750800,1916.14,1916.361,1894.7,1903.682,20499,16
1600765200,1903.682,1912.711,1902.852,1912.424,14212,16
1600779600,1912.424,1917.635,1896.932,1899.373,33611,16
1600794000,1899.373,1907.134,1899.326,1900.038,8112,16
1600808400,1900.038,1905.438,1897.866,1902.706,4923,12
1600822800,1902.706,1905.197,1882.404,1887.442,16643,16
1600837200,1887.442,1890.13,1873.228,1881.425,22994,16
1600851600,1881.425,1895.046,1877.682,1881.85,17321,16
1600866000,1881.85,1888.016,1862.48,1866.454,37264,16
1600880400,1866.454,1868.032,1855.851,1863.45,15928,16
1600894800,1863.45,1864.837,1853.842,1861.618,10234,12
1600909200,1861.618,1868.926,1850.689,1851.7,15802,16
1600923600,1851.7,1861.477,1848.974,1853.972,18891,16
1600938000,1853.972,1861.512,1848.842,1855.556,18081,16
1600952400,1855.556,1873.26,1850.993,1870.672,36178,16
1600966800,1870.672,1877.119,1861.828,1867.818,18172,16
1600981200,1867.818,1871.572,1864.98,1868.087,3779,12
1600995600,1868.087,1873.484,1862.078,1873.134,8430,16
1601010000,1873.134,1875.22,1866.156,1871.328,11528,16
1601024400,1871.328,1872.896,1852.954,1860.771,20395,16
1601038800,1860.771,1865.888,1852.619,1862.15,26753,16
1601053200,1862.15,1866.798,1859.92,1861.62,7330,16
1601240400,1861.62,1866.168,1859.227,1859.672,3676,12
1601254800,1859.672,1864.158,1857.812,1861.852,5946,16
1601269200,1861.852,1862.102,1848.801,1852.466,12871,16
1601283600,1852.466,1872.54,1850.151,1868.01,16586,16
1601298000,1868.01,1877.149,1864.918,1874.618,22922,16
1601312400,1874.618,1883.101,1874.552,1881.414,7929,16
1601326800,1881.414,1886.248,1879.062,1883.394,3318,12
1601341200,1883.394,1887.329,1880.623,1881.512,5169,16
1601355600,1881.512,1884.805,1875.684,1882.049,10914,16
1601370000,1882.049,1890.181,1877.529,1884.238,11525,16
1601384400,1884.238,1895.7,1881.1,1895.592,19411,16
1601398800,1895.592,1899.083,1893.917,1897.205,6503,16
1601413200,1897.205,1899.184,1894.544,1895.126,1879,12
1601427600,1895.126,1897.484,1887.259,1890.431,7784,16
1601442000,1890.431,1892.089,1882.656,1883.671,9246,16
1601456400,1883.671,1900.056,1881.524,1895.51,11460,16
1601470800,1895.51,1902.349,1881.738,1897.82,26880,16
1601485200,1897.82,1897.82,1884.758,1885.5,16508,16
1601499600,1885.5,1888.903,1884.72,1885.2,2794,12
1601514000,1885.2,1895.616,1885.162,1894.44,4885,16
1601528400,1894.44,1900.39,1892.444,1894.477,8002,16
1601542800,1894.477,1909.336,1893.386,1903.764,11337,16
1601557200,1903.764,1912.662,1896.432,1908.57,28062,16
1601571600,1908.57,1911.678,1903.717,1906.12,18505,16
1601586000,1906.12,1907.49,1899.756,1900.681,2825,12
1601600400,1900.681,1901.412,1890.525,1891.342,5374,16
1601614800,1891.342,1917.165,1889.866,1906.092,19277,16
1601629200,1906.092,1912.094,1905.558,1911.712,13803,16
1601643600,1911.712,1911.934,1898.202,1901.509,24836,16
1601658000,1901.509,1904.82,1898.206,1899.168,8878,16
1601845200,1899.168,1904.354,1898.206,1900.852,4766,12
1601859600,1900.852,1901.288,1891.557,1893.212,5105,16
1601874000,1893.212,1898.554,1887.132,1897.974,8319,16
1601888400,1897.974,1908.44,1897.438,1906.724,7069,16
1601902800,1906.724,1918.694,1905.664,1916.334,17504,16
1601917200,1916.334,1916.508,1910.822,1913.445,4332,16
1601931600,1913.445,1914.252,1911.232,1914.252,2406,12
1601946000,1914.252,1914.665,1908.39,1912.333,3315,16
1601960400,1912.333,1914.622,1906.77,1909.722,6477,16
1601974800,1909.722,1919.286,1909.193,1915.891,8277,16
1601989200,1915.891,1921.277,1900.988,1903.974,20380,16
1602003600,1903.974,1906.596,1874.808,1878.177,25031,16
1602018000,1878.177,1881.239,1874.929,1878.446,6429,12
1602032400,1878.446,1884.222,1872.898,1882.834,6350,16
1602046800,1882.834,1898.066,1882.052,1889.93,8315,16
1602061200,1889.93,1891.928,1882.708,1889.888,9885,16
1602075600,1889.888,1890.544,1879.302,1886.574,21058,16
1602090000,1886.574,1888.812,1885.081,1887.592,5523,16
1602104400,1887.592,1888.474,1884.439,1886.478,2188,12
1602118800,1886.478,1889.316,1883.544,1885.696,4056,16
1602133200,1885.696,1895.46,1885.676,1892.048,6652,16
1602147600,1892.048,1899.963,1890.266,1898.28,7583,16
1602162000,1898.28,1900.687,1883.376,1885.317,17951,16
1602176400,1885.317,1894.952,1882.0,1893.608,5230,16
1602190800,1893.608,1899.446,1893.602,1899.397,2024,12
1602205200,1899.397,1912.972,1899.397,1909.143,6110,16
1602219600,1909.143,1916.696,1905.763,1915.269,6378,16
1602234000,1915.269,1921.809,1911.877,1920.91,7225,16
1602248400,1920.91,1929.319,1916.691,1923.506,16197,16
1602262800,1923.506,1930.57,1920.704,1930.521,5856,16
1602450000,1930.521,1933.292,1922.4,1925.206,5452,12
1602464400,1925.206,1930.599,1921.67,1928.713,8895,16
1602478800,1928.713,1932.062,1922.604,1923.778,8086,16
1602493200,1923.778,1928.459,1918.643,1925.264,7037,16
1602507600,1925.264,1925.856,1919.335,1924.949,13539,16
1602522000,1924.949,1925.472,1920.315,1922.702,4322,16
1602536400,1922.702,1925.508,1918.648,1921.89,3312,12
1602550800,1921.89,1921.89,1910.418,1912.16,8139,16
1602565200,1912.16,1925.034,1911.221,1922.857,9613,16
1602579600,1922.857,1924.184,1909.208,1909.671,10746,16
1602594000,1909.671,1909.729,1886.578,1891.438,26151,16
1602608400,1891.438,1895.238,1888.429,1891.204,6275,16
1602622800,1891.204,1894.211,1890.334,1891.775,2174,12
1602637200,1891.775,1897.864,1882.434,1894.343,7661,16
1602651600,1894.343,1900.134,1892.601,1899.03,6346,16
1602666000,1899.03,1909.364,1894.512,1907.736,9328,16
1602680400,1907.736,1912.962,1899.847,1901.323,16419,16
1602694800,1901.323,1904.653,1899.186,1901.679,4298,16
1602709200,1901.679,1902.762,1894.7,1895.97,3501,12
1602723600,1895.97,1902.108,1892.092,1901.362,7522,16
1602738000,1901.362,1903.704,1892.796,1894.961,10813,16
1602752400,1894.961,1897.706,1889.644,1895.391,15420,16
1602766800,1895.391,1906.94,1891.768,1903.722,23436,16
1602781200,1903.722,1908.999,1902.744,1908.256,4880,16
1602795600,1908.256,1908.936,1905.18,1907.468,1885,12
1602810000,1907.468,1910.574,1904.172,1905.932,4031,16
1602824400,1905.932,1912.675,1902.936,1909.914,7195,16
1602838800,1909.914,1914.046,1905.416,1907.046,7983,16
1602853200,1907.046,1910.473,1897.878,1903.056,13813,16
1602867600,1903.056,1904.704,1897.987,1899.33,3276,16
1603054800,1899.33,1903.158,1898.792,1901.3,2827,12
1603069200,1901.3,1903.44,1897.166,1903.024,5303,16
1603083600,1903.024,1912.39,1902.578,1911.476,7689,16
1603098000,1911.476,1918.54,1909.319,1911.954,6990,16
1603112400,1911.954,1912.46,1902.933,1909.828,11437,16
1603126800,1909.828,1910.464,1900.694,1904.4,5038,16
1603141200,1904.4,1905.247,1901.768,1903.446,1600,12
1603155600,1903.446,1904.246,1894.605,1901.371,5764,16
1603170000,1901.371,1904.174,1898.929,1901.76,6891,16
1603184400,1901.76,1908.248,1900.368,1905.305,7083,16
1603198800,1905.305,1912.344,1897.738,1908.866,15838,16
1603213200,1908.866,1914.125,1906.724,1907.169,5017,16
1603227600,1907.169,1915.686,1907.169,1914.604,2808,12
1603242000,1914.604,1920.483,1913.658,1919.077,5301,16
1603256400,1919.077,1922.848,1915.089,1915.688,7768,16
1603270800,1915.688,1926.384,1914.631,1924.928,7649,16
1603285200,1924.928,1931.401,1920.214,1925.074,15330,16
1603299600,1925.074,1926.272,1921.675,1924.456,5074,16
1603314000,1924.456,1925.94,1919.656,1921.428,2926,12
1603328400,1921.428,1922.334,1910.918,1913.642,5359,16
1603342800,1913.642,1920.484,1913.6,1917.094,5421,16
1603357200,1917.094,1918.896,1902.408,1905.784,8469,16
1603371600,1905.784,1908.059,1894.775,1900.615,17202,16
1603386000,1900.615,1905.666,1899.957,1904.014,3935,16
1603400400,1904.014,1907.534,1901.438,1903.246,2568,12
1603414800,1903.246,1907.844,1901.772,1905.898,3773,16
1603429200,1905.898,1912.232,1902.829,1911.062,5562,16
1603443600,1911.062,1914.359,1908.45,1910.326,5442,16
1603458000,1910.326,1911.67,1894.483,1901.069,13569,16
1603472400,1901.069,1905.584,1900.832,1902.04,3691,16
1603659600,1902.04,1904.094,1891.508,1900.251,4665,12
1603674000,1900.251,1902.518,1896.52,1897.616,4591,16
1603688400,1897.616,1902.172,1894.961,1898.506,7243,16
1603702800,1898.506,1906.253,1897.756,1901.736,7520,16
1603717200,1901.736,1908.594,1898.962,1904.144,15434,16
1603731600,1904.144,1905.141,1900.382,1902.272,4592,16
1603746000,1902.272,1905.514,1901.548,1905.208,1524,12
1603760400,1905.208,1910.455,1905.208,1907.776,3538,16
1603774800,1907.776,1910.432,1900.28,1901.349,5989,16
1603789200,1901.349,1905.901,1897.914,1905.816,5516,16
1603803600,1905.816,1911.354,1902.13,1909.329,9505,16
1603818000,1909.329,1911.107,1906.446,1907.78,2780,16
1603832400,1907.78,1908.52,1902.513,1906.785,2813,12
1603846800,1906.785,1908.849,1904.577,1908.216,2789,16
1603861200,1908.216,1910.826,1902.07,1904.132,5658,16
1603875600,1904.132,1904.312,1876.75,1882.423,13366,16
1603890000,1882.423,1884.287,1869.46,1880.733,24203,16
1603904400,1880.733,1881.7,1875.165,1877.246,8772,16
1603918800,1877.246,1880.224,1876.122,1878.398,2541,12
1603933200,1878.398,1882.647,1875.954,1881.994,4352,16
1603947600,1881.994,1885.054,1877.27,1877.662,6896,16
1603962000,1877.662,1881.825,1862.578,1864.27,12812,16
1603976400,1864.27,1876.78,1860.08,1868.401,27306,16
1603990800,1868.401,1871.574,1865.697,1867.959,6668,16
1604005200,1867.959,1869.367,1865.21,1867.213,3171,12
1604019600,1867.213,1878.138,1864.396,1873.683,5618,16
1604034000,1873.683,1875.272,1866.73,1869.538,12043,16
1604048400,1869.538,1889.584,1869.228,1887.488,10111,16
1604062800,1887.488,1889.756,1874.804,1881.698,19526,16
1604077200,1881.698,1881.698,1877.29,1878.952,6352,16
1604268000,1878.952,1882.504,1873.504,1881.298,5478,12
1604282400,1881.298,1885.645,1879.894,1884.24,4028,16
1604296800,1884.24,1890.602,1880.953,1887.064,8699,16
1604311200,1887.064,1893.136,1886.362,1889.566,7863,16
1604325600,1889.566,1895.002,1885.872,1893.644,11707,16
1604340000,1893.644,1896.084,1891.338,1895.774,3613,16
1604354400,1895.774,1898.082,1891.866,1897.678,2639,12
1604368800,1897.678,1898.545,1890.767,1892.15,3852,16
1604383200,1892.15,1900.882,1887.096,1899.3,7781,16
1604397600,1899.3,1908.064,1897.0,1906.758,7878,16
1604412000,1906.758,1910.588,1899.85,1909.107,12239,16
1604426400,1909.107,1910.633,1904.44,1909.81,5241,16
1604440800,1909.81,1916.484,1882.212,1901.66,20218,12
1604455200,1901.66,1904.242,1883.225,1896.556,33720,16
1604469600,1896.556,1901.276,1887.948,1890.581,23853,16
1604484000,1890.581,1912.318,1887.103,1905.978,18968,16
1604498400,1905.978,1909.748,1893.321,1894.628,21945,16
1604512800,1894.628,1905.955,1893.296,1903.015,6563,16
1604527200,1903.015,1909.817,1902.332,1907.437,5658,12
1604541600,1907.437,1910.588,1903.191,1909.617,5709,16
1604556000,1909.617,1919.248,1907.434,1917.292,11044,16
1604570400,1917.292,1933.003,1914.727,1931.738,14674,16
1604584800,1931.738,1952.786,1927.004,1947.674,20094,16
1604599200,1947.674,1952.577,1944.987,1949.632,11739,16
1604613600,1949.632,1949.632,1938.63,1944.257,8390,12
1604628000,1944.257,1945.878,1935.722,1939.033,7770,16
1604642400,1939.033,1950.794,1936.976,1948.371,10857,16
1604656800,1948.371,1960.345,1946.429,1958.78,16828,16
1604671200,1958.78,1960.386,1941.32,1951.722,25500,16
1604685600,1951.722,1955.318,1950.136,1951.193,4318,16
1604872800,1951.193,1959.904,1951.193,1955.793,8197,12
1604887200,1955.793,1965.572,1954.816,1961.944,6019,16
1604901600,1961.944,1963.266,1953.625,1958.686,10132,16
1604916000,1958.686,1960.481,1868.946,1880.768,51901,16
1604930400,1880.768,1885.895,1850.53,1862.27,45977,16
1604944800,1862.27,1869.786,1855.498,1861.914,12963,16
1604959200,1861.914,1875.099,1860.146,1874.364,9622,12
1604973600,1874.364,1884.961,1874.144,1881.606,6702,16
1604988000,1881.606,1890.513,1875.239,1878.912,12468,16
1605002400,1878.912,1883.566,1867.524,1877.59,16596,16
1605016800,1877.59,1885.372,1876.05,1881.905,21316,16
1605031200,1881.905,1882.557,1872.074,1877.281,8116,16
1605045600,1877.281,1881.656,1874.462,1879.748,5166,12
1605060000,1879.748,1883.368,1878.387,1882.093,4758,16
1605074400,1882.093,1884.473,1874.636,1881.31,9776,16
1605088800,1881.31,1881.987,1858.362,1858.64,13075,16
1605103200,1858.64,1867.874,1856.448,1862.438,16447,16
1605117600,1862.438,1866.102,1862.016,1865.42,3492,16
1605132000,1865.42,1871.541,1862.787,1871.069,4551,12
1605146400,1871.069,1872.731,1868.344,1870.138,4003,16
1605160800,1870.138,1873.006,1863.318,1870.885,9647,16
1605175200,1870.885,1879.874,1867.321,1877.074,8873,16
1605189600,1877.074,1883.878,1874.772,1877.473,13539,16
1605204000,1877.473,1878.026,1874.154,1876.974,5595,16
1605218400,1876.974,1882.008,1874.198,1879.236,3592,12
1605232800,1879.236,1880.878,1876.17,1879.664,3254,16
1605247200,1879.664,1880.864,1875.965,1880.542,5582,16
1605261600,1880.542,1895.504,1877.396,1894.85,9469,16
1605276000,1894.85,1896.882,1887.822,1890.602,10584,16
1605290400,1890.602,1890.855,1884.743,1889.565,3460,16
1605477600,1889.565,1898.424,1886.994,1896.454,5118,12
1605492000,1896.454,1899.112,1891.18,1892.07,3892,16
1605506400,1892.07,1895.268,1887.559,1894.336,6626,16
1605520800,1894.336,1894.435,1864.541,1886.113,24850,16
1605535200,1886.113,1896.022,1885.228,1889.408,12063,16
1605549600,1889.408,1889.844,1885.181,1888.839,3604,16
1605564000,1888.839,1891.596,1887.052,1888.845,3152,12
1605578400,1888.845,1892.502,1884.891,1886.95,3133,16
1605592800,1886.95,1892.753,1884.339,1890.277,8051,16
1605607200,1890.277,1893.536,1885.974,1891.303,8788,16
1605621600,1891.303,1892.393,1884.739,1886.937,10711,16
1605636000,1886.937,1888.012,1876.988,1880.388,5048,16
1605650400,1880.388,1883.272,1876.485,1878.998,4183,12
1605664800,1878.998,1881.504,1875.78,1879.806,3335,16
1605679200,1879.806,1884.782,1876.52,1879.532,6135,16
1605693600,1879.532,1879.996,1863.772,1875.992,14226,16
1605708000,1875.992,1884.856,1874.708,1875.348,10062,16
1605722400,1875.348,1876.176,1869.062,1872.464,4939,16
1605736800,1872.464,1874.116,1868.576,1870.408,4703,12
1605751200,1870.408,1871.734,1858.24,1862.53,4539,16
1605765600,1862.53,1865.756,1855.249,1861.535,10230,16
1605780000,1861.535,1865.078,1852.792,1860.728,11740,16
1605794400,1860.728,1863.936,1855.933,1862.896,12011,16
1605808800,1862.896,1867.788,1862.68,1866.12,3592,16
1605823200,1866.12,1867.714,1860.967,1865.055,4750,12
1605837600,1865.055,1869.327,1862.25,1869.063,3400,16
1605852000,1869.063,1869.861,1861.06,1867.15,9457,16
1605866400,1867.15,1868.78,1863.559,1867.497,7033,16
1605880800,1867.497,1879.818,1867.457,1872.396,10157,16
1605895200,1872.396,1874.848,1869.997,1870.987,2602,16
1606082400,1870.987,1876.024,1868.925,1873.286,2948,12
1606096800,1873.286,1874.782,1870.588,1873.749,2544,16
1606111200,1873.749,1876.139,1866.797,1869.038,6016,16
1606125600,1869.038,1869.888,1862.622,1867.074,8622,16
1606140000,1867.074,1868.224,1831.073,1839.82,27734,16
1606154400,1839.82,1841.132,1835.556,1837.828,4264,16
1606168800,1837.828,1839.038,1826.342,1827.937,8115,12
1606183200,1827.937,1829.158,1821.373,1826.585,7489,16
1606197600,1826.585,1833.064,1823.669,1825.68,9076,16
1606212000,1825.68,1826.103,1804.531,1805.889,17773,16
1606226400,1805.889,1808.694,1800.424,1805.06,20769,16
1606240800,1805.06,1808.787,1803.584,1807.459,4346,16
1606255200,1807.459,1812.17,1805.39,1810.685,4576,12
1606269600,1810.685,1811.239,1801.806,1804.278,4704,16
1606284000,1804.278,1815.235,1803.724,1813.388,7933,16
1606298400,1813.388,1816.763,1806.636,1814.289,8470,16
1606312800,1814.289,1817.771,1808.673,1808.718,9609,16
1606327200,1808.718,1809.516,1804.334,1807.846,5314,16
1606341600,1807.846,1812.757,1806.744,1811.249,4211,12
1606356000,1811.249,1812.182,1806.862,1808.529,2703,16
1606370400,1808.529,1818.336,1808.529,1814.048,6402,16
1606384800,1814.048,1815.297,1811.159,1814.156,4039,16
1606399200,1814.156,1814.402,1805.857,1810.474,6590,16
1606428000,1810.474,1813.868,1808.596,1809.752,2504,12
1606442400,1809.752,1811.151,1802.932,1810.188,3641,16
1606456800,1810.188,1811.505,1807.042,1808.46,4701,16
1606471200,1808.46,1809.806,1774.892,1778.59,15213,16
1606485600,1778.59,1788.718,1774.41,1787.998,16483,16
1606500000,1787.998,1788.406,1785.946,1786.92,1192,3
1606687200,1786.92,1789.937,1781.024,1783.044,5338,12
1606701600,1783.044,1783.044,1764.57,1770.697,9689,16
1606716000,1770.697,1783.914,1768.918,1774.166,10969,16
1606730400,1774.166,1775.528,1764.668,1772.666,11748,16
1606744800,1772.666,1784.534,1769.596,1778.038,16800,16
1606759200,1778.038,1781.524,1775.52,1776.881,4322,16
1606773600,1776.881,1780.802,1775.897,1779.053,2844,12
1606788000,1779.053,1788.37,1779.004,1787.212,3938,16
1606802400,1787.212,1795.231,1784.778,1794.988,7048,16
1606816800,1794.988,1813.43,1794.864,1812.914,11627,16
1606831200,1812.914,1815.27,1805.046,1813.051,16379,16
1606845600,1813.051,1817.362,1812.866,1815.137,3946,16
1606860000,1815.137,1815.66,1810.724,1813.106,2961,12
1606874400,1813.106,1814.375,1807.543,1810.078,3691,16
1606888800,1810.078,1827.318,1809.939,1825.154,8492,16
1606903200,1825.154,1832.518,1812.782,1815.869,11763,16
1606917600,1815.869,1829.577,1813.906,1826.058,12947,16
1606932000,1826.058,1831.795,1825.561,1830.705,3142,16
1606946400,1830.705,1831.841,1826.224,1826.572,3431,12
1606960800,1826.572,1837.45,1826.492,1834.478,4439,16
1606975200,1834.478,1843.586,1830.702,1837.896,8119,16
1606989600,1837.896,1843.984,1834.859,1836.289,9975,16
1607004000,1836.289,1843.361,1823.772,1837.931,17111,16
1607018400,1837.931,1842.36,1835.44,1840.936,3863,16
1607032800,1840.936,1842.778,1838.074,1839.448,2609,12
1607047200,1839.448,1844.835,1838.072,1838.668,3385,16
1607061600,1838.668,1844.291,1837.912,1842.308,6081,16
1607076000,1842.308,1847.976,1833.318,1837.82,13229,16
1607090400,1837.82,1848.202,1829.276,1834.238,17965,16
1607104800,1834.238,1839.246,1833.765,1838.79,2864,16
1607292000,1838.79,1839.497,1833.113,1837.762,5077,12
1607306400,1837.762,1842.274,1836.201,1842.108,3952,16
1607320800,1842.108,1842.537,1822.253,1831.908,11512,16
1607335200,1831.908,1840.269,1827.643,1839.422,8751,16
1607349600,1839.422,1868.576,1838.1,1865.508,14454,16
1607364000,1865.508,1865.644,1858.099,1862.424,3932,16
1607378400,1862.424,1866.52,1856.95,1863.988,3788,14
1607392800,1863.988,1871.878,1863.657,1867.466,4581,16
1607407200,1867.466,1869.769,1861.389,1864.632,7070,16
1607421600,1864.632,1872.712,1860.352,1864.852,9555,16
1607436000,1864.852,1875.306,1862.155,1872.926,13212,16
1607450400,1872.926,1873.404,1869.14,1870.434,2444,16
1607464800,1870.434,1870.62,1865.49,1867.442,2634,12
1607479200,1867.442,1868.589,1855.698,1859.196,6022,16
1607493600,1859.196,1866.277,1858.108,1861.002,8660,16
1607508000,1861.002,1864.198,1851.636,1859.108,11845,16
1607522400,1859.108,1859.242,1837.643,1841.954,21740,16
1607536800,1841.954,1841.998,1825.579,1840.086,9682,16
1607551200,1840.086,1840.089,1833.805,1839.571,4960,12
1607565600,1839.571,1842.52,1838.104,1839.461,4641,16
1607580000,1839.461,1840.156,1828.77,1831.996,9178,16
1607594400,1831.996,1846.838,1830.868,1845.545,12300,16
1607608800,1845.545,1850.015,1830.548,1830.729,17228,16
1607623200,1830.729,1837.013,1830.282,1836.693,4090,16
1607637600,1836.693,1840.402,1835.539,1840.202,3688,12
1607652000,1840.202,1840.75,1834.338,1834.784,4009,16
1607666400,1834.784,1837.774,1831.614,1837.062,7756,16
1607680800,1837.062,1841.08,1824.184,1840.106,13555,16
1607695200,1840.106,1847.751,1834.956,1842.052,12066,16
1607709600,1842.052,1842.658,1837.972,1839.303,3090,16
1607896800,1839.303,1839.624,1834.392,1835.416,4428,12
1607911200,1835.416,1837.663,1832.997,1834.516,2807,16
1607925600,1834.516,1835.175,1825.552,1829.083,7225,16
1607940000,1829.083,1834.424,1819.418,1832.711,11734,16
1607954400,1832.711,1839.104,1822.282,1828.942,14804,16
1607968800,1828.942,1830.371,1824.587,1827.059,3733,16
1607983200,1827.059,1829.964,1825.568,1829.796,3262,12
1607997600,1829.796,1840.915,1829.209,1838.645,4975,16
1608012000,1838.645,1847.604,1837.92,1845.706,7279,16
1608026400,1845.706,1855.442,1842.494,1852.88,10530,16
1608040800,1852.88,1854.469,1844.69,1850.489,11790,16
1608055200,1850.489,1854.748,1850.489,1853.45,3823,16
1608069600,1853.45,1854.316,1851.036,1851.912,2260,12
1608084000,1851.912,1858.392,1851.872,1855.532,4075,16
1608098400,1855.532,1865.426,1853.204,1865.078,8746,16
1608112800,1865.078,1865.65,1849.472,1851.859,15537,16
1608127200,1851.859,1858.897,1849.512,1854.99,13448,16
1608141600,1854.99,1865.532,1844.844,1864.552,15767,16
1608156000,1864.552,1867.58,1862.587,1864.568,3867,12
1608170400,1864.568,1870.476,1862.129,1869.59,4025,16
1608184800,1869.59,1883.222,1868.444,1878.774,9388,16
1608199200,1878.774,1890.12,1872.06,1887.96,13803,16
1608213600,1887.96,1896.318,1883.68,1887.508,15752,16
1608228000,1887.508,1889.074,1882.692,1885.546,4373,16
1608242400,1885.546,1886.127,1878.616,1880.065,3829,12
1608256800,1880.065,1886.794,1879.102,1882.836,4171,16
1608271200,1882.836,1883.446,1877.494,1879.69,6119,16
1608285600,1879.69,1889.722,1878.095,1885.294,11632,16
1608300000,1885.294,1888.337,1877.678,1884.232,14424,16
1608314400,1884.232,1884.852,1878.546,1881.479,3051,16
1608501600,1881.479,1899.514,1881.479,1896.908,7255,12
1608516000,1896.908,1903.093,1893.344,1902.858,6125,16
1608530400,1902.858,1906.809,1880.002,1886.642,16218,16
1608544800,1886.642,1886.642,1855.148,1882.28,43829,16
1608559200,1882.28,1885.854,1874.64,1878.088,18901,16
1608573600,1878.088,1879.921,1874.034,1876.848,6567,16
1608588000,1876.848,1882.95,1875.889,1881.712,4870,12
1608602400,1881.712,1884.336,1874.575,1876.116,5956,16
1608616800,1876.116,1878.876,1866.794,1872.186,12099,16
1608631200,1872.186,1879.058,1870.32,1878.88,10704,16
1608645600,1878.88,1881.56,1860.828,1867.782,15769,16
1608660000,1867.782,1867.989,1859.032,1860.254,5841,16
1608674400,1860.254,1867.588,1860.254,1866.124,5332,12
1608688800,1866.124,1868.036,1861.892,1866.588,4996,16
1608703200,1866.588,1872.45,1863.238,1868.764,7504,16
1608717600,1868.764,1870.59,1857.132,1868.712,12417,16
1608732000,1868.712,1878.611,1866.668,1873.084,13484,16
1608746400,1873.084,1874.529,1869.956,1873.37,3045,16
1608760800,1873.37,1877.646,1871.122,1876.514,3479,12
1608775200,1876.514,1879.871,1873.966,1875.86,3436,16
1608789600,1875.86,1880.703,1874.906,1878.098,5337,16
1608804000,1878.098,1878.12,1871.242,1873.948,7567,16
1608818400,1873.948,1879.97,1869.582,1879.684,7611,16
1608832800,1879.684,1883.725,1878.975,1879.555,958,3
1609106400,1879.555,1899.056,1879.555,1898.396,9073,12
1609120800,1898.396,1900.296,1887.564,1890.362,5266,16
1609135200,1890.362,1890.714,1877.266,1885.616,10393,16
1609149600,1885.616,1888.117,1869.309,1887.862,14101,16
1609164000,1887.862,1896.552,1875.769,1876.654,14431,16
1609178400,1876.654,1879.198,1871.198,1873.694,5175,16
1609192800,1873.694,1882.832,1873.378,1878.526,4374,12
1609207200,1878.526,1882.07,1875.236,1877.019,6324,16
1609221600,1877.019,1883.596,1875.644,1881.958,6589,16
1609236000,1881.958,1883.052,1874.342,1879.854,9234,16
1609250400,1879.854,1886.44,1871.868,1879.154,12969,16
1609264800,1879.154,1880.02,1876.725,1878.349,3234,16
1609279200,1878.349,1884.34,1877.045,1883.148,3308,12
1609293600,1883.148,1886.174,1881.5,1881.766,3304,16
1609308000,1881.766,1882.537,1877.661,1878.378,5518,16
1609322400,1878.378,1883.877,1876.199,1883.512,6110,16
1609336800,1883.512,1889.114,1879.173,1888.924,10862,16
1609351200,1888.924,1894.581,1888.473,1894.508,2938,16
1609365600,1894.508,1899.9,1892.972,1896.912,3959,12
1609380000,1896.912,1898.568,1885.528,1890.315,5241,16
1609394400,1890.315,1896.161,1886.074,1894.731,9058,16
1609408800,1894.731,1898.879,1891.266,1898.262,5052,16
1609423200,1898.262,1900.439,1891.924,1894.526,10826,16
1609437600,1894.526,1901.026,1890.472,1898.391,3404,16
1609711200,1898.391,1918.835,1898.391,1916.792,9048,12
1609725600,1916.792,1925.354,1915.698,1921.791,5463,16
1609740000,1921.791,1935.262,1921.564,1932.362,8510,16
1609754400,1932.362,1942.217,1928.083,1939.942,12008,16
1609768800,1939.942,1944.518,1929.416,1937.168,22231,16
1609783200,1937.168,1944.254,1936.41,1942.887,6701,16
1609797600,1942.887,1945.738,1934.443,1937.523,5614,12
1609812000,1937.523,1944.024,1936.781,1938.511,5845,16
1609826400,1938.511,1948.374,1937.066,1945.728,9033,16
1609840800,1945.728,1951.968,1943.627,1949.558,10507,16
1609855200,1949.558,1952.732,1939.133,1950.131,17929,16
1609869600,1950.131,1953.093,1947.806,1950.076,5710,16
1609884000,1950.076,1955.412,1946.832,1948.044,9726,12
1609898400,1948.044,1950.036,1941.486,1943.865,10129,16
1609912800,1943.865,1957.922,1943.354,1957.856,10276,16
1609927200,1957.856,1959.406,1926.037,1933.052,24701,16
1609941600,1933.052,1938.254,1900.9,1907.64,32140,16
1609956000,1907.64,1924.38,1906.175,1919.062,14285,16
1609970400,1919.062,1924.685,1915.782,1918.242,7654,12
1609984800,1918.242,1921.233,1914.869,1920.896,5693,16
1609999200,1920.896,1927.725,1915.076,1915.892,12605,16
1610013600,1915.892,1921.27,1908.95,1913.304,15879,16
1610028000,1913.304,1919.9,1906.982,1911.174,19309,16
1610042400,1911.174,1918.136,1910.493,1913.589,4764,16
1610056800,1913.589,1917.545,1910.621,1911.068,4877,12
1610071200,1911.068,1912.764,1906.674,1908.25,5272,16
1610085600,1908.25,1911.776,1877.74,1891.973,20338,16
1610100000,1891.973,1894.586,1876.487,1890.968,19680,16
1610114400,1890.968,1892.77,1839.664,1844.104,46625,16
1610128800,1844.104,1850.036,1828.276,1849.215,21989,16
1610316000,1849.215,1856.825,1817.16,1828.818,18355,12
1610330400,1828.818,1842.19,1826.556,1840.72,14080,16
1610344800,1840.72,1855.57,1839.076,1848.738,18339,16
1610359200,1848.738,1852.456,1832.007,1834.544,15965,16
1610373600,1834.544,1850.723,1829.124,1848.645,24893,16
1610388000,1848.645,1851.672,1843.509,1843.61,7158,16
1610402400,1843.61,1848.624,1841.394,1845.989,6897,12
1610416800,1845.989,1858.289,1845.248,1858.206,6302,16
1610431200,1858.206,1863.53,1853.902,1862.732,9066,16
1610445600,1862.732,1863.87,1842.796,1844.387,14416,16
1610460000,1844.387,1848.279,1836.767,1839.58,20727,16
1610474400,1839.58,1857.386,1839.488,1854.738,9477,16
1610488800,1854.738,1863.108,1853.856,1862.175,5437,12
1610503200,1862.175,1862.445,1857.35,1858.358,4560,16
1610517600,1858.358,1862.837,1849.483,1855.47,10882,16
1610532000,1855.47,1859.19,1849.746,1857.998,12306,16
1610546400,1857.998,1861.27,1852.057,1855.857,11887,16
1610560800,1855.857,1859.156,1842.094,1845.272,6421,16
1610575200,1845.272,1852.27,1844.955,1849.31,3809,12
1610589600,1849.31,1849.354,1829.486,1844.428,11094,16
1610604000,1844.428,1845.306,1836.29,1841.397,11536,16
1610618400,1841.397,1844.8,1836.8,1843.954,12845,16
1610632800,1843.954,1856.096,1841.45,1855.476,18024,16
1610647200,1855.476,1857.593,1843.894,1846.258,9576,16
1610661600,1846.258,1855.74,1845.536,1852.247,5220,12
1610676000,1852.247,1854.099,1847.48,1850.012,4835,16
1610690400,1850.012,1856.992,1846.825,1855.287,9117,16
1610704800,1855.287,1855.981,1836.65,1838.711,13983,16
1610719200,1838.711,1845.569,1823.462,1831.621,25684,16
1610733600,1831.621,1832.408,1825.33,1828.586,6789,16
1610920800,1828.586,1829.9,1802.955,1825.22,14765,12
1610935200,1825.22,1840.45,1824.645,1838.6,7497,16
1610949600,1838.6,1840.85,1830.095,1831.835,8960,16
1610964000,1831.835,1838.43,1829.735,1835.305,7972,16
1610978400,1835.305,1839.36,1832.7,1837.785,7232,16
1611007200,1837.785,1843.75,1836.115,1840.77,4850,12
1611021600,1840.77,1841.95,1836.34,1837.83,5158,16
1611036000,1837.83,1845.205,1836.74,1843.34,7436,16
1611050400,1843.34,1845.67,1833.145,1840.13,10834,16
1611064800,1840.13,1843.55,1833.46,1842.736,17190,16
1611079200,1842.736,1842.915,1837.155,1840.025,4217,16
1611093600,1840.025,1847.496,1839.546,1846.44,4885,12
1611108000,1846.44,1851.94,1846.44,1851.37,4074,16
1611122400,1851.37,1857.43,1850.57,1854.766,6809,16
1611136800,1854.766,1855.255,1832.57,1849.115,14424,16
1611151200,1849.115,1870.48,1848.815,1863.346,22411,16
1611165600,1863.346,1871.8,1863.346,1871.65,4634,16
1611180000,1871.65,1872.305,1867.135,1869.09,4689,12
1611194400,1869.09,1874.89,1868.115,1874.37,5215,16
1611208800,1874.37,1875.17,1866.285,1871.886,8766,16
1611223200,1871.886,1872.515,1859.79,1861.09,14570,16
1611237600,1861.09,1868.2,1858.28,1864.935,15831,16
1611252000,1864.935,1871.53,1864.695,1869.92,4901,16
1611266400,1869.92,1870.84,1863.015,1864.47,4531,12
1611280800,1864.47,1865.35,1859.98,1862.574,5628,16
1611295200,1862.574,1863.965,1857.245,1858.955,9232,16
1611309600,1858.955,1859.285,1837.46,1843.335,20114,16
1611324000,1843.335,1858.475,1838.356,1855.724,18927,16
1611338400,1855.724,1858.09,1852.615,1855.8,4538,16
1611525600,1855.8,1860.06,1852.91,1855.04,6417,12
1611540000,1855.04,1856.61,1851.285,1853.325,4535,16
1611554400,1853.325,1856.635,1849.305,1856.055,7242,16
1611568800,1856.055,1867.95,1854.635,1865.05,11358,16
1611583200,1865.05,1866.366,1847.27,1858.346,23859,16
1611597600,1858.346,1858.945,1853.65,1855.99,4106,16
1611612000,1855.99,1858.856,1853.32,1858.41,3690,12
1611626400,1858.41,1861.795,1854.42,1857.39,4447,16
1611640800,1857.39,1857.56,1850.145,1852.595,9376,16
1611655200,1852.595,1860.135,1848.44,1857.186,9767,16
1611669600,1857.186,1858.336,1850.1,1852.76,15466,16
1611684000,1852.76,1853.685,1849.59,1850.78,3731,16
1611698400,1850.78,1851.845,1843.365,1846.255,4329,12
1611712800,1846.255,1851.205,1844.466,1851.035,4793,16
1611727200,1851.035,1853.22,1844.37,1845.926,8082,16
1611741600,1845.926,1847.84,1837.59,1843.115,13828,16
1611756000,1843.115,1850.67,1831.426,1845.56,26696,16
1611770400,1845.56,1849.225,1839.27,1844.44,15447,16
1611784800,1844.44,1845.24,1834.13,1836.18,8224,12
1611799200,1836.18,1839.36,1835.37,1836.976,6330,16
1611813600,1836.976,1841.626,1834.16,1840.93,10299,16
1611828000,1840.93,1858.32,1837.645,1857.115,17207,16
1611842400,1857.115,1864.22,1837.74,1839.436,39435,16
1611856800,1839.436,1845.01,1835.08,1842.66,12593,16
1611871200,1842.66,1845.385,1839.646,1843.15,6756,12
1611885600,1843.15,1846.305,1841.12,1845.97,4850,16
1611900000,1845.97,1854.345,1842.454,1851.67,17007,16
1611914400,1851.67,1874.055,1849.66,1870.74,25548,16
1611928800,1870.74,1875.736,1850.24,1852.244,37966,16
1611943200,1852.244,1853.6,1841.755,1847.74,14791,16
1612130400,1847.74,1867.29,1847.74,1852.385,19007,12
1612144800,1852.385,1863.97,1852.365,1859.865,13143,16
1612159200,1859.865,1871.89,1859.265,1861.7,26982,16
1612173600,1861.7,1869.685,1856.58,1864.21,21940,16
1612188000,1864.21,1869.35,1856.83,1864.905,34258,16
1612202400,1864.905,1866.765,1858.195,1860.77,11734,16
1612216800,1860.77,1864.11,1854.24,1862.795,8207,12
1612231200,1862.795,1863.56,1852.87,1856.425,9115,16
1612245600,1856.425,1857.335,1845.0,1850.33,18360,16
1612260000,1850.33,1853.575,1829.944,1837.93,22636,16
1612274400,1837.93,1840.746,1829.605,1835.245,29090,16
1612288800,1835.245,1838.816,1831.776,1838.03,8157,16
1612303200,1838.03,1841.79,1836.34,1841.73,6213,12
1612317600,1841.73,1844.95,1838.685,1839.215,5970,16
1612332000,1839.215,1840.41,1833.345,1835.705,9056,16
1612346400,1835.705,1842.386,1832.69,1838.305,12797,16
1612360800,1838.305,1840.855,1829.8,1836.005,18421,16
1612375200,1836.005,1836.295,1832.02,1834.07,5076,16
1612389600,1834.07,1834.82,1823.925,1827.045,5672,12
1612404000,1827.045,1827.255,1815.95,1817.75,11332,16
1612418400,1817.75,1827.29,1810.355,1814.6,15823,16
1612432800,1814.6,1819.625,1806.605,1808.47,15013,16
1612447200,1808.47,1808.725,1785.02,1789.505,31018,16
1612461600,1789.505,1795.975,1788.615,1793.995,7795,16
1612476000,1793.995,1797.775,1792.13,1796.74,5146,12
1612490400,1796.74,1799.26,1793.186,1797.845,6054,16
1612504800,1797.845,1811.32,1796.346,1807.81,9709,16
1612519200,1807.81,1809.165,1793.526,1799.99,15512,16
1612533600,1799.99,1815.2,1795.735,1811.855,24230,16
1612548000,1811.855,1814.52,1809.635,1814.2,5062,16
1612735200,1814.2,1818.96,1812.68,1815.546,6540,12
1612749600,1815.546,1816.03,1808.4,1813.085,6026,16
1612764000,1813.085,1817.896,1807.865,1813.875,8377,16
1612778400,1813.875,1831.556,1811.845,1829.915,12340,16
1612792800,1829.915,1839.23,1829.655,1832.81,16117,16
1612807200,1832.81,1834.715,1829.724,1830.765,5530,16
1612821600,1830.765,1838.59,1828.93,1836.916,5542,12
1612836000,1836.916,1843.4,1836.81,1840.16,5953,16
1612850400,1840.16,1848.63,1838.22,1846.58,9524,16
1612864800,1846.58,1847.53,1839.046,1847.025,11275,16
1612879200,1847.025,1847.625,1832.28,1837.945,18969,16
1612893600,1837.945,1838.885,1834.45,1838.77,4481,16
1612908000,1838.77,1840.22,1834.175,1839.72,4486,12
1612922400,1839.72,1845.51,1838.95,1842.875,5211,16
1612936800,1842.875,1847.05,1839.165,1839.42,7239,16
1612951200,1839.42,1855.455,1837.8,1851.29,13431,16
1612965600,1851.29,1853.835,1834.97,1842.326,23035,16
1612980000,1842.326,1846.39,1840.886,1843.385,5945,16
1612994400,1843.385,1844.39,1837.49,1838.904,2962,12
1613008800,1838.904,1838.904,1834.136,1836.985,4319,16
1613023200,1836.985,1845.965,1836.454,1842.665,7426,16
1613037600,1842.665,1847.574,1839.608,1843.48,6504,16
1613052000,1843.48,1844.405,1823.04,1826.594,20556,16
1613066400,1826.594,1827.45,1821.18,1825.64,7847,16
1613080800,1825.64,1827.968,1821.845,1823.59,2879,12
1613095200,1823.59,1824.38,1819.445,1823.96,3087,16
1613109600,1823.96,1824.058,1812.628,1817.956,8654,16
1613124000,1817.956,1822.073,1810.605,1815.703,11068,16
1613138400,1815.703,1830.816,1812.345,1819.646,19100,16
1613152800,1819.646,1824.985,1817.516,1824.4,5425,16
1613340000,1824.4,1827.092,1820.13,1827.092,4434,12
1613354400,1827.092,1827.1,1821.6,1825.045,3168,16
1613368800,1825.045,1825.152,1816.63,1818.255,6674,16
1613383200,1818.255,1824.37,1816.065,1817.86,5759,16
1613397600,1817.86,1820.922,1816.191,1818.776,4553,16
1613426400,1818.776,1825.52,1817.596,1824.85,3742,12
1613440800,1824.85,1826.5,1820.6,1821.28,5129,16
1613455200,1821.28,1825.578,1818.965,1824.152,8261,16
1613469600,1824.152,1825.68,1796.376,1796.902,19904,16
1613484000,1796.902,1814.355,1789.576,1796.715,37602,16
1613498400,1796.715,1800.81,1793.735,1794.436,7403,16
1613512800,1794.436,1794.755,1786.69,1791.113,7320,12
1613527200,1791.113,1795.158,1789.43,1791.92,4798,16
1613541600,1791.92,1793.966,1783.735,1786.09,12832,16
1613556000,1786.09,1793.495,1774.115,1779.094,20036,16
1613570400,1779.094,1785.164,1769.526,1775.876,28715,16
1613584800,1775.876,1777.33,1771.16,1776.305,10094,16
1613599200,1776.305,1783.14,1775.816,1780.86,6774,12
1613613600,1780.86,1785.89,1778.428,1783.945,5887,16
1613628000,1783.945,1789.074,1778.946,1787.505,11753,16
1613642400,1787.505,1789.69,1778.997,1786.238,14220,16
1613656800,1786.238,1786.284,1768.47,1776.095,27282,16
1613671200,1776.095,1776.946,1772.862,1775.865,6547,16
1613685600,1775.865,1777.286,1760.754,1767.24,12385,12
1613700000,1767.24,1773.725,1764.165,1772.565,8913,16
1613714400,1772.565,1777.62,1769.288,1771.135,11898,16
1613728800,1771.135,1784.39,1767.993,1783.466,14262,16
1613743200,1783.466,1791.696,1778.15,1783.2,26298,16
1613757600,1783.2,1784.975,1777.425,1784.185,8129,16
1613944800,1784.185,1789.73,1781.425,1786.836,9870,12
1613959200,1786.836,1790.454,1780.78,1789.5,8478,16
1613973600,1789.5,1799.3,1788.96,1797.465,14213,16
1613988000,1797.465,1802.66,1793.51,1797.534,14027,16
1614002400,1797.534,1812.722,1793.892,1809.244,25446,16
1614016800,1809.244,1810.706,1806.315,1809.9,7159,16
1614031200,1809.9,1814.26,1806.368,1813.32,7389,12
1614045600,1813.32,1816.1,1809.87,1812.835,6988,16
1614060000,1812.835,1814.74,1803.93,1804.395,13336,16
1614074400,1804.395,1812.871,1803.756,1809.714,11886,16
1614088800,1809.714,1810.946,1795.704,1806.976,33894,16
1614103200,1806.976,1807.834,1801.847,1805.88,7746,16
1614117600,1805.88,1813.765,1804.847,1812.094,6737,12
1614132000,1812.094,1813.966,1807.266,1809.62,5836,16
1614146400,1809.62,1810.21,1803.214,1804.45,11271,16
1614160800,1804.45,1810.35,1787.965,1790.706,17427,16
1614175200,1790.706,1804.536,1783.65,1798.35,34730,16
1614189600,1798.35,1805.86,1795.245,1805.045,8819,16
1614204000,1805.045,1805.53,1796.954,1797.145,6368,12
1614218400,1797.145,1801.188,1793.955,1800.886,7342,16
1614232800,1800.886,1801.356,1787.374,1794.519,15558,16
1614247200,1794.519,1795.45,1779.238,1781.47,25104,16
1614261600,1781.47,1788.972,1770.074,1773.335,44929,16
1614276000,1773.335,1779.625,1765.546,1770.55,42469,16
1614290400,1770.55,1773.206,1765.306,1771.312,15563,12
1614304800,1771.312,1775.904,1758.172,1760.669,13620,16
1614319200,1760.669,1770.228,1755.428,1763.284,24188,16
1614333600,1763.284,1767.166,1757.72,1761.725,22965,16
1614348000,1761.725,1763.586,1717.27,1726.468,57322,16
1614362400,1726.468,1735.57,1725.9,1734.375,19595,16
1614549600,1734.375,1745.135,1732.965,1745.09,11039,12
1614564000,1745.09,1752.73,1744.684,1750.836,7304,16
1614578400,1750.836,1759.95,1745.015,1746.956,12578,16
1614592800,1746.956,1747.8,1730.91,1736.084,14540,16
1614607200,1736.084,1743.055,1726.38,1726.988,30916,16
1614621600,1726.988,1727.56,1719.78,1724.94,11503,16
1614636000,1724.94,1728.539,1710.61,1711.818,11941,12
1614650400,1711.818,1717.258,1707.336,1714.903,13100,16
1614664800,1714.903,1725.389,1713.592,1723.062,16755,16
1614679200,1723.062,1736.352,1723.062,1727.592,18689,16
1614693600,1727.592,1738.476,1720.426,1736.765,29412,16
1614708000,1736.765,1739.19,1732.946,1738.348,9792,16
1614722400,1738.348,1741.02,1730.1,1734.285,5905,12
1614736800,1734.285,1735.682,1731.545,1733.215,3999,16
1614751200,1733.215,1736.01,1725.695,1728.25,9017,16
1614765600,1728.25,1728.27,1708.34,1712.41,16297,16
1614780000,1712.41,1725.236,1701.964,1717.31,34635,16
1614794400,1717.31,1720.334,1709.61,1710.915,10798,16
1614808800,1710.915,1716.765,1708.255,1715.23,6973,12
1614823200,1715.23,1720.186,1706.67,1718.264,9527,16
1614837600,1718.264,1721.313,1706.34,1715.336,15810,16
1614852000,1715.336,1723.27,1708.59,1715.96,17238,16
1614866400,1715.96,1722.366,1698.446,1700.435,37757,16
1614880800,1700.435,1704.265,1690.525,1697.635,28215,16
1614895200,1697.635,1698.91,1687.29,1692.736,11413,12
1614909600,1692.736,1697.437,1689.705,1696.97,7481,16
1614924000,1696.97,1700.482,1691.105,1694.615,12620,16
1614938400,1694.615,1701.265,1687.48,1693.61,19947,16
1614952800,1693.61,1707.84,1691.901,1702.93,31097,16
1614967200,1702.93,1705.25,1697.06,1703.12,8314,16
1615154400,1703.12,1714.435,1703.12,1713.32,6077,12
1615168800,1713.32,1714.45,1704.48,1707.93,4501,16
1615183200,1707.93,1709.45,1689.935,1690.615,12056,16
1615197600,1690.615,1696.085,1684.802,1693.99,13794,16
1615212000,1693.99,1696.665,1676.866,1680.905,20716,16
1615226400,1680.905,1685.45,1680.3,1683.494,6252,16
1615240800,1683.494,1685.906,1680.25,1683.476,6170,12
1615255200,1683.476,1691.617,1683.425,1688.974,7449,16
1615269600,1688.974,1703.895,1688.28,1702.739,13069,16
1615284000,1702.739,1715.206,1700.494,1713.471,17146,16
1615298400,1713.471,1720.682,1711.89,1716.662,22599,16
1615312800,1716.662,1719.725,1714.43,1715.895,6066,16
1615327200,1715.895,1719.57,1712.662,1713.75,7198,12
1615341600,1713.75,1714.27,1710.958,1712.96,5743,16
1615356000,1712.96,1716.736,1709.766,1714.325,8367,16
1615370400,1714.325,1723.71,1708.284,1720.106,14521,16
1615384800,1720.106,1722.292,1714.45,1719.398,19549,16
1615399200,1719.398,1726.845,1716.336,1726.745,9332,16
1615413600,1726.745,1727.954,1723.324,1726.243,3997,12
1615428000,1726.243,1735.87,1726.243,1735.688,5852,16
1615442400,1735.688,1739.89,1731.436,1733.796,9025,16
1615456800,1733.796,1737.281,1727.456,1730.055,13137,16
1615471200,1730.055,1731.62,1719.325,1723.775,19327,16
1615485600,1723.775,1728.365,1721.615,1722.625,7494,16
1615500000,1722.625,1728.02,1721.398,1725.015,3957,12
1615514400,1725.015,1725.065,1716.225,1718.11,6557,16
1615528800,1718.11,1718.276,1699.224,1701.57,17081,16
1615543200,1701.57,1707.395,1699.6,1705.091,13600,16
1615557600,1705.091,1722.7,1700.569,1719.715,23356,16
1615572000,1719.715,1729.386,1719.5,1726.965,5992,16
1615755600,1726.965,1730.47,1724.31,1727.27,4520,12
1615770000,1727.27,1734.075,1725.29,1726.885,7892,16
1615784400,1726.885,1728.315,1721.718,1727.994,8418,16
1615798800,1727.994,1733.076,1727.16,1731.3,10111,16
1615813200,1731.3,1734.583,1722.756,1729.093,18018,16
1615827600,1729.093,1732.25,1728.09,1731.756,3976,16
1615842000,1731.756,1732.096,1730.23,1730.545,1894,12
1615856400,1730.545,1735.005,1729.628,1734.246,4099,16
1615870800,1734.246,1737.26,1726.205,1732.422,7667,16
1615885200,1732.422,1736.335,1730.295,1732.552,10984,16
1615899600,1732.552,1741.196,1726.85,1730.54,17402,16
1615914000,1730.54,1733.368,1728.909,1731.69,6315,16
1615928400,1731.69,1732.82,1730.45,1732.59,2742,12
1615942800,1732.59,1737.62,1729.67,1736.89,5513,16
1615957200,1736.89,1737.976,1733.516,1734.635,5816,16
1615971600,1734.635,1737.176,1727.955,1729.296,9558,16
1615986000,1729.296,1734.673,1724.066,1728.079,15654,16
1616000400,1728.079,1751.7,1726.646,1745.355,23608,16
1616014800,1745.355,1751.595,1744.534,1749.932,4020,12
1616029200,1749.932,1755.565,1747.55,1750.044,9144,16
1616043600,1750.044,1752.916,1732.725,1736.416,14459,16
1616058000,1736.416,1739.54,1726.352,1729.886,17334,16
1616072400,1729.886,1736.265,1719.25,1731.215,27692,16
1616086800,1731.215,1737.31,1730.13,1736.434,8492,16
1616101200,1736.434,1737.72,1730.706,1730.846,4966,12
1616115600,1730.846,1735.095,1728.54,1734.205,7534,16
1616130000,1734.205,1745.43,1730.905,1743.74,11434,16
1616144400,1743.74,1744.655,1734.985,1739.205,10782,16
1616158800,1739.205,1742.462,1733.32,1742.41,24161,16
1616173200,1742.41,1746.77,1740.516,1745.054,5702,16
1616360400,1745.054,1747.046,1737.256,1739.655,5001,12
1616374800,1739.655,1743.156,1732.595,1742.673,7554,16
1616389200,1742.673,1742.673,1727.345,1729.976,11042,16
1616403600,1729.976,1739.086,1728.16,1732.246,10541,16
1616418000,1732.246,1740.505,1730.648,1740.416,14303,16
1616432400,1740.416,1741.115,1738.064,1738.92,3056,16
1616446800,1738.92,1740.55,1736.6,1737.21,1952,12
1616461200,1737.21,1737.689,1731.14,1735.85,5727,16
1616475600,1735.85,1740.11,1735.15,1739.445,7294,16
1616490000,1739.445,1742.602,1736.304,1739.303,9766,16
1616504400,1739.303,1740.178,1725.119,1726.942,19940,16
1616518800,1726.942,1728.829,1724.755,1727.006,7837,16
1616533200,1727.006,1728.236,1725.792,1727.68,2622,12
1616547600,1727.68,1734.535,1723.894,1733.57,6727,16
1616562000,1733.57,1733.935,1727.23,1731.136,8142,16
1616576400,1731.136,1735.99,1729.264,1732.268,7974,16
1616590800,1732.268,1738.615,1728.436,1734.195,12784,16
1616605200,1734.195,1735.724,1731.975,1734.24,4944,16
1616619600,1734.24,1735.17,1733.24,1734.014,2022,12
1616634000,1734.014,1739.176,1732.03,1735.78,6369,16
1616648400,1735.78,1737.846,1730.82,1732.29,7033,16
1616662800,1732.29,1733.472,1725.055,1730.081,10276,16
1616677200,1730.081,1745.532,1727.81,1728.3,22453,16
1616691600,1728.3,1731.324,1721.844,1726.655,10652,16
1616706000,1726.655,1729.305,1726.605,1728.53,3107,12
1616720400,1728.53,1729.88,1723.266,1726.406,6457,16
1616734800,1726.406,1729.69,1725.512,1727.88,7525,16
1616749200,1727.88,1732.136,1721.695,1724.94,9212,16
1616763600,1724.94,1736.76,1724.34,1732.38,13437,16
1616778000,1732.38,1734.35,1730.263,1732.77,4795,16
1616965200,1732.77,1733.371,1730.256,1731.318,3590,12
1616979600,1731.318,1732.966,1726.475,1727.978,5408,16
1616994000,1727.978,1729.252,1723.86,1724.846,8243,16
1617008400,1724.846,1728.24,1721.922,1723.984,5801,16
1617022800,1723.984,1726.365,1705.795,1713.34,18382,16
1617037200,1713.34,1714.64,1709.791,1711.976,4882,16
1617051600,1711.976,1714.302,1710.69,1713.26,2900,12
1617066000,1713.26,1714.446,1704.76,1707.9,6125,16
1617080400,1707.9,1708.59,1695.41,1698.135,14242,16
1617094800,1698.135,1700.945,1678.778,1683.8,16403,16
1617109200,1683.8,1688.557,1681.696,1685.53,20052,16
1617123600,1685.53,1686.77,1681.651,1684.81,5736,16
1617138000,1684.81,1686.49,1682.904,1684.196,4486,12
1617152400,1684.196,1686.415,1677.954,1679.482,8540,16
1617166800,1679.482,1688.816,1678.675,1686.12,9007,16
1617181200,1686.12,1689.608,1682.34,1687.487,10211,16
1617195600,1687.487,1712.46,1686.92,1712.026,21034,16
1617210000,1712.026,1715.284,1706.06,1707.475,8456,16
1617224400,1707.475,1709.215,1705.89,1706.896,3944,12
1617238800,1706.896,1714.236,1705.867,1711.38,6640,16
1617253200,1711.38,1720.06,1710.167,1716.275,10334,16
1617267600,1716.275,1720.19,1710.48,1718.855,8982,16
1617282000,1718.855,1730.14,1718.855,1726.024,18090,16
1617296400,1726.024,1730.64,1725.73,1729.88,4939,16
1617570000,1729.88,1729.99,1726.48,1727.964,4484,12
1617584400,1727.964,1729.97,1723.843,1724.604,2687,16
1617598800,1724.604,1728.56,1721.366,1725.485,5499,16
1617613200,1725.485,1729.782,1721.97,1723.37,9372,16
1617627600,1723.37,1733.65,1722.486,1728.16,15894,16
1617642000,1728.16,1728.745,1725.135,1728.3,5182,16
1617656400,1728.3,1730.865,1727.305,1729.256,2155,12
1617670800,1729.256,1736.075,1728.585,1735.815,5590,16
1617685200,1735.815,1738.64,1727.854,1732.66,9875,16
1617699600,1732.66,1739.02,1730.385,1735.87,8507,16
1617714000,1735.87,1745.445,1734.202,1743.305,15224,16
1617728400,1743.305,1744.552,1740.04,1743.52,4375,16
1617742800,1743.52,1744.46,1740.69,1741.2,2342,12
1617757200,1741.2,1741.825,1735.904,1739.25,4925,16
1617771600,1739.25,1742.37,1736.23,1737.975,7229,16
1617786000,1737.975,1739.275,1730.73,1737.89,10685,16
1617800400,1737.89,1743.305,1734.684,1740.51,13607,16
1617814800,1740.51,1742.597,1735.596,1737.765,5711,16
1617829200,1737.765,1738.56,1735.417,1736.322,2569,12
1617843600,1736.322,1740.266,1733.26,1739.982,5237,16
1617858000,1739.982,1747.74,1739.594,1743.25,10022,16
1617872400,1743.25,1751.24,1742.255,1747.515,8578,16
1617886800,1747.515,1758.724,1747.452,1757.076,16163,16
1617901200,1757.076,1757.7,1754.232,1755.61,3794,16
1617915600,1755.61,1755.986,1753.225,1755.28,1958,12
1617930000,1755.28,1757.435,1751.49,1752.185,6086,16
1617944400,1752.185,1752.7,1744.1,1745.525,10153,16
1617958800,1745.525,1748.975,1735.822,1738.314,11524,16
1617973200,1738.314,1746.86,1731.275,1745.089,17001,16
1617987600,1745.089,1745.725,1741.469,1743.775,4965,16
1618174800,1743.775,1744.236,1740.6,1741.8,2465,12
1618189200,1741.8,1743.48,1736.822,1738.6,6816,16
1618203600,1738.6,1742.2,1735.295,1737.965,7905,16
1618218000,1737.965,1745.078,1737.878,1738.91,7621,16
1618232400,1738.91,1740.335,1730.615,1733.08,15775,16
1618246800,1733.08,1733.955,1727.5,1732.91,5564,16
1618261200,1732.91,1733.75,1729.76,1730.635,2393,12
1618275600,1730.635,1736.465,1728.132,1729.97,6055,16
1618290000,1729.97,1730.79,1723.792,1728.38,8835,16
1618304400,1728.38,1742.235,1724.692,1736.46,14119,16
1618318800,1736.46,1749.0,1736.46,1742.66,16297,16
1618333200,1742.66,1747.67,1742.66,1745.45,6693,16
1618347600,1745.45,1747.37,1744.268,1747.098,2978,12
1618362000,1747.098,1749.406,1742.84,1742.935,4777,16
1618376400,1742.935,1749.56,1740.889,1745.762,8663,16
1618390800,1745.762,1747.11,1741.738,1744.391,6918,16
1618405200,1744.391,1744.88,1732.655,1736.605,18660,16
1618419600,1736.605,1737.688,1734.085,1736.45,4618,16
1618434000,1736.45,1739.655,1735.436,1738.724,1668,12
1618448400,1738.724,1740.55,1734.49,1739.838,6084,16
1618462800,1739.838,1747.968,1739.838,1747.968,6248,16
1618477200,1747.968,1752.28,1744.624,1746.89,10910,16
1618491600,1746.89,1769.662,1745.924,1767.528,19735,16
1618506000,1767.528,1768.137,1763.115,1763.8,5739,16
1618520400,1763.8,1766.195,1762.48,1762.74,2577,12
1618534800,1762.74,1765.01,1759.915,1764.916,5077,16
1618549200,1764.916,1767.26,1761.615,1766.09,8653,16
1618563600,1766.09,1783.898,1765.515,1780.798,11416,16
1618578000,1780.798,1782.39,1772.045,1780.03,17994,16
1618592400,1780.03,1780.38,1774.542,1776.68,4297,16
1618779600,1776.68,1783.69,1774.88,1782.17,3635,12
1618794000,1782.17,1783.285,1773.24,1778.033,8016,16
1618808400,1778.033,1788.645,1775.398,1787.13,10915,16
1618822800,1787.13,1790.104,1774.96,1776.184,10959,16
1618837200,1776.184,1777.025,1766.826,1771.457,17953,16
1618851600,1771.457,1772.128,1769.619,1771.546,4469,16
1618866000,1771.546,1772.855,1768.525,1768.786,1652,12
1618880400,1768.786,1775.712,1765.695,1772.435,6854,16
1618894800,1772.435,1774.355,1765.414,1768.26,9305,16
1618909200,1768.26,1775.676,1763.72,1769.63,10848,16
1618923600,1769.63,1780.512,1766.15,1778.09,16337,16
1618938000,1778.09,1779.765,1777.02,1778.82,4133,16
1618952400,1778.82,1780.084,1776.315,1777.475,2280,12
1618966800,1777.475,1784.821,1777.228,1781.213,5862,16
1618981200,1781.213,1788.44,1778.04,1778.575,8106,16
1618995600,1778.575,1787.885,1777.831,1786.405,7331,16
1619010000,1786.405,1797.724,1783.45,1790.914,16873,16
1619024400,1790.914,1795.327,1790.855,1793.69,3962,16
1619038800,1793.69,1795.155,1792.515,1794.01,1567,12
1619053200,1794.01,1797.934,1790.36,1793.42,5019,16
1619067600,1793.42,1794.802,1788.31,1789.895,6438,16
1619082000,1789.895,1790.764,1782.342,1785.26,10057,16
1619096400,1785.26,1788.356,1777.473,1781.91,19221,16
1619110800,1781.91,1784.52,1778.81,1784.22,6954,16
1619125200,1784.22,1786.282,1783.014,1784.126,2011,12
1619139600,1784.126,1789.794,1783.355,1785.004,5061,16
1619154000,1785.004,1786.994,1781.71,1784.71,7162,16
1619168400,1784.71,1795.254,1784.1,1793.635,8124,16
1619182800,1793.635,1796.046,1770.125,1777.62,21500,16
1619197200,1777.62,1779.365,1775.595,1777.35,2805,16
1619384400,1777.35,1779.235,1774.05,1778.496,2190,12
1619398800,1778.496,1783.006,1778.125,1780.4,5156,16
1619413200,1780.4,1783.56,1775.015,1779.645,7717,16
1619427600,1779.645,1782.324,1768.85,1776.75,9770,16
1619442000,1776.75,1780.305,1772.75,1778.89,13395,16
1619456400,1778.89,1782.665,1778.87,1781.376,3423,16
1619470800,1781.376,1782.4,1779.88,1781.45,1757,12
1619485200,1781.45,1784.196,1773.823,1781.63,5445,16
1619499600,1781.63,1783.472,1776.135,1779.335,6387,16
1619514000,1779.335,1785.656,1778.466,1783.075,7319,16
1619528400,1783.075,1785.476,1777.725,1778.351,14633,16
1619542800,1778.351,1779.965,1775.53,1776.66,4219,16
1619557200,1776.66,1777.22,1769.98,1771.86,2340,12
1619571600,1771.86,1773.185,1766.546,1771.11,5315,16
1619586000,1771.11,1771.91,1766.32,1769.915,6731,16
1619600400,1769.915,1770.095,1762.763,1769.64,8808,16
1619614800,1769.64,1775.93,1767.025,1774.726,13554,16
1619629200,1774.726,1782.575,1770.496,1781.69,17918,16
1619643600,1781.69,1785.785,1781.25,1784.758,2807,12
1619658000,1784.758,1790.03,1783.81,1785.205,6007,16
1619672400,1785.205,1785.985,1775.679,1777.436,7793,16
1619686800,1777.436,1781.455,1772.285,1780.14,10270,16
1619701200,1780.14,1780.425,1756.132,1768.698,23434,16
1619715600,1768.698,1775.005,1767.675,1772.0,4337,16
1619730000,1772.0,1773.745,1768.715,1769.86,2914,12
1619744400,1769.86,1770.297,1765.51,1768.847,7036,16
1619758800,1768.847,1773.33,1767.065,1769.632,7233,16
1619773200,1769.632,1772.525,1765.59,1769.456,8645,16
1619787600,1769.456,1772.36,1764.31,1767.928,17250,16
1619802000,1767.928,1771.945,1766.366,1771.945,5404,16
1619989200,1771.945,1771.945,1766.29,1770.945,1229,12
1620003600,1770.945,1775.876,1770.244,1774.34,2249,16
1620018000,1774.34,1781.575,1772.494,1775.775,6230,16
1620032400,1775.775,1787.075,1775.434,1784.66,10350,16
1620046800,1784.66,1798.07,1784.66,1793.0,19465,16
1620061200,1793.0,1794.057,1790.656,1793.725,4621,16
1620075600,1793.725,1793.725,1790.82,1791.242,2692,12
1620090000,1791.242,1791.719,1788.511,1788.795,3056,16
1620104400,1788.795,1790.604,1784.002,1785.894,7520,16
1620118800,1785.894,1789.22,1780.832,1788.445,12120,16
1620133200,1788.445,1799.16,1770.96,1776.075,30422,16
1620147600,1776.075,1780.1,1775.954,1778.85,7393,16
1620162000,1778.85,1779.606,1776.839,1778.785,3350,12
1620176400,1778.785,1783.4,1778.074,1780.736,4125,16
1620190800,1780.736,1780.895,1774.325,1775.236,8870,16
1620205200,1775.236,1782.77,1770.444,1781.854,12487,16
1620219600,1781.854,1785.345,1778.784,1784.3,17393,16
1620234000,1784.3,1788.03,1783.05,1786.935,5630,16
1620248400,1786.935,1787.736,1783.179,1783.537,3893,12
1620262800,1783.537,1790.23,1782.048,1788.675,12120,16
1620277200,1788.675,1795.851,1788.574,1795.198,9483,16
1620291600,1795.198,1796.565,1788.376,1793.799,14353,16
1620306000,1793.799,1818.13,1790.85,1815.82,22788,16
1620320400,1815.82,1816.25,1812.936,1815.08,4603,16
1620334800,1815.08,1815.751,1813.46,1814.6,1564,12
1620349200,1814.6,1822.407,1812.91,1819.45,10712,16
1620363600,1819.45,1823.19,1817.37,1820.79,11722,16
1620378000,1820.79,1843.4,1817.376,1838.814,24576,16
1620392400,1838.814,1842.3,1825.725,1832.756,46308,16
1620406800,1832.756,1832.8,1829.404,1831.355,13345,16
1620594000,1831.355,1837.005,1830.524,1833.162,7087,12
1620608400,1833.162,1835.142,1830.068,1834.242,15356,16
1620622800,1834.242,1839.228,1833.588,1836.308,14915,16
1620637200,1836.308,1843.06,1834.697,1842.309,13082,16
1620651600,1842.309,1845.54,1835.58,1837.756,35700,16
1620666000,1837.756,1838.785,1834.0,1835.69,11630,16
1620680400,1835.69,1836.816,1832.684,1834.034,5570,12
1620694800,1834.034,1838.462,1831.382,1836.264,11412,16
1620709200,1836.264,1838.14,1832.729,1836.256,12502,16
1620723600,1836.256,1841.845,1826.01,1826.745,17715,16
1620738000,1826.745,1836.135,1818.022,1835.213,34719,16
1620752400,1835.213,1838.426,1833.544,1837.485,9489,16
1620766800,1837.485,1837.926,1833.45,1834.43,2266,12
1620781200,1834.43,1834.556,1826.045,1830.11,6556,16
1620795600,1830.11,1835.765,1828.67,1833.52,6967,16
1620810000,1833.52,1840.92,1821.515,1839.92,15366,16
1620824400,1839.92,1843.716,1819.1,1820.404,32600,16
1620838800,1820.404,1825.285,1813.41,1815.55,11500,16
1620853200,1815.55,1819.14,1813.35,1818.615,3657,12
1620867600,1818.615,1823.08,1816.58,1819.285,6903,16
1620882000,1819.285,1822.355,1812.71,1815.26,9468,16
1620896400,1815.26,1821.29,1808.866,1817.06,13203,16
1620910800,1817.06,1828.835,1815.835,1826.14,17378,16
1620925200,1826.14,1828.455,1821.785,1826.525,7625,16
1620939600,1826.525,1827.305,1824.04,1825.865,1663,12
1620954000,1825.865,1826.53,1819.845,1823.785,5604,16
1620968400,1823.785,1836.41,1822.53,1834.914,8937,16
1620982800,1834.914,1839.725,1833.035,1837.224,10440,16
1620997200,1837.224,1841.296,1834.38,1839.385,15234,16
1621011600,1839.385,1846.296,1837.87,1843.165,4142,16
1621198800,1843.165,1848.19,1842.02,1844.23,2881,12
1621213200,1844.23,1853.296,1843.655,1852.79,6390,16
1621227600,1852.79,1855.46,1852.225,1853.21,6509,16
1621242000,1853.21,1853.3,1845.046,1845.895,8169,16
1621256400,1845.895,1868.2,1844.105,1868.1,15455,16
1621270800,1868.1,1868.525,1865.48,1866.955,3281,16
1621285200,1866.955,1869.97,1865.365,1869.175,1722,12
1621299600,1869.175,1873.825,1866.855,1868.025,6766,16
1621314000,1868.025,1871.7,1867.425,1869.534,7011,16
1621328400,1869.534,1875.04,1865.275,1871.27,7095,16
1621342800,1871.27,1873.515,1863.285,1867.49,17263,16
1621357200,1867.49,1870.22,1867.16,1869.5,2776,16
1621371600,1869.5,1871.41,1868.186,1869.736,1662,12
1621386000,1869.736,1871.625,1864.595,1868.13,5895,16
1621400400,1868.13,1874.025,1860.1,1863.265,9835,16
1621414800,1863.265,1872.685,1852.23,1872.555,14917,16
1621429200,1872.555,1890.145,1864.855,1882.1,32514,16
1621443600,1882.1,1882.72,1862.06,1869.515,18788,16
1621458000,1869.515,1872.145,1863.955,1871.865,3810,12
1621472400,1871.865,1877.6,1865.336,1875.56,7710,16
1621486800,1875.56,1879.135,1870.646,1872.3,8076,16
1621501200,1872.3,1872.925,1865.31,1871.5,9504,16
1621515600,1871.5,1883.985,1869.804,1882.675,15057,16
1621530000,1882.675,1883.83,1873.365,1877.04,4904,16
1621544400,1877.04,1878.476,1873.746,1874.695,1868,12
1621558800,1874.695,1877.08,1870.486,1876.195,5410,16
1621573200,1876.195,1878.1,1872.756,1876.185,6373,16
1621587600,1876.185,1888.255,1876.12,1887.18,8230,16
1621602000,1887.18,1889.42,1870.19,1872.914,21692,16
1621616400,1872.914,1882.54,1872.8,1881.245,3869,16
1621803600,1881.245,1884.436,1880.24,1880.99,2647,12
1621818000,1880.99,1887.07,1879.9,1884.68,6423,16
1621832400,1884.68,1886.265,1875.2,1877.66,6562,16
1621846800,1877.66,1886.33,1876.74,1880.06,7206,16
1621861200,1880.06,1885.63,1877.93,1883.955,13248,16
1621875600,1883.955,1884.705,1880.68,1880.68,2278,16
1621890000,1880.68,1881.555,1876.34,1878.776,2580,12
1621904400,1878.776,1880.04,1872.755,1879.62,7529,16
1621918800,1879.62,1887.345,1873.31,1882.71,9382,16
1621933200,1882.71,1884.875,1879.965,1883.33,6964,16
1621947600,1883.33,1896.075,1879.89,1895.396,20425,16
1621962000,1895.396,1900.3,1895.175,1899.17,4077,16
1621976400,1899.17,1900.28,1897.07,1898.006,2093,12
1621990800,1898.006,1907.815,1898.006,1906.495,8509,16
1622005200,1906.495,1910.325,1900.515,1906.525,7898,16
1622019600,1906.525,1912.785,1903.655,1908.1,7966,16
1622034000,1908.1,1908.22,1899.14,1902.346,16186,16
1622048400,1902.346,1903.1,1890.74,1896.68,8116,16
1622062800,1896.68,1897.79,1893.805,1894.61,1903,12
1622077200,1894.61,1899.735,1892.27,1899.36,5555,16
1622091600,1899.36,1903.706,1894.165,1896.476,7280,16
1622106000,1896.476,1898.795,1889.59,1897.516,11127,16
1622120400,1897.516,1898.86,1888.315,1891.646,18566,16
1622134800,1891.646,1899.0,1891.595,1896.672,4184,16
1622149200,1896.672,1898.615,1896.2,1896.81,1768,12
1622163600,1896.81,1898.176,1892.606,1893.0,5117,16
1622178000,1893.0,1894.85,1887.97,1893.555,6775,16
1622192400,1893.555,1896.33,1882.25,1892.96,11253,16
1622206800,1892.96,1900.67,1890.216,1899.985,17591,16
1622221200,1899.985,1906.12,1899.95,1903.456,5739,16
1622408400,1903.456,1905.71,1902.625,1904.92,2224,12
1622422800,1904.92,1910.655,1904.744,1906.9,6156,16
1622437200,1906.9,1908.09,1903.565,1906.46,4651,16
1622451600,1906.46,1907.015,1902.19,1905.3,3367,16
1622466000,1905.3,1907.006,1903.72,1906.676,4113,16
1622494800,1906.676,1908.73,1905.455,1908.245,2065,12
1622509200,1908.245,1914.445,1906.27,1910.75,6726,16
1622523600,1910.75,1916.615,1905.256,1911.6,7940,16
1622538000,1911.6,1911.966,1904.545,1910.24,8838,16
1622552400,1910.24,1912.045,1892.445,1903.386,17474,16
1622566800,1903.386,1903.715,1898.74,1900.24,1679,16
1622581200,1900.24,1900.28,1897.795,1899.015,1291,12
1622595600,1899.015,1902.37,1896.16,1896.41,5468,16
1622610000,1896.41,1900.8,1895.275,1896.455,8069,16
1622624400,1896.455,1907.04,1894.455,1904.71,7616,16
1622638800,1904.71,1908.84,1900.66,1906.555,11190,16
1622653200,1906.555,1909.14,1905.625,1908.35,2310,16
1622667600,1908.35,1909.64,1907.45,1908.445,952,12
1622682000,1908.445,1909.69,1903.66,1903.776,5026,16
1622696400,1903.776,1904.136,1890.705,1894.37,9716,16
1622710800,1894.37,1898.22,1882.21,1882.3,16307,16
1622725200,1882.3,1883.765,1865.36,1871.01,28634,16
1622739600,1871.01,1874.196,1870.295,1870.545,3198,16
1622754000,1870.545,1872.16,1868.84,1869.48,2560,12
1622768400,1869.48,1872.085,1856.04,1868.495,9854,16
1622782800,1868.495,1875.15,1865.68,1869.62,9379,16
1622797200,1869.62,1886.04,1868.805,1884.676,16416,16
1622811600,1884.676,1896.24,1884.59,1889.385,15418,16
1622826000,1889.385,1892.244,1888.37,1891.395,2309,16
1623013200,1891.395,1891.795,1888.835,1890.86,1839,12
1623027600,1890.86,1891.93,1885.1,1885.974,5843,16
1623042000,1885.974,1887.34,1881.606,1884.795,7675,16
1623056400,1884.795,1888.44,1882.85,1887.305,5891,16
1623070800,1887.305,1895.695,1886.055,1895.145,12030,16
1623085200,1895.145,1900.196,1894.835,1899.14,3310,16
1623099600,1899.14,1901.535,1898.33,1901.535,1492,12
1623114000,1901.535,1903.38,1895.365,1897.275,4643,16
1623128400,1897.275,1898.565,1889.77,1892.69,7439,16
1623142800,1892.69,1903.93,1889.99,1893.126,10247,16
1623157200,1893.126,1896.335,1883.785,1892.45,16968,16
1623171600,1892.45,1894.055,1891.69,1892.94,2297,16
1623186000,1892.94,1895.18,1891.64,1895.18,1668,12
1623200400,1895.18,1896.445,1891.52,1894.016,4309,16
1623214800,1894.016,1895.74,1888.405,1889.43,7100,16
1623229200,1889.43,1896.05,1887.435,1893.81,7422,16
1623243600,1893.81,1899.076,1888.06,1891.27,13335,16
1623258000,1891.27,1893.305,1888.665,1888.685,2382,16
1623272400,1888.685,1889.445,1885.18,1886.18,1497,12
1623286800,1886.18,1888.926,1884.4,1885.53,4635,16
1623301200,1885.53,1888.13,1876.6,1882.36,8920,16
1623315600,1882.36,1891.676,1869.945,1890.97,17223,16
1623330000,1890.97,1894.82,1884.94,1893.766,19027,16
1623344400,1893.766,1899.99,1892.775,1898.445,4156,16
1623358800,1898.445,1899.74,1897.45,1899.64,1762,12
1623373200,1899.64,1901.0,1897.69,1900.29,4569,16
1623387600,1900.29,1903.12,1893.87,1895.23,7663,16
1623402000,1895.23,1896.19,1883.78,1884.255,13093,16
1623416400,1884.255,1886.75,1875.33,1879.144,17789,16
1623430800,1879.144,1879.23,1874.54,1877.82,3257,16
1623618000,1877.82,1878.08,1870.645,1870.925,3954,12
1623632400,1870.925,1871.75,1860.38,1865.53,6674,16
1623646800,1865.53,1866.24,1854.87,1858.175,9772,16
1623661200,1858.175,1861.605,1844.63,1848.41,12900,16
1623675600,1848.41,1869.836,1847.235,1864.186,18968,16
1623690000,1864.186,1866.5,1863.24,1866.14,2143,16
1623704400,1866.14,1867.76,1865.81,1866.486,1967,12
1623718800,1866.486,1867.945,1858.755,1864.55,8630,16
1623733200,1864.55,1869.205,1862.285,1864.14,6364,16
1623747600,1864.14,1867.706,1861.256,1865.606,10144,16
1623762000,1865.606,1868.15,1851.665,1852.416,13670,16
1623776400,1852.416,1859.4,1852.27,1858.82,3336,16
1623790800,1858.82,1860.855,1854.62,1854.62,1799,12
1623805200,1854.62,1860.525,1853.27,1860.04,3980,16
1623819600,1860.04,1861.62,1857.02,1860.016,5177,16
1623834000,1860.016,1860.61,1852.91,1857.836,6930,16
1623848400,1857.836,1861.665,1855.075,1859.32,9626,16
1623862800,1859.32,1863.32,1803.636,1812.055,42906,16
1623877200,1812.055,1819.915,1809.905,1817.815,7262,12
1623891600,1817.815,1825.326,1816.075,1821.62,7979,16
1623906000,1821.62,1821.62,1802.88,1804.84,14233,16
1623920400,1804.84,1808.45,1775.986,1785.65,26097,16
1623934800,1785.65,1790.575,1767.295,1770.755,38825,16
1623949200,1770.755,1782.014,1769.735,1773.37,10355,16
1623963600,1773.37,1779.695,1773.3,1779.275,3476,12
1623978000,1779.275,1787.21,1777.355,1784.62,6836,16
1623992400,1784.62,1794.78,1782.235,1791.244,11906,16
1624006800,1791.244,1797.316,1775.265,1777.345,18854,16
1624021200,1777.345,1780.925,1769.11,1772.055,32483,16
1624035600,1772.055,1774.795,1761.04,1764.235,11132,16
1624222800,1764.235,1773.315,1764.235,1773.27,4366,12
1624237200,1773.27,1776.93,1770.78,1773.224,9257,16
1624251600,1773.224,1785.74,1766.526,1784.986,16175,16
1624266000,1784.986,1785.955,1773.91,1775.14,11302,16
1624280400,1775.14,1786.625,1773.555,1783.275,20691,16
1624294800,1783.275,1785.18,1782.16,1782.995,3439,16
1624309200,1782.995,1787.765,1782.87,1786.025,3474,12
1624323600,1786.025,1790.2,1782.88,1788.11,5133,16
1624338000,1788.11,1788.205,1776.52,1778.724,11860,16
1624352400,1778.724,1787.58,1772.39,1774.73,11048,16
1624366800,1774.73,1781.41,1773.076,1778.325,15054,16
1624381200,1778.325,1783.22,1775.216,1778.865,4491,16
1624395600,1778.865,1779.8,1777.305,1778.855,1931,12
1624410000,1778.855,1783.965,1777.9,1782.08,5284,16
1624424400,1782.08,1784.75,1777.606,1782.846,7980,16
1624438800,1782.846,1787.055,1780.07,1782.54,9581,16
1624453200,1782.54,1794.985,1781.385,1783.405,16098,16
1624467600,1783.405,1783.965,1773.33,1779.05,5462,16
1624482000,1779.05,1780.195,1774.32,1778.8,2112,12
1624496400,1778.8,1780.135,1772.875,1775.13,4472,16
1624510800,1775.13,1782.41,1774.02,1779.825,6904,16
1624525200,1779.825,1788.04,1779.505,1783.37,9271,16
1624539600,1783.37,1786.85,1775.95,1776.78,12646,16
1624554000,1776.78,1777.885,1773.675,1774.98,3872,16
1624568400,1774.98,1777.215,1773.804,1774.085,1608,12
1624582800,1774.085,1779.695,1773.795,1776.305,4046,16
1624597200,1776.305,1783.745,1775.81,1782.815,6445,16
1624611600,1782.815,1790.446,1781.375,1785.445,9460,16
1624626000,1785.445,1789.69,1776.376,1777.18,13875,16
1624640400,1777.18,1781.705,1776.665,1781.646,3010,16
1624827600,1781.646,1782.9,1780.08,1780.715,1775,12
1624842000,1780.715,1781.77,1770.78,1780.876,8219,16
1624856400,1780.876,1785.83,1774.206,1779.23,7335,16
1624870800,1779.23,1779.595,1773.47,1777.71,7352,16
1624885200,1777.71,1783.03,1777.07,1779.586,10817,16
1624899600,1779.586,1780.61,1777.78,1778.26,2835,16
1624914000,1778.26,1778.975,1775.375,1775.885,1346,12
1624928400,1775.885,1777.76,1773.845,1774.644,4076,16
1624942800,1774.644,1779.034,1767.616,1769.475,7869,16
1624957200,1769.475,1776.06,1750.74,1754.73,15671,16
1624971600,1754.73,1765.97,1751.42,1763.135,18500,16
1624986000,1763.135,1765.51,1760.235,1761.086,3307,16
1625000400,1761.086,1762.98,1760.94,1762.56,1081,12
1625014800,1762.56,1764.69,1757.66,1759.05,4663,16
1625029200,1759.05,1761.09,1753.44,1756.63,7987,16
1625043600,1756.63,1761.945,1755.165,1757.215,9512,16
1625058000,1757.215,1774.45,1754.955,1772.32,16150,16
1625072400,1772.32,1772.95,1768.275,1770.45,3810,16
1625086800,1770.45,1770.45,1766.405,1766.465,1257,12
1625101200,1766.465,1776.74,1765.74,1774.61,4857,16
1625115600,1774.61,1779.11,1773.21,1774.655,7791,16
1625130000,1774.655,1779.86,1772.46,1777.775,9480,16
1625144400,1777.775,1782.89,1768.4,1771.925,16404,16
1625158800,1771.925,1776.995,1771.765,1776.655,3606,16
1625173200,1776.655,1778.46,1775.055,1777.395,1347,12
1625187600,1777.395,1779.905,1776.47,1778.14,3859,16
1625202000,1778.14,1784.33,1774.356,1782.02,6997,16
1625216400,1782.02,1794.11,1776.23,1789.6,18739,16
1625230800,1789.6,1795.1,1777.99,1782.01,19213,16
1625245200,1782.01,1791.84,1781.78,1787.45,3772,16
1625432400,1787.45,1787.88,1784.52,1786.01,1698,12
1625446800,1786.01,1789.97,1785.07,1787.485,4607,16
1625461200,1787.485,1794.745,1784.785,1792.855,5163,16
1625475600,1792.855,1793.6,1789.28,1791.895,4344,16
1625490000,1791.895,1793.28,1789.974,1791.97,3445,16
1625518800,1791.97,1792.83,1790.915,1791.955,1806,12
1625533200,1791.955,1800.86,1791.046,1800.85,6890,16
1625547600,1800.85,1809.22,1800.176,1805.91,8824,16
1625562000,1805.91,1815.046,1805.645,1809.36,9336,16
1625576400,1809.36,1812.69,1790.15,1794.336,24874,16
1625590800,1794.336,1797.76,1793.1,1797.21,4113,16
1625605200,1797.21,1797.21,1793.995,1795.396,2107,12
1625619600,1795.396,1803.02,1794.576,1798.04,5317,16
1625634000,1798.04,1807.775,1797.565,1804.485,6802,16
1625648400,1804.485,1809.89,1803.405,1804.66,8209,16
1625662800,1804.66,1807.71,1797.095,1801.83,17745,16
1625677200,1801.83,1808.316,1800.635,1803.716,7516,16
1625691600,1803.716,1805.645,1802.81,1804.55,1605,12
1625706000,1804.55,1805.085,1796.325,1797.946,5448,16
1625720400,1797.946,1815.276,1796.475,1813.49,13855,16
1625734800,1813.49,1818.54,1806.62,1813.64,15188,16
1625749200,1813.64,1817.1,1794.215,1797.65,20826,16
1625763600,1797.65,1803.856,1796.7,1802.495,3623,16
1625778000,1802.495,1804.635,1800.764,1800.805,1819,12
1625792400,1800.805,1807.926,1799.405,1801.295,5422,16
1625806800,1801.295,1806.11,1796.74,1802.63,9823,16
1625821200,1802.63,1805.72,1798.325,1802.525,8776,16
1625835600,1802.525,1811.685,1801.175,1810.39,10370,16
1625850000,1810.39,1812.445,1807.33,1808.465,2558,16
1626037200,1808.465,1809.546,1805.64,1809.065,1865,12
1626051600,1809.065,1810.956,1802.034,1803.115,5517,16
1626066000,1803.115,1806.255,1799.02,1803.3,6087,16
1626080400,1803.3,1805.105,1798.316,1802.88,7487,16
1626094800,1802.88,1807.56,1791.645,1805.78,13743,16
1626109200,1805.78,1807.565,1804.09,1806.145,2675,16
1626123600,1806.145,1808.63,1806.145,1807.335,1071,12
1626138000,1807.335,1812.85,1806.86,1809.8,3616,16
1626152400,1809.8,1812.41,1805.945,1809.015,5597,16
1626166800,1809.015,1817.26,1798.67,1800.366,14651,16
1626181200,1800.366,1815.31,1798.985,1811.595,17528,16
1626195600,1811.595,1811.715,1805.31,1807.686,6222,16
1626210000,1807.686,1808.295,1804.586,1807.4,1536,12
1626224400,1807.4,1813.926,1806.94,1811.81,4295,16
1626238800,1811.81,1815.445,1809.904,1814.08,5521,16
1626253200,1814.08,1829.826,1812.8,1828.685,13675,16
1626267600,1828.685,1829.88,1819.505,1821.93,15278,16
1626282000,1821.93,1828.29,1821.87,1827.385,2953,16
1626296400,1827.385,1828.695,1824.875,1825.12,2048,12
1626310800,1825.12,1829.24,1823.75,1826.315,4143,16
1626325200,1826.315,1834.195,1825.98,1832.35,6329,16
1626339600,1832.35,1833.086,1822.57,1823.465,9554,16
1626354000,1823.465,1827.42,1820.375,1827.095,11184,16
1626368400,1827.095,1830.336,1826.185,1829.53,3359,16
1626382800,1829.53,1832.066,1829.175,1829.43,1956,12
1626397200,1829.43,1831.65,1825.81,1826.505,4066,16
1626411600,1826.505,1827.315,1821.01,1822.895,5588,16
1626426000,1822.895,1825.534,1815.54,1822.88,9968,16
1626440400,1822.88,1826.785,1809.7,1815.356,19297,16
1626454800,1815.356,1816.57,1809.03,1812.255,4497,16
1626642000,1812.255,1817.42,1810.52,1814.92,2389,12
1626656400,1814.92,1816.28,1811.225,1812.41,5323,16
1626670800,1812.41,1813.366,1802.655,1804.42,8681,16
1626685200,1804.42,1810.29,1795.12,1809.13,13118,16
1626699600,1809.13,1815.655,1804.94,1808.876,17106,16
1626714000,1808.876,1813.415,1806.97,1812.845,3335,16
1626728400,1812.845,1814.25,1810.825,1813.47,1315,12
1626742800,1813.47,1819.175,1813.264,1817.85,5483,16
1626757200,1817.85,1818.166,1811.73,1813.186,5946,16
1626771600,1813.186,1824.08,1812.66,1822.895,10572,16
1626786000,1822.895,1825.006,1805.13,1812.056,18969,16
1626800400,1812.056,1812.056,1808.315,1810.345,2904,16
1626814800,1810.345,1811.09,1808.175,1808.725,1329,12
1626829200,1808.725,1809.55,1805.26,1808.095,4368,16
1626843600,1808.095,1813.795,1803.37,1807.485,8657,16
1626858000,1807.485,1809.025,1794.666,1799.04,10859,16
1626872400,1799.04,1805.83,1796.98,1803.1,14201,16
1626886800,1803.1,1805.44,1801.946,1803.505,2569,16
1626901200,1803.505,1804.035,1801.71,1802.39,847,12
1626915600,1802.39,1803.155,1797.355,1799.085,3437,16
1626930000,1799.085,1803.48,1792.835,1797.19,6716,16
1626944400,1797.19,1806.3,1794.14,1802.94,12309,16
1626958800,1802.94,1808.116,1796.015,1805.195,13871,16
1626973200,1805.195,1807.89,1804.43,1806.66,2354,16
1626987600,1806.66,1808.605,1806.66,1807.075,858,12
1627002000,1807.075,1808.59,1802.375,1803.425,3896,16
1627016400,1803.425,1810.37,1801.36,1804.4,6781,16
1627030800,1804.4,1805.395,1789.69,1802.955,10944,16
1627045200,1802.955,1804.54,1794.985,1802.125,11101,16
1627059600,1802.125,1804.695,1800.805,1801.975,2333,16
1627246800,1801.975,1802.805,1798.57,1799.4,1899,12
1627261200,1799.4,1807.405,1798.635,1806.5,4853,16
1627275600,1806.5,1811.605,1804.655,1808.615,8456,16
1627290000,1808.615,1809.99,1801.23,1803.325,7083,16
1627304400,1803.325,1804.67,1796.74,1799.49,12746,16
1627318800,1799.49,1800.035,1796.445,1797.575,2380,16
1627333200,1797.575,1798.585,1796.62,1798.585,1196,12
1627347600,1798.585,1799.915,1794.81,1798.035,4239,16
1627362000,1798.035,1801.29,1793.695,1796.275,8244,16
1627376400,1796.275,1805.29,1795.17,1802.91,7195,16
1627390800,1802.91,1805.0,1794.66,1800.186,15224,16
1627405200,1800.186,1802.23,1798.67,1798.995,2515,16
1627419600,1798.995,1800.81,1798.225,1798.846,1649,12
1627434000,1798.846,1807.49,1798.145,1804.965,4811,16
1627448400,1804.965,1807.096,1799.38,1801.09,5852,16
1627462800,1801.09,1801.85,1795.396,1799.0,6480,16
1627477200,1799.0,1802.62,1794.59,1802.385,8847,16
1627491600,1802.385,1809.86,1792.795,1806.895,21678,16
1627506000,1806.895,1810.386,1806.895,1809.58,1458,12
1627520400,1809.58,1817.55,1809.58,1815.785,6430,16
1627534800,1815.785,1822.196,1815.235,1821.62,7771,16
1627549200,1821.62,1828.16,1819.594,1825.84,11222,16
1627563600,1825.84,1832.73,1823.42,1831.235,11509,16
1627578000,1831.235,1831.78,1827.885,1827.975,2800,16
1627592400,1827.975,1831.305,1827.086,1827.485,1713,12
1627606800,1827.485,1830.495,1826.82,1827.685,4352,16
1627621200,1827.685,1831.41,1825.994,1829.785,5564,16
1627635600,1829.785,1829.935,1821.915,1822.875,6379,16
1627650000,1822.875,1827.316,1814.276,1814.47,11800,16
1627664400,1814.47,1816.55,1810.325,1814.18,4231,16
1627851600,1814.18,1816.645,1812.2,1816.6,2124,12
1627866000,1816.6,1816.985,1808.61,1810.68,6709,16
1627880400,1810.68,1813.414,1806.47,1807.395,8516,16
1627894800,1807.395,1811.75,1805.875,1806.765,6766,16
1627909200,1806.765,1818.5,1806.25,1817.91,12917,16
1627923600,1817.91,1819.56,1812.75,1813.494,2709,16
1627938000,1813.494,1813.98,1811.04,1811.375,1292,12
1627952400,1811.375,1813.61,1809.52,1811.9,4379,16
1627966800,1811.9,1812.21,1808.296,1810.88,5225,16
1627981200,1810.88,1813.57,1807.175,1812.816,6572,16
1627995600,1812.816,1815.065,1808.775,1810.86,10417,16
1628010000,1810.86,1811.656,1809.885,1810.45,1389,16
1628024400,1810.45,1811.304,1809.94,1810.495,640,12
1628038800,1810.495,1814.875,1809.035,1812.5,2967,16
1628053200,1812.5,1815.255,1811.136,1811.426,4225,16
1628067600,1811.426,1828.195,1810.86,1827.155,10449,16
1628082000,1827.155,1831.77,1806.456,1811.895,25227,16
1628096400,1811.895,1813.15,1810.54,1811.86,2133,16
1628110800,1811.86,1812.575,1809.665,1809.875,1111,12
1628125200,1809.875,1812.015,1809.13,1811.105,3026,16
1628139600,1811.105,1814.68,1808.446,1811.02,5625,16
1628154000,1811.02,1814.925,1808.506,1809.3,8243,16
1628168400,1809.3,1812.185,1797.9,1807.055,16913,16
1628182800,1807.055,1807.325,1803.445,1804.156,2143,16
1628197200,1804.156,1804.965,1801.61,1801.95,931,12
1628211600,1801.95,1802.505,1799.18,1800.76,3080,16
1628226000,1800.76,1802.08,1797.09,1799.795,4853,16
1628240400,1799.795,1801.47,1775.636,1776.615,19669,16
1628254800,1776.615,1776.615,1758.8,1759.6,26863,16
1628269200,1759.6,1765.81,1759.6,1763.085,4621,16
1628456400,1763.085,1764.675,1677.686,1727.775,30176,12
1628470800,1727.775,1742.02,1727.725,1738.615,19315,16
1628485200,1738.615,1752.72,1737.79,1746.81,13228,16
1628499600,1746.81,1748.866,1738.01,1738.26,18798,16
1628514000,1738.26,1745.506,1723.92,1726.205,28237,16
1628528400,1726.205,1731.77,1724.72,1729.675,5243,16
1628542800,1729.675,1733.36,1728.845,1732.555,2716,12
1628557200,1732.555,1737.8,1731.19,1735.87,5345,16
1628571600,1735.87,1738.33,1728.83,1731.676,8804,16
1628586000,1731.676,1733.87,1726.3,1727.705,10298,16
1628600400,1727.705,1732.84,1717.785,1729.47,20823,16
1628614800,1729.47,1732.14,1728.36,1729.125,2921,16
1628629200,1729.125,1729.935,1725.25,1726.405,1726,12
1628643600,1726.405,1735.256,1724.2,1732.755,5482,16
1628658000,1732.755,1734.66,1728.98,1733.225,7348,16
1628672400,1733.225,1747.56,1732.525,1744.79,17601,16
1628686800,1744.79,1752.13,1738.776,1749.905,19769,16
1628701200,1749.905,1754.534,1748.89,1751.55,7429,16
1628715600,1751.55,1753.7,1750.755,1751.386,1720,12
1628730000,1751.386,1752.45,1748.95,1751.875,4437,16
1628744400,1751.875,1758.2,1750.605,1755.84,7926,16
1628758800,1755.84,1756.435,1743.906,1749.46,12050,16
1628773200,1749.46,1754.025,1741.655,1751.44,17541,16
1628787600,1751.44,1753.94,1749.71,1752.61,3279,16
1628802000,1752.61,1754.225,1752.06,1753.18,1385,12
1628816400,1753.18,1756.824,1751.745,1755.4,3570,16
1628830800,1755.4,1760.346,1754.7,1756.12,7488,16
1628845200,1756.12,1763.21,1756.034,1762.94,6740,16
1628859600,1762.94,1779.34,1762.36,1776.69,14907,16
1628874000,1776.69,1780.095,1775.965,1779.9,2668,16
1629061200,1779.9,1780.68,1778.22,1780.665,2962,12
1629075600,1780.665,1782.655,1775.59,1777.176,5084,16
1629090000,1777.176,1777.575,1771.9,1776.06,8263,16
1629104400,1776.06,1781.315,1770.876,1778.426,11338,16
1629118800,1778.426,1789.3,1777.636,1786.745,14159,16
1629133200,1786.745,1788.52,1785.87,1787.2,2301,16
1629147600,1787.2,1788.56,1786.255,1786.94,1789,12
1629162000,1786.94,1788.775,1784.483,1786.17,5641,16
1629176400,1786.17,1795.406,1786.086,1794.74,9633,16
1629190800,1794.74,1795.6,1788.12,1789.56,13456,16
1629205200,1789.56,1793.095,1780.67,1782.528,18732,16
1629219600,1782.528,1786.381,1782.305,1786.07,3786,16
1629234000,1786.07,1786.965,1785.18,1786.07,1916,12
1629248400,1786.07,1792.36,1785.58,1789.49,4866,16
1629262800,1789.49,1793.833,1786.436,1787.856,6854,16
1629277200,1787.856,1791.355,1782.99,1788.333,9250,16
1629291600,1788.333,1790.679,1777.43,1783.1,19485,16
1629306000,1783.1,1790.497,1780.525,1787.326,14591,16
1629320400,1787.326,1788.945,1784.193,1784.52,3100,12
1629334800,1784.52,1785.535,1774.215,1777.555,8351,16
1629349200,1777.555,1787.946,1775.765,1785.355,13538,16
1629363600,1785.355,1790.26,1783.805,1788.942,12233,16
1629378000,1788.942,1792.548,1777.26,1782.72,19457,16
1629392400,1782.72,1783.08,1776.458,1779.936,4928,16
1629406800,1779.936,1781.85,1778.81,1781.082,2870,12
1629421200,1781.082,1786.629,1781.014,1785.95,4616,16
1629435600,1785.95,1788.495,1780.605,1782.615,8156,16
1629450000,1782.615,1786.765,1779.926,1782.25,7108,16
1629464400,1782.25,1786.76,1778.42,1783.889,20239,16
1629478800,1783.889,1784.486,1780.42,1781.24,3091,16
1629666000,1781.24,1782.435,1777.264,1779.225,3496,12
1629680400,1779.225,1788.788,1776.559,1787.745,8299,16
1629694800,1787.745,1788.826,1784.345,1788.06,6999,16
1629709200,1788.06,1800.121,1786.944,1799.97,9775,16
1629723600,1799.97,1806.445,1795.57,1803.19,18186,16
1629738000,1803.19,1805.605,1802.585,1805.445,2541,16
1629752400,1805.445,1806.023,1802.06,1802.112,1293,12
1629766800,1802.112,1804.722,1800.84,1802.022,3613,16
1629781200,1802.022,1805.164,1800.765,1802.121,8146,16
1629795600,1802.121,1809.48,1801.53,1807.899,8265,16
1629810000,1807.899,1809.61,1801.528,1806.38,16607,16
1629824400,1806.38,1807.06,1802.776,1803.075,2126,16
1629838800,1803.075,1803.125,1794.11,1796.005,2341,12
1629853200,1796.005,1797.886,1791.926,1794.306,5316,16
1629867600,1794.306,1797.58,1791.895,1793.911,6757,16
1629882000,1793.911,1797.793,1790.3,1795.805,9512,16
1629896400,1795.805,1797.805,1782.534,1789.906,23655,16
1629910800,1789.906,1793.039,1788.351,1790.57,3502,16
1629925200,1790.57,1792.08,1790.12,1790.279,1128,12
1629939600,1790.279,1791.175,1786.84,1787.135,3681,16
1629954000,1787.135,1788.41,1783.469,1784.567,7110,16
1629968400,1784.567,1791.02,1780.895,1784.21,12721,16
1629982800,1784.21,1798.275,1780.138,1792.255,24195,16
1629997200,1792.255,1794.26,1790.27,1791.99,3708,16
1630011600,1791.99,1794.615,1791.99,1794.045,1457,12
1630026000,1794.045,1800.105,1793.645,1800.034,4054,16
1630040400,1800.034,1805.21,1794.965,1797.15,7387,16
1630054800,1797.15,1800.705,1792.56,1798.7,7619,16
1630069200,1798.7,1817.15,1784.96,1816.965,39430,16
1630083600,1816.965,1819.22,1815.324,1817.425,3734,16
1630270800,1817.425,1821.4,1817.265,1821.126,2966,12
1630285200,1821.126,1823.275,1813.43,1816.156,6944,16
1630299600,1816.156,1818.2,1812.845,1815.055,5412,16
1630314000,1815.055,1817.93,1814.456,1814.695,4956,16
1630328400,1814.695,1815.735,1809.21,1810.7,12637,16
1630342800,1810.7,1811.325,1807.785,1810.36,2021,16
1630357200,1810.36,1812.915,1809.79,1812.72,1170,12
1630371600,1812.72,1816.1,1811.72,1814.87,3531,16
1630386000,1814.87,1819.245,1813.905,1815.08,5732,16
1630400400,1815.08,1817.055,1809.074,1809.626,8679,16
1630414800,1809.626,1815.856,1801.72,1814.115,24441,16
1630429200,1814.115,1816.435,1813.655,1813.795,4131,16
1630443600,1813.795,1815.05,1812.12,1812.396,1301,12
1630458000,1812.396,1815.99,1810.395,1815.02,4529,16
1630472400,1815.02,1817.07,1809.44,1810.835,7251,16
1630486800,1810.835,1820.075,1810.67,1819.42,10404,16
1630501200,1819.42,1820.056,1808.735,1813.39,18829,16
1630515600,1813.39,1815.18,1812.055,1814.145,1733,16
1630530000,1814.145,1815.295,1812.91,1814.465,1182,12
1630544400,1814.465,1816.106,1810.74,1810.985,3025,16
1630558800,1810.985,1816.026,1810.865,1815.65,3860,16
1630573200,1815.65,1817.185,1809.505,1813.87,6032,16
1630587600,1813.87,1813.89,1804.9,1809.245,14394,16
1630602000,1809.245,1811.155,1808.045,1809.565,1774,16
1630616400,1809.565,1811.18,1809.05,1811.145,700,12
1630630800,1811.145,1814.934,1810.66,1811.655,3175,16
1630645200,1811.655,1814.505,1810.764,1811.616,3475,16
1630659600,1811.616,1829.63,1811.46,1823.576,20758,16
1630674000,1823.576,1834.04,1819.315,1830.145,22854,16
1630688400,1830.145,1832.86,1827.345,1827.8,2372,16
1671199200,1785.525,1793.91,1782.265,1787.63,16381,16
1671213600,1787.63,1794.3,1787.47,1793.155,5663,16
1671400800,1793.155,1795.225,1790.965,1794.2,7597,12
1671415200,1794.2,1796.95,1790.36,1790.875,8127,16
1671429600,1790.875,1798.775,1790.705,1795.445,8683,16
1671444000,1795.445,1797.155,1791.015,1791.535,5940,16
1671458400,1791.535,1795.995,1783.905,1790.085,8773,16
1671472800,1790.085,1790.125,1786.36,1787.715,3797,16
1671487200,1787.715,1788.18,1784.695,1786.71,5291,12
1671501600,1786.71,1796.175,1785.32,1788.835,26506,16
1671516000,1788.835,1807.865,1788.37,1807.3,18795,16
1671530400,1807.3,1809.5,1798.405,1805.7,10877,16
1671544800,1805.7,1821.14,1802.83,1818.02,17162,16
1671559200,1818.02,1819.075,1814.26,1817.89,5218,16
1671573600,1817.89,1819.865,1815.755,1816.605,6398,12
1671588000,1816.605,1818.695,1813.115,1814.215,7124,16
1671602400,1814.215,1817.4,1811.985,1813.32,10113,16
1671616800,1813.32,1819.855,1811.925,1817.665,7653,16
1671631200,1817.665,1823.865,1814.79,1816.89,10626,16
1671645600,1816.89,1818.405,1812.925,1814.64,5347,16
1671660000,1814.64,1819.875,1813.46,1819.485,5637,12
1671674400,1819.485,1820.46,1817.58,1818.57,6762,16
1671688800,1818.57,1819.715,1813.76,1817.025,7518,16
1671703200,1817.025,1819.945,1807.125,1807.81,10298,16
1671717600,1807.81,1810.01,1792.685,1793.11,15564,16
1671732000,1793.11,1795.11,1784.85,1792.63,10500,16
1671746400,1792.63,1795.38,1791.34,1795.07,5369,12
1671760800,1795.07,1796.28,1792.545,1794.845,6586,16
1671775200,1794.845,1799.355,1794.59,1798.72,8531,16
1671789600,1798.72,1800.39,1793.33,1794.34,10670,16
1671804000,1794.34,1803.24,1791.25,1797.255,16640,16
1671818400,1797.255,1798.73,1793.66,1798.425,5329,16
1672092000,1798.425,1804.7,1798.425,1804.61,4799,12
1672106400,1804.61,1808.1,1803.525,1805.945,6255,16
1672120800,1805.945,1809.865,1805.115,1808.635,7088,16
1672135200,1808.635,1811.61,1806.005,1806.58,7322,16
1672149600,1806.58,1833.445,1802.41,1813.81,21512,16
1672164000,1813.81,1817.6,1812.32,1813.91,7879,16
1672178400,1813.91,1814.645,1809.675,1813.09,4503,12
1672192800,1813.09,1813.155,1810.135,1810.51,5329,16
1672207200,1810.51,1811.565,1799.92,1800.185,11895,16
1672221600,1800.185,1807.695,1799.325,1803.83,7968,16
1672236000,1803.83,1809.495,1797.1,1805.66,15826,16
1672250400,1805.66,1809.295,1802.87,1804.3,8112,16
1672264800,1804.3,1808.71,1804.18,1806.615,3928,12
1672279200,1806.615,1810.145,1805.98,1809.69,5177,16
1672293600,1809.69,1812.025,1804.855,1808.8,7738,16
1672308000,1808.8,1812.135,1804.435,1810.37,8387,16
1672322400,1810.37,1819.88,1808.775,1819.015,16016,16
1672336800,1819.015,1820.205,1814.315,1814.985,5799,16
1672351200,1814.985,1818.215,1813.795,1817.63,5615,12
1672365600,1817.63,1819.235,1815.64,1818.925,5712,16
1672380000,1818.925,1822.345,1814.92,1815.145,10021,16
1672394400,1815.145,1822.015,1813.4,1821.775,13449,16
1672408800,1821.775,1825.27,1814.37,1823.96,28970,16
1672423200,1823.96,1826.14,1818.665,1823.79,11151,16
1672696800,1823.79,1832.545,1823.79,1828.57,11651,12
1672711200,1828.57,1843.22,1828.36,1840.51,13420,16
1672725600,1840.51,1849.99,1834.63,1838.905,25799,16
1672740000,1838.905,1841.12,1830.905,1838.96,16498,16
1672754400,1838.96,1849.89,1827.645,1839.355,26909,16
1672768800,1839.355,1840.28,1836.57,1839.7,6493,16
1672783200,1839.7,1844.585,1836.24,1844.385,6403,12
1672797600,1844.385,1847.215,1843.49,1846.43,8117,16
1672812000,1846.43,1865.215,1845.83,1860.605,14997,16
1672826400,1860.605,1862.9,1852.885,1860.12,10862,16
1672840800,1860.12,1860.91,1849.095,1850.575,22646,16
1672855200,1850.575,1857.245,1847.15,1854.65,13208,16
1672869600,1854.65,1858.995,1854.045,1858.91,5931,12
1672884000,1858.91,1858.91,1850.405,1852.675,6493,16
1672898400,1852.675,1855.75,1843.89,1848.575,12919,16
1672912800,1848.575,1851.405,1833.09,1834.835,18188,16
1672927200,1834.835,1837.925,1825.13,1833.99,17611,16
1672941600,1833.99,1837.47,1831.97,1832.7,5694,16
1672956000,1832.7,1836.205,1831.42,1835.52,4465,12
1672970400,1835.52,1840.915,1835.52,1837.145,7034,16
1672984800,1837.145,1840.685,1833.32,1835.55,9290,16
1672999200,1835.55,1852.595,1834.145,1851.84,21169,16
1673013600,1851.84,1865.01,1840.745,1862.46,26917,16
1673028000,1862.46,1869.92,1861.835,1866.11,8258,16
1673215200,1866.11,1875.335,1866.11,1874.475,9644,12
1673229600,1874.475,1879.545,1874.305,1878.055,9109,16
1673244000,1878.055,1881.02,1871.335,1873.68,12413,16
1673258400,1873.68,1878.505,1870.56,1878.23,9506,16
1673272800,1878.23,1881.55,1869.11,1871.905,13948,16
1673287200,1871.905,1875.755,1869.275,1871.705,5901,16
1673301600,1871.705,1876.13,1867.93,1874.485,6090,12
1673316000,1874.485,1875.68,1870.79,1874.13,7149,16
1673330400,1874.13,1877.33,1870.67,1876.89,10488,16
1673344800,1876.89,1877.19,1870.475,1873.425,11600,16
1673359200,1873.425,1880.795,1871.29,1874.355,18243,16
1673373600,1874.355,1878.725,1872.045,1876.99,6713,16
1673388000,1876.99,1878.5,1872.07,1873.11,5267,12
1673402400,1873.11,1884.68,1872.37,1882.325,7812,16
1673416800,1882.325,1886.695,1880.395,1884.685,15603,16
1673431200,1884.685,1886.1,1875.82,1877.675,13081,16
1673445600,1877.675,1879.185,1867.22,1873.85,18132,16
1673460000,1873.85,1878.535,1873.21,1875.965,6064,16
1673474400,1875.965,1881.165,1874.965,1880.585,6022,12
1673488800,1880.585,1885.09,1880.285,1883.72,6655,16
1673503200,1883.72,1885.475,1879.945,1884.405,9040,16
1673517600,1884.405,1901.705,1870.3,1899.685,23397,16
1673532000,1899.685,1901.395,1879.935,1897.79,31088,16
1673546400,1897.79,1899.66,1894.175,1896.785,10086,16
1673560800,1896.785,1900.98,1895.845,1898.84,7841,12
1673575200,1898.84,1899.965,1892.395,1893.705,6627,16
1673589600,1893.705,1909.735,1893.565,1904.38,14269,16
1673604000,1904.38,1907.025,1893.77,1900.09,14812,16
1673618400,1900.09,1917.835,1899.18,1916.925,16529,16
1673632800,1916.925,1921.91,1916.775,1920.315,5997,16
1673820000,1920.315,1924.62,1916.84,1924.26,7931,12
1673834400,1924.26,1929.06,1916.965,1919.59,7704,16
1673848800,1919.59,1920.89,1910.915,1917.64,9946,16
1673863200,1917.64,1919.39,1911.46,1913.425,9415,16
1673877600,1913.425,1917.14,1912.61,1913.935,6574,16
1673892000,1913.935,1916.01,1913.935,1916.01,810,7
1673906400,1916.01,1919.095,1912.97,1913.16,4589,12
1673920800,1913.16,1916.33,1908.195,1911.125,7505,16
1673935200,1911.125,1912.02,1905.92,1906.625,10477,16
1673949600,1906.625,1914.475,1904.325,1913.015,11809,16
1673964000,1913.015,1916.67,1905.26,1907.225,16242,16
1673978400,1907.225,1910.895,1903.81,1908.71,8347,16
1673992800,1908.71,1909.185,1906.39,1908.8,3856,12
1674007200,1908.8,1910.365,1896.675,1898.04,16096,16
1674021600,1898.04,1916.005,1897.895,1914.85,16460,16
1674036000,1914.85,1924.41,1911.285,1921.45,13133,16
1674050400,1921.45,1925.945,1901.655,1905.355,24247,16
1674064800,1905.355,1906.58,1902.41,1904.51,6129,16
1674079200,1904.51,1909.565,1901.43,1902.02,7375,12
1674093600,1902.02,1911.02,1901.035,1910.105,7549,16
1674108000,1910.105,1916.84,1906.505,1910.4,9134,16
1674122400,1910.4,1913.515,1906.73,1913.245,11544,16
1674136800,1913.245,1923.345,1912.87,1920.115,14191,16
1674151200,1920.115,1935.21,1919.87,1932.26,9783,16
1674165600,1932.26,1934.89,1929.46,1931.745,5468,12
1674180000,1931.745,1932.58,1923.24,1928.04,6916,16
1674194400,1928.04,1937.58,1926.25,1929.45,12955,16
1674208800,1929.45,1931.39,1923.985,1924.205,13359,16
1674223200,1924.205,1931.05,1920.72,1925.195,15981,16
1674237600,1925.195,1931.03,1924.795,1926.06,5627,16
1674424800,1926.06,1933.83,1923.91,1932.55,4812,12
1674439200,1932.55,1935.59,1926.165,1926.25,5619,16
1674453600,1926.25,1927.485,1918.965,1926.02,14477,16
1674468000,1926.02,1929.44,1918.845,1922.01,9729,16
1674482400,1922.01,1926.4,1911.435,1923.955,17854,16
1674496800,1923.955,1931.785,1923.835,1931.34,5935,16
1674511200,1931.34,1935.87,1930.85,1935.87,3250,12
1674525600,1935.87,1937.135,1931.92,1934.11,3438,16
1674540000,1934.11,1942.555,1933.95,1936.19,8804,16
1674554400,1936.19,1939.44,1930.435,1932.535,7701,16
1674568800,1932.535,1936.69,1917.22,1933.975,21466,16
1674583200,1933.975,1938.275,1933.16,1937.315,3580,16
1674597600,1937.315,1938.88,1935.01,1937.405,3560,12
1674612000,1937.405,1939.74,1925.88,1927.66,6789,16
1674626400,1927.66,1933.875,1926.45,1928.04,10758,16
1674640800,1928.04,1928.525,1919.945,1922.35,11958,16
1674655200,1922.35,1940.525,1921.81,1937.37,24501,16
1674669600,1937.37,1948.1,1937.37,1946.325,8451,16
1674684000,1946.325,1949.26,1942.6,1945.655,4881,12
1674698400,1945.655,1948.825,1943.725,1947.575,5076,16
1674712800,1947.575,1949.045,1933.945,1936.855,13687,16
1674727200,1936.855,1939.645,1931.365,1937.705,14323,16
1674741600,1937.705,1942.44,1918.695,1926.66,24183,16
1674756000,1926.66,1933.175,1926.485,1929.215,7167,16
1674770400,1929.215,1934.905,1929.0,1930.15,4873,12
1674784800,1930.15,1931.17,1919.88,1925.135,6312,16
1674799200,1925.135,1928.25,1922.195,1925.695,8664,16
1674813600,1925.695,1935.05,1925.225,1928.885,10103,16
1674828000,1928.885,1932.26,1916.745,1928.605,19362,16
1674842400,1928.605,1932.075,1926.235,1927.73,5021,16
1675029600,1927.73,1931.13,1924.895,1927.805,7306,12
1675044000,1927.805,1934.565,1924.475,1931.435,7328,16
1675058400,1931.435,1932.245,1920.745,1924.76,11364,16
1675072800,1924.76,1930.84,1922.135,1929.17,7671,16
1675087200,1929.17,1929.67,1922.01,1924.42,7606,16
1675101600,1924.42,1924.7,1920.865,1923.2,3586,16
1675116000,1923.2,1927.43,1921.185,1925.25,4467,12
1675130400,1925.25,1926.42,1917.125,1917.415,5724,16
1675144800,1917.415,1917.415,1902.725,1903.88,11633,16
1675159200,1903.88,1920.345,1900.87,1919.74,15754,16
1675173600,1919.74,1930.575,1918.57,1929.61,15540,16
1675188000,1929.61,1931.19,1927.28,1928.235,5645,16
1675202400,1928.235,1928.815,1925.65,1927.175,4267,12
1675216800,1927.175,1928.545,1924.595,1926.14,4611,16
1675231200,1926.14,1929.28,1923.34,1925.14,7206,16
1675245600,1925.14,1933.25,1923.78,1929.355,9911,16
1675260000,1929.355,1932.96,1920.58,1925.755,18564,16
1675274400,1925.755,1954.645,1921.41,1950.145,38703,16
1675288800,1950.145,1957.31,1950.145,1952.895,9106,12
1675303200,1952.895,1954.5,1951.56,1952.72,6490,16
1675317600,1952.72,1959.77,1951.32,1956.495,11790,16
1675332000,1956.495,1957.33,1943.435,1944.355,16994,16
1675346400,1944.355,1947.25,1911.95,1912.215,28741,16
1675360800,1912.215,1918.65,1911.375,1912.69,12499,16
1675375200,1912.69,1918.3,1911.885,1917.865,7806,12
1675389600,1917.865,1918.65,1913.87,1915.07,6897,16
1675404000,1915.07,1918.295,1910.145,1913.335,12253,16
1675418400,1913.335,1917.115,1882.83,1886.85,23159,16
1675432800,1886.85,1886.85,1862.81,1863.53,36242,16
1675447200,1863.53,1867.07,1861.43,1865.695,11158,16
1675634400,1865.695,1873.565,1862.13,1872.835,10995,12
1675648800,1872.835,1878.735,1871.71,1878.095,9128,16
1675663200,1878.095,1881.405,1870.165,1873.275,13387,16
1675677600,1873.275,1874.155,1868.27,1871.7,9910,16
1675692000,1871.7,1875.83,1863.14,1866.03,12929,16
1675706400,1866.03,1871.355,1864.36,1867.695,6292,16
1675720800,1867.695,1873.625,1867.11,1873.625,5437,12
1675735200,1873.625,1875.69,1871.735,1875.015,6510,16
1675749600,1875.015,1878.05,1871.21,1873.42,11190,16
1675764000,1873.42,1875.515,1865.76,1869.9,14705,16
1675778400,1869.9,1884.41,1866.71,1880.675,20529,16
1675792800,1880.675,1882.8,1865.05,1871.885,21637,16
1675807200,1871.885,1878.465,1871.49,1876.11,4890,12
1675821600,1876.11,1878.435,1874.36,1877.015,4557,16
1675836000,1877.015,1886.515,1873.33,1886.07,12617,16
1675850400,1886.07,1886.07,1872.695,1877.825,11506,16
1675864800,1877.825,1883.175,1869.16,1875.82,17812,16
1675879200,1875.82,1879.925,1873.84,1875.55,6957,16
1675893600,1875.55,1877.025,1872.08,1877.025,4057,12
1675908000,1877.025,1881.49,1876.81,1879.14,4693,16
1675922400,1879.14,1885.525,1876.875,1883.155,10600,16
1675936800,1883.155,1889.815,1879.81,1889.59,9320,16
1675951200,1889.59,1890.25,1863.0,1868.555,20067,16
1675965600,1868.555,1869.685,1858.975,1861.78,10985,16
1675980000,1861.78,1865.54,1859.145,1862.255,6031,12
1675994400,1862.255,1863.5,1852.835,1860.19,7727,16
1676008800,1860.19,1872.21,1857.655,1864.295,19954,16
1676023200,1864.295,1868.655,1860.64,1867.05,11057,16
1676037600,1867.05,1868.585,1856.44,1861.78,15862,16
1676052000,1861.78,1865.775,1861.255,1865.35,5640,16
1676239200,1865.35,1865.43,1858.18,1861.555,4450,12
1676253600,1861.555,1862.49,1857.05,1859.765,5769,16
1676268000,1859.765,1866.64,1854.73,1857.165,10838,16
1676282400,1857.165,1863.05,1853.94,1857.015,7988,16
1676296800,1857.015,1859.395,1850.7,1851.64,10675,16
1676311200,1851.64,1855.79,1850.525,1853.74,3673,16
1676325600,1853.74,1856.805,1853.36,1856.63,3167,12
1676340000,1856.63,1859.49,1855.715,1859.46,3248,16
1676354400,1859.46,1864.935,1857.935,1862.695,10149,16
1676368800,1862.695,1870.8,1850.516,1862.635,25034,16
1676383200,1862.635,1866.395,1843.26,1849.825,45470,16
1676397600,1849.825,1858.93,1849.635,1854.435,10072,16
1676412000,1854.435,1859.395,1853.58,1859.045,4409,12
1676426400,1859.045,1860.19,1845.24,1846.48,8807,16
1676440800,1846.48,1846.695,1831.89,1835.73,17377,16
1676455200,1835.73,1838.97,1831.855,1834.785,16389,16
1676469600,1834.785,1838.755,1830.62,1834.995,16435,16
1676484000,1834.995,1838.69,1833.815,1836.005,4492,16
1676498400,1836.005,1842.33,1834.58,1841.445,5851,12
1676512800,1841.445,1842.645,1835.41,1837.11,5424,16
1676527200,1837.11,1844.87,1834.4,1835.615,10368,16
1676541600,1835.615,1840.435,1827.725,1830.9,14319,16
1676556000,1830.9,1843.92,1827.665,1842.51,14616,16
1676570400,1842.51,1845.32,1835.955,1836.52,10191,16
1676584800,1836.52,1836.52,1828.97,1829.05,5700,12
1676599200,1829.05,1830.68,1823.965,1827.605,5304,16
1676613600,1827.605,1828.275,1818.975,1825.915,11280,16
1676628000,1825.915,1830.395,1821.89,1827.645,10861,16
1676642400,1827.645,1842.83,1822.715,1840.9,19158,16
1676656800,1840.9,1843.685,1840.295,1842.565,5459,16
1676844000,1842.565,1842.565,1837.36,1840.49,4243,12
1676858400,1840.49,1844.895,1839.54,1844.55,4874,16
1676872800,1844.55,1847.57,1841.16,1843.935,8001,16
1676887200,1843.935,1846.89,1842.645,1846.465,6433,16
1676901600,1846.465,1847.075,1840.815,1840.945,4951,16
1676916000,1840.945,1845.72,1840.645,1843.76,1019,7
1676930400,1843.76,1843.835,1840.095,1842.37,3320,12
1676944800,1842.37,1843.52,1837.15,1839.795,4697,16
1676959200,1839.795,1839.845,1831.15,1835.565,12323,16
1676973600,1835.565,1837.165,1830.29,1836.82,8046,16
1676988000,1836.82,1843.905,1832.195,1836.805,18279,16
1677002400,1836.805,1837.5,1831.825,1834.915,4566,16
1677016800,1834.915,1838.505,1834.885,1836.375,3761,12
1677031200,1836.375,1837.665,1834.666,1837.03,3425,16
1677045600,1837.03,1841.28,1832.975,1834.03,7251,16
1677060000,1834.03,1846.07,1832.165,1838.67,10336,16
1677074400,1838.67,1839.115,1830.755,1833.225,13644,16
1677088800,1833.225,1834.31,1823.56,1825.305,13378,16
1677103200,1825.305,1828.875,1823.205,1827.805,4273,12
1677117600,1827.805,1830.495,1826.415,1828.96,4689,16
1677132000,1828.96,1833.9,1825.73,1826.32,7870,16
1677146400,1826.32,1828.56,1817.55,1825.535,11993,16
1677160800,1825.535,1830.21,1818.53,1821.28,18064,16
1677175200,1821.28,1824.195,1819.23,1822.3,4822,16
1677189600,1822.3,1827.265,1822.26,1826.145,6627,12
1677204000,1826.145,1827.885,1824.12,1824.655,5921,16
1677218400,1824.655,1826.4,1819.78,1821.675,9499,16
1677232800,1821.675,1824.165,1811.74,1815.68,18598,16
1677247200,1815.68,1815.985,1809.03,1809.94,20624,16
1677261600,1809.94,1813.495,1809.01,1810.985,4030,16
1677448800,1810.985,1814.265,1810.405,1813.97,4759,12
1677463200,1813.97,1814.03,1806.705,1808.81,5095,16
1677477600,1808.81,1813.76,1807.22,1808.435,10129,16
1677492000,1808.435,1816.375,1808.35,1815.275,8466,16
1677506400,1815.275,1820.2,1812.66,1818.74,10084,16
1677520800,1818.74,1820.185,1816.055,1817.25,4106,16
1677535200,1817.25,1818.23,1815.43,1817.34,2514,12
1677549600,1817.34,1819.465,1812.275,1813.445,3123,16
1677564000,1813.445,1817.04,1804.685,1810.365,8581,16
1677578400,1810.365,1814.26,1807.35,1814.035,7494,16
1677592800,1814.035,1831.175,1813.08,1829.355,15232,16
1677607200,1829.355,1830.85,1826.36,1826.67,5321,16
1677621600,1826.67,1829.525,1823.15,1829.18,4436,12
1677636000,1829.18,1832.69,1827.465,1831.135,4194,16
1677650400,1831.135,1838.07,1830.505,1831.78,10665,16
1677664800,1831.78,1841.73,1830.865,1837.305,9350,16
1677679200,1837.305,1844.83,1833.5,1837.28,17566,16
1677693600,1837.28,1839.175,1836.58,1836.65,3720,16
1677708000,1836.65,1838.54,1831.11,1833.165,4000,12
1677722400,1833.165,1836.065,1832.275,1833.59,3731,16
1677736800,1833.59,1835.315,1830.05,1831.98,7350,16
1677751200,1831.98,1837.68,1830.16,1832.32,9251,16
1677765600,1832.32,1839.03,1832.09,1833.78,12879,16
1677780000,1833.78,1838.165,1832.9,1835.94,4078,16
1677794400,1835.94,1841.585,1835.94,1838.845,4064,12
1677808800,1838.845,1841.155,1837.915,1839.045,3121,16
1677823200,1839.045,1847.46,1839.02,1845.88,6393,16
1677837600,1845.88,1849.3,1844.605,1847.02,6369,16
1677852000,1847.02,1848.35,1839.115,1847.405,13402,16
1677866400,1847.405,1856.39,1846.655,1855.435,4346,16
1678053600,1855.435,1855.435,1850.81,1852.71,3481,12
1678068000,1852.71,1856.53,1851.11,1854.33,3745,16
1678082400,1854.33,1858.31,1850.675,1851.5,6598,16
1678096800,1851.5,1853.3,1847.325,1851.605,5455,16
1678111200,1851.605,1854.085,1848.5,1850.475,8695,16
1678125600,1850.475,1850.475,1845.225,1846.88,3481,16
1678140000,1846.88,1848.545,1844.18,1847.98,3061,12
1678154400,1847.98,1850.545,1846.62,1847.535,3138,16
1678168800,1847.535,1851.705,1843.475,1843.795,6258,16
1678183200,1843.795,1844.37,1833.485,1835.53,5804,16
1678197600,1835.53,1835.575,1815.71,1817.13,21038,16
1678212000,1817.13,1818.125,1812.775,1813.34,5447,16
1678226400,1813.34,1814.51,1811.44,1812.405,4131,12
1678240800,1812.405,1813.07,1809.425,1812.185,3299,16
1678255200,1812.185,1815.32,1811.555,1813.81,5700,16
1678269600,1813.81,1816.69,1812.28,1813.71,7563,16
1678284000,1813.71,1824.305,1813.075,1815.735,14692,16
1678298400,1815.735,1816.46,1812.945,1813.83,3603,16
1678312800,1813.83,1816.525,1812.3,1812.395,3334,12
1678327200,1812.395,1816.115,1811.985,1815.125,2459,16
1678341600,1815.125,1819.2,1812.81,1817.085,6156,16
1678356000,1817.085,1825.375,1815.535,1825.22,6472,16
1678370400,1825.22,1835.725,1824.005,1829.395,11377,16
1678384800,1829.395,1835.06,1828.28,1830.915,5911,16
1678399200,1830.915,1834.915,1830.2,1831.115,5087,12
1678413600,1831.115,1833.265,1827.815,1831.04,4356,16
1678428000,1831.04,1837.41,1830.27,1831.655,7036,16
1678442400,1831.655,1845.06,1830.945,1842.55,14284,16
1678456800,1842.55,1867.495,1839.995,1864.31,30720,16
1678471200,1864.31,1870.245,1860.955,1867.035,9515,16
1678654800,1867.035,1894.68,1867.035,1877.005,22554,12
1678669200,1877.005,1888.9,1872.205,1881.54,14872,16
1678683600,1881.54,1886.175,1871.535,1885.585,15054,16
1678698000,1885.585,1902.875,1880.96,1899.455,35097,16
1678712400,1899.455,1913.13,1893.63,1909.185,31099,16
1678726800,1909.185,1914.695,1908.03,1913.63,12364,16
1678741200,1913.63,1914.225,1910.055,1912.49,4720,12
1678755600,1912.49,1912.88,1901.665,1904.245,8761,16
1678770000,1904.245,1913.575,1900.79,1904.425,18629,16
1678784400,1904.425,1912.02,1899.405,1910.06,22486,16
1678798800,1910.06,1910.835,1895.435,1908.765,19487,16
1678813200,1908.765,1910.34,1902.32,1903.865,9321,16
1678827600,1903.865,1905.045,1900.015,1901.785,2954,12
1678842000,1901.785,1905.745,1901.03,1901.855,4479,16
1678856400,1901.855,1902.47,1885.79,1887.605,12586,16
1678870800,1887.605,1930.25,1886.715,1927.88,42166,16
1678885200,1927.88,1937.39,1917.45,1933.63,43913,16
1678899600,1933.63,1937.135,1909.09,1918.73,24928,16
1678914000,1918.73,1924.45,1913.26,1913.6,6678,12
1678928400,1913.6,1915.345,1907.56,1913.39,11481,16
1678942800,1913.39,1922.615,1912.395,1919.1,19016,16
1678957200,1919.1,1931.915,1917.735,1930.445,16842,16
1678971600,1930.445,1933.54,1913.43,1914.93,30185,16
1678986000,1914.93,1921.215,1914.64,1919.34,9053,16
1679000400,1919.34,1922.48,1918.48,1919.59,3916,12
1679014800,1919.59,1931.06,1918.305,1931.0,9438,16
1679029200,1931.0,1934.48,1927.435,1928.785,12109,16
1679043600,1928.785,1946.115,1928.175,1945.045,14417,16
1679058000,1945.045,1964.975,1944.46,1961.87,32598,16
1679072400,1961.87,1988.335,1961.55,1988.305,23335,16
1679259600,1988.305,1988.305,1971.945,1972.215,13974,12
1679274000,1972.215,1975.54,1968.185,1974.96,14989,16
1679288400,1974.96,2009.85,1974.525,1996.395,34358,16
1679302800,1996.395,1999.42,1972.53,1974.565,34064,16
1679317200,1974.565,1984.895,1965.99,1974.87,29678,16
1679331600,1974.87,1984.41,1974.265,1978.975,11225,16
1679346000,1978.975,1982.675,1975.52,1980.47,4692,12
1679360400,1980.47,1985.22,1979.255,1981.45,8364,16
1679374800,1981.45,1983.315,1962.95,1966.395,15577,16
1679389200,1966.395,1969.91,1960.535,1963.665,11371,16
1679403600,1963.665,1965.865,1940.225,1944.39,31033,16
1679418000,1944.39,1944.91,1935.465,1940.52,9535,16
1679432400,1940.52,1944.765,1939.59,1943.56,3185,12
1679446800,1943.56,1946.305,1937.995,1939.39,10943,16
1679461200,1939.39,1945.325,1934.345,1941.94,14830,16
1679475600,1941.94,1945.68,1937.13,1937.59,10857,16
1679490000,1937.59,1952.005,1937.435,1949.155,18723,16
1679504400,1949.155,1978.915,1945.03,1970.015,37103,16
1679518800,1970.015,1973.875,1964.615,1972.945,6074,12
1679533200,1972.945,1978.26,1966.37,1977.845,11060,16
1679547600,1977.845,1983.7,1974.34,1976.57,15312,16
1679562000,1976.57,1980.795,1966.59,1972.0,17821,16
1679576400,1972.0,1995.235,1971.465,1994.275,20988,16
1679590800,1994.275,2003.36,1988.15,1993.495,19611,16
1679605200,1993.495,1994.665,1989.825,1993.88,4580,12
1679619600,1993.88,1994.98,1989.825,1993.3,7863,16
1679634000,1993.3,1993.4,1981.325,1985.555,14396,16
1679648400,1985.555,2003.08,1985.535,1998.985,27054,16
1679662800,1998.985,2001.91,1983.88,1986.915,35762,16
1679677200,1986.915,1987.295,1975.325,1978.965,15191,16
1679864400,1978.965,1978.965,1969.425,1973.745,8164,12
1679878800,1973.745,1978.77,1972.185,1973.785,10371,16
1679893200,1973.785,1974.01,1965.975,1968.41,14916,16
1679907600,1968.41,1968.765,1944.4,1945.775,14273,16
1679922000,1945.775,1959.46,1944.045,1955.93,14970,16
1679936400,1955.93,1958.22,1950.82,1956.45,4706,16
1679950800,1956.45,1960.83,1956.45,1959.41,3360,12
1679965200,1959.41,1964.075,1957.42,1957.83,7089,16
1679979600,1957.83,1960.94,1949.91,1950.325,10645,16
1679994000,1950.325,1967.44,1949.245,1965.36,9831,16
1680008400,1965.36,1970.035,1959.015,1969.085,14753,16
1680022800,1969.085,1975.365,1968.915,1974.035,6237,16
1680037200,1974.035,1974.46,1970.03,1970.54,3037,12
1680051600,1970.54,1971.92,1965.905,1966.32,5414,16
1680066000,1966.32,1967.7,1958.755,1964.41,8526,16
1680080400,1964.41,1969.21,1962.505,1964.925,8033,16
1680094800,1964.925,1971.8,1960.675,1965.13,12453,16
1680109200,1965.13,1969.27,1961.115,1964.505,5474,16
1680123600,1964.505,1965.015,1960.895,1961.495,2806,12
1680138000,1961.495,1962.06,1955.41,1960.94,4991,16
1680152400,1960.94,1971.6,1960.335,1968.025,9687,16
1680166800,1968.025,1975.405,1967.015,1970.35,9486,16
1680181200,1970.35,1984.365,1964.015,1983.17,12967,16
1680195600,1983.17,1983.54,1978.245,1980.425,4077,16
1680210000,1980.425,1980.595,1977.745,1979.755,3219,12
1680224400,1979.755,1983.695,1979.18,1980.865,5304,16
1680238800,1980.865,1985.115,1973.275,1975.195,7454,16
1680253200,1975.195,1987.645,1975.195,1979.7,9222,16
1680267600,1979.7,1984.185,1974.945,1977.205,14163,16
1680282000,1977.205,1977.325,1966.935,1969.31,6334,16
1680469200,1969.31,1969.31,1956.91,1962.44,9798,12
1680483600,1962.44,1964.645,1949.81,1952.65,14188,16
1680498000,1952.65,1966.495,1950.885,1965.835,12078,16
1680512400,1965.835,1980.0,1963.115,1979.105,9091,16
1680526800,1979.105,1990.545,1972.415,1987.07,16658,16
1680541200,1987.07,1987.07,1981.95,1984.385,4733,16
1680555600,1984.385,1985.61,1982.225,1982.965,1791,12
1680570000,1982.965,1983.665,1977.89,1979.84,5608,16
1680584400,1979.84,1984.295,1977.035,1980.735,6145,16
1680598800,1980.735,1985.665,1978.575,1983.705,7056,16
1680613200,1983.705,2025.07,1983.485,2020.79,26952,16
1680627600,2020.79,2022.525,2017.905,2020.465,4766,16
1680642000,2020.465,2023.66,2019.41,2019.56,3333,12
1680656400,2019.56,2025.37,2019.56,2023.415,3847,16
1680670800,2023.415,2028.42,2022.865,2024.135,6999,16
1680685200,2024.135,2032.045,2021.585,2031.57,9225,16
1680699600,2031.57,2032.11,2010.09,2021.415,22906,16
1680714000,2021.415,2023.33,2019.165,2020.65,4645,16
1680728400,2020.65,2021.485,2017.065,2017.12,2123,12
1680742800,2017.12,2017.205,2008.08,2013.71,7353,16
1680757200,2013.71,2019.665,2011.88,2017.465,8347,16
1680771600,2017.465,2021.035,2011.295,2013.02,8824,16
1680786000,2013.02,2015.015,2000.89,2011.77,16865,16
1680800400,2011.77,2012.59,2005.84,2007.86,5631,16
1681074000,2007.86,2007.86,1995.43,1998.35,6544,12
1681088400,1998.35,2000.755,1988.96,1992.235,9486,16
1681102800,1992.235,1999.43,1991.365,1997.44,8217,16
1681117200,1997.44,2003.045,1989.19,1989.54,12805,16
1681131600,1989.54,1994.435,1981.68,1989.775,22094,16
1681146000,1989.775,1992.925,1987.68,1991.195,7489,16
1681160400,1991.195,1995.455,1990.36,1993.28,3584,12
1681174800,1993.28,2000.105,1988.875,1999.865,7561,16
1681189200,1999.865,2007.495,1997.845,2004.645,9762,16
1681203600,2004.645,2005.47,1998.335,1998.62,6876,16
1681218000,1998.62,2006.63,1995.64,2006.26,9613,16
1681232400,2006.26,2006.775,2001.095,2003.64,3352,16
1681246800,2003.64,2005.585,2003.085,2005.535,1901,12
1681261200,2005.535,2021.21,2004.01,2020.44,7955,16
1681275600,2020.44,2020.855,2009.02,2009.12,7676,16
1681290000,2009.12,2028.4,2006.34,2022.325,13992,16
1681304400,2022.325,2023.835,2001.22,2007.93,27300,16
1681318800,2007.93,2018.14,2006.64,2014.95,8005,16
1681333200,2014.95,2019.87,2014.175,2017.97,3619,12
1681347600,2017.97,2019.56,2015.76,2018.55,4705,16
1681362000,2018.55,2029.245,2015.365,2026.675,7572,16
1681376400,2026.675,2045.925,2025.095,2045.065,11733,16
1681390800,2045.065,2048.77,2033.69,2040.275,20642,16
1681405200,2040.275,2044.17,2036.66,2040.46,6191,16
1681419600,2040.46,2043.79,2038.705,2042.005,3032,12
1681434000,2042.005,2047.505,2041.205,2043.325,5704,16
1681448400,2043.325,2044.39,2031.87,2035.805,11182,16
1681462800,2035.805,2042.31,2017.325,2024.725,18647,16
1681477200,2024.725,2028.12,1992.5,1999.585,26315,16
1681491600,1999.585,2008.025,1998.66,2004.275,6962,16
1681678800,2004.275,2005.225,1999.82,2002.225,5372,12
1681693200,2002.225,2006.34,1995.485,2004.475,8071,16
1681707600,2004.475,2015.075,2003.85,2010.0,12763,16
1681722000,2010.0,2012.155,1999.17,2000.63,10309,16
1681736400,2000.63,2002.3,1981.19,1991.61,19301,16
1681750800,1991.61,1997.16,1991.42,1995.055,5305,16
1681765200,1995.055,1996.21,1993.41,1995.2,2713,12
1681779600,1995.2,2001.83,1994.49,1998.47,8320,16
1681794000,1998.47,2005.235,1996.5,2003.285,9790,16
1681808400,2003.285,2005.88,1999.165,2001.3,9175,16
1681822800,2001.3,2011.89,1991.32,2007.215,16809,16
1681837200,2007.215,2008.3,2003.475,2005.075,3155,16
1681851600,2005.075,2007.59,2004.59,2007.41,2648,12
1681866000,2007.41,2008.255,2002.04,2003.96,5495,16
1681880400,2003.96,2004.345,1976.67,1980.035,12448,16
1681894800,1980.035,1980.6,1969.305,1980.385,12432,16
1681909200,1980.385,1996.525,1979.39,1996.065,13834,16
1681923600,1996.065,1996.855,1993.695,1994.75,4811,16
1681938000,1994.75,1996.73,1993.19,1995.725,3505,12
1681952400,1995.725,1998.835,1990.565,1992.755,5783,16
1681966800,1992.755,2001.26,1991.455,1996.72,8884,16
1681981200,1996.72,2011.47,1992.425,2006.855,12360,16
1681995600,2006.855,2012.445,1999.09,2005.895,16630,16
1682010000,2005.895,2008.415,2002.275,2004.605,7246,16
1682024400,2004.605,2005.62,2001.895,2004.63,4355,12
1682038800,2004.63,2005.275,2000.4,2000.63,6107,16
1682053200,2000.63,2001.125,1981.995,1988.415,16173,16
1682067600,1988.415,1992.525,1982.22,1989.035,11579,16
1682082000,1989.035,1998.065,1971.695,1977.53,25124,16
1682096400,1977.53,1983.645,1977.485,1982.92,5117,16
1682283600,1982.92,1985.425,1981.42,1983.925,2899,12
1682298000,1983.925,1984.695,1978.295,1979.56,8971,16
1682312400,1979.56,1985.345,1976.515,1985.165,14580,16
1682326800,1985.165,1987.0,1981.105,1983.945,9770,16
1682341200,1983.945,1987.715,1974.155,1986.695,12035,16
1682355600,1986.695,1990.845,1986.625,1989.05,4009,16
1682370000,1989.05,2000.995,1989.05,1996.97,4887,12
1682384400,1996.97,2000.615,1991.045,1991.17,10657,16
1682398800,1991.17,1997.315,1987.04,1988.59,15103,16
1682413200,1988.59,1994.585,1976.185,1993.08,20725,16
1682427600,1993.08,1993.755,1983.495,1990.635,20873,16
1682442000,1990.635,2003.89,1990.005,1997.04,11537,16
1682456400,1997.04,2002.555,1996.635,1997.88,7814,12
1682470800,1997.88,2000.855,1993.215,1995.585,11501,16
1682485200,1995.585,1999.385,1994.445,1997.765,13887,16
1682499600,1997.765,2001.8,1991.51,1998.04,20680,16
1682514000,1998.04,2009.45,1985.565,1986.72,36929,16
1682528400,1986.72,1991.685,1983.375,1989.235,11756,16
1682542800,1989.235,1992.295,1989.15,1991.64,4642,12
1682557200,1991.64,2000.965,1989.625,1999.69,10537,16
1682571600,1999.69,2003.24,1997.365,1998.21,14282,16
1682586000,1998.21,2003.415,1981.86,1985.95,23251,16
1682600400,1985.95,1988.91,1974.115,1984.36,28643,16
1682614800,1984.36,1991.115,1983.68,1987.8,9478,16
1682629200,1987.8,1988.075,1985.66,1985.92,3739,12
1682643600,1985.92,1991.67,1985.025,1987.445,13948,16
1682658000,1987.445,1989.65,1979.745,1983.485,19416,16
1682672400,1983.485,1987.645,1976.265,1984.31,19466,16
1682686800,1984.31,1995.14,1982.195,1991.56,28164,16
1682701200,1991.56,1992.905,1987.56,1989.535,7116,16
1682888400,1989.535,1991.96,1983.78,1984.015,7151,12
1682902800,1984.015,1986.445,1980.715,1984.235,7814,16
1682917200,1984.235,1984.235,1977.19,1977.375,12626,16
1682931600,1977.375,2005.395,1977.12,2004.015,22414,16
1682946000,2004.015,2006.07,1979.94,1981.7,34386,16
1682960400,1981.7,1984.05,1979.5,1982.55,7892,16
1682974800,1982.55,1983.73,1980.83,1982.22,3972,12
1682989200,1982.22,1985.295,1981.35,1982.28,9550,16
1683003600,1982.28,1985.79,1978.52,1981.405,11384,16
1683018000,1981.405,1990.23,1980.61,1985.71,12052,16
1683032400,1985.71,2019.455,1984.515,2015.175,34632,16
1683046800,2015.175,2018.42,2011.285,2016.6,10205,16
1683061200,2016.6,2017.015,2014.255,2016.375,3158,12
1683075600,2016.375,2019.59,2015.855,2015.99,5193,16
1683090000,2015.99,2018.78,2012.73,2015.68,11067,16
1683104400,2015.68,2017.52,2008.025,2013.75,11861,16
1683118800,2013.75,2026.87,2011.94,2024.12,19676,16
1683133200,2024.12,2040.495,2017.12,2039.565,37541,16
1683147600,2039.565,2067.0,2039.565,2054.495,19159,12
1683162000,2054.495,2054.99,2038.475,2044.34,19208,16
1683176400,2044.34,2045.475,2030.39,2034.57,23751,16
1683190800,2034.57,2044.955,2033.765,2036.99,25750,16
1683205200,2036.99,2059.645,2032.105,2050.855,48704,16
1683219600,2050.855,2051.09,2044.54,2050.31,21626,16
1683234000,2050.31,2050.31,2047.59,2048.925,3563,12
1683248400,2048.925,2053.045,2045.55,2048.585,11092,16
1683262800,2048.585,2049.67,2038.895,2040.045,16173,16
1683277200,2040.045,2040.315,2007.81,2010.395,27477,16
1683291600,2010.395,2018.8,1999.585,2017.215,32618,16
1683306000,2017.215,2019.0,2013.535,2016.79,8970,16
1683493200,2016.79,2018.66,2014.305,2018.07,5896,12
1683507600,2018.07,2024.64,2015.21,2023.73,11235,16
1683522000,2023.73,2024.815,2020.0,2022.63,12136,16
1683536400,2022.63,2027.04,2021.55,2026.145,10685,16
1683550800,2026.145,2029.4,2017.955,2027.16,12325,16
1683565200,2027.16,2027.97,2020.265,2021.355,5627,16
1683579600,2021.355,2022.54,2019.55,2020.195,4249,12
1683594000,2020.195,2026.855,2019.865,2025.715,8931,16
1683608400,2025.715,2028.78,2021.49,2025.37,16060,16
1683622800,2025.37,2032.88,2024.86,2026.965,14607,16
1683637200,2026.965,2032.69,2023.0,2031.055,13377,16
1683651600,2031.055,2037.655,2030.79,2034.535,6749,16
1683666000,2034.535,2038.29,2034.2,2036.565,4495,12
1683680400,2036.565,2037.185,2029.79,2030.79,8842,16
1683694800,2030.79,2033.05,2026.345,2028.565,12430,16
1683709200,2028.565,2048.245,2025.085,2045.635,20385,16
1683723600,2045.635,2046.775,2021.565,2027.895,36985,16
1683738000,2027.895,2034.18,2027.44,2029.74,7055,16
1683752400,2029.74,2035.495,2029.74,2035.335,3227,12
1683766800,2035.335,2036.48,2030.175,2031.115,10670,16
1683781200,2031.115,2033.2,2021.87,2022.54,21759,16
1683795600,2022.54,2041.39,2021.72,2037.515,32953,16
1683810000,2037.515,2038.16,2011.185,2015.725,36046,16
1683824400,2015.725,2017.705,2013.515,2015.03,8166,16
1683838800,2015.03,2017.595,2014.8,2015.895,5316,12
1683853200,2015.895,2016.42,2008.72,2011.94,12744,16
1683867600,2011.94,2012.7,2005.62,2006.665,19904,16
1683882000,2006.665,2015.87,2000.96,2014.175,20033,16
1683896400,2014.175,2022.58,2008.41,2013.67,30620,16
1683910800,2013.67,2016.45,2010.5,2011.025,9614,16
1684098000,2011.025,2012.1,2007.845,2012.055,4926,12
1684112400,2012.055,2018.865,2012.055,2014.29,12287,16
1684126800,2014.29,2020.955,2013.335,2017.5,17372,16
1684141200,2017.5,2019.26,2011.535,2017.15,15656,16
1684155600,2017.15,2022.115,2013.35,2020.3,16806,16
1684170000,2020.3,2021.44,2014.505,2016.365,3847,16
1684184400,2016.365,2016.72,2013.805,2015.78,3772,12
1684198800,2015.78,2018.39,2014.835,2016.235,8137,16
1684213200,2016.235,2017.81,2002.765,2010.16,19275,16
1684227600,2010.16,2014.925,2001.215,2012.065,18115,16
1684242000,2012.065,2012.485,1987.56,1987.645,32816,16
1684256400,1987.645,1991.26,1985.53,1988.885,8092,16
1684270800,1988.885,1993.085,1988.14,1992.09,3742,12
1684285200,1992.09,1993.12,1989.905,1991.53,10211,16
1684299600,1991.53,1991.82,1985.94,1986.235,14027,16
1684314000,1986.235,1988.95,1981.905,1984.965,13133,16
1684328400,1984.965,1988.06,1975.095,1983.88,20921,16
1684342800,1983.88,1984.6,1980.475,1982.01,5836,16
1684357200,1982.01,1983.77,1981.895,1983.59,3127,12
1684371600,1983.59,1986.07,1979.585,1979.945,9881,16
1684386000,1979.945,1981.585,1972.235,1975.44,21176,16
1684400400,1975.44,1978.975,1966.315,1967.1,18036,16
1684414800,1967.1,1968.315,1952.01,1955.685,35745,16
1684429200,1955.685,1959.01,1954.0,1957.685,7988,16
1684443600,1957.685,1959.865,1957.275,1957.77,3371,12
1684458000,1957.77,1964.235,1954.13,1962.645,13696,16
1684472400,1962.645,1968.795,1960.705,1964.77,18814,16
1684486800,1964.77,1968.305,1960.4,1960.92,17054,16
1684501200,1960.92,1984.325,1957.28,1978.425,40449,16
1684515600,1978.425,1983.285,1974.345,1977.895,12920,16
1684702800,1977.895,1981.56,1977.87,1981.08,4339,12
1684717200,1981.08,1982.37,1975.99,1976.395,10377,16
1684731600,1976.395,1980.84,1971.31,1980.785,14165,16
1684746000,1980.785,1982.67,1969.84,1975.64,15716,16
1684760400,1975.64,1978.785,1968.905,1974.6,20866,16
1684774800,1974.6,1978.955,1971.67,1971.72,7172,16
1684789200,1971.72,1972.705,1966.93,1967.37,2670,12
1684803600,1967.37,1968.63,1960.33,1963.395,9542,16
1684818000,1963.395,1964.64,1954.3,1959.945,15590,16
1684832400,1959.945,1962.74,1954.56,1958.9,12821,16
1684846800,1958.9,1974.715,1958.9,1973.14,28502,16
1684861200,1973.14,1977.805,1971.585,1975.115,8467,16
1684875600,1975.115,1977.35,1974.675,1975.12,4075,12
1684890000,1975.12,1978.735,1972.83,1977.67,12408,16
1684904400,1977.67,1980.635,1970.765,1976.405,16098,16
1684918800,1976.405,1985.39,1974.0,1979.98,13024,16
1684933200,1979.98,1980.9,1956.77,1959.145,23255,16
1684947600,1959.145,1965.32,1957.115,1957.225,10099,16
1684962000,1957.225,1961.905,1957.225,1959.48,4953,12
1684976400,1959.48,1960.255,1955.11,1957.95,9137,16
1684990800,1957.95,1964.785,1955.03,1962.11,12601,16
1685005200,1962.11,1964.025,1939.325,1943.685,16626,16
1685019600,1943.685,1954.095,1942.995,1943.69,22987,16
1685034000,1943.69,1945.085,1938.915,1940.595,5239,16
1685048400,1940.595,1943.235,1936.815,1940.975,4125,12
1685062800,1940.975,1948.975,1940.415,1947.995,13722,16
1685077200,1947.995,1957.36,1947.065,1952.67,14318,16
1685091600,1952.67,1954.245,1944.34,1947.425,12099,16
1685106000,1947.425,1951.89,1938.85,1944.17,22024,16
1685120400,1944.17,1947.64,1943.125,1946.93,4691,16
1685307600,1946.93,1946.93,1941.125,1941.715,3946,12
1685322000,1941.715,1946.25,1940.385,1945.875,7684,16
1685336400,1945.875,1948.985,1940.9,1945.375,10483,16
1685350800,1945.375,1949.77,1944.295,1948.91,7347,16
1685365200,1948.91,1949.685,1943.21,1943.615,6920,16
1685379600,1943.615,1944.115,1942.835,1943.12,933,6
1685394000,1943.12,1944.405,1941.08,1942.765,6260,12
1685408400,1942.765,1946.68,1938.01,1939.01,13835,16
1685422800,1939.01,1947.01,1932.11,1945.08,21507,16
1685437200,1945.08,1962.31,1942.46,1956.515,15662,16
1685451600,1956.515,1963.55,1950.68,1959.87,15529,16
1685466000,1959.87,1960.815,1957.825,1959.48,3011,16
1685480400,1959.48,1960.12,1957.495,1959.745,2199,12
1685494800,1959.745,1960.525,1953.7,1960.185,5867,16
1685509200,1960.185,1965.415,1955.32,1955.435,20054,16
1685523600,1955.435,1963.565,1955.0,1962.785,7159,16
1685538000,1962.785,1974.835,1960.64,1965.26,26583,16
1685552400,1965.26,1968.805,1962.485,1962.615,7372,16
1685566800,1962.615,1967.47,1962.615,1965.945,3294,12
1685581200,1965.945,1967.545,1962.13,1964.055,8206,16
1685595600,1964.055,1965.93,1953.445,1956.055,10585,16
1685610000,1956.055,1968.49,1955.39,1968.375,17163,16
1685624400,1968.375,1983.18,1966.08,1978.515,24249,16
1685638800,1978.515,1978.81,1975.705,1977.54,3120,16
1685653200,1977.54,1977.59,1975.6,1975.835,1998,12
1685667600,1975.835,1983.505,1974.105,1979.83,7881,16
1685682000,1979.83,1982.0,1975.055,1979.18,9107,16
1685696400,1979.18,1981.21,1968.71,1971.015,13466,16
1685710800,1971.015,1976.7,1952.3,1952.3,24010,16
1685725200,1952.3,1953.81,1947.68,1948.1,5898,16
1685912400,1948.1,1950.205,1945.73,1946.555,3086,12
1685926800,1946.555,1948.41,1944.09,1946.1,9131,16
1685941200,1946.1,1946.695,1938.56,1942.425,9481,16
1685955600,1942.425,1946.04,1938.15,1943.02,8778,16
1685970000,1943.02,1962.035,1942.785,1958.3,21778,16
1685984400,1958.3,1964.055,1957.35,1961.7,4903,16
1685998800,1961.7,1963.19,1960.575,1961.185,3800,12
1686013200,1961.185,1964.65,1959.08,1961.31,8522,16
1686027600,1961.31,1962.84,1956.895,1960.325,12793,16
1686042000,1960.325,1966.385,1959.915,1961.925,8448,16
1686056400,1961.925,1966.34,1954.395,1963.675,12940,16
1686070800,1963.675,1966.13,1962.385,1963.285,3253,16
1686085200,1963.285,1965.15,1962.785,1964.95,2772,12
1686099600,1964.95,1966.79,1962.99,1964.58,6293,16
1686114000,1964.58,1965.13,1955.015,1961.7,9397,16
1686128400,1961.7,1966.47,1957.225,1958.62,8783,16
1686142800,1958.62,1970.22,1940.94,1942.26,20071,16
1686157200,1942.26,1946.59,1939.955,1940.01,4662,16
1686171600,1940.01,1946.36,1940.01,1946.275,3744,12
1686186000,1946.275,1947.335,1944.59,1946.64,5677,16
1686200400,1946.64,1949.195,1942.83,1948.395,9128,16
1686214800,1948.395,1960.09,1945.02,1959.415,11243,16
1686229200,1959.415,1970.54,1957.235,1966.37,15486,16
1686243600,1966.37,1966.705,1961.84,1965.47,4829,16
1686258000,1965.47,1966.53,1963.43,1963.43,2276,12
1686272400,1963.43,1965.75,1962.435,1963.2,5863,16
1686286800,1963.2,1966.135,1960.69,1962.27,9250,16
1686301200,1962.27,1973.16,1961.71,1962.98,11798,16
1686315600,1962.98,1968.175,1956.665,1961.27,16701,16
1686330000,1961.27,1962.915,1959.715,1960.745,4267,16
1686517200,1960.745,1960.745,1958.06,1958.36,3786,12
1686531600,1958.36,1959.595,1954.305,1957.065,10303,16
1686546000,1957.065,1965.495,1956.65,1964.92,15371,16
1686560400,1964.92,1967.015,1961.115,1962.895,11475,16
1686574800,1962.895,1964.105,1949.28,1954.23,22273,16
1686589200,1954.23,1958.805,1953.28,1957.605,5408,16
1686603600,1957.605,1961.01,1956.93,1957.965,2597,12
1686618000,1957.965,1962.235,1955.99,1960.97,6204,16
1686632400,1960.97,1965.395,1958.305,1964.24,11450,16
1686646800,1964.24,1971.21,1950.43,1961.415,20190,16
1686661200,1961.415,1966.0,1942.115,1945.05,29768,16
1686675600,1945.05,1946.68,1940.095,1943.6,8412,16
1686690000,1943.6,1945.69,1942.31,1944.5,3716,12
1686704400,1944.5,1949.59,1944.14,1948.895,6843,16
1686718800,1948.895,1951.595,1945.305,1949.9,9476,16
1686733200,1949.9,1960.31,1945.86,1957.21,12219,16
1686747600,1957.21,1959.33,1955.025,1955.18,11860,16
1686762000,1955.18,1955.8,1939.755,1941.255,30657,16
1686776400,1941.255,1945.37,1936.21,1939.28,5451,12
1686790800,1939.28,1939.36,1932.47,1934.58,16880,16
1686805200,1934.58,1939.88,1928.98,1931.75,17652,16
1686819600,1931.75,1936.835,1925.04,1933.555,20429,16
1686834000,1933.555,1960.235,1933.47,1959.55,22000,16
1686848400,1959.55,1960.31,1956.99,1958.005,4067,16
1686862800,1958.005,1959.495,1956.625,1956.94,2470,12
1686877200,1956.94,1962.08,1955.005,1955.505,9823,16
1686891600,1955.505,1964.07,1954.725,1963.185,9837,16
1686906000,1963.185,1967.92,1962.48,1962.67,6544,16
1686920400,1962.67,1966.15,1953.32,1955.27,16895,16
1686934800,1955.27,1959.755,1955.205,1957.555,4449,16
1687122000,1957.555,1958.74,1956.255,1956.805,3178,12
1687136400,1956.805,1958.37,1954.03,1957.095,5729,16
1687150800,1957.095,1958.81,1952.77,1956.505,11568,16
1687165200,1956.505,1956.645,1947.84,1952.23,9273,16
1687179600,1952.23,1953.52,1950.04,1950.28,9872,16
1687194000,1950.28,1950.675,1949.54,1950.42,1734,6
1687208400,1950.42,1954.225,1950.42,1951.1,4090,12
1687222800,1951.1,1951.87,1945.215,1949.96,12515,16
1687237200,1949.96,1956.84,1946.975,1953.35,18026,16
1687251600,1953.35,1954.585,1944.25,1944.78,14374,16
1687266000,1944.78,1945.29,1929.82,1937.615,22034,16
1687280400,1937.615,1938.78,1935.495,1936.255,6005,16
1687294800,1936.255,1938.855,1936.255,1936.905,4243,12
1687309200,1936.905,1939.575,1935.515,1935.875,6299,16
1687323600,1935.875,1937.4,1931.3,1934.71,9900,16
1687338000,1934.71,1935.91,1926.055,1929.9,11417,16
1687352400,1929.9,1934.67,1919.245,1933.4,21610,16
1687366800,1933.4,1937.605,1932.015,1932.51,5450,16
1687381200,1932.51,1935.005,1932.32,1932.32,4386,12
1687395600,1932.32,1934.31,1929.815,1929.815,6298,16
1687410000,1929.815,1931.58,1924.985,1927.45,15496,16
1687424400,1927.45,1931.02,1923.52,1923.535,13048,16
1687438800,1923.535,1927.495,1912.82,1915.53,23044,16
1687453200,1915.53,1916.825,1912.465,1913.835,5393,16
1687467600,1913.835,1916.135,1913.4,1915.67,2728,12
1687482000,1915.67,1917.31,1910.21,1916.575,6953,16
1687496400,1916.575,1920.15,1913.01,1917.695,13952,16
1687510800,1917.695,1929.76,1916.67,1928.975,9989,16
1687525200,1928.975,1937.305,1917.995,1918.745,23549,16
1687539600,1918.745,1921.725,1918.495,1921.265,7174,16
1687726800,1921.265,1927.095,1921.265,1926.515,4999,12
1687741200,1926.515,1928.635,1924.18,1925.145,8210,16
1687755600,1925.145,1933.39,1922.23,1931.815,11287,16
1687770000,1931.815,1933.395,1929.355,1931.55,7164,16
1687784400,1931.55,1931.73,1921.535,1923.845,12633,16
1687798800,1923.845,1925.28,1922.425,1923.15,3716,16
1687813200,1923.15,1924.805,1921.025,1922.79,3372,12
1687827600,1922.79,1930.44,1922.755,1928.53,7364,16
1687842000,1928.53,1929.785,1924.24,1925.61,10311,16
1687856400,1925.61,1930.545,1919.77,1926.255,12202,16
1687870800,1926.255,1930.73,1911.615,1914.67,24520,16
1687885200,1914.67,1915.915,1910.89,1913.68,5239,16
1687899600,1913.68,1917.285,1913.68,1916.245,2842,12
1687914000,1916.245,1916.905,1913.515,1915.265,7779,16
1687928400,1915.265,1916.86,1908.28,1909.95,10498,16
1687942800,1909.95,1911.995,1905.655,1907.0,11183,16
1687957200,1907.0,1913.34,1902.87,1912.31,25047,16
1687971600,1912.31,1913.435,1906.835,1907.535,3995,16
1687986000,1907.535,1910.785,1907.535,1910.055,3367,12
1688000400,1910.055,1912.87,1902.855,1905.37,12037,16
1688014800,1905.37,1908.135,1902.62,1906.22,12246,16
1688029200,1906.22,1912.205,1895.595,1896.2,15832,16
1688043600,1896.2,1913.18,1893.07,1910.33,31729,16
1688058000,1910.33,1910.835,1906.285,1908.065,5705,16
1688072400,1908.065,1909.27,1907.175,1908.785,4251,12
1688086800,1908.785,1909.755,1906.915,1908.235,7242,16
1688101200,1908.235,1910.03,1900.605,1901.955,9932,16
1688115600,1901.955,1913.905,1901.565,1911.045,16427,16
1688130000,1911.045,1920.625,1909.78,1920.11,26363,16
1688144400,1920.11,1922.78,1917.85,1919.525,7618,16
1688331600,1919.525,1919.715,1916.845,1917.18,4448,12
1688346000,1917.18,1920.235,1914.675,1920.135,8606,16
1688360400,1920.135,1920.655,1910.08,1912.075,11172,16
1688374800,1912.075,1922.105,1911.7,1921.985,10673,16
1688389200,1921.985,1931.085,1919.51,1922.095,19685,16
1688403600,1922.095,1922.205,1920.655,1921.525,3738,16
1688418000,1921.525,1922.145,1920.005,1921.26,2790,12
1688432400,1921.26,1924.585,1920.09,1924.31,7105,16
1688446800,1924.31,1928.83,1923.335,1928.585,8364,16
1688461200,1928.585,1930.765,1926.264,1926.86,9252,16
1688475600,1926.86,1929.615,1924.145,1924.275,9015,16
1688490000,1924.275,1926.0,1924.06,1925.875,991,6
1688504400,1925.875,1927.175,1924.95,1926.76,3606,12
1688518800,1926.76,1926.875,1923.23,1925.61,4826,16
1688533200,1925.61,1928.145,1920.895,1926.995,11112,16
1688547600,1926.995,1930.13,1925.165,1929.375,12342,16
1688562000,1929.375,1935.05,1919.14,1921.61,25381,16
1688576400,1921.61,1921.61,1914.855,1915.12,7631,16
1688590800,1915.12,1917.995,1915.12,1917.375,3860,12
1688605200,1917.375,1919.78,1916.48,1917.935,9536,16
1688619600,1917.935,1921.555,1916.145,1918.145,10524,16
1688634000,1918.145,1927.665,1902.745,1906.335,25944,16
1688648400,1906.335,1915.055,1902.825,1909.9,35354,16
1688662800,1909.9,1911.97,1908.995,1910.975,2977,16
1688677200,1910.975,1912.485,1909.62,1910.65,3816,12
1688691600,1910.65,1912.4,1909.95,1912.215,6751,16
1688706000,1912.215,1916.525,1911.965,1915.635,12027,16
1688720400,1915.635,1929.05,1914.315,1918.9,23834,16
1688734800,1918.9,1934.935,1915.555,1926.97,41364,16
1688749200,1926.97,1928.115,1924.355,1925.565,6370,16
1688936400,1925.565,1928.28,1922.9,1924.28,6316,12
1688950800,1924.28,1926.98,1921.02,1921.34,11803,16
1688965200,1921.34,1925.755,1919.43,1925.24,13011,16
1688979600,1925.24,1926.295,1912.75,1914.05,14419,16
1688994000,1914.05,1926.035,1914.0,1925.605,21393,16
1689008400,1925.605,1926.88,1924.89,1925.44,3995,16
1689022800,1925.44,1927.245,1924.42,1926.42,3339,12
1689037200,1926.42,1929.48,1924.93,1929.445,12214,16
1689051600,1929.445,1938.44,1928.175,1936.685,17086,16
1689066000,1936.685,1938.495,1929.565,1932.1,16803,16
1689080400,1932.1,1935.45,1929.42,1932.445,17959,16
1689094800,1932.445,1932.63,1930.575,1932.505,4427,16
1689109200,1932.505,1936.26,1932.315,1935.78,4591,12
1689123600,1935.78,1941.025,1935.705,1938.955,11095,16
1689138000,1938.955,1940.285,1933.78,1934.825,11052,16
1689152400,1934.825,1950.12,1933.595,1943.255,20341,16
1689166800,1943.255,1959.505,1941.015,1959.285,22297,16
1689181200,1959.285,1959.75,1955.765,1957.54,6609,16
1689195600,1957.54,1958.96,1956.57,1957.08,4075,12
1689210000,1957.08,1962.32,1956.415,1957.36,12128,16
1689224400,1957.36,1963.405,1955.335,1960.96,15917,16
1689238800,1960.96,1963.735,1952.47,1957.625,16769,16
1689253200,1957.625,1961.9,1954.775,1958.9,23052,16
1689267600,1958.9,1960.9,1957.605,1960.64,5404,16
1689282000,1960.64,1961.915,1958.43,1959.445,7979,12
1689296400,1959.445,1963.795,1958.48,1960.45,21308,16
1689310800,1960.45,1961.36,1954.405,1956.215,28188,16
1689325200,1956.215,1962.8,1955.23,1957.565,30987,16
1689339600,1957.565,1962.055,1950.99,1959.065,64999,16
1689354000,1959.065,1961.095,1954.39,1955.435,18685,16
1689541200,1955.435,1955.435,1951.435,1954.67,8361,12
1689555600,1954.67,1956.02,1951.035,1953.665,16511,16
1689570000,1953.665,1957.565,1950.63,1955.945,25840,16
1689584400,1955.945,1959.91,1948.16,1948.695,34193,16
1689598800,1948.695,1955.67,1945.84,1954.65,44213,16
1689613200,1954.65,1956.44,1952.5,1954.98,12559,16
1689627600,1954.98,1956.885,1954.65,1955.455,5576,12
1689642000,1955.455,1961.175,1955.135,1960.05,20455,16
1689656400,1960.05,1964.185,1957.81,1961.735,24899,16
1689670800,1961.735,1972.245,1960.81,1968.785,41710,16
1689685200,1968.785,1984.425,1963.785,1977.975,69863,16
1689699600,1977.975,1979.04,1975.065,1978.92,17845,16
1689714000,1978.92,1979.23,1976.635,1978.515,7727,12
1689728400,1978.515,1978.57,1974.155,1974.85,21277,16
1689742800,1974.85,1980.995,1973.02,1977.535,26297,16
1689757200,1977.535,1979.655,1971.645,1977.615,33533,16
1689771600,1977.615,1979.91,1969.81,1977.58,52959,16
1689786000,1977.58,1979.005,1976.265,1977.15,18447,16
1689800400,1977.15,1979.38,1976.965,1979.11,6750,12
1689814800,1979.11,1987.53,1979.015,1984.695,22611,16
1689829200,1984.695,1984.795,1977.89,1981.66,27948,16
1689843600,1981.66,1983.285,1972.475,1974.025,32355,16
1689858000,1974.025,1980.165,1965.39,1968.01,60435,16
1689872400,1968.01,1971.565,1968.01,1969.55,18675,16
1689886800,1969.55,1973.435,1969.55,1973.015,6302,12
1689901200,1973.015,1973.85,1969.095,1969.99,18174,16
1689915600,1969.99,1972.27,1961.22,1961.52,30482,16
1689930000,1961.52,1968.185,1961.12,1963.135,32453,16
1689944400,1963.135,1965.49,1956.905,1963.58,43590,16
1689958800,1963.58,1964.905,1961.53,1961.95,13221,16
1690146000,1961.95,1962.975,1959.985,1961.82,6161,12
1690160400,1961.82,1962.725,1959.075,1960.655,17750,16
1690174800,1960.655,1965.695,1957.93,1959.65,26315,16
1690189200,1959.65,1967.905,1959.49,1967.445,28474,16
1690203600,1967.445,1967.64,1957.14,1959.92,52309,16
1690218000,1959.92,1960.72,1953.475,1954.715,16888,16
1690232400,1954.715,1955.705,1953.285,1955.345,5734,12
1690246800,1955.345,1963.625,1955.34,1960.63,17883,16
1690261200,1960.63,1964.205,1959.41,1962.95,25895,16
1690275600,1962.95,1963.74,1953.17,1959.475,23706,16
1690290000,1959.475,1965.72,1952.005,1962.46,34068,16
1690304400,1962.46,1965.28,1961.34,1964.745,14348,16
1690318800,1964.745,1966.4,1964.2,1964.985,5557,12
1690333200,1964.985,1965.7,1962.065,1963.165,16520,16
1690347600,1963.165,1972.57,1962.485,1972.15,24792,16
1690362000,1972.15,1974.245,1969.7,1972.34,26388,16
1690376400,1972.34,1975.12,1963.96,1970.375,48284,16
1690390800,1970.375,1978.405,1965.61,1972.24,49141,16
1690405200,1972.24,1974.815,1971.01,1972.5,6590,12
1690419600,1972.5,1982.23,1972.31,1976.74,20033,16
1690434000,1976.74,1982.265,1974.135,1975.94,28638,16
1690448400,1975.94,1979.18,1958.015,1960.265,37335,16
1690462800,1960.265,1960.48,1942.645,1944.3,63002,16
1690477200,1944.3,1949.78,1943.43,1945.15,34270,16
1690491600,1945.15,1948.18,1945.15,1947.02,10789,12
1690506000,1947.02,1956.835,1946.63,1951.935,38318,16
1690520400,1951.935,1953.63,1947.885,1949.555,36373,16
1690534800,1949.555,1961.28,1948.405,1955.68,31747,16
1690549200,1955.68,1963.575,1952.275,1961.16,45017,16
1690563600,1961.16,1962.485,1957.55,1959.34,14101,16
1690750800,1959.34,1960.61,1956.465,1958.3,8519,12
1690765200,1958.3,1958.65,1953.545,1954.525,20975,16
1690779600,1954.525,1957.29,1950.206,1953.615,21629,16
1690794000,1953.615,1967.055,1953.395,1965.555,28718,16
1690808400,1965.555,1972.455,1962.91,1971.025,42269,16
1690822800,1971.025,1972.06,1964.285,1965.615,17022,16
1690837200,1965.615,1966.015,1963.08,1963.49,5486,12
1690851600,1963.49,1964.05,1958.985,1959.76,16416,16
1690866000,1959.76,1960.255,1954.49,1955.91,24598,16
1690880400,1955.91,1957.77,1946.015,1946.885,27275,16
1690894800,1946.885,1953.965,1941.555,1943.205,48112,16
1690909200,1943.205,1945.645,1941.29,1944.2,14318,16
1690923600,1944.2,1952.995,1944.2,1949.36,11655,12
1690938000,1949.36,1949.94,1945.37,1946.455,18282,16
1690952400,1946.455,1951.945,1946.435,1949.91,27097,16
1690966800,1949.91,1954.88,1943.87,1945.69,35945,16
1690981200,1945.69,1947.71,1933.036,1935.745,54273,16
1690995600,1935.745,1939.165,1934.49,1934.71,15516,16
1691010000,1934.71,1937.105,1934.71,1935.585,5355,12
1691024400,1935.585,1938.94,1933.975,1934.115,16909,16
1691038800,1934.115,1938.485,1930.945,1937.875,28854,16
1691053200,1937.875,1938.46,1929.61,1932.94,33919,16
1691067600,1932.94,1938.775,1930.42,1935.755,44803,16
1691082000,1935.755,1935.925,1932.565,1934.225,10319,16
1691096400,1934.225,1937.11,1934.225,1936.79,6631,12
1691110800,1936.79,1938.055,1933.245,1934.63,18797,16
1691125200,1934.63,1937.51,1932.14,1932.49,19903,16
1691139600,1932.49,1942.9,1924.78,1939.045,37508,16
1691154000,1939.045,1946.99,1937.58,1941.825,58760,16
1691168400,1941.825,1943.435,1939.88,1942.655,15303,16
1691355600,1942.655,1946.815,1942.285,1944.38,6957,12
1691370000,1944.38,1944.38,1937.505,1938.9,14646,16
1691384400,1938.9,1939.03,1934.53,1936.265,19426,16
1691398800,1936.265,1938.31,1933.44,1938.115,22925,16
1691413200,1938.115,1941.77,1931.525,1934.49,36755,16
1691427600,1934.49,1937.71,1934.155,1936.585,12210,16
1691442000,1936.585,1938.155,1935.225,1935.8,6288,12
1691456400,1935.8,1935.83,1931.18,1934.475,17198,16
1691470800,1934.475,1935.195,1930.295,1935.17,24041,16
1691485200,1935.17,1935.69,1923.845,1925.475,33726,16
1691499600,1925.475,1932.12,1922.795,1925.435,42927,16
1691514000,1925.435,1926.685,1923.64,1925.16,14952,16
1691528400,1925.16,1926.565,1924.615,1925.105,3831,12
1691542800,1925.105,1931.125,1924.31,1930.415,15091,16
1691557200,1930.415,1932.395,1927.48,1928.08,18405,16
1691571600,1928.08,1928.405,1922.19,1924.94,24420,16
1691586000,1924.94,1927.645,1915.625,1916.375,47063,16
1691600400,1916.375,1918.03,1914.125,1914.95,15167,16
1691614800,1914.95,1917.47,1914.91,1917.06,4959,12
1691629200,1917.06,1919.225,1915.43,1916.775,14178,16
1691643600,1916.775,1921.315,1915.595,1919.465,20340,16
1691658000,1919.465,1930.18,1919.24,1926.3,32492,16
1691672400,1926.3,1927.27,1912.935,1920.63,58361,16
1691686800,1920.63,1921.08,1912.245,1912.42,25178,16
1691701200,1912.42,1915.225,1910.9,1914.74,4820,12
1691715600,1914.74,1916.05,1912.67,1913.535,13021,16
1691730000,1913.535,1919.45,1912.8,1919.055,21354,16
1691744400,1919.055,1920.97,1913.155,1916.12,28428,16
1691758800,1916.12,1920.77,1912.99,1914.395,51874,16
1691773200,1914.395,1915.585,1912.24,1913.815,12571,16
1691960400,1913.815,1915.225,1910.765,1911.07,6138,12
1691974800,1911.07,1913.685,1910.145,1912.45,15737,16
1691989200,1912.45,1916.26,1910.66,1914.345,21147,16
1692003600,1914.345,1915.055,1906.03,1910.385,26457,16
1692018000,1910.385,1913.255,1902.73,1911.935,46410,16
1692032400,1911.935,1913.175,1907.06,1907.505,14595,16
1692046800,1907.505,1908.13,1905.015,1907.22,5215,12
1692061200,1907.22,1908.32,1903.805,1906.655,16459,16
1692075600,1906.655,1907.555,1903.15,1904.315,26292,16
1692090000,1904.315,1905.925,1896.455,1903.52,35364,16
1692104400,1903.52,1911.71,1900.135,1903.7,57688,16
1692118800,1903.7,1905.61,1901.4,1901.82,22136,16
1692133200,1901.82,1902.595,1900.345,1902.3,4884,12
1692147600,1902.3,1905.39,1900.55,1904.025,17773,16
1692162000,1904.025,1906.595,1902.89,1905.415,22324,16
1692176400,1905.415,1907.275,1900.06,1900.82,24596,16
1692190800,1900.82,1906.515,1898.905,1899.495,41945,16
1692205200,1899.495,1899.765,1891.875,1892.09,30577,16
1692219600,1892.09,1895.045,1891.11,1892.84,8124,12
1692234000,1892.84,1894.01,1889.61,1893.82,19242,16
1692248400,1893.82,1897.635,1892.14,1894.055,22097,16
1692262800,1894.055,1902.59,1893.705,1899.54,30801,16
1692277200,1899.54,1903.515,1887.885,1888.425,46039,16
1692291600,1888.425,1890.18,1885.085,1889.25,17893,16
1692306000,1889.25,1893.95,1889.095,1893.375,4617,12
1692320400,1893.375,1895.23,1891.235,1892.24,12904,16
1692334800,1892.24,1894.155,1891.455,1892.07,17048,16
1692349200,1892.07,1895.61,1888.715,1890.29,20312,16
1692363600,1890.29,1896.905,1888.73,1889.63,37358,16
1692378000,1889.63,1890.45,1886.81,1889.545,14278,16
1692565200,1889.545,1891.195,1888.85,1890.025,4815,12
1692579600,1890.025,1893.815,1884.885,1892.56,16737,16
1692594000,1892.56,1894.185,1887.445,1888.74,17921,16
1692608400,1888.74,1897.68,1886.855,1897.24,26045,16
1692622800,1897.24,1898.825,1885.31,1892.675,40957,16
1692637200,1892.675,1895.46,1892.575,1894.895,12721,16
1692651600,1894.895,1896.13,1893.74,1895.57,3317,12
1692666000,1895.57,1897.345,1893.92,1894.06,12493,16
1692680400,1894.06,1902.33,1894.0,1900.03,19156,16
1692694800,1900.03,1904.55,1896.345,1897.46,24513,16
1692709200,1897.46,1899.185,1889.195,1897.39,42427,16
1692723600,1897.39,1898.47,1896.425,1897.675,10540,16
1692738000,1897.675,1900.41,1897.67,1899.06,2835,12
1692752400,1899.06,1903.435,1898.87,1903.36,11451,16
1692766800,1903.36,1905.525,1901.785,1903.815,20388,16
1692781200,1903.815,1908.7,1901.305,1903.81,24670,16
1692795600,1903.81,1920.425,1903.045,1919.855,52010,16
1692810000,1919.855,1919.92,1914.55,1915.41,15317,16
1692824400,1915.41,1919.385,1915.41,1918.715,4254,12
1692838800,1918.715,1922.47,1917.605,1921.105,13495,16
1692853200,1921.105,1923.0,1919.545,1920.35,20624,16
1692867600,1920.35,1921.05,1911.845,1915.215,22954,16
1692882000,1915.215,1923.4,1911.975,1918.405,43208,16
1692896400,1918.405,1919.685,1916.385,1916.79,13742,16
1692910800,1916.79,1917.33,1915.245,1915.61,3259,12
1692925200,1915.61,1917.645,1913.225,1913.805,10041,16
1692939600,1913.805,1916.205,1912.855,1915.445,13853,16
1692954000,1915.445,1920.37,1915.24,1917.295,16761,16
1692968400,1917.295,1922.44,1903.81,1910.1,61022,16
1692982800,1910.1,1915.035,1909.985,1914.425,14623,16
1693170000,1914.425,1916.69,1914.365,1915.815,4815,12
1693184400,1915.815,1917.54,1914.77,1915.705,11941,16
1693198800,1915.705,1917.83,1913.545,1914.68,11690,16
1693213200,1914.68,1917.41,1913.45,1917.165,12905,16
1693227600,1917.165,1926.1,1912.835,1920.725,29860,16
1693242000,1920.725,1920.865,1916.945,1920.19,10696,16
1693256400,1920.19,1922.15,1920.19,1921.7,2767,12
1693270800,1921.7,1925.86,1921.385,1923.955,11567,16
1693285200,1923.955,1925.675,1921.67,1922.9,15265,16
1693299600,1922.9,1924.565,1914.485,1917.105,23209,16
1693314000,1917.105,1937.775,1916.81,1936.355,55075,16
1693328400,1936.355,1938.235,1935.18,1937.435,16107,16
1693342800,1937.435,1937.65,1935.98,1936.87,3882,12
1693357200,1936.87,1937.57,1935.42,1936.135,11962,16
1693371600,1936.135,1937.05,1934.995,1936.69,17402,16
1693386000,1936.69,1945.855,1936.03,1945.24,31181,16
1693400400,1945.24,1949.115,1942.87,1944.965,49281,16
1693414800,1944.965,1945.69,1942.155,1942.425,12304,16
1693429200,1942.425,1945.59,1942.425,1945.415,5193,12
1693443600,1945.415,1947.805,1944.765,1945.825,11475,16
1693458000,1945.825,1946.365,1943.29,1944.465,15783,16
1693472400,1944.465,1947.955,1943.106,1945.905,26206,16
1693486800,1945.905,1946.475,1939.085,1941.78,42748,16
1693501200,1941.78,1942.16,1939.11,1939.855,14069,16
1693515600,1939.855,1940.39,1938.75,1939.38,4072,12
1693530000,1939.38,1944.15,1938.27,1940.07,13774,16
1693544400,1940.07,1943.815,1938.505,1943.06,16207,16
1693558800,1943.06,1953.055,1943.0,1949.98,30967,16
1693573200,1949.98,1951.54,1934.47,1938.205,70930,16
1693587600,1938.205,1941.63,1937.405,1939.9,11258,16
1693774800,1939.9,1941.76,1939.475,1940.97,3955,12
1693789200,1940.97,1946.16,1940.505,1945.145,12998,16
1693803600,1945.145,1946.335,1942.755,1943.935,14869,16
1693818000,1943.935,1944.27,1939.915,1940.025,13140,16
1693832400,1940.025,1940.28,1936.805,1938.375,13971,16
1693846800,1938.375,1938.935,1938.01,1938.455,1011,6
1693861200,1938.455,1938.855,1937.07,1937.875,2669,12
1693875600,1937.875,1938.995,1935.03,1938.625,11090,16
1693890000,1938.625,1939.035,1932.275,1933.49,19655,16
1693904400,1933.49,1934.82,1927.98,1933.835,27975,16
1693918800,1933.835,1934.28,1925.37,1927.325,48072,16
1693933200,1927.325,1927.56,1925.44,1926.01,11220,16
1693947600,1926.01,1926.97,1924.56,1924.8,4102,12
1693962000,1924.8,1927.425,1924.27,1927.295,13266,16
1693976400,1927.295,1928.52,1922.64,1924.79,21608,16
1693990800,1924.79,1927.77,1922.845,1923.265,21155,16
1694005200,1923.265,1929.245,1915.345,1920.075,55257,16
1694019600,1920.075,1920.73,1916.035,1916.49,11259,16
1694034000,1916.49,1918.235,1916.35,1916.86,3883,12
1694048400,1916.86,1920.735,1916.685,1919.025,11251,16
1694062800,1919.025,1919.865,1917.165,1918.92,16397,16
1694077200,1918.92,1923.67,1916.27,1923.31,24713,16
1694091600,1923.31,1923.555,1917.27,1918.105,39348,16
1694106000,1918.105,1920.805,1917.52,1919.66,11706,16
1694120400,1919.66,1924.58,1919.46,1923.765,6125,12
1694134800,1923.765,1927.255,1922.98,1924.595,15571,16
1694149200,1924.595,1927.375,1923.45,1924.75,15956,16
1694163600,1924.75,1926.11,1920.425,1920.49,18426,16
1694178000,1920.49,1929.75,1917.385,1919.755,42585,16
1694192400,1919.755,1920.745,1918.155,1919.085,8221,16
1694379600,1919.085,1920.285,1916.63,1920.135,7806,12
1694394000,1920.135,1926.81,1919.155,1926.58,17970,16
1694408400,1926.58,1930.78,1925.44,1927.78,23352,16
1694422800,1927.78,1928.1,1924.26,1927.325,20079,16
1694437200,1927.325,1930.175,1921.435,1923.475,36152,16
1694451600,1923.475,1924.38,1921.52,1922.38,10271,16
1694466000,1922.38,1923.41,1921.255,1921.595,4883,12
1694480400,1921.595,1924.555,1920.365,1922.31,15926,16
1694494800,1922.31,1922.4,1918.655,1919.79,19429,16
1694509200,1919.79,1920.105,1908.465,1909.79,29546,16
1694523600,1909.79,1915.1,1907.62,1912.37,39249,16
1694538000,1912.37,1913.665,1911.835,1913.43,12980,16
1694552400,1913.43,1913.795,1912.51,1912.635,4201,12
1694566800,1912.635,1913.9,1908.29,1911.705,15772,16
1694581200,1911.705,1912.72,1908.28,1912.26,21153,16
1694595600,1912.26,1914.62,1905.695,1912.365,32499,16
1694610000,1912.365,1915.815,1908.94,1909.46,49411,16
1694624400,1909.46,1911.24,1908.215,1908.32,13354,16
1694638800,1908.32,1912.865,1907.58,1912.69,4989,12
1694653200,1912.69,1912.97,1908.88,1909.505,18056,16
1694667600,1909.505,1911.08,1905.24,1907.365,20602,16
1694682000,1907.365,1910.42,1901.185,1904.485,35940,16
1694696400,1904.485,1912.13,1901.05,1910.325,62824,16
1694710800,1910.325,1911.49,1908.125,1910.72,12237,16
1694725200,1910.72,1911.615,1909.865,1911.35,4819,12
1694739600,1911.35,1916.89,1910.5,1916.21,16995,16
1694754000,1916.21,1919.665,1914.995,1918.08,25144,16
1694768400,1918.08,1920.61,1916.105,1917.165,23224,16
1694782800,1917.165,1930.475,1916.975,1925.4,52559,16
1694797200,1925.4,1925.985,1922.42,1923.92,13038,16
1694984400,1923.92,1924.755,1922.65,1924.67,5079,12
1694998800,1924.67,1929.55,1923.39,1928.26,18038,16
1695013200,1928.26,1930.69,1925.165,1926.205,20737,16
1695027600,1926.205,1928.265,1923.605,1924.055,17107,16
1695042000,1924.055,1931.225,1922.865,1931.13,34013,16
1695056400,1931.13,1934.29,1931.03,1933.695,11957,16
1695070800,1933.695,1934.62,1932.735,1932.84,4045,12
1695085200,1932.84,1933.485,1931.365,1931.365,10536,16
1695099600,1931.365,1935.025,1929.86,1933.825,17408,16
1695114000,1933.825,1937.43,1933.675,1935.91,18002,16
1695128400,1935.91,1936.44,1930.87,1930.96,32318,16
1695142800,1930.96,1933.1,1929.8,1931.36,10768,16
1695157200,1931.36,1932.52,1930.36,1930.77,3761,12
1695171600,1930.77,1931.51,1928.545,1929.83,11876,16
1695186000,1929.83,1932.385,1927.995,1929.21,18672,16
1695200400,1929.21,1934.085,1929.195,1932.255,17168,16
1695214800,1932.255,1946.765,1931.965,1946.71,39376,16
1695229200,1946.71,1947.465,1929.235,1930.62,47123,16
1695243600,1930.62,1931.685,1924.665,1925.03,9049,12
1695258000,1925.03,1928.72,1924.255,1928.045,15383,16
1695272400,1928.045,1930.575,1922.915,1923.125,19791,16
1695286800,1923.125,1926.175,1914.155,1916.54,35578,16
1695301200,1916.54,1923.865,1913.94,1919.575,51745,16
1695315600,1919.575,1921.3,1918.735,1920.085,13705,16
1695330000,1920.085,1923.71,1919.855,1923.505,4942,12
1695344400,1923.505,1925.58,1922.1,1924.415,15047,16
1695358800,1924.415,1928.765,1923.755,1926.745,24452,16
1695373200,1926.745,1927.695,1924.185,1926.15,21393,16
1695387600,1926.15,1929.15,1924.95,1925.375,33261,16
1695402000,1925.375,1926.425,1924.39,1925.43,8685,16
1695589200,1925.43,1926.62,1923.395,1924.94,4979,12
1695603600,1924.94,1925.365,1922.72,1923.19,7255,16
1695618000,1923.19,1927.245,1920.95,1921.755,14770,16
1695632400,1921.755,1926.89,1921.66,1925.94,15632,16
1695646800,1925.94,1926.43,1915.23,1916.775,34221,16
1695661200,1916.775,1917.69,1915.255,1916.015,10175,16
1695675600,1916.015,1916.84,1914.81,1914.88,3594,12
1695690000,1914.88,1915.87,1913.085,1914.72,8690,16
1695704400,1914.72,1915.725,1909.775,1913.86,16210,16
1695718800,1913.86,1913.965,1905.305,1910.31,18271,16
1695733200,1910.31,1910.37,1900.81,1901.275,36050,16
1695747600,1901.275,1902.355,1899.155,1900.67,13080,16
1695762000,1900.67,1902.52,1899.825,1900.73,3741,12
1695776400,1900.73,1903.97,1896.62,1897.74,11384,16
1695790800,1897.74,1899.11,1895.13,1896.65,15375,16
1695805200,1896.65,1896.72,1890.035,1891.83,20406,16
1695819600,1891.83,1892.245,1875.54,1875.935,40931,16
1695834000,1875.935,1878.32,1872.58,1874.835,19475,16
1695848400,1874.835,1877.97,1874.835,1877.17,5813,12
1695862800,1877.17,1877.555,1873.64,1874.915,10963,16
1695877200,1874.915,1878.325,1873.735,1874.24,21004,16
1695891600,1874.24,1879.685,1871.84,1872.5,25833,16
1695906000,1872.5,1877.18,1857.71,1863.57,57909,16
1695920400,1863.57,1867.38,1861.04,1864.795,15728,16
1695934800,1864.795,1867.315,1863.89,1865.45,5267,12
1695949200,1865.45,1867.05,1863.02,1865.025,8207,16
1695963600,1865.025,1874.065,1864.485,1871.695,19251,16
1695978000,1871.695,1874.135,1867.615,1873.93,26206,16
1695992400,1873.93,1879.89,1852.285,1853.715,58504,16
1696006800,1853.715,1853.745,1846.335,1848.82,19185,16
1696194000,1848.82,1848.995,1845.21,1845.54,6436,12
1696208400,1845.54,1847.465,1842.425,1842.61,6538,16
1696222800,1842.61,1846.31,1839.29,1839.615,18647,16
1696237200,1839.615,1840.65,1831.195,1836.335,31701,16
1696251600,1836.335,1838.52,1827.225,1831.635,57569,16
1696266000,1831.635,1833.64,1827.615,1827.89,15080,16
1696280400,1827.89,1829.235,1820.555,1824.73,8202,12
1696294800,1824.73,1825.165,1815.32,1820.74,14132,16
1696309200,1820.74,1829.195,1818.24,1826.305,22240,16
1696323600,1826.305,1829.84,1823.74,1824.89,30539,16
1696338000,1824.89,1833.425,1819.335,1823.965,76177,16
1696352400,1823.965,1826.035,1821.975,1822.905,19056,16
1696366800,1822.905,1825.08,1821.935,1823.37,7035,12
1696381200,1823.37,1824.37,1819.69,1823.605,11607,16
1696395600,1823.605,1823.73,1816.79,1823.03,26253,16
1696410000,1823.03,1830.675,1821.135,1827.365,41406,16
1696424400,1827.365,1827.49,1817.15,1821.065,64125,16
1696438800,1821.065,1823.73,1816.64,1821.315,18194,16
1696453200,1821.315,1825.755,1821.315,1825.715,5558,12
1696467600,1825.715,1829.225,1825.7,1827.725,9872,16
1696482000,1827.725,1828.225,1819.775,1819.925,20205,16
1696496400,1819.925,1824.04,1813.03,1815.785,33151,16
1696510800,1815.785,1821.895,1814.245,1818.175,55326,16
1696525200,1818.175,1820.925,1815.865,1820.3,15278,16
1696539600,1820.3,1823.215,1820.225,1820.73,4840,12
1696554000,1820.73,1824.62,1819.74,1822.84,7367,16
1696568400,1822.84,1822.985,1818.67,1821.96,18330,16
1696582800,1821.96,1825.16,1810.465,1815.135,36407,16
1696597200,1815.135,1834.92,1813.94,1829.28,78324,16
1696611600,1829.28,1834.005,1828.865,1832.035,17963,16
1696798800,1832.035,1855.99,1832.035,1852.49,18551,12
1696813200,1852.49,1853.315,1847.41,1850.575,16206,16
1696827600,1850.575,1854.445,1848.09,1850.54,23781,16
1696842000,1850.54,1852.42,1844.975,1848.03,19620,16
1696856400,1848.03,1853.275,1844.21,1850.1,37281,16
1696870800,1850.1,1863.55,1850.01,1861.405,14430,16
1696885200,1861.405,1865.46,1860.41,1864.105,7943,12
1696899600,1864.105,1865.285,1860.84,1860.89,16434,16
1696914000,1860.89,1862.21,1855.23,1858.57,30601,16
1696928400,1858.57,1859.64,1853.045,1854.59,28969,16
1696942800,1854.59,1862.51,1853.145,1861.985,46917,16
1696957200,1861.985,1862.825,1858.175,1860.46,16106,16
1696971600,1860.46,1862.14,1859.39,1861.045,4564,12
1696986000,1861.045,1862.12,1859.49,1859.78,10449,16
1697000400,1859.78,1869.89,1858.68,1869.625,27053,16
1697014800,1869.625,1874.82,1867.73,1872.94,33865,16
1697029200,1872.94,1877.27,1868.225,1874.38,50307,16
1697043600,1874.38,1874.79,1870.875,1874.055,18290,16
1697058000,1874.055,1876.685,1874.055,1875.485,3877,12
1697072400,1875.485,1879.155,1874.535,1878.925,9054,16
1697086800,1878.925,1882.715,1878.435,1880.405,18126,16
1697101200,1880.405,1885.16,1875.405,1879.09,32935,16
1697115600,1879.09,1880.1,1870.695,1871.51,49963,16
1697130000,1871.51,1872.05,1867.965,1868.835,22967,16
1697144400,1868.835,1872.635,1868.835,1872.61,5287,12
1697158800,1872.61,1876.835,1871.375,1876.34,9797,16
1697173200,1876.34,1884.98,1875.785,1883.825,21360,16
1697187600,1883.825,1919.225,1882.48,1913.39,43938,16
1697202000,1913.39,1927.535,1905.635,1927.215,67603,16
1697216400,1927.215,1932.93,1926.885,1932.365,20472,16
1697403600,1932.365,1932.365,1921.3,1921.71,12325,12
1697418000,1921.71,1923.52,1918.1,1920.19,11516,16
1697432400,1920.19,1920.235,1908.235,1911.675,27887,16
1697446800,1911.675,1924.61,1911.27,1918.72,34758,16
1697461200,1918.72,1922.37,1914.51,1921.93,41575,16
1697475600,1921.93,1922.84,1917.905,1920.165,11789,16
1697490000,1920.165,1921.87,1914.435,1916.62,7233,12
1697504400,1916.62,1917.655,1912.46,1914.76,11786,16
1697518800,1914.76,1921.415,1914.305,1919.34,15817,16
1697533200,1919.34,1929.095,1918.945,1926.105,33574,16
1697547600,1926.105,1931.635,1920.91,1924.17,57184,16
1697562000,1924.17,1925.17,1919.195,1923.23,15632,16
1697576400,1923.23,1928.245,1923.23,1927.44,5010,12
1697590800,1927.44,1942.865,1926.905,1938.105,19628,16
1697605200,1938.105,1940.19,1935.12,1938.465,22204,16
1697619600,1938.465,1950.195,1938.375,1948.9,28240,16
1697634000,1948.9,1962.675,1938.325,1949.915,61299,16
1697648400,1949.915,1956.68,1947.39,1947.815,20721,16
1697662800,1947.815,1953.38,1947.38,1950.23,6823,12
1697677200,1950.23,1951.72,1945.28,1948.225,12001,16
1697691600,1948.225,1954.54,1945.625,1949.77,22965,16
1697706000,1949.77,1957.23,1947.95,1954.865,24819,16
1697720400,1954.865,1962.145,1949.805,1962.05,67737,16
1697734800,1962.05,1977.74,1960.89,1974.075,38711,16
1697749200,1974.075,1982.545,1972.525,1975.02,13862,12
1697763600,1975.02,1981.99,1972.06,1977.255,17432,16
1697778000,1977.255,1985.23,1974.2,1983.745,22080,16
1697792400,1983.745,1985.945,1973.34,1978.335,28675,16
1697806800,1978.335,1997.26,1976.62,1982.68,59817,16
1697821200,1982.68,1986.77,1974.35,1980.9,24986,16
1698008400,1980.9,1980.9,1964.425,1966.345,9759,12
1698022800,1966.345,1974.84,1964.45,1973.86,17505,16
1698037200,1973.86,1982.025,1972.83,1981.51,18932,16
1698051600,1981.51,1982.875,1975.345,1977.66,27626,16
1698066000,1977.66,1980.09,1970.2,1974.505,51620,16
1698080400,1974.505,1978.15,1971.235,1972.84,18127,16
1698094800,1972.84,1975.97,1971.455,1973.91,5198,12
1698109200,1973.91,1980.9,1973.91,1976.25,14872,16
1698123600,1976.25,1979.245,1969.995,1972.31,22898,16
1698138000,1972.31,1972.59,1953.635,1964.985,35990,16
1698152400,1964.985,1976.02,1959.015,1974.415,51253,16
1698166800,1974.415,1977.645,1970.9,1971.025,12129,16
1698181200,1971.025,1975.35,1970.115,1974.56,5533,12
1698195600,1974.56,1977.065,1970.94,1972.505,13724,16
1698210000,1972.505,1976.02,1968.345,1971.44,18892,16
1698224400,1971.44,1976.94,1969.52,1975.17,22807,16
1698238800,1975.17,1987.31,1963.035,1978.22,52729,16
1698253200,1978.22,1985.725,1976.61,1979.96,18219,16
1698267600,1979.96,1984.815,1979.96,1983.515,9284,12
1698282000,1983.515,1989.43,1983.33,1988.56,13481,16
1698296400,1988.56,1993.545,1984.06,1992.16,22485,16
1698310800,1992.16,1992.22,1974.73,1979.61,29265,16
1698325200,1979.61,1985.905,1971.89,1984.29,52442,16
1698339600,1984.29,1989.385,1982.395,1984.95,17924,16
1698354000,1984.95,1986.935,1982.935,1983.535,7963,12
1698368400,1983.535,1990.025,1983.275,1989.525,13952,16
1698382800,1989.525,1989.775,1985.58,1987.01,18239,16
1698397200,1987.01,1987.955,1977.11,1980.5,25979,16
1698411600,1980.5,1985.74,1976.92,1983.73,42883,16
1698426000,1983.73,2009.565,1983.09,2006.02,35220,16
1698613200,2006.02,2006.845,1996.985,2004.745,13717,12
1698627600,2004.745,2005.81,2000.265,2001.56,12093,16
1698642000,2001.56,2002.735,1990.97,1993.775,19763,16
1698656400,1993.775,2000.175,1991.6,1998.06,28699,16
1698670800,1998.06,2002.625,1992.005,1998.99,55593,16
1698685200,1998.99,1999.97,1994.765,1996.26,14513,16
1698699600,1996.26,1996.33,1994.055,1995.68,5224,12
1698714000,1995.68,1997.35,1990.62,1992.805,15080,16
1698728400,1992.805,1999.28,1992.455,1997.035,16893,16
1698742800,1997.035,2001.57,1994.915,1995.685,25542,16
1698757200,1995.685,2007.99,1986.715,1990.81,59250,16
1698771600,1990.81,1991.32,1978.9,1983.9,21895,16
1698786000,1983.9,1986.22,1978.835,1980.055,6378,12
1698800400,1980.055,1981.48,1975.24,1977.68,12839,16
1698814800,1977.68,1983.0,1976.375,1982.53,14916,16
1698829200,1982.53,1988.615,1980.585,1986.67,23319,16
1698843600,1986.67,1992.085,1974.57,1977.87,48650,16
1698858000,1977.87,1982.96,1969.91,1982.355,34623,16
1698872400,1982.355,1986.24,1981.435,1984.755,7396,12
1698886800,1984.755,1988.225,1983.455,1986.14,12874,16
1698901200,1986.14,1988.5,1983.72,1986.85,12889,16
1698915600,1986.85,1991.035,1985.815,1990.405,23282,16
1698930000,1990.405,1991.06,1978.915,1981.865,44860,16
1698944400,1981.865,1986.675,1981.545,1985.91,10263,16
1698958800,1985.91,1986.6,1984.425,1985.67,2709,12
1698973200,1985.67,1987.93,1983.34,1985.89,9484,16
1698987600,1985.89,1989.325,1984.49,1988.655,14111,16
1699002000,1988.655,2004.1,1985.485,2000.21,27884,16
1699016400,2000.21,2001.91,1986.485,1990.4,70699,16
1699030800,1990.4,1995.175,1989.95,1992.59,11384,16
1699221600,1992.59,1993.145,1987.085,1992.225,10657,12
1699236000,1992.225,1993.03,1982.04,1983.99,14096,16
1699250400,1983.99,1988.02,1982.33,1986.875,15752,16
1699264800,1986.875,1989.165,1983.465,1986.38,18322,16
1699279200,1986.38,1988.265,1980.005,1983.755,29357,16
1699293600,1983.755,1983.76,1977.47,1977.975,9578,16
1699308000,1977.975,1978.36,1974.85,1975.835,8328,12
1699322400,1975.835,1976.2,1971.055,1973.77,11295,16
1699336800,1973.77,1973.975,1964.235,1966.43,17047,16
1699351200,1966.43,1968.07,1956.76,1966.59,30647,16
1699365600,1966.59,1967.31,1960.245,1964.055,36798,16
1699380000,1964.055,1969.865,1963.695,1969.3,14304,16
1699394400,1969.3,1970.07,1967.56,1968.7,9123,12
1699408800,1968.7,1971.1,1965.045,1965.63,9532,16
1699423200,1965.63,1969.17,1965.17,1965.56,15048,16
1699437600,1965.56,1966.71,1959.595,1964.87,22338,16
1699452000,1964.87,1966.43,1951.005,1953.75,37950,16
1699466400,1953.75,1954.765,1947.48,1950.28,12184,16
1699480800,1950.28,1954.725,1948.955,1953.44,9976,12
1699495200,1953.44,1953.46,1947.88,1950.19,14417,16
1699509600,1950.19,1950.58,1944.725,1946.89,15526,16
1699524000,1946.89,1951.425,1944.865,1950.62,23472,16
1699538400,1950.62,1964.945,1948.64,1961.895,38839,16
1699552800,1961.895,1965.7,1956.23,1958.26,24704,16
1699567200,1958.26,1960.835,1957.99,1959.15,9288,12
1699581600,1959.15,1960.51,1956.41,1957.35,11060,16
1699596000,1957.35,1958.285,1953.595,1953.985,15788,16
1699610400,1953.985,1954.44,1943.19,1946.16,26460,16
1699624800,1946.16,1947.695,1936.645,1936.805,38815,16
1699639200,1936.805,1939.015,1933.03,1938.385,11208,16
1699826400,1938.385,1943.9,1935.44,1940.4,11457,12
1699840800,1940.4,1941.355,1934.075,1939.17,14300,16
1699855200,1939.17,1941.295,1936.01,1938.245,16217,16
1699869600,1938.245,1939.76,1934.06,1936.035,18643,16
1699884000,1936.035,1949.21,1931.685,1945.835,32783,16
1699898400,1945.835,1948.155,1944.905,1946.155,10356,16
1699912800,1946.155,1948.42,1945.48,1945.74,6040,12
1699927200,1945.74,1946.74,1943.81,1944.505,9861,16
1699941600,1944.505,1948.015,1944.235,1947.21,10717,16
1699956000,1947.21,1959.25,1941.535,1954.375,30169,16
1699970400,1954.375,1971.05,1953.715,1962.245,51207,16
1699984800,1962.245,1964.545,1961.69,1963.175,12068,16
1699999200,1963.175,1964.01,1961.66,1962.71,8506,12
1700013600,1962.71,1967.98,1962.595,1967.005,13044,16
1700028000,1967.005,1972.625,1966.915,1971.52,19736,16
1700042400,1971.52,1975.425,1963.485,1965.69,29104,16
1700056800,1965.69,1966.71,1955.49,1961.51,44376,16
1700071200,1961.51,1962.255,1959.075,1959.545,11405,16
1700085600,1959.545,1961.45,1957.71,1958.47,8500,12
1700100000,1958.47,1963.955,1956.545,1962.95,12266,16
1700114400,1962.95,1968.615,1962.865,1966.3,15943,16
1700128800,1966.3,1973.03,1962.155,1972.16,23104,16
1700143200,1972.16,1988.0,1971.585,1983.405,50808,16
1700157600,1983.405,1985.265,1980.695,1981.39,12821,16
1700172000,1981.39,1987.05,1981.03,1983.535,8487,12
1700186400,1983.535,1987.125,1983.285,1984.465,12920,16
1700200800,1984.465,1992.435,1982.73,1991.36,17825,16
1700215200,1991.36,1993.49,1983.65,1984.835,25744,16
1700229600,1984.835,1986.765,1978.635,1981.11,36484,16
1700244000,1981.11,1982.825,1979.095,1980.73,10420,16
1700431200,1980.73,1983.09,1973.415,1981.125,14094,12
1700445600,1981.125,1985.25,1979.695,1980.76,21481,16
1700460000,1980.76,1981.975,1975.905,1979.4,23479,16
1700474400,1979.4,1979.59,1965.765,1968.32,28142,16
1700488800,1968.32,1976.28,1965.495,1973.885,34130,16
1700503200,1973.885,1979.005,1973.535,1977.845,15269,16
1700517600,1977.845,1990.445,1977.845,1990.06,14542,12
1700532000,1990.06,1994.34,1988.89,1991.785,18806,16
1700546400,1991.785,1994.355,1984.32,1985.445,24950,16
1700560800,1985.445,2000.37,1985.425,1997.7,30661,16
1700575200,1997.7,2007.65,1997.33,2001.53,44990,16
1700589600,2001.53,2001.895,1996.325,1998.525,18104,16
1700604000,1998.525,1999.94,1995.9,1996.185,10847,12
1700618400,1996.185,2000.395,1995.525,1998.88,15131,16
1700632800,1998.88,2006.455,1998.355,2002.21,28020,16
1700647200,2002.21,2003.44,1996.85,1999.18,26723,16
1700661600,1999.18,2002.48,1988.705,1991.66,38655,16
1700676000,1991.66,1992.715,1986.965,1989.885,11111,16
1700690400,1989.885,1994.11,1989.825,1993.565,9356,12
1700704800,1993.565,1998.378,1993.24,1996.37,12014,16
1700719200,1996.37,1998.57,1992.275,1994.37,19229,16
1700733600,1994.37,1994.895,1991.94,1992.845,10674,16
1700748000,1992.845,1994.945,1989.895,1992.85,11464,16
1700762400,1992.85,1993.39,1991.845,1992.89,1285,6
1700776800,1992.89,1995.005,1991.49,1992.905,9418,12
1700791200,1992.905,1994.825,1991.545,1994.365,14570,16
1700805600,1994.365,1994.955,1992.1,1994.59,16158,16
1700820000,1994.59,2001.99,1994.435,1999.695,19590,16
1700834400,1999.695,2003.66,1997.24,2000.99,31195,16
1700848800,2000.99,2002.98,1999.95,2002.495,1921,3
1701036000,2002.495,2018.325,2000.67,2012.075,19318,12
1701050400,2012.075,2013.755,2007.455,2010.71,21792,16
1701064800,2010.71,2015.545,2008.835,2013.425,21052,16
1701079200,2013.425,2016.475,2009.83,2011.405,22609,16
1701093600,2011.405,2014.99,2005.76,2009.975,34057,16
1701108000,2009.975,2014.71,2009.56,2014.175,12431,16
1701122400,2014.175,2018.14,2013.475,2015.43,10237,12
1701136800,2015.43,2017.71,2014.14,2015.225,10896,16
1701151200,2015.225,2016.89,2012.13,2015.985,14809,16
1701165600,2015.985,2021.6,2011.685,2021.54,17096,16
1701180000,2021.54,2043.11,2020.665,2040.78,43064,16
1701194400,2040.78,2042.55,2038.285,2040.97,13083,16
1701208800,2040.97,2052.06,2040.97,2048.835,18757,12
1701223200,2048.835,2049.12,2043.105,2046.065,22572,16
1701237600,2046.065,2046.345,2035.32,2038.425,25841,16
1701252000,2038.425,2043.09,2036.8,2039.165,34722,16
1701266400,2039.165,2047.02,2037.115,2045.115,57053,16
1701280800,2045.115,2049.585,2042.86,2044.32,20815,16
1701295200,2044.32,2046.91,2043.205,2043.42,8765,12
1701309600,2043.42,2047.235,2041.45,2041.7,13728,16
1701324000,2041.7,2047.015,2038.825,2040.03,24210,16
1701338400,2040.03,2044.97,2034.045,2036.915,32512,16
1701352800,2036.915,2041.38,2031.53,2037.055,54514,16
1701367200,2037.055,2038.765,2033.755,2036.165,17592,16
1701381600,2036.165,2043.485,2036.165,2041.81,11642,12
1701396000,2041.81,2042.855,2038.745,2041.035,13077,16
1701410400,2041.035,2049.91,2039.31,2046.445,21389,16
1701424800,2046.445,2047.29,2033.94,2037.71,27364,16
1701439200,2037.71,2067.73,2035.26,2067.365,68414,16
1701453600,2067.365,2075.43,2065.64,2071.88,30111,16
1701640800,2071.88,2148.99,2071.87,2087.795,37799,12
1701655200,2087.795,2090.56,2081.73,2086.15,24367,16
1701669600,2086.15,2087.98,2057.89,2071.095,41354,16
1701684000,2071.095,2071.89,2055.995,2057.665,35598,16
1701698400,2057.665,2058.025,2020.135,2026.02,79827,16
1701712800,2026.02,2032.385,2022.185,2029.0,25001,16
1701727200,2029.0,2041.3,2028.545,2035.68,14621,12
1701741600,2035.68,2038.465,2030.5,2032.225,15020,16
1701756000,2032.225,2039.635,2028.59,2029.005,32222,16
1701770400,2029.005,2030.945,2021.64,2029.565,37575,16
1701784800,2029.565,2030.23,2009.936,2017.29,68029,16
1701799200,2017.29,2020.965,2016.79,2019.345,15716,16
1701813600,2019.345,2022.715,2017.29,2020.87,10649,12
1701828000,2020.87,2025.49,2019.795,2024.93,11670,16
1701842400,2024.93,2035.97,2020.255,2021.27,29473,16
1701856800,2021.27,2031.93,2020.255,2030.205,32731,16
1701871200,2030.205,2033.095,2022.675,2029.555,52547,16
1701885600,2029.555,2031.26,2024.505,2025.475,15429,16
1701900000,2025.475,2029.675,2025.365,2026.24,8927,12
1701914400,2026.24,2030.12,2025.295,2026.88,12838,16
1701928800,2026.88,2034.92,2026.345,2034.21,30481,16
1701943200,2034.21,2039.975,2029.635,2037.255,32800,16
1701957600,2037.255,2037.56,2020.235,2028.88,62348,16
1701972000,2028.88,2032.03,2027.715,2028.515,22254,16
1701986400,2028.515,2033.17,2026.905,2032.385,17427,12
1702000800,2032.385,2034.065,2029.34,2030.08,17292,16
1702015200,2030.08,2031.455,2026.58,2028.69,30477,16
1702029600,2028.69,2032.465,2014.495,2018.66,40898,16
1702044000,2018.66,2019.36,1994.74,1997.255,73189,16
1702058400,1997.255,2005.09,1996.445,2004.44,20856,16
1702245600,2004.44,2007.85,2001.79,2002.19,16271,12
1702260000,2002.19,2002.87,1994.855,1998.865,17452,16
1702274400,1998.865,2000.675,1991.395,1993.49,23200,16
1702288800,1993.49,1996.815,1990.265,1993.925,27837,16
1702303200,1993.925,1994.515,1976.18,1976.78,48650,16
1702317600,1976.78,1983.095,1975.895,1981.84,19728,16
1702332000,1981.84,1989.72,1981.84,1983.33,11028,12
1702346400,1983.33,1988.0,1982.05,1987.59,11866,16
1702360800,1987.59,1989.14,1982.765,1985.94,19047,16
1702375200,1985.94,1996.76,1982.76,1984.51,31957,16
1702389600,1984.51,1989.835,1977.28,1977.82,48780,16
1702404000,1977.82,1981.12,1977.58,1979.435,17015,16
1702418400,1979.435,1982.89,1979.435,1980.185,8132,12
1702432800,1980.185,1980.46,1977.7,1978.89,10835,16
1702447200,1978.89,1982.75,1973.09,1982.545,20010,16
1702461600,1982.545,1986.815,1979.72,1984.545,21995,16
1702476000,1984.545,1986.185,1978.535,1982.175,38023,16
1702490400,1982.175,2027.88,1979.76,2027.575,52587,16
1702504800,2027.575,2039.345,2024.28,2032.45,21006,12
1702519200,2032.45,2036.115,2030.185,2035.335,27387,16
1702533600,2035.335,2040.395,2029.315,2036.72,37345,16
1702548000,2036.72,2039.29,2027.62,2037.29,46056,16
1702562400,2037.29,2047.935,2034.795,2036.19,67766,16
1702576800,2036.19,2036.78,2029.16,2036.265,29166,16
1702591200,2036.265,2038.76,2031.4,2032.315,12188,12
1702605600,2032.315,2037.555,2031.935,2035.335,17381,16
1702620000,2035.335,2044.255,2034.375,2042.715,28277,16
1702634400,2042.715,2044.945,2026.99,2031.435,35253,16
1702648800,2031.435,2038.695,2031.405,2032.865,51722,16
1702663200,2032.865,2033.875,2015.65,2019.54,25680,16
1702850400,2019.54,2023.46,2016.065,2019.445,14783,12
1702864800,2019.445,2024.625,2019.125,2023.205,12454,16
1702879200,2023.205,2027.37,2021.595,2023.035,24298,16
1702893600,2023.035,2026.265,2018.8,2025.92,22721,16
1702908000,2025.92,2033.655,2020.385,2033.655,33565,16
1702922400,2033.655,2033.75,2025.03,2027.24,12814,16
1702936800,2027.24,2029.345,2025.675,2026.175,8485,12
1702951200,2026.175,2026.56,2021.75,2024.195,15511,16
1702965600,2024.195,2028.54,2022.975,2026.325,22260,16
1702980000,2026.325,2032.735,2024.3,2030.04,23208,16
1702994400,2030.04,2047.03,2028.945,2040.46,41189,16
1703008800,2040.46,2040.955,2036.755,2040.245,14455,16
1703023200,2040.245,2041.745,2037.66,2038.27,10123,12
1703037600,2038.27,2041.425,2036.815,2041.31,10228,16
1703052000,2041.31,2043.535,2039.67,2039.97,21314,16
1703066400,2039.97,2040.44,2029.63,2036.415,26814,16
1703080800,2036.415,2039.89,2030.53,2034.75,41263,16
1703095200,2034.75,2037.19,2027.485,2031.78,23365,16
1703109600,2031.78,2035.97,2031.62,2035.515,9223,12
1703124000,2035.515,2038.24,2034.955,2036.25,10571,16
1703138400,2036.25,2037.39,2034.05,2035.52,17803,16
1703152800,2035.52,2046.105,2032.355,2041.385,33089,16
1703167200,2041.385,2046.04,2036.715,2041.1,55991,16
1703181600,2041.1,2046.01,2037.56,2045.92,24018,16
1703196000,2045.92,2055.075,2045.92,2048.745,14266,12
1703210400,2048.745,2051.35,2047.26,2048.345,16154,16
1703224800,2048.345,2054.595,2047.18,2053.52,23734,16
1703239200,2053.52,2069.33,2053.46,2067.335,46519,16
1703253600,2067.335,2070.705,2051.21,2055.535,58441,16
1703268000,2055.535,2058.155,2051.78,2053.2,22287,16
1703541600,2053.2,2064.1,2053.2,2063.425,9739,12
1703556000,2063.425,2065.225,2061.475,2062.9,10114,16
1703570400,2062.9,2065.16,2060.695,2061.96,11040,16
1703584800,2061.96,2064.185,2058.8,2058.81,10645,16
1703599200,2058.81,2061.955,2054.585,2057.835,20525,16
1703613600,2057.835,2069.085,2057.47,2067.71,12384,16
1703628000,2067.71,2068.615,2064.01,2066.76,9638,12
1703642400,2066.76,2067.295,2064.135,2064.785,8949,16
1703656800,2064.785,2069.375,2064.51,2068.38,14190,16
1703671200,2068.38,2070.36,2061.51,2068.36,22016,16
1703685600,2068.36,2082.55,2066.675,2081.92,37795,16
1703700000,2081.92,2084.495,2075.955,2077.12,19125,16
1703714400,2077.12,2087.84,2077.12,2087.1,12225,12
1703728800,2087.1,2088.545,2084.78,2085.82,15049,16
1703743200,2085.82,2087.635,2072.845,2077.05,28561,16
1703757600,2077.05,2079.37,2071.4,2073.04,30497,16
1703772000,2073.04,2081.185,2072.15,2074.885,46588,16
1703786400,2074.885,2075.565,2064.725,2065.265,24927,16
1703800800,2065.265,2071.46,2065.265,2070.805,11664,12
1703815200,2070.805,2072.37,2067.785,2072.31,17778,16
1703829600,2072.31,2074.845,2065.45,2065.65,22947,16
1703844000,2065.65,2068.94,2058.275,2059.265,31285,16
1703858400,2059.265,2068.22,2058.57,2066.675,47532,16
1703872800,2066.675,2067.83,2061.215,2062.97,22287,16
1704146400,2062.97,2069.985,2062.385,2066.71,11583,12
1704160800,2066.71,2074.985,2064.1,2074.555,14314,16
1704175200,2074.555,2078.975,2071.895,2077.09,24013,16
1704189600,2077.09,2077.815,2064.945,2066.315,33818,16
1704204000,2066.315,2070.75,2055.89,2062.78,49980,16
1704218400,2062.78,2065.04,2058.03,2059.045,13887,16
1704232800,2059.045,2062.605,2058.793,2062.55,10052,12
1704247200,2062.55,2066.005,2061.655,2064.145,13335,16
1704261600,2064.145,2065.51,2054.35,2056.875,23511,16
1704276000,2056.875,2057.225,2038.795,2041.095,36070,16
1704290400,2041.095,2048.82,2030.7,2033.41,58403,16
1704304800,2033.41,2042.395,2030.695,2041.29,29580,16
1704319200,2041.29,2044.005,2040.19,2042.305,10714,12
1704333600,2042.305,2046.97,2042.305,2043.845,15217,16
1704348000,2043.845,2051.015,2043.73,2048.08,26949,16
1704362400,2048.08,2050.935,2038.885,2040.33,26779,16
1704376800,2040.33,2047.84,2036.3,2043.305,39800,16
1704391200,2043.305,2044.95,2041.6,2043.435,11209,16
1704405600,2043.435,2048.33,2042.88,2046.24,11611,12
1704420000,2046.24,2047.975,2043.2,2044.515,11241,16
1704434400,2044.515,2047.09,2038.47,2038.915,21687,16
1704448800,2038.915,2042.01,2024.525,2040.045,34939,16
1704463200,2040.045,2064.035,2038.835,2042.01,76602,16
1704477600,2042.01,2050.37,2040.545,2045.625,20437,16
1704664800,2045.625,2046.685,2042.98,2043.88,10285,12
1704679200,2043.88,2043.92,2027.11,2030.845,17755,16
1704693600,2030.845,2033.37,2026.575,2029.115,29322,16
1704708000,2029.115,2029.58,2016.82,2019.05,34324,16
1704722400,2019.05,2036.93,2018.54,2027.735,45182,16
1704736800,2027.735,2029.86,2026.15,2028.035,14147,16
1704751200,2028.035,2035.66,2028.005,2032.305,11549,12
1704765600,2032.305,2035.91,2030.415,2032.855,14517,16
1704780000,2032.855,2038.29,2031.275,2035.495,26292,16
1704794400,2035.495,2042.035,2031.7,2038.705,28139,16
1704808800,2038.705,2040.16,2026.185,2027.745,42544,16
1704823200,2027.745,2031.22,2026.845,2030.02,17989,16
1704837600,2030.02,2032.585,2027.29,2031.85,11631,12
1704852000,2031.85,2032.94,2025.52,2026.745,13986,16
1704866400,2026.745,2036.23,2023.95,2035.79,23229,16
1704880800,2035.79,2040.3,2030.095,2030.375,24413,16
1704895200,2030.375,2033.59,2022.265,2024.11,37067,16
1704909600,2024.11,2025.075,2020.525,2024.32,17811,16
1704924000,2024.32,2030.425,2024.32,2029.79,10057,12
1704938400,2029.79,2034.73,2028.84,2033.035,12861,16
1704952800,2033.035,2035.81,2030.26,2031.38,21515,16
1704967200,2031.38,2045.17,2025.075,2029.485,42568,16
1704981600,2029.485,2034.965,2013.39,2014.46,80580,16
1704996000,2014.46,2029.645,2013.915,2029.015,25404,16
1705010400,2029.015,2035.62,2029.01,2033.97,14989,12
1705024800,2033.97,2037.275,2032.905,2036.14,13202,16
1705039200,2036.14,2040.145,2034.27,2038.18,23616,16
1705053600,2038.18,2056.705,2038.13,2056.22,44041,16
1705068000,2056.22,2062.31,2041.505,2043.99,63106,16
1705082400,2043.99,2049.285,2043.095,2049.155,16509,16
1705269600,2049.155,2051.52,2045.835,2051.12,13413,12
1705284000,2051.12,2058.145,2049.91,2055.255,17953,16
1705298400,2055.255,2058.67,2052.925,2055.07,19934,16
1705312800,2055.07,2055.19,2051.425,2054.26,18005,16
1705327200,2054.26,2056.405,2049.315,2055.42,17116,16
1705341600,2055.42,2055.5,2053.66,2054.765,1218,6
1705356000,2054.765,2055.615,2050.015,2050.95,14027,12
1705370400,2050.95,2051.675,2047.62,2048.63,17894,16
1705384800,2048.63,2050.97,2038.74,2041.305,32878,16
1705399200,2041.305,2045.035,2031.43,2037.695,40591,16
1705413600,2037.695,2042.615,2025.025,2025.4,63402,16
1705428000,2025.4,2030.215,2024.33,2028.505,20968,16
1705442400,2028.505,2030.865,2025.7,2030.305,13395,12
1705456800,2030.305,2032.98,2019.41,2020.73,21722,16
1705471200,2020.73,2026.63,2017.69,2023.91,33849,16
1705485600,2023.91,2029.06,2019.13,2022.495,36919,16
1705500000,2022.495,2023.18,2003.46,2007.08,52029,16
1705514400,2007.08,2007.265,2001.895,2006.335,21886,16
1705528800,2006.335,2012.2,2006.335,2011.705,12017,12
1705543200,2011.705,2011.95,2005.835,2009.28,15877,16
1705557600,2009.28,2014.205,2008.23,2010.24,25735,16
1705572000,2010.24,2017.305,2007.5,2009.17,30060,16
1705586400,2009.17,2017.815,2009.155,2016.41,43553,16
1705600800,2016.41,2023.395,2015.59,2023.02,15816,16
1705615200,2023.02,2025.63,2021.27,2024.09,13277,12
1705629600,2024.09,2025.135,2020.475,2021.7,11667,16
1705644000,2021.7,2030.9,2020.89,2029.815,20715,16
1705658400,2029.815,2039.415,2028.795,2035.32,25232,16
1705672800,2035.32,2035.785,2023.2,2029.13,47721,16
1705687200,2029.13,2030.08,2026.52,2029.62,15241,16
1705874400,2029.62,2032.175,2025.545,2029.2,11446,12
1705888800,2029.2,2030.12,2021.915,2023.305,14673,16
1705903200,2023.305,2026.335,2019.145,2021.75,25621,16
1705917600,2021.75,2030.18,2021.14,2023.23,32141,16
1705932000,2023.23,2026.615,2016.605,2021.59,40256,16
1705946400,2021.59,2021.975,2019.205,2021.66,15126,16
1705960800,2021.66,2023.17,2019.675,2021.765,8982,12
1705975200,2021.765,2031.75,2020.835,2030.84,19554,16
1705989600,2030.84,2037.975,2027.15,2028.85,30173,16
1706004000,2028.85,2030.55,2022.445,2025.015,27908,16
1706018400,2025.015,2027.81,2021.475,2024.34,34690,16
1706032800,2024.34,2030.72,2023.08,2029.155,16362,16
1706047200,2029.155,2029.705,2026.525,2027.345,9579,12
1706061600,2027.345,2027.655,2022.89,2024.54,12184,16
1706076000,2024.54,2034.205,2023.735,2030.875,27376,16
1706090400,2030.875,2036.735,2029.35,2034.04,36207,16
1706104800,2034.04,2034.81,2011.95,2019.345,55826,16
1706119200,2019.345,2019.845,2011.275,2014.235,18743,16
1706133600,2014.235,2017.71,2014.235,2016.445,12699,12
1706148000,2016.445,2017.09,2014.66,2015.675,15785,16
1706162400,2015.675,2018.375,2012.72,2017.94,23907,16
1706176800,2017.94,2023.145,2009.445,2019.465,32998,16
1706191200,2019.465,2025.32,2012.545,2015.065,53950,16
1706205600,2015.065,2020.945,2013.49,2020.94,18965,16
1706220000,2020.94,2025.9,2019.43,2022.0,11175,12
1706234400,2022.0,2023.975,2021.13,2023.145,9308,16
1706248800,2023.145,2023.525,2018.245,2020.855,20286,16
1706263200,2020.855,2026.9,2018.84,2024.685,24826,16
1706277600,2024.685,2026.18,2015.995,2016.71,34578,16
1706292000,2016.71,2019.37,2016.1,2018.59,8766,16
1706479200,2018.59,2028.7,2018.59,2023.305,14527,12
1706493600,2023.305,2027.65,2021.6,2025.595,10591,16
1706508000,2025.595,2033.925,2024.93,2028.39,17170,16
1706522400,2028.39,2037.61,2025.555,2036.905,18976,16
1706536800,2036.905,2037.295,2020.61,2029.4,28786,16
1706551200,2029.4,2035.33,2025.195,2032.53,16702,16
1706565600,2032.53,2034.155,2029.335,2031.165,8419,12
1706580000,2031.165,2033.435,2029.905,2032.225,10114,16
1706594400,2032.225,2040.575,2032.14,2035.765,19895,16
1706608800,2035.765,2038.03,2031.37,2037.87,20308,16
1706623200,2037.87,2048.63,2029.1,2034.05,52273,16
1706637600,2034.05,2037.13,2031.575,2036.83,15981,16
1706652000,2036.83,2038.695,2034.575,2034.715,9266,12
1706666400,2034.715,2035.255,2032.9,2035.145,10798,16
1706680800,2035.145,2040.48,2033.69,2038.24,23005,16
1706695200,2038.24,2043.32,2036.09,2042.01,23863,16
1706709600,2042.01,2056.07,2040.785,2049.685,51705,16
1706724000,2049.685,2050.92,2030.94,2039.155,51341,16
1706738400,2039.155,2042.745,2039.155,2041.44,9892,12
1706752800,2041.44,2049.71,2041.31,2044.575,15788,16
1706767200,2044.575,2045.03,2039.045,2041.145,24113,16
1706781600,2041.145,2042.19,2030.07,2040.135,40254,16
1706796000,2040.135,2065.53,2040.04,2054.53,66978,16
1706810400,2054.53,2058.77,2052.245,2054.825,25102,16
1706824800,2054.825,2056.97,2052.945,2054.785,9308,12
1706839200,2054.785,2056.59,2051.98,2055.585,13540,16
1706853600,2055.585,2056.995,2052.74,2053.1,20318,16
1706868000,2053.1,2057.705,2029.695,2031.74,33539,16
1706882400,2031.74,2037.57,2027.87,2035.315,58916,16
1706896800,2035.315,2039.85,2034.505,2039.75,17223,16
1707084000,2039.75,2042.315,2033.715,2038.07,17449,12
1707098400,2038.07,2038.83,2029.0,2029.82,18489,16
1707112800,2029.82,2031.56,2020.73,2022.745,27957,16
1707127200,2022.745,2028.425,2015.02,2016.025,28041,16
1707141600,2016.025,2026.49,2014.96,2025.685,42372,16
1707156000,2025.685,2027.605,2024.075,2024.89,13662,16
1707170400,2024.89,2028.675,2023.815,2027.235,8126,12
1707184800,2027.235,2029.855,2023.545,2029.555,14306,16
1707199200,2029.555,2029.7,2022.975,2023.63,17299,16
1707213600,2023.63,2030.97,2023.01,2029.28,24042,16
1707228000,2029.28,2038.945,2026.98,2037.095,42825,16
1707242400,2037.095,2038.27,2033.87,2035.885,15419,16
1707256800,2035.885,2036.4,2034.295,2035.08,7150,12
1707271200,2035.08,2035.63,2033.295,2033.395,9010,16
1707285600,2033.395,2036.23,2031.305,2034.415,17133,16
1707300000,2034.415,2036.655,2030.645,2036.21,18617,16
1707314400,2036.21,2044.655,2032.735,2035.685,43619,16
1707328800,2035.685,2037.33,2033.76,2035.0,16111,16
1707343200,2035.0,2038.2,2035.0,2037.305,6730,12
1707357600,2037.305,2038.785,2031.22,2033.585,12956,16
1707372000,2033.585,2036.05,2028.985,2035.375,17899,16
1707386400,2035.375,2038.515,2020.955,2021.135,30651,16
1707400800,2021.135,2034.025,2020.25,2031.745,39106,16
1707415200,2031.745,2035.36,2031.18,2034.21,11474,16
1707429600,2034.21,2035.11,2031.98,2034.235,5646,12
1707444000,2034.235,2035.175,2032.165,2032.925,6640,16
1707458400,2032.925,2035.005,2030.575,2031.635,16614,16
1707472800,2031.635,2037.25,2025.64,2027.14,30094,16
1707487200,2027.14,2030.715,2020.35,2024.72,43407,16
1707501600,2024.72,2026.4,2022.865,2024.36,11724,16
1707688800,2024.36,2026.805,2023.565,2023.595,4294,12
1707703200,2023.595,2024.22,2021.93,2023.915,5653,16
1707717600,2023.915,2027.325,2020.445,2020.845,15263,16
1707732000,2020.845,2027.665,2018.62,2019.13,21803,16
1707746400,2019.13,2020.45,2011.945,2019.405,33830,16
1707760800,2019.405,2021.61,2017.855,2020.01,14931,16
1707775200,2020.01,2021.275,2018.385,2020.385,4390,12
1707789600,2020.385,2021.73,2016.98,2020.835,4695,16
1707804000,2020.835,2026.99,2020.79,2026.755,11176,16
1707818400,2026.755,2031.588,2003.055,2004.465,27373,16
1707832800,2004.465,2005.98,1990.155,1993.75,47266,16
1707847200,1993.75,1995.86,1991.31,1993.09,14490,16
1707861600,1993.09,1993.3,1988.895,1992.9,6698,12
1707876000,1992.9,1993.645,1991.21,1993.02,7644,16
1707890400,1993.02,1993.185,1986.08,1991.31,18338,16
1707904800,1991.31,1993.475,1988.77,1989.205,20644,16
1707919200,1989.205,1995.35,1984.305,1994.415,43759,16
1707933600,1994.415,1996.155,1989.695,1992.365,14018,16
1707948000,1992.365,1994.395,1992.365,1992.6,6100,12
1707962400,1992.6,1993.6,1990.325,1991.99,6707,16
1707976800,1991.99,1996.84,1991.655,1996.46,14442,16
1707991200,1996.46,2004.4,1995.61,2003.87,25146,16
1708005600,2003.87,2008.34,1998.505,2003.675,42268,16
1708020000,2003.675,2006.51,2002.825,2004.4,15022,16
1708034400,2004.4,2005.71,2002.42,2005.585,6185,12
1708048800,2005.585,2005.695,2003.355,2004.555,8236,16
1708063200,2004.555,2006.575,2002.785,2005.12,12201,16
1708077600,2005.12,2008.19,1995.16,2001.52,23349,16
1708092000,2001.52,2014.48,1995.39,2013.36,43765,16
1708106400,2013.36,2015.23,2011.19,2013.23,13071,16
1708293600,2013.23,2020.88,2000.355,2019.875,14146,12
1708308000,2019.875,2022.925,2018.345,2020.83,11339,16
1708322400,2020.83,2023.07,2019.065,2020.18,15016,16
1708336800,2020.18,2020.64,2016.02,2016.9,14760,16
1708351200,2016.9,2018.58,2013.31,2017.355,10900,16
1708365600,2017.355,2018.5,2016.915,2017.945,1067,6
1708380000,2017.945,2019.305,2015.12,2017.09,8261,12
1708394400,2017.09,2019.805,2016.905,2018.555,7989,16
1708408800,2018.555,2025.25,2017.845,2024.11,18396,16
1708423200,2024.11,2030.895,2023.515,2030.125,25907,16
1708437600,2030.125,2030.92,2025.505,2028.735,32404,16
1708452000,2028.735,2028.91,2023.615,2024.415,11748,16
1708466400,2024.415,2026.18,2023.01,2025.435,6127,12
1708480800,2025.435,2032.33,2025.435,2031.05,10242,16
1708495200,2031.05,2031.3,2025.985,2028.12,13653,16
1708509600,2028.12,2031.6,2027.43,2028.775,18656,16
1708524000,2028.775,2030.39,2021.565,2024.27,30988,16
1708538400,2024.27,2027.045,2020.095,2026.04,21616,16
1708552800,2026.04,2028.655,2025.13,2027.105,8218,12
1708567200,2027.105,2030.075,2025.6,2028.47,8874,16
1708581600,2028.47,2034.945,2028.42,2030.33,19576,16
1708596000,2030.33,2031.28,2023.09,2025.735,21260,16
1708610400,2025.735,2026.795,2019.87,2023.015,38840,16
1708624800,2023.015,2025.135,2019.715,2024.355,15945,16
1708639200,2024.355,2027.265,2022.835,2026.935,7157,12
1708653600,2026.935,2027.46,2022.265,2022.495,8186,16
1708668000,2022.495,2022.75,2016.125,2016.875,18192,16
1708682400,2016.875,2029.26,2016.695,2025.45,24446,16
1708696800,2025.45,2039.9,2024.225,2037.945,39485,16
1708711200,2037.945,2041.41,2035.145,2035.375,15653,16
1708898400,2035.375,2035.375,2029.965,2031.33,9351,12
1708912800,2031.33,2034.32,2030.7,2033.09,8824,16
1708927200,2033.09,2037.13,2031.96,2033.15,16704,16
1708941600,2033.15,2035.49,2030.81,2032.74,21052,16
1708956000,2032.74,2032.975,2025.115,2028.74,31580,16
1708970400,2028.74,2033.685,2028.19,2031.25,13843,16
1708984800,2031.25,2033.84,2030.73,2033.635,6802,12
1708999200,2033.635,2034.63,2032.39,2033.7,6754,16
1709013600,2033.7,2039.51,2033.335,2036.695,14376,16
1709028000,2036.695,2039.18,2034.69,2035.515,23677,16
1709042400,2035.515,2037.2,2029.82,2032.29,33697,16
1709056800,2032.29,2036.125,2028.855,2030.445,15240,16
1709071200,2030.445,2033.785,2029.215,2033.51,6701,12
1709085600,2033.51,2033.69,2029.87,2031.02,8354,16
1709100000,2031.02,2032.14,2024.955,2024.975,15756,16
1709114400,2024.975,2036.175,2024.555,2035.855,26250,16
1709128800,2035.855,2037.95,2030.49,2033.85,32126,16
1709143200,2033.85,2035.41,2030.875,2034.46,13021,16
1709157600,2034.46,2036.625,2034.01,2036.555,6110,12
1709172000,2036.555,2037.16,2034.485,2035.72,7876,16
1709186400,2035.72,2037.89,2034.09,2034.64,14645,16
1709200800,2034.64,2048.79,2028.165,2047.72,29995,16
1709215200,2047.72,2050.745,2043.335,2045.73,44738,16
1709229600,2045.73,2046.945,2042.935,2044.29,16818,16
1709244000,2044.29,2044.755,2042.915,2044.4,6099,12
1709258400,2044.4,2046.905,2043.485,2045.125,7669,16
1709272800,2045.125,2048.905,2039.11,2046.47,21212,16
1709287200,2046.47,2057.555,2045.94,2051.655,32875,16
1709301600,2051.655,2085.745,2045.67,2084.885,53253,16
1709316000,2084.885,2088.38,2082.275,2082.73,19372,16
1709503200,2082.73,2086.3,2079.53,2080.265,11230,12
1709517600,2080.265,2083.525,2079.915,2081.56,8483,16
1709532000,2081.56,2088.38,2081.115,2085.245,20579,16
1709546400,2085.245,2093.18,2081.185,2091.66,27138,16
1709560800,2091.66,2119.975,2090.545,2116.54,59884,16
1709575200,2116.54,2118.625,2113.39,2114.365,18669,16
1709589600,2114.365,2116.91,2110.53,2112.705,9982,12
1709604000,2112.705,2119.815,2111.32,2119.385,12649,16
1709618400,2119.385,2125.335,2114.025,2124.645,25770,16
1709632800,2124.645,2141.88,2121.25,2127.815,38632,16
1709647200,2127.815,2139.63,2123.725,2130.935,55855,16
1709661600,2130.935,2134.77,2127.115,2128.045,20863,16
1709676000,2128.045,2128.515,2125.115,2125.565,8749,12
1709690400,2125.565,2128.035,2123.765,2125.385,10179,16
1709704800,2125.385,2131.595,2124.42,2128.68,19633,16
1709719200,2128.68,2139.75,2124.725,2139.475,32683,16
1709733600,2139.475,2150.09,2131.8,2144.825,60031,16
1709748000,2144.825,2152.25,2139.505,2148.15,24330,16
1709762400,2148.15,2151.45,2144.255,2146.255,14737,12
1709776800,2146.255,2161.59,2145.75,2154.57,24986,16
1709791200,2154.57,2159.93,2151.62,2157.745,25285,16
1709805600,2157.745,2164.8,2153.34,2159.605,31444,16
1709820000,2159.605,2159.87,2147.985,2158.305,48352,16
1709834400,2158.305,2160.945,2156.095,2160.115,12902,16
1709848800,2160.115,2163.65,2157.775,2157.89,8385,12
1709863200,2157.89,2159.365,2154.06,2157.84,10317,16
1709877600,2157.84,2171.19,2156.58,2169.11,21832,16
1709892000,2169.11,2185.485,2156.785,2171.23,35296,16
1709906400,2171.23,2195.235,2163.885,2185.05,65628,16
1709920800,2185.05,2185.05,2168.385,2179.105,23480,16
1710104400,2179.105,2189.125,2177.28,2186.755,10682,12
1710118800,2186.755,2186.85,2176.915,2180.745,16350,16
1710133200,2180.745,2183.155,2176.785,2177.525,19935,16
1710147600,2177.525,2181.615,2175.98,2177.23,24365,16
1710162000,2177.23,2185.755,2174.86,2180.9,40579,16
1710176400,2180.9,2184.225,2177.255,2182.73,15743,16
1710190800,2182.73,2184.815,2180.315,2180.505,5820,12
1710205200,2180.505,2183.165,2176.905,2178.265,11434,16
1710219600,2178.265,2179.24,2173.695,2177.895,14956,16
1710234000,2177.895,2182.085,2160.74,2169.84,35494,16
1710248400,2169.84,2169.965,2152.715,2165.84,60657,16
1710262800,2165.84,2165.845,2150.66,2158.46,21087,16
1710277200,2158.46,2161.53,2155.855,2159.36,8057,12
1710291600,2159.36,2161.655,2157.295,2159.4,13115,16
1710306000,2159.4,2161.595,2157.985,2158.26,16662,16
1710320400,2158.26,2166.35,2157.555,2163.61,24574,16
1710334800,2163.61,2174.75,2161.52,2173.72,50280,16
1710349200,2173.72,2179.92,2171.805,2174.385,20001,16
1710363600,2174.385,2176.645,2174.04,2176.355,4361,12
1710378000,2176.355,2177.045,2171.07,2171.805,11768,16
1710392400,2171.805,2172.015,2167.47,2169.645,20471,16
1710406800,2169.645,2172.085,2160.5,2162.84,31041,16
1710421200,2162.84,2167.335,2152.845,2158.72,55514,16
1710435600,2158.72,2165.11,2158.13,2162.13,16068,16
1710450000,2162.13,2163.185,2160.655,2162.77,3661,12
1710464400,2162.77,2166.015,2161.77,2164.52,10362,16
1710478800,2164.52,2170.145,2163.605,2169.11,18752,16
1710493200,2169.11,2172.81,2157.62,2161.875,25795,16
1710507600,2161.875,2166.795,2156.605,2158.86,46327,16
1710522000,2158.86,2160.67,2155.25,2156.01,11080,16
1710709200,2156.01,2157.605,2153.205,2156.685,5823,12
1710723600,2156.685,2156.685,2146.155,2147.41,15525,16
1710738000,2147.41,2154.525,2146.195,2153.57,15228,16
1710752400,2153.57,2163.63,2153.405,2159.145,25721,16
1710766800,2159.145,2161.365,2154.625,2159.97,39984,16
1710781200,2159.97,2161.24,2158.155,2160.32,12450,16
1710795600,2160.32,2162.905,2160.175,2160.7,5056,12
1710810000,2160.7,2162.85,2158.625,2160.32,15141,16
1710824400,2160.32,2160.53,2147.205,2153.145,24476,16
1710838800,2153.145,2158.715,2150.83,2156.995,24230,16
1710853200,2156.995,2158.775,2148.455,2154.56,32670,16
1710867600,2154.56,2158.535,2154.4,2157.575,11859,16
1710882000,2157.575,2159.705,2155.29,2157.22,2951,12
1710896400,2157.22,2160.295,2156.685,2156.95,8717,16
1710910800,2156.95,2159.545,2154.55,2156.265,12637,16
1710925200,2156.265,2156.275,2149.66,2153.25,17601,16
1710939600,2153.25,2164.93,2150.545,2157.74,34671,16
1710954000,2157.74,2188.905,2156.655,2186.37,53753,16
1710968400,2186.37,2222.915,2186.37,2199.035,24002,12
1710982800,2199.035,2212.57,2198.005,2203.335,25972,16
1710997200,2203.335,2210.245,2196.925,2201.595,30856,16
1711011600,2201.595,2211.86,2199.99,2207.775,39028,16
1711026000,2207.775,2208.205,2166.445,2179.995,68157,16
1711040400,2179.995,2184.055,2178.575,2181.36,14394,16
1711054800,2181.36,2186.13,2180.92,2185.065,4701,12
1711069200,2185.065,2185.965,2171.875,2173.695,24446,16
1711083600,2173.695,2176.32,2162.64,2168.015,27035,16
1711098000,2168.015,2176.285,2165.245,2174.655,28311,16
1711112400,2174.655,2180.19,2161.68,2162.71,49908,16
1711126800,2162.71,2167.3,2157.13,2165.31,21080,16
1711314000,2165.31,2169.505,2164.125,2165.6,7682,12
1711328400,2165.6,2178.405,2164.005,2169.495,24998,16
1711342800,2169.495,2171.145,2163.615,2165.78,21164,16
1711357200,2165.78,2177.095,2164.385,2174.575,23841,16
1711371600,2174.575,2181.41,2173.08,2175.845,34050,16
1711386000,2175.845,2176.72,2170.76,2171.805,12590,16
1711400400,2171.805,2174.475,2171.29,2173.95,6118,12
1711414800,2173.95,2174.475,2167.625,2172.385,17320,16
1711429200,2172.385,2179.32,2169.705,2178.36,20845,16
1711443600,2178.36,2200.175,2178.36,2188.015,38805,16
1711458000,2188.015,2192.945,2171.78,2176.86,48196,16
1711472400,2176.86,2179.3,2174.69,2178.74,14880,16
1711486800,2178.74,2180.25,2176.785,2177.495,3954,12
1711501200,2177.495,2181.81,2173.485,2178.445,13635,16
1711515600,2178.445,2182.745,2175.8,2177.45,16105,16
1711530000,2177.45,2197.675,2176.62,2186.175,29160,16
1711544400,2186.175,2195.305,2183.605,2192.51,41446,16
1711558800,2192.51,2195.225,2189.085,2194.86,12677,16
1711573200,2194.86,2194.86,2187.41,2189.14,7186,12
1711587600,2189.14,2196.965,2187.59,2195.72,14889,16
1711602000,2195.72,2200.755,2190.9,2194.83,19930,16
1711616400,2194.83,2217.005,2192.52,2215.73,41344,16
1711630800,2215.73,2225.68,2202.32,2220.445,58884,16
1711645200,2220.445,2236.33,2216.815,2233.12,20687,16
1711918800,2233.12,2256.495,2233.12,2250.13,18052,12
1711933200,2250.13,2265.775,2250.13,2260.415,29532,16
1711947600,2260.415,2263.46,2255.85,2257.36,17535,16
1711962000,2257.36,2258.455,2243.7,2252.59,27193,16
1711976400,2252.59,2257.925,2228.54,2238.175,57709,16
1711990800,2238.175,2251.72,2234.785,2251.67,14220,16
1712005200,2251.67,2255.935,2247.905,2250.405,10195,12
1712019600,2250.405,2259.945,2246.715,2256.72,20759,16
1712034000,2256.72,2262.895,2252.305,2261.135,25793,16
1712048400,2261.135,2266.875,2253.435,2257.635,37440,16
1712062800,2257.635,2277.05,2250.895,2260.36,69083,16
1712077200,2260.36,2281.155,2259.595,2280.815,26952,16
1712091600,2280.815,2288.435,2277.875,2283.38,14527,12
1712106000,2283.38,2288.025,2276.765,2283.805,23603,16
1712120400,2283.805,2286.095,2267.715,2273.295,32143,16
1712134800,2273.295,2275.245,2265.505,2274.91,37836,16
1712149200,2274.91,2295.255,2271.71,2293.9,75659,16
1712163600,2293.9,2301.27,2288.955,2299.93,25276,16
1712178000,2299.93,2302.8,2296.405,2302.34,13099,12
1712192400,2302.34,2304.99,2297.615,2298.875,14534,16
1712206800,2298.875,2300.75,2291.1,2291.635,21282,16
1712221200,2291.635,2295.215,2282.69,2288.255,32434,16
1712235600,2288.255,2299.52,2284.776,2286.915,48175,16
1712250000,2286.915,2305.65,2279.725,2291.21,42008,16
1712264400,2291.21,2293.445,2282.89,2283.19,9469,12
1712278800,2283.19,2284.2,2267.78,2278.145,26441,16
1712293200,2278.145,2291.85,2276.63,2288.135,29784,16
1712307600,2288.135,2296.29,2280.435,2290.96,43854,16
1712322000,2290.96,2329.545,2287.115,2327.32,90768,16
1712336400,2327.32,2330.525,2320.785,2330.16,24499,16
1712523600,2330.16,2330.16,2304.105,2306.285,19284,12
1712538000,2306.285,2354.155,2302.975,2342.24,60421,16
1712552400,2342.24,2343.745,2331.895,2336.39,44955,16
1712566800,2336.39,2343.64,2322.705,2329.11,46962,16
1712581200,2329.11,2335.775,2318.74,2328.555,66192,16
1712595600,2328.555,2342.1,2327.605,2339.15,19880,16
1712610000,2339.15,2341.775,2337.27,2340.94,7783,12
1712624400,2340.94,2348.52,2337.885,2344.27,29832,16
1712638800,2344.27,2359.28,2343.16,2357.625,32289,16
1712653200,2357.625,2365.395,2345.8,2349.475,47614,16
1712667600,2349.475,2364.35,2338.355,2345.115,84501,16
1712682000,2345.115,2354.605,2342.06,2352.41,25788,16
1712696400,2352.41,2355.65,2350.53,2351.71,5840,12
1712710800,2351.71,2356.895,2344.805,2356.31,19614,16
1712725200,2356.31,2360.15,2352.43,2354.63,28431,16
1712739600,2354.63,2354.895,2327.93,2338.48,50742,16
1712754000,2338.48,2352.465,2319.395,2337.335,94613,16
1712768400,2337.335,2345.285,2325.91,2333.865,36208,16
1712782800,2333.865,2337.335,2333.375,2335.275,8339,12
1712797200,2335.275,2346.955,2334.13,2342.995,22768,16
1712811600,2342.995,2344.65,2325.74,2328.0,33926,16
1712826000,2328.0,2344.425,2327.99,2341.4,50576,16
1712840400,2341.4,2350.86,2332.39,2349.87,64137,16
1712854800,2349.87,2377.755,2348.215,2372.285,37351,16
1712869200,2372.285,2379.63,2371.935,2378.76,10409,12
1712883600,2378.76,2395.505,2378.76,2384.305,41317,16
1712898000,2384.305,2400.725,2383.5,2396.815,43094,16
1712912400,2396.815,2400.495,2390.435,2395.9,42322,16
1712926800,2395.9,2431.59,2360.715,2369.31,131380,16
1712941200,2369.31,2373.275,2333.88,2344.235,58266,16
1713128400,2344.235,2372.99,2344.235,2353.365,26665,12
1713142800,2353.365,2364.82,2348.425,2356.715,35099,16
1713157200,2356.715,2362.54,2344.765,2351.71,50008,16
1713171600,2351.71,2361.305,2346.37,2357.395,39963,16
1713186000,2357.395,2361.175,2324.255,2357.28,88661,16
1713200400,2357.28,2387.645,2354.145,2383.51,49390,16
1713214800,2383.51,2392.255,2380.215,2383.515,12972,12
1713229200,2383.515,2389.43,2379.35,2386.18,36745,16
1713243600,2386.18,2389.135,2363.06,2369.52,47442,16
1713258000,2369.52,2378.27,2367.545,2376.255,47173,16
1713272400,2376.255,2398.38,2363.525,2397.65,110268,16
1713286800,2397.65,2397.8,2378.47,2383.13,59742,16
1713301200,2383.13,2387.07,2380.835,2384.495,12278,12
1713315600,2384.495,2386.3,2380.34,2382.06,25152,16
1713330000,2382.06,2393.675,2372.755,2393.03,43957,16
1713344400,2393.03,2394.38,2378.37,2383.375,45460,16
1713358800,2383.375,2395.64,2361.045,2372.51,88018,16
1713373200,2372.51,2379.215,2354.73,2361.095,41491,16
1713387600,2361.095,2370.13,2361.095,2369.815,10015,12
1713402000,2369.815,2376.565,2364.08,2375.15,33244,16
1713416400,2375.15,2381.09,2373.83,2380.04,40517,16
1713430800,2380.04,2387.53,2377.29,2385.535,41891,16
1713445200,2385.535,2392.86,2369.63,2388.03,85674,16
1713459600,2388.03,2389.405,2377.0,2379.05,24796,16
1713474000,2379.05,2381.515,2373.84,2379.53,8368,12
1713488400,2379.53,2417.92,2378.865,2383.625,99804,16
1713502800,2383.625,2393.92,2378.08,2384.33,58906,16
1713517200,2384.33,2386.235,2372.91,2381.565,52566,16
1713531600,2381.565,2399.77,2373.12,2399.695,74138,16
1713546000,2399.695,2401.995,2386.675,2392.07,28939,16
1713733200,2392.07,2392.07,2381.125,2382.215,12260,12
1713747600,2382.215,2384.355,2361.82,2369.725,35925,16
1713762000,2369.725,2370.585,2351.495,2359.69,46557,16
1713776400,2359.69,2363.78,2333.125,2336.905,53725,16
1713790800,2336.905,2343.9,2328.965,2329.92,80469,16
1713805200,2329.92,2334.925,2324.67,2327.24,23950,16
1713819600,2327.24,2333.995,2327.025,2332.755,11612,12
1713834000,2332.755,2334.51,2295.635,2305.585,55821,16
1713848400,2305.585,2314.835,2298.925,2303.4,55988,16
1713862800,2303.4,2313.695,2291.465,2311.905,60431,16
1713877200,2311.905,2332.21,2309.565,2330.46,97093,16
1713891600,2330.46,2331.39,2321.275,2322.13,30867,16
1713906000,2322.13,2324.375,2320.83,2320.995,7131,12
1713920400,2320.995,2330.14,2315.845,2326.785,33636,16
1713934800,2326.785,2331.37,2316.195,2319.255,42423,16
1713949200,2319.255,2323.55,2311.815,2323.295,45722,16
1713963600,2323.295,2337.385,2316.065,2325.18,83254,16
1713978000,2325.18,2330.595,2313.72,2315.95,32277,16
1713992400,2315.95,2319.495,2315.5,2319.245,7966,12
1714006800,2319.245,2322.165,2305.025,2315.405,25264,16
1714021200,2315.405,2328.95,2314.565,2326.925,36187,16
1714035600,2326.925,2334.815,2323.33,2330.77,42728,16
1714050000,2330.77,2344.93,2312.87,2328.825,99859,16
1714064400,2328.825,2336.52,2326.335,2332.49,33817,16
1714078800,2332.49,2333.475,2328.795,2329.935,4213,12
1714093200,2329.935,2338.33,2326.365,2336.01,19303,16
1714107600,2336.01,2350.25,2333.975,2347.05,40397,16
1714122000,2347.05,2352.64,2340.645,2344.895,43719,16
1714136400,2344.895,2350.465,2328.77,2333.67,80688,16
1714150800,2333.67,2341.47,2332.725,2338.05,22189,16
1714338000,2338.05,2338.05,2330.735,2332.15,7447,12
1714352400,2332.15,2333.33,2319.84,2332.71,39198,16
1714366800,2332.71,2341.34,2327.515,2338.17,46366,16
1714381200,2338.17,2344.445,2328.4,2332.045,33414,16
1714395600,2332.045,2346.83,2325.62,2342.915,61787,16
1714410000,2342.915,2346.695,2333.05,2335.55,26430,16
1714424400,2335.55,2336.41,2331.83,2334.065,6951,12
1714438800,2334.065,2336.25,2325.05,2326.515,21774,16
1714453200,2326.515,2327.015,2310.745,2313.005,30379,16
1714467600,2313.005,2318.075,2304.675,2306.16,37132,16
1714482000,2306.16,2313.385,2293.28,2294.75,65808,16
1714496400,2294.75,2297.56,2285.22,2286.21,27104,16
1714510800,2286.21,2293.37,2285.76,2286.955,8236,12
1714525200,2286.955,2289.635,2281.68,2283.295,11086,16
1714539600,2283.295,2289.865,2282.635,2286.365,20188,16
1714554000,2286.365,2300.11,2285.82,2298.31,34428,16
1714568400,2298.31,2310.56,2295.315,2303.785,66885,16
1714582800,2303.785,2328.43,2295.105,2319.56,78546,16
1714597200,2319.56,2326.065,2319.56,2324.43,9717,12
1714611600,2324.43,2326.515,2317.4,2318.235,16460,16
1714626000,2318.235,2319.17,2303.16,2304.115,36489,16
1714640400,2304.115,2305.44,2293.595,2294.59,49760,16
1714654800,2294.59,2307.02,2285.545,2299.71,80715,16
1714669200,2299.71,2309.53,2299.34,2303.8,29739,16
1714683600,2303.8,2305.77,2300.4,2304.045,9057,12
1714698000,2304.045,2308.15,2299.925,2307.485,20948,16
1714712400,2307.485,2308.8,2297.85,2301.47,21368,16
1714726800,2301.47,2320.705,2294.72,2304.875,42635,16
1714741200,2304.875,2309.02,2277.345,2299.37,96509,16
1714755600,2299.37,2303.465,2296.075,2301.81,20519,16
1714942800,2301.81,2303.265,2291.85,2296.09,12580,12
1714957200,2296.09,2315.47,2295.905,2309.24,38670,16
1714971600,2309.24,2324.34,2308.785,2318.35,34964,16
1714986000,2318.35,2330.455,2314.6,2323.4,27787,16
1715000400,2323.4,2332.225,2317.765,2325.735,60373,16
1715014800,2325.735,2329.055,2321.08,2323.995,21303,16
1715029200,2323.995,2329.55,2322.3,2329.34,8468,12
1715043600,2329.34,2329.98,2319.71,2322.735,25269,16
1715058000,2322.735,2323.405,2311.72,2315.79,32577,16
1715072400,2315.79,2317.47,2310.04,2316.125,37011,16
1715086800,2316.125,2323.775,2312.46,2312.545,58068,16
1715101200,2312.545,2317.54,2311.15,2314.135,23745,16
1715115600,2314.135,2316.96,2313.935,2314.23,6111,12
1715130000,2314.23,2319.43,2307.07,2319.375,22736,16
1715144400,2319.375,2321.53,2303.745,2307.375,26811,16
1715158800,2307.375,2319.235,2307.075,2314.6,28281,16
1715173200,2314.6,2321.15,2306.9,2317.095,44499,16
1715187600,2317.095,2317.6,2307.94,2308.69,15847,16
1715202000,2308.69,2311.005,2307.94,2309.37,5378,12
1715216400,2309.37,2315.35,2308.02,2314.555,17202,16
1715230800,2314.555,2319.85,2307.585,2310.545,26124,16
1715245200,2310.545,2329.375,2306.655,2326.78,40746,16
1715259600,2326.78,2338.865,2312.185,2329.885,73613,16
1715274000,2329.885,2347.25,2329.245,2346.245,30262,16
1715288400,2346.245,2349.075,2345.325,2347.635,8027,12
1715302800,2347.635,2355.89,2347.22,2354.06,29379,16
1715317200,2354.06,2372.285,2353.855,2369.66,35159,16
1715331600,2369.66,2378.56,2361.78,2364.905,45189,16
1715346000,2364.905,2373.055,2356.675,2368.36,69137,16
1715360400,2368.36,2371.04,2359.775,2360.515,21612,16
1715547600,2360.515,2364.555,2359.8,2364.095,7417,12
1715562000,2364.095,2364.195,2354.235,2354.36,24214,16
1715576400,2354.36,2355.15,2341.7,2343.315,24922,16
1715590800,2343.315,2349.875,2338.525,2347.145,31718,16
1715605200,2347.145,2349.465,2332.11,2336.805,61883,16
1715619600,2336.805,2338.595,2334.57,2336.14,11940,16
1715634000,2336.14,2339.785,2334.89,2336.425,5122,12
1715648400,2336.425,2344.965,2336.41,2344.105,18519,16
1715662800,2344.105,2345.985,2336.165,2343.875,23862,16
1715677200,2343.875,2350.35,2336.645,2348.29,41153,16
1715691600,2348.29,2357.145,2344.96,2354.285,60083,16
1715706000,2354.285,2359.705,2352.07,2357.98,17455,16
1715720400,2357.98,2357.98,2354.99,2355.92,5293,12
1715734800,2355.92,2361.055,2355.025,2357.1,20829,16
1715749200,2357.1,2374.38,2355.775,2373.275,32280,16
1715763600,2373.275,2379.06,2358.335,2372.66,46718,16
1715778000,2372.66,2386.845,2351.915,2383.725,77651,16
1715792400,2383.725,2390.315,2383.675,2386.13,22722,16
1715806800,2386.13,2395.235,2386.13,2395.075,12318,12
1715821200,2395.075,2397.515,2386.62,2391.4,34091,16
1715835600,2391.4,2394.525,2384.725,2386.14,31528,16
1715850000,2386.14,2387.84,2377.98,2379.225,34585,16
1715864400,2379.225,2383.83,2371.01,2382.0,59817,16
1715878800,2382.0,2382.49,2375.96,2376.955,19727,16
1715893200,2376.955,2379.79,2376.955,2378.07,5678,12
1715907600,2378.07,2381.285,2374.02,2378.89,21690,16
1715922000,2378.89,2387.83,2378.61,2384.315,28447,16
1715936400,2384.315,2394.115,2381.755,2393.39,25453,16
1715950800,2393.39,2419.185,2393.39,2407.855,71283,16
1715965200,2407.855,2422.79,2405.835,2414.715,23501,16
1716152400,2414.715,2426.585,2414.715,2425.52,15841,12
1716166800,2425.52,2440.7,2425.52,2437.37,39594,16
1716181200,2437.37,2450.125,2431.905,2440.185,43586,16
1716195600,2440.185,2447.235,2407.34,2413.965,52368,16
1716210000,2413.965,2428.115,2410.445,2426.615,80343,16
1716224400,2426.615,2437.41,2423.36,2426.53,36553,16
1716238800,2426.53,2430.625,2424.44,2429.005,8547,12
1716253200,2429.005,2433.135,2406.16,2412.5,46978,16
1716267600,2412.5,2422.26,2408.625,2418.81,34159,16
1716282000,2418.81,2430.06,2412.21,2426.325,34688,16
1716296400,2426.325,2433.995,2418.125,2422.92,81289,16
1716310800,2422.92,2425.09,2417.425,2421.025,24795,16
1716325200,2421.025,2423.235,2420.42,2420.6,6052,12
1716339600,2420.6,2426.615,2412.19,2412.985,29120,16
1716354000,2412.985,2418.54,2410.69,2416.89,33484,16
1716368400,2416.89,2419.41,2404.805,2412.49,40330,16
1716382800,2412.49,2413.38,2382.25,2392.005,83449,16
1716397200,2392.005,2394.44,2374.995,2379.175,45134,16
1716411600,2379.175,2383.785,2378.995,2380.405,9411,12
1716426000,2380.405,2381.99,2366.815,2372.845,37130,16
1716440400,2372.845,2373.205,2354.985,2360.565,49244,16
1716454800,2360.565,2369.495,2358.86,2362.8,44962,16
1716469200,2362.8,2369.935,2340.065,2341.0,98312,16
1716483600,2341.0,2343.085,2327.02,2328.675,37814,16
1716498000,2328.675,2333.68,2327.525,2329.16,8953,12
1716512400,2329.16,2335.24,2325.465,2335.16,30479,16
1716526800,2335.16,2341.11,2333.285,2340.25,28316,16
1716541200,2340.25,2343.95,2335.61,2339.415,30675,16
1716555600,2339.415,2347.54,2332.44,2334.325,50510,16
1716570000,2334.325,2336.85,2331.975,2334.0,17647,16
1716757200,2334.0,2340.79,2332.285,2336.28,8040,12
1716771600,2336.28,2347.665,2334.685,2343.08,24364,16
1716786000,2343.08,2346.33,2338.225,2344.34,24369,16
1716800400,2344.34,2349.985,2342.445,2347.27,23058,16
1716814800,2347.27,2358.565,2344.73,2354.965,40920,16
1716829200,2354.965,2355.21,2350.795,2351.375,5954,6
1716843600,2351.375,2353.975,2351.155,2351.845,7073,12
1716858000,2351.845,2356.44,2349.25,2351.075,27708,16
1716872400,2351.075,2353.815,2340.31,2345.005,31662,16
1716886800,2345.005,2357.21,2342.37,2353.305,30820,16
1716901200,2353.305,2364.175,2348.015,2356.675,67685,16
1716915600,2356.675,2361.55,2352.87,2361.385,24332,16
1716930000,2361.385,2361.615,2357.4,2357.9,6697,12
1716944400,2357.9,2360.94,2354.485,2358.34,22070,16
1716958800,2358.34,2361.45,2344.98,2345.58,36500,16
1716973200,2345.58,2347.325,2334.54,2337.885,34882,16
1716987600,2337.885,2347.265,2335.985,2341.915,45705,16
1717002000,2341.915,2344.38,2335.94,2338.145,15673,16
1717016400,2338.145,2339.295,2334.045,2336.965,9388,12
1717030800,2336.965,2339.945,2328.135,2335.4,34162,16
1717045200,2335.4,2337.77,2322.66,2335.13,39014,16
1717059600,2335.13,2345.265,2330.705,2341.37,42228,16
1717074000,2341.37,2351.905,2339.845,2347.96,61748,16
1717088400,2347.96,2348.925,2339.935,2343.34,18578,16
1717102800,2343.34,2347.545,2342.105,2346.35,9042,12
1717117200,2346.35,2347.81,2337.04,2344.185,31354,16
1717131600,2344.185,2347.165,2339.765,2343.37,25929,16
1717146000,2343.37,2356.88,2341.09,2354.885,29524,16
1717160400,2354.885,2359.725,2327.81,2332.965,78139,16
1717174800,2332.965,2333.875,2320.595,2327.2,29403,16
1717362000,2327.2,2328.9,2323.44,2327.21,9087,12
1717376400,2327.21,2331.145,2320.115,2321.375,28319,16
1717390800,2321.375,2328.965,2314.795,2325.565,40759,16
1717405200,2325.565,2334.46,2324.39,2334.09,42409,16
1717419600,2334.09,2350.4,2329.92,2349.215,73083,16
1717434000,2349.215,2354.77,2344.815,2350.635,32992,16
1717448400,2350.635,2352.885,2349.84,2350.7,7174,12
1717462800,2350.7,2352.42,2343.19,2349.37,26280,16
1717477200,2349.37,2351.855,2332.395,2333.45,35875,16
1717491600,2333.45,2336.05,2325.405,2335.175,50692,16
1717506000,2335.175,2338.035,2315.675,2324.01,79138,16
1717520400,2324.01,2330.42,2323.825,2327.01,31912,16
1717534800,2327.01,2329.725,2327.01,2328.265,7380,12
1717549200,2328.265,2338.265,2325.965,2338.12,27357,16
1717563600,2338.12,2341.745,2328.145,2332.745,32749,16
1717578000,2332.745,2344.145,2329.465,2342.23,36492,16
1717592400,2342.23,2357.425,2334.125,2352.68,66666,16
1717606800,2352.68,2356.815,2351.725,2355.28,19571,16
1717621200,2355.28,2357.555,2354.61,2355.83,6532,12
1717635600,2355.83,2375.045,2355.66,2369.47,39202,16
1717650000,2369.47,2371.505,2359.865,2362.95,28696,16
1717664400,2362.95,2365.36,2355.365,2357.65,37269,16
1717678800,2357.65,2378.6,2353.5,2372.955,72965,16
1717693200,2372.955,2376.225,2369.065,2376.09,24644,16
1717707600,2376.09,2379.265,2375.595,2378.5,7416,12
1717722000,2378.5,2387.575,2369.505,2386.755,35183,16
1717736400,2386.755,2387.785,2342.68,2347.425,56111,16
1717750800,2347.425,2348.05,2313.6,2319.435,70501,16
1717765200,2319.435,2328.09,2303.11,2311.73,76360,16
1717779600,2311.73,2312.445,2286.83,2294.015,29926,16
1717966800,2294.015,2300.145,2290.36,2297.075,11124,12
1717981200,2297.075,2301.45,2292.82,2294.92,19785,16
1717995600,2294.92,2297.59,2287.805,2292.68,29680,16
1718010000,2292.68,2308.8,2291.91,2306.255,30870,16
1718024400,2306.255,2313.865,2300.445,2313.01,41986,16
1718038800,2313.01,2313.45,2308.585,2310.995,16874,16
1718053200,2310.995,2312.17,2308.89,2310.945,6527,12
1718067600,2310.945,2310.945,2298.85,2303.68,36869,16
1718082000,2303.68,2307.86,2297.8,2306.15,30362,16
1718096400,2306.15,2320.0,2301.64,2317.995,33380,16
1718110800,2317.995,2319.64,2305.98,2308.625,55463,16
1718125200,2308.625,2317.145,2307.975,2316.905,19701,16
1718139600,2316.905,2317.72,2313.53,2313.835,7444,12
1718154000,2313.835,2316.82,2310.75,2312.82,24794,16
1718168400,2312.82,2317.85,2310.885,2312.84,24202,16
1718182800,2312.84,2337.725,2311.675,2336.025,39810,16
1718197200,2336.025,2341.7,2320.195,2337.745,87685,16
1718211600,2337.745,2339.695,2315.875,2325.03,69521,16
1718226000,2325.03,2325.03,2317.635,2320.865,7703,12
1718240400,2320.865,2321.655,2308.205,2311.845,32589,16
1718254800,2311.845,2318.69,2309.05,2315.69,28850,16
1718269200,2315.69,2326.795,2304.01,2323.43,46056,16
1718283600,2323.43,2324.855,2295.59,2299.365,86821,16
1718298000,2299.365,2305.07,2299.155,2304.135,30533,16
1718312400,2304.135,2305.76,2301.605,2305.0,7159,12
1718326800,2305.0,2308.765,2303.145,2305.99,26772,16
1718341200,2305.99,2321.72,2305.645,2317.395,34903,16
1718355600,2317.395,2336.725,2315.305,2330.385,51633,16
1718370000,2330.385,2335.515,2324.135,2328.935,58452,16
1718384400,2328.935,2335.65,2328.585,2332.645,19774,16
1718571600,2332.645,2332.645,2325.315,2326.455,10633,12
1718586000,2326.455,2329.015,2321.615,2323.73,26998,16
1718600400,2323.73,2323.77,2315.54,2321.375,31330,16
1718614800,2321.365,2322.72,2316.93,2319.705,29195,16
1718629200,2319.72,2327.68,2310.02,2317.02,47588,16
1718643600,2317.03,2320.825,2313.355,2319.285,21371,16
1718658000,2320.295,2325.595,2319.215,2324.165,6883,12
1718672400,2324.215,2325.725,2319.305,2322.635,24248,16
1718686800,2322.62,2323.875,2310.825,2311.37,27980,16
1718701200,2311.345,2324.225,2306.65,2313.975,37414,16
1718715600,2313.98,2330.8,2313.715,2330.3,55520,16
1718730000,2330.38,2333.165,2327.505,2329.58,17453,16
1718744400,2329.005,2330.005,2327.555,2329.58,5420,12
1718758800,2329.575,2331.84,2326.525,2328.08,16924,16
1718773200,2327.985,2335.03,2326.86,2332.575,20891,16
1718787600,2332.58,2332.935,2325.365,2328.395,20844,16
1718802000,2328.43,2331.62,2323.78,2329.475,20914,16
1718816400,2329.41,2331.17,2328.23,2328.23,3937,6
1718830800,2330.075,2330.68,2327.765,2329.83,5353,12
1718845200,2329.85,2341.045,2329.845,2340.585,30470,16
1718859600,2340.58,2345.755,2332.76,2333.415,31474,16
1718874000,2333.34,2343.815,2331.65,2338.71,29490,16
1718888400,2338.8,2365.59,2336.72,2356.39,58868,16
1718902800,2356.415,2361.095,2354.67,2360.145,19986,16
1718917200,2359.665,2364.9,2358.2,2364.13,8237,12
1718931600,2364.135,2364.245,2357.145,2363.01,24154,16
1718946000,2363.02,2368.18,2355.19,2365.455,30703,16
1718960400,2365.42,2368.765,2360.51,2360.745,27822,16
1718974800,2360.74,2363.9,2323.35,2324.845,69025,16
1718989200,2324.785,2325.175,2316.785,2321.875,20760,16
1719176400,2321.03,2322.27,2317.775,2320.97,8284,12
1719190800,2321.04,2326.74,2319.07,2324.54,29113,16
1719205200,2324.555,2332.82,2321.405,2330.58,28625,16
1719219600,2330.59,2331.0,2320.865,2327.665,34973,16
1719234000,2327.68,2333.93,2325.97,2331.765,44311,16
1719248400,2331.775,2334.73,2330.64,2334.43,18050,16
1719262800,2333.945,2334.45,2328.315,2330.185,6774,12
1719277200,2330.2,2330.975,2322.76,2327.505,26698,16
1719291600,2327.51,2330.6,2322.995,2329.65,27585,16
1719306000,2329.64,2337.16,2324.105,2324.265,30853,16
1719320400,2324.31,2328.27,2315.59,2317.94,55974,16
1719334800,2317.93,2320.68,2316.8,2319.595,21537,16
1719349200,2320.13,2324.015,2317.845,2318.515,10230,12
1719363600,2318.49,2321.755,2310.675,2316.86,31057,16
1719378000,2316.845,2318.31,2309.77,2315.715,30548,16
1719392400,2315.78,2318.49,2304.475,2310.2,39471,16
1719406800,2310.15,2311.645,2293.69,2299.78,54616,16
1719421200,2299.775,2303.08,2297.045,2298.47,21680,16
1719435600,2298.84,2300.21,2296.835,2299.105,8598,12
1719450000,2299.12,2301.185,2296.825,2300.605,21743,16
1719464400,2300.69,2308.465,2296.61,2307.69,27859,16
1719478800,2307.64,2325.92,2307.385,2322.895,35447,16
1719493200,2322.795,2331.015,2319.59,2325.47,55902,16
1719507600,2325.475,2328.655,2322.53,2327.81,20609,16
1719522000,2327.105,2328.395,2321.46,2321.655,7387,12
1719536400,2321.66,2325.065,2319.105,2321.28,30816,16
1719550800,2321.27,2332.08,2321.095,2328.785,26358,16
1719565200,2328.7,2339.445,2327.325,2335.555,33397,16
1719579600,2335.475,2339.785,2322.975,2330.015,56218,16
1719594000,2330.07,2332.77,2322.96,2326.72,22545,16
1719781200,2323.32,2326.23,2322.255,2324.975,9357,12
1719795600,2324.955,2328.645,2321.485,2323.765,21165,16
1719810000,2323.77,2329.06,2318.605,2325.93,30704,16
1719824400,2325.925,2338.545,2325.52,2327.46,31937,16
1719838800,2327.525,2334.37,2319.295,2328.25,55245,16
1719853200,2328.26,2332.485,2326.805,2331.855,16337,16
1719867600,2331.875,2333.945,2331.53,2333.2,6058,12
1719882000,2333.195,2334.39,2325.005,2327.345,20031,16
1719896400,2327.35,2332.545,2323.4,2331.285,30765,16
1719910800,2331.165,2331.965,2319.13,2327.545,31735,16
1719925200,2327.485,2336.89,2321.0,2322.93,53069,16
1719939600,2322.925,2331.465,2322.155,2329.485,15179,16
1719954000,2330.335,2332.215,2329.715,2330.295,5788,12
1719968400,2330.285,2335.36,2326.885,2334.53,19472,16
1719982800,2334.535,2347.605,2332.05,2344.685,32458,16
1719997200,2344.73,2356.225,2342.2,2350.54,34732,16
1720011600,2350.44,2364.995,2347.615,2356.675,63062,16
1720026000,2356.585,2360.955,2353.77,2356.16,12090,16
1720040400,2356.955,2359.675,2356.2,2358.65,4964,12
1720054800,2358.62,2362.6,2357.235,2358.605,20457,16
1720069200,2358.6,2359.72,2350.51,2358.95,23167,16
1720083600,2358.955,2360.46,2355.8,2357.825,16667,16
1720098000,2357.88,2361.915,2355.525,2357.88,23143,16
1720112400,2357.8,2358.09,2356.21,2357.2,1211,6
1720126800,2357.03,2359.125,2354.335,2358.935,8353,12
1720141200,2358.93,2364.75,2356.965,2364.03,23347,16
1720155600,2364.015,2368.155,2362.33,2366.55,27509,16
1720170000,2366.605,2376.24,2348.62,2372.205,41331,16
1720184400,2372.22,2388.44,2370.705,2386.595,69223,16
1720198800,2386.545,2392.965,2384.605,2391.62,25836,16
1720386000,2389.41,2390.215,2384.625,2386.775,9717,12
1720400400,2386.75,2391.13,2380.775,2384.995,27283,16
1720414800,2385.075,2386.855,2372.005,2372.87,33881,16
1720429200,2372.865,2377.535,2368.36,2372.865,31790,16
1720443600,2372.825,2379.62,2351.09,2358.76,63329,16
1720458000,2358.85,2359.945,2354.91,2359.26,21976,16
1720472400,2359.125,2363.75,2358.93,2361.945,7092,12
1720486800,2362.05,2368.825,2360.55,2367.47,29755,16
1720501200,2367.385,2368.43,2358.325,2361.68,29034,16
1720515600,2361.695,2365.695,2356.195,2360.25,29786,16
1720530000,2360.205,2371.625,2349.485,2357.525,65340,16
1720544400,2357.64,2365.725,2357.64,2364.03,20343,16
1720558800,2363.9,2366.66,2363.15,2364.755,7133,12
1720573200,2364.79,2370.35,2363.375,2367.81,27821,16
1720587600,2367.8,2375.055,2367.265,2372.88,32150,16
1720602000,2372.875,2381.89,2371.76,2377.89,27843,16
1720616400,2377.885,2386.73,2374.025,2377.935,51569,16
1720630800,2377.925,2378.63,2370.025,2371.32,22170,16
1720645200,2371.93,2374.45,2371.34,2374.29,5822,12
1720659600,2374.32,2382.58,2373.095,2382.03,25123,16
1720674000,2382.025,2384.14,2378.55,2381.45,33639,16
1720688400,2381.455,2409.8,2378.655,2406.39,46865,16
1720702800,2406.335,2424.6,2395.825,2411.72,99298,16
1720717200,2411.755,2418.745,2410.11,2415.375,26268,16
1720731600,2413.075,2416.39,2411.04,2412.095,19264,12
1720746000,2411.95,2414.31,2406.745,2408.675,28621,16
1720760400,2408.685,2410.185,2400.35,2407.515,38058,16
1720774800,2407.775,2408.35,2391.52,2397.98,44552,16
1720789200,2398.035,2416.975,2396.84,2415.945,63393,16
1720803600,2415.92,2418.31,2410.9,2410.92,16169,16
1720990800,2411.81,2412.29,2405.73,2408.535,11720,12
1721005200,2408.54,2413.43,2404.99,2411.555,24861,16
1721019600,2411.54,2414.035,2401.405,2412.085,35855,16
1721034000,2412.145,2420.93,2407.785,2414.89,44150,16
1721048400,2414.85,2439.855,2411.57,2430.285,72264,16
1721062800,2430.335,2430.365,2419.84,2422.395,24554,16
1721077200,2422.08,2422.88,2420.08,2421.32,7108,12
1721091600,2421.325,2431.555,2421.31,2429.32,28071,16
1721106000,2429.24,2439.37,2428.2,2436.67,37218,16
1721120400,2436.685,2444.085,2429.445,2432.69,46546,16
1721134800,2432.588,2465.34,2431.055,2459.2,70991,16
1721149200,2459.2,2469.765,2458.76,2468.93,23660,16
1721163600,2467.82,2473.36,2466.305,2468.8,12304,12
1721178000,2468.81,2482.42,2464.05,2467.81,44297,16
1721192400,2467.805,2478.945,2461.88,2475.045,50019,16
1721206800,2475.075,2476.415,2466.76,2473.46,48357,16
1721221200,2473.465,2483.74,2452.93,2455.675,81792,16
1721235600,2455.67,2460.47,2451.57,2458.81,26069,16
1721250000,2458.755,2461.955,2457.46,2458.9,12545,12
1721264400,2458.895,2468.99,2457.69,2465.33,33843,16
1721278800,2465.38,2475.0,2464.675,2466.06,41771,16
1721293200,2466.065,2468.94,2461.565,2464.04,39096,16
1721307600,2464.1,2469.925,2455.915,2456.265,66314,16
1721322000,2456.19,2457.625,2440.415,2445.31,26580,16
1721336400,2444.495,2445.34,2426.315,2434.45,14187,12
1721350800,2434.295,2434.68,2420.58,2425.52,39228,16
1721365200,2425.535,2426.14,2413.005,2420.485,47024,16
1721379600,2420.49,2421.145,2401.62,2403.785,46869,16
1721394000,2403.795,2408.49,2393.88,2399.68,66809,16
1721408400,2399.745,2400.89,2395.69,2400.82,20329,16
1721595600,2403.82,2412.025,2402.61,2407.935,15197,12
1721610000,2407.875,2412.255,2403.275,2405.68,35895,16
1721624400,2405.67,2407.395,2399.03,2400.9,40901,16
1721638800,2400.905,2408.46,2388.865,2394.355,40780,16
1721653200,2394.36,2400.24,2383.93,2393.1,57825,16
1721667600,2393.145,2400.155,2391.85,2396.42,17932,16
1721682000,2397.595,2400.33,2394.87,2400.03,7959,12
1721696400,2400.045,2404.025,2395.85,2396.595,38271,16
1721710800,2396.665,2407.19,2388.31,2404.09,47021,16
1721725200,2404.105,2412.075,2403.255,2405.495,43126,16
1721739600,2405.485,2407.745,2399.62,2405.4,53075,16
1721754000,2405.39,2410.085,2402.71,2409.65,21197,16
1721768400,2408.785,2410.295,2407.93,2408.365,6663,12
1721782800,2408.36,2418.46,2405.015,2417.91,42258,16
1721797200,2417.905,2419.26,2410.795,2411.86,39052,16
1721811600,2411.875,2422.055,2409.89,2421.49,39031,16
1721826000,2421.525,2432.065,2413.715,2419.11,65665,16
1721840400,2419.09,2419.65,2396.86,2397.395,30688,16
1721854800,2397.855,2401.31,2393.095,2397.155,16423,12
1721869200,2397.16,2400.15,2366.86,2377.685,69844,16
1721883600,2377.7,2378.775,2365.915,2374.715,55295,16
1721898000,2374.56,2382.665,2362.88,2371.25,57091,16
1721912400,2371.23,2376.415,2357.57,2362.685,77970,16
1721926800,2362.68,2365.545,2353.195,2364.3,29746,16
1721941200,2364.505,2365.48,2362.12,2362.81,10942,12
1721955600,2362.755,2379.48,2355.875,2369.845,43437,16
1721970000,2369.835,2375.375,2365.32,2373.035,40142,16
1721984400,2373.025,2379.08,2370.365,2377.58,38171,16
1721998800,2377.62,2390.84,2374.055,2389.245,61644,16
1722013200,2389.27,2389.27,2381.235,2387.02,23994,16
1722200400,2388.395,2403.265,2387.965,2400.155,16455,12
1722214800,2400.2,2402.61,2388.76,2394.965,37496,16
1722229200,2394.97,2396.415,2387.0,2390.43,41162,16
1722243600,2390.435,2395.465,2385.54,2393.91,37123,16
1722258000,2393.905,2396.795,2369.65,2378.235,57294,16
1722272400,2378.305,2385.485,2377.0,2383.79,18750,16
1722286800,2382.525,2385.01,2380.315,2381.875,7122,12
1722301200,2381.87,2388.375,2376.535,2386.475,32482,16
1722315600,2386.43,2392.11,2386.135,2389.51,40716,16
1722330000,2389.515,2392.47,2385.78,2386.595,32230,16
1722344400,2386.68,2400.355,2383.5,2399.915,67994,16
1722358800,2400.04,2412.935,2399.96,2410.88,32215,16
1722373200,2410.74,2410.97,2407.95,2409.04,10607,12
1722387600,2409.035,2421.375,2403.94,2421.215,52234,16
1722402000,2421.24,2425.54,2415.5,2421.5,48128,16
1722416400,2421.485,2423.32,2417.415,2420.495,36938,16
1722430800,2420.5,2429.1,2417.91,2427.08,61568,16
1722445200,2427.17,2451.005,2421.62,2447.57,53664,16
1722459600,2447.77,2449.555,2444.07,2447.6,14918,12
1722474000,2447.48,2458.465,2437.32,2444.29,54276,16
1722488400,2444.28,2448.91,2433.29,2433.9,56542,16
1722502800,2433.875,2454.92,2430.275,2450.78,50136,16
1722517200,2450.795,2462.325,2442.19,2444.55,91453,16
1722531600,2444.59,2447.625,2434.995,2446.385,40983,16
1722546000,2447.24,2452.415,2443.815,2449.09,17436,12
1722560400,2449.08,2460.36,2435.055,2457.93,52854,16
1722574800,2457.94,2468.535,2457.745,2462.075,57037,16
1722589200,2462.17,2477.725,2455.985,2472.965,63103,16
1722603600,2473.035,2474.455,2410.885,2430.545,126325,16
1722618000,2430.54,2442.84,2423.02,2442.495,45136,16
1722805200,2441.94,2446.51,2413.79,2422.235,42162,12
1722819600,2422.115,2458.875,2420.22,2452.76,79481,16
1722834000,2452.75,2452.75,2422.29,2425.04,106066,16
1722848400,2425.16,2428.865,2364.39,2374.625,107079,16
1722862800,2374.69,2412.245,2374.69,2403.07,98963,16
1722877200,2403.055,2413.17,2400.305,2409.89,41816,16
1722891600,2411.395,2418.43,2404.495,2415.935,24895,12
1722906000,2416.075,2417.78,2405.965,2408.09,52294,16
1722920400,2408.125,2415.48,2394.855,2411.15,67777,16
1722934800,2411.225,2416.375,2391.89,2393.06,61166,16
1722949200,2393.05,2403.22,2381.56,2390.0,97504,16
1722963600,2389.995,2396.085,2386.535,2390.13,36757,16
1722978000,2390.195,2390.67,2381.145,2386.58,17435,12
1722992400,2386.65,2394.765,2379.05,2392.895,63818,16
1723006800,2392.835,2397.715,2388.11,2393.4,55732,16
1723021200,2393.405,2407.125,2392.515,2403.865,45169,16
1723035600,2403.915,2404.915,2392.04,2399.765,70357,16
1723050000,2399.765,2399.765,2381.88,2382.91,38275,16
1723064400,2381.475,2388.92,2381.14,2385.625,20399,12
1723078800,2385.615,2396.495,2385.08,2394.42,46297,16
1723093200,2394.41,2400.805,2392.525,2394.61,44999,16
1723107600,2394.64,2415.6,2393.91,2408.175,52589,16
1723122000,2408.15,2424.39,2402.4,2418.185,72968,16
1723136400,2418.27,2427.755,2415.88,2427.27,27804,16
1723150800,2427.22,2427.5,2422.64,2424.015,13006,12
1723165200,2424.11,2429.025,2419.395,2424.0,36556,16
1723179600,2423.995,2427.08,2416.925,2424.55,39318,16
1723194000,2424.56,2432.72,2422.75,2429.745,40582,16
1723208400,2429.67,2436.01,2421.14,2434.49,71811,16
1723222800,2434.495,2437.085,2427.315,2431.265,21815,16
1723410000,2428.135,2433.475,2426.82,2428.56,7563,12
1723424400,2428.465,2433.63,2423.89,2433.46,24626,16
1723438800,2433.44,2443.91,2429.185,2442.07,33105,16
1723453200,2442.075,2445.495,2439.735,2444.485,30523,16
1723467600,2444.495,2466.155,2442.185,2463.12,62805,16
1723482000,2463.135,2473.225,2461.77,2472.12,21519,16
1723496400,2470.39,2476.99,2468.545,2472.245,12493,12
1723510800,2472.225,2473.74,2460.26,2462.115,38374,16
1723525200,2462.065,2466.24,2458.56,2460.675,33079,16
1723539600,2460.66,2472.6,2458.96,2467.715,42494,16
1723554000,2467.71,2475.665,2458.99,2469.56,58995,16
1723568400,2469.565,2470.355,2462.27,2465.055,19707,16
1723582800,2466.365,2467.405,2462.975,2465.695,7887,12
1723597200,2465.685,2472.655,2455.375,2461.9,37909,16
1723611600,2461.885,2478.77,2459.29,2474.475,32772,16
1723626000,2474.43,2480.125,2462.315,2468.88,42505,16
1723640400,2468.87,2469.59,2438.145,2444.275,78101,16
1723654800,2444.27,2448.44,2440.39,2447.95,24906,16
1723669200,2448.2,2454.38,2446.645,2450.22,10526,12
1723683600,2450.215,2455.515,2448.275,2453.49,33146,16
1723698000,2453.475,2458.885,2450.405,2455.54,35891,16
1723712400,2455.545,2470.155,2441.1,2441.25,44027,16
1723726800,2441.325,2459.955,2432.225,2455.755,74913,16
1723741200,2455.83,2461.675,2453.52,2456.545,27666,16
1723755600,2456.105,2459.815,2454.515,2458.445,7576,12
1723770000,2458.635,2460.15,2450.805,2452.79,30595,16
1723784400,2452.795,2464.57,2451.22,2462.435,35285,16
1723798800,2462.44,2492.53,2461.265,2491.73,44581,16
1723813200,2491.775,2500.31,2477.53,2495.95,77949,16
1723827600,2495.94,2509.82,2493.19,2508.14,27852,16
1724014800,2506.525,2506.915,2500.385,2502.065,11925,12
1724029200,2502.195,2506.16,2495.045,2500.74,44123,16
1724043600,2500.78,2507.225,2499.185,2503.205,42209,16
1724058000,2503.21,2504.025,2486.6,2491.265,40640,16
1724072400,2491.28,2507.535,2485.735,2505.51,62795,16
1724086800,2505.505,2505.925,2500.79,2504.285,18572,16
1724101200,2503.74,2506.925,2502.16,2505.05,8264,12
1724115600,2505.005,2508.275,2498.775,2500.87,33263,16
1724130000,2500.905,2523.185,2497.4,2519.88,46700,16
1724144400,2519.91,2529.275,2519.875,2526.78,46740,16
1724158800,2526.765,2531.765,2500.865,2509.2,72645,16
1724173200,2509.19,2516.97,2506.86,2514.11,21666,16
1724187600,2513.86,2516.135,2512.53,2513.635,10673,12
1724202000,2513.69,2519.985,2510.93,2516.23,34659,16
1724216400,2516.195,2519.645,2506.995,2507.325,36781,16
1724230800,2507.235,2513.77,2504.515,2510.63,34758,16
1724245200,2510.62,2512.975,2493.83,2507.175,71335,16
1724259600,2507.12,2519.185,2507.025,2512.25,24882,16
1724274000,2512.22,2514.73,2511.24,2513.81,8735,12
1724288400,2513.76,2514.165,2499.35,2501.985,36375,16
1724302800,2501.94,2510.645,2500.755,2503.72,40569,16
1724317200,2503.705,2509.18,2495.29,2500.785,43452,16
1724331600,2500.82,2501.625,2470.85,2484.325,72122,16
1724346000,2484.305,2484.96,2478.62,2484.72,21226,16
1724360400,2485.335,2492.325,2484.41,2490.045,8753,12
1724374800,2490.105,2494.585,2486.77,2493.48,32581,16
1724389200,2493.475,2500.0,2490.67,2499.045,38990,16
1724403600,2499.06,2502.495,2495.72,2501.36,36814,16
1724418000,2501.35,2518.4,2494.515,2510.385,89386,16
1724432400,2510.375,2513.25,2507.995,2512.49,23574,16
1724619600,2512.035,2516.995,2511.105,2513.745,12453,12
1724634000,2513.755,2515.575,2508.985,2509.65,32897,16
1724648400,2509.645,2525.825,2508.81,2524.295,36544,16
1724662800,2524.3,2526.9,2520.985,2523.915,38891,16
1724677200,2523.92,2526.485,2510.68,2520.305,59514,16
1724691600,2520.295,2523.45,2515.655,2517.955,17838,16
1724706000,2517.73,2517.905,2513.035,2513.215,6633,12
1724720400,2513.27,2514.18,2505.845,2507.355,29720,16
1724734800,2507.295,2517.615,2503.585,2511.14,43211,16
1724749200,2511.105,2514.41,2506.965,2509.93,40104,16
1724763600,2509.9,2520.505,2503.605,2514.455,59394,16
1724778000,2514.47,2526.01,2514.175,2524.825,22317,16
1724792400,2525.26,2529.135,2523.935,2524.5,9090,12
1724806800,2524.495,2524.505,2510.34,2511.585,29714,16
1724821200,2511.59,2511.765,2503.325,2508.24,43694,16
1724835600,2508.185,2511.43,2493.665,2500.665,42177,16
1724850000,2500.675,2510.69,2496.465,2501.99,58572,16
1724864400,2501.97,2509.65,2500.65,2504.67,22305,16
1724878800,2506.21,2515.39,2504.925,2512.42,11625,12
1724893200,2512.34,2518.27,2511.7,2515.945,30082,16
1724907600,2515.845,2521.24,2513.85,2517.175,41633,16
1724922000,2517.205,2524.505,2503.69,2509.27,49204,16
1724936400,2509.335,2526.755,2508.285,2525.315,65194,16
1724950800,2525.325,2528.74,2520.735,2521.215,22077,16
1724965200,2520.805,2521.845,2516.72,2517.87,6489,12
1724979600,2517.885,2520.19,2512.255,2513.445,29301,16
1724994000,2513.455,2526.785,2512.595,2522.975,41327,16
1725008400,2522.97,2526.925,2515.08,2519.765,42966,16
1725022800,2519.75,2519.97,2496.67,2497.805,79077,16
1725037200,2497.69,2504.81,2494.215,2503.4,23937,16
1725224400,2502.84,2505.01,2501.23,2501.56,7224,12
1725238800,2501.565,2504.73,2490.105,2496.98,32449,16
1725253200,2496.99,2507.33,2495.36,2506.365,32904,16
1725267600,2506.28,2506.63,2497.18,2501.335,25852,16
1725282000,2501.39,2502.555,2497.79,2500.59,27131,16
1725296400,2500.585,2501.365,2498.74,2499.42,2356,6
1725310800,2499.55,2499.73,2495.045,2495.895,7623,12
1725325200,2495.865,2497.025,2489.705,2496.01,36169,16
1725339600,2496.0,2506.35,2492.83,2503.97,45571,16
1725354000,2504.04,2505.065,2484.805,2493.335,56935,16
1725368400,2493.35,2497.75,2473.325,2486.09,74022,16
1725382800,2486.04,2494.43,2485.575,2492.95,20805,16
1725397200,2492.62,2495.05,2492.1,2492.395,11412,12
1725411600,2492.36,2496.985,2491.44,2495.995,25284,16
1725426000,2495.99,2496.68,2472.61,2473.35,44134,16
1725440400,2473.43,2491.285,2471.915,2486.6,46768,16
1725454800,2486.625,2500.345,2482.125,2496.86,66109,16
1725469200,2496.81,2497.39,2491.55,2495.545,15627,16
1725483600,2495.32,2496.97,2494.545,2495.275,8481,12
1725498000,2495.26,2499.43,2493.88,2494.365,26823,16
1725512400,2494.28,2516.735,2494.055,2514.755,42262,16
1725526800,2514.81,2523.525,2513.425,2517.82,46347,16
1725541200,2517.985,2520.65,2503.965,2510.47,75197,16
1725555600,2510.48,2516.925,2509.36,2516.815,18403,16
1725570000,2516.46,2517.975,2515.68,2515.99,7731,12
1725584400,2516.01,2519.565,2513.095,2518.52,24558,16
1725598800,2518.505,2521.9,2515.605,2517.925,34044,16
1725613200,2517.915,2529.3,2507.73,2522.33,45831,16
1725627600,2522.375,2523.07,2485.19,2489.11,119745,16
1725642000,2489.105,2497.915,2486.015,2497.565,32900,16
1725829200,2496.79,2498.365,2495.61,2496.065,11881,12
1725843600,2496.085,2500.59,2494.805,2498.28,34124,16
1725858000,2498.265,2498.37,2485.61,2492.245,52630,16
1725872400,2492.345,2504.195,2492.17,2500.94,42994,16
1725886800,2500.94,2505.36,2493.31,2504.475,59853,16
1725901200,2504.485,2507.265,2499.47,2506.395,20813,16
1725915600,2506.73,2507.74,2504.865,2505.44,8733,12
1725930000,2505.445,2506.915,2501.125,2501.82,29169,16
1725944400,2501.835,2507.795,2500.19,2502.35,39011,16
1725958800,2502.345,2514.14,2500.21,2513.905,41646,16
1725973200,2513.925,2518.535,2500.945,2514.485,70007,16
1725987600,2514.475,2517.575,2512.17,2516.735,19036,16
1726002000,2516.55,2519.18,2516.235,2516.65,9311,12
1726016400,2516.655,2522.615,2515.02,2519.635,38211,16
1726030800,2519.63,2529.09,2519.385,2524.355,50050,16
1726045200,2524.405,2524.765,2502.27,2508.22,54134,16
1726059600,2508.215,2520.16,2501.0,2515.26,93628,16
1726074000,2515.215,2516.945,2509.87,2511.675,25088,16
1726088400,2512.945,2513.925,2511.145,2512.26,6834,12
1726102800,2512.275,2517.845,2511.095,2517.045,26894,16
1726117200,2517.145,2522.36,2514.59,2517.43,36556,16
1726131600,2517.425,2535.45,2513.12,2528.585,48590,16
1726146000,2528.575,2555.245,2522.075,2550.825,91135,16
1726160400,2550.82,2560.13,2550.23,2558.655,31953,16
1726174800,2558.38,2562.765,2556.795,2561.66,11677,12
1726189200,2561.665,2570.15,2560.035,2568.945,39723,16
1726203600,2568.93,2571.115,2563.2,2570.075,50890,16
1726218000,2569.77,2576.01,2563.78,2575.87,48532,16
1726232400,2575.915,2585.21,2573.2,2584.38,73710,16
1726246800,2584.375,2586.16,2577.26,2578.715,27280,16
1726434000,2578.79,2582.485,2577.595,2581.41,9087,12
1726448400,2581.335,2589.05,2579.96,2585.915,18716,16
1726462800,2585.93,2589.715,2579.57,2586.93,36386,16
1726477200,2586.89,2588.36,2575.245,2583.45,41949,16
1726491600,2583.485,2589.405,2576.18,2583.775,57424,16
1726506000,2583.675,2584.205,2579.685,2582.665,15483,16
1726520400,2582.66,2584.425,2580.3,2580.305,7509,12
1726534800,2580.31,2586.36,2574.975,2576.935,21558,16
1726549200,2576.92,2587.02,2574.625,2580.18,34697,16
1726563600,2580.195,2581.76,2568.4,2577.84,49085,16
1726578000,2577.98,2582.3,2561.51,2563.19,66332,16
1726592400,2563.13,2571.655,2560.78,2569.59,23054,16
1726606800,2570.325,2574.85,2570.035,2573.08,8463,12
1726621200,2573.09,2576.54,2568.1,2568.73,35517,16
1726635600,2568.705,2572.015,2565.79,2569.835,37853,16
1726650000,2569.83,2580.775,2568.04,2576.3,36430,16
1726664400,2576.315,2578.64,2568.12,2574.955,55747,16
1726678800,2574.945,2600.29,2546.86,2559.3,96942,16
1726693200,2559.235,2561.6,2555.715,2558.825,17704,12
1726707600,2558.82,2566.775,2551.16,2564.185,49389,16
1726722000,2564.15,2586.675,2564.085,2585.025,57488,16
1726736400,2585.02,2594.945,2573.27,2576.825,66752,16
1726750800,2576.83,2592.635,2569.815,2591.8,82451,16
1726765200,2591.81,2592.735,2586.005,2586.91,23143,16
1726779600,2586.52,2588.565,2586.145,2588.125,8252,12
1726794000,2588.13,2594.44,2584.875,2593.83,35287,16
1726808400,2593.87,2612.77,2592.505,2609.815,49286,16
1726822800,2609.82,2619.395,2602.52,2615.63,52222,16
1726837200,2615.605,2625.79,2602.665,2624.975,92286,16
1726851600,2624.95,2625.445,2617.915,2622.235,35463,16
1727038800,2621.365,2622.06,2618.265,2618.415,8592,12
1727053200,2618.33,2631.185,2616.175,2629.5,34181,16
1727067600,2629.495,2631.405,2613.89,2616.935,48768,16
1727082000,2616.93,2628.17,2615.51,2627.125,43017,16
1727096400,2627.15,2634.905,2625.685,2628.235,70407,16
1727110800,2628.295,2629.145,2625.7,2628.63,21682,16
1727125200,2627.79,2628.53,2623.87,2625.26,8371,12
1727139600,2625.3,2638.35,2624.995,2638.175,44487,16
1727154000,2638.185,2640.18,2622.68,2629.105,56918,16
1727168400,2629.11,2636.245,2623.465,2633.255,53585,16
1727182800,2633.26,2655.32,2631.05,2653.63,86467,16
1727197200,2653.615,2664.38,2649.88,2657.26,30958,16
1727211600,2658.69,2661.19,2656.685,2660.905,11628,12
1727226000,2660.98,2670.605,2655.58,2658.97,50561,16
1727240400,2658.875,2659.905,2651.415,2655.94,48451,16
1727254800,2655.935,2660.88,2652.8,2659.525,42952,16
1727269200,2659.52,2667.505,2649.7,2653.79,74734,16
1727283600,2653.695,2663.06,2653.22,2656.995,22196,16
1727298000,2657.74,2660.44,2655.485,2659.11,10414,12
1727312400,2659.12,2662.945,2657.165,2660.75,31211,16
1727326800,2660.745,2670.56,2658.05,2669.095,52698,16
1727341200,2669.1,2685.64,2666.985,2677.33,67621,16
1727355600,2677.32,2679.725,2654.84,2668.265,90929,16
1727370000,2668.18,2677.88,2667.725,2672.435,27454,16
1727384400,2672.235,2673.295,2669.38,2669.82,9681,12
1727398800,2669.835,2674.045,2666.295,2670.61,45312,16
1727413200,2670.62,2671.45,2661.085,2662.71,65901,16
1727427600,2662.695,2674.375,2658.45,2670.095,53219,16
1727442000,2670.065,2671.165,2644.765,2651.85,90877,16
1727456400,2651.855,2660.255,2643.155,2658.55,32832,16
1727643600,2661.815,2666.05,2659.91,2661.64,20930,12
1727658000,2661.64,2664.39,2647.33,2655.98,49430,16
1727672400,2655.975,2660.675,2650.675,2653.64,50407,16
1727686800,2653.67,2653.73,2634.505,2639.1,54250,16
1727701200,2639.085,2642.16,2628.855,2639.2,75905,16
1727715600,2639.205,2641.895,2624.78,2634.69,44265,16
1727730000,2633.53,2637.22,2633.31,2636.5,8252,12
1727744400,2636.495,2640.52,2634.57,2639.675,19488,16
1727758800,2639.725,2647.51,2639.66,2646.615,41406,16
1727773200,2646.55,2656.74,2645.435,2651.585,48520,16
1727787600,2651.67,2673.26,2648.05,2666.485,91529,16
1727802000,2666.525,2671.79,2657.64,2663.61,33892,16
1727816400,2661.92,2662.885,2657.035,2657.51,11078,12
1727830800,2657.575,2662.11,2652.71,2654.195,31744,16
1727845200,2654.19,2656.235,2644.58,2652.505,51640,16
1727859600,2652.445,2655.63,2643.81,2649.645,52236,16
1727874000,2649.68,2663.445,2641.18,2649.775,83897,16
1727888400,2649.72,2660.015,2647.255,2658.75,21938,16
1727902800,2658.77,2663.015,2657.58,2657.925,13826,12
1727917200,2657.925,2659.015,2653.375,2655.07,30011,16
1727931600,2655.065,2657.53,2641.89,2645.16,63851,16
1727946000,2645.15,2654.665,2641.03,2642.4,89397,16
1727960400,2642.395,2661.395,2637.015,2660.095,148232,16
1727974800,2660.125,2662.2,2655.225,2656.11,36351,16
1727989200,2655.95,2657.61,2654.42,2657.375,13314,12
1728003600,2657.335,2666.24,2656.86,2664.105,40630,16
1728018000,2664.115,2667.87,2658.795,2659.105,77793,16
1728032400,2659.145,2662.6,2632.015,2638.95,106961,16
1728046800,2638.9,2670.24,2637.57,2645.44,186623,16
1728061200,2645.445,2654.05,2642.83,2653.84,49102,16
1728248400,2651.39,2652.485,2647.855,2649.385,19264,12
1728262800,2649.41,2652.005,2643.885,2646.845,61778,16
1728277200,2646.85,2656.445,2639.745,2652.305,96567,16
1728291600,2652.315,2659.66,2637.77,2640.1,104138,16
1728306000,2640.08,2653.84,2639.185,2646.9,144317,16
1728320400,2646.825,2648.84,2639.71,2642.585,35624,16
1728334800,2642.085,2649.26,2641.965,2643.605,19962,12
1728349200,2643.6,2648.305,2633.835,2643.185,115904,16
1728363600,2643.19,2646.53,2628.6,2637.985,114052,16
1728378000,2638.0,2653.115,2635.82,2645.945,104385,16
1728392400,2645.89,2647.71,2604.82,2609.05,193648,16
1728406800,2609.055,2623.7,2605.505,2621.965,51724,16
1728421200,2622.11,2623.83,2620.635,2621.28,15203,12
1728435600,2621.255,2624.3,2614.99,2616.07,68657,16
1728450000,2616.065,2624.375,2609.245,2616.345,97390,16
1728464400,2616.35,2622.465,2614.76,2618.96,81927,16
1728478800,2618.945,2620.8,2605.265,2608.79,159458,16
1728493200,2608.785,2611.11,2605.21,2607.735,37551,16
1728507600,2607.735,2610.23,2606.005,2609.34,15204,12
1728522000,2609.335,2616.96,2606.885,2613.965,74281,16
1728536400,2614.0,2617.425,2610.33,2615.525,79798,16
1728550800,2615.53,2627.395,2604.39,2625.125,94453,16
1728565200,2625.12,2629.835,2615.655,2619.39,166968,16
1728579600,2619.395,2631.565,2616.555,2629.92,48815,16
1728594000,2628.62,2636.005,2628.18,2633.87,20687,12
1728608400,2633.955,2646.14,2632.98,2645.685,62031,16
1728622800,2645.62,2647.245,2638.095,2639.305,64076,16
1728637200,2639.31,2650.195,2636.245,2643.095,73504,16
1728651600,2643.23,2661.475,2642.7,2660.515,129015,16
1728666000,2660.53,2661.255,2654.775,2657.18,32672,16
1728853200,2648.805,2652.65,2645.21,2646.785,23411,12
1728867600,2646.78,2660.41,2643.245,2659.27,70409,16
1728882000,2659.265,2666.875,2657.145,2659.455,68462,16
1728896400,2659.55,2663.06,2649.335,2651.41,62481,16
1728910800,2651.415,2661.305,2644.055,2648.605,104231,16
1728925200,2648.66,2653.365,2646.195,2648.785,24215,16
1728939600,2649.215,2651.02,2647.89,2648.255,16057,12
1728954000,2648.25,2652.81,2642.99,2644.44,66984,16
1728968400,2644.445,2655.815,2638.105,2654.0,104053,16
1728982800,2653.995,2657.51,2645.655,2648.335,91928,16
1728997200,2648.32,2668.965,2646.11,2661.955,151755,16
1729011600,2661.945,2666.525,2659.01,2662.695,46480,16
1729026000,2662.285,2662.91,2658.8,2660.27,12710,12
1729040400,2660.285,2670.165,2660.19,2666.74,73363,16
1729054800,2666.77,2680.18,2666.19,2679.58,91849,16
1729069200,2679.565,2682.875,2673.055,2681.81,83269,16
1729083600,2681.82,2685.465,2666.795,2674.21,154757,16
1729098000,2674.28,2676.76,2672.81,2673.93,26707,16
1729112400,2674.605,2678.08,2673.33,2677.95,13580,12
1729126800,2677.925,2684.94,2674.6,2679.135,79913,16
1729141200,2679.13,2685.845,2678.145,2681.925,94060,16
1729155600,2681.91,2688.84,2673.165,2680.68,100391,16
1729170000,2680.715,2696.8,2677.88,2692.28,159601,16
1729184400,2692.315,2694.27,2688.98,2693.01,27728,16
1729198800,2693.045,2695.85,2692.395,2693.105,14467,12
1729213200,2693.115,2712.04,2692.915,2710.295,87757,16
1729227600,2710.31,2714.14,2701.735,2706.32,98292,16
1729242000,2706.375,2717.1,2706.285,2709.65,81217,16
1729256400,2709.64,2720.21,2705.035,2717.68,136993,16
1729270800,2717.69,2722.65,2713.67,2721.9,46490,16
1729458000,2723.09,2725.9,2720.34,2721.75,26765,12
1729472400,2721.725,2732.885,2721.1,2730.5,87632,16
1729486800,2730.505,2733.175,2723.67,2731.43,92529,16
1729501200,2731.545,2739.83,2727.83,2738.7,108448,16
1729515600,2738.695,2740.6,2716.905,2723.59,166278,16
1729530000,2723.605,2725.68,2714.235,2719.675,46703,16
1729544400,2719.36,2725.215,2719.16,2724.73,18248,12
1729558800,2724.725,2735.955,2724.095,2734.815,72191,16
1729573200,2734.81,2738.5,2729.115,2734.955,76379,16
1729587600,2734.93,2739.395,2729.585,2736.28,90423,16
1729602000,2736.275,2745.605,2733.76,2745.39,141879,16
1729616400,2745.395,2748.975,2743.595,2748.96,44864,16
1729630800,2747.33,2748.27,2744.85,2745.325,12154,12
1729645200,2745.335,2750.725,2737.94,2750.025,83011,16
1729659600,2750.02,2758.525,2748.2,2757.0,77707,16
1729674000,2757.01,2757.63,2740.84,2743.405,90120,16
1729688400,2743.41,2744.235,2708.755,2719.435,192766,16
1729702800,2719.43,2720.725,2712.055,2715.59,56692,16
1729717200,2716.415,2721.96,2716.215,2721.275,19703,12
1729731600,2721.29,2727.225,2720.315,2726.61,70823,16
1729746000,2726.595,2737.965,2725.94,2736.855,83048,16
1729760400,2736.875,2741.675,2734.65,2739.135,74219,16
1729774800,2739.16,2743.325,2722.505,2733.68,152764,16
1729789200,2733.7,2737.845,2732.935,2736.08,46672,16
1729803600,2735.95,2736.02,2731.335,2732.505,12096,12
1729818000,2732.5,2735.175,2723.99,2725.98,61453,16
1729832400,2726.05,2732.67,2718.91,2719.49,69711,16
1729846800,2719.46,2732.525,2717.1,2731.57,74890,16
1729861200,2731.615,2742.135,2725.32,2739.255,134962,16
1729875600,2739.265,2747.835,2738.875,2747.215,41234,16
1730062800,2734.065,2740.33,2730.335,2732.525,35590,12
1730077200,2732.515,2735.64,2724.755,2733.015,59991,16
1730091600,2733.075,2744.65,2731.225,2732.065,64098,16
1730106000,2732.06,2734.93,2727.93,2734.37,59570,16
1730120400,2734.305,2746.01,2732.855,2742.77,115320,16
1730134800,2742.765,2745.025,2740.24,2742.325,39503,16
1730149200,2741.45,2746.895,2739.87,2745.835,16080,12
1730163600,2745.84,2757.78,2745.625,2754.815,73309,16
1730178000,2754.905,2756.875,2746.415,2754.715,71867,16
1730192400,2754.72,2756.665,2746.195,2749.26,73831,16
1730206800,2749.22,2771.79,2748.325,2769.485,153665,16
1730221200,2769.385,2774.885,2766.355,2774.58,46848,16
1730235600,2773.51,2779.25,2773.005,2778.21,13099,12
1730250000,2778.245,2782.185,2776.165,2780.24,62948,16
1730264400,2780.235,2789.855,2778.09,2782.025,69459,16
1730278800,2781.935,2786.565,2773.665,2782.545,67321,16
1730293200,2782.54,2787.57,2770.925,2785.445,153381,16
1730307600,2785.45,2790.07,2784.06,2787.475,41165,16
1730322000,2786.87,2788.305,2784.755,2787.68,12481,12
1730336400,2787.69,2790.17,2782.165,2784.53,50269,16
1730350800,2784.525,2786.675,2777.025,2779.17,67465,16
1730365200,2779.175,2782.69,2772.07,2773.735,79202,16
1730379600,2773.715,2773.97,2731.635,2740.75,184291,16
1730394000,2740.76,2749.825,2738.3,2743.95,53989,16
1730408400,2745.37,2747.945,2744.975,2745.14,12532,12
1730422800,2745.1,2753.145,2744.96,2752.38,63729,16
1730437200,2752.43,2757.735,2747.22,2753.505,71827,16
1730451600,2753.505,2759.895,2744.845,2753.875,88968,16
1730466000,2753.885,2762.275,2739.76,2743.195,157341,16
1730480400,2743.175,2743.945,2733.255,2736.45,45117,16
1730671200,2732.04,2741.405,2732.04,2740.01,41334,12
1730685600,2740.005,2743.88,2737.085,2741.66,61698,16
1730700000,2741.675,2744.935,2731.93,2743.4,74227,16
1730714400,2743.415,2746.825,2736.595,2746.8,70568,16
1730728800,2746.81,2748.24,2731.77,2738.445,107308,16
1730743200,2738.45,2739.735,2735.645,2736.605,42892,16
1730757600,2737.365,2737.635,2733.025,2734.325,28282,12
1730772000,2734.32,2737.29,2724.765,2732.735,64054,16
1730786400,2732.72,2745.065,2731.805,2740.0,67197,16
1730800800,2739.985,2746.815,2735.66,2744.75,59606,16
1730815200,2744.745,2750.09,2733.035,2742.07,103256,16
1730829600,2742.085,2744.935,2739.43,2743.91,34820,16
1730844000,2743.065,2749.78,2732.78,2747.16,80944,12
1730858400,2747.13,2748.415,2730.53,2738.975,153347,16
1730872800,2738.97,2739.325,2701.425,2724.73,167754,16
1730887200,2724.705,2727.305,2659.175,2664.28,160462,16
1730901600,2664.235,2678.29,2652.405,2663.355,169658,16
1730916000,2663.385,2669.595,2659.06,2659.175,57575,16
1730930400,2662.255,2664.4,2643.355,2649.515,52199,12
1730944800,2649.535,2661.295,2649.51,2659.275,71233,16
1730959200,2659.28,2667.695,2652.865,2661.72,83349,16
1730973600,2661.725,2685.21,2659.885,2684.65,107431,16
1730988000,2684.665,2700.405,2682.39,2699.435,129463,16
1731002400,2699.44,2710.52,2687.575,2706.84,88991,16
1731016800,2704.26,2710.43,2699.255,2699.95,43321,12
1731031200,2699.945,2701.075,2693.385,2695.27,57424,16
1731045600,2695.265,2695.86,2680.415,2689.33,104412,16
1731060000,2689.385,2701.215,2682.065,2697.66,99827,16
1731074400,2697.65,2704.12,2682.935,2688.0,136522,16
1731088800,2688.01,2688.915,2682.93,2684.455,41884,16
1731276000,2683.71,2686.165,2671.94,2673.04,49555,12
1731290400,2673.045,2675.325,2666.57,2669.3,63919,16
1731304800,2669.31,2674.15,2663.9,2666.895,74098,16
1731319200,2666.89,2675.34,2634.38,2635.58,100774,16
1731333600,2635.61,2635.74,2611.46,2612.655,129352,16
1731348000,2612.61,2626.275,2610.695,2619.595,38056,16
1731362400,2621.07,2627.235,2619.28,2624.195,36291,12
1731376800,2624.175,2625.555,2605.44,2606.94,63889,16
1731391200,2606.945,2610.24,2590.895,2593.335,94135,16
1731405600,2593.32,2616.445,2589.725,2611.675,105140,16
1731420000,2611.71,2617.125,2592.53,2597.48,134337,16
1731434400,2597.565,2602.165,2595.205,2598.29,52572,16
1731448800,2597.96,2611.21,2597.72,2608.18,35129,12
1731463200,2608.205,2613.285,2603.63,2605.84,62769,16
1731477600,2605.825,2611.72,2601.095,2608.67,72728,16
1731492000,2608.665,2618.92,2605.94,2612.35,99491,16
1731506400,2612.355,2616.425,2577.68,2583.415,170014,16
1731520800,2583.4,2585.54,2572.7,2572.83,54506,16
1731535200,2573.84,2581.445,2561.605,2562.645,49262,12
1731549600,2562.635,2565.335,2555.36,2558.69,67878,16
1731564000,2558.695,2560.545,2536.855,2543.595,100793,16
1731578400,2543.605,2560.41,2539.125,2557.18,115002,16
1731592800,2557.175,2577.525,2554.315,2573.04,132330,16
1731607200,2573.075,2576.985,2563.995,2564.72,78665,16
1731621600,2566.485,2571.76,2563.155,2565.09,35235,12
1731636000,2565.04,2571.21,2559.81,2560.0,45790,16
1731650400,2559.975,2569.055,2554.395,2564.05,77544,16
1731664800,2564.03,2575.87,2561.23,2565.41,114509,16
1731679200,2565.395,2576.045,2560.175,2563.02,159126,16
1731693600,2563.06,2568.125,2559.525,2563.22,58084,16
1731880800,2567.13,2597.28,2567.13,2587.13,58308,12
1731895200,2587.07,2595.225,2585.085,2585.56,57851,16
1731909600,2585.51,2597.35,2580.5,2595.765,87738,16
1731924000,2595.835,2605.225,2589.59,2604.06,86020,16
1731938400,2604.055,2615.145,2602.83,2610.46,106509,16
1731952800,2610.47,2612.69,2607.785,2612.04,36504,16
1731967200,2610.755,2617.905,2610.465,2615.77,31451,12
1731981600,2615.735,2625.645,2615.725,2622.62,62509,16
1731996000,2622.64,2634.535,2617.755,2630.32,102049,16
1732010400,2630.3,2639.53,2628.83,2635.33,95645,16
1732024800,2635.245,2636.985,2621.0,2628.1,129175,16
1732039200,2628.095,2634.705,2626.295,2632.2,43649,16
1732053600,2632.535,2641.58,2632.075,2639.655,37950,12
1732068000,2639.64,2641.94,2635.015,2636.95,47717,16
1732082400,2636.855,2637.14,2618.89,2621.92,86376,16
1732096800,2621.925,2640.575,2620.985,2636.145,77136,16
1732111200,2636.15,2655.485,2634.175,2651.88,115173,16
1732125600,2651.89,2653.23,2645.5,2650.46,48199,16
1732140000,2649.925,2660.53,2648.975,2653.495,36886,12
1732154400,2653.485,2658.985,2650.45,2656.99,48337,16
1732168800,2656.985,2671.695,2656.615,2668.905,67448,16
1732183200,2668.91,2673.595,2660.51,2665.52,71589,16
1732197600,2665.54,2672.89,2661.355,2671.905,122379,16
1732212000,2671.92,2673.565,2667.84,2669.645,45580,16
1732226400,2669.5,2679.45,2668.2,2677.855,41568,12
1732240800,2677.85,2692.475,2677.34,2686.71,70926,16
1732255200,2686.715,2707.485,2685.94,2703.385,111868,16
1732269600,2703.395,2710.185,2689.375,2692.98,108900,16
1732284000,2692.945,2707.325,2684.495,2706.86,127278,16
1732298400,2706.875,2716.4,2705.115,2716.335,37655,16
1732485600,2711.165,2721.42,2694.96,2701.32,66026,12
1732500000,2701.325,2704.51,2658.21,2664.795,108674,16
1732514400,2664.81,2675.25,2661.75,2673.945,109228,16
1732528800,2673.94,2688.83,2668.855,2678.33,85682,16
1732543200,2678.385,2678.77,2624.44,2627.925,143371,16
1732557600,2627.94,2628.83,2615.67,2625.62,44852,16
1732572000,2627.485,2632.225,2605.31,2628.25,63718,12
1732586400,2628.255,2631.565,2617.905,2624.455,68224,16
1732600800,2624.44,2627.245,2610.86,2626.065,91215,16
1732615200,2626.08,2642.02,2624.055,2629.94,82728,16
1732629600,2629.95,2633.94,2616.775,2625.005,101899,16
1732644000,2624.99,2633.6,2619.655,2632.955,40428,16
1732658400,2631.21,2634.21,2627.125,2631.44,30157,12
1732672800,2631.4,2645.81,2631.185,2642.09,49923,16
1732687200,2642.15,2653.975,2639.075,2648.485,64740,16
1732701600,2648.47,2658.275,2643.075,2656.355,74544,16
1732716000,2656.345,2656.935,2635.345,2637.325,103788,16
1732730400,2637.31,2640.84,2633.78,2636.09,23063,16
1732744800,2637.98,2638.53,2620.99,2628.89,44750,12
1732759200,2628.905,2634.11,2625.695,2633.485,50336,16
1732773600,2633.515,2648.03,2631.92,2646.245,57656,16
1732788000,2646.22,2649.735,2642.85,2647.09,47845,16
1732802400,2647.11,2647.985,2636.36,2641.02,40165,16
1732816800,2640.99,2641.48,2637.44,2637.6,4345,6
1732831200,2639.285,2647.26,2634.09,2644.95,39444,12
1732845600,2644.955,2664.32,2644.78,2662.465,67230,16
1732860000,2662.42,2666.35,2654.59,2664.2,71808,16
1732874400,2664.2,2665.93,2656.205,2658.025,69743,16
1732888800,2658.04,2662.78,2650.63,2660.69,108699,16
1732903200,2660.73,2660.835,2648.735,2650.35,17708,7
1733090400,2648.94,2650.36,2622.99,2635.96,61876,12
1733104800,2635.95,2638.115,2621.98,2623.255,76945,16
1733119200,2623.23,2636.9,2621.99,2633.705,81374,16
1733133600,2633.69,2648.865,2633.395,2647.1,93236,16
1733148000,2647.055,2651.905,2637.44,2638.885,123933,16
1733162400,2638.9,2644.29,2633.595,2638.955,42704,16
1733176800,2638.96,2645.32,2634.165,2636.61,43101,12
1733191200,2636.615,2643.045,2634.54,2641.28,57285,16
1733205600,2641.335,2650.165,2639.305,2644.035,84121,16
1733220000,2644.045,2653.83,2637.79,2652.965,77937,16
1733234400,2652.97,2655.665,2635.23,2647.11,99834,16
1733248800,2647.07,2649.225,2640.265,2643.885,25111,16
1733263200,2642.66,2643.625,2637.75,2642.285,26974,12
1733277600,2642.205,2651.26,2641.995,2649.8,43169,16
1733292000,2649.82,2651.45,2636.735,2640.975,55077,16
1733306400,2640.995,2649.24,2632.465,2648.52,72986,16
1733320800,2648.51,2657.235,2645.15,2651.51,99298,16
1733335200,2651.54,2655.565,2646.875,2650.22,37310,16
1733349600,2649.36,2651.625,2646.335,2647.095,22222,12
1733364000,2647.045,2655.635,2644.735,2653.14,34887,16
1733378400,2653.075,2654.12,2641.945,2644.905,47390,16
1733392800,2644.895,2654.555,2644.335,2648.98,61184,16
1733407200,2648.985,2650.315,2623.755,2628.065,95215,16
1733421600,2628.1,2632.535,2623.615,2631.925,27915,16
1733436000,2631.985,2633.91,2613.11,2617.65,36295,12
1733450400,2617.71,2644.675,2616.955,2638.035,51735,16
1733464800,2638.04,2645.73,2636.04,2640.835,51523,16
1733479200,2640.845,2643.595,2631.32,2635.78,85009,16
1733493600,2635.78,2641.68,2624.13,2634.965,125507,16
1733508000,2634.975,2639.055,2631.13,2633.33,24670,16
1733695200,2643.08,2650.615,2627.575,2646.78,46696,12
1733709600,2646.765,2648.68,2634.72,2638.38,53832,16
1733724000,2638.375,2657.53,2638.18,2655.685,58490,16
1733738400,2655.695,2666.32,2653.385,2665.56,69698,16
1733752800,2665.595,2676.48,2662.74,2664.57,104649,16
1733767200,2664.615,2664.78,2656.805,2660.325,33626,16
1733781600,2661.1,2668.73,2658.035,2667.535,27346,12
1733796000,2667.55,2673.91,2665.52,2668.855,60123,16
1733810400,2668.815,2670.955,2661.245,2665.115,55990,16
1733824800,2665.145,2682.1,2664.475,2680.455,77022,16
1733839200,2680.47,2695.595,2679.56,2694.385,93141,16
1733853600,2694.36,2695.245,2690.98,2693.875,23194,16
1733868000,2695.145,2703.78,2693.565,2700.02,32239,12
1733882400,2700.01,2704.445,2675.465,2687.85,59473,16
1733896800,2687.805,2698.105,2686.285,2695.845,75135,16
1733911200,2695.87,2702.505,2690.765,2701.055,42652,16
1733925600,2701.07,2720.09,2696.65,2718.14,72010,16
1733940000,2718.05,2721.27,2713.35,2718.245,28134,16
1733954400,2717.81,2726.295,2700.81,2711.125,22228,12
1733968800,2711.1,2716.385,2703.78,2713.55,26982,16
1733983200,2713.69,2720.52,2710.225,2714.76,32796,16
1733997600,2714.725,2715.78,2697.435,2697.66,41714,16
1734012000,2697.675,2699.695,2675.165,2686.37,86925,16
1734026400,2686.43,2687.175,2679.42,2680.825,32082,16
1734040800,2680.705,2692.865,2679.055,2690.05,39568,12
1734055200,2690.025,2691.4,2684.475,2688.42,54222,16
1734069600,2688.405,2690.635,2667.54,2669.045,68561,16
1734084000,2669.05,2673.095,2659.635,2662.27,81756,16
1734098400,2662.325,2664.61,2654.8,2656.365,92586,16
1734112800,2656.365,2657.11,2646.22,2648.68,39707,16
1734300000,2648.86,2655.74,2643.595,2653.545,35922,12
1734314400,2653.525,2655.77,2649.645,2652.94,45140,16
1734328800,2652.915,2662.12,2651.765,2658.19,51812,16
1734343200,2658.185,2664.475,2657.505,2662.215,59860,16
1734357600,2662.205,2663.11,2648.63,2652.15,85099,16
1734372000,2652.135,2655.775,2651.415,2652.75,33327,16
1734386400,2652.26,2658.74,2651.235,2658.21,28081,12
1734400800,2658.205,2658.735,2649.185,2653.805,53274,16
1734415200,2653.835,2657.105,2638.145,2639.74,76400,16
1734429600,2639.725,2646.97,2634.85,2637.12,71988,16
1734444000,2637.15,2647.095,2633.16,2646.075,83688,16
1734458400,2646.08,2649.085,2643.075,2646.6,25655,16
1734472800,2646.88,2651.785,2644.91,2651.01,27682,12
1734487200,2651.04,2651.135,2642.815,2647.54,63281,16
1734501600,2647.55,2649.705,2642.17,2646.91,64495,16
1734516000,2646.9,2649.53,2641.23,2644.03,58281,16
1734530400,2644.05,2644.965,2633.16,2636.065,85161,16
1734544800,2636.07,2639.0,2583.915,2585.61,110256,16
1734559200,2587.54,2618.155,2586.46,2612.015,41859,12
1734573600,2611.92,2613.945,2606.355,2607.315,41789,16
1734588000,2607.28,2622.915,2603.385,2620.495,62356,16
1734602400,2620.48,2626.44,2595.395,2596.435,108174,16
1734616800,2596.43,2600.88,2587.065,2592.745,128447,16
1734631200,2592.75,2601.135,2591.91,2594.55,52847,16
1734645600,2594.18,2603.945,2589.665,2603.85,33802,12
1734660000,2603.825,2604.075,2595.555,2600.445,47445,16
1734674400,2600.435,2607.805,2599.085,2605.095,60304,16
1734688800,2605.1,2614.19,2600.215,2609.635,70779,16
1734703200,2609.63,2631.92,2608.605,2625.725,103343,16
1734717600,2625.73,2629.385,2619.38,2623.61,33397,16
1734904800,2622.21,2625.28,2617.515,2620.95,25429,12
1734919200,2620.905,2629.35,2620.67,2626.83,32710,16
1734933600,2626.825,2633.39,2624.675,2626.44,44021,16
1734948000,2626.43,2627.005,2613.12,2617.435,54852,16
1734962400,2617.445,2619.995,2608.26,2611.245,77547,16
1734976800,2611.135,2613.885,2609.17,2612.755,20181,16
1734991200,2614.795,2618.08,2613.63,2617.6,20942,12
1735005600,2617.57,2621.535,2615.84,2619.405,34311,16
1735020000,2619.395,2621.495,2613.47,2613.64,35750,16
1735034400,2613.615,2618.025,2611.395,2614.285,41235,16
1735048800,2614.3,2619.49,2610.105,2617.055,58088,16
1735063200,2617.08,2617.985,2614.99,2616.875,3640,3
1735164000,2615.31,2627.91,2615.145,2626.77,19923,12
1735178400,2626.775,2629.27,2625.845,2626.5,28593,16
1735192800,2626.475,2629.605,2623.665,2627.48,27047,16
1735207200,2627.495,2631.165,2621.855,2623.23,39390,16
1735221600,2623.21,2639.175,2622.635,2629.445,59445,16
1735236000,2629.435,2636.265,2629.33,2633.865,31292,16
1735250400,2633.3,2634.435,2630.75,2632.24,21200,12
1735264800,2632.265,2635.62,2628.99,2631.52,30535,16
1735279200,2631.51,2638.3,2623.78,2624.12,38448,16
1735293600,2624.115,2631.65,2618.185,2618.8,50333,16
1735308000,2618.785,2619.85,2611.715,2615.945,75644,16
1735322400,2615.98,2622.295,2612.795,2622.035,27386,16
1735509600,2622.075,2626.745,2621.61,2624.225,16839,12
1735524000,2624.235,2628.095,2620.605,2623.845,27556,16
1735538400,2623.85,2624.725,2609.375,2612.87,47306,16
1735552800,2612.86,2622.66,2606.515,2606.73,52209,16
1735567200,2606.695,2613.865,2596.185,2605.225,75271,16
1735581600,2605.26,2609.585,2603.57,2605.825,21538,16
1735596000,2606.065,2611.61,2603.91,2608.91,15989,12
1735610400,2608.865,2609.695,2602.76,2604.49,24219,16
1735624800,2604.44,2617.85,2603.64,2615.35,36025,16
1735639200,2615.415,2616.275,2605.49,2613.295,35471,16
1735653600,2613.25,2627.625,2611.33,2624.315,76475,16
1735668000,2624.255,2627.305,2622.175,2624.26,29310,16
1735768800,2625.07,2634.56,2621.775,2633.045,30840,12
1735783200,2633.03,2636.59,2631.18,2634.08,41409,16
1735797600,2634.02,2640.0,2631.145,2636.2,55637,16
1735812000,2636.195,2647.365,2632.805,2643.005,80018,16
1735826400,2642.935,2660.605,2640.42,2656.625,119145,16
1735840800,2656.64,2660.565,2653.86,2658.23,41147,16
1735855200,2657.82,2662.645,2656.76,2659.575,25365,12
1735869600,2659.53,2665.405,2655.955,2658.685,42599,16
1735884000,2658.69,2660.42,2649.95,2653.68,48375,16
1735898400,2653.665,2659.345,2643.57,2649.875,56607,16
1735912800,2649.885,2652.725,2639.14,2641.915,103950,16
1735927200,2641.895,2643.04,2636.705,2639.725,29194,16
1736114400,2639.88,2647.49,2638.75,2641.46,30655,12
1736128800,2641.41,2645.38,2631.66,2634.0,48361,16
1736143200,2634.01,2635.83,2625.26,2632.805,49625,16
1736157600,2632.815,2649.52,2621.775,2624.38,98419,16
1736172000,2624.33,2641.305,2614.635,2636.73,121909,16
1736186400,2636.755,2638.69,2632.99,2636.105,30054,16
1736200800,2635.965,2641.23,2633.0,2639.045,24465,12
1736215200,2639.035,2645.785,2637.07,2644.54,32902,16
1736229600,2644.485,2646.77,2638.14,2641.495,51324,16
1736244000,2641.48,2664.33,2641.395,2662.46,68889,16
1736258400,2662.465,2663.075,2642.05,2652.65,132108,16
1736272800,2652.625,2652.73,2647.08,2648.625,52388,16
1736287200,2648.655,2651.57,2647.21,2648.865,27191,12
1736301600,2648.86,2650.77,2645.37,2650.055,42739,16
1736316000,2650.025,2655.015,2649.01,2653.605,51503,16
1736330400,2653.625,2660.37,2645.895,2660.225,86564,16
1736344800,2660.23,2670.15,2649.495,2655.685,106855,16
1736359200,2655.69,2664.115,2651.69,2661.655,51026,16
1736373600,2662.24,2663.3,2657.365,2658.57,20418,12
1736388000,2658.56,2662.225,2655.635,2658.435,33747,16
1736402400,2658.44,2666.98,2658.42,2665.035,50218,16
1736416800,2665.04,2678.405,2664.565,2672.74,60433,16
1736431200,2672.745,2675.79,2662.81,2665.995,65376,16
1736445600,2665.96,2672.61,2665.085,2670.34,21919,16
1736460000,2670.45,2672.095,2668.57,2671.09,21837,12
1736474400,2671.075,2675.97,2670.56,2675.095,32153,16
1736488800,2675.08,2682.485,2673.5,2678.485,53748,16
1736503200,2678.505,2683.845,2664.075,2682.675,92222,16
1736517600,2682.625,2697.95,2681.0,2696.13,142380,16
1736532000,2696.155,2697.26,2684.615,2689.375,57544,16
1736719200,2689.32,2693.555,2679.315,2685.725,50354,12
1736733600,2685.745,2690.94,2683.39,2686.98,69533,16
1736748000,2687.005,2691.325,2683.25,2684.84,92740,16
1736762400,2684.795,2685.08,2663.76,2669.3,113180,16
1736776800,2669.28,2674.3,2659.345,2660.915,105642,16
1736791200,2660.96,2664.305,2656.835,2663.21,31284,16
1736805600,2664.465,2672.21,2664.355,2670.78,29934,12
1736820000,2670.77,2675.365,2667.445,2668.55,47068,16
1736834400,2668.595,2674.635,2664.86,2667.255,68526,16
1736848800,2667.27,2674.495,2660.798,2663.045,96893,16
1736863200,2662.985,2674.07,2659.89,2669.045,124497,16
1736877600,2668.975,2678.395,2666.725,2677.51,35808,16
1736892000,2676.94,2677.31,2669.84,2669.91,13765,12
1736906400,2669.905,2679.425,2669.365,2679.36,37608,16
1736920800,2679.375,2688.565,2679.23,2685.975,53258,16
1736935200,2686.005,2694.28,2682.16,2693.805,98755,16
1736949600,2693.83,2696.045,2676.755,2692.81,146658,16
1736964000,2692.78,2697.42,2691.16,2696.265,41621,16
1736978400,2696.16,2702.26,2693.03,2696.245,39546,12
1736992800,2696.335,2698.4,2693.8,2694.825,47223,16
1737007200,2694.87,2706.175,2690.05,2705.39,80676,16
1737021600,2705.43,2718.41,2700.295,2715.385,95941,16
1737036000,2715.43,2724.785,2712.63,2721.785,142630,16
1737050400,2721.855,2723.365,2712.57,2714.87,31311,16
1737064800,2714.215,2716.23,2709.965,2714.75,26932,12
1737079200,2714.79,2717.43,2711.185,2711.61,42717,16
1737093600,2711.615,2714.675,2704.135,2705.13,54996,16
1737108000,2705.12,2712.215,2702.96,2705.14,83276,16
1737122400,2705.125,2717.395,2702.745,2712.67,109298,16
1737136800,2712.685,2713.4,2699.3,2703.15,50736,16
1737324000,2703.135,2703.355,2689.375,2693.97,37250,12
1737338400,2693.995,2707.635,2693.795,2707.36,46383,16
1737352800,2707.37,2713.885,2702.885,2706.135,57342,16
1737367200,2706.13,2712.55,2701.765,2705.27,98490,16
1737381600,2705.3,2712.255,2703.31,2707.535,92438,16
1737396000,2707.595,2711.375,2705.61,2707.905,15644,6
1737410400,2708.015,2719.408,2702.815,2718.01,57101,12
1737424800,2717.95,2729.265,2717.81,2726.21,73653,16
1737439200,2726.19,2733.06,2718.01,2721.275,89182,16
1737453600,2721.28,2730.13,2716.615,2726.355,101527,16
1737468000,2726.355,2745.785,2725.435,2740.275,115873,16
1737482400,2740.255,2746.055,2739.985,2744.865,32483,16
1737496800,2744.55,2750.025,2741.965,2748.04,34618,12
1737511200,2748.055,2758.67,2746.35,2758.12,52191,16
1737525600,2758.19,2762.41,2745.635,2758.545,85158,16
1737540000,2758.585,2763.435,2751.135,2757.84,73076,16
1737554400,2757.835,2760.375,2750.41,2756.655,98140,16
1737568800,2756.64,2759.47,2754.935,2756.345,32033,16
1737583200,2755.74,2756.595,2750.715,2752.69,28089,12
1737597600,2752.685,2754.975,2749.625,2752.165,45003,16
1737612000,2752.155,2755.66,2740.86,2746.035,59738,16
1737626400,2745.975,2754.545,2735.96,2741.705,103215,16
1737640800,2741.73,2758.97,2740.39,2757.81,110508,16
1737655200,2757.79,2758.255,2751.415,2754.855,45491,16
1737669600,2753.815,2762.65,2753.64,2762.415,29287,12
1737684000,2762.43,2777.375,2762.43,2775.345,82009,16
1737698400,2775.335,2778.455,2770.18,2772.915,65550,16
1737712800,2772.92,2784.805,2771.65,2782.45,67670,16
1737727200,2782.39,2786.06,2769.955,2773.39,112609,16
1737741600,2773.415,2775.42,2770.65,2770.885,31736,16
1737928800,2765.17,2772.745,2762.965,2763.035,34904,12
1737943200,2762.985,2763.77,2752.905,2753.33,61059,16
1737957600,2753.31,2765.03,2747.42,2763.445,88511,16
1737972000,2763.475,2772.105,2752.345,2757.25,97061,16
1737986400,2757.24,2757.92,2730.56,2733.865,111693,16
1738000800,2733.895,2744.01,2733.165,2740.655,35365,16
1738015200,2740.88,2745.36,2739.545,2741.58,26250,12
1738029600,2741.575,2745.05,2737.97,2741.735,35372,16
1738044000,2741.68,2745.07,2734.815,2743.515,47586,16
1738058400,2743.485,2749.615,2741.09,2748.915,46366,16
1738072800,2748.94,2760.245,2748.94,2759.8,88268,16
1738087200,2759.82,2765.09,2759.35,2763.42,36686,16
1738101600,2763.305,2766.265,2762.3,2763.79,14834,12
1738116000,2763.79,2765.725,2760.15,2760.755,29273,16
1738130400,2760.86,2766.18,2757.46,2762.76,46917,16
1738144800,2762.725,2763.365,2752.29,2758.715,74027,16
1738159200,2758.765,2761.22,2748.27,2752.945,99634,16
1738173600,2752.92,2760.14,2744.755,2760.09,80716,16
1738188000,2758.43,2762.745,2758.39,2760.27,16134,12
1738202400,2760.22,2763.465,2758.86,2760.67,29505,16
1738216800,2760.65,2776.64,2760.365,2774.315,54466,16
1738231200,2774.3,2786.055,2773.945,2785.82,68327,16
1738245600,2785.885,2798.605,2780.16,2795.675,169551,16
1738260000,2795.71,2798.46,2788.485,2794.165,59721,16
1738274400,2794.425,2799.565,2793.175,2796.415,25012,12
1738288800,2796.36,2798.325,2794.04,2795.665,37113,16
1738303200,2795.61,2801.01,2791.795,2793.735,60030,16
1738317600,2793.72,2808.405,2791.07,2806.445,74836,16
1738332000,2806.47,2817.215,2803.08,2808.695,128059,16
1738346400,2808.712,2809.04,2794.38,2797.94,106311,16
1738533600,2801.655,2806.275,2778.33,2782.275,62147,12
1738548000,2782.27,2785.325,2772.215,2783.215,97033,16
1738562400,2783.22,2800.98,2782.975,2796.5,90398,16
1738576800,2796.52,2812.015,2793.01,2811.185,76235,16
1738591200,2811.235,2830.755,2810.205,2817.26,165909,16
1738605600,2817.23,2823.09,2812.278,2814.71,55579,16
1738620000,2813.3,2824.44,2812.71,2823.525,23519,12
1738634400,2823.505,2824.65,2813.51,2815.85,74909,16
1738648800,2815.86,2821.855,2807.275,2820.565,93498,16
1738663200,2820.55,2837.085,2812.71,2831.62,87105,16
1738677600,2831.635,2845.47,2828.92,2844.115,138987,16
1738692000,2844.13,2845.15,2840.96,2842.29,43638,16
1738706400,2841.36,2849.155,2839.74,2844.635,46031,12
1738720800,2844.725,2860.635,2844.005,2859.355,42446,16
1738735200,2859.345,2872.275,2855.055,2870.385,54853,16
1738749600,2870.415,2877.085,2858.645,2861.97,84956,16
1738764000,2861.92,2882.31,2860.805,2873.14,137081,16
1738778400,2873.15,2873.57,2859.975,2867.215,59529,16
1738792800,2867.785,2871.96,2863.765,2871.8,27824,12
1738807200,2871.795,2873.34,2864.435,2868.23,49986,16
1738821600,2868.225,2871.46,2848.97,2859.405,82772,16
1738836000,2859.42,2870.395,2855.665,2856.825,95725,16
1738850400,2856.83,2859.845,2834.27,2852.39,130931,16
1738864800,2852.4,2857.4,2849.88,2855.925,49882,16
1738879200,2856.015,2868.1,2855.98,2866.3,27404,12
1738893600,2866.28,2870.565,2862.195,2862.305,46809,16
1738908000,2862.28,2870.735,2859.03,2868.92,64127,16
1738922400,2868.935,2870.875,2852.595,2862.59,99887,16
1738936800,2862.625,2886.855,2853.435,2860.05,166435,16
1738951200,2860.04,2865.255,2859.115,2861.25,48681,16
1739138400,2861.84,2876.74,2860.405,2871.945,41032,12
1739152800,2871.96,2880.095,2871.235,2879.365,55729,16
1739167200,2879.4,2903.295,2878.92,2903.045,77884,16
1739181600,2903.05,2910.975,2898.225,2901.07,94453,16
1739196000,2901.125,2911.965,2896.385,2903.265,94576,16
1739210400,2903.28,2908.41,2900.915,2908.175,38117,16
1739224800,2911.95,2936.185,2909.765,2934.03,47017,12
1739239200,2934.05,2942.78,2905.94,2923.005,95771,16
1739253600,2922.975,2929.54,2903.065,2903.215,100603,16
1739268000,2903.22,2907.15,2881.56,2896.635,141399,16
1739282400,2896.665,2908.675,2890.945,2905.585,123928,16
1739296800,2905.61,2907.29,2894.16,2897.615,46472,16
1739311200,2898.025,2900.79,2883.695,2893.27,38417,12
1739325600,2893.23,2898.04,2883.915,2886.39,62315,16
1739340000,2886.395,2895.85,2885.79,2886.855,68485,16
1739354400,2886.84,2889.805,2864.33,2884.86,107983,16
1739368800,2884.84,2909.265,2882.065,2902.93,125764,16
1739383200,2902.935,2904.34,2893.645,2903.96,39776,16
1739397600,2904.79,2909.2,2900.545,2906.025,27346,12
1739412000,2906.03,2922.88,2905.28,2918.14,42888,16
1739426400,2918.12,2920.955,2909.5,2915.33,70689,16
1739440800,2915.34,2921.435,2905.885,2908.445,73267,16
1739455200,2908.44,2921.01,2906.61,2919.075,92720,16
1739469600,2919.08,2929.48,2914.36,2928.33,46704,16
1739484000,2928.05,2933.92,2927.54,2929.905,29111,12
1739498400,2929.9,2932.48,2923.335,2931.02,43290,16
1739512800,2931.005,2938.85,2929.955,2935.31,62075,16
1739527200,2935.34,2939.98,2917.73,2920.675,89588,16
1739541600,2920.715,2928.55,2885.485,2887.03,177592,16
1739556000,2887.025,2888.005,2877.025,2882.482,62575,16
1739743200,2893.375,2896.815,2878.785,2895.655,46667,12
1739757600,2895.61,2905.355,2893.96,2896.46,48924,16
1739772000,2896.385,2906.525,2888.19,2902.58,61970,16
1739786400,2902.575,2903.905,2895.45,2896.88,58664,16
1739800800,2896.875,2904.185,2896.505,2898.535,37315,16
1739815200,2898.525,2899.275,2896.91,2898.49,5845,6
1739829600,2898.71,2900.33,2892.07,2895.845,18200,12
1739844000,2895.795,2915.76,2895.375,2910.84,43295,16
1739858400,2910.73,2915.445,2908.29,2912.785,37768,16
1739872800,2912.785,2921.37,2907.19,2918.77,53611,16
1739887200,2918.785,2933.78,2917.88,2931.22,87109,16
1739901600,2931.215,2936.955,2928.415,2935.465,31953,16
1739916000,2935.06,2939.74,2928.21,2938.515,17733,12
1739930400,2938.53,2939.69,2924.21,2932.97,42280,16
1739944800,2932.94,2946.7,2930.455,2945.475,46013,16
1739959200,2945.4,2947.08,2931.41,2936.385,61113,16
1739973600,2936.37,2940.58,2921.58,2923.895,97655,16
1739988000,2923.88,2937.43,2918.64,2933.26,50870,16
1740002400,2934.175,2942.45,2933.855,2937.03,22069,12
1740016800,2937.035,2946.87,2933.97,2946.825,35532,16
1740031200,2946.83,2954.955,2943.99,2951.555,41379,16
1740045600,2951.595,2954.94,2933.845,2933.965,68690,16
1740060000,2933.95,2947.09,2924.035,2940.505,98340,16
1740074400,2940.415,2942.495,2933.555,2939.385,43999,16
1740088800,2939.43,2949.93,2926.98,2928.86,30483,12
1740103200,2928.83,2941.21,2924.265,2930.18,52076,16
1740117600,2930.17,2933.11,2916.82,2929.375,48718,16
1740132000,2929.36,2936.14,2927.04,2931.025,46486,16
1740146400,2931.005,2941.775,2921.61,2939.805,95072,16
1740160800,2939.825,2942.88,2932.05,2936.26,52838,16
1740348000,2939.785,2940.535,2921.475,2928.125,40724,12
1740362400,2927.96,2944.76,2925.105,2936.27,60442,16
1740376800,2936.275,2948.88,2935.265,2944.36,41835,16
1740391200,2944.35,2954.715,2935.02,2954.57,49868,16
1740405600,2954.58,2956.31,2930.81,2943.325,102601,16
1740420000,2943.36,2953.185,2942.85,2952.065,35638,16
1740434400,2952.84,2953.425,2945.28,2949.55,26248,12
1740448800,2949.515,2952.29,2935.14,2938.025,43550,16
1740463200,2937.935,2942.415,2929.64,2938.955,59575,16
1740477600,2938.94,2941.705,2923.98,2937.555,89008,16
1740492000,2937.57,2944.93,2888.18,2907.725,148800,16
1740506400,2907.755,2917.335,2905.445,2915.045,43987,16
1740520800,2915.835,2930.18,2913.775,2917.97,29168,12
1740535200,2917.94,2923.11,2912.72,2915.51,29599,16
1740549600,2915.515,2919.14,2905.905,2913.14,45729,16
1740564000,2913.17,2916.91,2905.595,2906.02,40896,16
1740578400,2906.03,2916.835,2890.865,2913.925,101855,16
1740592800,2913.87,2918.845,2912.1,2916.275,33704,16
1740607200,2915.98,2920.815,2911.095,2912.68,21287,12
1740621600,2912.705,2914.98,2888.605,2890.935,50639,16
1740636000,2890.88,2898.49,2877.17,2887.585,70965,16
1740650400,2887.6,2895.185,2881.25,2889.145,74871,16
1740664800,2889.125,2892.495,2867.795,2883.305,128977,16
1740679200,2883.225,2887.745,2871.285,2877.195,57034,16
1740693600,2876.52,2885.24,2873.94,2874.89,28838,12
1740708000,2874.85,2877.915,2856.975,2864.26,63521,16
1740722400,2864.34,2866.735,2851.115,2862.42,58978,16
1740736800,2862.425,2865.025,2848.37,2848.565,61659,16
1740751200,2848.6,2854.035,2832.72,2845.2,117356,16
1740765600,2845.175,2859.58,2838.135,2858.14,51770,16
1740952800,2873.14,2876.85,2864.26,2870.97,39118,12
1740967200,2870.965,2871.995,2859.47,2863.995,41303,16
1740981600,2863.94,2871.565,2859.0,2867.495,52263,16
1740996000,2867.52,2877.775,2867.275,2872.72,47078,16
1741010400,2872.53,2893.2,2871.365,2890.91,89754,16
1741024800,2890.905,2895.21,2878.435,2892.985,51536,16
1741039200,2892.7,2893.85,2881.98,2888.41,27117,12
1741053600,2888.405,2894.415,2884.875,2889.76,41630,16
1741068000,2889.755,2921.225,2884.525,2918.105,60482,16
1741082400,2918.1,2927.91,2912.08,2922.615,67794,16
1741096800,2922.63,2923.08,2900.39,2911.67,126229,16
1741111200,2911.645,2920.61,2908.305,2917.85,44576,16
1741125600,2917.885,2917.885,2903.525,2907.24,30202,12
1741140000,2907.26,2918.975,2902.04,2918.905,50187,16
1741154400,2918.87,2922.675,2913.05,2919.02,68749,16
1741168800,2919.04,2919.39,2894.35,2900.04,92580,16
1741183200,2900.03,2929.98,2897.795,2916.055,153250,16
1741197600,2916.07,2923.11,2911.88,2919.265,46579,16
1741212000,2918.685,2925.805,2916.01,2924.74,23890,12
1741226400,2924.725,2926.72,2914.63,2919.975,37802,16
1741240800,2919.98,2923.11,2891.15,2894.225,77977,16
1741255200,2894.245,2909.435,2892.03,2904.595,92092,16
1741269600,2904.55,2922.85,2903.445,2915.57,110277,16
1741284000,2915.585,2920.77,2908.45,2911.1,44634,16
1741298400,2912.935,2913.48,2896.91,2906.965,32898,12
1741312800,2906.96,2912.54,2901.345,2909.66,50369,16
1741327200,2909.655,2923.18,2907.82,2921.62,55235,16
1741341600,2921.605,2926.425,2910.175,2913.835,94070,16
1741356000,2913.8,2930.54,2903.83,2908.325,135898,16
1741370400,2908.27,2912.695,2902.065,2909.55,48939,16
1741554000,2912.41,2918.07,2909.93,2913.865,17256,12
1741568400,2913.94,2918.385,2908.335,2910.98,32870,16
1741582800,2911.0,2915.59,2897.625,2897.935,56510,16
1741597200,2897.84,2915.595,2895.7,2906.8,87542,16
1741611600,2906.8,2910.635,2895.9,2895.975,128276,16
1741626000,2895.965,2896.175,2880.31,2889.5,73621,16
1741640400,2889.865,2889.96,2882.43,2887.415,17029,12
1741654800,2887.54,2900.515,2880.25,2897.77,49139,16
1741669200,2897.755,2910.675,2892.815,2910.01,46609,16
1741683600,2910.015,2916.11,2908.935,2913.11,46231,16
1741698000,2913.115,2922.225,2906.89,2917.2,93841,16
1741712400,2917.225,2921.4,2914.21,2915.695,39004,16
1741726800,2915.36,2919.755,2912.23,2914.25,10568,12
1741741200,2914.255,2920.11,2910.9,2914.985,30011,16
1741755600,2914.94,2922.28,2909.095,2922.27,52656,16
1741770000,2922.28,2925.39,2912.15,2917.56,62797,16
1741784400,2917.545,2939.195,2906.11,2936.235,137719,16
1741798800,2936.265,2940.69,2930.965,2933.61,43607,16
1741813200,2934.88,2939.495,2934.13,2938.71,10774,12
1741827600,2938.685,2947.195,2936.64,2944.76,28580,16
1741842000,2944.7,2945.1,2932.98,2941.54,41465,16
1741856400,2941.545,2949.3,2941.12,2942.575,64577,16
1741870800,2942.59,2985.29,2939.09,2980.16,148361,16
1741885200,2980.155,2989.3,2976.525,2988.695,52197,16
1741899600,2984.23,2990.055,2983.345,2986.76,16471,12
1741914000,2986.755,2994.0,2981.715,2985.535,56204,16
1741928400,2985.555,2993.36,2980.915,2993.0,52632,16
1741942800,2992.995,3005.04,2986.69,2993.955,74284,16
1741957200,2993.965,2996.23,2978.505,2989.885,127261,16
1741971600,2989.875,2990.51,2981.85,2984.91,36497,16
1742158800,2988.225,2994.235,2986.29,2991.005,13674,12
1742173200,2990.97,2993.235,2982.485,2982.71,34956,16
1742187600,2982.77,2990.83,2982.34,2988.515,36487,16
1742202000,2988.51,3001.19,2984.93,2987.275,57664,16
1742216400,2987.27,3000.55,2986.14,2994.57,95196,16
1742230800,2994.6,3001.975,2994.6,3001.13,32182,16
1742245200,3001.16,3003.615,2999.59,3001.565,10370,12
1742259600,3001.48,3017.2,2999.46,3014.47,43446,16
1742274000,3014.465,3027.28,3006.145,3026.595,53285,16
1742288400,3026.64,3035.96,3018.225,3034.36,63670,16
1742302800,3034.37,3038.35,3024.805,3036.14,125634,16
1742317200,3036.115,3038.065,3029.83,3034.115,35809,16
1742331600,3033.97,3035.07,3030.53,3031.485,7689,12
1742346000,3031.46,3039.045,3027.45,3036.55,32344,16
1742360400,3036.625,3045.41,3024.79,3025.34,60954,16
1742374800,3025.31,3041.1,3022.885,3037.245,49382,16
1742389200,3037.25,3038.455,3025.96,3033.135,88235,16
1742403600,3033.15,3051.97,3029.52,3047.14,59574,16
1742418000,3048.72,3055.62,3047.285,3053.285,13807,12
1742432400,3053.315,3057.59,3045.08,3052.42,49987,16
1742446800,3052.53,3053.485,3038.805,3042.055,53732,16
1742461200,3042.045,3046.36,3025.73,3040.925,75409,16
1742475600,3040.92,3043.27,3030.045,3038.33,92708,16
1742490000,3038.37,3046.225,3034.85,3044.66,31245,16
1742504400,3045.005,3047.55,3042.42,3042.925,8181,12
1742518800,3042.95,3044.635,3028.065,3029.88,44547,16
1742533200,3029.92,3034.91,3021.845,3033.02,48355,16
1742547600,3032.975,3038.195,3027.8,3034.115,47772,16
1742562000,3034.11,3036.95,2999.465,3015.25,124928,16
1742576400,3015.31,3024.275,3012.885,3023.985,35608,16
1742763600,3023.165,3026.41,3017.06,3018.41,19408,12
1742778000,3018.485,3025.705,3013.755,3019.52,51586,16
1742792400,3019.51,3029.05,3017.385,3028.9,51320,16
1742806800,3028.995,3033.34,3022.415,3024.205,66419,16
1742821200,3024.18,3028.37,3005.88,3009.835,108388,16
1742835600,3009.82,3014.59,3002.495,3012.15,34186,16
1742850000,3011.705,3014.985,3009.025,3014.47,9075,12
1742864400,3014.46,3016.465,3007.54,3015.315,38397,16
1742878800,3015.29,3021.89,3010.595,3021.41,46742,16
1742893200,3021.325,3026.59,3014.205,3021.86,51073,16
1742907600,3021.825,3036.07,3018.065,3023.28,94761,16
1742922000,3023.285,3023.42,3017.835,3020.09,23062,16
1742936400,3021.175,3022.47,3017.885,3018.195,7757,12
1742950800,3018.2,3027.17,3014.36,3015.275,44706,16
1742965200,3015.27,3032.165,3013.32,3024.09,43064,16
1742979600,3024.115,3030.45,3017.075,3027.19,51662,16
1742994000,3027.18,3027.52,3012.33,3015.725,79829,16
1743008400,3015.725,3021.86,3015.375,3019.495,28581,16
1743022800,3020.345,3025.915,3017.655,3025.47,15607,12
1743037200,3025.5,3038.695,3023.015,3034.2,48474,16
1743051600,3034.255,3038.015,3026.765,3036.175,54366,16
1743066000,3036.18,3056.03,3034.67,3050.075,66786,16
1743080400,3050.08,3059.755,3033.475,3048.43,125611,16
1743094800,3048.415,3057.955,3047.87,3056.605,31882,16
1743109200,3056.07,3063.455,3054.235,3061.985,14065,12
1743123600,3061.945,3077.68,3061.835,3073.905,51016,16
1743138000,3073.95,3086.09,3066.145,3072.97,56390,16
1743152400,3072.965,3082.0,3067.37,3077.505,57470,16
1743166800,3077.38,3086.965,3067.43,3083.985,138626,16
1743181200,3083.98,3086.0,3073.655,3085.345,36232,16
1743368400,3093.01,3097.978,3077.45,3079.125,25961,12
1743382800,3079.12,3116.09,3076.805,3113.505,65736,16
1743397200,3113.465,3128.135,3107.565,3122.26,70130,16
1743411600,3122.295,3126.77,3111.93,3124.575,66557,16
1743426000,3124.595,3127.3,3099.71,3117.675,133270,16
1743440400,3117.68,3124.835,3115.925,3123.72,30858,16
1743454800,3124.935,3128.075,3120.125,3127.275,15352,12
1743469200,3127.27,3148.01,3126.605,3144.765,70018,16
1743483600,3144.76,3149.09,3124.105,3131.08,91879,16
1743498000,3131.13,3139.07,3127.77,3133.495,69042,16
1743512400,3133.455,3137.195,3100.87,3106.715,132342,16
1743526800,3106.705,3120.78,3105.77,3114.475,34395,16
1743541200,3114.095,3123.835,3107.83,3123.015,19787,12
1743555600,3123.01,3135.805,3115.555,3116.13,49240,16
1743570000,3116.2,3133.95,3106.705,3131.37,64449,16
1743584400,3131.45,3131.665,3110.205,3122.5,64872,16
1743598800,3122.495,3134.37,3116.67,3131.55,93151,16
1743613200,3131.56,3145.34,3104.79,3134.305,81073,16
1743627600,3131.44,3167.835,3113.525,3151.335,88956,12
1743642000,3151.465,3163.12,3139.16,3140.485,86769,16
1743656400,3140.56,3141.035,3116.515,3129.11,115595,16
1743670800,3129.12,3129.625,3062.28,3076.32,159478,16
1743685200,3076.31,3135.665,3054.19,3107.575,191538,16
1743699600,3107.515,3120.15,3100.055,3114.575,51474,16
1743714000,3114.52,3116.815,3106.11,3110.69,23940,12
1743728400,3110.635,3115.78,3087.09,3100.16,67992,16
1743742800,3100.045,3110.075,3078.515,3084.205,92813,16
1743757200,3084.135,3136.775,3069.445,3071.295,188472,16
1743771600,3071.29,3087.49,3016.975,3031.01,195937,16
1743786000,3031.02,3041.095,3015.65,3037.885,88795,16
1743973200,3030.77,3035.635,2970.215,2978.98,72714,12
1743987600,2978.845,3057.305,2972.055,3035.575,121940,16
1744002000,3035.615,3044.685,3013.36,3031.785,155832,16
1744016400,3031.83,3046.235,3014.805,3031.25,162574,16
1744030800,3031.225,3038.005,2969.975,2970.925,209680,16
1744045200,2970.945,2986.055,2956.565,2981.94,88376,16
1744059600,2982.095,2992.76,2978.72,2985.475,31981,12
1744074000,2985.37,3004.96,2983.685,3002.25,74639,16
1744088400,3002.06,3016.105,2999.565,3007.565,83162,16
1744102800,3007.44,3019.605,2994.9,3002.67,84081,16
1744117200,3002.645,3022.76,2984.385,2986.055,181597,16
1744131600,2986.085,2992.38,2974.795,2982.25,97843,16
1744146000,2982.735,2990.97,2969.97,2980.495,49832,12
1744160400,2980.45,3014.245,2972.415,3012.365,122303,16
1744174800,3012.315,3052.465,3005.515,3044.1,143516,16
1744189200,3044.1,3073.212,3036.08,3047.515,146629,16
1744203600,3047.53,3094.92,3047.42,3092.455,174543,16
1744218000,3092.48,3099.77,3048.76,3082.95,184175,16
1744232400,3080.48,3101.48,3071.505,3097.145,62401,12
1744246800,3097.1,3132.035,3078.55,3125.36,110273,16
1744261200,3125.39,3132.63,3104.57,3104.975,94591,16
1744275600,3104.98,3134.415,3103.32,3123.075,114366,16
1744290000,3123.07,3175.085,3116.17,3158.445,176348,16
1744304400,3158.44,3176.6,3151.66,3175.365,71347,16
1744318800,3179.765,3218.115,3177.26,3205.655,76620,12
1744333200,3205.64,3220.1,3201.15,3208.56,123359,16
1744347600,3208.545,3227.45,3187.265,3216.09,142497,16
1744362000,3216.075,3237.96,3210.195,3233.75,115749,16
1744376400,3233.775,3245.485,3219.655,3223.195,180634,16
1744390800,3223.23,3238.82,3223.23,3237.93,61148,16
1744578000,3222.955,3227.47,3213.355,3220.885,41540,12
1744592400,3221.01,3245.845,3215.42,3227.48,89085,16
1744606800,3227.435,3238.25,3216.525,3227.09,80079,16
1744621200,3227.035,3231.8,3200.665,3206.74,96018,16
1744635600,3206.715,3215.66,3193.63,3207.685,145657,16
1744650000,3207.73,3216.485,3201.38,3210.68,45940,16
1744664400,3212.565,3215.355,3210.515,3211.995,13752,12
1744678800,3211.99,3232.755,3210.065,3231.91,49360,16
1744693200,3231.885,3232.24,3217.375,3227.755,63024,16
1744707600,3227.78,3230.175,3214.355,3221.655,58778,16
1744722000,3221.635,3226.97,3211.66,3221.465,88346,16
1744736400,3221.47,3233.705,3220.42,3229.795,25827,16
1744750800,3230.675,3268.09,3230.675,3264.52,40249,12
1744765200,3264.525,3287.83,3256.03,3283.77,82673,16
1744779600,3283.755,3317.92,3283.725,3307.07,108145,16
1744794000,3307.105,3313.82,3293.075,3307.33,90275,16
1744808400,3307.335,3333.11,3296.95,3327.38,134608,16
1744822800,3327.355,3343.2,3324.385,3343.1,53461,16
1744837200,3348.59,3357.775,3342.015,3345.6,33096,12
1744851600,3345.625,3356.5,3320.855,3341.68,92457,16
1744866000,3341.67,3345.59,3312.755,3324.345,89205,16
1744880400,3324.32,3342.735,3320.705,3328.365,81063,16
1744894800,3328.37,3332.185,3283.955,3316.295,176505,16
1744909200,3316.35,3328.915,3311.06,3327.375,40396,16
1745182800,3332.26,3370.75,3331.405,3368.82,50819,12
1745197200,3368.845,3385.435,3367.32,3376.51,81360,16
1745211600,3376.5,3396.16,3375.875,3392.9,79562,16
1745226000,3392.94,3415.825,3386.445,3414.91,87374,16
1745240400,3414.885,3430.35,3405.11,3414.625,140675,16
1745254800,3414.65,3430.61,3406.07,3424.235,55050,16
1745269200,3427.86,3444.68,3412.345,3425.66,56158,12
1745283600,3425.67,3494.97,3421.565,3484.605,103603,16
1745298000,3484.675,3500.2,3443.175,3444.285,147708,16
1745312400,3444.32,3468.425,3424.36,3431.545,117841,16
1745326800,3431.565,3449.98,3372.255,3393.155,217667,16
1745341200,3393.16,3410.365,3366.905,3381.16,101932,16
1745355600,3324.79,3371.425,3315.34,3368.11,77628,12
1745370000,3368.105,3386.77,3329.2,3346.795,129966,16
1745384400,3346.825,3349.52,3291.735,3321.71,137799,16
1745398800,3321.73,3340.6,3310.505,3310.735,101474,16
1745413200,3310.74,3313.9,3260.19,3295.08,260831,16
1745427600,3295.155,3301.715,3277.905,3288.24,61130,16
1745442000,3306.065,3339.215,3305.375,3331.73,49761,12
1745456400,3331.725,3367.685,3320.72,3326.195,119580,16
1745470800,3326.225,3341.675,3314.8,3336.13,97930,16
1745485200,3336.195,3344.785,3325.43,3335.935,86379,16
1745499600,3335.945,3336.345,3306.755,3331.725,162327,16
1745514000,3331.735,3349.96,3329.95,3348.99,50949,16
1745528400,3348.99,3370.475,3347.03,3358.005,50849,12
1745542800,3357.95,3363.215,3316.39,3324.85,106432,16
1745557200,3324.825,3327.19,3287.265,3304.005,128698,16
1745571600,3303.99,3308.995,3288.01,3292.76,89990,16
1745586000,3292.745,3293.02,3265.135,3285.525,161182,16
1745600400,3285.485,3319.855,3281.925,3319.345,54796,16
1745787600,3326.365,3330.605,3298.64,3314.075,56481,12
1745802000,3314.015,3315.3,3268.11,3299.185,85383,16
1745816400,3299.225,3301.165,3277.69,3282.79,87548,16
1745830800,3282.8,3302.405,3273.335,3296.225,84701,16
1745845200,3296.085,3339.33,3286.875,3336.68,171832,16
1745859600,3336.695,3353.2,3333.215,3343.875,56801,16
1745874000,3345.47,3345.505,3327.845,3330.025,40014,12
1745888400,3330.005,3340.135,3306.7,3309.48,92047,16
1745902800,3309.35,3325.005,3305.14,3311.885,72266,16
1745917200,3311.86,3316.14,3300.4,3313.0,78113,16
1745931600,3312.9,3330.065,3299.675,3328.87,137737,16
1745946000,3328.905,3329.835,3313.3,3317.15,40287,16
1745960400,3317.76,3328.155,3310.985,3313.14,28939,12
1745974800,3313.145,3322.935,3301.385,3308.07,64944,16
1745989200,3308.12,3314.82,3280.285,3284.51,81940,16
1746003600,3284.54,3304.89,3266.91,3298.735,121566,16
1746018000,3298.73,3319.8,3292.815,3310.825,183949,16
1746032400,3310.795,3313.645,3283.085,3288.155,65041,16
1746046800,3285.63,3288.16,3241.245,3246.69,61854,12
1746061200,3246.7,3251.85,3221.32,3226.87,74940,16
1746075600,3226.805,3243.28,3223.405,3235.18,76161,16
1746090000,3235.175,3236.26,3201.955,3226.935,110162,16
1746104400,3226.905,3233.37,3205.095,3219.675,154702,16
1746118800,3219.69,3239.9,3209.86,3238.295,50568,16
1746133200,3239.43,3244.46,3227.47,3231.195,36909,12
1746147600,3231.125,3258.795,3231.125,3251.93,67632,16
1746162000,3251.705,3263.47,3246.42,3258.26,64528,16
1746176400,3258.31,3269.3,3250.22,3250.425,106066,16
1746190800,3250.5,3264.72,3222.755,3225.07,181555,16
1746205200,3225.075,3241.435,3223.62,3240.95,64912,16
1746392400,3238.295,3252.43,3237.79,3246.76,32212,12
1746406800,3246.78,3272.545,3246.64,3256.575,58569,16
1746421200,3256.665,3283.06,3254.11,3282.84,64137,16
1746435600,3282.865,3322.71,3282.315,3319.7,95996,16
1746450000,3319.695,3328.85,3305.64,3309.875,124493,16
1746464400,3309.87,3337.67,3309.29,3334.195,52677,16
1746478800,3333.575,3335.335,3322.755,3329.745,32678,12
1746493200,3329.75,3387.015,3329.75,3363.18,131903,16
1746507600,3363.2,3383.23,3350.26,3377.175,86493,16
1746522000,3377.275,3392.49,3371.47,3391.14,88786,16
1746536400,3391.15,3411.8,3378.25,3408.86,144400,16
1746550800,3408.875,3435.055,3407.625,3431.14,63252,16
1746565200,3416.915,3422.135,3360.79,3379.38,105794,12
1746579600,3379.35,3394.035,3360.2,3382.215,101224,16
1746594000,3382.26,3397.445,3378.19,3383.0,67930,16
1746608400,3382.985,3393.945,3369.305,3390.92,81409,16
1746622800,3390.93,3398.145,3375.8,3386.925,125305,16
1746637200,3386.905,3398.02,3363.735,3364.355,107492,16
1746651600,3372.725,3386.96,3366.785,3380.62,26205,12
1746666000,3380.65,3414.79,3379.07,3382.225,93417,16
1746680400,3382.245,3384.36,3320.38,3339.42,133784,16
1746694800,3339.395,3358.715,3330.4,3356.255,87587,16
1746709200,3356.28,3369.6,3304.44,3310.33,166019,16
1746723600,3310.35,3311.29,3288.805,3305.98,72158,16
1746738000,3310.125,3324.095,3308.83,3322.355,37127,12
1746752400,3322.34,3327.625,3274.81,3324.645,111713,16
1746766800,3324.755,3332.35,3312.95,3328.725,86008,16
1746781200,3328.685,3338.46,3322.02,3333.7,68815,16
1746795600,3333.695,3347.625,3320.395,3336.825,130969,16
1746810000,3336.82,3343.05,3324.87,3325.39,48006,16
1746997200,3325.39,3325.39,3265.89,3279.315,70209,12
1747011600,3279.135,3284.785,3258.85,3278.87,100442,16
1747026000,3278.995,3281.655,3216.115,3231.45,173323,16
1747040400,3231.455,3234.515,3207.79,3233.685,137888,16
1747054800,3233.695,3248.7,3223.215,3224.29,174305,16
1747069200,3224.3,3238.875,3220.325,3235.075,59807,16
1747083600,3237.93,3243.425,3229.825,3239.96,28338,12
1747098000,3239.935,3253.675,3215.855,3252.71,85446,16
1747112400,3252.795,3265.785,3247.34,3255.515,84927,16
1747126800,3255.575,3258.67,3237.33,3241.87,89281,16
1747141200,3241.81,3258.0,3225.505,3251.095,140350,16
1747155600,3251.085,3254.885,3242.115,3250.18,42291,16
1747170000,3252.0,3257.14,3240.67,3243.805,28159,12
1747184400,3243.815,3251.905,3222.58,3224.035,83287,16
1747198800,3224.025,3243.96,3221.565,3232.595,97482,16
1747213200,3232.62,3239.2,3184.225,3184.87,119645,16
1747227600,3185.005,3198.395,3173.775,3188.635,184306,16
1747242000,3188.62,3190.655,3168.065,3177.585,57893,16
1747256400,3181.06,3188.015,3180.205,3187.845,24193,12
1747270800,3187.825,3192.83,3135.545,3138.605,86853,16
1747285200,3138.64,3164.325,3120.765,3162.6,117684,16
1747299600,3162.605,3189.98,3159.35,3188.865,98048,16
1747314000,3188.87,3222.815,3185.2,3222.61,153006,16
1747328400,3222.595,3240.725,3216.535,3239.97,49875,16
1747342800,3241.785,3252.255,3232.085,3243.175,44324,12
1747357200,3243.265,3244.675,3206.6,3219.575,89114,16
1747371600,3219.665,3231.335,3195.53,3207.525,81816,16
1747386000,3207.475,3213.015,3154.3,3177.435,114936,16
1747400400,3177.44,3189.9,3165.9,3189.405,135742,16
1747414800,3189.435,3205.885,3183.47,3204.45,53742,16
1747602000,3215.99,3249.85,3212.075,3246.52,62257,12
1747616400,3246.405,3246.95,3206.725,3215.97,90917,16
1747630800,3216.22,3245.015,3215.005,3244.565,90293,16
1747645200,3244.695,3248.59,3228.905,3229.5,80487,16
1747659600,3229.625,3241.75,3217.29,3231.92,124922,16
1747674000,3231.88,3235.97,3225.32,3230.4,42733,16
1747688400,3228.025,3230.59,3214.13,3222.83,27414,12
1747702800,3222.71,3232.85,3204.67,3217.395,75287,16
1747717200,3217.325,3236.18,3207.98,3236.04,75509,16
1747731600,3236.035,3251.05,3230.49,3242.855,78460,16
1747746000,3242.83,3285.93,3232.995,3278.885,157320,16
1747760400,3278.98,3295.79,3278.345,3289.845,53230,16
1747774800,3292.7,3304.315,3288.675,3303.575,39346,12
1747789200,3303.485,3314.82,3285.34,3302.17,92046,16
1747803600,3302.155,3320.845,3298.51,3308.495,88153,16
1747818000,3308.51,3318.395,3290.725,3302.79,94676,16
1747832400,3302.825,3315.315,3295.355,3303.205,141401,16
1747846800,3303.195,3324.935,3302.95,3315.245,80361,16
1747861200,3319.9,3326.355,3315.58,3323.84,34109,12
1747875600,3323.845,3345.47,3320.475,3338.61,86736,16
1747890000,3338.605,3339.55,3310.245,3311.355,96841,16
1747904400,3311.245,3314.78,3283.075,3304.225,143498,16
1747918800,3304.29,3315.91,3279.235,3301.665,182885,16
1747933200,3301.6,3301.88,3289.11,3295.01,56190,16
1747947600,3297.82,3309.01,3287.075,3300.89,37036,12
1747962000,3300.975,3316.4,3291.0,3313.72,76717,16
1747976400,3313.745,3334.465,3312.595,3326.47,86812,16
1747990800,3326.595,3360.555,3323.475,3357.0,147957,16
1748005200,3357.16,3364.82,3336.635,3359.13,170565,16
1748019600,3359.065,3366.015,3356.24,3358.125,55091,16
1748206800,3351.4,3352.5,3331.445,3342.19,41334,12
1748221200,3342.175,3356.995,3335.615,3349.965,72321,16
1748235600,3350.05,3351.98,3331.12,3334.755,66668,16
1748250000,3334.765,3336.3,3323.5,3334.4,43866,16
1748264400,3334.51,3343.72,3331.35,3342.265,46475,16
1748278800,3342.3,3343.265,3340.57,3342.475,7696,6
1748293200,3346.38,3350.095,3342.51,3345.175,21644,12
1748307600,3345.195,3347.425,3330.775,3331.0,55831,16
1748322000,3331.01,3332.805,3292.655,3298.6,117107,16
1748336400,3298.585,3309.96,3287.785,3293.88,93438,16
1748350800,3293.855,3305.035,3285.25,3297.915,118352,16
1748365200,3297.93,3308.005,3296.885,3300.75,37074,16
1748379600,3304.215,3315.885,3297.298,3308.605,23454,12
1748394000,3308.56,3313.99,3291.705,3296.47,64846,16
1748408400,3296.395,3323.895,3296.04,3321.705,79433,16
1748422800,3321.71,3325.695,3305.45,3312.415,59521,16
1748437200,3312.47,3316.505,3288.71,3293.54,120687,16
1748451600,3293.545,3303.14,3276.355,3288.725,59269,16
1748466000,3289.59,3295.24,3250.145,3265.05,80986,12
1748480400,3265.055,3280.22,3245.56,3269.16,101249,16
1748494800,3269.19,3289.43,3266.08,3281.785,69305,16
1748509200,3281.705,3317.605,3276.33,3316.525,88455,16
1748523600,3316.53,3331.47,3304.76,3322.285,133488,16
1748538000,3322.25,3325.95,3315.28,3317.615,56233,16
1748552400,3317.9,3318.95,3309.65,3312.565,25410,12
1748566800,3312.63,3322.925,3291.3,3296.325,70397,16
1748581200,3296.245,3305.165,3287.435,3295.855,69680,16
1748595600,3295.795,3306.925,3282.84,3304.075,80296,16
1748610000,3303.98,3308.38,3271.46,3293.365,146159,16
1748624400,3293.395,3295.915,3288.795,3289.7,46097,16
1748811600,3303.415,3316.745,3299.955,3311.455,33501,12
1748826000,3311.49,3318.295,3301.415,3313.96,55687,16
1748840400,3313.95,3359.1,3313.95,3352.105,80596,16
1748854800,3352.11,3363.63,3344.495,3355.49,88268,16
1748869200,3355.495,3379.435,3350.385,3371.81,145741,16
1748883600,3371.815,3382.96,3370.875,3381.87,58547,16
1748898000,3384.61,3392.305,3373.865,3375.84,35656,12
1748912400,3375.845,3378.07,3359.325,3362.8,87396,16
1748926800,3362.835,3367.925,3351.11,3361.215,79160,16
1748941200,3361.195,3363.23,3349.065,3359.41,68442,16
1748955600,3359.415,3363.25,3333.17,3348.495,124090,16
1748970000,3348.52,3355.55,3347.36,3353.385,36761,16
1748984400,3356.735,3361.71,3349.87,3350.215,27213,12
1748998800,3350.21,3372.715,3346.53,3354.955,65152,16
1749013200,3354.95,3365.32,3348.11,3362.825,70719,16
1749027600,3362.885,3365.025,3343.815,3358.99,88525,16
1749042000,3358.985,3384.76,3350.92,3375.115,126833,16
1749056400,3375.035,3382.22,3370.675,3372.45,43509,16
1749070800,3374.615,3381.9,3372.37,3380.335,24271,12
1749085200,3380.285,3384.285,3363.97,3368.56,63052,16
1749099600,3368.565,3377.05,3361.22,3375.29,60989,16
1749114000,3375.295,3403.625,3374.11,3383.15,128697,16
1749128400,3383.155,3388.6,3339.35,3354.165,226780,16
1749142800,3354.16,3361.44,3349.01,3352.73,62774,16
1749157200,3356.29,3364.155,3354.315,3359.495,29594,12
1749171600,3359.51,3374.665,3356.13,3373.77,68193,16
1749186000,3373.7,3375.705,3352.785,3365.325,81715,16
1749200400,3365.415,3365.455,3343.56,3353.295,99461,16
1749214800,3353.295,3361.125,3316.42,3322.805,195527,16
1749229200,3322.825,3326.885,3307.195,3309.98,51961,16
1749416400,3317.785,3321.27,3298.255,3305.475,40213,12
1749430800,3305.48,3313.56,3293.5,3311.795,76598,16
1749445200,3311.8,3328.515,3309.695,3319.98,71522,16
1749459600,3319.97,3323.585,3312.19,3320.095,64951,16
1749474000,3320.135,3337.96,3310.795,3337.775,105729,16
1749488400,3337.9,3338.295,3325.005,3325.675,40708,16
1749502800,3324.31,3327.98,3314.685,3316.725,36059,12
1749517200,3316.74,3320.03,3302.015,3307.385,82628,16
1749531600,3307.395,3334.96,3306.805,3329.465,94035,16
1749546000,3329.45,3342.54,3327.09,3337.205,71197,16
1749560400,3337.235,3349.28,3320.075,3321.395,118007,16
1749574800,3321.4,3334.665,3319.535,3322.61,50452,16
1749589200,3322.375,3335.255,3315.59,3332.475,36678,12
1749603600,3332.455,3343.0,3327.2,3341.85,52799,16
1749618000,3341.795,3348.57,3332.555,3344.59,59313,16
1749632400,3344.525,3360.79,3326.175,3336.835,100483,16
1749646800,3336.94,3344.77,3327.95,3330.39,130867,16
1749661200,3330.41,3355.61,3319.38,3355.25,72031,16
1749675600,3357.905,3373.645,3356.3,3366.035,53656,12
1749690000,3366.03,3377.895,3362.57,3370.47,79523,16
1749704400,3370.47,3375.86,3338.59,3356.885,93916,16
1749718800,3356.88,3390.54,3355.545,3388.325,104450,16
1749733200,3388.33,3399.05,3377.885,3383.83,149681,16
1749747600,3383.825,3389.505,3378.165,3386.58,51800,16
1749762000,3383.865,3420.095,3379.535,3415.35,75987,12
1749776400,3415.255,3444.495,3414.04,3425.33,116962,16
1749790800,3425.365,3428.92,3407.925,3424.365,85937,16
1749805200,3424.42,3438.26,3411.6,3436.51,86204,16
1749819600,3436.495,3446.88,3419.215,3430.15,142650,16
1749834000,3430.31,3439.6,3427.415,3432.835,63464,16
1750021200,3440.48,3451.525,3434.245,3436.43,51974,12
1750035600,3436.48,3446.51,3426.915,3427.7,71612,16
1750050000,3427.695,3430.58,3409.58,3414.06,86621,16
1750064400,3414.045,3422.785,3410.795,3415.625,65018,16
1750078800,3415.615,3418.11,3382.54,3399.49,131993,16
1750093200,3399.505,3400.37,3382.91,3385.22,46640,16
1750107600,3388.445,3403.43,3386.735,3394.315,41506,12
1750122000,3394.325,3402.57,3373.67,3394.105,67750,16
1750136400,3394.055,3395.55,3377.85,3378.945,63304,16
1750150800,3378.92,3400.2,3375.785,3386.775,85857,16
1750165200,3386.795,3397.57,3366.115,3382.965,131431,16
1750179600,3382.985,3392.6,3381.365,3388.455,57480,16
1750194000,3395.865,3395.975,3383.065,3385.8,25145,12
1750208400,3385.795,3400.11,3370.645,3395.125,57003,16
1750222800,3395.175,3395.67,3377.18,3383.635,62721,16
1750237200,3383.585,3389.95,3375.575,3386.635,63198,16
1750251600,3386.675,3396.945,3373.825,3391.06,105837,16
1750266000,3391.065,3395.925,3362.605,3369.3,99286,16
1750280400,3371.415,3383.43,3370.61,3379.6,28014,12
1750294800,3379.535,3388.175,3369.74,3374.685,54281,16
1750309200,3374.66,3375.455,3347.53,3368.745,99283,16
1750323600,3368.685,3379.18,3363.66,3368.005,59758,16
1750338000,3368.055,3373.005,3361.525,3371.19,69620,16
1750352400,3371.075,3375.625,3365.93,3370.38,12978,6
1750366800,3369.735,3370.565,3362.1,3368.23,29490,12
1750381200,3368.245,3368.38,3344.675,3354.245,68760,16
1750395600,3354.25,3355.43,3340.415,3351.15,67290,16
1750410000,3351.14,3359.27,3341.9,3344.555,61424,16
1750424400,3344.535,3374.63,3343.115,3371.51,95705,16
1750438800,3371.525,3371.79,3364.685,3368.75,32436,16
1750626000,3383.825,3389.22,3358.32,3365.77,56828,12
1750640400,3365.765,3368.18,3351.935,3358.545,73811,16
1750654800,3358.59,3362.445,3347.035,3361.94,73393,16
1750669200,3361.93,3382.15,3355.935,3360.485,84806,16
1750683600,3360.48,3393.64,3359.835,3389.92,132088,16
1750698000,3389.835,3391.75,3367.325,3369.2,70759,16
1750712400,3358.435,3363.9,3333.28,3351.18,64748,12
1750726800,3351.205,3357.955,3342.245,3348.655,72308,16
1750741200,3348.65,3348.865,3316.075,3327.435,116287,16
1750755600,3327.36,3329.035,3304.48,3314.825,83534,16
1750770000,3314.77,3320.495,3295.315,3318.485,135198,16
1750784400,3318.565,3325.38,3315.73,3323.45,47970,16
1750798800,3322.825,3330.095,3320.97,3326.99,17817,12
1750813200,3327.04,3335.335,3325.87,3327.52,45551,16
1750827600,3327.5,3337.205,3326.515,3327.295,52269,16
1750842000,3327.305,3329.625,3318.22,3320.755,55701,16
1750856400,3320.775,3335.22,3312.055,3334.815,88341,16
1750870800,3334.82,3336.15,3324.81,3332.395,54445,16
1750885200,3334.315,3340.325,3331.395,3334.04,24644,12
1750899600,3334.135,3343.255,3329.3,3334.02,53867,16
1750914000,3334.035,3350.415,3331.025,3348.2,67169,16
1750928400,3348.2,3348.845,3321.68,3322.095,84717,16
1750942800,3322.08,3333.415,3309.99,3331.41,127674,16
1750957200,3331.415,3336.55,3327.725,3327.82,48370,16
1750971600,3325.33,3325.37,3313.3,3318.98,26157,12
1750986000,3318.97,3322.18,3291.16,3294.01,76503,16
1751000400,3294.035,3301.015,3281.9,3289.44,101288,16
1751014800,3289.345,3291.07,3269.55,3270.295,91770,16
1751029200,3270.195,3278.685,3255.85,3277.705,137001,16
1751043600,3277.73,3282.94,3268.43,3274.175,65523,16
1751230800,3271.64,3274.055,3244.415,3264.57,35661,12
1751245200,3264.485,3286.48,3259.39,3285.64,57638,16
1751259600,3285.645,3296.83,3284.69,3289.21,52500,16
1751274000,3289.15,3289.15,3274.625,3282.155,66895,16
1751288400,3282.14,3297.575,3277.975,3297.38,88267,16
1751302800,3297.36,3309.645,3292.14,3303.15,48596,16
1751317200,3303.3,3314.96,3302.395,3314.825,22856,12
1751331600,3314.73,3323.15,3313.99,3322.975,51448,16
1751346000,3322.98,3342.5,3322.975,3339.635,67419,16
1751360400,3339.66,3358.085,3338.31,3354.625,86551,16
1751374800,3354.55,3355.615,3337.045,3341.83,132827,16
1751389200,3341.805,3342.28,3336.92,3338.72,56390,16
1751403600,3340.125,3345.045,3334.615,3339.025,35446,12
1751418000,3339.065,3342.955,3328.615,3340.17,65908,16
1751432400,3340.145,3344.015,3327.655,3333.62,69603,16
1751446800,3333.615,3351.245,3333.185,3346.775,85179,16
1751461200,3346.75,3349.355,3333.965,3348.675,104660,16
1751475600,3348.75,3360.13,3347.44,3357.09,37781,16
1751490000,3359.515,3365.92,3343.52,3344.795,30382,12
1751504400,3344.805,3351.895,3342.015,3350.865,48989,16
1751518800,3350.87,3363.755,3350.185,3356.24,63505,16
1751533200,3356.125,3356.46,3311.625,3324.525,96320,16
1751547600,3324.49,3338.59,3322.165,3333.95,119959,16
1751562000,3333.945,3334.89,3325.255,3326.03,15728,16
1751576400,3324.24,3332.11,3323.66,3329.09,22246,12
1751590800,3329.08,3342.43,3326.235,3340.94,47374,16
1751605200,3340.955,3345.175,3336.45,3342.895,50962,16
1751619600,3342.855,3343.14,3331.455,3334.035,55039,16
1751634000,3334.03,3338.095,3330.87,3336.615,45438,16
1751835600,3341.57,3342.075,3321.845,3326.595,30041,12
1751850000,3326.585,3327.86,3305.245,3307.855,81324,16
1751864400,3307.94,3315.29,3300.765,3310.25,76961,16
1751878800,3310.16,3312.795,3296.28,3309.575,98073,16
1751893200,3309.565,3328.16,3306.225,3327.49,98260,16
1751907600,3327.545,3340.47,3327.45,3336.44,71084,16
1751922000,3340.5,3345.955,3331.3,3334.285,38839,12
1751936400,3334.33,3338.15,3327.405,3329.66,62371,16
1751950800,3329.68,3339.59,3323.405,3323.73,72018,16
1751965200,3323.735,3329.935,3320.035,3328.245,60260,16
1751979600,3328.24,3328.78,3287.11,3300.505,154914,16
1751994000,3300.49,3310.525,3299.37,3301.72,57979,16
1752008400,3302.83,3308.145,3297.29,3307.175,22236,12
1752022800,3307.11,3307.305,3284.98,3294.05,63424,16
1752037200,3294.07,3297.885,3282.665,3285.08,69171,16
1752051600,3285.06,3297.595,3283.295,3296.525,53685,16
1752066000,3296.54,3313.385,3291.94,3311.93,109785,16
1752080400,3311.935,3316.99,3308.105,3313.7,56648,16
1752094800,3315.76,3322.09,3314.89,3317.71,23293,12
1752109200,3317.7,3326.39,3314.84,3322.295,48831,16
1752123600,3322.3,3330.275,3319.895,3328.725,46587,16
1752138000,3328.74,3330.36,3317.94,3323.815,52295,16
1752152400,3323.885,3329.615,3310.175,3315.17,102387,16
1752166800,3315.11,3326.065,3314.725,3324.015,35899,16
1752181200,3325.94,3336.192,3321.915,3330.61,28492,12
1752195600,3330.455,3336.12,3325.17,3332.08,57153,16
1752210000,3332.05,3344.13,3331.245,3333.17,109853,16
1752224400,3333.19,3357.205,3332.83,3355.17,113719,16
1752238800,3355.16,3368.86,3350.14,3353.8,188123,16
1752253200,3353.75,3359.82,3349.255,3355.665,77351,16
1752440400,3362.375,3374.255,3359.905,3367.52,42590,12
1752454800,3367.51,3370.245,3353.87,3359.835,83652,16
1752469200,3359.625,3375.085,3353.675,3366.075,71032,16
1752483600,3366.18,3374.69,3349.385,3350.12,62963,16
1752498000,3350.1,3359.06,3341.09,3347.83,114621,16
1752512400,3347.89,3351.77,3341.395,3343.755,33531,16
1752526800,3343.085,3349.515,3341.55,3347.62,11750,12
1752541200,3347.635,3361.44,3345.795,3360.26,39941,16
1752555600,3360.285,3365.725,3356.6,3361.045,46029,16
1752570000,3361.065,3366.425,3346.61,3348.915,63373,16
1752584400,3348.945,3352.58,3320.305,3329.32,145816,16
1752598800,3329.39,3331.99,3324.935,3325.005,39132,16
1752613200,3326.32,3332.73,3325.635,3330.54,13317,12
1752627600,3330.555,3338.7,3325.21,3338.295,43343,16
1752642000,3338.305,3342.775,3335.57,3342.08,33593,16
1752656400,3342.065,3343.08,3331.01,3334.61,56062,16
1752670800,3334.695,3377.655,3319.695,3349.17,272835,16
1752685200,3349.155,3357.525,3346.07,3347.6,81915,16
1752699600,3350.96,3352.28,3339.775,3340.895,19310,12
1752714000,3340.85,3344.865,3336.375,3342.795,50249,16
1752728400,3342.765,3342.995,3325.16,3328.81,68878,16
1752742800,3328.795,3332.48,3309.79,3313.15,80701,16
1752757200,3313.195,3340.07,3311.16,3338.865,122341,16
1752771600,3338.88,3341.17,3335.785,3339.06,43922,16
1752786000,3341.45,3344.11,3337.965,3339.965,17849,12
1752800400,3339.985,3344.325,3333.87,3337.185,46205,16
1752814800,3337.17,3350.43,3331.885,3347.635,47412,16
1752829200,3347.705,3361.33,3347.52,3360.005,57479,16
1752843600,3360.01,3360.345,3351.235,3353.705,106258,16
1752858000,3353.72,3353.865,3347.69,3350.095,40063,16
1753045200,3348.84,3354.59,3344.905,3352.31,18144,12
1753059600,3352.305,3358.8,3350.7,3357.875,38272,16
1753074000,3357.86,3370.82,3357.735,3366.065,68073,16
1753088400,3366.1,3388.715,3362.845,3387.32,63468,16
1753102800,3387.34,3401.645,3383.655,3395.655,175650,16
1753117200,3395.685,3399.885,3391.375,3397.06,74037,16
1753131600,3399.3,3402.86,3390.585,3394.615,25748,12
1753146000,3394.61,3396.02,3385.18,3391.13,47408,16
1753160400,3391.15,3391.96,3383.42,3389.045,51833,16
1753174800,3389.06,3407.935,3384.715,3407.54,62743,16
1753189200,3407.545,3433.095,3405.095,3432.305,171120,16
1753203600,3432.33,3433.51,3426.49,3431.56,80802,16
1753218000,3430.92,3439.035,3426.255,3428.9,31284,12
1753232400,3428.88,3430.72,3419.21,3423.735,67005,16
1753246800,3423.725,3429.77,3416.445,3428.555,77350,16
1753261200,3428.565,3433.88,3419.925,3420.015,76793,16
1753275600,3420.005,3420.65,3381.42,3387.47,174129,16
1753290000,3387.465,3396.16,3385.755,3387.45,94365,16
1753304400,3390.855,3393.37,3386.66,3391.595,18655,12
1753318800,3391.62,3393.48,3374.755,3382.685,87123,16
1753333200,3382.69,3382.995,3365.935,3369.795,82265,16
1753347600,3369.725,3370.175,3352.72,3353.48,73525,16
1753362000,3353.51,3377.475,3351.465,3367.015,133765,16
1753376400,3367.0,3373.475,3366.36,3368.71,50980,16
1753390800,3369.45,3373.495,3365.205,3372.255,15273,12
1753405200,3372.285,3372.845,3357.925,3360.96,35805,16
1753419600,3360.945,3362.425,3344.54,3345.555,42752,16
1753434000,3345.54,3348.985,3336.345,3340.885,46827,16
1753448400,3340.88,3347.635,3325.115,3329.94,133253,16
1753462800,3329.93,3340.335,3329.67,3337.07,53098,16
1753650000,3329.475,3337.47,3324.02,3333.42,30321,12
1753664400,3333.45,3344.175,3329.98,3339.725,40433,16
1753678800,3339.67,3345.52,3332.405,3336.145,47060,16
1753693200,3336.155,3340.85,3325.67,3328.46,53700,16
1753707600,3328.48,3330.715,3301.765,3312.265,127734,16
1753722000,3312.295,3318.96,3308.84,3314.45,57139,16
1753736400,3313.84,3315.93,3308.16,3311.705,20588,12
1753750800,3311.65,3320.965,3308.53,3316.535,40616,16
1753765200,3316.54,3330.1,3311.34,3326.435,60336,16
1753779600,3326.38,3328.32,3315.0,3323.35,61034,16
1753794000,3323.37,3334.27,3311.995,3323.28,113948,16
1753808400,3323.26,3330.89,3322.67,3326.67,41391,16
1753822800,3327.68,3333.765,3325.965,3330.305,12692,12
1753837200,3330.205,3333.355,3321.795,3327.19,40515,16
1753851600,3327.195,3333.485,3323.15,3332.285,46812,16
1753866000,3332.24,3334.09,3310.815,3313.38,71352,16
1753880400,3313.375,3316.28,3288.605,3298.175,127067,16
1753894800,3298.2,3305.19,3268.12,3275.29,123200,16
1753909200,3277.29,3288.485,3276.285,3286.475,20405,12
1753923600,3286.48,3298.76,3285.04,3298.15,42508,16
1753938000,3298.13,3314.985,3294.83,3309.915,48414,16
1753952400,3309.92,3313.13,3293.785,3307.685,73334,16
1753966800,3307.69,3310.455,3289.7,3295.14,137211,16
1753981200,3295.08,3298.495,3289.91,3290.12,65035,16
1753995600,3291.675,3295.33,3286.61,3290.265,12481,12
1754010000,3290.21,3297.19,3281.745,3292.19,32803,16
1754024400,3292.2,3300.54,3285.265,3294.36,37557,16
1754038800,3294.375,3345.275,3292.825,3341.26,78307,16
1754053200,3341.275,3355.182,3338.89,3347.4,160965,16
1754067600,3347.31,3363.6,3345.715,3362.895,68674,16
1754254800,3364.795,3364.815,3350.2,3352.265,19193,12
1754269200,3352.2,3362.25,3345.005,3359.0,28166,16
1754283600,3359.015,3362.705,3351.775,3358.605,40160,16
1754298000,3358.62,3371.595,3352.89,3367.815,56686,16
1754312400,3367.81,3385.535,3367.075,3370.97,100929,16
1754326800,3370.965,3377.205,3370.705,3373.635,37056,16
1754341200,3376.195,3381.46,3373.76,3379.875,10851,12
1754355600,3379.9,3382.37,3371.025,3371.27,22582,16
1754370000,3371.21,3375.51,3365.79,3366.13,44701,16
1754384400,3366.12,3367.005,3349.89,3366.22,56925,16
1754398800,3366.225,3390.6,3365.955,3382.11,100484,16
1754413200,3382.14,3382.915,3378.265,3380.96,35793,16
1754427600,3381.475,3385.365,3378.245,3383.505,11952,12
1754442000,3383.5,3383.715,3372.315,3372.56,25287,16
1754456400,3372.5,3378.845,3364.7,3365.205,37303,16
1754470800,3365.17,3369.35,3358.255,3367.615,48848,16
1754485200,3367.6,3380.09,3365.22,3376.175,95736,16
1754499600,3376.18,3377.74,3367.26,3369.27,64321,16
1754514000,3372.44,3374.84,3365.305,3372.385,41055,12
1754528400,3372.375,3384.3,3370.215,3377.74,68310,16
1754542800,3377.73,3397.58,3371.645,3378.51,153516,16
1754557200,3378.49,3389.98,3371.87,3380.735,127166,16
1754571600,3380.74,3393.965,3374.77,3388.9,163354,16
1754586000,3388.855,3401.885,3384.375,3396.48,102924,16
1754600400,3400.365,3409.43,3387.155,3388.802,107388,12
1754614800,3389.42,3399.595,3381.215,3394.475,223856,16
1754629200,3394.5,3404.28,3388.8,3394.455,244435,16
1754643600,3394.445,3402.57,3380.455,3391.615,335783,16
1754658000,3391.575,3401.82,3381.32,3397.57,233833,16
1754672400,3397.47,3403.96,3376.575,3397.765,169189,16
1754859600,3399.75,3401.395,3378.895,3381.74,45181,12
1754874000,3381.745,3383.975,3367.55,3375.975,92312,16
1754888400,3375.91,3380.2,3357.02,3362.01,108271,16
1754902800,3361.98,3364.11,3344.42,3356.91,126761,16
1754917200,3356.86,3363.005,3341.46,3344.21,129217,16
1754931600,3344.205,3358.88,3341.155,3342.665,86648,16
1754946000,3344.04,3355.77,3342.495,3354.595,20701,12
1754960400,3354.59,3357.51,3346.225,3354.47,44346,16
1754974800,3354.46,3358.25,3342.31,3347.96,61546,16
1754989200,3347.975,3358.2,3336.215,3349.95,78259,16
1755003600,3349.88,3359.34,3331.17,3349.525,156777,16
1755018000,3349.53,3350.93,3345.595,3348.345,50280,16
1755032400,3350.165,3353.875,3342.635,3343.625,17544,12
1755046800,3343.64,3354.505,3342.695,3351.82,41107,16
1755061200,3351.805,3363.615,3345.57,3360.38,61321,16
1755075600,3360.43,3367.095,3355.545,3358.125,70435,16
1755090000,3358.095,3370.825,3354.16,3357.915,94661,16
1755104400,3357.91,3359.44,3350.015,3355.695,33890,16
1755118800,3357.46,3374.805,3356.71,3369.61,19577,12
1755133200,3369.585,3370.935,3355.595,3360.5,50264,16
1755147600,3360.51,3366.65,3341.455,3346.23,68927,16
1755162000,3346.225,3359.215,3342.125,3350.64,69686,16
1755176400,3350.555,3356.175,3329.85,3334.44,118670,16
1755190800,3334.45,3341.08,3331.915,3335.585,37820,16
1755205200,3336.795,3338.715,3332.34,3337.085,13912,12
1755219600,3337.105,3346.765,3333.415,3345.515,29389,16
1755234000,3345.52,3348.915,3338.43,3341.47,36335,16
1755248400,3341.455,3345.13,3333.6,3342.74,52751,16
1755262800,3342.775,3346.1,3333.06,3338.225,69695,16
1755277200,3338.24,3339.685,3334.485,3335.7,25898,16
1755464400,3335.23,3342.92,3323.685,3340.575,23147,12
1755478800,3340.57,3358.275,3339.685,3357.63,43409,16
1755493200,3357.635,3358.49,3344.645,3348.72,53489,16
1755507600,3348.69,3351.775,3343.125,3344.835,48000,16
1755522000,3344.815,3345.03,3331.775,3334.33,82305,16
1755536400,3334.335,3335.0,3330.355,3332.895,24790,16
1755550800,3333.695,3339.355,3326.285,3335.24,16605,12
1755565200,3335.3,3341.695,3329.52,3337.77,36487,16
1755579600,3337.7,3341.885,3334.585,3338.005,30954,16
1755594000,3338.01,3345.465,3334.345,3334.76,28942,16
1755608400,3334.745,3339.555,3317.1,3317.575,66932,16
1755622800,3317.55,3320.335,3315.005,3315.7,28108,16
1755637200,3316.49,3317.725,3312.815,3316.16,14425,12
1755651600,3316.165,3320.97,3311.56,3318.7,36836,16
1755666000,3318.72,3327.61,3318.29,3325.13,39822,16
1755680400,3325.105,3344.885,3323.67,3342.925,53725,16
1755694800,3342.93,3350.275,3338.905,3345.285,67052,16
1755709200,3345.295,3349.42,3344.095,3348.485,34900,16
1755723600,3351.2,3352.3,3341.585,3342.29,10985,12
1755738000,3342.295,3346.6,3338.03,3338.385,25062,16
1755752400,3338.395,3341.615,3334.285,3339.615,32155,16
1755766800,3339.62,3345.135,3325.28,3341.92,56027,16
1755781200,3341.945,3348.24,3336.095,3339.805,94985,16
1755795600,3339.815,3342.175,3336.655,3338.71,27978,16
1755810000,3340.14,3340.775,3335.185,3339.66,9096,12
1755824400,3339.665,3340.34,3328.075,3328.51,27092,16
1755838800,3328.49,3335.15,3325.38,3328.875,43711,16
1755853200,3328.87,3331.88,3321.455,3323.595,48112,16
1755867600,3323.6,3378.835,3323.275,3370.47,140378,16
1755882000,3370.485,3375.555,3368.835,3371.23,35864,16
1756069200,3368.725,3371.145,3363.435,3364.895,12553,12
1756083600,3365.015,3368.24,3359.78,3366.21,23994,16
1756098000,3366.205,3369.965,3363.16,3364.06,19377,16
1756112400,3364.03,3371.675,3361.985,3364.525,22756,16
1756126800,3364.55,3376.375,3362.14,3373.975,50078,16
1756141200,3374.005,3374.945,3364.335,3365.72,23615,16
1756155600,3366.605,3386.685,3351.33,3383.18,49686,12
1756170000,3383.145,3384.95,3369.735,3377.57,52634,16
1756184400,3377.59,3379.98,3367.19,3376.83,55931,16
1756198800,3376.825,3380.515,3367.09,3372.13,65188,16
1756213200,3372.13,3389.415,3370.31,3383.075,93327,16
1756227600,3383.1,3393.745,3380.355,3393.745,39854,16
1756242000,3390.75,3393.55,3388.88,3389.585,15293,12
1756256400,3389.59,3390.04,3373.92,3374.99,42520,16
1756270800,3375.06,3385.075,3373.785,3384.665,47647,16
1756285200,3384.68,3385.58,3373.75,3381.195,59113,16
1756299600,3381.265,3398.79,3375.63,3395.55,89631,16
1756314000,3395.52,3398.315,3392.38,3397.72,44396,16
1756328400,3398.405,3399.365,3391.19,3391.98,16001,12
1756342800,3391.985,3392.87,3384.62,3390.39,50144,16
1756357200,3390.385,3401.12,3387.685,3400.775,51392,16
1756371600,3400.79,3408.78,3393.955,3397.27,81079,16
1756386000,3397.275,3417.82,3394.28,3415.59,118607,16
1756400400,3415.595,3423.18,3414.595,3417.06,66717,16
1756414800,3417.035,3417.945,3413.095,3413.475,15393,12
1756429200,3413.5,3414.125,3407.505,3408.915,50214,16
1756443600,3408.965,3414.92,3406.565,3410.45,56233,16
1756458000,3410.445,3416.905,3404.315,3416.525,84502,16
1756472400,3416.51,3449.515,3413.58,3449.355,177071,16
1756486800,3449.285,3453.97,3441.045,3447.435,102922,16
1756674000,3445.43,3453.13,3442.39,3444.095,27511,12
1756688400,3444.1,3486.262,3437.025,3475.305,130357,16
1756702800,3475.27,3489.845,3467.59,3476.965,105634,16
1756717200,3476.955,3477.135,3466.385,3469.515,64017,16
1756731600,3469.58,3481.535,3468.925,3477.41,52959,16
1756746000,3477.405,3479.07,3476.2,3476.365,10387,6
1756760400,3475.91,3485.075,3474.565,3479.23,34193,12
1756774800,3479.21,3508.79,3477.06,3496.83,117797,16
1756789200,3496.745,3497.99,3470.05,3477.63,116997,16
1756803600,3477.635,3494.295,3474.42,3482.105,135069,16
1756818000,3482.1,3528.865,3478.35,3527.885,214298,16
1756832400,3527.9,3540.06,3522.015,3533.545,88716,16
1756846800,3532.72,3547.33,3526.54,3536.115,43042,12
1756861200,3536.05,3546.145,3529.38,3536.985,95460,16
1756875600,3537.0,3541.505,3526.77,3540.085,86125,16
1756890000,3540.08,3551.635,3532.37,3550.63,105326,16
1756904400,3550.625,3572.67,3549.345,3572.46,177261,16
1756918800,3572.485,3578.66,3558.94,3559.26,101253,16
1756933200,3560.26,3564.155,3551.895,3561.57,40222,12
1756947600,3561.595,3563.475,3511.755,3533.255,106304,16
1756962000,3533.275,3545.63,3524.5,3541.425,85982,16
1756976400,3541.435,3553.32,3536.575,3548.44,88945,16
1756990800,3548.342,3558.93,3535.145,3552.625,168505,16
1757005200,3552.615,3555.54,3542.6,3545.87,58999,16
1757019600,3545.4,3556.755,3540.015,3552.255,37196,12
1757034000,3552.27,3559.32,3545.945,3558.52,80920,16
1757048400,3558.55,3561.28,3544.855,3546.035,90761,16
1757062800,3546.05,3587.04,3545.945,3580.555,134072,16
1757077200,3580.565,3600.205,3573.24,3595.175,255353,16
1757091600,3595.19,3597.585,3586.19,3586.545,119475,16
1757278800,3591.61,3597.095,3586.95,3594.41,63575,12
1757293200,3594.33,3597.2,3579.72,3581.63,113958,16
1757307600,3581.675,3617.295,3581.21,3611.285,98210,16
1757322000,3611.295,3626.09,3608.7,3624.245,78624,16
1757336400,3624.21,3646.545,3620.215,3640.765,179913,16
1757350800,3640.74,3641.25,3631.935,3635.85,71243,16
1757365200,3636.15,3641.015,3628.48,3638.615,28824,12
1757379600,3638.605,3657.295,3636.16,3654.995,93338,16
1757394000,3654.985,3659.435,3636.62,3648.1,111767,16
1757408400,3648.12,3656.8,3643.775,3647.61,90876,16
1757422800,3647.615,3674.695,3626.915,3645.065,247782,16
1757437200,3645.15,3646.5,3626.03,3626.315,81295,16
1757451600,3627.45,3640.675,3621.5,3624.105,37289,12
1757466000,3624.13,3643.39,3620.135,3643.035,76660,16
1757480400,3643.02,3648.605,3639.96,3646.065,63583,16
1757494800,3645.985,3657.61,3640.34,3644.095,94651,16
1757509200,3644.11,3655.575,3638.65,3642.825,152551,16
1757523600,3642.83,3649.69,3635.335,3640.585,68680,16
1757538000,3644.465,3647.255,3637.96,3643.965,21149,12
1757552400,3643.925,3649.345,3629.77,3630.7,49663,16
1757566800,3630.685,3637.92,3622.75,3626.215,81805,16
1757581200,3626.24,3644.085,3612.835,3628.85,116638,16
1757595600,3629.09,3642.115,3618.48,3636.215,164733,16
1757610000,3636.245,3637.67,3630.525,3634.12,51157,16
1757624400,3635.9,3638.525,3630.625,3636.5,19679,12
1757638800,3636.535,3656.36,3636.485,3654.985,64121,16
1757653200,3654.96,3656.7,3639.74,3641.04,64138,16
1757667600,3641.05,3652.26,3637.63,3645.55,95382,16
1757682000,3645.58,3654.495,3641.79,3649.305,126782,16
1757696400,3649.33,3650.865,3641.355,3643.085,40971,16
1757883600,3644.565,3645.83,3632.025,3633.475,22719,12
1757898000,3633.37,3646.95,3626.46,3645.86,77651,16
1757912400,3645.735,3646.385,3633.675,3645.58,76470,16
1757926800,3645.585,3650.98,3635.66,3650.51,91954,16
1757941200,3650.55,3685.695,3647.005,3679.26,148914,16
1757955600,3679.31,3682.79,3675.965,3678.79,73045,16
1757970000,3680.135,3687.035,3676.165,3686.455,24274,12
1757984400,3686.49,3689.51,3674.705,3684.32,54133,16
1757998800,3684.325,3697.405,3680.285,3694.435,61354,16
1758013200,3694.46,3699.62,3686.465,3689.39,85649,16
1758027600,3689.355,3703.24,3678.885,3689.88,192880,16
1758042000,3689.89,3693.94,3686.36,3689.855,58671,16
1758056400,3691.345,3695.52,3689.935,3691.18,15317,12
1758070800,3691.215,3692.02,3674.15,3680.775,70846,16
1758085200,3680.805,3686.07,3662.635,3664.98,69563,16
1758099600,3664.975,3679.52,3660.02,3678.845,89218,16
1758114000,3678.895,3688.595,3672.85,3684.81,112997,16
1758128400,3684.82,3707.555,3646.125,3659.975,261788,16
1758142800,3659.625,3672.125,3654.815,3665.34,31140,12
1758157200,3665.365,3668.905,3651.695,3653.6,83631,16
1758171600,3653.605,3665.975,3634.055,3665.59,104209,16
1758186000,3665.585,3673.205,3663.02,3663.295,84912,16
1758200400,3663.3,3664.42,3627.96,3646.29,198353,16
1758214800,3646.28,3647.235,3640.495,3644.18,67507,16
1758229200,3642.92,3643.205,3636.145,3640.1,17750,12
1758243600,3640.105,3660.075,3632.38,3658.875,80995,16
1758258000,3658.895,3661.355,3643.4,3655.64,61478,16
1758272400,3655.8,3659.29,3644.495,3649.445,69130,16
1758286800,3649.42,3676.015,3643.785,3668.345,175529,16
1758301200,3668.285,3685.74,3668.105,3684.975,85418,16
1758488400,3687.77,3692.29,3683.545,3691.04,28565,12
1758502800,3690.99,3697.59,3685.46,3692.215,75329,16
1758517200,3692.29,3722.58,3691.92,3720.31,81244,16
1758531600,3720.3,3728.49,3712.25,3721.635,86700,16
1758546000,3721.67,3739.63,3713.75,3737.085,172584,16
1758560400,3737.09,3748.86,3737.09,3746.355,60364,16
1758574800,3747.125,3750.675,3738.125,3747.26,25147,12
1758589200,3747.25,3759.42,3736.66,3744.87,76209,16
1758603600,3744.665,3775.285,3743.385,3774.485,81125,16
1758618000,3774.48,3791.255,3774.205,3784.495,107770,16
1758632400,3784.48,3788.81,3765.03,3779.35,179729,16
1758646800,3779.385,3785.84,3752.075,3764.205,100320,16
1758661200,3765.31,3770.07,3759.09,3765.22,20039,12
1758675600,3765.28,3771.945,3750.51,3768.34,62900,16
1758690000,3768.345,3779.34,3767.145,3770.13,43601,16
1758704400,3770.045,3771.775,3759.68,3768.175,64123,16
1758718800,3768.16,3772.97,3732.37,3735.765,134140,16
1758733200,3735.82,3738.965,3717.52,3736.165,63538,16
1758747600,3739.61,3751.535,3739.025,3749.03,24694,12
1758762000,3748.845,3750.59,3729.635,3738.18,59768,16
1758776400,3738.24,3761.69,3734.17,3756.58,61216,16
1758790800,3756.65,3761.28,3730.66,3738.855,97749,16
1758805200,3738.89,3745.815,3722.22,3733.7,147318,16
1758819600,3733.695,3758.43,3732.405,3749.44,75682,16
1758834000,3747.235,3751.615,3738.175,3749.72,23268,12
1758848400,3749.75,3753.31,3734.44,3747.72,49479,16
1758862800,3747.665,3755.24,3739.345,3753.015,52017,16
1758877200,3752.99,3757.505,3742.955,3752.045,57395,16
1758891600,3752.055,3783.885,3751.225,3774.365,164083,16
1758906000,3774.39,3783.355,3759.66,3759.855,61569,16
1759093200,3764.745,3787.61,3763.45,3787.135,28608,12
1759107600,3787.075,3809.195,3767.91,3805.1,97447,16
1759122000,3805.15,3819.915,3801.29,3818.845,95964,16
1759136400,3818.825,3831.45,3806.47,3813.795,106112,16
1759150800,3813.84,3833.655,3809.425,3830.45,156766,16
1759165200,3830.465,3834.3,3822.6,3833.88,70628,16
1759179600,3832.57,3840.905,3825.78,3839.155,20283,12
1759194000,3839.03,3867.405,3838.11,3867.175,73833,16
1759208400,3867.17,3871.89,3807.61,3816.37,108983,16
1759222800,3816.29,3821.805,3793.175,3819.475,113035,16
1759237200,3819.495,3854.7,3811.735,3846.025,160299,16
1759251600,3846.045,3860.79,3839.655,3858.45,61828,16
1759266000,3860.08,3865.375,3854.775,3860.535,19918,12
1759280400,3860.47,3875.56,3855.705,3864.99,69393,16
1759294800,3864.98,3895.5,3853.38,3892.95,83628,16
1759309200,3892.94,3895.155,3864.65,3870.575,86821,16
1759323600,3870.585,3878.88,3856.335,3870.955,184150,16
1759338000,3870.95,3871.91,3855.155,3865.53,64879,16
1759352400,3864.41,3866.7,3856.075,3856.09,25872,12
1759366800,3856.055,3870.06,3852.835,3864.3,50845,16
1759381200,3864.34,3878.86,3861.7,3874.66,68598,16
1759395600,3874.625,3892.185,3873.465,3884.515,79829,16
1759410000,3884.525,3897.13,3819.425,3845.035,223465,16
1759424400,3845.06,3859.395,3840.61,3856.56,89128,16
1759438800,3857.14,3863.715,3852.07,3856.88,15305,12
1759453200,3856.82,3862.825,3838.07,3844.1,46792,16
1759467600,3844.24,3865.805,3844.035,3865.01,48366,16
1759482000,3865.0,3875.135,3854.66,3873.95,70634,16
1759496400,3873.965,3891.76,3866.425,3883.74,207040,16
1759510800,3883.795,3889.295,3876.985,3886.455,98442,16
1759698000,3891.335,3920.975,3884.115,3900.39,68286,12
1759712400,3900.445,3940.55,3899.8,3938.89,70131,16
1759726800,3938.83,3949.67,3922.5,3942.61,107636,16
1759741200,3942.65,3946.76,3926.465,3934.385,121826,16
1759755600,3934.375,3970.2,3927.21,3954.175,184462,16
1759770000,3954.27,3965.155,3951.145,3960.69,79040,16
1759784400,3960.62,3977.4,3958.86,3962.81,58611,12
1759798800,3962.805,3977.045,3955.87,3976.05,65412,16
1759813200,3975.89,3977.015,3941.055,3951.325,102658,16
1759827600,3951.32,3980.095,3951.135,3979.5,88490,16
1759842000,3979.38,3991.135,3961.75,3976.825,219997,16
1759856400,3976.845,3987.855,3974.155,3984.33,108498,16
1759870800,3986.275,3999.445,3985.015,3992.325,31589,12
1759885200,3992.305,4027.355,3984.32,4026.9,85077,16
1759899600,4026.81,4040.595,4021.33,4036.455,86756,16
1759914000,4036.46,4049.7,4030.77,4040.25,92375,16
1759928400,4040.2,4059.35,4026.175,4056.7,180246,16
1759942800,4056.695,4058.1,4032.13,4041.9,137572,16
1759957200,4036.775,4037.1,4001.33,4023.095,64897,12
1759971600,4023.11,4041.265,4002.725,4038.98,115460,16
1759986000,4038.945,4043.7,4022.67,4038.22,90574,16
1760000400,4038.3,4053.72,4033.63,4053.5,80147,16
1760014800,4053.575,4058.11,3963.905,3969.025,374889,16
1760029200,3969.08,3982.175,3944.435,3976.24,206006,16
1760043600,3977.265,3994.52,3958.855,3991.3,46410,12
1760058000,3991.27,3992.48,3947.02,3966.29,123546,16
1760072400,3966.285,3995.005,3952.855,3991.98,152300,16
1760086800,3992.005,4006.735,3980.12,3985.805,122340,16
1760101200,3985.765,4023.0,3970.855,3983.545,330102,16
1760115600,3983.595,4021.51,3975.235,4016.68,182447,16
