time,open,high,low,close,volume,sub
1311714000,1619.365,1628.663,1608.994,1613.533,45345,94
1311800400,1613.533,1620.367,1603.057,1616.05,46280,94
1311886800,1616.05,1632.826,1610.743,1627.15,56406,94
1312146000,1626.65,1632.056,1605.9,1619.514,63480,94
1312232400,1619.514,1661.171,1616.634,1661.105,67666,94
1312318800,1661.105,1673.105,1652.038,1661.73,59201,94
1312405200,1661.73,1682.276,1642.357,1646.483,116838,93
1312491600,1646.483,1670.246,1641.839,1663.7,113939,95
1312750800,1668.3,1720.733,1668.3,1719.5,134328,92
1312837200,1719.5,1779.818,1715.343,1740.49,226089,96
1312923600,1740.49,1798.0,1737.819,1793.2,178363,95
1313010000,1793.2,1814.903,1732.326,1763.95,223846,95
1313096400,1763.95,1768.154,1723.482,1746.55,131057,95
1313355600,1746.75,1766.635,1728.459,1765.96,88912,93
1313442000,1765.96,1787.243,1761.259,1785.713,92486,96
1313528400,1785.713,1794.863,1779.122,1791.257,65864,94
1313614800,1791.257,1828.929,1784.153,1823.803,96163,94
1313701200,1823.803,1877.895,1821.823,1852.05,178388,95
1313960400,1853.5,1898.873,1853.5,1897.685,154648,93
1314046800,1897.685,1912.277,1823.819,1828.445,215760,94
1314133200,1828.445,1854.192,1750.027,1759.155,233193,95
1314219600,1759.155,1775.258,1703.147,1775.09,298617,96
1314306000,1775.09,1829.15,1757.626,1828.8,244125,95
1314565200,1833.05,1838.15,1776.135,1788.297,120551,94
1314651600,1788.297,1840.717,1783.788,1835.339,108454,95
1314738000,1835.339,1840.077,1811.509,1825.613,97936,94
1314824400,1825.613,1830.897,1813.725,1826.184,70898,95
1314910800,1826.184,1884.864,1824.633,1883.05,80533,94
1315170000,1885.25,1903.573,1874.495,1901.647,52809,89
1315256400,1901.647,1921.07,1859.478,1875.31,162497,94
1315342800,1875.31,1896.678,1793.115,1817.676,164238,95
1315429200,1817.676,1870.748,1813.846,1870.251,134990,96
1315515600,1870.251,1886.269,1823.367,1855.5,169710,95
1315774800,1857.0,1862.465,1801.585,1814.846,145076,94
1315861200,1814.846,1844.131,1794.975,1833.601,115299,95
1315947600,1833.601,1844.905,1808.773,1819.799,100412,94
1316034000,1819.799,1826.611,1772.856,1788.595,111405,95
1316120400,1788.595,1821.876,1762.792,1811.65,95678,94
1316379600,1812.65,1828.045,1770.455,1778.795,106683,94
1316466000,1778.795,1811.808,1769.993,1803.625,99575,94
1316552400,1803.625,1816.682,1778.976,1782.26,115218,94
1316638800,1782.26,1786.485,1720.961,1740.15,167414,95
1316725200,1740.15,1755.575,1629.322,1656.85,225515,93
1316984400,1656.85,1663.975,1533.207,1626.98,178342,93
1317070800,1626.98,1677.089,1615.152,1651.01,144127,95
1317157200,1651.01,1669.437,1598.788,1609.215,150979,94
1317243600,1609.215,1635.371,1583.361,1614.712,135206,94
1317330000,1614.712,1640.828,1606.962,1623.813,110880,94
1317589200,1624.325,1664.682,1618.75,1658.577,108732,92
1317675600,1658.577,1678.775,1596.009,1623.854,126681,94
1317762000,1623.854,1647.114,1597.76,1641.063,117559,94
1317848400,1641.063,1655.199,1631.844,1651.368,107363,95
1317934800,1651.368,1666.593,1626.278,1638.1,109358,95
1318194000,1638.85,1677.844,1638.34,1676.82,73411,92
1318280400,1676.82,1684.824,1653.932,1662.293,79367,94
1318366800,1662.293,1692.337,1659.835,1676.17,77871,96
1318453200,1676.17,1684.581,1652.998,1668.05,85180,96
1318539600,1668.05,1683.934,1661.305,1680.833,59078,95
1318798800,1680.05,1695.16,1664.937,1670.861,68187,94
1318885200,1670.861,1676.976,1627.064,1657.918,103905,95
1318971600,1657.918,1665.38,1639.861,1640.686,78423,96
1319058000,1640.686,1645.031,1603.958,1620.777,126946,96
1319144400,1620.777,1648.672,1611.853,1641.765,85550,95
1319403600,1641.6,1662.052,1635.632,1653.734,68572,95
1319490000,1653.734,1709.054,1643.939,1705.224,95036,96
1319576400,1705.224,1726.74,1695.33,1724.926,85566,95
1319662800,1724.926,1750.092,1706.224,1744.747,85762,94
1319749200,1744.747,1752.728,1732.408,1744.175,63310,95
1320008400,1743.175,1745.244,1704.567,1714.997,103819,93
1320094800,1714.997,1724.445,1681.408,1719.878,120465,95
1320181200,1719.878,1744.36,1714.536,1738.515,92177,96
1320267600,1738.515,1767.913,1722.886,1763.812,115792,94
1320354000,1763.812,1764.826,1749.089,1754.863,70107,94
1320616800,1754.893,1798.558,1752.883,1795.16,60224,93
1320703200,1795.16,1803.023,1777.089,1786.235,66331,95
1320789600,1786.235,1799.81,1764.195,1769.935,89652,96
1320876000,1769.935,1775.631,1735.97,1758.393,92517,94
1320962400,1758.393,1789.505,1745.773,1788.551,64341,95
1321221600,1788.35,1796.331,1773.901,1780.424,65247,92
1321308000,1780.424,1786.355,1760.407,1780.84,67889,95
1321394400,1780.84,1783.723,1753.481,1763.4,85248,95
1321480800,1763.4,1767.122,1710.627,1721.517,108544,94
1321567200,1721.517,1737.763,1711.129,1723.812,90810,95
1321826400,1723.812,1726.597,1666.683,1677.365,78197,93
1321912800,1677.365,1705.694,1670.803,1699.591,61559,96
1321999200,1699.591,1710.165,1677.379,1692.453,60566,95
1322085600,1692.453,1701.981,1687.799,1695.517,24118,88
1322172000,1695.517,1698.054,1672.04,1681.145,43451,86
1322431200,1683.395,1720.749,1683.395,1712.569,43703,93
1322517600,1712.569,1720.247,1703.967,1715.565,39339,94
1322604000,1715.565,1750.33,1700.882,1746.439,62930,93
1322690400,1746.439,1754.378,1733.836,1744.763,40881,94
1322776800,1744.763,1763.305,1738.177,1746.4,39477,94
1323036000,1746.55,1755.027,1717.948,1722.75,44862,95
1323122400,1722.75,1733.184,1702.293,1728.668,49541,95
1323208800,1728.668,1742.926,1720.317,1741.993,42784,94
1323295200,1741.993,1756.306,1704.158,1708.372,59748,95
1323381600,1708.372,1724.138,1703.676,1711.326,49759,95
1323640800,1711.326,1714.936,1657.427,1666.513,49286,94
1323727200,1666.513,1678.269,1622.556,1631.365,61449,94
1323813600,1631.365,1641.818,1563.824,1573.966,80625,94
1323900000,1573.966,1594.083,1560.503,1570.466,75100,95
1323986400,1570.466,1601.443,1570.033,1599.012,52469,94
1324245600,1599.012,1608.838,1583.512,1594.346,48934,92
1324332000,1594.346,1618.647,1592.427,1615.539,33633,94
1324418400,1615.539,1641.892,1606.107,1615.167,46866,93
1324504800,1615.167,1616.994,1598.075,1606.176,38144,93
1324591200,1606.176,1614.03,1602.78,1607.032,19113,94
1324850400,1607.032,1614.032,1598.522,1602.05,142,16
1324936800,1602.05,1607.63,1589.751,1593.071,20153,94
1325023200,1593.071,1593.218,1549.812,1556.887,36902,93
1325109600,1556.887,1561.58,1522.764,1545.817,50777,93
1325196000,1545.817,1581.625,1545.817,1565.025,35723,93
1325541600,1565.025,1607.436,1565.025,1604.019,37138,93
1325628000,1604.019,1618.723,1592.969,1612.027,48419,94
1325714400,1612.027,1625.704,1596.954,1622.715,51713,93
1325800800,1622.715,1631.319,1608.692,1617.566,48927,94
1326060000,1617.566,1623.743,1605.211,1611.348,42215,92
1326146400,1611.348,1640.455,1608.691,1632.629,36379,93
1326232800,1632.629,1647.278,1630.332,1641.938,38320,93
1326319200,1641.938,1662.15,1640.305,1650.068,37076,94
1326405600,1650.068,1650.068,1625.507,1639.5,46231,93
1326664800,1639.5,1647.065,1631.569,1643.705,23022,92
1326751200,1643.705,1667.684,1641.957,1652.342,35294,93
1326837600,1652.342,1662.496,1642.727,1659.845,44840,94
1326924000,1659.845,1670.235,1649.322,1658.586,37348,94
1327010400,1658.586,1666.957,1645.161,1666.523,35359,95
1327269600,1666.493,1681.56,1662.837,1676.825,34137,94
1327356000,1676.825,1679.847,1661.62,1665.566,32108,93
1327442400,1665.566,1713.106,1649.16,1710.613,45427,95
1327528800,1710.613,1730.849,1703.214,1720.935,44962,95
1327615200,1720.935,1739.984,1714.636,1738.683,35628,94
1327874400,1738.683,1739.935,1716.518,1729.828,34630,93
1327960800,1729.828,1747.693,1726.251,1737.721,40239,95
1328047200,1737.721,1751.182,1732.743,1744.365,38874,94
1328133600,1744.365,1761.194,1741.054,1759.455,38755,92
1328220000,1759.455,1763.245,1723.777,1726.235,46843,93
1328479200,1726.235,1738.267,1711.983,1720.167,40963,93
1328565600,1720.167,1749.988,1710.305,1745.337,42821,92
1328652000,1745.337,1752.18,1724.535,1733.738,41380,94
1328738400,1733.738,1752.624,1726.034,1729.323,50957,93
1328824800,1729.323,1734.89,1704.688,1722.096,50069,94
1329084000,1722.096,1733.309,1716.239,1722.303,36853,94
1329170400,1722.303,1727.881,1712.269,1720.236,45133,93
1329256800,1720.236,1737.447,1718.706,1728.179,39249,95
1329343200,1728.179,1730.05,1705.393,1728.287,45267,94
1329429600,1728.287,1735.905,1717.262,1723.384,31806,94
1329688800,1724.384,1737.235,1724.384,1735.05,18761,90
1329775200,1735.05,1759.993,1730.983,1759.207,36656,94
1329861600,1759.207,1781.831,1749.343,1776.461,36365,93
1329948000,1776.461,1787.441,1772.303,1780.676,37042,94
1330034400,1780.676,1782.884,1770.57,1772.413,34502,94
1330293600,1772.413,1779.448,1761.625,1767.61,36248,94
1330380000,1767.61,1790.214,1765.898,1784.253,36030,94
1330466400,1784.253,1790.792,1688.483,1696.912,79411,93
1330552800,1696.912,1726.175,1694.795,1718.143,68950,94
1330639200,1718.143,1724.39,1705.033,1712.555,46320,94
1330898400,1711.455,1716.872,1694.029,1706.372,44514,93
1330984800,1706.372,1709.011,1663.34,1674.443,60245,95
1331071200,1674.443,1688.268,1671.359,1684.9,39109,94
1331157600,1684.9,1704.015,1683.486,1699.859,37401,94
1331244000,1699.859,1715.307,1676.67,1713.925,46838,94
1331499600,1713.925,1716.809,1692.583,1701.285,44666,93
1331586000,1701.285,1705.826,1662.032,1674.008,53017,95
1331672400,1674.008,1682.489,1634.612,1644.718,53306,94
1331758800,1644.718,1666.694,1636.24,1658.65,45222,96
1331845200,1658.65,1664.864,1639.836,1660.023,39502,94
1332104400,1660.023,1669.913,1652.357,1664.398,31433,94
1332190800,1664.398,1664.763,1641.513,1650.791,35724,95
1332277200,1650.791,1661.933,1646.666,1650.807,34782,94
1332363600,1650.807,1656.536,1628.18,1646.048,42670,96
1332450000,1646.048,1666.515,1642.236,1661.975,36034,95
1332709200,1661.975,1693.659,1655.684,1690.172,35205,94
1332795600,1690.172,1697.248,1679.698,1680.723,29519,95
1332882000,1680.723,1684.605,1654.835,1663.497,33943,95
1332968400,1663.497,1664.994,1645.233,1661.614,31607,95
1333054800,1661.614,1671.126,1659.791,1668.324,28239,93
1333314000,1668.854,1683.574,1663.041,1677.741,26931,94
1333400400,1677.741,1681.15,1639.05,1646.015,39355,95
1333486800,1646.015,1648.165,1612.394,1620.625,42808,95
1333573200,1620.625,1633.67,1620.043,1631.224,29251,95
1333659600,1631.224,1641.937,1627.611,1640.0,658,54
1333918800,1641.5,1648.841,1635.69,1640.291,24551,94
1334005200,1640.291,1663.105,1632.036,1659.879,38862,94
1334091600,1659.879,1662.684,1653.005,1658.899,32286,94
1334178000,1658.899,1680.22,1650.619,1675.793,31410,94
1334264400,1675.793,1679.443,1649.425,1658.402,35431,93
1334523600,1658.382,1658.732,1641.425,1651.928,34551,94
1334610000,1651.928,1657.529,1634.646,1649.641,31174,93
1334696400,1649.641,1654.498,1637.975,1642.172,28489,94
1334782800,1642.172,1653.944,1631.221,1642.796,36702,95
1334869200,1642.796,1647.336,1638.656,1643.055,24524,95
1335128400,1642.677,1643.4,1623.37,1638.817,28148,94
1335214800,1638.817,1649.419,1634.151,1642.141,22157,95
1335301200,1642.141,1646.728,1624.945,1643.841,35004,95
1335387600,1643.841,1661.188,1641.999,1657.399,24283,95
1335474000,1657.399,1667.781,1650.708,1662.988,22774,95
1335733200,1662.988,1666.269,1646.133,1664.889,21444,92
1335819600,1664.889,1671.62,1657.144,1662.404,17632,95
1335906000,1662.404,1663.241,1646.164,1653.563,26172,94
1335992400,1653.563,1653.754,1631.17,1636.061,29603,95
1336078800,1636.061,1647.513,1626.691,1642.366,30284,95
1336338000,1642.366,1642.626,1632.135,1638.482,22960,96
1336424400,1638.482,1639.209,1595.479,1605.575,35092,95
1336510800,1605.575,1606.578,1579.594,1589.575,43443,95
1336597200,1589.575,1602.045,1585.844,1594.099,28573,95
1336683600,1594.099,1595.189,1573.622,1579.481,30306,95
1336942800,1580.3,1585.857,1556.234,1556.655,32772,92
1337029200,1556.655,1564.389,1541.657,1544.028,31340,94
1337115600,1544.028,1552.296,1527.117,1539.603,58766,95
1337202000,1539.603,1579.984,1538.8,1574.177,55794,95
1337288400,1574.177,1597.585,1568.115,1593.139,53569,95
1337547600,1593.489,1599.234,1584.997,1593.215,39970,95
1337634000,1593.215,1594.543,1561.644,1568.548,41965,95
1337720400,1568.548,1568.919,1533.557,1561.52,68252,95
1337806800,1561.52,1578.023,1551.676,1559.229,58174,96
1337893200,1559.229,1574.298,1551.42,1572.913,47457,95
1338152400,1573.913,1583.452,1571.569,1575.588,20990,93
1338238800,1575.588,1582.792,1548.549,1555.255,49885,96
1338325200,1555.255,1569.579,1532.244,1563.175,60725,95
1338411600,1563.175,1573.236,1552.344,1560.508,57993,95
1338498000,1560.508,1630.165,1545.293,1624.251,72299,95
1338757200,1625.001,1628.184,1608.87,1618.855,57265,93
1338843600,1618.855,1623.663,1612.064,1617.008,48535,95
1338930000,1617.008,1640.938,1613.802,1619.246,60599,95
1339016400,1619.246,1629.303,1578.722,1589.455,76888,95
1339102800,1589.455,1595.3,1558.284,1593.563,62757,95
1339362000,1598.313,1608.233,1581.954,1596.651,49323,94
1339448400,1596.651,1617.679,1586.057,1609.915,43358,96
1339534800,1609.915,1624.787,1606.171,1617.119,35774,95
1339621200,1617.119,1628.06,1609.567,1623.601,38488,95
1339707600,1623.601,1633.982,1619.882,1627.34,30843,96
1339966800,1627.34,1630.382,1607.879,1628.147,40355,93
1340053200,1628.147,1633.463,1617.523,1618.387,31356,95
1340139600,1618.387,1622.852,1590.444,1607.453,53488,96
1340226000,1607.453,1607.455,1564.496,1566.239,49703,95
1340312400,1566.239,1573.559,1558.401,1572.686,31709,94
1340571600,1572.686,1588.439,1566.451,1584.488,29821,92
1340658000,1584.488,1587.574,1567.844,1572.943,28709,95
1340744400,1572.943,1583.562,1562.774,1574.246,30627,94
1340830800,1574.246,1579.136,1548.111,1552.905,37250,94
1340917200,1552.905,1607.251,1551.198,1597.584,42292,95
1341176400,1597.584,1602.605,1587.36,1596.906,27057,93
1341262800,1596.906,1624.961,1594.981,1617.462,25616,95
1341349200,1617.462,1620.47,1611.682,1615.15,14089,88
1341435600,1615.15,1624.001,1597.53,1604.603,38659,93
1341522000,1604.603,1609.966,1576.551,1583.823,40174,95
1341781200,1583.823,1593.042,1576.752,1587.625,22848,92
1341867600,1587.625,1601.598,1564.697,1567.349,30188,94
1341954000,1567.349,1583.618,1566.04,1576.318,30287,95
1342040400,1576.318,1578.147,1555.126,1572.1,35504,94
1342126800,1572.1,1596.894,1566.231,1589.548,24976,95
1342386000,1589.548,1594.961,1578.067,1589.466,24985,92
1342472400,1589.466,1599.261,1571.635,1583.296,36141,93
1342558800,1583.296,1586.115,1567.903,1573.506,29028,94
1342645200,1573.506,1591.722,1572.951,1581.36,27099,95
1342731600,1581.36,1587.27,1573.667,1584.534,27410,95
1342990800,1584.534,1584.534,1563.469,1576.909,28009,94
1343077200,1576.909,1584.717,1568.94,1581.078,31581,95
1343163600,1581.078,1610.657,1579.006,1604.4,32947,95
1343250000,1604.4,1622.039,1601.402,1615.771,34529,96
1343336400,1615.771,1629.692,1611.889,1623.526,34972,94
1343595600,1623.526,1626.659,1614.37,1622.076,19010,92
1343682000,1622.076,1628.163,1610.995,1614.535,29085,94
1343768400,1614.535,1618.574,1592.061,1599.752,35657,95
1343854800,1599.752,1615.507,1584.153,1587.981,47283,94
1343941200,1587.981,1606.875,1585.922,1603.546,30594,95
1344200400,1603.546,1615.597,1602.471,1610.762,21939,93
1344286800,1610.762,1618.579,1608.832,1612.239,22258,93
1344373200,1612.239,1616.841,1603.463,1612.373,22621,95
1344459600,1612.373,1618.428,1609.758,1617.156,18402,94
1344546000,1617.156,1626.606,1605.731,1620.164,22580,93
1344805200,1620.164,1625.732,1607.471,1609.792,20462,93
1344891600,1609.792,1616.435,1592.796,1599.045,22930,94
1344978000,1599.045,1606.574,1590.117,1603.452,22025,93
1345064400,1603.452,1619.063,1600.966,1615.107,19652,94
1345150800,1615.107,1620.45,1611.756,1615.751,18122,93
1345410000,1615.751,1622.559,1609.815,1620.491,17111,94
1345496400,1620.491,1641.464,1618.793,1637.826,19328,94
1345582800,1637.826,1656.004,1634.638,1654.397,24464,94
1345669200,1654.397,1675.033,1652.662,1670.508,27120,94
1345755600,1670.508,1673.876,1662.73,1670.432,20320,94
1346014800,1670.432,1676.898,1663.317,1664.029,19311,94
1346101200,1664.029,1672.406,1657.181,1666.845,21665,94
1346187600,1666.845,1669.994,1652.362,1656.433,19240,93
1346274000,1656.433,1664.171,1651.319,1655.556,18670,93
1346360400,1655.556,1693.146,1646.488,1691.885,32092,93
1346619600,1691.885,1695.449,1685.587,1693.65,13790,80
1346706000,1693.65,1699.085,1688.094,1695.835,25602,92
1346792400,1695.835,1696.164,1687.414,1692.987,22941,93
1346878800,1692.987,1713.763,1691.627,1700.333,34328,93
1346965200,1700.333,1741.984,1689.123,1735.758,32041,93
1347224400,1735.758,1740.049,1724.862,1725.971,22608,92
1347310800,1725.971,1738.081,1725.142,1732.003,21526,94
1347397200,1732.003,1747.143,1725.351,1730.728,33646,93
1347483600,1730.728,1772.81,1718.912,1766.977,43811,93
1347570000,1766.977,1777.909,1765.695,1770.465,38230,94
1347829200,1770.465,1776.621,1754.223,1761.196,28414,92
1347915600,1761.196,1773.49,1752.392,1771.801,34446,94
1348002000,1771.801,1779.449,1762.258,1770.344,32916,94
1348088400,1770.344,1772.31,1756.04,1768.521,30765,94
1348174800,1768.521,1787.584,1766.896,1773.074,33383,96
1348434000,1773.074,1773.074,1755.743,1764.393,29677,93
1348520400,1764.393,1775.11,1758.876,1760.699,30722,94
1348606800,1760.699,1765.62,1736.572,1752.718,31199,94
1348693200,1752.718,1780.389,1751.154,1777.389,32344,94
1348779600,1777.389,1783.274,1767.426,1772.262,34945,93
1349038800,1772.262,1791.744,1763.549,1774.923,37985,93
1349125200,1774.923,1784.402,1770.721,1774.526,31844,94
1349211600,1774.526,1781.865,1771.035,1777.971,28713,93
1349298000,1777.971,1795.301,1777.755,1790.372,30388,93
1349384400,1790.372,1796.001,1773.137,1780.757,28861,93
1349643600,1780.757,1780.757,1766.763,1774.814,23656,92
1349730000,1774.814,1779.815,1760.583,1764.262,29632,93
1349816400,1764.262,1768.28,1757.093,1762.32,27368,93
1349902800,1762.32,1774.976,1758.693,1767.241,25090,93
1349989200,1767.241,1773.394,1752.265,1753.992,25657,93
1350248400,1753.992,1754.175,1728.659,1737.366,28182,94
1350334800,1737.366,1748.232,1734.955,1747.49,20487,94
1350421200,1747.49,1753.671,1742.939,1750.054,22223,94
1350507600,1750.054,1752.197,1738.265,1741.415,21331,93
1350594000,1741.415,1743.502,1716.427,1721.717,26917,93
1350853200,1721.717,1729.42,1713.819,1728.5,21580,93
1350939600,1728.5,1730.346,1704.121,1707.685,26973,93
1351026000,1707.685,1714.388,1698.736,1702.008,28661,95
1351112400,1702.008,1718.088,1701.624,1712.069,22711,93
1351198800,1712.069,1718.892,1700.935,1711.268,27699,93
1351458000,1711.268,1717.36,1706.124,1709.294,15326,94
1351544400,1709.294,1715.292,1705.281,1709.674,14383,94
1351630800,1709.674,1726.097,1709.359,1720.617,20973,93
1351717200,1720.617,1727.071,1713.722,1714.28,21225,93
1351803600,1714.28,1717.004,1674.669,1677.982,31770,93
1352066400,1677.982,1686.35,1672.738,1684.984,21710,92
1352152800,1684.984,1720.98,1683.749,1716.003,25717,93
1352239200,1716.003,1732.159,1703.225,1717.613,44874,93
1352325600,1717.613,1735.16,1712.87,1731.382,29239,93
1352412000,1731.382,1738.957,1727.156,1731.106,30782,93
1352671200,1731.106,1738.105,1725.927,1728.265,21195,92
1352757600,1728.265,1733.125,1717.965,1725.015,27267,93
1352844000,1725.015,1734.116,1720.817,1726.404,26766,93
1352930400,1726.404,1728.037,1704.884,1715.863,30489,93
1353016800,1715.863,1717.517,1705.894,1713.962,26652,93
1353276000,1713.962,1735.708,1713.962,1731.71,20973,92
1353362400,1731.71,1735.593,1722.231,1727.065,22428,93
1353448800,1727.065,1732.095,1719.826,1728.783,20495,93
1353535200,1728.783,1732.627,1728.35,1730.438,8423,78
1353621600,1730.438,1754.49,1728.279,1750.792,17497,77
1353880800,1750.792,1752.244,1746.115,1748.699,20393,92
1353967200,1748.699,1751.928,1740.594,1742.185,21672,93
1354053600,1742.185,1743.177,1705.89,1719.638,30570,93
1354140000,1719.638,1728.712,1718.146,1725.697,22858,93
1354226400,1725.697,1731.811,1708.571,1714.878,26614,93
1354485600,1714.878,1722.767,1712.837,1715.847,21922,92
1354572000,1715.847,1717.474,1691.434,1697.6,29409,93
1354658400,1697.6,1706.995,1684.86,1693.907,24742,93
1354744800,1693.907,1703.359,1686.049,1699.891,26555,93
1354831200,1699.891,1705.538,1684.008,1704.266,27010,93
1355090400,1704.266,1717.345,1702.905,1712.962,15059,92
1355176800,1712.962,1714.515,1704.99,1710.079,16806,93
1355263200,1710.079,1723.4385,1707.517,1711.697,66461,93
1355349600,1711.697,1711.9985,1689.614,1697.136,48775,93
1355436000,1697.136,1700.607,1693.432,1696.064,82647,93
1355695200,1696.064,1699.9525,1686.658,1698.2325,69205,92
1355781600,1698.2325,1703.296,1661.0455,1671.1615,93677,93
1355868000,1671.1615,1676.95,1663.5355,1667.256,86952,93
1355954400,1667.256,1672.0125,1635.8375,1647.956,110578,93
1356040800,1647.956,1659.855,1635.807,1657.0375,98530,93
1356300000,1657.0375,1665.97,1652.115,1658.4545,49334,77
1356472800,1658.4545,1668.083,1657.7505,1659.513,22269,36
1356559200,1659.513,1665.4695,1652.738,1664.1235,66590,93
1356645600,1664.1235,1666.5015,1653.8235,1656.088,64015,93
1356904800,1656.088,1680.5195,1655.626,1676.2445,54517,77
1357077600,1676.2445,1694.972,1673.1455,1686.886,87541,84
1357164000,1686.886,1690.119,1660.9705,1664.025,98376,93
1357250400,1664.025,1664.307,1626.0225,1655.7705,162693,93
1357509600,1655.7705,1662.828,1642.932,1646.9935,101286,92
1357596000,1646.9935,1662.719,1646.849,1659.2565,111965,93
1357682400,1659.2565,1666.0625,1651.538,1657.81,83304,93
1357768800,1657.81,1678.9675,1653.9715,1675.454,89766,93
1357855200,1675.454,1676.974,1653.4955,1662.8785,102833,93
1358114400,1662.8785,1675.016,1660.213,1667.793,73645,92
1358200800,1667.793,1685.221,1666.642,1679.455,101143,93
1358287200,1679.455,1684.9055,1673.7115,1680.0,76264,93
1358373600,1680.0,1697.37,1666.861,1687.709,108509,93
1358460000,1687.709,1695.397,1683.818,1684.394,86969,93
1358719200,1684.394,1691.402,1684.394,1689.915,51502,81
1358805600,1689.915,1696.1745,1686.8295,1692.7385,76344,92
1358892000,1692.7385,1695.151,1683.8415,1685.852,66770,93
1358978400,1685.852,1686.3125,1665.125,1668.04,93875,93
1359064800,1668.04,1672.3705,1656.046,1658.7695,103889,93
1359324000,1658.7695,1662.527,1652.116,1655.6745,64993,92
1359410400,1655.6745,1666.1685,1654.7495,1663.847,65066,93
1359496800,1663.847,1684.0985,1662.9615,1677.0625,93500,93
1359583200,1677.0625,1680.882,1658.0125,1663.6705,91803,93
1359669600,1663.6705,1682.444,1660.124,1667.4585,112326,93
1359928800,1667.4585,1677.708,1661.5595,1674.412,78370,92
1360015200,1674.412,1685.483,1666.761,1672.877,91945,93
1360101600,1672.877,1679.879,1668.325,1677.611,72025,93
1360188000,1677.611,1683.237,1663.19,1671.452,111096,93
1360274400,1671.452,1673.6485,1665.24,1667.3135,83092,93
1360533600,1667.3135,1669.7465,1643.822,1648.021,112059,92
1360620000,1648.021,1653.449,1639.3525,1651.3275,144190,93
1360706400,1651.3275,1653.9565,1640.5415,1642.5765,144181,93
1360792800,1642.5765,1650.141,1632.9665,1634.8815,174978,93
1360879200,1634.8815,1636.12,1598.0195,1610.084,219233,93
1361138400,1610.084,1618.912,1607.285,1609.891,15150,77
1361224800,1609.891,1615.289,1600.8695,1605.1085,51805,92
1361311200,1605.1085,1609.582,1558.7555,1564.5105,281068,93
1361397600,1564.5105,1585.116,1555.0955,1576.2965,275275,93
1361484000,1576.2965,1587.296,1570.06,1581.3815,181804,93
1361743200,1581.3815,1597.074,1575.305,1593.437,191581,92
1361829600,1593.437,1620.1655,1584.2665,1613.7045,278366,93
1361916000,1613.7045,1614.9595,1592.432,1597.153,161337,93
1362002400,1597.153,1603.098,1575.054,1579.6075,196226,93
1362088800,1579.6075,1587.3835,1564.937,1576.35,206995,93
1362348000,1576.35,1585.034,1569.529,1573.9025,157832,92
1362434400,1573.9025,1586.6635,1572.169,1575.379,142810,93
1362520800,1575.379,1585.1475,1567.3995,1583.879,162694,93
1362607200,1583.879,1585.626,1575.0565,1578.963,145905,93
1362693600,1578.963,1583.9815,1561.5515,1578.793,209465,93
1362949200,1578.793,1583.325,1575.666,1581.5345,106159,92
1363035600,1581.5345,1598.4785,1580.0815,1592.8575,127469,93
1363122000,1592.8575,1599.498,1585.632,1587.782,141028,93
1363208400,1587.782,1593.4015,1576.854,1590.041,149704,93
1363294800,1590.041,1598.991,1588.667,1592.0765,107135,93
1363554000,1592.0765,1611.252,1591.2255,1605.5645,184515,92
1363640400,1605.5645,1615.7095,1600.1705,1612.897,150991,93
1363726800,1612.897,1614.8665,1600.827,1606.973,71478,93
1363813200,1606.973,1616.9575,1604.632,1614.8375,92232,93
1363899600,1614.8375,1616.114,1603.662,1608.8025,87969,93
1364158800,1608.8025,1613.7775,1589.827,1605.1465,119312,92
1364245200,1605.1465,1606.201,1594.6505,1599.9245,89503,93
1364331600,1599.9245,1608.4345,1591.5645,1605.31,93813,93
1364418000,1605.31,1607.7665,1594.0565,1597.0015,99038,93
1364504400,1597.0015,1597.1375,1596.686,1596.9465,167,1
1364763600,1596.9465,1601.2115,1594.864,1599.5435,73974,92
1364850000,1599.5435,1604.019,1573.8615,1575.9755,108740,93
1364936400,1575.9755,1577.2205,1549.8865,1557.9685,158626,93
1365022800,1557.9685,1559.6405,1540.208,1554.7385,177712,93
1365109200,1554.7385,1581.352,1549.462,1581.136,163913,93
1365368400,1581.136,1583.2695,1567.3965,1573.5065,99770,92
1365454800,1573.5065,1590.39,1570.609,1585.361,111693,93
1365541200,1585.361,1588.791,1555.8755,1558.48,147306,93
1365627600,1558.48,1568.492,1553.515,1561.452,128210,93
1365714000,1561.452,1564.761,1480.8975,1483.187,265819,93
1365973200,1483.187,1495.676,1335.7025,1347.795,709772,92
1366059600,1347.795,1403.7745,1321.9365,1367.399,533795,93
1366146000,1367.399,1395.248,1365.152,1376.4095,367943,93
1366232400,1376.4095,1402.2725,1337.049,1390.569,330133,93
1366318800,1390.569,1425.0905,1386.0375,1403.867,239812,93
1366578000,1403.867,1439.226,1403.867,1426.3985,239588,92
1366664400,1426.3985,1432.9365,1404.898,1413.093,271560,93
1366750800,1413.093,1434.067,1412.477,1431.964,207896,93
1366837200,1431.964,1469.198,1427.233,1468.0,215839,93
1366923600,1468.0,1485.4495,1448.289,1462.3225,290609,93
1367182800,1462.3225,1479.014,1462.3225,1475.79,177821,92
1367269200,1475.79,1480.4135,1461.252,1476.744,190990,93
1367355600,1476.744,1478.064,1440.612,1457.594,224036,93
1367442000,1457.594,1473.9555,1448.927,1467.1335,198421,93
1367528400,1467.1335,1488.081,1456.3315,1470.85,221706,93
1367787600,1470.85,1479.0805,1464.762,1469.491,131094,92
1367874000,1469.491,1470.773,1441.396,1452.7055,213913,93
1367960400,1452.7055,1476.9505,1447.79,1474.0865,187789,93
1368046800,1474.0865,1476.498,1453.607,1458.189,173032,93
1368133200,1458.189,1462.3245,1419.7785,1448.3,260825,93
1368392400,1448.3,1449.817,1426.0485,1430.5685,154254,92
1368478800,1430.5685,1445.6705,1421.3235,1425.4915,181976,93
1368565200,1425.4915,1430.931,1388.8695,1393.099,252084,93
1368651600,1393.099,1398.2715,1369.802,1385.992,260131,93
1368738000,1385.992,1393.13,1355.414,1359.5035,286398,93
1368997200,1359.5035,1399.7155,1338.2725,1393.8645,334103,92
1369083600,1393.8645,1401.7295,1359.8665,1376.23,268484,93
1369170000,1376.23,1414.598,1354.68,1370.2205,381388,93
1369256400,1370.2205,1398.28,1356.851,1390.9625,312079,93
1369342800,1390.9625,1398.4295,1382.5945,1386.6045,169779,93
1369602000,1386.6045,1396.8125,1384.5255,1395.15,65172,77
1369688400,1395.15,1402.052,1373.7615,1381.183,212656,92
1369774800,1381.183,1395.518,1380.4055,1392.9235,181194,93
1369861200,1392.9235,1418.21,1388.949,1413.948,206007,93
1369947600,1413.948,1422.086,1385.0055,1387.9595,196633,93
1370206800,1387.9595,1417.067,1387.9595,1411.43,178976,92
1370293200,1411.43,1415.175,1389.1235,1399.53,182968,93
1370379600,1399.53,1410.6585,1395.891,1403.356,228695,93
1370466000,1403.356,1423.7265,1391.857,1413.921,272972,93
1370552400,1413.921,1417.99,1377.909,1382.9415,337268,93
1370811600,1382.9415,1389.0615,1375.9415,1386.367,200545,92
1370898000,1386.367,1387.8565,1366.087,1378.36,253910,93
1370984400,1378.36,1394.7495,1373.936,1388.7625,179439,93
1371070800,1388.7625,1395.083,1374.5845,1386.0085,240578,93
1371157200,1386.0085,1392.657,1378.533,1390.538,192454,93
1371416400,1390.538,1392.0975,1380.609,1385.317,120577,92
1371502800,1385.317,1386.131,1361.18,1367.688,183048,93
1371589200,1367.688,1376.7075,1349.304,1351.35,210493,93
1371675600,1351.35,1352.3625,1276.3995,1285.0025,544736,93
1371762000,1285.0025,1302.5545,1269.631,1296.352,335685,93
1372021200,1296.352,1301.544,1276.2155,1282.333,271041,92
1372107600,1282.333,1289.637,1271.764,1277.711,241437,93
1372194000,1277.711,1278.247,1221.946,1226.6485,464333,93
1372280400,1226.6485,1244.879,1197.0505,1200.6,367022,93
1372366800,1200.6,1235.4635,1180.5125,1234.686,425328,93
1372626000,1234.686,1261.794,1225.426,1252.588,302838,92
1372712400,1252.588,1267.6525,1239.7795,1243.42,255892,93
1372798800,1243.42,1260.1655,1236.954,1252.7945,255376,93
1372885200,1252.7945,1258.1595,1245.049,1248.857,141361,78
1372971600,1248.857,1250.774,1208.306,1223.095,292035,92
1373230800,1223.095,1238.8005,1215.8145,1237.0985,209906,92
1373317200,1237.0985,1260.509,1233.6585,1251.3535,215404,93
1373403600,1251.3535,1266.0925,1243.998,1259.7745,285514,93
1373490000,1259.7745,1299.023,1259.4585,1286.1575,318694,93
1373576400,1286.1575,1288.807,1267.9905,1285.589,189599,93
1373835600,1285.589,1295.0705,1274.2615,1284.6725,172546,92
1373922000,1284.6725,1295.758,1277.294,1292.109,201861,93
1374008400,1292.109,1300.764,1270.3695,1275.9785,298959,93
1374094800,1275.9785,1288.8755,1274.537,1284.2635,197216,93
1374181200,1284.2635,1298.054,1282.596,1296.111,163071,93
1374440400,1296.111,1339.5115,1296.111,1335.885,238625,92
1374526800,1335.885,1346.8825,1326.7395,1345.169,198196,93
1374613200,1345.169,1348.1765,1313.319,1322.2455,254035,93
1374699600,1322.2455,1337.9555,1309.047,1333.8605,229280,93
1374786000,1333.8605,1340.995,1312.5485,1333.2735,215791,93
1375045200,1333.2735,1338.464,1322.991,1328.2515,165908,92
1375131600,1328.2515,1330.2005,1317.435,1326.426,145619,93
1375218000,1326.426,1339.335,1305.964,1325.082,292685,93
1375304400,1325.082,1331.2395,1307.8795,1310.172,240965,93
1375390800,1310.172,1318.687,1283.313,1311.832,282332,93
1375650000,1311.832,1320.8575,1297.6715,1303.0905,150570,92
1375736400,1303.0905,1307.1745,1279.384,1283.1725,223211,93
1375822800,1283.1725,1289.577,1272.9645,1287.59,198500,93
1375909200,1287.59,1314.4235,1283.1075,1313.297,226864,93
1375995600,1313.297,1317.345,1305.035,1314.5005,181024,93
1376254800,1314.5005,1344.0715,1314.5005,1338.378,227146,92
1376341200,1338.378,1341.493,1318.8795,1321.6145,275847,93
1376427600,1321.6145,1336.5225,1316.006,1336.2045,223847,93
1376514000,1336.2045,1370.2505,1318.917,1366.1825,376066,93
1376600400,1366.1825,1379.817,1357.804,1376.7015,325481,93
1376859600,1376.7015,1384.652,1362.575,1365.948,244745,92
1376946000,1365.948,1377.7635,1352.424,1371.256,253424,93
1377032400,1371.256,1379.24,1359.9745,1366.7195,285255,93
1377118800,1366.7195,1382.005,1355.365,1376.082,254792,93
1377205200,1376.082,1400.187,1368.795,1397.7785,251561,93
1377464400,1397.7785,1406.9655,1389.552,1404.6315,197950,92
1377550800,1404.6315,1423.8375,1395.683,1415.2105,255675,93
1377637200,1415.2105,1433.773,1413.5965,1417.4775,285530,93
1377723600,1417.4775,1418.6835,1402.586,1407.794,269299,93
1377810000,1407.794,1411.343,1392.318,1395.2885,226839,93
1378069200,1395.2885,1398.3525,1374.0295,1390.5765,140697,77
1378155600,1390.5765,1416.4415,1384.629,1412.3595,217103,92
1378242000,1412.3595,1415.0505,1384.854,1391.5855,212211,93
1378328400,1391.5855,1400.072,1365.126,1367.5515,249855,93
1378414800,1367.5515,1393.5555,1359.0425,1391.8705,235887,93
1378674000,1391.8705,1394.6085,1382.1525,1386.8545,116038,92
1378760400,1386.8545,1391.4335,1357.9635,1364.0285,159991,93
1378846800,1364.0285,1368.7705,1356.852,1365.2425,135040,93
1378933200,1365.2425,1366.782,1320.7545,1321.654,227326,93
1379019600,1321.654,1331.045,1305.013,1326.311,242949,93
1379278800,1326.311,1334.94,1303.102,1313.015,223074,92
1379365200,1313.015,1324.0435,1306.2165,1310.639,181193,93
1379451600,1310.639,1367.6485,1291.981,1364.076,319753,93
1379538000,1364.076,1375.453,1358.782,1366.3835,259417,93
1379624400,1366.3835,1368.2245,1324.995,1325.996,260391,93
1379883600,1325.996,1332.006,1313.6045,1322.728,223374,92
1379970000,1322.728,1329.4115,1305.8315,1323.4465,243397,93
1380056400,1323.4465,1338.206,1316.707,1334.4725,213945,93
1380142800,1334.4725,1339.4955,1318.9755,1324.0445,213755,93
1452549600,1094.2765,1099.3925,1083.577,1086.985,29734,92
1452636000,1086.985,1095.661,1079.908,1093.265,31021,92
1452722400,1093.265,1095.5445,1071.475,1078.2455,30958,92
1452808800,1078.2455,1097.515,1076.407,1088.7755,41336,92
1453068000,1088.7755,1093.5095,1087.6115,1089.04,12951,77
1453154400,1089.04,1094.7285,1082.471,1087.4425,28139,92
1453240800,1087.4425,1109.851,1087.014,1101.059,37033,92
1453327200,1101.059,1104.6495,1092.528,1101.0915,41348,92
1453413600,1101.0915,1102.9665,1094.157,1097.653,26360,92
1453672800,1097.653,1109.06,1097.344,1107.87,21597,92
1453759200,1107.87,1123.0545,1107.139,1120.0405,25618,92
1453845600,1120.0405,1128.1735,1114.965,1124.867,30484,92
1453932000,1124.867,1126.0365,1110.655,1114.916,29462,92
1454018400,1114.916,1118.7305,1108.5835,1118.143,34227,92
1454277600,1118.143,1129.946,1115.614,1128.429,22596,92
1454364000,1128.429,1131.2105,1122.344,1128.807,21299,92
1454450400,1128.807,1145.6305,1124.519,1142.589,40321,92
1454536800,1142.589,1157.4735,1139.3915,1155.6375,38958,92
1454623200,1155.6375,1174.66,1145.371,1173.5065,50813,92
1454882400,1173.5065,1200.9675,1164.2965,1189.305,50704,92
1454968800,1189.305,1199.009,1185.7745,1189.015,55346,92
1455055200,1189.015,1197.773,1181.644,1197.3025,55974,92
1455141600,1197.3025,1263.436,1195.946,1246.798,140278,92
1455228000,1246.798,1248.3805,1232.4815,1237.951,73393,92
1455487200,1237.951,1237.951,1202.228,1209.3815,43729,76
1455573600,1209.3815,1217.162,1190.9975,1200.0915,60209,92
1455660000,1200.0915,1213.8895,1195.79,1208.534,55975,92
1455746400,1208.534,1240.021,1200.843,1231.0675,48239,92
1455832800,1231.0675,1234.666,1220.1055,1226.326,54836,92
1456092000,1226.326,1226.384,1202.046,1208.908,46565,92
1456178400,1208.908,1228.355,1207.29,1227.121,56447,92
1456264800,1227.121,1253.378,1222.006,1229.0185,73200,92
1456351200,1229.0185,1243.542,1221.2405,1233.1685,71720,92
1456437600,1233.1685,1240.494,1211.5645,1222.997,59862,92
1456696800,1222.997,1241.28,1215.759,1238.6045,53810,92
1456783200,1238.6045,1248.6615,1227.281,1232.168,56964,92
1456869600,1232.168,1244.2495,1224.868,1239.983,50113,92
1456956000,1239.983,1268.519,1237.567,1264.7735,52681,92
1457042400,1264.7735,1279.9235,1250.168,1259.277,108398,92
1457301600,1259.277,1273.2915,1256.7525,1267.4265,54912,92
1457388000,1267.4265,1278.217,1260.338,1261.5965,53893,92
1457474400,1261.5965,1265.047,1243.055,1253.0905,52444,92
1457560800,1253.0905,1273.4855,1237.0325,1272.2765,98595,92
1457647200,1272.2765,1284.979,1248.455,1250.3545,63633,92
1457902800,1250.3545,1261.1565,1229.376,1235.2065,43540,92
1457989200,1235.2065,1238.242,1225.664,1232.681,43795,92
1458075600,1232.681,1264.0485,1226.7395,1262.3405,60347,92
1458162000,1262.3405,1271.057,1254.5985,1258.028,59460,92
1458248400,1258.028,1267.0265,1247.854,1255.2935,37190,92
1458507600,1255.2935,1256.144,1240.7405,1243.6605,35868,92
1458594000,1243.6605,1260.3555,1242.5025,1248.2735,39386,92
1458680400,1248.2735,1249.5335,1215.4055,1220.4375,46784,92
1458766800,1220.4375,1223.9015,1211.108,1217.3005,33968,92
1459112400,1217.3005,1223.1955,1207.873,1221.351,25008,92
1459198800,1221.351,1243.161,1215.3895,1242.3835,43363,92
1459285200,1242.3835,1244.432,1223.3615,1224.9465,41564,92
1459371600,1224.9465,1240.6005,1223.7755,1232.945,40355,92
1459458000,1232.945,1235.4845,1209.0145,1222.3655,55688,92
1459717200,1222.3655,1222.7405,1214.7315,1215.4245,30693,92
1459803600,1215.4245,1237.0785,1214.9345,1231.3475,39521,92
1459890000,1231.3475,1232.3085,1216.6775,1222.325,41363,92
1459976400,1222.325,1243.351,1222.325,1240.512,49722,92
1460062800,1240.512,1242.808,1229.6695,1239.6775,40414,92
1460322000,1239.6775,1258.838,1239.6775,1257.568,45614,92
1460408400,1257.568,1262.7885,1251.287,1255.7105,41847,92
1460494800,1255.7105,1256.8775,1239.779,1242.7725,41910,92
1460581200,1242.7725,1244.189,1223.96,1227.366,54265,92
1460667600,1227.366,1235.979,1225.383,1234.0655,36339,92
1460926800,1234.0655,1241.7395,1230.091,1232.5985,42170,92
1461013200,1232.5985,1256.741,1227.8195,1250.28,55066,92
1461099600,1250.28,1258.082,1242.5595,1244.2755,50010,92
1461186000,1244.2755,1270.3615,1242.71,1248.1875,88266,92
1461272400,1248.1875,1252.736,1227.586,1232.3945,70628,92
1461531600,1232.3945,1242.502,1230.238,1237.961,43167,92
1461618000,1237.961,1245.0495,1231.5035,1243.395,49815,92
1461704400,1243.395,1252.9985,1239.543,1245.7225,69961,92
1461790800,1245.7225,1269.7525,1237.271,1266.6015,75752,92
1461877200,1266.6015,1296.913,1265.1165,1293.3535,76715,92
1462136400,1293.3535,1303.838,1287.662,1291.5655,67274,92
1462222800,1291.5655,1301.898,1282.171,1286.4645,66018,92
1462309200,1286.4645,1289.88,1271.9285,1279.4655,62387,92
1462395600,1279.4655,1286.5925,1268.981,1277.868,55899,92
1462482000,1277.868,1295.647,1274.5925,1287.737,71862,92
1462741200,1287.737,1287.737,1261.4475,1264.0285,57921,92
1462827600,1264.0285,1270.1205,1256.9375,1266.0455,52291,92
1462914000,1266.0455,1279.217,1264.8515,1277.488,54589,92
1463000400,1277.488,1281.072,1261.9305,1263.703,60603,92
1463086800,1263.703,1276.445,1263.018,1273.064,57356,92
1463346000,1273.064,1288.7695,1270.6755,1273.8635,54158,92
1463432400,1273.8635,1282.47,1269.181,1279.0855,61728,92
1463518800,1279.0855,1282.176,1255.1445,1258.7385,81576,92
1463605200,1258.7385,1261.4035,1244.058,1254.6015,74453,92
1463691600,1254.6015,1260.3695,1248.9135,1252.23,42820,92
1463950800,1252.23,1256.1715,1243.1925,1249.0115,50183,92
1464037200,1249.0115,1252.265,1226.2165,1227.1745,56027,92
1464123600,1227.1745,1230.268,1217.899,1224.4475,38675,92
1464210000,1224.4475,1234.5195,1218.4055,1219.8195,42487,92
1464296400,1219.8195,1223.5925,1206.8155,1212.9815,41411,92
1464555600,1212.9815,1213.6215,1199.655,1204.961,29994,76
1464642000,1204.961,1218.279,1204.859,1215.335,37077,92
1464728400,1215.335,1220.5685,1206.063,1212.72,37345,92
1464814800,1212.72,1217.7765,1209.91,1210.9715,35732,92
1464901200,1210.9715,1244.924,1207.051,1244.247,55730,92
1465160400,1244.247,1248.873,1240.0535,1245.2145,40441,92
1465246800,1245.2145,1246.6415,1234.7685,1243.893,27457,92
1465333200,1243.893,1264.4525,1243.113,1262.309,31343,92
1465419600,1262.309,1271.8105,1256.9125,1269.5655,31969,92
1465506000,1269.5655,1278.2235,1264.715,1273.7815,33244,92
1465765200,1273.7815,1287.2715,1272.581,1283.8865,42920,92
1465851600,1283.8865,1289.93,1276.1185,1286.125,39895,92
1465938000,1286.125,1296.9585,1278.552,1291.4915,47559,92
1466024400,1291.4915,1315.7595,1277.493,1277.493,76369,92
1466110800,1277.493,1299.6895,1276.7155,1298.6375,47580,92
1466370000,1298.6375,1298.6375,1278.106,1290.399,48753,92
1466456400,1290.399,1294.411,1264.583,1268.759,53291,92
1466542800,1268.759,1270.8065,1261.283,1266.6765,37723,92
1466629200,1266.6765,1271.983,1254.645,1255.584,54755,92
1466715600,1255.584,1358.7615,1250.4275,1315.7225,275438,92
1466974800,1315.7225,1335.7465,1315.7225,1324.3945,100011,92
1467061200,1324.3945,1326.266,1305.5175,1311.779,54072,92
1467147600,1311.779,1327.9475,1310.6925,1319.3785,49017,92
1467234000,1319.3785,1324.1155,1312.9045,1322.0135,49843,92
1467320400,1322.0135,1344.615,1320.707,1341.229,60776,92
1467579600,1341.229,1357.6765,1336.068,1351.071,76628,76
1467666000,1351.071,1357.787,1338.0715,1356.241,73049,92
1467752400,1356.241,1375.307,1354.732,1363.861,74134,92
1467838800,1363.861,1370.957,1350.891,1361.3565,55216,92
1467925200,1361.3565,1370.703,1335.3295,1366.235,86040,92
1468184400,1366.235,1375.2295,1350.7695,1355.595,63807,92
1468270800,1355.595,1357.8825,1330.4655,1333.198,57924,92
1468357200,1333.198,1345.5225,1327.639,1342.3005,51512,92
1468443600,1342.3005,1347.345,1320.2825,1335.096,64632,92
1468530000,1335.096,1339.286,1322.5315,1337.4675,56414,92
1468789200,1337.4675,1337.4675,1323.5155,1328.9535,51148,92
1468875600,1328.9535,1335.1675,1325.662,1332.036,36450,92
1468962000,1332.036,1338.316,1312.728,1315.9845,43070,92
1469048400,1315.9845,1334.004,1310.8785,1331.346,53140,92
1469134800,1331.346,1333.878,1319.778,1322.2945,43387,92
1469394000,1322.2945,1323.8685,1311.9025,1315.7855,33137,92
1469480400,1315.7855,1324.5725,1313.9355,1320.2245,34136,92
1469566800,1320.2245,1342.492,1315.9025,1340.1515,47391,92
1469653200,1340.1515,1345.723,1332.533,1335.4805,35213,92
1469739600,1335.4805,1355.119,1328.778,1351.2055,72495,92
1469998800,1351.2055,1355.0355,1346.252,1353.237,34909,92
1470085200,1353.237,1367.3175,1347.168,1363.5985,40143,92
1470171600,1363.5985,1366.6625,1354.286,1358.008,35104,92
1470258000,1358.008,1365.0995,1349.208,1361.375,43027,92
1470344400,1361.375,1364.8195,1334.758,1336.112,48686,92
1470603600,1336.112,1338.373,1330.041,1335.491,32017,92
1470690000,1335.491,1342.754,1330.703,1340.613,25942,92
1470776400,1340.613,1357.358,1340.2355,1346.566,37388,92
1470862800,1346.566,1353.4735,1335.864,1338.394,37002,92
1470949200,1338.394,1356.7645,1333.089,1336.2345,52398,92
1471208400,1336.2345,1343.9245,1335.8355,1339.344,31057,92
1471294800,1339.344,1358.208,1339.344,1346.6305,52091,92
1471381200,1346.6305,1351.876,1335.388,1349.194,43688,92
1471467600,1349.194,1356.215,1346.1465,1352.991,41592,92
1471554000,1352.991,1352.991,1337.895,1341.602,45582,92
1471813200,1341.602,1341.602,1331.79,1338.9435,42588,92
1471899600,1338.9435,1344.8475,1335.2965,1338.2105,32047,92
1471986000,1338.2105,1340.1865,1323.8605,1324.2155,38024,92
1472072400,1324.2155,1327.1405,1318.067,1321.883,28883,92
1472158800,1321.883,1342.271,1318.467,1320.5305,71451,92
1472418000,1320.5305,1325.1945,1314.898,1323.1515,36895,92
1472504400,1323.1515,1325.651,1309.345,1310.878,34827,92
1472590800,1310.878,1316.27,1304.307,1308.98,33106,92
1472677200,1308.98,1315.2365,1302.5685,1313.8395,35560,92
1472763600,1313.8395,1330.3025,1303.858,1325.4725,63563,92
1473022800,1325.4725,1328.7535,1321.874,1326.7435,17612,76
1473109200,1326.7435,1352.8545,1324.9385,1349.814,37858,92
1473195600,1349.814,1352.677,1342.803,1345.1085,30546,92
1473282000,1345.1085,1349.494,1335.584,1337.983,44378,92
1473368400,1337.983,1339.72,1326.985,1326.985,33460,92
1473627600,1326.985,1330.378,1320.4375,1327.9285,45988,92
1473714000,1327.9285,1332.1295,1315.694,1318.8435,42464,92
1473800400,1318.8435,1326.107,1313.645,1322.746,34819,92
1473886800,1322.746,1328.5515,1309.4275,1314.479,46940,92
1473973200,1314.479,1318.201,1306.3285,1310.1955,34726,92
1474232400,1310.1955,1318.5895,1309.56,1313.3095,25685,92
1474318800,1313.3095,1318.029,1312.0755,1314.9125,17055,92
1474405200,1314.9125,1337.4935,1307.851,1335.5015,66916,92
1474491600,1335.5015,1343.731,1331.258,1336.8905,29743,92
1474578000,1336.8905,1340.7165,1333.923,1338.169,22619,92
1474837200,1338.169,1342.2365,1332.793,1337.871,23153,92
1474923600,1337.871,1339.6825,1324.6705,1326.997,29288,92
1475010000,1326.997,1327.684,1318.087,1321.9205,22942,92
1475096400,1321.9205,1325.972,1315.7365,1320.5325,27321,92
1475182800,1320.5325,1328.1895,1313.3525,1316.0645,36852,92
1475442000,1316.0645,1319.7,1309.394,1311.5035,22625,92
1475528400,1311.5035,1313.134,1266.9925,1268.3715,52241,92
1475614800,1268.3715,1277.2635,1262.221,1266.768,37540,92
1475701200,1266.768,1269.525,1249.915,1254.791,30534,92
1475787600,1254.791,1265.607,1241.511,1257.4635,76919,92
1476046800,1257.4635,1265.0505,1256.7055,1259.3485,27878,92
1476133200,1259.3485,1262.317,1252.6315,1252.7955,29430,92
1476219600,1252.7955,1259.0285,1249.817,1255.365,31463,92
1476306000,1255.365,1262.4565,1253.209,1258.1115,31054,92
1476392400,1258.1115,1259.669,1246.146,1251.5925,38146,92
1476651600,1251.5925,1257.328,1250.292,1255.8455,22144,92
1476738000,1255.8455,1264.8315,1255.1285,1262.564,23740,92
1476824400,1262.564,1273.4365,1260.3895,1269.5765,23122,92
1476910800,1269.5765,1274.8795,1264.899,1265.9685,24442,92
1476997200,1265.9685,1268.0955,1261.284,1266.3755,16570,92
1477256400,1266.3755,1272.0195,1260.421,1264.615,20644,92
1477342800,1264.615,1276.8035,1262.2045,1274.03,22058,92
1477429200,1274.03,1276.5705,1264.829,1267.1945,22486,92
1477515600,1267.1945,1272.8745,1265.1055,1268.194,21950,92
1477602000,1268.194,1284.403,1261.8135,1275.792,43500,92
1477861200,1275.792,1279.725,1271.262,1276.8675,25786,92
1477947600,1276.8675,1292.0325,1275.635,1288.261,33716,92
1478034000,1288.261,1308.0775,1287.402,1296.257,42586,92
1478120400,1296.257,1307.2085,1285.771,1302.5835,38220,92
1478206800,1302.5835,1307.3,1294.8235,1305.1135,40044,92
1478469600,1305.1135,1305.1135,1278.277,1281.7945,35320,92
1478556000,1281.7945,1290.895,1272.974,1276.007,34286,92
1478642400,1276.007,1337.495,1268.349,1277.939,369870,92
1478728800,1277.939,1292.3845,1252.399,1259.013,116664,92
1478815200,1259.013,1265.568,1219.1785,1227.8555,126951,92
1479074400,1227.8555,1231.409,1211.6515,1221.3135,123383,92
1479160800,1221.3135,1231.6995,1219.015,1228.7095,76715,92
1479247200,1228.7095,1233.2355,1221.549,1224.9555,57219,92
1479333600,1224.9555,1231.5395,1210.98,1216.4015,61650,92
1479420000,1216.4015,1217.9715,1202.525,1207.8835,72407,92
1479679200,1207.8835,1217.9865,1205.7195,1214.1725,46721,92
1479765600,1214.1725,1221.147,1206.199,1212.3545,53302,92
1479852000,1212.3545,1215.139,1181.8025,1187.722,69713,92
1479938400,1187.722,1190.966,1180.3165,1183.445,43392,76
1480024800,1183.445,1193.412,1170.938,1184.2895,80402,79
1480284000,1184.2895,1197.7475,1182.787,1193.4065,52938,92
1480370400,1193.4065,1195.349,1181.174,1188.456,50302,92
1480456800,1188.456,1195.046,1170.0555,1173.3295,67263,92
1480543200,1173.3295,1176.8835,1160.8295,1171.6645,67087,92
1480629600,1171.6645,1178.2285,1166.8385,1177.287,52868,92
1480888800,1177.287,1188.267,1157.1585,1170.296,70706,92
1480975200,1170.296,1175.438,1166.9095,1169.7715,37474,92
1481061600,1169.7715,1180.2995,1165.6275,1174.315,33166,92
1481148000,1174.315,1178.8425,1169.298,1170.6405,52378,92
1481234400,1170.6405,1172.0995,1156.2945,1159.8395,39744,92
1481493600,1159.8395,1165.8825,1151.1185,1162.4025,41904,92
1481580000,1162.4025,1165.121,1154.675,1158.1865,35035,92
1481666400,1158.1865,1165.353,1139.0875,1143.395,61274,92
1481752800,1143.395,1144.4825,1122.751,1128.1635,67656,92
1481839200,1128.1635,1141.3825,1126.7855,1134.7365,45013,92
1482098400,1134.7365,1142.508,1134.0635,1138.6715,38161,92
1482184800,1138.6715,1139.929,1125.873,1132.3615,39726,92
1482271200,1132.3615,1137.214,1129.4925,1131.5465,28249,92
1482357600,1131.5465,1134.204,1127.8575,1128.729,27485,92
1482444000,1128.729,1136.0145,1128.344,1132.388,16375,92
1482789600,1132.388,1151.073,1131.709,1138.857,22807,92
1482876000,1138.857,1144.594,1136.5815,1141.211,21516,92
1482962400,1141.211,1159.6655,1141.211,1157.9935,33663,92
1483048800,1157.9935,1163.4065,1149.785,1151.61,43862,92
1483394400,1151.61,1165.052,1146.157,1158.83,50311,92
1483480800,1158.83,1168.054,1156.318,1163.274,42513,92
1483567200,1163.274,1185.151,1162.832,1180.461,66057,92
1483653600,1180.461,1183.374,1170.977,1172.6905,55785,92
1483912800,1172.6905,1186.253,1172.038,1180.666,36564,92
1483999200,1180.666,1190.702,1180.302,1187.6915,41110,92
1484085600,1187.6915,1198.348,1177.24,1191.569,77448,92
1484172000,1191.569,1207.047,1190.953,1195.393,60638,92
1484258400,1195.393,1201.918,1187.96,1197.383,53860,92
1484517600,1197.383,1208.762,1197.383,1203.017,29930,76
1484604000,1203.017,1218.944,1202.768,1217.0405,58242,92
1484690400,1217.0405,1217.879,1202.475,1204.0605,43237,92
1484776800,1204.0605,1206.724,1195.922,1204.7245,59842,92
1484863200,1204.7245,1215.084,1198.728,1210.395,63210,92
1485122400,1210.395,1219.601,1209.358,1218.0785,52270,92
1485208800,1218.0785,1220.224,1206.673,1209.009,37641,92
1485295200,1209.009,1209.968,1193.328,1200.2475,41502,92
1485381600,1200.2475,1202.73,1184.515,1188.6975,40457,92
1485468000,1188.6975,1191.836,1180.59,1191.082,38930,92
1485727200,1191.082,1199.502,1188.338,1195.369,34859,92
1485813600,1195.369,1215.437,1193.839,1210.5705,51908,92
1485900000,1210.5705,1213.31,1198.178,1209.7235,48782,92
1485986400,1209.7235,1225.409,1208.48,1215.853,43227,92
1486072800,1215.853,1221.492,1206.846,1220.5935,48235,92
1486332000,1220.5935,1235.662,1219.236,1235.368,32648,92
1486418400,1235.368,1235.928,1227.756,1233.6765,27740,92
1486504800,1233.6765,1244.83,1230.204,1241.5605,30639,92
1486591200,1241.5605,1244.616,1225.696,1228.7835,34032,92
1486677600,1228.7835,1237.21,1221.714,1233.755,37587,92
1486936800,1233.755,1233.755,1219.44,1225.3875,17974,92
1487023200,1225.3875,1234.608,1221.971,1228.596,27365,92
1487109600,1228.596,1233.562,1216.752,1233.5455,25240,92
1487196000,1233.5455,1242.464,1232.214,1239.4495,23071,92
1487282400,1239.4495,1243.85,1234.416,1234.7255,17279,92
1487541600,1234.7255,1239.074,1232.662,1237.5545,9664,76
1487628000,1237.5545,1238.948,1226.248,1235.9105,15426,92
1487714400,1235.9105,1241.056,1231.268,1237.384,24157,92
1487800800,1237.384,1251.171,1235.813,1249.576,24991,92
1487887200,1249.576,1260.198,1247.8655,1257.3295,17227,92
1488146400,1257.3295,1263.944,1251.041,1252.933,21167,92
1488232800,1252.933,1258.504,1247.716,1248.295,25219,92
1488319200,1248.295,1250.719,1237.016,1249.6405,50308,92
1488405600,1249.6405,1250.206,1231.042,1234.3315,59637,92
1488492000,1234.3315,1236.36,1222.911,1234.974,53866,92
1488751200,1234.974,1236.95,1225.018,1225.401,18252,92
1488837600,1225.401,1227.274,1214.256,1215.764,17310,92
1488924000,1215.764,1218.663,1206.708,1208.3085,21025,92
1489010400,1208.3085,1209.097,1199.357,1201.087,23301,92
1489096800,1201.087,1206.442,1195.067,1204.6815,35332,92
1489352400,1204.6815,1211.26,1202.524,1204.1635,24202,92
1489438800,1204.1635,1207.712,1197.294,1198.8245,26067,92
1489525200,1198.8245,1222.154,1197.676,1219.538,50646,92
1489611600,1219.538,1233.884,1218.176,1226.525,36654,92
1489698000,1226.525,1231.782,1224.556,1229.3345,24040,92
1489957200,1229.3345,1235.631,1229.3345,1234.164,22812,92
1490043600,1234.164,1247.7,1226.962,1244.591,41165,92
1490130000,1244.591,1251.436,1243.968,1249.0085,43076,92
1490216400,1249.0085,1253.408,1242.812,1245.206,46652,92
1490302800,1245.206,1251.998,1240.998,1243.449,34644,92
1490562000,1243.449,1261.081,1243.449,1254.4735,31591,92
1490648400,1254.4735,1258.502,1247.77,1251.928,24771,92
1490734800,1251.928,1254.758,1247.388,1253.5995,24511,92
1490821200,1253.5995,1253.952,1242.458,1243.203,32513,92
1490907600,1243.203,1250.722,1239.677,1249.119,31003,92
1491166800,1249.119,1253.844,1244.598,1253.6755,27426,92
1491253200,1253.6755,1261.423,1253.666,1256.251,28084,92
1491339600,1256.251,1257.399,1243.821,1255.615,45532,92
1491426000,1255.615,1259.038,1249.826,1251.986,33794,92
1491512400,1251.986,1271.122,1250.683,1254.437,77937,92
1491771600,1254.437,1257.216,1247.112,1254.601,27905,92
1491858000,1254.601,1275.216,1253.165,1274.523,40740,92
1491944400,1274.523,1286.874,1271.97,1286.514,44965,92
1492030800,1286.514,1288.644,1281.86,1287.5825,36867,92
1492376400,1287.5825,1295.612,1281.405,1284.7125,31802,92
1492462800,1284.7125,1292.45,1278.979,1289.54,39909,92
1492549200,1289.54,1290.857,1273.904,1279.9125,36707,92
1492635600,1279.9125,1283.503,1276.742,1282.121,40180,92
1492722000,1282.121,1288.386,1278.616,1284.265,35950,92
1492981200,1284.265,1284.265,1265.676,1275.575,50888,92
1493067600,1275.575,1278.232,1261.642,1263.8375,31215,92
1493154000,1263.8375,1271.017,1259.97,1268.908,44474,92
1493240400,1268.908,1269.717,1260.98,1264.429,33779,92
1493326800,1264.429,1268.62,1263.158,1268.229,31325,92
1493586000,1268.229,1271.295,1254.232,1256.668,32789,92
1493672400,1256.668,1257.904,1251.986,1256.8795,28376,92
1493758800,1256.8795,1257.09,1235.91,1237.727,47705,92
1493845200,1237.727,1241.342,1225.579,1227.8945,45081,92
1493931600,1227.8945,1235.708,1226.182,1228.368,47091,92
1494190800,1228.368,1236.652,1221.844,1226.019,31865,92
1494277200,1226.019,1228.69,1214.392,1221.049,32921,92
1494363600,1221.049,1225.786,1217.71,1219.06,29576,92
1494450000,1219.06,1227.851,1216.994,1225.0045,25788,92
1494536400,1225.0045,1231.872,1224.5,1228.021,23562,92
1494795600,1228.021,1237.441,1226.975,1230.4175,24726,92
1494882000,1230.4175,1239.248,1230.4175,1236.976,24049,92
1494968400,1236.976,1261.46,1236.552,1261.273,51580,92
1495054800,1261.273,1265.091,1246.028,1247.155,76448,92
1495141200,1247.155,1256.53,1246.43,1255.759,41738,92
1495400400,1255.759,1262.682,1251.857,1260.401,28903,92
1495486800,1260.401,1263.895,1250.749,1251.2295,39994,92
1495573200,1251.2295,1259.087,1247.979,1258.7105,40847,92
1495659600,1258.7105,1259.789,1253.861,1255.628,26677,92
1495746000,1255.628,1269.543,1253.264,1266.928,30607,92
1496005200,1266.928,1269.268,1265.12,1266.8045,9278,76
1496091600,1266.8045,1270.644,1259.382,1262.956,26977,92
1496178000,1262.956,1274.215,1259.645,1268.8085,27825,92
1496264400,1268.8085,1270.387,1261.524,1265.8925,27018,92
1496350800,1265.8925,1279.677,1259.044,1279.29,38476,92
1496610000,1279.29,1283.534,1277.817,1279.4975,21100,92
1496696400,1279.4975,1296.208,1279.417,1294.134,31939,92
1496782800,1294.134,1295.36,1282.718,1286.886,30640,92
1496869200,1286.886,1289.076,1271.376,1277.7855,41069,92
1496955600,1277.7855,1282.025,1264.771,1266.732,38543,92
1497214800,1266.732,1270.435,1263.708,1265.9055,28437,92
1497301200,1265.9055,1269.048,1259.231,1266.5075,20304,92
1497387600,1266.5075,1281.204,1257.252,1261.2235,66597,92
1497474000,1261.2235,1266.753,1251.534,1253.9715,39192,92
1497560400,1253.9715,1257.272,1251.881,1254.449,22187,92
1497819600,1254.449,1255.823,1243.069,1243.7325,20765,92
1497906000,1243.7325,1248.177,1241.405,1243.299,19915,92
1497992400,1243.299,1247.892,1240.902,1246.516,21812,92
1498078800,1246.516,1255.078,1245.888,1250.599,24858,92
1498165200,1250.599,1258.912,1249.921,1256.7525,17185,92
1498424400,1256.7525,1258.272,1236.006,1244.617,37322,92
1498510800,1244.617,1253.324,1241.441,1247.1605,27531,92
1498597200,1247.1605,1255.1,1246.458,1249.2075,34203,92
1498683600,1249.2075,1253.296,1239.866,1245.364,38880,92
1498770000,1245.364,1248.374,1239.309,1242.118,31131,92
1499029200,1242.118,1242.826,1218.661,1220.307,30423,92
1499115600,1220.307,1226.647,1220.307,1223.368,16083,76
1499202000,1223.368,1228.945,1217.227,1226.929,34114,92
1499288400,1226.929,1229.301,1222.62,1225.2015,32732,92
1499374800,1225.2015,1228.704,1207.416,1212.935,46222,92
1499634000,1212.935,1215.723,1204.89,1214.2845,28104,92
1499720400,1214.2845,1217.55,1208.304,1217.4555,26203,92
1499806800,1217.4555,1225.85,1213.534,1220.4045,35706,92
1499893200,1220.4045,1224.544,1216.66,1217.5,24593,92
1499979600,1217.5,1233.042,1214.91,1228.971,29912,92
1500238800,1228.971,1236.122,1228.282,1234.0455,20084,92
1500325200,1234.0455,1244.622,1232.85,1242.4145,25741,92
1500411600,1242.4145,1244.138,1235.616,1241.233,18309,92
1500498000,1241.233,1247.62,1235.363,1244.559,28265,92
1500584400,1244.559,1255.7625,1243.421,1254.9845,19194,92
1500843600,1254.9845,1258.867,1252.006,1255.1695,20697,92
1500930000,1255.1695,1257.843,1249.178,1250.1895,25776,92
1501016400,1250.1895,1263.62,1243.821,1261.012,33854,92
1501102800,1261.012,1265.366,1254.584,1259.2015,33675,92
1501189200,1259.2015,1270.962,1257.459,1269.5595,33442,92
1501448400,1269.5595,1271.232,1265.877,1269.507,21535,92
1501534800,1269.507,1274.204,1262.556,1268.8275,29945,92
1501621200,1268.8275,1272.948,1262.998,1266.673,30236,92
1501707600,1266.673,1270.88,1256.248,1268.625,32940,92
1501794000,1268.625,1270.338,1254.271,1259.177,37967,92
1502053200,1259.177,1260.039,1255.829,1257.8285,18315,92
1502139600,1257.8285,1265.346,1251.614,1260.7385,31025,92
1502226000,1260.7385,1278.788,1260.7385,1277.3845,44801,92
1502312400,1277.3845,1287.925,1274.745,1286.4595,41520,92
1502398800,1286.4595,1292.354,1281.356,1289.36,50679,92
1502658000,1289.36,1290.042,1278.685,1281.8475,37135,92
1502744400,1281.8475,1282.182,1267.397,1271.3675,40097,92
1502830800,1271.3675,1283.921,1267.734,1283.1535,43089,92
1502917200,1283.1535,1290.253,1281.254,1287.897,56928,92
1503003600,1287.897,1300.926,1283.474,1284.523,71122,92
1503262800,1284.523,1294.081,1280.613,1291.988,42717,92
1503349200,1291.988,1292.608,1282.053,1285.0845,37263,92
1503435600,1285.0845,1291.598,1282.834,1290.7325,34369,92
1503522000,1290.7325,1291.298,1284.492,1286.519,34707,92
1503608400,1286.519,1295.152,1276.196,1291.443,62097,92
1503867600,1291.443,1312.21,1291.443,1310.0,36889,92
1503954000,1310.0,1326.132,1305.06,1309.548,94262,92
1504040400,1309.548,1313.777,1305.206,1308.8095,55713,92
1504126800,1308.8095,1323.69,1297.876,1321.37,58319,92
1504213200,1321.37,1329.053,1316.452,1324.876,68621,92
1504472400,1324.876,1340.038,1324.876,1334.5905,37628,76
1504558800,1334.5905,1344.421,1326.267,1339.678,64886,92
1504645200,1339.678,1342.502,1331.64,1334.1595,56749,92
1504731600,1334.1595,1349.822,1332.594,1349.056,62523,92
1504818000,1349.056,1357.624,1342.874,1346.7815,66630,92
1505077200,1346.7815,1346.7815,1326.43,1327.803,45713,92
1505163600,1327.803,1332.115,1322.678,1331.9505,41816,92
1505250000,1331.9505,1334.856,1320.898,1323.2605,41752,92
1505336400,1323.2605,1330.722,1315.683,1329.5075,58175,92
1505422800,1329.5075,1334.467,1319.744,1320.66,59126,92
1505682000,1320.66,1320.66,1304.706,1307.4585,34197,92
1505768400,1307.4585,1311.795,1305.186,1311.1955,39955,92
1505854800,1311.1955,1316.292,1296.06,1301.1225,59420,92
1505941200,1301.1225,1301.986,1288.15,1291.4095,51163,92
1506027600,1291.4095,1298.868,1291.36,1297.293,37354,92
1506286800,1297.293,1312.508,1289.099,1310.511,51999,92
1506373200,1310.511,1313.809,1292.286,1293.7255,52284,92
1506459600,1293.7255,1296.344,1281.58,1282.9155,58264,92
1506546000,1282.9155,1288.746,1277.806,1287.4415,43125,92
1506632400,1287.4415,1290.503,1275.633,1280.081,42330,92
1506891600,1280.081,1280.27,1269.77,1271.1555,38242,92
1506978000,1271.1555,1274.784,1268.418,1271.78,25732,92
1507064400,1271.78,1282.32,1270.588,1274.726,31513,92
1507150800,1274.726,1279.026,1266.498,1268.268,27972,92
1507237200,1268.268,1276.971,1260.668,1276.372,48640,92
1507496400,1276.372,1285.592,1275.331,1283.9735,23759,92
1507582800,1283.9735,1294.306,1282.21,1287.7845,35290,92
1507669200,1287.7845,1293.688,1284.644,1291.8165,36896,92
1507755600,1291.8165,1297.565,1289.71,1293.54,28717,92
1507842000,1293.54,1304.299,1291.084,1303.797,37954,92
1508101200,1303.797,1306.138,1290.581,1295.074,31729,92
1508187600,1295.074,1296.375,1281.414,1285.131,32618,92
1508274000,1285.131,1288.889,1276.99,1281.1075,29501,92
1508360400,1281.1075,1291.078,1276.729,1289.798,44372,92
1508446800,1289.798,1291.218,1278.022,1280.368,39676,92
1508706000,1280.368,1283.344,1272.554,1282.0315,33271,92
1508792400,1282.0315,1283.772,1273.704,1276.767,33047,92
1508878800,1276.767,1280.1,1271.088,1277.523,44292,92
1508965200,1277.523,1282.59,1265.925,1267.1675,42793,92
1509051600,1267.1675,1274.707,1263.582,1274.131,44299,92
1509310800,1274.131,1278.89,1268.999,1276.407,29959,92
1509397200,1276.407,1278.242,1267.844,1271.2125,24137,92
1509483600,1271.2125,1280.92,1267.988,1274.654,44099,92
1509570000,1274.654,1284.271,1273.32,1275.9,44685,92
1509656400,1275.9,1280.59,1265.534,1269.9905,34353,92
1509919200,1269.9905,1283.082,1266.174,1281.8675,34390,92
1510005600,1281.8675,1282.078,1271.974,1275.201,28773,92
1510092000,1275.201,1287.262,1275.201,1281.5435,30478,92
1510178400,1281.5435,1288.744,1280.056,1285.144,43151,92
1510264800,1285.144,1287.191,1273.506,1275.413,34174,92
1510524000,1275.413,1279.898,1274.407,1278.412,22887,92
1510610400,1278.412,1283.638,1270.118,1280.0715,33359,92
1510696800,1280.0715,1289.606,1276.709,1278.1625,46138,92
1510783200,1278.1625,1281.884,1275.175,1278.7525,30633,92
1510869600,1278.7525,1296.984,1278.308,1294.343,38505,92
1511128800,1294.343,1294.956,1274.518,1276.9205,40079,92
1511215200,1276.9205,1284.832,1276.272,1280.464,32220,92
1511301600,1280.464,1294.696,1279.115,1292.2095,34381,92
1511388000,1292.2095,1293.712,1287.128,1291.2025,18806,76
1511474400,1291.2025,1293.339,1285.813,1288.457,24795,79
1511733600,1288.457,1299.326,1286.79,1294.3755,29279,92
1511820000,1294.3755,1297.572,1290.712,1293.576,34139,92
1511906400,1293.576,1296.761,1282.09,1283.6485,41154,92
1511992800,1283.6485,1285.382,1270.371,1275.025,38264,92
1512079200,1275.025,1289.304,1271.824,1280.637,72185,92
1512338400,1280.637,1280.637,1271.202,1276.075,37713,92
1512424800,1276.075,1277.2,1260.978,1266.1105,35224,92
1512511200,1266.1105,1269.346,1262.658,1263.5775,31531,92
1512597600,1263.5775,1264.627,1243.958,1247.168,31093,92
1512684000,1247.168,1252.416,1244.006,1248.3,32549,92
1512943200,1248.3,1251.5445,1240.804,1242.196,19606,92
1513029600,1242.196,1246.274,1236.527,1244.505,20759,92
1513116000,1244.505,1257.188,1240.299,1255.6215,44001,92
1513202400,1255.6215,1259.174,1250.544,1252.7165,30726,92
1513288800,1252.7165,1261.957,1252.628,1255.157,26703,92
1513548000,1255.157,1264.084,1252.872,1262.1325,22683,92
1513634400,1262.1325,1265.388,1259.236,1261.599,20429,92
1513720800,1261.599,1268.003,1261.426,1265.5395,19037,92
1513807200,1265.5395,1268.97,1262.892,1266.7725,18578,92
1513893600,1266.7725,1276.203,1265.082,1274.756,18005,92
1514239200,1274.756,1283.843,1273.408,1282.7685,17345,92
1514325600,1282.7685,1289.034,1281.351,1287.2085,18689,92
1514412000,1287.2085,1295.274,1287.064,1294.808,23017,92
1514498400,1294.808,1307.676,1293.944,1303.247,19500,92
1514844000,1303.247,1318.9465,1302.9,1317.625,24327,92
1514930400,1317.625,1321.588,1307.338,1313.1355,32362,92
1515016800,1313.1355,1326.064,1305.937,1322.731,31435,92
1515103200,1322.731,1323.508,1313.678,1319.864,31175,92
1515362400,1319.864,1322.18,1314.754,1320.3415,21211,92
1515448800,1320.3415,1320.547,1308.868,1312.8585,25232,92
1515535200,1312.8585,1327.874,1308.318,1316.7715,43827,92
1515621600,1316.7715,1324.096,1315.82,1322.5245,31769,92
1515708000,1322.5245,1339.434,1321.502,1338.425,40549,92
1515967200,1338.425,1344.874,1336.003,1340.793,31881,76
1516053600,1340.793,1342.439,1331.912,1338.5645,37837,92
1516140000,1338.5645,1344.082,1326.388,1327.366,47612,92
1516226400,1327.366,1333.2,1324.3,1326.879,43566,92
1516312800,1326.879,1338.161,1326.336,1331.678,38774,92
1516572000,1331.678,1335.784,1328.5,1333.934,30245,92
1516658400,1333.934,1341.849,1331.474,1341.2595,35312,92
1516744800,1341.2595,1362.236,1339.58,1358.5435,45406,92
1516831200,1358.5435,1366.112,1342.442,1348.25,91452,92
1516917600,1348.25,1357.233,1344.668,1349.765,68504,92
1517176800,1349.765,1352.506,1337.64,1340.388,49754,92
1517263200,1340.388,1349.067,1334.502,1338.5505,56107,92
1517349600,1338.5505,1347.532,1332.9,1345.057,73695,92
1517436000,1345.057,1351.06,1337.328,1349.77,50978,92
1517522400,1349.77,1350.18,1327.472,1333.081,71837,92
1517781600,1333.081,1341.784,1329.056,1339.6695,83166,92
1517868000,1339.6695,1346.192,1320.264,1324.2945,104863,92
1517954400,1324.2945,1332.363,1311.378,1318.475,71427,92
1518040800,1318.475,1322.333,1307.081,1318.781,71427,92
1518127200,1318.781,1322.835,1311.207,1316.47,80424,92
1518386400,1316.47,1326.697,1314.294,1322.738,39344,92
1518472800,1322.738,1331.034,1321.672,1329.356,36945,92
1518559200,1329.356,1355.522,1318.002,1350.6565,81020,92
1518645600,1350.6565,1357.19,1348.612,1352.557,50400,92
1518732000,1352.557,1361.796,1344.9,1347.532,54262,92
1518991200,1347.532,1351.463,1345.818,1346.6505,22073,76
1519077600,1346.6505,1348.412,1328.582,1329.662,44679,92
1519164000,1329.662,1336.35,1322.438,1324.5695,63516,92
1519250400,1324.5695,1332.07,1321.026,1331.824,43211,92
1519336800,1331.824,1332.337,1325.876,1329.623,30203,92
1519596000,1329.623,1341.072,1326.728,1333.172,36841,92
1519682400,1333.172,1336.836,1313.452,1318.6345,49877,92
1519768800,1318.6345,1322.64,1315.734,1318.381,34888,92
1519855200,1318.381,1321.252,1302.832,1316.9815,67947,92
1519941600,1316.9815,1325.58,1315.268,1322.064,46551,92
1520200800,1322.064,1327.87,1317.609,1320.201,32008,92
1520287200,1320.201,1338.469,1320.024,1334.7165,39196,92
1520373600,1334.7165,1340.6,1322.27,1325.6265,46452,92
1520460000,1325.6265,1329.146,1319.049,1321.9225,36881,92
1520546400,1321.9225,1325.258,1312.862,1323.532,50030,92
1520802000,1323.532,1324.408,1315.109,1322.9325,28888,92
1520888400,1322.9325,1328.42,1313.678,1326.431,48294,92
1520974800,1326.431,1330.162,1321.522,1325.068,36657,92
1521061200,1325.068,1328.012,1315.046,1316.301,32562,92
1521147600,1316.301,1321.769,1309.687,1314.435,32490,92
1521406800,1314.435,1319.726,1307.77,1317.085,32893,92
1521493200,1317.085,1318.379,1307.21,1311.208,30433,92
1521579600,1311.208,1336.814,1309.874,1332.231,72530,92
1521666000,1332.231,1335.041,1324.806,1328.874,50363,92
1521752400,1328.874,1350.334,1328.874,1348.008,57205,92
1522011600,1348.008,1355.948,1343.552,1353.7765,33769,92
1522098000,1353.7765,1356.917,1339.925,1345.091,42407,92
1522184400,1345.091,1347.156,1323.508,1325.0425,44931,92
1522270800,1325.0425,1328.3865,1321.248,1325.2385,38615,92
1522616400,1325.2385,1344.99,1324.854,1341.5065,38601,92
1522702800,1341.5065,1342.56,1328.94,1332.76,39064,92
1522789200,1332.76,1348.266,1331.564,1333.3785,51459,92
1522875600,1333.3785,1334.966,1322.84,1326.647,38397,92
1597179600,1912.075,1949.502,1862.899,1916.642,187634,92
1597266000,1916.642,1966.42,1913.058,1953.57,119872,92
1597352400,1953.57,1962.432,1932.32,1944.714,95748,92
1597611600,1944.714,1991.091,1929.648,1985.223,87136,92
1597698000,1985.223,2015.726,1976.038,2001.934,109838,92
1597784400,2001.934,2006.742,1924.778,1929.572,136927,92
1597870800,1929.572,1955.47,1924.864,1946.966,129805,92
1597957200,1946.966,1956.087,1911.586,1940.498,107006,92
1598216400,1940.498,1961.893,1923.931,1929.08,85057,92
1598302800,1929.08,1937.739,1914.389,1928.2,75297,92
1598389200,1928.2,1954.742,1902.726,1954.034,80435,92
1598475600,1954.034,1977.187,1910.19,1929.271,128065,92
1598562000,1929.271,1973.898,1923.188,1965.026,97119,92
1598821200,1965.026,1976.776,1954.416,1967.646,78047,92
1598907600,1967.646,1992.565,1963.354,1970.486,84372,92
1598994000,1970.486,1973.334,1932.681,1942.888,91768,92
1599080400,1942.888,1951.178,1921.905,1930.673,96499,92
1599166800,1930.673,1949.496,1916.696,1934.024,97600,92
1599426000,1934.024,1941.477,1924.636,1928.448,33374,76
1599512400,1928.448,1940.856,1906.628,1931.694,88080,92
1599598800,1931.694,1950.852,1920.169,1946.534,57249,92
1599685200,1946.534,1966.57,1941.478,1946.27,71452,92
1599771600,1946.27,1954.773,1937.242,1940.456,54543,92
1600030800,1940.456,1962.535,1937.25,1956.442,40473,92
1600117200,1956.442,1972.221,1948.468,1954.198,46398,92
1600203600,1954.198,1973.782,1949.914,1959.59,64104,92
1600290000,1959.59,1960.987,1932.886,1944.276,67548,92
1600376400,1944.276,1960.134,1944.147,1950.506,42808,92
1600635600,1950.506,1955.624,1882.428,1912.674,99324,92
1600722000,1912.674,1920.057,1894.7,1900.038,93987,92
1600808400,1900.038,1905.438,1855.851,1863.45,115073,92
1600894800,1863.45,1877.119,1848.842,1867.818,117358,92
1600981200,1867.818,1875.22,1852.619,1861.62,78215,92
1601240400,1861.62,1883.101,1848.801,1881.414,69930,92
1601326800,1881.414,1899.083,1875.684,1897.205,56840,92
1601413200,1897.205,1902.349,1881.524,1885.5,73757,92
1601499600,1885.5,1912.662,1884.72,1906.12,73585,92
1601586000,1906.12,1917.165,1889.866,1899.168,74993,92
1601845200,1899.168,1918.694,1887.132,1913.445,47095,92
1601931600,1913.445,1921.277,1874.808,1878.177,65886,92
1602018000,1878.177,1898.066,1872.898,1887.592,57560,92
1602104400,1887.592,1900.687,1882.0,1893.608,43660,92
1602190800,1893.608,1930.57,1893.602,1930.521,43790,92
1602450000,1930.521,1933.292,1918.643,1922.702,47331,92
1602536400,1922.702,1925.508,1886.578,1891.204,64236,92
1602622800,1891.204,1912.962,1882.434,1901.679,46226,92
1602709200,1901.679,1908.999,1889.644,1908.256,65572,92
1602795600,1908.256,1914.046,1897.878,1899.33,38183,92
1603054800,1899.33,1918.54,1897.166,1904.4,39284,92
1603141200,1904.4,1914.125,1894.605,1907.169,42193,92
1603227600,1907.169,1931.401,1907.169,1924.456,43930,92
1603314000,1924.456,1925.94,1894.775,1904.014,43312,92
1603400400,1904.014,1914.359,1894.483,1902.04,34605,92
1603659600,1902.04,1908.594,1891.508,1902.272,44045,92
1603746000,1902.272,1911.354,1897.914,1907.78,28852,92
1603832400,1907.78,1910.826,1869.46,1877.246,57601,92
1603918800,1877.246,1885.054,1860.08,1867.959,60575,92
1604005200,1867.959,1889.756,1864.396,1878.952,56821,92
1604268000,1878.952,1896.084,1873.504,1895.774,41388,92
1604354400,1895.774,1910.633,1887.096,1909.81,39630,92
1604440800,1909.81,1916.484,1882.212,1903.015,125267,92
1604527200,1903.015,1952.786,1902.332,1949.632,68918,92
1604613600,1949.632,1960.386,1935.722,1951.193,73663,92
1604872800,1951.193,1965.572,1850.53,1861.914,135189,92
1604959200,1861.914,1890.513,1860.146,1877.281,74820,92
1605045600,1877.281,1884.473,1856.448,1865.42,52714,92
1605132000,1865.42,1883.878,1862.787,1876.974,46208,92
1605218400,1876.974,1896.882,1874.198,1889.565,35941,92
1605477600,1889.565,1899.112,1864.541,1888.839,56153,92
1605564000,1888.839,1893.536,1876.988,1880.388,38883,92
1605650400,1880.388,1884.856,1863.772,1872.464,42880,92
1605736800,1872.464,1874.116,1852.792,1866.12,46815,92
1605823200,1866.12,1879.818,1860.967,1870.987,37399,92
1606082400,1870.987,1876.139,1831.073,1837.828,52128,92
1606168800,1837.828,1839.038,1800.424,1807.459,67568,92
1606255200,1807.459,1817.771,1801.806,1807.846,40606,92
1606341600,1807.846,1818.336,1805.857,1810.474,23945,76
1606428000,1810.474,1813.868,1774.41,1786.92,43734,79
1606687200,1786.92,1789.937,1764.57,1776.881,58866,92
1606773600,1776.881,1817.362,1775.897,1815.137,45782,92
1606860000,1815.137,1832.518,1807.543,1830.705,42996,92
1606946400,1830.705,1843.984,1823.772,1840.936,46938,92
1607032800,1840.936,1848.202,1829.276,1838.79,46133,92
1607292000,1838.79,1868.576,1822.253,1862.424,47678,92
1607378400,1862.424,1875.306,1856.95,1870.434,40650,94
1607464800,1870.434,1870.62,1825.579,1840.086,60583,92
1607551200,1840.086,1850.015,1828.77,1836.693,52397,92
1607637600,1836.693,1847.751,1824.184,1839.303,44164,92
1607896800,1839.303,1839.624,1819.418,1827.059,44731,92
1607983200,1827.059,1855.442,1825.568,1853.45,41659,92
1608069600,1853.45,1865.65,1844.844,1864.552,59833,92
1608156000,1864.552,1896.318,1862.129,1885.546,51208,92
1608242400,1885.546,1889.722,1877.494,1881.479,43226,92
1608501600,1881.479,1906.809,1855.148,1876.848,98895,92
1608588000,1876.848,1884.336,1859.032,1860.254,55239,92
1608674400,1860.254,1878.611,1857.132,1873.37,46778,92
1608760800,1873.37,1883.725,1869.582,1879.555,28388,79
1609106400,1879.555,1900.296,1869.309,1873.694,58439,92
1609192800,1873.694,1886.44,1871.868,1878.349,42724,92
1609279200,1878.349,1894.581,1876.199,1894.508,32040,92
1609365600,1894.508,1901.026,1885.528,1898.391,37540,92
1609711200,1898.391,1944.518,1898.391,1942.887,63961,92
1609797600,1942.887,1953.093,1934.443,1950.076,54638,92
1609884000,1950.076,1959.406,1900.9,1919.062,101257,92
1609970400,1919.062,1927.725,1906.982,1913.589,65904,92
1610056800,1913.589,1917.545,1828.276,1849.215,118781,92
1610316000,1849.215,1856.825,1817.16,1843.61,98790,92
1610402400,1843.61,1863.87,1836.767,1854.738,66885,92
1610488800,1854.738,1863.108,1842.094,1845.272,51493,92
1610575200,1845.272,1857.593,1829.486,1846.258,66884,92
1610661600,1846.258,1856.992,1823.462,1828.586,65628,92
1610920800,1828.586,1840.85,1802.955,1837.785,46426,76
1611007200,1837.785,1845.67,1833.145,1840.025,49685,92
1611093600,1840.025,1871.8,1832.57,1871.65,57237,92
1611180000,1871.65,1875.17,1858.28,1869.92,53972,92
1611266400,1869.92,1870.84,1837.46,1855.8,62970,92
1611525600,1855.8,1867.95,1847.27,1855.99,57517,92
1611612000,1855.99,1861.795,1848.44,1850.78,46477,92
1611698400,1850.78,1853.22,1831.426,1844.44,73175,92
1611784800,1844.44,1864.22,1834.13,1842.66,94088,92
1611871200,1842.66,1875.736,1839.646,1847.74,106918,92
1612130400,1847.74,1871.89,1847.74,1860.77,127064,92
1612216800,1860.77,1864.11,1829.605,1838.03,95565,92
1612303200,1838.03,1844.95,1829.8,1834.07,57533,92
1612389600,1834.07,1834.82,1785.02,1793.995,86653,92
1612476000,1793.995,1815.2,1792.13,1814.2,65713,92
1612735200,1814.2,1839.23,1807.865,1830.765,54930,92
1612821600,1830.765,1848.63,1828.93,1838.77,55744,92
1612908000,1838.77,1855.455,1834.175,1843.385,59347,92
1612994400,1843.385,1847.574,1821.18,1825.64,49614,92
1613080800,1825.64,1830.816,1810.605,1824.4,50213,92
1613340000,1824.4,1827.1,1816.065,1818.776,24588,76
1613426400,1818.776,1826.5,1789.576,1794.436,82041,92
1613512800,1794.436,1795.158,1769.526,1776.305,83795,92
1613599200,1776.305,1789.69,1768.47,1775.865,72463,92
1613685600,1775.865,1791.696,1760.754,1784.185,81885,92
1613944800,1784.185,1812.722,1780.78,1809.9,79193,92
1614031200,1809.9,1816.1,1795.704,1805.88,81239,92
1614117600,1805.88,1813.966,1783.65,1805.045,84820,92
1614204000,1805.045,1805.53,1765.546,1770.55,141770,92
1614290400,1770.55,1775.904,1717.27,1734.375,153253,92
1614549600,1734.375,1759.95,1719.78,1724.94,87880,92
1614636000,1724.94,1739.19,1707.336,1738.348,99689,92
1614722400,1738.348,1741.02,1701.964,1710.915,80651,92
1614808800,1710.915,1723.27,1690.525,1697.635,115520,92
1614895200,1697.635,1707.84,1687.29,1703.12,90872,92
1615154400,1703.12,1714.45,1676.866,1683.494,63396,92
1615240800,1683.494,1720.682,1680.25,1715.895,72499,92
1615327200,1715.895,1726.845,1708.284,1726.745,64710,92
1615413600,1726.745,1739.89,1719.325,1722.625,58832,92
1615500000,1722.625,1729.386,1699.224,1726.965,70543,92
1615755600,1726.965,1734.583,1721.718,1731.756,52935,92
1615842000,1731.756,1741.196,1726.205,1731.69,48361,92
1615928400,1731.69,1751.7,1724.066,1745.355,62891,92
1616014800,1745.355,1755.565,1719.25,1736.434,81141,92
1616101200,1736.434,1746.77,1728.54,1745.054,64579,92
1616360400,1745.054,1747.046,1727.345,1738.92,51497,92
1616446800,1738.92,1742.602,1724.755,1727.006,52516,92
1616533200,1727.006,1738.615,1723.894,1734.24,43193,92
1616619600,1734.24,1745.532,1721.844,1726.655,58805,92
1616706000,1726.655,1736.76,1721.695,1732.77,44533,92
1616965200,1732.77,1733.371,1705.795,1711.976,46306,92
1617051600,1711.976,1714.446,1678.778,1684.81,65458,92
1617138000,1684.81,1715.284,1677.954,1707.475,61734,92
1617224400,1707.475,1730.64,1705.867,1729.88,52929,92
1617570000,1729.88,1733.65,1721.366,1728.3,43118,92
1617656400,1728.3,1745.445,1727.305,1743.52,45726,92
1617742800,1743.52,1744.46,1730.73,1737.765,44499,92
1617829200,1737.765,1758.724,1733.26,1755.61,46363,92
1617915600,1755.61,1757.435,1731.275,1743.775,51687,92
1618174800,1743.775,1745.078,1727.5,1732.91,46146,92
1618261200,1732.91,1749.0,1723.792,1745.45,54392,92
1618347600,1745.45,1749.56,1732.655,1736.45,46614,92
1618434000,1736.45,1769.662,1734.49,1763.8,50384,92
1618520400,1763.8,1783.898,1759.915,1776.68,50014,92
1618779600,1776.68,1790.104,1766.826,1771.546,55947,92
1618866000,1771.546,1780.512,1763.72,1778.82,49129,92
1618952400,1778.82,1797.724,1776.315,1793.69,44414,92
1619038800,1793.69,1797.934,1777.473,1784.22,49256,92
1619125200,1784.22,1796.046,1770.125,1777.35,46663,92
1619384400,1777.35,1783.56,1768.85,1781.376,41651,92
1619470800,1781.376,1785.656,1773.823,1776.66,39760,92
1619557200,1776.66,1782.575,1762.763,1781.69,54666,92
1619643600,1781.69,1790.03,1756.132,1772.0,54648,92
1619730000,1772.0,1773.745,1764.31,1771.945,48482,92
1619989200,1771.945,1798.07,1766.29,1793.725,44144,92
1620075600,1793.725,1799.16,1770.96,1778.85,63203,92
1620162000,1778.85,1788.03,1770.444,1786.935,51855,92
1620248400,1786.935,1818.13,1782.048,1815.08,67240,92
1620334800,1815.08,1843.4,1812.91,1831.355,108227,92
1620594000,1831.355,1845.54,1830.068,1835.69,97770,92
1620680400,1835.69,1841.845,1818.022,1837.485,91407,92
1620766800,1837.485,1843.716,1813.41,1815.55,75255,92
1620853200,1815.55,1828.835,1808.866,1826.525,58234,92
1620939600,1826.525,1846.296,1819.845,1843.165,46020,92
1621198800,1843.165,1868.525,1842.02,1866.955,42685,92
1621285200,1866.955,1875.04,1863.285,1869.5,42633,92
1621371600,1869.5,1890.145,1852.23,1869.515,83611,92
1621458000,1869.515,1883.985,1863.955,1877.04,49061,92
1621544400,1877.04,1889.42,1870.19,1881.245,47442,92
1621803600,1881.245,1887.07,1875.2,1880.68,38364,92
1621890000,1880.68,1900.3,1872.755,1899.17,50957,92
1621976400,1899.17,1912.785,1890.74,1896.68,50768,92
1622062800,1896.68,1903.706,1888.315,1896.672,48615,92
1622149200,1896.672,1906.12,1882.25,1903.456,48243,92
1622408400,1903.456,1910.655,1902.19,1906.676,20511,76
1622494800,1906.676,1916.615,1892.445,1900.24,44722,92
1622581200,1900.24,1909.14,1894.455,1908.35,35944,92
1622667600,1908.35,1909.69,1865.36,1870.545,63833,92
1622754000,1870.545,1896.24,1856.04,1891.395,55936,92
1623013200,1891.395,1900.196,1881.606,1899.14,36588,92
1623099600,1899.14,1903.93,1883.785,1892.94,43086,92
1623186000,1892.94,1899.076,1887.435,1888.685,36216,92
1623272400,1888.685,1899.99,1869.945,1898.445,55458,92
1623358800,1898.445,1903.12,1874.54,1877.82,48133,92
1623618000,1877.82,1878.08,1844.63,1866.14,54411,92
1623704400,1866.14,1869.205,1851.665,1858.82,44111,92
1623790800,1858.82,1863.32,1803.636,1812.055,70418,92
1623877200,1812.055,1825.326,1767.295,1773.37,104751,92
1623963600,1773.37,1797.316,1761.04,1764.235,84687,92
1624222800,1764.235,1786.625,1764.235,1782.995,65230,92
1624309200,1782.995,1790.2,1772.39,1778.865,51060,92
1624395600,1778.865,1794.985,1773.33,1779.05,46336,92
1624482000,1779.05,1788.04,1772.875,1774.98,39277,92
1624568400,1774.98,1790.446,1773.795,1781.646,38444,92
1624827600,1781.646,1785.83,1770.78,1778.26,38333,92
1624914000,1778.26,1779.034,1750.74,1761.086,50769,92
1625000400,1761.086,1774.45,1753.44,1770.45,43203,92
1625086800,1770.45,1782.89,1765.74,1776.655,43395,92
1625173200,1776.655,1795.1,1774.356,1787.45,53927,92
1625432400,1787.45,1794.745,1784.52,1791.97,19257,76
1625518800,1791.97,1815.046,1790.15,1797.21,55843,92
1625605200,1797.21,1809.89,1793.995,1803.716,47696,92
1625691600,1803.716,1818.54,1794.215,1802.495,60545,92
1625778000,1802.495,1812.445,1796.74,1808.465,38768,92
1626037200,1808.465,1810.956,1791.645,1806.145,37374,92
1626123600,1806.145,1817.26,1798.67,1807.686,48685,92
1626210000,1807.686,1829.88,1804.586,1827.385,43258,92
1626296400,1827.385,1834.195,1820.375,1829.53,36617,92
1626382800,1829.53,1832.066,1809.03,1812.255,45372,92
1626642000,1812.255,1817.42,1795.12,1812.845,49952,92
1626728400,1812.845,1825.006,1805.13,1810.345,45189,92
1626814800,1810.345,1813.795,1794.666,1803.505,41983,92
1626901200,1803.505,1808.116,1792.835,1806.66,39534,92
1626987600,1806.66,1810.37,1789.69,1801.975,35913,92
1627246800,1801.975,1811.605,1796.445,1797.575,37417,92
1627333200,1797.575,1805.29,1793.695,1798.995,38613,92
1627419600,1798.995,1809.86,1792.795,1806.895,49317,92
1627506000,1806.895,1832.73,1806.895,1827.975,41190,92
1627592400,1827.975,1831.41,1810.325,1814.18,34039,92
1627851600,1814.18,1819.56,1805.875,1813.494,39741,92
1627938000,1813.494,1815.065,1807.175,1810.45,29274,92
1628024400,1810.45,1831.77,1806.456,1811.86,45641,92
1628110800,1811.86,1814.925,1797.9,1804.156,37061,92
1628197200,1804.156,1804.965,1758.8,1763.085,60017,92
1628456400,1763.085,1764.675,1677.686,1729.675,114997,92
1628542800,1729.675,1738.33,1717.785,1729.125,50907,92
1628629200,1729.125,1754.534,1724.2,1751.55,59355,92
1628715600,1751.55,1758.2,1741.655,1752.61,46953,92
1628802000,1752.61,1780.095,1751.745,1779.9,36758,92
1629061200,1779.9,1789.3,1770.876,1787.2,44107,92
1629147600,1787.2,1795.6,1780.67,1786.07,53037,92
1629234000,1786.07,1793.833,1777.43,1787.326,56962,92
1629320400,1787.326,1792.548,1774.215,1779.936,61607,92
1629406800,1779.936,1788.495,1778.42,1781.24,46080,92
1629666000,1781.24,1806.445,1776.559,1805.445,49296,92
1629752400,1805.445,1809.61,1800.765,1803.075,40050,92
1629838800,1803.075,1803.125,1782.534,1790.57,51083,92
1629925200,1790.57,1798.275,1780.138,1791.99,52543,92
1630011600,1791.99,1819.22,1784.96,1817.425,63681,92
1630270800,1817.425,1823.275,1807.785,1810.36,34936,92
1630357200,1810.36,1819.245,1801.72,1813.795,47684,92
1630443600,1813.795,1820.075,1808.735,1814.145,44047,92
1630530000,1814.145,1817.185,1804.9,1809.565,30267,92
1630616400,1809.565,1834.04,1809.05,1827.8,53334,92
1671400800,1793.155,1798.775,1783.905,1787.715,42917,92
1671487200,1787.715,1821.14,1784.695,1817.89,83849,92
1671573600,1817.89,1823.865,1811.925,1814.64,47261,92
1671660000,1814.64,1820.46,1784.85,1792.63,56279,92
1671746400,1792.63,1803.24,1791.25,1798.425,53125,92
1672092000,1798.425,1833.445,1798.425,1813.91,54855,92
1672178400,1813.91,1814.645,1797.1,1804.3,53633,92
1672264800,1804.3,1820.205,1804.18,1814.985,47045,92
1672351200,1814.985,1826.14,1813.4,1823.79,74918,92
1672696800,1823.79,1849.99,1823.79,1839.7,100770,92
1672783200,1839.7,1865.215,1836.24,1854.65,76233,92
1672869600,1854.65,1858.995,1825.13,1832.7,66836,92
1672956000,1832.7,1869.92,1831.42,1866.11,77133,92
1673215200,1866.11,1881.55,1866.11,1871.705,60521,92
1673301600,1871.705,1880.795,1867.93,1876.99,60283,92
1673388000,1876.99,1886.695,1867.22,1875.965,65959,92
1673474400,1875.965,1901.705,1870.3,1896.785,86288,92
1673560800,1896.785,1921.91,1892.395,1920.315,66075,92
1673820000,1920.315,1929.06,1910.915,1916.01,42380,83
1673906400,1916.01,1919.095,1903.81,1908.71,58969,92
1673992800,1908.71,1925.945,1896.675,1904.51,79921,92
1674079200,1904.51,1935.21,1901.035,1932.26,59576,92
1674165600,1932.26,1937.58,1920.72,1926.06,60306,92
1674424800,1926.06,1935.59,1911.435,1931.34,58426,92
1674511200,1931.34,1942.555,1917.22,1937.315,48239,92
1674597600,1937.315,1948.1,1919.945,1946.325,66017,92
1674684000,1946.325,1949.26,1918.695,1929.215,69317,92
1674770400,1929.215,1935.05,1916.745,1927.73,54335,92
1675029600,1927.73,1934.565,1920.745,1923.2,44861,92
1675116000,1923.2,1931.19,1900.87,1928.235,58763,92
1675202400,1928.235,1954.645,1920.58,1950.145,83262,92
1675288800,1950.145,1959.77,1911.375,1912.69,85620,92
1675375200,1912.69,1918.65,1861.43,1865.695,97515,92
1675634400,1865.695,1881.405,1862.13,1867.695,62641,92
1675720800,1867.695,1884.41,1865.05,1871.885,80008,92
1675807200,1871.885,1886.515,1869.16,1875.55,58339,92
1675893600,1875.55,1890.25,1858.975,1861.78,59722,92
1675980000,1861.78,1872.21,1852.835,1865.35,66271,92
1676239200,1865.35,1866.64,1850.525,1853.74,43393,92
1676325600,1853.74,1870.8,1843.26,1854.435,97140,92
1676412000,1854.435,1860.19,1830.62,1836.005,67909,92
1676498400,1836.005,1845.32,1827.665,1836.52,60769,92
1676584800,1836.52,1843.685,1818.975,1842.565,57762,92
1676844000,1842.565,1847.57,1837.36,1843.76,29521,83
1676930400,1843.76,1843.905,1830.29,1834.915,51231,92
1677016800,1834.915,1846.07,1823.56,1825.305,51795,92
1677103200,1825.305,1833.9,1817.55,1822.3,51711,92
1677189600,1822.3,1827.885,1809.01,1810.985,65299,92
1677448800,1810.985,1820.2,1806.705,1817.25,42639,92
1677535200,1817.25,1831.175,1804.685,1826.67,42265,92
1677621600,1826.67,1844.83,1823.15,1836.65,49931,92
1677708000,1836.65,1839.03,1830.05,1835.94,41289,92
1677794400,1835.94,1856.39,1835.94,1855.435,37695,92
1678053600,1855.435,1858.31,1845.225,1846.88,31455,92
1678140000,1846.88,1851.705,1812.775,1813.34,44746,92
1678226400,1813.34,1824.305,1809.425,1813.83,38988,92
1678312800,1813.83,1835.725,1811.985,1830.915,35709,92
1678399200,1830.915,1870.245,1827.815,1867.035,70998,92
1678654800,1867.035,1914.695,1867.035,1913.63,131040,92
1678741200,1913.63,1914.225,1895.435,1903.865,83404,92
1678827600,1903.865,1937.39,1885.79,1918.73,131026,92
1678914000,1918.73,1933.54,1907.56,1919.34,93255,92
1679000400,1919.34,1988.335,1918.305,1988.305,95813,92
1679259600,1988.305,2009.85,1965.99,1978.975,138288,92
1679346000,1978.975,1985.22,1935.465,1940.52,80572,92
1679432400,1940.52,1978.915,1934.345,1970.015,95641,92
1679518800,1970.015,2003.36,1964.615,1993.495,90866,92
1679605200,1993.495,2003.08,1975.325,1978.965,104846,92
1679864400,1978.965,1978.965,1944.045,1956.45,67400,92
1679950800,1956.45,1975.365,1949.245,1974.035,51915,92
1680037200,1974.035,1974.46,1958.755,1964.505,42937,92
1680123600,1964.505,1984.365,1955.41,1980.425,44014,92
1680210000,1980.425,1987.645,1966.935,1969.31,45696,92
1680469200,1969.31,1990.545,1949.81,1984.385,66546,92
1680555600,1984.385,2025.07,1977.035,2020.465,52318,92
1680642000,2020.465,2032.11,2010.09,2020.65,50955,92
1680728400,2020.65,2021.485,2000.89,2007.86,49143,92
1681074000,2007.86,2007.86,1981.68,1991.195,66635,92
1681160400,1991.195,2007.495,1988.875,2003.64,40748,92
1681246800,2003.64,2028.4,2001.22,2014.95,66829,92
1681333200,2014.95,2048.77,2014.175,2040.46,54462,92
1681419600,2040.46,2047.505,1992.5,2004.275,71842,92
1681678800,2004.275,2015.075,1981.19,1995.055,61121,92
1681765200,1995.055,2011.89,1991.32,2005.075,49962,92
1681851600,2005.075,2008.255,1969.305,1994.75,51668,92
1681938000,1994.75,2012.445,1990.565,2004.605,54408,92
1682024400,2004.605,2005.62,1971.695,1982.92,68455,92
1682283600,1982.92,1990.845,1974.155,1989.05,52264,92
1682370000,1989.05,2003.89,1976.185,1997.04,83782,92
1682456400,1997.04,2009.45,1983.375,1989.235,102567,92
1682542800,1989.235,2003.415,1974.115,1987.8,90833,92
1682629200,1987.8,1995.14,1976.265,1989.535,91849,92
1682888400,1989.535,2006.07,1977.12,1982.55,92283,92
1682974800,1982.55,2019.455,1978.52,2016.6,81795,92
1683061200,2016.6,2040.495,2008.025,2039.565,88496,92
1683147600,2039.565,2067.0,2030.39,2050.31,158198,92
1683234000,2050.31,2053.045,1999.585,2016.79,99893,92
1683493200,2016.79,2029.4,2014.305,2021.355,57904,92
1683579600,2021.355,2037.655,2019.55,2034.535,63973,92
1683666000,2034.535,2048.245,2021.565,2029.74,90192,92
1683752400,2029.74,2041.39,2011.185,2015.03,112821,92
1683838800,2015.03,2022.58,2000.96,2011.025,98231,92
1684098000,2011.025,2022.115,2007.845,2016.365,70894,92
1684184400,2016.365,2018.39,1985.53,1988.885,90207,92
1684270800,1988.885,1993.12,1975.095,1982.01,67870,92
1684357200,1982.01,1986.07,1952.01,1957.685,95953,92
1684443600,1957.685,1984.325,1954.13,1977.895,106304,92
1684702800,1977.895,1982.67,1968.905,1971.72,72635,92
1684789200,1971.72,1977.805,1954.3,1975.115,77592,92
1684875600,1975.115,1985.39,1956.77,1957.225,78959,92
1684962000,1957.225,1964.785,1938.915,1940.595,71543,92
1685048400,1940.595,1957.36,1936.815,1946.93,70979,92
1685307600,1946.93,1949.77,1940.385,1943.12,37313,82
1685394000,1943.12,1963.55,1932.11,1959.48,75804,92
1685480400,1959.48,1974.835,1953.7,1962.615,69234,92
1685566800,1962.615,1983.18,1953.445,1977.54,66617,92
1685653200,1977.54,1983.505,1947.68,1948.1,62360,92
1685912400,1948.1,1964.055,1938.15,1961.7,57157,92
1685998800,1961.7,1966.385,1954.395,1963.285,49756,92
1686085200,1963.285,1970.22,1939.955,1940.01,51978,92
1686171600,1940.01,1970.54,1940.01,1965.47,50107,92
1686258000,1965.47,1973.16,1956.665,1960.745,50155,92
1686517200,1960.745,1967.015,1949.28,1957.605,68616,92
1686603600,1957.605,1971.21,1940.095,1943.6,78621,92
1686690000,1943.6,1960.31,1939.755,1941.255,74771,92
1686776400,1941.255,1960.31,1925.04,1958.005,86479,92
1686862800,1958.005,1967.92,1953.32,1957.555,50018,92
1687122000,1957.555,1958.81,1947.84,1950.42,41354,82
1687208400,1950.42,1956.84,1929.82,1936.255,77044,92
1687294800,1936.255,1939.575,1919.245,1932.51,58919,92
1687381200,1932.51,1935.005,1912.465,1913.835,67665,92
1687467600,1913.835,1937.305,1910.21,1921.265,64345,92
1687726800,1921.265,1933.395,1921.265,1923.15,48009,92
1687813200,1923.15,1930.73,1910.89,1913.68,63008,92
1687899600,1913.68,1917.285,1902.87,1907.535,61344,92
1687986000,1907.535,1913.18,1893.07,1908.065,80916,92
1688072400,1908.065,1922.78,1900.605,1919.525,71833,92
1688331600,1919.525,1931.085,1910.08,1921.525,58322,92
1688418000,1921.525,1930.765,1920.005,1925.875,37517,82
1688504400,1925.875,1935.05,1914.855,1915.12,64898,92
1688590800,1915.12,1927.665,1902.745,1910.975,88195,92
1688677200,1910.975,1934.935,1909.62,1925.565,94162,92
1688936400,1925.565,1928.28,1912.75,1925.44,70937,92
1689022800,1925.44,1938.495,1924.42,1932.505,71828,92
1689109200,1932.505,1959.75,1932.315,1957.54,75985,92
1689195600,1957.54,1963.735,1952.47,1960.64,77345,92
1689282000,1960.64,1963.795,1950.99,1955.435,172146,92
1689541200,1955.435,1959.91,1945.84,1954.98,141677,92
1689627600,1954.98,1984.425,1954.65,1978.92,180348,92
1689714000,1978.92,1980.995,1969.81,1977.15,160240,92
1689800400,1977.15,1987.53,1965.39,1969.55,168774,92
1689886800,1969.55,1973.85,1956.905,1961.95,144222,92
1690146000,1961.95,1967.905,1953.475,1954.715,147897,92
1690232400,1954.715,1965.72,1952.005,1964.745,121634,92
1690318800,1964.745,1978.405,1962.065,1972.24,170682,92
1690405200,1972.24,1982.265,1942.645,1945.15,189868,92
1690491600,1945.15,1963.575,1945.15,1959.34,176345,92
1690750800,1959.34,1972.455,1950.206,1965.615,139132,92
1690837200,1965.615,1966.015,1941.29,1944.2,136205,92
1690923600,1944.2,1954.88,1933.036,1934.71,162768,92
1691010000,1934.71,1938.94,1929.61,1934.225,140159,92
1691096400,1934.225,1946.99,1924.78,1942.655,156902,92
1691355600,1942.655,1946.815,1931.525,1936.585,112919,92
1691442000,1936.585,1938.155,1922.795,1925.16,139132,92
1691528400,1925.16,1932.395,1914.125,1914.95,123977,92
1691614800,1914.95,1930.18,1912.245,1912.42,155508,92
1691701200,1912.42,1920.97,1910.9,1913.815,132068,92
1691960400,1913.815,1916.26,1902.73,1907.505,130484,92
1692046800,1907.505,1911.71,1896.455,1901.82,163154,92
1692133200,1901.82,1907.275,1891.875,1892.09,142099,92
1692219600,1892.09,1903.515,1885.085,1889.25,144196,92
1692306000,1889.25,1896.905,1886.81,1889.545,106517,92
1692565200,1889.545,1898.825,1884.885,1894.895,119196,92
1692651600,1894.895,1904.55,1889.195,1897.675,112446,92
1692738000,1897.675,1920.425,1897.67,1915.41,126671,92
1692824400,1915.41,1923.4,1911.845,1916.79,118277,92
1692910800,1916.79,1922.44,1903.81,1914.425,119559,92
1693170000,1914.425,1926.1,1912.835,1920.19,81907,92
1693256400,1920.19,1938.235,1914.485,1937.435,123990,92
1693342800,1937.435,1949.115,1934.995,1942.425,126012,92
1693429200,1942.425,1947.955,1939.085,1939.855,115474,92
1693515600,1939.855,1953.055,1934.47,1939.9,147208,92
1693774800,1939.9,1946.335,1936.805,1938.455,59944,82
1693861200,1938.455,1939.035,1925.37,1926.01,120681,92
1693947600,1926.01,1929.245,1915.345,1916.49,126647,92
1694034000,1916.49,1923.67,1916.27,1919.66,107298,92
1694120400,1919.66,1929.75,1917.385,1919.085,106884,92
1694379600,1919.085,1930.78,1916.63,1922.38,115630,92
1694466000,1922.38,1924.555,1907.62,1913.43,122013,92
1694552400,1913.43,1915.815,1905.695,1908.32,136390,92
1694638800,1908.32,1912.97,1901.05,1910.72,154648,92
1694725200,1910.72,1930.475,1909.865,1923.92,135779,92
1694984400,1923.92,1934.29,1922.65,1933.695,106931,92
1695070800,1933.695,1937.43,1929.8,1931.36,93077,92
1695157200,1931.36,1947.465,1927.995,1930.62,137976,92
1695243600,1930.62,1931.685,1913.94,1920.085,145251,92
1695330000,1920.085,1929.15,1919.855,1925.43,107780,92
1695589200,1925.43,1927.245,1915.23,1916.015,87032,92
1695675600,1916.015,1916.84,1899.155,1900.67,95895,92
1695762000,1900.67,1903.97,1872.58,1874.835,111312,92
1695848400,1874.835,1879.685,1857.71,1864.795,137250,92
1695934800,1864.795,1879.89,1846.335,1848.82,136620,92
1696194000,1848.82,1848.995,1827.225,1827.89,135971,92
1696280400,1827.89,1833.425,1815.32,1822.905,170346,92
1696366800,1822.905,1830.675,1816.64,1821.315,168620,92
1696453200,1821.315,1829.225,1813.03,1820.3,139390,92
1696539600,1820.3,1834.92,1810.465,1832.035,163231,92
1696798800,1832.035,1863.55,1832.035,1861.405,129869,92
1696885200,1861.405,1865.46,1853.045,1860.46,146970,92
1696971600,1860.46,1877.27,1858.68,1874.055,144528,92
1697058000,1874.055,1885.16,1867.965,1868.835,136922,92
1697144400,1868.835,1932.93,1868.835,1932.365,168457,92
1697403600,1932.365,1932.365,1908.235,1920.165,139850,92
1697490000,1920.165,1931.635,1912.46,1923.23,141226,92
1697576400,1923.23,1962.675,1923.23,1947.815,157102,92
1697662800,1947.815,1977.74,1945.28,1974.075,173056,92
1697749200,1974.075,1997.26,1972.06,1980.9,166852,92
1698008400,1980.9,1982.875,1964.425,1972.84,143569,92
1698094800,1972.84,1980.9,1953.635,1971.025,142340,92
1698181200,1971.025,1987.31,1963.035,1979.96,131904,92
1698267600,1979.96,1993.545,1971.89,1984.95,144881,92
1698354000,1984.95,2009.565,1976.92,2006.02,144236,92
1698613200,2006.02,2006.845,1990.97,1996.26,144378,92
1698699600,1996.26,2007.99,1978.9,1983.9,143884,92
1698786000,1983.9,1992.085,1969.91,1982.355,140725,92
1698872400,1982.355,1991.06,1978.915,1985.91,111564,92
1698958800,1985.91,2004.1,1983.34,1992.59,136271,92
1699221600,1992.59,1993.145,1977.47,1977.975,97762,92
1699308000,1977.975,1978.36,1956.76,1969.3,118419,92
1699394400,1969.3,1971.1,1947.48,1950.28,106175,92
1699480800,1950.28,1965.7,1944.725,1958.26,126934,92
1699567200,1958.26,1960.835,1933.03,1938.385,112619,92
1699826400,1938.385,1949.21,1931.685,1946.155,103756,92
1699912800,1946.155,1971.05,1941.535,1963.175,120062,92
1699999200,1963.175,1975.425,1955.49,1959.545,126171,92
1700085600,1959.545,1988.0,1956.545,1981.39,123442,92
1700172000,1981.39,1993.49,1978.635,1980.73,111880,92
1700431200,1980.73,1985.25,1965.495,1977.845,136595,92
1700517600,1977.845,2007.65,1977.845,1998.525,152053,92
1700604000,1998.525,2006.455,1986.965,1989.885,130487,92
1700690400,1989.885,1998.57,1989.825,1992.89,64022,82
1700776800,1992.89,2003.66,1991.49,2002.495,92852,79
1701036000,2002.495,2018.325,2000.67,2014.175,131259,92
1701122400,2014.175,2043.11,2011.685,2040.97,109185,92
1701208800,2040.97,2052.06,2035.32,2044.32,179760,92
1701295200,2044.32,2047.235,2031.53,2036.165,151321,92
1701381600,2036.165,2075.43,2033.94,2071.88,171997,92
1701640800,2071.88,2148.99,2020.135,2029.0,243946,92
1701727200,2029.0,2041.3,2009.936,2019.345,183183,92
1701813600,2019.345,2035.97,2017.29,2025.475,152499,92
1701900000,2025.475,2039.975,2020.235,2028.515,169648,92
1701986400,2028.515,2034.065,1994.74,2004.44,200139,92
1702245600,2004.44,2007.85,1975.895,1981.84,153138,92
1702332000,1981.84,1996.76,1977.28,1979.435,139693,92
1702418400,1979.435,2027.88,1973.09,2027.575,151582,92
1702504800,2027.575,2047.935,2024.28,2036.265,228726,92
1702591200,2036.265,2044.945,2015.65,2019.54,170501,92
1702850400,2019.54,2033.75,2016.065,2027.24,120635,92
1702936800,2027.24,2047.03,2021.75,2040.245,125108,92
1703023200,2040.245,2043.535,2027.485,2031.78,133107,92
1703109600,2031.78,2046.105,2031.62,2045.92,150695,92
1703196000,2045.92,2070.705,2045.92,2053.2,181401,92
1703541600,2053.2,2069.085,2053.2,2067.71,74447,92
1703628000,2067.71,2084.495,2061.51,2077.12,111713,92
1703714400,2077.12,2088.545,2064.725,2065.265,157847,92
1703800800,2065.265,2074.845,2058.275,2062.97,153493,92
1704146400,2062.97,2078.975,2055.89,2059.045,147595,92
1704232800,2059.045,2066.005,2030.695,2041.29,170951,92
1704319200,2041.29,2051.015,2036.3,2043.435,130668,92
1704405600,2043.435,2064.035,2024.525,2045.625,176517,92
1704664800,2045.625,2046.685,2016.82,2028.035,151015,92
1704751200,2028.035,2042.035,2026.185,2030.02,141030,92
1704837600,2030.02,2040.3,2020.525,2024.32,128137,92
1704924000,2024.32,2045.17,2013.39,2029.015,192985,92
1705010400,2029.015,2062.31,2029.01,2049.155,175463,92
1705269600,2049.155,2058.67,2045.835,2054.765,87639,82
1705356000,2054.765,2055.615,2024.33,2028.505,189760,92
1705442400,2028.505,2032.98,2001.895,2006.335,179800,92
1705528800,2006.335,2023.395,2005.835,2023.02,143058,92
1705615200,2023.02,2039.415,2020.475,2029.62,133853,92
1705874400,2029.62,2032.175,2016.605,2021.66,139263,92
1705960800,2021.66,2037.975,2019.675,2029.155,137669,92
1706047200,2029.155,2036.735,2011.275,2014.235,159915,92
1706133600,2014.235,2025.32,2009.445,2020.94,158304,92
1706220000,2020.94,2026.9,2015.995,2018.59,108939,92
1706479200,2018.59,2037.61,2018.59,2032.53,106752,92
1706565600,2032.53,2048.63,2029.1,2036.83,126990,92
1706652000,2036.83,2056.07,2030.94,2039.155,169978,92
1706738400,2039.155,2065.53,2030.07,2054.825,182127,92
1706824800,2054.825,2057.705,2027.87,2039.75,152844,92
1707084000,2039.75,2042.315,2014.96,2024.89,147970,92
1707170400,2024.89,2038.945,2022.975,2035.885,122017,92
1707256800,2035.885,2044.655,2030.645,2035.0,111640,92
1707343200,2035.0,2038.785,2020.25,2034.21,118816,92
1707429600,2034.21,2037.25,2020.35,2024.36,114125,92
1707688800,2024.36,2027.665,2011.945,2020.01,95774,92
1707775200,2020.01,2031.588,1990.155,1993.09,109390,92
1707861600,1993.09,1996.155,1984.305,1992.365,111101,92
1707948000,1992.365,2008.34,1990.325,2004.4,109685,92
1708034400,2004.4,2015.23,1995.16,2013.23,106807,92
1708293600,2013.23,2023.07,2000.355,2017.945,67228,82
1708380000,2017.945,2030.92,2015.12,2024.415,104705,92
1708466400,2024.415,2032.33,2020.095,2026.04,101282,92
1708552800,2026.04,2034.945,2019.715,2024.355,112713,92
1708639200,2024.355,2041.41,2016.125,2035.375,113119,92
1708898400,2035.375,2037.13,2025.115,2031.25,101354,92
1708984800,2031.25,2039.51,2028.855,2030.445,100546,92
1709071200,2030.445,2037.95,2024.555,2034.46,102208,92
1709157600,2034.46,2050.745,2028.165,2044.29,120182,92
1709244000,2044.29,2088.38,2039.11,2082.73,140480,92
1709503200,2082.73,2119.975,2079.53,2114.365,145983,92
1709589600,2114.365,2141.88,2110.53,2128.045,163751,92
1709676000,2128.045,2152.25,2123.765,2148.15,155605,92
1709762400,2148.15,2164.8,2144.255,2160.115,157706,92
1709848800,2160.115,2195.235,2154.06,2179.105,164938,92
1710104400,2179.105,2189.125,2174.86,2182.73,127654,92
1710190800,2182.73,2184.815,2150.66,2158.46,149448,92
1710277200,2158.46,2179.92,2155.855,2174.385,132689,92
1710363600,2174.385,2177.045,2152.845,2162.13,139223,92
1710450000,2162.13,2172.81,2155.25,2156.01,115977,92
1710709200,2156.01,2163.63,2146.155,2160.32,114731,92
1710795600,2160.32,2162.905,2147.205,2157.575,113432,92
1710882000,2157.575,2188.905,2149.66,2186.37,130330,92
1710968400,2186.37,2222.915,2166.445,2181.36,202409,92
1711054800,2181.36,2186.13,2157.13,2165.31,155481,92
1711314000,2165.31,2181.41,2163.615,2171.805,124325,92
1711400400,2171.805,2200.175,2167.625,2178.74,146164,92
1711486800,2178.74,2197.675,2173.485,2194.86,116977,92
1711573200,2194.86,2236.33,2187.41,2233.12,162920,92
1711918800,2233.12,2265.775,2228.54,2251.67,164241,92
1712005200,2251.67,2281.155,2246.715,2280.815,190222,92
1712091600,2280.815,2301.27,2265.505,2299.93,209044,92
1712178000,2299.93,2305.65,2279.725,2291.21,171532,92
1712264400,2291.21,2330.525,2267.78,2330.16,224815,92
1712523600,2330.16,2354.155,2302.975,2339.15,257694,92
1712610000,2339.15,2365.395,2337.27,2352.41,227807,92
1712696400,2352.41,2360.15,2319.395,2333.865,235448,92
1712782800,2333.865,2377.755,2325.74,2372.285,217097,92
1712869200,2372.285,2431.59,2333.88,2344.235,326788,92
1713128400,2344.235,2387.645,2324.255,2383.51,289786,92
1713214800,2383.51,2398.38,2363.06,2383.13,314342,92
1713301200,2383.13,2395.64,2354.73,2361.095,256356,92
1713387600,2361.095,2392.86,2361.095,2379.05,236137,92
1713474000,2379.05,2417.92,2372.91,2392.07,322721,92
1713733200,2392.07,2392.07,2324.67,2327.24,252886,92
1713819600,2327.24,2334.51,2291.465,2322.13,311812,92
1713906000,2322.13,2337.385,2311.815,2315.95,244443,92
1713992400,2315.95,2344.93,2305.025,2332.49,245821,92
1714078800,2332.49,2352.64,2326.365,2338.05,210509,92
1714338000,2338.05,2346.83,2319.84,2335.55,214642,92
1714424400,2335.55,2336.41,2285.22,2286.21,189148,92
1714510800,2286.21,2328.43,2281.68,2319.56,219369,92
1714597200,2319.56,2326.515,2285.545,2303.8,222880,92
1714683600,2303.8,2320.705,2277.345,2301.81,211036,92
1714942800,2301.81,2332.225,2291.85,2323.995,195677,92
1715029200,2323.995,2329.98,2310.04,2314.135,185138,92
1715115600,2314.135,2321.53,2303.745,2308.69,144285,92
1715202000,2308.69,2347.25,2306.655,2346.245,193325,92
1715288400,2346.245,2378.56,2345.325,2360.515,208503,92
1715547600,2360.515,2364.555,2332.11,2336.14,162094,92
1715634000,2336.14,2359.705,2334.89,2357.98,166194,92
1715720400,2357.98,2390.315,2351.915,2386.13,205493,92
1715806800,2386.13,2397.515,2371.01,2376.955,192066,92
1715893200,2376.955,2422.79,2374.02,2414.715,176052,92
1716152400,2414.715,2450.125,2407.34,2426.53,268285,92
1716238800,2426.53,2433.995,2406.16,2421.025,230456,92
1716325200,2421.025,2426.615,2374.995,2379.175,237569,92
1716411600,2379.175,2383.785,2327.02,2328.675,276873,92
1716498000,2328.675,2347.54,2325.465,2334.0,166580,92
1716757200,2334.0,2358.565,2332.285,2351.375,126705,82
1716843600,2351.375,2364.175,2340.31,2361.385,189280,92
1716930000,2361.385,2361.615,2334.54,2338.145,161527,92
1717016400,2338.145,2351.905,2322.66,2343.34,205118,92
1717102800,2343.34,2359.725,2320.595,2327.2,203391,92
1717362000,2327.2,2354.77,2314.795,2350.635,226649,92
1717448400,2350.635,2352.885,2315.675,2327.01,231071,92
1717534800,2327.01,2357.425,2325.965,2355.28,190215,92
1717621200,2355.28,2378.6,2353.5,2376.09,209308,92
1717707600,2376.09,2387.785,2286.83,2294.015,275497,92
1717966800,2294.015,2313.865,2287.805,2310.995,150319,92
1718053200,2310.995,2320.0,2297.8,2316.905,182302,92
1718139600,2316.905,2341.7,2310.75,2325.03,253456,92
1718226000,2325.03,2326.795,2295.59,2304.135,232552,92
1718312400,2304.135,2336.725,2301.605,2332.645,198693,92
1718571600,2332.645,2332.645,2310.02,2319.285,167115,92
1718658000,2320.295,2333.165,2306.65,2329.58,169498,92
1718744400,2329.005,2335.03,2323.78,2328.23,88930,82
1718830800,2330.075,2365.59,2327.765,2360.145,175641,92
1718917200,2359.665,2368.765,2316.785,2321.875,180701,92
1719176400,2321.03,2334.73,2317.775,2334.43,163356,92
1719262800,2333.945,2337.16,2315.59,2319.595,169421,92
1719349200,2320.13,2324.015,2293.69,2298.47,187602,92
1719435600,2298.84,2331.015,2296.61,2327.81,170158,92
1719522000,2327.105,2339.785,2319.105,2326.72,176721,92
1719781200,2323.32,2338.545,2318.605,2331.855,164745,92
1719867600,2331.875,2336.89,2319.13,2329.485,156837,92
1719954000,2330.335,2364.995,2326.885,2356.16,167602,92
1720040400,2356.955,2362.6,2350.51,2357.2,89609,82
1720126800,2357.03,2392.965,2348.62,2391.62,195599,92
1720386000,2389.41,2391.13,2351.09,2359.26,187976,92
1720472400,2359.125,2371.625,2349.485,2364.03,181350,92
1720558800,2363.9,2386.73,2363.15,2371.32,168686,92
1720645200,2371.93,2424.6,2371.34,2415.375,237015,92
1720731600,2413.075,2418.31,2391.52,2410.92,210057,92
1720990800,2411.81,2439.855,2401.405,2422.395,213404,92
1721077200,2422.08,2469.765,2420.08,2468.93,213594,92
1721163600,2467.82,2483.74,2451.57,2458.81,262838,92
1721250000,2458.755,2475.0,2440.415,2445.31,220149,92
1721336400,2444.495,2445.34,2393.88,2400.82,234446,92
1721595600,2403.82,2412.255,2383.93,2396.42,208530,92
1721682000,2397.595,2412.075,2388.31,2409.65,210649,92
1721768400,2408.785,2432.065,2396.86,2397.395,223357,92
1721854800,2397.855,2401.31,2353.195,2364.3,306369,92
1721941200,2364.505,2390.84,2355.875,2387.02,218330,92
1722200400,2388.395,2403.265,2369.65,2383.79,208280,92
1722286800,2382.525,2412.935,2376.535,2410.88,212759,92
1722373200,2410.74,2451.005,2403.94,2447.57,263139,92
1722459600,2447.77,2462.325,2430.275,2446.385,308308,92
1722546000,2447.24,2477.725,2410.885,2442.495,361891,92
1722805200,2441.94,2458.875,2364.39,2409.89,475567,92
1722891600,2411.395,2418.43,2381.56,2390.13,340393,92
1722978000,2390.195,2407.125,2379.05,2382.91,290786,92
1723064400,2381.475,2427.755,2381.14,2427.27,265056,92
1723150800,2427.22,2437.085,2416.925,2431.265,223088,92
1723410000,2428.135,2473.225,2423.89,2472.12,180141,92
1723496400,2470.39,2476.99,2458.56,2465.055,205142,92
1723582800,2466.365,2480.125,2438.145,2447.95,224080,92
1723669200,2448.2,2470.155,2432.225,2456.545,226169,92
1723755600,2456.105,2509.82,2450.805,2508.14,223838,92
1724014800,2506.525,2507.535,2485.735,2504.285,220264,92
1724101200,2503.74,2531.765,2497.4,2514.11,229278,92
1724187600,2513.86,2519.985,2493.83,2512.25,213088,92
1724274000,2512.22,2514.73,2470.85,2484.72,222479,92
1724360400,2485.335,2518.4,2484.41,2512.49,230098,92
1724619600,2512.035,2526.9,2508.81,2517.955,198137,92
1724706000,2517.73,2526.01,2503.585,2524.825,201379,92
1724792400,2525.26,2529.135,2493.665,2504.67,205552,92
1724878800,2506.21,2528.74,2503.69,2521.215,219815,92
1724965200,2520.805,2526.925,2494.215,2503.4,223097,92
1725224400,2502.84,2507.33,2490.105,2499.42,127916,82
1725310800,2499.55,2506.35,2473.325,2492.95,241125,92
1725397200,2492.62,2500.345,2471.915,2495.545,209334,92
1725483600,2495.32,2523.525,2493.88,2516.815,217513,92
1725570000,2516.46,2529.3,2485.19,2497.565,264809,92
1725829200,2496.79,2507.265,2485.61,2506.395,222295,92
1725915600,2506.73,2518.535,2500.19,2516.735,207602,92
1726002000,2516.55,2529.09,2501.0,2511.675,270422,92
1726088400,2512.945,2560.13,2511.095,2558.655,241962,92
1726174800,2558.38,2586.16,2556.795,2578.715,251812,92
1726434000,2578.79,2589.715,2575.245,2582.665,179045,92
1726520400,2582.66,2587.02,2560.78,2569.59,202235,92
1726606800,2570.325,2600.29,2546.86,2559.3,270952,92
1726693200,2559.235,2594.945,2551.16,2586.91,296927,92
1726779600,2586.52,2625.79,2584.875,2622.235,272796,92
1727038800,2621.365,2634.905,2613.89,2628.63,226647,92
1727125200,2627.79,2664.38,2622.68,2657.26,280786,92
1727211600,2658.69,2670.605,2649.7,2656.995,250522,92
1727298000,2657.74,2685.64,2654.84,2672.435,280327,92
1727384400,2672.235,2674.375,2643.155,2658.55,297822,92
1727643600,2661.815,2666.05,2624.78,2634.69,295187,92
1727730000,2633.53,2673.26,2633.31,2663.61,243087,92
1727816400,2661.92,2663.445,2641.18,2658.75,252533,92
1727902800,2658.77,2663.015,2637.015,2656.11,381668,92
1727989200,2655.95,2670.24,2632.015,2653.84,474423,92
1728248400,2651.39,2659.66,2637.77,2642.585,461688,92
1728334800,2642.085,2653.115,2604.82,2621.965,599675,92
1728421200,2622.11,2624.375,2605.21,2607.735,460186,92
1728507600,2607.735,2631.565,2604.39,2629.92,479519,92
1728594000,2628.62,2661.475,2628.18,2657.18,381985,92
1728853200,2648.805,2666.875,2643.245,2648.785,353209,92
1728939600,2649.215,2668.965,2638.105,2662.695,477257,92
1729026000,2662.285,2685.465,2658.8,2673.93,442655,92
1729112400,2674.605,2696.8,2673.165,2693.01,475273,92
1729198800,2693.045,2722.65,2692.395,2721.9,465216,92
1729458000,2723.09,2740.6,2714.235,2719.675,528355,92
1729544400,2719.36,2748.975,2719.16,2748.96,443984,92
1729630800,2747.33,2758.525,2708.755,2715.59,512450,92
1729717200,2716.415,2743.325,2716.215,2736.08,447229,92
1729803600,2735.95,2747.835,2717.1,2747.215,394346,92
1730062800,2734.065,2746.01,2724.755,2742.325,374072,92
1730149200,2741.45,2774.885,2739.87,2774.58,435600,92
1730235600,2773.51,2790.07,2770.925,2787.475,407373,92
1730322000,2786.87,2790.17,2731.635,2743.95,447697,92
1730408400,2745.37,2762.275,2733.255,2736.45,439514,92
1730671200,2732.04,2748.24,2731.77,2736.605,398027,92
1730757600,2737.365,2750.09,2724.765,2743.91,357215,92
1730844000,2743.065,2749.78,2652.405,2659.175,789740,92
1730930400,2662.255,2710.52,2643.355,2706.84,532666,92
1731016800,2704.26,2710.43,2680.415,2684.455,483390,92
1731276000,2683.71,2686.165,2610.695,2619.595,455754,92
1731362400,2621.07,2627.235,2589.725,2598.29,486364,92
1731448800,2597.96,2618.92,2572.7,2572.83,494637,92
1731535200,2573.84,2581.445,2536.855,2564.72,543930,92
1731621600,2566.485,2576.045,2554.395,2563.22,490288,92
1731880800,2567.13,2615.145,2567.13,2612.04,432930,92
1731967200,2610.755,2639.53,2610.465,2632.2,464478,92
1732053600,2632.535,2655.485,2618.89,2650.46,412551,92
1732140000,2649.925,2673.595,2648.975,2669.645,392219,92
1732226400,2669.5,2716.4,2668.2,2716.335,498195,92
1732485600,2711.165,2721.42,2615.67,2625.62,557833,92
1732572000,2627.485,2642.02,2605.31,2632.955,448212,92
1732658400,2631.21,2658.275,2627.125,2636.09,346215,92
1732744800,2637.98,2649.735,2620.99,2637.6,245097,82
1732831200,2639.285,2666.35,2634.09,2650.35,374632,83
1733090400,2648.94,2651.905,2621.98,2638.955,480068,92
1733176800,2638.96,2655.665,2634.165,2643.885,387389,92
1733263200,2642.66,2657.235,2632.465,2650.22,334814,92
1733349600,2649.36,2655.635,2623.615,2631.925,288813,92
1733436000,2631.985,2645.73,2613.11,2633.33,374739,92
1733695200,2643.08,2676.48,2627.575,2660.325,366991,92
1733781600,2661.1,2695.595,2658.035,2693.875,336816,92
1733868000,2695.145,2721.27,2675.465,2718.245,309643,92
1733954400,2717.81,2726.295,2675.165,2680.825,242727,92
1734040800,2680.705,2692.865,2646.22,2648.68,376400,92
1734300000,2648.86,2664.475,2643.595,2652.75,311160,92
1734386400,2652.26,2658.74,2633.16,2646.6,339086,92
1734472800,2646.88,2651.785,2583.915,2585.61,409156,92
1734559200,2587.54,2626.44,2586.46,2594.55,435472,92
1734645600,2594.18,2631.92,2589.665,2623.61,349070,92
1734904800,2622.21,2633.39,2608.26,2612.755,254740,92
1734991200,2614.795,2621.535,2610.105,2616.875,193966,79
1735164000,2615.31,2639.175,2615.145,2633.865,205690,92
1735250400,2633.3,2638.3,2611.715,2622.035,243546,92
1735509600,2622.075,2628.095,2596.185,2605.825,240719,92
1735596000,2606.065,2627.625,2602.76,2624.26,217489,92
1735768800,2625.07,2660.605,2621.775,2658.23,368196,92
1735855200,2657.82,2665.405,2636.705,2639.725,306090,92
1736114400,2639.88,2649.52,2614.635,2636.105,379023,92
1736200800,2635.965,2664.33,2633.0,2648.625,362076,92
1736287200,2648.655,2670.15,2645.37,2661.655,365878,92
1736373600,2662.24,2678.405,2655.635,2670.34,252111,92
1736460000,2670.45,2697.95,2664.075,2689.375,399884,92
1736719200,2689.32,2693.555,2656.835,2663.21,462733,92
1736805600,2664.465,2678.395,2659.89,2677.51,402726,92
1736892000,2676.94,2697.42,2669.365,2696.265,391665,92
1736978400,2696.16,2724.785,2690.05,2714.87,437327,92
1737064800,2714.215,2717.43,2699.3,2703.15,367955,92
1737324000,2703.135,2713.885,2689.375,2707.905,347547,82
1737410400,2708.015,2746.055,2702.815,2744.865,469819,92
1737496800,2744.55,2763.435,2741.965,2756.345,375216,92
1737583200,2755.74,2758.97,2735.96,2754.855,392044,92
1737669600,2753.815,2786.06,2753.64,2770.885,388861,92
1737928800,2765.17,2772.745,2730.56,2740.655,428593,92
1738015200,2740.88,2765.09,2734.815,2763.42,280528,92
1738101600,2763.305,2766.265,2744.755,2760.09,345401,92
1738188000,2758.43,2798.605,2758.39,2794.165,397704,92
1738274400,2794.425,2817.215,2791.07,2797.94,431361,92
1738533600,2801.655,2830.755,2772.215,2814.71,547301,92
1738620000,2813.3,2845.47,2807.275,2842.29,461656,92
1738706400,2841.36,2882.31,2839.74,2867.215,424896,92
1738792800,2867.785,2873.34,2834.27,2855.925,437120,92
1738879200,2856.015,2886.855,2852.595,2861.25,453343,92
1739138400,2861.84,2911.965,2860.405,2908.175,401791,92
1739224800,2911.95,2942.78,2881.56,2897.615,555190,92
1739311200,2898.025,2909.265,2864.33,2903.96,442740,92
1739397600,2904.79,2929.48,2900.545,2928.33,353614,92
1739484000,2928.05,2939.98,2877.025,2882.482,464231,92
1739743200,2893.375,2906.525,2878.785,2898.49,259385,82
1739829600,2898.71,2936.955,2892.07,2935.465,271936,92
1739916000,2935.06,2947.08,2918.64,2933.26,315664,92
1740002400,2934.175,2954.955,2924.035,2939.385,310009,92
1740088800,2939.43,2949.93,2916.82,2936.26,325673,92
1740348000,2939.785,2956.31,2921.475,2952.065,331108,92
1740434400,2952.84,2953.425,2888.18,2915.045,411168,92
1740520800,2915.835,2930.18,2890.865,2916.275,280951,92
1740607200,2915.98,2920.815,2867.795,2877.195,403773,92
1740693600,2876.52,2885.24,2832.72,2858.14,382122,92
1740952800,2873.14,2895.21,2859.0,2892.985,321052,92
1741039200,2892.7,2927.91,2881.98,2917.85,367828,92
1741125600,2917.885,2929.98,2894.35,2919.265,441547,92
1741212000,2918.685,2926.72,2891.15,2911.1,386672,92
1741298400,2912.935,2930.54,2896.91,2909.55,417409,92
1741554000,2912.41,2918.385,2880.31,2889.5,396075,92
1741640400,2889.865,2922.225,2880.25,2915.695,291853,92
1741726800,2915.36,2940.69,2906.11,2933.61,337358,92
1741813200,2934.88,2989.3,2932.98,2988.695,345954,92
1741899600,2984.23,3005.04,2978.505,2984.91,363349,92
1742158800,2988.225,3001.975,2982.34,3001.13,270159,92
1742245200,3001.16,3038.35,2999.46,3034.115,332214,92
1742331600,3033.97,3051.97,3022.885,3047.14,298178,92
1742418000,3048.72,3057.59,3025.73,3044.66,316888,92
1742504400,3045.005,3047.55,2999.465,3023.985,309391,92
1742763600,3023.165,3033.34,3002.495,3012.15,331307,92
1742850000,3011.705,3036.07,3007.54,3020.09,263110,92
1742936400,3021.175,3032.165,3012.33,3019.495,255599,92
1743022800,3020.345,3059.755,3017.655,3056.605,342726,92
1743109200,3056.07,3086.965,3054.235,3085.345,353799,92
1743368400,3093.01,3128.135,3076.805,3123.72,392512,92
1743454800,3124.935,3149.09,3100.87,3114.475,413028,92
1743541200,3114.095,3145.34,3104.79,3134.305,372572,92
1743627600,3131.44,3167.835,3054.19,3114.575,693810,92
1743714000,3114.52,3136.775,3015.65,3037.885,657949,92
1743973200,3030.77,3057.305,2956.565,2981.94,811116,92
1744059600,2982.095,3022.76,2974.795,2982.25,553303,92
1744146000,2982.735,3099.77,2969.97,3082.95,820998,92
1744232400,3080.48,3176.6,3071.505,3175.365,629326,92
1744318800,3179.765,3245.485,3177.26,3237.93,700007,92
1744578000,3222.955,3245.845,3193.63,3210.68,498319,92
1744664400,3212.565,3233.705,3210.065,3229.795,299087,92
1744750800,3230.675,3343.2,3230.675,3343.1,509411,92
1744837200,3348.59,3357.775,3283.955,3327.375,512722,92
1745182800,3332.26,3430.61,3331.405,3424.235,494840,92
1745269200,3427.86,3500.2,3366.905,3381.16,744909,92
1745355600,3324.79,3386.77,3260.19,3288.24,768828,92
1745442000,3306.065,3367.685,3305.375,3348.99,566926,92
1745528400,3348.99,3370.475,3265.135,3319.345,591947,92
1745787600,3326.365,3353.2,3268.11,3343.875,542746,92
1745874000,3345.47,3345.505,3299.675,3317.15,460464,92
1745960400,3317.76,3328.155,3266.91,3288.155,546379,92
1746046800,3285.63,3288.16,3201.955,3238.295,528387,92
1746133200,3239.43,3269.3,3222.755,3240.95,521602,92
1746392400,3238.295,3337.67,3237.79,3334.195,428084,92
1746478800,3333.575,3435.055,3322.755,3431.14,547512,92
1746565200,3416.915,3422.135,3360.2,3364.355,589154,92
1746651600,3372.725,3414.79,3288.805,3305.98,579170,92
1746738000,3310.125,3347.625,3274.81,3325.39,482638,92
1746997200,3325.39,3325.39,3207.79,3235.075,715974,92
1747083600,3237.93,3265.785,3215.855,3250.18,470633,92
1747170000,3252.0,3257.14,3168.065,3177.585,570772,92
1747256400,3181.06,3240.725,3120.765,3239.97,529659,92
1747342800,3241.785,3252.255,3154.3,3204.45,519674,92
1747602000,3215.99,3249.85,3206.725,3230.4,491609,92
1747688400,3228.025,3295.79,3204.67,3289.845,467220,92
1747774800,3292.7,3324.935,3285.34,3315.245,535983,92
1747861200,3319.9,3345.47,3279.235,3295.01,600259,92
1747947600,3297.82,3366.015,3287.075,3358.125,574178,92
1748206800,3351.4,3356.995,3323.5,3342.475,278360,82
1748293200,3346.38,3350.095,3285.25,3300.75,443446,92
1748379600,3304.215,3325.695,3276.355,3288.725,407210,92
1748466000,3289.59,3331.47,3245.56,3317.615,529716,92
1748552400,3317.9,3322.925,3271.46,3289.7,438039,92
1748811600,3303.415,3382.96,3299.955,3381.87,462340,92
1748898000,3384.61,3392.305,3333.17,3353.385,431505,92
1748984400,3356.735,3384.76,3343.815,3372.45,421951,92
1749070800,3374.615,3403.625,3339.35,3352.73,566563,92
1749157200,3356.29,3375.705,3307.195,3309.98,526451,92
1749416400,3317.785,3338.295,3293.5,3325.675,399721,92
1749502800,3324.31,3349.28,3302.015,3322.61,452378,92
1749589200,3322.375,3360.79,3315.59,3355.25,452171,92
1749675600,3357.905,3399.05,3338.59,3386.58,533026,92
1749762000,3383.865,3446.88,3379.535,3432.835,571204,92
1750021200,3440.48,3451.525,3382.54,3385.22,453858,92
1750107600,3388.445,3403.43,3366.115,3388.455,447328,92
1750194000,3395.865,3400.11,3362.605,3369.3,413190,92
1750280400,3371.415,3388.175,3347.53,3370.38,323934,82
1750366800,3369.735,3374.63,3340.415,3368.75,355105,92
1750626000,3383.825,3393.64,3347.035,3369.2,491685,92
1750712400,3358.435,3363.9,3295.315,3323.45,520045,92
1750798800,3322.825,3337.205,3312.055,3332.395,314124,92
1750885200,3334.315,3350.415,3309.99,3327.82,406441,92
1750971600,3325.33,3325.37,3255.85,3274.175,498242,92
1751230800,3271.64,3309.645,3244.415,3303.15,349557,92
1751317200,3303.3,3358.085,3302.395,3338.72,417491,92
1751403600,3340.125,3360.13,3327.655,3357.09,398577,92
1751490000,3359.515,3365.92,3311.625,3326.03,374883,92
1751576400,3324.24,3345.175,3323.66,3336.615,221059,76
1751835600,3341.57,3342.075,3296.28,3336.44,455743,92
1751922000,3340.5,3345.955,3287.11,3301.72,446381,92
1752008400,3302.83,3316.99,3282.665,3313.7,374949,92
1752094800,3315.76,3330.36,3310.175,3324.015,309292,92
1752181200,3325.94,3368.86,3321.915,3355.665,574691,92
1752440400,3362.375,3375.085,3341.09,3343.755,408389,92
1752526800,3343.085,3366.425,3320.305,3325.005,346041,92
1752613200,3326.32,3377.655,3319.695,3347.6,501065,92
1752699600,3350.96,3352.28,3309.79,3339.06,385401,92
1752786000,3341.45,3361.33,3331.885,3350.095,315266,92
1753045200,3348.84,3401.645,3344.905,3397.06,437644,92
1753131600,3399.3,3433.51,3383.42,3431.56,439654,92
1753218000,3430.92,3439.035,3381.42,3387.45,520926,92
1753304400,3390.855,3393.48,3351.465,3368.71,446313,92
1753390800,3369.45,3373.495,3325.115,3337.07,327008,92
1753650000,3329.475,3345.52,3301.765,3314.45,356387,92
1753736400,3313.84,3334.27,3308.16,3326.67,337913,92
1753822800,3327.68,3334.09,3268.12,3275.29,421638,92
1753909200,3277.29,3314.985,3276.285,3290.12,386907,92
1753995600,3291.675,3363.6,3281.745,3362.895,390787,92
1754254800,3364.795,3385.535,3345.005,3373.635,282190,92
1754341200,3376.195,3390.6,3349.89,3380.96,271336,92
1754427600,3381.475,3385.365,3358.255,3369.27,283447,92
1754514000,3372.44,3401.885,3365.305,3396.48,656325,92
1754600400,3400.365,3409.43,3376.575,3397.765,1314484,92
1754859600,3399.75,3401.395,3341.155,3342.665,588390,92
1754946000,3344.04,3359.34,3331.17,3348.345,411909,92
1755032400,3350.165,3370.825,3342.635,3355.695,318958,92
1755118800,3357.46,3374.805,3329.85,3335.585,364944,92
1755205200,3336.795,3348.915,3332.34,3335.7,227980,92
1755464400,3335.23,3358.49,3323.685,3332.895,275140,92
1755550800,3333.695,3345.465,3315.005,3315.7,208028,92
1755637200,3316.49,3350.275,3311.56,3348.485,246760,92
1755723600,3351.2,3352.3,3325.28,3338.71,247192,92
1755810000,3340.14,3378.835,3321.455,3371.23,304253,92
1756069200,3368.725,3376.375,3359.78,3365.72,152373,92
1756155600,3366.605,3393.745,3351.33,3393.745,356620,92
1756242000,3390.75,3398.79,3373.75,3397.72,298600,92
1756328400,3398.405,3423.18,3384.62,3417.06,383940,92
1756414800,3417.035,3453.97,3404.315,3447.435,486335,92
1756674000,3445.43,3489.845,3437.025,3476.365,390865,82
1756760400,3475.91,3540.06,3470.05,3533.545,707070,92
1756846800,3532.72,3578.66,3526.54,3559.26,608467,92
1756933200,3560.26,3564.155,3511.755,3545.87,548957,92
1757019600,3545.4,3600.205,3540.015,3586.545,717777,92
1757278800,3591.61,3646.545,3579.72,3635.85,605523,92
1757365200,3636.15,3674.695,3626.03,3626.315,653882,92
1757451600,3627.45,3657.61,3620.135,3640.585,493414,92
1757538000,3644.465,3649.345,3612.835,3634.12,485145,92
1757624400,3635.9,3656.7,3630.625,3643.085,411073,92
1757883600,3644.565,3685.695,3626.46,3678.79,490753,92
1757970000,3680.135,3703.24,3674.705,3689.855,476961,92
1758056400,3691.345,3707.555,3646.125,3659.975,619729,92
1758142800,3659.625,3673.205,3627.96,3644.18,569752,92
1758229200,3642.92,3685.74,3632.38,3684.975,490300,92
1758488400,3687.77,3748.86,3683.545,3746.355,504786,92
1758574800,3747.125,3791.255,3736.66,3764.205,570300,92
1758661200,3765.31,3779.34,3717.52,3736.165,388341,92
1758747600,3739.61,3761.69,3722.22,3749.44,466427,92
1758834000,3747.235,3783.885,3734.44,3759.855,407811,92
1759093200,3764.745,3834.3,3763.45,3833.88,555525,92
1759179600,3832.57,3871.89,3793.175,3858.45,538261,92
1759266000,3860.08,3895.5,3853.38,3865.53,508789,92
1759352400,3864.41,3897.13,3819.425,3856.56,537737,92
1759438800,3857.14,3891.76,3838.07,3886.455,486579,92
1759698000,3891.335,3970.2,3884.115,3960.69,631381,92
1759784400,3960.62,3991.135,3941.055,3984.33,643666,92
1759870800,3986.275,4059.35,3984.32,4041.9,613615,92
1759957200,4036.775,4058.11,3944.435,3976.24,931973,92
1760043600,3977.265,4023.0,3947.02,4016.68,957145,92
