object,family,mechanism,feature,n_bins,omni_p,best_pos_bin,best_pos_exp,best_pos_N,best_pos_days,best_pos_lift,best_pos_z,pooled_exp,rank,bh_thresh,fdr_sig,feature_name
S45::4809d6e42bc2,S45,M19_SEQUENCE_RUNLENGTH,f034,1,0.0,,,0,0,,,-0.1625746944243231,1,9.66183574879227e-06,True,run_len_same_dir
S13::7d288aa44d52,S13,M13_IMBALANCE_FVG,f015,2,0.0,,,0,0,,,-0.1512493477368903,2,1.932367149758454e-05,True,compress_flag
S44::3d6f380511c2,S44,M17_VOLUME_PARTICIPATION,f015,2,0.0,,,0,0,,,-0.1698854030120568,3,2.8985507246376814e-05,True,compress_flag
S15::ac373f9fe529,S15,M07_TREND_CONTINUATION,f015,2,0.0,,,0,0,,,-0.1615200875385349,4,3.864734299516908e-05,True,compress_flag
S3::37a51a4fd454,S3,M03_BREAKOUT_RETEST,f015,2,0.0,,,0,0,,,-0.3652404446864761,5,4.830917874396135e-05,True,compress_flag
S3::37a51a4fd454,S3,M03_BREAKOUT_RETEST,f016,5,0.0,,,0,0,,,-0.3652404446864761,6,5.797101449275363e-05,True,bars_to_sess_end
S10::598adad042be,S10,M10_DISPLACEMENT_CONTINUATION,f015,2,0.0,,,0,0,,,-0.1821402258358029,7,6.76328502415459e-05,True,compress_flag
S4::cf232107e3b5,S4,M04_VOLATILITY_COMPRESSION_EXPANSION,f015,2,0.0,,,0,0,,,-0.2239875030282,8,7.729468599033817e-05,True,compress_flag
S27::8492323d86e4,S27,M16_AUCTION_VALUE,f015,2,0.0,,,0,0,,,-0.1757948604079745,9,8.695652173913044e-05,True,compress_flag
S27::8492323d86e4,S27,M16_AUCTION_VALUE,f003,5,0.0,,,0,0,,,-0.1757948604079745,10,9.66183574879227e-05,True,vol_rel_sess
S27::8492323d86e4,S27,M16_AUCTION_VALUE,f027,5,0.0,,,0,0,,,-0.1757948604079745,11,0.0001062801932367,True,atr_pct_rank
S31::9584b16899ad,S31,M06_SESSION_TIME,f017,2,0.0,22.0,0.3819597329055727,76,76,0.7161849669363058,4.204502248540223,-0.2468575655120184,12,0.0001159420289855,True,hour_utc
S31::9584b16899ad,S31,M06_SESSION_TIME,f011,2,0.0,44.0,0.4016895260298661,75,75,0.7373080985959746,4.300118538785948,-0.2468575655120184,13,0.0001256038647342,True,halfhour_bucket_utc
S31::9584b16899ad,S31,M06_SESSION_TIME,f039,2,0.0,1.0,0.2602769732906272,111,111,0.6170797220196254,4.368930137036532,-0.2468575655120184,14,0.000135265700483,True,session_id
S23::866611e1c7db,S23,M04_VOLATILITY_COMPRESSION_EXPANSION,f039,4,0.0,2.0,0.0287945273351643,187,173,0.2116047165469367,1.99936204914885,-0.1768749736734077,15,0.0001449275362318,True,session_id
S23::866611e1c7db,S23,M04_VOLATILITY_COMPRESSION_EXPANSION,f015,2,0.0,0.0,0.0252008527838387,565,555,0.2207865511292137,3.8535470510176975,-0.1768749736734077,16,0.0001545893719806,True,compress_flag
S27::8492323d86e4,S27,M16_AUCTION_VALUE,f039,4,0.0,,,0,0,,,-0.1757948604079745,17,0.0001642512077294,True,session_id
S40::43b9c7dbd606,S40,M21_META_ROUTER,f015,2,4.440892098500626e-16,,,0,0,,,-0.1929964957240371,18,0.0001739130434782,True,compress_flag
S27::8492323d86e4,S27,M16_AUCTION_VALUE,f005,5,1.1102230246251563e-15,,,0,0,,,-0.1757948604079745,19,0.000183574879227,True,atr_over_atrma
S48::6d74b2000433,S48,M04_VOLATILITY_COMPRESSION_EXPANSION,f015,2,1.7763568394002505e-15,,,0,0,,,-0.164287958331933,20,0.0001932367149758,True,compress_flag
S40::43b9c7dbd606,S40,M21_META_ROUTER,f027,5,3.3306690738754696e-15,,,0,0,,,-0.1929964957240371,21,0.0002028985507246,True,atr_pct_rank
S14::25e44853ad0f,S14,M08_EXTENSION_MEAN_REVERSION,f015,2,1.0658141036401504e-14,1.0,0.1223319755489594,73,64,0.2919197575164419,1.6814855814308054,-0.152388312799847,22,0.0002125603864734,True,compress_flag
S3::37a51a4fd454,S3,M03_BREAKOUT_RETEST,f005,5,1.1102230246251564e-14,,,0,0,,,-0.3652404446864761,23,0.0002222222222222,True,atr_over_atrma
S31::9584b16899ad,S31,M06_SESSION_TIME,f016,3,1.3322676295501878e-14,0.0,0.4005290434235035,88,88,0.753872630592206,4.778604283593512,-0.2468575655120184,24,0.000231884057971,True,bars_to_sess_end
S3::37a51a4fd454,S3,M03_BREAKOUT_RETEST,f003,5,2.220446049250313e-14,,,0,0,,,-0.3652404446864761,25,0.0002415458937198,True,vol_rel_sess
S3::7aafa506c507,S3,M03_BREAKOUT_RETEST,f015,2,3.241851231905457e-14,,,0,0,,,-0.3737354389272471,26,0.0002512077294685,True,compress_flag
SESS_E,SESS_E,M06_SESSION_TIME,f015,2,4.0412118096355704e-14,,,0,0,,,-0.1706719129068075,27,0.0002608695652173,True,compress_flag
S27::8492323d86e4,S27,M16_AUCTION_VALUE,f017,24,2.771116669464391e-13,,,0,0,,,-0.1757948604079745,28,0.0002705314009661,True,hour_utc
S10::7df75fdb8ecb,S10,M10_DISPLACEMENT_CONTINUATION,f015,2,6.781242234410456e-13,,,0,0,,,-0.1954025256313247,29,0.0002801932367149,True,compress_flag
S3::7aafa506c507,S3,M03_BREAKOUT_RETEST,f016,5,1.4444001550373289e-12,,,0,0,,,-0.3737354389272471,30,0.0002898550724637,True,bars_to_sess_end
S3::37a51a4fd454,S3,M03_BREAKOUT_RETEST,f013,5,2.273736754432321e-12,,,0,0,,,-0.3652404446864761,31,0.0002995169082125,True,vol_rel_20
S40::43b9c7dbd606,S40,M21_META_ROUTER,f039,4,2.804867449412996e-12,,,0,0,,,-0.1929964957240371,32,0.0003091787439613,True,session_id
S8::b7adfd7f9d4f,S8,M08_EXTENSION_MEAN_REVERSION,f039,4,3.1787905641067482e-12,,,0,0,,,-0.1740521879042388,33,0.0003188405797101,True,session_id
S23::866611e1c7db,S23,M04_VOLATILITY_COMPRESSION_EXPANSION,f037,2,3.6766145683486676e-12,,,0,0,,,-0.1768749736734077,34,0.0003285024154589,True,disp_recent
S27::8492323d86e4,S27,M16_AUCTION_VALUE,f016,5,6.59250432022418e-12,,,0,0,,,-0.1757948604079745,35,0.0003381642512077,True,bars_to_sess_end
S3::37a51a4fd454,S3,M03_BREAKOUT_RETEST,f039,4,1.0572875908110289e-11,,,0,0,,,-0.3652404446864761,36,0.0003478260869565,True,session_id
S40::43b9c7dbd606,S40,M21_META_ROUTER,f003,5,1.5528689445432065e-11,,,0,0,,,-0.1929964957240371,37,0.0003574879227053,True,vol_rel_sess
S3::37a51a4fd454,S3,M03_BREAKOUT_RETEST,f037,2,1.673283733794051e-11,,,0,0,,,-0.3652404446864761,38,0.0003671497584541,True,disp_recent
S7::98a2f4583fb9,S7,M07_TREND_CONTINUATION,f036,5,1.9253487693049465e-11,,,0,0,,,-0.6253044035935208,39,0.0003768115942028,True,dist_prev_sess_low_atr
S21::6ddb75c3f9b1,S21,M01_LIQUIDITY_SWEEP,f039,4,1.9954704555402717e-11,,,0,0,,,-0.3144243577251478,40,0.0003864734299516,True,session_id
S14::dc07a2d5d013,S14,M08_EXTENSION_MEAN_REVERSION,f038,2,2.1985080422837197e-11,,,0,0,,,-0.0733520870494794,41,0.0003961352657004,True,ret_4_atr
S18::18995ee3f508,S18,M06_SESSION_TIME,f015,2,3.558442429607567e-11,,,0,0,,,-0.2196943442096486,42,0.0004057971014492,True,compress_flag
S28::b2a817579286,S28,M16_AUCTION_VALUE,f015,2,4.4125592069121915e-11,,,0,0,,,-0.1509808226383693,43,0.000415458937198,True,compress_flag
S26::f196a9ae20d6,S26,M16_AUCTION_VALUE,f015,2,4.9821480274658825e-11,,,0,0,,,-0.1791938310904777,44,0.0004251207729468,True,compress_flag
S39::cdecf371316b,S39,M07_TREND_CONTINUATION,f015,2,5.154854321176572e-11,,,0,0,,,-0.1572910268826625,45,0.0004347826086956,True,compress_flag
S44::3d6f380511c2,S44,M17_VOLUME_PARTICIPATION,f037,2,5.357669863315096e-11,,,0,0,,,-0.1698854030120568,46,0.0004444444444444,True,disp_recent
S6::7199b701458a,S6,M06_SESSION_TIME,f037,2,9.524736555022172e-11,,,0,0,,,-0.5031640871587263,47,0.0004541062801932,True,disp_recent
S23::866611e1c7db,S23,M04_VOLATILITY_COMPRESSION_EXPANSION,f013,5,1.0759837465457167e-10,4.0,0.0075502827006145,833,803,0.2107581735079887,4.415274474279444,-0.1768749736734077,48,0.000463768115942,True,vol_rel_20
S15::ac373f9fe529,S15,M07_TREND_CONTINUATION,f036,5,1.2605805288501415e-10,,,0,0,,,-0.1615200875385349,49,0.0004734299516908,True,dist_prev_sess_low_atr
S14::dc07a2d5d013,S14,M08_EXTENSION_MEAN_REVERSION,f015,2,1.2993428555319042e-10,1.0,0.156403363097821,61,57,0.2407649414740761,1.3258690757940157,-0.0733520870494794,50,0.0004830917874396,True,compress_flag
S14::25e44853ad0f,S14,M08_EXTENSION_MEAN_REVERSION,f022,4,1.523918768953081e-10,2.0,0.142606613249018,70,64,0.3126592928781384,2.035609878931825,-0.152388312799847,51,0.0004927536231884,True,rloc_20
S3::37a51a4fd454,S3,M03_BREAKOUT_RETEST,f027,5,1.6333823182890228e-10,,,0,0,,,-0.3652404446864761,52,0.0005024154589371,True,atr_pct_rank
S18::3933c532ec9c,S18,M06_SESSION_TIME,f015,2,2.0856294469240308e-10,,,0,0,,,-0.2706234087594297,53,0.0005120772946859,True,compress_flag
S42::a347eead7c5d,S42,M08_EXTENSION_MEAN_REVERSION,f037,2,2.5718582818967656e-10,0.0,0.0690852536035734,94,76,0.1785653971818938,1.355788231199751,-0.1021182368524002,54,0.0005217391304347,True,disp_recent
S23::866611e1c7db,S23,M04_VOLATILITY_COMPRESSION_EXPANSION,f017,17,3.8300207449992735e-10,12.0,0.3589571168564324,51,50,0.5399625978782412,2.7535887775497043,-0.1768749736734077,55,0.0005314009661835,True,hour_utc
S10::598adad042be,S10,M10_DISPLACEMENT_CONTINUATION,f016,5,4.770062123071739e-10,,,0,0,,,-0.1821402258358029,56,0.0005410628019323,True,bars_to_sess_end
S3::37a51a4fd454,S3,M03_BREAKOUT_RETEST,f017,24,1.1412204514726911e-09,,,0,0,,,-0.3652404446864761,57,0.0005507246376811,True,hour_utc
S51::049ca99687f4,S51,M06_SESSION_TIME,f039,4,1.1623715323594295e-09,,,0,0,,,-0.1820980069014957,58,0.0005603864734299,True,session_id
S51::049ca99687f4,S51,M06_SESSION_TIME,f015,2,1.2727294773640094e-09,,,0,0,,,-0.1820980069014957,59,0.0005700483091787,True,compress_flag
S6::7199b701458a,S6,M06_SESSION_TIME,f021,2,1.427510554208311e-09,,,0,0,,,-0.5031640871587263,60,0.0005797101449275,True,fvg_present
S50::9cc65b2c5452,S50,M20_CANDLESTICK_PATTERN,f039,4,1.9581278820623993e-09,,,0,0,,,-0.6026326920420786,61,0.0005893719806763,True,session_id
S3::7aafa506c507,S3,M03_BREAKOUT_RETEST,f039,4,3.3659128817475903e-09,,,0,0,,,-0.3737354389272471,62,0.0005990338164251,True,session_id
S4::cf232107e3b5,S4,M04_VOLATILITY_COMPRESSION_EXPANSION,f005,3,3.641411172594644e-09,,,0,0,,,-0.2239875030282,63,0.0006086956521739,True,atr_over_atrma
S18::18995ee3f508,S18,M06_SESSION_TIME,f005,5,3.960183292406327e-09,4.0,0.0400530740942227,55,55,0.2634941028060252,1.56316528131696,-0.2196943442096486,64,0.0006183574879227,True,atr_over_atrma
S3::37a51a4fd454,S3,M03_BREAKOUT_RETEST,f031,2,5.082386067556399e-09,,,0,0,,,-0.3652404446864761,65,0.0006280193236714,True,d1_trend_state
S44::3d6f380511c2,S44,M17_VOLUME_PARTICIPATION,f011,48,5.770147026851191e-09,29.0,0.0648269178682062,487,487,0.2420749553581173,4.129855239876879,-0.1698854030120568,66,0.0006376811594202,True,halfhour_bucket_utc
S21::6ddb75c3f9b1,S21,M01_LIQUIDITY_SWEEP,f016,5,7.453032635496015e-09,,,0,0,,,-0.3144243577251478,67,0.000647342995169,True,bars_to_sess_end
S2::2c6012247423,S2,M02_FAILED_BREAKOUT_FADE,f015,2,7.492046094625948e-09,,,0,0,,,-0.1792331034018087,68,0.0006570048309178,True,compress_flag
S40::43b9c7dbd606,S40,M21_META_ROUTER,f037,2,1.14527534122999e-08,,,0,0,,,-0.1929964957240371,69,0.0006666666666666,True,disp_recent
S21::b61f7b31fafc,S21,M01_LIQUIDITY_SWEEP,f039,4,1.2991711706433762e-08,,,0,0,,,-0.2797389306514087,70,0.0006763285024154,True,session_id
S31::555f488885b1,S31,M06_SESSION_TIME,f011,2,2.372349028334497e-08,,,0,0,,,-0.2555616258255557,71,0.0006859903381642,True,halfhour_bucket_utc
S31::555f488885b1,S31,M06_SESSION_TIME,f017,2,2.372349028334497e-08,,,0,0,,,-0.2555616258255557,72,0.000695652173913,True,hour_utc
S31::555f488885b1,S31,M06_SESSION_TIME,f039,2,2.372349028334497e-08,,,0,0,,,-0.2555616258255557,73,0.0007053140096618,True,session_id
S19::762b6018f2c5,S19,M15_GAP,f021,2,3.33912790750901e-08,1.0,0.1001192218429366,66,66,0.745572911686469,4.100387135233265,-0.2669320577565558,74,0.0007149758454106,True,fvg_present
HTF_RECLAIM,HTF_RECLAIM,M11_STRUCTURE_BREAK_REVERSAL,f015,2,3.657043112781366e-08,,,0,0,,,-0.1001845799762217,75,0.0007246376811594,True,compress_flag
S26::f196a9ae20d6,S26,M16_AUCTION_VALUE,f016,5,3.91531040921933e-08,,,0,0,,,-0.1791938310904777,76,0.0007342995169082,True,bars_to_sess_end
S40::43b9c7dbd606,S40,M21_META_ROUTER,f005,5,4.684809873367613e-08,,,0,0,,,-0.1929964957240371,77,0.000743961352657,True,atr_over_atrma
S30::282a94fa23d8,S30,M06_SESSION_TIME,f037,2,7.343925156888531e-08,,,0,0,,,-0.146454009554978,78,0.0007536231884057,True,disp_recent
S48::6d74b2000433,S48,M04_VOLATILITY_COMPRESSION_EXPANSION,f039,4,7.380917033117386e-08,,,0,0,,,-0.164287958331933,79,0.0007632850241545,True,session_id
S12::061854e10b15,S12,M12_RANGE_ROTATION,f015,2,8.067946133394345e-08,,,0,0,,,-0.2424089430019912,80,0.0007729468599033,True,compress_flag
S45::4809d6e42bc2,S45,M19_SEQUENCE_RUNLENGTH,f003,5,8.371079829316842e-08,,,0,0,,,-0.1625746944243231,81,0.0007826086956521,True,vol_rel_sess
S13::7d288aa44d52,S13,M13_IMBALANCE_FVG,f002,3,8.683433172507193e-08,,,0,0,,,-0.1512493477368903,82,0.0007922705314009,True,ret_1_atr
S44::3d6f380511c2,S44,M17_VOLUME_PARTICIPATION,f005,5,9.414388602024817e-08,,,0,0,,,-0.1698854030120568,83,0.0008019323671497,True,atr_over_atrma
S39::cdecf371316b,S39,M07_TREND_CONTINUATION,f003,5,9.968862624276653e-08,,,0,0,,,-0.1572910268826625,84,0.0008115942028985,True,vol_rel_sess
S31::9584b16899ad,S31,M06_SESSION_TIME,f003,4,1.1613111361441497e-07,2.0,0.2670879409100197,43,43,0.5520483629326376,2.3438133342005103,-0.2468575655120184,85,0.0008212560386473,True,vol_rel_sess
S2::691f36c634e3,S2,M02_FAILED_BREAKOUT_FADE,f015,2,1.1868466032183279e-07,,,0,0,,,-0.2259536905507216,86,0.0008309178743961,True,compress_flag
S14::25e44853ad0f,S14,M08_EXTENSION_MEAN_REVERSION,f010,4,1.1891379791961755e-07,4.0,0.2211150233848136,123,108,0.4146690264630776,3.268935481320608,-0.152388312799847,87,0.0008405797101449,True,bars_since_20bar_high
S27::8492323d86e4,S27,M16_AUCTION_VALUE,f008,5,1.2122335135700268e-07,,,0,0,,,-0.1757948604079745,88,0.0008502415458937,True,dist_vwap_atr
S14::25e44853ad0f,S14,M08_EXTENSION_MEAN_REVERSION,f026,5,1.2945428173871676e-07,0.0,0.4364213239831417,43,40,0.6099792140251865,2.881861930108524,-0.152388312799847,89,0.0008599033816425,True,rloc_50
S10::598adad042be,S10,M10_DISPLACEMENT_CONTINUATION,f013,5,1.335830113191605e-07,,,0,0,,,-0.1821402258358029,90,0.0008695652173913,True,vol_rel_20
S1::11c4710e404e,S1,M01_LIQUIDITY_SWEEP,f039,4,1.4371250234290758e-07,,,0,0,,,-0.1687544865282243,91,0.00087922705314,True,session_id
S18::18995ee3f508,S18,M06_SESSION_TIME,f040,3,1.494084109765481e-07,,,0,0,,,-0.2196943442096486,92,0.0008888888888888,True,bar_in_sess
S7::98a2f4583fb9,S7,M07_TREND_CONTINUATION,f028,5,1.5608521364285369e-07,,,0,0,,,-0.6253044035935208,93,0.0008985507246376,True,dist_prev_sess_high_atr
S10::598adad042be,S10,M10_DISPLACEMENT_CONTINUATION,f039,4,1.7788087269821062e-07,,,0,0,,,-0.1821402258358029,94,0.0009082125603864,True,session_id
S7::98a2f4583fb9,S7,M07_TREND_CONTINUATION,f008,5,1.8617836272660787e-07,,,0,0,,,-0.6253044035935208,95,0.0009178743961352,True,dist_vwap_atr
S14::25e44853ad0f,S14,M08_EXTENSION_MEAN_REVERSION,f038,3,1.862502005955946e-07,3.0,0.0820460236775313,63,60,0.2469933187886665,1.401485288554737,-0.152388312799847,96,0.000927536231884,True,ret_4_atr
S7::98a2f4583fb9,S7,M07_TREND_CONTINUATION,f026,5,1.8636330145760385e-07,,,0,0,,,-0.6253044035935208,97,0.0009371980676328,True,rloc_50
S27::8492323d86e4,S27,M16_AUCTION_VALUE,f033,5,1.9720314381466158e-07,,,0,0,,,-0.1757948604079745,98,0.0009468599033816,True,rloc_sess
S51::049ca99687f4,S51,M06_SESSION_TIME,f016,5,2.041354152382269e-07,,,0,0,,,-0.1820980069014957,99,0.0009565217391304,True,bars_to_sess_end
S26::f196a9ae20d6,S26,M16_AUCTION_VALUE,f039,4,2.2186749060182365e-07,,,0,0,,,-0.1791938310904777,100,0.0009661835748792,True,session_id
S43::6aacd27a298d,S43,M18_OSCILLATOR_DIVERGENCE,f016,5,2.488778094722477e-07,,,0,0,,,-0.3255470396563592,101,0.000975845410628,True,bars_to_sess_end
S27::8492323d86e4,S27,M16_AUCTION_VALUE,f031,2,3.3647743524767293e-07,,,0,0,,,-0.1757948604079745,102,0.0009855072463768,True,d1_trend_state
S3::37a51a4fd454,S3,M03_BREAKOUT_RETEST,f009,5,4.263369723922495e-07,,,0,0,,,-0.3652404446864761,103,0.0009951690821256,True,dist_pdl_atr
S6::7199b701458a,S6,M06_SESSION_TIME,f004,5,4.38762983723251e-07,4.0,0.2689296369610381,96,83,0.8083741928008694,5.3504153418244575,-0.5031640871587263,104,0.0010048309178743,True,dist_or_low_atr
S39::cdecf371316b,S39,M07_TREND_CONTINUATION,f039,4,4.479294108961085e-07,,,0,0,,,-0.1572910268826625,105,0.0010144927536231,True,session_id
S3::7aafa506c507,S3,M03_BREAKOUT_RETEST,f003,5,4.642416051581222e-07,,,0,0,,,-0.3737354389272471,106,0.0010241545893719,True,vol_rel_sess
S43::6aacd27a298d,S43,M18_OSCILLATOR_DIVERGENCE,f034,3,5.636936004638216e-07,,,0,0,,,-0.3255470396563592,107,0.0010338164251207,True,run_len_same_dir
S11::576394ea476f,S11,M11_STRUCTURE_BREAK_REVERSAL,f037,2,6.13288376527521e-07,0.0,0.0116263213357446,897,845,0.0846342660999554,2.407859207332285,-0.0580988841413395,108,0.0010434782608695,True,disp_recent
S21::b61f7b31fafc,S21,M01_LIQUIDITY_SWEEP,f003,5,6.266241436847508e-07,,,0,0,,,-0.2797389306514087,109,0.0010531400966183,True,vol_rel_sess
S29::10d4532019fd,S29,M06_SESSION_TIME,f016,2,7.601618507990793e-07,3.0,0.0810391816058775,46,46,0.2177527967298776,1.0062788938532825,-0.1239209859419127,110,0.0010628019323671,True,bars_to_sess_end
S39::cdecf371316b,S39,M07_TREND_CONTINUATION,f027,5,7.604726626198044e-07,,,0,0,,,-0.1572910268826625,111,0.0010724637681159,True,atr_pct_rank
S1::11c4710e404e,S1,M01_LIQUIDITY_SWEEP,f003,5,9.163974723502832e-07,,,0,0,,,-0.1687544865282243,112,0.0010821256038647,True,vol_rel_sess
S27::8492323d86e4,S27,M16_AUCTION_VALUE,f046,2,9.723261991112508e-07,,,0,0,,,-0.1757948604079745,113,0.0010917874396135,True,h4_trend_state
SESS_C,SESS_C,M06_SESSION_TIME,f003,3,1.049106564954272e-06,,,0,0,,,-0.2791331001590712,114,0.0011014492753623,True,vol_rel_sess
S15::ac373f9fe529,S15,M07_TREND_CONTINUATION,f005,5,1.0545256534655325e-06,,,0,0,,,-0.1615200875385349,115,0.0011111111111111,True,atr_over_atrma
S7::98a2f4583fb9,S7,M07_TREND_CONTINUATION,f004,5,1.1744713623862424e-06,,,0,0,,,-0.6253044035935208,116,0.0011207729468599,True,dist_or_low_atr
S14::25e44853ad0f,S14,M08_EXTENSION_MEAN_REVERSION,f013,4,1.239104132189084e-06,2.0,0.0833446319828797,98,90,0.2559799461751082,1.8693288427844847,-0.152388312799847,117,0.0011304347826086,True,vol_rel_20
S43::6aacd27a298d,S43,M18_OSCILLATOR_DIVERGENCE,f015,2,1.2763771048973638e-06,,,0,0,,,-0.3255470396563592,118,0.0011400966183574,True,compress_flag
S4::cf232107e3b5,S4,M04_VOLATILITY_COMPRESSION_EXPANSION,f003,5,1.391606280209956e-06,,,0,0,,,-0.2239875030282,119,0.0011497584541062,True,vol_rel_sess
S3::37a51a4fd454,S3,M03_BREAKOUT_RETEST,f011,46,1.6557144704165694e-06,,,0,0,,,-0.3652404446864761,120,0.001159420289855,True,halfhour_bucket_utc
S7::98a2f4583fb9,S7,M07_TREND_CONTINUATION,f043,5,2.004087377160957e-06,,,0,0,,,-0.6253044035935208,121,0.0011690821256038,True,dist_or_high_atr
S27::8492323d86e4,S27,M16_AUCTION_VALUE,f011,48,2.095792403622454e-06,,,0,0,,,-0.1757948604079745,122,0.0011787439613526,True,halfhour_bucket_utc
S27::8492323d86e4,S27,M16_AUCTION_VALUE,f004,5,2.145284159205118e-06,,,0,0,,,-0.1757948604079745,123,0.0011884057971014,True,dist_or_low_atr
S21::6ddb75c3f9b1,S21,M01_LIQUIDITY_SWEEP,f022,5,2.154912924767771e-06,0.0,0.3943699398576296,30,30,0.7103682301458776,2.601549902594191,-0.3144243577251478,124,0.0011980676328502,True,rloc_20
S48::6d74b2000433,S48,M04_VOLATILITY_COMPRESSION_EXPANSION,f005,2,2.162608628175633e-06,,,0,0,,,-0.164287958331933,125,0.001207729468599,True,atr_over_atrma
S31::9584b16899ad,S31,M06_SESSION_TIME,f040,4,2.2512835275989573e-06,4.0,0.4161434787787093,84,84,0.76632588236201,4.718803956448627,-0.2468575655120184,126,0.0012173913043478,True,bar_in_sess
S6::7199b701458a,S6,M06_SESSION_TIME,f009,5,2.540375532156247e-06,,,0,0,,,-0.5031640871587263,127,0.0012270531400966,True,dist_pdl_atr
S21::b61f7b31fafc,S21,M01_LIQUIDITY_SWEEP,f028,5,2.559495522191924e-06,,,0,0,,,-0.2797389306514087,128,0.0012367149758454,True,dist_prev_sess_high_atr
S23::866611e1c7db,S23,M04_VOLATILITY_COMPRESSION_EXPANSION,f011,29,2.912016876077672e-06,5.0,0.2073132220760352,224,224,0.3975450412946665,3.970446389473908,-0.1768749736734077,129,0.0012463768115942,True,halfhour_bucket_utc
S25::017b79ce0b9e,S25,M04_VOLATILITY_COMPRESSION_EXPANSION,f005,3,3.963433272913264e-06,,,0,0,,,-0.1485080670797977,130,0.0012560386473429,True,atr_over_atrma
S10::598adad042be,S10,M10_DISPLACEMENT_CONTINUATION,f027,5,5.068821822273861e-06,,,0,0,,,-0.1821402258358029,131,0.0012657004830917,True,atr_pct_rank
S7::98a2f4583fb9,S7,M07_TREND_CONTINUATION,f030,5,5.96921372553183e-06,,,0,0,,,-0.6253044035935208,132,0.0012753623188405,True,rloc_96
S3::37a51a4fd454,S3,M03_BREAKOUT_RETEST,f026,5,6.275161387181427e-06,,,0,0,,,-0.3652404446864761,133,0.0012850241545893,True,rloc_50
S44::3d6f380511c2,S44,M17_VOLUME_PARTICIPATION,f017,24,7.4165812584681134e-06,14.0,0.0300535353591406,981,968,0.212987976927657,5.117858547728813,-0.1698854030120568,134,0.0012946859903381,True,hour_utc
SESS_D,SESS_D,M06_SESSION_TIME,f011,2,8.478342219397916e-06,28.0,0.0630451867253198,967,967,0.1375098632652877,3.21446455688999,-0.0267017319359689,135,0.0013043478260869,True,halfhour_bucket_utc
SESS_D,SESS_D,M06_SESSION_TIME,f017,2,8.478342219397916e-06,14.0,0.0630451867253198,967,967,0.1375098632652877,3.21446455688999,-0.0267017319359689,136,0.0013140096618357,True,hour_utc
S3::37a51a4fd454,S3,M03_BREAKOUT_RETEST,f030,5,9.13057382700977e-06,,,0,0,,,-0.3652404446864761,137,0.0013236714975845,True,rloc_96
S5::9cce3e63e04e,S5,M05_OPENING_RANGE,f016,3,1.1082922120042582e-05,0.0,0.037756123092498,655,635,0.1689049083749056,3.179259018006237,-0.0824976353327315,138,0.0013333333333333,True,bars_to_sess_end
S21::b61f7b31fafc,S21,M01_LIQUIDITY_SWEEP,f026,5,1.161167890506576e-05,4.0,0.1023637240672398,57,51,0.383945749524349,2.016131240490173,-0.2797389306514087,139,0.0013429951690821,True,rloc_50
S17::3cf289079abb,S17,M14_REFERENCE_LEVEL,f024,1,1.3192137754636237e-05,1.0,0.0709321410437363,241,141,0.3973563289961924,4.356893564673193,-0.0214468781177987,140,0.0013526570048309,True,h1_trend_state
S6::a461ec93f607,S6,M06_SESSION_TIME,f015,2,1.33365902845739e-05,,,0,0,,,-0.5128074236968724,141,0.0013623188405797,True,compress_flag
S27::8492323d86e4,S27,M16_AUCTION_VALUE,f043,5,1.4194012696311376e-05,,,0,0,,,-0.1757948604079745,142,0.0013719806763285,True,dist_or_high_atr
S1::4b7c6d5c6035,S1,M01_LIQUIDITY_SWEEP,f016,5,1.4260004419508476e-05,,,0,0,,,-0.2084882388941829,143,0.0013816425120772,True,bars_to_sess_end
S27::8492323d86e4,S27,M16_AUCTION_VALUE,f009,5,1.5215195964257688e-05,,,0,0,,,-0.1757948604079745,144,0.001391304347826,True,dist_pdl_atr
S10::598adad042be,S10,M10_DISPLACEMENT_CONTINUATION,f003,5,1.6267736859809645e-05,,,0,0,,,-0.1821402258358029,145,0.0014009661835748,True,vol_rel_sess
S2::2c6012247423,S2,M02_FAILED_BREAKOUT_FADE,f039,4,1.8020295261322872e-05,,,0,0,,,-0.1792331034018087,146,0.0014106280193236,True,session_id
S15::ac373f9fe529,S15,M07_TREND_CONTINUATION,f027,5,1.8038227198591272e-05,,,0,0,,,-0.1615200875385349,147,0.0014202898550724,True,atr_pct_rank
S12::884efeda36f3,S12,M12_RANGE_ROTATION,f003,5,1.806962815154023e-05,,,0,0,,,-0.2323586418177302,148,0.0014299516908212,True,vol_rel_sess
S3::7aafa506c507,S3,M03_BREAKOUT_RETEST,f031,2,1.817386726177261e-05,,,0,0,,,-0.3737354389272471,149,0.00143961352657,True,d1_trend_state
S11::576394ea476f,S11,M11_STRUCTURE_BREAK_REVERSAL,f039,4,1.93078273920122e-05,3.0,0.0075679671016855,1573,1507,0.0950200643732549,4.5721714649872,-0.0580988841413395,150,0.0014492753623188,True,session_id
S18::3933c532ec9c,S18,M06_SESSION_TIME,f021,2,2.00024777003982e-05,,,0,0,,,-0.2706234087594297,151,0.0014589371980676,True,fvg_present
S18::3933c532ec9c,S18,M06_SESSION_TIME,f003,5,2.082876440767656e-05,4.0,0.0046690990347055,38,38,0.2780238694902651,1.319343154995119,-0.2706234087594297,152,0.0014685990338164,True,vol_rel_sess
S7::98a2f4583fb9,S7,M07_TREND_CONTINUATION,f037,2,2.103202997494336e-05,,,0,0,,,-0.6253044035935208,153,0.0014782608695652,True,disp_recent
S14::dc07a2d5d013,S14,M08_EXTENSION_MEAN_REVERSION,f022,3,2.136044108791424e-05,2.0,0.2746918923104328,46,46,0.3604741214799092,1.854290709987011,-0.0733520870494794,154,0.001487922705314,True,rloc_20
S14::25e44853ad0f,S14,M08_EXTENSION_MEAN_REVERSION,f033,4,2.230603493558192e-05,2.0,0.0898972208874317,47,45,0.2518387384551497,1.2985908350632869,-0.152388312799847,155,0.0014975845410628,True,rloc_sess
S10::598adad042be,S10,M10_DISPLACEMENT_CONTINUATION,f005,5,2.231700076738008e-05,,,0,0,,,-0.1821402258358029,156,0.0015072463768115,True,atr_over_atrma
S7::98a2f4583fb9,S7,M07_TREND_CONTINUATION,f015,2,2.3913274782128013e-05,,,0,0,,,-0.6253044035935208,157,0.0015169082125603,True,compress_flag
S23::866611e1c7db,S23,M04_VOLATILITY_COMPRESSION_EXPANSION,f036,5,2.40167243381606e-05,,,0,0,,,-0.1768749736734077,158,0.0015265700483091,True,dist_prev_sess_low_atr
S21::b61f7b31fafc,S21,M01_LIQUIDITY_SWEEP,f043,5,2.416140790550969e-05,,,0,0,,,-0.2797389306514087,159,0.0015362318840579,True,dist_or_high_atr
S1::11c4710e404e,S1,M01_LIQUIDITY_SWEEP,f015,2,2.5276320551714804e-05,,,0,0,,,-0.1687544865282243,160,0.0015458937198067,True,compress_flag
S5::9cce3e63e04e,S5,M05_OPENING_RANGE,f015,2,2.6685143172500148e-05,0.0,0.0217226354441255,703,665,0.1508573492976276,3.103522509160242,-0.0824976353327315,161,0.0015555555555555,True,compress_flag
S21::6ddb75c3f9b1,S21,M01_LIQUIDITY_SWEEP,f015,2,2.903417419686249e-05,,,0,0,,,-0.3144243577251478,162,0.0015652173913043,True,compress_flag
S6::7199b701458a,S6,M06_SESSION_TIME,f022,3,3.1025042674270864e-05,,,0,0,,,-0.5031640871587263,163,0.0015748792270531,True,rloc_20
S18::18995ee3f508,S18,M06_SESSION_TIME,f016,3,3.440394827758375e-05,,,0,0,,,-0.2196943442096486,164,0.0015845410628019,True,bars_to_sess_end
S6::7199b701458a,S6,M06_SESSION_TIME,f033,5,3.5570114900185246e-05,,,0,0,,,-0.5031640871587263,165,0.0015942028985507,True,rloc_sess
S11::576394ea476f,S11,M11_STRUCTURE_BREAK_REVERSAL,f015,2,3.620287686700863e-05,,,0,0,,,-0.0580988841413395,166,0.0016038647342995,True,compress_flag
S2::691f36c634e3,S2,M02_FAILED_BREAKOUT_FADE,f016,5,3.655726015461269e-05,,,0,0,,,-0.2259536905507216,167,0.0016135265700483,True,bars_to_sess_end
S5::9cce3e63e04e,S5,M05_OPENING_RANGE,f017,5,3.855979116007546e-05,3.0,0.1324251268698928,214,213,0.2372496899265864,2.56786146022919,-0.0824976353327315,168,0.0016231884057971,True,hour_utc
S13::7d288aa44d52,S13,M13_IMBALANCE_FVG,f039,4,3.889633313569618e-05,,,0,0,,,-0.1512493477368903,169,0.0016328502415458,True,session_id
S31::9584b16899ad,S31,M06_SESSION_TIME,f015,2,4.22335952068309e-05,,,0,0,,,-0.2468575655120184,170,0.0016425120772946,True,compress_flag
S7::98a2f4583fb9,S7,M07_TREND_CONTINUATION,f022,5,4.6394011548045455e-05,,,0,0,,,-0.6253044035935208,171,0.0016521739130434,True,rloc_20
S48::6d74b2000433,S48,M04_VOLATILITY_COMPRESSION_EXPANSION,f036,5,4.814489677151812e-05,,,0,0,,,-0.164287958331933,172,0.0016618357487922,True,dist_prev_sess_low_atr
S8::ec037f864152,S8,M08_EXTENSION_MEAN_REVERSION,f016,5,4.915816276485074e-05,,,0,0,,,-0.1440796368386465,173,0.001671497584541,True,bars_to_sess_end
S5::9cce3e63e04e,S5,M05_OPENING_RANGE,f008,4,5.032277988448186e-05,0.0,0.0283126451337405,560,543,0.14701433942868,2.676582531387129,-0.0824976353327315,174,0.0016811594202898,True,dist_vwap_atr
S43::6aacd27a298d,S43,M18_OSCILLATOR_DIVERGENCE,f010,5,5.955067002405556e-05,,,0,0,,,-0.3255470396563592,175,0.0016908212560386,True,bars_since_20bar_high
S39::cdecf371316b,S39,M07_TREND_CONTINUATION,f005,5,5.960456342268827e-05,,,0,0,,,-0.1572910268826625,176,0.0017004830917874,True,atr_over_atrma
S5::9cce3e63e04e,S5,M05_OPENING_RANGE,f007,5,5.992727937775833e-05,2.0,0.099479375266584,313,305,0.2110228057638162,2.6668891535745693,-0.0824976353327315,177,0.0017101449275362,True,ret_96_atr
S2::691f36c634e3,S2,M02_FAILED_BREAKOUT_FADE,f037,2,6.0422645828506205e-05,,,0,0,,,-0.2259536905507216,178,0.001719806763285,True,disp_recent
S50::9cc65b2c5452,S50,M20_CANDLESTICK_PATTERN,f003,5,6.180961656720996e-05,,,0,0,,,-0.6026326920420786,179,0.0017294685990338,True,vol_rel_sess
S21::6ddb75c3f9b1,S21,M01_LIQUIDITY_SWEEP,f043,5,6.530104563973183e-05,,,0,0,,,-0.3144243577251478,180,0.0017391304347826,True,dist_or_high_atr
S3::7aafa506c507,S3,M03_BREAKOUT_RETEST,f027,5,7.233573849685371e-05,,,0,0,,,-0.3737354389272471,181,0.0017487922705314,True,atr_pct_rank
S10::7df75fdb8ecb,S10,M10_DISPLACEMENT_CONTINUATION,f036,5,7.589397086449345e-05,,,0,0,,,-0.1954025256313247,182,0.0017584541062801,True,dist_prev_sess_low_atr
S1::11c4710e404e,S1,M01_LIQUIDITY_SWEEP,f016,5,7.734374412038392e-05,,,0,0,,,-0.1687544865282243,183,0.0017681159420289,True,bars_to_sess_end
S15::ac373f9fe529,S15,M07_TREND_CONTINUATION,f009,5,7.892296840728008e-05,,,0,0,,,-0.1615200875385349,184,0.0017777777777777,True,dist_pdl_atr
S27::8492323d86e4,S27,M16_AUCTION_VALUE,f014,5,7.946135627601159e-05,,,0,0,,,-0.1757948604079745,185,0.0017874396135265,True,bars_since_20bar_low
S43::6aacd27a298d,S43,M18_OSCILLATOR_DIVERGENCE,f014,5,8.036511250253398e-05,,,0,0,,,-0.3255470396563592,186,0.0017971014492753,True,bars_since_20bar_low
S2::2c6012247423,S2,M02_FAILED_BREAKOUT_FADE,f037,2,8.168089649629451e-05,,,0,0,,,-0.1792331034018087,187,0.0018067632850241,True,disp_recent
S44::3d6f380511c2,S44,M17_VOLUME_PARTICIPATION,f040,5,8.233388582912227e-05,,,0,0,,,-0.1698854030120568,188,0.0018164251207729,True,bar_in_sess
S17::3cf289079abb,S17,M14_REFERENCE_LEVEL,f013,5,8.842268211073367e-05,4.0,0.3384686430896529,113,94,0.5622560878564171,4.292282982627407,-0.0214468781177987,189,0.0018260869565217,True,vol_rel_20
S18::3933c532ec9c,S18,M06_SESSION_TIME,f027,5,9.666828787446846e-05,,,0,0,,,-0.2706234087594297,190,0.0018357487922705,True,atr_pct_rank
S3::7aafa506c507,S3,M03_BREAKOUT_RETEST,f013,5,0.0001052864760664,,,0,0,,,-0.3737354389272471,191,0.0018454106280193,True,vol_rel_20
S44::3d6f380511c2,S44,M17_VOLUME_PARTICIPATION,f003,5,0.0001078957427991,,,0,0,,,-0.1698854030120568,192,0.0018550724637681,True,vol_rel_sess
S3::37a51a4fd454,S3,M03_BREAKOUT_RETEST,f012,5,0.0001082615157943,,,0,0,,,-0.3652404446864761,193,0.0018647342995169,True,dist_pwl_atr
S40::43b9c7dbd606,S40,M21_META_ROUTER,f017,24,0.0001083640043457,,,0,0,,,-0.1929964957240371,194,0.0018743961352657,True,hour_utc
S6::7199b701458a,S6,M06_SESSION_TIME,f030,4,0.000109409197492,,,0,0,,,-0.5031640871587263,195,0.0018840579710144,True,rloc_96
S21::b61f7b31fafc,S21,M01_LIQUIDITY_SWEEP,f014,5,0.0001100276733911,,,0,0,,,-0.2797389306514087,196,0.0018937198067632,True,bars_since_20bar_low
S18::3933c532ec9c,S18,M06_SESSION_TIME,f005,5,0.0001142592232983,,,0,0,,,-0.2706234087594297,197,0.001903381642512,True,atr_over_atrma
HTF_RECLAIM,HTF_RECLAIM,M11_STRUCTURE_BREAK_REVERSAL,f008,5,0.0001164658124253,,,0,0,,,-0.1001845799762217,198,0.0019130434782608,True,dist_vwap_atr
S50::9cc65b2c5452,S50,M20_CANDLESTICK_PATTERN,f015,2,0.0001198177720382,,,0,0,,,-0.6026326920420786,199,0.0019227053140096,True,compress_flag
S43::6aacd27a298d,S43,M18_OSCILLATOR_DIVERGENCE,f037,2,0.0001226055409153,,,0,0,,,-0.3255470396563592,200,0.0019323671497584,True,disp_recent
S4::cf232107e3b5,S4,M04_VOLATILITY_COMPRESSION_EXPANSION,f042,5,0.0001263116674121,,,0,0,,,-0.2239875030282,201,0.0019420289855072,True,dist_pdmid_atr
S17::3cf289079abb,S17,M14_REFERENCE_LEVEL,f042,4,0.0001275371669624,4.0,0.2945338580053495,65,53,0.3984656672396328,2.1863410776202943,-0.0214468781177987,202,0.001951690821256,True,dist_pdmid_atr
S21::b61f7b31fafc,S21,M01_LIQUIDITY_SWEEP,f027,5,0.0001355152075444,,,0,0,,,-0.2797389306514087,203,0.0019613526570048,True,atr_pct_rank
S44::3d6f380511c2,S44,M17_VOLUME_PARTICIPATION,f013,5,0.0001364819854032,,,0,0,,,-0.1698854030120568,204,0.0019710144927536,True,vol_rel_20
S30::282a94fa23d8,S30,M06_SESSION_TIME,f015,2,0.0001368786007232,,,0,0,,,-0.146454009554978,205,0.0019806763285024,True,compress_flag
S28::b2a817579286,S28,M16_AUCTION_VALUE,f012,5,0.0001470593684194,0.0,0.0572125030822426,609,349,0.2302744360243131,4.177972862639364,-0.1509808226383693,206,0.0019903381642512,True,dist_pwl_atr
S4::cf232107e3b5,S4,M04_VOLATILITY_COMPRESSION_EXPANSION,f039,4,0.0001508547392266,,,0,0,,,-0.2239875030282,207,0.002,True,session_id
HTF_RECLAIM,HTF_RECLAIM,M11_STRUCTURE_BREAK_REVERSAL,f041,5,0.0001569234137299,,,0,0,,,-0.1001845799762217,208,0.0020096618357487,True,ret_12_atr
S21::6ddb75c3f9b1,S21,M01_LIQUIDITY_SWEEP,f033,5,0.0001609488158349,,,0,0,,,-0.3144243577251478,209,0.0020193236714975,True,rloc_sess
S21::b61f7b31fafc,S21,M01_LIQUIDITY_SWEEP,f041,5,0.0001731028156981,,,0,0,,,-0.2797389306514087,210,0.0020289855072463,True,ret_12_atr
SESS_C,SESS_C,M06_SESSION_TIME,f037,2,0.0001764658748553,,,0,0,,,-0.2791331001590712,211,0.0020386473429951,True,disp_recent
S8::b7adfd7f9d4f,S8,M08_EXTENSION_MEAN_REVERSION,f016,5,0.0001855769764147,,,0,0,,,-0.1740521879042388,212,0.0020483091787439,True,bars_to_sess_end
S10::7df75fdb8ecb,S10,M10_DISPLACEMENT_CONTINUATION,f043,5,0.0001964836087542,,,0,0,,,-0.1954025256313247,213,0.0020579710144927,True,dist_or_high_atr
S15::ac373f9fe529,S15,M07_TREND_CONTINUATION,f012,5,0.0002127220079795,,,0,0,,,-0.1615200875385349,214,0.0020676328502415,True,dist_pwl_atr
S4::cf232107e3b5,S4,M04_VOLATILITY_COMPRESSION_EXPANSION,f017,20,0.0002186294864214,10.0,0.067352863549162,44,42,0.2925096611253329,1.2381906046814497,-0.2239875030282,215,0.0020772946859903,True,hour_utc
S51::049ca99687f4,S51,M06_SESSION_TIME,f027,5,0.0002551486137969,,,0,0,,,-0.1820980069014957,216,0.0020869565217391,True,atr_pct_rank
SESS_B,SESS_B,M06_SESSION_TIME,f016,3,0.0002770594402381,,,0,0,,,-0.3656137311760934,217,0.0020966183574879,True,bars_to_sess_end
S18::3933c532ec9c,S18,M06_SESSION_TIME,f016,3,0.0002863838668123,2.0,0.189887288871507,31,31,0.4642312688132561,1.7032198278596888,-0.2706234087594297,218,0.0021062801932367,True,bars_to_sess_end
S26::f196a9ae20d6,S26,M16_AUCTION_VALUE,f003,5,0.0003167787277691,,,0,0,,,-0.1791938310904777,219,0.0021159420289855,True,vol_rel_sess
S31::9584b16899ad,S31,M06_SESSION_TIME,f037,2,0.000324448433389,,,0,0,,,-0.2468575655120184,220,0.0021256038647342,True,disp_recent
S44::3d6f380511c2,S44,M17_VOLUME_PARTICIPATION,f002,5,0.000325310212933,,,0,0,,,-0.1698854030120568,221,0.002135265700483,True,ret_1_atr
S42::a347eead7c5d,S42,M08_EXTENSION_MEAN_REVERSION,f015,2,0.0003297660496892,,,0,0,,,-0.1021182368524002,222,0.0021449275362318,True,compress_flag
S23::866611e1c7db,S23,M04_VOLATILITY_COMPRESSION_EXPANSION,f040,5,0.0003393048587618,2.0,0.0216447177605618,695,680,0.2216227030794165,3.983663406020157,-0.1768749736734077,223,0.0021545893719806,True,bar_in_sess
S7::98a2f4583fb9,S7,M07_TREND_CONTINUATION,f021,2,0.0003553488379921,,,0,0,,,-0.6253044035935208,224,0.0021642512077294,True,fvg_present
HTF_TGT_BREAK,HTF_TGT_BREAK,M03_BREAKOUT_RETEST,f005,2,0.0003651337880179,3.0,0.1042620589733756,113,110,0.1685131636021319,1.776883678915726,-0.0228554796569282,225,0.0021739130434782,True,atr_over_atrma
S14::25e44853ad0f,S14,M08_EXTENSION_MEAN_REVERSION,f030,5,0.0003779366729605,0.0,0.3074093193063619,70,57,0.4873304244478981,2.7033842310847134,-0.152388312799847,226,0.002183574879227,True,rloc_96
S18::3933c532ec9c,S18,M06_SESSION_TIME,f023,5,0.0003883039617535,,,0,0,,,-0.2706234087594297,227,0.0021932367149758,True,dist_pwh_atr
S3::7aafa506c507,S3,M03_BREAKOUT_RETEST,f017,24,0.0003888950600217,,,0,0,,,-0.3737354389272471,228,0.0022028985507246,True,hour_utc
S4::cf232107e3b5,S4,M04_VOLATILITY_COMPRESSION_EXPANSION,f013,5,0.0003969675927806,,,0,0,,,-0.2239875030282,229,0.0022125603864734,True,vol_rel_20
S14::25e44853ad0f,S14,M08_EXTENSION_MEAN_REVERSION,f043,5,0.0003974108184501,,,0,0,,,-0.152388312799847,230,0.0022222222222222,True,dist_or_high_atr
S2::2c6012247423,S2,M02_FAILED_BREAKOUT_FADE,f003,5,0.0003992764539662,,,0,0,,,-0.1792331034018087,231,0.002231884057971,True,vol_rel_sess
S44::3d6f380511c2,S44,M17_VOLUME_PARTICIPATION,f016,5,0.0004029839300012,,,0,0,,,-0.1698854030120568,232,0.0022415458937198,True,bars_to_sess_end
S50::9cc65b2c5452,S50,M20_CANDLESTICK_PATTERN,f027,5,0.0004052597352033,,,0,0,,,-0.6026326920420786,233,0.0022512077294685,True,atr_pct_rank
S14::dc07a2d5d013,S14,M08_EXTENSION_MEAN_REVERSION,f005,4,0.0004161611532866,1.0,0.2902631017665356,80,75,0.3868123300482967,2.384284979218509,-0.0733520870494794,234,0.0022608695652173,True,atr_over_atrma
S1::11c4710e404e,S1,M01_LIQUIDITY_SWEEP,f027,5,0.0004175668548178,,,0,0,,,-0.1687544865282243,235,0.0022705314009661,True,atr_pct_rank
S15::ac373f9fe529,S15,M07_TREND_CONTINUATION,f003,5,0.0004185371374809,,,0,0,,,-0.1615200875385349,236,0.0022801932367149,True,vol_rel_sess
S6::7199b701458a,S6,M06_SESSION_TIME,f028,3,0.0004278177077825,,,0,0,,,-0.5031640871587263,237,0.0022898550724637,True,dist_prev_sess_high_atr
S12::061854e10b15,S12,M12_RANGE_ROTATION,f021,2,0.0004369331664539,,,0,0,,,-0.2424089430019912,238,0.0022995169082125,True,fvg_present
S6::7199b701458a,S6,M06_SESSION_TIME,f041,3,0.0004426871969398,,,0,0,,,-0.5031640871587263,239,0.0023091787439613,True,ret_12_atr
S5::9cce3e63e04e,S5,M05_OPENING_RANGE,f011,9,0.0004546304001662,6.0,0.1477730659068942,118,118,0.2428736431442064,2.003556006297265,-0.0824976353327315,240,0.0023188405797101,True,halfhour_bucket_utc
S10::598adad042be,S10,M10_DISPLACEMENT_CONTINUATION,f035,5,0.0004590553127781,,,0,0,,,-0.1821402258358029,241,0.0023285024154589,True,dist_pdh_atr
S51::049ca99687f4,S51,M06_SESSION_TIME,f003,5,0.0004756088645962,,,0,0,,,-0.1820980069014957,242,0.0023381642512077,True,vol_rel_sess
S11::576394ea476f,S11,M11_STRUCTURE_BREAK_REVERSAL,f001,5,0.0004943499194498,4.0,0.0012863429054589,1114,786,0.0760154791659874,2.3612088613931035,-0.0580988841413395,243,0.0023478260869565,True,weekday
S14::25e44853ad0f,S14,M08_EXTENSION_MEAN_REVERSION,f028,5,0.0005107606270615,0.0,0.4925924139527721,65,56,0.6806909032764012,3.885422386171917,-0.152388312799847,244,0.0023574879227053,True,dist_prev_sess_high_atr
S9::731bd4dd4aa4,S9,M09_MTF_ALIGNMENT,f039,4,0.0005264083534584,1.0,0.1788448727123409,84,82,0.1861956361247049,1.1548479735604882,0.0029187266956302,245,0.0023671497584541,True,session_id
HTF_RECLAIM,HTF_RECLAIM,M11_STRUCTURE_BREAK_REVERSAL,f028,5,0.0005320128256336,,,0,0,,,-0.1001845799762217,246,0.0023768115942028,True,dist_prev_sess_high_atr
S5::9cce3e63e04e,S5,M05_OPENING_RANGE,f005,5,0.0005356935228828,2.0,0.1040093514894908,275,269,0.2121645262800068,2.655511100213295,-0.0824976353327315,247,0.0023864734299516,True,atr_over_atrma
S8::b7adfd7f9d4f,S8,M08_EXTENSION_MEAN_REVERSION,f037,2,0.0005418078502028,,,0,0,,,-0.1740521879042388,248,0.0023961352657004,True,disp_recent
S7::98a2f4583fb9,S7,M07_TREND_CONTINUATION,f011,48,0.0005526288227457,,,0,0,,,-0.6253044035935208,249,0.0024057971014492,True,halfhour_bucket_utc
S40::43b9c7dbd606,S40,M21_META_ROUTER,f030,5,0.000553550772735,,,0,0,,,-0.1929964957240371,250,0.002415458937198,True,rloc_96
S12::884efeda36f3,S12,M12_RANGE_ROTATION,f004,5,0.0005651542092866,,,0,0,,,-0.2323586418177302,251,0.0024251207729468,True,dist_or_low_atr
S31::555f488885b1,S31,M06_SESSION_TIME,f040,4,0.0005689212353061,2.0,0.0851980117947849,32,32,0.3590554570898892,1.351710998301328,-0.2555616258255557,252,0.0024347826086956,True,bar_in_sess
S3::7aafa506c507,S3,M03_BREAKOUT_RETEST,f011,48,0.0005749292498933,,,0,0,,,-0.3737354389272471,253,0.0024444444444444,True,halfhour_bucket_utc
S18::3933c532ec9c,S18,M06_SESSION_TIME,f001,5,0.0006125252447664,,,0,0,,,-0.2706234087594297,254,0.0024541062801932,True,weekday
S14::25e44853ad0f,S14,M08_EXTENSION_MEAN_REVERSION,f005,5,0.0006130726745168,0.0,0.2914603274364578,31,28,0.4552387957390577,1.737255086677462,-0.152388312799847,255,0.002463768115942,True,atr_over_atrma
S3::37a51a4fd454,S3,M03_BREAKOUT_RETEST,f042,5,0.0006147502451625,,,0,0,,,-0.3652404446864761,256,0.0024734299516908,True,dist_pdmid_atr
S13::7d288aa44d52,S13,M13_IMBALANCE_FVG,f011,48,0.0006859327494588,3.0,0.0563604374808975,291,291,0.2114593103546794,2.4370141540503854,-0.1512493477368903,257,0.0024830917874396,True,halfhour_bucket_utc
S12::884efeda36f3,S12,M12_RANGE_ROTATION,f039,4,0.0006920294949193,,,0,0,,,-0.2323586418177302,258,0.0024927536231884,True,session_id
S8::ec037f864152,S8,M08_EXTENSION_MEAN_REVERSION,f039,4,0.0006935372891536,,,0,0,,,-0.1440796368386465,259,0.0025024154589371,True,session_id
S10::598adad042be,S10,M10_DISPLACEMENT_CONTINUATION,f024,2,0.0007281086588815,,,0,0,,,-0.1821402258358029,260,0.0025120772946859,True,h1_trend_state
S7::98a2f4583fb9,S7,M07_TREND_CONTINUATION,f017,24,0.0007483555298648,,,0,0,,,-0.6253044035935208,261,0.0025217391304347,True,hour_utc
S7::98a2f4583fb9,S7,M07_TREND_CONTINUATION,f033,5,0.0007612364098297,,,0,0,,,-0.6253044035935208,262,0.0025314009661835,True,rloc_sess
S4::cf232107e3b5,S4,M04_VOLATILITY_COMPRESSION_EXPANSION,f016,5,0.0007803485140955,,,0,0,,,-0.2239875030282,263,0.0025410628019323,True,bars_to_sess_end
S40::43b9c7dbd606,S40,M21_META_ROUTER,f016,5,0.0007852900856863,,,0,0,,,-0.1929964957240371,264,0.0025507246376811,True,bars_to_sess_end
S30::282a94fa23d8,S30,M06_SESSION_TIME,f036,5,0.000789326641748,,,0,0,,,-0.146454009554978,265,0.0025603864734299,True,dist_prev_sess_low_atr
S7::98a2f4583fb9,S7,M07_TREND_CONTINUATION,f041,5,0.000802050987454,,,0,0,,,-0.6253044035935208,266,0.0025700483091787,True,ret_12_atr
S2::2c6012247423,S2,M02_FAILED_BREAKOUT_FADE,f027,5,0.0008048937231519,,,0,0,,,-0.1792331034018087,267,0.0025797101449275,True,atr_pct_rank
SESS_A,SESS_A,M06_SESSION_TIME,f037,2,0.0008049735030377,0.0,0.0870576296011048,319,319,0.0854948360508011,1.1510886540125422,0.0098448623933664,268,0.0025893719806763,True,disp_recent
S15::ac373f9fe529,S15,M07_TREND_CONTINUATION,f016,5,0.0008195699946811,,,0,0,,,-0.1615200875385349,269,0.0025990338164251,True,bars_to_sess_end
HTF_RECLAIM,HTF_RECLAIM,M11_STRUCTURE_BREAK_REVERSAL,f022,5,0.0008235689185509,,,0,0,,,-0.1001845799762217,270,0.0026086956521739,True,rloc_20
S25::017b79ce0b9e,S25,M04_VOLATILITY_COMPRESSION_EXPANSION,f037,2,0.0008385272372288,,,0,0,,,-0.1485080670797977,271,0.0026183574879227,True,disp_recent
S18::3933c532ec9c,S18,M06_SESSION_TIME,f028,5,0.0008526896029237,4.0,0.0109337836091003,200,200,0.2969092748313724,2.9144949242296145,-0.2706234087594297,272,0.0026280193236714,True,dist_prev_sess_high_atr
S3::7aafa506c507,S3,M03_BREAKOUT_RETEST,f005,5,0.0008910986806642,,,0,0,,,-0.3737354389272471,273,0.0026376811594202,True,atr_over_atrma
OBEXEC_D,OBEXEC_D,M14_REFERENCE_LEVEL,f037,2,0.0008979283174173,,,0,0,,,-0.1852561142249603,274,0.002647342995169,True,disp_recent
S43::6aacd27a298d,S43,M18_OSCILLATOR_DIVERGENCE,f039,4,0.0009017875799077,,,0,0,,,-0.3255470396563592,275,0.0026570048309178,True,session_id
S41::73a2a8a65e5e,S41,M17_VOLUME_PARTICIPATION,f028,5,0.0009182098657856,,,0,0,,,-0.391199701626434,276,0.0026666666666666,True,dist_prev_sess_high_atr
S1::11c4710e404e,S1,M01_LIQUIDITY_SWEEP,f013,5,0.0009210008953108,,,0,0,,,-0.1687544865282243,277,0.0026763285024154,True,vol_rel_20
S43::6aacd27a298d,S43,M18_OSCILLATOR_DIVERGENCE,f003,5,0.0009625284296899,,,0,0,,,-0.3255470396563592,278,0.0026859903381642,True,vol_rel_sess
S1::4b7c6d5c6035,S1,M01_LIQUIDITY_SWEEP,f004,5,0.0009985708468152,,,0,0,,,-0.2084882388941829,279,0.002695652173913,True,dist_or_low_atr
S10::7df75fdb8ecb,S10,M10_DISPLACEMENT_CONTINUATION,f021,2,0.0010111545419171,,,0,0,,,-0.1954025256313247,280,0.0027053140096618,True,fvg_present
S45::4809d6e42bc2,S45,M19_SEQUENCE_RUNLENGTH,f027,5,0.0010155175803827,,,0,0,,,-0.1625746944243231,281,0.0027149758454106,True,atr_pct_rank
S29::10d4532019fd,S29,M06_SESSION_TIME,f036,5,0.0010661511103304,3.0,0.2192777547479473,165,165,0.4348294724274441,3.702803280274124,-0.1239209859419127,282,0.0027246376811594,True,dist_prev_sess_low_atr
S5::9cce3e63e04e,S5,M05_OPENING_RANGE,f009,5,0.0010698401522191,2.0,0.1550994754401488,226,223,0.2638163231921533,2.7454283516254967,-0.0824976353327315,283,0.0027342995169082,True,dist_pdl_atr
S21::b61f7b31fafc,S21,M01_LIQUIDITY_SWEEP,f016,5,0.0010738688794809,,,0,0,,,-0.2797389306514087,284,0.002743961352657,True,bars_to_sess_end
HTF_RECLAIM,HTF_RECLAIM,M11_STRUCTURE_BREAK_REVERSAL,f021,2,0.001075555395503,,,0,0,,,-0.1001845799762217,285,0.0027536231884057,True,fvg_present
S5::9cce3e63e04e,S5,M05_OPENING_RANGE,f040,4,0.001075972168449,2.0,0.090676630192418,391,386,0.2091334465237335,3.0293673412139728,-0.0824976353327315,286,0.0027632850241545,True,bar_in_sess
S4::cf232107e3b5,S4,M04_VOLATILITY_COMPRESSION_EXPANSION,f031,2,0.001116400704415,,,0,0,,,-0.2239875030282,287,0.0027729468599033,True,d1_trend_state
S15::ac373f9fe529,S15,M07_TREND_CONTINUATION,f028,5,0.0011408103109022,,,0,0,,,-0.1615200875385349,288,0.0027826086956521,True,dist_prev_sess_high_atr
S41::73a2a8a65e5e,S41,M17_VOLUME_PARTICIPATION,f030,5,0.0011736857643374,,,0,0,,,-0.391199701626434,289,0.0027922705314009,True,rloc_96
S39::cdecf371316b,S39,M07_TREND_CONTINUATION,f017,24,0.001177280332719,14.0,0.0388146569341106,684,675,0.2086476462039329,4.060092174490288,-0.1572910268826625,290,0.0028019323671497,True,hour_utc
S10::7df75fdb8ecb,S10,M10_DISPLACEMENT_CONTINUATION,f007,5,0.0012039828114596,,,0,0,,,-0.1954025256313247,291,0.0028115942028985,True,ret_96_atr
S3::37a51a4fd454,S3,M03_BREAKOUT_RETEST,f007,5,0.001216521557481,,,0,0,,,-0.3652404446864761,292,0.0028212560386473,True,ret_96_atr
S25::017b79ce0b9e,S25,M04_VOLATILITY_COMPRESSION_EXPANSION,f021,2,0.0012246114677854,,,0,0,,,-0.1485080670797977,293,0.0028309178743961,True,fvg_present
S2::691f36c634e3,S2,M02_FAILED_BREAKOUT_FADE,f032,5,0.001311113994189,,,0,0,,,-0.2259536905507216,294,0.0028405797101449,True,efficiency_24h
S39::cdecf371316b,S39,M07_TREND_CONTINUATION,f011,46,0.0013206881849834,28.0,0.1242812114577237,383,383,0.291379638057044,4.183459602958677,-0.1572910268826625,295,0.0028502415458937,True,halfhour_bucket_utc
S3::7aafa506c507,S3,M03_BREAKOUT_RETEST,f040,5,0.0013629256415326,,,0,0,,,-0.3737354389272471,296,0.0028599033816425,True,bar_in_sess
S14::25e44853ad0f,S14,M08_EXTENSION_MEAN_REVERSION,f004,5,0.0013891125897058,2.0,0.2093491815187279,72,69,0.3840554888266618,2.421904986723852,-0.152388312799847,297,0.0028695652173913,True,dist_or_low_atr
S46::28bd0e966c33,S46,M03_BREAKOUT_RETEST,f016,5,0.0013903564062189,1.0,0.4339192971680592,52,52,0.4754131557997159,3.634915946580578,-0.0369124123563443,298,0.00287922705314,True,bars_to_sess_end
S13::7d288aa44d52,S13,M13_IMBALANCE_FVG,f016,5,0.0014575286790918,,,0,0,,,-0.1512493477368903,299,0.0028888888888888,True,bars_to_sess_end
S31::555f488885b1,S31,M06_SESSION_TIME,f016,3,0.0014652743950609,3.0,0.0243544334429883,36,36,0.2969379817916312,1.19574544898711,-0.2555616258255557,300,0.0028985507246376,True,bars_to_sess_end
SESS_B,SESS_B,M06_SESSION_TIME,f039,3,0.0014653430882067,,,0,0,,,-0.3656137311760934,301,0.0029082125603864,True,session_id
S1::11c4710e404e,S1,M01_LIQUIDITY_SWEEP,f040,5,0.0014767347479649,,,0,0,,,-0.1687544865282243,302,0.0029178743961352,True,bar_in_sess
S18::3933c532ec9c,S18,M06_SESSION_TIME,f012,5,0.0014849836955987,,,0,0,,,-0.2706234087594297,303,0.002927536231884,True,dist_pwl_atr
S2::691f36c634e3,S2,M02_FAILED_BREAKOUT_FADE,f039,4,0.0015343142353163,,,0,0,,,-0.2259536905507216,304,0.0029371980676328,True,session_id
S10::7df75fdb8ecb,S10,M10_DISPLACEMENT_CONTINUATION,f014,5,0.0015353078481106,,,0,0,,,-0.1954025256313247,305,0.0029468599033816,True,bars_since_20bar_low
S29::bd28e989b4eb,S29,M06_SESSION_TIME,f037,2,0.001573418145476,,,0,0,,,-0.1540660871629385,306,0.0029565217391304,True,disp_recent
S12::061854e10b15,S12,M12_RANGE_ROTATION,f040,5,0.0016146764369584,,,0,0,,,-0.2424089430019912,307,0.0029661835748792,True,bar_in_sess
S45::4809d6e42bc2,S45,M19_SEQUENCE_RUNLENGTH,f039,4,0.0016227386210534,,,0,0,,,-0.1625746944243231,308,0.002975845410628,True,session_id
S4::cf232107e3b5,S4,M04_VOLATILITY_COMPRESSION_EXPANSION,f043,5,0.0016231677452571,,,0,0,,,-0.2239875030282,309,0.0029855072463768,True,dist_or_high_atr
S23::866611e1c7db,S23,M04_VOLATILITY_COMPRESSION_EXPANSION,f004,5,0.0016396673104734,,,0,0,,,-0.1768749736734077,310,0.0029951690821256,True,dist_or_low_atr
S11::576394ea476f,S11,M11_STRUCTURE_BREAK_REVERSAL,f027,5,0.0016551266157383,4.0,0.0213746170920563,724,692,0.0926463068407627,3.5897263194880176,-0.0580988841413395,311,0.0030048309178743,True,atr_pct_rank
S43::6aacd27a298d,S43,M18_OSCILLATOR_DIVERGENCE,f013,5,0.001670182945892,,,0,0,,,-0.3255470396563592,312,0.0030144927536231,True,vol_rel_20
S10::598adad042be,S10,M10_DISPLACEMENT_CONTINUATION,f046,2,0.0017274678465639,,,0,0,,,-0.1821402258358029,313,0.0030241545893719,True,h4_trend_state
S15::ac373f9fe529,S15,M07_TREND_CONTINUATION,f013,5,0.0017279488884969,,,0,0,,,-0.1615200875385349,314,0.0030338164251207,True,vol_rel_20
S50::9cc65b2c5452,S50,M20_CANDLESTICK_PATTERN,f037,2,0.0017669211077873,,,0,0,,,-0.6026326920420786,315,0.0030434782608695,True,disp_recent
S45::4809d6e42bc2,S45,M19_SEQUENCE_RUNLENGTH,f015,2,0.001790756737404,,,0,0,,,-0.1625746944243231,316,0.0030531400966183,True,compress_flag
S44::3d6f380511c2,S44,M17_VOLUME_PARTICIPATION,f010,5,0.0018109155066003,,,0,0,,,-0.1698854030120568,317,0.0030628019323671,True,bars_since_20bar_high
S1::11c4710e404e,S1,M01_LIQUIDITY_SWEEP,f030,5,0.0018133639618311,,,0,0,,,-0.1687544865282243,318,0.0030724637681159,True,rloc_96
S12::061854e10b15,S12,M12_RANGE_ROTATION,f036,5,0.0018187871288344,,,0,0,,,-0.2424089430019912,319,0.0030821256038647,True,dist_prev_sess_low_atr
S6::7199b701458a,S6,M06_SESSION_TIME,f016,2,0.0018265850776586,,,0,0,,,-0.5031640871587263,320,0.0030917874396135,True,bars_to_sess_end
S14::25e44853ad0f,S14,M08_EXTENSION_MEAN_REVERSION,f008,4,0.0018631429899924,0.0,0.1505138142660886,34,34,0.3114487430993313,1.3518419778230286,-0.152388312799847,321,0.0031014492753623,True,dist_vwap_atr
S21::b61f7b31fafc,S21,M01_LIQUIDITY_SWEEP,f015,2,0.0019058369626865,,,0,0,,,-0.2797389306514087,322,0.0031111111111111,True,compress_flag
S27::8492323d86e4,S27,M16_AUCTION_VALUE,f040,5,0.0019560036256605,,,0,0,,,-0.1757948604079745,323,0.0031207729468599,True,bar_in_sess
S27::8492323d86e4,S27,M16_AUCTION_VALUE,f037,2,0.0019593410697291,,,0,0,,,-0.1757948604079745,324,0.0031304347826086,True,disp_recent
S12::061854e10b15,S12,M12_RANGE_ROTATION,f033,5,0.0020263509489604,,,0,0,,,-0.2424089430019912,325,0.0031400966183574,True,rloc_sess
S15::ac373f9fe529,S15,M07_TREND_CONTINUATION,f042,5,0.0020578968088891,,,0,0,,,-0.1615200875385349,326,0.0031497584541062,True,dist_pdmid_atr
S10::7df75fdb8ecb,S10,M10_DISPLACEMENT_CONTINUATION,f026,5,0.00205815715136,,,0,0,,,-0.1954025256313247,327,0.003159420289855,True,rloc_50
S8::b7adfd7f9d4f,S8,M08_EXTENSION_MEAN_REVERSION,f015,2,0.0020631884823685,,,0,0,,,-0.1740521879042388,328,0.0031690821256038,True,compress_flag
S14::25e44853ad0f,S14,M08_EXTENSION_MEAN_REVERSION,f009,5,0.0020953045717109,0.0,0.1088031388044997,97,81,0.2833767150068176,2.106149474660632,-0.152388312799847,329,0.0031787439613526,True,dist_pdl_atr
S21::6ddb75c3f9b1,S21,M01_LIQUIDITY_SWEEP,f002,5,0.0021209636180574,,,0,0,,,-0.3144243577251478,330,0.0031884057971014,True,ret_1_atr
S10::7df75fdb8ecb,S10,M10_DISPLACEMENT_CONTINUATION,f028,5,0.0021394205718494,,,0,0,,,-0.1954025256313247,331,0.0031980676328502,True,dist_prev_sess_high_atr
S43::6aacd27a298d,S43,M18_OSCILLATOR_DIVERGENCE,f030,5,0.0021689168415317,,,0,0,,,-0.3255470396563592,332,0.003207729468599,True,rloc_96
S39::cdecf371316b,S39,M07_TREND_CONTINUATION,f016,5,0.0021784895890508,,,0,0,,,-0.1572910268826625,333,0.0032173913043478,True,bars_to_sess_end
S13::7d288aa44d52,S13,M13_IMBALANCE_FVG,f027,5,0.0022743600817709,,,0,0,,,-0.1512493477368903,334,0.0032270531400966,True,atr_pct_rank
S27::8492323d86e4,S27,M16_AUCTION_VALUE,f022,5,0.0023570581903142,,,0,0,,,-0.1757948604079745,335,0.0032367149758454,True,rloc_20
S12::884efeda36f3,S12,M12_RANGE_ROTATION,f008,5,0.0023604560693324,,,0,0,,,-0.2323586418177302,336,0.0032463768115942,True,dist_vwap_atr
OBEXEC_D,OBEXEC_D,M14_REFERENCE_LEVEL,f046,2,0.0023976511688488,1.0,0.0108776985856639,312,273,0.2913029412661683,3.239159390417364,-0.1852561142249603,337,0.0032560386473429,True,h4_trend_state
S39::cdecf371316b,S39,M07_TREND_CONTINUATION,f007,5,0.0023976514495094,,,0,0,,,-0.1572910268826625,338,0.0032657004830917,True,ret_96_atr
S21::b61f7b31fafc,S21,M01_LIQUIDITY_SWEEP,f030,5,0.0024240705206479,,,0,0,,,-0.2797389306514087,339,0.0032753623188405,True,rloc_96
OBEXEC_C,OBEXEC_C,M14_REFERENCE_LEVEL,f026,5,0.0024287771761244,,,0,0,,,-0.2057387587957231,340,0.0032850241545893,True,rloc_50
S11::576394ea476f,S11,M11_STRUCTURE_BREAK_REVERSAL,f005,5,0.0024350855683896,,,0,0,,,-0.0580988841413395,341,0.0032946859903381,True,atr_over_atrma
S8::ec037f864152,S8,M08_EXTENSION_MEAN_REVERSION,f003,5,0.0026037787906063,,,0,0,,,-0.1440796368386465,342,0.0033043478260869,True,vol_rel_sess
S21::6ddb75c3f9b1,S21,M01_LIQUIDITY_SWEEP,f011,48,0.0026330853635059,43.0,0.1077417250449205,42,39,0.4234796829683454,1.9058134316076476,-0.3144243577251478,343,0.0033140096618357,True,halfhour_bucket_utc
S29::10d4532019fd,S29,M06_SESSION_TIME,f007,5,0.0026527077251503,2.0,0.1650696969958348,107,107,0.3347332910358822,2.328495589922722,-0.1239209859419127,344,0.0033236714975845,True,ret_96_atr
S15::ac373f9fe529,S15,M07_TREND_CONTINUATION,f007,5,0.0026590251683389,,,0,0,,,-0.1615200875385349,345,0.0033333333333333,True,ret_96_atr
S6::a461ec93f607,S6,M06_SESSION_TIME,f043,5,0.0027349886237026,,,0,0,,,-0.5128074236968724,346,0.0033429951690821,True,dist_or_high_atr
S41::73a2a8a65e5e,S41,M17_VOLUME_PARTICIPATION,f007,5,0.0027750665462655,,,0,0,,,-0.391199701626434,347,0.0033526570048309,True,ret_96_atr
S1::11c4710e404e,S1,M01_LIQUIDITY_SWEEP,f011,46,0.0028054830717438,45.0,0.1904456347130206,48,48,0.3614910600958264,1.7274311186369438,-0.1687544865282243,348,0.0033623188405797,True,halfhour_bucket_utc
S1::4b7c6d5c6035,S1,M01_LIQUIDITY_SWEEP,f013,5,0.0028254240765202,,,0,0,,,-0.2084882388941829,349,0.0033719806763285,True,vol_rel_20
S29::10d4532019fd,S29,M06_SESSION_TIME,f041,5,0.0028315238734,3.0,0.0438782442634208,141,141,0.204652332166318,1.660472766669779,-0.1239209859419127,350,0.0033816425120772,True,ret_12_atr
S40::43b9c7dbd606,S40,M21_META_ROUTER,f011,48,0.0029124801525384,35.0,0.0044362331069053,173,172,0.1990359893495189,2.1472223501038474,-0.1929964957240371,351,0.003391304347826,True,halfhour_bucket_utc
SESS_D,SESS_D,M06_SESSION_TIME,f006,5,0.0029198433916088,2.0,0.1572839505355691,449,449,0.2193645139189559,3.438952968124085,-0.0267017319359689,352,0.0034009661835748,True,realvol_ratio
S6::7199b701458a,S6,M06_SESSION_TIME,f035,4,0.0029250644072931,,,0,0,,,-0.5031640871587263,353,0.0034106280193236,True,dist_pdh_atr
SESS_B,SESS_B,M06_SESSION_TIME,f022,5,0.0030172011115681,,,0,0,,,-0.3656137311760934,354,0.0034202898550724,True,rloc_20
S21::b61f7b31fafc,S21,M01_LIQUIDITY_SWEEP,f004,5,0.0030337255093026,,,0,0,,,-0.2797389306514087,355,0.0034299516908212,True,dist_or_low_atr
S2::691f36c634e3,S2,M02_FAILED_BREAKOUT_FADE,f027,5,0.0031132703916614,,,0,0,,,-0.2259536905507216,356,0.00343961352657,True,atr_pct_rank
HTF_RECLAIM,HTF_RECLAIM,M11_STRUCTURE_BREAK_REVERSAL,f043,5,0.0031391863804852,,,0,0,,,-0.1001845799762217,357,0.0034492753623188,True,dist_or_high_atr
S7::98a2f4583fb9,S7,M07_TREND_CONTINUATION,f013,5,0.0031973668646201,,,0,0,,,-0.6253044035935208,358,0.0034589371980676,True,vol_rel_20
S22::e730d6bce802,S22,M14_REFERENCE_LEVEL,f015,2,0.0032075214361428,,,0,0,,,-0.0783510896106395,359,0.0034685990338164,True,compress_flag
S44::3d6f380511c2,S44,M17_VOLUME_PARTICIPATION,f009,5,0.0032256384970164,,,0,0,,,-0.1698854030120568,360,0.0034782608695652,True,dist_pdl_atr
S46::28bd0e966c33,S46,M03_BREAKOUT_RETEST,f028,5,0.0032462367927421,0.0,0.0662977626698842,715,658,0.1189750276525378,3.41016018077326,-0.0369124123563443,361,0.003487922705314,True,dist_prev_sess_high_atr
S8::b7adfd7f9d4f,S8,M08_EXTENSION_MEAN_REVERSION,f012,5,0.0032541756872783,,,0,0,,,-0.1740521879042388,362,0.0034975845410628,True,dist_pwl_atr
S44::3d6f380511c2,S44,M17_VOLUME_PARTICIPATION,f039,4,0.0033667052325512,,,0,0,,,-0.1698854030120568,363,0.0035072463768115,True,session_id
S19::762b6018f2c5,S19,M15_GAP,f031,1,0.0034941534664896,,,0,0,,,-0.2669320577565558,364,0.0035169082125603,True,d1_trend_state
S5::9cce3e63e04e,S5,M05_OPENING_RANGE,f030,5,0.0034978124020956,1.0,0.0148288213348455,472,454,0.1228192910444341,1.9140489351343348,-0.0824976353327315,365,0.0035265700483091,True,rloc_96
S10::7df75fdb8ecb,S10,M10_DISPLACEMENT_CONTINUATION,f013,5,0.0035105392990053,,,0,0,,,-0.1954025256313247,366,0.0035362318840579,True,vol_rel_20
S27::8492323d86e4,S27,M16_AUCTION_VALUE,f036,5,0.0035270257748343,,,0,0,,,-0.1757948604079745,367,0.0035458937198067,True,dist_prev_sess_low_atr
S27::8492323d86e4,S27,M16_AUCTION_VALUE,f026,5,0.0035277560637081,,,0,0,,,-0.1757948604079745,368,0.0035555555555555,True,rloc_50
S1::11c4710e404e,S1,M01_LIQUIDITY_SWEEP,f019,12,0.0035802351250016,,,0,0,,,-0.1687544865282243,369,0.0035652173913043,False,month_of_year
S4::cf232107e3b5,S4,M04_VOLATILITY_COMPRESSION_EXPANSION,f046,2,0.0036044413765621,,,0,0,,,-0.2239875030282,370,0.0035748792270531,False,h4_trend_state
S43::6aacd27a298d,S43,M18_OSCILLATOR_DIVERGENCE,f022,5,0.0036738727915452,,,0,0,,,-0.3255470396563592,371,0.0035845410628019,False,rloc_20
HTF_RECLAIM,HTF_RECLAIM,M11_STRUCTURE_BREAK_REVERSAL,f026,5,0.0036741867865819,,,0,0,,,-0.1001845799762217,372,0.0035942028985507,False,rloc_50
S15::ac373f9fe529,S15,M07_TREND_CONTINUATION,f017,24,0.0037197672214865,,,0,0,,,-0.1615200875385349,373,0.0036038647342995,False,hour_utc
S29::10d4532019fd,S29,M06_SESSION_TIME,f032,5,0.0037500718680205,3.0,0.1571470019892658,135,135,0.339623818750174,2.6803624734347364,-0.1239209859419127,374,0.0036135265700483,False,efficiency_24h
S10::598adad042be,S10,M10_DISPLACEMENT_CONTINUATION,f007,5,0.0039190243528708,,,0,0,,,-0.1821402258358029,375,0.0036231884057971,False,ret_96_atr
S44::3d6f380511c2,S44,M17_VOLUME_PARTICIPATION,f027,5,0.0039381173771402,,,0,0,,,-0.1698854030120568,376,0.0036328502415458,False,atr_pct_rank
S45::4809d6e42bc2,S45,M19_SEQUENCE_RUNLENGTH,f032,5,0.0040068927892256,,,0,0,,,-0.1625746944243231,377,0.0036425120772946,False,efficiency_24h
OBEXEC_B,OBEXEC_B,M14_REFERENCE_LEVEL,f026,5,0.0040384654759673,,,0,0,,,-0.2656588126211349,378,0.0036521739130434,False,rloc_50
S19::762b6018f2c5,S19,M15_GAP,f001,1,0.0040398695373382,4.0,0.1878343791716364,41,41,0.6642655820299439,2.8750316859485,-0.2669320577565558,379,0.0036618357487922,False,weekday
S11::576394ea476f,S11,M11_STRUCTURE_BREAK_REVERSAL,f026,5,0.0043045229463145,2.0,0.0092618159850833,1359,1272,0.0918833873677325,3.0033261514704823,-0.0580988841413395,380,0.003671497584541,False,rloc_50
SESS_E,SESS_E,M06_SESSION_TIME,f001,5,0.0043427357939418,,,0,0,,,-0.1706719129068075,381,0.0036811594202898,False,weekday
S17::3cf289079abb,S17,M14_REFERENCE_LEVEL,f035,4,0.0043456273472326,3.0,0.2310752564167686,96,59,0.3637245424030008,2.450190340365363,-0.0214468781177987,382,0.0036908212560386,False,dist_pdh_atr
S38::3029c9493a71,S38,M07_TREND_CONTINUATION,f037,2,0.0044269282686428,,,0,0,,,-0.0939524767845139,383,0.0037004830917874,False,disp_recent
S12::884efeda36f3,S12,M12_RANGE_ROTATION,f013,5,0.0044693891984093,,,0,0,,,-0.2323586418177302,384,0.0037101449275362,False,vol_rel_20
S3::7aafa506c507,S3,M03_BREAKOUT_RETEST,f006,5,0.0044809172702864,,,0,0,,,-0.3737354389272471,385,0.003719806763285,False,realvol_ratio
S29::10d4532019fd,S29,M06_SESSION_TIME,f003,4,0.0045474611165783,2.0,0.0914989979143356,91,91,0.2437483343344544,1.609100105649516,-0.1239209859419127,386,0.0037294685990338,False,vol_rel_sess
S18::18995ee3f508,S18,M06_SESSION_TIME,f024,2,0.0046123106567486,,,0,0,,,-0.2196943442096486,387,0.0037391304347826,False,h1_trend_state
S40::43b9c7dbd606,S40,M21_META_ROUTER,f021,2,0.0046689285589165,,,0,0,,,-0.1929964957240371,388,0.0037487922705314,False,fvg_present
S5::9cce3e63e04e,S5,M05_OPENING_RANGE,f042,5,0.0047150770839055,1.0,0.1000096626764998,257,244,0.2057618223465504,2.363728949268977,-0.0824976353327315,389,0.0037584541062801,False,dist_pdmid_atr
S44::3d6f380511c2,S44,M17_VOLUME_PARTICIPATION,f031,2,0.0047428977510115,,,0,0,,,-0.1698854030120568,390,0.0037681159420289,False,d1_trend_state
S3::37a51a4fd454,S3,M03_BREAKOUT_RETEST,f035,5,0.0048277958828935,,,0,0,,,-0.3652404446864761,391,0.0037777777777777,False,dist_pdh_atr
S12::884efeda36f3,S12,M12_RANGE_ROTATION,f022,5,0.0048773826617787,,,0,0,,,-0.2323586418177302,392,0.0037874396135265,False,rloc_20
S6::7199b701458a,S6,M06_SESSION_TIME,f002,5,0.0049515570458336,,,0,0,,,-0.5031640871587263,393,0.0037971014492753,False,ret_1_atr
S2::691f36c634e3,S2,M02_FAILED_BREAKOUT_FADE,f003,5,0.0049776160511849,,,0,0,,,-0.2259536905507216,394,0.0038067632850241,False,vol_rel_sess
S3::7aafa506c507,S3,M03_BREAKOUT_RETEST,f014,5,0.0050007404837226,,,0,0,,,-0.3737354389272471,395,0.0038164251207729,False,bars_since_20bar_low
S1::4b7c6d5c6035,S1,M01_LIQUIDITY_SWEEP,f015,2,0.0050165946988434,,,0,0,,,-0.2084882388941829,396,0.0038260869565217,False,compress_flag
S48::6d74b2000433,S48,M04_VOLATILITY_COMPRESSION_EXPANSION,f003,5,0.005075275645231,,,0,0,,,-0.164287958331933,397,0.0038357487922705,False,vol_rel_sess
HTF_RECLAIM,HTF_RECLAIM,M11_STRUCTURE_BREAK_REVERSAL,f037,2,0.0050901941321326,,,0,0,,,-0.1001845799762217,398,0.0038454106280193,False,disp_recent
OBR_A_limit,OBR_A_limit,M14_REFERENCE_LEVEL,f021,2,0.0050988218060235,,,0,0,,,-0.0673227003426379,399,0.0038550724637681,False,fvg_present
S15::ac373f9fe529,S15,M07_TREND_CONTINUATION,f030,5,0.0051313655580642,,,0,0,,,-0.1615200875385349,400,0.0038647342995169,False,rloc_96
S31::555f488885b1,S31,M06_SESSION_TIME,f008,5,0.0051496455362676,1.0,0.0942884617127708,123,123,0.4350610989585527,3.28222083471277,-0.2555616258255557,401,0.0038743961352657,False,dist_vwap_atr
S5::15be26301532,S5,M05_OPENING_RANGE,f014,5,0.0052035214745327,1.0,0.1042508747361976,593,587,0.1822122261614835,3.279285126629372,-0.0334222540989216,402,0.0038840579710144,False,bars_since_20bar_low
S8::b7adfd7f9d4f,S8,M08_EXTENSION_MEAN_REVERSION,f027,5,0.0052408324474884,,,0,0,,,-0.1740521879042388,403,0.0038937198067632,False,atr_pct_rank
S28::b2a817579286,S28,M16_AUCTION_VALUE,f034,3,0.0053227361736478,,,0,0,,,-0.1509808226383693,404,0.003903381642512,False,run_len_same_dir
S12::884efeda36f3,S12,M12_RANGE_ROTATION,f028,5,0.0055325913581372,,,0,0,,,-0.2323586418177302,405,0.0039130434782608,False,dist_prev_sess_high_atr
OBEXEC_C,OBEXEC_C,M14_REFERENCE_LEVEL,f010,5,0.0055928943714445,4.0,0.0409362055355652,216,184,0.2783903168881683,2.482071071685253,-0.2057387587957231,406,0.0039227053140096,False,bars_since_20bar_high
S21::6ddb75c3f9b1,S21,M01_LIQUIDITY_SWEEP,f003,5,0.0056369462015204,,,0,0,,,-0.3144243577251478,407,0.0039323671497584,False,vol_rel_sess
S16::393fe65826e6,S16,M14_REFERENCE_LEVEL,f017,12,0.0058492555107614,6.0,0.5829985022384004,39,39,0.6100965477837329,2.5316810400529635,0.0036035871818489,408,0.0039420289855072,False,hour_utc
SESS_E,SESS_E,M06_SESSION_TIME,f046,2,0.0059493857334489,,,0,0,,,-0.1706719129068075,409,0.003951690821256,False,h4_trend_state
S26::f196a9ae20d6,S26,M16_AUCTION_VALUE,f040,5,0.0059543524553928,,,0,0,,,-0.1791938310904777,410,0.0039613526570048,False,bar_in_sess
S7::98a2f4583fb9,S7,M07_TREND_CONTINUATION,f039,4,0.0059648142021346,,,0,0,,,-0.6253044035935208,411,0.0039710144927536,False,session_id
S1::4b7c6d5c6035,S1,M01_LIQUIDITY_SWEEP,f008,5,0.0060498244711348,,,0,0,,,-0.2084882388941829,412,0.0039806763285024,False,dist_vwap_atr
S10::7df75fdb8ecb,S10,M10_DISPLACEMENT_CONTINUATION,f030,5,0.0061862352496899,,,0,0,,,-0.1954025256313247,413,0.0039903381642512,False,rloc_96
S8::b7adfd7f9d4f,S8,M08_EXTENSION_MEAN_REVERSION,f043,5,0.0061944491803389,,,0,0,,,-0.1740521879042388,414,0.004,False,dist_or_high_atr
S1::11c4710e404e,S1,M01_LIQUIDITY_SWEEP,f043,5,0.006217456186297,3.0,0.0520348027826931,365,349,0.2319681061507683,3.228711838850705,-0.1687544865282243,415,0.0040096618357487,False,dist_or_high_atr
S1::4b7c6d5c6035,S1,M01_LIQUIDITY_SWEEP,f038,5,0.0062768549661118,,,0,0,,,-0.2084882388941829,416,0.0040193236714975,False,ret_4_atr
S43::6aacd27a298d,S43,M18_OSCILLATOR_DIVERGENCE,f041,5,0.0062905652866662,,,0,0,,,-0.3255470396563592,417,0.0040289855072463,False,ret_12_atr
S28::b2a817579286,S28,M16_AUCTION_VALUE,f005,5,0.0063963451916826,,,0,0,,,-0.1509808226383693,418,0.0040386473429951,False,atr_over_atrma
S2::691f36c634e3,S2,M02_FAILED_BREAKOUT_FADE,f021,2,0.0065429245358297,,,0,0,,,-0.2259536905507216,419,0.0040483091787439,False,fvg_present
S50::9cc65b2c5452,S50,M20_CANDLESTICK_PATTERN,f033,5,0.0066280684185326,,,0,0,,,-0.6026326920420786,420,0.0040579710144927,False,rloc_sess
S4::cf232107e3b5,S4,M04_VOLATILITY_COMPRESSION_EXPANSION,f024,2,0.0066568172918062,,,0,0,,,-0.2239875030282,421,0.0040676328502415,False,h1_trend_state
S13::7d288aa44d52,S13,M13_IMBALANCE_FVG,f005,5,0.0066705956714929,,,0,0,,,-0.1512493477368903,422,0.0040772946859903,False,atr_over_atrma
S12::061854e10b15,S12,M12_RANGE_ROTATION,f004,5,0.0067402747958567,,,0,0,,,-0.2424089430019912,423,0.0040869565217391,False,dist_or_low_atr
S4::cf232107e3b5,S4,M04_VOLATILITY_COMPRESSION_EXPANSION,f001,5,0.0067502422008614,,,0,0,,,-0.2239875030282,424,0.0040966183574879,False,weekday
S44::3d6f380511c2,S44,M17_VOLUME_PARTICIPATION,f028,5,0.0068803362106906,,,0,0,,,-0.1698854030120568,425,0.0041062801932367,False,dist_prev_sess_high_atr
S3::37a51a4fd454,S3,M03_BREAKOUT_RETEST,f022,5,0.0069313354464561,,,0,0,,,-0.3652404446864761,426,0.0041159420289855,False,rloc_20
S16::393fe65826e6,S16,M14_REFERENCE_LEVEL,f039,4,0.00693658713611,0.0,0.1145237121193641,267,203,0.1692186945405006,1.915249321445738,0.0036035871818489,427,0.0041256038647342,False,session_id
S23::866611e1c7db,S23,M04_VOLATILITY_COMPRESSION_EXPANSION,f008,5,0.0069656829414588,,,0,0,,,-0.1768749736734077,428,0.004135265700483,False,dist_vwap_atr
S10::7df75fdb8ecb,S10,M10_DISPLACEMENT_CONTINUATION,f008,5,0.0070228418714402,,,0,0,,,-0.1954025256313247,429,0.0041449275362318,False,dist_vwap_atr
S9::731bd4dd4aa4,S9,M09_MTF_ALIGNMENT,f021,2,0.0071029002032299,1.0,0.0953027232092408,335,249,0.1184350393015395,1.5114995803640368,0.0029187266956302,430,0.0041545893719806,False,fvg_present
S41::73a2a8a65e5e,S41,M17_VOLUME_PARTICIPATION,f010,5,0.0071226520326272,,,0,0,,,-0.391199701626434,431,0.0041642512077294,False,bars_since_20bar_high
S10::598adad042be,S10,M10_DISPLACEMENT_CONTINUATION,f030,5,0.0071276301269262,,,0,0,,,-0.1821402258358029,432,0.0041739130434782,False,rloc_96
S15::ac373f9fe529,S15,M07_TREND_CONTINUATION,f039,4,0.0071343654082971,,,0,0,,,-0.1615200875385349,433,0.004183574879227,False,session_id
S12::884efeda36f3,S12,M12_RANGE_ROTATION,f030,5,0.0072559641878011,,,0,0,,,-0.2323586418177302,434,0.0041932367149758,False,rloc_96
S21::b61f7b31fafc,S21,M01_LIQUIDITY_SWEEP,f011,47,0.007337508908654,41.0,0.1545445392920881,125,120,0.4389039000858866,3.2967399913000306,-0.2797389306514087,435,0.0042028985507246,False,halfhour_bucket_utc
S28::b2a817579286,S28,M16_AUCTION_VALUE,f036,5,0.0073802493725039,,,0,0,,,-0.1509808226383693,436,0.0042125603864734,False,dist_prev_sess_low_atr
S23::866611e1c7db,S23,M04_VOLATILITY_COMPRESSION_EXPANSION,f031,2,0.0074725856330122,,,0,0,,,-0.1768749736734077,437,0.0042222222222222,False,d1_trend_state
S51::049ca99687f4,S51,M06_SESSION_TIME,f005,5,0.0077416787499395,,,0,0,,,-0.1820980069014957,438,0.004231884057971,False,atr_over_atrma
S44::3d6f380511c2,S44,M17_VOLUME_PARTICIPATION,f007,5,0.0079411184400235,,,0,0,,,-0.1698854030120568,439,0.0042415458937198,False,ret_96_atr
S31::9584b16899ad,S31,M06_SESSION_TIME,f035,5,0.0079414090211438,4.0,0.1207112685135209,38,38,0.3914451001673693,1.6349732259663765,-0.2468575655120184,440,0.0042512077294685,False,dist_pdh_atr
S31::555f488885b1,S31,M06_SESSION_TIME,f005,3,0.0079557521698658,,,0,0,,,-0.2555616258255557,441,0.0042608695652173,False,atr_over_atrma
HTF_RECLAIM,HTF_RECLAIM,M11_STRUCTURE_BREAK_REVERSAL,f036,5,0.0079741692963153,,,0,0,,,-0.1001845799762217,442,0.0042705314009661,False,dist_prev_sess_low_atr
HTF_RECLAIM,HTF_RECLAIM,M11_STRUCTURE_BREAK_REVERSAL,f016,4,0.008017694405904,,,0,0,,,-0.1001845799762217,443,0.0042801932367149,False,bars_to_sess_end
S50::9cc65b2c5452,S50,M20_CANDLESTICK_PATTERN,f016,5,0.0080284145168973,,,0,0,,,-0.6026326920420786,444,0.0042898550724637,False,bars_to_sess_end
S8::b7adfd7f9d4f,S8,M08_EXTENSION_MEAN_REVERSION,f036,5,0.0080879575561132,,,0,0,,,-0.1740521879042388,445,0.0042995169082125,False,dist_prev_sess_low_atr
S2::691f36c634e3,S2,M02_FAILED_BREAKOUT_FADE,f008,5,0.0081020068089898,1.0,0.0804841142665264,218,214,0.3160775510582524,3.1522091966312087,-0.2259536905507216,446,0.0043091787439613,False,dist_vwap_atr
S48::6d74b2000433,S48,M04_VOLATILITY_COMPRESSION_EXPANSION,f026,5,0.0081068292130193,,,0,0,,,-0.164287958331933,447,0.0043188405797101,False,rloc_50
S29::bd28e989b4eb,S29,M06_SESSION_TIME,f015,2,0.0081150283636173,,,0,0,,,-0.1540660871629385,448,0.0043285024154589,False,compress_flag
S48::6d74b2000433,S48,M04_VOLATILITY_COMPRESSION_EXPANSION,f001,5,0.008136613214742,,,0,0,,,-0.164287958331933,449,0.0043381642512077,False,weekday
S4::cf232107e3b5,S4,M04_VOLATILITY_COMPRESSION_EXPANSION,f036,5,0.0081646708519123,,,0,0,,,-0.2239875030282,450,0.0043478260869565,False,dist_prev_sess_low_atr
S15::ac373f9fe529,S15,M07_TREND_CONTINUATION,f014,5,0.0082621124221471,,,0,0,,,-0.1615200875385349,451,0.0043574879227053,False,bars_since_20bar_low
S1::11c4710e404e,S1,M01_LIQUIDITY_SWEEP,f017,24,0.0083232184159456,21.0,0.155045515333273,46,46,0.3257785884828614,1.5847540556447792,-0.1687544865282243,452,0.0043671497584541,False,hour_utc
S2::691f36c634e3,S2,M02_FAILED_BREAKOUT_FADE,f005,5,0.0083973360380484,,,0,0,,,-0.2259536905507216,453,0.0043768115942028,False,atr_over_atrma
S29::10d4532019fd,S29,M06_SESSION_TIME,f015,2,0.0084110965939667,,,0,0,,,-0.1239209859419127,454,0.0043864734299516,False,compress_flag
S12::884efeda36f3,S12,M12_RANGE_ROTATION,f017,24,0.0084503109065465,,,0,0,,,-0.2323586418177302,455,0.0043961352657004,False,hour_utc
S27::8492323d86e4,S27,M16_AUCTION_VALUE,f023,5,0.0085247179618486,,,0,0,,,-0.1757948604079745,456,0.0044057971014492,False,dist_pwh_atr
HTF_RECLAIM,HTF_RECLAIM,M11_STRUCTURE_BREAK_REVERSAL,f004,5,0.0085788476107651,,,0,0,,,-0.1001845799762217,457,0.004415458937198,False,dist_or_low_atr
S10::7df75fdb8ecb,S10,M10_DISPLACEMENT_CONTINUATION,f041,5,0.0086922018301582,,,0,0,,,-0.1954025256313247,458,0.0044251207729468,False,ret_12_atr
S6::7199b701458a,S6,M06_SESSION_TIME,f007,5,0.008709057985573,,,0,0,,,-0.5031640871587263,459,0.0044347826086956,False,ret_96_atr
S43::6aacd27a298d,S43,M18_OSCILLATOR_DIVERGENCE,f043,5,0.0087599236527846,,,0,0,,,-0.3255470396563592,460,0.0044444444444444,False,dist_or_high_atr
S16::393fe65826e6,S16,M14_REFERENCE_LEVEL,f037,2,0.008766781605928,0.0,0.134415255534635,134,114,0.1581576333438521,1.2366113583919576,0.0036035871818489,461,0.0044541062801932,False,disp_recent
S10::7df75fdb8ecb,S10,M10_DISPLACEMENT_CONTINUATION,f009,5,0.0089804759376743,,,0,0,,,-0.1954025256313247,462,0.004463768115942,False,dist_pdl_atr
OBR_A_limit,OBR_A_limit,M14_REFERENCE_LEVEL,f024,2,0.0090655752875887,1.0,0.0271567950306939,920,633,0.1499846906118154,2.8384876288319503,-0.0673227003426379,463,0.0044734299516908,False,h1_trend_state
SESS_B,SESS_B,M06_SESSION_TIME,f014,5,0.0091525089919053,,,0,0,,,-0.3656137311760934,464,0.0044830917874396,False,bars_since_20bar_low
S8::ec037f864152,S8,M08_EXTENSION_MEAN_REVERSION,f034,3,0.0092076301339842,,,0,0,,,-0.1440796368386465,465,0.0044927536231884,False,run_len_same_dir
S17::3cf289079abb,S17,M14_REFERENCE_LEVEL,f001,4,0.0094239814112562,1.0,0.3154992903643201,91,50,0.4744443807326697,3.0412481961327185,-0.0214468781177987,466,0.0045024154589371,False,weekday
S8::b7adfd7f9d4f,S8,M08_EXTENSION_MEAN_REVERSION,f030,5,0.0094960300477553,0.0,0.0442664487528159,387,347,0.230270724984439,3.105557640753585,-0.1740521879042388,467,0.0045120772946859,False,rloc_96
S3::7aafa506c507,S3,M03_BREAKOUT_RETEST,f034,3,0.0095772876941881,,,0,0,,,-0.3737354389272471,468,0.0045217391304347,False,run_len_same_dir
S12::884efeda36f3,S12,M12_RANGE_ROTATION,f011,48,0.0096127010933813,42.0,0.1064992826640998,79,79,0.3406514241491263,2.47078827728366,-0.2323586418177302,469,0.0045314009661835,False,halfhour_bucket_utc
HTF_RANGE_FADE,HTF_RANGE_FADE,M12_RANGE_ROTATION,f017,11,0.0096695108407294,13.0,0.0899081868610278,68,68,0.2593798377127319,1.621575290973701,-0.1462639811616175,470,0.0045410628019323,False,hour_utc
HTF_RANGE_FADE,HTF_RANGE_FADE,M12_RANGE_ROTATION,f011,11,0.0096695108407294,27.0,0.0899081868610278,68,68,0.2593798377127319,1.621575290973701,-0.1462639811616175,471,0.0045507246376811,False,halfhour_bucket_utc
S26::f196a9ae20d6,S26,M16_AUCTION_VALUE,f017,23,0.0097215281896858,17.0,0.0127972353437804,523,515,0.1980984399361812,3.5255056637566944,-0.1791938310904777,472,0.0045603864734299,False,hour_utc
S3::37a51a4fd454,S3,M03_BREAKOUT_RETEST,f040,5,0.0097816482965029,,,0,0,,,-0.3652404446864761,473,0.0045700483091787,False,bar_in_sess
HTF_RANGE_FADE,HTF_RANGE_FADE,M12_RANGE_ROTATION,f037,2,0.0098090427574626,,,0,0,,,-0.1462639811616175,474,0.0045797101449275,False,disp_recent
S27::8492323d86e4,S27,M16_AUCTION_VALUE,f024,2,0.009809858725311,,,0,0,,,-0.1757948604079745,475,0.0045893719806763,False,h1_trend_state
S5::9cce3e63e04e,S5,M05_OPENING_RANGE,f004,4,0.0098717320472108,0.0,0.1611660323688002,194,187,0.2663899905544631,3.02724566171626,-0.0824976353327315,476,0.0045990338164251,False,dist_or_low_atr
S2::2c6012247423,S2,M02_FAILED_BREAKOUT_FADE,f030,5,0.0099144960498143,,,0,0,,,-0.1792331034018087,477,0.0046086956521739,False,rloc_96
SESS_C,SESS_C,M06_SESSION_TIME,f030,5,0.0099305885604328,,,0,0,,,-0.2791331001590712,478,0.0046183574879227,False,rloc_96
S17::3cf289079abb,S17,M14_REFERENCE_LEVEL,f003,5,0.0102170949790125,1.0,0.1930381981598629,53,46,0.2580395170543516,1.2369133945572224,-0.0214468781177987,479,0.0046280193236714,False,vol_rel_sess
S31::555f488885b1,S31,M06_SESSION_TIME,f015,2,0.0102227777268004,,,0,0,,,-0.2555616258255557,480,0.0046376811594202,False,compress_flag
S18::3933c532ec9c,S18,M06_SESSION_TIME,f002,5,0.0103929350959908,,,0,0,,,-0.2706234087594297,481,0.004647342995169,False,ret_1_atr
S3::7aafa506c507,S3,M03_BREAKOUT_RETEST,f038,5,0.0103948547211951,,,0,0,,,-0.3737354389272471,482,0.0046570048309178,False,ret_4_atr
S8::b7adfd7f9d4f,S8,M08_EXTENSION_MEAN_REVERSION,f026,5,0.0104542459974776,0.0,0.1597747296726947,178,175,0.3419914121260808,3.077014799301126,-0.1740521879042388,483,0.0046666666666666,False,rloc_50
S9::731bd4dd4aa4,S9,M09_MTF_ALIGNMENT,f007,5,0.0105101843621835,3.0,0.1801370239455455,386,235,0.2373821167208628,3.075423723812561,0.0029187266956302,484,0.0046763285024154,False,ret_96_atr
S44::3d6f380511c2,S44,M17_VOLUME_PARTICIPATION,f032,5,0.0105471205854801,,,0,0,,,-0.1698854030120568,485,0.0046859903381642,False,efficiency_24h
S45::4809d6e42bc2,S45,M19_SEQUENCE_RUNLENGTH,f014,5,0.010819910025801,,,0,0,,,-0.1625746944243231,486,0.004695652173913,False,bars_since_20bar_low
S1::4b7c6d5c6035,S1,M01_LIQUIDITY_SWEEP,f019,12,0.0109139445425974,,,0,0,,,-0.2084882388941829,487,0.0047053140096618,False,month_of_year
S43::6aacd27a298d,S43,M18_OSCILLATOR_DIVERGENCE,f011,48,0.0111638299641043,,,0,0,,,-0.3255470396563592,488,0.0047149758454106,False,halfhour_bucket_utc
S39::cdecf371316b,S39,M07_TREND_CONTINUATION,f009,5,0.0112558301942577,,,0,0,,,-0.1572910268826625,489,0.0047246376811594,False,dist_pdl_atr
S21::b61f7b31fafc,S21,M01_LIQUIDITY_SWEEP,f006,5,0.0114966846434372,,,0,0,,,-0.2797389306514087,490,0.0047342995169082,False,realvol_ratio
S29::10d4532019fd,S29,M06_SESSION_TIME,f044,5,0.0115176245429338,4.0,0.3995123696219179,63,63,0.5692337741756659,3.0480227456929314,-0.1239209859419127,491,0.004743961352657,False,week_of_month
S28::b2a817579286,S28,M16_AUCTION_VALUE,f023,5,0.0116574857192808,,,0,0,,,-0.1509808226383693,492,0.0047536231884057,False,dist_pwh_atr
S27::8492323d86e4,S27,M16_AUCTION_VALUE,f012,5,0.011677386676423,,,0,0,,,-0.1757948604079745,493,0.0047632850241545,False,dist_pwl_atr
S27::8492323d86e4,S27,M16_AUCTION_VALUE,f007,5,0.0117232117773125,,,0,0,,,-0.1757948604079745,494,0.0047729468599033,False,ret_96_atr
S15::ac373f9fe529,S15,M07_TREND_CONTINUATION,f043,5,0.0117569443191611,,,0,0,,,-0.1615200875385349,495,0.0047826086956521,False,dist_or_high_atr
S14::25e44853ad0f,S14,M08_EXTENSION_MEAN_REVERSION,f041,5,0.0119131061474453,0.0,0.2501024938605886,61,58,0.4233328603160269,2.4801701633561013,-0.152388312799847,496,0.0047922705314009,False,ret_12_atr
S21::b61f7b31fafc,S21,M01_LIQUIDITY_SWEEP,f022,4,0.0120750495872474,3.0,0.0409816579932121,67,67,0.3225405496371837,1.8449489760723132,-0.2797389306514087,497,0.0048019323671497,False,rloc_20
OBEXEC_C,OBEXEC_C,M14_REFERENCE_LEVEL,f039,3,0.0120905284696593,,,0,0,,,-0.2057387587957231,498,0.0048115942028985,False,session_id
S19::762b6018f2c5,S19,M15_GAP,f012,1,0.0121392249480123,,,0,0,,,-0.2669320577565558,499,0.0048212560386473,False,dist_pwl_atr
S20::3a706309724e,S20,M21_META_ROUTER,f023,5,0.0121828663531275,0.0,0.0506199375560508,199,102,0.1298519458105738,1.3324787391158417,-0.0621530015021738,500,0.0048309178743961,False,dist_pwh_atr
S23::866611e1c7db,S23,M04_VOLATILITY_COMPRESSION_EXPANSION,f005,2,0.0121934639216849,,,0,0,,,-0.1768749736734077,501,0.0048405797101449,False,atr_over_atrma
S50::9cc65b2c5452,S50,M20_CANDLESTICK_PATTERN,f002,5,0.0122743049454498,,,0,0,,,-0.6026326920420786,502,0.0048502415458937,False,ret_1_atr
S10::7df75fdb8ecb,S10,M10_DISPLACEMENT_CONTINUATION,f027,5,0.0123383824483136,,,0,0,,,-0.1954025256313247,503,0.0048599033816425,False,atr_pct_rank
S48::6d74b2000433,S48,M04_VOLATILITY_COMPRESSION_EXPANSION,f040,5,0.0125925467874488,,,0,0,,,-0.164287958331933,504,0.0048695652173913,False,bar_in_sess
S23::866611e1c7db,S23,M04_VOLATILITY_COMPRESSION_EXPANSION,f002,5,0.0128527879705431,,,0,0,,,-0.1768749736734077,505,0.00487922705314,False,ret_1_atr
S12::884efeda36f3,S12,M12_RANGE_ROTATION,f009,5,0.0129177155020343,,,0,0,,,-0.2323586418177302,506,0.0048888888888888,False,dist_pdl_atr
S11::576394ea476f,S11,M11_STRUCTURE_BREAK_REVERSAL,f041,5,0.0130497819096808,,,0,0,,,-0.0580988841413395,507,0.0048985507246376,False,ret_12_atr
S51::049ca99687f4,S51,M06_SESSION_TIME,f020,5,0.0130598034651518,,,0,0,,,-0.1820980069014957,508,0.0049082125603864,False,mtf_alignment
S8::ec037f864152,S8,M08_EXTENSION_MEAN_REVERSION,f008,5,0.0133262629829622,,,0,0,,,-0.1440796368386465,509,0.0049178743961352,False,dist_vwap_atr
S28::b2a817579286,S28,M16_AUCTION_VALUE,f003,5,0.0133424642411639,,,0,0,,,-0.1509808226383693,510,0.004927536231884,False,vol_rel_sess
S43::6aacd27a298d,S43,M18_OSCILLATOR_DIVERGENCE,f036,5,0.013349568748795,,,0,0,,,-0.3255470396563592,511,0.0049371980676328,False,dist_prev_sess_low_atr
S21::6ddb75c3f9b1,S21,M01_LIQUIDITY_SWEEP,f017,24,0.0133858176174914,,,0,0,,,-0.3144243577251478,512,0.0049468599033816,False,hour_utc
S24::a20c02d14359,S24,M06_SESSION_TIME,f005,5,0.0134481087644366,4.0,0.0183218301117037,716,716,0.1630431529240594,3.0011498442711844,-0.1145562330207209,513,0.0049565217391304,False,atr_over_atrma
OBEXEC_B,OBEXEC_B,M14_REFERENCE_LEVEL,f006,5,0.0135658438235442,,,0,0,,,-0.2656588126211349,514,0.0049661835748792,False,realvol_ratio
S45::4809d6e42bc2,S45,M19_SEQUENCE_RUNLENGTH,f004,5,0.0137768181750241,,,0,0,,,-0.1625746944243231,515,0.004975845410628,False,dist_or_low_atr
S31::9584b16899ad,S31,M06_SESSION_TIME,f013,5,0.0137937747210037,,,0,0,,,-0.2468575655120184,516,0.0049855072463768,False,vol_rel_20
S12::884efeda36f3,S12,M12_RANGE_ROTATION,f046,2,0.0138271382175796,,,0,0,,,-0.2323586418177302,517,0.0049951690821256,False,h4_trend_state
S40::43b9c7dbd606,S40,M21_META_ROUTER,f001,5,0.013910885331867,,,0,0,,,-0.1929964957240371,518,0.0050048309178743,False,weekday
S28::b2a817579286,S28,M16_AUCTION_VALUE,f031,2,0.0139130882863005,,,0,0,,,-0.1509808226383693,519,0.0050144927536231,False,d1_trend_state
S4::cf232107e3b5,S4,M04_VOLATILITY_COMPRESSION_EXPANSION,f010,5,0.0139222960209017,,,0,0,,,-0.2239875030282,520,0.0050241545893719,False,bars_since_20bar_high
S14::25e44853ad0f,S14,M08_EXTENSION_MEAN_REVERSION,f036,5,0.013993259984999,0.0,0.2223013118532141,76,68,0.3991749311652131,2.508497299417159,-0.152388312799847,521,0.0050338164251207,False,dist_prev_sess_low_atr
S4::cf232107e3b5,S4,M04_VOLATILITY_COMPRESSION_EXPANSION,f027,5,0.014007821104498,,,0,0,,,-0.2239875030282,522,0.0050434782608695,False,atr_pct_rank
S12::061854e10b15,S12,M12_RANGE_ROTATION,f043,5,0.0142004339652479,,,0,0,,,-0.2424089430019912,523,0.0050531400966183,False,dist_or_high_atr
S3::37a51a4fd454,S3,M03_BREAKOUT_RETEST,f020,5,0.0142243441722667,,,0,0,,,-0.3652404446864761,524,0.0050628019323671,False,mtf_alignment
S45::4809d6e42bc2,S45,M19_SEQUENCE_RUNLENGTH,f016,5,0.0143714780976833,,,0,0,,,-0.1625746944243231,525,0.0050724637681159,False,bars_to_sess_end
S23::866611e1c7db,S23,M04_VOLATILITY_COMPRESSION_EXPANSION,f032,5,0.014381317509009,,,0,0,,,-0.1768749736734077,526,0.0050821256038647,False,efficiency_24h
S43::6aacd27a298d,S43,M18_OSCILLATOR_DIVERGENCE,f033,5,0.0143874746413263,,,0,0,,,-0.3255470396563592,527,0.0050917874396135,False,rloc_sess
S39::cdecf371316b,S39,M07_TREND_CONTINUATION,f040,5,0.0144100179503092,,,0,0,,,-0.1572910268826625,528,0.0051014492753623,False,bar_in_sess
S18::3933c532ec9c,S18,M06_SESSION_TIME,f024,2,0.0144900748836604,,,0,0,,,-0.2706234087594297,529,0.0051111111111111,False,h1_trend_state
S10::598adad042be,S10,M10_DISPLACEMENT_CONTINUATION,f031,2,0.0146613291983195,,,0,0,,,-0.1821402258358029,530,0.0051207729468599,False,d1_trend_state
S50::9cc65b2c5452,S50,M20_CANDLESTICK_PATTERN,f023,5,0.0146895187727613,,,0,0,,,-0.6026326920420786,531,0.0051304347826086,False,dist_pwh_atr
S2::2c6012247423,S2,M02_FAILED_BREAKOUT_FADE,f017,24,0.0147229318541253,16.0,0.0602155306225625,187,186,0.246666057390354,2.388208357040917,-0.1792331034018087,532,0.0051400966183574,False,hour_utc
S40::43b9c7dbd606,S40,M21_META_ROUTER,f019,12,0.0147698776063283,,,0,0,,,-0.1929964957240371,533,0.0051497584541062,False,month_of_year
S7::98a2f4583fb9,S7,M07_TREND_CONTINUATION,f044,5,0.014775231509152,,,0,0,,,-0.6253044035935208,534,0.005159420289855,False,week_of_month
S48::6d74b2000433,S48,M04_VOLATILITY_COMPRESSION_EXPANSION,f017,16,0.0147946324578924,2.0,0.0086273840107537,359,356,0.1831018549618243,2.54966554774953,-0.164287958331933,535,0.0051690821256038,False,hour_utc
SESS_B,SESS_B,M06_SESSION_TIME,f037,2,0.0149289808884098,,,0,0,,,-0.3656137311760934,536,0.0051787439613526,False,disp_recent
S31::9584b16899ad,S31,M06_SESSION_TIME,f006,5,0.0150333859875673,,,0,0,,,-0.2468575655120184,537,0.0051884057971014,False,realvol_ratio
S15::ac373f9fe529,S15,M07_TREND_CONTINUATION,f011,47,0.0151346753534429,28.0,0.0415413255852049,545,545,0.2105344680330813,3.596914420413749,-0.1615200875385349,538,0.0051980676328502,False,halfhour_bucket_utc
S8::ec037f864152,S8,M08_EXTENSION_MEAN_REVERSION,f017,24,0.0151654334734345,21.0,0.531080718776731,34,34,0.6783655290433199,2.6516325401056107,-0.1440796368386465,539,0.005207729468599,False,hour_utc
S31::9584b16899ad,S31,M06_SESSION_TIME,f034,3,0.0151786159589071,,,0,0,,,-0.2468575655120184,540,0.0052173913043478,False,run_len_same_dir
S23::866611e1c7db,S23,M04_VOLATILITY_COMPRESSION_EXPANSION,f035,5,0.0153472425870315,,,0,0,,,-0.1768749736734077,541,0.0052270531400966,False,dist_pdh_atr
S23::866611e1c7db,S23,M04_VOLATILITY_COMPRESSION_EXPANSION,f023,5,0.0153832798975073,,,0,0,,,-0.1768749736734077,542,0.0052367149758454,False,dist_pwh_atr
SESS_C,SESS_C,M06_SESSION_TIME,f006,5,0.01569327425603,,,0,0,,,-0.2791331001590712,543,0.0052463768115942,False,realvol_ratio
S21::b61f7b31fafc,S21,M01_LIQUIDITY_SWEEP,f036,5,0.0157626438433355,,,0,0,,,-0.2797389306514087,544,0.0052560386473429,False,dist_prev_sess_low_atr
S39::cdecf371316b,S39,M07_TREND_CONTINUATION,f021,2,0.015798207228447,,,0,0,,,-0.1572910268826625,545,0.0052657004830917,False,fvg_present
S42::a347eead7c5d,S42,M08_EXTENSION_MEAN_REVERSION,f008,5,0.0158928625984411,1.0,0.0837580946255438,339,300,0.2183400493403979,2.949918998290543,-0.1021182368524002,546,0.0052753623188405,False,dist_vwap_atr
S23::866611e1c7db,S23,M04_VOLATILITY_COMPRESSION_EXPANSION,f010,5,0.0159600415551786,,,0,0,,,-0.1768749736734077,547,0.0052850241545893,False,bars_since_20bar_high
S21::b61f7b31fafc,S21,M01_LIQUIDITY_SWEEP,f017,24,0.0159876195505006,20.0,0.0367591404411254,241,214,0.3230549382062022,3.395879948628521,-0.2797389306514087,548,0.0052946859903381,False,hour_utc
S3::7aafa506c507,S3,M03_BREAKOUT_RETEST,f021,2,0.0160397841831256,,,0,0,,,-0.3737354389272471,549,0.0053043478260869,False,fvg_present
S1::4b7c6d5c6035,S1,M01_LIQUIDITY_SWEEP,f043,5,0.0160781104648299,,,0,0,,,-0.2084882388941829,550,0.0053140096618357,False,dist_or_high_atr
OBR_A_limit,OBR_A_limit,M14_REFERENCE_LEVEL,f006,5,0.0161208119823186,1.0,0.1317961682927639,396,300,0.2368466542715832,2.9455162229089527,-0.0673227003426379,551,0.0053236714975845,False,realvol_ratio
S7::98a2f4583fb9,S7,M07_TREND_CONTINUATION,f005,5,0.0162344891598942,,,0,0,,,-0.6253044035935208,552,0.0053333333333333,False,atr_over_atrma
S26::f196a9ae20d6,S26,M16_AUCTION_VALUE,f005,5,0.0163154447741309,,,0,0,,,-0.1791938310904777,553,0.0053429951690821,False,atr_over_atrma
S3::7aafa506c507,S3,M03_BREAKOUT_RETEST,f030,5,0.0163718319926831,,,0,0,,,-0.3737354389272471,554,0.0053526570048309,False,rloc_96
S18::18995ee3f508,S18,M06_SESSION_TIME,f041,5,0.0164277144013424,,,0,0,,,-0.2196943442096486,555,0.0053623188405797,False,ret_12_atr
S23::866611e1c7db,S23,M04_VOLATILITY_COMPRESSION_EXPANSION,f007,5,0.016488243860836,,,0,0,,,-0.1768749736734077,556,0.0053719806763285,False,ret_96_atr
S10::7df75fdb8ecb,S10,M10_DISPLACEMENT_CONTINUATION,f016,5,0.0166123693399933,,,0,0,,,-0.1954025256313247,557,0.0053816425120772,False,bars_to_sess_end
S2::2c6012247423,S2,M02_FAILED_BREAKOUT_FADE,f005,5,0.0166321377263301,,,0,0,,,-0.1792331034018087,558,0.005391304347826,False,atr_over_atrma
S6::7199b701458a,S6,M06_SESSION_TIME,f001,5,0.0168728550352392,,,0,0,,,-0.5031640871587263,559,0.0054009661835748,False,weekday
SESS_D,SESS_D,M06_SESSION_TIME,f034,3,0.0169364973864318,1.0,0.0216438481571151,1405,1405,0.09760267946276,2.767690784796161,-0.0267017319359689,560,0.0054106280193236,False,run_len_same_dir
S3::37a51a4fd454,S3,M03_BREAKOUT_RETEST,f006,5,0.0174057611800937,,,0,0,,,-0.3652404446864761,561,0.0054202898550724,False,realvol_ratio
S12::061854e10b15,S12,M12_RANGE_ROTATION,f038,5,0.0175009506993584,,,0,0,,,-0.2424089430019912,562,0.0054299516908212,False,ret_4_atr
S3::37a51a4fd454,S3,M03_BREAKOUT_RETEST,f010,5,0.0175946654822167,,,0,0,,,-0.3652404446864761,563,0.00543961352657,False,bars_since_20bar_high
SESS_C,SESS_C,M06_SESSION_TIME,f001,5,0.0176288067263685,,,0,0,,,-0.2791331001590712,564,0.0054492753623188,False,weekday
S7::98a2f4583fb9,S7,M07_TREND_CONTINUATION,f046,2,0.0177174838383455,,,0,0,,,-0.6253044035935208,565,0.0054589371980676,False,h4_trend_state
S1::4b7c6d5c6035,S1,M01_LIQUIDITY_SWEEP,f040,5,0.017866785983569,,,0,0,,,-0.2084882388941829,566,0.0054685990338164,False,bar_in_sess
S27::8492323d86e4,S27,M16_AUCTION_VALUE,f013,5,0.017900758264423,,,0,0,,,-0.1757948604079745,567,0.0054782608695652,False,vol_rel_20
S17::3cf289079abb,S17,M14_REFERENCE_LEVEL,f007,5,0.0179059481966847,3.0,0.2034786278033832,85,64,0.3084131391233675,2.0093805236064,-0.0214468781177987,568,0.005487922705314,False,ret_96_atr
SESS_D,SESS_D,M06_SESSION_TIME,f036,5,0.0181768201526244,4.0,0.1467376912271961,308,308,0.1950142787101177,2.908182252971114,-0.0267017319359689,569,0.0054975845410628,False,dist_prev_sess_low_atr
S21::6ddb75c3f9b1,S21,M01_LIQUIDITY_SWEEP,f027,5,0.0183601220656226,,,0,0,,,-0.3144243577251478,570,0.0055072463768115,False,atr_pct_rank
OBEXEC_D,OBEXEC_D,M14_REFERENCE_LEVEL,f021,2,0.0183981600032332,,,0,0,,,-0.1852561142249603,571,0.0055169082125603,False,fvg_present
OBR_A_limit,OBR_A_limit,M14_REFERENCE_LEVEL,f014,5,0.0185291587860048,0.0,0.0894127871159033,581,465,0.2045377542372355,2.902173549316408,-0.0673227003426379,572,0.0055265700483091,False,bars_since_20bar_low
HTF_TGT_BREAK,HTF_TGT_BREAK,M03_BREAKOUT_RETEST,f038,5,0.0185929363288783,1.0,0.265559558358037,57,55,0.3292082319773797,2.9010970196444323,-0.0228554796569282,573,0.0055362318840579,False,ret_4_atr
S5::15be26301532,S5,M05_OPENING_RANGE,f037,2,0.0189216864816956,,,0,0,,,-0.0334222540989216,574,0.0055458937198067,False,disp_recent
S22::e730d6bce802,S22,M14_REFERENCE_LEVEL,f004,5,0.0189478200796666,2.0,0.0215921293507505,795,590,0.1212390804125574,2.5175332649378133,-0.0783510896106395,575,0.0055555555555555,False,dist_or_low_atr
S41::73a2a8a65e5e,S41,M17_VOLUME_PARTICIPATION,f034,3,0.0191075629040988,,,0,0,,,-0.391199701626434,576,0.0055652173913043,False,run_len_same_dir
S45::4809d6e42bc2,S45,M19_SEQUENCE_RUNLENGTH,f023,5,0.0191686312405869,,,0,0,,,-0.1625746944243231,577,0.0055748792270531,False,dist_pwh_atr
S43::6aacd27a298d,S43,M18_OSCILLATOR_DIVERGENCE,f038,5,0.0192033972492589,,,0,0,,,-0.3255470396563592,578,0.0055845410628019,False,ret_4_atr
S17::3cf289079abb,S17,M14_REFERENCE_LEVEL,f010,5,0.0192406260910349,3.0,0.4321959199882106,42,40,0.5236905831076726,2.368715336845939,-0.0214468781177987,579,0.0055942028985507,False,bars_since_20bar_high
S19::762b6018f2c5,S19,M15_GAP,f038,2,0.01971806520541,,,0,0,,,-0.2669320577565558,580,0.0056038647342995,False,ret_4_atr
S12::061854e10b15,S12,M12_RANGE_ROTATION,f016,5,0.0197826593144001,,,0,0,,,-0.2424089430019912,581,0.0056135265700483,False,bars_to_sess_end
S12::061854e10b15,S12,M12_RANGE_ROTATION,f005,5,0.0198093290155099,,,0,0,,,-0.2424089430019912,582,0.0056231884057971,False,atr_over_atrma
S14::25e44853ad0f,S14,M08_EXTENSION_MEAN_REVERSION,f006,5,0.0199757627543828,,,0,0,,,-0.152388312799847,583,0.0056328502415458,False,realvol_ratio
HTF_TGT_BREAK,HTF_TGT_BREAK,M03_BREAKOUT_RETEST,f044,5,0.0200551891579425,3.0,0.2092249522635507,92,74,0.2901005399005986,2.794351976709222,-0.0228554796569282,584,0.0056425120772946,False,week_of_month
S14::dc07a2d5d013,S14,M08_EXTENSION_MEAN_REVERSION,f009,3,0.0202132762692177,2.0,0.3800442258388479,56,50,0.4732634439695061,2.7095350409375274,-0.0733520870494794,585,0.0056521739130434,False,dist_pdl_atr
S8::b7adfd7f9d4f,S8,M08_EXTENSION_MEAN_REVERSION,f007,5,0.0202599070610287,,,0,0,,,-0.1740521879042388,586,0.0056618357487922,False,ret_96_atr
S29::bd28e989b4eb,S29,M06_SESSION_TIME,f003,4,0.0202700631271159,3.0,0.0813386567684761,38,38,0.247411965769527,1.0645048507996464,-0.1540660871629385,587,0.005671497584541,False,vol_rel_sess
S3::7aafa506c507,S3,M03_BREAKOUT_RETEST,f032,5,0.0204469654238415,,,0,0,,,-0.3737354389272471,588,0.0056811594202898,False,efficiency_24h
S21::b61f7b31fafc,S21,M01_LIQUIDITY_SWEEP,f032,5,0.0204552628014587,,,0,0,,,-0.2797389306514087,589,0.0056908212560386,False,efficiency_24h
S50::9cc65b2c5452,S50,M20_CANDLESTICK_PATTERN,f005,5,0.0205467397650416,,,0,0,,,-0.6026326920420786,590,0.0057004830917874,False,atr_over_atrma
HTF_RECLAIM,HTF_RECLAIM,M11_STRUCTURE_BREAK_REVERSAL,f039,4,0.0206584611882947,,,0,0,,,-0.1001845799762217,591,0.0057101449275362,False,session_id
S10::598adad042be,S10,M10_DISPLACEMENT_CONTINUATION,f038,5,0.0207109143076333,,,0,0,,,-0.1821402258358029,592,0.005719806763285,False,ret_4_atr
S18::18995ee3f508,S18,M06_SESSION_TIME,f035,5,0.0209516749161275,,,0,0,,,-0.2196943442096486,593,0.0057294685990338,False,dist_pdh_atr
HTF_PBK_TREND,HTF_PBK_TREND,M07_TREND_CONTINUATION,f003,5,0.0209795216006991,1.0,0.299193814685654,77,69,0.502867730321046,2.863045404051197,-0.084165226639341,594,0.0057391304347826,False,vol_rel_sess
S22::e730d6bce802,S22,M14_REFERENCE_LEVEL,f024,2,0.0210153330379321,0.0,0.0065444542379138,1047,476,0.1104447345382445,2.558659300926791,-0.0783510896106395,595,0.0057487922705314,False,h1_trend_state
S12::884efeda36f3,S12,M12_RANGE_ROTATION,f031,2,0.0211696279417874,,,0,0,,,-0.2323586418177302,596,0.0057584541062801,False,d1_trend_state
S27::8492323d86e4,S27,M16_AUCTION_VALUE,f035,5,0.0212650397372571,,,0,0,,,-0.1757948604079745,597,0.0057681159420289,False,dist_pdh_atr
S28::b2a817579286,S28,M16_AUCTION_VALUE,f027,5,0.0212939533622047,,,0,0,,,-0.1509808226383693,598,0.0057777777777777,False,atr_pct_rank
S51::049ca99687f4,S51,M06_SESSION_TIME,f040,4,0.0213270970854928,,,0,0,,,-0.1820980069014957,599,0.0057874396135265,False,bar_in_sess
S5::9cce3e63e04e,S5,M05_OPENING_RANGE,f003,5,0.0214514122554954,1.0,0.020279755531161,702,677,0.1486741646466232,2.855990297126408,-0.0824976353327315,600,0.0057971014492753,False,vol_rel_sess
S18::3933c532ec9c,S18,M06_SESSION_TIME,f032,5,0.0215102171505043,,,0,0,,,-0.2706234087594297,601,0.0058067632850241,False,efficiency_24h
S43::6aacd27a298d,S43,M18_OSCILLATOR_DIVERGENCE,f005,5,0.0215308361313604,,,0,0,,,-0.3255470396563592,602,0.0058164251207729,False,atr_over_atrma
S17::3cf289079abb,S17,M14_REFERENCE_LEVEL,f043,5,0.0215723338253381,2.0,0.4151653859157832,42,36,0.5040303342152381,2.3304801304491227,-0.0214468781177987,603,0.0058260869565217,False,dist_or_high_atr
S38::3029c9493a71,S38,M07_TREND_CONTINUATION,f003,5,0.0216261420956442,,,0,0,,,-0.0939524767845139,604,0.0058357487922705,False,vol_rel_sess
S5::9cce3e63e04e,S5,M05_OPENING_RANGE,f036,4,0.0216656786964399,3.0,0.0313584024144194,132,131,0.1208723762077597,0.994214482598916,-0.0824976353327315,605,0.0058454106280193,False,dist_prev_sess_low_atr
S28::b2a817579286,S28,M16_AUCTION_VALUE,f037,2,0.0218253094688121,,,0,0,,,-0.1509808226383693,606,0.0058550724637681,False,disp_recent
SESS_D,SESS_D,M06_SESSION_TIME,f019,12,0.021906543360032,2.0,0.2235913707177437,240,240,0.2739056595078365,3.117237357750118,-0.0267017319359689,607,0.0058647342995169,False,month_of_year
OBEXEC_D,OBEXEC_D,M14_REFERENCE_LEVEL,f034,3,0.0219463088562172,3.0,0.0222528907666794,233,219,0.2744752074335402,2.627448053842532,-0.1852561142249603,608,0.0058743961352657,False,run_len_same_dir
S22::e730d6bce802,S22,M14_REFERENCE_LEVEL,f014,5,0.0223331018488592,4.0,0.0436323775381335,750,568,0.1462121748716491,2.84317738339381,-0.0783510896106395,609,0.0058840579710144,False,bars_since_20bar_low
S7::98a2f4583fb9,S7,M07_TREND_CONTINUATION,f042,5,0.0223977201722225,,,0,0,,,-0.6253044035935208,610,0.0058937198067632,False,dist_pdmid_atr
S21::b61f7b31fafc,S21,M01_LIQUIDITY_SWEEP,f007,5,0.0224381278884489,,,0,0,,,-0.2797389306514087,611,0.005903381642512,False,ret_96_atr
S40::43b9c7dbd606,S40,M21_META_ROUTER,f026,5,0.0225372777854571,,,0,0,,,-0.1929964957240371,612,0.0059130434782608,False,rloc_50
S12::884efeda36f3,S12,M12_RANGE_ROTATION,f043,5,0.0225712706562419,,,0,0,,,-0.2323586418177302,613,0.0059227053140096,False,dist_or_high_atr
S24::a20c02d14359,S24,M06_SESSION_TIME,f027,5,0.0229982247358084,,,0,0,,,-0.1145562330207209,614,0.0059323671497584,False,atr_pct_rank
S51::049ca99687f4,S51,M06_SESSION_TIME,f021,2,0.0232496738143863,,,0,0,,,-0.1820980069014957,615,0.0059420289855072,False,fvg_present
S29::bd28e989b4eb,S29,M06_SESSION_TIME,f016,2,0.0232718187640612,,,0,0,,,-0.1540660871629385,616,0.005951690821256,False,bars_to_sess_end
S2::691f36c634e3,S2,M02_FAILED_BREAKOUT_FADE,f017,24,0.0233154548058038,,,0,0,,,-0.2259536905507216,617,0.0059613526570048,False,hour_utc
OBEXEC_B,OBEXEC_B,M14_REFERENCE_LEVEL,f039,3,0.0233844726567269,,,0,0,,,-0.2656588126211349,618,0.0059710144927536,False,session_id
S41::73a2a8a65e5e,S41,M17_VOLUME_PARTICIPATION,f021,2,0.0234051839509854,,,0,0,,,-0.391199701626434,619,0.0059806763285024,False,fvg_present
S22::e730d6bce802,S22,M14_REFERENCE_LEVEL,f039,4,0.0235497247896354,,,0,0,,,-0.0783510896106395,620,0.0059903381642512,False,session_id
S20::3a706309724e,S20,M21_META_ROUTER,f019,12,0.0235644774144496,9.0,0.3028554626652778,121,50,0.3967369298026971,2.940146881643407,-0.0621530015021738,621,0.006,False,month_of_year
S4::cf232107e3b5,S4,M04_VOLATILITY_COMPRESSION_EXPANSION,f023,5,0.02360150021391,,,0,0,,,-0.2239875030282,622,0.0060096618357487,False,dist_pwh_atr
S22::e730d6bce802,S22,M14_REFERENCE_LEVEL,f031,2,0.0236438507856577,,,0,0,,,-0.0783510896106395,623,0.0060193236714975,False,d1_trend_state
S46::28bd0e966c33,S46,M03_BREAKOUT_RETEST,f034,3,0.0237083278412839,,,0,0,,,-0.0369124123563443,624,0.0060289855072463,False,run_len_same_dir
SESS_E,SESS_E,M06_SESSION_TIME,f044,5,0.0239227385175722,2.0,0.0352753168774795,237,237,0.2708534710859839,2.821192538369862,-0.1706719129068075,625,0.0060386473429951,False,week_of_month
S14::25e44853ad0f,S14,M08_EXTENSION_MEAN_REVERSION,f023,5,0.0239246250928371,,,0,0,,,-0.152388312799847,626,0.0060483091787439,False,dist_pwh_atr
S48::6d74b2000433,S48,M04_VOLATILITY_COMPRESSION_EXPANSION,f033,5,0.0239776246396528,,,0,0,,,-0.164287958331933,627,0.0060579710144927,False,rloc_sess
S18::3933c532ec9c,S18,M06_SESSION_TIME,f041,5,0.0242015298544218,,,0,0,,,-0.2706234087594297,628,0.0060676328502415,False,ret_12_atr
S9::731bd4dd4aa4,S9,M09_MTF_ALIGNMENT,f032,5,0.0242485716836138,2.0,0.1302444211884957,277,208,0.1556316474419214,1.7905286536163798,0.0029187266956302,629,0.0060772946859903,False,efficiency_24h
S43::6aacd27a298d,S43,M18_OSCILLATOR_DIVERGENCE,f007,5,0.0245037623740507,,,0,0,,,-0.3255470396563592,630,0.0060869565217391,False,ret_96_atr
S28::b2a817579286,S28,M16_AUCTION_VALUE,f035,5,0.0245040756160475,,,0,0,,,-0.1509808226383693,631,0.0060966183574879,False,dist_pdh_atr
S6::a461ec93f607,S6,M06_SESSION_TIME,f022,3,0.0245901713261997,,,0,0,,,-0.5128074236968724,632,0.0061062801932367,False,rloc_20
S6::a461ec93f607,S6,M06_SESSION_TIME,f024,2,0.0249463104084259,,,0,0,,,-0.5128074236968724,633,0.0061159420289855,False,h1_trend_state
S40::43b9c7dbd606,S40,M21_META_ROUTER,f022,5,0.0249796317802397,,,0,0,,,-0.1929964957240371,634,0.0061256038647343,False,rloc_20
S4::cf232107e3b5,S4,M04_VOLATILITY_COMPRESSION_EXPANSION,f028,5,0.0249903529986306,,,0,0,,,-0.2239875030282,635,0.006135265700483,False,dist_prev_sess_high_atr
S17::3cf289079abb,S17,M14_REFERENCE_LEVEL,f016,4,0.0249914345612785,3.0,0.2198698607361803,105,87,0.3625524210533467,2.734481604196403,-0.0214468781177987,636,0.0061449275362318,False,bars_to_sess_end
S30::282a94fa23d8,S30,M06_SESSION_TIME,f011,6,0.0250582547765452,,,0,0,,,-0.146454009554978,637,0.0061545893719806,False,halfhour_bucket_utc
S51::049ca99687f4,S51,M06_SESSION_TIME,f007,5,0.0251690890827227,,,0,0,,,-0.1820980069014957,638,0.0061642512077294,False,ret_96_atr
S8::ec037f864152,S8,M08_EXTENSION_MEAN_REVERSION,f026,5,0.0253335206945859,,,0,0,,,-0.1440796368386465,639,0.0061739130434782,False,rloc_50
S22::e730d6bce802,S22,M14_REFERENCE_LEVEL,f003,5,0.0254086285018684,,,0,0,,,-0.0783510896106395,640,0.006183574879227,False,vol_rel_sess
S12::884efeda36f3,S12,M12_RANGE_ROTATION,f027,5,0.0254852387657478,,,0,0,,,-0.2323586418177302,641,0.0061932367149758,False,atr_pct_rank
SESS_E,SESS_E,M06_SESSION_TIME,f002,5,0.0254900909365929,,,0,0,,,-0.1706719129068075,642,0.0062028985507246,False,ret_1_atr
S3::7aafa506c507,S3,M03_BREAKOUT_RETEST,f024,2,0.0255918039486013,,,0,0,,,-0.3737354389272471,643,0.0062125603864734,False,h1_trend_state
HTF_PBK_TREND,HTF_PBK_TREND,M07_TREND_CONTINUATION,f002,5,0.0257943399815119,1.0,0.0821332434775999,61,56,0.2048695981668778,1.1549797620101507,-0.084165226639341,644,0.0062222222222222,False,ret_1_atr
S3::37a51a4fd454,S3,M03_BREAKOUT_RETEST,f002,5,0.0258191215315628,,,0,0,,,-0.3652404446864761,645,0.006231884057971,False,ret_1_atr
SESS_D,SESS_D,M06_SESSION_TIME,f021,2,0.0259792084065271,,,0,0,,,-0.0267017319359689,646,0.0062415458937198,False,fvg_present
S31::555f488885b1,S31,M06_SESSION_TIME,f046,2,0.0261590537250349,,,0,0,,,-0.2555616258255557,647,0.0062512077294686,False,h4_trend_state
S40::43b9c7dbd606,S40,M21_META_ROUTER,f040,5,0.0262234333924404,,,0,0,,,-0.1929964957240371,648,0.0062608695652173,False,bar_in_sess
S12::061854e10b15,S12,M12_RANGE_ROTATION,f028,5,0.0262681549956178,,,0,0,,,-0.2424089430019912,649,0.0062705314009661,False,dist_prev_sess_high_atr
S14::25e44853ad0f,S14,M08_EXTENSION_MEAN_REVERSION,f034,3,0.0264498338305552,,,0,0,,,-0.152388312799847,650,0.0062801932367149,False,run_len_same_dir
S3::37a51a4fd454,S3,M03_BREAKOUT_RETEST,f024,2,0.0267094650925097,,,0,0,,,-0.3652404446864761,651,0.0062898550724637,False,h1_trend_state
S8::b7adfd7f9d4f,S8,M08_EXTENSION_MEAN_REVERSION,f024,2,0.0267474086570871,,,0,0,,,-0.1740521879042388,652,0.0062995169082125,False,h1_trend_state
HTF_PBK_TREND,HTF_PBK_TREND,M07_TREND_CONTINUATION,f010,5,0.026830711194925,4.0,0.089991583835166,63,62,0.2161946612786984,1.2794667590100173,-0.084165226639341,653,0.0063091787439613,False,bars_since_20bar_high
S3::7aafa506c507,S3,M03_BREAKOUT_RETEST,f007,5,0.0268848077551431,,,0,0,,,-0.3737354389272471,654,0.0063188405797101,False,ret_96_atr
S2::691f36c634e3,S2,M02_FAILED_BREAKOUT_FADE,f028,5,0.0270430203207072,,,0,0,,,-0.2259536905507216,655,0.0063285024154589,False,dist_prev_sess_high_atr
S13::7d288aa44d52,S13,M13_IMBALANCE_FVG,f043,5,0.0272232918392001,,,0,0,,,-0.1512493477368903,656,0.0063381642512077,False,dist_or_high_atr
S40::43b9c7dbd606,S40,M21_META_ROUTER,f014,5,0.0272466840475993,,,0,0,,,-0.1929964957240371,657,0.0063478260869565,False,bars_since_20bar_low
S1::4b7c6d5c6035,S1,M01_LIQUIDITY_SWEEP,f002,5,0.0275010136161535,,,0,0,,,-0.2084882388941829,658,0.0063574879227053,False,ret_1_atr
S31::9584b16899ad,S31,M06_SESSION_TIME,f042,5,0.027592384695998,,,0,0,,,-0.2468575655120184,659,0.0063671497584541,False,dist_pdmid_atr
S6::7199b701458a,S6,M06_SESSION_TIME,f006,5,0.0276057810795049,,,0,0,,,-0.5031640871587263,660,0.0063768115942028,False,realvol_ratio
S8::b7adfd7f9d4f,S8,M08_EXTENSION_MEAN_REVERSION,f013,5,0.0280841281354282,,,0,0,,,-0.1740521879042388,661,0.0063864734299516,False,vol_rel_20
S26::f196a9ae20d6,S26,M16_AUCTION_VALUE,f014,5,0.0281014269812196,,,0,0,,,-0.1791938310904777,662,0.0063961352657004,False,bars_since_20bar_low
S41::73a2a8a65e5e,S41,M17_VOLUME_PARTICIPATION,f017,21,0.0282090412278992,20.0,0.2484748487343127,53,48,0.6432309073490106,3.2065675398988054,-0.391199701626434,663,0.0064057971014492,False,hour_utc
SESS_D,SESS_D,M06_SESSION_TIME,f001,5,0.0286431864255776,0.0,0.0973285073897519,541,541,0.1539456916107029,2.6526456676489008,-0.0267017319359689,664,0.006415458937198,False,weekday
S48::6d74b2000433,S48,M04_VOLATILITY_COMPRESSION_EXPANSION,f043,5,0.02880601984385,,,0,0,,,-0.164287958331933,665,0.0064251207729468,False,dist_or_high_atr
S22::e730d6bce802,S22,M14_REFERENCE_LEVEL,f005,5,0.0290255013767515,,,0,0,,,-0.0783510896106395,666,0.0064347826086956,False,atr_over_atrma
S30::282a94fa23d8,S30,M06_SESSION_TIME,f021,2,0.0292503821512148,,,0,0,,,-0.146454009554978,667,0.0064444444444444,False,fvg_present
S15::ac373f9fe529,S15,M07_TREND_CONTINUATION,f026,5,0.0293616575705424,,,0,0,,,-0.1615200875385349,668,0.0064541062801932,False,rloc_50
S25::017b79ce0b9e,S25,M04_VOLATILITY_COMPRESSION_EXPANSION,f031,2,0.0293983705657163,,,0,0,,,-0.1485080670797977,669,0.006463768115942,False,d1_trend_state
S10::598adad042be,S10,M10_DISPLACEMENT_CONTINUATION,f040,5,0.0301272627725757,,,0,0,,,-0.1821402258358029,670,0.0064734299516908,False,bar_in_sess
S30::282a94fa23d8,S30,M06_SESSION_TIME,f002,5,0.0303525084954725,,,0,0,,,-0.146454009554978,671,0.0064830917874396,False,ret_1_atr
S25::017b79ce0b9e,S25,M04_VOLATILITY_COMPRESSION_EXPANSION,f030,5,0.0304930442698558,,,0,0,,,-0.1485080670797977,672,0.0064927536231884,False,rloc_96
S30::282a94fa23d8,S30,M06_SESSION_TIME,f044,5,0.0305703196910589,,,0,0,,,-0.146454009554978,673,0.0065024154589371,False,week_of_month
S7::98a2f4583fb9,S7,M07_TREND_CONTINUATION,f031,2,0.0311144831449885,,,0,0,,,-0.6253044035935208,674,0.0065120772946859,False,d1_trend_state
SESS_C,SESS_C,M06_SESSION_TIME,f043,5,0.0311447475711634,,,0,0,,,-0.2791331001590712,675,0.0065217391304347,False,dist_or_high_atr
OBEXEC_B,OBEXEC_B,M14_REFERENCE_LEVEL,f041,5,0.0315127758899369,,,0,0,,,-0.2656588126211349,676,0.0065314009661835,False,ret_12_atr
S31::9584b16899ad,S31,M06_SESSION_TIME,f028,5,0.0317136387044914,4.0,0.2514671706624165,56,56,0.5475419940682063,2.72951648710951,-0.2468575655120184,677,0.0065410628019323,False,dist_prev_sess_high_atr
S26::f196a9ae20d6,S26,M16_AUCTION_VALUE,f042,5,0.0326581888677024,,,0,0,,,-0.1791938310904777,678,0.0065507246376811,False,dist_pdmid_atr
S19::762b6018f2c5,S19,M15_GAP,f005,1,0.0329604954060109,,,0,0,,,-0.2669320577565558,679,0.0065603864734299,False,atr_over_atrma
S8::b7adfd7f9d4f,S8,M08_EXTENSION_MEAN_REVERSION,f009,5,0.0330715462683861,,,0,0,,,-0.1740521879042388,680,0.0065700483091787,False,dist_pdl_atr
S51::049ca99687f4,S51,M06_SESSION_TIME,f017,16,0.0333614201404444,,,0,0,,,-0.1820980069014957,681,0.0065797101449275,False,hour_utc
S38::3029c9493a71,S38,M07_TREND_CONTINUATION,f010,5,0.0333690635203942,0.0,0.044823843811352,379,324,0.1458993197163743,2.1557112296011787,-0.0939524767845139,682,0.0065893719806763,False,bars_since_20bar_high
S26::f196a9ae20d6,S26,M16_AUCTION_VALUE,f027,5,0.033579226899667,,,0,0,,,-0.1791938310904777,683,0.0065990338164251,False,atr_pct_rank
OBR_A_limit,OBR_A_limit,M14_REFERENCE_LEVEL,f040,5,0.0336112315790848,3.0,0.0072684098721404,620,532,0.0993748660203317,1.5428274949308298,-0.0673227003426379,684,0.0066086956521739,False,bar_in_sess
S2::2c6012247423,S2,M02_FAILED_BREAKOUT_FADE,f042,5,0.0338447483599591,,,0,0,,,-0.1792331034018087,685,0.0066183574879227,False,dist_pdmid_atr
S50::9cc65b2c5452,S50,M20_CANDLESTICK_PATTERN,f017,24,0.033877897532907,,,0,0,,,-0.6026326920420786,686,0.0066280193236714,False,hour_utc
S24::a20c02d14359,S24,M06_SESSION_TIME,f008,3,0.0339343945140591,,,0,0,,,-0.1145562330207209,687,0.0066376811594202,False,dist_vwap_atr
S13::7d288aa44d52,S13,M13_IMBALANCE_FVG,f022,5,0.0341230635886469,,,0,0,,,-0.1512493477368903,688,0.006647342995169,False,rloc_20
S2::691f36c634e3,S2,M02_FAILED_BREAKOUT_FADE,f043,5,0.0341391983365624,,,0,0,,,-0.2259536905507216,689,0.0066570048309178,False,dist_or_high_atr
S5::15be26301532,S5,M05_OPENING_RANGE,f007,5,0.0341421307296208,3.0,0.0625878812933913,421,404,0.1161698695569831,1.7501784223537795,-0.0334222540989216,690,0.0066666666666666,False,ret_96_atr
OBEXEC_B,OBEXEC_B,M14_REFERENCE_LEVEL,f024,2,0.0343240723345101,,,0,0,,,-0.2656588126211349,691,0.0066763285024154,False,h1_trend_state
S31::9584b16899ad,S31,M06_SESSION_TIME,f019,11,0.0343697499135062,3.0,0.2801837354249972,45,45,0.5680739281725965,2.4813522324388027,-0.2468575655120184,692,0.0066859903381642,False,month_of_year
S29::bd28e989b4eb,S29,M06_SESSION_TIME,f019,12,0.034576255385339,0.0,0.2408430855455055,66,66,0.4312606446732381,2.3916178339409013,-0.1540660871629385,693,0.006695652173913,False,month_of_year
S5::15be26301532,S5,M05_OPENING_RANGE,f026,5,0.0347422759230964,2.0,0.0775838035034117,537,526,0.1425625705364006,2.3482789081702378,-0.0334222540989216,694,0.0067053140096618,False,rloc_50
S8::ec037f864152,S8,M08_EXTENSION_MEAN_REVERSION,f004,5,0.0347741864290096,,,0,0,,,-0.1440796368386465,695,0.0067149758454106,False,dist_or_low_atr
S1::11c4710e404e,S1,M01_LIQUIDITY_SWEEP,f020,5,0.0351769033119664,,,0,0,,,-0.1687544865282243,696,0.0067246376811594,False,mtf_alignment
S26::f196a9ae20d6,S26,M16_AUCTION_VALUE,f026,5,0.0352418965511702,,,0,0,,,-0.1791938310904777,697,0.0067342995169082,False,rloc_50
S1::4b7c6d5c6035,S1,M01_LIQUIDITY_SWEEP,f037,2,0.0352682059570428,,,0,0,,,-0.2084882388941829,698,0.006743961352657,False,disp_recent
S29::bd28e989b4eb,S29,M06_SESSION_TIME,f038,5,0.0355050974405068,0.0,0.0004359820398834,176,176,0.1993000332550405,1.7953766358513343,-0.1540660871629385,699,0.0067536231884057,False,ret_4_atr
HTF_PBK_TREND,HTF_PBK_TREND,M07_TREND_CONTINUATION,f008,5,0.0356992073594841,3.0,0.2824982039480679,67,65,0.462252729612142,2.690250440889953,-0.084165226639341,700,0.0067632850241545,False,dist_vwap_atr
S2::2c6012247423,S2,M02_FAILED_BREAKOUT_FADE,f046,2,0.0357507893313528,,,0,0,,,-0.1792331034018087,701,0.0067729468599033,False,h4_trend_state
OBEXEC_C,OBEXEC_C,M14_REFERENCE_LEVEL,f032,5,0.0359382239240901,,,0,0,,,-0.2057387587957231,702,0.0067826086956521,False,efficiency_24h
S7::98a2f4583fb9,S7,M07_TREND_CONTINUATION,f014,5,0.0361362214212435,,,0,0,,,-0.6253044035935208,703,0.0067922705314009,False,bars_since_20bar_low
S7::98a2f4583fb9,S7,M07_TREND_CONTINUATION,f020,5,0.0362226395335141,,,0,0,,,-0.6253044035935208,704,0.0068019323671497,False,mtf_alignment
S6::7199b701458a,S6,M06_SESSION_TIME,f020,5,0.0366738918457532,,,0,0,,,-0.5031640871587263,705,0.0068115942028985,False,mtf_alignment
S2::691f36c634e3,S2,M02_FAILED_BREAKOUT_FADE,f019,12,0.0370951862421469,,,0,0,,,-0.2259536905507216,706,0.0068212560386473,False,month_of_year
S51::049ca99687f4,S51,M06_SESSION_TIME,f002,5,0.037454341275116,,,0,0,,,-0.1820980069014957,707,0.0068309178743961,False,ret_1_atr
S2::2c6012247423,S2,M02_FAILED_BREAKOUT_FADE,f026,5,0.0377174341703989,,,0,0,,,-0.1792331034018087,708,0.0068405797101449,False,rloc_50
S11::576394ea476f,S11,M11_STRUCTURE_BREAK_REVERSAL,f003,5,0.0382156042607095,3.0,0.0034157721144979,923,895,0.0751337562136543,2.4318552501396606,-0.0580988841413395,709,0.0068502415458937,False,vol_rel_sess
S11::576394ea476f,S11,M11_STRUCTURE_BREAK_REVERSAL,f044,5,0.0382260600646322,0.0,0.0070701401803038,1190,808,0.0850437395811912,2.644224083615036,-0.0580988841413395,710,0.0068599033816425,False,week_of_month
HTF_RANGE_FADE,HTF_RANGE_FADE,M12_RANGE_ROTATION,f032,4,0.0383724954469428,,,0,0,,,-0.1462639811616175,711,0.0068695652173913,False,efficiency_24h
HTF_TGT_BREAK,HTF_TGT_BREAK,M03_BREAKOUT_RETEST,f032,5,0.0385419014423726,1.0,0.1317496361657124,109,107,0.2026163911065946,2.6645831688356485,-0.0228554796569282,712,0.00687922705314,False,efficiency_24h
OBEXEC_D,OBEXEC_D,M14_REFERENCE_LEVEL,f031,2,0.0385446006402387,,,0,0,,,-0.1852561142249603,713,0.0068888888888888,False,d1_trend_state
S31::9584b16899ad,S31,M06_SESSION_TIME,f001,5,0.0386508496885595,,,0,0,,,-0.2468575655120184,714,0.0068985507246376,False,weekday
S6::7199b701458a,S6,M06_SESSION_TIME,f011,6,0.0387882089531421,,,0,0,,,-0.5031640871587263,715,0.0069082125603864,False,halfhour_bucket_utc
S45::4809d6e42bc2,S45,M19_SEQUENCE_RUNLENGTH,f007,5,0.0388893921267596,,,0,0,,,-0.1625746944243231,716,0.0069178743961352,False,ret_96_atr
S29::10d4532019fd,S29,M06_SESSION_TIME,f019,12,0.0389979348113875,6.0,0.2495407112343123,67,67,0.408408531967855,2.228500047381366,-0.1239209859419127,717,0.006927536231884,False,month_of_year
SESS_E,SESS_E,M06_SESSION_TIME,f036,5,0.0392433725727814,,,0,0,,,-0.1706719129068075,718,0.0069371980676328,False,dist_prev_sess_low_atr
SESS_B,SESS_B,M06_SESSION_TIME,f015,2,0.0392540234756935,,,0,0,,,-0.3656137311760934,719,0.0069468599033816,False,compress_flag
S10::598adad042be,S10,M10_DISPLACEMENT_CONTINUATION,f009,5,0.0395630452707118,,,0,0,,,-0.1821402258358029,720,0.0069565217391304,False,dist_pdl_atr
HTF_TGT_BREAK,HTF_TGT_BREAK,M03_BREAKOUT_RETEST,f021,2,0.0396746954563349,0.0,0.0055576849977239,337,297,0.1062606157816259,2.3294101527590017,-0.0228554796569282,721,0.0069661835748792,False,fvg_present
S10::7df75fdb8ecb,S10,M10_DISPLACEMENT_CONTINUATION,f003,5,0.0397894535954113,,,0,0,,,-0.1954025256313247,722,0.006975845410628,False,vol_rel_sess
S21::b61f7b31fafc,S21,M01_LIQUIDITY_SWEEP,f034,3,0.0402354752751916,,,0,0,,,-0.2797389306514087,723,0.0069855072463768,False,run_len_same_dir
S6::7199b701458a,S6,M06_SESSION_TIME,f015,2,0.0404047517163101,,,0,0,,,-0.5031640871587263,724,0.0069951690821256,False,compress_flag
S3::37a51a4fd454,S3,M03_BREAKOUT_RETEST,f041,5,0.0406067872632409,,,0,0,,,-0.3652404446864761,725,0.0070048309178743,False,ret_12_atr
S18::18995ee3f508,S18,M06_SESSION_TIME,f031,2,0.0407703959578986,,,0,0,,,-0.2196943442096486,726,0.0070144927536231,False,d1_trend_state
OBEXEC_D,OBEXEC_D,M14_REFERENCE_LEVEL,f006,5,0.0409650065057254,,,0,0,,,-0.1852561142249603,727,0.0070241545893719,False,realvol_ratio
S11::576394ea476f,S11,M11_STRUCTURE_BREAK_REVERSAL,f006,5,0.0412754642136548,,,0,0,,,-0.0580988841413395,728,0.0070338164251207,False,realvol_ratio
OBEXEC_B,OBEXEC_B,M14_REFERENCE_LEVEL,f020,5,0.0412992089908592,,,0,0,,,-0.2656588126211349,729,0.0070434782608695,False,mtf_alignment
S16::393fe65826e6,S16,M14_REFERENCE_LEVEL,f021,2,0.0415426179462716,1.0,0.100081224592788,254,225,0.1435128003713586,1.5838532310080304,0.0036035871818489,730,0.0070531400966183,False,fvg_present
S6::7199b701458a,S6,M06_SESSION_TIME,f038,5,0.0418543228169143,,,0,0,,,-0.5031640871587263,731,0.0070628019323671,False,ret_4_atr
HTF_PBK_TREND,HTF_PBK_TREND,M07_TREND_CONTINUATION,f016,4,0.0419154689193828,3.0,0.1862273559833845,51,51,0.3209054826731248,1.7332085605303398,-0.084165226639341,732,0.0070724637681159,False,bars_to_sess_end
S41::73a2a8a65e5e,S41,M17_VOLUME_PARTICIPATION,f039,4,0.0419675719824113,,,0,0,,,-0.391199701626434,733,0.0070821256038647,False,session_id
S31::9584b16899ad,S31,M06_SESSION_TIME,f044,2,0.0420833848864643,,,0,0,,,-0.2468575655120184,734,0.0070917874396135,False,week_of_month
S8::b7adfd7f9d4f,S8,M08_EXTENSION_MEAN_REVERSION,f038,5,0.0421841372319509,,,0,0,,,-0.1740521879042388,735,0.0071014492753623,False,ret_4_atr
S8::b7adfd7f9d4f,S8,M08_EXTENSION_MEAN_REVERSION,f014,5,0.0425056190083306,,,0,0,,,-0.1740521879042388,736,0.0071111111111111,False,bars_since_20bar_low
S4::cf232107e3b5,S4,M04_VOLATILITY_COMPRESSION_EXPANSION,f032,5,0.0426506386044733,,,0,0,,,-0.2239875030282,737,0.0071207729468599,False,efficiency_24h
S1::11c4710e404e,S1,M01_LIQUIDITY_SWEEP,f002,5,0.0427315226399693,,,0,0,,,-0.1687544865282243,738,0.0071304347826086,False,ret_1_atr
S14::dc07a2d5d013,S14,M08_EXTENSION_MEAN_REVERSION,f002,3,0.042927805677619,,,0,0,,,-0.0733520870494794,739,0.0071400966183574,False,ret_1_atr
S5::15be26301532,S5,M05_OPENING_RANGE,f027,5,0.0429433508926413,0.0,0.0241904321682934,1136,1080,0.1083475789800495,2.628007184338687,-0.0334222540989216,740,0.0071497584541062,False,atr_pct_rank
S5::9cce3e63e04e,S5,M05_OPENING_RANGE,f014,5,0.0430219505095719,1.0,0.0512048952931689,346,339,0.1576968644415444,2.0887997772598115,-0.0824976353327315,741,0.007159420289855,False,bars_since_20bar_low
HTF_PBK_TREND,HTF_PBK_TREND,M07_TREND_CONTINUATION,f005,5,0.043215995244743,3.0,0.1051893233134965,56,54,0.2289211723310423,1.231692249115527,-0.084165226639341,742,0.0071690821256038,False,atr_over_atrma
S39::cdecf371316b,S39,M07_TREND_CONTINUATION,f013,5,0.0433111014881382,,,0,0,,,-0.1572910268826625,743,0.0071787439613526,False,vol_rel_20
S27::8492323d86e4,S27,M16_AUCTION_VALUE,f028,5,0.0433784851740104,,,0,0,,,-0.1757948604079745,744,0.0071884057971014,False,dist_prev_sess_high_atr
S21::6ddb75c3f9b1,S21,M01_LIQUIDITY_SWEEP,f006,5,0.0435314298164057,,,0,0,,,-0.3144243577251478,745,0.0071980676328502,False,realvol_ratio
HTF_RECLAIM,HTF_RECLAIM,M11_STRUCTURE_BREAK_REVERSAL,f038,5,0.0436279164925923,,,0,0,,,-0.1001845799762217,746,0.007207729468599,False,ret_4_atr
S48::6d74b2000433,S48,M04_VOLATILITY_COMPRESSION_EXPANSION,f004,5,0.0436545783803499,,,0,0,,,-0.164287958331933,747,0.0072173913043478,False,dist_or_low_atr
S29::10d4532019fd,S29,M06_SESSION_TIME,f028,5,0.0437260198934708,4.0,0.1747689602665377,93,93,0.3389481563495894,2.252446440868332,-0.1239209859419127,748,0.0072270531400966,False,dist_prev_sess_high_atr
SESS_A,SESS_A,M06_SESSION_TIME,f026,5,0.0438000611810474,0.0,0.044083233320251,1011,1011,0.0494070795189443,1.2056212815671423,0.0098448623933664,749,0.0072367149758454,False,rloc_50
S5::15be26301532,S5,M05_OPENING_RANGE,f005,5,0.0439218077116909,4.0,0.0881608483517627,42,40,0.1237250866381545,0.7635285095997714,-0.0334222540989216,750,0.0072463768115942,False,atr_over_atrma
S50::9cc65b2c5452,S50,M20_CANDLESTICK_PATTERN,f028,5,0.0442865221361965,,,0,0,,,-0.6026326920420786,751,0.0072560386473429,False,dist_prev_sess_high_atr
S3::37a51a4fd454,S3,M03_BREAKOUT_RETEST,f032,5,0.0451517425657777,,,0,0,,,-0.3652404446864761,752,0.0072657004830917,False,efficiency_24h
S4::cf232107e3b5,S4,M04_VOLATILITY_COMPRESSION_EXPANSION,f007,5,0.0452188804095676,,,0,0,,,-0.2239875030282,753,0.0072753623188405,False,ret_96_atr
S24::a20c02d14359,S24,M06_SESSION_TIME,f019,12,0.045664966327422,,,0,0,,,-0.1145562330207209,754,0.0072850241545893,False,month_of_year
S5::9cce3e63e04e,S5,M05_OPENING_RANGE,f032,5,0.045771262331099,,,0,0,,,-0.0824976353327315,755,0.0072946859903381,False,efficiency_24h
OBEXEC_B,OBEXEC_B,M14_REFERENCE_LEVEL,f028,5,0.0458002383350619,,,0,0,,,-0.2656588126211349,756,0.0073043478260869,False,dist_prev_sess_high_atr
S11::576394ea476f,S11,M11_STRUCTURE_BREAK_REVERSAL,f021,2,0.0458288103470581,,,0,0,,,-0.0580988841413395,757,0.0073140096618357,False,fvg_present
S30::282a94fa23d8,S30,M06_SESSION_TIME,f019,12,0.0459079637523931,,,0,0,,,-0.146454009554978,758,0.0073236714975845,False,month_of_year
S16::393fe65826e6,S16,M14_REFERENCE_LEVEL,f034,3,0.0459719634052091,4.0,0.1820122815818199,202,176,0.241303207958076,2.4246301884793526,0.0036035871818489,759,0.0073333333333333,False,run_len_same_dir
S15::ac373f9fe529,S15,M07_TREND_CONTINUATION,f019,12,0.0461637973474164,,,0,0,,,-0.1615200875385349,760,0.0073429951690821,False,month_of_year
S4::cf232107e3b5,S4,M04_VOLATILITY_COMPRESSION_EXPANSION,f011,36,0.0462667830756124,17.0,0.1473556943226243,46,45,0.3729016123748311,1.6468961798620694,-0.2239875030282,761,0.0073526570048309,False,halfhour_bucket_utc
S28::b2a817579286,S28,M16_AUCTION_VALUE,f043,5,0.0462670060203562,,,0,0,,,-0.1509808226383693,762,0.0073623188405797,False,dist_or_high_atr
S29::bd28e989b4eb,S29,M06_SESSION_TIME,f021,2,0.0462960452554694,,,0,0,,,-0.1540660871629385,763,0.0073719806763285,False,fvg_present
S21::6ddb75c3f9b1,S21,M01_LIQUIDITY_SWEEP,f010,5,0.0466030697732477,,,0,0,,,-0.3144243577251478,764,0.0073816425120772,False,bars_since_20bar_high
S10::7df75fdb8ecb,S10,M10_DISPLACEMENT_CONTINUATION,f012,5,0.0466584173861628,,,0,0,,,-0.1954025256313247,765,0.007391304347826,False,dist_pwl_atr
S43::6aacd27a298d,S43,M18_OSCILLATOR_DIVERGENCE,f008,5,0.046862908969435,,,0,0,,,-0.3255470396563592,766,0.0074009661835748,False,dist_vwap_atr
S29::bd28e989b4eb,S29,M06_SESSION_TIME,f041,5,0.0469305561672994,0.0,0.1115542216634656,143,143,0.3249698465798038,2.597660981253242,-0.1540660871629385,767,0.0074106280193236,False,ret_12_atr
S6::a461ec93f607,S6,M06_SESSION_TIME,f019,12,0.0470129897624165,,,0,0,,,-0.5128074236968724,768,0.0074202898550724,False,month_of_year
S3::37a51a4fd454,S3,M03_BREAKOUT_RETEST,f046,2,0.0473115159456813,,,0,0,,,-0.3652404446864761,769,0.0074299516908212,False,h4_trend_state
S38::3029c9493a71,S38,M07_TREND_CONTINUATION,f005,5,0.0474319676853429,,,0,0,,,-0.0939524767845139,770,0.00743961352657,False,atr_over_atrma
S8::ec037f864152,S8,M08_EXTENSION_MEAN_REVERSION,f043,5,0.0474754475370242,,,0,0,,,-0.1440796368386465,771,0.0074492753623188,False,dist_or_high_atr
OBR_A_limit,OBR_A_limit,M14_REFERENCE_LEVEL,f022,5,0.0477757435176906,,,0,0,,,-0.0673227003426379,772,0.0074589371980676,False,rloc_20
S29::bd28e989b4eb,S29,M06_SESSION_TIME,f002,5,0.0478326966687214,1.0,0.0986572422686799,150,150,0.3126103743206275,2.591115445154821,-0.1540660871629385,773,0.0074685990338164,False,ret_1_atr
S6::a461ec93f607,S6,M06_SESSION_TIME,f044,5,0.04795264375131,,,0,0,,,-0.5128074236968724,774,0.0074782608695652,False,week_of_month
HTF_TGT_BREAK,HTF_TGT_BREAK,M03_BREAKOUT_RETEST,f037,2,0.0481315100385599,0.0,0.0576239366239553,62,61,0.0930164107769006,0.8953987060429196,-0.0228554796569282,775,0.007487922705314,False,disp_recent
S21::b61f7b31fafc,S21,M01_LIQUIDITY_SWEEP,f005,5,0.0485633846788058,,,0,0,,,-0.2797389306514087,776,0.0074975845410628,False,atr_over_atrma
HTF_RECLAIM,HTF_RECLAIM,M11_STRUCTURE_BREAK_REVERSAL,f033,5,0.0486345230942997,,,0,0,,,-0.1001845799762217,777,0.0075072463768115,False,rloc_sess
S3::7aafa506c507,S3,M03_BREAKOUT_RETEST,f022,5,0.0486897674745112,0.0,0.0136719461459032,48,48,0.3890005614339721,2.165953145484476,-0.3737354389272471,778,0.0075169082125603,False,rloc_20
SESS_A,SESS_A,M06_SESSION_TIME,f034,3,0.0494329001629405,3.0,0.0935193201399069,833,833,0.1120081257558364,2.398160722871307,0.0098448623933664,779,0.0075265700483091,False,run_len_same_dir
HTF_RANGE_FADE,HTF_RANGE_FADE,M12_RANGE_ROTATION,f040,5,0.0494591794322052,1.0,0.0499213188234462,181,168,0.2575143834000836,2.579587626599721,-0.1462639811616175,780,0.0075362318840579,False,bar_in_sess
S30::282a94fa23d8,S30,M06_SESSION_TIME,f026,5,0.0494769197061795,,,0,0,,,-0.146454009554978,781,0.0075458937198067,False,rloc_50
SESS_E,SESS_E,M06_SESSION_TIME,f023,5,0.049916050220724,3.0,0.0987228736708887,144,144,0.3153034839353155,2.576410314002896,-0.1706719129068075,782,0.0075555555555555,False,dist_pwh_atr
HTF_RECLAIM,HTF_RECLAIM,M11_STRUCTURE_BREAK_REVERSAL,f046,2,0.0499989996768253,,,0,0,,,-0.1001845799762217,783,0.0075652173913043,False,h4_trend_state
S5::9cce3e63e04e,S5,M05_OPENING_RANGE,f020,5,0.0504391165590589,4.0,0.0109439332773299,249,226,0.1049314207502617,1.224170839088693,-0.0824976353327315,784,0.0075748792270531,False,mtf_alignment
HTF_RECLAIM,HTF_RECLAIM,M11_STRUCTURE_BREAK_REVERSAL,f034,3,0.0508094988660814,,,0,0,,,-0.1001845799762217,785,0.0075845410628019,False,run_len_same_dir
S17::3cf289079abb,S17,M14_REFERENCE_LEVEL,f039,3,0.0508191997875455,3.0,0.1359870019436379,138,118,0.2808763542005178,2.388013201812877,-0.0214468781177987,786,0.0075942028985507,False,session_id
S21::b61f7b31fafc,S21,M01_LIQUIDITY_SWEEP,f009,5,0.0508221015372378,,,0,0,,,-0.2797389306514087,787,0.0076038647342995,False,dist_pdl_atr
S27::8492323d86e4,S27,M16_AUCTION_VALUE,f041,5,0.0513074570334559,,,0,0,,,-0.1757948604079745,788,0.0076135265700483,False,ret_12_atr
S10::598adad042be,S10,M10_DISPLACEMENT_CONTINUATION,f002,5,0.0513616982141562,,,0,0,,,-0.1821402258358029,789,0.0076231884057971,False,ret_1_atr
S10::7df75fdb8ecb,S10,M10_DISPLACEMENT_CONTINUATION,f042,5,0.0513782770312265,,,0,0,,,-0.1954025256313247,790,0.0076328502415458,False,dist_pdmid_atr
S27::8492323d86e4,S27,M16_AUCTION_VALUE,f042,5,0.0514892089908369,,,0,0,,,-0.1757948604079745,791,0.0076425120772946,False,dist_pdmid_atr
S43::6aacd27a298d,S43,M18_OSCILLATOR_DIVERGENCE,f017,24,0.0516496845749792,,,0,0,,,-0.3255470396563592,792,0.0076521739130434,False,hour_utc
S29::10d4532019fd,S29,M06_SESSION_TIME,f002,5,0.0516759469247851,3.0,0.0428631256305006,159,159,0.2092819861557686,1.821415721266395,-0.1239209859419127,793,0.0076618357487922,False,ret_1_atr
S5::15be26301532,S5,M05_OPENING_RANGE,f015,2,0.0516782492651715,0.0,0.0184227734362563,705,670,0.0730831126091469,1.5373848226968627,-0.0334222540989216,794,0.007671497584541,False,compress_flag
S23::866611e1c7db,S23,M04_VOLATILITY_COMPRESSION_EXPANSION,f030,5,0.0521184261469653,,,0,0,,,-0.1768749736734077,795,0.0076811594202898,False,rloc_96
SESS_B,SESS_B,M06_SESSION_TIME,f031,2,0.052446181604159,,,0,0,,,-0.3656137311760934,796,0.0076908212560386,False,d1_trend_state
S18::3933c532ec9c,S18,M06_SESSION_TIME,f007,5,0.0526236269968571,,,0,0,,,-0.2706234087594297,797,0.0077004830917874,False,ret_96_atr
HTF_RECLAIM,HTF_RECLAIM,M11_STRUCTURE_BREAK_REVERSAL,f003,5,0.0530171458369577,,,0,0,,,-0.1001845799762217,798,0.0077101449275362,False,vol_rel_sess
S51::049ca99687f4,S51,M06_SESSION_TIME,f012,5,0.0531632611760446,,,0,0,,,-0.1820980069014957,799,0.007719806763285,False,dist_pwl_atr
S46::28bd0e966c33,S46,M03_BREAKOUT_RETEST,f013,5,0.053257908011246,,,0,0,,,-0.0369124123563443,800,0.0077294685990338,False,vol_rel_20
S46::28bd0e966c33,S46,M03_BREAKOUT_RETEST,f011,32,0.0535251096369577,36.0,0.2630455857497463,68,68,0.303786290874712,3.142929768281572,-0.0369124123563443,801,0.0077391304347826,False,halfhour_bucket_utc
S5::9cce3e63e04e,S5,M05_OPENING_RANGE,f001,5,0.0535605434001484,3.0,0.0491447764544012,465,426,0.1654808426776893,2.5519526139628628,-0.0824976353327315,802,0.0077487922705314,False,weekday
S48::6d74b2000433,S48,M04_VOLATILITY_COMPRESSION_EXPANSION,f011,28,0.0539270571294752,38.0,0.1379235099683834,86,85,0.306293482792829,2.1369496639287697,-0.164287958331933,803,0.0077584541062801,False,halfhour_bucket_utc
SESS_B,SESS_B,M06_SESSION_TIME,f041,5,0.054069229931335,,,0,0,,,-0.3656137311760934,804,0.0077681159420289,False,ret_12_atr
S50::9cc65b2c5452,S50,M20_CANDLESTICK_PATTERN,f043,5,0.0541324167889867,,,0,0,,,-0.6026326920420786,805,0.0077777777777777,False,dist_or_high_atr
S3::37a51a4fd454,S3,M03_BREAKOUT_RETEST,f038,5,0.0542045539514912,,,0,0,,,-0.3652404446864761,806,0.0077874396135265,False,ret_4_atr
S11::576394ea476f,S11,M11_STRUCTURE_BREAK_REVERSAL,f035,5,0.0544127270938288,,,0,0,,,-0.0580988841413395,807,0.0077971014492753,False,dist_pdh_atr
S10::7df75fdb8ecb,S10,M10_DISPLACEMENT_CONTINUATION,f005,5,0.0548759268906784,,,0,0,,,-0.1954025256313247,808,0.0078067632850241,False,atr_over_atrma
S21::6ddb75c3f9b1,S21,M01_LIQUIDITY_SWEEP,f013,5,0.0549552732281455,,,0,0,,,-0.3144243577251478,809,0.0078164251207729,False,vol_rel_20
S17::3cf289079abb,S17,M14_REFERENCE_LEVEL,f015,2,0.0553200404917122,0.0,0.0059242012076679,267,166,0.1828621044297145,2.202074870359448,-0.0214468781177987,810,0.0078260869565217,False,compress_flag
S15::ac373f9fe529,S15,M07_TREND_CONTINUATION,f031,2,0.055548762857196,,,0,0,,,-0.1615200875385349,811,0.0078357487922705,False,d1_trend_state
S15::ac373f9fe529,S15,M07_TREND_CONTINUATION,f034,3,0.0560647996517142,,,0,0,,,-0.1615200875385349,812,0.0078454106280193,False,run_len_same_dir
HTF_PBK_TREND,HTF_PBK_TREND,M07_TREND_CONTINUATION,f021,2,0.0563433901804137,1.0,0.059061777138495,86,80,0.1949812992605836,1.3113761282864274,-0.084165226639341,813,0.0078550724637681,False,fvg_present
S6::7199b701458a,S6,M06_SESSION_TIME,f019,12,0.0563610483625849,,,0,0,,,-0.5031640871587263,814,0.0078647342995169,False,month_of_year
SESS_E,SESS_E,M06_SESSION_TIME,f024,2,0.0569432587638081,,,0,0,,,-0.1706719129068075,815,0.0078743961352657,False,h1_trend_state
S45::4809d6e42bc2,S45,M19_SEQUENCE_RUNLENGTH,f046,2,0.0569987164015479,,,0,0,,,-0.1625746944243231,816,0.0078840579710144,False,h4_trend_state
SESS_C,SESS_C,M06_SESSION_TIME,f013,3,0.0570271650313374,,,0,0,,,-0.2791331001590712,817,0.0078937198067632,False,vol_rel_20
S8::ec037f864152,S8,M08_EXTENSION_MEAN_REVERSION,f009,5,0.0570504730713428,,,0,0,,,-0.1440796368386465,818,0.007903381642512,False,dist_pdl_atr
S8::ec037f864152,S8,M08_EXTENSION_MEAN_REVERSION,f040,5,0.0574113311111634,,,0,0,,,-0.1440796368386465,819,0.0079130434782608,False,bar_in_sess
S14::dc07a2d5d013,S14,M08_EXTENSION_MEAN_REVERSION,f026,4,0.0574151293640285,2.0,0.2839345665266427,78,76,0.3794748374765501,2.448285611672621,-0.0733520870494794,820,0.0079227053140096,False,rloc_50
SESS_D,SESS_D,M06_SESSION_TIME,f004,5,0.057746080361527,3.0,0.0097853133595843,759,759,0.0501629304211458,1.0474668967605465,-0.0267017319359689,821,0.0079323671497584,False,dist_or_low_atr
S11::576394ea476f,S11,M11_STRUCTURE_BREAK_REVERSAL,f004,5,0.0580843887169613,,,0,0,,,-0.0580988841413395,822,0.0079420289855072,False,dist_or_low_atr
S10::7df75fdb8ecb,S10,M10_DISPLACEMENT_CONTINUATION,f017,24,0.0585569678010227,,,0,0,,,-0.1954025256313247,823,0.007951690821256,False,hour_utc
OBEXEC_D,OBEXEC_D,M14_REFERENCE_LEVEL,f009,5,0.0589712797293862,0.0,0.1396376221018946,121,109,0.3720305973526936,2.5182410907671184,-0.1852561142249603,824,0.0079613526570048,False,dist_pdl_atr
S10::598adad042be,S10,M10_DISPLACEMENT_CONTINUATION,f020,5,0.0591598593332787,,,0,0,,,-0.1821402258358029,825,0.0079710144927536,False,mtf_alignment
HTF_TGT_BREAK,HTF_TGT_BREAK,M03_BREAKOUT_RETEST,f004,5,0.0594765885341841,2.0,0.1707866336945179,68,66,0.2272330921981255,2.169277634895644,-0.0228554796569282,826,0.0079806763285024,False,dist_or_low_atr
S38::3029c9493a71,S38,M07_TREND_CONTINUATION,f039,4,0.0594988338473747,,,0,0,,,-0.0939524767845139,827,0.0079903381642512,False,session_id
S12::884efeda36f3,S12,M12_RANGE_ROTATION,f036,5,0.0597894339353355,,,0,0,,,-0.2323586418177302,828,0.008,False,dist_prev_sess_low_atr
HTF_TGT_BREAK,HTF_TGT_BREAK,M03_BREAKOUT_RETEST,f041,5,0.0600217900633182,3.0,0.2107617508428447,66,63,0.2727510812941511,2.512016193351548,-0.0228554796569282,829,0.0080096618357487,False,ret_12_atr
S12::884efeda36f3,S12,M12_RANGE_ROTATION,f026,5,0.0600525517641803,,,0,0,,,-0.2323586418177302,830,0.0080193236714975,False,rloc_50
S21::b61f7b31fafc,S21,M01_LIQUIDITY_SWEEP,f044,5,0.0603032468225528,,,0,0,,,-0.2797389306514087,831,0.0080289855072463,False,week_of_month
S39::cdecf371316b,S39,M07_TREND_CONTINUATION,f030,5,0.0609194128475554,,,0,0,,,-0.1572910268826625,832,0.0080386473429951,False,rloc_96
S30::282a94fa23d8,S30,M06_SESSION_TIME,f013,5,0.0609889203166491,,,0,0,,,-0.146454009554978,833,0.0080483091787439,False,vol_rel_20
S2::2c6012247423,S2,M02_FAILED_BREAKOUT_FADE,f020,5,0.0618431255990414,,,0,0,,,-0.1792331034018087,834,0.0080579710144927,False,mtf_alignment
S42::a347eead7c5d,S42,M08_EXTENSION_MEAN_REVERSION,f006,5,0.0619530088222397,,,0,0,,,-0.1021182368524002,835,0.0080676328502415,False,realvol_ratio
S31::9584b16899ad,S31,M06_SESSION_TIME,f032,5,0.0621713177082927,3.0,0.0071240465123319,133,133,0.3229194781452455,2.499574261489604,-0.2468575655120184,836,0.0080772946859903,False,efficiency_24h
OBEXEC_D,OBEXEC_D,M14_REFERENCE_LEVEL,f004,4,0.0622883958602242,,,0,0,,,-0.1852561142249603,837,0.0080869565217391,False,dist_or_low_atr
S50::9cc65b2c5452,S50,M20_CANDLESTICK_PATTERN,f012,5,0.0623616362661216,,,0,0,,,-0.6026326920420786,838,0.0080966183574879,False,dist_pwl_atr
OBEXEC_B,OBEXEC_B,M14_REFERENCE_LEVEL,f010,5,0.0623852341161468,,,0,0,,,-0.2656588126211349,839,0.0081062801932367,False,bars_since_20bar_high
S21::6ddb75c3f9b1,S21,M01_LIQUIDITY_SWEEP,f028,5,0.0625939242935924,,,0,0,,,-0.3144243577251478,840,0.0081159420289855,False,dist_prev_sess_high_atr
S28::b2a817579286,S28,M16_AUCTION_VALUE,f014,5,0.0626045945873099,,,0,0,,,-0.1509808226383693,841,0.0081256038647343,False,bars_since_20bar_low
S5::15be26301532,S5,M05_OPENING_RANGE,f030,5,0.0630765430985014,2.0,0.1002828307042638,444,436,0.1636571825088436,2.494448346117612,-0.0334222540989216,842,0.008135265700483,False,rloc_96
OBEXEC_C,OBEXEC_C,M14_REFERENCE_LEVEL,f006,5,0.0634595184774888,,,0,0,,,-0.2057387587957231,843,0.0081449275362318,False,realvol_ratio
S18::3933c532ec9c,S18,M06_SESSION_TIME,f022,5,0.0635585574842256,,,0,0,,,-0.2706234087594297,844,0.0081545893719806,False,rloc_20
S3::7aafa506c507,S3,M03_BREAKOUT_RETEST,f023,5,0.0636234726165052,,,0,0,,,-0.3737354389272471,845,0.0081642512077294,False,dist_pwh_atr
S41::73a2a8a65e5e,S41,M17_VOLUME_PARTICIPATION,f008,5,0.0638913477097447,,,0,0,,,-0.391199701626434,846,0.0081739130434782,False,dist_vwap_atr
S14::dc07a2d5d013,S14,M08_EXTENSION_MEAN_REVERSION,f013,4,0.0640282101288445,2.0,0.1631147166801022,79,75,0.25135196507989,1.6765030194083583,-0.0733520870494794,847,0.008183574879227,False,vol_rel_20
S50::9cc65b2c5452,S50,M20_CANDLESTICK_PATTERN,f008,5,0.0642105776787405,,,0,0,,,-0.6026326920420786,848,0.0081932367149758,False,dist_vwap_atr
HTF_RANGE_FADE,HTF_RANGE_FADE,M12_RANGE_ROTATION,f013,5,0.064389735269712,,,0,0,,,-0.1462639811616175,849,0.0082028985507246,False,vol_rel_20
S5::15be26301532,S5,M05_OPENING_RANGE,f046,2,0.065626745060749,1.0,0.0357865940177771,776,700,0.1017579791097644,2.1343593976251607,-0.0334222540989216,850,0.0082125603864734,False,h4_trend_state
S21::6ddb75c3f9b1,S21,M01_LIQUIDITY_SWEEP,f005,5,0.0658031163455852,,,0,0,,,-0.3144243577251478,851,0.0082222222222222,False,atr_over_atrma
S28::b2a817579286,S28,M16_AUCTION_VALUE,f019,12,0.0659517478258884,2.0,0.0054509309512792,487,196,0.169423272006797,2.776428097808247,-0.1509808226383693,852,0.008231884057971,False,month_of_year
HTF_TGT_BREAK,HTF_TGT_BREAK,M03_BREAKOUT_RETEST,f035,4,0.0659625625602817,2.0,0.1758624916545973,65,62,0.2314183969703842,2.3978716903303288,-0.0228554796569282,853,0.0082415458937198,False,dist_pdh_atr
S41::73a2a8a65e5e,S41,M17_VOLUME_PARTICIPATION,f026,5,0.0660275843491953,,,0,0,,,-0.391199701626434,854,0.0082512077294685,False,rloc_50
S40::43b9c7dbd606,S40,M21_META_ROUTER,f035,5,0.0660461415547275,,,0,0,,,-0.1929964957240371,855,0.0082608695652173,False,dist_pdh_atr
S38::3029c9493a71,S38,M07_TREND_CONTINUATION,f031,2,0.06619428089946,,,0,0,,,-0.0939524767845139,856,0.0082705314009661,False,d1_trend_state
S1::11c4710e404e,S1,M01_LIQUIDITY_SWEEP,f023,5,0.0663409782197055,,,0,0,,,-0.1687544865282243,857,0.0082801932367149,False,dist_pwh_atr
S7::98a2f4583fb9,S7,M07_TREND_CONTINUATION,f016,5,0.0670943802307255,,,0,0,,,-0.6253044035935208,858,0.0082898550724637,False,bars_to_sess_end
S25::017b79ce0b9e,S25,M04_VOLATILITY_COMPRESSION_EXPANSION,f032,5,0.0672100806880204,,,0,0,,,-0.1485080670797977,859,0.0082995169082125,False,efficiency_24h
S26::f196a9ae20d6,S26,M16_AUCTION_VALUE,f031,2,0.0673363478165978,,,0,0,,,-0.1791938310904777,860,0.0083091787439613,False,d1_trend_state
S50::9cc65b2c5452,S50,M20_CANDLESTICK_PATTERN,f009,5,0.0676075391722341,,,0,0,,,-0.6026326920420786,861,0.0083188405797101,False,dist_pdl_atr
S40::43b9c7dbd606,S40,M21_META_ROUTER,f031,2,0.0676507464943871,,,0,0,,,-0.1929964957240371,862,0.0083285024154589,False,d1_trend_state
S10::598adad042be,S10,M10_DISPLACEMENT_CONTINUATION,f042,5,0.0682309699005956,,,0,0,,,-0.1821402258358029,863,0.0083381642512077,False,dist_pdmid_atr
S51::049ca99687f4,S51,M06_SESSION_TIME,f023,5,0.0682637384184814,,,0,0,,,-0.1820980069014957,864,0.0083478260869565,False,dist_pwh_atr
S28::b2a817579286,S28,M16_AUCTION_VALUE,f004,5,0.0684693551009563,,,0,0,,,-0.1509808226383693,865,0.0083574879227053,False,dist_or_low_atr
S41::73a2a8a65e5e,S41,M17_VOLUME_PARTICIPATION,f035,5,0.0686960671489034,,,0,0,,,-0.391199701626434,866,0.0083671497584541,False,dist_pdh_atr
SESS_E,SESS_E,M06_SESSION_TIME,f033,5,0.0689667373707147,,,0,0,,,-0.1706719129068075,867,0.0083768115942028,False,rloc_sess
S10::598adad042be,S10,M10_DISPLACEMENT_CONTINUATION,f019,12,0.0691861118095573,,,0,0,,,-0.1821402258358029,868,0.0083864734299516,False,month_of_year
S1::4b7c6d5c6035,S1,M01_LIQUIDITY_SWEEP,f005,5,0.0693290821073644,,,0,0,,,-0.2084882388941829,869,0.0083961352657004,False,atr_over_atrma
S1::11c4710e404e,S1,M01_LIQUIDITY_SWEEP,f044,5,0.0696302181889407,,,0,0,,,-0.1687544865282243,870,0.0084057971014492,False,week_of_month
S10::598adad042be,S10,M10_DISPLACEMENT_CONTINUATION,f006,5,0.0697862148897821,,,0,0,,,-0.1821402258358029,871,0.008415458937198,False,realvol_ratio
S42::a347eead7c5d,S42,M08_EXTENSION_MEAN_REVERSION,f032,5,0.0704188006463979,0.0,0.0168299626811229,394,347,0.1437973992239835,2.139156933447382,-0.1021182368524002,872,0.0084251207729468,False,efficiency_24h
OBR_A_limit,OBR_A_limit,M14_REFERENCE_LEVEL,f027,5,0.0707535041016893,3.0,0.0160033195157191,707,580,0.1164409698526564,1.979167563733365,-0.0673227003426379,873,0.0084347826086956,False,atr_pct_rank
S10::7df75fdb8ecb,S10,M10_DISPLACEMENT_CONTINUATION,f004,5,0.0712834010728369,,,0,0,,,-0.1954025256313247,874,0.0084444444444444,False,dist_or_low_atr
S38::3029c9493a71,S38,M07_TREND_CONTINUATION,f015,2,0.0715270444257729,,,0,0,,,-0.0939524767845139,875,0.0084541062801932,False,compress_flag
S45::4809d6e42bc2,S45,M19_SEQUENCE_RUNLENGTH,f017,24,0.0716288030269929,22.0,0.0490334846851449,216,216,0.2152484599861521,2.1280106509125543,-0.1625746944243231,876,0.008463768115942,False,hour_utc
S40::43b9c7dbd606,S40,M21_META_ROUTER,f046,2,0.0722712459089574,,,0,0,,,-0.1929964957240371,877,0.0084734299516908,False,h4_trend_state
S28::b2a817579286,S28,M16_AUCTION_VALUE,f021,2,0.07242243782858,,,0,0,,,-0.1509808226383693,878,0.0084830917874396,False,fvg_present
SESS_E,SESS_E,M06_SESSION_TIME,f008,5,0.0725774379402577,,,0,0,,,-0.1706719129068075,879,0.0084927536231884,False,dist_vwap_atr
OBEXEC_C,OBEXEC_C,M14_REFERENCE_LEVEL,f009,5,0.0730904271592991,0.0,0.0738667734015168,169,142,0.3069670463497203,2.441705020040478,-0.2057387587957231,880,0.0085024154589371,False,dist_pdl_atr
S22::e730d6bce802,S22,M14_REFERENCE_LEVEL,f012,5,0.0732242277280292,2.0,0.0680212811870633,406,264,0.1607964442306804,2.23057341652746,-0.0783510896106395,881,0.0085120772946859,False,dist_pwl_atr
OBR_A_limit,OBR_A_limit,M14_REFERENCE_LEVEL,f015,2,0.0732492435254714,,,0,0,,,-0.0673227003426379,882,0.0085217391304347,False,compress_flag
S22::e730d6bce802,S22,M14_REFERENCE_LEVEL,f033,5,0.073323647054061,3.0,0.0350481652733827,670,529,0.1331029635905302,2.440554588630184,-0.0783510896106395,883,0.0085314009661835,False,rloc_sess
HTF_PBK_TREND,HTF_PBK_TREND,M07_TREND_CONTINUATION,f014,5,0.0735104357163984,4.0,0.1732273328365138,55,53,0.3100192909672007,1.6314922637145015,-0.084165226639341,884,0.0085410628019323,False,bars_since_20bar_low
HTF_RANGE_FADE,HTF_RANGE_FADE,M12_RANGE_ROTATION,f043,5,0.0738917490197677,1.0,0.0757664669145044,141,125,0.2726060428721368,2.4377656849753047,-0.1462639811616175,885,0.0085507246376811,False,dist_or_high_atr
S5::9cce3e63e04e,S5,M05_OPENING_RANGE,f043,4,0.073954052969551,3.0,0.0302289989584017,293,286,0.1293994782322247,1.5443838212443102,-0.0824976353327315,886,0.0085603864734299,False,dist_or_high_atr
S45::4809d6e42bc2,S45,M19_SEQUENCE_RUNLENGTH,f026,5,0.0740130232752589,,,0,0,,,-0.1625746944243231,887,0.0085700483091787,False,rloc_50
S8::b7adfd7f9d4f,S8,M08_EXTENSION_MEAN_REVERSION,f003,5,0.0740581593753431,,,0,0,,,-0.1740521879042388,888,0.0085797101449275,False,vol_rel_sess
S13::7d288aa44d52,S13,M13_IMBALANCE_FVG,f013,5,0.074641814829589,,,0,0,,,-0.1512493477368903,889,0.0085893719806763,False,vol_rel_20
S31::555f488885b1,S31,M06_SESSION_TIME,f024,2,0.0746802351900619,,,0,0,,,-0.2555616258255557,890,0.0085990338164251,False,h1_trend_state
S44::3d6f380511c2,S44,M17_VOLUME_PARTICIPATION,f044,5,0.0747453950809773,,,0,0,,,-0.1698854030120568,891,0.0086086956521739,False,week_of_month
S14::dc07a2d5d013,S14,M08_EXTENSION_MEAN_REVERSION,f034,3,0.0747939342504824,3.0,0.1121436203821888,193,182,0.2168722819577962,2.165162228103827,-0.0733520870494794,892,0.0086183574879227,False,run_len_same_dir
S18::3933c532ec9c,S18,M06_SESSION_TIME,f040,3,0.0747998887976271,,,0,0,,,-0.2706234087594297,893,0.0086280193236714,False,bar_in_sess
S31::555f488885b1,S31,M06_SESSION_TIME,f021,2,0.075349062529507,,,0,0,,,-0.2555616258255557,894,0.0086376811594202,False,fvg_present
OBR_A_limit,OBR_A_limit,M14_REFERENCE_LEVEL,f034,3,0.0762488735334538,,,0,0,,,-0.0673227003426379,895,0.008647342995169,False,run_len_same_dir
S13::7d288aa44d52,S13,M13_IMBALANCE_FVG,f008,5,0.07660860365988,,,0,0,,,-0.1512493477368903,896,0.0086570048309178,False,dist_vwap_atr
S1::11c4710e404e,S1,M01_LIQUIDITY_SWEEP,f032,5,0.0769897875906044,,,0,0,,,-0.1687544865282243,897,0.0086666666666666,False,efficiency_24h
S40::43b9c7dbd606,S40,M21_META_ROUTER,f043,5,0.0776574778370053,,,0,0,,,-0.1929964957240371,898,0.0086763285024154,False,dist_or_high_atr
S6::7199b701458a,S6,M06_SESSION_TIME,f008,4,0.0778776051328904,,,0,0,,,-0.5031640871587263,899,0.0086859903381642,False,dist_vwap_atr
S48::6d74b2000433,S48,M04_VOLATILITY_COMPRESSION_EXPANSION,f013,5,0.0779881413531669,,,0,0,,,-0.164287958331933,900,0.008695652173913,False,vol_rel_20
S41::73a2a8a65e5e,S41,M17_VOLUME_PARTICIPATION,f001,5,0.0782230458796617,,,0,0,,,-0.391199701626434,901,0.0087053140096618,False,weekday
S21::6ddb75c3f9b1,S21,M01_LIQUIDITY_SWEEP,f008,5,0.0785137652252243,,,0,0,,,-0.3144243577251478,902,0.0087149758454106,False,dist_vwap_atr
S50::9cc65b2c5452,S50,M20_CANDLESTICK_PATTERN,f044,5,0.0792063751246296,,,0,0,,,-0.6026326920420786,903,0.0087246376811594,False,week_of_month
HTF_PBK_TREND,HTF_PBK_TREND,M07_TREND_CONTINUATION,f035,4,0.0795200098603654,2.0,0.4537049454692051,31,27,0.5947779377582558,2.3286049712911416,-0.084165226639341,904,0.0087342995169082,False,dist_pdh_atr
SESS_C,SESS_C,M06_SESSION_TIME,f032,5,0.0796506034139965,,,0,0,,,-0.2791331001590712,905,0.008743961352657,False,efficiency_24h
HTF_RECLAIM,HTF_RECLAIM,M11_STRUCTURE_BREAK_REVERSAL,f007,5,0.0797924303556185,,,0,0,,,-0.1001845799762217,906,0.0087536231884057,False,ret_96_atr
OBEXEC_B,OBEXEC_B,M14_REFERENCE_LEVEL,f046,2,0.0798061738448203,,,0,0,,,-0.2656588126211349,907,0.0087632850241545,False,h4_trend_state
S19::762b6018f2c5,S19,M15_GAP,f036,1,0.0801146609200249,,,0,0,,,-0.2669320577565558,908,0.0087729468599033,False,dist_prev_sess_low_atr
HTF_PBK_TREND,HTF_PBK_TREND,M07_TREND_CONTINUATION,f027,5,0.0802214646240018,1.0,0.2038460038361315,83,74,0.3872018202242867,2.407906421887096,-0.084165226639341,909,0.0087826086956521,False,atr_pct_rank
S13::7d288aa44d52,S13,M13_IMBALANCE_FVG,f032,5,0.0804034493099781,,,0,0,,,-0.1512493477368903,910,0.0087922705314009,False,efficiency_24h
S18::3933c532ec9c,S18,M06_SESSION_TIME,f008,5,0.0804751772918765,,,0,0,,,-0.2706234087594297,911,0.0088019323671497,False,dist_vwap_atr
S2::2c6012247423,S2,M02_FAILED_BREAKOUT_FADE,f007,5,0.0808166917529273,,,0,0,,,-0.1792331034018087,912,0.0088115942028985,False,ret_96_atr
S48::6d74b2000433,S48,M04_VOLATILITY_COMPRESSION_EXPANSION,f007,5,0.0810563989640844,,,0,0,,,-0.164287958331933,913,0.0088212560386473,False,ret_96_atr
OBR_A_limit,OBR_A_limit,M14_REFERENCE_LEVEL,f020,5,0.0817284297572196,3.0,0.1029615877348983,381,270,0.2011053397438267,2.4011040947965894,-0.0673227003426379,914,0.0088309178743961,False,mtf_alignment
S8::ec037f864152,S8,M08_EXTENSION_MEAN_REVERSION,f024,2,0.0825772956199721,,,0,0,,,-0.1440796368386465,915,0.0088405797101449,False,h1_trend_state
S42::a347eead7c5d,S42,M08_EXTENSION_MEAN_REVERSION,f004,5,0.0826601745595112,2.0,0.0510601318420774,317,289,0.1779147634352568,2.396953204096845,-0.1021182368524002,916,0.0088502415458937,False,dist_or_low_atr
S17::3cf289079abb,S17,M14_REFERENCE_LEVEL,f023,3,0.082833068228024,4.0,0.1661448353617882,104,62,0.2804942763456682,2.202769161917823,-0.0214468781177987,917,0.0088599033816425,False,dist_pwh_atr
S8::b7adfd7f9d4f,S8,M08_EXTENSION_MEAN_REVERSION,f040,5,0.082928654609431,,,0,0,,,-0.1740521879042388,918,0.0088695652173913,False,bar_in_sess
SESS_B,SESS_B,M06_SESSION_TIME,f036,5,0.0829724077296689,,,0,0,,,-0.3656137311760934,919,0.00887922705314,False,dist_prev_sess_low_atr
S8::b7adfd7f9d4f,S8,M08_EXTENSION_MEAN_REVERSION,f020,5,0.0830292650684416,,,0,0,,,-0.1740521879042388,920,0.0088888888888888,False,mtf_alignment
S17::3cf289079abb,S17,M14_REFERENCE_LEVEL,f034,3,0.0830296197496625,1.0,0.1078997328603043,151,108,0.2491707720682477,2.2018410267440105,-0.0214468781177987,921,0.0088985507246376,False,run_len_same_dir
OBEXEC_B,OBEXEC_B,M14_REFERENCE_LEVEL,f031,2,0.0833115152796395,,,0,0,,,-0.2656588126211349,922,0.0089082125603864,False,d1_trend_state
S45::4809d6e42bc2,S45,M19_SEQUENCE_RUNLENGTH,f006,5,0.0834092810382647,,,0,0,,,-0.1625746944243231,923,0.0089178743961352,False,realvol_ratio
S12::061854e10b15,S12,M12_RANGE_ROTATION,f012,5,0.0835820993369473,,,0,0,,,-0.2424089430019912,924,0.008927536231884,False,dist_pwl_atr
S28::b2a817579286,S28,M16_AUCTION_VALUE,f013,5,0.0837584046405337,,,0,0,,,-0.1509808226383693,925,0.0089371980676328,False,vol_rel_20
S19::762b6018f2c5,S19,M15_GAP,f035,1,0.0838343949594855,,,0,0,,,-0.2669320577565558,926,0.0089468599033816,False,dist_pdh_atr
SESS_B,SESS_B,M06_SESSION_TIME,f028,5,0.0838835977272334,,,0,0,,,-0.3656137311760934,927,0.0089565217391304,False,dist_prev_sess_high_atr
S50::9cc65b2c5452,S50,M20_CANDLESTICK_PATTERN,f019,12,0.0839581024519464,,,0,0,,,-0.6026326920420786,928,0.0089661835748792,False,month_of_year
S1::4b7c6d5c6035,S1,M01_LIQUIDITY_SWEEP,f021,2,0.0839667553440923,,,0,0,,,-0.2084882388941829,929,0.008975845410628,False,fvg_present
HTF_TGT_BREAK,HTF_TGT_BREAK,M03_BREAKOUT_RETEST,f028,5,0.0840145638749556,3.0,0.1478386238825593,98,93,0.216904109470067,2.390992136029752,-0.0228554796569282,930,0.0089855072463768,False,dist_prev_sess_high_atr
S12::884efeda36f3,S12,M12_RANGE_ROTATION,f040,5,0.084288974686072,,,0,0,,,-0.2323586418177302,931,0.0089951690821256,False,bar_in_sess
S3::37a51a4fd454,S3,M03_BREAKOUT_RETEST,f028,5,0.0848989864402915,,,0,0,,,-0.3652404446864761,932,0.0090048309178743,False,dist_prev_sess_high_atr
S1::11c4710e404e,S1,M01_LIQUIDITY_SWEEP,f004,5,0.0851213339016898,,,0,0,,,-0.1687544865282243,933,0.0090144927536231,False,dist_or_low_atr
S6::a461ec93f607,S6,M06_SESSION_TIME,f014,5,0.08550306129393,,,0,0,,,-0.5128074236968724,934,0.0090241545893719,False,bars_since_20bar_low
S3::7aafa506c507,S3,M03_BREAKOUT_RETEST,f026,5,0.0857283376562445,,,0,0,,,-0.3737354389272471,935,0.0090338164251207,False,rloc_50
S46::28bd0e966c33,S46,M03_BREAKOUT_RETEST,f017,21,0.0857759638040402,3.0,0.2947533495857782,45,45,0.3344549526144073,1.887317436626933,-0.0369124123563443,936,0.0090434782608695,False,hour_utc
S29::bd28e989b4eb,S29,M06_SESSION_TIME,f044,5,0.0859623781687668,,,0,0,,,-0.1540660871629385,937,0.0090531400966183,False,week_of_month
SESS_E,SESS_E,M06_SESSION_TIME,f010,5,0.0860635215990002,4.0,0.065355816977753,160,160,0.2815819358936434,2.3821324694505406,-0.1706719129068075,938,0.0090628019323671,False,bars_since_20bar_high
S39::cdecf371316b,S39,M07_TREND_CONTINUATION,f001,5,0.0867682169607997,,,0,0,,,-0.1572910268826625,939,0.0090724637681159,False,weekday
SESS_B,SESS_B,M06_SESSION_TIME,f043,5,0.0874651186602482,,,0,0,,,-0.3656137311760934,940,0.0090821256038647,False,dist_or_high_atr
HTF_RECLAIM,HTF_RECLAIM,M11_STRUCTURE_BREAK_REVERSAL,f014,5,0.0875546771726054,,,0,0,,,-0.1001845799762217,941,0.0090917874396135,False,bars_since_20bar_low
S29::10d4532019fd,S29,M06_SESSION_TIME,f038,5,0.0885271793669351,1.0,0.0682469985844305,134,134,0.2318451955071291,1.7963609276251726,-0.1239209859419127,942,0.0091014492753623,False,ret_4_atr
S3::37a51a4fd454,S3,M03_BREAKOUT_RETEST,f036,5,0.0899524234872162,,,0,0,,,-0.3652404446864761,943,0.0091111111111111,False,dist_prev_sess_low_atr
S48::6d74b2000433,S48,M04_VOLATILITY_COMPRESSION_EXPANSION,f016,5,0.0899885777212183,1.0,0.0644296188333039,117,117,0.2329410551526632,1.8224288865210487,-0.164287958331933,944,0.0091207729468599,False,bars_to_sess_end
S50::9cc65b2c5452,S50,M20_CANDLESTICK_PATTERN,f026,5,0.0901878820542523,,,0,0,,,-0.6026326920420786,945,0.0091304347826086,False,rloc_50
S8::ec037f864152,S8,M08_EXTENSION_MEAN_REVERSION,f027,5,0.09029937711853,,,0,0,,,-0.1440796368386465,946,0.0091400966183574,False,atr_pct_rank
S10::598adad042be,S10,M10_DISPLACEMENT_CONTINUATION,f017,24,0.0916189045537976,,,0,0,,,-0.1821402258358029,947,0.0091497584541062,False,hour_utc
S12::061854e10b15,S12,M12_RANGE_ROTATION,f026,5,0.092036583592876,,,0,0,,,-0.2424089430019912,948,0.009159420289855,False,rloc_50
S30::282a94fa23d8,S30,M06_SESSION_TIME,f043,5,0.0941201583940287,,,0,0,,,-0.146454009554978,949,0.0091690821256038,False,dist_or_high_atr
S25::017b79ce0b9e,S25,M04_VOLATILITY_COMPRESSION_EXPANSION,f024,2,0.0943255749684208,,,0,0,,,-0.1485080670797977,950,0.0091787439613526,False,h1_trend_state
S20::3a706309724e,S20,M21_META_ROUTER,f032,5,0.094425921799417,4.0,0.0527455277512356,247,157,0.1373155408849988,1.424584189729477,-0.0621530015021738,951,0.0091884057971014,False,efficiency_24h
S12::884efeda36f3,S12,M12_RANGE_ROTATION,f032,5,0.0951459914566599,,,0,0,,,-0.2323586418177302,952,0.0091980676328502,False,efficiency_24h
S21::b61f7b31fafc,S21,M01_LIQUIDITY_SWEEP,f046,2,0.0951997266822859,,,0,0,,,-0.2797389306514087,953,0.009207729468599,False,h4_trend_state
S38::3029c9493a71,S38,M07_TREND_CONTINUATION,f012,5,0.0953378701679763,4.0,0.0023717837092152,875,622,0.108560574072709,2.344207225490281,-0.0939524767845139,954,0.0092173913043478,False,dist_pwl_atr
S16::393fe65826e6,S16,M14_REFERENCE_LEVEL,f002,5,0.0960478938172182,4.0,0.1294726119658554,278,247,0.1962746362326058,2.341438727985119,0.0036035871818489,955,0.0092270531400966,False,ret_1_atr
S5::15be26301532,S5,M05_OPENING_RANGE,f009,5,0.096631345281577,3.0,0.1258233043653391,299,279,0.1816312763677935,2.33917711321824,-0.0334222540989216,956,0.0092367149758454,False,dist_pdl_atr
S14::25e44853ad0f,S14,M08_EXTENSION_MEAN_REVERSION,f024,2,0.097063915433889,,,0,0,,,-0.152388312799847,957,0.0092463768115942,False,h1_trend_state
S50::9cc65b2c5452,S50,M20_CANDLESTICK_PATTERN,f006,5,0.0970702417600066,,,0,0,,,-0.6026326920420786,958,0.0092560386473429,False,realvol_ratio
S11::576394ea476f,S11,M11_STRUCTURE_BREAK_REVERSAL,f007,5,0.0973661022876237,2.0,0.0048688086385937,969,897,0.0777665514517149,2.3363459123526127,-0.0580988841413395,959,0.0092657004830917,False,ret_96_atr
S31::555f488885b1,S31,M06_SESSION_TIME,f006,5,0.0973700813033739,,,0,0,,,-0.2555616258255557,960,0.0092753623188405,False,realvol_ratio
S42::a347eead7c5d,S42,M08_EXTENSION_MEAN_REVERSION,f035,5,0.0977980160139591,3.0,0.076555349953226,254,206,0.2010739278957689,2.3346903413373634,-0.1021182368524002,961,0.0092850241545893,False,dist_pdh_atr
S48::6d74b2000433,S48,M04_VOLATILITY_COMPRESSION_EXPANSION,f037,2,0.0978592171638563,,,0,0,,,-0.164287958331933,962,0.0092946859903381,False,disp_recent
S40::43b9c7dbd606,S40,M21_META_ROUTER,f033,5,0.0979443919041522,,,0,0,,,-0.1929964957240371,963,0.0093043478260869,False,rloc_sess
S24::a20c02d14359,S24,M06_SESSION_TIME,f013,4,0.0979765664715959,1.0,0.0407835486996511,101,101,0.1595025086913875,1.1195910265570512,-0.1145562330207209,964,0.0093140096618357,False,vol_rel_20
S19::762b6018f2c5,S19,M15_GAP,f024,2,0.0980502174995328,,,0,0,,,-0.2669320577565558,965,0.0093236714975845,False,h1_trend_state
S4::cf232107e3b5,S4,M04_VOLATILITY_COMPRESSION_EXPANSION,f012,5,0.0997882843663577,,,0,0,,,-0.2239875030282,966,0.0093333333333333,False,dist_pwl_atr
S1::4b7c6d5c6035,S1,M01_LIQUIDITY_SWEEP,f023,5,0.1001494392916024,,,0,0,,,-0.2084882388941829,967,0.0093429951690821,False,dist_pwh_atr
S5::15be26301532,S5,M05_OPENING_RANGE,f019,12,0.1002780404532579,0.0,0.183880980216067,216,195,0.2385419214697568,2.637315645935741,-0.0334222540989216,968,0.0093526570048309,False,month_of_year
S19::762b6018f2c5,S19,M15_GAP,f046,1,0.1003633405577595,,,0,0,,,-0.2669320577565558,969,0.0093623188405797,False,h4_trend_state
S18::3933c532ec9c,S18,M06_SESSION_TIME,f042,5,0.10055163989098,,,0,0,,,-0.2706234087594297,970,0.0093719806763285,False,dist_pdmid_atr
SESS_D,SESS_D,M06_SESSION_TIME,f026,5,0.1005544745183795,4.0,0.0485492128604234,665,665,0.0988667438948354,2.016038516317048,-0.0267017319359689,971,0.0093816425120772,False,rloc_50
S44::3d6f380511c2,S44,M17_VOLUME_PARTICIPATION,f030,5,0.1008864922898089,,,0,0,,,-0.1698854030120568,972,0.009391304347826,False,rloc_96
S15::ac373f9fe529,S15,M07_TREND_CONTINUATION,f010,5,0.1017915250419865,,,0,0,,,-0.1615200875385349,973,0.0094009661835748,False,bars_since_20bar_high
OBR_A_limit,OBR_A_limit,M14_REFERENCE_LEVEL,f008,5,0.101940131259014,3.0,0.0349340408971117,388,344,0.1211679021553946,1.4977251704030394,-0.0673227003426379,974,0.0094106280193236,False,dist_vwap_atr
S30::282a94fa23d8,S30,M06_SESSION_TIME,f003,5,0.1021540907975704,,,0,0,,,-0.146454009554978,975,0.0094202898550724,False,vol_rel_sess
S18::18995ee3f508,S18,M06_SESSION_TIME,f043,5,0.1022203557920287,,,0,0,,,-0.2196943442096486,976,0.0094299516908212,False,dist_or_high_atr
S40::43b9c7dbd606,S40,M21_META_ROUTER,f034,3,0.1023891561904757,,,0,0,,,-0.1929964957240371,977,0.00943961352657,False,run_len_same_dir
S22::e730d6bce802,S22,M14_REFERENCE_LEVEL,f038,5,0.1031227717567162,3.0,0.0001172087780999,730,596,0.0935583557711894,1.8669501063427527,-0.0783510896106395,978,0.0094492753623188,False,ret_4_atr
S5::9cce3e63e04e,S5,M05_OPENING_RANGE,f026,5,0.1034441106819472,,,0,0,,,-0.0824976353327315,979,0.0094589371980676,False,rloc_50
S21::b61f7b31fafc,S21,M01_LIQUIDITY_SWEEP,f010,5,0.1040974037286801,,,0,0,,,-0.2797389306514087,980,0.0094685990338164,False,bars_since_20bar_high
OBEXEC_D,OBEXEC_D,M14_REFERENCE_LEVEL,f013,5,0.1041143635458141,0.0,0.058264329465248,52,49,0.2575437693512171,1.1396602025158953,-0.1852561142249603,981,0.0094782608695652,False,vol_rel_20
S28::b2a817579286,S28,M16_AUCTION_VALUE,f042,5,0.1041336667233716,,,0,0,,,-0.1509808226383693,982,0.009487922705314,False,dist_pdmid_atr
S43::6aacd27a298d,S43,M18_OSCILLATOR_DIVERGENCE,f028,5,0.104302741648552,,,0,0,,,-0.3255470396563592,983,0.0094975845410628,False,dist_prev_sess_high_atr
S22::e730d6bce802,S22,M14_REFERENCE_LEVEL,f035,5,0.1046221804042124,4.0,0.0381344710916629,526,283,0.1318034119346552,2.309345150432536,-0.0783510896106395,984,0.0095072463768115,False,dist_pdh_atr
S3::7aafa506c507,S3,M03_BREAKOUT_RETEST,f008,5,0.1051483488140792,,,0,0,,,-0.3737354389272471,985,0.0095169082125603,False,dist_vwap_atr
S18::18995ee3f508,S18,M06_SESSION_TIME,f019,12,0.1052424949447115,,,0,0,,,-0.2196943442096486,986,0.0095265700483091,False,month_of_year
S10::598adad042be,S10,M10_DISPLACEMENT_CONTINUATION,f001,5,0.105704367967625,,,0,0,,,-0.1821402258358029,987,0.0095362318840579,False,weekday
OBEXEC_D,OBEXEC_D,M14_REFERENCE_LEVEL,f039,2,0.1059653524382953,,,0,0,,,-0.1852561142249603,988,0.0095458937198067,False,session_id
S23::866611e1c7db,S23,M04_VOLATILITY_COMPRESSION_EXPANSION,f042,5,0.1062302514319868,,,0,0,,,-0.1768749736734077,989,0.0095555555555555,False,dist_pdmid_atr
S14::dc07a2d5d013,S14,M08_EXTENSION_MEAN_REVERSION,f016,4,0.1065965357047966,4.0,0.0768189004259877,149,135,0.1690532466601461,1.436099710335236,-0.0733520870494794,990,0.0095652173913043,False,bars_to_sess_end
S1::11c4710e404e,S1,M01_LIQUIDITY_SWEEP,f006,5,0.1071808060751167,,,0,0,,,-0.1687544865282243,991,0.0095748792270531,False,realvol_ratio
S8::ec037f864152,S8,M08_EXTENSION_MEAN_REVERSION,f002,5,0.1071953544909365,,,0,0,,,-0.1440796368386465,992,0.0095845410628019,False,ret_1_atr
S12::061854e10b15,S12,M12_RANGE_ROTATION,f008,5,0.1075755822342583,,,0,0,,,-0.2424089430019912,993,0.0095942028985507,False,dist_vwap_atr
SESS_C,SESS_C,M06_SESSION_TIME,f033,5,0.1081895891148421,,,0,0,,,-0.2791331001590712,994,0.0096038647342995,False,rloc_sess
S1::11c4710e404e,S1,M01_LIQUIDITY_SWEEP,f046,2,0.1089856054141771,,,0,0,,,-0.1687544865282243,995,0.0096135265700483,False,h4_trend_state
S31::555f488885b1,S31,M06_SESSION_TIME,f032,5,0.1096943141170458,,,0,0,,,-0.2555616258255557,996,0.0096231884057971,False,efficiency_24h
SESS_E,SESS_E,M06_SESSION_TIME,f034,3,0.1100574635376321,,,0,0,,,-0.1706719129068075,997,0.0096328502415458,False,run_len_same_dir
SESS_E,SESS_E,M06_SESSION_TIME,f003,3,0.1102594463574464,,,0,0,,,-0.1706719129068075,998,0.0096425120772946,False,vol_rel_sess
HTF_RECLAIM,HTF_RECLAIM,M11_STRUCTURE_BREAK_REVERSAL,f020,5,0.1105009564443748,,,0,0,,,-0.1001845799762217,999,0.0096521739130434,False,mtf_alignment
S1::11c4710e404e,S1,M01_LIQUIDITY_SWEEP,f024,2,0.1105085695415768,,,0,0,,,-0.1687544865282243,1000,0.0096618357487922,False,h1_trend_state
S8::b7adfd7f9d4f,S8,M08_EXTENSION_MEAN_REVERSION,f001,5,0.1106946632111638,,,0,0,,,-0.1740521879042388,1001,0.009671497584541,False,weekday
S29::bd28e989b4eb,S29,M06_SESSION_TIME,f007,5,0.1110782620401251,3.0,0.0613278438518189,157,157,0.269414453649449,2.2866604066591485,-0.1540660871629385,1002,0.0096811594202898,False,ret_96_atr
S50::9cc65b2c5452,S50,M20_CANDLESTICK_PATTERN,f011,48,0.1117413644656757,,,0,0,,,-0.6026326920420786,1003,0.0096908212560386,False,halfhour_bucket_utc
S48::6d74b2000433,S48,M04_VOLATILITY_COMPRESSION_EXPANSION,f027,5,0.1121085336983473,4.0,0.0669263766470262,59,47,0.2333478422926531,1.4837451518132292,-0.164287958331933,1004,0.0097004830917874,False,atr_pct_rank
S43::6aacd27a298d,S43,M18_OSCILLATOR_DIVERGENCE,f026,5,0.1122769337471363,,,0,0,,,-0.3255470396563592,1005,0.0097101449275362,False,rloc_50
S45::4809d6e42bc2,S45,M19_SEQUENCE_RUNLENGTH,f008,5,0.1124953926189908,,,0,0,,,-0.1625746944243231,1006,0.009719806763285,False,dist_vwap_atr
S8::ec037f864152,S8,M08_EXTENSION_MEAN_REVERSION,f019,12,0.1126167413032206,,,0,0,,,-0.1440796368386465,1007,0.0097294685990338,False,month_of_year
OBR_A_limit,OBR_A_limit,M14_REFERENCE_LEVEL,f028,5,0.1127291418224918,0.0,0.1472648110710303,257,211,0.2393290952778732,2.2722955318992817,-0.0673227003426379,1008,0.0097391304347826,False,dist_prev_sess_high_atr
S12::061854e10b15,S12,M12_RANGE_ROTATION,f027,5,0.1128405283500399,,,0,0,,,-0.2424089430019912,1009,0.0097487922705314,False,atr_pct_rank
S6::a461ec93f607,S6,M06_SESSION_TIME,f001,5,0.1128686834398196,,,0,0,,,-0.5128074236968724,1010,0.0097584541062801,False,weekday
S18::18995ee3f508,S18,M06_SESSION_TIME,f020,5,0.1130946010538047,,,0,0,,,-0.2196943442096486,1011,0.0097681159420289,False,mtf_alignment
S24::a20c02d14359,S24,M06_SESSION_TIME,f002,5,0.1132634270023702,,,0,0,,,-0.1145562330207209,1012,0.0097777777777777,False,ret_1_atr
S4::cf232107e3b5,S4,M04_VOLATILITY_COMPRESSION_EXPANSION,f041,5,0.1134204736427846,,,0,0,,,-0.2239875030282,1013,0.0097874396135265,False,ret_12_atr
OBEXEC_B,OBEXEC_B,M14_REFERENCE_LEVEL,f037,2,0.1140124712683663,,,0,0,,,-0.2656588126211349,1014,0.0097971014492753,False,disp_recent
S41::73a2a8a65e5e,S41,M17_VOLUME_PARTICIPATION,f012,5,0.114130223865001,,,0,0,,,-0.391199701626434,1015,0.0098067632850241,False,dist_pwl_atr
S39::cdecf371316b,S39,M07_TREND_CONTINUATION,f004,5,0.1146150034201454,,,0,0,,,-0.1572910268826625,1016,0.0098164251207729,False,dist_or_low_atr
S7::98a2f4583fb9,S7,M07_TREND_CONTINUATION,f034,3,0.1146684320212636,,,0,0,,,-0.6253044035935208,1017,0.0098260869565217,False,run_len_same_dir
S31::9584b16899ad,S31,M06_SESSION_TIME,f004,5,0.1157518522759359,4.0,0.0495837811637042,92,92,0.347802182634605,2.270943962709177,-0.2468575655120184,1018,0.0098357487922705,False,dist_or_low_atr
S39::cdecf371316b,S39,M07_TREND_CONTINUATION,f028,5,0.1158035260500001,,,0,0,,,-0.1572910268826625,1019,0.0098454106280193,False,dist_prev_sess_high_atr
S38::3029c9493a71,S38,M07_TREND_CONTINUATION,f014,5,0.1161210578213545,,,0,0,,,-0.0939524767845139,1020,0.0098550724637681,False,bars_since_20bar_low
S31::9584b16899ad,S31,M06_SESSION_TIME,f043,5,0.1162406680535965,,,0,0,,,-0.2468575655120184,1021,0.0098647342995169,False,dist_or_high_atr
S22::e730d6bce802,S22,M14_REFERENCE_LEVEL,f023,5,0.1170542130577001,0.0,0.0548011055700987,446,235,0.1477075576931425,2.266662635397545,-0.0783510896106395,1022,0.0098743961352657,False,dist_pwh_atr
S22::e730d6bce802,S22,M14_REFERENCE_LEVEL,f027,5,0.1177010179995763,,,0,0,,,-0.0783510896106395,1023,0.0098840579710144,False,atr_pct_rank
S12::884efeda36f3,S12,M12_RANGE_ROTATION,f033,5,0.118636904073015,,,0,0,,,-0.2323586418177302,1024,0.0098937198067632,False,rloc_sess
HTF_PBK_TREND,HTF_PBK_TREND,M07_TREND_CONTINUATION,f004,5,0.1188094041406118,3.0,0.0734868394083205,76,73,0.2059647959654932,1.307160652489266,-0.084165226639341,1025,0.009903381642512,False,dist_or_low_atr
S27::8492323d86e4,S27,M16_AUCTION_VALUE,f006,5,0.1192075234278489,,,0,0,,,-0.1757948604079745,1026,0.0099130434782608,False,realvol_ratio
S24::a20c02d14359,S24,M06_SESSION_TIME,f035,5,0.1192822764638801,4.0,0.0300295859053013,416,416,0.1619997450039682,2.2594331337215694,-0.1145562330207209,1027,0.0099227053140096,False,dist_pdh_atr
S12::061854e10b15,S12,M12_RANGE_ROTATION,f002,5,0.1196423785137901,,,0,0,,,-0.2424089430019912,1028,0.0099323671497584,False,ret_1_atr
OBEXEC_D,OBEXEC_D,M14_REFERENCE_LEVEL,f038,3,0.1198058015976144,,,0,0,,,-0.1852561142249603,1029,0.0099420289855072,False,ret_4_atr
S28::b2a817579286,S28,M16_AUCTION_VALUE,f040,5,0.1198605690365317,,,0,0,,,-0.1509808226383693,1030,0.009951690821256,False,bar_in_sess
S8::ec037f864152,S8,M08_EXTENSION_MEAN_REVERSION,f007,5,0.1199577928855144,,,0,0,,,-0.1440796368386465,1031,0.0099613526570048,False,ret_96_atr
SESS_A,SESS_A,M06_SESSION_TIME,f015,2,0.1199882894957253,0.0,0.0123875652431995,3105,3105,0.0445378749175548,1.880836636672233,0.0098448623933664,1032,0.0099710144927536,False,compress_flag
OBEXEC_C,OBEXEC_C,M14_REFERENCE_LEVEL,f003,5,0.1201798307506796,,,0,0,,,-0.2057387587957231,1033,0.0099806763285024,False,vol_rel_sess
S6::7199b701458a,S6,M06_SESSION_TIME,f040,4,0.1203969661252237,,,0,0,,,-0.5031640871587263,1034,0.0099903381642512,False,bar_in_sess
S4::cf232107e3b5,S4,M04_VOLATILITY_COMPRESSION_EXPANSION,f020,5,0.1210785581546658,,,0,0,,,-0.2239875030282,1035,0.01,False,mtf_alignment
S8::b7adfd7f9d4f,S8,M08_EXTENSION_MEAN_REVERSION,f005,5,0.1211972173558639,,,0,0,,,-0.1740521879042388,1036,0.0100096618357487,False,atr_over_atrma
S46::28bd0e966c33,S46,M03_BREAKOUT_RETEST,f004,5,0.1213263432342004,,,0,0,,,-0.0369124123563443,1037,0.0100193236714975,False,dist_or_low_atr
S22::e730d6bce802,S22,M14_REFERENCE_LEVEL,f043,5,0.121350772659533,3.0,0.0115030875503032,781,593,0.1085927919440392,2.25282548682177,-0.0783510896106395,1038,0.0100289855072463,False,dist_or_high_atr
S51::049ca99687f4,S51,M06_SESSION_TIME,f011,31,0.1217114310143807,33.0,0.0278810681954489,275,275,0.2140665845222763,2.884033071042751,-0.1820980069014957,1039,0.0100386473429951,False,halfhour_bucket_utc
OBEXEC_B,OBEXEC_B,M14_REFERENCE_LEVEL,f003,5,0.1222555558417659,,,0,0,,,-0.2656588126211349,1040,0.0100483091787439,False,vol_rel_sess
S26::f196a9ae20d6,S26,M16_AUCTION_VALUE,f008,5,0.1224159046250417,,,0,0,,,-0.1791938310904777,1041,0.0100579710144927,False,dist_vwap_atr
S5::9cce3e63e04e,S5,M05_OPENING_RANGE,f028,5,0.1225307742192549,4.0,0.0533275600252415,80,80,0.1407778004758572,0.848689231078299,-0.0824976353327315,1042,0.0100676328502415,False,dist_prev_sess_high_atr
S5::9cce3e63e04e,S5,M05_OPENING_RANGE,f035,5,0.1226300167043525,1.0,0.0771785053744001,275,257,0.181642593280649,2.1571607066173075,-0.0824976353327315,1043,0.0100772946859903,False,dist_pdh_atr
OBEXEC_B,OBEXEC_B,M14_REFERENCE_LEVEL,f036,5,0.1231098397553132,,,0,0,,,-0.2656588126211349,1044,0.0100869565217391,False,dist_prev_sess_low_atr
S30::282a94fa23d8,S30,M06_SESSION_TIME,f001,5,0.1245786407779347,,,0,0,,,-0.146454009554978,1045,0.0100966183574879,False,weekday
S29::bd28e989b4eb,S29,M06_SESSION_TIME,f005,4,0.1250404244558201,,,0,0,,,-0.1540660871629385,1046,0.0101062801932367,False,atr_over_atrma
S39::cdecf371316b,S39,M07_TREND_CONTINUATION,f031,2,0.1255176431287301,,,0,0,,,-0.1572910268826625,1047,0.0101159420289855,False,d1_trend_state
S41::73a2a8a65e5e,S41,M17_VOLUME_PARTICIPATION,f003,5,0.1257306188988693,,,0,0,,,-0.391199701626434,1048,0.0101256038647343,False,vol_rel_sess
S27::8492323d86e4,S27,M16_AUCTION_VALUE,f002,5,0.1258015683082902,,,0,0,,,-0.1757948604079745,1049,0.010135265700483,False,ret_1_atr
S20::3a706309724e,S20,M21_META_ROUTER,f002,5,0.1258665086665278,2.0,0.1093418231779161,147,132,0.1899499778484452,1.5779236249922266,-0.0621530015021738,1050,0.0101449275362318,False,ret_1_atr
OBEXEC_B,OBEXEC_B,M14_REFERENCE_LEVEL,f022,5,0.1259966090097408,,,0,0,,,-0.2656588126211349,1051,0.0101545893719806,False,rloc_20
S6::7199b701458a,S6,M06_SESSION_TIME,f003,5,0.1262040464949798,,,0,0,,,-0.5031640871587263,1052,0.0101642512077294,False,vol_rel_sess
S29::10d4532019fd,S29,M06_SESSION_TIME,f030,5,0.1264236602580659,4.0,0.0062411027246225,197,197,0.1739196508974353,1.6862192842419208,-0.1239209859419127,1053,0.0101739130434782,False,rloc_96
S7::98a2f4583fb9,S7,M07_TREND_CONTINUATION,f002,5,0.1265348977841507,,,0,0,,,-0.6253044035935208,1054,0.010183574879227,False,ret_1_atr
S21::b61f7b31fafc,S21,M01_LIQUIDITY_SWEEP,f023,5,0.126548223619296,,,0,0,,,-0.2797389306514087,1055,0.0101932367149758,False,dist_pwh_atr
S2::2c6012247423,S2,M02_FAILED_BREAKOUT_FADE,f014,5,0.1265971763266837,,,0,0,,,-0.1792331034018087,1056,0.0102028985507246,False,bars_since_20bar_low
S21::b61f7b31fafc,S21,M01_LIQUIDITY_SWEEP,f033,5,0.1268095050572237,,,0,0,,,-0.2797389306514087,1057,0.0102125603864734,False,rloc_sess
S44::3d6f380511c2,S44,M17_VOLUME_PARTICIPATION,f001,5,0.1274539118922313,,,0,0,,,-0.1698854030120568,1058,0.0102222222222222,False,weekday
S21::b61f7b31fafc,S21,M01_LIQUIDITY_SWEEP,f002,5,0.1276287845582269,,,0,0,,,-0.2797389306514087,1059,0.010231884057971,False,ret_1_atr
S4::cf232107e3b5,S4,M04_VOLATILITY_COMPRESSION_EXPANSION,f040,5,0.1276308572583451,,,0,0,,,-0.2239875030282,1060,0.0102415458937198,False,bar_in_sess
S1::4b7c6d5c6035,S1,M01_LIQUIDITY_SWEEP,f031,2,0.1276866717888509,,,0,0,,,-0.2084882388941829,1061,0.0102512077294686,False,d1_trend_state
S19::762b6018f2c5,S19,M15_GAP,f026,1,0.1276987637741564,2.0,0.0361447631268223,32,32,0.402040680763665,1.5232396333302938,-0.2669320577565558,1062,0.0102608695652173,False,rloc_50
S8::ec037f864152,S8,M08_EXTENSION_MEAN_REVERSION,f023,5,0.1277908628600632,,,0,0,,,-0.1440796368386465,1063,0.0102705314009661,False,dist_pwh_atr
SESS_A,SESS_A,M06_SESSION_TIME,f008,5,0.1285920565473319,2.0,0.0735703341575101,489,489,0.0748387940511145,1.2246008192846412,0.0098448623933664,1064,0.0102801932367149,False,dist_vwap_atr
S29::bd28e989b4eb,S29,M06_SESSION_TIME,f014,5,0.1288850414285614,0.0,0.1093297682731173,115,115,0.3087409503090295,2.229554877253384,-0.1540660871629385,1065,0.0102898550724637,False,bars_since_20bar_low
S45::4809d6e42bc2,S45,M19_SEQUENCE_RUNLENGTH,f005,5,0.1289454116326926,,,0,0,,,-0.1625746944243231,1066,0.0102995169082125,False,atr_over_atrma
S38::3029c9493a71,S38,M07_TREND_CONTINUATION,f032,5,0.1293103508564441,,,0,0,,,-0.0939524767845139,1067,0.0103091787439613,False,efficiency_24h
HTF_RECLAIM,HTF_RECLAIM,M11_STRUCTURE_BREAK_REVERSAL,f027,5,0.1294834422419188,,,0,0,,,-0.1001845799762217,1068,0.0103188405797101,False,atr_pct_rank
S12::884efeda36f3,S12,M12_RANGE_ROTATION,f042,5,0.1306585476858668,,,0,0,,,-0.2323586418177302,1069,0.0103285024154589,False,dist_pdmid_atr
S4::cf232107e3b5,S4,M04_VOLATILITY_COMPRESSION_EXPANSION,f004,5,0.1310245680728639,,,0,0,,,-0.2239875030282,1070,0.0103381642512077,False,dist_or_low_atr
S51::049ca99687f4,S51,M06_SESSION_TIME,f013,5,0.1313616532166994,,,0,0,,,-0.1820980069014957,1071,0.0103478260869565,False,vol_rel_20
HTF_PBK_TREND,HTF_PBK_TREND,M07_TREND_CONTINUATION,f019,3,0.1315593569335664,6.0,0.3241503060986482,44,33,0.4724794021682447,2.015492042767633,-0.084165226639341,1072,0.0103574879227053,False,month_of_year
S26::f196a9ae20d6,S26,M16_AUCTION_VALUE,f043,5,0.1316159562695817,,,0,0,,,-0.1791938310904777,1073,0.0103671497584541,False,dist_or_high_atr
S31::555f488885b1,S31,M06_SESSION_TIME,f035,5,0.1317731244245923,4.0,0.2629080503500492,37,37,0.5509288606400675,2.220945914356835,-0.2555616258255557,1074,0.0103768115942029,False,dist_pdh_atr
S28::b2a817579286,S28,M16_AUCTION_VALUE,f009,5,0.1323676010080776,,,0,0,,,-0.1509808226383693,1075,0.0103864734299516,False,dist_pdl_atr
S17::3cf289079abb,S17,M14_REFERENCE_LEVEL,f017,2,0.1323771055323686,14.0,0.3793816909687766,31,29,0.4447355854882852,1.837144591816512,-0.0214468781177987,1076,0.0103961352657004,False,hour_utc
S5::15be26301532,S5,M05_OPENING_RANGE,f041,5,0.133002242228255,2.0,0.0088080507655019,611,602,0.0564466774661662,1.0163550779813646,-0.0334222540989216,1077,0.0104057971014492,False,ret_12_atr
SESS_A,SESS_A,M06_SESSION_TIME,f046,2,0.1334710519526734,0.0,0.0639781657206436,809,809,0.0717636746605169,1.5354540531473626,0.0098448623933664,1078,0.010415458937198,False,h4_trend_state
OBR_A_limit,OBR_A_limit,M14_REFERENCE_LEVEL,f036,5,0.1336703967253016,0.0,0.1203324623936407,263,209,0.209856380819788,1.9577345157482064,-0.0673227003426379,1079,0.0104251207729468,False,dist_prev_sess_low_atr
S44::3d6f380511c2,S44,M17_VOLUME_PARTICIPATION,f021,2,0.1339168638483681,,,0,0,,,-0.1698854030120568,1080,0.0104347826086956,False,fvg_present
S24::a20c02d14359,S24,M06_SESSION_TIME,f015,2,0.1339267334010081,,,0,0,,,-0.1145562330207209,1081,0.0104444444444444,False,compress_flag
S11::576394ea476f,S11,M11_STRUCTURE_BREAK_REVERSAL,f002,5,0.1344430064190582,1.0,0.0219143759154984,617,583,0.0910452559127194,2.062092702026842,-0.0580988841413395,1082,0.0104541062801932,False,ret_1_atr
S6::7199b701458a,S6,M06_SESSION_TIME,f042,5,0.1346429263881243,,,0,0,,,-0.5031640871587263,1083,0.010463768115942,False,dist_pdmid_atr
S5::9cce3e63e04e,S5,M05_OPENING_RANGE,f021,2,0.1346457933019511,,,0,0,,,-0.0824976353327315,1084,0.0104734299516908,False,fvg_present
S41::73a2a8a65e5e,S41,M17_VOLUME_PARTICIPATION,f014,5,0.1347335788919879,,,0,0,,,-0.391199701626434,1085,0.0104830917874396,False,bars_since_20bar_low
S14::25e44853ad0f,S14,M08_EXTENSION_MEAN_REVERSION,f007,5,0.134761023587413,0.0,0.1182008975935331,117,91,0.2988057323327968,2.2122093266736083,-0.152388312799847,1086,0.0104927536231884,False,ret_96_atr
S4::cf232107e3b5,S4,M04_VOLATILITY_COMPRESSION_EXPANSION,f009,5,0.1352889540256396,,,0,0,,,-0.2239875030282,1087,0.0105024154589371,False,dist_pdl_atr
S18::3933c532ec9c,S18,M06_SESSION_TIME,f038,5,0.1354851364449905,,,0,0,,,-0.2706234087594297,1088,0.0105120772946859,False,ret_4_atr
S29::bd28e989b4eb,S29,M06_SESSION_TIME,f028,5,0.1360471290532294,,,0,0,,,-0.1540660871629385,1089,0.0105217391304347,False,dist_prev_sess_high_atr
S2::691f36c634e3,S2,M02_FAILED_BREAKOUT_FADE,f012,5,0.1363551468544632,,,0,0,,,-0.2259536905507216,1090,0.0105314009661835,False,dist_pwl_atr
S8::ec037f864152,S8,M08_EXTENSION_MEAN_REVERSION,f030,5,0.1367109469702521,,,0,0,,,-0.1440796368386465,1091,0.0105410628019323,False,rloc_96
S11::576394ea476f,S11,M11_STRUCTURE_BREAK_REVERSAL,f012,5,0.1367647407869632,,,0,0,,,-0.0580988841413395,1092,0.0105507246376811,False,dist_pwl_atr
S16::393fe65826e6,S16,M14_REFERENCE_LEVEL,f042,3,0.1374819780855447,2.0,0.2166270483294043,124,98,0.2535993585089945,1.9969802727638155,0.0036035871818489,1093,0.0105603864734299,False,dist_pdmid_atr
S7::98a2f4583fb9,S7,M07_TREND_CONTINUATION,f035,5,0.1375726334546811,,,0,0,,,-0.6253044035935208,1094,0.0105700483091787,False,dist_pdh_atr
S16::393fe65826e6,S16,M14_REFERENCE_LEVEL,f036,5,0.1377961547790462,0.0,0.2762978706873263,44,38,0.2891081665071751,1.3738691076782228,0.0036035871818489,1095,0.0105797101449275,False,dist_prev_sess_low_atr
HTF_RANGE_FADE,HTF_RANGE_FADE,M12_RANGE_ROTATION,f023,5,0.1393385792999923,3.0,0.1828925926019479,82,68,0.3689660708854125,2.199143562260077,-0.1462639811616175,1096,0.0105893719806763,False,dist_pwh_atr
S45::4809d6e42bc2,S45,M19_SEQUENCE_RUNLENGTH,f043,5,0.1394318519799187,,,0,0,,,-0.1625746944243231,1097,0.0105990338164251,False,dist_or_high_atr
SESS_E,SESS_E,M06_SESSION_TIME,f005,4,0.1394356228729139,,,0,0,,,-0.1706719129068075,1098,0.0106086956521739,False,atr_over_atrma
S10::7df75fdb8ecb,S10,M10_DISPLACEMENT_CONTINUATION,f010,5,0.1395335828772759,,,0,0,,,-0.1954025256313247,1099,0.0106183574879227,False,bars_since_20bar_high
S41::73a2a8a65e5e,S41,M17_VOLUME_PARTICIPATION,f040,5,0.1396144802093313,,,0,0,,,-0.391199701626434,1100,0.0106280193236714,False,bar_in_sess
S10::7df75fdb8ecb,S10,M10_DISPLACEMENT_CONTINUATION,f038,5,0.1396640375979241,,,0,0,,,-0.1954025256313247,1101,0.0106376811594202,False,ret_4_atr
S12::061854e10b15,S12,M12_RANGE_ROTATION,f039,4,0.1399387557313378,,,0,0,,,-0.2424089430019912,1102,0.010647342995169,False,session_id
S21::6ddb75c3f9b1,S21,M01_LIQUIDITY_SWEEP,f032,5,0.1403977950825718,,,0,0,,,-0.3144243577251478,1103,0.0106570048309178,False,efficiency_24h
S8::ec037f864152,S8,M08_EXTENSION_MEAN_REVERSION,f032,5,0.1404499274864468,,,0,0,,,-0.1440796368386465,1104,0.0106666666666666,False,efficiency_24h
S40::43b9c7dbd606,S40,M21_META_ROUTER,f023,5,0.1409089616988412,,,0,0,,,-0.1929964957240371,1105,0.0106763285024154,False,dist_pwh_atr
S2::691f36c634e3,S2,M02_FAILED_BREAKOUT_FADE,f020,5,0.1413473500859041,,,0,0,,,-0.2259536905507216,1106,0.0106859903381642,False,mtf_alignment
S10::598adad042be,S10,M10_DISPLACEMENT_CONTINUATION,f033,5,0.1421755800513657,,,0,0,,,-0.1821402258358029,1107,0.010695652173913,False,rloc_sess
S18::18995ee3f508,S18,M06_SESSION_TIME,f046,2,0.1422910269607973,,,0,0,,,-0.2196943442096486,1108,0.0107053140096618,False,h4_trend_state
SESS_A,SESS_A,M06_SESSION_TIME,f044,5,0.142291189843895,0.0,0.0538320148831365,773,773,0.0574800369638146,1.196526902748202,0.0098448623933664,1109,0.0107149758454106,False,week_of_month
S17::3cf289079abb,S17,M14_REFERENCE_LEVEL,f026,5,0.14318638168338,3.0,0.3178538587506686,55,50,0.4113530168984509,2.188443998137869,-0.0214468781177987,1110,0.0107246376811594,False,rloc_50
S44::3d6f380511c2,S44,M17_VOLUME_PARTICIPATION,f035,5,0.1434958585173329,,,0,0,,,-0.1698854030120568,1111,0.0107342995169082,False,dist_pdh_atr
S38::3029c9493a71,S38,M07_TREND_CONTINUATION,f019,12,0.1437473812107583,8.0,0.0216230131425145,674,331,0.1265640468759377,2.512763869008272,-0.0939524767845139,1112,0.010743961352657,False,month_of_year
S6::7199b701458a,S6,M06_SESSION_TIME,f013,5,0.1440220583938123,,,0,0,,,-0.5031640871587263,1113,0.0107536231884057,False,vol_rel_20
S6::a461ec93f607,S6,M06_SESSION_TIME,f012,5,0.1443233310776759,,,0,0,,,-0.5128074236968724,1114,0.0107632850241545,False,dist_pwl_atr
S18::3933c532ec9c,S18,M06_SESSION_TIME,f010,5,0.1443742239035284,,,0,0,,,-0.2706234087594297,1115,0.0107729468599033,False,bars_since_20bar_high
HTF_RANGE_FADE,HTF_RANGE_FADE,M12_RANGE_ROTATION,f044,5,0.1447345192664828,0.0,0.0387448195528202,178,123,0.2415922483556231,2.1842088644436277,-0.1462639811616175,1116,0.0107826086956521,False,week_of_month
S14::25e44853ad0f,S14,M08_EXTENSION_MEAN_REVERSION,f002,3,0.1447442077147309,3.0,0.0536201882678403,135,128,0.2311997579917252,1.975176963182408,-0.152388312799847,1117,0.0107922705314009,False,ret_1_atr
S46::28bd0e966c33,S46,M03_BREAKOUT_RETEST,f039,4,0.14490151972291,,,0,0,,,-0.0369124123563443,1118,0.0108019323671497,False,session_id
S24::a20c02d14359,S24,M06_SESSION_TIME,f001,5,0.1452232561809907,,,0,0,,,-0.1145562330207209,1119,0.0108115942028985,False,weekday
OBEXEC_B,OBEXEC_B,M14_REFERENCE_LEVEL,f019,12,0.1453560820727304,,,0,0,,,-0.2656588126211349,1120,0.0108212560386473,False,month_of_year
S46::28bd0e966c33,S46,M03_BREAKOUT_RETEST,f022,5,0.1455577987683098,3.0,0.0300450664165639,829,793,0.0791115733432478,2.1819725355489688,-0.0369124123563443,1121,0.0108309178743961,False,rloc_20
S22::e730d6bce802,S22,M14_REFERENCE_LEVEL,f044,5,0.1457527444085049,4.0,0.0513178685157954,333,137,0.1399670175245038,1.878303857926738,-0.0783510896106395,1122,0.0108405797101449,False,week_of_month
S13::7d288aa44d52,S13,M13_IMBALANCE_FVG,f023,5,0.1461071734380603,,,0,0,,,-0.1512493477368903,1123,0.0108502415458937,False,dist_pwh_atr
HTF_RECLAIM,HTF_RECLAIM,M11_STRUCTURE_BREAK_REVERSAL,f040,5,0.1467126756517034,,,0,0,,,-0.1001845799762217,1124,0.0108599033816425,False,bar_in_sess
S43::6aacd27a298d,S43,M18_OSCILLATOR_DIVERGENCE,f020,5,0.1476838751417031,,,0,0,,,-0.3255470396563592,1125,0.0108695652173913,False,mtf_alignment
S38::3029c9493a71,S38,M07_TREND_CONTINUATION,f036,5,0.1478213200885192,,,0,0,,,-0.0939524767845139,1126,0.01087922705314,False,dist_prev_sess_low_atr
S42::a347eead7c5d,S42,M08_EXTENSION_MEAN_REVERSION,f005,5,0.148168041965967,0.0,0.1142049999943433,112,107,0.227498607015948,1.658893537594338,-0.1021182368524002,1127,0.0108888888888888,False,atr_over_atrma
S8::b7adfd7f9d4f,S8,M08_EXTENSION_MEAN_REVERSION,f017,24,0.1483918280305438,21.0,0.0853123075017155,54,54,0.2612566438458248,1.3154774490315035,-0.1740521879042388,1128,0.0108985507246376,False,hour_utc
S26::f196a9ae20d6,S26,M16_AUCTION_VALUE,f046,2,0.1489788917725318,,,0,0,,,-0.1791938310904777,1129,0.0109082125603864,False,h4_trend_state
S12::061854e10b15,S12,M12_RANGE_ROTATION,f019,12,0.1493413613942857,,,0,0,,,-0.2424089430019912,1130,0.0109178743961352,False,month_of_year
S23::866611e1c7db,S23,M04_VOLATILITY_COMPRESSION_EXPANSION,f012,5,0.1505426188883407,,,0,0,,,-0.1768749736734077,1131,0.010927536231884,False,dist_pwl_atr
S6::7199b701458a,S6,M06_SESSION_TIME,f046,2,0.1506006084011879,,,0,0,,,-0.5031640871587263,1132,0.0109371980676328,False,h4_trend_state
S8::ec037f864152,S8,M08_EXTENSION_MEAN_REVERSION,f011,46,0.1506565594007112,45.0,0.3734322873026998,43,43,0.5206229282987738,2.1711659801241856,-0.1440796368386465,1133,0.0109468599033816,False,halfhour_bucket_utc
S5::15be26301532,S5,M05_OPENING_RANGE,f024,2,0.1513603366933122,1.0,0.0269540094119788,750,677,0.0873942811917926,1.77632012278745,-0.0334222540989216,1134,0.0109565217391304,False,h1_trend_state
S46::28bd0e966c33,S46,M03_BREAKOUT_RETEST,f030,5,0.1515305972549652,4.0,0.0122539967975185,1143,1016,0.0623799538665046,2.1660663196568795,-0.0369124123563443,1135,0.0109661835748792,False,rloc_96
S51::049ca99687f4,S51,M06_SESSION_TIME,f001,5,0.1523063842569272,,,0,0,,,-0.1820980069014957,1136,0.010975845410628,False,weekday
OBEXEC_D,OBEXEC_D,M14_REFERENCE_LEVEL,f002,5,0.1533840095721994,3.0,0.0864792082012088,103,94,0.3045859541279244,1.886895363987026,-0.1852561142249603,1137,0.0109855072463768,False,ret_1_atr
S14::dc07a2d5d013,S14,M08_EXTENSION_MEAN_REVERSION,f041,4,0.1534847164581716,,,0,0,,,-0.0733520870494794,1138,0.0109951690821256,False,ret_12_atr
S9::731bd4dd4aa4,S9,M09_MTF_ALIGNMENT,f006,5,0.1543808861953988,2.0,0.1160764387581874,244,120,0.134745266201153,1.3439855652504968,0.0029187266956302,1139,0.0110048309178743,False,realvol_ratio
OBEXEC_C,OBEXEC_C,M14_REFERENCE_LEVEL,f020,5,0.1544577592342344,,,0,0,,,-0.2057387587957231,1140,0.0110144927536231,False,mtf_alignment
S29::bd28e989b4eb,S29,M06_SESSION_TIME,f008,5,0.1546002852450856,0.0,0.1071425590203791,112,112,0.3048083009858983,2.158100009228132,-0.1540660871629385,1141,0.0110241545893719,False,dist_vwap_atr
S23::866611e1c7db,S23,M04_VOLATILITY_COMPRESSION_EXPANSION,f046,2,0.1547245265180175,,,0,0,,,-0.1768749736734077,1142,0.0110338164251207,False,h4_trend_state
S10::7df75fdb8ecb,S10,M10_DISPLACEMENT_CONTINUATION,f011,47,0.1550167033673668,6.0,0.1333062310595658,99,98,0.331078044416584,2.190172566658797,-0.1954025256313247,1143,0.0110434782608695,False,halfhour_bucket_utc
S16::393fe65826e6,S16,M14_REFERENCE_LEVEL,f041,5,0.1550528349877911,3.0,0.1516749834541449,219,191,0.2063944822140817,2.156937083766242,0.0036035871818489,1144,0.0110531400966183,False,ret_12_atr
S2::691f36c634e3,S2,M02_FAILED_BREAKOUT_FADE,f013,5,0.1555093152724218,,,0,0,,,-0.2259536905507216,1145,0.0110628019323671,False,vol_rel_20
OBR_A_limit,OBR_A_limit,M14_REFERENCE_LEVEL,f005,4,0.1557322806975918,,,0,0,,,-0.0673227003426379,1146,0.0110724637681159,False,atr_over_atrma
S45::4809d6e42bc2,S45,M19_SEQUENCE_RUNLENGTH,f042,5,0.1558647349775643,,,0,0,,,-0.1625746944243231,1147,0.0110821256038647,False,dist_pdmid_atr
S51::049ca99687f4,S51,M06_SESSION_TIME,f046,2,0.1567257265543258,,,0,0,,,-0.1820980069014957,1148,0.0110917874396135,False,h4_trend_state
S31::555f488885b1,S31,M06_SESSION_TIME,f027,5,0.1568425137174456,,,0,0,,,-0.2555616258255557,1149,0.0111014492753623,False,atr_pct_rank
S23::866611e1c7db,S23,M04_VOLATILITY_COMPRESSION_EXPANSION,f024,2,0.1571710772591958,,,0,0,,,-0.1768749736734077,1150,0.0111111111111111,False,h1_trend_state
S21::6ddb75c3f9b1,S21,M01_LIQUIDITY_SWEEP,f019,12,0.1575557166671473,,,0,0,,,-0.3144243577251478,1151,0.0111207729468599,False,month_of_year
S3::37a51a4fd454,S3,M03_BREAKOUT_RETEST,f044,5,0.1575981927195635,,,0,0,,,-0.3652404446864761,1152,0.0111304347826086,False,week_of_month
S10::598adad042be,S10,M10_DISPLACEMENT_CONTINUATION,f012,5,0.1584053090486836,,,0,0,,,-0.1821402258358029,1153,0.0111400966183574,False,dist_pwl_atr
HTF_PBK_TREND,HTF_PBK_TREND,M07_TREND_CONTINUATION,f009,3,0.1602203111544287,1.0,0.2940244483377817,43,38,0.4360621163437287,1.9316172074488964,-0.084165226639341,1154,0.0111497584541062,False,dist_pdl_atr
S31::555f488885b1,S31,M06_SESSION_TIME,f019,11,0.1602573678881453,11.0,0.1866494847927564,56,56,0.4855045060634616,2.4429228431538763,-0.2555616258255557,1155,0.011159420289855,False,month_of_year
S8::b7adfd7f9d4f,S8,M08_EXTENSION_MEAN_REVERSION,f011,47,0.160432662579836,42.0,0.2583943929051645,31,31,0.4342520816855099,1.662189966227829,-0.1740521879042388,1156,0.0111690821256038,False,halfhour_bucket_utc
S10::598adad042be,S10,M10_DISPLACEMENT_CONTINUATION,f028,5,0.1605622613702295,,,0,0,,,-0.1821402258358029,1157,0.0111787439613526,False,dist_prev_sess_high_atr
S23::866611e1c7db,S23,M04_VOLATILITY_COMPRESSION_EXPANSION,f033,5,0.1606995022070556,,,0,0,,,-0.1768749736734077,1158,0.0111884057971014,False,rloc_sess
S26::f196a9ae20d6,S26,M16_AUCTION_VALUE,f011,46,0.1608607952711294,34.0,0.031818687538859,263,263,0.2143354509327626,2.7083462321579583,-0.1791938310904777,1159,0.0111980676328502,False,halfhour_bucket_utc
S6::7199b701458a,S6,M06_SESSION_TIME,f031,2,0.1616745556612109,,,0,0,,,-0.5031640871587263,1160,0.011207729468599,False,d1_trend_state
S12::061854e10b15,S12,M12_RANGE_ROTATION,f030,5,0.1620097874754711,,,0,0,,,-0.2424089430019912,1161,0.0112173913043478,False,rloc_96
S26::f196a9ae20d6,S26,M16_AUCTION_VALUE,f038,5,0.1621426198409548,,,0,0,,,-0.1791938310904777,1162,0.0112270531400966,False,ret_4_atr
S12::061854e10b15,S12,M12_RANGE_ROTATION,f037,2,0.1630227661786873,,,0,0,,,-0.2424089430019912,1163,0.0112367149758454,False,disp_recent
S26::f196a9ae20d6,S26,M16_AUCTION_VALUE,f028,5,0.1634610685280935,,,0,0,,,-0.1791938310904777,1164,0.0112463768115942,False,dist_prev_sess_high_atr
S18::18995ee3f508,S18,M06_SESSION_TIME,f037,2,0.1637673052996224,,,0,0,,,-0.2196943442096486,1165,0.0112560386473429,False,disp_recent
S2::691f36c634e3,S2,M02_FAILED_BREAKOUT_FADE,f044,5,0.1638822132133555,,,0,0,,,-0.2259536905507216,1166,0.0112657004830917,False,week_of_month
S8::ec037f864152,S8,M08_EXTENSION_MEAN_REVERSION,f001,5,0.1642172971537925,,,0,0,,,-0.1440796368386465,1167,0.0112753623188405,False,weekday
S18::3933c532ec9c,S18,M06_SESSION_TIME,f043,5,0.1643934498747878,,,0,0,,,-0.2706234087594297,1168,0.0112850241545893,False,dist_or_high_atr
S6::a461ec93f607,S6,M06_SESSION_TIME,f023,5,0.1644929163577013,,,0,0,,,-0.5128074236968724,1169,0.0112946859903381,False,dist_pwh_atr
S26::f196a9ae20d6,S26,M16_AUCTION_VALUE,f010,5,0.1648773077554732,,,0,0,,,-0.1791938310904777,1170,0.0113043478260869,False,bars_since_20bar_high
S2::2c6012247423,S2,M02_FAILED_BREAKOUT_FADE,f009,5,0.1655607311009099,,,0,0,,,-0.1792331034018087,1171,0.0113140096618357,False,dist_pdl_atr
S44::3d6f380511c2,S44,M17_VOLUME_PARTICIPATION,f041,5,0.165646602479208,,,0,0,,,-0.1698854030120568,1172,0.0113236714975845,False,ret_12_atr
SESS_B,SESS_B,M06_SESSION_TIME,f007,5,0.1659736052065974,,,0,0,,,-0.3656137311760934,1173,0.0113333333333333,False,ret_96_atr
S23::866611e1c7db,S23,M04_VOLATILITY_COMPRESSION_EXPANSION,f028,5,0.1661215935986826,,,0,0,,,-0.1768749736734077,1174,0.0113429951690821,False,dist_prev_sess_high_atr
S23::866611e1c7db,S23,M04_VOLATILITY_COMPRESSION_EXPANSION,f044,5,0.1662537813793418,,,0,0,,,-0.1768749736734077,1175,0.0113526570048309,False,week_of_month
S1::11c4710e404e,S1,M01_LIQUIDITY_SWEEP,f009,5,0.1669197262563027,,,0,0,,,-0.1687544865282243,1176,0.0113623188405797,False,dist_pdl_atr
S11::576394ea476f,S11,M11_STRUCTURE_BREAK_REVERSAL,f043,5,0.1672048231273459,0.0,0.0147151693044677,606,576,0.0826502809063867,1.98532519955148,-0.0580988841413395,1177,0.0113719806763285,False,dist_or_high_atr
S16::393fe65826e6,S16,M14_REFERENCE_LEVEL,f019,12,0.1688572365915384,0.0,0.318052296113514,78,47,0.3496380909928844,1.8455275239135185,0.0036035871818489,1178,0.0113816425120772,False,month_of_year
S44::3d6f380511c2,S44,M17_VOLUME_PARTICIPATION,f004,5,0.1692227032093196,,,0,0,,,-0.1698854030120568,1179,0.011391304347826,False,dist_or_low_atr
S3::37a51a4fd454,S3,M03_BREAKOUT_RETEST,f023,5,0.1708551678183989,,,0,0,,,-0.3652404446864761,1180,0.0114009661835748,False,dist_pwh_atr
S13::7d288aa44d52,S13,M13_IMBALANCE_FVG,f035,5,0.1710735754680536,,,0,0,,,-0.1512493477368903,1181,0.0114106280193236,False,dist_pdh_atr
S26::f196a9ae20d6,S26,M16_AUCTION_VALUE,f034,3,0.1711537534601428,,,0,0,,,-0.1791938310904777,1182,0.0114202898550724,False,run_len_same_dir
S38::3029c9493a71,S38,M07_TREND_CONTINUATION,f038,5,0.1716162246247377,,,0,0,,,-0.0939524767845139,1183,0.0114299516908212,False,ret_4_atr
S15::ac373f9fe529,S15,M07_TREND_CONTINUATION,f041,5,0.1718482064815907,,,0,0,,,-0.1615200875385349,1184,0.01143961352657,False,ret_12_atr
S39::cdecf371316b,S39,M07_TREND_CONTINUATION,f036,5,0.1730051308378943,,,0,0,,,-0.1572910268826625,1185,0.0114492753623188,False,dist_prev_sess_low_atr
S12::884efeda36f3,S12,M12_RANGE_ROTATION,f034,3,0.17342667739244,,,0,0,,,-0.2323586418177302,1186,0.0114589371980676,False,run_len_same_dir
S18::18995ee3f508,S18,M06_SESSION_TIME,f012,5,0.1740949021611704,,,0,0,,,-0.2196943442096486,1187,0.0114685990338164,False,dist_pwl_atr
S27::8492323d86e4,S27,M16_AUCTION_VALUE,f021,2,0.1743061731929893,,,0,0,,,-0.1757948604079745,1188,0.0114782608695652,False,fvg_present
HTF_TGT_BREAK,HTF_TGT_BREAK,M03_BREAKOUT_RETEST,f009,3,0.1748026056348233,1.0,0.0948456638240138,104,98,0.1520857471944756,1.893679716601562,-0.0228554796569282,1189,0.011487922705314,False,dist_pdl_atr
S14::dc07a2d5d013,S14,M08_EXTENSION_MEAN_REVERSION,f028,5,0.1761251569930055,1.0,0.0085977106866922,285,265,0.104214518760775,1.3486709393381011,-0.0733520870494794,1190,0.0114975845410628,False,dist_prev_sess_high_atr
HTF_RANGE_FADE,HTF_RANGE_FADE,M12_RANGE_ROTATION,f015,2,0.1763075079082749,,,0,0,,,-0.1462639811616175,1191,0.0115072463768115,False,compress_flag
S2::2c6012247423,S2,M02_FAILED_BREAKOUT_FADE,f024,2,0.1766051236509831,,,0,0,,,-0.1792331034018087,1192,0.0115169082125603,False,h1_trend_state
SESS_A,SESS_A,M06_SESSION_TIME,f019,12,0.1766411406270203,2.0,0.1934992347552885,272,272,0.2001899530578647,2.439193224489204,0.0098448623933664,1193,0.0115265700483091,False,month_of_year
S40::43b9c7dbd606,S40,M21_META_ROUTER,f002,5,0.1769172778343486,,,0,0,,,-0.1929964957240371,1194,0.0115362318840579,False,ret_1_atr
S14::25e44853ad0f,S14,M08_EXTENSION_MEAN_REVERSION,f035,5,0.177206379203263,0.0,0.0031139951284679,48,37,0.1617694034619498,0.7696486651834555,-0.152388312799847,1195,0.0115458937198067,False,dist_pdh_atr
S23::866611e1c7db,S23,M04_VOLATILITY_COMPRESSION_EXPANSION,f038,5,0.1773277466394085,,,0,0,,,-0.1768749736734077,1196,0.0115555555555555,False,ret_4_atr
S14::25e44853ad0f,S14,M08_EXTENSION_MEAN_REVERSION,f039,4,0.1774017541306243,1.0,0.0907633626193683,91,89,0.2624258935926897,1.7875567776531762,-0.152388312799847,1197,0.0115652173913043,False,session_id
S20::3a706309724e,S20,M21_META_ROUTER,f046,1,0.1774169569800783,,,0,0,,,-0.0621530015021738,1198,0.0115748792270531,False,h4_trend_state
S13::7d288aa44d52,S13,M13_IMBALANCE_FVG,f019,12,0.1774231584957535,,,0,0,,,-0.1512493477368903,1199,0.0115845410628019,False,month_of_year
S2::2c6012247423,S2,M02_FAILED_BREAKOUT_FADE,f035,5,0.1776352639513412,,,0,0,,,-0.1792331034018087,1200,0.0115942028985507,False,dist_pdh_atr
S29::bd28e989b4eb,S29,M06_SESSION_TIME,f027,5,0.1780200530680664,4.0,0.0946106519730614,69,69,0.2727085248508235,1.645897693456848,-0.1540660871629385,1201,0.0116038647342995,False,atr_pct_rank
S30::282a94fa23d8,S30,M06_SESSION_TIME,f008,5,0.1788019132475105,,,0,0,,,-0.146454009554978,1202,0.0116135265700483,False,dist_vwap_atr
S31::555f488885b1,S31,M06_SESSION_TIME,f012,5,0.1789844026511045,3.0,0.044878953225685,80,80,0.3443005175988671,2.099227163987961,-0.2555616258255557,1203,0.0116231884057971,False,dist_pwl_atr
OBEXEC_D,OBEXEC_D,M14_REFERENCE_LEVEL,f019,12,0.1790650743908948,9.0,0.2332606197641861,68,60,0.4506014441484046,2.245225222260477,-0.1852561142249603,1204,0.0116328502415458,False,month_of_year
S8::ec037f864152,S8,M08_EXTENSION_MEAN_REVERSION,f046,2,0.1791876008498549,,,0,0,,,-0.1440796368386465,1205,0.0116425120772946,False,h4_trend_state
S41::73a2a8a65e5e,S41,M17_VOLUME_PARTICIPATION,f004,5,0.1793154423866327,,,0,0,,,-0.391199701626434,1206,0.0116521739130434,False,dist_or_low_atr
S14::25e44853ad0f,S14,M08_EXTENSION_MEAN_REVERSION,f017,17,0.1795375914438048,22.0,0.3612918148558096,50,50,0.5352814786924799,2.556897446562206,-0.152388312799847,1207,0.0116618357487922,False,hour_utc
S22::e730d6bce802,S22,M14_REFERENCE_LEVEL,f041,5,0.1798265964477441,,,0,0,,,-0.0783510896106395,1208,0.011671497584541,False,ret_12_atr
S7::98a2f4583fb9,S7,M07_TREND_CONTINUATION,f001,5,0.1800026595380832,,,0,0,,,-0.6253044035935208,1209,0.0116811594202898,False,weekday
S39::cdecf371316b,S39,M07_TREND_CONTINUATION,f019,12,0.1802577201415465,,,0,0,,,-0.1572910268826625,1210,0.0116908212560386,False,month_of_year
S2::2c6012247423,S2,M02_FAILED_BREAKOUT_FADE,f036,5,0.1805749656744026,,,0,0,,,-0.1792331034018087,1211,0.0117004830917874,False,dist_prev_sess_low_atr
S42::a347eead7c5d,S42,M08_EXTENSION_MEAN_REVERSION,f016,5,0.1807916988590907,4.0,0.0474988138850227,229,205,0.1663222212000606,1.789561591243453,-0.1021182368524002,1212,0.0117101449275362,False,bars_to_sess_end
S46::28bd0e966c33,S46,M03_BREAKOUT_RETEST,f027,5,0.1808380446836555,,,0,0,,,-0.0369124123563443,1213,0.011719806763285,False,atr_pct_rank
S46::28bd0e966c33,S46,M03_BREAKOUT_RETEST,f026,5,0.1811583947629413,4.0,0.0004026996927749,1273,1165,0.048836367843087,1.841511879652693,-0.0369124123563443,1214,0.0117294685990338,False,rloc_50
S28::b2a817579286,S28,M16_AUCTION_VALUE,f016,5,0.1814860932334183,1.0,0.090888973346535,92,90,0.2454249998881814,1.636063143514476,-0.1509808226383693,1215,0.0117391304347826,False,bars_to_sess_end
S2::691f36c634e3,S2,M02_FAILED_BREAKOUT_FADE,f033,5,0.1817600605191338,,,0,0,,,-0.2259536905507216,1216,0.0117487922705314,False,rloc_sess
S50::9cc65b2c5452,S50,M20_CANDLESTICK_PATTERN,f034,3,0.1820046350735116,,,0,0,,,-0.6026326920420786,1217,0.0117584541062801,False,run_len_same_dir
SESS_D,SESS_D,M06_SESSION_TIME,f008,5,0.182142354887933,3.0,0.0615771559185523,603,603,0.1126861181966929,2.0921123015888474,-0.0267017319359689,1218,0.0117681159420289,False,dist_vwap_atr
S22::e730d6bce802,S22,M14_REFERENCE_LEVEL,f046,2,0.1825843236410076,,,0,0,,,-0.0783510896106395,1219,0.0117777777777777,False,h4_trend_state
S12::061854e10b15,S12,M12_RANGE_ROTATION,f032,5,0.1829045486546077,,,0,0,,,-0.2424089430019912,1220,0.0117874396135265,False,efficiency_24h
SESS_A,SESS_A,M06_SESSION_TIME,f027,5,0.1831461399193079,4.0,0.2266719109235389,121,121,0.225098193824041,2.089872795063883,0.0098448623933664,1221,0.0117971014492753,False,atr_pct_rank
S21::b61f7b31fafc,S21,M01_LIQUIDITY_SWEEP,f031,2,0.1832023199686618,,,0,0,,,-0.2797389306514087,1222,0.0118067632850241,False,d1_trend_state
S12::884efeda36f3,S12,M12_RANGE_ROTATION,f021,2,0.1834893046986625,,,0,0,,,-0.2323586418177302,1223,0.0118164251207729,False,fvg_present
OBR_A_limit,OBR_A_limit,M14_REFERENCE_LEVEL,f013,5,0.1837917623237106,0.0,0.0168463212636827,101,89,0.087733412039125,0.560258697742445,-0.0673227003426379,1224,0.0118260869565217,False,vol_rel_20
S3::37a51a4fd454,S3,M03_BREAKOUT_RETEST,f004,5,0.1838843646495491,,,0,0,,,-0.3652404446864761,1225,0.0118357487922705,False,dist_or_low_atr
S27::8492323d86e4,S27,M16_AUCTION_VALUE,f032,5,0.1839476542758744,,,0,0,,,-0.1757948604079745,1226,0.0118454106280193,False,efficiency_24h
S14::25e44853ad0f,S14,M08_EXTENSION_MEAN_REVERSION,f020,5,0.1844262568314314,,,0,0,,,-0.152388312799847,1227,0.0118550724637681,False,mtf_alignment
S10::7df75fdb8ecb,S10,M10_DISPLACEMENT_CONTINUATION,f046,2,0.1847369716456413,,,0,0,,,-0.1954025256313247,1228,0.0118647342995169,False,h4_trend_state
S38::3029c9493a71,S38,M07_TREND_CONTINUATION,f008,5,0.1856039478789473,4.0,0.0356965209187812,390,350,0.1365068722596882,2.084433100595121,-0.0939524767845139,1229,0.0118743961352657,False,dist_vwap_atr
S13::7d288aa44d52,S13,M13_IMBALANCE_FVG,f006,5,0.1858599676823091,,,0,0,,,-0.1512493477368903,1230,0.0118840579710144,False,realvol_ratio
S44::3d6f380511c2,S44,M17_VOLUME_PARTICIPATION,f026,5,0.1859889182005503,,,0,0,,,-0.1698854030120568,1231,0.0118937198067632,False,rloc_50
S46::28bd0e966c33,S46,M03_BREAKOUT_RETEST,f014,5,0.1865672302870202,1.0,0.0019097620313177,1242,1136,0.0504295746258605,1.7020649706899735,-0.0369124123563443,1232,0.011903381642512,False,bars_since_20bar_low
SESS_D,SESS_D,M06_SESSION_TIME,f030,5,0.1868138994104096,3.0,0.0787766154786716,490,490,0.1280085959905664,2.081777696586462,-0.0267017319359689,1233,0.0119130434782608,False,rloc_96
S3::7aafa506c507,S3,M03_BREAKOUT_RETEST,f046,2,0.1871143319451738,,,0,0,,,-0.3737354389272471,1234,0.0119227053140096,False,h4_trend_state
S39::cdecf371316b,S39,M07_TREND_CONTINUATION,f035,5,0.1872656329234201,,,0,0,,,-0.1572910268826625,1235,0.0119323671497584,False,dist_pdh_atr
S23::866611e1c7db,S23,M04_VOLATILITY_COMPRESSION_EXPANSION,f009,5,0.1873232373953137,,,0,0,,,-0.1768749736734077,1236,0.0119420289855072,False,dist_pdl_atr
S6::a461ec93f607,S6,M06_SESSION_TIME,f020,5,0.1877583964365814,,,0,0,,,-0.5128074236968724,1237,0.011951690821256,False,mtf_alignment
HTF_TGT_BREAK,HTF_TGT_BREAK,M03_BREAKOUT_RETEST,f027,4,0.1879486364835498,1.0,0.3462843907790512,35,33,0.3995396244718836,1.9864159311677303,-0.0228554796569282,1238,0.0119613526570048,False,atr_pct_rank
S9::731bd4dd4aa4,S9,M09_MTF_ALIGNMENT,f038,5,0.1887922393251373,2.0,0.0624447671706627,385,269,0.0796644636585892,1.0439654922182675,0.0029187266956302,1239,0.0119710144927536,False,ret_4_atr
HTF_TGT_BREAK,HTF_TGT_BREAK,M03_BREAKOUT_RETEST,f012,4,0.1891336821771316,1.0,0.0826347513008106,79,73,0.1273635334397896,1.497093112731582,-0.0228554796569282,1240,0.0119806763285024,False,dist_pwl_atr
S25::017b79ce0b9e,S25,M04_VOLATILITY_COMPRESSION_EXPANSION,f001,5,0.189842053713436,,,0,0,,,-0.1485080670797977,1241,0.0119903381642512,False,weekday
S30::282a94fa23d8,S30,M06_SESSION_TIME,f016,2,0.189862877467144,,,0,0,,,-0.146454009554978,1242,0.012,False,bars_to_sess_end
S40::43b9c7dbd606,S40,M21_META_ROUTER,f008,5,0.1908171317088369,,,0,0,,,-0.1929964957240371,1243,0.0120096618357487,False,dist_vwap_atr
S3::7aafa506c507,S3,M03_BREAKOUT_RETEST,f036,5,0.1910383112367186,,,0,0,,,-0.3737354389272471,1244,0.0120193236714975,False,dist_prev_sess_low_atr
S45::4809d6e42bc2,S45,M19_SEQUENCE_RUNLENGTH,f011,48,0.191425116744238,42.0,0.2425056171342658,50,50,0.4066723580589765,1.947405875409459,-0.1625746944243231,1245,0.0120289855072463,False,halfhour_bucket_utc
S15::ac373f9fe529,S15,M07_TREND_CONTINUATION,f006,5,0.1916407517051988,,,0,0,,,-0.1615200875385349,1246,0.0120386473429951,False,realvol_ratio
S15::ac373f9fe529,S15,M07_TREND_CONTINUATION,f046,2,0.1923941694876005,,,0,0,,,-0.1615200875385349,1247,0.0120483091787439,False,h4_trend_state
S2::2c6012247423,S2,M02_FAILED_BREAKOUT_FADE,f031,2,0.1924870181209952,,,0,0,,,-0.1792331034018087,1248,0.0120579710144927,False,d1_trend_state
S29::bd28e989b4eb,S29,M06_SESSION_TIME,f042,5,0.1927487493165158,0.0,0.0967600831540836,82,82,0.2801667494411246,1.739067110605886,-0.1540660871629385,1249,0.0120676328502415,False,dist_pdmid_atr
S11::576394ea476f,S11,M11_STRUCTURE_BREAK_REVERSAL,f016,5,0.1929572076742969,1.0,0.175901026089072,86,85,0.2380198847169908,2.068516916802957,-0.0580988841413395,1250,0.0120772946859903,False,bars_to_sess_end
S6::a461ec93f607,S6,M06_SESSION_TIME,f027,5,0.1931239062845913,,,0,0,,,-0.5128074236968724,1251,0.0120869565217391,False,atr_pct_rank
S11::576394ea476f,S11,M11_STRUCTURE_BREAK_REVERSAL,f038,5,0.1934803948739283,,,0,0,,,-0.0580988841413395,1252,0.0120966183574879,False,ret_4_atr
S27::8492323d86e4,S27,M16_AUCTION_VALUE,f019,12,0.1936277482045474,,,0,0,,,-0.1757948604079745,1253,0.0121062801932367,False,month_of_year
S25::017b79ce0b9e,S25,M04_VOLATILITY_COMPRESSION_EXPANSION,f026,5,0.1940232684478116,,,0,0,,,-0.1485080670797977,1254,0.0121159420289855,False,rloc_50
S11::576394ea476f,S11,M11_STRUCTURE_BREAK_REVERSAL,f009,5,0.1941935418624085,0.0,0.0266066419550193,460,410,0.0931175602078281,2.065891682868166,-0.0580988841413395,1255,0.0121256038647343,False,dist_pdl_atr
S51::049ca99687f4,S51,M06_SESSION_TIME,f010,5,0.1944384486680916,,,0,0,,,-0.1820980069014957,1256,0.012135265700483,False,bars_since_20bar_high
S21::b61f7b31fafc,S21,M01_LIQUIDITY_SWEEP,f019,12,0.1947689226736049,,,0,0,,,-0.2797389306514087,1257,0.0121449275362318,False,month_of_year
S17::3cf289079abb,S17,M14_REFERENCE_LEVEL,f020,3,0.1952399790033689,2.0,0.3752959074233387,40,25,0.4546614403646613,1.8447082302394515,-0.0214468781177987,1258,0.0121545893719806,False,mtf_alignment
S1::11c4710e404e,S1,M01_LIQUIDITY_SWEEP,f035,5,0.1956042303294614,,,0,0,,,-0.1687544865282243,1259,0.0121642512077294,False,dist_pdh_atr
HTF_TGT_BREAK,HTF_TGT_BREAK,M03_BREAKOUT_RETEST,f006,5,0.1957693451650022,3.0,0.1134614944912906,80,74,0.1650152844952123,1.8783617132091368,-0.0228554796569282,1260,0.0121739130434782,False,realvol_ratio
S5::15be26301532,S5,M05_OPENING_RANGE,f004,4,0.1961158606287956,3.0,0.0187306027420357,880,873,0.0818388296870393,1.8076809164480008,-0.0334222540989216,1261,0.012183574879227,False,dist_or_low_atr
S6::7199b701458a,S6,M06_SESSION_TIME,f023,5,0.1964857286842347,,,0,0,,,-0.5031640871587263,1262,0.0121932367149758,False,dist_pwh_atr
S31::555f488885b1,S31,M06_SESSION_TIME,f013,5,0.196617022368819,4.0,0.1860550793437191,42,42,0.4732684144134891,2.060786589042216,-0.2555616258255557,1263,0.0122028985507246,False,vol_rel_20
S42::a347eead7c5d,S42,M08_EXTENSION_MEAN_REVERSION,f002,5,0.196895520532685,2.0,0.0701841446161699,216,203,0.1903340260408624,2.060203357287778,-0.1021182368524002,1264,0.0122125603864734,False,ret_1_atr
SESS_E,SESS_E,M06_SESSION_TIME,f030,5,0.1972884832143617,,,0,0,,,-0.1706719129068075,1265,0.0122222222222222,False,rloc_96
S12::884efeda36f3,S12,M12_RANGE_ROTATION,f012,5,0.1974406629524028,,,0,0,,,-0.2323586418177302,1266,0.012231884057971,False,dist_pwl_atr
S6::7199b701458a,S6,M06_SESSION_TIME,f024,2,0.1975941110998671,,,0,0,,,-0.5031640871587263,1267,0.0122415458937198,False,h1_trend_state
S31::9584b16899ad,S31,M06_SESSION_TIME,f002,5,0.1988995415331462,,,0,0,,,-0.2468575655120184,1268,0.0122512077294686,False,ret_1_atr
S18::3933c532ec9c,S18,M06_SESSION_TIME,f009,5,0.1993004930966235,,,0,0,,,-0.2706234087594297,1269,0.0122608695652173,False,dist_pdl_atr
S16::393fe65826e6,S16,M14_REFERENCE_LEVEL,f005,5,0.1995236611583473,0.0,0.1538920495431956,110,100,0.1751482080151033,1.229885919152773,0.0036035871818489,1270,0.0122705314009661,False,atr_over_atrma
OBEXEC_C,OBEXEC_C,M14_REFERENCE_LEVEL,f028,5,0.1995484826487215,,,0,0,,,-0.2057387587957231,1271,0.0122801932367149,False,dist_prev_sess_high_atr
S22::e730d6bce802,S22,M14_REFERENCE_LEVEL,f020,5,0.1996441720437092,1.0,0.070944593229294,347,171,0.1616923332217132,2.054484372211107,-0.0783510896106395,1272,0.0122898550724637,False,mtf_alignment
S45::4809d6e42bc2,S45,M19_SEQUENCE_RUNLENGTH,f013,5,0.2006587613675825,,,0,0,,,-0.1625746944243231,1273,0.0122995169082125,False,vol_rel_20
S45::4809d6e42bc2,S45,M19_SEQUENCE_RUNLENGTH,f041,5,0.2007554172028247,,,0,0,,,-0.1625746944243231,1274,0.0123091787439613,False,ret_12_atr
SESS_D,SESS_D,M06_SESSION_TIME,f041,5,0.2014233643478813,4.0,0.0428537178768736,743,743,0.0948762235565672,2.0508180112825265,-0.0267017319359689,1275,0.0123188405797101,False,ret_12_atr
S9::731bd4dd4aa4,S9,M09_MTF_ALIGNMENT,f011,27,0.2015171391773424,0.0,0.689738759229839,31,31,0.7010904219501339,2.67541867975655,0.0029187266956302,1276,0.0123285024154589,False,halfhour_bucket_utc
S51::049ca99687f4,S51,M06_SESSION_TIME,f031,2,0.201531903187206,,,0,0,,,-0.1820980069014957,1277,0.0123381642512077,False,d1_trend_state
S10::598adad042be,S10,M10_DISPLACEMENT_CONTINUATION,f004,5,0.2021685883241586,,,0,0,,,-0.1821402258358029,1278,0.0123478260869565,False,dist_or_low_atr
SESS_D,SESS_D,M06_SESSION_TIME,f009,5,0.2024371256632651,2.0,0.1160027126644089,307,307,0.1603912691834687,2.048741231316143,-0.0267017319359689,1279,0.0123574879227053,False,dist_pdl_atr
S51::049ca99687f4,S51,M06_SESSION_TIME,f037,2,0.2028138439224345,,,0,0,,,-0.1820980069014957,1280,0.0123671497584541,False,disp_recent
S38::3029c9493a71,S38,M07_TREND_CONTINUATION,f007,5,0.2029310097190617,,,0,0,,,-0.0939524767845139,1281,0.0123768115942028,False,ret_96_atr
S5::15be26301532,S5,M05_OPENING_RANGE,f032,5,0.2029551173964339,1.0,0.0671546169558342,504,489,0.1269508268360238,2.047683481091152,-0.0334222540989216,1282,0.0123864734299516,False,efficiency_24h
S1::4b7c6d5c6035,S1,M01_LIQUIDITY_SWEEP,f027,5,0.2031321098843896,,,0,0,,,-0.2084882388941829,1283,0.0123961352657004,False,atr_pct_rank
S10::598adad042be,S10,M10_DISPLACEMENT_CONTINUATION,f023,5,0.2038880185950753,,,0,0,,,-0.1821402258358029,1284,0.0124057971014492,False,dist_pwh_atr
S4::cf232107e3b5,S4,M04_VOLATILITY_COMPRESSION_EXPANSION,f034,3,0.2040002832201974,,,0,0,,,-0.2239875030282,1285,0.012415458937198,False,run_len_same_dir
OBEXEC_D,OBEXEC_D,M14_REFERENCE_LEVEL,f035,5,0.2040139624425685,0.0,0.2054711435812238,60,56,0.416921263916096,2.04552839754015,-0.1852561142249603,1286,0.0124251207729468,False,dist_pdh_atr
S8::b7adfd7f9d4f,S8,M08_EXTENSION_MEAN_REVERSION,f044,5,0.2046301314178289,,,0,0,,,-0.1740521879042388,1287,0.0124347826086956,False,week_of_month
S26::f196a9ae20d6,S26,M16_AUCTION_VALUE,f023,5,0.2052470406986306,,,0,0,,,-0.1791938310904777,1288,0.0124444444444444,False,dist_pwh_atr
S20::3a706309724e,S20,M21_META_ROUTER,f020,5,0.205300354974165,3.0,0.0229525385011982,517,204,0.1292818092621506,2.0429229001167184,-0.0621530015021738,1289,0.0124541062801932,False,mtf_alignment
SESS_B,SESS_B,M06_SESSION_TIME,f017,7,0.2058291063564299,,,0,0,,,-0.3656137311760934,1290,0.012463768115942,False,hour_utc
S2::2c6012247423,S2,M02_FAILED_BREAKOUT_FADE,f023,5,0.2059871828041914,,,0,0,,,-0.1792331034018087,1291,0.0124734299516908,False,dist_pwh_atr
S17::3cf289079abb,S17,M14_REFERENCE_LEVEL,f019,1,0.206219223905411,,,0,0,,,-0.0214468781177987,1292,0.0124830917874396,False,month_of_year
S30::282a94fa23d8,S30,M06_SESSION_TIME,f034,3,0.206482981061201,,,0,0,,,-0.146454009554978,1293,0.0124927536231884,False,run_len_same_dir
S44::3d6f380511c2,S44,M17_VOLUME_PARTICIPATION,f012,5,0.2070026708083805,,,0,0,,,-0.1698854030120568,1294,0.0125024154589372,False,dist_pwl_atr
S1::4b7c6d5c6035,S1,M01_LIQUIDITY_SWEEP,f039,4,0.2076564684880644,,,0,0,,,-0.2084882388941829,1295,0.0125120772946859,False,session_id
S4::cf232107e3b5,S4,M04_VOLATILITY_COMPRESSION_EXPANSION,f019,12,0.2113966818263968,,,0,0,,,-0.2239875030282,1296,0.0125217391304347,False,month_of_year
HTF_RANGE_FADE,HTF_RANGE_FADE,M12_RANGE_ROTATION,f039,4,0.2117336377335714,1.0,0.2202715198069467,45,45,0.3896041688616907,1.8306437370988689,-0.1462639811616175,1297,0.0125314009661835,False,session_id
S28::b2a817579286,S28,M16_AUCTION_VALUE,f024,2,0.212423907723994,,,0,0,,,-0.1509808226383693,1298,0.0125410628019323,False,h1_trend_state
S5::15be26301532,S5,M05_OPENING_RANGE,f002,5,0.2125380586979341,4.0,0.0191248335629352,973,933,0.0877351924760254,2.028516002653471,-0.0334222540989216,1299,0.0125507246376811,False,ret_1_atr
S12::884efeda36f3,S12,M12_RANGE_ROTATION,f041,5,0.212683626915684,,,0,0,,,-0.2323586418177302,1300,0.0125603864734299,False,ret_12_atr
SESS_A,SESS_A,M06_SESSION_TIME,f003,5,0.2129134415062816,3.0,0.1158173212132891,457,457,0.1230491209076183,2.0277801778618474,0.0098448623933664,1301,0.0125700483091787,False,vol_rel_sess
S25::017b79ce0b9e,S25,M04_VOLATILITY_COMPRESSION_EXPANSION,f039,4,0.2133315927205608,,,0,0,,,-0.1485080670797977,1302,0.0125797101449275,False,session_id
S3::7aafa506c507,S3,M03_BREAKOUT_RETEST,f041,5,0.2134229402376974,,,0,0,,,-0.3737354389272471,1303,0.0125893719806763,False,ret_12_atr
S19::762b6018f2c5,S19,M15_GAP,f002,2,0.2141786112311674,,,0,0,,,-0.2669320577565558,1304,0.0125990338164251,False,ret_1_atr
OBEXEC_B,OBEXEC_B,M14_REFERENCE_LEVEL,f040,5,0.2156891006740813,,,0,0,,,-0.2656588126211349,1305,0.0126086956521739,False,bar_in_sess
S41::73a2a8a65e5e,S41,M17_VOLUME_PARTICIPATION,f005,5,0.2159428474344638,,,0,0,,,-0.391199701626434,1306,0.0126183574879227,False,atr_over_atrma
S17::3cf289079abb,S17,M14_REFERENCE_LEVEL,f041,5,0.2160608337355807,3.0,0.2363148972357358,74,68,0.3372383227542078,2.0216534432379065,-0.0214468781177987,1307,0.0126280193236714,False,ret_12_atr
S46::28bd0e966c33,S46,M03_BREAKOUT_RETEST,f009,5,0.2161116514591632,,,0,0,,,-0.0369124123563443,1308,0.0126376811594202,False,dist_pdl_atr
S42::a347eead7c5d,S42,M08_EXTENSION_MEAN_REVERSION,f010,5,0.2163268899299253,2.0,0.027372843408124,321,296,0.1507093736569654,2.0211390015077915,-0.1021182368524002,1309,0.012647342995169,False,bars_since_20bar_high
S28::b2a817579286,S28,M16_AUCTION_VALUE,f020,5,0.2165093582356547,,,0,0,,,-0.1509808226383693,1310,0.0126570048309178,False,mtf_alignment
SESS_E,SESS_E,M06_SESSION_TIME,f031,2,0.2168454814202864,,,0,0,,,-0.1706719129068075,1311,0.0126666666666666,False,d1_trend_state
S44::3d6f380511c2,S44,M17_VOLUME_PARTICIPATION,f024,2,0.2172286687529796,,,0,0,,,-0.1698854030120568,1312,0.0126763285024154,False,h1_trend_state
S10::7df75fdb8ecb,S10,M10_DISPLACEMENT_CONTINUATION,f032,5,0.2173019878697668,,,0,0,,,-0.1954025256313247,1313,0.0126859903381642,False,efficiency_24h
S1::11c4710e404e,S1,M01_LIQUIDITY_SWEEP,f041,5,0.2175638910956379,4.0,0.2382870302685497,42,42,0.4093112650317003,2.018754154832026,-0.1687544865282243,1314,0.012695652173913,False,ret_12_atr
S21::b61f7b31fafc,S21,M01_LIQUIDITY_SWEEP,f001,5,0.2184824469254609,,,0,0,,,-0.2797389306514087,1315,0.0127053140096618,False,weekday
S4::cf232107e3b5,S4,M04_VOLATILITY_COMPRESSION_EXPANSION,f033,5,0.2200242033072685,,,0,0,,,-0.2239875030282,1316,0.0127149758454106,False,rloc_sess
SESS_B,SESS_B,M06_SESSION_TIME,f032,5,0.2202886126076553,,,0,0,,,-0.3656137311760934,1317,0.0127246376811594,False,efficiency_24h
S31::9584b16899ad,S31,M06_SESSION_TIME,f046,2,0.2205449829718997,,,0,0,,,-0.2468575655120184,1318,0.0127342995169082,False,h4_trend_state
S25::017b79ce0b9e,S25,M04_VOLATILITY_COMPRESSION_EXPANSION,f038,5,0.2206794302382375,,,0,0,,,-0.1485080670797977,1319,0.012743961352657,False,ret_4_atr
OBEXEC_D,OBEXEC_D,M14_REFERENCE_LEVEL,f043,4,0.2207417970593521,,,0,0,,,-0.1852561142249603,1320,0.0127536231884057,False,dist_or_high_atr
S19::762b6018f2c5,S19,M15_GAP,f014,1,0.2211938772844468,,,0,0,,,-0.2669320577565558,1321,0.0127632850241545,False,bars_since_20bar_low
S3::7aafa506c507,S3,M03_BREAKOUT_RETEST,f019,12,0.2214139588381849,,,0,0,,,-0.3737354389272471,1322,0.0127729468599033,False,month_of_year
S25::017b79ce0b9e,S25,M04_VOLATILITY_COMPRESSION_EXPANSION,f006,5,0.221838678000803,,,0,0,,,-0.1485080670797977,1323,0.0127826086956521,False,realvol_ratio
S43::6aacd27a298d,S43,M18_OSCILLATOR_DIVERGENCE,f046,2,0.2221523625629817,,,0,0,,,-0.3255470396563592,1324,0.0127922705314009,False,h4_trend_state
S14::dc07a2d5d013,S14,M08_EXTENSION_MEAN_REVERSION,f033,3,0.2222905646633228,1.0,0.0473297819371198,83,79,0.1286887395908261,0.872224345265771,-0.0733520870494794,1325,0.0128019323671497,False,rloc_sess
S24::a20c02d14359,S24,M06_SESSION_TIME,f010,5,0.2233022497713876,3.0,0.0059479669072831,458,458,0.1366797343849284,2.0078385585722627,-0.1145562330207209,1326,0.0128115942028985,False,bars_since_20bar_high
S15::ac373f9fe529,S15,M07_TREND_CONTINUATION,f023,5,0.2240334991270098,,,0,0,,,-0.1615200875385349,1327,0.0128212560386473,False,dist_pwh_atr
S14::dc07a2d5d013,S14,M08_EXTENSION_MEAN_REVERSION,f046,2,0.2244209498889926,,,0,0,,,-0.0733520870494794,1328,0.0128309178743961,False,h4_trend_state
OBEXEC_D,OBEXEC_D,M14_REFERENCE_LEVEL,f020,5,0.2244294429039306,3.0,0.0306586541265949,156,133,0.2580708432737614,2.0057222628220246,-0.1852561142249603,1329,0.0128405797101449,False,mtf_alignment
S1::11c4710e404e,S1,M01_LIQUIDITY_SWEEP,f031,2,0.224942990212015,,,0,0,,,-0.1687544865282243,1330,0.0128502415458937,False,d1_trend_state
S50::9cc65b2c5452,S50,M20_CANDLESTICK_PATTERN,f022,5,0.2252487770390376,,,0,0,,,-0.6026326920420786,1331,0.0128599033816425,False,rloc_20
S4::cf232107e3b5,S4,M04_VOLATILITY_COMPRESSION_EXPANSION,f044,5,0.2254049531920321,,,0,0,,,-0.2239875030282,1332,0.0128695652173913,False,week_of_month
S29::bd28e989b4eb,S29,M06_SESSION_TIME,f036,5,0.2256034532826212,0.0,0.0455693171854022,55,55,0.2147177494570752,1.0960102339832252,-0.1540660871629385,1333,0.01287922705314,False,dist_prev_sess_low_atr
S7::98a2f4583fb9,S7,M07_TREND_CONTINUATION,f009,5,0.2263724141584078,,,0,0,,,-0.6253044035935208,1334,0.0128888888888888,False,dist_pdl_atr
S38::3029c9493a71,S38,M07_TREND_CONTINUATION,f044,5,0.2270860841842603,,,0,0,,,-0.0939524767845139,1335,0.0128985507246376,False,week_of_month
S3::7aafa506c507,S3,M03_BREAKOUT_RETEST,f043,5,0.2276660293554733,,,0,0,,,-0.3737354389272471,1336,0.0129082125603864,False,dist_or_high_atr
S14::dc07a2d5d013,S14,M08_EXTENSION_MEAN_REVERSION,f039,4,0.2276779508046935,1.0,0.2769162691389406,56,51,0.3656165783688203,1.9039285695671893,-0.0733520870494794,1337,0.0129178743961352,False,session_id
S10::7df75fdb8ecb,S10,M10_DISPLACEMENT_CONTINUATION,f044,5,0.2276832219922098,,,0,0,,,-0.1954025256313247,1338,0.012927536231884,False,week_of_month
S5::9cce3e63e04e,S5,M05_OPENING_RANGE,f041,5,0.2278332841712749,3.0,0.0433860260403425,353,351,0.1490158490173715,1.9993855254134016,-0.0824976353327315,1339,0.0129371980676328,False,ret_12_atr
S16::393fe65826e6,S16,M14_REFERENCE_LEVEL,f006,5,0.2278491203044619,2.0,0.2222601299322302,133,87,0.2639545492703201,1.999356231210766,0.0036035871818489,1340,0.0129468599033816,False,realvol_ratio
S3::7aafa506c507,S3,M03_BREAKOUT_RETEST,f002,5,0.2280294252992876,,,0,0,,,-0.3737354389272471,1341,0.0129565217391304,False,ret_1_atr
HTF_RECLAIM,HTF_RECLAIM,M11_STRUCTURE_BREAK_REVERSAL,f035,5,0.2292056225380001,,,0,0,,,-0.1001845799762217,1342,0.0129661835748792,False,dist_pdh_atr
SESS_B,SESS_B,M06_SESSION_TIME,f027,5,0.2294090101399049,,,0,0,,,-0.3656137311760934,1343,0.012975845410628,False,atr_pct_rank
S6::a461ec93f607,S6,M06_SESSION_TIME,f030,4,0.2296429336395213,,,0,0,,,-0.5128074236968724,1344,0.0129855072463768,False,rloc_96
SESS_C,SESS_C,M06_SESSION_TIME,f022,5,0.2297104542733175,,,0,0,,,-0.2791331001590712,1345,0.0129951690821256,False,rloc_20
S29::10d4532019fd,S29,M06_SESSION_TIME,f009,5,0.2301792339772412,1.0,0.1159684639698939,92,92,0.2718284215353757,1.7593873403044156,-0.1239209859419127,1346,0.0130048309178743,False,dist_pdl_atr
SESS_E,SESS_E,M06_SESSION_TIME,f006,5,0.2316819595500097,2.0,0.0137122272243468,171,171,0.2229289909409678,1.9923160488459628,-0.1706719129068075,1347,0.0130144927536231,False,realvol_ratio
S41::73a2a8a65e5e,S41,M17_VOLUME_PARTICIPATION,f013,5,0.2317974376061338,,,0,0,,,-0.391199701626434,1348,0.0130241545893719,False,vol_rel_20
S31::555f488885b1,S31,M06_SESSION_TIME,f003,4,0.2332079937703106,,,0,0,,,-0.2555616258255557,1349,0.0130338164251207,False,vol_rel_sess
S45::4809d6e42bc2,S45,M19_SEQUENCE_RUNLENGTH,f036,5,0.2333952870441025,,,0,0,,,-0.1625746944243231,1350,0.0130434782608695,False,dist_prev_sess_low_atr
S43::6aacd27a298d,S43,M18_OSCILLATOR_DIVERGENCE,f027,5,0.2340344002014638,,,0,0,,,-0.3255470396563592,1351,0.0130531400966183,False,atr_pct_rank
SESS_B,SESS_B,M06_SESSION_TIME,f030,5,0.2341311713701732,,,0,0,,,-0.3656137311760934,1352,0.0130628019323671,False,rloc_96
SESS_A,SESS_A,M06_SESSION_TIME,f041,5,0.2356875628281485,4.0,0.0834935359098331,721,721,0.0942943553225991,1.9282653057325392,0.0098448623933664,1353,0.0130724637681159,False,ret_12_atr
S14::dc07a2d5d013,S14,M08_EXTENSION_MEAN_REVERSION,f040,5,0.2358467279146436,,,0,0,,,-0.0733520870494794,1354,0.0130821256038647,False,bar_in_sess
HTF_TGT_BREAK,HTF_TGT_BREAK,M03_BREAKOUT_RETEST,f008,5,0.2358757761343277,1.0,0.1180221421910197,67,65,0.1648949263360204,1.654906672924355,-0.0228554796569282,1355,0.0130917874396135,False,dist_vwap_atr
S8::ec037f864152,S8,M08_EXTENSION_MEAN_REVERSION,f020,5,0.2369770109131619,,,0,0,,,-0.1440796368386465,1356,0.0131014492753623,False,mtf_alignment
S3::7aafa506c507,S3,M03_BREAKOUT_RETEST,f035,5,0.2374614612971237,,,0,0,,,-0.3737354389272471,1357,0.0131111111111111,False,dist_pdh_atr
S6::7199b701458a,S6,M06_SESSION_TIME,f026,3,0.2376110160688256,,,0,0,,,-0.5031640871587263,1358,0.0131207729468599,False,rloc_50
S22::e730d6bce802,S22,M14_REFERENCE_LEVEL,f013,5,0.2378787375500146,,,0,0,,,-0.0783510896106395,1359,0.0131304347826086,False,vol_rel_20
S29::bd28e989b4eb,S29,M06_SESSION_TIME,f043,5,0.2396098760873477,0.0,0.07071177480964,119,119,0.265061846271881,1.9780596731191755,-0.1540660871629385,1360,0.0131400966183574,False,dist_or_high_atr
S50::9cc65b2c5452,S50,M20_CANDLESTICK_PATTERN,f004,5,0.2398745732952845,,,0,0,,,-0.6026326920420786,1361,0.0131497584541062,False,dist_or_low_atr
S12::061854e10b15,S12,M12_RANGE_ROTATION,f003,5,0.2406637437861847,,,0,0,,,-0.2424089430019912,1362,0.013159420289855,False,vol_rel_sess
SESS_D,SESS_D,M06_SESSION_TIME,f002,5,0.2409946741056723,1.0,0.0101004237747316,440,440,0.0437104101956443,0.6945814474186798,-0.0267017319359689,1363,0.0131690821256038,False,ret_1_atr
S43::6aacd27a298d,S43,M18_OSCILLATOR_DIVERGENCE,f040,5,0.241149876824771,,,0,0,,,-0.3255470396563592,1364,0.0131787439613526,False,bar_in_sess
S20::3a706309724e,S20,M21_META_ROUTER,f024,2,0.2423404590029605,,,0,0,,,-0.0621530015021738,1365,0.0131884057971014,False,h1_trend_state
S10::7df75fdb8ecb,S10,M10_DISPLACEMENT_CONTINUATION,f020,5,0.2423972602190249,,,0,0,,,-0.1954025256313247,1366,0.0131980676328502,False,mtf_alignment
S1::4b7c6d5c6035,S1,M01_LIQUIDITY_SWEEP,f041,5,0.2435271707159136,,,0,0,,,-0.2084882388941829,1367,0.013207729468599,False,ret_12_atr
S18::18995ee3f508,S18,M06_SESSION_TIME,f022,5,0.243859255252179,,,0,0,,,-0.2196943442096486,1368,0.0132173913043478,False,rloc_20
S23::866611e1c7db,S23,M04_VOLATILITY_COMPRESSION_EXPANSION,f020,5,0.2440900661662759,,,0,0,,,-0.1768749736734077,1369,0.0132270531400966,False,mtf_alignment
S27::8492323d86e4,S27,M16_AUCTION_VALUE,f038,5,0.2444510090712826,,,0,0,,,-0.1757948604079745,1370,0.0132367149758454,False,ret_4_atr
S8::b7adfd7f9d4f,S8,M08_EXTENSION_MEAN_REVERSION,f028,5,0.2447225139345554,,,0,0,,,-0.1740521879042388,1371,0.0132463768115942,False,dist_prev_sess_high_atr
OBEXEC_B,OBEXEC_B,M14_REFERENCE_LEVEL,f030,5,0.2450153804624089,,,0,0,,,-0.2656588126211349,1372,0.0132560386473429,False,rloc_96
SESS_B,SESS_B,M06_SESSION_TIME,f001,5,0.2451863461162728,,,0,0,,,-0.3656137311760934,1373,0.0132657004830917,False,weekday
S39::cdecf371316b,S39,M07_TREND_CONTINUATION,f044,5,0.24524014720113,,,0,0,,,-0.1572910268826625,1374,0.0132753623188405,False,week_of_month
OBR_A_limit,OBR_A_limit,M14_REFERENCE_LEVEL,f043,5,0.2457827682655566,3.0,0.0530119377688687,444,389,0.1464994663786512,1.9672312778327343,-0.0673227003426379,1375,0.0132850241545893,False,dist_or_high_atr
S17::3cf289079abb,S17,M14_REFERENCE_LEVEL,f028,5,0.2464804845863932,3.0,0.2136754842075192,80,71,0.3155060759408113,1.966021761537832,-0.0214468781177987,1376,0.0132946859903381,False,dist_prev_sess_high_atr
S6::a461ec93f607,S6,M06_SESSION_TIME,f034,3,0.2465856107830015,,,0,0,,,-0.5128074236968724,1377,0.0133043478260869,False,run_len_same_dir
S42::a347eead7c5d,S42,M08_EXTENSION_MEAN_REVERSION,f019,12,0.2475182580912456,6.0,0.1067414390193612,160,112,0.2246226702771774,2.3147517566805136,-0.1021182368524002,1378,0.0133140096618357,False,month_of_year
OBEXEC_B,OBEXEC_B,M14_REFERENCE_LEVEL,f032,5,0.247774503628575,,,0,0,,,-0.2656588126211349,1379,0.0133236714975845,False,efficiency_24h
OBEXEC_D,OBEXEC_D,M14_REFERENCE_LEVEL,f003,5,0.2483933200879096,,,0,0,,,-0.1852561142249603,1380,0.0133333333333333,False,vol_rel_sess
S42::a347eead7c5d,S42,M08_EXTENSION_MEAN_REVERSION,f023,5,0.2490120647750981,2.0,0.0343038289101934,261,195,0.1540576076962424,1.9616571570643715,-0.1021182368524002,1381,0.0133429951690821,False,dist_pwh_atr
S8::ec037f864152,S8,M08_EXTENSION_MEAN_REVERSION,f013,5,0.2494068627241508,,,0,0,,,-0.1440796368386465,1382,0.0133526570048309,False,vol_rel_20
S21::b61f7b31fafc,S21,M01_LIQUIDITY_SWEEP,f012,5,0.2498180261676885,,,0,0,,,-0.2797389306514087,1383,0.0133623188405797,False,dist_pwl_atr
S6::7199b701458a,S6,M06_SESSION_TIME,f014,4,0.2498682849031057,,,0,0,,,-0.5031640871587263,1384,0.0133719806763285,False,bars_since_20bar_low
S2::2c6012247423,S2,M02_FAILED_BREAKOUT_FADE,f041,5,0.2514914776568977,4.0,0.0901590828794888,34,34,0.2708330128242524,1.2847089569383474,-0.1792331034018087,1385,0.0133816425120772,False,ret_12_atr
S13::7d288aa44d52,S13,M13_IMBALANCE_FVG,f042,5,0.2516553483110928,,,0,0,,,-0.1512493477368903,1386,0.013391304347826,False,dist_pdmid_atr
S29::bd28e989b4eb,S29,M06_SESSION_TIME,f009,5,0.2518482536429967,0.0,0.207031019040552,55,55,0.3883777941721609,1.956811362115963,-0.1540660871629385,1387,0.0134009661835748,False,dist_pdl_atr
S28::b2a817579286,S28,M16_AUCTION_VALUE,f033,5,0.2521177522816509,,,0,0,,,-0.1509808226383693,1388,0.0134106280193236,False,rloc_sess
SESS_D,SESS_D,M06_SESSION_TIME,f031,2,0.2523731224513161,1.0,0.0039968452496481,961,961,0.0468814256087536,1.1010485892556494,-0.0267017319359689,1389,0.0134202898550724,False,d1_trend_state
SESS_C,SESS_C,M06_SESSION_TIME,f034,3,0.2537942563049258,,,0,0,,,-0.2791331001590712,1390,0.0134299516908212,False,run_len_same_dir
S12::061854e10b15,S12,M12_RANGE_ROTATION,f013,5,0.2538451585037105,,,0,0,,,-0.2424089430019912,1391,0.01343961352657,False,vol_rel_20
S21::b61f7b31fafc,S21,M01_LIQUIDITY_SWEEP,f024,2,0.25523584556284,,,0,0,,,-0.2797389306514087,1392,0.0134492753623188,False,h1_trend_state
S21::6ddb75c3f9b1,S21,M01_LIQUIDITY_SWEEP,f007,5,0.2552808556167618,,,0,0,,,-0.3144243577251478,1393,0.0134589371980676,False,ret_96_atr
OBR_A_limit,OBR_A_limit,M14_REFERENCE_LEVEL,f031,2,0.2555317066977842,,,0,0,,,-0.0673227003426379,1394,0.0134685990338164,False,d1_trend_state
S9::731bd4dd4aa4,S9,M09_MTF_ALIGNMENT,f022,5,0.2557692018911639,0.0,0.1801649194862903,106,96,0.1905052587298344,1.3775568232503514,0.0029187266956302,1395,0.0134782608695652,False,rloc_20
S2::691f36c634e3,S2,M02_FAILED_BREAKOUT_FADE,f036,5,0.2570496858015747,,,0,0,,,-0.2259536905507216,1396,0.013487922705314,False,dist_prev_sess_low_atr
S17::3cf289079abb,S17,M14_REFERENCE_LEVEL,f046,1,0.2582306293219685,,,0,0,,,-0.0214468781177987,1397,0.0134975845410628,False,h4_trend_state
HTF_PBK_TREND,HTF_PBK_TREND,M07_TREND_CONTINUATION,f020,3,0.258314265667205,1.0,0.1281101092894045,41,31,0.2430290065049949,1.036094601499007,-0.084165226639341,1398,0.0135072463768115,False,mtf_alignment
S17::3cf289079abb,S17,M14_REFERENCE_LEVEL,f032,5,0.2586334441919169,4.0,0.1810133177000855,59,51,0.2493039273992772,1.3115023582579413,-0.0214468781177987,1399,0.0135169082125603,False,efficiency_24h
S41::73a2a8a65e5e,S41,M17_VOLUME_PARTICIPATION,f011,33,0.2588736858294023,40.0,0.1956527838893694,32,31,0.5888180789359945,2.2161553447561806,-0.391199701626434,1400,0.0135265700483091,False,halfhour_bucket_utc
S21::6ddb75c3f9b1,S21,M01_LIQUIDITY_SWEEP,f044,5,0.2602508898234967,,,0,0,,,-0.3144243577251478,1401,0.0135362318840579,False,week_of_month
S1::4b7c6d5c6035,S1,M01_LIQUIDITY_SWEEP,f017,24,0.2612011413895914,,,0,0,,,-0.2084882388941829,1402,0.0135458937198067,False,hour_utc
S18::3933c532ec9c,S18,M06_SESSION_TIME,f034,3,0.2612634101157507,,,0,0,,,-0.2706234087594297,1403,0.0135555555555555,False,run_len_same_dir
OBEXEC_C,OBEXEC_C,M14_REFERENCE_LEVEL,f019,12,0.2613725568166121,0.0,0.0293455900003381,185,133,0.2605025863923625,2.29416459047161,-0.2057387587957231,1404,0.0135652173913043,False,month_of_year
HTF_RANGE_FADE,HTF_RANGE_FADE,M12_RANGE_ROTATION,f027,5,0.2625567704674747,,,0,0,,,-0.1462639811616175,1405,0.0135748792270531,False,atr_pct_rank
S16::393fe65826e6,S16,M14_REFERENCE_LEVEL,f035,3,0.2625968902492035,3.0,0.0710644432879965,362,223,0.1265911948723108,1.708561006756783,0.0036035871818489,1406,0.0135845410628019,False,dist_pdh_atr
S28::b2a817579286,S28,M16_AUCTION_VALUE,f044,5,0.2627293728469992,,,0,0,,,-0.1509808226383693,1407,0.0135942028985507,False,week_of_month
S26::f196a9ae20d6,S26,M16_AUCTION_VALUE,f024,2,0.2633770192023563,,,0,0,,,-0.1791938310904777,1408,0.0136038647342995,False,h1_trend_state
S22::e730d6bce802,S22,M14_REFERENCE_LEVEL,f016,5,0.2633832160237581,1.0,0.0594542645150473,70,69,0.1399701599580023,0.830647350617852,-0.0783510896106395,1409,0.0136135265700483,False,bars_to_sess_end
S16::393fe65826e6,S16,M14_REFERENCE_LEVEL,f040,5,0.2635921848920741,4.0,0.2225924449889385,128,120,0.2623127740347673,1.9372201596159029,0.0036035871818489,1410,0.0136231884057971,False,bar_in_sess
S48::6d74b2000433,S48,M04_VOLATILITY_COMPRESSION_EXPANSION,f006,5,0.2636561774519164,,,0,0,,,-0.164287958331933,1411,0.0136328502415458,False,realvol_ratio
S22::e730d6bce802,S22,M14_REFERENCE_LEVEL,f009,5,0.2638535286198651,0.0,0.0142084664640039,585,321,0.1062990486662868,1.9367925602295573,-0.0783510896106395,1412,0.0136425120772946,False,dist_pdl_atr
S12::884efeda36f3,S12,M12_RANGE_ROTATION,f010,5,0.2638641196638647,,,0,0,,,-0.2323586418177302,1413,0.0136521739130434,False,bars_since_20bar_high
S18::18995ee3f508,S18,M06_SESSION_TIME,f007,5,0.2653279589843782,,,0,0,,,-0.2196943442096486,1414,0.0136618357487922,False,ret_96_atr
S45::4809d6e42bc2,S45,M19_SEQUENCE_RUNLENGTH,f038,5,0.2653948861714472,,,0,0,,,-0.1625746944243231,1415,0.013671497584541,False,ret_4_atr
S18::18995ee3f508,S18,M06_SESSION_TIME,f038,5,0.2654549971407038,,,0,0,,,-0.2196943442096486,1416,0.0136811594202898,False,ret_4_atr
S1::4b7c6d5c6035,S1,M01_LIQUIDITY_SWEEP,f011,48,0.2659348869454732,44.0,0.0045156394865263,110,110,0.215924649587625,1.5929688784685236,-0.2084882388941829,1417,0.0136908212560386,False,halfhour_bucket_utc
SESS_B,SESS_B,M06_SESSION_TIME,f004,5,0.2665731259472392,,,0,0,,,-0.3656137311760934,1418,0.0137004830917874,False,dist_or_low_atr
S46::28bd0e966c33,S46,M03_BREAKOUT_RETEST,f036,5,0.2666565979089408,0.0,0.0004845495450459,926,853,0.0451440730245866,1.431401806571733,-0.0369124123563443,1419,0.0137101449275362,False,dist_prev_sess_low_atr
S29::10d4532019fd,S29,M06_SESSION_TIME,f020,5,0.2666858497357993,0.0,0.1153545860455998,106,106,0.2767396940416874,1.932180995982884,-0.1239209859419127,1420,0.013719806763285,False,mtf_alignment
S21::6ddb75c3f9b1,S21,M01_LIQUIDITY_SWEEP,f040,5,0.2682976723610886,,,0,0,,,-0.3144243577251478,1421,0.0137294685990338,False,bar_in_sess
S48::6d74b2000433,S48,M04_VOLATILITY_COMPRESSION_EXPANSION,f044,5,0.2685769301680296,,,0,0,,,-0.164287958331933,1422,0.0137391304347826,False,week_of_month
SESS_C,SESS_C,M06_SESSION_TIME,f014,5,0.268751111614145,,,0,0,,,-0.2791331001590712,1423,0.0137487922705314,False,bars_since_20bar_low
S16::393fe65826e6,S16,M14_REFERENCE_LEVEL,f009,4,0.2691064547801094,1.0,0.2544342001372651,84,68,0.2813223227792295,1.829821640790964,0.0036035871818489,1424,0.0137584541062801,False,dist_pdl_atr
S3::7aafa506c507,S3,M03_BREAKOUT_RETEST,f001,5,0.2691350154882466,,,0,0,,,-0.3737354389272471,1425,0.0137681159420289,False,weekday
S38::3029c9493a71,S38,M07_TREND_CONTINUATION,f017,24,0.2696979140534914,3.0,0.0380075709895541,203,203,0.1355034194272606,1.402966516315718,-0.0939524767845139,1426,0.0137777777777777,False,hour_utc
S46::28bd0e966c33,S46,M03_BREAKOUT_RETEST,f006,5,0.2709661214793379,2.0,0.0022862268760235,860,683,0.0466304800039367,1.2952918921640817,-0.0369124123563443,1427,0.0137874396135265,False,realvol_ratio
S12::884efeda36f3,S12,M12_RANGE_ROTATION,f024,2,0.2714775199391681,,,0,0,,,-0.2323586418177302,1428,0.0137971014492753,False,h1_trend_state
S7::98a2f4583fb9,S7,M07_TREND_CONTINUATION,f010,5,0.2718785792122669,,,0,0,,,-0.6253044035935208,1429,0.0138067632850241,False,bars_since_20bar_high
S45::4809d6e42bc2,S45,M19_SEQUENCE_RUNLENGTH,f020,5,0.2723684934031589,,,0,0,,,-0.1625746944243231,1430,0.0138164251207729,False,mtf_alignment
HTF_PBK_TREND,HTF_PBK_TREND,M07_TREND_CONTINUATION,f034,3,0.2730760473000384,4.0,0.0693231558160149,101,95,0.2230055422221316,1.6900136193829247,-0.084165226639341,1431,0.0138260869565217,False,run_len_same_dir
S46::28bd0e966c33,S46,M03_BREAKOUT_RETEST,f019,12,0.2732468178485678,2.0,0.0591739599689443,448,322,0.1047861893830351,2.2772622772891027,-0.0369124123563443,1432,0.0138357487922705,False,month_of_year
S30::282a94fa23d8,S30,M06_SESSION_TIME,f033,5,0.2737220906031878,,,0,0,,,-0.146454009554978,1433,0.0138454106280193,False,rloc_sess
SESS_C,SESS_C,M06_SESSION_TIME,f008,5,0.2748958023304992,,,0,0,,,-0.2791331001590712,1434,0.0138550724637681,False,dist_vwap_atr
S28::b2a817579286,S28,M16_AUCTION_VALUE,f039,4,0.2750518425491517,,,0,0,,,-0.1509808226383693,1435,0.0138647342995169,False,session_id
S19::762b6018f2c5,S19,M15_GAP,f044,1,0.2751958657070701,,,0,0,,,-0.2669320577565558,1436,0.0138743961352657,False,week_of_month
S30::282a94fa23d8,S30,M06_SESSION_TIME,f009,5,0.2753476385539866,,,0,0,,,-0.146454009554978,1437,0.0138840579710144,False,dist_pdl_atr
S46::28bd0e966c33,S46,M03_BREAKOUT_RETEST,f046,2,0.2760361813250638,,,0,0,,,-0.0369124123563443,1438,0.0138937198067632,False,h4_trend_state
S10::7df75fdb8ecb,S10,M10_DISPLACEMENT_CONTINUATION,f006,5,0.2764713720999945,,,0,0,,,-0.1954025256313247,1439,0.013903381642512,False,realvol_ratio
S6::a461ec93f607,S6,M06_SESSION_TIME,f035,5,0.2767670882159967,,,0,0,,,-0.5128074236968724,1440,0.0139130434782608,False,dist_pdh_atr
OBEXEC_D,OBEXEC_D,M14_REFERENCE_LEVEL,f026,4,0.2777137796190239,3.0,0.0782318709412008,85,80,0.2892310641766482,1.8156215542709253,-0.1852561142249603,1441,0.0139227053140096,False,rloc_50
S42::a347eead7c5d,S42,M08_EXTENSION_MEAN_REVERSION,f009,5,0.278010450734486,4.0,0.0282444010820773,113,84,0.1371605050718084,1.024486378646524,-0.1021182368524002,1442,0.0139323671497584,False,dist_pdl_atr
S5::15be26301532,S5,M05_OPENING_RANGE,f043,4,0.2783884237188152,2.0,0.0192282412232561,629,624,0.0710796336402913,1.2954108188288906,-0.0334222540989216,1443,0.0139420289855072,False,dist_or_high_atr
S18::18995ee3f508,S18,M06_SESSION_TIME,f036,5,0.2789097188571365,,,0,0,,,-0.2196943442096486,1444,0.013951690821256,False,dist_prev_sess_low_atr
SESS_C,SESS_C,M06_SESSION_TIME,f035,5,0.2799165301854467,,,0,0,,,-0.2791331001590712,1445,0.0139613526570048,False,dist_pdh_atr
S8::b7adfd7f9d4f,S8,M08_EXTENSION_MEAN_REVERSION,f002,5,0.2802895999956289,,,0,0,,,-0.1740521879042388,1446,0.0139710144927536,False,ret_1_atr
S10::598adad042be,S10,M10_DISPLACEMENT_CONTINUATION,f026,5,0.2815863106885763,,,0,0,,,-0.1821402258358029,1447,0.0139806763285024,False,rloc_50
S8::ec037f864152,S8,M08_EXTENSION_MEAN_REVERSION,f036,5,0.2816260235547607,,,0,0,,,-0.1440796368386465,1448,0.0139903381642512,False,dist_prev_sess_low_atr
OBEXEC_C,OBEXEC_C,M14_REFERENCE_LEVEL,f046,2,0.2819451032645736,,,0,0,,,-0.2057387587957231,1449,0.014,False,h4_trend_state
HTF_PBK_TREND,HTF_PBK_TREND,M07_TREND_CONTINUATION,f040,5,0.2824552342105879,0.0,0.0657089439198657,46,45,0.1746734937452625,0.7946213057714738,-0.084165226639341,1450,0.0140096618357487,False,bar_in_sess
S43::6aacd27a298d,S43,M18_OSCILLATOR_DIVERGENCE,f004,5,0.2834391959656446,,,0,0,,,-0.3255470396563592,1451,0.0140193236714975,False,dist_or_low_atr
S14::dc07a2d5d013,S14,M08_EXTENSION_MEAN_REVERSION,f024,2,0.2839817121938335,1.0,0.0103255752472397,304,240,0.1083747587415762,1.4684174807619783,-0.0733520870494794,1452,0.0140289855072463,False,h1_trend_state
S28::b2a817579286,S28,M16_AUCTION_VALUE,f046,2,0.2840049058014315,,,0,0,,,-0.1509808226383693,1453,0.0140386473429951,False,h4_trend_state
S12::884efeda36f3,S12,M12_RANGE_ROTATION,f019,12,0.2848562018446827,,,0,0,,,-0.2323586418177302,1454,0.0140483091787439,False,month_of_year
S38::3029c9493a71,S38,M07_TREND_CONTINUATION,f013,5,0.2855623086269554,,,0,0,,,-0.0939524767845139,1455,0.0140579710144927,False,vol_rel_20
OBEXEC_C,OBEXEC_C,M14_REFERENCE_LEVEL,f030,5,0.2858679249288098,,,0,0,,,-0.2057387587957231,1456,0.0140676328502415,False,rloc_96
S10::7df75fdb8ecb,S10,M10_DISPLACEMENT_CONTINUATION,f039,4,0.2865887763812464,,,0,0,,,-0.1954025256313247,1457,0.0140772946859903,False,session_id
OBR_A_limit,OBR_A_limit,M14_REFERENCE_LEVEL,f016,4,0.2869356223898887,,,0,0,,,-0.0673227003426379,1458,0.0140869565217391,False,bars_to_sess_end
S19::762b6018f2c5,S19,M15_GAP,f028,2,0.2869471090909314,,,0,0,,,-0.2669320577565558,1459,0.0140966183574879,False,dist_prev_sess_high_atr
S5::9cce3e63e04e,S5,M05_OPENING_RANGE,f022,5,0.287187051115203,3.0,0.0521959724200821,297,295,0.1549283075517948,1.8999673062218911,-0.0824976353327315,1460,0.0141062801932367,False,rloc_20
S17::3cf289079abb,S17,M14_REFERENCE_LEVEL,f021,2,0.2873459101851985,1.0,0.0722938013216548,103,91,0.139500347601841,1.027385739627324,-0.0214468781177987,1461,0.0141159420289855,False,fvg_present
OBEXEC_B,OBEXEC_B,M14_REFERENCE_LEVEL,f012,5,0.2877445825876634,,,0,0,,,-0.2656588126211349,1462,0.0141256038647342,False,dist_pwl_atr
S41::73a2a8a65e5e,S41,M17_VOLUME_PARTICIPATION,f041,5,0.2878374314000731,,,0,0,,,-0.391199701626434,1463,0.014135265700483,False,ret_12_atr
S27::8492323d86e4,S27,M16_AUCTION_VALUE,f020,5,0.2883106816703007,,,0,0,,,-0.1757948604079745,1464,0.0141449275362318,False,mtf_alignment
S26::f196a9ae20d6,S26,M16_AUCTION_VALUE,f001,5,0.2885282272709566,,,0,0,,,-0.1791938310904777,1465,0.0141545893719806,False,weekday
S5::9cce3e63e04e,S5,M05_OPENING_RANGE,f024,2,0.2888101976651076,,,0,0,,,-0.0824976353327315,1466,0.0141642512077294,False,h1_trend_state
S21::6ddb75c3f9b1,S21,M01_LIQUIDITY_SWEEP,f004,5,0.2889671815211247,,,0,0,,,-0.3144243577251478,1467,0.0141739130434782,False,dist_or_low_atr
S24::a20c02d14359,S24,M06_SESSION_TIME,f030,5,0.2896909605501885,,,0,0,,,-0.1145562330207209,1468,0.014183574879227,False,rloc_96
S11::576394ea476f,S11,M11_STRUCTURE_BREAK_REVERSAL,f017,24,0.2897996741106592,19.0,0.081549717005339,160,160,0.144178969391502,2.1985722272585666,-0.0580988841413395,1469,0.0141932367149758,False,hour_utc
S14::dc07a2d5d013,S14,M08_EXTENSION_MEAN_REVERSION,f019,12,0.2908133706008797,6.0,0.1963614198270972,88,70,0.2887622938790958,2.0851585323539283,-0.0733520870494794,1470,0.0142028985507246,False,month_of_year
S10::7df75fdb8ecb,S10,M10_DISPLACEMENT_CONTINUATION,f019,12,0.2915890791404871,,,0,0,,,-0.1954025256313247,1471,0.0142125603864734,False,month_of_year
S29::10d4532019fd,S29,M06_SESSION_TIME,f037,2,0.2920796388639282,,,0,0,,,-0.1239209859419127,1472,0.0142222222222222,False,disp_recent
S22::e730d6bce802,S22,M14_REFERENCE_LEVEL,f001,5,0.2931188217107006,,,0,0,,,-0.0783510896106395,1473,0.014231884057971,False,weekday
S10::598adad042be,S10,M10_DISPLACEMENT_CONTINUATION,f043,5,0.2938185069617272,,,0,0,,,-0.1821402258358029,1474,0.0142415458937198,False,dist_or_high_atr
S18::18995ee3f508,S18,M06_SESSION_TIME,f023,5,0.2938300471218902,,,0,0,,,-0.2196943442096486,1475,0.0142512077294685,False,dist_pwh_atr
S2::691f36c634e3,S2,M02_FAILED_BREAKOUT_FADE,f026,5,0.2939096158399934,,,0,0,,,-0.2259536905507216,1476,0.0142608695652173,False,rloc_50
S5::15be26301532,S5,M05_OPENING_RANGE,f017,5,0.2940674993917325,5.0,0.4527512841187372,31,31,0.4924663898605597,1.8895848877726504,-0.0334222540989216,1477,0.0142705314009661,False,hour_utc
SESS_E,SESS_E,M06_SESSION_TIME,f014,5,0.2953515613823243,,,0,0,,,-0.1706719129068075,1478,0.0142801932367149,False,bars_since_20bar_low
S51::049ca99687f4,S51,M06_SESSION_TIME,f042,5,0.2958544937527652,,,0,0,,,-0.1820980069014957,1479,0.0142898550724637,False,dist_pdmid_atr
OBR_A_limit,OBR_A_limit,M14_REFERENCE_LEVEL,f046,2,0.2963276736320441,,,0,0,,,-0.0673227003426379,1480,0.0142995169082125,False,h4_trend_state
S1::11c4710e404e,S1,M01_LIQUIDITY_SWEEP,f026,5,0.2965156141865932,4.0,0.0057655308472511,109,109,0.1770682667919426,1.3167161370453937,-0.1687544865282243,1481,0.0143091787439613,False,rloc_50
S8::b7adfd7f9d4f,S8,M08_EXTENSION_MEAN_REVERSION,f041,5,0.2969448708051825,,,0,0,,,-0.1740521879042388,1482,0.0143188405797101,False,ret_12_atr
SESS_D,SESS_D,M06_SESSION_TIME,f007,5,0.2981154535594554,2.0,0.0363595557622175,611,611,0.0807927404287856,1.4716894452484095,-0.0267017319359689,1483,0.0143285024154589,False,ret_96_atr
S25::017b79ce0b9e,S25,M04_VOLATILITY_COMPRESSION_EXPANSION,f040,5,0.2984905345027466,,,0,0,,,-0.1485080670797977,1484,0.0143381642512077,False,bar_in_sess
S11::576394ea476f,S11,M11_STRUCTURE_BREAK_REVERSAL,f014,5,0.2988156453108526,0.0,0.0141208052142017,620,573,0.082232258094458,1.882537088681941,-0.0580988841413395,1485,0.0143478260869565,False,bars_since_20bar_low
S42::a347eead7c5d,S42,M08_EXTENSION_MEAN_REVERSION,f027,5,0.2990796875993151,,,0,0,,,-0.1021182368524002,1486,0.0143574879227053,False,atr_pct_rank
S10::598adad042be,S10,M10_DISPLACEMENT_CONTINUATION,f010,5,0.2990814999328306,,,0,0,,,-0.1821402258358029,1487,0.0143671497584541,False,bars_since_20bar_high
S20::3a706309724e,S20,M21_META_ROUTER,f041,4,0.2992476716178807,,,0,0,,,-0.0621530015021738,1488,0.0143768115942028,False,ret_12_atr
S3::7aafa506c507,S3,M03_BREAKOUT_RETEST,f037,2,0.2996682010223876,,,0,0,,,-0.3737354389272471,1489,0.0143864734299516,False,disp_recent
S2::691f36c634e3,S2,M02_FAILED_BREAKOUT_FADE,f002,5,0.3010766166591505,,,0,0,,,-0.2259536905507216,1490,0.0143961352657004,False,ret_1_atr
S18::18995ee3f508,S18,M06_SESSION_TIME,f014,5,0.3026617450966617,,,0,0,,,-0.2196943442096486,1491,0.0144057971014492,False,bars_since_20bar_low
S5::9cce3e63e04e,S5,M05_OPENING_RANGE,f034,3,0.3034318702927074,,,0,0,,,-0.0824976353327315,1492,0.014415458937198,False,run_len_same_dir
S46::28bd0e966c33,S46,M03_BREAKOUT_RETEST,f038,5,0.3041557335577161,2.0,0.0196915733428124,821,776,0.0667617719852786,1.87472077915313,-0.0369124123563443,1493,0.0144251207729468,False,ret_4_atr
S25::017b79ce0b9e,S25,M04_VOLATILITY_COMPRESSION_EXPANSION,f013,5,0.304376843531543,0.0,0.0308740467771567,185,182,0.1849972900098371,1.7049249682972156,-0.1485080670797977,1494,0.0144347826086956,False,vol_rel_20
S15::ac373f9fe529,S15,M07_TREND_CONTINUATION,f024,2,0.3043886024818563,,,0,0,,,-0.1615200875385349,1495,0.0144444444444444,False,h1_trend_state
S2::691f36c634e3,S2,M02_FAILED_BREAKOUT_FADE,f022,4,0.304576686046631,,,0,0,,,-0.2259536905507216,1496,0.0144541062801932,False,rloc_20
S29::10d4532019fd,S29,M06_SESSION_TIME,f046,2,0.3046947345610409,,,0,0,,,-0.1239209859419127,1497,0.014463768115942,False,h4_trend_state
S5::15be26301532,S5,M05_OPENING_RANGE,f012,5,0.3050759445013373,4.0,0.0573721562773344,503,456,0.1145435463197074,1.8733853691445408,-0.0334222540989216,1498,0.0144734299516908,False,dist_pwl_atr
SESS_E,SESS_E,M06_SESSION_TIME,f043,5,0.3060224336194361,,,0,0,,,-0.1706719129068075,1499,0.0144830917874396,False,dist_or_high_atr
SESS_E,SESS_E,M06_SESSION_TIME,f028,5,0.3063958550481149,4.0,0.0080816290395003,165,165,0.2145476371175952,1.871475728450276,-0.1706719129068075,1500,0.0144927536231884,False,dist_prev_sess_high_atr
S48::6d74b2000433,S48,M04_VOLATILITY_COMPRESSION_EXPANSION,f028,5,0.3066932502388841,,,0,0,,,-0.164287958331933,1501,0.0145024154589371,False,dist_prev_sess_high_atr
S44::3d6f380511c2,S44,M17_VOLUME_PARTICIPATION,f038,5,0.3067305848282575,,,0,0,,,-0.1698854030120568,1502,0.0145120772946859,False,ret_4_atr
S9::731bd4dd4aa4,S9,M09_MTF_ALIGNMENT,f017,22,0.3078716572935813,0.0,0.4467409077341601,54,54,0.4601369514783396,2.294999165702772,0.0029187266956302,1503,0.0145217391304347,False,hour_utc
S43::6aacd27a298d,S43,M18_OSCILLATOR_DIVERGENCE,f024,2,0.3082832385514757,,,0,0,,,-0.3255470396563592,1504,0.0145314009661835,False,h1_trend_state
S18::3933c532ec9c,S18,M06_SESSION_TIME,f020,5,0.3085600104949271,,,0,0,,,-0.2706234087594297,1505,0.0145410628019323,False,mtf_alignment
S21::b61f7b31fafc,S21,M01_LIQUIDITY_SWEEP,f020,5,0.309092749430413,,,0,0,,,-0.2797389306514087,1506,0.0145507246376811,False,mtf_alignment
S10::598adad042be,S10,M10_DISPLACEMENT_CONTINUATION,f041,5,0.3108171319603114,,,0,0,,,-0.1821402258358029,1507,0.0145603864734299,False,ret_12_atr
S39::cdecf371316b,S39,M07_TREND_CONTINUATION,f038,5,0.3111728590981755,,,0,0,,,-0.1572910268826625,1508,0.0145700483091787,False,ret_4_atr
S19::762b6018f2c5,S19,M15_GAP,f037,2,0.3111873648800061,,,0,0,,,-0.2669320577565558,1509,0.0145797101449275,False,disp_recent
S15::ac373f9fe529,S15,M07_TREND_CONTINUATION,f022,5,0.3135173860305562,,,0,0,,,-0.1615200875385349,1510,0.0145893719806763,False,rloc_20
S17::3cf289079abb,S17,M14_REFERENCE_LEVEL,f027,5,0.3142555074968745,0.0,0.1142328080882355,48,38,0.1601632386041157,0.7448633349082151,-0.0214468781177987,1511,0.0145990338164251,False,atr_pct_rank
S8::b7adfd7f9d4f,S8,M08_EXTENSION_MEAN_REVERSION,f032,5,0.3148112834648131,,,0,0,,,-0.1740521879042388,1512,0.0146086956521739,False,efficiency_24h
S13::7d288aa44d52,S13,M13_IMBALANCE_FVG,f040,5,0.315636344505612,,,0,0,,,-0.1512493477368903,1513,0.0146183574879227,False,bar_in_sess
OBEXEC_B,OBEXEC_B,M14_REFERENCE_LEVEL,f035,5,0.3162304280488537,,,0,0,,,-0.2656588126211349,1514,0.0146280193236714,False,dist_pdh_atr
S31::9584b16899ad,S31,M06_SESSION_TIME,f007,5,0.3167716487196559,,,0,0,,,-0.2468575655120184,1515,0.0146376811594202,False,ret_96_atr
S3::37a51a4fd454,S3,M03_BREAKOUT_RETEST,f043,5,0.3175719346802719,,,0,0,,,-0.3652404446864761,1516,0.014647342995169,False,dist_or_high_atr
S20::3a706309724e,S20,M21_META_ROUTER,f035,5,0.3183670634294033,2.0,0.0466340196995394,285,187,0.1340348233535767,1.5795538318058384,-0.0621530015021738,1517,0.0146570048309178,False,dist_pdh_atr
S31::555f488885b1,S31,M06_SESSION_TIME,f007,5,0.3185776754213854,,,0,0,,,-0.2555616258255557,1518,0.0146666666666666,False,ret_96_atr
S20::3a706309724e,S20,M21_META_ROUTER,f007,5,0.3186336777375276,4.0,0.0484907841069052,220,143,0.1294694877235396,1.350408828236632,-0.0621530015021738,1519,0.0146763285024154,False,ret_96_atr
HTF_TGT_BREAK,HTF_TGT_BREAK,M03_BREAKOUT_RETEST,f042,4,0.3197905760209014,1.0,0.104029498844266,70,67,0.1496592054116649,1.7509899335539587,-0.0228554796569282,1520,0.0146859903381642,False,dist_pdmid_atr
SESS_B,SESS_B,M06_SESSION_TIME,f008,5,0.320483568434855,,,0,0,,,-0.3656137311760934,1521,0.014695652173913,False,dist_vwap_atr
S30::282a94fa23d8,S30,M06_SESSION_TIME,f031,2,0.3211577245359436,,,0,0,,,-0.146454009554978,1522,0.0147053140096618,False,d1_trend_state
S23::866611e1c7db,S23,M04_VOLATILITY_COMPRESSION_EXPANSION,f026,5,0.3213522530368196,,,0,0,,,-0.1768749736734077,1523,0.0147149758454106,False,rloc_50
S46::28bd0e966c33,S46,M03_BREAKOUT_RETEST,f020,5,0.3244807495257584,0.0,0.0135557416073528,693,507,0.0579047754174165,1.5059050850010969,-0.0369124123563443,1524,0.0147246376811594,False,mtf_alignment
S3::7aafa506c507,S3,M03_BREAKOUT_RETEST,f042,5,0.3248038803084618,,,0,0,,,-0.3737354389272471,1525,0.0147342995169082,False,dist_pdmid_atr
S6::a461ec93f607,S6,M06_SESSION_TIME,f005,4,0.3252863413988214,,,0,0,,,-0.5128074236968724,1526,0.014743961352657,False,atr_over_atrma
S19::762b6018f2c5,S19,M15_GAP,f020,1,0.3255064098395586,,,0,0,,,-0.2669320577565558,1527,0.0147536231884057,False,mtf_alignment
S5::15be26301532,S5,M05_OPENING_RANGE,f006,5,0.3268534495272424,0.0,0.0064959236501435,649,595,0.0544971858296185,1.0295762736853535,-0.0334222540989216,1528,0.0147632850241545,False,realvol_ratio
S19::762b6018f2c5,S19,M15_GAP,f027,1,0.3270134671062159,,,0,0,,,-0.2669320577565558,1529,0.0147729468599033,False,atr_pct_rank
OBR_A_limit,OBR_A_limit,M14_REFERENCE_LEVEL,f039,3,0.3300734180280806,,,0,0,,,-0.0673227003426379,1530,0.0147826086956521,False,session_id
S9::731bd4dd4aa4,S9,M09_MTF_ALIGNMENT,f016,4,0.3310159375335484,2.0,0.1112992626889985,299,244,0.1348558466649508,1.7349255984260237,0.0029187266956302,1531,0.0147922705314009,False,bars_to_sess_end
S43::6aacd27a298d,S43,M18_OSCILLATOR_DIVERGENCE,f031,2,0.3313047738505816,,,0,0,,,-0.3255470396563592,1532,0.0148019323671497,False,d1_trend_state
SESS_C,SESS_C,M06_SESSION_TIME,f027,5,0.3319493763096037,,,0,0,,,-0.2791331001590712,1533,0.0148115942028985,False,atr_pct_rank
S11::576394ea476f,S11,M11_STRUCTURE_BREAK_REVERSAL,f019,12,0.3332513040287139,0.0,0.0078742836447467,440,297,0.0722131062697231,1.4717388079872402,-0.0580988841413395,1534,0.0148212560386473,False,month_of_year
S26::f196a9ae20d6,S26,M16_AUCTION_VALUE,f030,5,0.3333914958167949,,,0,0,,,-0.1791938310904777,1535,0.0148309178743961,False,rloc_96
S1::11c4710e404e,S1,M01_LIQUIDITY_SWEEP,f012,5,0.3334236325248474,,,0,0,,,-0.1687544865282243,1536,0.0148405797101449,False,dist_pwl_atr
S12::061854e10b15,S12,M12_RANGE_ROTATION,f044,5,0.3335129884322363,,,0,0,,,-0.2424089430019912,1537,0.0148502415458937,False,week_of_month
S11::576394ea476f,S11,M11_STRUCTURE_BREAK_REVERSAL,f036,5,0.3356470431683078,,,0,0,,,-0.0580988841413395,1538,0.0148599033816425,False,dist_prev_sess_low_atr
S6::a461ec93f607,S6,M06_SESSION_TIME,f038,5,0.3369112807128982,,,0,0,,,-0.5128074236968724,1539,0.0148695652173913,False,ret_4_atr
S3::7aafa506c507,S3,M03_BREAKOUT_RETEST,f010,5,0.3369580650847315,,,0,0,,,-0.3737354389272471,1540,0.01487922705314,False,bars_since_20bar_high
S20::3a706309724e,S20,M21_META_ROUTER,f001,5,0.3376093220082177,2.0,0.0460658957929131,313,109,0.1364459930062221,1.8281845137199264,-0.0621530015021738,1541,0.0148888888888888,False,weekday
S1::11c4710e404e,S1,M01_LIQUIDITY_SWEEP,f014,5,0.3377972707689647,,,0,0,,,-0.1687544865282243,1542,0.0148985507246376,False,bars_since_20bar_low
OBEXEC_D,OBEXEC_D,M14_REFERENCE_LEVEL,f024,2,0.3384521272386154,,,0,0,,,-0.1852561142249603,1543,0.0149082125603864,False,h1_trend_state
S3::7aafa506c507,S3,M03_BREAKOUT_RETEST,f012,5,0.3389587404325123,,,0,0,,,-0.3737354389272471,1544,0.0149178743961352,False,dist_pwl_atr
S50::9cc65b2c5452,S50,M20_CANDLESTICK_PATTERN,f041,5,0.3395488103201227,,,0,0,,,-0.6026326920420786,1545,0.014927536231884,False,ret_12_atr
S30::282a94fa23d8,S30,M06_SESSION_TIME,f039,2,0.3403442497514741,,,0,0,,,-0.146454009554978,1546,0.0149371980676328,False,session_id
SESS_A,SESS_A,M06_SESSION_TIME,f016,3,0.3418378352926519,3.0,0.0507600601275829,761,761,0.0532123799916172,1.1315180061201775,0.0098448623933664,1547,0.0149468599033816,False,bars_to_sess_end
S8::ec037f864152,S8,M08_EXTENSION_MEAN_REVERSION,f010,5,0.3420796384210445,,,0,0,,,-0.1440796368386465,1548,0.0149565217391304,False,bars_since_20bar_high
S12::884efeda36f3,S12,M12_RANGE_ROTATION,f016,5,0.3422660377890441,,,0,0,,,-0.2323586418177302,1549,0.0149661835748792,False,bars_to_sess_end
S46::28bd0e966c33,S46,M03_BREAKOUT_RETEST,f008,5,0.3424920990476066,3.0,0.0085064903704377,1095,1025,0.0569821899822636,1.8217138206105563,-0.0369124123563443,1550,0.014975845410628,False,dist_vwap_atr
OBEXEC_B,OBEXEC_B,M14_REFERENCE_LEVEL,f002,5,0.3428683577017555,,,0,0,,,-0.2656588126211349,1551,0.0149855072463768,False,ret_1_atr
S29::10d4532019fd,S29,M06_SESSION_TIME,f024,2,0.343219463230648,,,0,0,,,-0.1239209859419127,1552,0.0149951690821256,False,h1_trend_state
S6::7199b701458a,S6,M06_SESSION_TIME,f017,3,0.3437234629656744,,,0,0,,,-0.5031640871587263,1553,0.0150048309178743,False,hour_utc
S41::73a2a8a65e5e,S41,M17_VOLUME_PARTICIPATION,f006,5,0.3438084442400724,,,0,0,,,-0.391199701626434,1554,0.0150144927536231,False,realvol_ratio
S24::a20c02d14359,S24,M06_SESSION_TIME,f046,2,0.3439627048940687,,,0,0,,,-0.1145562330207209,1555,0.0150241545893719,False,h4_trend_state
S29::10d4532019fd,S29,M06_SESSION_TIME,f010,5,0.345480736340753,0.0,0.0449367450461915,146,146,0.2075598168974657,1.7113156443484845,-0.1239209859419127,1556,0.0150338164251207,False,bars_since_20bar_high
OBEXEC_C,OBEXEC_C,M14_REFERENCE_LEVEL,f013,5,0.3460199701274924,0.0,0.0837540305464415,72,67,0.3009201362898817,1.5915885036558026,-0.2057387587957231,1557,0.0150434782608695,False,vol_rel_20
S5::15be26301532,S5,M05_OPENING_RANGE,f008,4,0.3469173258232398,2.0,0.0273927629237525,549,543,0.0786026804992048,1.3519501167458683,-0.0334222540989216,1558,0.0150531400966183,False,dist_vwap_atr
S20::3a706309724e,S20,M21_META_ROUTER,f022,3,0.3474936614229085,,,0,0,,,-0.0621530015021738,1559,0.0150628019323671,False,rloc_20
S14::dc07a2d5d013,S14,M08_EXTENSION_MEAN_REVERSION,f012,4,0.3505557680917546,3.0,0.1823175544379648,47,46,0.2650064504617332,1.3782085869997571,-0.0733520870494794,1560,0.0150724637681159,False,dist_pwl_atr
S1::11c4710e404e,S1,M01_LIQUIDITY_SWEEP,f005,5,0.3518095372426677,,,0,0,,,-0.1687544865282243,1561,0.0150821256038647,False,atr_over_atrma
S40::43b9c7dbd606,S40,M21_META_ROUTER,f036,5,0.3524068520170242,,,0,0,,,-0.1929964957240371,1562,0.0150917874396135,False,dist_prev_sess_low_atr
SESS_E,SESS_E,M06_SESSION_TIME,f022,5,0.3524109992379309,4.0,0.0729669910700223,65,65,0.2607780043648103,1.4186168762446705,-0.1706719129068075,1563,0.0151014492753623,False,rloc_20
SESS_B,SESS_B,M06_SESSION_TIME,f046,2,0.3531499443461259,,,0,0,,,-0.3656137311760934,1564,0.0151111111111111,False,h4_trend_state
S1::4b7c6d5c6035,S1,M01_LIQUIDITY_SWEEP,f033,5,0.354216176893054,,,0,0,,,-0.2084882388941829,1565,0.0151207729468599,False,rloc_sess
S4::cf232107e3b5,S4,M04_VOLATILITY_COMPRESSION_EXPANSION,f035,5,0.3545485583921892,,,0,0,,,-0.2239875030282,1566,0.0151304347826086,False,dist_pdh_atr
S41::73a2a8a65e5e,S41,M17_VOLUME_PARTICIPATION,f033,5,0.3553405529118214,,,0,0,,,-0.391199701626434,1567,0.0151400966183574,False,rloc_sess
S29::10d4532019fd,S29,M06_SESSION_TIME,f012,5,0.3561649781016385,3.0,0.1414546828141784,84,84,0.2972663070615441,1.803989228218418,-0.1239209859419127,1568,0.0151497584541062,False,dist_pwl_atr
SESS_A,SESS_A,M06_SESSION_TIME,f039,3,0.3565489923389844,3.0,0.1300463753113335,157,157,0.1262192544766791,1.208552856455826,0.0098448623933664,1569,0.015159420289855,False,session_id
S18::3933c532ec9c,S18,M06_SESSION_TIME,f004,5,0.3565691137925086,,,0,0,,,-0.2706234087594297,1570,0.0151690821256038,False,dist_or_low_atr
S51::049ca99687f4,S51,M06_SESSION_TIME,f024,2,0.3570605984804844,,,0,0,,,-0.1820980069014957,1571,0.0151787439613526,False,h1_trend_state
S8::b7adfd7f9d4f,S8,M08_EXTENSION_MEAN_REVERSION,f042,5,0.3571297109260807,,,0,0,,,-0.1740521879042388,1572,0.0151884057971014,False,dist_pdmid_atr
S31::555f488885b1,S31,M06_SESSION_TIME,f031,2,0.3576691749724974,,,0,0,,,-0.2555616258255557,1573,0.0151980676328502,False,d1_trend_state
S39::cdecf371316b,S39,M07_TREND_CONTINUATION,f002,5,0.3584290206850116,,,0,0,,,-0.1572910268826625,1574,0.015207729468599,False,ret_1_atr
S42::a347eead7c5d,S42,M08_EXTENSION_MEAN_REVERSION,f026,5,0.3599441658861457,3.0,0.0279166284678739,263,243,0.1469903286714056,1.7991887198888523,-0.1021182368524002,1575,0.0152173913043478,False,rloc_50
SESS_D,SESS_D,M06_SESSION_TIME,f010,5,0.3601354914673504,1.0,0.0408251680062547,606,606,0.086315376234688,1.5636287712744823,-0.0267017319359689,1576,0.0152270531400966,False,bars_since_20bar_high
S30::282a94fa23d8,S30,M06_SESSION_TIME,f040,3,0.3603777352617405,,,0,0,,,-0.146454009554978,1577,0.0152367149758454,False,bar_in_sess
HTF_RECLAIM,HTF_RECLAIM,M11_STRUCTURE_BREAK_REVERSAL,f017,24,0.360954752367995,21.0,0.1676129704440958,42,42,0.2694535423398778,1.2028681633790357,-0.1001845799762217,1578,0.0152463768115942,False,hour_utc
HTF_RECLAIM,HTF_RECLAIM,M11_STRUCTURE_BREAK_REVERSAL,f011,24,0.360954752367995,43.0,0.106863906978764,35,35,0.2081143344389429,0.8581916934233629,-0.1001845799762217,1579,0.0152560386473429,False,halfhour_bucket_utc
S44::3d6f380511c2,S44,M17_VOLUME_PARTICIPATION,f033,5,0.3633110676548212,,,0,0,,,-0.1698854030120568,1580,0.0152657004830917,False,rloc_sess
S21::b61f7b31fafc,S21,M01_LIQUIDITY_SWEEP,f035,5,0.3633218186583087,,,0,0,,,-0.2797389306514087,1581,0.0152753623188405,False,dist_pdh_atr
S21::6ddb75c3f9b1,S21,M01_LIQUIDITY_SWEEP,f035,5,0.3633768818063188,,,0,0,,,-0.3144243577251478,1582,0.0152850241545893,False,dist_pdh_atr
S6::a461ec93f607,S6,M06_SESSION_TIME,f042,5,0.3642153155520988,,,0,0,,,-0.5128074236968724,1583,0.0152946859903381,False,dist_pdmid_atr
S18::3933c532ec9c,S18,M06_SESSION_TIME,f019,12,0.3668230286832452,,,0,0,,,-0.2706234087594297,1584,0.0153043478260869,False,month_of_year
S16::393fe65826e6,S16,M14_REFERENCE_LEVEL,f015,2,0.3668544831439275,1.0,0.0647861060091264,146,125,0.0753838665995867,0.6071750779593008,0.0036035871818489,1585,0.0153140096618357,False,compress_flag
S14::dc07a2d5d013,S14,M08_EXTENSION_MEAN_REVERSION,f006,5,0.3668941975086637,0.0,0.0701937336455648,196,162,0.1682690024667743,1.790467175853257,-0.0733520870494794,1586,0.0153236714975845,False,realvol_ratio
SESS_E,SESS_E,M06_SESSION_TIME,f004,5,0.3673134586119742,4.0,0.0616247882818492,106,106,0.260182828398167,1.7899453851464513,-0.1706719129068075,1587,0.0153333333333333,False,dist_or_low_atr
S2::2c6012247423,S2,M02_FAILED_BREAKOUT_FADE,f016,5,0.3681808542750242,,,0,0,,,-0.1792331034018087,1588,0.0153429951690821,False,bars_to_sess_end
S29::bd28e989b4eb,S29,M06_SESSION_TIME,f022,5,0.3682481618538125,0.0,0.0468201625739047,124,124,0.2386857868648684,1.788783852943798,-0.1540660871629385,1589,0.0153526570048309,False,rloc_20
S8::b7adfd7f9d4f,S8,M08_EXTENSION_MEAN_REVERSION,f033,5,0.3685636586393581,,,0,0,,,-0.1740521879042388,1590,0.0153623188405797,False,rloc_sess
S21::6ddb75c3f9b1,S21,M01_LIQUIDITY_SWEEP,f026,5,0.3686169376096049,0.0,0.0049218303725114,72,60,0.3210534145264558,1.788326247765354,-0.3144243577251478,1591,0.0153719806763285,False,rloc_50
SESS_D,SESS_D,M06_SESSION_TIME,f032,5,0.3686319675106553,3.0,0.0399960960338656,572,572,0.0839451867396109,1.5444087492453498,-0.0267017319359689,1592,0.0153816425120772,False,efficiency_24h
S45::4809d6e42bc2,S45,M19_SEQUENCE_RUNLENGTH,f009,5,0.3686628699092842,,,0,0,,,-0.1625746944243231,1593,0.015391304347826,False,dist_pdl_atr
SESS_B,SESS_B,M06_SESSION_TIME,f035,5,0.3687562455067583,,,0,0,,,-0.3656137311760934,1594,0.0154009661835748,False,dist_pdh_atr
S48::6d74b2000433,S48,M04_VOLATILITY_COMPRESSION_EXPANSION,f002,5,0.3697097451344344,,,0,0,,,-0.164287958331933,1595,0.0154106280193236,False,ret_1_atr
S28::b2a817579286,S28,M16_AUCTION_VALUE,f032,5,0.3697111591470481,,,0,0,,,-0.1509808226383693,1596,0.0154202898550724,False,efficiency_24h
S44::3d6f380511c2,S44,M17_VOLUME_PARTICIPATION,f008,5,0.3700120520748573,,,0,0,,,-0.1698854030120568,1597,0.0154299516908212,False,dist_vwap_atr
SESS_C,SESS_C,M06_SESSION_TIME,f005,4,0.3702747898390326,1.0,0.1182228817196886,40,40,0.4066617425784966,1.6820007346365824,-0.2791331001590712,1598,0.01543961352657,False,atr_over_atrma
S1::4b7c6d5c6035,S1,M01_LIQUIDITY_SWEEP,f036,5,0.3703462851707306,,,0,0,,,-0.2084882388941829,1599,0.0154492753623188,False,dist_prev_sess_low_atr
OBEXEC_B,OBEXEC_B,M14_REFERENCE_LEVEL,f005,4,0.3709405967588619,,,0,0,,,-0.2656588126211349,1600,0.0154589371980676,False,atr_over_atrma
S12::061854e10b15,S12,M12_RANGE_ROTATION,f011,48,0.3729084907387729,,,0,0,,,-0.2424089430019912,1601,0.0154685990338164,False,halfhour_bucket_utc
S43::6aacd27a298d,S43,M18_OSCILLATOR_DIVERGENCE,f019,12,0.3732206881909485,,,0,0,,,-0.3255470396563592,1602,0.0154782608695652,False,month_of_year
S38::3029c9493a71,S38,M07_TREND_CONTINUATION,f022,5,0.3742863086370385,,,0,0,,,-0.0939524767845139,1603,0.015487922705314,False,rloc_20
S14::dc07a2d5d013,S14,M08_EXTENSION_MEAN_REVERSION,f031,2,0.3758123291228834,,,0,0,,,-0.0733520870494794,1604,0.0154975845410628,False,d1_trend_state
S29::10d4532019fd,S29,M06_SESSION_TIME,f022,5,0.3762254931742559,4.0,0.0522176044663955,143,143,0.2154945567026646,1.7789674497395491,-0.1239209859419127,1605,0.0155072463768115,False,rloc_20
S1::4b7c6d5c6035,S1,M01_LIQUIDITY_SWEEP,f001,5,0.376585923402577,,,0,0,,,-0.2084882388941829,1606,0.0155169082125603,False,weekday
SESS_B,SESS_B,M06_SESSION_TIME,f040,5,0.3771434060416423,,,0,0,,,-0.3656137311760934,1607,0.0155265700483091,False,bar_in_sess
HTF_RECLAIM,HTF_RECLAIM,M11_STRUCTURE_BREAK_REVERSAL,f013,5,0.3775715588110395,,,0,0,,,-0.1001845799762217,1608,0.0155362318840579,False,vol_rel_20
S28::b2a817579286,S28,M16_AUCTION_VALUE,f022,5,0.3786473253326305,,,0,0,,,-0.1509808226383693,1609,0.0155458937198067,False,rloc_20
HTF_RECLAIM,HTF_RECLAIM,M11_STRUCTURE_BREAK_REVERSAL,f044,5,0.3792128342099277,,,0,0,,,-0.1001845799762217,1610,0.0155555555555555,False,week_of_month
S12::061854e10b15,S12,M12_RANGE_ROTATION,f020,5,0.3799376963611012,,,0,0,,,-0.2424089430019912,1611,0.0155652173913043,False,mtf_alignment
S24::a20c02d14359,S24,M06_SESSION_TIME,f034,3,0.3807722513267149,,,0,0,,,-0.1145562330207209,1612,0.0155748792270531,False,run_len_same_dir
S9::731bd4dd4aa4,S9,M09_MTF_ALIGNMENT,f003,5,0.3810009049608531,4.0,0.0616590769384262,349,249,0.0762023453320087,1.0236072826368692,0.0029187266956302,1613,0.0155845410628019,False,vol_rel_sess
S39::cdecf371316b,S39,M07_TREND_CONTINUATION,f043,5,0.3813626830429173,,,0,0,,,-0.1572910268826625,1614,0.0155942028985507,False,dist_or_high_atr
SESS_B,SESS_B,M06_SESSION_TIME,f012,5,0.3822087357855341,,,0,0,,,-0.3656137311760934,1615,0.0156038647342995,False,dist_pwl_atr
S23::866611e1c7db,S23,M04_VOLATILITY_COMPRESSION_EXPANSION,f003,5,0.382610042637943,,,0,0,,,-0.1768749736734077,1616,0.0156135265700483,False,vol_rel_sess
S6::a461ec93f607,S6,M06_SESSION_TIME,f028,3,0.3829538498800602,,,0,0,,,-0.5128074236968724,1617,0.0156231884057971,False,dist_prev_sess_high_atr
S31::9584b16899ad,S31,M06_SESSION_TIME,f012,5,0.3834692976605669,1.0,0.1377580391424604,41,41,0.4117105183844336,1.7701998187439223,-0.2468575655120184,1618,0.0156328502415458,False,dist_pwl_atr
S1::11c4710e404e,S1,M01_LIQUIDITY_SWEEP,f022,5,0.3851583884227438,4.0,0.1021310769361111,35,35,0.2721431566094809,1.2570528595866826,-0.1687544865282243,1619,0.0156425120772946,False,rloc_20
S29::bd28e989b4eb,S29,M06_SESSION_TIME,f032,5,0.3855980579887053,,,0,0,,,-0.1540660871629385,1620,0.0156521739130434,False,efficiency_24h
S23::866611e1c7db,S23,M04_VOLATILITY_COMPRESSION_EXPANSION,f043,5,0.3859270983204499,,,0,0,,,-0.1768749736734077,1621,0.0156618357487922,False,dist_or_high_atr
S19::762b6018f2c5,S19,M15_GAP,f034,3,0.3860903435555234,,,0,0,,,-0.2669320577565558,1622,0.015671497584541,False,run_len_same_dir
S31::9584b16899ad,S31,M06_SESSION_TIME,f008,5,0.3874182399399306,,,0,0,,,-0.2468575655120184,1623,0.0156811594202898,False,dist_vwap_atr
S16::393fe65826e6,S16,M14_REFERENCE_LEVEL,f010,5,0.3887477171128284,3.0,0.1577110962552546,88,77,0.1738476266839729,1.1652596990376507,0.0036035871818489,1624,0.0156908212560386,False,bars_since_20bar_high
S46::28bd0e966c33,S46,M03_BREAKOUT_RETEST,f035,5,0.3901648430744275,,,0,0,,,-0.0369124123563443,1625,0.0157004830917874,False,dist_pdh_atr
S10::598adad042be,S10,M10_DISPLACEMENT_CONTINUATION,f021,2,0.390901603154683,,,0,0,,,-0.1821402258358029,1626,0.0157101449275362,False,fvg_present
S46::28bd0e966c33,S46,M03_BREAKOUT_RETEST,f012,5,0.3913626657494007,4.0,0.0215707605042869,482,423,0.0642196175734567,1.2739733501402106,-0.0369124123563443,1627,0.015719806763285,False,dist_pwl_atr
S40::43b9c7dbd606,S40,M21_META_ROUTER,f028,5,0.3917236838401527,,,0,0,,,-0.1929964957240371,1628,0.0157294685990338,False,dist_prev_sess_high_atr
S31::555f488885b1,S31,M06_SESSION_TIME,f002,5,0.3918194761678384,,,0,0,,,-0.2555616258255557,1629,0.0157391304347826,False,ret_1_atr
S26::f196a9ae20d6,S26,M16_AUCTION_VALUE,f004,5,0.392202777965176,,,0,0,,,-0.1791938310904777,1630,0.0157487922705314,False,dist_or_low_atr
SESS_E,SESS_E,M06_SESSION_TIME,f017,6,0.3924370481966792,17.0,0.0378113902145458,129,129,0.2397557985895563,1.8424717525128504,-0.1706719129068075,1631,0.0157584541062801,False,hour_utc
S14::25e44853ad0f,S14,M08_EXTENSION_MEAN_REVERSION,f046,2,0.3925096676098123,,,0,0,,,-0.152388312799847,1632,0.0157681159420289,False,h4_trend_state
S12::061854e10b15,S12,M12_RANGE_ROTATION,f007,5,0.3931834668514145,,,0,0,,,-0.2424089430019912,1633,0.0157777777777777,False,ret_96_atr
S51::049ca99687f4,S51,M06_SESSION_TIME,f009,5,0.3938757819445859,,,0,0,,,-0.1820980069014957,1634,0.0157874396135265,False,dist_pdl_atr
S8::ec037f864152,S8,M08_EXTENSION_MEAN_REVERSION,f021,2,0.3941586139999353,,,0,0,,,-0.1440796368386465,1635,0.0157971014492753,False,fvg_present
S6::7199b701458a,S6,M06_SESSION_TIME,f043,4,0.3943288621714904,,,0,0,,,-0.5031640871587263,1636,0.0158067632850241,False,dist_or_high_atr
S12::061854e10b15,S12,M12_RANGE_ROTATION,f017,24,0.3947833456710352,,,0,0,,,-0.2424089430019912,1637,0.0158164251207729,False,hour_utc
S45::4809d6e42bc2,S45,M19_SEQUENCE_RUNLENGTH,f010,5,0.3957695374504255,,,0,0,,,-0.1625746944243231,1638,0.0158260869565217,False,bars_since_20bar_high
S21::6ddb75c3f9b1,S21,M01_LIQUIDITY_SWEEP,f009,5,0.3960051583896851,,,0,0,,,-0.3144243577251478,1639,0.0158357487922705,False,dist_pdl_atr
S10::7df75fdb8ecb,S10,M10_DISPLACEMENT_CONTINUATION,f040,5,0.3969457622144201,,,0,0,,,-0.1954025256313247,1640,0.0158454106280193,False,bar_in_sess
S5::15be26301532,S5,M05_OPENING_RANGE,f033,5,0.3982731005991802,1.0,0.0848655379396882,192,192,0.1284539764931367,1.269758692714854,-0.0334222540989216,1641,0.0158550724637681,False,rloc_sess
S8::ec037f864152,S8,M08_EXTENSION_MEAN_REVERSION,f042,5,0.3985634050854547,,,0,0,,,-0.1440796368386465,1642,0.0158647342995169,False,dist_pdmid_atr
S50::9cc65b2c5452,S50,M20_CANDLESTICK_PATTERN,f046,2,0.3986296553329431,,,0,0,,,-0.6026326920420786,1643,0.0158743961352657,False,h4_trend_state
S48::6d74b2000433,S48,M04_VOLATILITY_COMPRESSION_EXPANSION,f010,5,0.398734107954648,,,0,0,,,-0.164287958331933,1644,0.0158840579710144,False,bars_since_20bar_high
S40::43b9c7dbd606,S40,M21_META_ROUTER,f006,5,0.3991286328738352,,,0,0,,,-0.1929964957240371,1645,0.0158937198067632,False,realvol_ratio
S1::4b7c6d5c6035,S1,M01_LIQUIDITY_SWEEP,f006,5,0.399149910460661,,,0,0,,,-0.2084882388941829,1646,0.015903381642512,False,realvol_ratio
S29::bd28e989b4eb,S29,M06_SESSION_TIME,f040,3,0.3993757380260754,0.0,0.0029777994723631,44,44,0.166394266895049,0.742742746924255,-0.1540660871629385,1647,0.0159130434782608,False,bar_in_sess
S24::a20c02d14359,S24,M06_SESSION_TIME,f043,4,0.3997478464447166,0.0,0.0622481070560319,175,175,0.1851780233009563,1.6451593129346422,-0.1145562330207209,1648,0.0159227053140096,False,dist_or_high_atr
SESS_B,SESS_B,M06_SESSION_TIME,f003,5,0.4000654812438919,,,0,0,,,-0.3656137311760934,1649,0.0159323671497584,False,vol_rel_sess
HTF_RECLAIM,HTF_RECLAIM,M11_STRUCTURE_BREAK_REVERSAL,f030,5,0.4031159138961393,,,0,0,,,-0.1001845799762217,1650,0.0159420289855072,False,rloc_96
S14::25e44853ad0f,S14,M08_EXTENSION_MEAN_REVERSION,f019,12,0.4041707053950976,2.0,0.045823216025751,149,98,0.2253064992797395,2.1238714763342283,-0.152388312799847,1651,0.015951690821256,False,month_of_year
OBEXEC_B,OBEXEC_B,M14_REFERENCE_LEVEL,f001,5,0.4042581535352929,,,0,0,,,-0.2656588126211349,1652,0.0159613526570048,False,weekday
SESS_E,SESS_E,M06_SESSION_TIME,f035,5,0.4047802652345478,4.0,0.018732589711334,136,136,0.219602641370858,1.745165567042848,-0.1706719129068075,1653,0.0159710144927536,False,dist_pdh_atr
S45::4809d6e42bc2,S45,M19_SEQUENCE_RUNLENGTH,f022,5,0.4049060118475456,,,0,0,,,-0.1625746944243231,1654,0.0159806763285024,False,rloc_20
S42::a347eead7c5d,S42,M08_EXTENSION_MEAN_REVERSION,f038,5,0.4053316112181859,,,0,0,,,-0.1021182368524002,1655,0.0159903381642512,False,ret_4_atr
S39::cdecf371316b,S39,M07_TREND_CONTINUATION,f014,5,0.4055894419147154,,,0,0,,,-0.1572910268826625,1656,0.016,False,bars_since_20bar_low
SESS_C,SESS_C,M06_SESSION_TIME,f041,5,0.4059330191266119,,,0,0,,,-0.2791331001590712,1657,0.0160096618357487,False,ret_12_atr
S21::6ddb75c3f9b1,S21,M01_LIQUIDITY_SWEEP,f014,5,0.4060269023750318,,,0,0,,,-0.3144243577251478,1658,0.0160193236714975,False,bars_since_20bar_low
S1::11c4710e404e,S1,M01_LIQUIDITY_SWEEP,f001,5,0.4060445511137078,,,0,0,,,-0.1687544865282243,1659,0.0160289855072463,False,weekday
SESS_A,SESS_A,M06_SESSION_TIME,f006,5,0.4062640217940472,3.0,0.0913420151061019,550,550,0.0978381785938892,1.7434628141687638,0.0098448623933664,1660,0.0160386473429951,False,realvol_ratio
HTF_TGT_BREAK,HTF_TGT_BREAK,M03_BREAKOUT_RETEST,f020,5,0.4063150888606492,0.0,0.1499508348898835,51,45,0.1943542901993482,1.7434042997309582,-0.0228554796569282,1661,0.0160483091787439,False,mtf_alignment
S13::7d288aa44d52,S13,M13_IMBALANCE_FVG,f014,5,0.4076209629901717,,,0,0,,,-0.1512493477368903,1662,0.0160579710144927,False,bars_since_20bar_low
S39::cdecf371316b,S39,M07_TREND_CONTINUATION,f034,3,0.407669662380651,,,0,0,,,-0.1572910268826625,1663,0.0160676328502415,False,run_len_same_dir
S12::884efeda36f3,S12,M12_RANGE_ROTATION,f014,5,0.4078444650679858,,,0,0,,,-0.2323586418177302,1664,0.0160772946859903,False,bars_since_20bar_low
SESS_B,SESS_B,M06_SESSION_TIME,f021,2,0.4087329358429596,,,0,0,,,-0.3656137311760934,1665,0.0160869565217391,False,fvg_present
S24::a20c02d14359,S24,M06_SESSION_TIME,f007,5,0.4089099087028458,,,0,0,,,-0.1145562330207209,1666,0.0160966183574879,False,ret_96_atr
S13::7d288aa44d52,S13,M13_IMBALANCE_FVG,f034,3,0.4104662407102504,,,0,0,,,-0.1512493477368903,1667,0.0161062801932367,False,run_len_same_dir
S1::4b7c6d5c6035,S1,M01_LIQUIDITY_SWEEP,f028,5,0.41086179820224,,,0,0,,,-0.2084882388941829,1668,0.0161159420289855,False,dist_prev_sess_high_atr
S50::9cc65b2c5452,S50,M20_CANDLESTICK_PATTERN,f036,5,0.4110560379797223,,,0,0,,,-0.6026326920420786,1669,0.0161256038647343,False,dist_prev_sess_low_atr
S12::061854e10b15,S12,M12_RANGE_ROTATION,f001,5,0.4116260995858944,,,0,0,,,-0.2424089430019912,1670,0.016135265700483,False,weekday
S5::15be26301532,S5,M05_OPENING_RANGE,f003,5,0.4120261669302172,4.0,0.057669915160905,70,67,0.0937986428796008,0.7007965861540901,-0.0334222540989216,1671,0.0161449275362318,False,vol_rel_sess
S14::dc07a2d5d013,S14,M08_EXTENSION_MEAN_REVERSION,f027,5,0.4120295334438095,1.0,0.065774349780125,101,94,0.1505228440638219,1.0994888805960763,-0.0733520870494794,1672,0.0161545893719806,False,atr_pct_rank
S7::98a2f4583fb9,S7,M07_TREND_CONTINUATION,f003,5,0.4123604529626123,,,0,0,,,-0.6253044035935208,1673,0.0161642512077294,False,vol_rel_sess
S21::b61f7b31fafc,S21,M01_LIQUIDITY_SWEEP,f008,5,0.4130449295237159,,,0,0,,,-0.2797389306514087,1674,0.0161739130434782,False,dist_vwap_atr
S26::f196a9ae20d6,S26,M16_AUCTION_VALUE,f012,5,0.4139101364415187,,,0,0,,,-0.1791938310904777,1675,0.016183574879227,False,dist_pwl_atr
S28::b2a817579286,S28,M16_AUCTION_VALUE,f010,5,0.4159366595533442,,,0,0,,,-0.1509808226383693,1676,0.0161932367149758,False,bars_since_20bar_high
SESS_A,SESS_A,M06_SESSION_TIME,f004,5,0.4161572499655741,4.0,0.0697019368259648,673,673,0.0752325748498269,1.4924813104321693,0.0098448623933664,1677,0.0162028985507246,False,dist_or_low_atr
HTF_RANGE_FADE,HTF_RANGE_FADE,M12_RANGE_ROTATION,f007,5,0.4164086387620258,,,0,0,,,-0.1462639811616175,1678,0.0162125603864734,False,ret_96_atr
S8::ec037f864152,S8,M08_EXTENSION_MEAN_REVERSION,f035,5,0.4175344449951779,,,0,0,,,-0.1440796368386465,1679,0.0162222222222222,False,dist_pdh_atr
S4::cf232107e3b5,S4,M04_VOLATILITY_COMPRESSION_EXPANSION,f021,2,0.4187016963802885,,,0,0,,,-0.2239875030282,1680,0.016231884057971,False,fvg_present
S51::049ca99687f4,S51,M06_SESSION_TIME,f043,5,0.4187581563075337,,,0,0,,,-0.1820980069014957,1681,0.0162415458937198,False,dist_or_high_atr
S16::393fe65826e6,S16,M14_REFERENCE_LEVEL,f001,5,0.4201920297542671,1.0,0.1744886736505243,157,85,0.2142976407980962,1.727720167986066,0.0036035871818489,1682,0.0162512077294686,False,weekday
S3::7aafa506c507,S3,M03_BREAKOUT_RETEST,f033,5,0.4202068345365328,,,0,0,,,-0.3737354389272471,1683,0.0162608695652173,False,rloc_sess
S40::43b9c7dbd606,S40,M21_META_ROUTER,f020,5,0.4202787004683461,,,0,0,,,-0.1929964957240371,1684,0.0162705314009661,False,mtf_alignment
S2::691f36c634e3,S2,M02_FAILED_BREAKOUT_FADE,f038,5,0.4205420890362732,0.0,0.0344604200646113,87,87,0.2636227252058348,1.7273299804887337,-0.2259536905507216,1685,0.0162801932367149,False,ret_4_atr
S42::a347eead7c5d,S42,M08_EXTENSION_MEAN_REVERSION,f028,5,0.4205449784646231,,,0,0,,,-0.1021182368524002,1686,0.0162898550724637,False,dist_prev_sess_high_atr
S38::3029c9493a71,S38,M07_TREND_CONTINUATION,f006,5,0.4212525915792364,,,0,0,,,-0.0939524767845139,1687,0.0162995169082125,False,realvol_ratio
S9::731bd4dd4aa4,S9,M09_MTF_ALIGNMENT,f010,5,0.4214019671093583,2.0,0.0617429275990876,279,204,0.072017088405117,0.8840563017796824,0.0029187266956302,1688,0.0163091787439613,False,bars_since_20bar_high
S46::28bd0e966c33,S46,M03_BREAKOUT_RETEST,f003,5,0.4218127576216912,,,0,0,,,-0.0369124123563443,1689,0.0163188405797101,False,vol_rel_sess
S22::e730d6bce802,S22,M14_REFERENCE_LEVEL,f010,5,0.422171901912256,,,0,0,,,-0.0783510896106395,1690,0.0163285024154589,False,bars_since_20bar_high
S13::7d288aa44d52,S13,M13_IMBALANCE_FVG,f017,24,0.4230325047309762,22.0,0.0199034183188219,318,314,0.1746267291377137,2.146463979147392,-0.1512493477368903,1691,0.0163381642512077,False,hour_utc
S40::43b9c7dbd606,S40,M21_META_ROUTER,f007,5,0.4233174671153539,,,0,0,,,-0.1929964957240371,1692,0.0163478260869565,False,ret_96_atr
S17::3cf289079abb,S17,M14_REFERENCE_LEVEL,f006,5,0.4234856277455467,0.0,0.1908436527277255,58,45,0.2603876042402134,1.379672921181452,-0.0214468781177987,1693,0.0163574879227053,False,realvol_ratio
S29::bd28e989b4eb,S29,M06_SESSION_TIME,f012,5,0.4236700264275517,1.0,0.087753682622592,84,84,0.2708796562833626,1.6892396311286335,-0.1540660871629385,1694,0.0163671497584541,False,dist_pwl_atr
S22::e730d6bce802,S22,M14_REFERENCE_LEVEL,f040,5,0.4242158208845059,,,0,0,,,-0.0783510896106395,1695,0.0163768115942028,False,bar_in_sess
S10::7df75fdb8ecb,S10,M10_DISPLACEMENT_CONTINUATION,f022,5,0.4251573227444649,,,0,0,,,-0.1954025256313247,1696,0.0163864734299516,False,rloc_20
S1::11c4710e404e,S1,M01_LIQUIDITY_SWEEP,f033,5,0.4252484950327662,4.0,0.0760531060134129,86,86,0.2476192182038408,1.7221094199519678,-0.1687544865282243,1697,0.0163961352657004,False,rloc_sess
S18::3933c532ec9c,S18,M06_SESSION_TIME,f006,5,0.4253259044228785,,,0,0,,,-0.2706234087594297,1698,0.0164057971014492,False,realvol_ratio
SESS_D,SESS_D,M06_SESSION_TIME,f044,5,0.4254993765197312,1.0,0.0232597858859915,649,649,0.065148883192664,1.2726641602147082,-0.0267017319359689,1699,0.016415458937198,False,week_of_month
S23::866611e1c7db,S23,M04_VOLATILITY_COMPRESSION_EXPANSION,f019,12,0.4265298550100418,,,0,0,,,-0.1768749736734077,1700,0.0164251207729468,False,month_of_year
OBEXEC_D,OBEXEC_D,M14_REFERENCE_LEVEL,f023,5,0.4274006744225334,2.0,0.0486673464137245,105,96,0.2628198881293459,1.6595714399164956,-0.1852561142249603,1701,0.0164347826086956,False,dist_pwh_atr
S29::10d4532019fd,S29,M06_SESSION_TIME,f005,4,0.4275717727662425,3.0,0.082535954836615,54,54,0.2217500475028631,1.203212153803899,-0.1239209859419127,1702,0.0164444444444444,False,atr_over_atrma
S14::dc07a2d5d013,S14,M08_EXTENSION_MEAN_REVERSION,f036,4,0.4282667222762857,,,0,0,,,-0.0733520870494794,1703,0.0164541062801932,False,dist_prev_sess_low_atr
OBEXEC_C,OBEXEC_C,M14_REFERENCE_LEVEL,f012,5,0.4285556824331626,,,0,0,,,-0.2057387587957231,1704,0.016463768115942,False,dist_pwl_atr
S28::b2a817579286,S28,M16_AUCTION_VALUE,f007,5,0.4287582738375239,,,0,0,,,-0.1509808226383693,1705,0.0164734299516908,False,ret_96_atr
S7::98a2f4583fb9,S7,M07_TREND_CONTINUATION,f038,5,0.4291123219634407,,,0,0,,,-0.6253044035935208,1706,0.0164830917874396,False,ret_4_atr
S28::b2a817579286,S28,M16_AUCTION_VALUE,f038,5,0.4297679297602774,,,0,0,,,-0.1509808226383693,1707,0.0164927536231884,False,ret_4_atr
S22::e730d6bce802,S22,M14_REFERENCE_LEVEL,f032,5,0.4305129712388555,,,0,0,,,-0.0783510896106395,1708,0.0165024154589371,False,efficiency_24h
S1::4b7c6d5c6035,S1,M01_LIQUIDITY_SWEEP,f012,5,0.4308111422871152,,,0,0,,,-0.2084882388941829,1709,0.0165120772946859,False,dist_pwl_atr
S1::11c4710e404e,S1,M01_LIQUIDITY_SWEEP,f008,5,0.431771205471958,,,0,0,,,-0.1687544865282243,1710,0.0165217391304347,False,dist_vwap_atr
S12::884efeda36f3,S12,M12_RANGE_ROTATION,f006,5,0.4327219959125983,,,0,0,,,-0.2323586418177302,1711,0.0165314009661835,False,realvol_ratio
S25::017b79ce0b9e,S25,M04_VOLATILITY_COMPRESSION_EXPANSION,f019,12,0.4340497562655798,,,0,0,,,-0.1485080670797977,1712,0.0165410628019323,False,month_of_year
OBEXEC_C,OBEXEC_C,M14_REFERENCE_LEVEL,f041,5,0.4345564560182036,,,0,0,,,-0.2057387587957231,1713,0.0165507246376811,False,ret_12_atr
S6::a461ec93f607,S6,M06_SESSION_TIME,f033,5,0.4346552480340671,,,0,0,,,-0.5128074236968724,1714,0.0165603864734299,False,rloc_sess
SESS_C,SESS_C,M06_SESSION_TIME,f024,2,0.4356338717637174,,,0,0,,,-0.2791331001590712,1715,0.0165700483091787,False,h1_trend_state
S29::bd28e989b4eb,S29,M06_SESSION_TIME,f033,5,0.4356549762187822,,,0,0,,,-0.1540660871629385,1716,0.0165797101449275,False,rloc_sess
S20::3a706309724e,S20,M21_META_ROUTER,f038,4,0.4359124865335779,3.0,0.2339114747018734,59,57,0.3080780966277329,1.6028031479295954,-0.0621530015021738,1717,0.0165893719806763,False,ret_4_atr
S18::18995ee3f508,S18,M06_SESSION_TIME,f021,2,0.4359761171687166,,,0,0,,,-0.2196943442096486,1718,0.0165990338164251,False,fvg_present
SESS_B,SESS_B,M06_SESSION_TIME,f024,2,0.4361570091479465,,,0,0,,,-0.3656137311760934,1719,0.0166086956521739,False,h1_trend_state
S20::3a706309724e,S20,M21_META_ROUTER,f036,5,0.4373295033425495,2.0,0.0249012245965955,167,153,0.0978551590545603,0.8624742509969578,-0.0621530015021738,1720,0.0166183574879227,False,dist_prev_sess_low_atr
S11::576394ea476f,S11,M11_STRUCTURE_BREAK_REVERSAL,f028,5,0.4382385446796233,,,0,0,,,-0.0580988841413395,1721,0.0166280193236714,False,dist_prev_sess_high_atr
S14::dc07a2d5d013,S14,M08_EXTENSION_MEAN_REVERSION,f023,5,0.4385322534635438,0.0,0.0677089308309607,143,109,0.1579978151574367,1.3353404195674197,-0.0733520870494794,1722,0.0166376811594202,False,dist_pwh_atr
S9::731bd4dd4aa4,S9,M09_MTF_ALIGNMENT,f027,5,0.4390419846406224,4.0,0.0977561655968798,358,240,0.1239806175507323,1.7070734730407189,0.0029187266956302,1723,0.016647342995169,False,atr_pct_rank
OBEXEC_D,OBEXEC_D,M14_REFERENCE_LEVEL,f005,4,0.4391519176815954,,,0,0,,,-0.1852561142249603,1724,0.0166570048309178,False,atr_over_atrma
S41::73a2a8a65e5e,S41,M17_VOLUME_PARTICIPATION,f042,5,0.4396546399787926,,,0,0,,,-0.391199701626434,1725,0.0166666666666666,False,dist_pdmid_atr
S6::a461ec93f607,S6,M06_SESSION_TIME,f031,2,0.4414636626258765,,,0,0,,,-0.5128074236968724,1726,0.0166763285024154,False,d1_trend_state
S14::25e44853ad0f,S14,M08_EXTENSION_MEAN_REVERSION,f042,5,0.442166138920752,,,0,0,,,-0.152388312799847,1727,0.0166859903381642,False,dist_pdmid_atr
S45::4809d6e42bc2,S45,M19_SEQUENCE_RUNLENGTH,f031,2,0.442470878630437,,,0,0,,,-0.1625746944243231,1728,0.016695652173913,False,d1_trend_state
OBEXEC_C,OBEXEC_C,M14_REFERENCE_LEVEL,f038,5,0.4425614454348292,,,0,0,,,-0.2057387587957231,1729,0.0167053140096618,False,ret_4_atr
S2::2c6012247423,S2,M02_FAILED_BREAKOUT_FADE,f011,46,0.4426557266483497,39.0,0.1845908122166308,103,103,0.3697834994779654,2.5045281482388715,-0.1792331034018087,1730,0.0167149758454106,False,halfhour_bucket_utc
OBEXEC_D,OBEXEC_D,M14_REFERENCE_LEVEL,f044,5,0.4436950714277754,,,0,0,,,-0.1852561142249603,1731,0.0167246376811594,False,week_of_month
S45::4809d6e42bc2,S45,M19_SEQUENCE_RUNLENGTH,f019,12,0.4439261175108537,,,0,0,,,-0.1625746944243231,1732,0.0167342995169082,False,month_of_year
S26::f196a9ae20d6,S26,M16_AUCTION_VALUE,f041,5,0.4453696093452941,,,0,0,,,-0.1791938310904777,1733,0.016743961352657,False,ret_12_atr
S26::f196a9ae20d6,S26,M16_AUCTION_VALUE,f009,5,0.4459097963982361,,,0,0,,,-0.1791938310904777,1734,0.0167536231884057,False,dist_pdl_atr
SESS_E,SESS_E,M06_SESSION_TIME,f012,4,0.4474850028468804,2.0,0.0230017431126552,115,115,0.2191570318114973,1.5898383335011508,-0.1706719129068075,1735,0.0167632850241545,False,dist_pwl_atr
S28::b2a817579286,S28,M16_AUCTION_VALUE,f008,5,0.4490393379905233,,,0,0,,,-0.1509808226383693,1736,0.0167729468599033,False,dist_vwap_atr
S51::049ca99687f4,S51,M06_SESSION_TIME,f026,5,0.4491331414834276,,,0,0,,,-0.1820980069014957,1737,0.0167826086956521,False,rloc_50
S22::e730d6bce802,S22,M14_REFERENCE_LEVEL,f026,5,0.4491359657708327,,,0,0,,,-0.0783510896106395,1738,0.0167922705314009,False,rloc_50
SESS_A,SESS_A,M06_SESSION_TIME,f007,5,0.4491823223342439,4.0,0.0756819386666845,706,706,0.0838042103471344,1.6962609912171096,0.0098448623933664,1739,0.0168019323671497,False,ret_96_atr
S13::7d288aa44d52,S13,M13_IMBALANCE_FVG,f003,5,0.4501267445547108,,,0,0,,,-0.1512493477368903,1740,0.0168115942028985,False,vol_rel_sess
S23::866611e1c7db,S23,M04_VOLATILITY_COMPRESSION_EXPANSION,f034,3,0.4503368940559766,,,0,0,,,-0.1768749736734077,1741,0.0168212560386473,False,run_len_same_dir
S2::2c6012247423,S2,M02_FAILED_BREAKOUT_FADE,f001,5,0.4503540154011154,,,0,0,,,-0.1792331034018087,1742,0.0168309178743961,False,weekday
OBEXEC_B,OBEXEC_B,M14_REFERENCE_LEVEL,f042,5,0.450710124742576,,,0,0,,,-0.2656588126211349,1743,0.0168405797101449,False,dist_pdmid_atr
S3::37a51a4fd454,S3,M03_BREAKOUT_RETEST,f019,12,0.4513560945205634,,,0,0,,,-0.3652404446864761,1744,0.0168502415458937,False,month_of_year
S12::061854e10b15,S12,M12_RANGE_ROTATION,f022,5,0.4523571875783383,,,0,0,,,-0.2424089430019912,1745,0.0168599033816425,False,rloc_20
SESS_C,SESS_C,M06_SESSION_TIME,f004,5,0.4547203879400652,,,0,0,,,-0.2791331001590712,1746,0.0168695652173913,False,dist_or_low_atr
S48::6d74b2000433,S48,M04_VOLATILITY_COMPRESSION_EXPANSION,f023,5,0.4564327561044168,,,0,0,,,-0.164287958331933,1747,0.01687922705314,False,dist_pwh_atr
S3::37a51a4fd454,S3,M03_BREAKOUT_RETEST,f021,2,0.4571611573098302,,,0,0,,,-0.3652404446864761,1748,0.0168888888888888,False,fvg_present
S16::393fe65826e6,S16,M14_REFERENCE_LEVEL,f011,5,0.4578549418714472,2.0,0.3764052593102936,37,37,0.3914922708665917,1.5835424426666678,0.0036035871818489,1749,0.0168985507246376,False,halfhour_bucket_utc
S46::28bd0e966c33,S46,M03_BREAKOUT_RETEST,f040,5,0.4590626832497713,,,0,0,,,-0.0369124123563443,1750,0.0169082125603864,False,bar_in_sess
SESS_C,SESS_C,M06_SESSION_TIME,f010,5,0.4597097034324937,,,0,0,,,-0.2791331001590712,1751,0.0169178743961352,False,bars_since_20bar_high
S50::9cc65b2c5452,S50,M20_CANDLESTICK_PATTERN,f040,5,0.4598568994843122,,,0,0,,,-0.6026326920420786,1752,0.016927536231884,False,bar_in_sess
S46::28bd0e966c33,S46,M03_BREAKOUT_RETEST,f002,5,0.4599060467407601,,,0,0,,,-0.0369124123563443,1753,0.0169371980676328,False,ret_1_atr
S51::049ca99687f4,S51,M06_SESSION_TIME,f006,5,0.4605104080492284,,,0,0,,,-0.1820980069014957,1754,0.0169468599033816,False,realvol_ratio
S31::9584b16899ad,S31,M06_SESSION_TIME,f031,2,0.4608542978452545,,,0,0,,,-0.2468575655120184,1755,0.0169565217391304,False,d1_trend_state
S14::25e44853ad0f,S14,M08_EXTENSION_MEAN_REVERSION,f031,2,0.4612328618339334,,,0,0,,,-0.152388312799847,1756,0.0169661835748792,False,d1_trend_state
HTF_RANGE_FADE,HTF_RANGE_FADE,M12_RANGE_ROTATION,f024,2,0.4619542341678526,,,0,0,,,-0.1462639811616175,1757,0.016975845410628,False,h1_trend_state
S23::866611e1c7db,S23,M04_VOLATILITY_COMPRESSION_EXPANSION,f006,5,0.462293613105067,,,0,0,,,-0.1768749736734077,1758,0.0169855072463768,False,realvol_ratio
SESS_A,SESS_A,M06_SESSION_TIME,f033,5,0.4635090686803211,1.0,0.0389183553647075,511,511,0.0344137355695996,0.5729489417585906,0.0098448623933664,1759,0.0169951690821256,False,rloc_sess
OBR_A_limit,OBR_A_limit,M14_REFERENCE_LEVEL,f004,5,0.4635369855167104,2.0,0.0379388274741126,454,390,0.1287796053899813,1.681285890743923,-0.0673227003426379,1760,0.0170048309178743,False,dist_or_low_atr
S8::b7adfd7f9d4f,S8,M08_EXTENSION_MEAN_REVERSION,f019,12,0.4640262602278371,,,0,0,,,-0.1740521879042388,1761,0.0170144927536231,False,month_of_year
S5::9cce3e63e04e,S5,M05_OPENING_RANGE,f037,2,0.4641730076743218,,,0,0,,,-0.0824976353327315,1762,0.0170241545893719,False,disp_recent
S43::6aacd27a298d,S43,M18_OSCILLATOR_DIVERGENCE,f021,2,0.4650051175143321,,,0,0,,,-0.3255470396563592,1763,0.0170338164251207,False,fvg_present
S21::6ddb75c3f9b1,S21,M01_LIQUIDITY_SWEEP,f021,2,0.4653705650886035,,,0,0,,,-0.3144243577251478,1764,0.0170434782608695,False,fvg_present
OBR_A_limit,OBR_A_limit,M14_REFERENCE_LEVEL,f017,13,0.4668185225044809,18.0,0.1719066953601006,88,78,0.2480084560954996,1.440556241682019,-0.0673227003426379,1765,0.0170531400966183,False,hour_utc
S5::15be26301532,S5,M05_OPENING_RANGE,f035,5,0.4682530007124774,1.0,0.0867322284795374,279,275,0.1357684092852081,1.6764473535685318,-0.0334222540989216,1766,0.0170628019323671,False,dist_pdh_atr
HTF_RECLAIM,HTF_RECLAIM,M11_STRUCTURE_BREAK_REVERSAL,f019,12,0.4690204447746708,1.0,0.0206383391984275,530,248,0.1309809374428225,2.063290490035208,-0.1001845799762217,1767,0.0170724637681159,False,month_of_year
S48::6d74b2000433,S48,M04_VOLATILITY_COMPRESSION_EXPANSION,f014,5,0.4735333815589504,,,0,0,,,-0.164287958331933,1768,0.0170821256038647,False,bars_since_20bar_low
S29::10d4532019fd,S29,M06_SESSION_TIME,f006,5,0.4755498044640416,,,0,0,,,-0.1239209859419127,1769,0.0170917874396135,False,realvol_ratio
S14::25e44853ad0f,S14,M08_EXTENSION_MEAN_REVERSION,f021,2,0.4758184430503887,,,0,0,,,-0.152388312799847,1770,0.0171014492753623,False,fvg_present
OBEXEC_C,OBEXEC_C,M14_REFERENCE_LEVEL,f040,5,0.4772628829567527,,,0,0,,,-0.2057387587957231,1771,0.0171111111111111,False,bar_in_sess
S9::731bd4dd4aa4,S9,M09_MTF_ALIGNMENT,f041,5,0.4774528027773672,0.0,0.0997658853973084,152,140,0.1075844075147015,0.934403610187422,0.0029187266956302,1772,0.0171207729468599,False,ret_12_atr
S7::98a2f4583fb9,S7,M07_TREND_CONTINUATION,f032,5,0.4776976909879649,,,0,0,,,-0.6253044035935208,1773,0.0171304347826086,False,efficiency_24h
S38::3029c9493a71,S38,M07_TREND_CONTINUATION,f041,5,0.4777240276730576,,,0,0,,,-0.0939524767845139,1774,0.0171400966183574,False,ret_12_atr
S13::7d288aa44d52,S13,M13_IMBALANCE_FVG,f024,2,0.478170899456515,,,0,0,,,-0.1512493477368903,1775,0.0171497584541062,False,h1_trend_state
S46::28bd0e966c33,S46,M03_BREAKOUT_RETEST,f024,2,0.4806792335582193,,,0,0,,,-0.0369124123563443,1776,0.017159420289855,False,h1_trend_state
S48::6d74b2000433,S48,M04_VOLATILITY_COMPRESSION_EXPANSION,f021,2,0.4807174228133606,,,0,0,,,-0.164287958331933,1777,0.0171690821256038,False,fvg_present
S30::282a94fa23d8,S30,M06_SESSION_TIME,f020,5,0.480997592689707,,,0,0,,,-0.146454009554978,1778,0.0171787439613526,False,mtf_alignment
S18::18995ee3f508,S18,M06_SESSION_TIME,f013,5,0.4812922773948691,,,0,0,,,-0.2196943442096486,1779,0.0171884057971014,False,vol_rel_20
S21::6ddb75c3f9b1,S21,M01_LIQUIDITY_SWEEP,f012,5,0.4814158300508109,,,0,0,,,-0.3144243577251478,1780,0.0171980676328502,False,dist_pwl_atr
S4::cf232107e3b5,S4,M04_VOLATILITY_COMPRESSION_EXPANSION,f002,5,0.4824802108336845,,,0,0,,,-0.2239875030282,1781,0.017207729468599,False,ret_1_atr
S2::691f36c634e3,S2,M02_FAILED_BREAKOUT_FADE,f041,4,0.4826465817302683,,,0,0,,,-0.2259536905507216,1782,0.0172173913043478,False,ret_12_atr
S14::dc07a2d5d013,S14,M08_EXTENSION_MEAN_REVERSION,f014,4,0.4827518441986509,2.0,0.0860500508832468,57,56,0.1665171902915089,0.9530185626711308,-0.0733520870494794,1783,0.0172270531400966,False,bars_since_20bar_low
S38::3029c9493a71,S38,M07_TREND_CONTINUATION,f033,5,0.483182069617496,,,0,0,,,-0.0939524767845139,1784,0.0172367149758454,False,rloc_sess
S17::3cf289079abb,S17,M14_REFERENCE_LEVEL,f036,5,0.4834207534489176,2.0,0.2247087877023735,59,48,0.3031093296766044,1.6611458858880448,-0.0214468781177987,1785,0.0172463768115942,False,dist_prev_sess_low_atr
S19::762b6018f2c5,S19,M15_GAP,f009,1,0.4844102408857353,,,0,0,,,-0.2669320577565558,1786,0.0172560386473429,False,dist_pdl_atr
S40::43b9c7dbd606,S40,M21_META_ROUTER,f041,5,0.4855276735488478,,,0,0,,,-0.1929964957240371,1787,0.0172657004830917,False,ret_12_atr
OBEXEC_D,OBEXEC_D,M14_REFERENCE_LEVEL,f036,5,0.486754475705915,,,0,0,,,-0.1852561142249603,1788,0.0172753623188405,False,dist_prev_sess_low_atr
S38::3029c9493a71,S38,M07_TREND_CONTINUATION,f046,2,0.4873601973885879,,,0,0,,,-0.0939524767845139,1789,0.0172850241545893,False,h4_trend_state
S42::a347eead7c5d,S42,M08_EXTENSION_MEAN_REVERSION,f042,5,0.4876064687708892,1.0,0.0150842525084247,260,221,0.1322879582884559,1.65699100464077,-0.1021182368524002,1790,0.0172946859903381,False,dist_pdmid_atr
OBEXEC_C,OBEXEC_C,M14_REFERENCE_LEVEL,f002,5,0.4880203402153271,,,0,0,,,-0.2057387587957231,1791,0.0173043478260869,False,ret_1_atr
HTF_RANGE_FADE,HTF_RANGE_FADE,M12_RANGE_ROTATION,f006,5,0.4880650612190118,,,0,0,,,-0.1462639811616175,1792,0.0173140096618357,False,realvol_ratio
HTF_RECLAIM,HTF_RECLAIM,M11_STRUCTURE_BREAK_REVERSAL,f031,2,0.4888665959600704,,,0,0,,,-0.1001845799762217,1793,0.0173236714975845,False,d1_trend_state
S20::3a706309724e,S20,M21_META_ROUTER,f003,5,0.488964410567555,2.0,0.0320716199554209,301,218,0.117625290647971,1.4371972151705508,-0.0621530015021738,1794,0.0173333333333333,False,vol_rel_sess
S25::017b79ce0b9e,S25,M04_VOLATILITY_COMPRESSION_EXPANSION,f014,5,0.4889902087078579,,,0,0,,,-0.1485080670797977,1795,0.0173429951690821,False,bars_since_20bar_low
S22::e730d6bce802,S22,M14_REFERENCE_LEVEL,f019,12,0.4894127815877276,2.0,0.0073911311711089,465,178,0.0955600323216433,1.4449751722924755,-0.0783510896106395,1796,0.0173526570048309,False,month_of_year
S23::866611e1c7db,S23,M04_VOLATILITY_COMPRESSION_EXPANSION,f041,5,0.4897087529095745,,,0,0,,,-0.1768749736734077,1797,0.0173623188405797,False,ret_12_atr
S43::6aacd27a298d,S43,M18_OSCILLATOR_DIVERGENCE,f002,5,0.4897379249450773,,,0,0,,,-0.3255470396563592,1798,0.0173719806763285,False,ret_1_atr
S6::7199b701458a,S6,M06_SESSION_TIME,f032,5,0.4930703182180451,,,0,0,,,-0.5031640871587263,1799,0.0173816425120772,False,efficiency_24h
S39::cdecf371316b,S39,M07_TREND_CONTINUATION,f026,5,0.4932855313459783,,,0,0,,,-0.1572910268826625,1800,0.017391304347826,False,rloc_50
S3::37a51a4fd454,S3,M03_BREAKOUT_RETEST,f034,3,0.4933376622145347,,,0,0,,,-0.3652404446864761,1801,0.0174009661835748,False,run_len_same_dir
S24::a20c02d14359,S24,M06_SESSION_TIME,f020,5,0.4939389193947718,2.0,0.0157870253600236,294,294,0.1410593987509735,1.6507590548941211,-0.1145562330207209,1802,0.0174106280193236,False,mtf_alignment
SESS_B,SESS_B,M06_SESSION_TIME,f033,5,0.4943161952114649,,,0,0,,,-0.3656137311760934,1803,0.0174202898550724,False,rloc_sess
S26::f196a9ae20d6,S26,M16_AUCTION_VALUE,f013,5,0.4966287770105393,,,0,0,,,-0.1791938310904777,1804,0.0174299516908212,False,vol_rel_20
S14::dc07a2d5d013,S14,M08_EXTENSION_MEAN_REVERSION,f004,5,0.4969829349855426,2.0,0.0963718097566641,134,129,0.188676398616163,1.5993947079131796,-0.0733520870494794,1805,0.01743961352657,False,dist_or_low_atr
S42::a347eead7c5d,S42,M08_EXTENSION_MEAN_REVERSION,f011,28,0.4974291454949755,37.0,0.2630644578907344,50,50,0.3733706475400659,1.9646334093632372,-0.1021182368524002,1806,0.0174492753623188,False,halfhour_bucket_utc
S43::6aacd27a298d,S43,M18_OSCILLATOR_DIVERGENCE,f035,5,0.4975924382744123,,,0,0,,,-0.3255470396563592,1807,0.0174589371980676,False,dist_pdh_atr
OBEXEC_D,OBEXEC_D,M14_REFERENCE_LEVEL,f028,4,0.4984805526116034,,,0,0,,,-0.1852561142249603,1808,0.0174685990338164,False,dist_prev_sess_high_atr
S30::282a94fa23d8,S30,M06_SESSION_TIME,f012,5,0.5025546783606716,,,0,0,,,-0.146454009554978,1809,0.0174782608695652,False,dist_pwl_atr
S42::a347eead7c5d,S42,M08_EXTENSION_MEAN_REVERSION,f014,5,0.5030995477787714,4.0,0.0106031921674976,304,261,0.1300631873306514,1.641855714152031,-0.1021182368524002,1810,0.017487922705314,False,bars_since_20bar_low
S14::dc07a2d5d013,S14,M08_EXTENSION_MEAN_REVERSION,f021,2,0.5033782091954926,,,0,0,,,-0.0733520870494794,1811,0.0174975845410628,False,fvg_present
HTF_RECLAIM,HTF_RECLAIM,M11_STRUCTURE_BREAK_REVERSAL,f012,5,0.5034196728870777,,,0,0,,,-0.1001845799762217,1812,0.0175072463768115,False,dist_pwl_atr
S24::a20c02d14359,S24,M06_SESSION_TIME,f032,5,0.503968300779547,,,0,0,,,-0.1145562330207209,1813,0.0175169082125603,False,efficiency_24h
S38::3029c9493a71,S38,M07_TREND_CONTINUATION,f027,5,0.5048873544933818,,,0,0,,,-0.0939524767845139,1814,0.0175265700483091,False,atr_pct_rank
OBEXEC_C,OBEXEC_C,M14_REFERENCE_LEVEL,f031,2,0.5055697711340681,,,0,0,,,-0.2057387587957231,1815,0.0175362318840579,False,d1_trend_state
S27::8492323d86e4,S27,M16_AUCTION_VALUE,f010,5,0.5066393804697134,,,0,0,,,-0.1757948604079745,1816,0.0175458937198067,False,bars_since_20bar_high
S30::282a94fa23d8,S30,M06_SESSION_TIME,f017,3,0.5105163746272112,,,0,0,,,-0.146454009554978,1817,0.0175555555555555,False,hour_utc
S4::cf232107e3b5,S4,M04_VOLATILITY_COMPRESSION_EXPANSION,f038,5,0.5117897431051421,,,0,0,,,-0.2239875030282,1818,0.0175652173913043,False,ret_4_atr
S28::b2a817579286,S28,M16_AUCTION_VALUE,f001,5,0.5118657894396361,,,0,0,,,-0.1509808226383693,1819,0.0175748792270531,False,weekday
S18::18995ee3f508,S18,M06_SESSION_TIME,f032,5,0.5125040780080192,,,0,0,,,-0.2196943442096486,1820,0.0175845410628019,False,efficiency_24h
S2::691f36c634e3,S2,M02_FAILED_BREAKOUT_FADE,f014,5,0.5126184517882992,,,0,0,,,-0.2259536905507216,1821,0.0175942028985507,False,bars_since_20bar_low
S6::a461ec93f607,S6,M06_SESSION_TIME,f004,4,0.5130553541042246,,,0,0,,,-0.5128074236968724,1822,0.0176038647342995,False,dist_or_low_atr
S43::6aacd27a298d,S43,M18_OSCILLATOR_DIVERGENCE,f044,5,0.5140392407031125,,,0,0,,,-0.3255470396563592,1823,0.0176135265700483,False,week_of_month
SESS_A,SESS_A,M06_SESSION_TIME,f011,14,0.5140712150230895,27.0,0.3933768835129798,53,53,0.3898058473910144,2.088870605550869,0.0098448623933664,1824,0.0176231884057971,False,halfhour_bucket_utc
S21::6ddb75c3f9b1,S21,M01_LIQUIDITY_SWEEP,f034,3,0.5142151727884463,,,0,0,,,-0.3144243577251478,1825,0.0176328502415458,False,run_len_same_dir
S1::11c4710e404e,S1,M01_LIQUIDITY_SWEEP,f036,5,0.5150462233266084,,,0,0,,,-0.1687544865282243,1826,0.0176425120772946,False,dist_prev_sess_low_atr
S13::7d288aa44d52,S13,M13_IMBALANCE_FVG,f001,5,0.5167291883722158,,,0,0,,,-0.1512493477368903,1827,0.0176521739130434,False,weekday
OBEXEC_D,OBEXEC_D,M14_REFERENCE_LEVEL,f001,5,0.5170287587849764,,,0,0,,,-0.1852561142249603,1828,0.0176618357487922,False,weekday
S10::598adad042be,S10,M10_DISPLACEMENT_CONTINUATION,f008,5,0.5174251854610756,,,0,0,,,-0.1821402258358029,1829,0.017671497584541,False,dist_vwap_atr
S6::7199b701458a,S6,M06_SESSION_TIME,f027,5,0.5177764940334229,,,0,0,,,-0.5031640871587263,1830,0.0176811594202898,False,atr_pct_rank
HTF_PBK_TREND,HTF_PBK_TREND,M07_TREND_CONTINUATION,f033,5,0.5181554175703806,2.0,0.1044572674475191,82,81,0.2525359011741434,1.6274993642890438,-0.084165226639341,1831,0.0176908212560386,False,rloc_sess
SESS_B,SESS_B,M06_SESSION_TIME,f010,5,0.5186862324914709,,,0,0,,,-0.3656137311760934,1832,0.0177004830917874,False,bars_since_20bar_high
SESS_A,SESS_A,M06_SESSION_TIME,f031,2,0.5187777747052573,0.0,0.0443518642007429,720,720,0.0441630613881425,0.88986130451699,0.0098448623933664,1833,0.0177101449275362,False,d1_trend_state
S30::282a94fa23d8,S30,M06_SESSION_TIME,f038,5,0.5196524926681423,,,0,0,,,-0.146454009554978,1834,0.017719806763285,False,ret_4_atr
S38::3029c9493a71,S38,M07_TREND_CONTINUATION,f040,5,0.5201435499535401,,,0,0,,,-0.0939524767845139,1835,0.0177294685990338,False,bar_in_sess
OBEXEC_D,OBEXEC_D,M14_REFERENCE_LEVEL,f042,5,0.5207059400986869,0.0,0.0589774184514211,82,75,0.2671741394111619,1.5011995318418958,-0.1852561142249603,1836,0.0177391304347826,False,dist_pdmid_atr
S31::9584b16899ad,S31,M06_SESSION_TIME,f023,5,0.5231671266776816,,,0,0,,,-0.2468575655120184,1837,0.0177487922705314,False,dist_pwh_atr
S8::b7adfd7f9d4f,S8,M08_EXTENSION_MEAN_REVERSION,f010,5,0.523208941417157,,,0,0,,,-0.1740521879042388,1838,0.0177584541062801,False,bars_since_20bar_high
S15::ac373f9fe529,S15,M07_TREND_CONTINUATION,f035,5,0.5235149388201787,,,0,0,,,-0.1615200875385349,1839,0.0177681159420289,False,dist_pdh_atr
S50::9cc65b2c5452,S50,M20_CANDLESTICK_PATTERN,f014,5,0.5237894437387114,,,0,0,,,-0.6026326920420786,1840,0.0177777777777777,False,bars_since_20bar_low
S10::598adad042be,S10,M10_DISPLACEMENT_CONTINUATION,f011,47,0.5244886430884863,8.0,0.1237551490968973,60,60,0.3072862299263319,1.6255728813278365,-0.1821402258358029,1841,0.0177874396135265,False,halfhour_bucket_utc
S13::7d288aa44d52,S13,M13_IMBALANCE_FVG,f012,5,0.524627944883852,,,0,0,,,-0.1512493477368903,1842,0.0177971014492753,False,dist_pwl_atr
S24::a20c02d14359,S24,M06_SESSION_TIME,f036,5,0.5255809659294131,,,0,0,,,-0.1145562330207209,1843,0.0178067632850241,False,dist_prev_sess_low_atr
S8::ec037f864152,S8,M08_EXTENSION_MEAN_REVERSION,f031,2,0.5264426368676451,,,0,0,,,-0.1440796368386465,1844,0.0178164251207729,False,d1_trend_state
S20::3a706309724e,S20,M21_META_ROUTER,f042,5,0.5264789576916518,3.0,0.0820935492175949,187,135,0.1645890130007617,1.61970439556617,-0.0621530015021738,1845,0.0178260869565217,False,dist_pdmid_atr
S5::15be26301532,S5,M05_OPENING_RANGE,f044,5,0.5266602945438392,2.0,0.0357193690387443,572,533,0.0904733428975069,1.6195356664908107,-0.0334222540989216,1846,0.0178357487922705,False,week_of_month
SESS_A,SESS_A,M06_SESSION_TIME,f017,7,0.5267160062150009,13.0,0.198634004180069,141,141,0.1972343413399783,1.778967174604805,0.0098448623933664,1847,0.0178454106280193,False,hour_utc
SESS_E,SESS_E,M06_SESSION_TIME,f037,2,0.5269870878564689,,,0,0,,,-0.1706719129068075,1848,0.0178550724637681,False,disp_recent
S45::4809d6e42bc2,S45,M19_SEQUENCE_RUNLENGTH,f040,5,0.5271353546432045,,,0,0,,,-0.1625746944243231,1849,0.0178647342995169,False,bar_in_sess
S40::43b9c7dbd606,S40,M21_META_ROUTER,f044,5,0.5272464240188213,,,0,0,,,-0.1929964957240371,1850,0.0178743961352657,False,week_of_month
S18::3933c532ec9c,S18,M06_SESSION_TIME,f035,5,0.5282239025168634,,,0,0,,,-0.2706234087594297,1851,0.0178840579710144,False,dist_pdh_atr
S5::15be26301532,S5,M05_OPENING_RANGE,f011,9,0.5293214989051185,10.0,0.4527512841187372,31,31,0.4924663898605597,1.8895848877726504,-0.0334222540989216,1852,0.0178937198067632,False,halfhour_bucket_utc
S31::9584b16899ad,S31,M06_SESSION_TIME,f027,5,0.529734118011711,,,0,0,,,-0.2468575655120184,1853,0.017903381642512,False,atr_pct_rank
S10::598adad042be,S10,M10_DISPLACEMENT_CONTINUATION,f036,5,0.5304796140182289,,,0,0,,,-0.1821402258358029,1854,0.0179130434782608,False,dist_prev_sess_low_atr
HTF_TGT_BREAK,HTF_TGT_BREAK,M03_BREAKOUT_RETEST,f046,2,0.5306194761334755,0.0,0.035565903504035,126,107,0.0804605875869553,1.1139287880481663,-0.0228554796569282,1855,0.0179227053140096,False,h4_trend_state
S8::b7adfd7f9d4f,S8,M08_EXTENSION_MEAN_REVERSION,f046,2,0.5313422934671603,,,0,0,,,-0.1740521879042388,1856,0.0179323671497584,False,h4_trend_state
S25::017b79ce0b9e,S25,M04_VOLATILITY_COMPRESSION_EXPANSION,f012,5,0.5321432832961515,,,0,0,,,-0.1485080670797977,1857,0.0179420289855072,False,dist_pwl_atr
S6::a461ec93f607,S6,M06_SESSION_TIME,f017,3,0.5323156665742745,,,0,0,,,-0.5128074236968724,1858,0.017951690821256,False,hour_utc
S43::6aacd27a298d,S43,M18_OSCILLATOR_DIVERGENCE,f001,5,0.5325593971510778,,,0,0,,,-0.3255470396563592,1859,0.0179613526570048,False,weekday
S42::a347eead7c5d,S42,M08_EXTENSION_MEAN_REVERSION,f001,5,0.5331232575056921,,,0,0,,,-0.1021182368524002,1860,0.0179710144927536,False,weekday
S3::37a51a4fd454,S3,M03_BREAKOUT_RETEST,f008,5,0.5332327426391137,,,0,0,,,-0.3652404446864761,1861,0.0179806763285024,False,dist_vwap_atr
HTF_PBK_TREND,HTF_PBK_TREND,M07_TREND_CONTINUATION,f006,5,0.5333589807908401,3.0,0.1351910634701198,68,52,0.2776228046697864,1.6133347711640362,-0.084165226639341,1862,0.0179903381642512,False,realvol_ratio
S17::3cf289079abb,S17,M14_REFERENCE_LEVEL,f031,2,0.5346107512593279,0.0,0.2259949938013806,33,21,0.2765008817886916,1.109289355397724,-0.0214468781177987,1863,0.018,False,d1_trend_state
S44::3d6f380511c2,S44,M17_VOLUME_PARTICIPATION,f019,12,0.534756000826234,,,0,0,,,-0.1698854030120568,1864,0.0180096618357487,False,month_of_year
S3::7aafa506c507,S3,M03_BREAKOUT_RETEST,f004,5,0.5354519211549025,,,0,0,,,-0.3737354389272471,1865,0.0180193236714975,False,dist_or_low_atr
SESS_E,SESS_E,M06_SESSION_TIME,f032,5,0.5361803713133373,,,0,0,,,-0.1706719129068075,1866,0.0180289855072463,False,efficiency_24h
S6::7199b701458a,S6,M06_SESSION_TIME,f034,3,0.5361818429889422,,,0,0,,,-0.5031640871587263,1867,0.0180386473429951,False,run_len_same_dir
S11::576394ea476f,S11,M11_STRUCTURE_BREAK_REVERSAL,f013,5,0.5363519469401656,,,0,0,,,-0.0580988841413395,1868,0.0180483091787439,False,vol_rel_20
SESS_C,SESS_C,M06_SESSION_TIME,f026,5,0.5387995917246835,,,0,0,,,-0.2791331001590712,1869,0.0180579710144927,False,rloc_50
S14::dc07a2d5d013,S14,M08_EXTENSION_MEAN_REVERSION,f042,4,0.5393577036313442,1.0,0.0560322664831057,165,146,0.1476464735778175,1.4952875001306396,-0.0733520870494794,1870,0.0180676328502415,False,dist_pdmid_atr
S21::b61f7b31fafc,S21,M01_LIQUIDITY_SWEEP,f037,2,0.539637406219136,,,0,0,,,-0.2797389306514087,1871,0.0180772946859903,False,disp_recent
S30::282a94fa23d8,S30,M06_SESSION_TIME,f046,2,0.5407645743915306,,,0,0,,,-0.146454009554978,1872,0.0180869565217391,False,h4_trend_state
S42::a347eead7c5d,S42,M08_EXTENSION_MEAN_REVERSION,f046,2,0.5424493174931913,,,0,0,,,-0.1021182368524002,1873,0.0180966183574879,False,h4_trend_state
S5::15be26301532,S5,M05_OPENING_RANGE,f040,4,0.5426749283544279,,,0,0,,,-0.0334222540989216,1874,0.0181062801932367,False,bar_in_sess
S29::bd28e989b4eb,S29,M06_SESSION_TIME,f031,2,0.542922472555563,,,0,0,,,-0.1540660871629385,1875,0.0181159420289855,False,d1_trend_state
S6::a461ec93f607,S6,M06_SESSION_TIME,f009,4,0.5438336769852796,,,0,0,,,-0.5128074236968724,1876,0.0181256038647343,False,dist_pdl_atr
OBR_A_limit,OBR_A_limit,M14_REFERENCE_LEVEL,f009,5,0.5440005456945829,1.0,0.0571629876442779,305,261,0.1418942780080114,1.6036097096943218,-0.0673227003426379,1877,0.018135265700483,False,dist_pdl_atr
OBR_A_limit,OBR_A_limit,M14_REFERENCE_LEVEL,f023,5,0.5440651578058486,2.0,0.0868525582056417,213,176,0.1686228300708417,1.6035511240088942,-0.0673227003426379,1878,0.0181449275362318,False,dist_pwh_atr
S9::731bd4dd4aa4,S9,M09_MTF_ALIGNMENT,f013,5,0.5440652829033188,1.0,0.1165659942185851,262,217,0.1372599432493738,1.5271198888551245,0.0029187266956302,1879,0.0181545893719806,False,vol_rel_20
S31::555f488885b1,S31,M06_SESSION_TIME,f042,5,0.5456508184179121,,,0,0,,,-0.2555616258255557,1880,0.0181642512077294,False,dist_pdmid_atr
S6::a461ec93f607,S6,M06_SESSION_TIME,f046,2,0.5462593198134877,,,0,0,,,-0.5128074236968724,1881,0.0181739130434782,False,h4_trend_state
S11::576394ea476f,S11,M11_STRUCTURE_BREAK_REVERSAL,f042,5,0.5475959718899259,,,0,0,,,-0.0580988841413395,1882,0.018183574879227,False,dist_pdmid_atr
S24::a20c02d14359,S24,M06_SESSION_TIME,f004,4,0.5478595688847534,4.0,0.0400419519169924,186,186,0.1624036307570441,1.4871890312977547,-0.1145562330207209,1883,0.0181932367149758,False,dist_or_low_atr
S16::393fe65826e6,S16,M14_REFERENCE_LEVEL,f046,2,0.5488856837916045,0.0,0.0326016463844192,186,117,0.0381553410560135,0.3523073554693456,0.0036035871818489,1884,0.0182028985507246,False,h4_trend_state
OBEXEC_B,OBEXEC_B,M14_REFERENCE_LEVEL,f014,5,0.5497235728879546,,,0,0,,,-0.2656588126211349,1885,0.0182125603864734,False,bars_since_20bar_low
S31::9584b16899ad,S31,M06_SESSION_TIME,f014,5,0.5504888410103681,,,0,0,,,-0.2468575655120184,1886,0.0182222222222222,False,bars_since_20bar_low
OBEXEC_D,OBEXEC_D,M14_REFERENCE_LEVEL,f011,14,0.5506101617093737,32.0,0.3545209686933145,30,28,0.5572833666885972,1.865800464425904,-0.1852561142249603,1887,0.018231884057971,False,halfhour_bucket_utc
HTF_RECLAIM,HTF_RECLAIM,M11_STRUCTURE_BREAK_REVERSAL,f023,5,0.55187468568897,,,0,0,,,-0.1001845799762217,1888,0.0182415458937198,False,dist_pwh_atr
S16::393fe65826e6,S16,M14_REFERENCE_LEVEL,f026,5,0.5520571183502354,0.0,0.3529497100367378,41,37,0.3688600071015516,1.596346634466102,0.0036035871818489,1889,0.0182512077294686,False,rloc_50
HTF_PBK_TREND,HTF_PBK_TREND,M07_TREND_CONTINUATION,f011,1,0.5520697123059566,,,0,0,,,-0.084165226639341,1890,0.0182608695652173,False,halfhour_bucket_utc
HTF_PBK_TREND,HTF_PBK_TREND,M07_TREND_CONTINUATION,f017,1,0.5520697123059566,,,0,0,,,-0.084165226639341,1891,0.0182705314009661,False,hour_utc
SESS_D,SESS_D,M06_SESSION_TIME,f028,5,0.5531615683612223,4.0,0.0823484064851232,270,270,0.1207619671298013,1.5799463948807588,-0.0267017319359689,1892,0.0182801932367149,False,dist_prev_sess_high_atr
S19::762b6018f2c5,S19,M15_GAP,f041,1,0.5533911873229771,,,0,0,,,-0.2669320577565558,1893,0.0182898550724637,False,ret_12_atr
S5::15be26301532,S5,M05_OPENING_RANGE,f028,4,0.5534737850034634,2.0,0.0205832632416895,585,571,0.0711664231767098,1.2639945516043125,-0.0334222540989216,1894,0.0182995169082125,False,dist_prev_sess_high_atr
S18::18995ee3f508,S18,M06_SESSION_TIME,f009,5,0.5538346609984779,,,0,0,,,-0.2196943442096486,1895,0.0183091787439613,False,dist_pdl_atr
S39::cdecf371316b,S39,M07_TREND_CONTINUATION,f008,5,0.5540108094558815,,,0,0,,,-0.1572910268826625,1896,0.0183188405797101,False,dist_vwap_atr
HTF_RECLAIM,HTF_RECLAIM,M11_STRUCTURE_BREAK_REVERSAL,f009,5,0.5551617363894223,,,0,0,,,-0.1001845799762217,1897,0.0183285024154589,False,dist_pdl_atr
OBR_A_limit,OBR_A_limit,M14_REFERENCE_LEVEL,f044,5,0.5565710969223314,,,0,0,,,-0.0673227003426379,1898,0.0183381642512077,False,week_of_month
S23::866611e1c7db,S23,M04_VOLATILITY_COMPRESSION_EXPANSION,f014,5,0.557019942938306,,,0,0,,,-0.1768749736734077,1899,0.0183478260869565,False,bars_since_20bar_low
S1::4b7c6d5c6035,S1,M01_LIQUIDITY_SWEEP,f024,2,0.5575075738500761,,,0,0,,,-0.2084882388941829,1900,0.0183574879227053,False,h1_trend_state
OBEXEC_B,OBEXEC_B,M14_REFERENCE_LEVEL,f027,5,0.5577197625445274,,,0,0,,,-0.2656588126211349,1901,0.0183671497584541,False,atr_pct_rank
S42::a347eead7c5d,S42,M08_EXTENSION_MEAN_REVERSION,f030,5,0.5579602740392964,3.0,0.008921299898426,289,262,0.1271572796543866,1.5910778583912126,-0.1021182368524002,1902,0.0183768115942029,False,rloc_96
SESS_A,SESS_A,M06_SESSION_TIME,f021,2,0.5582587592581096,1.0,0.0306226547542084,1002,1002,0.0298652423589056,0.7195725583895666,0.0098448623933664,1903,0.0183864734299516,False,fvg_present
SESS_E,SESS_E,M06_SESSION_TIME,f041,5,0.5588963844177419,,,0,0,,,-0.1706719129068075,1904,0.0183961352657004,False,ret_12_atr
S41::73a2a8a65e5e,S41,M17_VOLUME_PARTICIPATION,f036,5,0.5591396933393444,,,0,0,,,-0.391199701626434,1905,0.0184057971014492,False,dist_prev_sess_low_atr
S13::7d288aa44d52,S13,M13_IMBALANCE_FVG,f033,5,0.5594164138487834,,,0,0,,,-0.1512493477368903,1906,0.018415458937198,False,rloc_sess
S26::f196a9ae20d6,S26,M16_AUCTION_VALUE,f020,5,0.561347691954297,,,0,0,,,-0.1791938310904777,1907,0.0184251207729468,False,mtf_alignment
S48::6d74b2000433,S48,M04_VOLATILITY_COMPRESSION_EXPANSION,f008,5,0.5613511928585857,,,0,0,,,-0.164287958331933,1908,0.0184347826086956,False,dist_vwap_atr
S21::b61f7b31fafc,S21,M01_LIQUIDITY_SWEEP,f013,5,0.561476499015523,,,0,0,,,-0.2797389306514087,1909,0.0184444444444444,False,vol_rel_20
S9::731bd4dd4aa4,S9,M09_MTF_ALIGNMENT,f009,5,0.5622005333360658,2.0,0.1225495659624293,257,165,0.1439160886282267,1.58732035829592,0.0029187266956302,1910,0.0184541062801932,False,dist_pdl_atr
S30::282a94fa23d8,S30,M06_SESSION_TIME,f024,2,0.5636335499134093,,,0,0,,,-0.146454009554978,1911,0.018463768115942,False,h1_trend_state
S18::18995ee3f508,S18,M06_SESSION_TIME,f044,5,0.5645062219135533,,,0,0,,,-0.2196943442096486,1912,0.0184734299516908,False,week_of_month
OBEXEC_C,OBEXEC_C,M14_REFERENCE_LEVEL,f021,2,0.5646618936749936,,,0,0,,,-0.2057387587957231,1913,0.0184830917874396,False,fvg_present
S2::2c6012247423,S2,M02_FAILED_BREAKOUT_FADE,f032,5,0.5648806194596112,,,0,0,,,-0.1792331034018087,1914,0.0184927536231884,False,efficiency_24h
S30::282a94fa23d8,S30,M06_SESSION_TIME,f035,5,0.5660960635045376,,,0,0,,,-0.146454009554978,1915,0.0185024154589372,False,dist_pdh_atr
S19::762b6018f2c5,S19,M15_GAP,f042,1,0.566545595463285,,,0,0,,,-0.2669320577565558,1916,0.0185120772946859,False,dist_pdmid_atr
S21::6ddb75c3f9b1,S21,M01_LIQUIDITY_SWEEP,f038,5,0.5671542498807591,,,0,0,,,-0.3144243577251478,1917,0.0185217391304347,False,ret_4_atr
HTF_PBK_TREND,HTF_PBK_TREND,M07_TREND_CONTINUATION,f001,5,0.5671676307915174,2.0,0.1281202771542246,65,55,0.2655617885294026,1.4827038848442404,-0.084165226639341,1918,0.0185314009661835,False,weekday
S15::ac373f9fe529,S15,M07_TREND_CONTINUATION,f008,5,0.5675804741481638,,,0,0,,,-0.1615200875385349,1919,0.0185410628019323,False,dist_vwap_atr
S24::a20c02d14359,S24,M06_SESSION_TIME,f026,5,0.5682697184091867,,,0,0,,,-0.1145562330207209,1920,0.0185507246376811,False,rloc_50
S41::73a2a8a65e5e,S41,M17_VOLUME_PARTICIPATION,f019,12,0.5684045019629398,,,0,0,,,-0.391199701626434,1921,0.0185603864734299,False,month_of_year
S29::bd28e989b4eb,S29,M06_SESSION_TIME,f023,5,0.5700208499785708,0.0,0.0410335916663786,96,96,0.2223625160456409,1.4590610281963023,-0.1540660871629385,1922,0.0185700483091787,False,dist_pwh_atr
S20::3a706309724e,S20,M21_META_ROUTER,f011,23,0.5702516388822407,30.0,0.2658292868168502,49,49,0.3389598375865324,1.805823652093444,-0.0621530015021738,1923,0.0185797101449275,False,halfhour_bucket_utc
SESS_A,SESS_A,M06_SESSION_TIME,f040,5,0.5705140440304479,2.0,0.0648377088696762,395,395,0.0624884207889883,0.9451196344272356,0.0098448623933664,1924,0.0185893719806763,False,bar_in_sess
S29::10d4532019fd,S29,M06_SESSION_TIME,f026,5,0.5715608704493569,,,0,0,,,-0.1239209859419127,1925,0.0185990338164251,False,rloc_50
S29::bd28e989b4eb,S29,M06_SESSION_TIME,f004,5,0.5735390912118032,0.0,0.0241065236372787,122,122,0.2110577220220426,1.5773812885105192,-0.1540660871629385,1926,0.0186086956521739,False,dist_or_low_atr
S29::10d4532019fd,S29,M06_SESSION_TIME,f040,3,0.5739623739578907,2.0,0.087371005593358,41,41,0.2229671554880283,0.9504443721917112,-0.1239209859419127,1927,0.0186183574879227,False,bar_in_sess
S30::282a94fa23d8,S30,M06_SESSION_TIME,f005,5,0.5743413499092331,,,0,0,,,-0.146454009554978,1928,0.0186280193236715,False,atr_over_atrma
S31::9584b16899ad,S31,M06_SESSION_TIME,f024,2,0.5747072300492766,,,0,0,,,-0.2468575655120184,1929,0.0186376811594202,False,h1_trend_state
OBEXEC_D,OBEXEC_D,M14_REFERENCE_LEVEL,f008,3,0.5763170234925687,,,0,0,,,-0.1852561142249603,1930,0.018647342995169,False,dist_vwap_atr
S45::4809d6e42bc2,S45,M19_SEQUENCE_RUNLENGTH,f030,5,0.5769285966799564,,,0,0,,,-0.1625746944243231,1931,0.0186570048309178,False,rloc_96
S44::3d6f380511c2,S44,M17_VOLUME_PARTICIPATION,f014,5,0.5776732273038143,,,0,0,,,-0.1698854030120568,1932,0.0186666666666666,False,bars_since_20bar_low
S13::7d288aa44d52,S13,M13_IMBALANCE_FVG,f004,5,0.5786442600001918,,,0,0,,,-0.1512493477368903,1933,0.0186763285024154,False,dist_or_low_atr
S22::e730d6bce802,S22,M14_REFERENCE_LEVEL,f011,42,0.5791589728974129,45.0,0.3678957030103484,32,32,0.4494243398759661,1.6954639074266509,-0.0783510896106395,1934,0.0186859903381642,False,halfhour_bucket_utc
S39::cdecf371316b,S39,M07_TREND_CONTINUATION,f046,2,0.5797501726136907,,,0,0,,,-0.1572910268826625,1935,0.018695652173913,False,h4_trend_state
S30::282a94fa23d8,S30,M06_SESSION_TIME,f041,5,0.5798999657932347,,,0,0,,,-0.146454009554978,1936,0.0187053140096618,False,ret_12_atr
S11::576394ea476f,S11,M11_STRUCTURE_BREAK_REVERSAL,f011,47,0.5814571723421686,7.0,0.1543170137325995,39,39,0.214055363541282,1.0387649496772893,-0.0580988841413395,1937,0.0187149758454106,False,halfhour_bucket_utc
S1::4b7c6d5c6035,S1,M01_LIQUIDITY_SWEEP,f034,3,0.5827139894452533,,,0,0,,,-0.2084882388941829,1938,0.0187246376811594,False,run_len_same_dir
HTF_RECLAIM,HTF_RECLAIM,M11_STRUCTURE_BREAK_REVERSAL,f010,5,0.5839522748129444,,,0,0,,,-0.1001845799762217,1939,0.0187342995169082,False,bars_since_20bar_high
S24::a20c02d14359,S24,M06_SESSION_TIME,f038,5,0.5855695386885573,,,0,0,,,-0.1145562330207209,1940,0.018743961352657,False,ret_4_atr
S10::598adad042be,S10,M10_DISPLACEMENT_CONTINUATION,f032,5,0.587415678524077,,,0,0,,,-0.1821402258358029,1941,0.0187536231884058,False,efficiency_24h
S17::3cf289079abb,S17,M14_REFERENCE_LEVEL,f009,4,0.5877898619791431,3.0,0.1861346845981268,58,47,0.2546117605187525,1.305755753072758,-0.0214468781177987,1942,0.0187632850241545,False,dist_pdl_atr
S17::3cf289079abb,S17,M14_REFERENCE_LEVEL,f012,3,0.588620697909684,3.0,0.1369494163510936,81,63,0.2134611007005675,1.2924339689234072,-0.0214468781177987,1943,0.0187729468599033,False,dist_pwl_atr
S25::017b79ce0b9e,S25,M04_VOLATILITY_COMPRESSION_EXPANSION,f002,5,0.5888603318713226,,,0,0,,,-0.1485080670797977,1944,0.0187826086956521,False,ret_1_atr
HTF_TGT_BREAK,HTF_TGT_BREAK,M03_BREAKOUT_RETEST,f039,2,0.5906117198558904,,,0,0,,,-0.0228554796569282,1945,0.0187922705314009,False,session_id
S8::b7adfd7f9d4f,S8,M08_EXTENSION_MEAN_REVERSION,f022,5,0.5911558525454053,,,0,0,,,-0.1740521879042388,1946,0.0188019323671497,False,rloc_20
S22::e730d6bce802,S22,M14_REFERENCE_LEVEL,f008,5,0.5915782185444529,,,0,0,,,-0.0783510896106395,1947,0.0188115942028985,False,dist_vwap_atr
S26::f196a9ae20d6,S26,M16_AUCTION_VALUE,f007,5,0.5917696778114823,,,0,0,,,-0.1791938310904777,1948,0.0188212560386473,False,ret_96_atr
S10::598adad042be,S10,M10_DISPLACEMENT_CONTINUATION,f034,3,0.5927448707928353,,,0,0,,,-0.1821402258358029,1949,0.0188309178743961,False,run_len_same_dir
S25::017b79ce0b9e,S25,M04_VOLATILITY_COMPRESSION_EXPANSION,f017,22,0.5937212982653746,18.0,0.0736258511267923,102,102,0.2259146056180823,1.5886216964720892,-0.1485080670797977,1950,0.0188405797101449,False,hour_utc
S19::762b6018f2c5,S19,M15_GAP,f033,1,0.5944491490293637,,,0,0,,,-0.2669320577565558,1951,0.0188502415458937,False,rloc_sess
S3::7aafa506c507,S3,M03_BREAKOUT_RETEST,f009,5,0.5944762295680461,,,0,0,,,-0.3737354389272471,1952,0.0188599033816425,False,dist_pdl_atr
S39::cdecf371316b,S39,M07_TREND_CONTINUATION,f023,5,0.5950892224388693,,,0,0,,,-0.1572910268826625,1953,0.0188695652173913,False,dist_pwh_atr
S29::bd28e989b4eb,S29,M06_SESSION_TIME,f035,5,0.5969387643043622,4.0,0.0090131544890663,66,66,0.1780907199630681,1.0027479735705036,-0.1540660871629385,1954,0.0188792270531401,False,dist_pdh_atr
S8::ec037f864152,S8,M08_EXTENSION_MEAN_REVERSION,f022,5,0.5975688814341606,,,0,0,,,-0.1440796368386465,1955,0.0188888888888888,False,rloc_20
S31::9584b16899ad,S31,M06_SESSION_TIME,f021,2,0.5991505253526332,,,0,0,,,-0.2468575655120184,1956,0.0188985507246376,False,fvg_present
S45::4809d6e42bc2,S45,M19_SEQUENCE_RUNLENGTH,f024,2,0.6011790609267349,,,0,0,,,-0.1625746944243231,1957,0.0189082125603864,False,h1_trend_state
OBR_A_limit,OBR_A_limit,M14_REFERENCE_LEVEL,f003,5,0.6018077231449404,,,0,0,,,-0.0673227003426379,1958,0.0189178743961352,False,vol_rel_sess
S24::a20c02d14359,S24,M06_SESSION_TIME,f024,2,0.6035425755491746,,,0,0,,,-0.1145562330207209,1959,0.018927536231884,False,h1_trend_state
S14::25e44853ad0f,S14,M08_EXTENSION_MEAN_REVERSION,f014,5,0.6035810013419662,,,0,0,,,-0.152388312799847,1960,0.0189371980676328,False,bars_since_20bar_low
S8::ec037f864152,S8,M08_EXTENSION_MEAN_REVERSION,f012,5,0.6048292324575044,,,0,0,,,-0.1440796368386465,1961,0.0189468599033816,False,dist_pwl_atr
S9::731bd4dd4aa4,S9,M09_MTF_ALIGNMENT,f001,5,0.6051357291211001,0.0,0.0330710170580473,276,83,0.0368259328163282,0.3983140958532399,0.0029187266956302,1962,0.0189565217391304,False,weekday
S9::731bd4dd4aa4,S9,M09_MTF_ALIGNMENT,f008,5,0.6054548505052937,3.0,0.0522956489582723,480,312,0.0721007215781437,1.1224177445107832,0.0029187266956302,1963,0.0189661835748792,False,dist_vwap_atr
HTF_RECLAIM,HTF_RECLAIM,M11_STRUCTURE_BREAK_REVERSAL,f024,2,0.6060688382609514,,,0,0,,,-0.1001845799762217,1964,0.018975845410628,False,h1_trend_state
S45::4809d6e42bc2,S45,M19_SEQUENCE_RUNLENGTH,f028,5,0.6104421299133111,,,0,0,,,-0.1625746944243231,1965,0.0189855072463768,False,dist_prev_sess_high_atr
S31::9584b16899ad,S31,M06_SESSION_TIME,f038,5,0.6109871150170454,,,0,0,,,-0.2468575655120184,1966,0.0189951690821256,False,ret_4_atr
S5::9cce3e63e04e,S5,M05_OPENING_RANGE,f012,5,0.6120639021313079,1.0,0.0646094386908409,172,169,0.1591443797952444,1.5447250608195473,-0.0824976353327315,1967,0.0190048309178744,False,dist_pwl_atr
S1::11c4710e404e,S1,M01_LIQUIDITY_SWEEP,f028,5,0.6128157170366588,,,0,0,,,-0.1687544865282243,1968,0.0190144927536231,False,dist_prev_sess_high_atr
S41::73a2a8a65e5e,S41,M17_VOLUME_PARTICIPATION,f043,5,0.6129982481629981,,,0,0,,,-0.391199701626434,1969,0.0190241545893719,False,dist_or_high_atr
S12::061854e10b15,S12,M12_RANGE_ROTATION,f023,5,0.6132268704401223,,,0,0,,,-0.2424089430019912,1970,0.0190338164251207,False,dist_pwh_atr
S16::393fe65826e6,S16,M14_REFERENCE_LEVEL,f003,5,0.6150916573868437,0.0,0.1000492901212439,160,129,0.1215372679317579,1.044217273878466,0.0036035871818489,1971,0.0190434782608695,False,vol_rel_sess
S43::6aacd27a298d,S43,M18_OSCILLATOR_DIVERGENCE,f012,5,0.6165453586123515,,,0,0,,,-0.3255470396563592,1972,0.0190531400966183,False,dist_pwl_atr
S8::b7adfd7f9d4f,S8,M08_EXTENSION_MEAN_REVERSION,f031,2,0.6166040902167502,,,0,0,,,-0.1740521879042388,1973,0.0190628019323671,False,d1_trend_state
S39::cdecf371316b,S39,M07_TREND_CONTINUATION,f032,5,0.6166095982823083,,,0,0,,,-0.1572910268826625,1974,0.0190724637681159,False,efficiency_24h
S51::049ca99687f4,S51,M06_SESSION_TIME,f032,5,0.6182891914524813,,,0,0,,,-0.1820980069014957,1975,0.0190821256038647,False,efficiency_24h
OBEXEC_D,OBEXEC_D,M14_REFERENCE_LEVEL,f027,5,0.6184896596029088,,,0,0,,,-0.1852561142249603,1976,0.0190917874396135,False,atr_pct_rank
S9::731bd4dd4aa4,S9,M09_MTF_ALIGNMENT,f020,3,0.6185500375347148,2.0,0.1535071611182286,92,34,0.1602698711569652,1.0176441734152315,0.0029187266956302,1977,0.0191014492753623,False,mtf_alignment
S38::3029c9493a71,S38,M07_TREND_CONTINUATION,f028,5,0.6219058584735948,,,0,0,,,-0.0939524767845139,1978,0.0191111111111111,False,dist_prev_sess_high_atr
S3::7aafa506c507,S3,M03_BREAKOUT_RETEST,f020,5,0.6225588740993016,,,0,0,,,-0.3737354389272471,1979,0.0191207729468599,False,mtf_alignment
S42::a347eead7c5d,S42,M08_EXTENSION_MEAN_REVERSION,f034,3,0.6238294301549363,,,0,0,,,-0.1021182368524002,1980,0.0191304347826087,False,run_len_same_dir
S2::2c6012247423,S2,M02_FAILED_BREAKOUT_FADE,f021,2,0.6242776361997318,,,0,0,,,-0.1792331034018087,1981,0.0191400966183574,False,fvg_present
S18::3933c532ec9c,S18,M06_SESSION_TIME,f031,2,0.6245555415975326,,,0,0,,,-0.2706234087594297,1982,0.0191497584541062,False,d1_trend_state
OBEXEC_C,OBEXEC_C,M14_REFERENCE_LEVEL,f027,5,0.6253638553798391,,,0,0,,,-0.2057387587957231,1983,0.019159420289855,False,atr_pct_rank
S24::a20c02d14359,S24,M06_SESSION_TIME,f031,2,0.6268904330637692,,,0,0,,,-0.1145562330207209,1984,0.0191690821256038,False,d1_trend_state
HTF_PBK_TREND,HTF_PBK_TREND,M07_TREND_CONTINUATION,f031,2,0.6282205548079802,0.0,0.0420160949382294,74,59,0.1635309927645313,0.8974822174857084,-0.084165226639341,1985,0.0191787439613526,False,d1_trend_state
S51::049ca99687f4,S51,M06_SESSION_TIME,f033,5,0.6293831360131896,,,0,0,,,-0.1820980069014957,1986,0.0191884057971014,False,rloc_sess
S14::25e44853ad0f,S14,M08_EXTENSION_MEAN_REVERSION,f016,4,0.6303336046828321,,,0,0,,,-0.152388312799847,1987,0.0191980676328502,False,bars_to_sess_end
S19::762b6018f2c5,S19,M15_GAP,f007,2,0.6321576737236381,,,0,0,,,-0.2669320577565558,1988,0.019207729468599,False,ret_96_atr
S9::731bd4dd4aa4,S9,M09_MTF_ALIGNMENT,f036,5,0.6324686861719964,2.0,0.081296919276922,351,256,0.1018515250011156,1.2710674954694512,0.0029187266956302,1989,0.0192173913043478,False,dist_prev_sess_low_atr
S2::2c6012247423,S2,M02_FAILED_BREAKOUT_FADE,f008,5,0.632812340290756,,,0,0,,,-0.1792331034018087,1990,0.0192270531400966,False,dist_vwap_atr
S14::dc07a2d5d013,S14,M08_EXTENSION_MEAN_REVERSION,f003,5,0.6331890086140146,0.0,0.3194356257120234,34,31,0.4030606221721883,1.5274956756011826,-0.0733520870494794,1991,0.0192367149758454,False,vol_rel_sess
S2::691f36c634e3,S2,M02_FAILED_BREAKOUT_FADE,f010,5,0.6343919350747074,,,0,0,,,-0.2259536905507216,1992,0.0192463768115942,False,bars_since_20bar_high
S40::43b9c7dbd606,S40,M21_META_ROUTER,f012,5,0.6349837917644752,,,0,0,,,-0.1929964957240371,1993,0.019256038647343,False,dist_pwl_atr
HTF_RANGE_FADE,HTF_RANGE_FADE,M12_RANGE_ROTATION,f038,5,0.6363533043063452,,,0,0,,,-0.1462639811616175,1994,0.0192657004830917,False,ret_4_atr
S20::3a706309724e,S20,M21_META_ROUTER,f004,5,0.6370057774097382,2.0,0.0035484394768779,199,174,0.075651659209517,0.771817361594106,-0.0621530015021738,1995,0.0192753623188405,False,dist_or_low_atr
S9::731bd4dd4aa4,S9,M09_MTF_ALIGNMENT,f033,5,0.6370226184995098,4.0,0.0580199508472383,296,210,0.0683937770031777,0.841350805368824,0.0029187266956302,1996,0.0192850241545893,False,rloc_sess
S44::3d6f380511c2,S44,M17_VOLUME_PARTICIPATION,f020,5,0.6380557071299509,,,0,0,,,-0.1698854030120568,1997,0.0192946859903381,False,mtf_alignment
OBEXEC_B,OBEXEC_B,M14_REFERENCE_LEVEL,f013,5,0.6384795640299734,,,0,0,,,-0.2656588126211349,1998,0.0193043478260869,False,vol_rel_20
S42::a347eead7c5d,S42,M08_EXTENSION_MEAN_REVERSION,f003,5,0.6395850609303755,0.0,0.0843612746077843,119,105,0.1967483970982048,1.5223675450874046,-0.1021182368524002,1999,0.0193140096618357,False,vol_rel_sess
OBEXEC_D,OBEXEC_D,M14_REFERENCE_LEVEL,f012,5,0.6406829510749756,4.0,0.1596682253190895,46,43,0.3623792566166861,1.521491310756237,-0.1852561142249603,2000,0.0193236714975845,False,dist_pwl_atr
OBEXEC_D,OBEXEC_D,M14_REFERENCE_LEVEL,f030,5,0.641031762060722,4.0,0.1312582425849752,31,29,0.3271333449713078,1.1063993070436335,-0.1852561142249603,2001,0.0193333333333333,False,rloc_96
S31::9584b16899ad,S31,M06_SESSION_TIME,f009,5,0.6435966750948796,,,0,0,,,-0.2468575655120184,2002,0.0193429951690821,False,dist_pdl_atr
S14::25e44853ad0f,S14,M08_EXTENSION_MEAN_REVERSION,f037,2,0.6446701727582891,,,0,0,,,-0.152388312799847,2003,0.0193526570048309,False,disp_recent
S2::691f36c634e3,S2,M02_FAILED_BREAKOUT_FADE,f001,5,0.646873834897751,,,0,0,,,-0.2259536905507216,2004,0.0193623188405797,False,weekday
S23::866611e1c7db,S23,M04_VOLATILITY_COMPRESSION_EXPANSION,f021,2,0.6486439339341881,,,0,0,,,-0.1768749736734077,2005,0.0193719806763285,False,fvg_present
S22::e730d6bce802,S22,M14_REFERENCE_LEVEL,f042,5,0.6495935436783029,3.0,0.017312290313157,439,260,0.1059389423868616,1.5144225295200051,-0.0783510896106395,2006,0.0193816425120772,False,dist_pdmid_atr
S14::25e44853ad0f,S14,M08_EXTENSION_MEAN_REVERSION,f001,5,0.649643049181543,,,0,0,,,-0.152388312799847,2007,0.019391304347826,False,weekday
SESS_D,SESS_D,M06_SESSION_TIME,f043,5,0.6496974217916929,0.0,0.0627469342118936,363,363,0.1028604240213339,1.514340568202124,-0.0267017319359689,2008,0.0194009661835748,False,dist_or_high_atr
S20::3a706309724e,S20,M21_META_ROUTER,f017,21,0.6514188448952085,9.0,0.1704370743193776,63,61,0.2426957135986257,1.3421051517871356,-0.0621530015021738,2009,0.0194106280193236,False,hour_utc
S48::6d74b2000433,S48,M04_VOLATILITY_COMPRESSION_EXPANSION,f034,3,0.6519517381509636,,,0,0,,,-0.164287958331933,2010,0.0194202898550724,False,run_len_same_dir
S24::a20c02d14359,S24,M06_SESSION_TIME,f028,5,0.6536340503543703,,,0,0,,,-0.1145562330207209,2011,0.0194299516908212,False,dist_prev_sess_high_atr
S40::43b9c7dbd606,S40,M21_META_ROUTER,f010,5,0.6536651284655282,,,0,0,,,-0.1929964957240371,2012,0.01943961352657,False,bars_since_20bar_high
S22::e730d6bce802,S22,M14_REFERENCE_LEVEL,f030,5,0.6546247968953134,,,0,0,,,-0.0783510896106395,2013,0.0194492753623188,False,rloc_96
OBR_A_limit,OBR_A_limit,M14_REFERENCE_LEVEL,f042,5,0.6549944464448787,0.0,0.1486566408866837,102,93,0.2252200680772205,1.3827269398434685,-0.0673227003426379,2014,0.0194589371980676,False,dist_pdmid_atr
S12::884efeda36f3,S12,M12_RANGE_ROTATION,f020,5,0.6572727895091202,,,0,0,,,-0.2323586418177302,2015,0.0194685990338164,False,mtf_alignment
S19::762b6018f2c5,S19,M15_GAP,f032,1,0.657990803510883,,,0,0,,,-0.2669320577565558,2016,0.0194782608695652,False,efficiency_24h
S17::3cf289079abb,S17,M14_REFERENCE_LEVEL,f002,5,0.6587725225469421,4.0,0.1198457847368716,103,91,0.2102649105988934,1.507219105992166,-0.0214468781177987,2017,0.019487922705314,False,ret_1_atr
S30::282a94fa23d8,S30,M06_SESSION_TIME,f027,5,0.6594033078101469,,,0,0,,,-0.146454009554978,2018,0.0194975845410628,False,atr_pct_rank
HTF_TGT_BREAK,HTF_TGT_BREAK,M03_BREAKOUT_RETEST,f010,5,0.6608084500434641,0.0,0.040182637513341,170,150,0.0999914962011167,1.5056319182952118,-0.0228554796569282,2019,0.0195072463768115,False,bars_since_20bar_high
S6::a461ec93f607,S6,M06_SESSION_TIME,f003,5,0.6615271556316293,,,0,0,,,-0.5128074236968724,2020,0.0195169082125603,False,vol_rel_sess
HTF_PBK_TREND,HTF_PBK_TREND,M07_TREND_CONTINUATION,f037,2,0.6615799152658637,,,0,0,,,-0.084165226639341,2021,0.0195265700483091,False,disp_recent
S1::11c4710e404e,S1,M01_LIQUIDITY_SWEEP,f037,2,0.6634285356358189,,,0,0,,,-0.1687544865282243,2022,0.0195362318840579,False,disp_recent
S24::a20c02d14359,S24,M06_SESSION_TIME,f012,5,0.6638548414131851,,,0,0,,,-0.1145562330207209,2023,0.0195458937198067,False,dist_pwl_atr
S17::3cf289079abb,S17,M14_REFERENCE_LEVEL,f033,5,0.6646377300459183,1.0,0.1103672992910846,38,31,0.1499625061825703,0.6233207541825703,-0.0214468781177987,2024,0.0195555555555555,False,rloc_sess
S29::10d4532019fd,S29,M06_SESSION_TIME,f043,5,0.666011650932048,3.0,0.0050482541737211,152,152,0.1600363153891305,1.3511119475205626,-0.1239209859419127,2025,0.0195652173913043,False,dist_or_high_atr
S18::18995ee3f508,S18,M06_SESSION_TIME,f004,5,0.6660383912581558,,,0,0,,,-0.2196943442096486,2026,0.0195748792270531,False,dist_or_low_atr
S19::762b6018f2c5,S19,M15_GAP,f010,1,0.6671454303948077,,,0,0,,,-0.2669320577565558,2027,0.0195845410628019,False,bars_since_20bar_high
S17::3cf289079abb,S17,M14_REFERENCE_LEVEL,f030,5,0.667759571838985,3.0,0.1776146529471406,63,49,0.2490251822884103,1.4177013130288183,-0.0214468781177987,2028,0.0195942028985507,False,rloc_96
S14::dc07a2d5d013,S14,M08_EXTENSION_MEAN_REVERSION,f044,5,0.6683539745382983,0.0,0.004963758856475,311,231,0.1021244755019973,1.3489168851358526,-0.0733520870494794,2029,0.0196038647342995,False,week_of_month
OBR_A_limit,OBR_A_limit,M14_REFERENCE_LEVEL,f002,5,0.669286599983302,1.0,0.0012834470296426,481,423,0.0850647792356557,1.1760325365073752,-0.0673227003426379,2030,0.0196135265700483,False,ret_1_atr
S5::9cce3e63e04e,S5,M05_OPENING_RANGE,f019,12,0.6709154626558824,4.0,0.0851715527502749,208,193,0.1845497258958164,1.91173944780671,-0.0824976353327315,2031,0.0196231884057971,False,month_of_year
S2::2c6012247423,S2,M02_FAILED_BREAKOUT_FADE,f022,5,0.6712896895308051,4.0,0.1409277054202971,31,31,0.3217213410663645,1.497520260024353,-0.1792331034018087,2032,0.0196328502415458,False,rloc_20
S19::762b6018f2c5,S19,M15_GAP,f022,1,0.6717832220918416,,,0,0,,,-0.2669320577565558,2033,0.0196425120772946,False,rloc_20
S48::6d74b2000433,S48,M04_VOLATILITY_COMPRESSION_EXPANSION,f042,5,0.6725470049031879,,,0,0,,,-0.164287958331933,2034,0.0196521739130434,False,dist_pdmid_atr
S29::10d4532019fd,S29,M06_SESSION_TIME,f013,5,0.6728402745051043,4.0,0.0854331599874468,68,68,0.2292647500177462,1.3122185905801398,-0.1239209859419127,2035,0.0196618357487922,False,vol_rel_20
S26::f196a9ae20d6,S26,M16_AUCTION_VALUE,f022,5,0.6735791522501255,,,0,0,,,-0.1791938310904777,2036,0.019671497584541,False,rloc_20
S12::884efeda36f3,S12,M12_RANGE_ROTATION,f035,5,0.6736192275774955,,,0,0,,,-0.2323586418177302,2037,0.0196811594202898,False,dist_pdh_atr
S5::15be26301532,S5,M05_OPENING_RANGE,f013,5,0.6748710412484438,3.0,0.005438375130638,640,626,0.0527860506780021,0.9962132119081604,-0.0334222540989216,2038,0.0196908212560386,False,vol_rel_20
HTF_PBK_TREND,HTF_PBK_TREND,M07_TREND_CONTINUATION,f042,3,0.675876289153833,1.0,0.169076744724067,42,37,0.290958860715405,1.2125756679385602,-0.084165226639341,2039,0.0197004830917874,False,dist_pdmid_atr
S9::731bd4dd4aa4,S9,M09_MTF_ALIGNMENT,f023,5,0.678019150040563,0.0,0.1288341234990965,59,43,0.1309898561008737,0.6639038070650094,0.0029187266956302,2040,0.0197101449275362,False,dist_pwh_atr
S11::576394ea476f,S11,M11_STRUCTURE_BREAK_REVERSAL,f032,5,0.6797706666392778,,,0,0,,,-0.0580988841413395,2041,0.019719806763285,False,efficiency_24h
S8::ec037f864152,S8,M08_EXTENSION_MEAN_REVERSION,f038,5,0.6799941578735424,,,0,0,,,-0.1440796368386465,2042,0.0197294685990338,False,ret_4_atr
OBEXEC_D,OBEXEC_D,M14_REFERENCE_LEVEL,f022,3,0.6801118825790944,,,0,0,,,-0.1852561142249603,2043,0.0197391304347826,False,rloc_20
S5::15be26301532,S5,M05_OPENING_RANGE,f021,2,0.6818928694923994,,,0,0,,,-0.0334222540989216,2044,0.0197487922705314,False,fvg_present
S24::a20c02d14359,S24,M06_SESSION_TIME,f009,5,0.6842816312562117,,,0,0,,,-0.1145562330207209,2045,0.0197584541062801,False,dist_pdl_atr
S23::866611e1c7db,S23,M04_VOLATILITY_COMPRESSION_EXPANSION,f016,5,0.68499055320141,,,0,0,,,-0.1768749736734077,2046,0.0197681159420289,False,bars_to_sess_end
S19::762b6018f2c5,S19,M15_GAP,f004,1,0.6860736423703342,,,0,0,,,-0.2669320577565558,2047,0.0197777777777777,False,dist_or_low_atr
S8::b7adfd7f9d4f,S8,M08_EXTENSION_MEAN_REVERSION,f008,5,0.6867440730532826,0.0,0.0117476980145502,106,104,0.1884794488993865,1.3502383884589126,-0.1740521879042388,2048,0.0197874396135265,False,dist_vwap_atr
S2::2c6012247423,S2,M02_FAILED_BREAKOUT_FADE,f012,5,0.6880789781486807,,,0,0,,,-0.1792331034018087,2049,0.0197971014492753,False,dist_pwl_atr
S18::3933c532ec9c,S18,M06_SESSION_TIME,f044,5,0.6900738417194163,,,0,0,,,-0.2706234087594297,2050,0.0198067632850241,False,week_of_month
S4::cf232107e3b5,S4,M04_VOLATILITY_COMPRESSION_EXPANSION,f014,5,0.6921341102379619,,,0,0,,,-0.2239875030282,2051,0.0198164251207729,False,bars_since_20bar_low
S38::3029c9493a71,S38,M07_TREND_CONTINUATION,f020,5,0.693644910798823,,,0,0,,,-0.0939524767845139,2052,0.0198260869565217,False,mtf_alignment
OBEXEC_C,OBEXEC_C,M14_REFERENCE_LEVEL,f024,2,0.696512365400471,,,0,0,,,-0.2057387587957231,2053,0.0198357487922705,False,h1_trend_state
S20::3a706309724e,S20,M21_META_ROUTER,f031,2,0.6979783342764074,,,0,0,,,-0.0621530015021738,2054,0.0198454106280193,False,d1_trend_state
S3::37a51a4fd454,S3,M03_BREAKOUT_RETEST,f014,5,0.6998888537198777,,,0,0,,,-0.3652404446864761,2055,0.0198550724637681,False,bars_since_20bar_low
S43::6aacd27a298d,S43,M18_OSCILLATOR_DIVERGENCE,f042,5,0.7008202141795628,,,0,0,,,-0.3255470396563592,2056,0.0198647342995169,False,dist_pdmid_atr
S29::bd28e989b4eb,S29,M06_SESSION_TIME,f010,5,0.701564072800267,,,0,0,,,-0.1540660871629385,2057,0.0198743961352657,False,bars_since_20bar_high
SESS_A,SESS_A,M06_SESSION_TIME,f014,5,0.7016568174911209,4.0,0.0843047775360454,493,493,0.0875701787731578,1.474558186251172,0.0098448623933664,2058,0.0198840579710144,False,bars_since_20bar_low
S14::dc07a2d5d013,S14,M08_EXTENSION_MEAN_REVERSION,f043,4,0.7037245914453969,1.0,0.0008239049011854,204,190,0.0875670559842363,0.9455294759078592,-0.0733520870494794,2059,0.0198937198067632,False,dist_or_high_atr
S31::555f488885b1,S31,M06_SESSION_TIME,f037,2,0.7064213097249135,,,0,0,,,-0.2555616258255557,2060,0.019903381642512,False,disp_recent
S44::3d6f380511c2,S44,M17_VOLUME_PARTICIPATION,f006,5,0.7113491887688128,,,0,0,,,-0.1698854030120568,2061,0.0199130434782608,False,realvol_ratio
SESS_E,SESS_E,M06_SESSION_TIME,f007,5,0.7119549321170848,,,0,0,,,-0.1706719129068075,2062,0.0199227053140096,False,ret_96_atr
S18::3933c532ec9c,S18,M06_SESSION_TIME,f014,5,0.7123005300865048,,,0,0,,,-0.2706234087594297,2063,0.0199323671497584,False,bars_since_20bar_low
S19::762b6018f2c5,S19,M15_GAP,f030,1,0.7124853177601589,,,0,0,,,-0.2669320577565558,2064,0.0199420289855072,False,rloc_96
S11::576394ea476f,S11,M11_STRUCTURE_BREAK_REVERSAL,f008,5,0.7128377246196371,,,0,0,,,-0.0580988841413395,2065,0.019951690821256,False,dist_vwap_atr
S50::9cc65b2c5452,S50,M20_CANDLESTICK_PATTERN,f013,5,0.7143556385137528,,,0,0,,,-0.6026326920420786,2066,0.0199613526570048,False,vol_rel_20
S40::43b9c7dbd606,S40,M21_META_ROUTER,f024,2,0.7148117713483568,,,0,0,,,-0.1929964957240371,2067,0.0199710144927536,False,h1_trend_state
S28::b2a817579286,S28,M16_AUCTION_VALUE,f011,43,0.7151778644044002,39.0,0.1896428533934623,44,44,0.342999994684979,1.6148994811571864,-0.1509808226383693,2068,0.0199806763285024,False,halfhour_bucket_utc
S7::98a2f4583fb9,S7,M07_TREND_CONTINUATION,f027,5,0.7153630526092847,,,0,0,,,-0.6253044035935208,2069,0.0199903381642512,False,atr_pct_rank
S8::b7adfd7f9d4f,S8,M08_EXTENSION_MEAN_REVERSION,f034,3,0.7161329005061379,,,0,0,,,-0.1740521879042388,2070,0.02,False,run_len_same_dir
HTF_TGT_BREAK,HTF_TGT_BREAK,M03_BREAKOUT_RETEST,f030,5,0.7171768337853501,1.0,0.100682575375286,64,61,0.1435038013000469,1.4631170005059988,-0.0228554796569282,2071,0.0200096618357487,False,rloc_96
S41::73a2a8a65e5e,S41,M17_VOLUME_PARTICIPATION,f022,5,0.7177255535738325,,,0,0,,,-0.391199701626434,2072,0.0200193236714975,False,rloc_20
S7::98a2f4583fb9,S7,M07_TREND_CONTINUATION,f019,12,0.7182171568790343,,,0,0,,,-0.6253044035935208,2073,0.0200289855072463,False,month_of_year
S15::ac373f9fe529,S15,M07_TREND_CONTINUATION,f032,5,0.72099953309396,,,0,0,,,-0.1615200875385349,2074,0.0200386473429951,False,efficiency_24h
S20::3a706309724e,S20,M21_META_ROUTER,f016,4,0.7233621430628574,4.0,0.0128372968625639,240,200,0.0891282964853481,0.9600185374598053,-0.0621530015021738,2075,0.0200483091787439,False,bars_to_sess_end
S13::7d288aa44d52,S13,M13_IMBALANCE_FVG,f031,2,0.7239949621409174,,,0,0,,,-0.1512493477368903,2076,0.0200579710144927,False,d1_trend_state
HTF_RANGE_FADE,HTF_RANGE_FADE,M12_RANGE_ROTATION,f009,3,0.7240336312375657,,,0,0,,,-0.1462639811616175,2077,0.0200676328502415,False,dist_pdl_atr
S10::598adad042be,S10,M10_DISPLACEMENT_CONTINUATION,f022,5,0.7251516882715991,,,0,0,,,-0.1821402258358029,2078,0.0200772946859903,False,rloc_20
S1::4b7c6d5c6035,S1,M01_LIQUIDITY_SWEEP,f007,5,0.7253091323806271,,,0,0,,,-0.2084882388941829,2079,0.0200869565217391,False,ret_96_atr
S5::15be26301532,S5,M05_OPENING_RANGE,f016,3,0.7254536176695883,1.0,0.1022755776791651,129,129,0.1433186503672785,1.1704551011829432,-0.0334222540989216,2080,0.0200966183574879,False,bars_to_sess_end
S14::25e44853ad0f,S14,M08_EXTENSION_MEAN_REVERSION,f040,5,0.7270109458772378,,,0,0,,,-0.152388312799847,2081,0.0201062801932367,False,bar_in_sess
S42::a347eead7c5d,S42,M08_EXTENSION_MEAN_REVERSION,f039,4,0.7295797900810594,1.0,0.0273874269924925,129,120,0.1372723912442378,1.0891054116107843,-0.1021182368524002,2082,0.0201159420289855,False,session_id
OBEXEC_C,OBEXEC_C,M14_REFERENCE_LEVEL,f042,5,0.7299221611556961,,,0,0,,,-0.2057387587957231,2083,0.0201256038647343,False,dist_pdmid_atr
S40::43b9c7dbd606,S40,M21_META_ROUTER,f038,5,0.7306786978359092,,,0,0,,,-0.1929964957240371,2084,0.020135265700483,False,ret_4_atr
S7::98a2f4583fb9,S7,M07_TREND_CONTINUATION,f006,5,0.7317418234866757,,,0,0,,,-0.6253044035935208,2085,0.0201449275362318,False,realvol_ratio
S30::282a94fa23d8,S30,M06_SESSION_TIME,f004,5,0.732030482453031,,,0,0,,,-0.146454009554978,2086,0.0201545893719806,False,dist_or_low_atr
S6::a461ec93f607,S6,M06_SESSION_TIME,f016,2,0.7338735821175848,,,0,0,,,-0.5128074236968724,2087,0.0201642512077294,False,bars_to_sess_end
S8::b7adfd7f9d4f,S8,M08_EXTENSION_MEAN_REVERSION,f021,2,0.734730874723005,,,0,0,,,-0.1740521879042388,2088,0.0201739130434782,False,fvg_present
S28::b2a817579286,S28,M16_AUCTION_VALUE,f028,5,0.7352613647216999,,,0,0,,,-0.1509808226383693,2089,0.020183574879227,False,dist_prev_sess_high_atr
S1::4b7c6d5c6035,S1,M01_LIQUIDITY_SWEEP,f026,5,0.7364322238038812,,,0,0,,,-0.2084882388941829,2090,0.0201932367149758,False,rloc_50
HTF_PBK_TREND,HTF_PBK_TREND,M07_TREND_CONTINUATION,f030,5,0.7396139924503631,2.0,0.0164540837913031,84,75,0.1358360690813696,0.9096991729722146,-0.084165226639341,2091,0.0202028985507246,False,rloc_96
S30::282a94fa23d8,S30,M06_SESSION_TIME,f023,5,0.739641725908784,,,0,0,,,-0.146454009554978,2092,0.0202125603864734,False,dist_pwh_atr
HTF_PBK_TREND,HTF_PBK_TREND,M07_TREND_CONTINUATION,f039,4,0.7398815726448191,3.0,0.0406438340965035,98,91,0.178929803886786,1.3256055311537525,-0.084165226639341,2093,0.0202222222222222,False,session_id
S51::049ca99687f4,S51,M06_SESSION_TIME,f035,5,0.7422664791997713,,,0,0,,,-0.1820980069014957,2094,0.020231884057971,False,dist_pdh_atr
S16::393fe65826e6,S16,M14_REFERENCE_LEVEL,f022,5,0.7436411607738802,0.0,0.0979563658615909,75,68,0.1044620049668572,0.6294827750087558,0.0036035871818489,2095,0.0202415458937198,False,rloc_20
HTF_RANGE_FADE,HTF_RANGE_FADE,M12_RANGE_ROTATION,f016,4,0.7443044646897707,,,0,0,,,-0.1462639811616175,2096,0.0202512077294686,False,bars_to_sess_end
S50::9cc65b2c5452,S50,M20_CANDLESTICK_PATTERN,f038,5,0.7455805107875568,,,0,0,,,-0.6026326920420786,2097,0.0202608695652173,False,ret_4_atr
S41::73a2a8a65e5e,S41,M17_VOLUME_PARTICIPATION,f032,5,0.7457149513898131,,,0,0,,,-0.391199701626434,2098,0.0202705314009661,False,efficiency_24h
S31::555f488885b1,S31,M06_SESSION_TIME,f020,5,0.7469518056874747,,,0,0,,,-0.2555616258255557,2099,0.0202801932367149,False,mtf_alignment
S25::017b79ce0b9e,S25,M04_VOLATILITY_COMPRESSION_EXPANSION,f016,5,0.7481575391967632,1.0,0.0234489966828405,111,110,0.1751467753397861,1.2383747825805382,-0.1485080670797977,2100,0.0202898550724637,False,bars_to_sess_end
S2::2c6012247423,S2,M02_FAILED_BREAKOUT_FADE,f004,5,0.7496019559985223,,,0,0,,,-0.1792331034018087,2101,0.0202995169082125,False,dist_or_low_atr
S30::282a94fa23d8,S30,M06_SESSION_TIME,f022,5,0.7513818445345555,,,0,0,,,-0.146454009554978,2102,0.0203091787439613,False,rloc_20
S27::8492323d86e4,S27,M16_AUCTION_VALUE,f030,5,0.7517677042496462,,,0,0,,,-0.1757948604079745,2103,0.0203188405797101,False,rloc_96
OBEXEC_D,OBEXEC_D,M14_REFERENCE_LEVEL,f010,5,0.751869400609777,,,0,0,,,-0.1852561142249603,2104,0.0203285024154589,False,bars_since_20bar_high
S16::393fe65826e6,S16,M14_REFERENCE_LEVEL,f031,2,0.7518735645556878,1.0,0.0078187009681642,550,306,0.0145187252639748,0.2400049253726778,0.0036035871818489,2105,0.0203381642512077,False,d1_trend_state
S8::ec037f864152,S8,M08_EXTENSION_MEAN_REVERSION,f014,5,0.752335387793317,,,0,0,,,-0.1440796368386465,2106,0.0203478260869565,False,bars_since_20bar_low
S23::866611e1c7db,S23,M04_VOLATILITY_COMPRESSION_EXPANSION,f027,5,0.7531113159767666,,,0,0,,,-0.1768749736734077,2107,0.0203574879227053,False,atr_pct_rank
S1::11c4710e404e,S1,M01_LIQUIDITY_SWEEP,f010,5,0.7543819369674643,,,0,0,,,-0.1687544865282243,2108,0.0203671497584541,False,bars_since_20bar_high
OBR_A_limit,OBR_A_limit,M14_REFERENCE_LEVEL,f019,12,0.7552350541483381,0.0,0.1112646517792251,242,158,0.1978467724487307,1.8596415651563107,-0.0673227003426379,2109,0.0203768115942029,False,month_of_year
S16::393fe65826e6,S16,M14_REFERENCE_LEVEL,f012,5,0.755887210905587,2.0,0.1645596371192252,122,104,0.1910274712120469,1.4353849151476443,0.0036035871818489,2110,0.0203864734299516,False,dist_pwl_atr
S28::b2a817579286,S28,M16_AUCTION_VALUE,f017,23,0.7572678662957357,19.0,0.1399195943177648,107,101,0.2958854176951325,2.13300044325211,-0.1509808226383693,2111,0.0203961352657004,False,hour_utc
S7::98a2f4583fb9,S7,M07_TREND_CONTINUATION,f023,5,0.757485967776268,,,0,0,,,-0.6253044035935208,2112,0.0204057971014492,False,dist_pwh_atr
S12::061854e10b15,S12,M12_RANGE_ROTATION,f031,2,0.7585045567861712,,,0,0,,,-0.2424089430019912,2113,0.020415458937198,False,d1_trend_state
S44::3d6f380511c2,S44,M17_VOLUME_PARTICIPATION,f036,5,0.7590186176990854,,,0,0,,,-0.1698854030120568,2114,0.0204251207729468,False,dist_prev_sess_low_atr
S9::731bd4dd4aa4,S9,M09_MTF_ALIGNMENT,f042,5,0.7593680606178477,0.0,0.2065512086342793,77,55,0.2144759820142203,1.1760281185010937,0.0029187266956302,2115,0.0204347826086956,False,dist_pdmid_atr
S20::3a706309724e,S20,M21_META_ROUTER,f026,5,0.759702566948901,2.0,0.022683373167721,252,219,0.101790194191555,1.1634001620937702,-0.0621530015021738,2116,0.0204444444444444,False,rloc_50
S6::a461ec93f607,S6,M06_SESSION_TIME,f013,5,0.7601348621637505,,,0,0,,,-0.5128074236968724,2117,0.0204541062801932,False,vol_rel_20
S26::f196a9ae20d6,S26,M16_AUCTION_VALUE,f037,2,0.7611450380301283,,,0,0,,,-0.1791938310904777,2118,0.020463768115942,False,disp_recent
S5::9cce3e63e04e,S5,M05_OPENING_RANGE,f044,5,0.7640854877515391,4.0,0.0186637668039913,174,161,0.1095433468851942,1.0294486693885363,-0.0824976353327315,2119,0.0204734299516908,False,week_of_month
S16::393fe65826e6,S16,M14_REFERENCE_LEVEL,f043,5,0.765471641051092,0.0,0.1734700294265216,105,94,0.1964873025964498,1.400472884653327,0.0036035871818489,2120,0.0204830917874396,False,dist_or_high_atr
OBEXEC_B,OBEXEC_B,M14_REFERENCE_LEVEL,f033,5,0.7663523904739844,,,0,0,,,-0.2656588126211349,2121,0.0204927536231884,False,rloc_sess
S1::4b7c6d5c6035,S1,M01_LIQUIDITY_SWEEP,f020,5,0.77017522488949,,,0,0,,,-0.2084882388941829,2122,0.0205024154589372,False,mtf_alignment
S16::393fe65826e6,S16,M14_REFERENCE_LEVEL,f027,5,0.7707447023481295,0.0,0.0560563457048153,172,143,0.0674144077202304,0.6309757499068818,0.0036035871818489,2123,0.0205120772946859,False,atr_pct_rank
S48::6d74b2000433,S48,M04_VOLATILITY_COMPRESSION_EXPANSION,f009,5,0.7708381319386703,,,0,0,,,-0.164287958331933,2124,0.0205217391304347,False,dist_pdl_atr
HTF_TGT_BREAK,HTF_TGT_BREAK,M03_BREAKOUT_RETEST,f026,4,0.7718553530825627,3.0,0.1045921252400991,58,54,0.1458355677926183,1.3018611997682197,-0.0228554796569282,2125,0.0205314009661835,False,rloc_50
S25::017b79ce0b9e,S25,M04_VOLATILITY_COMPRESSION_EXPANSION,f036,5,0.7722071650145135,,,0,0,,,-0.1485080670797977,2126,0.0205410628019323,False,dist_prev_sess_low_atr
S44::3d6f380511c2,S44,M17_VOLUME_PARTICIPATION,f022,5,0.7723955717454323,,,0,0,,,-0.1698854030120568,2127,0.0205507246376811,False,rloc_20
S31::9584b16899ad,S31,M06_SESSION_TIME,f026,5,0.7739379011277414,,,0,0,,,-0.2468575655120184,2128,0.0205603864734299,False,rloc_50
S15::ac373f9fe529,S15,M07_TREND_CONTINUATION,f040,5,0.7750564653896719,,,0,0,,,-0.1615200875385349,2129,0.0205700483091787,False,bar_in_sess
HTF_RANGE_FADE,HTF_RANGE_FADE,M12_RANGE_ROTATION,f031,2,0.77510996387878,,,0,0,,,-0.1462639811616175,2130,0.0205797101449275,False,d1_trend_state
S9::731bd4dd4aa4,S9,M09_MTF_ALIGNMENT,f046,1,0.7754163723655163,1.0,0.0009359397594473,1251,388,-0.0111021489110534,-0.2852973115704912,0.0029187266956302,2131,0.0205893719806763,False,h4_trend_state
OBEXEC_C,OBEXEC_C,M14_REFERENCE_LEVEL,f014,5,0.7755198513042838,,,0,0,,,-0.2057387587957231,2132,0.0205990338164251,False,bars_since_20bar_low
S25::017b79ce0b9e,S25,M04_VOLATILITY_COMPRESSION_EXPANSION,f009,5,0.7758361915952694,,,0,0,,,-0.1485080670797977,2133,0.0206086956521739,False,dist_pdl_atr
S3::7aafa506c507,S3,M03_BREAKOUT_RETEST,f044,5,0.7761834505872511,,,0,0,,,-0.3737354389272471,2134,0.0206183574879227,False,week_of_month
S6::a461ec93f607,S6,M06_SESSION_TIME,f010,4,0.7775188513246452,,,0,0,,,-0.5128074236968724,2135,0.0206280193236715,False,bars_since_20bar_high
S46::28bd0e966c33,S46,M03_BREAKOUT_RETEST,f031,2,0.7802732515442847,,,0,0,,,-0.0369124123563443,2136,0.0206376811594202,False,d1_trend_state
S13::7d288aa44d52,S13,M13_IMBALANCE_FVG,f046,2,0.7808011815059737,,,0,0,,,-0.1512493477368903,2137,0.020647342995169,False,h4_trend_state
S7::98a2f4583fb9,S7,M07_TREND_CONTINUATION,f024,2,0.782843986219977,,,0,0,,,-0.6253044035935208,2138,0.0206570048309178,False,h1_trend_state
SESS_D,SESS_D,M06_SESSION_TIME,f038,5,0.7845337199573543,2.0,0.0328648636197617,323,323,0.0673845599460195,0.8841226300673287,-0.0267017319359689,2139,0.0206666666666666,False,ret_4_atr
S5::9cce3e63e04e,S5,M05_OPENING_RANGE,f023,5,0.7847798362622727,,,0,0,,,-0.0824976353327315,2140,0.0206763285024154,False,dist_pwh_atr
S1::4b7c6d5c6035,S1,M01_LIQUIDITY_SWEEP,f032,5,0.7854613594547244,,,0,0,,,-0.2084882388941829,2141,0.0206859903381642,False,efficiency_24h
OBEXEC_B,OBEXEC_B,M14_REFERENCE_LEVEL,f023,5,0.7879516247257845,,,0,0,,,-0.2656588126211349,2142,0.020695652173913,False,dist_pwh_atr
S38::3029c9493a71,S38,M07_TREND_CONTINUATION,f030,5,0.7905221945195651,,,0,0,,,-0.0939524767845139,2143,0.0207053140096618,False,rloc_96
S6::a461ec93f607,S6,M06_SESSION_TIME,f007,5,0.7925716959746987,,,0,0,,,-0.5128074236968724,2144,0.0207149758454106,False,ret_96_atr
S16::393fe65826e6,S16,M14_REFERENCE_LEVEL,f024,2,0.7957036355583216,0.0,0.0094796213334135,113,83,0.0068790430022093,0.0538738584696932,0.0036035871818489,2145,0.0207246376811594,False,h1_trend_state
S12::061854e10b15,S12,M12_RANGE_ROTATION,f014,5,0.7970853834227565,,,0,0,,,-0.2424089430019912,2146,0.0207342995169082,False,bars_since_20bar_low
HTF_RANGE_FADE,HTF_RANGE_FADE,M12_RANGE_ROTATION,f042,3,0.801577577867441,,,0,0,,,-0.1462639811616175,2147,0.020743961352657,False,dist_pdmid_atr
OBEXEC_B,OBEXEC_B,M14_REFERENCE_LEVEL,f009,5,0.8020414100839912,,,0,0,,,-0.2656588126211349,2148,0.0207536231884058,False,dist_pdl_atr
S26::f196a9ae20d6,S26,M16_AUCTION_VALUE,f044,5,0.8033404353431006,,,0,0,,,-0.1791938310904777,2149,0.0207632850241545,False,week_of_month
S42::a347eead7c5d,S42,M08_EXTENSION_MEAN_REVERSION,f044,5,0.8041435046769196,,,0,0,,,-0.1021182368524002,2150,0.0207729468599033,False,week_of_month
S22::e730d6bce802,S22,M14_REFERENCE_LEVEL,f021,2,0.8046065070449364,,,0,0,,,-0.0783510896106395,2151,0.0207826086956521,False,fvg_present
OBR_A_limit,OBR_A_limit,M14_REFERENCE_LEVEL,f038,5,0.8049227510736912,3.0,0.0372949571246591,315,280,0.1197970964825889,1.3022414916630682,-0.0673227003426379,2152,0.0207922705314009,False,ret_4_atr
S39::cdecf371316b,S39,M07_TREND_CONTINUATION,f033,5,0.8049465469489259,,,0,0,,,-0.1572910268826625,2153,0.0208019323671497,False,rloc_sess
S7::98a2f4583fb9,S7,M07_TREND_CONTINUATION,f040,5,0.8050584003144046,,,0,0,,,-0.6253044035935208,2154,0.0208115942028985,False,bar_in_sess
S31::555f488885b1,S31,M06_SESSION_TIME,f043,5,0.8050879897345675,,,0,0,,,-0.2555616258255557,2155,0.0208212560386473,False,dist_or_high_atr
S26::f196a9ae20d6,S26,M16_AUCTION_VALUE,f036,5,0.8068325378056884,,,0,0,,,-0.1791938310904777,2156,0.0208309178743961,False,dist_prev_sess_low_atr
SESS_B,SESS_B,M06_SESSION_TIME,f011,14,0.8082658281607369,,,0,0,,,-0.3656137311760934,2157,0.0208405797101449,False,halfhour_bucket_utc
S14::dc07a2d5d013,S14,M08_EXTENSION_MEAN_REVERSION,f020,5,0.8085986230954689,3.0,0.0592614703262052,151,112,0.149540562585937,1.3993110594575775,-0.0733520870494794,2158,0.0208502415458937,False,mtf_alignment
S18::18995ee3f508,S18,M06_SESSION_TIME,f042,5,0.8091362504861899,,,0,0,,,-0.2196943442096486,2159,0.0208599033816425,False,dist_pdmid_atr
S24::a20c02d14359,S24,M06_SESSION_TIME,f021,2,0.8095902141075686,,,0,0,,,-0.1145562330207209,2160,0.0208695652173913,False,fvg_present
SESS_E,SESS_E,M06_SESSION_TIME,f020,5,0.8098063386903798,4.0,0.0137288047445721,101,101,0.2053742226995658,1.3985056815280166,-0.1706719129068075,2161,0.02087922705314,False,mtf_alignment
S31::555f488885b1,S31,M06_SESSION_TIME,f036,4,0.8117960781655391,,,0,0,,,-0.2555616258255557,2162,0.0208888888888888,False,dist_prev_sess_low_atr
S51::049ca99687f4,S51,M06_SESSION_TIME,f014,5,0.812541186813649,,,0,0,,,-0.1820980069014957,2163,0.0208985507246376,False,bars_since_20bar_low
S19::762b6018f2c5,S19,M15_GAP,f006,2,0.8155945855774522,,,0,0,,,-0.2669320577565558,2164,0.0209082125603864,False,realvol_ratio
S11::576394ea476f,S11,M11_STRUCTURE_BREAK_REVERSAL,f030,5,0.8156864844011169,,,0,0,,,-0.0580988841413395,2165,0.0209178743961352,False,rloc_96
S18::18995ee3f508,S18,M06_SESSION_TIME,f008,5,0.8159547279363744,,,0,0,,,-0.2196943442096486,2166,0.020927536231884,False,dist_vwap_atr
HTF_TGT_BREAK,HTF_TGT_BREAK,M03_BREAKOUT_RETEST,f017,5,0.818768239109362,13.0,0.07787095879847,69,69,0.1185016923004684,1.1844854903177289,-0.0228554796569282,2167,0.0209371980676328,False,hour_utc
HTF_TGT_BREAK,HTF_TGT_BREAK,M03_BREAKOUT_RETEST,f011,5,0.818768239109362,27.0,0.07787095879847,69,69,0.1185016923004684,1.1844854903177289,-0.0228554796569282,2168,0.0209468599033816,False,halfhour_bucket_utc
HTF_RANGE_FADE,HTF_RANGE_FADE,M12_RANGE_ROTATION,f014,5,0.8199694193160778,,,0,0,,,-0.1462639811616175,2169,0.0209565217391304,False,bars_since_20bar_low
S31::555f488885b1,S31,M06_SESSION_TIME,f026,5,0.8266012566270797,,,0,0,,,-0.2555616258255557,2170,0.0209661835748792,False,rloc_50
S16::393fe65826e6,S16,M14_REFERENCE_LEVEL,f032,5,0.8294294074168362,1.0,0.0890571646001372,164,135,0.1083903805223787,1.0023481405095902,0.0036035871818489,2171,0.020975845410628,False,efficiency_24h
S40::43b9c7dbd606,S40,M21_META_ROUTER,f032,5,0.8296437254253886,,,0,0,,,-0.1929964957240371,2172,0.0209855072463768,False,efficiency_24h
S11::576394ea476f,S11,M11_STRUCTURE_BREAK_REVERSAL,f046,2,0.8323978028311112,,,0,0,,,-0.0580988841413395,2173,0.0209951690821256,False,h4_trend_state
S40::43b9c7dbd606,S40,M21_META_ROUTER,f013,5,0.8333758088054477,,,0,0,,,-0.1929964957240371,2174,0.0210048309178743,False,vol_rel_20
S48::6d74b2000433,S48,M04_VOLATILITY_COMPRESSION_EXPANSION,f030,5,0.8337455999075516,,,0,0,,,-0.164287958331933,2175,0.0210144927536231,False,rloc_96
SESS_E,SESS_E,M06_SESSION_TIME,f027,4,0.8338365742116487,,,0,0,,,-0.1706719129068075,2176,0.0210241545893719,False,atr_pct_rank
S26::f196a9ae20d6,S26,M16_AUCTION_VALUE,f019,12,0.8356655358846403,,,0,0,,,-0.1791938310904777,2177,0.0210338164251207,False,month_of_year
OBEXEC_B,OBEXEC_B,M14_REFERENCE_LEVEL,f011,22,0.8359532400891707,,,0,0,,,-0.2656588126211349,2178,0.0210434782608695,False,halfhour_bucket_utc
S44::3d6f380511c2,S44,M17_VOLUME_PARTICIPATION,f042,5,0.8370804318059322,,,0,0,,,-0.1698854030120568,2179,0.0210531400966183,False,dist_pdmid_atr
S5::15be26301532,S5,M05_OPENING_RANGE,f031,2,0.839061265284454,,,0,0,,,-0.0334222540989216,2180,0.0210628019323671,False,d1_trend_state
S24::a20c02d14359,S24,M06_SESSION_TIME,f041,5,0.8398702349018472,,,0,0,,,-0.1145562330207209,2181,0.0210724637681159,False,ret_12_atr
S20::3a706309724e,S20,M21_META_ROUTER,f006,5,0.8411330125519156,4.0,0.0188454826216479,363,159,0.1065658317211672,1.377924491053846,-0.0621530015021738,2182,0.0210821256038647,False,realvol_ratio
S18::18995ee3f508,S18,M06_SESSION_TIME,f001,5,0.8413626025781795,,,0,0,,,-0.2196943442096486,2183,0.0210917874396135,False,weekday
S20::3a706309724e,S20,M21_META_ROUTER,f010,5,0.8450586925156589,2.0,0.0059785868802915,345,279,0.0882560729646148,1.1800944024839717,-0.0621530015021738,2184,0.0211014492753623,False,bars_since_20bar_high
S46::28bd0e966c33,S46,M03_BREAKOUT_RETEST,f037,2,0.847457897512693,,,0,0,,,-0.0369124123563443,2185,0.0211111111111111,False,disp_recent
HTF_TGT_BREAK,HTF_TGT_BREAK,M03_BREAKOUT_RETEST,f007,4,0.8489181936656305,2.0,0.0264765092277861,167,152,0.077449538863374,1.2474581711591817,-0.0228554796569282,2186,0.0211207729468599,False,ret_96_atr
S10::7df75fdb8ecb,S10,M10_DISPLACEMENT_CONTINUATION,f033,5,0.8509088646052831,,,0,0,,,-0.1954025256313247,2187,0.0211304347826086,False,rloc_sess
S22::e730d6bce802,S22,M14_REFERENCE_LEVEL,f007,5,0.8526768887283742,,,0,0,,,-0.0783510896106395,2188,0.0211400966183574,False,ret_96_atr
S15::ac373f9fe529,S15,M07_TREND_CONTINUATION,f004,5,0.8530043526801723,,,0,0,,,-0.1615200875385349,2189,0.0211497584541062,False,dist_or_low_atr
S2::691f36c634e3,S2,M02_FAILED_BREAKOUT_FADE,f024,2,0.8545586515629409,,,0,0,,,-0.2259536905507216,2190,0.021159420289855,False,h1_trend_state
S42::a347eead7c5d,S42,M08_EXTENSION_MEAN_REVERSION,f013,5,0.855168407694129,,,0,0,,,-0.1021182368524002,2191,0.0211690821256038,False,vol_rel_20
S48::6d74b2000433,S48,M04_VOLATILITY_COMPRESSION_EXPANSION,f020,5,0.8582849387960445,,,0,0,,,-0.164287958331933,2192,0.0211787439613526,False,mtf_alignment
S20::3a706309724e,S20,M21_META_ROUTER,f015,2,0.8590022318645305,,,0,0,,,-0.0621530015021738,2193,0.0211884057971014,False,compress_flag
S1::4b7c6d5c6035,S1,M01_LIQUIDITY_SWEEP,f046,2,0.8593401014313091,,,0,0,,,-0.2084882388941829,2194,0.0211980676328502,False,h4_trend_state
S5::9cce3e63e04e,S5,M05_OPENING_RANGE,f027,5,0.8604495042697513,,,0,0,,,-0.0824976353327315,2195,0.021207729468599,False,atr_pct_rank
HTF_TGT_BREAK,HTF_TGT_BREAK,M03_BREAKOUT_RETEST,f036,5,0.8619170011179955,3.0,0.0492153590912516,110,100,0.0947216737833221,1.2390215269246252,-0.0228554796569282,2196,0.0212173913043478,False,dist_prev_sess_low_atr
S2::2c6012247423,S2,M02_FAILED_BREAKOUT_FADE,f019,12,0.8624492631943115,,,0,0,,,-0.1792331034018087,2197,0.0212270531400966,False,month_of_year
S12::884efeda36f3,S12,M12_RANGE_ROTATION,f005,5,0.8663097661434782,,,0,0,,,-0.2323586418177302,2198,0.0212367149758454,False,atr_over_atrma
S29::10d4532019fd,S29,M06_SESSION_TIME,f042,5,0.8665632423436098,1.0,0.0683072705783961,87,87,0.2162567885853474,1.3616364423137977,-0.1239209859419127,2199,0.0212463768115942,False,dist_pdmid_atr
S38::3029c9493a71,S38,M07_TREND_CONTINUATION,f011,48,0.8670452727786504,6.0,0.1585865033555468,117,117,0.2564033616044066,1.9886405558230933,-0.0939524767845139,2200,0.0212560386473429,False,halfhour_bucket_utc
S2::691f36c634e3,S2,M02_FAILED_BREAKOUT_FADE,f007,5,0.8680794612947385,,,0,0,,,-0.2259536905507216,2201,0.0212657004830917,False,ret_96_atr
SESS_A,SESS_A,M06_SESSION_TIME,f020,5,0.8700223245994354,0.0,0.0860820596470101,430,430,0.0876874224786058,1.3594486464373463,0.0098448623933664,2202,0.0212753623188405,False,mtf_alignment
S8::ec037f864152,S8,M08_EXTENSION_MEAN_REVERSION,f028,5,0.8703569181915893,,,0,0,,,-0.1440796368386465,2203,0.0212850241545893,False,dist_prev_sess_high_atr
S29::10d4532019fd,S29,M06_SESSION_TIME,f023,5,0.8710422242809124,3.0,0.073766920328778,83,83,0.2211280437285012,1.358804822232166,-0.1239209859419127,2204,0.0212946859903381,False,dist_pwh_atr
S18::3933c532ec9c,S18,M06_SESSION_TIME,f033,5,0.8727628434377221,,,0,0,,,-0.2706234087594297,2205,0.0213043478260869,False,rloc_sess
S13::7d288aa44d52,S13,M13_IMBALANCE_FVG,f044,5,0.8739683861734626,,,0,0,,,-0.1512493477368903,2206,0.0213140096618357,False,week_of_month
SESS_E,SESS_E,M06_SESSION_TIME,f009,5,0.8752254037636775,,,0,0,,,-0.1706719129068075,2207,0.0213236714975845,False,dist_pdl_atr
S9::731bd4dd4aa4,S9,M09_MTF_ALIGNMENT,f024,1,0.8766639120130026,1.0,0.0018361611729257,1250,388,-0.0060393673665895,-0.1551996654654438,0.0029187266956302,2208,0.0213333333333333,False,h1_trend_state
S6::7199b701458a,S6,M06_SESSION_TIME,f012,5,0.8767131143720253,,,0,0,,,-0.5031640871587263,2209,0.0213429951690821,False,dist_pwl_atr
S38::3029c9493a71,S38,M07_TREND_CONTINUATION,f002,5,0.8803357857721217,,,0,0,,,-0.0939524767845139,2210,0.0213526570048309,False,ret_1_atr
S31::9584b16899ad,S31,M06_SESSION_TIME,f036,4,0.8822794895638957,1.0,0.0151934177226934,42,42,0.2809944278058959,1.2250141945297073,-0.2468575655120184,2211,0.0213623188405797,False,dist_prev_sess_low_atr
S19::762b6018f2c5,S19,M15_GAP,f043,2,0.8833871489789562,,,0,0,,,-0.2669320577565558,2212,0.0213719806763285,False,dist_or_high_atr
S45::4809d6e42bc2,S45,M19_SEQUENCE_RUNLENGTH,f044,5,0.8849796726422299,,,0,0,,,-0.1625746944243231,2213,0.0213816425120772,False,week_of_month
S2::2c6012247423,S2,M02_FAILED_BREAKOUT_FADE,f010,5,0.8851857337303004,,,0,0,,,-0.1792331034018087,2214,0.021391304347826,False,bars_since_20bar_high
HTF_RECLAIM,HTF_RECLAIM,M11_STRUCTURE_BREAK_REVERSAL,f005,5,0.8852046904282118,,,0,0,,,-0.1001845799762217,2215,0.0214009661835748,False,atr_over_atrma
S13::7d288aa44d52,S13,M13_IMBALANCE_FVG,f009,5,0.8853958756008562,,,0,0,,,-0.1512493477368903,2216,0.0214106280193236,False,dist_pdl_atr
S38::3029c9493a71,S38,M07_TREND_CONTINUATION,f035,5,0.885935712777155,,,0,0,,,-0.0939524767845139,2217,0.0214202898550724,False,dist_pdh_atr
S29::10d4532019fd,S29,M06_SESSION_TIME,f027,5,0.8877817355434126,3.0,0.0132678459838519,122,122,0.1625096148228044,1.2750071705022057,-0.1239209859419127,2218,0.0214299516908212,False,atr_pct_rank
S31::555f488885b1,S31,M06_SESSION_TIME,f022,5,0.890809672789239,,,0,0,,,-0.2555616258255557,2219,0.02143961352657,False,rloc_20
S4::cf232107e3b5,S4,M04_VOLATILITY_COMPRESSION_EXPANSION,f008,5,0.8915884997739632,,,0,0,,,-0.2239875030282,2220,0.0214492753623188,False,dist_vwap_atr
HTF_RANGE_FADE,HTF_RANGE_FADE,M12_RANGE_ROTATION,f046,2,0.8922882471667379,,,0,0,,,-0.1462639811616175,2221,0.0214589371980676,False,h4_trend_state
S5::9cce3e63e04e,S5,M05_OPENING_RANGE,f002,5,0.8924925377390402,,,0,0,,,-0.0824976353327315,2222,0.0214685990338164,False,ret_1_atr
HTF_PBK_TREND,HTF_PBK_TREND,M07_TREND_CONTINUATION,f012,3,0.8951903130757666,4.0,0.1877334602355188,32,29,0.3016958032447075,1.0398775990593132,-0.084165226639341,2223,0.0214782608695652,False,dist_pwl_atr
S16::393fe65826e6,S16,M14_REFERENCE_LEVEL,f033,5,0.8953156005099161,1.0,0.097354385258688,84,71,0.1051474218662088,0.667651519673908,0.0036035871818489,2224,0.021487922705314,False,rloc_sess
SESS_C,SESS_C,M06_SESSION_TIME,f040,2,0.8960092563990725,,,0,0,,,-0.2791331001590712,2225,0.0214975845410628,False,bar_in_sess
S31::555f488885b1,S31,M06_SESSION_TIME,f023,5,0.8965797239803852,3.0,0.0732426569047395,33,33,0.3470404866464292,1.342864217563723,-0.2555616258255557,2226,0.0215072463768115,False,dist_pwh_atr
S25::017b79ce0b9e,S25,M04_VOLATILITY_COMPRESSION_EXPANSION,f008,5,0.8982254740908746,,,0,0,,,-0.1485080670797977,2227,0.0215169082125603,False,dist_vwap_atr
S17::3cf289079abb,S17,M14_REFERENCE_LEVEL,f014,5,0.8984637438910759,3.0,0.1153872351841735,62,56,0.1704996491143623,0.8366700937354891,-0.0214468781177987,2228,0.0215265700483091,False,bars_since_20bar_low
S2::691f36c634e3,S2,M02_FAILED_BREAKOUT_FADE,f011,47,0.8992854441936138,43.0,0.0661730501892213,33,33,0.2934816504299525,1.1411223428918205,-0.2259536905507216,2229,0.0215362318840579,False,halfhour_bucket_utc
S16::393fe65826e6,S16,M14_REFERENCE_LEVEL,f044,5,0.9029369787729158,4.0,0.2499568455985511,57,34,0.2659105505194208,1.33894863312997,0.0036035871818489,2230,0.0215458937198067,False,week_of_month
S21::b61f7b31fafc,S21,M01_LIQUIDITY_SWEEP,f042,5,0.9036970325519312,,,0,0,,,-0.2797389306514087,2231,0.0215555555555555,False,dist_pdmid_atr
S51::049ca99687f4,S51,M06_SESSION_TIME,f004,5,0.9067158283982768,,,0,0,,,-0.1820980069014957,2232,0.0215652173913043,False,dist_or_low_atr
OBEXEC_C,OBEXEC_C,M14_REFERENCE_LEVEL,f034,3,0.9075252595148432,,,0,0,,,-0.2057387587957231,2233,0.0215748792270531,False,run_len_same_dir
S1::11c4710e404e,S1,M01_LIQUIDITY_SWEEP,f021,2,0.9093278484379326,,,0,0,,,-0.1687544865282243,2234,0.0215845410628019,False,fvg_present
S13::7d288aa44d52,S13,M13_IMBALANCE_FVG,f038,5,0.911872068000804,,,0,0,,,-0.1512493477368903,2235,0.0215942028985507,False,ret_4_atr
S45::4809d6e42bc2,S45,M19_SEQUENCE_RUNLENGTH,f037,2,0.9121208165027253,,,0,0,,,-0.1625746944243231,2236,0.0216038647342995,False,disp_recent
HTF_PBK_TREND,HTF_PBK_TREND,M07_TREND_CONTINUATION,f015,2,0.9123865203639414,,,0,0,,,-0.084165226639341,2237,0.0216135265700483,False,compress_flag
S1::4b7c6d5c6035,S1,M01_LIQUIDITY_SWEEP,f010,5,0.9137694865289436,,,0,0,,,-0.2084882388941829,2238,0.0216231884057971,False,bars_since_20bar_high
S29::10d4532019fd,S29,M06_SESSION_TIME,f021,2,0.9154696795759972,,,0,0,,,-0.1239209859419127,2239,0.0216328502415458,False,fvg_present
HTF_PBK_TREND,HTF_PBK_TREND,M07_TREND_CONTINUATION,f013,5,0.917320133449928,0.0,0.0671628186887651,62,56,0.1871384988026961,1.033520907193329,-0.084165226639341,2240,0.0216425120772946,False,vol_rel_20
S28::b2a817579286,S28,M16_AUCTION_VALUE,f026,5,0.9181368100887022,,,0,0,,,-0.1509808226383693,2241,0.0216521739130434,False,rloc_50
S31::555f488885b1,S31,M06_SESSION_TIME,f030,5,0.918236841527218,,,0,0,,,-0.2555616258255557,2242,0.0216618357487922,False,rloc_96
S45::4809d6e42bc2,S45,M19_SEQUENCE_RUNLENGTH,f033,5,0.9189610923726632,,,0,0,,,-0.1625746944243231,2243,0.021671497584541,False,rloc_sess
S23::866611e1c7db,S23,M04_VOLATILITY_COMPRESSION_EXPANSION,f001,5,0.9208388620222197,,,0,0,,,-0.1768749736734077,2244,0.0216811594202898,False,weekday
HTF_RANGE_FADE,HTF_RANGE_FADE,M12_RANGE_ROTATION,f012,5,0.924680066827006,1.0,0.0661341080275969,61,52,0.2309335447550829,1.325709277006971,-0.1462639811616175,2245,0.0216908212560386,False,dist_pwl_atr
S6::7199b701458a,S6,M06_SESSION_TIME,f044,5,0.9290368488576916,,,0,0,,,-0.5031640871587263,2246,0.0217004830917874,False,week_of_month
S15::ac373f9fe529,S15,M07_TREND_CONTINUATION,f001,5,0.9299273751594184,,,0,0,,,-0.1615200875385349,2247,0.0217101449275362,False,weekday
S21::6ddb75c3f9b1,S21,M01_LIQUIDITY_SWEEP,f037,2,0.9350815999900632,,,0,0,,,-0.3144243577251478,2248,0.021719806763285,False,disp_recent
SESS_D,SESS_D,M06_SESSION_TIME,f037,2,0.9367769429847476,,,0,0,,,-0.0267017319359689,2249,0.0217294685990338,False,disp_recent
S6::a461ec93f607,S6,M06_SESSION_TIME,f006,5,0.938452512748562,,,0,0,,,-0.5128074236968724,2250,0.0217391304347826,False,realvol_ratio
S25::017b79ce0b9e,S25,M04_VOLATILITY_COMPRESSION_EXPANSION,f046,2,0.9387043090885188,,,0,0,,,-0.1485080670797977,2251,0.0217487922705314,False,h4_trend_state
SESS_C,SESS_C,M06_SESSION_TIME,f036,5,0.938964647926288,,,0,0,,,-0.2791331001590712,2252,0.0217584541062801,False,dist_prev_sess_low_atr
S26::f196a9ae20d6,S26,M16_AUCTION_VALUE,f033,5,0.9409792430382348,,,0,0,,,-0.1791938310904777,2253,0.0217681159420289,False,rloc_sess
S1::4b7c6d5c6035,S1,M01_LIQUIDITY_SWEEP,f030,5,0.9409931515955628,,,0,0,,,-0.2084882388941829,2254,0.0217777777777777,False,rloc_96
S43::6aacd27a298d,S43,M18_OSCILLATOR_DIVERGENCE,f006,5,0.9418853553696028,,,0,0,,,-0.3255470396563592,2255,0.0217874396135265,False,realvol_ratio
S2::691f36c634e3,S2,M02_FAILED_BREAKOUT_FADE,f040,5,0.9430902929708752,,,0,0,,,-0.2259536905507216,2256,0.0217971014492753,False,bar_in_sess
S13::7d288aa44d52,S13,M13_IMBALANCE_FVG,f026,5,0.9434635770401588,,,0,0,,,-0.1512493477368903,2257,0.0218067632850241,False,rloc_50
S6::a461ec93f607,S6,M06_SESSION_TIME,f002,5,0.945298822795806,,,0,0,,,-0.5128074236968724,2258,0.0218164251207729,False,ret_1_atr
S12::884efeda36f3,S12,M12_RANGE_ROTATION,f037,2,0.9458845328380274,,,0,0,,,-0.2323586418177302,2259,0.0218260869565217,False,disp_recent
S14::dc07a2d5d013,S14,M08_EXTENSION_MEAN_REVERSION,f007,5,0.9459780500460012,,,0,0,,,-0.0733520870494794,2260,0.0218357487922705,False,ret_96_atr
S11::576394ea476f,S11,M11_STRUCTURE_BREAK_REVERSAL,f031,2,0.9477385762901922,,,0,0,,,-0.0580988841413395,2261,0.0218454106280193,False,d1_trend_state
HTF_RANGE_FADE,HTF_RANGE_FADE,M12_RANGE_ROTATION,f026,4,0.9495224041589836,,,0,0,,,-0.1462639811616175,2262,0.0218550724637681,False,rloc_50
S14::25e44853ad0f,S14,M08_EXTENSION_MEAN_REVERSION,f012,5,0.9497668328413232,,,0,0,,,-0.152388312799847,2263,0.0218647342995169,False,dist_pwl_atr
S41::73a2a8a65e5e,S41,M17_VOLUME_PARTICIPATION,f023,5,0.952705479931124,,,0,0,,,-0.391199701626434,2264,0.0218743961352657,False,dist_pwh_atr
S5::9cce3e63e04e,S5,M05_OPENING_RANGE,f033,5,0.95459729207097,4.0,0.1127834372145979,87,87,0.2030494554058652,1.307863951361965,-0.0824976353327315,2265,0.0218840579710144,False,rloc_sess
S51::049ca99687f4,S51,M06_SESSION_TIME,f044,5,0.9562623892120236,,,0,0,,,-0.1820980069014957,2266,0.0218937198067632,False,week_of_month
S5::15be26301532,S5,M05_OPENING_RANGE,f010,5,0.9581097180854692,3.0,0.042651787151827,394,390,0.0908246181468092,1.305795991448773,-0.0334222540989216,2267,0.021903381642512,False,bars_since_20bar_high
S25::017b79ce0b9e,S25,M04_VOLATILITY_COMPRESSION_EXPANSION,f042,5,0.9589594226748231,,,0,0,,,-0.1485080670797977,2268,0.0219130434782608,False,dist_pdmid_atr
HTF_PBK_TREND,HTF_PBK_TREND,M07_TREND_CONTINUATION,f032,4,0.9594138046454468,1.0,0.0216225879402106,104,100,0.1557965996535216,1.1753531688743122,-0.084165226639341,2269,0.0219227053140096,False,efficiency_24h
S38::3029c9493a71,S38,M07_TREND_CONTINUATION,f042,5,0.9594768039147772,,,0,0,,,-0.0939524767845139,2270,0.0219323671497584,False,dist_pdmid_atr
SESS_A,SESS_A,M06_SESSION_TIME,f002,5,0.9595145693710584,3.0,0.0671457843120773,543,543,0.0686152494102963,1.188895518550522,0.0098448623933664,2271,0.0219420289855072,False,ret_1_atr
S42::a347eead7c5d,S42,M08_EXTENSION_MEAN_REVERSION,f021,2,0.9600072493674716,,,0,0,,,-0.1021182368524002,2272,0.021951690821256,False,fvg_present
SESS_A,SESS_A,M06_SESSION_TIME,f024,2,0.9611818937274236,1.0,0.0232773181249398,965,965,0.0190004625103398,0.4439139456648089,0.0098448623933664,2273,0.0219613526570048,False,h1_trend_state
S16::393fe65826e6,S16,M14_REFERENCE_LEVEL,f030,4,0.9624594872260168,1.0,0.1120135559872314,43,40,0.1147783139674473,0.5386103316116566,0.0036035871818489,2274,0.0219710144927536,False,rloc_96
S51::049ca99687f4,S51,M06_SESSION_TIME,f019,12,0.9635788867549522,,,0,0,,,-0.1820980069014957,2275,0.0219806763285024,False,month_of_year
S14::dc07a2d5d013,S14,M08_EXTENSION_MEAN_REVERSION,f011,11,0.9653792288486304,3.0,0.3252354510561003,37,37,0.4099581926236263,1.7073245360308693,-0.0733520870494794,2276,0.0219903381642512,False,halfhour_bucket_utc
S48::6d74b2000433,S48,M04_VOLATILITY_COMPRESSION_EXPANSION,f038,5,0.9668113409273182,,,0,0,,,-0.164287958331933,2277,0.022,False,ret_4_atr
S7::98a2f4583fb9,S7,M07_TREND_CONTINUATION,f007,5,0.9681826191075272,,,0,0,,,-0.6253044035935208,2278,0.0220096618357487,False,ret_96_atr
SESS_B,SESS_B,M06_SESSION_TIME,f002,5,0.9687563158871472,,,0,0,,,-0.3656137311760934,2279,0.0220193236714975,False,ret_1_atr
S31::9584b16899ad,S31,M06_SESSION_TIME,f005,3,0.9701806302924604,,,0,0,,,-0.2468575655120184,2280,0.0220289855072463,False,atr_over_atrma
SESS_B,SESS_B,M06_SESSION_TIME,f006,5,0.9706145526449196,,,0,0,,,-0.3656137311760934,2281,0.0220386473429951,False,realvol_ratio
S8::ec037f864152,S8,M08_EXTENSION_MEAN_REVERSION,f044,5,0.9735603321493392,,,0,0,,,-0.1440796368386465,2282,0.0220483091787439,False,week_of_month
S30::282a94fa23d8,S30,M06_SESSION_TIME,f028,5,0.9738589221175564,,,0,0,,,-0.146454009554978,2283,0.0220579710144927,False,dist_prev_sess_high_atr
S16::393fe65826e6,S16,M14_REFERENCE_LEVEL,f008,5,0.974953251109949,3.0,0.0992171976253301,195,175,0.1277595656787895,1.2715841868490794,0.0036035871818489,2284,0.0220676328502415,False,dist_vwap_atr
HTF_PBK_TREND,HTF_PBK_TREND,M07_TREND_CONTINUATION,f026,5,0.9753545870220848,2.0,0.0105008042241671,77,71,0.1241773036428204,0.7771265921058813,-0.084165226639341,2285,0.0220772946859903,False,rloc_50
SESS_B,SESS_B,M06_SESSION_TIME,f023,5,0.977496538739524,,,0,0,,,-0.3656137311760934,2286,0.0220869565217391,False,dist_pwh_atr
S2::2c6012247423,S2,M02_FAILED_BREAKOUT_FADE,f002,5,0.9800933460099636,,,0,0,,,-0.1792331034018087,2287,0.0220966183574879,False,ret_1_atr
OBR_A_limit,OBR_A_limit,M14_REFERENCE_LEVEL,f037,2,0.98077620299983,,,0,0,,,-0.0673227003426379,2288,0.0221062801932367,False,disp_recent
S24::a20c02d14359,S24,M06_SESSION_TIME,f006,5,0.980805404258227,,,0,0,,,-0.1145562330207209,2289,0.0221159420289855,False,realvol_ratio
S14::dc07a2d5d013,S14,M08_EXTENSION_MEAN_REVERSION,f035,5,0.9813561129455683,3.0,0.07551048404597,90,80,0.1596323712550882,1.2922481475661771,-0.0733520870494794,2290,0.0221256038647343,False,dist_pdh_atr
OBEXEC_C,OBEXEC_C,M14_REFERENCE_LEVEL,f033,5,0.9836936845711586,,,0,0,,,-0.2057387587957231,2291,0.022135265700483,False,rloc_sess
OBR_A_limit,OBR_A_limit,M14_REFERENCE_LEVEL,f026,5,0.9840272411390528,1.0,0.0191697889040393,368,316,0.1015204571611142,1.1987589219091124,-0.0673227003426379,2292,0.0221449275362318,False,rloc_50
S8::ec037f864152,S8,M08_EXTENSION_MEAN_REVERSION,f005,5,0.9852967518499156,,,0,0,,,-0.1440796368386465,2293,0.0221545893719806,False,atr_over_atrma
SESS_D,SESS_D,M06_SESSION_TIME,f013,3,0.9859852622177954,2.0,0.0679109129864648,159,159,0.1003434679863068,0.9406659730600574,-0.0267017319359689,2294,0.0221642512077294,False,vol_rel_20
OBEXEC_C,OBEXEC_C,M14_REFERENCE_LEVEL,f017,13,0.986225689453018,18.0,0.1315438041970712,73,66,0.3507886667220724,1.7752082103330853,-0.2057387587957231,2295,0.0221739130434782,False,hour_utc
SESS_B,SESS_B,M06_SESSION_TIME,f038,5,0.9864035450939768,,,0,0,,,-0.3656137311760934,2296,0.022183574879227,False,ret_4_atr
SESS_A,SESS_A,M06_SESSION_TIME,f036,5,0.9874477982910546,4.0,0.0627984280090295,584,584,0.0643691737070427,1.2580942558715609,0.0098448623933664,2297,0.0221932367149758,False,dist_prev_sess_low_atr
S27::8492323d86e4,S27,M16_AUCTION_VALUE,f001,5,0.9894525168952352,,,0,0,,,-0.1757948604079745,2298,0.0222028985507246,False,weekday
S38::3029c9493a71,S38,M07_TREND_CONTINUATION,f016,5,0.989845531481962,1.0,0.0435195538189034,132,132,0.1398500030892844,1.287359234168402,-0.0939524767845139,2299,0.0222125603864734,False,bars_to_sess_end
S40::43b9c7dbd606,S40,M21_META_ROUTER,f042,5,0.9911297788281814,,,0,0,,,-0.1929964957240371,2300,0.0222222222222222,False,dist_pdmid_atr
SESS_B,SESS_B,M06_SESSION_TIME,f042,5,0.9912815246732098,,,0,0,,,-0.3656137311760934,2301,0.022231884057971,False,dist_pdmid_atr
S21::b61f7b31fafc,S21,M01_LIQUIDITY_SWEEP,f021,2,0.9949270822607668,,,0,0,,,-0.2797389306514087,2302,0.0222415458937198,False,fvg_present
S30::282a94fa23d8,S30,M06_SESSION_TIME,f032,5,0.9959102828021617,,,0,0,,,-0.146454009554978,2303,0.0222512077294686,False,efficiency_24h
S29::bd28e989b4eb,S29,M06_SESSION_TIME,f046,2,0.9994740094300364,,,0,0,,,-0.1540660871629385,2304,0.0222608695652173,False,h4_trend_state
S5::15be26301532,S5,M05_OPENING_RANGE,f023,5,0.9999700108234744,1.0,0.0652268731358796,253,247,0.1101347366183286,1.2815686537439988,-0.0334222540989216,2305,0.0222705314009661,False,dist_pwh_atr
SESS_Fc,SESS_Fc,M06_SESSION_TIME,f037,2,1.0,,,0,0,,,,2306,0.0222801932367149,False,disp_recent
SESS_Fc,SESS_Fc,M06_SESSION_TIME,f024,2,1.0,,,0,0,,,,2307,0.0222898550724637,False,h1_trend_state
SESS_Fc,SESS_Fc,M06_SESSION_TIME,f021,2,1.0,,,0,0,,,,2308,0.0222995169082125,False,fvg_present
SESS_Fc,SESS_Fc,M06_SESSION_TIME,f019,12,1.0,,,0,0,,,,2309,0.0223091787439613,False,month_of_year
SESS_Fc,SESS_Fc,M06_SESSION_TIME,f017,3,1.0,,,0,0,,,,2310,0.0223188405797101,False,hour_utc
SESS_Fc,SESS_Fc,M06_SESSION_TIME,f015,2,1.0,,,0,0,,,,2311,0.0223285024154589,False,compress_flag
SESS_Fc,SESS_Fc,M06_SESSION_TIME,f011,2,1.0,,,0,0,,,,2312,0.0223381642512077,False,halfhour_bucket_utc
SESS_Fc,SESS_Fc,M06_SESSION_TIME,f001,5,1.0,,,0,0,,,,2313,0.0223478260869565,False,weekday
SESS_E,SESS_E,M06_SESSION_TIME,f042,5,1.0,,,0,0,,,-0.1706719129068075,2314,0.0223574879227053,False,dist_pdmid_atr
SESS_E,SESS_E,M06_SESSION_TIME,f040,4,1.0,,,0,0,,,-0.1706719129068075,2315,0.0223671497584541,False,bar_in_sess
SESS_E,SESS_E,M06_SESSION_TIME,f038,5,1.0,,,0,0,,,-0.1706719129068075,2316,0.0223768115942029,False,ret_4_atr
HTF_PBK_TREND,HTF_PBK_TREND,M07_TREND_CONTINUATION,f023,4,1.0,1.0,0.1421544352470216,32,30,0.2511218166136353,0.8919090615903786,-0.084165226639341,2317,0.0223864734299516,False,dist_pwh_atr
HTF_PBK_TREND,HTF_PBK_TREND,M07_TREND_CONTINUATION,f022,5,1.0,,,0,0,,,-0.084165226639341,2318,0.0223961352657004,False,rloc_20
SESS_Fc,SESS_Fc,M06_SESSION_TIME,f044,5,1.0,4.0,0.0215028380871079,246,246,,,,2319,0.0224057971014492,False,week_of_month
S51::049ca99687f4,S51,M06_SESSION_TIME,f041,5,1.0,,,0,0,,,-0.1820980069014957,2320,0.022415458937198,False,ret_12_atr
S51::049ca99687f4,S51,M06_SESSION_TIME,f038,5,1.0,,,0,0,,,-0.1820980069014957,2321,0.0224251207729468,False,ret_4_atr
S51::049ca99687f4,S51,M06_SESSION_TIME,f036,5,1.0,,,0,0,,,-0.1820980069014957,2322,0.0224347826086956,False,dist_prev_sess_low_atr
S51::049ca99687f4,S51,M06_SESSION_TIME,f034,3,1.0,,,0,0,,,-0.1820980069014957,2323,0.0224444444444444,False,run_len_same_dir
S51::049ca99687f4,S51,M06_SESSION_TIME,f030,5,1.0,,,0,0,,,-0.1820980069014957,2324,0.0224541062801932,False,rloc_96
S51::049ca99687f4,S51,M06_SESSION_TIME,f028,5,1.0,,,0,0,,,-0.1820980069014957,2325,0.022463768115942,False,dist_prev_sess_high_atr
S51::049ca99687f4,S51,M06_SESSION_TIME,f022,5,1.0,,,0,0,,,-0.1820980069014957,2326,0.0224734299516908,False,rloc_20
S51::049ca99687f4,S51,M06_SESSION_TIME,f008,5,1.0,,,0,0,,,-0.1820980069014957,2327,0.0224830917874396,False,dist_vwap_atr
S50::9cc65b2c5452,S50,M20_CANDLESTICK_PATTERN,f042,5,1.0,,,0,0,,,-0.6026326920420786,2328,0.0224927536231884,False,dist_pdmid_atr
S50::9cc65b2c5452,S50,M20_CANDLESTICK_PATTERN,f035,5,1.0,,,0,0,,,-0.6026326920420786,2329,0.0225024154589372,False,dist_pdh_atr
S50::9cc65b2c5452,S50,M20_CANDLESTICK_PATTERN,f032,5,1.0,,,0,0,,,-0.6026326920420786,2330,0.0225120772946859,False,efficiency_24h
S50::9cc65b2c5452,S50,M20_CANDLESTICK_PATTERN,f031,2,1.0,,,0,0,,,-0.6026326920420786,2331,0.0225217391304347,False,d1_trend_state
S50::9cc65b2c5452,S50,M20_CANDLESTICK_PATTERN,f030,5,1.0,,,0,0,,,-0.6026326920420786,2332,0.0225314009661835,False,rloc_96
S50::9cc65b2c5452,S50,M20_CANDLESTICK_PATTERN,f024,2,1.0,,,0,0,,,-0.6026326920420786,2333,0.0225410628019323,False,h1_trend_state
S50::9cc65b2c5452,S50,M20_CANDLESTICK_PATTERN,f020,5,1.0,,,0,0,,,-0.6026326920420786,2334,0.0225507246376811,False,mtf_alignment
S50::9cc65b2c5452,S50,M20_CANDLESTICK_PATTERN,f010,5,1.0,,,0,0,,,-0.6026326920420786,2335,0.0225603864734299,False,bars_since_20bar_high
S50::9cc65b2c5452,S50,M20_CANDLESTICK_PATTERN,f007,5,1.0,,,0,0,,,-0.6026326920420786,2336,0.0225700483091787,False,ret_96_atr
S50::9cc65b2c5452,S50,M20_CANDLESTICK_PATTERN,f001,5,1.0,,,0,0,,,-0.6026326920420786,2337,0.0225797101449275,False,weekday
S4::cf232107e3b5,S4,M04_VOLATILITY_COMPRESSION_EXPANSION,f030,5,1.0,,,0,0,,,-0.2239875030282,2338,0.0225893719806763,False,rloc_96
S4::cf232107e3b5,S4,M04_VOLATILITY_COMPRESSION_EXPANSION,f026,5,1.0,,,0,0,,,-0.2239875030282,2339,0.0225990338164251,False,rloc_50
S4::cf232107e3b5,S4,M04_VOLATILITY_COMPRESSION_EXPANSION,f022,5,1.0,,,0,0,,,-0.2239875030282,2340,0.0226086956521739,False,rloc_20
S5::15be26301532,S5,M05_OPENING_RANGE,f001,5,1.0,,,0,0,,,-0.0334222540989216,2341,0.0226183574879227,False,weekday
S4::cf232107e3b5,S4,M04_VOLATILITY_COMPRESSION_EXPANSION,f006,5,1.0,,,0,0,,,-0.2239875030282,2342,0.0226280193236715,False,realvol_ratio
S48::6d74b2000433,S48,M04_VOLATILITY_COMPRESSION_EXPANSION,f046,2,1.0,,,0,0,,,-0.164287958331933,2343,0.0226376811594202,False,h4_trend_state
S48::6d74b2000433,S48,M04_VOLATILITY_COMPRESSION_EXPANSION,f041,5,1.0,,,0,0,,,-0.164287958331933,2344,0.022647342995169,False,ret_12_atr
S48::6d74b2000433,S48,M04_VOLATILITY_COMPRESSION_EXPANSION,f035,5,1.0,,,0,0,,,-0.164287958331933,2345,0.0226570048309178,False,dist_pdh_atr
S48::6d74b2000433,S48,M04_VOLATILITY_COMPRESSION_EXPANSION,f032,5,1.0,,,0,0,,,-0.164287958331933,2346,0.0226666666666666,False,efficiency_24h
S48::6d74b2000433,S48,M04_VOLATILITY_COMPRESSION_EXPANSION,f031,2,1.0,,,0,0,,,-0.164287958331933,2347,0.0226763285024154,False,d1_trend_state
S48::6d74b2000433,S48,M04_VOLATILITY_COMPRESSION_EXPANSION,f024,2,1.0,,,0,0,,,-0.164287958331933,2348,0.0226859903381642,False,h1_trend_state
S48::6d74b2000433,S48,M04_VOLATILITY_COMPRESSION_EXPANSION,f022,5,1.0,,,0,0,,,-0.164287958331933,2349,0.022695652173913,False,rloc_20
S48::6d74b2000433,S48,M04_VOLATILITY_COMPRESSION_EXPANSION,f019,12,1.0,,,0,0,,,-0.164287958331933,2350,0.0227053140096618,False,month_of_year
S48::6d74b2000433,S48,M04_VOLATILITY_COMPRESSION_EXPANSION,f012,5,1.0,,,0,0,,,-0.164287958331933,2351,0.0227149758454106,False,dist_pwl_atr
S5::15be26301532,S5,M05_OPENING_RANGE,f034,3,1.0,,,0,0,,,-0.0334222540989216,2352,0.0227246376811594,False,run_len_same_dir
S5::15be26301532,S5,M05_OPENING_RANGE,f022,5,1.0,1.0,0.0226790076611864,317,313,0.0645337415979242,0.8376925871558789,-0.0334222540989216,2353,0.0227342995169082,False,rloc_20
S5::15be26301532,S5,M05_OPENING_RANGE,f020,5,1.0,2.0,0.0530891916239105,192,177,0.0939466281663343,0.9764227336184672,-0.0334222540989216,2354,0.022743961352657,False,mtf_alignment
S46::28bd0e966c33,S46,M03_BREAKOUT_RETEST,f044,5,1.0,,,0,0,,,-0.0369124123563443,2355,0.0227536231884058,False,week_of_month
S46::28bd0e966c33,S46,M03_BREAKOUT_RETEST,f043,5,1.0,,,0,0,,,-0.0369124123563443,2356,0.0227632850241545,False,dist_or_high_atr
S46::28bd0e966c33,S46,M03_BREAKOUT_RETEST,f042,5,1.0,,,0,0,,,-0.0369124123563443,2357,0.0227729468599033,False,dist_pdmid_atr
S46::28bd0e966c33,S46,M03_BREAKOUT_RETEST,f041,5,1.0,,,0,0,,,-0.0369124123563443,2358,0.0227826086956521,False,ret_12_atr
S46::28bd0e966c33,S46,M03_BREAKOUT_RETEST,f033,5,1.0,,,0,0,,,-0.0369124123563443,2359,0.0227922705314009,False,rloc_sess
S46::28bd0e966c33,S46,M03_BREAKOUT_RETEST,f032,5,1.0,,,0,0,,,-0.0369124123563443,2360,0.0228019323671497,False,efficiency_24h
S46::28bd0e966c33,S46,M03_BREAKOUT_RETEST,f023,5,1.0,,,0,0,,,-0.0369124123563443,2361,0.0228115942028985,False,dist_pwh_atr
S46::28bd0e966c33,S46,M03_BREAKOUT_RETEST,f021,2,1.0,,,0,0,,,-0.0369124123563443,2362,0.0228212560386473,False,fvg_present
S46::28bd0e966c33,S46,M03_BREAKOUT_RETEST,f010,5,1.0,,,0,0,,,-0.0369124123563443,2363,0.0228309178743961,False,bars_since_20bar_high
S46::28bd0e966c33,S46,M03_BREAKOUT_RETEST,f007,5,1.0,,,0,0,,,-0.0369124123563443,2364,0.0228405797101449,False,ret_96_atr
S46::28bd0e966c33,S46,M03_BREAKOUT_RETEST,f005,5,1.0,,,0,0,,,-0.0369124123563443,2365,0.0228502415458937,False,atr_over_atrma
S46::28bd0e966c33,S46,M03_BREAKOUT_RETEST,f001,5,1.0,,,0,0,,,-0.0369124123563443,2366,0.0228599033816425,False,weekday
S45::4809d6e42bc2,S45,M19_SEQUENCE_RUNLENGTH,f035,5,1.0,,,0,0,,,-0.1625746944243231,2367,0.0228695652173913,False,dist_pdh_atr
S45::4809d6e42bc2,S45,M19_SEQUENCE_RUNLENGTH,f021,2,1.0,,,0,0,,,-0.1625746944243231,2368,0.0228792270531401,False,fvg_present
S45::4809d6e42bc2,S45,M19_SEQUENCE_RUNLENGTH,f012,5,1.0,,,0,0,,,-0.1625746944243231,2369,0.0228888888888888,False,dist_pwl_atr
S5::9cce3e63e04e,S5,M05_OPENING_RANGE,f006,5,1.0,,,0,0,,,-0.0824976353327315,2370,0.0228985507246376,False,realvol_ratio
S5::15be26301532,S5,M05_OPENING_RANGE,f042,5,1.0,3.0,0.0363241297890494,274,259,0.0786267320224061,0.9754106450364712,-0.0334222540989216,2371,0.0229082125603864,False,dist_pdmid_atr
S5::15be26301532,S5,M05_OPENING_RANGE,f038,5,1.0,0.0,0.0938268262318432,103,103,0.1328912048568384,0.969688002606468,-0.0334222540989216,2372,0.0229178743961352,False,ret_4_atr
S5::15be26301532,S5,M05_OPENING_RANGE,f036,5,1.0,,,0,0,,,-0.0334222540989216,2373,0.022927536231884,False,dist_prev_sess_low_atr
S45::4809d6e42bc2,S45,M19_SEQUENCE_RUNLENGTH,f002,5,1.0,,,0,0,,,-0.1625746944243231,2374,0.0229371980676328,False,ret_1_atr
S45::4809d6e42bc2,S45,M19_SEQUENCE_RUNLENGTH,f001,5,1.0,,,0,0,,,-0.1625746944243231,2375,0.0229468599033816,False,weekday
S44::3d6f380511c2,S44,M17_VOLUME_PARTICIPATION,f046,2,1.0,,,0,0,,,-0.1698854030120568,2376,0.0229565217391304,False,h4_trend_state
S44::3d6f380511c2,S44,M17_VOLUME_PARTICIPATION,f043,5,1.0,,,0,0,,,-0.1698854030120568,2377,0.0229661835748792,False,dist_or_high_atr
S44::3d6f380511c2,S44,M17_VOLUME_PARTICIPATION,f034,3,1.0,,,0,0,,,-0.1698854030120568,2378,0.022975845410628,False,run_len_same_dir
S44::3d6f380511c2,S44,M17_VOLUME_PARTICIPATION,f023,5,1.0,,,0,0,,,-0.1698854030120568,2379,0.0229855072463768,False,dist_pwh_atr
S43::6aacd27a298d,S43,M18_OSCILLATOR_DIVERGENCE,f032,5,1.0,,,0,0,,,-0.3255470396563592,2380,0.0229951690821256,False,efficiency_24h
S43::6aacd27a298d,S43,M18_OSCILLATOR_DIVERGENCE,f023,5,1.0,,,0,0,,,-0.3255470396563592,2381,0.0230048309178744,False,dist_pwh_atr
S43::6aacd27a298d,S43,M18_OSCILLATOR_DIVERGENCE,f009,5,1.0,,,0,0,,,-0.3255470396563592,2382,0.0230144927536231,False,dist_pdl_atr
S42::a347eead7c5d,S42,M08_EXTENSION_MEAN_REVERSION,f043,5,1.0,,,0,0,,,-0.1021182368524002,2383,0.0230241545893719,False,dist_or_high_atr
S5::9cce3e63e04e,S5,M05_OPENING_RANGE,f013,5,1.0,0.0,0.0033254166611956,159,156,0.0922749977466622,0.8181523595733994,-0.0824976353327315,2384,0.0230338164251207,False,vol_rel_20
S5::9cce3e63e04e,S5,M05_OPENING_RANGE,f010,5,1.0,,,0,0,,,-0.0824976353327315,2385,0.0230434782608695,False,bars_since_20bar_high
S42::a347eead7c5d,S42,M08_EXTENSION_MEAN_REVERSION,f041,5,1.0,,,0,0,,,-0.1021182368524002,2386,0.0230531400966183,False,ret_12_atr
S42::a347eead7c5d,S42,M08_EXTENSION_MEAN_REVERSION,f040,5,1.0,,,0,0,,,-0.1021182368524002,2387,0.0230628019323671,False,bar_in_sess
S42::a347eead7c5d,S42,M08_EXTENSION_MEAN_REVERSION,f036,5,1.0,,,0,0,,,-0.1021182368524002,2388,0.0230724637681159,False,dist_prev_sess_low_atr
S42::a347eead7c5d,S42,M08_EXTENSION_MEAN_REVERSION,f033,5,1.0,,,0,0,,,-0.1021182368524002,2389,0.0230821256038647,False,rloc_sess
S42::a347eead7c5d,S42,M08_EXTENSION_MEAN_REVERSION,f031,2,1.0,,,0,0,,,-0.1021182368524002,2390,0.0230917874396135,False,d1_trend_state
S42::a347eead7c5d,S42,M08_EXTENSION_MEAN_REVERSION,f024,2,1.0,,,0,0,,,-0.1021182368524002,2391,0.0231014492753623,False,h1_trend_state
S42::a347eead7c5d,S42,M08_EXTENSION_MEAN_REVERSION,f022,5,1.0,,,0,0,,,-0.1021182368524002,2392,0.0231111111111111,False,rloc_20
S42::a347eead7c5d,S42,M08_EXTENSION_MEAN_REVERSION,f020,5,1.0,2.0,0.0093422481321986,148,104,0.1191978920097961,1.0659052637991366,-0.1021182368524002,2393,0.0231207729468599,False,mtf_alignment
S42::a347eead7c5d,S42,M08_EXTENSION_MEAN_REVERSION,f017,21,1.0,0.0,0.2249736807996017,53,51,0.3348763234156104,1.657705723285115,-0.1021182368524002,2394,0.0231304347826087,False,hour_utc
S42::a347eead7c5d,S42,M08_EXTENSION_MEAN_REVERSION,f012,5,1.0,4.0,0.048853602668946,113,91,0.1588443904516241,1.1815025593701347,-0.1021182368524002,2395,0.0231400966183574,False,dist_pwl_atr
S42::a347eead7c5d,S42,M08_EXTENSION_MEAN_REVERSION,f007,5,1.0,,,0,0,,,-0.1021182368524002,2396,0.0231497584541062,False,ret_96_atr
S41::73a2a8a65e5e,S41,M17_VOLUME_PARTICIPATION,f046,2,1.0,,,0,0,,,-0.391199701626434,2397,0.023159420289855,False,h4_trend_state
S41::73a2a8a65e5e,S41,M17_VOLUME_PARTICIPATION,f044,5,1.0,,,0,0,,,-0.391199701626434,2398,0.0231690821256038,False,week_of_month
S41::73a2a8a65e5e,S41,M17_VOLUME_PARTICIPATION,f038,5,1.0,,,0,0,,,-0.391199701626434,2399,0.0231787439613526,False,ret_4_atr
S41::73a2a8a65e5e,S41,M17_VOLUME_PARTICIPATION,f037,2,1.0,,,0,0,,,-0.391199701626434,2400,0.0231884057971014,False,disp_recent
S5::9cce3e63e04e,S5,M05_OPENING_RANGE,f038,5,1.0,,,0,0,,,-0.0824976353327315,2401,0.0231980676328502,False,ret_4_atr
S5::9cce3e63e04e,S5,M05_OPENING_RANGE,f031,2,1.0,,,0,0,,,-0.0824976353327315,2402,0.023207729468599,False,d1_trend_state
S41::73a2a8a65e5e,S41,M17_VOLUME_PARTICIPATION,f031,2,1.0,,,0,0,,,-0.391199701626434,2403,0.0232173913043478,False,d1_trend_state
S41::73a2a8a65e5e,S41,M17_VOLUME_PARTICIPATION,f027,5,1.0,,,0,0,,,-0.391199701626434,2404,0.0232270531400966,False,atr_pct_rank
S41::73a2a8a65e5e,S41,M17_VOLUME_PARTICIPATION,f024,2,1.0,,,0,0,,,-0.391199701626434,2405,0.0232367149758454,False,h1_trend_state
S41::73a2a8a65e5e,S41,M17_VOLUME_PARTICIPATION,f020,5,1.0,,,0,0,,,-0.391199701626434,2406,0.0232463768115942,False,mtf_alignment
S41::73a2a8a65e5e,S41,M17_VOLUME_PARTICIPATION,f016,5,1.0,,,0,0,,,-0.391199701626434,2407,0.0232560386473429,False,bars_to_sess_end
S41::73a2a8a65e5e,S41,M17_VOLUME_PARTICIPATION,f009,5,1.0,,,0,0,,,-0.391199701626434,2408,0.0232657004830917,False,dist_pdl_atr
S41::73a2a8a65e5e,S41,M17_VOLUME_PARTICIPATION,f002,5,1.0,,,0,0,,,-0.391199701626434,2409,0.0232753623188405,False,ret_1_atr
S40::43b9c7dbd606,S40,M21_META_ROUTER,f009,5,1.0,,,0,0,,,-0.1929964957240371,2410,0.0232850241545893,False,dist_pdl_atr
S40::43b9c7dbd606,S40,M21_META_ROUTER,f004,5,1.0,,,0,0,,,-0.1929964957240371,2411,0.0232946859903381,False,dist_or_low_atr
S3::7aafa506c507,S3,M03_BREAKOUT_RETEST,f028,5,1.0,,,0,0,,,-0.3737354389272471,2412,0.0233043478260869,False,dist_prev_sess_high_atr
S3::37a51a4fd454,S3,M03_BREAKOUT_RETEST,f033,5,1.0,,,0,0,,,-0.3652404446864761,2413,0.0233140096618357,False,rloc_sess
S3::37a51a4fd454,S3,M03_BREAKOUT_RETEST,f001,5,1.0,,,0,0,,,-0.3652404446864761,2414,0.0233236714975845,False,weekday
S39::cdecf371316b,S39,M07_TREND_CONTINUATION,f042,5,1.0,,,0,0,,,-0.1572910268826625,2415,0.0233333333333333,False,dist_pdmid_atr
S39::cdecf371316b,S39,M07_TREND_CONTINUATION,f041,5,1.0,,,0,0,,,-0.1572910268826625,2416,0.0233429951690821,False,ret_12_atr
S39::cdecf371316b,S39,M07_TREND_CONTINUATION,f024,2,1.0,,,0,0,,,-0.1572910268826625,2417,0.0233526570048309,False,h1_trend_state
S6::7199b701458a,S6,M06_SESSION_TIME,f010,5,1.0,,,0,0,,,-0.5031640871587263,2418,0.0233623188405797,False,bars_since_20bar_high
S6::7199b701458a,S6,M06_SESSION_TIME,f005,4,1.0,,,0,0,,,-0.5031640871587263,2419,0.0233719806763285,False,atr_over_atrma
S5::9cce3e63e04e,S5,M05_OPENING_RANGE,f046,2,1.0,,,0,0,,,-0.0824976353327315,2420,0.0233816425120772,False,h4_trend_state
S39::cdecf371316b,S39,M07_TREND_CONTINUATION,f022,5,1.0,,,0,0,,,-0.1572910268826625,2421,0.023391304347826,False,rloc_20
S39::cdecf371316b,S39,M07_TREND_CONTINUATION,f020,5,1.0,,,0,0,,,-0.1572910268826625,2422,0.0234009661835748,False,mtf_alignment
S39::cdecf371316b,S39,M07_TREND_CONTINUATION,f012,5,1.0,,,0,0,,,-0.1572910268826625,2423,0.0234106280193236,False,dist_pwl_atr
S39::cdecf371316b,S39,M07_TREND_CONTINUATION,f010,5,1.0,,,0,0,,,-0.1572910268826625,2424,0.0234202898550724,False,bars_since_20bar_high
S39::cdecf371316b,S39,M07_TREND_CONTINUATION,f006,5,1.0,,,0,0,,,-0.1572910268826625,2425,0.0234299516908212,False,realvol_ratio
S38::3029c9493a71,S38,M07_TREND_CONTINUATION,f043,5,1.0,,,0,0,,,-0.0939524767845139,2426,0.02343961352657,False,dist_or_high_atr
S38::3029c9493a71,S38,M07_TREND_CONTINUATION,f034,3,1.0,,,0,0,,,-0.0939524767845139,2427,0.0234492753623188,False,run_len_same_dir
S38::3029c9493a71,S38,M07_TREND_CONTINUATION,f026,5,1.0,,,0,0,,,-0.0939524767845139,2428,0.0234589371980676,False,rloc_50
S38::3029c9493a71,S38,M07_TREND_CONTINUATION,f024,2,1.0,,,0,0,,,-0.0939524767845139,2429,0.0234685990338164,False,h1_trend_state
S38::3029c9493a71,S38,M07_TREND_CONTINUATION,f023,5,1.0,,,0,0,,,-0.0939524767845139,2430,0.0234782608695652,False,dist_pwh_atr
S38::3029c9493a71,S38,M07_TREND_CONTINUATION,f021,2,1.0,,,0,0,,,-0.0939524767845139,2431,0.023487922705314,False,fvg_present
S38::3029c9493a71,S38,M07_TREND_CONTINUATION,f009,5,1.0,,,0,0,,,-0.0939524767845139,2432,0.0234975845410628,False,dist_pdl_atr
S38::3029c9493a71,S38,M07_TREND_CONTINUATION,f004,5,1.0,,,0,0,,,-0.0939524767845139,2433,0.0235072463768115,False,dist_or_low_atr
S38::3029c9493a71,S38,M07_TREND_CONTINUATION,f001,5,1.0,,,0,0,,,-0.0939524767845139,2434,0.0235169082125603,False,weekday
S31::9584b16899ad,S31,M06_SESSION_TIME,f041,5,1.0,,,0,0,,,-0.2468575655120184,2435,0.0235265700483091,False,ret_12_atr
S31::9584b16899ad,S31,M06_SESSION_TIME,f033,5,1.0,,,0,0,,,-0.2468575655120184,2436,0.0235362318840579,False,rloc_sess
S31::9584b16899ad,S31,M06_SESSION_TIME,f030,5,1.0,,,0,0,,,-0.2468575655120184,2437,0.0235458937198067,False,rloc_96
S31::9584b16899ad,S31,M06_SESSION_TIME,f022,5,1.0,,,0,0,,,-0.2468575655120184,2438,0.0235555555555555,False,rloc_20
S31::9584b16899ad,S31,M06_SESSION_TIME,f020,5,1.0,,,0,0,,,-0.2468575655120184,2439,0.0235652173913043,False,mtf_alignment
S31::9584b16899ad,S31,M06_SESSION_TIME,f010,5,1.0,,,0,0,,,-0.2468575655120184,2440,0.0235748792270531,False,bars_since_20bar_high
S31::555f488885b1,S31,M06_SESSION_TIME,f044,2,1.0,,,0,0,,,-0.2555616258255557,2441,0.0235845410628019,False,week_of_month
S31::555f488885b1,S31,M06_SESSION_TIME,f041,5,1.0,,,0,0,,,-0.2555616258255557,2442,0.0235942028985507,False,ret_12_atr
S31::555f488885b1,S31,M06_SESSION_TIME,f038,5,1.0,,,0,0,,,-0.2555616258255557,2443,0.0236038647342995,False,ret_4_atr
S31::555f488885b1,S31,M06_SESSION_TIME,f034,3,1.0,,,0,0,,,-0.2555616258255557,2444,0.0236135265700483,False,run_len_same_dir
S31::555f488885b1,S31,M06_SESSION_TIME,f033,5,1.0,,,0,0,,,-0.2555616258255557,2445,0.0236231884057971,False,rloc_sess
S31::555f488885b1,S31,M06_SESSION_TIME,f028,5,1.0,,,0,0,,,-0.2555616258255557,2446,0.0236328502415458,False,dist_prev_sess_high_atr
S31::555f488885b1,S31,M06_SESSION_TIME,f014,5,1.0,,,0,0,,,-0.2555616258255557,2447,0.0236425120772946,False,bars_since_20bar_low
S31::555f488885b1,S31,M06_SESSION_TIME,f010,5,1.0,,,0,0,,,-0.2555616258255557,2448,0.0236521739130434,False,bars_since_20bar_high
S31::555f488885b1,S31,M06_SESSION_TIME,f009,5,1.0,,,0,0,,,-0.2555616258255557,2449,0.0236618357487922,False,dist_pdl_atr
S31::555f488885b1,S31,M06_SESSION_TIME,f004,5,1.0,,,0,0,,,-0.2555616258255557,2450,0.023671497584541,False,dist_or_low_atr
S31::555f488885b1,S31,M06_SESSION_TIME,f001,5,1.0,,,0,0,,,-0.2555616258255557,2451,0.0236811594202898,False,weekday
S30::282a94fa23d8,S30,M06_SESSION_TIME,f042,5,1.0,,,0,0,,,-0.146454009554978,2452,0.0236908212560386,False,dist_pdmid_atr
S6::7199b701458a,S6,M06_SESSION_TIME,f036,3,1.0,,,0,0,,,-0.5031640871587263,2453,0.0237004830917874,False,dist_prev_sess_low_atr
S30::282a94fa23d8,S30,M06_SESSION_TIME,f030,5,1.0,,,0,0,,,-0.146454009554978,2454,0.0237101449275362,False,rloc_96
S30::282a94fa23d8,S30,M06_SESSION_TIME,f014,5,1.0,,,0,0,,,-0.146454009554978,2455,0.023719806763285,False,bars_since_20bar_low
S30::282a94fa23d8,S30,M06_SESSION_TIME,f010,5,1.0,,,0,0,,,-0.146454009554978,2456,0.0237294685990338,False,bars_since_20bar_high
S30::282a94fa23d8,S30,M06_SESSION_TIME,f007,5,1.0,,,0,0,,,-0.146454009554978,2457,0.0237391304347826,False,ret_96_atr
S30::282a94fa23d8,S30,M06_SESSION_TIME,f006,5,1.0,,,0,0,,,-0.146454009554978,2458,0.0237487922705314,False,realvol_ratio
S2::691f36c634e3,S2,M02_FAILED_BREAKOUT_FADE,f046,2,1.0,,,0,0,,,-0.2259536905507216,2459,0.0237584541062801,False,h4_trend_state
S2::691f36c634e3,S2,M02_FAILED_BREAKOUT_FADE,f042,5,1.0,,,0,0,,,-0.2259536905507216,2460,0.0237681159420289,False,dist_pdmid_atr
S2::691f36c634e3,S2,M02_FAILED_BREAKOUT_FADE,f035,5,1.0,,,0,0,,,-0.2259536905507216,2461,0.0237777777777777,False,dist_pdh_atr
S2::691f36c634e3,S2,M02_FAILED_BREAKOUT_FADE,f034,3,1.0,,,0,0,,,-0.2259536905507216,2462,0.0237874396135265,False,run_len_same_dir
S2::691f36c634e3,S2,M02_FAILED_BREAKOUT_FADE,f031,2,1.0,,,0,0,,,-0.2259536905507216,2463,0.0237971014492753,False,d1_trend_state
S2::691f36c634e3,S2,M02_FAILED_BREAKOUT_FADE,f030,5,1.0,,,0,0,,,-0.2259536905507216,2464,0.0238067632850241,False,rloc_96
S2::691f36c634e3,S2,M02_FAILED_BREAKOUT_FADE,f023,5,1.0,,,0,0,,,-0.2259536905507216,2465,0.0238164251207729,False,dist_pwh_atr
S2::691f36c634e3,S2,M02_FAILED_BREAKOUT_FADE,f009,5,1.0,,,0,0,,,-0.2259536905507216,2466,0.0238260869565217,False,dist_pdl_atr
S6::a461ec93f607,S6,M06_SESSION_TIME,f021,2,1.0,,,0,0,,,-0.5128074236968724,2467,0.0238357487922705,False,fvg_present
S6::a461ec93f607,S6,M06_SESSION_TIME,f011,6,1.0,,,0,0,,,-0.5128074236968724,2468,0.0238454106280193,False,halfhour_bucket_utc
S6::a461ec93f607,S6,M06_SESSION_TIME,f008,4,1.0,,,0,0,,,-0.5128074236968724,2469,0.0238550724637681,False,dist_vwap_atr
S2::691f36c634e3,S2,M02_FAILED_BREAKOUT_FADE,f006,5,1.0,,,0,0,,,-0.2259536905507216,2470,0.0238647342995169,False,realvol_ratio
S2::691f36c634e3,S2,M02_FAILED_BREAKOUT_FADE,f004,5,1.0,,,0,0,,,-0.2259536905507216,2471,0.0238743961352657,False,dist_or_low_atr
S2::2c6012247423,S2,M02_FAILED_BREAKOUT_FADE,f044,5,1.0,,,0,0,,,-0.1792331034018087,2472,0.0238840579710144,False,week_of_month
S2::2c6012247423,S2,M02_FAILED_BREAKOUT_FADE,f043,5,1.0,,,0,0,,,-0.1792331034018087,2473,0.0238937198067632,False,dist_or_high_atr
S2::2c6012247423,S2,M02_FAILED_BREAKOUT_FADE,f040,5,1.0,,,0,0,,,-0.1792331034018087,2474,0.023903381642512,False,bar_in_sess
S2::2c6012247423,S2,M02_FAILED_BREAKOUT_FADE,f038,5,1.0,,,0,0,,,-0.1792331034018087,2475,0.0239130434782608,False,ret_4_atr
S2::2c6012247423,S2,M02_FAILED_BREAKOUT_FADE,f034,3,1.0,,,0,0,,,-0.1792331034018087,2476,0.0239227053140096,False,run_len_same_dir
S2::2c6012247423,S2,M02_FAILED_BREAKOUT_FADE,f033,5,1.0,,,0,0,,,-0.1792331034018087,2477,0.0239323671497584,False,rloc_sess
S2::2c6012247423,S2,M02_FAILED_BREAKOUT_FADE,f028,5,1.0,,,0,0,,,-0.1792331034018087,2478,0.0239420289855072,False,dist_prev_sess_high_atr
S2::2c6012247423,S2,M02_FAILED_BREAKOUT_FADE,f013,5,1.0,,,0,0,,,-0.1792331034018087,2479,0.023951690821256,False,vol_rel_20
S2::2c6012247423,S2,M02_FAILED_BREAKOUT_FADE,f006,5,1.0,,,0,0,,,-0.1792331034018087,2480,0.0239613526570048,False,realvol_ratio
S6::a461ec93f607,S6,M06_SESSION_TIME,f040,4,1.0,,,0,0,,,-0.5128074236968724,2481,0.0239710144927536,False,bar_in_sess
S6::a461ec93f607,S6,M06_SESSION_TIME,f037,2,1.0,,,0,0,,,-0.5128074236968724,2482,0.0239806763285024,False,disp_recent
S6::a461ec93f607,S6,M06_SESSION_TIME,f036,4,1.0,,,0,0,,,-0.5128074236968724,2483,0.0239903381642512,False,dist_prev_sess_low_atr
S6::a461ec93f607,S6,M06_SESSION_TIME,f032,5,1.0,,,0,0,,,-0.5128074236968724,2484,0.024,False,efficiency_24h
S6::a461ec93f607,S6,M06_SESSION_TIME,f026,3,1.0,,,0,0,,,-0.5128074236968724,2485,0.0240096618357487,False,rloc_50
S29::bd28e989b4eb,S29,M06_SESSION_TIME,f034,3,1.0,,,0,0,,,-0.1540660871629385,2486,0.0240193236714975,False,run_len_same_dir
S29::bd28e989b4eb,S29,M06_SESSION_TIME,f030,5,1.0,,,0,0,,,-0.1540660871629385,2487,0.0240289855072463,False,rloc_96
S29::bd28e989b4eb,S29,M06_SESSION_TIME,f026,5,1.0,,,0,0,,,-0.1540660871629385,2488,0.0240386473429951,False,rloc_50
S29::bd28e989b4eb,S29,M06_SESSION_TIME,f024,2,1.0,,,0,0,,,-0.1540660871629385,2489,0.0240483091787439,False,h1_trend_state
S29::bd28e989b4eb,S29,M06_SESSION_TIME,f020,5,1.0,2.0,0.0572600739105957,59,59,0.2285474918792504,1.1948759256530384,-0.1540660871629385,2490,0.0240579710144927,False,mtf_alignment
S29::bd28e989b4eb,S29,M06_SESSION_TIME,f013,5,1.0,,,0,0,,,-0.1540660871629385,2491,0.0240676328502415,False,vol_rel_20
S29::bd28e989b4eb,S29,M06_SESSION_TIME,f006,5,1.0,,,0,0,,,-0.1540660871629385,2492,0.0240772946859903,False,realvol_ratio
S29::10d4532019fd,S29,M06_SESSION_TIME,f035,5,1.0,4.0,0.0099929798110889,66,66,0.1462407743160394,0.8095798895739095,-0.1239209859419127,2493,0.0240869565217391,False,dist_pdh_atr
S29::10d4532019fd,S29,M06_SESSION_TIME,f034,3,1.0,,,0,0,,,-0.1239209859419127,2494,0.0240966183574879,False,run_len_same_dir
S29::10d4532019fd,S29,M06_SESSION_TIME,f033,5,1.0,,,0,0,,,-0.1239209859419127,2495,0.0241062801932367,False,rloc_sess
S29::10d4532019fd,S29,M06_SESSION_TIME,f031,2,1.0,,,0,0,,,-0.1239209859419127,2496,0.0241159420289855,False,d1_trend_state
S29::10d4532019fd,S29,M06_SESSION_TIME,f014,5,1.0,,,0,0,,,-0.1239209859419127,2497,0.0241256038647343,False,bars_since_20bar_low
S29::10d4532019fd,S29,M06_SESSION_TIME,f008,5,1.0,,,0,0,,,-0.1239209859419127,2498,0.024135265700483,False,dist_vwap_atr
S29::10d4532019fd,S29,M06_SESSION_TIME,f004,5,1.0,,,0,0,,,-0.1239209859419127,2499,0.0241449275362318,False,dist_or_low_atr
S6::a461ec93f607,S6,M06_SESSION_TIME,f041,4,1.0,,,0,0,,,-0.5128074236968724,2500,0.0241545893719806,False,ret_12_atr
S28::b2a817579286,S28,M16_AUCTION_VALUE,f041,5,1.0,,,0,0,,,-0.1509808226383693,2501,0.0241642512077294,False,ret_12_atr
S28::b2a817579286,S28,M16_AUCTION_VALUE,f030,5,1.0,,,0,0,,,-0.1509808226383693,2502,0.0241739130434782,False,rloc_96
S28::b2a817579286,S28,M16_AUCTION_VALUE,f006,5,1.0,,,0,0,,,-0.1509808226383693,2503,0.024183574879227,False,realvol_ratio
S28::b2a817579286,S28,M16_AUCTION_VALUE,f002,5,1.0,,,0,0,,,-0.1509808226383693,2504,0.0241932367149758,False,ret_1_atr
S27::8492323d86e4,S27,M16_AUCTION_VALUE,f044,5,1.0,,,0,0,,,-0.1757948604079745,2505,0.0242028985507246,False,week_of_month
S27::8492323d86e4,S27,M16_AUCTION_VALUE,f034,3,1.0,,,0,0,,,-0.1757948604079745,2506,0.0242125603864734,False,run_len_same_dir
S26::f196a9ae20d6,S26,M16_AUCTION_VALUE,f035,5,1.0,,,0,0,,,-0.1791938310904777,2507,0.0242222222222222,False,dist_pdh_atr
S26::f196a9ae20d6,S26,M16_AUCTION_VALUE,f032,5,1.0,,,0,0,,,-0.1791938310904777,2508,0.024231884057971,False,efficiency_24h
S26::f196a9ae20d6,S26,M16_AUCTION_VALUE,f021,2,1.0,,,0,0,,,-0.1791938310904777,2509,0.0242415458937198,False,fvg_present
S26::f196a9ae20d6,S26,M16_AUCTION_VALUE,f006,5,1.0,,,0,0,,,-0.1791938310904777,2510,0.0242512077294686,False,realvol_ratio
S26::f196a9ae20d6,S26,M16_AUCTION_VALUE,f002,5,1.0,,,0,0,,,-0.1791938310904777,2511,0.0242608695652173,False,ret_1_atr
S25::017b79ce0b9e,S25,M04_VOLATILITY_COMPRESSION_EXPANSION,f044,5,1.0,,,0,0,,,-0.1485080670797977,2512,0.0242705314009661,False,week_of_month
S25::017b79ce0b9e,S25,M04_VOLATILITY_COMPRESSION_EXPANSION,f043,5,1.0,,,0,0,,,-0.1485080670797977,2513,0.0242801932367149,False,dist_or_high_atr
S7::98a2f4583fb9,S7,M07_TREND_CONTINUATION,f012,5,1.0,,,0,0,,,-0.6253044035935208,2514,0.0242898550724637,False,dist_pwl_atr
S25::017b79ce0b9e,S25,M04_VOLATILITY_COMPRESSION_EXPANSION,f041,5,1.0,,,0,0,,,-0.1485080670797977,2515,0.0242995169082125,False,ret_12_atr
S25::017b79ce0b9e,S25,M04_VOLATILITY_COMPRESSION_EXPANSION,f035,5,1.0,,,0,0,,,-0.1485080670797977,2516,0.0243091787439613,False,dist_pdh_atr
S25::017b79ce0b9e,S25,M04_VOLATILITY_COMPRESSION_EXPANSION,f034,3,1.0,,,0,0,,,-0.1485080670797977,2517,0.0243188405797101,False,run_len_same_dir
S25::017b79ce0b9e,S25,M04_VOLATILITY_COMPRESSION_EXPANSION,f033,5,1.0,,,0,0,,,-0.1485080670797977,2518,0.0243285024154589,False,rloc_sess
S25::017b79ce0b9e,S25,M04_VOLATILITY_COMPRESSION_EXPANSION,f028,5,1.0,,,0,0,,,-0.1485080670797977,2519,0.0243381642512077,False,dist_prev_sess_high_atr
S25::017b79ce0b9e,S25,M04_VOLATILITY_COMPRESSION_EXPANSION,f027,5,1.0,,,0,0,,,-0.1485080670797977,2520,0.0243478260869565,False,atr_pct_rank
S25::017b79ce0b9e,S25,M04_VOLATILITY_COMPRESSION_EXPANSION,f023,5,1.0,,,0,0,,,-0.1485080670797977,2521,0.0243574879227053,False,dist_pwh_atr
S25::017b79ce0b9e,S25,M04_VOLATILITY_COMPRESSION_EXPANSION,f022,5,1.0,,,0,0,,,-0.1485080670797977,2522,0.0243671497584541,False,rloc_20
S25::017b79ce0b9e,S25,M04_VOLATILITY_COMPRESSION_EXPANSION,f020,5,1.0,,,0,0,,,-0.1485080670797977,2523,0.0243768115942029,False,mtf_alignment
S25::017b79ce0b9e,S25,M04_VOLATILITY_COMPRESSION_EXPANSION,f011,37,1.0,47.0,0.2267676647681998,35,35,0.3774431659428293,1.5151130216707345,-0.1485080670797977,2524,0.0243864734299516,False,halfhour_bucket_utc
S25::017b79ce0b9e,S25,M04_VOLATILITY_COMPRESSION_EXPANSION,f010,5,1.0,,,0,0,,,-0.1485080670797977,2525,0.0243961352657004,False,bars_since_20bar_high
S25::017b79ce0b9e,S25,M04_VOLATILITY_COMPRESSION_EXPANSION,f007,5,1.0,,,0,0,,,-0.1485080670797977,2526,0.0244057971014492,False,ret_96_atr
S25::017b79ce0b9e,S25,M04_VOLATILITY_COMPRESSION_EXPANSION,f004,5,1.0,,,0,0,,,-0.1485080670797977,2527,0.024415458937198,False,dist_or_low_atr
S25::017b79ce0b9e,S25,M04_VOLATILITY_COMPRESSION_EXPANSION,f003,5,1.0,,,0,0,,,-0.1485080670797977,2528,0.0244251207729468,False,vol_rel_sess
S24::a20c02d14359,S24,M06_SESSION_TIME,f044,5,1.0,,,0,0,,,-0.1145562330207209,2529,0.0244347826086956,False,week_of_month
S24::a20c02d14359,S24,M06_SESSION_TIME,f042,5,1.0,,,0,0,,,-0.1145562330207209,2530,0.0244444444444444,False,dist_pdmid_atr
S24::a20c02d14359,S24,M06_SESSION_TIME,f037,2,1.0,,,0,0,,,-0.1145562330207209,2531,0.0244541062801932,False,disp_recent
S24::a20c02d14359,S24,M06_SESSION_TIME,f033,5,1.0,,,0,0,,,-0.1145562330207209,2532,0.024463768115942,False,rloc_sess
S24::a20c02d14359,S24,M06_SESSION_TIME,f023,5,1.0,,,0,0,,,-0.1145562330207209,2533,0.0244734299516908,False,dist_pwh_atr
S24::a20c02d14359,S24,M06_SESSION_TIME,f022,5,1.0,,,0,0,,,-0.1145562330207209,2534,0.0244830917874396,False,rloc_20
S24::a20c02d14359,S24,M06_SESSION_TIME,f014,5,1.0,,,0,0,,,-0.1145562330207209,2535,0.0244927536231884,False,bars_since_20bar_low
S24::a20c02d14359,S24,M06_SESSION_TIME,f003,5,1.0,,,0,0,,,-0.1145562330207209,2536,0.0245024154589372,False,vol_rel_sess
S23::866611e1c7db,S23,M04_VOLATILITY_COMPRESSION_EXPANSION,f022,5,1.0,,,0,0,,,-0.1768749736734077,2537,0.0245120772946859,False,rloc_20
S22::e730d6bce802,S22,M14_REFERENCE_LEVEL,f037,2,1.0,,,0,0,,,-0.0783510896106395,2538,0.0245217391304347,False,disp_recent
S22::e730d6bce802,S22,M14_REFERENCE_LEVEL,f036,5,1.0,,,0,0,,,-0.0783510896106395,2539,0.0245314009661835,False,dist_prev_sess_low_atr
S22::e730d6bce802,S22,M14_REFERENCE_LEVEL,f034,3,1.0,,,0,0,,,-0.0783510896106395,2540,0.0245410628019323,False,run_len_same_dir
S22::e730d6bce802,S22,M14_REFERENCE_LEVEL,f028,5,1.0,,,0,0,,,-0.0783510896106395,2541,0.0245507246376811,False,dist_prev_sess_high_atr
S22::e730d6bce802,S22,M14_REFERENCE_LEVEL,f022,5,1.0,,,0,0,,,-0.0783510896106395,2542,0.0245603864734299,False,rloc_20
S22::e730d6bce802,S22,M14_REFERENCE_LEVEL,f017,23,1.0,19.0,0.1063769823330676,122,112,0.1898454254353357,1.5528862348731955,-0.0783510896106395,2543,0.0245700483091787,False,hour_utc
S22::e730d6bce802,S22,M14_REFERENCE_LEVEL,f006,5,1.0,,,0,0,,,-0.0783510896106395,2544,0.0245797101449275,False,realvol_ratio
S22::e730d6bce802,S22,M14_REFERENCE_LEVEL,f002,5,1.0,,,0,0,,,-0.0783510896106395,2545,0.0245893719806763,False,ret_1_atr
S21::b61f7b31fafc,S21,M01_LIQUIDITY_SWEEP,f040,5,1.0,,,0,0,,,-0.2797389306514087,2546,0.0245990338164251,False,bar_in_sess
S21::b61f7b31fafc,S21,M01_LIQUIDITY_SWEEP,f038,5,1.0,,,0,0,,,-0.2797389306514087,2547,0.0246086956521739,False,ret_4_atr
S8::b7adfd7f9d4f,S8,M08_EXTENSION_MEAN_REVERSION,f006,5,1.0,,,0,0,,,-0.1740521879042388,2548,0.0246183574879227,False,realvol_ratio
S8::b7adfd7f9d4f,S8,M08_EXTENSION_MEAN_REVERSION,f004,5,1.0,,,0,0,,,-0.1740521879042388,2549,0.0246280193236715,False,dist_or_low_atr
S21::6ddb75c3f9b1,S21,M01_LIQUIDITY_SWEEP,f046,2,1.0,,,0,0,,,-0.3144243577251478,2550,0.0246376811594202,False,h4_trend_state
S21::6ddb75c3f9b1,S21,M01_LIQUIDITY_SWEEP,f042,5,1.0,,,0,0,,,-0.3144243577251478,2551,0.024647342995169,False,dist_pdmid_atr
S21::6ddb75c3f9b1,S21,M01_LIQUIDITY_SWEEP,f041,5,1.0,,,0,0,,,-0.3144243577251478,2552,0.0246570048309178,False,ret_12_atr
S21::6ddb75c3f9b1,S21,M01_LIQUIDITY_SWEEP,f036,5,1.0,,,0,0,,,-0.3144243577251478,2553,0.0246666666666666,False,dist_prev_sess_low_atr
S21::6ddb75c3f9b1,S21,M01_LIQUIDITY_SWEEP,f031,2,1.0,,,0,0,,,-0.3144243577251478,2554,0.0246763285024154,False,d1_trend_state
S21::6ddb75c3f9b1,S21,M01_LIQUIDITY_SWEEP,f030,5,1.0,,,0,0,,,-0.3144243577251478,2555,0.0246859903381642,False,rloc_96
S21::6ddb75c3f9b1,S21,M01_LIQUIDITY_SWEEP,f024,2,1.0,,,0,0,,,-0.3144243577251478,2556,0.024695652173913,False,h1_trend_state
S21::6ddb75c3f9b1,S21,M01_LIQUIDITY_SWEEP,f023,5,1.0,,,0,0,,,-0.3144243577251478,2557,0.0247053140096618,False,dist_pwh_atr
S21::6ddb75c3f9b1,S21,M01_LIQUIDITY_SWEEP,f020,5,1.0,,,0,0,,,-0.3144243577251478,2558,0.0247149758454106,False,mtf_alignment
S8::b7adfd7f9d4f,S8,M08_EXTENSION_MEAN_REVERSION,f035,5,1.0,,,0,0,,,-0.1740521879042388,2559,0.0247246376811594,False,dist_pdh_atr
S8::b7adfd7f9d4f,S8,M08_EXTENSION_MEAN_REVERSION,f023,5,1.0,,,0,0,,,-0.1740521879042388,2560,0.0247342995169082,False,dist_pwh_atr
S21::6ddb75c3f9b1,S21,M01_LIQUIDITY_SWEEP,f001,5,1.0,,,0,0,,,-0.3144243577251478,2561,0.024743961352657,False,weekday
S20::3a706309724e,S20,M21_META_ROUTER,f044,5,1.0,,,0,0,,,-0.0621530015021738,2562,0.0247536231884057,False,week_of_month
S20::3a706309724e,S20,M21_META_ROUTER,f043,5,1.0,,,0,0,,,-0.0621530015021738,2563,0.0247632850241545,False,dist_or_high_atr
S20::3a706309724e,S20,M21_META_ROUTER,f040,5,1.0,,,0,0,,,-0.0621530015021738,2564,0.0247729468599033,False,bar_in_sess
S20::3a706309724e,S20,M21_META_ROUTER,f039,4,1.0,1.0,0.0858349431882934,64,57,0.1545243342420131,0.8455792345822224,-0.0621530015021738,2565,0.0247826086956521,False,session_id
S20::3a706309724e,S20,M21_META_ROUTER,f037,2,1.0,,,0,0,,,-0.0621530015021738,2566,0.0247922705314009,False,disp_recent
S20::3a706309724e,S20,M21_META_ROUTER,f034,3,1.0,,,0,0,,,-0.0621530015021738,2567,0.0248019323671497,False,run_len_same_dir
S20::3a706309724e,S20,M21_META_ROUTER,f033,4,1.0,3.0,0.1357195275729467,34,32,0.2024213228469624,0.8532209810322424,-0.0621530015021738,2568,0.0248115942028985,False,rloc_sess
S20::3a706309724e,S20,M21_META_ROUTER,f030,5,1.0,3.0,0.0222526143719386,219,166,0.0986906466905194,1.0032245192707796,-0.0621530015021738,2569,0.0248212560386473,False,rloc_96
S20::3a706309724e,S20,M21_META_ROUTER,f028,5,1.0,4.0,0.1693071832594785,47,45,0.2388808046005321,1.0938397165708604,-0.0621530015021738,2570,0.0248309178743961,False,dist_prev_sess_high_atr
S20::3a706309724e,S20,M21_META_ROUTER,f027,5,1.0,,,0,0,,,-0.0621530015021738,2571,0.0248405797101449,False,atr_pct_rank
S20::3a706309724e,S20,M21_META_ROUTER,f021,2,1.0,,,0,0,,,-0.0621530015021738,2572,0.0248502415458937,False,fvg_present
S20::3a706309724e,S20,M21_META_ROUTER,f014,5,1.0,4.0,0.0563601814220206,119,115,0.1286301619543087,0.9847761714571228,-0.0621530015021738,2573,0.0248599033816425,False,bars_since_20bar_low
S20::3a706309724e,S20,M21_META_ROUTER,f013,5,1.0,0.0,0.05445753587348,93,91,0.1242477063727917,0.8365168565917034,-0.0621530015021738,2574,0.0248695652173913,False,vol_rel_20
S20::3a706309724e,S20,M21_META_ROUTER,f012,5,1.0,,,0,0,,,-0.0621530015021738,2575,0.02487922705314,False,dist_pwl_atr
S20::3a706309724e,S20,M21_META_ROUTER,f009,5,1.0,,,0,0,,,-0.0621530015021738,2576,0.0248888888888888,False,dist_pdl_atr
S20::3a706309724e,S20,M21_META_ROUTER,f008,4,1.0,3.0,0.1339702369877694,43,43,0.2018601767586967,0.9006330279996032,-0.0621530015021738,2577,0.0248985507246376,False,dist_vwap_atr
S20::3a706309724e,S20,M21_META_ROUTER,f005,5,1.0,2.0,0.0113947139880897,325,243,0.0936680922026673,1.1377087943604085,-0.0621530015021738,2578,0.0249082125603864,False,atr_over_atrma
S1::4b7c6d5c6035,S1,M01_LIQUIDITY_SWEEP,f044,5,1.0,,,0,0,,,-0.2084882388941829,2579,0.0249178743961352,False,week_of_month
S1::4b7c6d5c6035,S1,M01_LIQUIDITY_SWEEP,f042,5,1.0,,,0,0,,,-0.2084882388941829,2580,0.024927536231884,False,dist_pdmid_atr
S8::ec037f864152,S8,M08_EXTENSION_MEAN_REVERSION,f006,5,1.0,,,0,0,,,-0.1440796368386465,2581,0.0249371980676328,False,realvol_ratio
S1::4b7c6d5c6035,S1,M01_LIQUIDITY_SWEEP,f035,5,1.0,,,0,0,,,-0.2084882388941829,2582,0.0249468599033816,False,dist_pdh_atr
S1::4b7c6d5c6035,S1,M01_LIQUIDITY_SWEEP,f022,5,1.0,,,0,0,,,-0.2084882388941829,2583,0.0249565217391304,False,rloc_20
S1::4b7c6d5c6035,S1,M01_LIQUIDITY_SWEEP,f014,5,1.0,,,0,0,,,-0.2084882388941829,2584,0.0249661835748792,False,bars_since_20bar_low
S1::4b7c6d5c6035,S1,M01_LIQUIDITY_SWEEP,f009,5,1.0,,,0,0,,,-0.2084882388941829,2585,0.024975845410628,False,dist_pdl_atr
S1::4b7c6d5c6035,S1,M01_LIQUIDITY_SWEEP,f003,5,1.0,,,0,0,,,-0.2084882388941829,2586,0.0249855072463768,False,vol_rel_sess
S1::11c4710e404e,S1,M01_LIQUIDITY_SWEEP,f042,5,1.0,,,0,0,,,-0.1687544865282243,2587,0.0249951690821256,False,dist_pdmid_atr
S1::11c4710e404e,S1,M01_LIQUIDITY_SWEEP,f038,5,1.0,,,0,0,,,-0.1687544865282243,2588,0.0250048309178744,False,ret_4_atr
S1::11c4710e404e,S1,M01_LIQUIDITY_SWEEP,f034,3,1.0,,,0,0,,,-0.1687544865282243,2589,0.0250144927536231,False,run_len_same_dir
S1::11c4710e404e,S1,M01_LIQUIDITY_SWEEP,f007,5,1.0,,,0,0,,,-0.1687544865282243,2590,0.0250241545893719,False,ret_96_atr
S19::762b6018f2c5,S19,M15_GAP,f008,2,1.0,,,0,0,,,-0.2669320577565558,2591,0.0250338164251207,False,dist_vwap_atr
S19::762b6018f2c5,S19,M15_GAP,f003,2,1.0,,,0,0,,,-0.2669320577565558,2592,0.0250434782608695,False,vol_rel_sess
S18::3933c532ec9c,S18,M06_SESSION_TIME,f046,2,1.0,,,0,0,,,-0.2706234087594297,2593,0.0250531400966183,False,h4_trend_state
S18::3933c532ec9c,S18,M06_SESSION_TIME,f037,2,1.0,,,0,0,,,-0.2706234087594297,2594,0.0250628019323671,False,disp_recent
S18::3933c532ec9c,S18,M06_SESSION_TIME,f036,5,1.0,,,0,0,,,-0.2706234087594297,2595,0.0250724637681159,False,dist_prev_sess_low_atr
S18::3933c532ec9c,S18,M06_SESSION_TIME,f030,5,1.0,,,0,0,,,-0.2706234087594297,2596,0.0250821256038647,False,rloc_96
S8::ec037f864152,S8,M08_EXTENSION_MEAN_REVERSION,f015,2,1.0,,,0,0,,,-0.1440796368386465,2597,0.0250917874396135,False,compress_flag
S18::3933c532ec9c,S18,M06_SESSION_TIME,f026,5,1.0,,,0,0,,,-0.2706234087594297,2598,0.0251014492753623,False,rloc_50
S18::3933c532ec9c,S18,M06_SESSION_TIME,f013,5,1.0,,,0,0,,,-0.2706234087594297,2599,0.0251111111111111,False,vol_rel_20
S18::18995ee3f508,S18,M06_SESSION_TIME,f034,3,1.0,,,0,0,,,-0.2196943442096486,2600,0.0251207729468599,False,run_len_same_dir
S18::18995ee3f508,S18,M06_SESSION_TIME,f033,5,1.0,,,0,0,,,-0.2196943442096486,2601,0.0251304347826086,False,rloc_sess
S18::18995ee3f508,S18,M06_SESSION_TIME,f030,5,1.0,,,0,0,,,-0.2196943442096486,2602,0.0251400966183574,False,rloc_96
S18::18995ee3f508,S18,M06_SESSION_TIME,f028,5,1.0,,,0,0,,,-0.2196943442096486,2603,0.0251497584541062,False,dist_prev_sess_high_atr
S18::18995ee3f508,S18,M06_SESSION_TIME,f027,5,1.0,,,0,0,,,-0.2196943442096486,2604,0.025159420289855,False,atr_pct_rank
S18::18995ee3f508,S18,M06_SESSION_TIME,f026,5,1.0,,,0,0,,,-0.2196943442096486,2605,0.0251690821256038,False,rloc_50
S18::18995ee3f508,S18,M06_SESSION_TIME,f010,5,1.0,,,0,0,,,-0.2196943442096486,2606,0.0251787439613526,False,bars_since_20bar_high
S18::18995ee3f508,S18,M06_SESSION_TIME,f006,5,1.0,,,0,0,,,-0.2196943442096486,2607,0.0251884057971014,False,realvol_ratio
S18::18995ee3f508,S18,M06_SESSION_TIME,f003,5,1.0,,,0,0,,,-0.2196943442096486,2608,0.0251980676328502,False,vol_rel_sess
S18::18995ee3f508,S18,M06_SESSION_TIME,f002,5,1.0,,,0,0,,,-0.2196943442096486,2609,0.025207729468599,False,ret_1_atr
S8::ec037f864152,S8,M08_EXTENSION_MEAN_REVERSION,f041,5,1.0,4.0,0.0311488309580775,46,46,0.1763558117853463,0.8288994343790405,-0.1440796368386465,2610,0.0252173913043478,False,ret_12_atr
S8::ec037f864152,S8,M08_EXTENSION_MEAN_REVERSION,f037,2,1.0,,,0,0,,,-0.1440796368386465,2611,0.0252270531400966,False,disp_recent
S8::ec037f864152,S8,M08_EXTENSION_MEAN_REVERSION,f033,5,1.0,,,0,0,,,-0.1440796368386465,2612,0.0252367149758454,False,rloc_sess
S17::3cf289079abb,S17,M14_REFERENCE_LEVEL,f044,4,1.0,2.0,0.077585392670656,74,45,0.1295672209482284,0.8013405820784093,-0.0214468781177987,2613,0.0252463768115942,False,week_of_month
S17::3cf289079abb,S17,M14_REFERENCE_LEVEL,f040,5,1.0,0.0,0.0911406067047708,91,78,0.158531256655995,1.0573153329673273,-0.0214468781177987,2614,0.0252560386473429,False,bar_in_sess
S17::3cf289079abb,S17,M14_REFERENCE_LEVEL,f038,5,1.0,4.0,0.0524215779741626,116,102,0.1171449253175551,0.8626382919413994,-0.0214468781177987,2615,0.0252657004830917,False,ret_4_atr
S17::3cf289079abb,S17,M14_REFERENCE_LEVEL,f037,2,1.0,,,0,0,,,-0.0214468781177987,2616,0.0252753623188405,False,disp_recent
S17::3cf289079abb,S17,M14_REFERENCE_LEVEL,f022,5,1.0,3.0,0.0594316118676568,52,49,0.096930709371882,0.4883475848130795,-0.0214468781177987,2617,0.0252850241545893,False,rloc_20
S17::3cf289079abb,S17,M14_REFERENCE_LEVEL,f008,5,1.0,1.0,0.1211960281185266,38,29,0.1622821469500224,0.672510351598416,-0.0214468781177987,2618,0.0252946859903381,False,dist_vwap_atr
S17::3cf289079abb,S17,M14_REFERENCE_LEVEL,f005,5,1.0,2.0,0.0646262734932844,57,51,0.1051633058594557,0.5187018429858341,-0.0214468781177987,2619,0.0253043478260869,False,atr_over_atrma
S17::3cf289079abb,S17,M14_REFERENCE_LEVEL,f004,5,1.0,1.0,0.0875522951379605,58,45,0.1336942984465173,0.6520481826513859,-0.0214468781177987,2620,0.0253140096618357,False,dist_or_low_atr
S16::393fe65826e6,S16,M14_REFERENCE_LEVEL,f038,5,1.0,4.0,0.0257115473327568,289,253,0.0352544632036083,0.4074428926655656,0.0036035871818489,2621,0.0253236714975845,False,ret_4_atr
S16::393fe65826e6,S16,M14_REFERENCE_LEVEL,f028,4,1.0,2.0,0.0987224545151141,171,134,0.1220482155352327,1.1408110598409251,0.0036035871818489,2622,0.0253333333333333,False,dist_prev_sess_high_atr
S16::393fe65826e6,S16,M14_REFERENCE_LEVEL,f023,5,1.0,0.0,0.1667703741806566,50,41,0.1744196688607945,0.8360704103654271,0.0036035871818489,2623,0.0253429951690821,False,dist_pwh_atr
S16::393fe65826e6,S16,M14_REFERENCE_LEVEL,f020,5,1.0,2.0,0.1164357546491822,85,46,0.1267317823002657,0.7053366201986323,0.0036035871818489,2624,0.0253526570048309,False,mtf_alignment
S9::731bd4dd4aa4,S9,M09_MTF_ALIGNMENT,f012,5,1.0,2.0,0.0688193560017988,238,158,0.0781063489753267,0.8684675442684823,0.0029187266956302,2625,0.0253623188405797,False,dist_pwl_atr
S9::731bd4dd4aa4,S9,M09_MTF_ALIGNMENT,f005,5,1.0,4.0,0.0597393351626737,352,264,0.0739007572120472,1.0275986272191298,0.0029187266956302,2626,0.0253719806763285,False,atr_over_atrma
S9::731bd4dd4aa4,S9,M09_MTF_ALIGNMENT,f004,5,1.0,0.0,0.0462934558619891,210,167,0.0503120430467361,0.5112851739883478,0.0029187266956302,2627,0.0253816425120772,False,dist_or_low_atr
S9::731bd4dd4aa4,S9,M09_MTF_ALIGNMENT,f002,5,1.0,0.0,0.0694521485572933,122,103,0.0723271959281319,0.5372466813160793,0.0029187266956302,2628,0.025391304347826,False,ret_1_atr
S16::393fe65826e6,S16,M14_REFERENCE_LEVEL,f016,4,1.0,2.0,0.0888412502346325,170,156,0.1091887419271195,1.0230271114477596,0.0036035871818489,2629,0.0254009661835748,False,bars_to_sess_end
S16::393fe65826e6,S16,M14_REFERENCE_LEVEL,f014,5,1.0,2.0,0.067500738334162,129,115,0.0766567989830382,0.5935197229558942,0.0036035871818489,2630,0.0254106280193236,False,bars_since_20bar_low
S16::393fe65826e6,S16,M14_REFERENCE_LEVEL,f013,5,1.0,0.0,0.0837280731883736,89,86,0.0905196452697619,0.5947347641123145,0.0036035871818489,2631,0.0254202898550724,False,vol_rel_20
S16::393fe65826e6,S16,M14_REFERENCE_LEVEL,f007,4,1.0,3.0,0.0455291644347769,263,198,0.0634615671308969,0.7204857168748824,0.0036035871818489,2632,0.0254299516908212,False,ret_96_atr
S16::393fe65826e6,S16,M14_REFERENCE_LEVEL,f004,5,1.0,2.0,0.0558858128555073,191,152,0.0693813782484336,0.6673947349830311,0.0036035871818489,2633,0.02543961352657,False,dist_or_low_atr
S15::ac373f9fe529,S15,M07_TREND_CONTINUATION,f044,5,1.0,,,0,0,,,-0.1615200875385349,2634,0.0254492753623188,False,week_of_month
S15::ac373f9fe529,S15,M07_TREND_CONTINUATION,f038,5,1.0,,,0,0,,,-0.1615200875385349,2635,0.0254589371980676,False,ret_4_atr
S15::ac373f9fe529,S15,M07_TREND_CONTINUATION,f033,5,1.0,,,0,0,,,-0.1615200875385349,2636,0.0254685990338164,False,rloc_sess
S15::ac373f9fe529,S15,M07_TREND_CONTINUATION,f021,2,1.0,,,0,0,,,-0.1615200875385349,2637,0.0254782608695652,False,fvg_present
S15::ac373f9fe529,S15,M07_TREND_CONTINUATION,f020,5,1.0,,,0,0,,,-0.1615200875385349,2638,0.025487922705314,False,mtf_alignment
S9::731bd4dd4aa4,S9,M09_MTF_ALIGNMENT,f031,2,1.0,1.0,0.0014279088730982,1117,346,-0.0055924028170352,-0.138111705281538,0.0029187266956302,2639,0.0254975845410628,False,d1_trend_state
S9::731bd4dd4aa4,S9,M09_MTF_ALIGNMENT,f030,5,1.0,4.0,0.0430679704376484,442,244,0.0565654932646566,0.8530253720747203,0.0029187266956302,2640,0.0255072463768115,False,rloc_96
S9::731bd4dd4aa4,S9,M09_MTF_ALIGNMENT,f028,5,1.0,0.0,0.067309440221881,229,178,0.0757859789029984,0.8049815529893249,0.0029187266956302,2641,0.0255169082125603,False,dist_prev_sess_high_atr
S9::731bd4dd4aa4,S9,M09_MTF_ALIGNMENT,f026,5,1.0,3.0,0.063662514044999,357,242,0.0793420138362682,1.0504940886559992,0.0029187266956302,2642,0.0255265700483091,False,rloc_50
S9::731bd4dd4aa4,S9,M09_MTF_ALIGNMENT,f019,11,1.0,9.0,0.149545314210142,160,47,0.1638388061515784,1.5774342044871583,0.0029187266956302,2643,0.0255362318840579,False,month_of_year
S9::731bd4dd4aa4,S9,M09_MTF_ALIGNMENT,f015,2,1.0,1.0,0.0084322560061974,325,235,0.007009269732883,0.0914296112715226,0.0029187266956302,2644,0.0255458937198067,False,compress_flag
S9::731bd4dd4aa4,S9,M09_MTF_ALIGNMENT,f014,5,1.0,3.0,0.0572284791324861,299,216,0.0675765955566433,0.8346775273682255,0.0029187266956302,2645,0.0255555555555555,False,bars_since_20bar_low
S15::ac373f9fe529,S15,M07_TREND_CONTINUATION,f002,5,1.0,,,0,0,,,-0.1615200875385349,2646,0.0255652173913043,False,ret_1_atr
S14::dc07a2d5d013,S14,M08_EXTENSION_MEAN_REVERSION,f037,2,1.0,,,0,0,,,-0.0733520870494794,2647,0.0255748792270531,False,disp_recent
S14::dc07a2d5d013,S14,M08_EXTENSION_MEAN_REVERSION,f032,5,1.0,0.0,0.0288324441657635,183,172,0.1184310726682312,1.2329469662126449,-0.0733520870494794,2648,0.0255845410628019,False,efficiency_24h
S14::dc07a2d5d013,S14,M08_EXTENSION_MEAN_REVERSION,f030,4,1.0,,,0,0,,,-0.0733520870494794,2649,0.0255942028985507,False,rloc_96
S14::dc07a2d5d013,S14,M08_EXTENSION_MEAN_REVERSION,f017,15,1.0,1.0,0.0982201146353562,64,64,0.1802183598799769,1.0189744761625383,-0.0733520870494794,2650,0.0256038647342995,False,hour_utc
S14::dc07a2d5d013,S14,M08_EXTENSION_MEAN_REVERSION,f010,5,1.0,,,0,0,,,-0.0733520870494794,2651,0.0256135265700483,False,bars_since_20bar_high
S14::dc07a2d5d013,S14,M08_EXTENSION_MEAN_REVERSION,f008,3,1.0,,,0,0,,,-0.0733520870494794,2652,0.0256231884057971,False,dist_vwap_atr
S14::dc07a2d5d013,S14,M08_EXTENSION_MEAN_REVERSION,f001,5,1.0,,,0,0,,,-0.0733520870494794,2653,0.0256328502415458,False,weekday
S14::25e44853ad0f,S14,M08_EXTENSION_MEAN_REVERSION,f044,5,1.0,,,0,0,,,-0.152388312799847,2654,0.0256425120772946,False,week_of_month
SESS_A,SESS_A,M06_SESSION_TIME,f001,5,1.0,0.0,0.0522401607948605,614,614,0.0521118766838821,1.0026363149759718,0.0098448623933664,2655,0.0256521739130434,False,weekday
S9::731bd4dd4aa4,S9,M09_MTF_ALIGNMENT,f044,5,1.0,2.0,0.0496503038788394,377,117,0.0621048796248059,0.8416131092898949,0.0029187266956302,2656,0.0256618357487922,False,week_of_month
S9::731bd4dd4aa4,S9,M09_MTF_ALIGNMENT,f043,5,1.0,3.0,0.059198918138925,316,224,0.0710146906115476,0.8893379780075321,0.0029187266956302,2657,0.025671497584541,False,dist_or_high_atr
S9::731bd4dd4aa4,S9,M09_MTF_ALIGNMENT,f040,5,1.0,2.0,0.0558907744823622,276,222,0.0646964144179574,0.7183890505150093,0.0029187266956302,2658,0.0256811594202898,False,bar_in_sess
S9::731bd4dd4aa4,S9,M09_MTF_ALIGNMENT,f037,2,1.0,1.0,0.0121392561369956,978,408,0.0257667272278891,0.5717057264543417,0.0029187266956302,2659,0.0256908212560386,False,disp_recent
S9::731bd4dd4aa4,S9,M09_MTF_ALIGNMENT,f035,5,1.0,4.0,0.0441194138838646,386,178,0.0551879037710474,0.847383250040459,0.0029187266956302,2660,0.0257004830917874,False,dist_pdh_atr
S9::731bd4dd4aa4,S9,M09_MTF_ALIGNMENT,f034,3,1.0,3.0,0.0076108238217703,361,255,0.006149796835724,0.081345832596203,0.0029187266956302,2661,0.0257101449275362,False,run_len_same_dir
S14::25e44853ad0f,S14,M08_EXTENSION_MEAN_REVERSION,f032,5,1.0,,,0,0,,,-0.152388312799847,2662,0.025719806763285,False,efficiency_24h
S14::25e44853ad0f,S14,M08_EXTENSION_MEAN_REVERSION,f027,5,1.0,,,0,0,,,-0.152388312799847,2663,0.0257294685990338,False,atr_pct_rank
S14::25e44853ad0f,S14,M08_EXTENSION_MEAN_REVERSION,f011,12,1.0,28.0,0.0459040558700135,87,87,0.213267573595449,1.6191462371211742,-0.152388312799847,2664,0.0257391304347826,False,halfhour_bucket_utc
S14::25e44853ad0f,S14,M08_EXTENSION_MEAN_REVERSION,f003,5,1.0,,,0,0,,,-0.152388312799847,2665,0.0257487922705314,False,vol_rel_sess
S13::7d288aa44d52,S13,M13_IMBALANCE_FVG,f041,5,1.0,,,0,0,,,-0.1512493477368903,2666,0.0257584541062801,False,ret_12_atr
S13::7d288aa44d52,S13,M13_IMBALANCE_FVG,f037,2,1.0,,,0,0,,,-0.1512493477368903,2667,0.0257681159420289,False,disp_recent
S13::7d288aa44d52,S13,M13_IMBALANCE_FVG,f036,5,1.0,,,0,0,,,-0.1512493477368903,2668,0.0257777777777777,False,dist_prev_sess_low_atr
S13::7d288aa44d52,S13,M13_IMBALANCE_FVG,f030,5,1.0,,,0,0,,,-0.1512493477368903,2669,0.0257874396135265,False,rloc_96
S13::7d288aa44d52,S13,M13_IMBALANCE_FVG,f028,5,1.0,,,0,0,,,-0.1512493477368903,2670,0.0257971014492753,False,dist_prev_sess_high_atr
S13::7d288aa44d52,S13,M13_IMBALANCE_FVG,f020,5,1.0,,,0,0,,,-0.1512493477368903,2671,0.0258067632850241,False,mtf_alignment
S13::7d288aa44d52,S13,M13_IMBALANCE_FVG,f010,5,1.0,,,0,0,,,-0.1512493477368903,2672,0.0258164251207729,False,bars_since_20bar_high
SESS_A,SESS_A,M06_SESSION_TIME,f013,5,1.0,0.0,0.2501150005480971,38,38,0.243075135159302,1.1154120875393403,0.0098448623933664,2673,0.0258260869565217,False,vol_rel_20
SESS_A,SESS_A,M06_SESSION_TIME,f012,5,1.0,2.0,0.0468780280779282,275,275,0.0404076257784168,0.5057251091660554,0.0098448623933664,2674,0.0258357487922705,False,dist_pwl_atr
SESS_A,SESS_A,M06_SESSION_TIME,f010,5,1.0,4.0,0.0626969807206602,541,541,0.0632420151350938,1.1132922480079397,0.0098448623933664,2675,0.0258454106280193,False,bars_since_20bar_high
SESS_A,SESS_A,M06_SESSION_TIME,f009,5,1.0,4.0,0.0359075326216133,377,377,0.0294322267015147,0.4329140055746467,0.0098448623933664,2676,0.0258550724637681,False,dist_pdl_atr
SESS_A,SESS_A,M06_SESSION_TIME,f005,5,1.0,1.0,0.0720529779947719,386,386,0.0704682919420118,1.0500276547756993,0.0098448623933664,2677,0.0258647342995169,False,atr_over_atrma
S13::7d288aa44d52,S13,M13_IMBALANCE_FVG,f007,5,1.0,,,0,0,,,-0.1512493477368903,2678,0.0258743961352657,False,ret_96_atr
S12::884efeda36f3,S12,M12_RANGE_ROTATION,f044,5,1.0,,,0,0,,,-0.2323586418177302,2679,0.0258840579710144,False,week_of_month
S12::884efeda36f3,S12,M12_RANGE_ROTATION,f038,5,1.0,,,0,0,,,-0.2323586418177302,2680,0.0258937198067632,False,ret_4_atr
S12::884efeda36f3,S12,M12_RANGE_ROTATION,f023,5,1.0,,,0,0,,,-0.2323586418177302,2681,0.025903381642512,False,dist_pwh_atr
S12::884efeda36f3,S12,M12_RANGE_ROTATION,f015,2,1.0,,,0,0,,,-0.2323586418177302,2682,0.0259130434782608,False,compress_flag
S12::884efeda36f3,S12,M12_RANGE_ROTATION,f007,5,1.0,,,0,0,,,-0.2323586418177302,2683,0.0259227053140096,False,ret_96_atr
SESS_A,SESS_A,M06_SESSION_TIME,f038,5,1.0,3.0,0.0375270396997705,531,531,0.0330041310173746,0.5714892224718494,0.0098448623933664,2684,0.0259323671497584,False,ret_4_atr
SESS_A,SESS_A,M06_SESSION_TIME,f035,5,1.0,3.0,0.0503994879695967,352,352,0.0454084943973227,0.6240415000168339,0.0098448623933664,2685,0.0259420289855072,False,dist_pdh_atr
SESS_A,SESS_A,M06_SESSION_TIME,f032,5,1.0,3.0,0.0629689674459981,648,648,0.0661390086723312,1.2740444009772232,0.0098448623933664,2686,0.025951690821256,False,efficiency_24h
SESS_A,SESS_A,M06_SESSION_TIME,f030,5,1.0,2.0,0.0510603846665547,649,649,0.0513323429824543,0.9663089285689614,0.0098448623933664,2687,0.0259613526570048,False,rloc_96
SESS_A,SESS_A,M06_SESSION_TIME,f028,5,1.0,2.0,0.0435973109334939,545,545,0.0404464385162445,0.6915910322632325,0.0098448623933664,2688,0.0259710144927536,False,dist_prev_sess_high_atr
SESS_A,SESS_A,M06_SESSION_TIME,f023,5,1.0,2.0,0.0406756938465929,293,293,0.033841975991825,0.4304616564589968,0.0098448623933664,2689,0.0259806763285024,False,dist_pwh_atr
SESS_A,SESS_A,M06_SESSION_TIME,f022,5,1.0,2.0,0.0333970252299334,298,298,0.025895583379237,0.3333026067773064,0.0098448623933664,2690,0.0259903381642512,False,rloc_20
S12::884efeda36f3,S12,M12_RANGE_ROTATION,f002,5,1.0,,,0,0,,,-0.2323586418177302,2691,0.026,False,ret_1_atr
S12::884efeda36f3,S12,M12_RANGE_ROTATION,f001,5,1.0,,,0,0,,,-0.2323586418177302,2692,0.0260096618357487,False,weekday
S12::061854e10b15,S12,M12_RANGE_ROTATION,f046,2,1.0,,,0,0,,,-0.2424089430019912,2693,0.0260193236714975,False,h4_trend_state
S12::061854e10b15,S12,M12_RANGE_ROTATION,f042,5,1.0,,,0,0,,,-0.2424089430019912,2694,0.0260289855072463,False,dist_pdmid_atr
S12::061854e10b15,S12,M12_RANGE_ROTATION,f041,5,1.0,,,0,0,,,-0.2424089430019912,2695,0.0260386473429951,False,ret_12_atr
S12::061854e10b15,S12,M12_RANGE_ROTATION,f035,5,1.0,,,0,0,,,-0.2424089430019912,2696,0.0260483091787439,False,dist_pdh_atr
S12::061854e10b15,S12,M12_RANGE_ROTATION,f034,3,1.0,,,0,0,,,-0.2424089430019912,2697,0.0260579710144927,False,run_len_same_dir
S12::061854e10b15,S12,M12_RANGE_ROTATION,f024,2,1.0,,,0,0,,,-0.2424089430019912,2698,0.0260676328502415,False,h1_trend_state
S12::061854e10b15,S12,M12_RANGE_ROTATION,f010,5,1.0,,,0,0,,,-0.2424089430019912,2699,0.0260772946859903,False,bars_since_20bar_high
S12::061854e10b15,S12,M12_RANGE_ROTATION,f009,5,1.0,,,0,0,,,-0.2424089430019912,2700,0.0260869565217391,False,dist_pdl_atr
S12::061854e10b15,S12,M12_RANGE_ROTATION,f006,5,1.0,,,0,0,,,-0.2424089430019912,2701,0.0260966183574879,False,realvol_ratio
S11::576394ea476f,S11,M11_STRUCTURE_BREAK_REVERSAL,f040,5,1.0,,,0,0,,,-0.0580988841413395,2702,0.0261062801932367,False,bar_in_sess
S11::576394ea476f,S11,M11_STRUCTURE_BREAK_REVERSAL,f034,3,1.0,,,0,0,,,-0.0580988841413395,2703,0.0261159420289855,False,run_len_same_dir
S11::576394ea476f,S11,M11_STRUCTURE_BREAK_REVERSAL,f033,5,1.0,,,0,0,,,-0.0580988841413395,2704,0.0261256038647343,False,rloc_sess
S11::576394ea476f,S11,M11_STRUCTURE_BREAK_REVERSAL,f024,2,1.0,,,0,0,,,-0.0580988841413395,2705,0.026135265700483,False,h1_trend_state
SESS_B,SESS_B,M06_SESSION_TIME,f009,5,1.0,,,0,0,,,-0.3656137311760934,2706,0.0261449275362318,False,dist_pdl_atr
SESS_B,SESS_B,M06_SESSION_TIME,f005,5,1.0,,,0,0,,,-0.3656137311760934,2707,0.0261545893719806,False,atr_over_atrma
SESS_A,SESS_A,M06_SESSION_TIME,f043,5,1.0,2.0,0.0366545694633795,589,589,0.0326495434103377,0.5886337860278298,0.0098448623933664,2708,0.0261642512077294,False,dist_or_high_atr
SESS_A,SESS_A,M06_SESSION_TIME,f042,5,1.0,4.0,0.0322298034617696,365,365,0.0251754135718072,0.3732924699195631,0.0098448623933664,2709,0.0261739130434782,False,dist_pdmid_atr
S11::576394ea476f,S11,M11_STRUCTURE_BREAK_REVERSAL,f023,5,1.0,,,0,0,,,-0.0580988841413395,2710,0.026183574879227,False,dist_pwh_atr
S11::576394ea476f,S11,M11_STRUCTURE_BREAK_REVERSAL,f022,5,1.0,,,0,0,,,-0.0580988841413395,2711,0.0261932367149758,False,rloc_20
S11::576394ea476f,S11,M11_STRUCTURE_BREAK_REVERSAL,f020,5,1.0,,,0,0,,,-0.0580988841413395,2712,0.0262028985507246,False,mtf_alignment
S11::576394ea476f,S11,M11_STRUCTURE_BREAK_REVERSAL,f010,5,1.0,,,0,0,,,-0.0580988841413395,2713,0.0262125603864734,False,bars_since_20bar_high
S10::7df75fdb8ecb,S10,M10_DISPLACEMENT_CONTINUATION,f035,5,1.0,,,0,0,,,-0.1954025256313247,2714,0.0262222222222222,False,dist_pdh_atr
S10::7df75fdb8ecb,S10,M10_DISPLACEMENT_CONTINUATION,f034,3,1.0,,,0,0,,,-0.1954025256313247,2715,0.026231884057971,False,run_len_same_dir
S10::7df75fdb8ecb,S10,M10_DISPLACEMENT_CONTINUATION,f031,2,1.0,,,0,0,,,-0.1954025256313247,2716,0.0262415458937198,False,d1_trend_state
S10::7df75fdb8ecb,S10,M10_DISPLACEMENT_CONTINUATION,f024,2,1.0,,,0,0,,,-0.1954025256313247,2717,0.0262512077294686,False,h1_trend_state
S10::7df75fdb8ecb,S10,M10_DISPLACEMENT_CONTINUATION,f023,5,1.0,,,0,0,,,-0.1954025256313247,2718,0.0262608695652173,False,dist_pwh_atr
S10::7df75fdb8ecb,S10,M10_DISPLACEMENT_CONTINUATION,f002,5,1.0,,,0,0,,,-0.1954025256313247,2719,0.0262705314009661,False,ret_1_atr
S10::7df75fdb8ecb,S10,M10_DISPLACEMENT_CONTINUATION,f001,5,1.0,,,0,0,,,-0.1954025256313247,2720,0.0262801932367149,False,weekday
S10::598adad042be,S10,M10_DISPLACEMENT_CONTINUATION,f044,5,1.0,,,0,0,,,-0.1821402258358029,2721,0.0262898550724637,False,week_of_month
SESS_B,SESS_B,M06_SESSION_TIME,f026,5,1.0,,,0,0,,,-0.3656137311760934,2722,0.0262995169082125,False,rloc_50
SESS_B,SESS_B,M06_SESSION_TIME,f020,5,1.0,,,0,0,,,-0.3656137311760934,2723,0.0263091787439613,False,mtf_alignment
SESS_B,SESS_B,M06_SESSION_TIME,f019,12,1.0,,,0,0,,,-0.3656137311760934,2724,0.0263188405797101,False,month_of_year
SESS_B,SESS_B,M06_SESSION_TIME,f013,5,1.0,,,0,0,,,-0.3656137311760934,2725,0.0263285024154589,False,vol_rel_20
S10::598adad042be,S10,M10_DISPLACEMENT_CONTINUATION,f014,5,1.0,,,0,0,,,-0.1821402258358029,2726,0.0263381642512077,False,bars_since_20bar_low
OBR_A_limit,OBR_A_limit,M14_REFERENCE_LEVEL,f041,5,1.0,,,0,0,,,-0.0673227003426379,2727,0.0263478260869565,False,ret_12_atr
OBR_A_limit,OBR_A_limit,M14_REFERENCE_LEVEL,f035,5,1.0,0.0,0.0980876254933228,122,106,0.1739467301303716,1.1798228425662414,-0.0673227003426379,2728,0.0263574879227053,False,dist_pdh_atr
OBR_A_limit,OBR_A_limit,M14_REFERENCE_LEVEL,f033,5,1.0,,,0,0,,,-0.0673227003426379,2729,0.0263671497584541,False,rloc_sess
OBR_A_limit,OBR_A_limit,M14_REFERENCE_LEVEL,f032,5,1.0,,,0,0,,,-0.0673227003426379,2730,0.0263768115942029,False,efficiency_24h
OBR_A_limit,OBR_A_limit,M14_REFERENCE_LEVEL,f030,5,1.0,0.0,0.0245100413575667,247,202,0.1019634639869177,0.9374975304766676,-0.0673227003426379,2731,0.0263864734299516,False,rloc_96
OBR_A_limit,OBR_A_limit,M14_REFERENCE_LEVEL,f012,5,1.0,,,0,0,,,-0.0673227003426379,2732,0.0263961352657004,False,dist_pwl_atr
OBR_A_limit,OBR_A_limit,M14_REFERENCE_LEVEL,f011,24,1.0,36.0,0.3553284608275572,44,37,0.430266497407496,1.6899088643554516,-0.0673227003426379,2733,0.0264057971014492,False,halfhour_bucket_utc
OBR_A_limit,OBR_A_limit,M14_REFERENCE_LEVEL,f010,5,1.0,4.0,0.0162405334865318,278,232,0.0940843293928062,0.915144969289408,-0.0673227003426379,2734,0.026415458937198,False,bars_since_20bar_high
OBR_A_limit,OBR_A_limit,M14_REFERENCE_LEVEL,f007,5,1.0,0.0,0.0544105018237755,202,176,0.1324994485926899,1.1794052273065825,-0.0673227003426379,2735,0.0264251207729468,False,ret_96_atr
SESS_B,SESS_B,M06_SESSION_TIME,f044,5,1.0,,,0,0,,,-0.3656137311760934,2736,0.0264347826086956,False,week_of_month
SESS_B,SESS_B,M06_SESSION_TIME,f034,3,1.0,,,0,0,,,-0.3656137311760934,2737,0.0264444444444444,False,run_len_same_dir
OBR_A_limit,OBR_A_limit,M14_REFERENCE_LEVEL,f001,5,1.0,,,0,0,,,-0.0673227003426379,2738,0.0264541062801932,False,weekday
OBEXEC_D,OBEXEC_D,M14_REFERENCE_LEVEL,f041,4,1.0,,,0,0,,,-0.1852561142249603,2739,0.026463768115942,False,ret_12_atr
OBEXEC_D,OBEXEC_D,M14_REFERENCE_LEVEL,f040,5,1.0,,,0,0,,,-0.1852561142249603,2740,0.0264734299516908,False,bar_in_sess
OBEXEC_D,OBEXEC_D,M14_REFERENCE_LEVEL,f033,3,1.0,,,0,0,,,-0.1852561142249603,2741,0.0264830917874396,False,rloc_sess
OBEXEC_D,OBEXEC_D,M14_REFERENCE_LEVEL,f032,5,1.0,,,0,0,,,-0.1852561142249603,2742,0.0264927536231884,False,efficiency_24h
OBEXEC_D,OBEXEC_D,M14_REFERENCE_LEVEL,f017,12,1.0,19.0,0.0978828027105685,33,32,0.2932729562618548,1.0743606540231734,-0.1852561142249603,2743,0.0265024154589372,False,hour_utc
OBEXEC_D,OBEXEC_D,M14_REFERENCE_LEVEL,f016,4,1.0,,,0,0,,,-0.1852561142249603,2744,0.0265120772946859,False,bars_to_sess_end
OBEXEC_D,OBEXEC_D,M14_REFERENCE_LEVEL,f014,5,1.0,,,0,0,,,-0.1852561142249603,2745,0.0265217391304347,False,bars_since_20bar_low
OBEXEC_D,OBEXEC_D,M14_REFERENCE_LEVEL,f007,5,1.0,,,0,0,,,-0.1852561142249603,2746,0.0265314009661835,False,ret_96_atr
OBEXEC_C,OBEXEC_C,M14_REFERENCE_LEVEL,f044,5,1.0,,,0,0,,,-0.2057387587957231,2747,0.0265410628019323,False,week_of_month
OBEXEC_C,OBEXEC_C,M14_REFERENCE_LEVEL,f043,5,1.0,,,0,0,,,-0.2057387587957231,2748,0.0265507246376811,False,dist_or_high_atr
SESS_C,SESS_C,M06_SESSION_TIME,f017,2,1.0,,,0,0,,,-0.2791331001590712,2749,0.0265603864734299,False,hour_utc
SESS_C,SESS_C,M06_SESSION_TIME,f012,5,1.0,,,0,0,,,-0.2791331001590712,2750,0.0265700483091787,False,dist_pwl_atr
SESS_C,SESS_C,M06_SESSION_TIME,f011,2,1.0,,,0,0,,,-0.2791331001590712,2751,0.0265797101449275,False,halfhour_bucket_utc
SESS_C,SESS_C,M06_SESSION_TIME,f009,5,1.0,,,0,0,,,-0.2791331001590712,2752,0.0265893719806763,False,dist_pdl_atr
SESS_C,SESS_C,M06_SESSION_TIME,f007,5,1.0,,,0,0,,,-0.2791331001590712,2753,0.0265990338164251,False,ret_96_atr
SESS_C,SESS_C,M06_SESSION_TIME,f002,5,1.0,,,0,0,,,-0.2791331001590712,2754,0.0266086956521739,False,ret_1_atr
OBEXEC_C,OBEXEC_C,M14_REFERENCE_LEVEL,f037,2,1.0,,,0,0,,,-0.2057387587957231,2755,0.0266183574879227,False,disp_recent
OBEXEC_C,OBEXEC_C,M14_REFERENCE_LEVEL,f036,5,1.0,,,0,0,,,-0.2057387587957231,2756,0.0266280193236715,False,dist_prev_sess_low_atr
OBEXEC_C,OBEXEC_C,M14_REFERENCE_LEVEL,f035,5,1.0,,,0,0,,,-0.2057387587957231,2757,0.0266376811594202,False,dist_pdh_atr
OBEXEC_C,OBEXEC_C,M14_REFERENCE_LEVEL,f023,5,1.0,,,0,0,,,-0.2057387587957231,2758,0.026647342995169,False,dist_pwh_atr
OBEXEC_C,OBEXEC_C,M14_REFERENCE_LEVEL,f022,5,1.0,,,0,0,,,-0.2057387587957231,2759,0.0266570048309178,False,rloc_20
OBEXEC_C,OBEXEC_C,M14_REFERENCE_LEVEL,f016,4,1.0,,,0,0,,,-0.2057387587957231,2760,0.0266666666666666,False,bars_to_sess_end
OBEXEC_C,OBEXEC_C,M14_REFERENCE_LEVEL,f015,2,1.0,,,0,0,,,-0.2057387587957231,2761,0.0266763285024154,False,compress_flag
OBEXEC_C,OBEXEC_C,M14_REFERENCE_LEVEL,f011,22,1.0,36.0,0.082910441708117,46,41,0.2958264238677193,1.168056621289714,-0.2057387587957231,2762,0.0266859903381642,False,halfhour_bucket_utc
OBEXEC_C,OBEXEC_C,M14_REFERENCE_LEVEL,f008,5,1.0,,,0,0,,,-0.2057387587957231,2763,0.026695652173913,False,dist_vwap_atr
OBEXEC_C,OBEXEC_C,M14_REFERENCE_LEVEL,f007,5,1.0,,,0,0,,,-0.2057387587957231,2764,0.0267053140096618,False,ret_96_atr
SESS_C,SESS_C,M06_SESSION_TIME,f031,2,1.0,,,0,0,,,-0.2791331001590712,2765,0.0267149758454106,False,d1_trend_state
SESS_C,SESS_C,M06_SESSION_TIME,f028,5,1.0,,,0,0,,,-0.2791331001590712,2766,0.0267246376811594,False,dist_prev_sess_high_atr
SESS_C,SESS_C,M06_SESSION_TIME,f023,5,1.0,,,0,0,,,-0.2791331001590712,2767,0.0267342995169082,False,dist_pwh_atr
SESS_C,SESS_C,M06_SESSION_TIME,f021,2,1.0,,,0,0,,,-0.2791331001590712,2768,0.026743961352657,False,fvg_present
SESS_C,SESS_C,M06_SESSION_TIME,f020,5,1.0,,,0,0,,,-0.2791331001590712,2769,0.0267536231884057,False,mtf_alignment
SESS_C,SESS_C,M06_SESSION_TIME,f019,12,1.0,,,0,0,,,-0.2791331001590712,2770,0.0267632850241545,False,month_of_year
OBEXEC_C,OBEXEC_C,M14_REFERENCE_LEVEL,f005,4,1.0,,,0,0,,,-0.2057387587957231,2771,0.0267729468599033,False,atr_over_atrma
OBEXEC_C,OBEXEC_C,M14_REFERENCE_LEVEL,f004,5,1.0,,,0,0,,,-0.2057387587957231,2772,0.0267826086956521,False,dist_or_low_atr
OBEXEC_C,OBEXEC_C,M14_REFERENCE_LEVEL,f001,5,1.0,,,0,0,,,-0.2057387587957231,2773,0.0267922705314009,False,weekday
OBEXEC_B,OBEXEC_B,M14_REFERENCE_LEVEL,f044,5,1.0,,,0,0,,,-0.2656588126211349,2774,0.0268019323671497,False,week_of_month
OBEXEC_B,OBEXEC_B,M14_REFERENCE_LEVEL,f043,5,1.0,,,0,0,,,-0.2656588126211349,2775,0.0268115942028985,False,dist_or_high_atr
OBEXEC_B,OBEXEC_B,M14_REFERENCE_LEVEL,f038,5,1.0,,,0,0,,,-0.2656588126211349,2776,0.0268212560386473,False,ret_4_atr
OBEXEC_B,OBEXEC_B,M14_REFERENCE_LEVEL,f034,3,1.0,,,0,0,,,-0.2656588126211349,2777,0.0268309178743961,False,run_len_same_dir
OBEXEC_B,OBEXEC_B,M14_REFERENCE_LEVEL,f021,2,1.0,,,0,0,,,-0.2656588126211349,2778,0.0268405797101449,False,fvg_present
OBEXEC_B,OBEXEC_B,M14_REFERENCE_LEVEL,f017,13,1.0,,,0,0,,,-0.2656588126211349,2779,0.0268502415458937,False,hour_utc
OBEXEC_B,OBEXEC_B,M14_REFERENCE_LEVEL,f016,4,1.0,,,0,0,,,-0.2656588126211349,2780,0.0268599033816425,False,bars_to_sess_end
SESS_D,SESS_D,M06_SESSION_TIME,f005,4,1.0,2.0,0.0349856795233689,297,297,0.0690541831535169,0.8492329541799858,-0.0267017319359689,2781,0.0268695652173913,False,atr_over_atrma
SESS_D,SESS_D,M06_SESSION_TIME,f003,4,1.0,,,0,0,,,-0.0267017319359689,2782,0.0268792270531401,False,vol_rel_sess
SESS_C,SESS_C,M06_SESSION_TIME,f046,2,1.0,,,0,0,,,-0.2791331001590712,2783,0.0268888888888888,False,h4_trend_state
SESS_C,SESS_C,M06_SESSION_TIME,f044,5,1.0,,,0,0,,,-0.2791331001590712,2784,0.0268985507246376,False,week_of_month
SESS_C,SESS_C,M06_SESSION_TIME,f042,5,1.0,,,0,0,,,-0.2791331001590712,2785,0.0269082125603864,False,dist_pdmid_atr
SESS_C,SESS_C,M06_SESSION_TIME,f038,5,1.0,,,0,0,,,-0.2791331001590712,2786,0.0269178743961352,False,ret_4_atr
OBEXEC_B,OBEXEC_B,M14_REFERENCE_LEVEL,f015,2,1.0,,,0,0,,,-0.2656588126211349,2787,0.026927536231884,False,compress_flag
OBEXEC_B,OBEXEC_B,M14_REFERENCE_LEVEL,f008,5,1.0,,,0,0,,,-0.2656588126211349,2788,0.0269371980676328,False,dist_vwap_atr
OBEXEC_B,OBEXEC_B,M14_REFERENCE_LEVEL,f007,5,1.0,,,0,0,,,-0.2656588126211349,2789,0.0269468599033816,False,ret_96_atr
OBEXEC_B,OBEXEC_B,M14_REFERENCE_LEVEL,f004,5,1.0,,,0,0,,,-0.2656588126211349,2790,0.0269565217391304,False,dist_or_low_atr
HTF_TGT_BREAK,HTF_TGT_BREAK,M03_BREAKOUT_RETEST,f043,5,1.0,1.0,0.0134739645175578,122,118,0.0494424388173479,0.6985602134836972,-0.0228554796569282,2791,0.0269661835748792,False,dist_or_high_atr
HTF_TGT_BREAK,HTF_TGT_BREAK,M03_BREAKOUT_RETEST,f040,4,1.0,0.0,0.0564173426750341,79,79,0.0957099692196921,0.9821305965760594,-0.0228554796569282,2792,0.026975845410628,False,bar_in_sess
HTF_TGT_BREAK,HTF_TGT_BREAK,M03_BREAKOUT_RETEST,f034,3,1.0,4.0,0.0010802650707032,152,147,0.0357481901776314,0.5369468961159215,-0.0228554796569282,2793,0.0269855072463768,False,run_len_same_dir
HTF_TGT_BREAK,HTF_TGT_BREAK,M03_BREAKOUT_RETEST,f033,5,1.0,,,0,0,,,-0.0228554796569282,2794,0.0269951690821256,False,rloc_sess
HTF_TGT_BREAK,HTF_TGT_BREAK,M03_BREAKOUT_RETEST,f031,2,1.0,1.0,0.0048135055094067,157,135,0.0420057200545019,0.6182618812782286,-0.0228554796569282,2795,0.0270048309178743,False,d1_trend_state
SESS_D,SESS_D,M06_SESSION_TIME,f027,5,1.0,,,0,0,,,-0.0267017319359689,2796,0.0270144927536231,False,atr_pct_rank
SESS_D,SESS_D,M06_SESSION_TIME,f024,2,1.0,,,0,0,,,-0.0267017319359689,2797,0.0270241545893719,False,h1_trend_state
SESS_D,SESS_D,M06_SESSION_TIME,f023,5,1.0,0.0,0.0206660683456187,208,208,0.051192529496871,0.5604639924841179,-0.0267017319359689,2798,0.0270338164251207,False,dist_pwh_atr
SESS_D,SESS_D,M06_SESSION_TIME,f022,5,1.0,1.0,0.0112092369668437,498,498,0.0461697889000132,0.7690875408237561,-0.0267017319359689,2799,0.0270434782608695,False,rloc_20
SESS_D,SESS_D,M06_SESSION_TIME,f020,5,1.0,2.0,0.044449538922892,197,197,0.0765694387595937,0.8162532355166398,-0.0267017319359689,2800,0.0270531400966183,False,mtf_alignment
SESS_D,SESS_D,M06_SESSION_TIME,f014,5,1.0,3.0,0.0292321031874632,393,393,0.0651274767811105,0.9645886382789964,-0.0267017319359689,2801,0.0270628019323671,False,bars_since_20bar_low
SESS_D,SESS_D,M06_SESSION_TIME,f012,5,1.0,2.0,0.0378521419174495,332,332,0.0732944473115485,0.9988795278571244,-0.0267017319359689,2802,0.0270724637681159,False,dist_pwl_atr
HTF_TGT_BREAK,HTF_TGT_BREAK,M03_BREAKOUT_RETEST,f024,2,1.0,1.0,0.014154133647162,113,95,0.0490617352157968,0.6021769255824378,-0.0228554796569282,2803,0.0270821256038647,False,h1_trend_state
HTF_TGT_BREAK,HTF_TGT_BREAK,M03_BREAKOUT_RETEST,f023,4,1.0,1.0,0.051876509545043,47,45,0.0832365981426314,0.6290638620636775,-0.0228554796569282,2804,0.0270917874396135,False,dist_pwh_atr
HTF_TGT_BREAK,HTF_TGT_BREAK,M03_BREAKOUT_RETEST,f022,5,1.0,3.0,0.0837250371814044,52,49,0.1201643082000809,1.0502512924680452,-0.0228554796569282,2805,0.0271014492753623,False,rloc_20
HTF_TGT_BREAK,HTF_TGT_BREAK,M03_BREAKOUT_RETEST,f019,12,1.0,6.0,0.0883400003975971,33,32,0.1197890417449219,1.001647465813605,-0.0228554796569282,2806,0.0271111111111111,False,month_of_year
HTF_TGT_BREAK,HTF_TGT_BREAK,M03_BREAKOUT_RETEST,f016,3,1.0,0.0,0.0894987561682915,46,42,0.1248380398057997,0.8414070680323913,-0.0228554796569282,2807,0.0271207729468599,False,bars_to_sess_end
HTF_TGT_BREAK,HTF_TGT_BREAK,M03_BREAKOUT_RETEST,f014,5,1.0,4.0,0.0400166116142989,42,41,0.069189382738671,0.6341585094302081,-0.0228554796569282,2808,0.0271304347826087,False,bars_since_20bar_low
HTF_TGT_BREAK,HTF_TGT_BREAK,M03_BREAKOUT_RETEST,f013,3,1.0,,,0,0,,,-0.0228554796569282,2809,0.0271400966183574,False,vol_rel_20
HTF_TGT_BREAK,HTF_TGT_BREAK,M03_BREAKOUT_RETEST,f003,3,1.0,,,0,0,,,-0.0228554796569282,2810,0.0271497584541062,False,vol_rel_sess
HTF_TGT_BREAK,HTF_TGT_BREAK,M03_BREAKOUT_RETEST,f002,5,1.0,1.0,0.0267782118372835,77,75,0.0596122665465728,0.5433943578579575,-0.0228554796569282,2811,0.027159420289855,False,ret_1_atr
HTF_TGT_BREAK,HTF_TGT_BREAK,M03_BREAKOUT_RETEST,f001,5,1.0,4.0,0.0018243126767537,84,72,0.0301933629614194,0.2965991881553697,-0.0228554796569282,2812,0.0271690821256038,False,weekday
HTF_RECLAIM,HTF_RECLAIM,M11_STRUCTURE_BREAK_REVERSAL,f042,5,1.0,,,0,0,,,-0.1001845799762217,2813,0.0271787439613526,False,dist_pdmid_atr
HTF_RECLAIM,HTF_RECLAIM,M11_STRUCTURE_BREAK_REVERSAL,f032,5,1.0,,,0,0,,,-0.1001845799762217,2814,0.0271884057971014,False,efficiency_24h
HTF_RECLAIM,HTF_RECLAIM,M11_STRUCTURE_BREAK_REVERSAL,f006,5,1.0,,,0,0,,,-0.1001845799762217,2815,0.0271980676328502,False,realvol_ratio
SESS_D,SESS_D,M06_SESSION_TIME,f046,2,1.0,,,0,0,,,-0.0267017319359689,2816,0.027207729468599,False,h4_trend_state
SESS_D,SESS_D,M06_SESSION_TIME,f042,5,1.0,2.0,0.0169013957822843,308,308,0.049027103217939,0.6288098546867786,-0.0267017319359689,2817,0.0272173913043478,False,dist_pdmid_atr
SESS_D,SESS_D,M06_SESSION_TIME,f040,2,1.0,,,0,0,,,-0.0267017319359689,2818,0.0272270531400966,False,bar_in_sess
SESS_D,SESS_D,M06_SESSION_TIME,f035,5,1.0,3.0,0.0302533645352906,266,266,0.0629717984813291,0.7547609109261895,-0.0267017319359689,2819,0.0272367149758454,False,dist_pdh_atr
SESS_D,SESS_D,M06_SESSION_TIME,f033,5,1.0,4.0,0.0232746984704321,614,614,0.0641172268439725,1.260292455727187,-0.0267017319359689,2820,0.0272463768115942,False,rloc_sess
HTF_RECLAIM,HTF_RECLAIM,M11_STRUCTURE_BREAK_REVERSAL,f002,5,1.0,,,0,0,,,-0.1001845799762217,2821,0.0272560386473429,False,ret_1_atr
HTF_RECLAIM,HTF_RECLAIM,M11_STRUCTURE_BREAK_REVERSAL,f001,5,1.0,,,0,0,,,-0.1001845799762217,2822,0.0272657004830917,False,weekday
HTF_RANGE_FADE,HTF_RANGE_FADE,M12_RANGE_ROTATION,f041,5,1.0,,,0,0,,,-0.1462639811616175,2823,0.0272753623188405,False,ret_12_atr
HTF_RANGE_FADE,HTF_RANGE_FADE,M12_RANGE_ROTATION,f036,5,1.0,,,0,0,,,-0.1462639811616175,2824,0.0272850241545893,False,dist_prev_sess_low_atr
HTF_RANGE_FADE,HTF_RANGE_FADE,M12_RANGE_ROTATION,f035,3,1.0,1.0,0.0248713284523547,49,45,0.1829294448756946,0.9595890233765908,-0.1462639811616175,2825,0.0272946859903381,False,dist_pdh_atr
HTF_RANGE_FADE,HTF_RANGE_FADE,M12_RANGE_ROTATION,f034,3,1.0,,,0,0,,,-0.1462639811616175,2826,0.0273043478260869,False,run_len_same_dir
HTF_RANGE_FADE,HTF_RANGE_FADE,M12_RANGE_ROTATION,f033,5,1.0,,,0,0,,,-0.1462639811616175,2827,0.0273140096618357,False,rloc_sess
HTF_RANGE_FADE,HTF_RANGE_FADE,M12_RANGE_ROTATION,f030,3,1.0,,,0,0,,,-0.1462639811616175,2828,0.0273236714975845,False,rloc_96
HTF_RANGE_FADE,HTF_RANGE_FADE,M12_RANGE_ROTATION,f028,5,1.0,,,0,0,,,-0.1462639811616175,2829,0.0273333333333333,False,dist_prev_sess_high_atr
HTF_RANGE_FADE,HTF_RANGE_FADE,M12_RANGE_ROTATION,f022,5,1.0,,,0,0,,,-0.1462639811616175,2830,0.0273429951690821,False,rloc_20
HTF_RANGE_FADE,HTF_RANGE_FADE,M12_RANGE_ROTATION,f021,2,1.0,,,0,0,,,-0.1462639811616175,2831,0.0273526570048309,False,fvg_present
HTF_RANGE_FADE,HTF_RANGE_FADE,M12_RANGE_ROTATION,f020,4,1.0,,,0,0,,,-0.1462639811616175,2832,0.0273623188405797,False,mtf_alignment
HTF_RANGE_FADE,HTF_RANGE_FADE,M12_RANGE_ROTATION,f019,12,1.0,10.0,0.0668478237050099,71,48,0.2350725278644947,1.3555172387456949,-0.1462639811616175,2833,0.0273719806763285,False,month_of_year
SESS_E,SESS_E,M06_SESSION_TIME,f016,3,1.0,,,0,0,,,-0.1706719129068075,2834,0.0273816425120772,False,bars_to_sess_end
SESS_E,SESS_E,M06_SESSION_TIME,f013,5,1.0,,,0,0,,,-0.1706719129068075,2835,0.027391304347826,False,vol_rel_20
SESS_E,SESS_E,M06_SESSION_TIME,f011,9,1.0,34.0,0.0429842035791716,73,73,0.2306832960749272,1.334030703970989,-0.1706719129068075,2836,0.0274009661835748,False,halfhour_bucket_utc
HTF_RANGE_FADE,HTF_RANGE_FADE,M12_RANGE_ROTATION,f010,5,1.0,,,0,0,,,-0.1462639811616175,2837,0.0274106280193236,False,bars_since_20bar_high
HTF_RANGE_FADE,HTF_RANGE_FADE,M12_RANGE_ROTATION,f008,5,1.0,,,0,0,,,-0.1462639811616175,2838,0.0274202898550724,False,dist_vwap_atr
HTF_RANGE_FADE,HTF_RANGE_FADE,M12_RANGE_ROTATION,f005,5,1.0,,,0,0,,,-0.1462639811616175,2839,0.0274299516908212,False,atr_over_atrma
HTF_RANGE_FADE,HTF_RANGE_FADE,M12_RANGE_ROTATION,f004,5,1.0,,,0,0,,,-0.1462639811616175,2840,0.02743961352657,False,dist_or_low_atr
HTF_RANGE_FADE,HTF_RANGE_FADE,M12_RANGE_ROTATION,f003,5,1.0,,,0,0,,,-0.1462639811616175,2841,0.0274492753623188,False,vol_rel_sess
HTF_RANGE_FADE,HTF_RANGE_FADE,M12_RANGE_ROTATION,f002,5,1.0,,,0,0,,,-0.1462639811616175,2842,0.0274589371980676,False,ret_1_atr
HTF_RANGE_FADE,HTF_RANGE_FADE,M12_RANGE_ROTATION,f001,5,1.0,,,0,0,,,-0.1462639811616175,2843,0.0274685990338164,False,weekday
HTF_PBK_TREND,HTF_PBK_TREND,M07_TREND_CONTINUATION,f046,2,1.0,,,0,0,,,-0.084165226639341,2844,0.0274782608695652,False,h4_trend_state
HTF_PBK_TREND,HTF_PBK_TREND,M07_TREND_CONTINUATION,f044,4,1.0,2.0,0.0073636880499277,57,47,0.11106879535327,0.6026074818125023,-0.084165226639341,2845,0.027487922705314,False,week_of_month
HTF_PBK_TREND,HTF_PBK_TREND,M07_TREND_CONTINUATION,f043,5,1.0,0.0,0.0682253853201109,51,49,0.1808591878200089,0.8523379623854943,-0.084165226639341,2846,0.0274975845410628,False,dist_or_high_atr
SESS_E,SESS_E,M06_SESSION_TIME,f026,5,1.0,,,0,0,,,-0.1706719129068075,2847,0.0275072463768115,False,rloc_50
SESS_E,SESS_E,M06_SESSION_TIME,f021,2,1.0,,,0,0,,,-0.1706719129068075,2848,0.0275169082125603,False,fvg_present
SESS_E,SESS_E,M06_SESSION_TIME,f019,12,1.0,5.0,0.1216147113719673,70,70,0.3145500232989208,1.73103611518507,-0.1706719129068075,2849,0.0275265700483091,False,month_of_year
HTF_PBK_TREND,HTF_PBK_TREND,M07_TREND_CONTINUATION,f041,5,1.0,3.0,0.0132159899806876,100,92,0.1408549740396843,1.0661914818393845,-0.084165226639341,2850,0.0275362318840579,False,ret_12_atr
HTF_PBK_TREND,HTF_PBK_TREND,M07_TREND_CONTINUATION,f038,5,1.0,,,0,0,,,-0.084165226639341,2851,0.0275458937198067,False,ret_4_atr
HTF_PBK_TREND,HTF_PBK_TREND,M07_TREND_CONTINUATION,f036,5,1.0,1.0,0.0302354471327688,66,64,0.1436659624114868,0.8486589300431215,-0.084165226639341,2852,0.0275555555555555,False,dist_prev_sess_low_atr
HTF_PBK_TREND,HTF_PBK_TREND,M07_TREND_CONTINUATION,f028,5,1.0,2.0,0.0051008116276651,74,70,0.11568878559404,0.7071600873449954,-0.084165226639341,2853,0.0275652173913043,False,dist_prev_sess_high_atr
HTF_PBK_TREND,HTF_PBK_TREND,M07_TREND_CONTINUATION,f024,2,1.0,,,0,0,,,-0.084165226639341,2854,0.0275748792270531,False,h1_trend_state
HTF_PBK_TREND,HTF_PBK_TREND,M07_TREND_CONTINUATION,f007,5,1.0,1.0,0.0503128209900842,73,64,0.1735891929559114,1.0406290255175787,-0.084165226639341,2855,0.0275845410628019,False,ret_96_atr
SESS_Fc,SESS_Fc,M06_SESSION_TIME,f002,5,,,,0,0,,,,2856,0.0275942028985507,False,ret_1_atr
SESS_Fc,SESS_Fc,M06_SESSION_TIME,f003,5,,,,0,0,,,,2857,0.0276038647342995,False,vol_rel_sess
SESS_Fc,SESS_Fc,M06_SESSION_TIME,f004,5,,,,0,0,,,,2858,0.0276135265700483,False,dist_or_low_atr
SESS_Fc,SESS_Fc,M06_SESSION_TIME,f005,5,,4.0,0.1241708884686822,163,163,,,,2859,0.0276231884057971,False,atr_over_atrma
SESS_Fc,SESS_Fc,M06_SESSION_TIME,f006,5,,,,0,0,,,,2860,0.0276328502415458,False,realvol_ratio
SESS_Fc,SESS_Fc,M06_SESSION_TIME,f007,5,,,,0,0,,,,2861,0.0276425120772946,False,ret_96_atr
SESS_Fc,SESS_Fc,M06_SESSION_TIME,f008,5,,,,0,0,,,,2862,0.0276521739130434,False,dist_vwap_atr
SESS_Fc,SESS_Fc,M06_SESSION_TIME,f009,5,,3.0,0.0556984320556985,269,269,,,,2863,0.0276618357487922,False,dist_pdl_atr
SESS_Fc,SESS_Fc,M06_SESSION_TIME,f010,5,,,,0,0,,,,2864,0.027671497584541,False,bars_since_20bar_high
SESS_Fc,SESS_Fc,M06_SESSION_TIME,f012,5,,,,0,0,,,,2865,0.0276811594202898,False,dist_pwl_atr
SESS_Fc,SESS_Fc,M06_SESSION_TIME,f013,5,,4.0,0.0976691444783793,91,91,,,,2866,0.0276908212560386,False,vol_rel_20
SESS_Fc,SESS_Fc,M06_SESSION_TIME,f014,5,,,,0,0,,,,2867,0.0277004830917874,False,bars_since_20bar_low
SESS_Fc,SESS_Fc,M06_SESSION_TIME,f016,2,,,,0,0,,,,2868,0.0277101449275362,False,bars_to_sess_end
SESS_Fc,SESS_Fc,M06_SESSION_TIME,f020,5,,,,0,0,,,,2869,0.027719806763285,False,mtf_alignment
SESS_Fc,SESS_Fc,M06_SESSION_TIME,f022,5,,,,0,0,,,,2870,0.0277294685990338,False,rloc_20
SESS_Fc,SESS_Fc,M06_SESSION_TIME,f023,5,,,,0,0,,,,2871,0.0277391304347826,False,dist_pwh_atr
SESS_Fc,SESS_Fc,M06_SESSION_TIME,f026,5,,,,0,0,,,,2872,0.0277487922705314,False,rloc_50
SESS_Fc,SESS_Fc,M06_SESSION_TIME,f027,5,,,,0,0,,,,2873,0.0277584541062801,False,atr_pct_rank
SESS_Fc,SESS_Fc,M06_SESSION_TIME,f028,5,,,,0,0,,,,2874,0.0277681159420289,False,dist_prev_sess_high_atr
SESS_Fc,SESS_Fc,M06_SESSION_TIME,f030,5,,,,0,0,,,,2875,0.0277777777777777,False,rloc_96
SESS_Fc,SESS_Fc,M06_SESSION_TIME,f031,2,,,,0,0,,,,2876,0.0277874396135265,False,d1_trend_state
SESS_Fc,SESS_Fc,M06_SESSION_TIME,f032,5,,,,0,0,,,,2877,0.0277971014492753,False,efficiency_24h
SESS_Fc,SESS_Fc,M06_SESSION_TIME,f033,5,,,,0,0,,,,2878,0.0278067632850241,False,rloc_sess
SESS_Fc,SESS_Fc,M06_SESSION_TIME,f034,3,,,,0,0,,,,2879,0.0278164251207729,False,run_len_same_dir
SESS_Fc,SESS_Fc,M06_SESSION_TIME,f035,5,,,,0,0,,,,2880,0.0278260869565217,False,dist_pdh_atr
SESS_Fc,SESS_Fc,M06_SESSION_TIME,f036,5,,,,0,0,,,,2881,0.0278357487922705,False,dist_prev_sess_low_atr
SESS_Fc,SESS_Fc,M06_SESSION_TIME,f038,5,,,,0,0,,,,2882,0.0278454106280193,False,ret_4_atr
SESS_Fc,SESS_Fc,M06_SESSION_TIME,f040,2,,,,0,0,,,,2883,0.0278550724637681,False,bar_in_sess
SESS_Fc,SESS_Fc,M06_SESSION_TIME,f041,5,,,,0,0,,,,2884,0.0278647342995169,False,ret_12_atr
SESS_Fc,SESS_Fc,M06_SESSION_TIME,f042,5,,3.0,0.1323342285408418,232,232,,,,2885,0.0278743961352657,False,dist_pdmid_atr
SESS_Fc,SESS_Fc,M06_SESSION_TIME,f043,5,,,,0,0,,,,2886,0.0278840579710144,False,dist_or_high_atr
SESS_Fc,SESS_Fc,M06_SESSION_TIME,f046,2,,,,0,0,,,,2887,0.0278937198067632,False,h4_trend_state
