hid,family,N,tpy,WR,BASE,STRESS,PF,maxDD,e1,e2,e3,worst,db5,n1,n2,n3,GATE
S1::side=high/liq_ref=swing/liq_lb=20/confirm=consecutive2/imb=none/stop=beyond_sweep/exit=rr2/window=4/id=4b7c6d5c6035,S1,8357,557.0,0.372,-0.0229,-0.152,0.964,392.4,0.0472,-0.0356,-0.0813,-0.0813,-0.129,2787,2845,2725,False
S1::side=high/liq_ref=swing/liq_lb=20/confirm=consecutive2/imb=none/stop=beyond_sweep/exit=rr2/window=8/id=3ddb5e443d5d,S1,9723,648.0,0.428,0.0528,-0.0977,1.091,61.4,0.0845,0.0321,0.0419,0.0321,-0.0495,3248,3343,3132,False
S1::side=high/liq_ref=swing/liq_lb=20/confirm=consecutive2/imb=none/stop=beyond_sweep/exit=rr3/window=4/id=46605422af38,S1,8179,545.0,0.32,-0.0075,-0.137,0.989,388.8,0.0858,-0.0482,-0.0603,-0.0603,-0.1651,2723,2785,2671,False
S1::side=high/liq_ref=swing/liq_lb=20/confirm=consecutive2/imb=none/stop=beyond_sweep/exit=rr3/window=8/id=b093ced01876,S1,9549,636.0,0.383,0.0726,-0.0779,1.116,60.0,0.125,0.0315,0.062,0.0315,-0.0809,3191,3278,3080,False
S1::side=high/liq_ref=swing/liq_lb=20/confirm=consecutive2/imb=none/stop=beyond_sweep/exit=opp_liq/window=4/id=65a3466d30cf,S1,8514,567.0,0.382,-0.006,-0.1414,0.991,280.0,0.0228,-0.0232,-0.0174,-0.0232,-0.2963,2830,2897,2787,False
S1::side=high/liq_ref=swing/liq_lb=20/confirm=consecutive2/imb=none/stop=beyond_sweep/exit=opp_liq/window=8/id=151cd7129f84,S1,9931,662.0,0.438,0.0641,-0.094,1.11,61.7,0.0731,0.0661,0.0526,0.0526,-0.2169,3316,3405,3210,False
S1::side=high/liq_ref=swing/liq_lb=20/confirm=consecutive2/imb=none/stop=beyond_sweep/exit=time/window=4/id=fedb8fd471e3,S1,8791,586.0,0.307,0.0179,-0.1105,1.026,302.3,0.0478,-0.0475,0.0553,-0.0475,-0.3761,2928,2988,2875,False
S1::side=high/liq_ref=swing/liq_lb=20/confirm=consecutive2/imb=none/stop=beyond_sweep/exit=time/window=8/id=0ad4b9577817,S1,10250,683.0,0.362,0.0993,-0.0591,1.156,101.5,0.1003,0.0917,0.1063,0.0917,-0.2989,3451,3493,3306,False
S1::side=high/liq_ref=swing/liq_lb=20/confirm=consecutive2/imb=none/stop=structural/exit=rr2/window=4/id=c918917f88af,S1,8152,543.0,0.354,-0.0265,-0.1149,0.959,365.1,0.0356,-0.0324,-0.0837,-0.0837,-0.1327,2722,2758,2672,False
S1::side=high/liq_ref=swing/liq_lb=20/confirm=consecutive2/imb=none/stop=structural/exit=rr2/window=8/id=2960f38767e8,S1,9313,621.0,0.355,-0.0282,-0.1143,0.956,411.7,0.0245,-0.0286,-0.0824,-0.0824,-0.1345,3124,3182,3007,False
S1::side=high/liq_ref=swing/liq_lb=20/confirm=consecutive2/imb=none/stop=structural/exit=rr3/window=4/id=e67d58bb0aad,S1,7953,530.0,0.301,-0.0076,-0.0959,0.989,331.3,0.079,-0.041,-0.0607,-0.0607,-0.1654,2644,2701,2608,False
S1::side=high/liq_ref=swing/liq_lb=20/confirm=consecutive2/imb=none/stop=structural/exit=rr3/window=8/id=4ff4e8053b59,S1,9077,605.0,0.303,-0.0129,-0.0992,0.981,379.0,0.0558,-0.0355,-0.06,-0.06,-0.1709,3035,3111,2931,False
S1::side=high/liq_ref=swing/liq_lb=20/confirm=consecutive2/imb=none/stop=structural/exit=opp_liq/window=4/id=ae3b9146498d,S1,8325,555.0,0.376,-0.0364,-0.128,0.942,394.9,0.018,-0.039,-0.0887,-0.0887,-0.2766,2765,2826,2734,False
S1::side=high/liq_ref=swing/liq_lb=20/confirm=consecutive2/imb=none/stop=structural/exit=opp_liq/window=8/id=21871e84233f,S1,9549,636.0,0.381,-0.0361,-0.1252,0.942,461.9,0.0119,-0.0413,-0.08,-0.08,-0.2737,3183,3270,3096,False
S1::side=high/liq_ref=swing/liq_lb=20/confirm=consecutive2/imb=none/stop=structural/exit=time/window=4/id=643ad07f1e11,S1,8691,579.0,0.302,-0.0054,-0.0972,0.992,327.7,0.051,-0.0403,-0.0267,-0.0403,-0.3507,2895,2946,2850,False
S1::side=high/liq_ref=swing/liq_lb=20/confirm=consecutive2/imb=none/stop=structural/exit=time/window=8/id=b3024ded79b4,S1,10076,672.0,0.306,-0.0077,-0.0975,0.988,364.2,0.04,-0.0406,-0.0229,-0.0406,-0.3456,3398,3426,3252,False
S1::side=high/liq_ref=swing/liq_lb=20/confirm=consecutive2/imb=fvg/stop=beyond_sweep/exit=rr2/window=4/id=39391b987714,S1,1369,91.0,0.352,-0.0663,-0.142,0.892,103.3,-0.0266,-0.0458,-0.1255,-0.1255,-0.1742,428,486,455,False
S1::side=high/liq_ref=swing/liq_lb=20/confirm=consecutive2/imb=fvg/stop=beyond_sweep/exit=rr2/window=8/id=947470ca3cce,S1,1843,123.0,0.372,-0.0325,-0.1362,0.946,100.7,0.0072,-0.0546,-0.048,-0.0546,-0.1391,594,647,602,False
S1::side=high/liq_ref=swing/liq_lb=20/confirm=consecutive2/imb=fvg/stop=beyond_sweep/exit=rr3/window=4/id=41fd258b9a80,S1,1364,91.0,0.321,-0.0171,-0.0927,0.973,61.9,0.0426,-0.0095,-0.081,-0.081,-0.1749,426,483,455,False
S1::side=high/liq_ref=swing/liq_lb=20/confirm=consecutive2/imb=fvg/stop=beyond_sweep/exit=rr3/window=8/id=136cb47b4e15,S1,1834,122.0,0.342,0.0152,-0.0907,1.024,61.6,0.0751,-0.0144,-0.012,-0.0144,-0.1402,590,642,602,False
S1::side=high/liq_ref=swing/liq_lb=20/confirm=consecutive2/imb=fvg/stop=beyond_sweep/exit=opp_liq/window=4/id=73287d24c320,S1,1385,92.0,0.503,-0.0617,-0.1255,0.872,93.2,-0.0709,-0.0529,-0.0625,-0.0709,-0.2191,431,493,461,False
S1::side=high/liq_ref=swing/liq_lb=20/confirm=consecutive2/imb=fvg/stop=beyond_sweep/exit=opp_liq/window=8/id=1274be7120b1,S1,1864,124.0,0.503,-0.0079,-0.1102,0.984,94.5,0.0054,-0.0347,0.0079,-0.0347,-0.2098,599,654,611,False
S1::side=high/liq_ref=swing/liq_lb=20/confirm=consecutive2/imb=fvg/stop=beyond_sweep/exit=time/window=4/id=45d26ea13045,S1,1396,93.0,0.345,-0.0165,-0.0921,0.972,68.3,-0.0086,-0.0084,-0.0324,-0.0324,-0.2916,434,496,466,False
S1::side=high/liq_ref=swing/liq_lb=20/confirm=consecutive2/imb=fvg/stop=beyond_sweep/exit=time/window=8/id=fdd49be73d54,S1,1886,126.0,0.352,0.0152,-0.0945,1.026,88.4,0.0211,-0.0418,0.0704,-0.0418,-0.3045,606,662,618,False
S1::side=high/liq_ref=swing/liq_lb=20/confirm=consecutive2/imb=fvg/stop=structural/exit=rr2/window=4/id=211f38d879e5,S1,1365,91.0,0.355,-0.0584,-0.117,0.903,92.1,-0.034,-0.0472,-0.0932,-0.0932,-0.1661,427,484,454,False
S1::side=high/liq_ref=swing/liq_lb=20/confirm=consecutive2/imb=fvg/stop=structural/exit=rr2/window=8/id=73430cc16477,S1,1827,122.0,0.359,-0.0499,-0.1088,0.916,113.9,-0.0161,-0.0494,-0.0841,-0.0841,-0.1571,591,642,594,False
S1::side=high/liq_ref=swing/liq_lb=20/confirm=consecutive2/imb=fvg/stop=structural/exit=rr3/window=4/id=b2394c046121,S1,1361,91.0,0.325,-0.0077,-0.0662,0.988,52.6,0.031,-0.0138,-0.0373,-0.0373,-0.1654,425,482,454,False
S1::side=high/liq_ref=swing/liq_lb=20/confirm=consecutive2/imb=fvg/stop=structural/exit=rr3/window=8/id=2cc17ba15862,S1,1816,121.0,0.328,-0.0194,-0.0783,0.969,88.6,0.0244,-0.0417,-0.0387,-0.0417,-0.1764,586,638,592,False
S1::side=high/liq_ref=swing/liq_lb=20/confirm=consecutive2/imb=fvg/stop=structural/exit=opp_liq/window=4/id=fa793be15ae1,S1,1381,92.0,0.518,-0.0483,-0.107,0.896,70.3,-0.064,-0.0389,-0.0436,-0.064,-0.1923,429,492,460,False
S1::side=high/liq_ref=swing/liq_lb=20/confirm=consecutive2/imb=fvg/stop=structural/exit=opp_liq/window=8/id=4ef88849560b,S1,1850,123.0,0.519,-0.0419,-0.1009,0.909,89.7,-0.0553,-0.0391,-0.0315,-0.0553,-0.1854,595,651,604,False
S1::side=high/liq_ref=swing/liq_lb=20/confirm=consecutive2/imb=fvg/stop=structural/exit=time/window=4/id=309c0ce35869,S1,1395,93.0,0.361,-0.0016,-0.0605,0.997,59.9,-0.0104,-0.0055,0.0106,-0.0104,-0.2547,433,496,466,False
S1::side=high/liq_ref=swing/liq_lb=20/confirm=consecutive2/imb=fvg/stop=structural/exit=time/window=8/id=7cc9f64abfd4,S1,1881,125.0,0.366,0.0069,-0.0524,1.013,63.5,-0.0054,-0.019,0.0465,-0.019,-0.2501,604,660,617,False
S1::side=high/liq_ref=swing/liq_lb=20/confirm=close_beyond/imb=none/stop=beyond_sweep/exit=rr2/window=4/id=e17f178bd4a3,S1,617,41.0,0.379,-0.0569,-0.0884,0.889,60.8,0.0507,-0.1866,-0.0262,-0.1866,-0.1619,196,212,209,False
S1::side=high/liq_ref=swing/liq_lb=20/confirm=close_beyond/imb=none/stop=beyond_sweep/exit=rr2/window=8/id=5feef43a9dd9,S1,1300,87.0,0.387,-0.0392,-0.0716,0.923,71.3,-0.0348,-0.0649,-0.0181,-0.0649,-0.1463,450,425,425,False
S1::side=high/liq_ref=swing/liq_lb=20/confirm=close_beyond/imb=none/stop=beyond_sweep/exit=rr3/window=4/id=15df0dfafb46,S1,615,41.0,0.358,-0.0649,-0.0965,0.878,63.3,0.0212,-0.1809,-0.0278,-0.1809,-0.2218,196,212,207,False
S1::side=high/liq_ref=swing/liq_lb=20/confirm=close_beyond/imb=none/stop=beyond_sweep/exit=rr3/window=8/id=9953f4e8e4fa,S1,1294,86.0,0.373,-0.0178,-0.0503,0.966,63.0,-0.0132,-0.0442,0.0039,-0.0442,-0.1753,448,424,422,False
S1::side=high/liq_ref=swing/liq_lb=20/confirm=close_beyond/imb=none/stop=beyond_sweep/exit=opp_liq/window=4/id=d6e9f666e87d,S1,636,42.0,0.781,-0.0428,-0.0741,0.678,35.2,-0.0975,-0.0572,0.0218,-0.0975,-0.0665,199,219,218,False
S1::side=high/liq_ref=swing/liq_lb=20/confirm=close_beyond/imb=none/stop=beyond_sweep/exit=opp_liq/window=8/id=23f806a44e79,S1,1378,92.0,0.803,-0.0279,-0.0604,0.762,50.8,-0.0492,-0.0389,0.0052,-0.0492,-0.0515,470,456,452,False
S1::side=high/liq_ref=swing/liq_lb=20/confirm=close_beyond/imb=none/stop=beyond_sweep/exit=time/window=4/id=ff645b1e1c58,S1,630,42.0,0.4,-0.0521,-0.0836,0.883,59.4,0.0153,-0.1309,-0.0357,-0.1309,-0.2247,199,215,216,False
S1::side=high/liq_ref=swing/liq_lb=20/confirm=close_beyond/imb=none/stop=beyond_sweep/exit=time/window=8/id=c9b455af0243,S1,1366,91.0,0.405,-0.008,-0.0406,0.982,68.0,-0.0001,0.0029,-0.0269,-0.0269,-0.1921,470,446,450,False
S1::side=high/liq_ref=swing/liq_lb=20/confirm=close_beyond/imb=none/stop=structural/exit=rr2/window=4/id=9d820cbe1a13,S1,617,41.0,0.374,-0.0729,-0.1034,0.858,64.6,0.0168,-0.1895,-0.0387,-0.1895,-0.1786,196,212,209,False
S1::side=high/liq_ref=swing/liq_lb=20/confirm=close_beyond/imb=none/stop=structural/exit=rr2/window=8/id=1e356f5c55ff,S1,1295,86.0,0.385,-0.0592,-0.0897,0.881,94.5,-0.0545,-0.0894,-0.034,-0.0894,-0.1661,450,423,422,False
S1::side=high/liq_ref=swing/liq_lb=20/confirm=close_beyond/imb=none/stop=structural/exit=rr3/window=4/id=6bcbd2dd1328,S1,615,41.0,0.358,-0.0683,-0.0988,0.871,65.0,0.0179,-0.1751,-0.0405,-0.1751,-0.2253,196,212,207,False
S1::side=high/liq_ref=swing/liq_lb=20/confirm=close_beyond/imb=none/stop=structural/exit=rr3/window=8/id=2364c5ea1f04,S1,1289,86.0,0.374,-0.0401,-0.0706,0.921,73.3,-0.0287,-0.07,-0.022,-0.07,-0.1994,448,423,418,False
S1::side=high/liq_ref=swing/liq_lb=20/confirm=close_beyond/imb=none/stop=structural/exit=opp_liq/window=4/id=b1ac2c51b8cf,S1,636,42.0,0.781,-0.0455,-0.0759,0.655,36.5,-0.0991,-0.0594,0.0173,-0.0991,-0.0685,199,219,218,False
S1::side=high/liq_ref=swing/liq_lb=20/confirm=close_beyond/imb=none/stop=structural/exit=opp_liq/window=8/id=29e7e0880878,S1,1378,92.0,0.805,-0.0296,-0.0602,0.738,51.7,-0.0497,-0.04,0.0019,-0.0497,-0.0514,470,456,452,False
S1::side=high/liq_ref=swing/liq_lb=20/confirm=close_beyond/imb=none/stop=structural/exit=time/window=4/id=55ba36c4db7a,S1,630,42.0,0.4,-0.0577,-0.0882,0.868,59.8,0.0031,-0.1311,-0.0407,-0.1311,-0.2239,199,215,216,False
S1::side=high/liq_ref=swing/liq_lb=20/confirm=close_beyond/imb=none/stop=structural/exit=time/window=8/id=ab53ff40efad,S1,1366,91.0,0.405,-0.0193,-0.0499,0.954,74.0,-0.0123,-0.0116,-0.0342,-0.0342,-0.193,470,446,450,False
S1::side=high/liq_ref=swing/liq_lb=20/confirm=close_beyond/imb=fvg/stop=beyond_sweep/exit=rr2/window=4/id=071bc7387764,S1,417,28.0,0.367,-0.0904,-0.12,0.82,47.4,-0.0515,-0.2378,0.0213,-0.2378,-0.1955,124,145,148,False
S1::side=high/liq_ref=swing/liq_lb=20/confirm=close_beyond/imb=fvg/stop=beyond_sweep/exit=rr2/window=8/id=332090e67aa1,S1,1007,67.0,0.387,-0.0434,-0.0746,0.913,66.8,-0.0564,-0.1024,0.0292,-0.1024,-0.1499,339,335,333,False
S1::side=high/liq_ref=swing/liq_lb=20/confirm=close_beyond/imb=fvg/stop=beyond_sweep/exit=rr3/window=4/id=573f0074f0bc,S1,415,28.0,0.349,-0.1131,-0.1427,0.782,55.0,-0.0909,-0.2348,-0.011,-0.2348,-0.2703,124,145,146,False
S1::side=high/liq_ref=swing/liq_lb=20/confirm=close_beyond/imb=fvg/stop=beyond_sweep/exit=rr3/window=8/id=9bf5e68341b1,S1,1002,67.0,0.377,-0.0209,-0.0521,0.959,48.5,-0.0296,-0.073,0.0405,-0.073,-0.1803,337,334,331,False
S1::side=high/liq_ref=swing/liq_lb=20/confirm=close_beyond/imb=fvg/stop=beyond_sweep/exit=opp_liq/window=4/id=76e7a1bb69a1,S1,421,28.0,0.784,-0.0396,-0.0692,0.677,23.7,-0.1205,-0.0427,0.0305,-0.1205,-0.062,125,145,151,False
S1::side=high/liq_ref=swing/liq_lb=20/confirm=close_beyond/imb=fvg/stop=beyond_sweep/exit=opp_liq/window=8/id=c8d1f1c75bc3,S1,1048,70.0,0.8,-0.0302,-0.0616,0.739,39.8,-0.0582,-0.0341,0.0016,-0.0582,-0.0535,350,348,350,False
S1::side=high/liq_ref=swing/liq_lb=20/confirm=close_beyond/imb=fvg/stop=beyond_sweep/exit=time/window=4/id=2b4aecc77cad,S1,421,28.0,0.394,-0.0875,-0.1171,0.794,49.3,-0.1193,-0.1778,0.0255,-0.1778,-0.2268,125,145,151,False
S1::side=high/liq_ref=swing/liq_lb=20/confirm=close_beyond/imb=fvg/stop=beyond_sweep/exit=time/window=8/id=4cae1bdde9fa,S1,1047,70.0,0.411,-0.0122,-0.0435,0.971,51.4,-0.0312,-0.0301,0.0246,-0.0312,-0.1814,350,346,351,False
S1::side=high/liq_ref=swing/liq_lb=20/confirm=close_beyond/imb=fvg/stop=structural/exit=rr2/window=4/id=56b163588a17,S1,417,28.0,0.365,-0.1027,-0.1318,0.796,52.2,-0.0539,-0.2597,0.0102,-0.2597,-0.2084,124,145,148,False
S1::side=high/liq_ref=swing/liq_lb=20/confirm=close_beyond/imb=fvg/stop=structural/exit=rr2/window=8/id=f402156915cd,S1,1003,67.0,0.39,-0.0544,-0.0837,0.888,78.4,-0.0584,-0.1258,0.0216,-0.1258,-0.1619,339,333,331,False
S1::side=high/liq_ref=swing/liq_lb=20/confirm=close_beyond/imb=fvg/stop=structural/exit=rr3/window=4/id=735cef492de4,S1,415,28.0,0.349,-0.1179,-0.1471,0.773,56.8,-0.0934,-0.236,-0.0215,-0.236,-0.2754,124,145,146,False
S1::side=high/liq_ref=swing/liq_lb=20/confirm=close_beyond/imb=fvg/stop=structural/exit=rr3/window=8/id=c67072d14ec8,S1,998,67.0,0.381,-0.0373,-0.0667,0.925,58.9,-0.0347,-0.0953,0.0189,-0.0953,-0.1948,337,333,328,False
S1::side=high/liq_ref=swing/liq_lb=20/confirm=close_beyond/imb=fvg/stop=structural/exit=opp_liq/window=4/id=f02ff9c6931d,S1,421,28.0,0.784,-0.0414,-0.0705,0.662,24.0,-0.1219,-0.0436,0.0275,-0.1219,-0.0633,125,145,151,False
S1::side=high/liq_ref=swing/liq_lb=20/confirm=close_beyond/imb=fvg/stop=structural/exit=opp_liq/window=8/id=67912a2b1e44,S1,1048,70.0,0.801,-0.0315,-0.0612,0.718,40.3,-0.061,-0.0331,-0.0003,-0.061,-0.0529,350,348,350,False
S1::side=high/liq_ref=swing/liq_lb=20/confirm=close_beyond/imb=fvg/stop=structural/exit=time/window=4/id=a29e3d6deb8d,S1,421,28.0,0.394,-0.095,-0.1242,0.775,51.5,-0.1269,-0.1792,0.0123,-0.1792,-0.2306,125,145,151,False
S1::side=high/liq_ref=swing/liq_lb=20/confirm=close_beyond/imb=fvg/stop=structural/exit=time/window=8/id=f4f4b29fb5b8,S1,1047,70.0,0.411,-0.0248,-0.0544,0.939,58.1,-0.0422,-0.0429,0.0104,-0.0429,-0.184,350,346,351,False
S1::side=high/liq_ref=swing/liq_lb=20/confirm=displacement/imb=none/stop=beyond_sweep/exit=rr2/window=4/id=bfdd5cc18e7b,S1,4049,270.0,0.404,0.0203,-0.0945,1.034,88.9,0.074,-0.0264,0.0168,-0.0264,-0.0834,1286,1373,1390,False
S1::side=high/liq_ref=swing/liq_lb=20/confirm=displacement/imb=none/stop=beyond_sweep/exit=rr2/window=8/id=d03bc12c46cb,S1,5217,348.0,0.437,0.0716,-0.0512,1.127,55.9,0.1492,0.0179,0.0506,0.0179,-0.0293,1693,1758,1766,False
S1::side=high/liq_ref=swing/liq_lb=20/confirm=displacement/imb=none/stop=beyond_sweep/exit=rr3/window=4/id=0eb08f44a146,S1,3970,265.0,0.358,0.0236,-0.0912,1.037,108.6,0.0884,-0.0393,0.0251,-0.0393,-0.1323,1268,1339,1363,False
S1::side=high/liq_ref=swing/liq_lb=20/confirm=displacement/imb=none/stop=beyond_sweep/exit=rr3/window=8/id=ef9af1c8d1ba,S1,5118,341.0,0.392,0.0639,-0.059,1.105,59.5,0.1426,0.008,0.0439,0.008,-0.0896,1662,1720,1736,False
S1::side=high/liq_ref=swing/liq_lb=20/confirm=displacement/imb=none/stop=beyond_sweep/exit=opp_liq/window=4/id=4f26be72e836,S1,4169,278.0,0.505,0.0407,-0.0845,1.081,93.1,0.0405,-0.0326,0.1132,-0.0326,-0.1926,1316,1416,1437,False
S1::side=high/liq_ref=swing/liq_lb=20/confirm=displacement/imb=none/stop=beyond_sweep/exit=opp_liq/window=8/id=d4f5c0cb1846,S1,5395,360.0,0.544,0.11,-0.0194,1.235,56.6,0.0969,0.0478,0.1842,0.0478,-0.1374,1753,1813,1829,False
S1::side=high/liq_ref=swing/liq_lb=20/confirm=displacement/imb=none/stop=beyond_sweep/exit=time/window=4/id=20d058aaa630,S1,4131,275.0,0.356,0.0591,-0.0726,1.094,136.9,0.0444,-0.0525,0.182,-0.0525,-0.308,1311,1395,1425,False
S1::side=high/liq_ref=swing/liq_lb=20/confirm=displacement/imb=none/stop=beyond_sweep/exit=time/window=8/id=9c6eb42d4b0d,S1,5358,357.0,0.385,0.1202,-0.0259,1.201,87.6,0.116,0.0372,0.2067,0.0372,-0.2577,1748,1799,1811,False
S1::side=high/liq_ref=swing/liq_lb=20/confirm=displacement/imb=none/stop=structural/exit=rr2/window=4/id=77c6c43703c1,S1,3897,260.0,0.363,-0.0194,-0.0881,0.969,195.7,0.0409,-0.0422,-0.0529,-0.0529,-0.1249,1240,1320,1337,False
S1::side=high/liq_ref=swing/liq_lb=20/confirm=displacement/imb=none/stop=structural/exit=rr2/window=8/id=d62a60504036,S1,4932,329.0,0.369,-0.0075,-0.0735,0.988,207.1,0.0665,-0.0365,-0.0502,-0.0502,-0.1127,1611,1664,1657,False
S1::side=high/liq_ref=swing/liq_lb=20/confirm=displacement/imb=none/stop=structural/exit=rr3/window=4/id=5c81d5872547,S1,3800,253.0,0.314,-0.02,-0.0888,0.97,178.0,0.0486,-0.0382,-0.0667,-0.0667,-0.1789,1220,1286,1294,False
S1::side=high/liq_ref=swing/liq_lb=20/confirm=displacement/imb=none/stop=structural/exit=rr3/window=8/id=45ec07743e9d,S1,4791,319.0,0.321,-0.0102,-0.0764,0.984,182.7,0.0532,-0.0247,-0.0578,-0.0578,-0.1681,1572,1621,1598,False
S1::side=high/liq_ref=swing/liq_lb=20/confirm=displacement/imb=none/stop=structural/exit=opp_liq/window=4/id=45e5006d0f49,S1,4034,269.0,0.487,-0.0349,-0.1035,0.931,198.7,0.0054,-0.0546,-0.0522,-0.0546,-0.2027,1273,1375,1386,False
S1::side=high/liq_ref=swing/liq_lb=20/confirm=displacement/imb=none/stop=structural/exit=opp_liq/window=8/id=5b54756a16c9,S1,5157,344.0,0.505,-0.0181,-0.0842,0.963,155.9,0.0118,-0.0458,-0.0194,-0.0458,-0.1861,1683,1743,1731,False
S1::side=high/liq_ref=swing/liq_lb=20/confirm=displacement/imb=none/stop=structural/exit=time/window=4/id=3c4d5fcab9b4,S1,4013,267.0,0.333,-0.0185,-0.088,0.97,163.1,0.0056,-0.0316,-0.0279,-0.0316,-0.3186,1273,1356,1384,False
S1::side=high/liq_ref=swing/liq_lb=20/confirm=displacement/imb=none/stop=structural/exit=time/window=8/id=104fe4ddaa4f,S1,5144,343.0,0.342,-0.0053,-0.0725,0.991,139.3,0.0188,-0.0046,-0.0293,-0.0293,-0.293,1681,1730,1733,False
S1::side=high/liq_ref=swing/liq_lb=20/confirm=displacement/imb=fvg/stop=beyond_sweep/exit=rr2/window=4/id=6744ab2e9413,S1,594,40.0,0.375,-0.0646,-0.1116,0.887,61.9,0.0466,-0.1652,-0.0569,-0.1652,-0.1703,180,214,200,False
S1::side=high/liq_ref=swing/liq_lb=20/confirm=displacement/imb=fvg/stop=beyond_sweep/exit=rr2/window=8/id=bbd07059db99,S1,1175,78.0,0.39,-0.0079,-0.0732,0.986,58.1,0.0272,-0.0117,-0.0391,-0.0391,-0.1119,391,392,392,False
S1::side=high/liq_ref=swing/liq_lb=20/confirm=displacement/imb=fvg/stop=beyond_sweep/exit=rr3/window=4/id=392f5a0111a6,S1,590,39.0,0.346,-0.0773,-0.1243,0.871,66.0,0.002,-0.1447,-0.076,-0.1447,-0.2359,178,213,199,False
S1::side=high/liq_ref=swing/liq_lb=20/confirm=displacement/imb=fvg/stop=beyond_sweep/exit=rr3/window=8/id=f3273c3d1579,S1,1169,78.0,0.357,-0.0127,-0.0772,0.979,57.3,0.0025,0.0199,-0.0607,-0.0607,-0.1696,388,392,389,False
S1::side=high/liq_ref=swing/liq_lb=20/confirm=displacement/imb=fvg/stop=beyond_sweep/exit=opp_liq/window=4/id=ca95b409f46d,S1,601,40.0,0.671,-0.0119,-0.0589,0.96,24.5,0.0182,-0.056,0.008,-0.056,-0.0959,181,216,204,False
S1::side=high/liq_ref=swing/liq_lb=20/confirm=displacement/imb=fvg/stop=beyond_sweep/exit=opp_liq/window=8/id=2dd467522255,S1,1204,80.0,0.638,-0.0221,-0.0899,0.936,43.6,-0.0643,-0.0414,0.0389,-0.0643,-0.1412,400,400,404,False
S1::side=high/liq_ref=swing/liq_lb=20/confirm=displacement/imb=fvg/stop=beyond_sweep/exit=time/window=4/id=07a31f117c8d,S1,602,40.0,0.392,-0.0517,-0.0987,0.898,52.2,-0.0601,-0.1217,0.0304,-0.1217,-0.2473,183,216,203,False
S1::side=high/liq_ref=swing/liq_lb=20/confirm=displacement/imb=fvg/stop=beyond_sweep/exit=time/window=8/id=2f097acc6948,S1,1200,80.0,0.372,-0.0246,-0.0928,0.955,69.9,-0.0514,-0.0193,-0.0031,-0.0514,-0.266,401,399,400,False
S1::side=high/liq_ref=swing/liq_lb=20/confirm=displacement/imb=fvg/stop=structural/exit=rr2/window=4/id=3347c9cb50d0,S1,592,39.0,0.375,-0.0628,-0.1054,0.889,54.7,0.0278,-0.1678,-0.033,-0.1678,-0.1688,180,212,200,False
S1::side=high/liq_ref=swing/liq_lb=20/confirm=displacement/imb=fvg/stop=structural/exit=rr2/window=8/id=0ac2d8eb4e13,S1,1167,78.0,0.391,-0.0095,-0.0563,0.983,51.0,0.0208,-0.0196,-0.03,-0.03,-0.1144,391,388,388,False
S1::side=high/liq_ref=swing/liq_lb=20/confirm=displacement/imb=fvg/stop=structural/exit=rr3/window=4/id=057abc6e32a1,S1,589,39.0,0.345,-0.0746,-0.1173,0.874,61.7,0.0012,-0.1378,-0.0752,-0.1378,-0.2335,178,212,199,False
S1::side=high/liq_ref=swing/liq_lb=20/confirm=displacement/imb=fvg/stop=structural/exit=rr3/window=8/id=955b64787255,S1,1159,77.0,0.355,-0.0246,-0.0715,0.958,52.6,-0.0172,0.0082,-0.0653,-0.0653,-0.1808,387,388,384,False
S1::side=high/liq_ref=swing/liq_lb=20/confirm=displacement/imb=fvg/stop=structural/exit=opp_liq/window=4/id=662d721de5b3,S1,599,40.0,0.673,-0.0068,-0.0494,0.977,21.0,0.0182,-0.0566,0.0238,-0.0566,-0.0909,181,215,203,False
S1::side=high/liq_ref=swing/liq_lb=20/confirm=displacement/imb=fvg/stop=structural/exit=opp_liq/window=8/id=57ad457eb1d9,S1,1198,80.0,0.654,-0.0194,-0.066,0.94,37.2,-0.0423,-0.0462,0.0301,-0.0462,-0.1213,400,397,401,False
S1::side=high/liq_ref=swing/liq_lb=20/confirm=displacement/imb=fvg/stop=structural/exit=time/window=4/id=6de187715938,S1,601,40.0,0.396,-0.0404,-0.083,0.919,45.9,-0.0578,-0.1154,0.0547,-0.1154,-0.2372,183,215,203,False
S1::side=high/liq_ref=swing/liq_lb=20/confirm=displacement/imb=fvg/stop=structural/exit=time/window=8/id=3efac9ca9c8d,S1,1196,80.0,0.386,-0.0075,-0.0543,0.985,49.6,-0.0263,-0.0093,0.0131,-0.0263,-0.2222,401,395,400,False
S1::side=high/liq_ref=swing/liq_lb=50/confirm=consecutive2/imb=none/stop=beyond_sweep/exit=rr2/window=4/id=1aa696e53bbb,S1,5391,359.0,0.37,-0.0322,-0.1486,0.949,269.1,0.0039,-0.0163,-0.0827,-0.0827,-0.1386,1692,1893,1806,False
S1::side=high/liq_ref=swing/liq_lb=50/confirm=consecutive2/imb=none/stop=beyond_sweep/exit=rr2/window=8/id=70b307f3fef1,S1,6296,420.0,0.416,0.0274,-0.107,1.047,86.8,0.0413,0.0251,0.0166,0.0166,-0.0757,2006,2206,2084,False
S1::side=high/liq_ref=swing/liq_lb=50/confirm=consecutive2/imb=none/stop=beyond_sweep/exit=rr3/window=4/id=0989b1d7266f,S1,5381,359.0,0.317,-0.0429,-0.1595,0.937,302.1,-0.0102,-0.0458,-0.0704,-0.0704,-0.2027,1691,1888,1802,False
S1::side=high/liq_ref=swing/liq_lb=50/confirm=consecutive2/imb=none/stop=beyond_sweep/exit=rr3/window=8/id=2292cb55fbfd,S1,6285,419.0,0.369,0.0247,-0.1096,1.039,64.6,0.0264,0.0134,0.035,0.0134,-0.1314,2002,2204,2079,False
S1::side=high/liq_ref=swing/liq_lb=50/confirm=consecutive2/imb=none/stop=beyond_sweep/exit=opp_liq/window=4/id=ecbf8e6a5dfe,S1,5376,358.0,0.305,-0.0285,-0.1399,0.959,221.0,-0.0433,-0.0387,-0.0038,-0.0433,-0.3845,1689,1886,1801,False
S1::side=high/liq_ref=swing/liq_lb=50/confirm=consecutive2/imb=none/stop=beyond_sweep/exit=opp_liq/window=8/id=c6c9fe49a99a,S1,6279,419.0,0.356,0.0489,-0.0809,1.075,108.3,-0.0108,0.0716,0.0823,-0.0108,-0.3105,2000,2202,2077,False
S1::side=high/liq_ref=swing/liq_lb=50/confirm=consecutive2/imb=none/stop=beyond_sweep/exit=time/window=4/id=d4e529c56c67,S1,5377,358.0,0.318,-0.0195,-0.1306,0.971,215.2,-0.0405,-0.0329,0.0141,-0.0405,-0.3706,1690,1886,1801,False
S1::side=high/liq_ref=swing/liq_lb=50/confirm=consecutive2/imb=none/stop=beyond_sweep/exit=time/window=8/id=b6d173bf8467,S1,6281,419.0,0.364,0.0528,-0.0762,1.083,129.5,-0.0247,0.0906,0.0874,-0.0247,-0.314,2002,2202,2077,False
S1::side=high/liq_ref=swing/liq_lb=50/confirm=consecutive2/imb=none/stop=structural/exit=rr2/window=4/id=0b6d9648a806,S1,5339,356.0,0.357,-0.0305,-0.111,0.952,247.3,0.0194,-0.0275,-0.0803,-0.0803,-0.1366,1682,1860,1797,False
S1::side=high/liq_ref=swing/liq_lb=50/confirm=consecutive2/imb=none/stop=structural/exit=rr2/window=8/id=e555d874c038,S1,6217,414.0,0.355,-0.0403,-0.119,0.936,318.8,-0.0018,-0.0402,-0.0776,-0.0776,-0.1471,1990,2164,2063,False
S1::side=high/liq_ref=swing/liq_lb=50/confirm=consecutive2/imb=none/stop=structural/exit=rr3/window=4/id=9ebaec2cc7ea,S1,5334,356.0,0.305,-0.0277,-0.1087,0.959,235.7,0.0179,-0.0368,-0.0609,-0.0609,-0.1864,1680,1859,1795,False
S1::side=high/liq_ref=swing/liq_lb=50/confirm=consecutive2/imb=none/stop=structural/exit=rr3/window=8/id=7de27475a55b,S1,6209,414.0,0.304,-0.0414,-0.1206,0.939,313.8,-0.008,-0.0556,-0.0587,-0.0587,-0.201,1985,2163,2061,False
S1::side=high/liq_ref=swing/liq_lb=50/confirm=consecutive2/imb=none/stop=structural/exit=opp_liq/window=4/id=053f73ece497,S1,5329,355.0,0.299,-0.0407,-0.121,0.941,262.5,-0.0249,-0.0248,-0.0719,-0.0719,-0.3549,1678,1857,1794,False
S1::side=high/liq_ref=swing/liq_lb=50/confirm=consecutive2/imb=none/stop=structural/exit=opp_liq/window=8/id=ce1cced5b7d9,S1,6206,414.0,0.301,-0.0479,-0.1265,0.93,342.0,-0.0363,-0.0495,-0.0573,-0.0573,-0.3594,1984,2162,2060,False
S1::side=high/liq_ref=swing/liq_lb=50/confirm=consecutive2/imb=none/stop=structural/exit=time/window=4/id=327d532b17e0,S1,5331,355.0,0.318,-0.0248,-0.1052,0.962,219.5,-0.0112,-0.0266,-0.0357,-0.0357,-0.3377,1680,1858,1793,False
S1::side=high/liq_ref=swing/liq_lb=50/confirm=consecutive2/imb=none/stop=structural/exit=time/window=8/id=9fcdde87d9a0,S1,6208,414.0,0.318,-0.0383,-0.1169,0.94,302.5,-0.0295,-0.0479,-0.0366,-0.0479,-0.3455,1987,2162,2059,False
S1::side=high/liq_ref=swing/liq_lb=50/confirm=consecutive2/imb=fvg/stop=beyond_sweep/exit=rr2/window=4/id=a70ea79e0cbe,S1,838,56.0,0.375,-0.0244,-0.0945,0.958,46.7,0.0292,-0.0039,-0.0913,-0.0913,-0.1287,238,313,287,False
S1::side=high/liq_ref=swing/liq_lb=50/confirm=consecutive2/imb=fvg/stop=beyond_sweep/exit=rr2/window=8/id=5dccc7b69e1d,S1,1132,75.0,0.383,-0.0195,-0.1137,0.966,57.8,0.0518,-0.0319,-0.0702,-0.0702,-0.1245,342,409,381,False
S1::side=high/liq_ref=swing/liq_lb=50/confirm=consecutive2/imb=fvg/stop=beyond_sweep/exit=rr3/window=4/id=a8d0fb9bb255,S1,838,56.0,0.345,0.0091,-0.061,1.015,33.2,0.081,0.0265,-0.0695,-0.0695,-0.1444,238,313,287,False
S1::side=high/liq_ref=swing/liq_lb=50/confirm=consecutive2/imb=fvg/stop=beyond_sweep/exit=rr3/window=8/id=f7bf9bbea30a,S1,1132,75.0,0.352,-0.0019,-0.0997,0.997,57.6,0.0839,0.0014,-0.0825,-0.0825,-0.1577,342,409,381,False
S1::side=high/liq_ref=swing/liq_lb=50/confirm=consecutive2/imb=fvg/stop=beyond_sweep/exit=opp_liq/window=4/id=4d2efc8e0d82,S1,838,56.0,0.405,-0.0125,-0.0826,0.978,34.7,-0.0281,0.0233,-0.0384,-0.0384,-0.2393,238,313,287,False
S1::side=high/liq_ref=swing/liq_lb=50/confirm=consecutive2/imb=fvg/stop=beyond_sweep/exit=opp_liq/window=8/id=0c1812389efc,S1,1132,75.0,0.402,-0.0086,-0.1028,0.985,46.5,-0.04,0.0119,-0.0024,-0.04,-0.2574,342,409,381,False
S1::side=high/liq_ref=swing/liq_lb=50/confirm=consecutive2/imb=fvg/stop=beyond_sweep/exit=time/window=4/id=fa47a685d9ca,S1,838,56.0,0.382,0.0092,-0.0609,1.017,46.9,0.0811,0.0241,-0.0668,-0.0668,-0.234,238,313,287,False
S1::side=high/liq_ref=swing/liq_lb=50/confirm=consecutive2/imb=fvg/stop=beyond_sweep/exit=time/window=8/id=7caa7a69fc1b,S1,1132,75.0,0.384,0.0285,-0.0657,1.051,40.2,0.0683,0.0084,0.0143,0.0084,-0.259,342,409,381,False
S1::side=high/liq_ref=swing/liq_lb=50/confirm=consecutive2/imb=fvg/stop=structural/exit=rr2/window=4/id=b7556bfcc041,S1,838,56.0,0.374,-0.0337,-0.0854,0.941,45.4,-0.0052,-0.0002,-0.0938,-0.0938,-0.1382,238,313,287,False
S1::side=high/liq_ref=swing/liq_lb=50/confirm=consecutive2/imb=fvg/stop=structural/exit=rr2/window=8/id=c91fe5bda7a4,S1,1131,75.0,0.368,-0.0442,-0.096,0.922,75.4,0.0157,-0.0481,-0.0937,-0.0937,-0.1505,342,408,381,False
S1::side=high/liq_ref=swing/liq_lb=50/confirm=consecutive2/imb=fvg/stop=structural/exit=rr3/window=4/id=e4c8878d2211,S1,838,56.0,0.346,0.0035,-0.0482,1.006,30.5,0.0446,0.0335,-0.0634,-0.0634,-0.1503,238,313,287,False
S1::side=high/liq_ref=swing/liq_lb=50/confirm=consecutive2/imb=fvg/stop=structural/exit=rr3/window=8/id=18ad54e5ad06,S1,1131,75.0,0.337,-0.0394,-0.0912,0.934,73.5,0.0187,-0.0554,-0.0744,-0.0744,-0.1973,342,408,381,False
S1::side=high/liq_ref=swing/liq_lb=50/confirm=consecutive2/imb=fvg/stop=structural/exit=opp_liq/window=4/id=e58e24ad248c,S1,838,56.0,0.416,-0.0118,-0.0635,0.978,27.1,-0.0381,0.0438,-0.0505,-0.0505,-0.2157,238,313,287,False
S1::side=high/liq_ref=swing/liq_lb=50/confirm=consecutive2/imb=fvg/stop=structural/exit=opp_liq/window=8/id=4cd6cbf5fb9b,S1,1131,75.0,0.407,-0.0395,-0.0913,0.928,62.3,-0.0375,-0.031,-0.0503,-0.0503,-0.2387,342,408,381,False
S1::side=high/liq_ref=swing/liq_lb=50/confirm=consecutive2/imb=fvg/stop=structural/exit=time/window=4/id=26aa622df96b,S1,838,56.0,0.396,0.0229,-0.0288,1.045,35.7,0.0747,0.0496,-0.0492,-0.0492,-0.1976,238,313,287,False
S1::side=high/liq_ref=swing/liq_lb=50/confirm=consecutive2/imb=fvg/stop=structural/exit=time/window=8/id=ee8123dce15e,S1,1130,75.0,0.394,0.0017,-0.0501,1.003,52.9,0.0607,-0.0153,-0.0331,-0.0331,-0.2192,342,407,381,False
S1::side=high/liq_ref=swing/liq_lb=50/confirm=close_beyond/imb=none/stop=beyond_sweep/exit=rr2/window=8/id=be3c47577d15,S1,263,18.0,0.426,-0.109,-0.1276,0.701,37.9,-0.1219,-0.1798,-0.0306,-0.1798,-0.217,100,77,86,False
S1::side=high/liq_ref=swing/liq_lb=50/confirm=close_beyond/imb=none/stop=beyond_sweep/exit=rr3/window=8/id=63c9f8c723e0,S1,263,18.0,0.426,-0.0855,-0.1041,0.766,37.9,-0.07,-0.1785,-0.0202,-0.1785,-0.2201,100,77,86,False
S1::side=high/liq_ref=swing/liq_lb=50/confirm=close_beyond/imb=none/stop=beyond_sweep/exit=opp_liq/window=8/id=9f8e9b797fa7,S1,267,18.0,0.831,-0.021,-0.0395,0.801,10.3,-0.0227,-0.0259,-0.0147,-0.0259,-0.0412,100,79,88,False
S1::side=high/liq_ref=swing/liq_lb=50/confirm=close_beyond/imb=none/stop=beyond_sweep/exit=time/window=8/id=64a574dd5e4a,S1,263,18.0,0.411,-0.0958,-0.1144,0.7,35.4,-0.1436,-0.1557,0.0134,-0.1557,-0.1907,100,77,86,False
S1::side=high/liq_ref=swing/liq_lb=50/confirm=close_beyond/imb=none/stop=structural/exit=rr2/window=8/id=7988641e78ba,S1,263,18.0,0.43,-0.1028,-0.1208,0.709,36.3,-0.1218,-0.1716,-0.0192,-0.1716,-0.2105,100,77,86,False
S1::side=high/liq_ref=swing/liq_lb=50/confirm=close_beyond/imb=none/stop=structural/exit=rr3/window=8/id=384f4ae3f57c,S1,263,18.0,0.43,-0.0793,-0.0973,0.776,36.3,-0.0699,-0.1703,-0.0089,-0.1703,-0.2132,100,77,86,False
S1::side=high/liq_ref=swing/liq_lb=50/confirm=close_beyond/imb=none/stop=structural/exit=opp_liq/window=8/id=7bff1db1efc9,S1,267,18.0,0.835,-0.0211,-0.0389,0.793,10.9,-0.0246,-0.0349,-0.0047,-0.0349,-0.0391,100,79,88,False
S1::side=high/liq_ref=swing/liq_lb=50/confirm=close_beyond/imb=none/stop=structural/exit=time/window=8/id=2140455ca5a7,S1,263,18.0,0.411,-0.093,-0.111,0.701,34.8,-0.1427,-0.151,0.0166,-0.151,-0.1872,100,77,86,False
S1::side=high/liq_ref=swing/liq_lb=50/confirm=close_beyond/imb=fvg/stop=beyond_sweep/exit=rr2/window=8/id=f3881373eb42,S1,215,14.0,0.433,-0.0873,-0.1056,0.749,27.9,-0.0691,-0.1703,-0.033,-0.1703,-0.1888,80,64,71,False
S1::side=high/liq_ref=swing/liq_lb=50/confirm=close_beyond/imb=fvg/stop=beyond_sweep/exit=rr3/window=8/id=aec396310939,S1,215,14.0,0.433,-0.0636,-0.0819,0.817,28.0,-0.0042,-0.1688,-0.0357,-0.1688,-0.193,80,64,71,False
S1::side=high/liq_ref=swing/liq_lb=50/confirm=close_beyond/imb=fvg/stop=beyond_sweep/exit=opp_liq/window=8/id=ad077a78eb84,S1,216,14.0,0.843,-0.0124,-0.0306,0.871,6.8,-0.0166,0.0008,-0.0197,-0.0197,-0.0315,80,65,71,False
S1::side=high/liq_ref=swing/liq_lb=50/confirm=close_beyond/imb=fvg/stop=beyond_sweep/exit=time/window=8/id=5914e54e4d49,S1,215,14.0,0.419,-0.0719,-0.0902,0.765,26.4,-0.0897,-0.1321,0.0022,-0.1321,-0.1657,80,64,71,False
S1::side=high/liq_ref=swing/liq_lb=50/confirm=close_beyond/imb=fvg/stop=structural/exit=rr2/window=8/id=9c9531649dec,S1,215,14.0,0.437,-0.0792,-0.0967,0.763,26.2,-0.0691,-0.1603,-0.0176,-0.1603,-0.1803,80,64,71,False
S1::side=high/liq_ref=swing/liq_lb=50/confirm=close_beyond/imb=fvg/stop=structural/exit=rr3/window=8/id=68adf3e0acb2,S1,215,14.0,0.437,-0.0555,-0.073,0.834,26.3,-0.0042,-0.1588,-0.0203,-0.1588,-0.1845,80,64,71,False
S1::side=high/liq_ref=swing/liq_lb=50/confirm=close_beyond/imb=fvg/stop=structural/exit=opp_liq/window=8/id=7ffc3eec8f35,S1,216,14.0,0.847,-0.012,-0.0294,0.869,7.3,-0.019,-0.0088,-0.007,-0.019,-0.0289,80,65,71,False
S1::side=high/liq_ref=swing/liq_lb=50/confirm=close_beyond/imb=fvg/stop=structural/exit=time/window=8/id=13885041e616,S1,215,14.0,0.419,-0.068,-0.0855,0.77,25.5,-0.0886,-0.1264,0.0079,-0.1264,-0.1611,80,64,71,False
S1::side=high/liq_ref=swing/liq_lb=50/confirm=displacement/imb=none/stop=beyond_sweep/exit=rr2/window=4/id=8021638c68be,S1,2434,162.0,0.409,0.0305,-0.0727,1.053,49.3,0.0492,0.0239,0.0218,0.0218,-0.0722,705,855,874,False
S1::side=high/liq_ref=swing/liq_lb=50/confirm=displacement/imb=none/stop=beyond_sweep/exit=rr2/window=8/id=c240b7b927af,S1,3180,212.0,0.437,0.064,-0.0483,1.116,44.3,0.1022,0.0454,0.0492,0.0454,-0.0376,965,1102,1113,False
S1::side=high/liq_ref=swing/liq_lb=50/confirm=displacement/imb=none/stop=beyond_sweep/exit=rr3/window=4/id=8891935db8f8,S1,2417,161.0,0.362,0.0134,-0.0916,1.022,62.3,0.0486,-0.0157,0.0135,-0.0157,-0.1421,701,848,868,False
S1::side=high/liq_ref=swing/liq_lb=50/confirm=displacement/imb=none/stop=beyond_sweep/exit=rr3/window=8/id=f9e28c543d5f,S1,3159,211.0,0.396,0.0438,-0.0689,1.074,54.8,0.0814,0.0196,0.0351,0.0196,-0.1102,960,1095,1104,False
S1::side=high/liq_ref=swing/liq_lb=50/confirm=displacement/imb=none/stop=beyond_sweep/exit=opp_liq/window=4/id=a9027034f199,S1,2410,161.0,0.388,0.1346,0.0162,1.221,52.2,0.0096,0.0339,0.3327,0.0096,-0.2619,699,842,869,False
S1::side=high/liq_ref=swing/liq_lb=50/confirm=displacement/imb=none/stop=beyond_sweep/exit=opp_liq/window=8/id=d5a8928a17d9,S1,3147,210.0,0.422,0.1462,0.0243,1.253,72.8,0.0396,0.0606,0.3231,0.0396,-0.2314,955,1089,1103,False
S1::side=high/liq_ref=swing/liq_lb=50/confirm=displacement/imb=none/stop=beyond_sweep/exit=time/window=4/id=d72e48c1537e,S1,2404,160.0,0.368,0.0683,-0.0624,1.113,114.8,-0.071,-0.0063,0.2538,-0.071,-0.2931,700,840,864,False
S1::side=high/liq_ref=swing/liq_lb=50/confirm=displacement/imb=none/stop=beyond_sweep/exit=time/window=8/id=7bacdeb76994,S1,3136,209.0,0.397,0.0868,-0.0522,1.146,111.3,-0.0337,0.0395,0.2388,-0.0337,-0.269,955,1086,1095,False
S1::side=high/liq_ref=swing/liq_lb=50/confirm=displacement/imb=none/stop=structural/exit=rr2/window=4/id=6478c5b08542,S1,2370,158.0,0.372,-0.0104,-0.0712,0.983,87.4,0.0322,-0.0182,-0.0373,-0.0373,-0.1155,689,830,851,False
S1::side=high/liq_ref=swing/liq_lb=50/confirm=displacement/imb=none/stop=structural/exit=rr2/window=8/id=28d5eedd1f75,S1,3055,204.0,0.377,-0.0052,-0.0639,0.991,111.3,0.053,-0.0143,-0.047,-0.047,-0.1101,929,1060,1066,False
S1::side=high/liq_ref=swing/liq_lb=50/confirm=displacement/imb=none/stop=structural/exit=rr3/window=4/id=a33064d96ec4,S1,2355,157.0,0.33,-0.0203,-0.0813,0.968,110.4,0.0476,-0.0458,-0.0509,-0.0509,-0.1778,688,823,844,False
S1::side=high/liq_ref=swing/liq_lb=50/confirm=displacement/imb=none/stop=structural/exit=rr3/window=8/id=bf2f567dccbf,S1,3029,202.0,0.335,-0.0198,-0.0787,0.969,138.4,0.0412,-0.0397,-0.0533,-0.0533,-0.1778,923,1052,1054,False
S1::side=high/liq_ref=swing/liq_lb=50/confirm=displacement/imb=none/stop=structural/exit=opp_liq/window=4/id=0471945b0fd6,S1,2354,157.0,0.368,-0.0113,-0.0722,0.982,61.9,0.0004,-0.0016,-0.0301,-0.0301,-0.2671,685,821,848,False
S1::side=high/liq_ref=swing/liq_lb=50/confirm=displacement/imb=none/stop=structural/exit=opp_liq/window=8/id=75dc6b87bcab,S1,3032,202.0,0.377,-0.0159,-0.0748,0.974,84.7,-0.0208,-0.0012,-0.0263,-0.0263,-0.2659,920,1050,1062,False
S1::side=high/liq_ref=swing/liq_lb=50/confirm=displacement/imb=none/stop=structural/exit=time/window=4/id=d69922292b7c,S1,2347,156.0,0.354,-0.0328,-0.0939,0.945,116.9,-0.0696,-0.008,-0.0271,-0.0696,-0.2972,686,819,842,False
S1::side=high/liq_ref=swing/liq_lb=50/confirm=displacement/imb=none/stop=structural/exit=time/window=8/id=80e438a88412,S1,3017,201.0,0.36,-0.0194,-0.0785,0.967,94.7,-0.0431,0.0162,-0.0342,-0.0431,-0.2834,920,1046,1051,False
S1::side=high/liq_ref=swing/liq_lb=50/confirm=displacement/imb=fvg/stop=beyond_sweep/exit=rr2/window=4/id=99244bbf66f6,S1,333,22.0,0.408,-0.0157,-0.0575,0.97,19.4,0.0477,-0.0218,-0.0553,-0.0553,-0.1172,84,135,114,False
S1::side=high/liq_ref=swing/liq_lb=50/confirm=displacement/imb=fvg/stop=beyond_sweep/exit=rr2/window=8/id=41f972300f06,S1,667,44.0,0.394,-0.0333,-0.0932,0.94,50.5,-0.0453,0.0406,-0.0972,-0.0972,-0.1389,205,232,230,False
S1::side=high/liq_ref=swing/liq_lb=50/confirm=displacement/imb=fvg/stop=beyond_sweep/exit=rr3/window=4/id=3a0c7190d972,S1,332,22.0,0.386,-0.0363,-0.0781,0.933,30.8,0.0664,-0.034,-0.1146,-0.1146,-0.1896,84,134,114,False
S1::side=high/liq_ref=swing/liq_lb=50/confirm=displacement/imb=fvg/stop=beyond_sweep/exit=rr3/window=8/id=f021006a6f8f,S1,667,44.0,0.369,-0.052,-0.1119,0.91,63.2,-0.0461,0.0328,-0.1428,-0.1428,-0.2104,205,232,230,False
S1::side=high/liq_ref=swing/liq_lb=50/confirm=displacement/imb=fvg/stop=beyond_sweep/exit=opp_liq/window=4/id=01aa2e774c80,S1,332,22.0,0.5,-0.0766,-0.1184,0.831,30.2,-0.1369,-0.0288,-0.0884,-0.1369,-0.216,84,134,114,False
S1::side=high/liq_ref=swing/liq_lb=50/confirm=displacement/imb=fvg/stop=beyond_sweep/exit=opp_liq/window=8/id=6d87b7e06611,S1,667,44.0,0.471,-0.0659,-0.1258,0.869,59.5,-0.2301,-0.0198,0.0338,-0.2301,-0.2603,205,232,230,False
S1::side=high/liq_ref=swing/liq_lb=50/confirm=displacement/imb=fvg/stop=beyond_sweep/exit=time/window=4/id=5cff77a5efbf,S1,332,22.0,0.416,-0.0184,-0.0602,0.961,18.2,0.0268,0.0339,-0.1132,-0.1132,-0.1845,84,134,114,False
S1::side=high/liq_ref=swing/liq_lb=50/confirm=displacement/imb=fvg/stop=beyond_sweep/exit=time/window=8/id=7c9d7e47539a,S1,667,44.0,0.388,-0.0482,-0.1081,0.908,52.7,-0.1096,0.0414,-0.0839,-0.1096,-0.2561,205,232,230,False
S1::side=high/liq_ref=swing/liq_lb=50/confirm=displacement/imb=fvg/stop=structural/exit=rr2/window=4/id=2a3c013ee00d,S1,331,22.0,0.411,-0.0185,-0.0563,0.964,16.3,0.0002,-0.0208,-0.0296,-0.0296,-0.1208,84,133,114,False
S1::side=high/liq_ref=swing/liq_lb=50/confirm=displacement/imb=fvg/stop=structural/exit=rr2/window=8/id=524fae8d58ac,S1,665,44.0,0.398,-0.0347,-0.076,0.935,38.6,-0.0381,0.0133,-0.0796,-0.0796,-0.1407,205,230,230,False
S1::side=high/liq_ref=swing/liq_lb=50/confirm=displacement/imb=fvg/stop=structural/exit=rr3/window=4/id=358ed7a7d797,S1,331,22.0,0.393,-0.0265,-0.0643,0.95,26.8,0.0575,-0.0189,-0.0973,-0.0973,-0.1798,84,133,114,False
S1::side=high/liq_ref=swing/liq_lb=50/confirm=displacement/imb=fvg/stop=structural/exit=rr3/window=8/id=58fa61ec43c8,S1,665,44.0,0.376,-0.0474,-0.0887,0.915,45.5,-0.043,0.0131,-0.1119,-0.1119,-0.2061,205,230,230,False
S1::side=high/liq_ref=swing/liq_lb=50/confirm=displacement/imb=fvg/stop=structural/exit=opp_liq/window=4/id=3b1ca17ab051,S1,331,22.0,0.508,-0.0666,-0.1044,0.85,26.8,-0.1406,-0.0122,-0.0755,-0.1406,-0.2009,84,133,114,False
S1::side=high/liq_ref=swing/liq_lb=50/confirm=displacement/imb=fvg/stop=structural/exit=opp_liq/window=8/id=3eef876b8216,S1,665,44.0,0.489,-0.044,-0.0853,0.907,49.9,-0.1741,-0.0112,0.0392,-0.1741,-0.2221,205,230,230,False
S1::side=high/liq_ref=swing/liq_lb=50/confirm=displacement/imb=fvg/stop=structural/exit=time/window=4/id=8eac90b837ba,S1,331,22.0,0.426,-0.0053,-0.0431,0.989,15.5,0.025,0.0519,-0.0943,-0.0943,-0.1706,84,133,114,False
S1::side=high/liq_ref=swing/liq_lb=50/confirm=displacement/imb=fvg/stop=structural/exit=time/window=8/id=2bc8bbd0c2da,S1,665,44.0,0.406,-0.0148,-0.0561,0.97,33.5,-0.0605,0.0809,-0.0696,-0.0696,-0.2162,205,230,230,False
S1::side=high/liq_ref=session/liq_lb=20/confirm=consecutive2/imb=none/stop=beyond_sweep/exit=rr2/window=4/id=08402a06a891,S1,11088,739.0,0.375,-0.0105,-0.1447,0.984,298.0,0.0326,-0.0082,-0.0589,-0.0589,-0.1159,3788,3757,3543,False
S1::side=high/liq_ref=session/liq_lb=20/confirm=consecutive2/imb=none/stop=beyond_sweep/exit=rr2/window=8/id=9d573232b67b,S1,12835,855.0,0.431,0.0591,-0.0954,1.101,66.1,0.0734,0.0678,0.0342,0.0342,-0.0426,4412,4366,4057,False
S1::side=high/liq_ref=session/liq_lb=20/confirm=consecutive2/imb=none/stop=beyond_sweep/exit=rr3/window=4/id=bcac8181abce,S1,10568,704.0,0.322,0.005,-0.1282,1.007,267.4,0.0679,-0.0202,-0.0356,-0.0356,-0.1522,3614,3564,3390,False
S1::side=high/liq_ref=session/liq_lb=20/confirm=consecutive2/imb=none/stop=beyond_sweep/exit=rr3/window=8/id=2d5419e5aa33,S1,12325,821.0,0.386,0.0799,-0.0739,1.127,55.7,0.1067,0.0816,0.0492,0.0492,-0.0734,4250,4160,3915,False
S1::side=high/liq_ref=session/liq_lb=20/confirm=consecutive2/imb=none/stop=beyond_sweep/exit=opp_liq/window=4/id=0831c98b0277,S1,11859,790.0,0.497,-0.0284,-0.1687,0.944,419.1,-0.0294,-0.0277,-0.0282,-0.0294,-0.2537,4042,4014,3803,False
S1::side=high/liq_ref=session/liq_lb=20/confirm=consecutive2/imb=none/stop=beyond_sweep/exit=opp_liq/window=8/id=b4a7867a4592,S1,13804,920.0,0.541,0.064,-0.1003,1.137,59.0,0.0484,0.0825,0.0612,0.0484,-0.166,4739,4669,4396,False
S1::side=high/liq_ref=session/liq_lb=20/confirm=consecutive2/imb=none/stop=beyond_sweep/exit=time/window=4/id=bf9a484ed9f9,S1,11574,771.0,0.297,0.012,-0.1359,1.017,263.3,0.001,-0.0285,0.066,-0.0285,-0.4038,3951,3899,3724,False
S1::side=high/liq_ref=session/liq_lb=20/confirm=consecutive2/imb=none/stop=beyond_sweep/exit=time/window=8/id=553329f9c7c3,S1,13421,895.0,0.358,0.1241,-0.0549,1.192,91.8,0.1118,0.1315,0.1296,0.1118,-0.312,4621,4512,4288,False
S1::side=high/liq_ref=session/liq_lb=20/confirm=consecutive2/imb=none/stop=structural/exit=rr2/window=4/id=39601e7372a5,S1,9557,637.0,0.365,-0.0214,-0.0999,0.965,352.9,0.0279,-0.0247,-0.0701,-0.0701,-0.1276,3261,3212,3084,False
S1::side=high/liq_ref=session/liq_lb=20/confirm=consecutive2/imb=none/stop=structural/exit=rr2/window=8/id=87cdde0c9b5c,S1,10655,710.0,0.363,-0.0282,-0.1056,0.954,409.7,0.0129,-0.0275,-0.0735,-0.0735,-0.1348,3661,3610,3384,False
S1::side=high/liq_ref=session/liq_lb=20/confirm=consecutive2/imb=none/stop=structural/exit=rr3/window=4/id=9bc2aa9f8013,S1,9164,611.0,0.317,-0.0028,-0.0823,0.996,285.6,0.0586,-0.024,-0.0453,-0.0453,-0.1606,3115,3087,2962,False
S1::side=high/liq_ref=session/liq_lb=20/confirm=consecutive2/imb=none/stop=structural/exit=rr3/window=8/id=a8d78fd7b22e,S1,10199,680.0,0.316,-0.013,-0.0916,0.98,343.7,0.0356,-0.0264,-0.051,-0.051,-0.1711,3492,3458,3249,False
S1::side=high/liq_ref=session/liq_lb=20/confirm=consecutive2/imb=none/stop=structural/exit=opp_liq/window=4/id=f5459d2b37e0,S1,11057,737.0,0.536,-0.0416,-0.1223,0.907,503.9,-0.029,-0.0357,-0.061,-0.061,-0.2288,3762,3735,3560,False
S1::side=high/liq_ref=session/liq_lb=20/confirm=consecutive2/imb=none/stop=structural/exit=opp_liq/window=8/id=204bca1e9808,S1,12435,829.0,0.531,-0.0427,-0.1221,0.905,578.3,-0.0268,-0.0453,-0.0568,-0.0568,-0.2301,4258,4219,3958,False
S1::side=high/liq_ref=session/liq_lb=20/confirm=consecutive2/imb=none/stop=structural/exit=time/window=4/id=df72e95e3a86,S1,10588,706.0,0.321,-0.011,-0.0945,0.983,354.8,0.0257,-0.0267,-0.0334,-0.0334,-0.3348,3606,3549,3433,False
S1::side=high/liq_ref=session/liq_lb=20/confirm=consecutive2/imb=none/stop=structural/exit=time/window=8/id=4b20e3f84b2a,S1,12011,801.0,0.322,-0.0093,-0.092,0.985,397.5,0.034,-0.0334,-0.0306,-0.0334,-0.3318,4133,4025,3853,False
S1::side=high/liq_ref=session/liq_lb=20/confirm=consecutive2/imb=fvg/stop=beyond_sweep/exit=rr2/window=4/id=bf8710218cee,S1,2042,136.0,0.358,-0.0428,-0.1222,0.93,117.4,-0.0058,-0.0321,-0.0922,-0.0922,-0.1501,671,713,658,False
S1::side=high/liq_ref=session/liq_lb=20/confirm=consecutive2/imb=fvg/stop=beyond_sweep/exit=rr2/window=8/id=da30ed7a31df,S1,2682,179.0,0.38,-0.0073,-0.1113,0.988,93.8,0.02,-0.0262,-0.0154,-0.0262,-0.1127,898,925,859,False
S1::side=high/liq_ref=session/liq_lb=20/confirm=consecutive2/imb=fvg/stop=beyond_sweep/exit=rr3/window=4/id=9712c8f925a4,S1,2012,134.0,0.318,-0.0227,-0.1021,0.965,93.9,0.0332,-0.0119,-0.0914,-0.0914,-0.1808,662,701,649,False
S1::side=high/liq_ref=session/liq_lb=20/confirm=consecutive2/imb=fvg/stop=beyond_sweep/exit=rr3/window=8/id=a69a712e7e89,S1,2643,176.0,0.342,0.0219,-0.0859,1.035,57.6,0.0639,0.0125,-0.0119,-0.0119,-0.1348,883,913,847,False
S1::side=high/liq_ref=session/liq_lb=20/confirm=consecutive2/imb=fvg/stop=beyond_sweep/exit=opp_liq/window=4/id=1c374bc6ebb3,S1,2114,141.0,0.622,-0.0603,-0.1398,0.824,130.7,-0.0855,-0.049,-0.0469,-0.0855,-0.1797,692,739,683,False
S1::side=high/liq_ref=session/liq_lb=20/confirm=consecutive2/imb=fvg/stop=beyond_sweep/exit=opp_liq/window=8/id=cca6f650f0aa,S1,2785,186.0,0.614,0.0213,-0.0985,1.059,101.0,0.0395,0.0085,0.0161,0.0085,-0.1629,932,956,897,False
S1::side=high/liq_ref=session/liq_lb=20/confirm=consecutive2/imb=fvg/stop=beyond_sweep/exit=time/window=4/id=2e0f9ba1e6eb,S1,2100,140.0,0.338,-0.0265,-0.1065,0.956,104.7,0.0034,-0.0218,-0.0615,-0.0615,-0.3014,684,734,682,False
S1::side=high/liq_ref=session/liq_lb=20/confirm=consecutive2/imb=fvg/stop=beyond_sweep/exit=time/window=8/id=20ac5f4aa115,S1,2760,184.0,0.349,0.1082,-0.0174,1.179,95.3,0.1895,0.0536,0.0829,0.0536,-0.3033,917,948,895,False
S1::side=high/liq_ref=session/liq_lb=20/confirm=consecutive2/imb=fvg/stop=structural/exit=rr2/window=4/id=731fa5686477,S1,1992,133.0,0.37,-0.0445,-0.0978,0.923,110.5,-0.0267,-0.021,-0.0876,-0.0876,-0.1519,659,686,647,False
S1::side=high/liq_ref=session/liq_lb=20/confirm=consecutive2/imb=fvg/stop=structural/exit=rr2/window=8/id=0bc18d8c8c45,S1,2569,171.0,0.376,-0.027,-0.0809,0.952,102.3,0.0046,-0.0218,-0.0659,-0.0659,-0.134,868,877,824,False
S1::side=high/liq_ref=session/liq_lb=20/confirm=consecutive2/imb=fvg/stop=structural/exit=rr3/window=4/id=45daa759b2c0,S1,1967,131.0,0.342,-0.016,-0.0693,0.973,82.9,0.0217,0.0014,-0.0727,-0.0727,-0.1741,652,676,639,False
S1::side=high/liq_ref=session/liq_lb=20/confirm=consecutive2/imb=fvg/stop=structural/exit=rr3/window=8/id=9072504ad508,S1,2529,169.0,0.344,-0.0139,-0.0679,0.977,110.3,0.0425,-0.0282,-0.0581,-0.0581,-0.1718,855,860,814,False
S1::side=high/liq_ref=session/liq_lb=20/confirm=consecutive2/imb=fvg/stop=structural/exit=opp_liq/window=4/id=67d7610ce6ee,S1,2094,140.0,0.66,-0.0425,-0.0958,0.857,90.9,-0.0641,-0.023,-0.0415,-0.0641,-0.1531,686,731,677,False
S1::side=high/liq_ref=session/liq_lb=20/confirm=consecutive2/imb=fvg/stop=structural/exit=opp_liq/window=8/id=3f385a49f822,S1,2737,182.0,0.654,-0.0347,-0.0885,0.886,98.9,-0.0414,-0.0222,-0.0409,-0.0414,-0.1477,920,936,881,False
S1::side=high/liq_ref=session/liq_lb=20/confirm=consecutive2/imb=fvg/stop=structural/exit=time/window=4/id=d8239aacc214,S1,2075,138.0,0.374,-0.0192,-0.073,0.963,87.4,-0.0296,-0.0042,-0.0248,-0.0296,-0.2435,679,721,675,False
S1::side=high/liq_ref=session/liq_lb=20/confirm=consecutive2/imb=fvg/stop=structural/exit=time/window=8/id=4a263f332371,S1,2709,181.0,0.382,-0.0059,-0.0605,0.989,90.3,-0.0049,-0.0192,0.007,-0.0192,-0.2351,904,924,881,False
S1::side=high/liq_ref=session/liq_lb=20/confirm=close_beyond/imb=none/stop=beyond_sweep/exit=rr2/window=4/id=f8db8ae20017,S1,3575,238.0,0.363,-0.0295,-0.1038,0.952,168.6,-0.0326,-0.0391,-0.0166,-0.0391,-0.1359,1244,1169,1162,False
S1::side=high/liq_ref=session/liq_lb=20/confirm=close_beyond/imb=none/stop=beyond_sweep/exit=rr2/window=8/id=c555f0ee1119,S1,4843,323.0,0.378,-0.0195,-0.1023,0.967,122.9,-0.0143,-0.0105,-0.0348,-0.0348,-0.1257,1719,1589,1535,False
S1::side=high/liq_ref=session/liq_lb=20/confirm=close_beyond/imb=none/stop=beyond_sweep/exit=rr3/window=4/id=9eca30a79ffa,S1,3487,232.0,0.314,-0.0372,-0.1115,0.943,231.9,-0.016,-0.0745,-0.0224,-0.0745,-0.1965,1219,1138,1130,False
S1::side=high/liq_ref=session/liq_lb=20/confirm=close_beyond/imb=none/stop=beyond_sweep/exit=rr3/window=8/id=7ed4cceb1a22,S1,4707,314.0,0.332,-0.0273,-0.1094,0.957,182.4,-0.015,-0.0231,-0.0454,-0.0454,-0.1861,1677,1546,1484,False
S1::side=high/liq_ref=session/liq_lb=20/confirm=close_beyond/imb=none/stop=beyond_sweep/exit=opp_liq/window=4/id=281e43b4f275,S1,4037,269.0,0.736,-0.0473,-0.1211,0.708,204.2,-0.0605,-0.0597,-0.0214,-0.0605,-0.083,1378,1322,1337,False
S1::side=high/liq_ref=session/liq_lb=20/confirm=close_beyond/imb=none/stop=beyond_sweep/exit=opp_liq/window=8/id=6cb5591a79d0,S1,5623,375.0,0.733,-0.04,-0.1269,0.773,233.9,-0.0585,-0.0408,-0.0188,-0.0585,-0.0927,1982,1835,1806,False
S1::side=high/liq_ref=session/liq_lb=20/confirm=close_beyond/imb=none/stop=beyond_sweep/exit=time/window=4/id=4bcd2498cadc,S1,3792,253.0,0.336,-0.0172,-0.0925,0.971,189.4,-0.0088,-0.0703,0.0269,-0.0703,-0.3028,1309,1240,1243,False
S1::side=high/liq_ref=session/liq_lb=20/confirm=close_beyond/imb=none/stop=beyond_sweep/exit=time/window=8/id=be132d2fa5c5,S1,5180,345.0,0.347,0.0077,-0.0758,1.013,113.6,-0.0322,0.0169,0.0426,-0.0322,-0.299,1831,1701,1648,False
S1::side=high/liq_ref=session/liq_lb=20/confirm=close_beyond/imb=none/stop=structural/exit=rr2/window=4/id=5c826eb8c54b,S1,3359,224.0,0.385,-0.0033,-0.0521,0.994,88.0,0.0162,-0.0477,0.0208,-0.0477,-0.1087,1173,1105,1081,False
S1::side=high/liq_ref=session/liq_lb=20/confirm=close_beyond/imb=none/stop=structural/exit=rr2/window=8/id=cc8ebbc90a4c,S1,4426,295.0,0.386,-0.021,-0.068,0.962,162.4,0.006,-0.0455,-0.0258,-0.0455,-0.1276,1572,1468,1386,False
S1::side=high/liq_ref=session/liq_lb=20/confirm=close_beyond/imb=none/stop=structural/exit=rr3/window=4/id=68694865da66,S1,3285,219.0,0.351,-0.006,-0.055,0.99,123.8,0.0377,-0.0585,0.0002,-0.0585,-0.164,1147,1081,1057,False
S1::side=high/liq_ref=session/liq_lb=20/confirm=close_beyond/imb=none/stop=structural/exit=rr3/window=8/id=efe6bb96d2bf,S1,4310,287.0,0.355,-0.014,-0.0611,0.976,155.0,0.0218,-0.0369,-0.0303,-0.0369,-0.1722,1532,1429,1349,False
S1::side=high/liq_ref=session/liq_lb=20/confirm=close_beyond/imb=none/stop=structural/exit=opp_liq/window=4/id=c44465817406,S1,4025,268.0,0.77,-0.0311,-0.0798,0.737,135.2,-0.0397,-0.0407,-0.0128,-0.0407,-0.0555,1373,1317,1335,False
S1::side=high/liq_ref=session/liq_lb=20/confirm=close_beyond/imb=none/stop=structural/exit=opp_liq/window=8/id=7bae4e9377fa,S1,5594,373.0,0.772,-0.0353,-0.0823,0.704,202.0,-0.0402,-0.0419,-0.0232,-0.0419,-0.0591,1967,1824,1803,False
S1::side=high/liq_ref=session/liq_lb=20/confirm=close_beyond/imb=none/stop=structural/exit=time/window=4/id=b08bfbc6c6ea,S1,3678,245.0,0.388,-0.0077,-0.0578,0.985,120.6,-0.0001,-0.055,0.032,-0.055,-0.2276,1273,1208,1197,False
S1::side=high/liq_ref=session/liq_lb=20/confirm=close_beyond/imb=none/stop=structural/exit=time/window=8/id=7d5695153a9c,S1,4959,331.0,0.389,-0.02,-0.0687,0.96,163.9,-0.0206,-0.0275,-0.0116,-0.0275,-0.2315,1756,1639,1564,False
S1::side=high/liq_ref=session/liq_lb=20/confirm=close_beyond/imb=fvg/stop=beyond_sweep/exit=rr2/window=4/id=9487b2e08bb1,S1,1218,81.0,0.383,0.0037,-0.0494,1.007,73.2,0.0821,-0.1072,0.0406,-0.1072,-0.0995,405,418,395,False
S1::side=high/liq_ref=session/liq_lb=20/confirm=close_beyond/imb=fvg/stop=beyond_sweep/exit=rr2/window=8/id=cb96a1b5aacf,S1,2163,144.0,0.378,-0.0258,-0.0838,0.955,104.6,-0.0027,-0.0727,-0.0024,-0.0727,-0.1321,769,717,677,False
S1::side=high/liq_ref=session/liq_lb=20/confirm=close_beyond/imb=fvg/stop=beyond_sweep/exit=rr3/window=4/id=19d661e8c90a,S1,1209,81.0,0.347,0.0076,-0.0454,1.013,75.0,0.0953,-0.0955,0.0273,-0.0955,-0.1489,402,416,391,False
S1::side=high/liq_ref=session/liq_lb=20/confirm=close_beyond/imb=fvg/stop=beyond_sweep/exit=rr3/window=8/id=6cf80e6e74ca,S1,2133,142.0,0.338,-0.0424,-0.1009,0.93,129.3,-0.0349,-0.0381,-0.0556,-0.0556,-0.2015,761,710,662,False
S1::side=high/liq_ref=session/liq_lb=20/confirm=close_beyond/imb=fvg/stop=beyond_sweep/exit=opp_liq/window=4/id=557ff054cbe6,S1,1287,86.0,0.776,-0.0138,-0.0672,0.888,31.7,-0.0145,-0.0437,0.0184,-0.0437,-0.0414,424,442,421,False
S1::side=high/liq_ref=session/liq_lb=20/confirm=close_beyond/imb=fvg/stop=beyond_sweep/exit=opp_liq/window=8/id=6ab0b21bbc85,S1,2320,155.0,0.76,-0.0322,-0.0938,0.776,83.9,-0.0598,-0.0303,-0.0032,-0.0598,-0.0691,819,767,734,False
S1::side=high/liq_ref=session/liq_lb=20/confirm=close_beyond/imb=fvg/stop=beyond_sweep/exit=time/window=4/id=7902dc290dab,S1,1265,84.0,0.381,0.0326,-0.0212,1.063,55.7,0.0985,-0.0304,0.033,-0.0304,-0.2088,415,437,413,False
S1::side=high/liq_ref=session/liq_lb=20/confirm=close_beyond/imb=fvg/stop=beyond_sweep/exit=time/window=8/id=2a7c249a38e0,S1,2254,150.0,0.367,-0.0058,-0.0509,0.989,86.3,-0.0205,0.0367,-0.034,-0.034,-0.2588,795,749,710,False
S1::side=high/liq_ref=session/liq_lb=20/confirm=close_beyond/imb=fvg/stop=structural/exit=rr2/window=4/id=b97e295d065f,S1,1197,80.0,0.399,0.0129,-0.0271,1.026,56.7,0.101,-0.0791,0.0194,-0.0791,-0.0912,400,410,387,False
S1::side=high/liq_ref=session/liq_lb=20/confirm=close_beyond/imb=fvg/stop=structural/exit=rr2/window=8/id=e00f643c775f,S1,2095,140.0,0.392,-0.0278,-0.067,0.947,111.2,0.0309,-0.058,-0.0632,-0.0632,-0.1342,749,694,652,False
S1::side=high/liq_ref=session/liq_lb=20/confirm=close_beyond/imb=fvg/stop=structural/exit=rr3/window=4/id=8ab46badd209,S1,1190,79.0,0.379,0.0154,-0.0246,1.03,65.6,0.1197,-0.0973,0.0276,-0.0973,-0.1409,396,408,386,False
S1::side=high/liq_ref=session/liq_lb=20/confirm=close_beyond/imb=fvg/stop=structural/exit=rr3/window=8/id=edd911752bf1,S1,2072,138.0,0.372,-0.0153,-0.0544,0.972,107.5,0.0523,-0.0417,-0.0649,-0.0649,-0.1732,741,687,644,False
S1::side=high/liq_ref=session/liq_lb=20/confirm=close_beyond/imb=fvg/stop=structural/exit=opp_liq/window=4/id=4fd80c5bcba0,S1,1286,86.0,0.795,-0.0134,-0.0536,0.868,26.5,-0.0172,-0.0305,0.0085,-0.0305,-0.0345,423,442,421,False
S1::side=high/liq_ref=session/liq_lb=20/confirm=close_beyond/imb=fvg/stop=structural/exit=opp_liq/window=8/id=9b8c66619d38,S1,2314,154.0,0.789,-0.0248,-0.064,0.764,59.8,-0.0338,-0.0271,-0.0123,-0.0338,-0.0452,816,765,733,False
S1::side=high/liq_ref=session/liq_lb=20/confirm=close_beyond/imb=fvg/stop=structural/exit=time/window=4/id=e5d5f7ab717a,S1,1256,84.0,0.414,0.0199,-0.0208,1.046,49.9,0.0814,-0.0363,0.0176,-0.0363,-0.1664,412,434,410,False
S1::side=high/liq_ref=session/liq_lb=20/confirm=close_beyond/imb=fvg/stop=structural/exit=time/window=8/id=8c2116568521,S1,2228,148.0,0.407,-0.0151,-0.0549,0.967,90.9,0.0135,-0.0242,-0.0375,-0.0375,-0.1991,786,742,700,False
S1::side=high/liq_ref=session/liq_lb=20/confirm=displacement/imb=none/stop=beyond_sweep/exit=rr2/window=4/id=cd3ae527abfa,S1,5487,366.0,0.399,0.0103,-0.1097,1.017,86.6,0.0111,-0.0083,0.0273,-0.0083,-0.094,1809,1789,1889,False
S1::side=high/liq_ref=session/liq_lb=20/confirm=displacement/imb=none/stop=beyond_sweep/exit=rr2/window=8/id=de6284301db1,S1,7138,476.0,0.433,0.0601,-0.0675,1.106,69.0,0.0796,0.0277,0.0721,0.0277,-0.0414,2428,2329,2381,False
S1::side=high/liq_ref=session/liq_lb=20/confirm=displacement/imb=none/stop=beyond_sweep/exit=rr3/window=4/id=bdc33b61d174,S1,5304,354.0,0.354,0.0153,-0.1036,1.024,116.2,0.0343,-0.0277,0.0373,-0.0277,-0.1415,1762,1716,1826,False
S1::side=high/liq_ref=session/liq_lb=20/confirm=displacement/imb=none/stop=beyond_sweep/exit=rr3/window=8/id=3f393c5cff5d,S1,6868,458.0,0.393,0.0618,-0.0649,1.102,84.0,0.0894,0.0157,0.0782,0.0157,-0.0923,2334,2222,2312,False
S1::side=high/liq_ref=session/liq_lb=20/confirm=displacement/imb=none/stop=beyond_sweep/exit=opp_liq/window=4/id=17e167b972ad,S1,5970,398.0,0.607,0.0222,-0.103,1.058,147.8,-0.0076,-0.0229,0.0928,-0.0229,-0.1606,1964,1940,2066,False
S1::side=high/liq_ref=session/liq_lb=20/confirm=displacement/imb=none/stop=beyond_sweep/exit=opp_liq/window=8/id=d64ea43feeca,S1,7869,524.0,0.632,0.0669,-0.0642,1.186,84.9,0.0337,0.0218,0.1444,0.0218,-0.1084,2675,2560,2634,False
S1::side=high/liq_ref=session/liq_lb=20/confirm=displacement/imb=none/stop=beyond_sweep/exit=time/window=4/id=149cb7ebfcf3,S1,5643,376.0,0.352,0.0589,-0.0867,1.093,158.2,-0.008,0.0035,0.1747,-0.008,-0.3155,1854,1837,1952,False
S1::side=high/liq_ref=session/liq_lb=20/confirm=displacement/imb=none/stop=beyond_sweep/exit=time/window=8/id=1f9ca493eb0b,S1,7396,493.0,0.383,0.0971,-0.0572,1.161,94.9,0.0596,0.0255,0.2046,0.0255,-0.2653,2508,2411,2477,False
S1::side=high/liq_ref=session/liq_lb=20/confirm=displacement/imb=none/stop=structural/exit=rr2/window=4/id=2ef81bf57fc0,S1,5002,333.0,0.365,-0.029,-0.0918,0.952,246.9,0.0119,-0.0507,-0.0472,-0.0507,-0.136,1639,1646,1717,False
S1::side=high/liq_ref=session/liq_lb=20/confirm=displacement/imb=none/stop=structural/exit=rr2/window=8/id=549310d627be,S1,6322,421.0,0.367,-0.0248,-0.0862,0.958,279.1,0.0271,-0.0417,-0.061,-0.061,-0.1316,2140,2082,2100,False
S1::side=high/liq_ref=session/liq_lb=20/confirm=displacement/imb=none/stop=structural/exit=rr3/window=4/id=544b3611d3b2,S1,4824,322.0,0.323,-0.029,-0.0923,0.955,223.2,0.0238,-0.0524,-0.0574,-0.0574,-0.1881,1590,1586,1648,False
S1::side=high/liq_ref=session/liq_lb=20/confirm=displacement/imb=none/stop=structural/exit=rr3/window=8/id=67732234eb6f,S1,6038,402.0,0.325,-0.0247,-0.0866,0.961,250.6,0.0272,-0.0473,-0.0553,-0.0553,-0.1831,2051,1985,2002,False
S1::side=high/liq_ref=session/liq_lb=20/confirm=displacement/imb=none/stop=structural/exit=opp_liq/window=4/id=cfeb371fc8f9,S1,5762,384.0,0.624,-0.0378,-0.1001,0.891,245.6,-0.0264,-0.0572,-0.0303,-0.0572,-0.1706,1891,1884,1987,False
S1::side=high/liq_ref=session/liq_lb=20/confirm=displacement/imb=none/stop=structural/exit=opp_liq/window=8/id=f5c01d3b8b98,S1,7487,499.0,0.628,-0.0375,-0.0986,0.89,292.1,-0.0209,-0.0613,-0.0311,-0.0613,-0.1689,2538,2451,2498,False
S1::side=high/liq_ref=session/liq_lb=20/confirm=displacement/imb=none/stop=structural/exit=time/window=4/id=205472f1be3a,S1,5301,353.0,0.351,-0.0163,-0.0805,0.972,189.6,0.0053,-0.0182,-0.0349,-0.0349,-0.2984,1738,1732,1831,False
S1::side=high/liq_ref=session/liq_lb=20/confirm=displacement/imb=none/stop=structural/exit=time/window=8/id=a2ee230562f3,S1,6805,454.0,0.35,-0.0218,-0.0854,0.963,237.1,0.007,-0.0192,-0.0536,-0.0536,-0.2909,2306,2227,2272,False
S1::side=high/liq_ref=session/liq_lb=20/confirm=displacement/imb=fvg/stop=beyond_sweep/exit=rr2/window=4/id=d14d996af72a,S1,950,63.0,0.382,-0.0177,-0.0681,0.968,58.8,0.0375,-0.0513,-0.0357,-0.0513,-0.1226,304,333,313,False
S1::side=high/liq_ref=session/liq_lb=20/confirm=displacement/imb=fvg/stop=beyond_sweep/exit=rr2/window=8/id=78c647c09541,S1,1893,126.0,0.388,0.0058,-0.0689,1.01,53.7,0.0093,0.0465,-0.0385,-0.0385,-0.0982,663,613,617,False
S1::side=high/liq_ref=session/liq_lb=20/confirm=displacement/imb=fvg/stop=beyond_sweep/exit=rr3/window=4/id=c95f708a473a,S1,943,63.0,0.354,-0.0237,-0.0741,0.96,67.9,0.0258,-0.0642,-0.0287,-0.0642,-0.1828,302,330,311,False
S1::side=high/liq_ref=session/liq_lb=20/confirm=displacement/imb=fvg/stop=beyond_sweep/exit=rr3/window=8/id=5101cfe52ff8,S1,1868,125.0,0.353,-0.0089,-0.0871,0.985,85.5,-0.0011,0.0526,-0.0784,-0.0784,-0.1666,653,606,609,False
S1::side=high/liq_ref=session/liq_lb=20/confirm=displacement/imb=fvg/stop=beyond_sweep/exit=opp_liq/window=4/id=c77e54e7df6f,S1,983,66.0,0.72,-0.02,-0.0707,0.914,38.7,-0.0386,-0.0511,0.0308,-0.0511,-0.0949,314,344,325,False
S1::side=high/liq_ref=session/liq_lb=20/confirm=displacement/imb=fvg/stop=beyond_sweep/exit=opp_liq/window=8/id=2e9506032e00,S1,1984,132.0,0.691,-0.0087,-0.0914,0.968,60.8,-0.0589,-0.0233,0.0603,-0.0589,-0.1235,694,647,643,False
S1::side=high/liq_ref=session/liq_lb=20/confirm=displacement/imb=fvg/stop=beyond_sweep/exit=time/window=4/id=2ee0fd6ab5b9,S1,977,65.0,0.394,-0.0198,-0.0706,0.961,65.9,-0.0202,-0.0963,0.0622,-0.0963,-0.225,314,342,321,False
S1::side=high/liq_ref=session/liq_lb=20/confirm=displacement/imb=fvg/stop=beyond_sweep/exit=time/window=8/id=79ff127235af,S1,1942,129.0,0.371,-0.0283,-0.1072,0.949,75.4,-0.0575,-0.0136,-0.0113,-0.0575,-0.2654,681,634,627,False
S1::side=high/liq_ref=session/liq_lb=20/confirm=displacement/imb=fvg/stop=structural/exit=rr2/window=4/id=5fbff635f115,S1,936,62.0,0.391,-0.0238,-0.064,0.955,56.7,0.0379,-0.0755,-0.0288,-0.0755,-0.1301,299,326,311,False
S1::side=high/liq_ref=session/liq_lb=20/confirm=displacement/imb=fvg/stop=structural/exit=rr2/window=8/id=79dd05814108,S1,1839,123.0,0.392,-0.0041,-0.0492,0.993,72.3,0.0473,0.0255,-0.0886,-0.0886,-0.1092,641,599,599,False
S1::side=high/liq_ref=session/liq_lb=20/confirm=displacement/imb=fvg/stop=structural/exit=rr3/window=4/id=c28b992c155c,S1,930,62.0,0.369,-0.0401,-0.0804,0.927,75.3,0.0294,-0.1056,-0.038,-0.1056,-0.1981,296,324,310,False
S1::side=high/liq_ref=session/liq_lb=20/confirm=displacement/imb=fvg/stop=structural/exit=rr3/window=8/id=d28c10177642,S1,1816,121.0,0.362,-0.0122,-0.0574,0.979,85.3,0.0415,0.0219,-0.1034,-0.1034,-0.169,629,595,592,False
S1::side=high/liq_ref=session/liq_lb=20/confirm=displacement/imb=fvg/stop=structural/exit=opp_liq/window=4/id=0e5e3c4c6f84,S1,980,65.0,0.742,-0.0148,-0.0551,0.929,33.6,-0.0316,-0.051,0.0398,-0.051,-0.0849,313,343,324,False
S1::side=high/liq_ref=session/liq_lb=20/confirm=displacement/imb=fvg/stop=structural/exit=opp_liq/window=8/id=c5c2fe13218c,S1,1970,131.0,0.721,-0.0295,-0.0745,0.873,59.7,-0.0325,-0.0418,-0.014,-0.0418,-0.1113,685,644,641,False
S1::side=high/liq_ref=session/liq_lb=20/confirm=displacement/imb=fvg/stop=structural/exit=time/window=4/id=253624558d54,S1,973,65.0,0.411,-0.0328,-0.0733,0.929,63.0,-0.0327,-0.1072,0.0461,-0.1072,-0.2107,313,340,320,False
S1::side=high/liq_ref=session/liq_lb=20/confirm=displacement/imb=fvg/stop=structural/exit=time/window=8/id=8088ad146d36,S1,1918,128.0,0.393,-0.0307,-0.0763,0.938,83.5,-0.0248,-0.0342,-0.0337,-0.0342,-0.226,672,628,618,False
S1::side=high/liq_ref=session/liq_lb=50/confirm=consecutive2/imb=none/stop=beyond_sweep/exit=rr2/window=4/id=61e76e960500,S1,11088,739.0,0.375,-0.0105,-0.1447,0.984,298.0,0.0326,-0.0082,-0.0589,-0.0589,-0.1159,3788,3757,3543,False
S1::side=high/liq_ref=session/liq_lb=50/confirm=consecutive2/imb=none/stop=beyond_sweep/exit=rr2/window=8/id=0b42087a34b3,S1,12835,855.0,0.431,0.0591,-0.0954,1.101,66.1,0.0734,0.0678,0.0342,0.0342,-0.0426,4412,4366,4057,False
S1::side=high/liq_ref=session/liq_lb=50/confirm=consecutive2/imb=none/stop=beyond_sweep/exit=rr3/window=4/id=25eae1c27bab,S1,10568,704.0,0.322,0.005,-0.1282,1.007,267.4,0.0679,-0.0202,-0.0356,-0.0356,-0.1522,3614,3564,3390,False
S1::side=high/liq_ref=session/liq_lb=50/confirm=consecutive2/imb=none/stop=beyond_sweep/exit=rr3/window=8/id=591d3459b7b1,S1,12325,821.0,0.386,0.0799,-0.0739,1.127,55.7,0.1067,0.0816,0.0492,0.0492,-0.0734,4250,4160,3915,False
S1::side=high/liq_ref=session/liq_lb=50/confirm=consecutive2/imb=none/stop=beyond_sweep/exit=opp_liq/window=4/id=9bd8ca2e1e75,S1,11859,790.0,0.497,-0.0284,-0.1687,0.944,419.1,-0.0294,-0.0277,-0.0282,-0.0294,-0.2537,4042,4014,3803,False
S1::side=high/liq_ref=session/liq_lb=50/confirm=consecutive2/imb=none/stop=beyond_sweep/exit=opp_liq/window=8/id=8e14c22182ec,S1,13804,920.0,0.541,0.064,-0.1003,1.137,59.0,0.0484,0.0825,0.0612,0.0484,-0.166,4739,4669,4396,False
S1::side=high/liq_ref=session/liq_lb=50/confirm=consecutive2/imb=none/stop=beyond_sweep/exit=time/window=4/id=77bca48a114e,S1,11574,771.0,0.297,0.012,-0.1359,1.017,263.3,0.001,-0.0285,0.066,-0.0285,-0.4038,3951,3899,3724,False
S1::side=high/liq_ref=session/liq_lb=50/confirm=consecutive2/imb=none/stop=beyond_sweep/exit=time/window=8/id=06f846802704,S1,13421,895.0,0.358,0.1241,-0.0549,1.192,91.8,0.1118,0.1315,0.1296,0.1118,-0.312,4621,4512,4288,False
S1::side=high/liq_ref=session/liq_lb=50/confirm=consecutive2/imb=none/stop=structural/exit=rr2/window=4/id=b5d2d60729a4,S1,9557,637.0,0.365,-0.0214,-0.0999,0.965,352.9,0.0279,-0.0247,-0.0701,-0.0701,-0.1276,3261,3212,3084,False
S1::side=high/liq_ref=session/liq_lb=50/confirm=consecutive2/imb=none/stop=structural/exit=rr2/window=8/id=934bfc06935d,S1,10655,710.0,0.363,-0.0282,-0.1056,0.954,409.7,0.0129,-0.0275,-0.0735,-0.0735,-0.1348,3661,3610,3384,False
S1::side=high/liq_ref=session/liq_lb=50/confirm=consecutive2/imb=none/stop=structural/exit=rr3/window=4/id=c6eed2e2f957,S1,9164,611.0,0.317,-0.0028,-0.0823,0.996,285.6,0.0586,-0.024,-0.0453,-0.0453,-0.1606,3115,3087,2962,False
S1::side=high/liq_ref=session/liq_lb=50/confirm=consecutive2/imb=none/stop=structural/exit=rr3/window=8/id=234e61fa0e8e,S1,10199,680.0,0.316,-0.013,-0.0916,0.98,343.7,0.0356,-0.0264,-0.051,-0.051,-0.1711,3492,3458,3249,False
S1::side=high/liq_ref=session/liq_lb=50/confirm=consecutive2/imb=none/stop=structural/exit=opp_liq/window=4/id=5bdf5c8067c5,S1,11057,737.0,0.536,-0.0416,-0.1223,0.907,503.9,-0.029,-0.0357,-0.061,-0.061,-0.2288,3762,3735,3560,False
S1::side=high/liq_ref=session/liq_lb=50/confirm=consecutive2/imb=none/stop=structural/exit=opp_liq/window=8/id=aa2354f2b6cc,S1,12435,829.0,0.531,-0.0427,-0.1221,0.905,578.3,-0.0268,-0.0453,-0.0568,-0.0568,-0.2301,4258,4219,3958,False
S1::side=high/liq_ref=session/liq_lb=50/confirm=consecutive2/imb=none/stop=structural/exit=time/window=4/id=9c75c4d8c11b,S1,10588,706.0,0.321,-0.011,-0.0945,0.983,354.8,0.0257,-0.0267,-0.0334,-0.0334,-0.3348,3606,3549,3433,False
S1::side=high/liq_ref=session/liq_lb=50/confirm=consecutive2/imb=none/stop=structural/exit=time/window=8/id=093720954c7a,S1,12011,801.0,0.322,-0.0093,-0.092,0.985,397.5,0.034,-0.0334,-0.0306,-0.0334,-0.3318,4133,4025,3853,False
S1::side=high/liq_ref=session/liq_lb=50/confirm=consecutive2/imb=fvg/stop=beyond_sweep/exit=rr2/window=4/id=2026bb2f8d46,S1,2042,136.0,0.358,-0.0428,-0.1222,0.93,117.4,-0.0058,-0.0321,-0.0922,-0.0922,-0.1501,671,713,658,False
S1::side=high/liq_ref=session/liq_lb=50/confirm=consecutive2/imb=fvg/stop=beyond_sweep/exit=rr2/window=8/id=de51db9e9a78,S1,2682,179.0,0.38,-0.0073,-0.1113,0.988,93.8,0.02,-0.0262,-0.0154,-0.0262,-0.1127,898,925,859,False
S1::side=high/liq_ref=session/liq_lb=50/confirm=consecutive2/imb=fvg/stop=beyond_sweep/exit=rr3/window=4/id=b55446bf0cbf,S1,2012,134.0,0.318,-0.0227,-0.1021,0.965,93.9,0.0332,-0.0119,-0.0914,-0.0914,-0.1808,662,701,649,False
S1::side=high/liq_ref=session/liq_lb=50/confirm=consecutive2/imb=fvg/stop=beyond_sweep/exit=rr3/window=8/id=3c8fe88e072a,S1,2643,176.0,0.342,0.0219,-0.0859,1.035,57.6,0.0639,0.0125,-0.0119,-0.0119,-0.1348,883,913,847,False
S1::side=high/liq_ref=session/liq_lb=50/confirm=consecutive2/imb=fvg/stop=beyond_sweep/exit=opp_liq/window=4/id=0960091c50a2,S1,2114,141.0,0.622,-0.0603,-0.1398,0.824,130.7,-0.0855,-0.049,-0.0469,-0.0855,-0.1797,692,739,683,False
S1::side=high/liq_ref=session/liq_lb=50/confirm=consecutive2/imb=fvg/stop=beyond_sweep/exit=opp_liq/window=8/id=c16b5bfed79a,S1,2785,186.0,0.614,0.0213,-0.0985,1.059,101.0,0.0395,0.0085,0.0161,0.0085,-0.1629,932,956,897,False
S1::side=high/liq_ref=session/liq_lb=50/confirm=consecutive2/imb=fvg/stop=beyond_sweep/exit=time/window=4/id=b41afeecd460,S1,2100,140.0,0.338,-0.0265,-0.1065,0.956,104.7,0.0034,-0.0218,-0.0615,-0.0615,-0.3014,684,734,682,False
S1::side=high/liq_ref=session/liq_lb=50/confirm=consecutive2/imb=fvg/stop=beyond_sweep/exit=time/window=8/id=67abac4db4e1,S1,2760,184.0,0.349,0.1082,-0.0174,1.179,95.3,0.1895,0.0536,0.0829,0.0536,-0.3033,917,948,895,False
S1::side=high/liq_ref=session/liq_lb=50/confirm=consecutive2/imb=fvg/stop=structural/exit=rr2/window=4/id=2101897d3ce6,S1,1992,133.0,0.37,-0.0445,-0.0978,0.923,110.5,-0.0267,-0.021,-0.0876,-0.0876,-0.1519,659,686,647,False
S1::side=high/liq_ref=session/liq_lb=50/confirm=consecutive2/imb=fvg/stop=structural/exit=rr2/window=8/id=800c7abb5489,S1,2569,171.0,0.376,-0.027,-0.0809,0.952,102.3,0.0046,-0.0218,-0.0659,-0.0659,-0.134,868,877,824,False
S1::side=high/liq_ref=session/liq_lb=50/confirm=consecutive2/imb=fvg/stop=structural/exit=rr3/window=4/id=5c6616772fef,S1,1967,131.0,0.342,-0.016,-0.0693,0.973,82.9,0.0217,0.0014,-0.0727,-0.0727,-0.1741,652,676,639,False
S1::side=high/liq_ref=session/liq_lb=50/confirm=consecutive2/imb=fvg/stop=structural/exit=rr3/window=8/id=283e152f6ebe,S1,2529,169.0,0.344,-0.0139,-0.0679,0.977,110.3,0.0425,-0.0282,-0.0581,-0.0581,-0.1718,855,860,814,False
S1::side=high/liq_ref=session/liq_lb=50/confirm=consecutive2/imb=fvg/stop=structural/exit=opp_liq/window=4/id=465d493b7485,S1,2094,140.0,0.66,-0.0425,-0.0958,0.857,90.9,-0.0641,-0.023,-0.0415,-0.0641,-0.1531,686,731,677,False
S1::side=high/liq_ref=session/liq_lb=50/confirm=consecutive2/imb=fvg/stop=structural/exit=opp_liq/window=8/id=22d16034d984,S1,2737,182.0,0.654,-0.0347,-0.0885,0.886,98.9,-0.0414,-0.0222,-0.0409,-0.0414,-0.1477,920,936,881,False
S1::side=high/liq_ref=session/liq_lb=50/confirm=consecutive2/imb=fvg/stop=structural/exit=time/window=4/id=12e811494d78,S1,2075,138.0,0.374,-0.0192,-0.073,0.963,87.4,-0.0296,-0.0042,-0.0248,-0.0296,-0.2435,679,721,675,False
S1::side=high/liq_ref=session/liq_lb=50/confirm=consecutive2/imb=fvg/stop=structural/exit=time/window=8/id=ade2d6a1b6e3,S1,2709,181.0,0.382,-0.0059,-0.0605,0.989,90.3,-0.0049,-0.0192,0.007,-0.0192,-0.2351,904,924,881,False
S1::side=high/liq_ref=session/liq_lb=50/confirm=close_beyond/imb=none/stop=beyond_sweep/exit=rr2/window=4/id=2d607028e08d,S1,3575,238.0,0.363,-0.0295,-0.1038,0.952,168.6,-0.0326,-0.0391,-0.0166,-0.0391,-0.1359,1244,1169,1162,False
S1::side=high/liq_ref=session/liq_lb=50/confirm=close_beyond/imb=none/stop=beyond_sweep/exit=rr2/window=8/id=230ea9ffd4c0,S1,4843,323.0,0.378,-0.0195,-0.1023,0.967,122.9,-0.0143,-0.0105,-0.0348,-0.0348,-0.1257,1719,1589,1535,False
S1::side=high/liq_ref=session/liq_lb=50/confirm=close_beyond/imb=none/stop=beyond_sweep/exit=rr3/window=4/id=b6c3a2f2e75e,S1,3487,232.0,0.314,-0.0372,-0.1115,0.943,231.9,-0.016,-0.0745,-0.0224,-0.0745,-0.1965,1219,1138,1130,False
S1::side=high/liq_ref=session/liq_lb=50/confirm=close_beyond/imb=none/stop=beyond_sweep/exit=rr3/window=8/id=b51bce2df771,S1,4707,314.0,0.332,-0.0273,-0.1094,0.957,182.4,-0.015,-0.0231,-0.0454,-0.0454,-0.1861,1677,1546,1484,False
S1::side=high/liq_ref=session/liq_lb=50/confirm=close_beyond/imb=none/stop=beyond_sweep/exit=opp_liq/window=4/id=160d5dced2e4,S1,4037,269.0,0.736,-0.0473,-0.1211,0.708,204.2,-0.0605,-0.0597,-0.0214,-0.0605,-0.083,1378,1322,1337,False
S1::side=high/liq_ref=session/liq_lb=50/confirm=close_beyond/imb=none/stop=beyond_sweep/exit=opp_liq/window=8/id=2abad80b1fea,S1,5623,375.0,0.733,-0.04,-0.1269,0.773,233.9,-0.0585,-0.0408,-0.0188,-0.0585,-0.0927,1982,1835,1806,False
S1::side=high/liq_ref=session/liq_lb=50/confirm=close_beyond/imb=none/stop=beyond_sweep/exit=time/window=4/id=a6542dda43ea,S1,3792,253.0,0.336,-0.0172,-0.0925,0.971,189.4,-0.0088,-0.0703,0.0269,-0.0703,-0.3028,1309,1240,1243,False
S1::side=high/liq_ref=session/liq_lb=50/confirm=close_beyond/imb=none/stop=beyond_sweep/exit=time/window=8/id=eb91b1aac451,S1,5180,345.0,0.347,0.0077,-0.0758,1.013,113.6,-0.0322,0.0169,0.0426,-0.0322,-0.299,1831,1701,1648,False
S1::side=high/liq_ref=session/liq_lb=50/confirm=close_beyond/imb=none/stop=structural/exit=rr2/window=4/id=db7efbd122e6,S1,3359,224.0,0.385,-0.0033,-0.0521,0.994,88.0,0.0162,-0.0477,0.0208,-0.0477,-0.1087,1173,1105,1081,False
S1::side=high/liq_ref=session/liq_lb=50/confirm=close_beyond/imb=none/stop=structural/exit=rr2/window=8/id=301a88f67f44,S1,4426,295.0,0.386,-0.021,-0.068,0.962,162.4,0.006,-0.0455,-0.0258,-0.0455,-0.1276,1572,1468,1386,False
S1::side=high/liq_ref=session/liq_lb=50/confirm=close_beyond/imb=none/stop=structural/exit=rr3/window=4/id=d23b80ee9cfc,S1,3285,219.0,0.351,-0.006,-0.055,0.99,123.8,0.0377,-0.0585,0.0002,-0.0585,-0.164,1147,1081,1057,False
S1::side=high/liq_ref=session/liq_lb=50/confirm=close_beyond/imb=none/stop=structural/exit=rr3/window=8/id=87558fecb6dc,S1,4310,287.0,0.355,-0.014,-0.0611,0.976,155.0,0.0218,-0.0369,-0.0303,-0.0369,-0.1722,1532,1429,1349,False
S1::side=high/liq_ref=session/liq_lb=50/confirm=close_beyond/imb=none/stop=structural/exit=opp_liq/window=4/id=cd3809bfe168,S1,4025,268.0,0.77,-0.0311,-0.0798,0.737,135.2,-0.0397,-0.0407,-0.0128,-0.0407,-0.0555,1373,1317,1335,False
S1::side=high/liq_ref=session/liq_lb=50/confirm=close_beyond/imb=none/stop=structural/exit=opp_liq/window=8/id=2989bab11c4b,S1,5594,373.0,0.772,-0.0353,-0.0823,0.704,202.0,-0.0402,-0.0419,-0.0232,-0.0419,-0.0591,1967,1824,1803,False
S1::side=high/liq_ref=session/liq_lb=50/confirm=close_beyond/imb=none/stop=structural/exit=time/window=4/id=026f87d74f98,S1,3678,245.0,0.388,-0.0077,-0.0578,0.985,120.6,-0.0001,-0.055,0.032,-0.055,-0.2276,1273,1208,1197,False
S1::side=high/liq_ref=session/liq_lb=50/confirm=close_beyond/imb=none/stop=structural/exit=time/window=8/id=d183eeca80a6,S1,4959,331.0,0.389,-0.02,-0.0687,0.96,163.9,-0.0206,-0.0275,-0.0116,-0.0275,-0.2315,1756,1639,1564,False
S1::side=high/liq_ref=session/liq_lb=50/confirm=close_beyond/imb=fvg/stop=beyond_sweep/exit=rr2/window=4/id=b9017c5da991,S1,1218,81.0,0.383,0.0037,-0.0494,1.007,73.2,0.0821,-0.1072,0.0406,-0.1072,-0.0995,405,418,395,False
S1::side=high/liq_ref=session/liq_lb=50/confirm=close_beyond/imb=fvg/stop=beyond_sweep/exit=rr2/window=8/id=267ff0aa044b,S1,2163,144.0,0.378,-0.0258,-0.0838,0.955,104.6,-0.0027,-0.0727,-0.0024,-0.0727,-0.1321,769,717,677,False
S1::side=high/liq_ref=session/liq_lb=50/confirm=close_beyond/imb=fvg/stop=beyond_sweep/exit=rr3/window=4/id=895748a9b0d7,S1,1209,81.0,0.347,0.0076,-0.0454,1.013,75.0,0.0953,-0.0955,0.0273,-0.0955,-0.1489,402,416,391,False
S1::side=high/liq_ref=session/liq_lb=50/confirm=close_beyond/imb=fvg/stop=beyond_sweep/exit=rr3/window=8/id=a6aac226dc96,S1,2133,142.0,0.338,-0.0424,-0.1009,0.93,129.3,-0.0349,-0.0381,-0.0556,-0.0556,-0.2015,761,710,662,False
S1::side=high/liq_ref=session/liq_lb=50/confirm=close_beyond/imb=fvg/stop=beyond_sweep/exit=opp_liq/window=4/id=3748cf64fb80,S1,1287,86.0,0.776,-0.0138,-0.0672,0.888,31.7,-0.0145,-0.0437,0.0184,-0.0437,-0.0414,424,442,421,False
S1::side=high/liq_ref=session/liq_lb=50/confirm=close_beyond/imb=fvg/stop=beyond_sweep/exit=opp_liq/window=8/id=dbbc9b41a1cc,S1,2320,155.0,0.76,-0.0322,-0.0938,0.776,83.9,-0.0598,-0.0303,-0.0032,-0.0598,-0.0691,819,767,734,False
S1::side=high/liq_ref=session/liq_lb=50/confirm=close_beyond/imb=fvg/stop=beyond_sweep/exit=time/window=4/id=1f6d5b2c7cb6,S1,1265,84.0,0.381,0.0326,-0.0212,1.063,55.7,0.0985,-0.0304,0.033,-0.0304,-0.2088,415,437,413,False
S1::side=high/liq_ref=session/liq_lb=50/confirm=close_beyond/imb=fvg/stop=beyond_sweep/exit=time/window=8/id=d7b7d2c026d5,S1,2254,150.0,0.367,-0.0058,-0.0509,0.989,86.3,-0.0205,0.0367,-0.034,-0.034,-0.2588,795,749,710,False
S1::side=high/liq_ref=session/liq_lb=50/confirm=close_beyond/imb=fvg/stop=structural/exit=rr2/window=4/id=76313c9beabf,S1,1197,80.0,0.399,0.0129,-0.0271,1.026,56.7,0.101,-0.0791,0.0194,-0.0791,-0.0912,400,410,387,False
S1::side=high/liq_ref=session/liq_lb=50/confirm=close_beyond/imb=fvg/stop=structural/exit=rr2/window=8/id=bd2d5c52cbac,S1,2095,140.0,0.392,-0.0278,-0.067,0.947,111.2,0.0309,-0.058,-0.0632,-0.0632,-0.1342,749,694,652,False
S1::side=high/liq_ref=session/liq_lb=50/confirm=close_beyond/imb=fvg/stop=structural/exit=rr3/window=4/id=2f682819d241,S1,1190,79.0,0.379,0.0154,-0.0246,1.03,65.6,0.1197,-0.0973,0.0276,-0.0973,-0.1409,396,408,386,False
S1::side=high/liq_ref=session/liq_lb=50/confirm=close_beyond/imb=fvg/stop=structural/exit=rr3/window=8/id=10ac28a24bf7,S1,2072,138.0,0.372,-0.0153,-0.0544,0.972,107.5,0.0523,-0.0417,-0.0649,-0.0649,-0.1732,741,687,644,False
S1::side=high/liq_ref=session/liq_lb=50/confirm=close_beyond/imb=fvg/stop=structural/exit=opp_liq/window=4/id=5370cfcf055c,S1,1286,86.0,0.795,-0.0134,-0.0536,0.868,26.5,-0.0172,-0.0305,0.0085,-0.0305,-0.0345,423,442,421,False
S1::side=high/liq_ref=session/liq_lb=50/confirm=close_beyond/imb=fvg/stop=structural/exit=opp_liq/window=8/id=e569bc98cbf7,S1,2314,154.0,0.789,-0.0248,-0.064,0.764,59.8,-0.0338,-0.0271,-0.0123,-0.0338,-0.0452,816,765,733,False
S1::side=high/liq_ref=session/liq_lb=50/confirm=close_beyond/imb=fvg/stop=structural/exit=time/window=4/id=1a941b46fdef,S1,1256,84.0,0.414,0.0199,-0.0208,1.046,49.9,0.0814,-0.0363,0.0176,-0.0363,-0.1664,412,434,410,False
S1::side=high/liq_ref=session/liq_lb=50/confirm=close_beyond/imb=fvg/stop=structural/exit=time/window=8/id=c18afbd4075c,S1,2228,148.0,0.407,-0.0151,-0.0549,0.967,90.9,0.0135,-0.0242,-0.0375,-0.0375,-0.1991,786,742,700,False
S1::side=high/liq_ref=session/liq_lb=50/confirm=displacement/imb=none/stop=beyond_sweep/exit=rr2/window=4/id=e791d74f3255,S1,5487,366.0,0.399,0.0103,-0.1097,1.017,86.6,0.0111,-0.0083,0.0273,-0.0083,-0.094,1809,1789,1889,False
S1::side=high/liq_ref=session/liq_lb=50/confirm=displacement/imb=none/stop=beyond_sweep/exit=rr2/window=8/id=58726a20054a,S1,7138,476.0,0.433,0.0601,-0.0675,1.106,69.0,0.0796,0.0277,0.0721,0.0277,-0.0414,2428,2329,2381,False
S1::side=high/liq_ref=session/liq_lb=50/confirm=displacement/imb=none/stop=beyond_sweep/exit=rr3/window=4/id=01b1cc0c8690,S1,5304,354.0,0.354,0.0153,-0.1036,1.024,116.2,0.0343,-0.0277,0.0373,-0.0277,-0.1415,1762,1716,1826,False
S1::side=high/liq_ref=session/liq_lb=50/confirm=displacement/imb=none/stop=beyond_sweep/exit=rr3/window=8/id=1df99b990e7f,S1,6868,458.0,0.393,0.0618,-0.0649,1.102,84.0,0.0894,0.0157,0.0782,0.0157,-0.0923,2334,2222,2312,False
S1::side=high/liq_ref=session/liq_lb=50/confirm=displacement/imb=none/stop=beyond_sweep/exit=opp_liq/window=4/id=94daed05941e,S1,5970,398.0,0.607,0.0222,-0.103,1.058,147.8,-0.0076,-0.0229,0.0928,-0.0229,-0.1606,1964,1940,2066,False
S1::side=high/liq_ref=session/liq_lb=50/confirm=displacement/imb=none/stop=beyond_sweep/exit=opp_liq/window=8/id=221af6a7d8d5,S1,7869,524.0,0.632,0.0669,-0.0642,1.186,84.9,0.0337,0.0218,0.1444,0.0218,-0.1084,2675,2560,2634,False
S1::side=high/liq_ref=session/liq_lb=50/confirm=displacement/imb=none/stop=beyond_sweep/exit=time/window=4/id=042c7338248b,S1,5643,376.0,0.352,0.0589,-0.0867,1.093,158.2,-0.008,0.0035,0.1747,-0.008,-0.3155,1854,1837,1952,False
S1::side=high/liq_ref=session/liq_lb=50/confirm=displacement/imb=none/stop=beyond_sweep/exit=time/window=8/id=1836e52bb54d,S1,7396,493.0,0.383,0.0971,-0.0572,1.161,94.9,0.0596,0.0255,0.2046,0.0255,-0.2653,2508,2411,2477,False
S1::side=high/liq_ref=session/liq_lb=50/confirm=displacement/imb=none/stop=structural/exit=rr2/window=4/id=c1e8bffea574,S1,5002,333.0,0.365,-0.029,-0.0918,0.952,246.9,0.0119,-0.0507,-0.0472,-0.0507,-0.136,1639,1646,1717,False
S1::side=high/liq_ref=session/liq_lb=50/confirm=displacement/imb=none/stop=structural/exit=rr2/window=8/id=4bc2014db31a,S1,6322,421.0,0.367,-0.0248,-0.0862,0.958,279.1,0.0271,-0.0417,-0.061,-0.061,-0.1316,2140,2082,2100,False
S1::side=high/liq_ref=session/liq_lb=50/confirm=displacement/imb=none/stop=structural/exit=rr3/window=4/id=8ba5a5e0d3ed,S1,4824,322.0,0.323,-0.029,-0.0923,0.955,223.2,0.0238,-0.0524,-0.0574,-0.0574,-0.1881,1590,1586,1648,False
S1::side=high/liq_ref=session/liq_lb=50/confirm=displacement/imb=none/stop=structural/exit=rr3/window=8/id=fc6b4484ae87,S1,6038,402.0,0.325,-0.0247,-0.0866,0.961,250.6,0.0272,-0.0473,-0.0553,-0.0553,-0.1831,2051,1985,2002,False
S1::side=high/liq_ref=session/liq_lb=50/confirm=displacement/imb=none/stop=structural/exit=opp_liq/window=4/id=ad53c9ee3cac,S1,5762,384.0,0.624,-0.0378,-0.1001,0.891,245.6,-0.0264,-0.0572,-0.0303,-0.0572,-0.1706,1891,1884,1987,False
S1::side=high/liq_ref=session/liq_lb=50/confirm=displacement/imb=none/stop=structural/exit=opp_liq/window=8/id=aa555829b27e,S1,7487,499.0,0.628,-0.0375,-0.0986,0.89,292.1,-0.0209,-0.0613,-0.0311,-0.0613,-0.1689,2538,2451,2498,False
S1::side=high/liq_ref=session/liq_lb=50/confirm=displacement/imb=none/stop=structural/exit=time/window=4/id=d99b84534406,S1,5301,353.0,0.351,-0.0163,-0.0805,0.972,189.6,0.0053,-0.0182,-0.0349,-0.0349,-0.2984,1738,1732,1831,False
S1::side=high/liq_ref=session/liq_lb=50/confirm=displacement/imb=none/stop=structural/exit=time/window=8/id=6d53158f5fdc,S1,6805,454.0,0.35,-0.0218,-0.0854,0.963,237.1,0.007,-0.0192,-0.0536,-0.0536,-0.2909,2306,2227,2272,False
S1::side=high/liq_ref=session/liq_lb=50/confirm=displacement/imb=fvg/stop=beyond_sweep/exit=rr2/window=4/id=657f6160ccf2,S1,950,63.0,0.382,-0.0177,-0.0681,0.968,58.8,0.0375,-0.0513,-0.0357,-0.0513,-0.1226,304,333,313,False
S1::side=high/liq_ref=session/liq_lb=50/confirm=displacement/imb=fvg/stop=beyond_sweep/exit=rr2/window=8/id=19a34452d1de,S1,1893,126.0,0.388,0.0058,-0.0689,1.01,53.7,0.0093,0.0465,-0.0385,-0.0385,-0.0982,663,613,617,False
S1::side=high/liq_ref=session/liq_lb=50/confirm=displacement/imb=fvg/stop=beyond_sweep/exit=rr3/window=4/id=e3fdcdd83601,S1,943,63.0,0.354,-0.0237,-0.0741,0.96,67.9,0.0258,-0.0642,-0.0287,-0.0642,-0.1828,302,330,311,False
S1::side=high/liq_ref=session/liq_lb=50/confirm=displacement/imb=fvg/stop=beyond_sweep/exit=rr3/window=8/id=10a693f427f0,S1,1868,125.0,0.353,-0.0089,-0.0871,0.985,85.5,-0.0011,0.0526,-0.0784,-0.0784,-0.1666,653,606,609,False
S1::side=high/liq_ref=session/liq_lb=50/confirm=displacement/imb=fvg/stop=beyond_sweep/exit=opp_liq/window=4/id=6d9f7704e997,S1,983,66.0,0.72,-0.02,-0.0707,0.914,38.7,-0.0386,-0.0511,0.0308,-0.0511,-0.0949,314,344,325,False
S1::side=high/liq_ref=session/liq_lb=50/confirm=displacement/imb=fvg/stop=beyond_sweep/exit=opp_liq/window=8/id=7ad852bafd03,S1,1984,132.0,0.691,-0.0087,-0.0914,0.968,60.8,-0.0589,-0.0233,0.0603,-0.0589,-0.1235,694,647,643,False
S1::side=high/liq_ref=session/liq_lb=50/confirm=displacement/imb=fvg/stop=beyond_sweep/exit=time/window=4/id=d9274306d1a9,S1,977,65.0,0.394,-0.0198,-0.0706,0.961,65.9,-0.0202,-0.0963,0.0622,-0.0963,-0.225,314,342,321,False
S1::side=high/liq_ref=session/liq_lb=50/confirm=displacement/imb=fvg/stop=beyond_sweep/exit=time/window=8/id=5816f2855803,S1,1942,129.0,0.371,-0.0283,-0.1072,0.949,75.4,-0.0575,-0.0136,-0.0113,-0.0575,-0.2654,681,634,627,False
S1::side=high/liq_ref=session/liq_lb=50/confirm=displacement/imb=fvg/stop=structural/exit=rr2/window=4/id=662bd2a01e57,S1,936,62.0,0.391,-0.0238,-0.064,0.955,56.7,0.0379,-0.0755,-0.0288,-0.0755,-0.1301,299,326,311,False
S1::side=high/liq_ref=session/liq_lb=50/confirm=displacement/imb=fvg/stop=structural/exit=rr2/window=8/id=5c70c8dc626e,S1,1839,123.0,0.392,-0.0041,-0.0492,0.993,72.3,0.0473,0.0255,-0.0886,-0.0886,-0.1092,641,599,599,False
S1::side=high/liq_ref=session/liq_lb=50/confirm=displacement/imb=fvg/stop=structural/exit=rr3/window=4/id=ec9d58664839,S1,930,62.0,0.369,-0.0401,-0.0804,0.927,75.3,0.0294,-0.1056,-0.038,-0.1056,-0.1981,296,324,310,False
S1::side=high/liq_ref=session/liq_lb=50/confirm=displacement/imb=fvg/stop=structural/exit=rr3/window=8/id=c174d1bf6e0a,S1,1816,121.0,0.362,-0.0122,-0.0574,0.979,85.3,0.0415,0.0219,-0.1034,-0.1034,-0.169,629,595,592,False
S1::side=high/liq_ref=session/liq_lb=50/confirm=displacement/imb=fvg/stop=structural/exit=opp_liq/window=4/id=b28f45f94007,S1,980,65.0,0.742,-0.0148,-0.0551,0.929,33.6,-0.0316,-0.051,0.0398,-0.051,-0.0849,313,343,324,False
S1::side=high/liq_ref=session/liq_lb=50/confirm=displacement/imb=fvg/stop=structural/exit=opp_liq/window=8/id=1c49c3593258,S1,1970,131.0,0.721,-0.0295,-0.0745,0.873,59.7,-0.0325,-0.0418,-0.014,-0.0418,-0.1113,685,644,641,False
S1::side=high/liq_ref=session/liq_lb=50/confirm=displacement/imb=fvg/stop=structural/exit=time/window=4/id=fa2a1ad813ea,S1,973,65.0,0.411,-0.0328,-0.0733,0.929,63.0,-0.0327,-0.1072,0.0461,-0.1072,-0.2107,313,340,320,False
S1::side=high/liq_ref=session/liq_lb=50/confirm=displacement/imb=fvg/stop=structural/exit=time/window=8/id=1ff119dca1df,S1,1918,128.0,0.393,-0.0307,-0.0763,0.938,83.5,-0.0248,-0.0342,-0.0337,-0.0342,-0.226,672,628,618,False
S1::side=high/liq_ref=pdh_pdl/liq_lb=20/confirm=consecutive2/imb=none/stop=beyond_sweep/exit=rr2/window=4/id=ad94e5b75672,S1,2996,200.0,0.39,0.0054,-0.1095,1.009,102.8,0.0991,-0.048,-0.0359,-0.048,-0.0986,1012,1065,919,False
S1::side=high/liq_ref=pdh_pdl/liq_lb=20/confirm=consecutive2/imb=none/stop=beyond_sweep/exit=rr2/window=8/id=f36ddad625c5,S1,3714,248.0,0.44,0.0702,-0.0685,1.125,32.4,0.1369,0.0349,0.0386,0.0349,-0.0306,1243,1314,1157,False
S1::side=high/liq_ref=pdh_pdl/liq_lb=20/confirm=consecutive2/imb=none/stop=beyond_sweep/exit=rr3/window=4/id=9887732ba7d2,S1,2911,194.0,0.346,0.0201,-0.0951,1.031,107.2,0.1581,-0.0615,-0.0374,-0.0615,-0.1361,983,1031,897,False
S1::side=high/liq_ref=pdh_pdl/liq_lb=20/confirm=consecutive2/imb=none/stop=beyond_sweep/exit=rr3/window=8/id=170b0578efb3,S1,3610,241.0,0.403,0.091,-0.0483,1.152,40.7,0.1877,0.047,0.0373,0.0373,-0.0617,1207,1276,1127,False
S1::side=high/liq_ref=pdh_pdl/liq_lb=20/confirm=consecutive2/imb=none/stop=beyond_sweep/exit=opp_liq/window=4/id=6a5bdfb9d726,S1,2983,199.0,0.345,0.0783,-0.0969,1.125,128.4,0.3467,-0.0281,-0.0862,-0.0862,-0.337,990,1068,925,False
S1::side=high/liq_ref=pdh_pdl/liq_lb=20/confirm=consecutive2/imb=none/stop=beyond_sweep/exit=opp_liq/window=8/id=9abb26057567,S1,3667,244.0,0.393,0.0833,-0.0561,1.143,57.7,0.1664,0.0673,0.0135,0.0135,-0.2581,1215,1301,1151,False
S1::side=high/liq_ref=pdh_pdl/liq_lb=20/confirm=consecutive2/imb=none/stop=beyond_sweep/exit=time/window=4/id=1b482776165f,S1,2950,197.0,0.339,0.0869,-0.0584,1.138,82.9,0.212,0.0475,-0.004,-0.004,-0.3224,991,1051,908,False
S1::side=high/liq_ref=pdh_pdl/liq_lb=20/confirm=consecutive2/imb=none/stop=beyond_sweep/exit=time/window=8/id=eed97a1c0a9b,S1,3642,243.0,0.392,0.1188,-0.0217,1.203,51.3,0.1659,0.0944,0.0963,0.0944,-0.2369,1214,1293,1135,False
S1::side=high/liq_ref=pdh_pdl/liq_lb=20/confirm=consecutive2/imb=none/stop=structural/exit=rr2/window=4/id=8260a5a53596,S1,2375,158.0,0.414,0.0414,-0.0149,1.079,38.1,0.1253,0.006,-0.0074,-0.0074,-0.0609,788,839,748,False
S1::side=high/liq_ref=pdh_pdl/liq_lb=20/confirm=consecutive2/imb=none/stop=structural/exit=rr2/window=8/id=c7111ba589a0,S1,2831,189.0,0.398,0.0181,-0.0427,1.033,54.6,0.0905,-0.0123,-0.0219,-0.0219,-0.086,923,1001,907,False
S1::side=high/liq_ref=pdh_pdl/liq_lb=20/confirm=consecutive2/imb=none/stop=structural/exit=rr3/window=4/id=227b7853a3d2,S1,2320,155.0,0.378,0.0384,-0.0183,1.069,54.0,0.1365,-0.0081,-0.013,-0.013,-0.118,771,817,732,False
S1::side=high/liq_ref=pdh_pdl/liq_lb=20/confirm=consecutive2/imb=none/stop=structural/exit=rr3/window=8/id=06c68890fc9b,S1,2748,183.0,0.36,0.0225,-0.0391,1.039,76.4,0.1239,-0.0175,-0.0377,-0.0377,-0.134,903,967,878,False
S1::side=high/liq_ref=pdh_pdl/liq_lb=20/confirm=consecutive2/imb=none/stop=structural/exit=opp_liq/window=4/id=883c4f2c670a,S1,2460,164.0,0.409,0.015,-0.041,1.03,115.6,0.1576,-0.0257,-0.0864,-0.0864,-0.2365,808,864,788,False
S1::side=high/liq_ref=pdh_pdl/liq_lb=20/confirm=consecutive2/imb=none/stop=structural/exit=opp_liq/window=8/id=061584304b0e,S1,2888,192.0,0.379,-0.0036,-0.0645,0.993,162.8,0.1394,-0.0421,-0.106,-0.106,-0.2742,941,1013,934,False
S1::side=high/liq_ref=pdh_pdl/liq_lb=20/confirm=consecutive2/imb=none/stop=structural/exit=time/window=4/id=b1ae6aa59214,S1,2488,166.0,0.397,0.0413,-0.017,1.083,56.7,0.126,0.019,-0.0236,-0.0236,-0.2091,826,887,775,False
S1::side=high/liq_ref=pdh_pdl/liq_lb=20/confirm=consecutive2/imb=none/stop=structural/exit=time/window=8/id=426308beb51c,S1,2945,196.0,0.38,0.038,-0.0252,1.072,58.7,0.1069,0.0302,-0.0254,-0.0254,-0.2318,970,1049,926,False
S1::side=high/liq_ref=pdh_pdl/liq_lb=20/confirm=consecutive2/imb=fvg/stop=beyond_sweep/exit=rr2/window=4/id=141ff1a58c34,S1,1435,96.0,0.362,-0.0524,-0.1318,0.914,85.0,-0.0357,-0.0497,-0.0727,-0.0727,-0.1592,468,512,455,False
S1::side=high/liq_ref=pdh_pdl/liq_lb=20/confirm=consecutive2/imb=fvg/stop=beyond_sweep/exit=rr2/window=8/id=8d8e6cb982cf,S1,1734,116.0,0.387,-0.0133,-0.1117,0.977,55.9,-0.0196,0.0278,-0.0525,-0.0525,-0.1183,564,614,556,False
S1::side=high/liq_ref=pdh_pdl/liq_lb=20/confirm=consecutive2/imb=fvg/stop=beyond_sweep/exit=rr3/window=4/id=6bfb92412e55,S1,1427,95.0,0.327,-0.0256,-0.1051,0.96,82.2,0.0211,-0.0204,-0.0796,-0.0796,-0.1836,466,508,453,False
S1::side=high/liq_ref=pdh_pdl/liq_lb=20/confirm=consecutive2/imb=fvg/stop=beyond_sweep/exit=rr3/window=8/id=a1ab7016e235,S1,1719,115.0,0.354,0.0233,-0.0738,1.037,51.7,0.0363,0.0712,-0.0424,-0.0424,-0.1316,560,606,553,False
S1::side=high/liq_ref=pdh_pdl/liq_lb=20/confirm=consecutive2/imb=fvg/stop=beyond_sweep/exit=opp_liq/window=4/id=e42b224759e8,S1,1447,96.0,0.348,-0.0054,-0.0847,0.991,93.3,0.1155,-0.0315,-0.0994,-0.0994,-0.3256,470,516,461,False
S1::side=high/liq_ref=pdh_pdl/liq_lb=20/confirm=consecutive2/imb=fvg/stop=beyond_sweep/exit=opp_liq/window=8/id=b951d15371c8,S1,1735,116.0,0.364,0.0728,-0.0379,1.126,59.4,0.1235,0.1575,-0.0705,-0.0705,-0.2895,567,608,560,False
S1::side=high/liq_ref=pdh_pdl/liq_lb=20/confirm=consecutive2/imb=fvg/stop=beyond_sweep/exit=time/window=4/id=de96476c93da,S1,1439,96.0,0.341,0.007,-0.0727,1.012,76.6,0.1045,-0.0423,-0.0377,-0.0423,-0.2996,469,512,458,False
S1::side=high/liq_ref=pdh_pdl/liq_lb=20/confirm=consecutive2/imb=fvg/stop=beyond_sweep/exit=time/window=8/id=eb51eb7cdc3a,S1,1725,115.0,0.365,0.0953,-0.0092,1.168,47.2,0.0993,0.1375,0.0448,0.0448,-0.2617,564,607,554,False
S1::side=high/liq_ref=pdh_pdl/liq_lb=20/confirm=consecutive2/imb=fvg/stop=structural/exit=rr2/window=4/id=220135c663ad,S1,1258,84.0,0.419,0.0177,-0.021,1.038,32.5,0.0608,0.0323,-0.0425,-0.0425,-0.085,409,447,402,False
S1::side=high/liq_ref=pdh_pdl/liq_lb=20/confirm=consecutive2/imb=fvg/stop=structural/exit=rr2/window=8/id=b45dd68c529e,S1,1461,97.0,0.418,0.0259,-0.0157,1.055,33.4,0.0621,0.053,-0.0381,-0.0381,-0.0785,469,511,481,False
S1::side=high/liq_ref=pdh_pdl/liq_lb=20/confirm=consecutive2/imb=fvg/stop=structural/exit=rr3/window=4/id=a9cf44a6d3d2,S1,1252,83.0,0.395,0.0024,-0.0363,1.005,54.6,0.0708,0.0067,-0.0718,-0.0718,-0.1539,407,444,401,False
S1::side=high/liq_ref=pdh_pdl/liq_lb=20/confirm=consecutive2/imb=fvg/stop=structural/exit=rr3/window=8/id=2c9c05ae2450,S1,1449,97.0,0.395,0.0277,-0.014,1.056,41.1,0.0924,0.0449,-0.0538,-0.0538,-0.1278,467,505,477,False
S1::side=high/liq_ref=pdh_pdl/liq_lb=20/confirm=consecutive2/imb=fvg/stop=structural/exit=opp_liq/window=4/id=f135dffadebb,S1,1298,87.0,0.448,-0.0009,-0.0394,0.998,51.5,0.0796,-0.0126,-0.0682,-0.0682,-0.1834,417,463,418,False
S1::side=high/liq_ref=pdh_pdl/liq_lb=20/confirm=consecutive2/imb=fvg/stop=structural/exit=opp_liq/window=8/id=422b41b76f25,S1,1502,100.0,0.435,0.0056,-0.0359,1.013,50.0,0.0794,0.0028,-0.0637,-0.0637,-0.1935,483,526,493,False
S1::side=high/liq_ref=pdh_pdl/liq_lb=20/confirm=consecutive2/imb=fvg/stop=structural/exit=time/window=4/id=bc08747ae2ae,S1,1314,88.0,0.434,0.0225,-0.0165,1.057,36.0,0.0712,0.0405,-0.0466,-0.0466,-0.1583,423,470,421,False
S1::side=high/liq_ref=pdh_pdl/liq_lb=20/confirm=consecutive2/imb=fvg/stop=structural/exit=time/window=8/id=d3f6064c7617,S1,1530,102.0,0.441,0.0561,0.0139,1.14,30.6,0.0709,0.104,-0.0104,-0.0104,-0.1433,491,540,499,False
S1::side=high/liq_ref=pdh_pdl/liq_lb=20/confirm=close_beyond/imb=none/stop=beyond_sweep/exit=rr2/window=4/id=56dfdc77a029,S1,280,19.0,0.396,0.0192,-0.0186,1.04,24.2,0.0556,-0.1107,0.0968,-0.1107,-0.0847,74,90,116,False
S1::side=high/liq_ref=pdh_pdl/liq_lb=20/confirm=close_beyond/imb=none/stop=beyond_sweep/exit=rr2/window=8/id=f682724d2675,S1,376,25.0,0.41,0.0303,-0.0063,1.066,20.6,0.0679,-0.0263,0.0502,-0.0263,-0.0685,109,123,144,False
S1::side=high/liq_ref=pdh_pdl/liq_lb=20/confirm=close_beyond/imb=none/stop=beyond_sweep/exit=rr3/window=4/id=a4b2db0be337,S1,280,19.0,0.371,0.0048,-0.033,1.009,25.7,0.1033,-0.1306,0.047,-0.1306,-0.1524,74,90,116,False
S1::side=high/liq_ref=pdh_pdl/liq_lb=20/confirm=close_beyond/imb=none/stop=beyond_sweep/exit=rr3/window=8/id=230415a5e204,S1,376,25.0,0.391,0.0257,-0.0109,1.054,21.1,0.1097,-0.0226,0.0034,-0.0226,-0.1234,109,123,144,False
S1::side=high/liq_ref=pdh_pdl/liq_lb=20/confirm=close_beyond/imb=none/stop=beyond_sweep/exit=opp_liq/window=4/id=776b88eb9f4e,S1,322,21.0,0.0,-0.2217,-0.2601,0.0,71.1,-0.2123,-0.2336,-0.2186,-0.2336,-0.2322,81,100,141,False
S1::side=high/liq_ref=pdh_pdl/liq_lb=20/confirm=close_beyond/imb=none/stop=beyond_sweep/exit=opp_liq/window=8/id=ee33afa46bcb,S1,431,29.0,0.0,-0.2028,-0.2403,0.0,87.2,-0.19,-0.2156,-0.2015,-0.2156,-0.2123,120,138,173,False
S1::side=high/liq_ref=pdh_pdl/liq_lb=20/confirm=close_beyond/imb=none/stop=beyond_sweep/exit=time/window=4/id=a684a9858a8c,S1,284,19.0,0.433,0.0378,-0.0002,1.091,11.1,0.0565,0.026,0.0349,0.026,-0.1485,75,90,119,False
S1::side=high/liq_ref=pdh_pdl/liq_lb=20/confirm=close_beyond/imb=none/stop=beyond_sweep/exit=time/window=8/id=a44b536e95c1,S1,387,26.0,0.45,0.0297,-0.0074,1.077,16.3,0.028,0.0439,0.0188,0.0188,-0.1374,112,126,149,False
S1::side=high/liq_ref=pdh_pdl/liq_lb=20/confirm=close_beyond/imb=none/stop=structural/exit=rr2/window=4/id=4c29dec07da0,S1,265,18.0,0.415,0.0312,0.0038,1.08,14.4,0.1787,-0.0938,0.0375,-0.0938,-0.0701,69,87,109,False
S1::side=high/liq_ref=pdh_pdl/liq_lb=20/confirm=close_beyond/imb=none/stop=structural/exit=rr2/window=8/id=af768a3b2b91,S1,364,24.0,0.434,0.0399,0.0122,1.107,11.3,0.1426,-0.0033,-0.0015,-0.0033,-0.0621,106,120,138,False
S1::side=high/liq_ref=pdh_pdl/liq_lb=20/confirm=close_beyond/imb=none/stop=structural/exit=rr3/window=4/id=0a9308adb83a,S1,265,18.0,0.415,0.052,0.0246,1.133,9.4,0.1389,-0.0575,0.0843,-0.0575,-0.0996,69,87,109,False
S1::side=high/liq_ref=pdh_pdl/liq_lb=20/confirm=close_beyond/imb=none/stop=structural/exit=rr3/window=8/id=7013219c9042,S1,364,24.0,0.429,0.0502,0.0225,1.133,11.8,0.1069,-0.0021,0.0522,-0.0021,-0.1027,106,120,138,False
S1::side=high/liq_ref=pdh_pdl/liq_lb=20/confirm=close_beyond/imb=none/stop=structural/exit=opp_liq/window=4/id=572122647516,S1,322,21.0,0.0,-0.1629,-0.1913,0.0,52.3,-0.1665,-0.1739,-0.153,-0.1739,-0.1708,81,100,141,False
S1::side=high/liq_ref=pdh_pdl/liq_lb=20/confirm=close_beyond/imb=none/stop=structural/exit=opp_liq/window=8/id=a918429cd6d8,S1,431,29.0,0.0,-0.1558,-0.1846,0.0,67.0,-0.1551,-0.1669,-0.1474,-0.1669,-0.1632,120,138,173,False
S1::side=high/liq_ref=pdh_pdl/liq_lb=20/confirm=close_beyond/imb=none/stop=structural/exit=time/window=4/id=9987f33f11bb,S1,275,18.0,0.455,0.031,0.003,1.096,7.8,0.0536,0.0161,0.0283,0.0161,-0.1047,72,88,115,False
S1::side=high/liq_ref=pdh_pdl/liq_lb=20/confirm=close_beyond/imb=none/stop=structural/exit=time/window=8/id=40eb12006034,S1,378,25.0,0.471,0.0374,0.0089,1.123,10.8,0.0489,0.0463,0.0211,0.0211,-0.092,110,123,145,False
S1::side=high/liq_ref=pdh_pdl/liq_lb=20/confirm=close_beyond/imb=fvg/stop=beyond_sweep/exit=rr2/window=4/id=323142ae0bd6,S1,211,14.0,0.365,-0.0389,-0.0732,0.922,29.6,0.0247,-0.2499,0.0719,-0.2499,-0.1401,52,65,94,False
S1::side=high/liq_ref=pdh_pdl/liq_lb=20/confirm=close_beyond/imb=fvg/stop=beyond_sweep/exit=rr2/window=8/id=2d2a2c0ee591,S1,302,20.0,0.404,0.0141,-0.0197,1.031,20.9,0.0758,-0.0779,0.0434,-0.0779,-0.0894,86,96,120,False
S1::side=high/liq_ref=pdh_pdl/liq_lb=20/confirm=close_beyond/imb=fvg/stop=beyond_sweep/exit=rr3/window=4/id=fb104f1c91fd,S1,211,14.0,0.332,-0.0994,-0.1337,0.814,32.4,0.0477,-0.2831,-0.0537,-0.2831,-0.2532,52,65,94,False
S1::side=high/liq_ref=pdh_pdl/liq_lb=20/confirm=close_beyond/imb=fvg/stop=beyond_sweep/exit=rr3/window=8/id=1878d308a18b,S1,302,20.0,0.384,-0.0106,-0.0445,0.978,23.8,0.1159,-0.0902,-0.0376,-0.0902,-0.1675,86,96,120,False
S1::side=high/liq_ref=pdh_pdl/liq_lb=20/confirm=close_beyond/imb=fvg/stop=beyond_sweep/exit=opp_liq/window=4/id=709d4a08a09b,S1,221,15.0,0.0,-0.2181,-0.2521,0.0,47.9,-0.2029,-0.2211,-0.224,-0.224,-0.2285,53,68,100,False
S1::side=high/liq_ref=pdh_pdl/liq_lb=20/confirm=close_beyond/imb=fvg/stop=beyond_sweep/exit=opp_liq/window=8/id=00a5320db0f2,S1,321,21.0,0.0,-0.1952,-0.2291,0.0,62.4,-0.1781,-0.1994,-0.2037,-0.2037,-0.2045,90,102,129,False
S1::side=high/liq_ref=pdh_pdl/liq_lb=20/confirm=close_beyond/imb=fvg/stop=beyond_sweep/exit=time/window=4/id=65aa955db050,S1,211,14.0,0.412,-0.0427,-0.0771,0.901,19.6,0.0218,-0.1512,-0.0034,-0.1512,-0.2031,52,65,94,False
S1::side=high/liq_ref=pdh_pdl/liq_lb=20/confirm=close_beyond/imb=fvg/stop=beyond_sweep/exit=time/window=8/id=eed1812e96a5,S1,306,20.0,0.435,-0.011,-0.0449,0.972,18.8,0.0006,-0.056,0.0165,-0.056,-0.1601,87,97,122,False
S1::side=high/liq_ref=pdh_pdl/liq_lb=20/confirm=close_beyond/imb=fvg/stop=structural/exit=rr2/window=4/id=6aa7179f252e,S1,203,14.0,0.379,-0.0544,-0.0796,0.866,19.3,0.0754,-0.227,-0.0032,-0.227,-0.1605,50,64,89,False
S1::side=high/liq_ref=pdh_pdl/liq_lb=20/confirm=close_beyond/imb=fvg/stop=structural/exit=rr2/window=8/id=a6fa347c944d,S1,297,20.0,0.424,0.0106,-0.0152,1.029,11.6,0.0927,-0.0464,-0.0036,-0.0464,-0.088,86,95,116,False
S1::side=high/liq_ref=pdh_pdl/liq_lb=20/confirm=close_beyond/imb=fvg/stop=structural/exit=rr3/window=4/id=2b40d071c423,S1,203,14.0,0.379,-0.0325,-0.0577,0.92,16.3,0.0457,-0.2015,0.045,-0.2015,-0.1868,50,64,89,False
S1::side=high/liq_ref=pdh_pdl/liq_lb=20/confirm=close_beyond/imb=fvg/stop=structural/exit=rr3/window=8/id=ae67c40079ae,S1,297,20.0,0.418,0.0132,-0.0126,1.035,13.2,0.0584,-0.0765,0.0533,-0.0765,-0.1323,86,95,116,False
S1::side=high/liq_ref=pdh_pdl/liq_lb=20/confirm=close_beyond/imb=fvg/stop=structural/exit=opp_liq/window=4/id=0bc7dfad3980,S1,221,15.0,0.0,-0.1618,-0.1866,0.0,35.6,-0.1614,-0.1675,-0.1582,-0.1675,-0.1696,53,68,100,False
S1::side=high/liq_ref=pdh_pdl/liq_lb=20/confirm=close_beyond/imb=fvg/stop=structural/exit=opp_liq/window=8/id=05eaf60af9fa,S1,321,21.0,0.0,-0.1513,-0.177,0.0,48.4,-0.1464,-0.1555,-0.1514,-0.1555,-0.1586,90,102,129,False
S1::side=high/liq_ref=pdh_pdl/liq_lb=20/confirm=close_beyond/imb=fvg/stop=structural/exit=time/window=4/id=15bacae252ca,S1,208,14.0,0.442,-0.0138,-0.039,0.958,9.8,0.029,-0.1178,0.036,-0.1178,-0.1438,51,65,92,False
S1::side=high/liq_ref=pdh_pdl/liq_lb=20/confirm=close_beyond/imb=fvg/stop=structural/exit=time/window=8/id=268b75954fb0,S1,303,20.0,0.462,0.0169,-0.0091,1.056,7.8,0.0257,-0.0205,0.0404,-0.0205,-0.1073,87,96,120,False
S1::side=high/liq_ref=pdh_pdl/liq_lb=20/confirm=displacement/imb=none/stop=beyond_sweep/exit=rr2/window=4/id=a43f7223364a,S1,1524,102.0,0.406,0.0285,-0.0529,1.05,39.9,0.0736,-0.0019,0.016,-0.0019,-0.0748,498,539,487,False
S1::side=high/liq_ref=pdh_pdl/liq_lb=20/confirm=displacement/imb=none/stop=beyond_sweep/exit=rr2/window=8/id=a1eab2cd2ecb,S1,1987,132.0,0.438,0.0829,-0.0195,1.155,25.6,0.1227,0.0578,0.0687,0.0578,-0.0174,662,699,626,False
S1::side=high/liq_ref=pdh_pdl/liq_lb=20/confirm=displacement/imb=none/stop=beyond_sweep/exit=rr3/window=4/id=85dfa65a9ce1,S1,1491,99.0,0.372,0.0611,-0.0187,1.102,36.6,0.1145,-0.0037,0.078,-0.0037,-0.092,488,527,476,False
S1::side=high/liq_ref=pdh_pdl/liq_lb=20/confirm=displacement/imb=none/stop=beyond_sweep/exit=rr3/window=8/id=726c517bf1f6,S1,1937,129.0,0.401,0.102,0.0004,1.179,36.8,0.1773,0.0624,0.0673,0.0624,-0.0486,642,683,612,False
S1::side=high/liq_ref=pdh_pdl/liq_lb=20/confirm=displacement/imb=none/stop=beyond_sweep/exit=opp_liq/window=4/id=1ad97c12f066,S1,1514,101.0,0.367,-0.0152,-0.0857,0.972,95.8,0.0808,-0.0704,-0.0527,-0.0704,-0.286,496,530,488,False
S1::side=high/liq_ref=pdh_pdl/liq_lb=20/confirm=displacement/imb=none/stop=beyond_sweep/exit=opp_liq/window=8/id=e9ee42d4b697,S1,1963,131.0,0.384,0.0391,-0.06,1.073,77.0,0.1211,0.0146,-0.0194,-0.0194,-0.2525,651,686,626,False
S1::side=high/liq_ref=pdh_pdl/liq_lb=20/confirm=displacement/imb=none/stop=beyond_sweep/exit=time/window=4/id=1f9c02ec9330,S1,1490,99.0,0.379,0.0771,0.0042,1.137,52.2,0.1294,0.0218,0.085,0.0218,-0.2389,486,527,477,False
S1::side=high/liq_ref=pdh_pdl/liq_lb=20/confirm=displacement/imb=none/stop=beyond_sweep/exit=time/window=8/id=36e6f996c6ae,S1,1926,128.0,0.403,0.1315,0.033,1.24,36.3,0.2479,0.0667,0.082,0.0667,-0.2078,637,680,609,False
S1::side=high/liq_ref=pdh_pdl/liq_lb=20/confirm=displacement/imb=none/stop=structural/exit=rr2/window=4/id=3f9c4a56a19e,S1,1370,91.0,0.418,0.0445,-0.001,1.088,31.0,0.1212,0.0134,0.0027,0.0027,-0.0574,439,485,446,False
S1::side=high/liq_ref=pdh_pdl/liq_lb=20/confirm=displacement/imb=none/stop=structural/exit=rr2/window=8/id=c4862e0bf073,S1,1718,115.0,0.409,0.0377,-0.0098,1.073,33.5,0.1245,0.0107,-0.0187,-0.0187,-0.0642,551,611,556,False
S1::side=high/liq_ref=pdh_pdl/liq_lb=20/confirm=displacement/imb=none/stop=structural/exit=rr3/window=4/id=e33c4b4157fa,S1,1339,89.0,0.385,0.0309,-0.0149,1.057,52.3,0.1306,-0.0061,-0.0279,-0.0279,-0.1227,431,476,432,False
S1::side=high/liq_ref=pdh_pdl/liq_lb=20/confirm=displacement/imb=none/stop=structural/exit=rr3/window=8/id=ac181ad36504,S1,1657,110.0,0.373,0.0203,-0.0277,1.037,67.2,0.1267,-0.0174,-0.0435,-0.0435,-0.1343,531,589,537,False
S1::side=high/liq_ref=pdh_pdl/liq_lb=20/confirm=displacement/imb=none/stop=structural/exit=opp_liq/window=4/id=3e6b3b392476,S1,1398,93.0,0.401,-0.0325,-0.0781,0.932,88.4,0.0362,-0.0297,-0.1042,-0.1042,-0.2394,454,489,455,False
S1::side=high/liq_ref=pdh_pdl/liq_lb=20/confirm=displacement/imb=none/stop=structural/exit=opp_liq/window=8/id=29b69662927c,S1,1745,116.0,0.381,-0.0398,-0.0874,0.919,106.7,0.0264,-0.0295,-0.1159,-0.1159,-0.2574,563,609,573,False
S1::side=high/liq_ref=pdh_pdl/liq_lb=20/confirm=displacement/imb=none/stop=structural/exit=time/window=4/id=487cb57a9a18,S1,1379,92.0,0.414,0.0293,-0.017,1.062,49.8,0.0812,0.0531,-0.0481,-0.0481,-0.1807,447,484,448,False
S1::side=high/liq_ref=pdh_pdl/liq_lb=20/confirm=displacement/imb=none/stop=structural/exit=time/window=8/id=8fb15f6e16b1,S1,1724,115.0,0.408,0.0201,-0.0291,1.041,61.8,0.0995,0.0242,-0.0643,-0.0643,-0.1995,560,608,556,False
S1::side=high/liq_ref=pdh_pdl/liq_lb=20/confirm=displacement/imb=fvg/stop=beyond_sweep/exit=rr2/window=4/id=2a389e8c6322,S1,660,44.0,0.389,-0.0153,-0.0679,0.972,46.6,0.0013,0.0523,-0.1117,-0.1117,-0.1212,231,229,200,False
S1::side=high/liq_ref=pdh_pdl/liq_lb=20/confirm=displacement/imb=fvg/stop=beyond_sweep/exit=rr2/window=8/id=cfcb87aaacb7,S1,973,65.0,0.405,0.0268,-0.0369,1.051,46.9,0.0594,0.069,-0.0568,-0.0568,-0.0754,345,328,300,False
S1::side=high/liq_ref=pdh_pdl/liq_lb=20/confirm=displacement/imb=fvg/stop=beyond_sweep/exit=rr3/window=4/id=8934ecffb1e3,S1,657,44.0,0.361,-0.0169,-0.0696,0.97,46.4,0.0017,0.0275,-0.0895,-0.0895,-0.171,229,229,199,False
S1::side=high/liq_ref=pdh_pdl/liq_lb=20/confirm=displacement/imb=fvg/stop=beyond_sweep/exit=rr3/window=8/id=b215046281ba,S1,963,64.0,0.375,0.0352,-0.0267,1.063,42.0,0.0917,0.0591,-0.0551,-0.0551,-0.1199,338,327,298,False
S1::side=high/liq_ref=pdh_pdl/liq_lb=20/confirm=displacement/imb=fvg/stop=beyond_sweep/exit=opp_liq/window=4/id=463e75ab2bfb,S1,669,45.0,0.38,-0.0406,-0.093,0.914,43.6,-0.0126,-0.0363,-0.0779,-0.0779,-0.2486,234,232,203,False
S1::side=high/liq_ref=pdh_pdl/liq_lb=20/confirm=displacement/imb=fvg/stop=beyond_sweep/exit=opp_liq/window=8/id=3f5ca77f169f,S1,977,65.0,0.372,-0.0108,-0.0594,0.978,46.8,0.0143,0.0459,-0.1015,-0.1015,-0.2495,345,330,302,False
S1::side=high/liq_ref=pdh_pdl/liq_lb=20/confirm=displacement/imb=fvg/stop=beyond_sweep/exit=time/window=4/id=6f1ae42d01a6,S1,657,44.0,0.4,0.0515,-0.0013,1.104,26.4,0.023,0.1572,-0.0358,-0.0358,-0.2134,230,227,200,False
S1::side=high/liq_ref=pdh_pdl/liq_lb=20/confirm=displacement/imb=fvg/stop=beyond_sweep/exit=time/window=8/id=925e5ea6fa4b,S1,964,64.0,0.401,0.0973,0.0538,1.193,28.7,0.1523,0.1697,-0.0448,-0.0448,-0.2018,340,326,298,False
S1::side=high/liq_ref=pdh_pdl/liq_lb=20/confirm=displacement/imb=fvg/stop=structural/exit=rr2/window=4/id=61158efd712e,S1,629,42.0,0.439,0.0242,-0.0066,1.056,30.3,0.01,0.0766,-0.0203,-0.0203,-0.078,217,221,191,False
S1::side=high/liq_ref=pdh_pdl/liq_lb=20/confirm=displacement/imb=fvg/stop=structural/exit=rr2/window=8/id=60294a4394cd,S1,895,60.0,0.441,0.0585,0.0225,1.133,25.9,0.1165,0.085,-0.0373,-0.0373,-0.0416,315,305,275,False
S1::side=high/liq_ref=pdh_pdl/liq_lb=20/confirm=displacement/imb=fvg/stop=structural/exit=rr3/window=4/id=b3c3b9604593,S1,627,42.0,0.421,0.0105,-0.0204,1.023,34.9,-0.001,0.0864,-0.064,-0.064,-0.1446,216,220,191,False
S1::side=high/liq_ref=pdh_pdl/liq_lb=20/confirm=displacement/imb=fvg/stop=structural/exit=rr3/window=8/id=c9deeb18832c,S1,882,59.0,0.418,0.035,-0.0011,1.076,45.9,0.131,0.0487,-0.0891,-0.0891,-0.1203,308,302,272,False
S1::side=high/liq_ref=pdh_pdl/liq_lb=20/confirm=displacement/imb=fvg/stop=structural/exit=opp_liq/window=4/id=1e264c6d0cc1,S1,649,43.0,0.448,-0.0127,-0.0433,0.965,25.5,-0.0146,0.0041,-0.0295,-0.0295,-0.155,222,227,200,False
S1::side=high/liq_ref=pdh_pdl/liq_lb=20/confirm=displacement/imb=fvg/stop=structural/exit=opp_liq/window=8/id=127eb49311b0,S1,921,61.0,0.418,-0.0201,-0.0557,0.949,37.6,0.0235,0.0012,-0.0917,-0.0917,-0.1872,319,314,288,False
S1::side=high/liq_ref=pdh_pdl/liq_lb=20/confirm=displacement/imb=fvg/stop=structural/exit=time/window=4/id=d7bac3039f23,S1,639,43.0,0.455,0.0397,0.0089,1.11,14.3,0.0021,0.1294,-0.0197,-0.0197,-0.1221,221,222,196,False
S1::side=high/liq_ref=pdh_pdl/liq_lb=20/confirm=displacement/imb=fvg/stop=structural/exit=time/window=8/id=d6682e73873f,S1,906,60.0,0.449,0.0502,0.0141,1.13,24.9,0.1068,0.0945,-0.062,-0.062,-0.1366,315,310,281,False
S1::side=high/liq_ref=pdh_pdl/liq_lb=50/confirm=consecutive2/imb=none/stop=beyond_sweep/exit=rr2/window=4/id=5d45f4f8b641,S1,2996,200.0,0.39,0.0054,-0.1095,1.009,102.8,0.0991,-0.048,-0.0359,-0.048,-0.0986,1012,1065,919,False
S1::side=high/liq_ref=pdh_pdl/liq_lb=50/confirm=consecutive2/imb=none/stop=beyond_sweep/exit=rr2/window=8/id=33aa030ea1c0,S1,3714,248.0,0.44,0.0702,-0.0685,1.125,32.4,0.1369,0.0349,0.0386,0.0349,-0.0306,1243,1314,1157,False
S1::side=high/liq_ref=pdh_pdl/liq_lb=50/confirm=consecutive2/imb=none/stop=beyond_sweep/exit=rr3/window=4/id=5fdb60fc94fa,S1,2911,194.0,0.346,0.0201,-0.0951,1.031,107.2,0.1581,-0.0615,-0.0374,-0.0615,-0.1361,983,1031,897,False
S1::side=high/liq_ref=pdh_pdl/liq_lb=50/confirm=consecutive2/imb=none/stop=beyond_sweep/exit=rr3/window=8/id=43c667e45a65,S1,3610,241.0,0.403,0.091,-0.0483,1.152,40.7,0.1877,0.047,0.0373,0.0373,-0.0617,1207,1276,1127,False
S1::side=high/liq_ref=pdh_pdl/liq_lb=50/confirm=consecutive2/imb=none/stop=beyond_sweep/exit=opp_liq/window=4/id=ca1ed54a0110,S1,2983,199.0,0.345,0.0783,-0.0969,1.125,128.4,0.3467,-0.0281,-0.0862,-0.0862,-0.337,990,1068,925,False
S1::side=high/liq_ref=pdh_pdl/liq_lb=50/confirm=consecutive2/imb=none/stop=beyond_sweep/exit=opp_liq/window=8/id=c72416bfc494,S1,3667,244.0,0.393,0.0833,-0.0561,1.143,57.7,0.1664,0.0673,0.0135,0.0135,-0.2581,1215,1301,1151,False
S1::side=high/liq_ref=pdh_pdl/liq_lb=50/confirm=consecutive2/imb=none/stop=beyond_sweep/exit=time/window=4/id=1dff224a2e7a,S1,2950,197.0,0.339,0.0869,-0.0584,1.138,82.9,0.212,0.0475,-0.004,-0.004,-0.3224,991,1051,908,False
S1::side=high/liq_ref=pdh_pdl/liq_lb=50/confirm=consecutive2/imb=none/stop=beyond_sweep/exit=time/window=8/id=d5d574be4a11,S1,3642,243.0,0.392,0.1188,-0.0217,1.203,51.3,0.1659,0.0944,0.0963,0.0944,-0.2369,1214,1293,1135,False
S1::side=high/liq_ref=pdh_pdl/liq_lb=50/confirm=consecutive2/imb=none/stop=structural/exit=rr2/window=4/id=f4ccd8b3356e,S1,2375,158.0,0.414,0.0414,-0.0149,1.079,38.1,0.1253,0.006,-0.0074,-0.0074,-0.0609,788,839,748,False
S1::side=high/liq_ref=pdh_pdl/liq_lb=50/confirm=consecutive2/imb=none/stop=structural/exit=rr2/window=8/id=466ee6b779a1,S1,2831,189.0,0.398,0.0181,-0.0427,1.033,54.6,0.0905,-0.0123,-0.0219,-0.0219,-0.086,923,1001,907,False
S1::side=high/liq_ref=pdh_pdl/liq_lb=50/confirm=consecutive2/imb=none/stop=structural/exit=rr3/window=4/id=8abd2085469f,S1,2320,155.0,0.378,0.0384,-0.0183,1.069,54.0,0.1365,-0.0081,-0.013,-0.013,-0.118,771,817,732,False
S1::side=high/liq_ref=pdh_pdl/liq_lb=50/confirm=consecutive2/imb=none/stop=structural/exit=rr3/window=8/id=7e7b5d41d588,S1,2748,183.0,0.36,0.0225,-0.0391,1.039,76.4,0.1239,-0.0175,-0.0377,-0.0377,-0.134,903,967,878,False
S1::side=high/liq_ref=pdh_pdl/liq_lb=50/confirm=consecutive2/imb=none/stop=structural/exit=opp_liq/window=4/id=615f9d7d4512,S1,2460,164.0,0.409,0.015,-0.041,1.03,115.6,0.1576,-0.0257,-0.0864,-0.0864,-0.2365,808,864,788,False
S1::side=high/liq_ref=pdh_pdl/liq_lb=50/confirm=consecutive2/imb=none/stop=structural/exit=opp_liq/window=8/id=ed01d9599a38,S1,2888,192.0,0.379,-0.0036,-0.0645,0.993,162.8,0.1394,-0.0421,-0.106,-0.106,-0.2742,941,1013,934,False
S1::side=high/liq_ref=pdh_pdl/liq_lb=50/confirm=consecutive2/imb=none/stop=structural/exit=time/window=4/id=7e4c3330254e,S1,2488,166.0,0.397,0.0413,-0.017,1.083,56.7,0.126,0.019,-0.0236,-0.0236,-0.2091,826,887,775,False
S1::side=high/liq_ref=pdh_pdl/liq_lb=50/confirm=consecutive2/imb=none/stop=structural/exit=time/window=8/id=609a340e30a8,S1,2945,196.0,0.38,0.038,-0.0252,1.072,58.7,0.1069,0.0302,-0.0254,-0.0254,-0.2318,970,1049,926,False
S1::side=high/liq_ref=pdh_pdl/liq_lb=50/confirm=consecutive2/imb=fvg/stop=beyond_sweep/exit=rr2/window=4/id=448648af1b3c,S1,1435,96.0,0.362,-0.0524,-0.1318,0.914,85.0,-0.0357,-0.0497,-0.0727,-0.0727,-0.1592,468,512,455,False
S1::side=high/liq_ref=pdh_pdl/liq_lb=50/confirm=consecutive2/imb=fvg/stop=beyond_sweep/exit=rr2/window=8/id=fa2809e7af41,S1,1734,116.0,0.387,-0.0133,-0.1117,0.977,55.9,-0.0196,0.0278,-0.0525,-0.0525,-0.1183,564,614,556,False
S1::side=high/liq_ref=pdh_pdl/liq_lb=50/confirm=consecutive2/imb=fvg/stop=beyond_sweep/exit=rr3/window=4/id=73729c9aa910,S1,1427,95.0,0.327,-0.0256,-0.1051,0.96,82.2,0.0211,-0.0204,-0.0796,-0.0796,-0.1836,466,508,453,False
S1::side=high/liq_ref=pdh_pdl/liq_lb=50/confirm=consecutive2/imb=fvg/stop=beyond_sweep/exit=rr3/window=8/id=7ffa688a6513,S1,1719,115.0,0.354,0.0233,-0.0738,1.037,51.7,0.0363,0.0712,-0.0424,-0.0424,-0.1316,560,606,553,False
S1::side=high/liq_ref=pdh_pdl/liq_lb=50/confirm=consecutive2/imb=fvg/stop=beyond_sweep/exit=opp_liq/window=4/id=e28591c7358f,S1,1447,96.0,0.348,-0.0054,-0.0847,0.991,93.3,0.1155,-0.0315,-0.0994,-0.0994,-0.3256,470,516,461,False
S1::side=high/liq_ref=pdh_pdl/liq_lb=50/confirm=consecutive2/imb=fvg/stop=beyond_sweep/exit=opp_liq/window=8/id=1cb754dd69bc,S1,1735,116.0,0.364,0.0728,-0.0379,1.126,59.4,0.1235,0.1575,-0.0705,-0.0705,-0.2895,567,608,560,False
S1::side=high/liq_ref=pdh_pdl/liq_lb=50/confirm=consecutive2/imb=fvg/stop=beyond_sweep/exit=time/window=4/id=0317d2d7445a,S1,1439,96.0,0.341,0.007,-0.0727,1.012,76.6,0.1045,-0.0423,-0.0377,-0.0423,-0.2996,469,512,458,False
S1::side=high/liq_ref=pdh_pdl/liq_lb=50/confirm=consecutive2/imb=fvg/stop=beyond_sweep/exit=time/window=8/id=849f8e031818,S1,1725,115.0,0.365,0.0953,-0.0092,1.168,47.2,0.0993,0.1375,0.0448,0.0448,-0.2617,564,607,554,False
S1::side=high/liq_ref=pdh_pdl/liq_lb=50/confirm=consecutive2/imb=fvg/stop=structural/exit=rr2/window=4/id=5b52f2608ce5,S1,1258,84.0,0.419,0.0177,-0.021,1.038,32.5,0.0608,0.0323,-0.0425,-0.0425,-0.085,409,447,402,False
S1::side=high/liq_ref=pdh_pdl/liq_lb=50/confirm=consecutive2/imb=fvg/stop=structural/exit=rr2/window=8/id=874dd67e854c,S1,1461,97.0,0.418,0.0259,-0.0157,1.055,33.4,0.0621,0.053,-0.0381,-0.0381,-0.0785,469,511,481,False
S1::side=high/liq_ref=pdh_pdl/liq_lb=50/confirm=consecutive2/imb=fvg/stop=structural/exit=rr3/window=4/id=d94ad4eaf7dc,S1,1252,83.0,0.395,0.0024,-0.0363,1.005,54.6,0.0708,0.0067,-0.0718,-0.0718,-0.1539,407,444,401,False
S1::side=high/liq_ref=pdh_pdl/liq_lb=50/confirm=consecutive2/imb=fvg/stop=structural/exit=rr3/window=8/id=f49f7e6303ea,S1,1449,97.0,0.395,0.0277,-0.014,1.056,41.1,0.0924,0.0449,-0.0538,-0.0538,-0.1278,467,505,477,False
S1::side=high/liq_ref=pdh_pdl/liq_lb=50/confirm=consecutive2/imb=fvg/stop=structural/exit=opp_liq/window=4/id=d85835aec9a3,S1,1298,87.0,0.448,-0.0009,-0.0394,0.998,51.5,0.0796,-0.0126,-0.0682,-0.0682,-0.1834,417,463,418,False
S1::side=high/liq_ref=pdh_pdl/liq_lb=50/confirm=consecutive2/imb=fvg/stop=structural/exit=opp_liq/window=8/id=e17706646b5d,S1,1502,100.0,0.435,0.0056,-0.0359,1.013,50.0,0.0794,0.0028,-0.0637,-0.0637,-0.1935,483,526,493,False
S1::side=high/liq_ref=pdh_pdl/liq_lb=50/confirm=consecutive2/imb=fvg/stop=structural/exit=time/window=4/id=10c541c35007,S1,1314,88.0,0.434,0.0225,-0.0165,1.057,36.0,0.0712,0.0405,-0.0466,-0.0466,-0.1583,423,470,421,False
S1::side=high/liq_ref=pdh_pdl/liq_lb=50/confirm=consecutive2/imb=fvg/stop=structural/exit=time/window=8/id=4581fb6eaab9,S1,1530,102.0,0.441,0.0561,0.0139,1.14,30.6,0.0709,0.104,-0.0104,-0.0104,-0.1433,491,540,499,False
S1::side=high/liq_ref=pdh_pdl/liq_lb=50/confirm=close_beyond/imb=none/stop=beyond_sweep/exit=rr2/window=4/id=e80f62efef58,S1,280,19.0,0.396,0.0192,-0.0186,1.04,24.2,0.0556,-0.1107,0.0968,-0.1107,-0.0847,74,90,116,False
S1::side=high/liq_ref=pdh_pdl/liq_lb=50/confirm=close_beyond/imb=none/stop=beyond_sweep/exit=rr2/window=8/id=55b69d3907e4,S1,376,25.0,0.41,0.0303,-0.0063,1.066,20.6,0.0679,-0.0263,0.0502,-0.0263,-0.0685,109,123,144,False
S1::side=high/liq_ref=pdh_pdl/liq_lb=50/confirm=close_beyond/imb=none/stop=beyond_sweep/exit=rr3/window=4/id=97d1a3d8ab25,S1,280,19.0,0.371,0.0048,-0.033,1.009,25.7,0.1033,-0.1306,0.047,-0.1306,-0.1524,74,90,116,False
S1::side=high/liq_ref=pdh_pdl/liq_lb=50/confirm=close_beyond/imb=none/stop=beyond_sweep/exit=rr3/window=8/id=8e7b77c23101,S1,376,25.0,0.391,0.0257,-0.0109,1.054,21.1,0.1097,-0.0226,0.0034,-0.0226,-0.1234,109,123,144,False
S1::side=high/liq_ref=pdh_pdl/liq_lb=50/confirm=close_beyond/imb=none/stop=beyond_sweep/exit=opp_liq/window=4/id=508e609a7bbe,S1,322,21.0,0.0,-0.2217,-0.2601,0.0,71.1,-0.2123,-0.2336,-0.2186,-0.2336,-0.2322,81,100,141,False
S1::side=high/liq_ref=pdh_pdl/liq_lb=50/confirm=close_beyond/imb=none/stop=beyond_sweep/exit=opp_liq/window=8/id=005f2af5d6ec,S1,431,29.0,0.0,-0.2028,-0.2403,0.0,87.2,-0.19,-0.2156,-0.2015,-0.2156,-0.2123,120,138,173,False
S1::side=high/liq_ref=pdh_pdl/liq_lb=50/confirm=close_beyond/imb=none/stop=beyond_sweep/exit=time/window=4/id=9c4a36d5173b,S1,284,19.0,0.433,0.0378,-0.0002,1.091,11.1,0.0565,0.026,0.0349,0.026,-0.1485,75,90,119,False
S1::side=high/liq_ref=pdh_pdl/liq_lb=50/confirm=close_beyond/imb=none/stop=beyond_sweep/exit=time/window=8/id=9fb893922e96,S1,387,26.0,0.45,0.0297,-0.0074,1.077,16.3,0.028,0.0439,0.0188,0.0188,-0.1374,112,126,149,False
S1::side=high/liq_ref=pdh_pdl/liq_lb=50/confirm=close_beyond/imb=none/stop=structural/exit=rr2/window=4/id=bb94f746ee09,S1,265,18.0,0.415,0.0312,0.0038,1.08,14.4,0.1787,-0.0938,0.0375,-0.0938,-0.0701,69,87,109,False
S1::side=high/liq_ref=pdh_pdl/liq_lb=50/confirm=close_beyond/imb=none/stop=structural/exit=rr2/window=8/id=28abffe87a1b,S1,364,24.0,0.434,0.0399,0.0122,1.107,11.3,0.1426,-0.0033,-0.0015,-0.0033,-0.0621,106,120,138,False
S1::side=high/liq_ref=pdh_pdl/liq_lb=50/confirm=close_beyond/imb=none/stop=structural/exit=rr3/window=4/id=d5c61ca602b1,S1,265,18.0,0.415,0.052,0.0246,1.133,9.4,0.1389,-0.0575,0.0843,-0.0575,-0.0996,69,87,109,False
S1::side=high/liq_ref=pdh_pdl/liq_lb=50/confirm=close_beyond/imb=none/stop=structural/exit=rr3/window=8/id=fe2c8ae2e656,S1,364,24.0,0.429,0.0502,0.0225,1.133,11.8,0.1069,-0.0021,0.0522,-0.0021,-0.1027,106,120,138,False
S1::side=high/liq_ref=pdh_pdl/liq_lb=50/confirm=close_beyond/imb=none/stop=structural/exit=opp_liq/window=4/id=f891a7ba1171,S1,322,21.0,0.0,-0.1629,-0.1913,0.0,52.3,-0.1665,-0.1739,-0.153,-0.1739,-0.1708,81,100,141,False
S1::side=high/liq_ref=pdh_pdl/liq_lb=50/confirm=close_beyond/imb=none/stop=structural/exit=opp_liq/window=8/id=923aac9cb160,S1,431,29.0,0.0,-0.1558,-0.1846,0.0,67.0,-0.1551,-0.1669,-0.1474,-0.1669,-0.1632,120,138,173,False
S1::side=high/liq_ref=pdh_pdl/liq_lb=50/confirm=close_beyond/imb=none/stop=structural/exit=time/window=4/id=ecf62b4160f2,S1,275,18.0,0.455,0.031,0.003,1.096,7.8,0.0536,0.0161,0.0283,0.0161,-0.1047,72,88,115,False
S1::side=high/liq_ref=pdh_pdl/liq_lb=50/confirm=close_beyond/imb=none/stop=structural/exit=time/window=8/id=37b93b174190,S1,378,25.0,0.471,0.0374,0.0089,1.123,10.8,0.0489,0.0463,0.0211,0.0211,-0.092,110,123,145,False
S1::side=high/liq_ref=pdh_pdl/liq_lb=50/confirm=close_beyond/imb=fvg/stop=beyond_sweep/exit=rr2/window=4/id=7864e61b8eb8,S1,211,14.0,0.365,-0.0389,-0.0732,0.922,29.6,0.0247,-0.2499,0.0719,-0.2499,-0.1401,52,65,94,False
S1::side=high/liq_ref=pdh_pdl/liq_lb=50/confirm=close_beyond/imb=fvg/stop=beyond_sweep/exit=rr2/window=8/id=4f39f4819b83,S1,302,20.0,0.404,0.0141,-0.0197,1.031,20.9,0.0758,-0.0779,0.0434,-0.0779,-0.0894,86,96,120,False
S1::side=high/liq_ref=pdh_pdl/liq_lb=50/confirm=close_beyond/imb=fvg/stop=beyond_sweep/exit=rr3/window=4/id=5338c7aafcd4,S1,211,14.0,0.332,-0.0994,-0.1337,0.814,32.4,0.0477,-0.2831,-0.0537,-0.2831,-0.2532,52,65,94,False
S1::side=high/liq_ref=pdh_pdl/liq_lb=50/confirm=close_beyond/imb=fvg/stop=beyond_sweep/exit=rr3/window=8/id=3534ce9c09ce,S1,302,20.0,0.384,-0.0106,-0.0445,0.978,23.8,0.1159,-0.0902,-0.0376,-0.0902,-0.1675,86,96,120,False
S1::side=high/liq_ref=pdh_pdl/liq_lb=50/confirm=close_beyond/imb=fvg/stop=beyond_sweep/exit=opp_liq/window=4/id=388d40bb8097,S1,221,15.0,0.0,-0.2181,-0.2521,0.0,47.9,-0.2029,-0.2211,-0.224,-0.224,-0.2285,53,68,100,False
S1::side=high/liq_ref=pdh_pdl/liq_lb=50/confirm=close_beyond/imb=fvg/stop=beyond_sweep/exit=opp_liq/window=8/id=11132bb42428,S1,321,21.0,0.0,-0.1952,-0.2291,0.0,62.4,-0.1781,-0.1994,-0.2037,-0.2037,-0.2045,90,102,129,False
S1::side=high/liq_ref=pdh_pdl/liq_lb=50/confirm=close_beyond/imb=fvg/stop=beyond_sweep/exit=time/window=4/id=88492c2ae3eb,S1,211,14.0,0.412,-0.0427,-0.0771,0.901,19.6,0.0218,-0.1512,-0.0034,-0.1512,-0.2031,52,65,94,False
S1::side=high/liq_ref=pdh_pdl/liq_lb=50/confirm=close_beyond/imb=fvg/stop=beyond_sweep/exit=time/window=8/id=c82dba0aea63,S1,306,20.0,0.435,-0.011,-0.0449,0.972,18.8,0.0006,-0.056,0.0165,-0.056,-0.1601,87,97,122,False
S1::side=high/liq_ref=pdh_pdl/liq_lb=50/confirm=close_beyond/imb=fvg/stop=structural/exit=rr2/window=4/id=b65fad042ec2,S1,203,14.0,0.379,-0.0544,-0.0796,0.866,19.3,0.0754,-0.227,-0.0032,-0.227,-0.1605,50,64,89,False
S1::side=high/liq_ref=pdh_pdl/liq_lb=50/confirm=close_beyond/imb=fvg/stop=structural/exit=rr2/window=8/id=00c0c12c8ce6,S1,297,20.0,0.424,0.0106,-0.0152,1.029,11.6,0.0927,-0.0464,-0.0036,-0.0464,-0.088,86,95,116,False
S1::side=high/liq_ref=pdh_pdl/liq_lb=50/confirm=close_beyond/imb=fvg/stop=structural/exit=rr3/window=4/id=113584a772db,S1,203,14.0,0.379,-0.0325,-0.0577,0.92,16.3,0.0457,-0.2015,0.045,-0.2015,-0.1868,50,64,89,False
S1::side=high/liq_ref=pdh_pdl/liq_lb=50/confirm=close_beyond/imb=fvg/stop=structural/exit=rr3/window=8/id=20f697a94c0a,S1,297,20.0,0.418,0.0132,-0.0126,1.035,13.2,0.0584,-0.0765,0.0533,-0.0765,-0.1323,86,95,116,False
S1::side=high/liq_ref=pdh_pdl/liq_lb=50/confirm=close_beyond/imb=fvg/stop=structural/exit=opp_liq/window=4/id=d846467598b7,S1,221,15.0,0.0,-0.1618,-0.1866,0.0,35.6,-0.1614,-0.1675,-0.1582,-0.1675,-0.1696,53,68,100,False
S1::side=high/liq_ref=pdh_pdl/liq_lb=50/confirm=close_beyond/imb=fvg/stop=structural/exit=opp_liq/window=8/id=612aaa98ae39,S1,321,21.0,0.0,-0.1513,-0.177,0.0,48.4,-0.1464,-0.1555,-0.1514,-0.1555,-0.1586,90,102,129,False
S1::side=high/liq_ref=pdh_pdl/liq_lb=50/confirm=close_beyond/imb=fvg/stop=structural/exit=time/window=4/id=78fef2ef32c3,S1,208,14.0,0.442,-0.0138,-0.039,0.958,9.8,0.029,-0.1178,0.036,-0.1178,-0.1438,51,65,92,False
S1::side=high/liq_ref=pdh_pdl/liq_lb=50/confirm=close_beyond/imb=fvg/stop=structural/exit=time/window=8/id=c23064aad7c8,S1,303,20.0,0.462,0.0169,-0.0091,1.056,7.8,0.0257,-0.0205,0.0404,-0.0205,-0.1073,87,96,120,False
S1::side=high/liq_ref=pdh_pdl/liq_lb=50/confirm=displacement/imb=none/stop=beyond_sweep/exit=rr2/window=4/id=2fef8a01b9a9,S1,1524,102.0,0.406,0.0285,-0.0529,1.05,39.9,0.0736,-0.0019,0.016,-0.0019,-0.0748,498,539,487,False
S1::side=high/liq_ref=pdh_pdl/liq_lb=50/confirm=displacement/imb=none/stop=beyond_sweep/exit=rr2/window=8/id=4c92c109f3f8,S1,1987,132.0,0.438,0.0829,-0.0195,1.155,25.6,0.1227,0.0578,0.0687,0.0578,-0.0174,662,699,626,False
S1::side=high/liq_ref=pdh_pdl/liq_lb=50/confirm=displacement/imb=none/stop=beyond_sweep/exit=rr3/window=4/id=7a30ffb46ef6,S1,1491,99.0,0.372,0.0611,-0.0187,1.102,36.6,0.1145,-0.0037,0.078,-0.0037,-0.092,488,527,476,False
S1::side=high/liq_ref=pdh_pdl/liq_lb=50/confirm=displacement/imb=none/stop=beyond_sweep/exit=rr3/window=8/id=f764149d00c7,S1,1937,129.0,0.401,0.102,0.0004,1.179,36.8,0.1773,0.0624,0.0673,0.0624,-0.0486,642,683,612,False
S1::side=high/liq_ref=pdh_pdl/liq_lb=50/confirm=displacement/imb=none/stop=beyond_sweep/exit=opp_liq/window=4/id=6216c12ba42e,S1,1514,101.0,0.367,-0.0152,-0.0857,0.972,95.8,0.0808,-0.0704,-0.0527,-0.0704,-0.286,496,530,488,False
S1::side=high/liq_ref=pdh_pdl/liq_lb=50/confirm=displacement/imb=none/stop=beyond_sweep/exit=opp_liq/window=8/id=8b30ed6f4c24,S1,1963,131.0,0.384,0.0391,-0.06,1.073,77.0,0.1211,0.0146,-0.0194,-0.0194,-0.2525,651,686,626,False
S1::side=high/liq_ref=pdh_pdl/liq_lb=50/confirm=displacement/imb=none/stop=beyond_sweep/exit=time/window=4/id=c6bfcbc3d9a2,S1,1490,99.0,0.379,0.0771,0.0042,1.137,52.2,0.1294,0.0218,0.085,0.0218,-0.2389,486,527,477,False
S1::side=high/liq_ref=pdh_pdl/liq_lb=50/confirm=displacement/imb=none/stop=beyond_sweep/exit=time/window=8/id=024f5daad360,S1,1926,128.0,0.403,0.1315,0.033,1.24,36.3,0.2479,0.0667,0.082,0.0667,-0.2078,637,680,609,False
S1::side=high/liq_ref=pdh_pdl/liq_lb=50/confirm=displacement/imb=none/stop=structural/exit=rr2/window=4/id=e373245cd618,S1,1370,91.0,0.418,0.0445,-0.001,1.088,31.0,0.1212,0.0134,0.0027,0.0027,-0.0574,439,485,446,False
S1::side=high/liq_ref=pdh_pdl/liq_lb=50/confirm=displacement/imb=none/stop=structural/exit=rr2/window=8/id=00aa8e8c9221,S1,1718,115.0,0.409,0.0377,-0.0098,1.073,33.5,0.1245,0.0107,-0.0187,-0.0187,-0.0642,551,611,556,False
S1::side=high/liq_ref=pdh_pdl/liq_lb=50/confirm=displacement/imb=none/stop=structural/exit=rr3/window=4/id=7a43a2b599c4,S1,1339,89.0,0.385,0.0309,-0.0149,1.057,52.3,0.1306,-0.0061,-0.0279,-0.0279,-0.1227,431,476,432,False
S1::side=high/liq_ref=pdh_pdl/liq_lb=50/confirm=displacement/imb=none/stop=structural/exit=rr3/window=8/id=111a82bb4ad0,S1,1657,110.0,0.373,0.0203,-0.0277,1.037,67.2,0.1267,-0.0174,-0.0435,-0.0435,-0.1343,531,589,537,False
S1::side=high/liq_ref=pdh_pdl/liq_lb=50/confirm=displacement/imb=none/stop=structural/exit=opp_liq/window=4/id=3718df0ba3c2,S1,1398,93.0,0.401,-0.0325,-0.0781,0.932,88.4,0.0362,-0.0297,-0.1042,-0.1042,-0.2394,454,489,455,False
S1::side=high/liq_ref=pdh_pdl/liq_lb=50/confirm=displacement/imb=none/stop=structural/exit=opp_liq/window=8/id=cac0927dd202,S1,1745,116.0,0.381,-0.0398,-0.0874,0.919,106.7,0.0264,-0.0295,-0.1159,-0.1159,-0.2574,563,609,573,False
S1::side=high/liq_ref=pdh_pdl/liq_lb=50/confirm=displacement/imb=none/stop=structural/exit=time/window=4/id=354aa0a8ba84,S1,1379,92.0,0.414,0.0293,-0.017,1.062,49.8,0.0812,0.0531,-0.0481,-0.0481,-0.1807,447,484,448,False
S1::side=high/liq_ref=pdh_pdl/liq_lb=50/confirm=displacement/imb=none/stop=structural/exit=time/window=8/id=a96acbfed319,S1,1724,115.0,0.408,0.0201,-0.0291,1.041,61.8,0.0995,0.0242,-0.0643,-0.0643,-0.1995,560,608,556,False
S1::side=high/liq_ref=pdh_pdl/liq_lb=50/confirm=displacement/imb=fvg/stop=beyond_sweep/exit=rr2/window=4/id=f65d0e0b8656,S1,660,44.0,0.389,-0.0153,-0.0679,0.972,46.6,0.0013,0.0523,-0.1117,-0.1117,-0.1212,231,229,200,False
S1::side=high/liq_ref=pdh_pdl/liq_lb=50/confirm=displacement/imb=fvg/stop=beyond_sweep/exit=rr2/window=8/id=ce40e7c2c556,S1,973,65.0,0.405,0.0268,-0.0369,1.051,46.9,0.0594,0.069,-0.0568,-0.0568,-0.0754,345,328,300,False
S1::side=high/liq_ref=pdh_pdl/liq_lb=50/confirm=displacement/imb=fvg/stop=beyond_sweep/exit=rr3/window=4/id=a85732d8e74e,S1,657,44.0,0.361,-0.0169,-0.0696,0.97,46.4,0.0017,0.0275,-0.0895,-0.0895,-0.171,229,229,199,False
S1::side=high/liq_ref=pdh_pdl/liq_lb=50/confirm=displacement/imb=fvg/stop=beyond_sweep/exit=rr3/window=8/id=50d2f3f070a0,S1,963,64.0,0.375,0.0352,-0.0267,1.063,42.0,0.0917,0.0591,-0.0551,-0.0551,-0.1199,338,327,298,False
S1::side=high/liq_ref=pdh_pdl/liq_lb=50/confirm=displacement/imb=fvg/stop=beyond_sweep/exit=opp_liq/window=4/id=395c8d442e8b,S1,669,45.0,0.38,-0.0406,-0.093,0.914,43.6,-0.0126,-0.0363,-0.0779,-0.0779,-0.2486,234,232,203,False
S1::side=high/liq_ref=pdh_pdl/liq_lb=50/confirm=displacement/imb=fvg/stop=beyond_sweep/exit=opp_liq/window=8/id=f7e9e1497f77,S1,977,65.0,0.372,-0.0108,-0.0594,0.978,46.8,0.0143,0.0459,-0.1015,-0.1015,-0.2495,345,330,302,False
S1::side=high/liq_ref=pdh_pdl/liq_lb=50/confirm=displacement/imb=fvg/stop=beyond_sweep/exit=time/window=4/id=86e1927d6dd0,S1,657,44.0,0.4,0.0515,-0.0013,1.104,26.4,0.023,0.1572,-0.0358,-0.0358,-0.2134,230,227,200,False
S1::side=high/liq_ref=pdh_pdl/liq_lb=50/confirm=displacement/imb=fvg/stop=beyond_sweep/exit=time/window=8/id=13f0faa62ee7,S1,964,64.0,0.401,0.0973,0.0538,1.193,28.7,0.1523,0.1697,-0.0448,-0.0448,-0.2018,340,326,298,False
S1::side=high/liq_ref=pdh_pdl/liq_lb=50/confirm=displacement/imb=fvg/stop=structural/exit=rr2/window=4/id=4fe9600b203f,S1,629,42.0,0.439,0.0242,-0.0066,1.056,30.3,0.01,0.0766,-0.0203,-0.0203,-0.078,217,221,191,False
S1::side=high/liq_ref=pdh_pdl/liq_lb=50/confirm=displacement/imb=fvg/stop=structural/exit=rr2/window=8/id=9e562c9c8828,S1,895,60.0,0.441,0.0585,0.0225,1.133,25.9,0.1165,0.085,-0.0373,-0.0373,-0.0416,315,305,275,False
S1::side=high/liq_ref=pdh_pdl/liq_lb=50/confirm=displacement/imb=fvg/stop=structural/exit=rr3/window=4/id=d6a6d7610ff0,S1,627,42.0,0.421,0.0105,-0.0204,1.023,34.9,-0.001,0.0864,-0.064,-0.064,-0.1446,216,220,191,False
S1::side=high/liq_ref=pdh_pdl/liq_lb=50/confirm=displacement/imb=fvg/stop=structural/exit=rr3/window=8/id=1ea14cf1eb82,S1,882,59.0,0.418,0.035,-0.0011,1.076,45.9,0.131,0.0487,-0.0891,-0.0891,-0.1203,308,302,272,False
S1::side=high/liq_ref=pdh_pdl/liq_lb=50/confirm=displacement/imb=fvg/stop=structural/exit=opp_liq/window=4/id=3aa0665440cd,S1,649,43.0,0.448,-0.0127,-0.0433,0.965,25.5,-0.0146,0.0041,-0.0295,-0.0295,-0.155,222,227,200,False
S1::side=high/liq_ref=pdh_pdl/liq_lb=50/confirm=displacement/imb=fvg/stop=structural/exit=opp_liq/window=8/id=64ff515b5af0,S1,921,61.0,0.418,-0.0201,-0.0557,0.949,37.6,0.0235,0.0012,-0.0917,-0.0917,-0.1872,319,314,288,False
S1::side=high/liq_ref=pdh_pdl/liq_lb=50/confirm=displacement/imb=fvg/stop=structural/exit=time/window=4/id=7181be7f405b,S1,639,43.0,0.455,0.0397,0.0089,1.11,14.3,0.0021,0.1294,-0.0197,-0.0197,-0.1221,221,222,196,False
S1::side=high/liq_ref=pdh_pdl/liq_lb=50/confirm=displacement/imb=fvg/stop=structural/exit=time/window=8/id=31c962df1b35,S1,906,60.0,0.449,0.0502,0.0141,1.13,24.9,0.1068,0.0945,-0.062,-0.062,-0.1366,315,310,281,False
S1::side=low/liq_ref=swing/liq_lb=20/confirm=consecutive2/imb=none/stop=beyond_sweep/exit=rr2/window=4/id=11c4710e404e,S1,7743,516.0,0.389,0.017,-0.104,1.028,152.0,0.0062,-0.0143,0.0608,-0.0143,-0.0871,2661,2578,2504,False
S1::side=low/liq_ref=swing/liq_lb=20/confirm=consecutive2/imb=none/stop=beyond_sweep/exit=rr2/window=8/id=154f96b3ec7a,S1,9048,603.0,0.441,0.0845,-0.0574,1.149,47.2,0.0857,0.0532,0.1155,0.0532,-0.0159,3185,2977,2886,False
S1::side=low/liq_ref=swing/liq_lb=20/confirm=consecutive2/imb=none/stop=beyond_sweep/exit=rr3/window=4/id=66e284872ef5,S1,7569,504.0,0.339,0.0351,-0.0867,1.053,194.8,0.0105,-0.0185,0.1167,-0.0185,-0.1205,2609,2521,2439,False
S1::side=low/liq_ref=swing/liq_lb=20/confirm=consecutive2/imb=none/stop=beyond_sweep/exit=rr3/window=8/id=a709ed825464,S1,8866,591.0,0.399,0.1093,-0.035,1.179,57.5,0.1018,0.0549,0.1738,0.0549,-0.0423,3136,2911,2819,False
S1::side=low/liq_ref=swing/liq_lb=20/confirm=consecutive2/imb=none/stop=beyond_sweep/exit=opp_liq/window=4/id=f768c827d2ec,S1,7919,528.0,0.404,0.0018,-0.121,1.003,297.3,-0.0197,-0.0312,0.0586,-0.0312,-0.2673,2721,2636,2562,False
S1::side=low/liq_ref=swing/liq_lb=20/confirm=consecutive2/imb=none/stop=beyond_sweep/exit=opp_liq/window=8/id=c00cd5ea9f9e,S1,9273,618.0,0.46,0.0953,-0.0513,1.171,97.4,0.0778,0.0496,0.1621,0.0496,-0.1811,3267,3057,2949,False
S1::side=low/liq_ref=swing/liq_lb=20/confirm=consecutive2/imb=none/stop=beyond_sweep/exit=time/window=4/id=0e16dbfec05d,S1,8192,546.0,0.336,0.0675,-0.0526,1.103,303.8,0.007,-0.0008,0.2031,-0.0008,-0.3087,2810,2746,2636,False
S1::side=low/liq_ref=swing/liq_lb=20/confirm=consecutive2/imb=none/stop=beyond_sweep/exit=time/window=8/id=f3d6a3112b5c,S1,9594,639.0,0.384,0.1499,0.0177,1.246,127.4,0.1018,0.0634,0.2936,0.0634,-0.2379,3385,3171,3038,False
S1::side=low/liq_ref=swing/liq_lb=20/confirm=consecutive2/imb=none/stop=structural/exit=rr2/window=4/id=50b3b7753d0c,S1,7563,504.0,0.371,0.0034,-0.0798,1.005,184.4,-0.0175,0.004,0.025,-0.0175,-0.1014,2605,2512,2446,False
S1::side=low/liq_ref=swing/liq_lb=20/confirm=consecutive2/imb=none/stop=structural/exit=rr2/window=8/id=d72b42b2ecbf,S1,8641,576.0,0.375,0.0031,-0.0769,1.005,187.4,-0.0115,-0.0035,0.026,-0.0115,-0.1018,3050,2835,2756,False
S1::side=low/liq_ref=swing/liq_lb=20/confirm=consecutive2/imb=none/stop=structural/exit=rr3/window=4/id=195d0dc35319,S1,7367,491.0,0.32,0.0116,-0.0712,1.017,258.5,-0.0294,-0.0121,0.0797,-0.0294,-0.1453,2540,2450,2377,False
S1::side=low/liq_ref=swing/liq_lb=20/confirm=consecutive2/imb=none/stop=structural/exit=rr3/window=8/id=eb0720b08e75,S1,8419,561.0,0.327,0.0126,-0.067,1.019,247.1,-0.0205,-0.0124,0.0754,-0.0205,-0.144,2981,2764,2674,False
S1::side=low/liq_ref=swing/liq_lb=20/confirm=consecutive2/imb=none/stop=structural/exit=opp_liq/window=4/id=271929689b47,S1,7778,518.0,0.405,-0.032,-0.1156,0.946,392.5,-0.0611,-0.0444,0.0114,-0.0611,-0.2448,2669,2590,2519,False
S1::side=low/liq_ref=swing/liq_lb=20/confirm=consecutive2/imb=none/stop=structural/exit=opp_liq/window=8/id=33aff8ceeb75,S1,8918,594.0,0.414,-0.0275,-0.1078,0.953,426.5,-0.0557,-0.0446,0.0213,-0.0557,-0.2365,3135,2940,2843,False
S1::side=low/liq_ref=swing/liq_lb=20/confirm=consecutive2/imb=none/stop=structural/exit=time/window=4/id=b6ac2f5199b3,S1,8131,542.0,0.337,0.0282,-0.0566,1.044,330.8,-0.024,-0.0131,0.1266,-0.024,-0.2807,2792,2721,2618,False
S1::side=low/liq_ref=swing/liq_lb=20/confirm=consecutive2/imb=none/stop=structural/exit=time/window=8/id=0b3d42e6e917,S1,9453,630.0,0.34,0.023,-0.0592,1.037,363.9,-0.0249,-0.0122,0.1131,-0.0249,-0.2797,3342,3121,2990,False
S1::side=low/liq_ref=swing/liq_lb=20/confirm=consecutive2/imb=fvg/stop=beyond_sweep/exit=rr2/window=4/id=5510a98452d0,S1,1337,89.0,0.389,0.004,-0.0642,1.007,48.5,-0.0688,0.0322,0.0474,-0.0688,-0.0993,442,434,461,False
S1::side=low/liq_ref=swing/liq_lb=20/confirm=consecutive2/imb=fvg/stop=beyond_sweep/exit=rr2/window=8/id=aaff01c43cca,S1,1788,119.0,0.404,0.0139,-0.0746,1.024,35.8,-0.01,0.0108,0.0408,-0.01,-0.0899,617,561,610,False
S1::side=low/liq_ref=swing/liq_lb=20/confirm=consecutive2/imb=fvg/stop=beyond_sweep/exit=rr3/window=4/id=f1b3627ff80b,S1,1329,89.0,0.354,0.0276,-0.0406,1.044,52.7,-0.06,0.0352,0.1048,-0.06,-0.1276,441,430,458,False
S1::side=low/liq_ref=swing/liq_lb=20/confirm=consecutive2/imb=fvg/stop=beyond_sweep/exit=rr3/window=8/id=dafd6b750acc,S1,1781,119.0,0.368,0.0382,-0.0504,1.062,32.0,0.0122,0.0153,0.0855,0.0122,-0.1173,616,556,609,False
S1::side=low/liq_ref=swing/liq_lb=20/confirm=consecutive2/imb=fvg/stop=beyond_sweep/exit=opp_liq/window=4/id=8b54ff321a55,S1,1360,91.0,0.526,-0.0546,-0.1227,0.883,96.5,-0.0868,-0.0864,0.006,-0.0868,-0.2068,446,444,470,False
S1::side=low/liq_ref=swing/liq_lb=20/confirm=consecutive2/imb=fvg/stop=beyond_sweep/exit=opp_liq/window=8/id=90a406682a1a,S1,1822,121.0,0.538,0.0322,-0.0866,1.07,53.7,0.0001,-0.0445,0.1346,-0.0445,-0.1829,626,572,624,False
S1::side=low/liq_ref=swing/liq_lb=20/confirm=consecutive2/imb=fvg/stop=beyond_sweep/exit=time/window=4/id=e7d053d9b07f,S1,1363,91.0,0.379,-0.0025,-0.0706,0.996,59.2,-0.0345,-0.0377,0.062,-0.0377,-0.2569,451,445,467,False
S1::side=low/liq_ref=swing/liq_lb=20/confirm=consecutive2/imb=fvg/stop=beyond_sweep/exit=time/window=8/id=8534cf36a3f8,S1,1830,122.0,0.377,0.0927,-0.0293,1.162,71.7,0.0069,-0.0168,0.2812,-0.0168,-0.264,633,575,622,False
S1::side=low/liq_ref=swing/liq_lb=20/confirm=consecutive2/imb=fvg/stop=structural/exit=rr2/window=4/id=eea067727482,S1,1335,89.0,0.396,0.0142,-0.0436,1.025,51.3,-0.082,0.0461,0.0767,-0.082,-0.0888,442,434,459,False
S1::side=low/liq_ref=swing/liq_lb=20/confirm=consecutive2/imb=fvg/stop=structural/exit=rr2/window=8/id=6eb222d2e98f,S1,1780,119.0,0.394,-0.0024,-0.0591,0.996,64.0,-0.0515,-0.0159,0.0596,-0.0515,-0.1075,613,560,607,False
S1::side=low/liq_ref=swing/liq_lb=20/confirm=consecutive2/imb=fvg/stop=structural/exit=rr3/window=4/id=50b6e92b17a7,S1,1324,88.0,0.362,0.0333,-0.0245,1.055,57.7,-0.0752,0.0597,0.1134,-0.0752,-0.1222,440,428,456,False
S1::side=low/liq_ref=swing/liq_lb=20/confirm=consecutive2/imb=fvg/stop=structural/exit=rr3/window=8/id=adc4aed64453,S1,1767,118.0,0.363,0.013,-0.0438,1.022,77.2,-0.0555,-0.0127,0.1057,-0.0555,-0.1434,611,552,604,False
S1::side=low/liq_ref=swing/liq_lb=20/confirm=consecutive2/imb=fvg/stop=structural/exit=opp_liq/window=4/id=16957c26d112,S1,1359,91.0,0.548,-0.0373,-0.0951,0.915,74.2,-0.0889,-0.0474,0.0213,-0.0889,-0.167,446,444,469,False
S1::side=low/liq_ref=swing/liq_lb=20/confirm=consecutive2/imb=fvg/stop=structural/exit=opp_liq/window=8/id=6ad52452d9fb,S1,1816,121.0,0.552,-0.0365,-0.0933,0.916,100.1,-0.0764,-0.0697,0.0338,-0.0764,-0.1689,622,572,622,False
S1::side=low/liq_ref=swing/liq_lb=20/confirm=consecutive2/imb=fvg/stop=structural/exit=time/window=4/id=d66606fd5ad3,S1,1362,91.0,0.4,0.0185,-0.0394,1.035,48.7,-0.0102,-0.0134,0.0768,-0.0134,-0.2249,451,445,466,False
S1::side=low/liq_ref=swing/liq_lb=20/confirm=consecutive2/imb=fvg/stop=structural/exit=time/window=8/id=c0e11825ccf0,S1,1827,122.0,0.394,0.0028,-0.0541,1.005,74.6,-0.0244,-0.0635,0.092,-0.0635,-0.2357,632,575,620,False
S1::side=low/liq_ref=swing/liq_lb=20/confirm=close_beyond/imb=none/stop=beyond_sweep/exit=rr2/window=4/id=7407c3b0faae,S1,640,43.0,0.47,0.0939,0.0627,1.21,23.8,-0.0973,0.2408,0.1406,-0.0973,-0.0064,211,203,226,False
S1::side=low/liq_ref=swing/liq_lb=20/confirm=close_beyond/imb=none/stop=beyond_sweep/exit=rr2/window=8/id=ce290a91792e,S1,1285,86.0,0.444,0.0558,0.0233,1.119,47.3,-0.0927,0.1496,0.1098,-0.0927,-0.0469,424,414,447,False
S1::side=low/liq_ref=swing/liq_lb=20/confirm=close_beyond/imb=none/stop=beyond_sweep/exit=rr3/window=4/id=87db2f36ba04,S1,637,42.0,0.46,0.1427,0.1114,1.312,18.9,-0.0464,0.2763,0.2006,-0.0464,-0.0032,211,201,225,False
S1::side=low/liq_ref=swing/liq_lb=20/confirm=close_beyond/imb=none/stop=beyond_sweep/exit=rr3/window=8/id=25a5934c1b76,S1,1274,85.0,0.431,0.0859,0.0534,1.178,40.2,-0.0665,0.1648,0.1573,-0.0665,-0.0654,420,412,442,False
S1::side=low/liq_ref=swing/liq_lb=20/confirm=close_beyond/imb=none/stop=beyond_sweep/exit=opp_liq/window=4/id=d79f1060744e,S1,657,44.0,0.817,-0.0106,-0.0416,0.889,11.5,-0.0469,0.0296,-0.0143,-0.0469,-0.0294,212,213,232,False
S1::side=low/liq_ref=swing/liq_lb=20/confirm=close_beyond/imb=none/stop=beyond_sweep/exit=opp_liq/window=8/id=412083333865,S1,1352,90.0,0.812,-0.0113,-0.0437,0.88,20.4,-0.0425,0.0054,0.0019,-0.0425,-0.0323,436,436,480,False
S1::side=low/liq_ref=swing/liq_lb=20/confirm=close_beyond/imb=none/stop=beyond_sweep/exit=time/window=4/id=0384cae2075e,S1,651,43.0,0.462,0.0469,0.0157,1.12,24.1,-0.0544,0.1003,0.0918,-0.0544,-0.1115,212,209,230,False
S1::side=low/liq_ref=swing/liq_lb=20/confirm=close_beyond/imb=none/stop=beyond_sweep/exit=time/window=8/id=db8dbd310a7b,S1,1337,89.0,0.459,0.0363,0.0037,1.09,51.3,-0.0604,0.0354,0.1263,-0.0604,-0.1308,435,430,472,False
S1::side=low/liq_ref=swing/liq_lb=20/confirm=close_beyond/imb=none/stop=structural/exit=rr2/window=4/id=3d9cf9b3476b,S1,640,43.0,0.47,0.084,0.0538,1.19,24.8,-0.1025,0.2259,0.1306,-0.1025,-0.0169,211,203,226,False
S1::side=low/liq_ref=swing/liq_lb=20/confirm=close_beyond/imb=none/stop=structural/exit=rr2/window=8/id=a902ce15199d,S1,1279,85.0,0.451,0.0502,0.0202,1.111,50.8,-0.0974,0.1504,0.0977,-0.0974,-0.0513,423,414,442,False
S1::side=low/liq_ref=swing/liq_lb=20/confirm=close_beyond/imb=none/stop=structural/exit=rr3/window=4/id=70692d47ed2b,S1,637,42.0,0.46,0.1278,0.0976,1.283,20.4,-0.0609,0.2483,0.1971,-0.0609,-0.0188,211,201,225,False
S1::side=low/liq_ref=swing/liq_lb=20/confirm=close_beyond/imb=none/stop=structural/exit=rr3/window=8/id=8df7e93f47c3,S1,1271,85.0,0.444,0.0842,0.0543,1.183,43.5,-0.0645,0.1484,0.1658,-0.0645,-0.0675,419,412,440,False
S1::side=low/liq_ref=swing/liq_lb=20/confirm=close_beyond/imb=none/stop=structural/exit=opp_liq/window=4/id=7aa682380716,S1,657,44.0,0.817,-0.0128,-0.0428,0.864,11.7,-0.0479,0.0256,-0.0159,-0.0479,-0.0306,212,213,232,False
S1::side=low/liq_ref=swing/liq_lb=20/confirm=close_beyond/imb=none/stop=structural/exit=opp_liq/window=8/id=e20a7f8d622c,S1,1352,90.0,0.817,-0.0096,-0.0396,0.889,18.3,-0.0356,0.006,-0.0003,-0.0356,-0.0281,436,436,480,False
S1::side=low/liq_ref=swing/liq_lb=20/confirm=close_beyond/imb=none/stop=structural/exit=time/window=4/id=7c30fd8633bf,S1,651,43.0,0.464,0.0387,0.0085,1.101,24.6,-0.0638,0.0927,0.0841,-0.0638,-0.1154,212,209,230,False
S1::side=low/liq_ref=swing/liq_lb=20/confirm=close_beyond/imb=none/stop=structural/exit=time/window=8/id=66095067739c,S1,1336,89.0,0.467,0.0239,-0.0062,1.063,50.4,-0.0648,0.0278,0.1019,-0.0648,-0.1201,434,430,472,False
S1::side=low/liq_ref=swing/liq_lb=20/confirm=close_beyond/imb=fvg/stop=beyond_sweep/exit=rr2/window=4/id=70bfe31c90f7,S1,423,28.0,0.473,0.0766,0.0467,1.178,14.0,-0.0771,0.2357,0.0658,-0.0771,-0.0239,126,133,164,False
S1::side=low/liq_ref=swing/liq_lb=20/confirm=close_beyond/imb=fvg/stop=beyond_sweep/exit=rr2/window=8/id=4c6aa830674b,S1,982,65.0,0.447,0.0523,0.021,1.114,37.3,-0.0887,0.1464,0.0908,-0.0887,-0.051,307,312,363,False
S1::side=low/liq_ref=swing/liq_lb=20/confirm=close_beyond/imb=fvg/stop=beyond_sweep/exit=rr3/window=4/id=c038b651b6be,S1,422,28.0,0.46,0.0946,0.0647,1.214,11.8,-0.0237,0.1832,0.1143,-0.0237,-0.0571,126,132,164,False
S1::side=low/liq_ref=swing/liq_lb=20/confirm=close_beyond/imb=fvg/stop=beyond_sweep/exit=rr3/window=8/id=2a46c59096f6,S1,976,65.0,0.434,0.0707,0.0394,1.151,30.6,-0.0599,0.1268,0.1329,-0.0599,-0.0805,305,311,360,False
S1::side=low/liq_ref=swing/liq_lb=20/confirm=close_beyond/imb=fvg/stop=beyond_sweep/exit=opp_liq/window=4/id=09825e239c22,S1,432,29.0,0.831,-0.0023,-0.0321,0.973,6.1,-0.015,0.0264,-0.0163,-0.0163,-0.0183,127,138,167,False
S1::side=low/liq_ref=swing/liq_lb=20/confirm=close_beyond/imb=fvg/stop=beyond_sweep/exit=opp_liq/window=8/id=df29474bf36b,S1,1021,68.0,0.817,-0.0043,-0.0355,0.949,10.2,-0.0165,0.001,0.0013,-0.0165,-0.0228,316,325,380,False
S1::side=low/liq_ref=swing/liq_lb=20/confirm=close_beyond/imb=fvg/stop=beyond_sweep/exit=time/window=4/id=8d639185bba7,S1,432,29.0,0.472,0.0344,0.0046,1.093,19.1,-0.0275,0.056,0.0637,-0.0275,-0.1183,127,138,167,False
S1::side=low/liq_ref=swing/liq_lb=20/confirm=close_beyond/imb=fvg/stop=beyond_sweep/exit=time/window=8/id=a63ac1cc70ca,S1,1018,68.0,0.468,0.0363,0.005,1.093,37.7,-0.042,0.0232,0.1131,-0.042,-0.1303,316,324,378,False
S1::side=low/liq_ref=swing/liq_lb=20/confirm=close_beyond/imb=fvg/stop=structural/exit=rr2/window=4/id=abf35aa5a564,S1,423,28.0,0.473,0.0698,0.0405,1.164,13.4,-0.074,0.2266,0.0531,-0.074,-0.0311,126,133,164,False
S1::side=low/liq_ref=swing/liq_lb=20/confirm=close_beyond/imb=fvg/stop=structural/exit=rr2/window=8/id=87b848d5cc8e,S1,978,65.0,0.457,0.0564,0.0275,1.13,36.5,-0.0855,0.1649,0.0836,-0.0855,-0.0446,307,312,359,False
S1::side=low/liq_ref=swing/liq_lb=20/confirm=close_beyond/imb=fvg/stop=structural/exit=rr3/window=4/id=a7149aa47703,S1,422,28.0,0.46,0.092,0.0627,1.21,11.1,-0.0206,0.1739,0.1126,-0.0206,-0.0599,126,132,164,False
S1::side=low/liq_ref=swing/liq_lb=20/confirm=close_beyond/imb=fvg/stop=structural/exit=rr3/window=8/id=032a8cf11272,S1,974,65.0,0.449,0.0764,0.0475,1.172,30.7,-0.0467,0.1217,0.1419,-0.0467,-0.0748,305,311,358,False
S1::side=low/liq_ref=swing/liq_lb=20/confirm=close_beyond/imb=fvg/stop=structural/exit=opp_liq/window=4/id=ad7dfe9d4cc5,S1,432,29.0,0.831,-0.0036,-0.0329,0.956,6.2,-0.0164,0.0241,-0.0169,-0.0169,-0.0196,127,138,167,False
S1::side=low/liq_ref=swing/liq_lb=20/confirm=close_beyond/imb=fvg/stop=structural/exit=opp_liq/window=8/id=dc880b613b58,S1,1021,68.0,0.824,-0.0002,-0.029,0.998,8.9,-0.0067,0.0052,0.0007,-0.0067,-0.0167,316,325,380,False
S1::side=low/liq_ref=swing/liq_lb=20/confirm=close_beyond/imb=fvg/stop=structural/exit=time/window=4/id=f0fe17afa476,S1,432,29.0,0.472,0.0278,-0.0015,1.076,18.4,-0.0342,0.0523,0.0547,-0.0342,-0.1206,127,138,167,False
S1::side=low/liq_ref=swing/liq_lb=20/confirm=close_beyond/imb=fvg/stop=structural/exit=time/window=8/id=ab85c422b5ab,S1,1018,68.0,0.475,0.0253,-0.0036,1.069,34.7,-0.0444,0.0194,0.0886,-0.0444,-0.1161,316,324,378,False
S1::side=low/liq_ref=swing/liq_lb=20/confirm=displacement/imb=none/stop=beyond_sweep/exit=rr2/window=4/id=e35108280885,S1,3883,259.0,0.416,0.0386,-0.0832,1.066,50.6,-0.003,0.0456,0.0798,-0.003,-0.0643,1415,1254,1214,False
S1::side=low/liq_ref=swing/liq_lb=20/confirm=displacement/imb=none/stop=beyond_sweep/exit=rr2/window=8/id=5b389dceead0,S1,4943,329.0,0.44,0.0712,-0.0564,1.128,46.9,0.0395,0.0451,0.1371,0.0395,-0.03,1842,1588,1513,False
S1::side=low/liq_ref=swing/liq_lb=20/confirm=displacement/imb=none/stop=beyond_sweep/exit=rr3/window=4/id=ca16464f1041,S1,3813,254.0,0.374,0.0491,-0.07,1.079,46.3,-0.0118,0.0775,0.0904,-0.0118,-0.107,1386,1235,1192,False
S1::side=low/liq_ref=swing/liq_lb=20/confirm=displacement/imb=none/stop=beyond_sweep/exit=rr3/window=8/id=5d448bd0259a,S1,4849,323.0,0.402,0.0848,-0.0437,1.142,55.9,0.0418,0.076,0.1466,0.0418,-0.0691,1807,1559,1483,False
S1::side=low/liq_ref=swing/liq_lb=20/confirm=displacement/imb=none/stop=beyond_sweep/exit=opp_liq/window=4/id=6ede37a474d3,S1,4000,267.0,0.524,0.0339,-0.0914,1.07,116.1,-0.0494,0.1066,0.0562,-0.0494,-0.163,1457,1288,1255,False
S1::side=low/liq_ref=swing/liq_lb=20/confirm=displacement/imb=none/stop=beyond_sweep/exit=opp_liq/window=8/id=6b92de641929,S1,5128,342.0,0.557,0.089,-0.0446,1.196,52.0,0.0296,0.0976,0.1518,0.0296,-0.1209,1906,1645,1577,False
S1::side=low/liq_ref=swing/liq_lb=20/confirm=displacement/imb=none/stop=beyond_sweep/exit=time/window=4/id=5638c4f79655,S1,3948,263.0,0.373,0.0927,-0.0391,1.153,95.6,-0.0435,0.2329,0.1072,-0.0435,-0.2589,1445,1276,1227,False
S1::side=low/liq_ref=swing/liq_lb=20/confirm=displacement/imb=none/stop=beyond_sweep/exit=time/window=8/id=befce5ec6e26,S1,5086,339.0,0.401,0.1361,-0.0005,1.235,54.2,0.0645,0.1648,0.1938,0.0645,-0.2231,1904,1630,1552,False
S1::side=low/liq_ref=swing/liq_lb=20/confirm=displacement/imb=none/stop=structural/exit=rr2/window=4/id=1de5b5bc5bb3,S1,3711,247.0,0.364,-0.0243,-0.0918,0.96,179.5,-0.0896,-0.0175,0.0449,-0.0896,-0.1304,1357,1194,1160,False
S1::side=low/liq_ref=swing/liq_lb=20/confirm=displacement/imb=none/stop=structural/exit=rr2/window=8/id=2d5c9c0d94bb,S1,4659,311.0,0.364,-0.0349,-0.0996,0.943,256.8,-0.0679,-0.0532,0.0243,-0.0679,-0.1414,1735,1494,1430,False
S1::side=low/liq_ref=swing/liq_lb=20/confirm=displacement/imb=none/stop=structural/exit=rr3/window=4/id=9a7d73c6164b,S1,3626,242.0,0.315,-0.0286,-0.0963,0.957,201.1,-0.1272,-0.0055,0.063,-0.1272,-0.189,1324,1172,1130,False
S1::side=low/liq_ref=swing/liq_lb=20/confirm=displacement/imb=none/stop=structural/exit=rr3/window=8/id=15d6b70bae08,S1,4552,303.0,0.319,-0.0384,-0.1034,0.942,275.6,-0.095,-0.0385,0.0305,-0.095,-0.1989,1695,1463,1394,False
S1::side=low/liq_ref=swing/liq_lb=20/confirm=displacement/imb=none/stop=structural/exit=opp_liq/window=4/id=62992be766e9,S1,3868,258.0,0.496,-0.0462,-0.1135,0.907,211.9,-0.0899,-0.0437,0.002,-0.0899,-0.1997,1413,1243,1212,False
S1::side=low/liq_ref=swing/liq_lb=20/confirm=displacement/imb=none/stop=structural/exit=opp_liq/window=8/id=8df44485e80b,S1,4895,326.0,0.509,-0.0525,-0.1175,0.891,301.3,-0.0805,-0.0548,-0.0163,-0.0805,-0.2052,1820,1567,1508,False
S1::side=low/liq_ref=swing/liq_lb=20/confirm=displacement/imb=none/stop=structural/exit=time/window=4/id=c12f1c3db991,S1,3829,255.0,0.343,0.0034,-0.0649,1.006,182.3,-0.1062,0.0495,0.0851,-0.1062,-0.2817,1406,1234,1189,False
S1::side=low/liq_ref=swing/liq_lb=20/confirm=displacement/imb=none/stop=structural/exit=time/window=8/id=ba207a2e5c67,S1,4878,325.0,0.347,-0.0144,-0.0806,0.976,235.3,-0.0914,0.011,0.0531,-0.0914,-0.2894,1826,1560,1492,False
S1::side=low/liq_ref=swing/liq_lb=20/confirm=displacement/imb=fvg/stop=beyond_sweep/exit=rr2/window=4/id=1f6097ea42b0,S1,475,32.0,0.377,-0.0435,-0.0926,0.923,33.0,-0.125,0.0041,-0.0107,-0.125,-0.1479,157,158,160,False
S1::side=low/liq_ref=swing/liq_lb=20/confirm=displacement/imb=fvg/stop=beyond_sweep/exit=rr2/window=8/id=60d35d56e4c4,S1,974,65.0,0.389,-0.0129,-0.0814,0.977,75.3,-0.0339,0.0033,-0.0051,-0.0339,-0.1171,355,317,302,False
S1::side=low/liq_ref=swing/liq_lb=20/confirm=displacement/imb=fvg/stop=beyond_sweep/exit=rr3/window=4/id=acc52147a155,S1,474,32.0,0.357,0.0042,-0.0448,1.007,26.2,-0.0931,0.0461,0.0588,-0.0931,-0.149,157,158,159,False
S1::side=low/liq_ref=swing/liq_lb=20/confirm=displacement/imb=fvg/stop=beyond_sweep/exit=rr3/window=8/id=6de2ed2e34d4,S1,971,65.0,0.364,0.0221,-0.0476,1.037,52.1,-0.0232,0.0846,0.0096,-0.0232,-0.1323,353,316,302,False
S1::side=low/liq_ref=swing/liq_lb=20/confirm=displacement/imb=fvg/stop=beyond_sweep/exit=opp_liq/window=4/id=d6bed3d23e42,S1,483,32.0,0.667,-0.0383,-0.087,0.876,28.6,-0.101,-0.0565,0.041,-0.101,-0.1281,159,161,163,False
S1::side=low/liq_ref=swing/liq_lb=20/confirm=displacement/imb=fvg/stop=beyond_sweep/exit=opp_liq/window=8/id=712dbd1e5a6c,S1,992,66.0,0.653,-0.0216,-0.0868,0.936,45.1,-0.005,-0.0269,-0.0352,-0.0352,-0.1436,359,325,308,False
S1::side=low/liq_ref=swing/liq_lb=20/confirm=displacement/imb=fvg/stop=beyond_sweep/exit=time/window=4/id=fa2d0cf037b8,S1,485,32.0,0.375,-0.0391,-0.0879,0.923,50.3,-0.0832,-0.0919,0.0566,-0.0919,-0.2511,161,161,163,False
S1::side=low/liq_ref=swing/liq_lb=20/confirm=displacement/imb=fvg/stop=beyond_sweep/exit=time/window=8/id=4e5a25a82c5c,S1,998,67.0,0.379,0.0486,-0.0166,1.092,46.2,0.0618,0.0526,0.0289,0.0289,-0.2465,364,325,309,False
S1::side=low/liq_ref=swing/liq_lb=20/confirm=displacement/imb=fvg/stop=structural/exit=rr2/window=4/id=0e95bd6c7890,S1,475,32.0,0.371,-0.0575,-0.1011,0.898,38.6,-0.1178,-0.012,-0.0434,-0.1178,-0.1629,157,158,160,False
S1::side=low/liq_ref=swing/liq_lb=20/confirm=displacement/imb=fvg/stop=structural/exit=rr2/window=8/id=10505d602ed1,S1,974,65.0,0.383,-0.0249,-0.0711,0.956,61.4,-0.0469,-0.0099,-0.0149,-0.0469,-0.1301,355,317,302,False
S1::side=low/liq_ref=swing/liq_lb=20/confirm=displacement/imb=fvg/stop=structural/exit=rr3/window=4/id=11ce47edfb76,S1,474,32.0,0.35,-0.0256,-0.0691,0.957,27.8,-0.1048,0.0319,-0.0047,-0.1048,-0.1804,157,158,159,False
S1::side=low/liq_ref=swing/liq_lb=20/confirm=displacement/imb=fvg/stop=structural/exit=rr3/window=8/id=233f63992a64,S1,969,65.0,0.357,-0.0169,-0.0631,0.971,50.1,-0.046,0.0251,-0.0269,-0.046,-0.1741,352,316,301,False
S1::side=low/liq_ref=swing/liq_lb=20/confirm=displacement/imb=fvg/stop=structural/exit=opp_liq/window=4/id=9fc0dd75b62a,S1,483,32.0,0.671,-0.0441,-0.0874,0.854,27.0,-0.0869,-0.0439,-0.0026,-0.0869,-0.1272,159,161,163,False
S1::side=low/liq_ref=swing/liq_lb=20/confirm=displacement/imb=fvg/stop=structural/exit=opp_liq/window=8/id=31214357672c,S1,992,66.0,0.665,-0.0491,-0.0953,0.844,61.5,-0.0354,-0.0481,-0.0663,-0.0663,-0.1344,359,325,308,False
S1::side=low/liq_ref=swing/liq_lb=20/confirm=displacement/imb=fvg/stop=structural/exit=time/window=4/id=ce3e0866e586,S1,485,32.0,0.375,-0.0447,-0.0881,0.911,46.9,-0.077,-0.0874,0.0294,-0.0874,-0.2523,161,161,163,False
S1::side=low/liq_ref=swing/liq_lb=20/confirm=displacement/imb=fvg/stop=structural/exit=time/window=8/id=cf456416e207,S1,998,67.0,0.386,-0.0225,-0.0688,0.955,64.2,-0.0441,-0.0297,0.0104,-0.0441,-0.2316,364,325,309,False
S1::side=low/liq_ref=swing/liq_lb=50/confirm=consecutive2/imb=none/stop=beyond_sweep/exit=rr2/window=4/id=08bd50d36b29,S1,4656,310.0,0.392,0.0134,-0.0926,1.022,88.5,0.0372,-0.0179,0.0213,-0.0179,-0.0906,1590,1585,1481,False
S1::side=low/liq_ref=swing/liq_lb=50/confirm=consecutive2/imb=none/stop=beyond_sweep/exit=rr2/window=8/id=ab81c0e9d210,S1,5507,367.0,0.438,0.0723,-0.0533,1.129,77.3,0.1058,0.0281,0.0818,0.0281,-0.0287,1946,1845,1716,False
S1::side=low/liq_ref=swing/liq_lb=50/confirm=consecutive2/imb=none/stop=beyond_sweep/exit=rr3/window=4/id=9861f4efc198,S1,4653,310.0,0.347,0.0254,-0.0817,1.039,111.8,0.0457,-0.0277,0.0606,-0.0277,-0.1305,1589,1584,1480,False
S1::side=low/liq_ref=swing/liq_lb=50/confirm=consecutive2/imb=none/stop=beyond_sweep/exit=rr3/window=8/id=ac4bc4d0eb0b,S1,5504,367.0,0.397,0.0875,-0.0376,1.145,87.2,0.1143,0.0147,0.1355,0.0147,-0.0652,1945,1845,1714,False
S1::side=low/liq_ref=swing/liq_lb=50/confirm=consecutive2/imb=none/stop=beyond_sweep/exit=opp_liq/window=4/id=b6ea4c49c742,S1,4652,310.0,0.339,-0.0089,-0.1104,0.987,194.3,-0.0235,-0.0196,0.0183,-0.0235,-0.3242,1588,1584,1480,False
S1::side=low/liq_ref=swing/liq_lb=50/confirm=consecutive2/imb=none/stop=beyond_sweep/exit=opp_liq/window=8/id=2ef9b03c3e64,S1,5502,367.0,0.389,0.0694,-0.0469,1.112,116.0,0.0536,0.0207,0.1396,0.0207,-0.2509,1943,1845,1714,False
S1::side=low/liq_ref=swing/liq_lb=50/confirm=consecutive2/imb=none/stop=beyond_sweep/exit=time/window=4/id=365bccb1c46b,S1,4650,310.0,0.344,0.0198,-0.0758,1.032,145.7,0.0092,-0.0217,0.0757,-0.0217,-0.3156,1588,1583,1479,False
S1::side=low/liq_ref=swing/liq_lb=50/confirm=consecutive2/imb=none/stop=beyond_sweep/exit=time/window=8/id=9f3a1ee129a4,S1,5501,367.0,0.39,0.1164,0.0034,1.197,74.8,0.0945,0.0495,0.2132,0.0495,-0.2431,1944,1844,1713,False
S1::side=low/liq_ref=swing/liq_lb=50/confirm=consecutive2/imb=none/stop=structural/exit=rr2/window=4/id=4acf7a35eef0,S1,4631,309.0,0.379,0.002,-0.0706,1.003,78.2,-0.0121,-0.0122,0.0323,-0.0122,-0.1027,1585,1572,1474,False
S1::side=low/liq_ref=swing/liq_lb=50/confirm=consecutive2/imb=none/stop=structural/exit=rr2/window=8/id=a172ec758573,S1,5455,364.0,0.381,-0.0008,-0.0717,0.999,94.5,-0.0181,-0.0167,0.036,-0.0181,-0.1056,1934,1821,1700,False
S1::side=low/liq_ref=swing/liq_lb=50/confirm=consecutive2/imb=none/stop=structural/exit=rr3/window=4/id=a0c0d0d54325,S1,4630,309.0,0.332,-0.0007,-0.0733,0.999,132.4,-0.0236,-0.0394,0.0652,-0.0394,-0.1582,1585,1572,1473,False
S1::side=low/liq_ref=swing/liq_lb=50/confirm=consecutive2/imb=none/stop=structural/exit=rr3/window=8/id=454ea1cb2d7b,S1,5454,364.0,0.335,-0.0051,-0.076,0.992,169.7,-0.0285,-0.0403,0.0593,-0.0403,-0.1626,1934,1821,1699,False
S1::side=low/liq_ref=swing/liq_lb=50/confirm=consecutive2/imb=none/stop=structural/exit=opp_liq/window=4/id=f182adbe26d4,S1,4632,309.0,0.339,-0.0263,-0.0989,0.959,208.2,-0.0585,-0.0374,0.0201,-0.0585,-0.2921,1585,1573,1474,False
S1::side=low/liq_ref=swing/liq_lb=50/confirm=consecutive2/imb=none/stop=structural/exit=opp_liq/window=8/id=68c5dc490073,S1,5456,364.0,0.344,-0.0296,-0.1005,0.954,265.1,-0.0633,-0.0479,0.0284,-0.0633,-0.2905,1934,1822,1700,False
S1::side=low/liq_ref=swing/liq_lb=50/confirm=consecutive2/imb=none/stop=structural/exit=time/window=4/id=4e69fdf48a60,S1,4631,309.0,0.349,-0.002,-0.0746,0.997,173.2,-0.0271,-0.0177,0.0419,-0.0271,-0.285,1586,1572,1473,False
S1::side=low/liq_ref=swing/liq_lb=50/confirm=consecutive2/imb=none/stop=structural/exit=time/window=8/id=0292caa9ace7,S1,5456,364.0,0.352,-0.0036,-0.0745,0.994,201.9,-0.0372,-0.0142,0.046,-0.0372,-0.2831,1936,1821,1699,False
S1::side=low/liq_ref=swing/liq_lb=50/confirm=consecutive2/imb=fvg/stop=beyond_sweep/exit=rr2/window=4/id=c7481258ae1f,S1,719,48.0,0.392,-0.0391,-0.0985,0.932,55.3,-0.1514,-0.0054,0.0334,-0.1514,-0.1431,232,238,249,False
S1::side=low/liq_ref=swing/liq_lb=50/confirm=consecutive2/imb=fvg/stop=beyond_sweep/exit=rr2/window=8/id=0c2a00f7c0e3,S1,995,66.0,0.402,-0.0191,-0.0974,0.966,46.1,-0.0627,-0.008,0.0149,-0.0627,-0.1233,342,316,337,False
S1::side=low/liq_ref=swing/liq_lb=50/confirm=consecutive2/imb=fvg/stop=beyond_sweep/exit=rr3/window=4/id=3d3167547f61,S1,719,48.0,0.369,-0.0019,-0.0614,0.997,38.8,-0.1072,0.0361,0.0598,-0.1072,-0.1556,232,238,249,False
S1::side=low/liq_ref=swing/liq_lb=50/confirm=consecutive2/imb=fvg/stop=beyond_sweep/exit=rr3/window=8/id=6ef487cd4c02,S1,995,66.0,0.374,0.0139,-0.0645,1.023,27.8,-0.0185,0.0066,0.0536,-0.0185,-0.1407,342,316,337,False
S1::side=low/liq_ref=swing/liq_lb=50/confirm=consecutive2/imb=fvg/stop=beyond_sweep/exit=opp_liq/window=4/id=06b01144140d,S1,719,48.0,0.434,-0.0447,-0.1042,0.919,70.5,-0.1598,-0.0433,0.0612,-0.1598,-0.2332,232,238,249,False
S1::side=low/liq_ref=swing/liq_lb=50/confirm=consecutive2/imb=fvg/stop=beyond_sweep/exit=opp_liq/window=8/id=affd3ca537e3,S1,995,66.0,0.43,0.0481,-0.0546,1.087,66.9,-0.0802,-0.0647,0.284,-0.0802,-0.2187,342,316,337,False
S1::side=low/liq_ref=swing/liq_lb=50/confirm=consecutive2/imb=fvg/stop=beyond_sweep/exit=time/window=4/id=6ab5730d2e3c,S1,719,48.0,0.389,-0.0463,-0.1057,0.913,62.6,-0.0994,-0.0853,0.0405,-0.0994,-0.2708,232,238,249,False
S1::side=low/liq_ref=swing/liq_lb=50/confirm=consecutive2/imb=fvg/stop=beyond_sweep/exit=time/window=8/id=8e919fd46517,S1,996,66.0,0.388,0.099,-0.0299,1.182,66.4,-0.0438,-0.1055,0.4361,-0.1055,-0.2616,343,316,337,False
S1::side=low/liq_ref=swing/liq_lb=50/confirm=consecutive2/imb=fvg/stop=structural/exit=rr2/window=4/id=514b21ec4b77,S1,719,48.0,0.402,-0.019,-0.0689,0.966,50.1,-0.1586,0.0159,0.0778,-0.1586,-0.122,232,238,249,False
S1::side=low/liq_ref=swing/liq_lb=50/confirm=consecutive2/imb=fvg/stop=structural/exit=rr2/window=8/id=95b35ac48aa3,S1,995,66.0,0.401,-0.0257,-0.0744,0.953,59.3,-0.0972,-0.0397,0.06,-0.0972,-0.1303,342,316,337,False
S1::side=low/liq_ref=swing/liq_lb=50/confirm=consecutive2/imb=fvg/stop=structural/exit=rr3/window=4/id=c40d338ffde5,S1,719,48.0,0.378,0.016,-0.0339,1.028,45.5,-0.142,0.0432,0.1373,-0.142,-0.1367,232,238,249,False
S1::side=low/liq_ref=swing/liq_lb=50/confirm=consecutive2/imb=fvg/stop=structural/exit=rr3/window=8/id=85920f5ddc36,S1,995,66.0,0.378,-0.001,-0.0497,0.998,52.0,-0.068,-0.0405,0.104,-0.068,-0.1564,342,316,337,False
S1::side=low/liq_ref=swing/liq_lb=50/confirm=consecutive2/imb=fvg/stop=structural/exit=opp_liq/window=4/id=0867ae41907e,S1,719,48.0,0.451,-0.0213,-0.0712,0.959,65.4,-0.1617,-0.034,0.1217,-0.1617,-0.1926,232,238,249,False
S1::side=low/liq_ref=swing/liq_lb=50/confirm=consecutive2/imb=fvg/stop=structural/exit=opp_liq/window=8/id=cb45d2b2b5b1,S1,995,66.0,0.446,-0.0246,-0.0734,0.953,66.7,-0.0862,-0.0654,0.0761,-0.0862,-0.1982,342,316,337,False
S1::side=low/liq_ref=swing/liq_lb=50/confirm=consecutive2/imb=fvg/stop=structural/exit=time/window=4/id=695c6274b611,S1,719,48.0,0.409,-0.0233,-0.0732,0.954,53.4,-0.0936,-0.0759,0.0925,-0.0936,-0.2326,232,238,249,False
S1::side=low/liq_ref=swing/liq_lb=50/confirm=consecutive2/imb=fvg/stop=structural/exit=time/window=8/id=833ef3f5b7d9,S1,996,66.0,0.403,-0.0351,-0.0838,0.93,72.1,-0.0792,-0.105,0.0753,-0.105,-0.2461,343,316,337,False
S1::side=low/liq_ref=swing/liq_lb=50/confirm=close_beyond/imb=none/stop=beyond_sweep/exit=rr2/window=8/id=c32108d776aa,S1,242,16.0,0.492,0.0402,0.0205,1.121,13.1,-0.043,0.0303,0.1422,-0.043,-0.0627,82,85,75,False
S1::side=low/liq_ref=swing/liq_lb=50/confirm=close_beyond/imb=none/stop=beyond_sweep/exit=rr3/window=8/id=9bc44c1aa868,S1,242,16.0,0.492,0.0862,0.0665,1.259,12.1,-0.0319,0.0703,0.2334,-0.0319,-0.0628,82,85,75,False
S1::side=low/liq_ref=swing/liq_lb=50/confirm=close_beyond/imb=none/stop=beyond_sweep/exit=opp_liq/window=8/id=9164e18a6b9a,S1,245,16.0,0.829,-0.0219,-0.0415,0.785,7.7,-0.0747,0.0094,-0.0008,-0.0747,-0.0406,82,87,76,False
S1::side=low/liq_ref=swing/liq_lb=50/confirm=close_beyond/imb=none/stop=beyond_sweep/exit=time/window=8/id=924148fb2e3c,S1,242,16.0,0.475,-0.0176,-0.0373,0.945,19.5,-0.174,-0.0169,0.1527,-0.174,-0.1362,82,85,75,False
S1::side=low/liq_ref=swing/liq_lb=50/confirm=close_beyond/imb=none/stop=structural/exit=rr2/window=8/id=4d3df8a4ca1a,S1,242,16.0,0.496,0.0439,0.0254,1.138,12.2,-0.0374,0.0403,0.1369,-0.0374,-0.0587,82,85,75,False
S1::side=low/liq_ref=swing/liq_lb=50/confirm=close_beyond/imb=none/stop=structural/exit=rr3/window=8/id=633349b9e212,S1,242,16.0,0.496,0.0835,0.065,1.262,11.6,-0.0263,0.0784,0.2093,-0.0263,-0.0625,82,85,75,False
S1::side=low/liq_ref=swing/liq_lb=50/confirm=close_beyond/imb=none/stop=structural/exit=opp_liq/window=8/id=d2c4eea80c05,S1,245,16.0,0.829,-0.0189,-0.0374,0.8,6.9,-0.071,0.0179,-0.005,-0.071,-0.0364,82,87,76,False
S1::side=low/liq_ref=swing/liq_lb=50/confirm=close_beyond/imb=none/stop=structural/exit=time/window=8/id=746c239d548d,S1,242,16.0,0.475,-0.0188,-0.0374,0.939,19.2,-0.1697,-0.0189,0.1463,-0.1697,-0.1338,82,85,75,False
S1::side=low/liq_ref=swing/liq_lb=50/confirm=close_beyond/imb=fvg/stop=beyond_sweep/exit=rr2/window=8/id=27dac283bd69,S1,195,13.0,0.508,0.0726,0.0533,1.234,9.9,-0.0021,0.0424,0.176,-0.0021,-0.0215,60,71,64,False
S1::side=low/liq_ref=swing/liq_lb=50/confirm=close_beyond/imb=fvg/stop=beyond_sweep/exit=rr3/window=8/id=a4380cf3639e,S1,195,13.0,0.508,0.1174,0.0981,1.379,9.9,0.0063,0.0762,0.2672,0.0063,-0.0218,60,71,64,False
S1::side=low/liq_ref=swing/liq_lb=50/confirm=close_beyond/imb=fvg/stop=beyond_sweep/exit=opp_liq/window=8/id=05f0239ef61c,S1,195,13.0,0.831,-0.0169,-0.0361,0.813,6.1,-0.0585,-0.0059,0.01,-0.0585,-0.0305,60,71,64,False
S1::side=low/liq_ref=swing/liq_lb=50/confirm=close_beyond/imb=fvg/stop=beyond_sweep/exit=time/window=8/id=a19276013e8a,S1,195,13.0,0.503,0.028,0.0087,1.096,12.5,-0.1533,0.0301,0.1956,-0.1533,-0.089,60,71,64,False
S1::side=low/liq_ref=swing/liq_lb=50/confirm=close_beyond/imb=fvg/stop=structural/exit=rr2/window=8/id=cd642ef1404e,S1,195,13.0,0.513,0.0785,0.0603,1.268,9.8,0.0055,0.056,0.172,0.0055,-0.0153,60,71,64,False
S1::side=low/liq_ref=swing/liq_lb=50/confirm=close_beyond/imb=fvg/stop=structural/exit=rr3/window=8/id=38fdc1c4af4e,S1,195,13.0,0.513,0.1216,0.1033,1.416,9.8,0.0139,0.0876,0.2603,0.0139,-0.0174,60,71,64,False
S1::side=low/liq_ref=swing/liq_lb=50/confirm=close_beyond/imb=fvg/stop=structural/exit=opp_liq/window=8/id=bc9ebec264da,S1,195,13.0,0.831,-0.0118,-0.03,0.855,4.8,-0.0535,0.006,0.0076,-0.0535,-0.0244,60,71,64,False
S1::side=low/liq_ref=swing/liq_lb=50/confirm=close_beyond/imb=fvg/stop=structural/exit=time/window=8/id=0ca314a8a836,S1,195,13.0,0.503,0.0254,0.0071,1.091,12.4,-0.1494,0.0244,0.1904,-0.1494,-0.0877,60,71,64,False
S1::side=low/liq_ref=swing/liq_lb=50/confirm=displacement/imb=none/stop=beyond_sweep/exit=rr2/window=4/id=72db3642bcc6,S1,2159,144.0,0.415,0.0176,-0.0873,1.031,63.6,-0.0185,0.0756,-0.0054,-0.0185,-0.0855,761,737,661,False
S1::side=low/liq_ref=swing/liq_lb=50/confirm=displacement/imb=none/stop=beyond_sweep/exit=rr2/window=8/id=6e2cb22674b5,S1,2766,184.0,0.432,0.0351,-0.0758,1.064,77.6,0.0225,0.0425,0.0418,0.0225,-0.0678,994,935,837,False
S1::side=low/liq_ref=swing/liq_lb=50/confirm=displacement/imb=none/stop=beyond_sweep/exit=rr3/window=4/id=9694c3cafd62,S1,2144,143.0,0.379,0.0283,-0.0739,1.047,41.5,-0.009,0.1044,-0.0133,-0.0133,-0.1297,757,730,657,False
S1::side=low/liq_ref=swing/liq_lb=50/confirm=displacement/imb=none/stop=beyond_sweep/exit=rr3/window=8/id=ba5e7da4ca9a,S1,2746,183.0,0.399,0.0436,-0.0653,1.075,61.6,0.0349,0.0598,0.0359,0.0349,-0.1129,990,925,831,False
S1::side=low/liq_ref=swing/liq_lb=50/confirm=displacement/imb=none/stop=beyond_sweep/exit=opp_liq/window=4/id=b28c6f18119d,S1,2138,143.0,0.408,0.0323,-0.0887,1.055,114.5,-0.1118,0.2339,-0.0256,-0.1118,-0.2536,752,727,659,False
S1::side=low/liq_ref=swing/liq_lb=50/confirm=displacement/imb=none/stop=beyond_sweep/exit=opp_liq/window=8/id=8ff0fd5512a8,S1,2738,182.0,0.431,0.0602,-0.0642,1.106,105.6,-0.0561,0.1678,0.0783,-0.0561,-0.2297,983,923,832,False
S1::side=low/liq_ref=swing/liq_lb=50/confirm=displacement/imb=none/stop=beyond_sweep/exit=time/window=4/id=7319c1cef245,S1,2126,142.0,0.369,0.0749,-0.0439,1.127,73.8,-0.0519,0.2993,-0.027,-0.0519,-0.277,750,721,655,False
S1::side=low/liq_ref=swing/liq_lb=50/confirm=displacement/imb=none/stop=beyond_sweep/exit=time/window=8/id=fdb4b02471d4,S1,2725,182.0,0.391,0.1047,-0.02,1.183,53.3,0.0225,0.2132,0.0822,0.0225,-0.2509,981,915,829,False
S1::side=low/liq_ref=swing/liq_lb=50/confirm=displacement/imb=none/stop=structural/exit=rr2/window=4/id=2a2d529b4b50,S1,2092,139.0,0.368,-0.0453,-0.1044,0.924,131.5,-0.0948,-0.0097,-0.0271,-0.0948,-0.1522,743,707,642,False
S1::side=low/liq_ref=swing/liq_lb=50/confirm=displacement/imb=none/stop=structural/exit=rr2/window=8/id=49d16f300d84,S1,2665,178.0,0.367,-0.0616,-0.1185,0.897,193.0,-0.0777,-0.0593,-0.0447,-0.0777,-0.1697,965,894,806,False
S1::side=low/liq_ref=swing/liq_lb=50/confirm=displacement/imb=none/stop=structural/exit=rr3/window=4/id=d663f2a39e43,S1,2074,138.0,0.329,-0.0409,-0.1003,0.936,132.6,-0.1107,-0.0042,-0.0006,-0.1107,-0.2016,737,700,637,False
S1::side=low/liq_ref=swing/liq_lb=50/confirm=displacement/imb=none/stop=structural/exit=rr3/window=8/id=8300a263d5e7,S1,2642,176.0,0.332,-0.0579,-0.1151,0.908,198.8,-0.0806,-0.0604,-0.0277,-0.0806,-0.22,958,885,799,False
S1::side=low/liq_ref=swing/liq_lb=50/confirm=displacement/imb=none/stop=structural/exit=opp_liq/window=4/id=32cc6a432aca,S1,2083,139.0,0.378,-0.0646,-0.1239,0.893,160.0,-0.1496,0.0054,-0.044,-0.1496,-0.2802,737,705,641,False
S1::side=low/liq_ref=swing/liq_lb=50/confirm=displacement/imb=none/stop=structural/exit=opp_liq/window=8/id=ebd126f71502,S1,2644,176.0,0.386,-0.0757,-0.1328,0.872,221.8,-0.1211,-0.0285,-0.074,-0.1211,-0.286,953,888,803,False
S1::side=low/liq_ref=swing/liq_lb=50/confirm=displacement/imb=none/stop=structural/exit=time/window=4/id=633806454618,S1,2070,138.0,0.341,-0.0206,-0.0801,0.966,123.7,-0.1145,0.0863,-0.0297,-0.1145,-0.2947,735,699,636,False
S1::side=low/liq_ref=swing/liq_lb=50/confirm=displacement/imb=none/stop=structural/exit=time/window=8/id=885b2e398419,S1,2628,175.0,0.344,-0.0381,-0.0955,0.935,132.9,-0.0861,0.0299,-0.0558,-0.0861,-0.3051,949,880,799,False
S1::side=low/liq_ref=swing/liq_lb=50/confirm=displacement/imb=fvg/stop=beyond_sweep/exit=rr2/window=4/id=420e76341331,S1,252,17.0,0.405,0.0159,-0.031,1.031,27.6,-0.2895,0.2443,0.0306,-0.2895,-0.0836,75,95,82,False
S1::side=low/liq_ref=swing/liq_lb=50/confirm=displacement/imb=fvg/stop=beyond_sweep/exit=rr2/window=8/id=681885a5f1b1,S1,527,35.0,0.397,-0.018,-0.082,0.967,49.5,-0.0905,0.0657,-0.0358,-0.0905,-0.1227,177,188,162,False
S1::side=low/liq_ref=swing/liq_lb=50/confirm=displacement/imb=fvg/stop=beyond_sweep/exit=rr3/window=4/id=cf9140873b2f,S1,252,17.0,0.385,0.0649,0.018,1.123,23.1,-0.2539,0.2639,0.1259,-0.2539,-0.083,75,95,82,False
S1::side=low/liq_ref=swing/liq_lb=50/confirm=displacement/imb=fvg/stop=beyond_sweep/exit=rr3/window=8/id=e0dcb3bf3658,S1,527,35.0,0.378,0.0148,-0.0493,1.027,36.3,-0.0593,0.1185,-0.0246,-0.0593,-0.1404,177,188,162,False
S1::side=low/liq_ref=swing/liq_lb=50/confirm=displacement/imb=fvg/stop=beyond_sweep/exit=opp_liq/window=4/id=2b6acf9549a8,S1,252,17.0,0.512,-0.0657,-0.1126,0.851,28.1,-0.1977,0.0796,-0.1134,-0.1977,-0.1909,75,95,82,False
S1::side=low/liq_ref=swing/liq_lb=50/confirm=displacement/imb=fvg/stop=beyond_sweep/exit=opp_liq/window=8/id=3e85d115c998,S1,528,35.0,0.491,-0.0001,-0.0641,1.0,27.2,0.0137,0.1157,-0.1503,-0.1503,-0.2141,177,189,162,False
S1::side=low/liq_ref=swing/liq_lb=50/confirm=displacement/imb=fvg/stop=beyond_sweep/exit=time/window=4/id=412fa839bcda,S1,252,17.0,0.381,-0.0202,-0.0672,0.957,40.7,-0.3052,0.0581,0.1496,-0.3052,-0.2131,75,95,82,False
S1::side=low/liq_ref=swing/liq_lb=50/confirm=displacement/imb=fvg/stop=beyond_sweep/exit=time/window=8/id=a65a9f72bf0e,S1,527,35.0,0.374,0.0921,0.028,1.18,32.9,0.0682,0.1613,0.0378,0.0378,-0.2476,177,188,162,False
S1::side=low/liq_ref=swing/liq_lb=50/confirm=displacement/imb=fvg/stop=structural/exit=rr2/window=4/id=8aa00744b9e3,S1,252,17.0,0.405,0.0158,-0.0241,1.031,26.5,-0.2889,0.2429,0.0312,-0.2889,-0.0838,75,95,82,False
S1::side=low/liq_ref=swing/liq_lb=50/confirm=displacement/imb=fvg/stop=structural/exit=rr2/window=8/id=67ca48db1c06,S1,527,35.0,0.402,-0.0024,-0.0439,0.995,36.0,-0.0874,0.0807,-0.0061,-0.0874,-0.1064,177,188,162,False
S1::side=low/liq_ref=swing/liq_lb=50/confirm=displacement/imb=fvg/stop=structural/exit=rr3/window=4/id=47660f96d3e4,S1,252,17.0,0.381,0.0281,-0.0118,1.053,25.6,-0.2872,0.2341,0.0778,-0.2872,-0.1217,75,95,82,False
S1::side=low/liq_ref=swing/liq_lb=50/confirm=displacement/imb=fvg/stop=structural/exit=rr3/window=8/id=2177adc69f7e,S1,527,35.0,0.376,-0.0266,-0.0681,0.951,32.0,-0.1023,0.0405,-0.0219,-0.1023,-0.184,177,188,162,False
S1::side=low/liq_ref=swing/liq_lb=50/confirm=displacement/imb=fvg/stop=structural/exit=opp_liq/window=4/id=2afe80194755,S1,252,17.0,0.516,-0.0565,-0.0964,0.871,23.5,-0.1594,0.0737,-0.1131,-0.1594,-0.181,75,95,82,False
S1::side=low/liq_ref=swing/liq_lb=50/confirm=displacement/imb=fvg/stop=structural/exit=opp_liq/window=8/id=bd8c694f06b4,S1,528,35.0,0.502,-0.049,-0.0905,0.893,35.1,-0.0611,0.0227,-0.1195,-0.1195,-0.1961,177,189,162,False
S1::side=low/liq_ref=swing/liq_lb=50/confirm=displacement/imb=fvg/stop=structural/exit=time/window=4/id=b0228b495546,S1,252,17.0,0.385,-0.023,-0.0629,0.951,37.8,-0.2904,0.049,0.1383,-0.2904,-0.2093,75,95,82,False
S1::side=low/liq_ref=swing/liq_lb=50/confirm=displacement/imb=fvg/stop=structural/exit=time/window=8/id=45fecd755f5c,S1,527,35.0,0.381,-0.0198,-0.0612,0.959,40.7,-0.0878,0.0286,-0.0016,-0.0878,-0.2256,177,188,162,False
S1::side=low/liq_ref=session/liq_lb=20/confirm=consecutive2/imb=none/stop=beyond_sweep/exit=rr2/window=4/id=e1a7dba4ea11,S1,10423,695.0,0.38,-0.0032,-0.1303,0.995,257.4,-0.0039,-0.0304,0.0261,-0.0304,-0.1084,3655,3473,3295,False
S1::side=low/liq_ref=session/liq_lb=20/confirm=consecutive2/imb=none/stop=beyond_sweep/exit=rr2/window=8/id=3b8e5177cd2e,S1,12191,813.0,0.44,0.0739,-0.0749,1.129,37.8,0.0714,0.0374,0.1152,0.0374,-0.0271,4325,4039,3827,False
S1::side=low/liq_ref=session/liq_lb=20/confirm=consecutive2/imb=none/stop=beyond_sweep/exit=rr3/window=4/id=38ceffefe9ee,S1,9927,662.0,0.328,0.0074,-0.1205,1.011,305.4,-0.0056,-0.0394,0.0713,-0.0394,-0.1501,3500,3296,3131,False
S1::side=low/liq_ref=session/liq_lb=20/confirm=consecutive2/imb=none/stop=beyond_sweep/exit=rr3/window=8/id=2d482beb3f60,S1,11658,777.0,0.396,0.0904,-0.0601,1.147,57.2,0.0714,0.036,0.1693,0.036,-0.0623,4147,3850,3661,False
S1::side=low/liq_ref=session/liq_lb=20/confirm=consecutive2/imb=none/stop=beyond_sweep/exit=opp_liq/window=4/id=2b6086a9604f,S1,11367,758.0,0.519,-0.0191,-0.1478,0.96,444.8,-0.0298,-0.0485,0.0236,-0.0485,-0.2286,4002,3776,3589,False
S1::side=low/liq_ref=session/liq_lb=20/confirm=consecutive2/imb=none/stop=beyond_sweep/exit=opp_liq/window=8/id=1493b5673d3a,S1,13324,888.0,0.564,0.0745,-0.0854,1.169,71.3,0.0739,0.0385,0.113,0.0385,-0.1375,4749,4399,4176,False
S1::side=low/liq_ref=session/liq_lb=20/confirm=consecutive2/imb=none/stop=beyond_sweep/exit=time/window=4/id=209c968b015f,S1,11051,737.0,0.318,0.0501,-0.0724,1.074,314.7,0.0473,0.0025,0.1038,0.0025,-0.3467,3848,3717,3486,False
S1::side=low/liq_ref=session/liq_lb=20/confirm=consecutive2/imb=none/stop=beyond_sweep/exit=time/window=8/id=02cfb13da7ab,S1,12903,860.0,0.377,0.1644,0.0016,1.264,119.0,0.1588,0.0984,0.2411,0.0984,-0.2624,4563,4300,4040,False
S1::side=low/liq_ref=session/liq_lb=20/confirm=consecutive2/imb=none/stop=structural/exit=rr2/window=4/id=8eb7278a8ece,S1,8835,589.0,0.382,0.0064,-0.0665,1.011,166.4,-0.0061,-0.0054,0.0325,-0.0061,-0.0984,3099,2938,2798,False
S1::side=low/liq_ref=session/liq_lb=20/confirm=consecutive2/imb=none/stop=structural/exit=rr2/window=8/id=f7fcb5c2fdce,S1,9920,661.0,0.384,0.0063,-0.0647,1.011,170.9,-0.0066,-0.0089,0.0371,-0.0089,-0.0986,3539,3273,3108,False
S1::side=low/liq_ref=session/liq_lb=20/confirm=consecutive2/imb=none/stop=structural/exit=rr3/window=4/id=ae0653cce908,S1,8486,566.0,0.335,0.0129,-0.0603,1.02,202.3,-0.017,-0.0101,0.0706,-0.017,-0.1441,2984,2824,2678,False
S1::side=low/liq_ref=session/liq_lb=20/confirm=consecutive2/imb=none/stop=structural/exit=rr3/window=8/id=41ecd5d97a30,S1,9500,633.0,0.339,0.0159,-0.0559,1.025,215.7,-0.0152,-0.0042,0.0729,-0.0152,-0.141,3402,3132,2966,False
S1::side=low/liq_ref=session/liq_lb=20/confirm=consecutive2/imb=none/stop=structural/exit=opp_liq/window=4/id=0ddb057b448a,S1,10579,705.0,0.564,-0.0298,-0.1024,0.928,371.4,-0.0462,-0.0445,0.0037,-0.0462,-0.1985,3707,3519,3353,False
S1::side=low/liq_ref=session/liq_lb=20/confirm=consecutive2/imb=none/stop=structural/exit=opp_liq/window=8/id=b98bd3d0c6ec,S1,11992,799.0,0.563,-0.0266,-0.0979,0.936,420.8,-0.0468,-0.0464,0.0173,-0.0468,-0.195,4269,3968,3755,False
S1::side=low/liq_ref=session/liq_lb=20/confirm=consecutive2/imb=none/stop=structural/exit=time/window=4/id=6340c7446cdf,S1,10020,668.0,0.35,0.0155,-0.0609,1.026,258.1,-0.0012,-0.0183,0.0706,-0.0183,-0.2749,3506,3379,3135,False
S1::side=low/liq_ref=session/liq_lb=20/confirm=consecutive2/imb=none/stop=structural/exit=time/window=8/id=23956455a5c1,S1,11459,764.0,0.352,0.0132,-0.0621,1.022,269.5,-0.0114,-0.0163,0.0733,-0.0163,-0.274,4087,3818,3554,False
S1::side=low/liq_ref=session/liq_lb=20/confirm=consecutive2/imb=fvg/stop=beyond_sweep/exit=rr2/window=4/id=6ff105b986e7,S1,2024,135.0,0.384,0.0008,-0.0693,1.001,66.6,-0.0639,0.0314,0.0383,-0.0639,-0.1039,700,632,692,False
S1::side=low/liq_ref=session/liq_lb=20/confirm=consecutive2/imb=fvg/stop=beyond_sweep/exit=rr2/window=8/id=464a8d60bffb,S1,2665,178.0,0.4,0.0083,-0.0827,1.014,48.9,-0.0148,0.0073,0.0337,-0.0148,-0.096,944,831,890,False
S1::side=low/liq_ref=session/liq_lb=20/confirm=consecutive2/imb=fvg/stop=beyond_sweep/exit=rr3/window=4/id=d0abcfae464f,S1,1993,133.0,0.344,0.0128,-0.0568,1.02,90.8,-0.0831,0.006,0.1158,-0.0831,-0.1453,687,626,680,False
S1::side=low/liq_ref=session/liq_lb=20/confirm=consecutive2/imb=fvg/stop=beyond_sweep/exit=rr3/window=8/id=8c295585d0bf,S1,2629,175.0,0.36,0.0234,-0.0664,1.037,61.9,-0.0249,-0.0099,0.1054,-0.0249,-0.1341,928,822,879,False
S1::side=low/liq_ref=session/liq_lb=20/confirm=consecutive2/imb=fvg/stop=beyond_sweep/exit=opp_liq/window=4/id=ec75b05fca7a,S1,2106,140.0,0.651,-0.0382,-0.1098,0.881,89.3,-0.0498,-0.0608,-0.0054,-0.0608,-0.1515,730,662,714,False
S1::side=low/liq_ref=session/liq_lb=20/confirm=consecutive2/imb=fvg/stop=beyond_sweep/exit=opp_liq/window=8/id=3c1cf76c3397,S1,2780,185.0,0.643,0.0126,-0.1024,1.037,70.7,0.0195,-0.0512,0.0655,-0.0512,-0.1438,992,870,918,False
S1::side=low/liq_ref=session/liq_lb=20/confirm=consecutive2/imb=fvg/stop=beyond_sweep/exit=time/window=4/id=9fb39349c6c8,S1,2091,139.0,0.365,0.0131,-0.0591,1.023,108.6,-0.0619,-0.0345,0.1351,-0.0619,-0.259,733,653,705,False
S1::side=low/liq_ref=session/liq_lb=20/confirm=consecutive2/imb=fvg/stop=beyond_sweep/exit=time/window=8/id=edebeb1759cd,S1,2752,183.0,0.367,0.1136,-0.0278,1.195,89.3,0.0453,-0.0133,0.3067,-0.0133,-0.2727,986,855,911,False
S1::side=low/liq_ref=session/liq_lb=20/confirm=consecutive2/imb=fvg/stop=structural/exit=rr2/window=4/id=217bdf6897f2,S1,1970,131.0,0.409,0.0189,-0.0319,1.035,51.3,-0.0549,0.0263,0.0869,-0.0549,-0.086,680,620,670,False
S1::side=low/liq_ref=session/liq_lb=20/confirm=consecutive2/imb=fvg/stop=structural/exit=rr2/window=8/id=c869fc341a2d,S1,2553,170.0,0.407,0.0155,-0.0356,1.029,53.8,-0.0253,-0.0025,0.076,-0.0253,-0.0894,904,801,848,False
S1::side=low/liq_ref=session/liq_lb=20/confirm=consecutive2/imb=fvg/stop=structural/exit=rr3/window=4/id=651922ec5128,S1,1947,130.0,0.381,0.0396,-0.0111,1.07,53.1,-0.0506,0.0316,0.1382,-0.0506,-0.1163,670,614,663,False
S1::side=low/liq_ref=session/liq_lb=20/confirm=consecutive2/imb=fvg/stop=structural/exit=rr3/window=8/id=4249e674d41d,S1,2522,168.0,0.378,0.0249,-0.0263,1.044,69.3,-0.0369,-0.0003,0.1144,-0.0369,-0.132,893,790,839,False
S1::side=low/liq_ref=session/liq_lb=20/confirm=consecutive2/imb=fvg/stop=structural/exit=opp_liq/window=4/id=2b1f60053c13,S1,2095,140.0,0.695,-0.0177,-0.0681,0.934,60.0,-0.0175,-0.0451,0.0077,-0.0451,-0.1203,724,660,711,False
S1::side=low/liq_ref=session/liq_lb=20/confirm=consecutive2/imb=fvg/stop=structural/exit=opp_liq/window=8/id=0bf019248fbf,S1,2749,183.0,0.687,-0.0179,-0.0687,0.936,79.1,-0.0159,-0.0586,0.0187,-0.0586,-0.1245,977,862,910,False
S1::side=low/liq_ref=session/liq_lb=20/confirm=consecutive2/imb=fvg/stop=structural/exit=time/window=4/id=ea5ef9621aa6,S1,2059,137.0,0.41,0.019,-0.032,1.039,52.5,0.0025,-0.0343,0.0856,-0.0343,-0.1965,720,645,694,False
S1::side=low/liq_ref=session/liq_lb=20/confirm=consecutive2/imb=fvg/stop=structural/exit=time/window=8/id=930d5e587191,S1,2692,179.0,0.408,0.0104,-0.0412,1.021,102.1,-0.0182,-0.0571,0.1049,-0.0571,-0.2064,965,838,889,False
S1::side=low/liq_ref=session/liq_lb=20/confirm=close_beyond/imb=none/stop=beyond_sweep/exit=rr2/window=4/id=66de0fcdebc1,S1,3606,240.0,0.381,0.002,-0.0676,1.003,117.8,-0.0862,0.0196,0.0723,-0.0862,-0.103,1207,1183,1216,False
S1::side=low/liq_ref=session/liq_lb=20/confirm=close_beyond/imb=none/stop=beyond_sweep/exit=rr2/window=8/id=22f58b99cf74,S1,4883,325.0,0.386,-0.0006,-0.0755,0.999,176.2,-0.0892,0.0183,0.0744,-0.0892,-0.1056,1688,1605,1590,False
S1::side=low/liq_ref=session/liq_lb=20/confirm=close_beyond/imb=none/stop=beyond_sweep/exit=rr3/window=4/id=37d9da653c1f,S1,3521,235.0,0.341,0.0181,-0.0515,1.029,93.9,-0.041,0.0128,0.0829,-0.041,-0.1398,1185,1161,1175,False
S1::side=low/liq_ref=session/liq_lb=20/confirm=close_beyond/imb=none/stop=beyond_sweep/exit=rr3/window=8/id=5d777f7e4ffa,S1,4749,317.0,0.351,0.0208,-0.0549,1.034,140.9,-0.0663,0.0386,0.096,-0.0663,-0.1364,1646,1569,1534,False
S1::side=low/liq_ref=session/liq_lb=20/confirm=close_beyond/imb=none/stop=beyond_sweep/exit=opp_liq/window=4/id=ec618c84b278,S1,4113,274.0,0.739,-0.0565,-0.1269,0.648,236.6,-0.088,-0.0587,-0.0235,-0.088,-0.0905,1372,1337,1404,False
S1::side=low/liq_ref=session/liq_lb=20/confirm=close_beyond/imb=none/stop=beyond_sweep/exit=opp_liq/window=8/id=bdc342c1eab2,S1,5744,383.0,0.734,-0.0505,-0.128,0.702,299.7,-0.0831,-0.0487,-0.0182,-0.0831,-0.0954,1973,1879,1892,False
S1::side=low/liq_ref=session/liq_lb=20/confirm=close_beyond/imb=none/stop=beyond_sweep/exit=time/window=4/id=c15d251acdca,S1,3868,258.0,0.369,0.0403,-0.0353,1.07,62.5,-0.0007,0.0323,0.0888,-0.0007,-0.2395,1303,1258,1307,False
S1::side=low/liq_ref=session/liq_lb=20/confirm=close_beyond/imb=none/stop=beyond_sweep/exit=time/window=8/id=8338bf16c0bc,S1,5284,352.0,0.369,0.076,-0.0235,1.131,85.1,0.0087,0.0823,0.1414,0.0087,-0.2513,1835,1727,1722,False
S1::side=low/liq_ref=session/liq_lb=20/confirm=close_beyond/imb=none/stop=structural/exit=rr2/window=4/id=89f7cba4beae,S1,3334,222.0,0.415,0.024,-0.0209,1.047,82.3,-0.0485,0.0567,0.0652,-0.0485,-0.0798,1126,1106,1102,False
S1::side=low/liq_ref=session/liq_lb=20/confirm=close_beyond/imb=none/stop=structural/exit=rr2/window=8/id=02ed5e6c7a7d,S1,4381,292.0,0.416,0.0258,-0.0177,1.051,111.6,-0.0516,0.0628,0.0722,-0.0516,-0.0783,1531,1449,1401,False
S1::side=low/liq_ref=session/liq_lb=20/confirm=close_beyond/imb=none/stop=structural/exit=rr3/window=4/id=d3824f804c6e,S1,3269,218.0,0.391,0.0476,0.0026,1.089,68.4,-0.0378,0.0878,0.0948,-0.0378,-0.1072,1105,1086,1078,False
S1::side=low/liq_ref=session/liq_lb=20/confirm=close_beyond/imb=none/stop=structural/exit=rr3/window=8/id=873c44cbd96d,S1,4274,285.0,0.394,0.0477,0.0039,1.09,82.4,-0.0416,0.0876,0.1046,-0.0416,-0.1071,1498,1417,1359,False
S1::side=low/liq_ref=session/liq_lb=20/confirm=close_beyond/imb=none/stop=structural/exit=opp_liq/window=4/id=4c871d3458bf,S1,4084,272.0,0.778,-0.0331,-0.0782,0.698,138.7,-0.0631,-0.0243,-0.0121,-0.0631,-0.0555,1360,1328,1396,False
S1::side=low/liq_ref=session/liq_lb=20/confirm=close_beyond/imb=none/stop=structural/exit=opp_liq/window=8/id=2fde2397f242,S1,5690,379.0,0.781,-0.0304,-0.0743,0.713,177.3,-0.0589,-0.0224,-0.0088,-0.0589,-0.0522,1948,1861,1881,False
S1::side=low/liq_ref=session/liq_lb=20/confirm=close_beyond/imb=none/stop=structural/exit=time/window=4/id=246b701b25b6,S1,3709,247.0,0.42,0.034,-0.0124,1.073,55.2,-0.0214,0.0392,0.0845,-0.0214,-0.1749,1248,1217,1244,False
S1::side=low/liq_ref=session/liq_lb=20/confirm=close_beyond/imb=none/stop=structural/exit=time/window=8/id=b6bedd18c0da,S1,5006,334.0,0.419,0.0312,-0.0145,1.067,82.1,-0.0215,0.0368,0.0825,-0.0215,-0.1751,1746,1644,1616,False
S1::side=low/liq_ref=session/liq_lb=20/confirm=close_beyond/imb=fvg/stop=beyond_sweep/exit=rr2/window=4/id=65c3ba3f05b4,S1,1284,86.0,0.388,-0.0096,-0.0604,0.983,69.9,-0.0678,-0.0073,0.0442,-0.0678,-0.1157,435,395,454,False
S1::side=low/liq_ref=session/liq_lb=20/confirm=close_beyond/imb=fvg/stop=beyond_sweep/exit=rr2/window=8/id=9bb24895f96b,S1,2213,147.0,0.387,-0.015,-0.0715,0.973,116.3,-0.1195,0.0215,0.0619,-0.1195,-0.1204,783,699,731,False
S1::side=low/liq_ref=session/liq_lb=20/confirm=close_beyond/imb=fvg/stop=beyond_sweep/exit=rr3/window=4/id=190ebe36d8de,S1,1268,85.0,0.357,0.0064,-0.0446,1.011,63.9,-0.0466,0.007,0.0568,-0.0466,-0.1529,429,394,445,False
S1::side=low/liq_ref=session/liq_lb=20/confirm=close_beyond/imb=fvg/stop=beyond_sweep/exit=rr3/window=8/id=6acf0709f27c,S1,2181,145.0,0.361,0.0117,-0.0442,1.02,104.9,-0.102,0.0637,0.0839,-0.102,-0.1475,772,690,719,False
S1::side=low/liq_ref=session/liq_lb=20/confirm=close_beyond/imb=fvg/stop=beyond_sweep/exit=opp_liq/window=4/id=fc35c99a3a5c,S1,1353,90.0,0.763,-0.0474,-0.0992,0.654,68.0,-0.065,-0.0655,-0.0144,-0.0655,-0.0736,468,412,473,False
S1::side=low/liq_ref=session/liq_lb=20/confirm=close_beyond/imb=fvg/stop=beyond_sweep/exit=opp_liq/window=8/id=128c94bee864,S1,2379,159.0,0.76,-0.038,-0.096,0.718,99.2,-0.0552,-0.0433,-0.0142,-0.0552,-0.0686,844,754,781,False
S1::side=low/liq_ref=session/liq_lb=20/confirm=close_beyond/imb=fvg/stop=beyond_sweep/exit=time/window=4/id=e1420baec751,S1,1334,89.0,0.398,0.0095,-0.0424,1.019,63.8,-0.0297,-0.0327,0.0855,-0.0327,-0.2061,461,408,465,False
S1::side=low/liq_ref=session/liq_lb=20/confirm=close_beyond/imb=fvg/stop=beyond_sweep/exit=time/window=8/id=46f1bee2afef,S1,2303,153.0,0.392,0.0412,-0.0397,1.079,83.8,0.0153,0.0579,0.053,0.0153,-0.2197,816,730,757,False
S1::side=low/liq_ref=session/liq_lb=20/confirm=close_beyond/imb=fvg/stop=structural/exit=rr2/window=4/id=7cfa9cc7f499,S1,1247,83.0,0.423,0.0259,-0.0125,1.053,43.5,-0.0153,0.0541,0.0411,-0.0153,-0.0781,426,388,433,False
S1::side=low/liq_ref=session/liq_lb=20/confirm=close_beyond/imb=fvg/stop=structural/exit=rr2/window=8/id=c209b3d32cd7,S1,2122,141.0,0.425,0.0263,-0.0116,1.053,70.6,-0.0434,0.0784,0.0511,-0.0434,-0.0782,753,678,691,False
S1::side=low/liq_ref=session/liq_lb=20/confirm=close_beyond/imb=fvg/stop=structural/exit=rr3/window=4/id=9cc350ddb9ba,S1,1231,82.0,0.405,0.0348,-0.0038,1.069,35.9,-0.0261,0.0693,0.0633,-0.0261,-0.1194,419,387,425,False
S1::side=low/liq_ref=session/liq_lb=20/confirm=close_beyond/imb=fvg/stop=structural/exit=rr3/window=8/id=b1e9ca868865,S1,2086,139.0,0.41,0.0383,0.0002,1.075,66.7,-0.0375,0.0883,0.0711,-0.0375,-0.1168,737,670,679,False
S1::side=low/liq_ref=session/liq_lb=20/confirm=close_beyond/imb=fvg/stop=structural/exit=opp_liq/window=4/id=b4efd3b4b70a,S1,1352,90.0,0.791,-0.03,-0.0687,0.708,45.9,-0.0412,-0.0425,-0.0082,-0.0425,-0.0495,468,411,473,False
S1::side=low/liq_ref=session/liq_lb=20/confirm=close_beyond/imb=fvg/stop=structural/exit=opp_liq/window=8/id=a4e81979285f,S1,2371,158.0,0.787,-0.0258,-0.0638,0.736,70.0,-0.0357,-0.0338,-0.0073,-0.0357,-0.0447,842,749,780,False
S1::side=low/liq_ref=session/liq_lb=20/confirm=close_beyond/imb=fvg/stop=structural/exit=time/window=4/id=959a98146344,S1,1316,88.0,0.435,0.0326,-0.0065,1.079,26.0,0.0136,0.0032,0.078,0.0032,-0.1458,457,405,454,False
S1::side=low/liq_ref=session/liq_lb=20/confirm=close_beyond/imb=fvg/stop=structural/exit=time/window=8/id=11b0b633c821,S1,2266,151.0,0.434,0.0142,-0.0245,1.034,57.9,-0.0138,0.0158,0.0432,-0.0138,-0.1569,807,721,738,False
S1::side=low/liq_ref=session/liq_lb=20/confirm=displacement/imb=none/stop=beyond_sweep/exit=rr2/window=4/id=88567ae39bcd,S1,5335,356.0,0.409,0.026,-0.0939,1.044,66.4,0.0149,0.0301,0.0339,0.0149,-0.0774,1894,1693,1748,False
S1::side=low/liq_ref=session/liq_lb=20/confirm=displacement/imb=none/stop=beyond_sweep/exit=rr2/window=8/id=8ae15f1fe244,S1,6820,455.0,0.44,0.0685,-0.0588,1.123,47.1,0.0575,0.0466,0.1027,0.0466,-0.033,2483,2159,2178,False
S1::side=low/liq_ref=session/liq_lb=20/confirm=displacement/imb=none/stop=beyond_sweep/exit=rr3/window=4/id=56b72fec8ffc,S1,5196,346.0,0.371,0.0458,-0.0724,1.073,52.0,0.0205,0.0609,0.0584,0.0205,-0.1091,1840,1656,1700,False
S1::side=low/liq_ref=session/liq_lb=20/confirm=displacement/imb=none/stop=beyond_sweep/exit=rr3/window=8/id=aa6e0a4dfd6a,S1,6626,442.0,0.404,0.0839,-0.0427,1.141,65.2,0.0595,0.0768,0.1187,0.0595,-0.0691,2405,2106,2115,False
S1::side=low/liq_ref=session/liq_lb=20/confirm=displacement/imb=none/stop=beyond_sweep/exit=opp_liq/window=4/id=89b5f32ad912,S1,5850,390.0,0.612,0.0029,-0.1168,1.008,78.2,-0.0243,0.0346,0.0015,-0.0243,-0.15,2077,1860,1913,False
S1::side=low/liq_ref=session/liq_lb=20/confirm=displacement/imb=none/stop=beyond_sweep/exit=opp_liq/window=8/id=522d80b6d0a9,S1,7611,507.0,0.638,0.0539,-0.0703,1.155,54.9,0.0315,0.0487,0.0846,0.0315,-0.0975,2787,2398,2426,False
S1::side=low/liq_ref=session/liq_lb=20/confirm=displacement/imb=none/stop=beyond_sweep/exit=time/window=4/id=b7be88cb5aa0,S1,5562,371.0,0.372,0.0787,-0.0389,1.13,62.8,0.0056,0.1519,0.0864,0.0056,-0.2689,1976,1782,1804,False
S1::side=low/liq_ref=session/liq_lb=20/confirm=displacement/imb=none/stop=beyond_sweep/exit=time/window=8/id=0a534a2e0f86,S1,7185,479.0,0.402,0.1282,0.0011,1.221,55.5,0.091,0.1287,0.1706,0.091,-0.2245,2623,2281,2281,False
S1::side=low/liq_ref=session/liq_lb=20/confirm=displacement/imb=none/stop=structural/exit=rr2/window=4/id=303ed64f55dd,S1,4838,322.0,0.377,-0.0169,-0.0772,0.971,155.9,-0.059,0.0031,0.0102,-0.059,-0.1228,1738,1541,1559,False
S1::side=low/liq_ref=session/liq_lb=20/confirm=displacement/imb=none/stop=structural/exit=rr2/window=8/id=5de516d2b148,S1,5989,399.0,0.375,-0.0272,-0.0866,0.954,253.2,-0.0494,-0.0216,-0.0072,-0.0494,-0.1339,2190,1916,1883,False
S1::side=low/liq_ref=session/liq_lb=20/confirm=displacement/imb=none/stop=structural/exit=rr3/window=4/id=53f7546cb754,S1,4706,314.0,0.338,-0.0063,-0.067,0.99,146.1,-0.0725,0.0274,0.0336,-0.0725,-0.1648,1683,1503,1520,False
S1::side=low/liq_ref=session/liq_lb=20/confirm=displacement/imb=none/stop=structural/exit=rr3/window=8/id=0983e4ce34dd,S1,5819,388.0,0.335,-0.0222,-0.0821,0.965,249.3,-0.0613,-0.0073,0.0084,-0.0613,-0.1809,2130,1858,1831,False
S1::side=low/liq_ref=session/liq_lb=20/confirm=displacement/imb=none/stop=structural/exit=opp_liq/window=4/id=245749fe6fc6,S1,5638,376.0,0.63,-0.0456,-0.1053,0.865,260.6,-0.0851,-0.0186,-0.029,-0.0851,-0.1653,1998,1799,1841,False
S1::side=low/liq_ref=session/liq_lb=20/confirm=displacement/imb=none/stop=structural/exit=opp_liq/window=8/id=0e0a4f1464d3,S1,7230,482.0,0.636,-0.0419,-0.1008,0.872,311.5,-0.0584,-0.0318,-0.0331,-0.0584,-0.1606,2642,2292,2296,False
S1::side=low/liq_ref=session/liq_lb=20/confirm=displacement/imb=none/stop=structural/exit=time/window=4/id=241c239ffc21,S1,5247,350.0,0.367,0.0058,-0.0562,1.01,132.9,-0.0498,0.0432,0.0299,-0.0498,-0.255,1872,1694,1681,False
S1::side=low/liq_ref=session/liq_lb=20/confirm=displacement/imb=none/stop=structural/exit=time/window=8/id=f6de10cc7a24,S1,6610,441.0,0.367,0.0077,-0.0538,1.014,114.1,-0.0184,0.0245,0.021,-0.0184,-0.2553,2412,2116,2082,False
S1::side=low/liq_ref=session/liq_lb=20/confirm=displacement/imb=fvg/stop=beyond_sweep/exit=rr2/window=4/id=1d891e8ce2cb,S1,824,55.0,0.376,-0.0285,-0.08,0.949,59.7,-0.0351,-0.0463,-0.0034,-0.0463,-0.1349,303,258,263,False
S1::side=low/liq_ref=session/liq_lb=20/confirm=displacement/imb=fvg/stop=beyond_sweep/exit=rr2/window=8/id=55c6a5841b08,S1,1652,110.0,0.387,-0.0224,-0.095,0.961,96.6,0.0014,-0.0437,-0.0307,-0.0437,-0.1284,633,511,508,False
S1::side=low/liq_ref=session/liq_lb=20/confirm=displacement/imb=fvg/stop=beyond_sweep/exit=rr3/window=4/id=b75358de9685,S1,818,55.0,0.35,0.0041,-0.0475,1.007,45.8,-0.0104,-0.0059,0.0305,-0.0104,-0.1501,299,258,261,False
S1::side=low/liq_ref=session/liq_lb=20/confirm=displacement/imb=fvg/stop=beyond_sweep/exit=rr3/window=8/id=9f2e284eaf02,S1,1634,109.0,0.362,0.0053,-0.0669,1.009,54.8,0.0065,0.0129,-0.0037,-0.0037,-0.1504,623,506,505,False
S1::side=low/liq_ref=session/liq_lb=20/confirm=displacement/imb=fvg/stop=beyond_sweep/exit=opp_liq/window=4/id=a69c6775e957,S1,858,57.0,0.713,-0.041,-0.0923,0.822,47.7,-0.0835,-0.0623,0.0298,-0.0835,-0.1128,314,273,271,False
S1::side=low/liq_ref=session/liq_lb=20/confirm=displacement/imb=fvg/stop=beyond_sweep/exit=opp_liq/window=8/id=a39877b50729,S1,1742,116.0,0.696,-0.0237,-0.0922,0.908,71.3,-0.0515,-0.0047,-0.0085,-0.0515,-0.1208,665,543,534,False
S1::side=low/liq_ref=session/liq_lb=20/confirm=displacement/imb=fvg/stop=beyond_sweep/exit=time/window=4/id=fe7d828f2afa,S1,845,56.0,0.374,-0.0527,-0.1049,0.898,77.5,-0.0265,-0.0986,-0.0373,-0.0986,-0.2563,309,266,270,False
S1::side=low/liq_ref=session/liq_lb=20/confirm=displacement/imb=fvg/stop=beyond_sweep/exit=time/window=8/id=8cfa286fc2e7,S1,1707,114.0,0.374,0.021,-0.0429,1.039,52.6,0.0593,0.0135,-0.0187,-0.0187,-0.2629,651,530,526,False
S1::side=low/liq_ref=session/liq_lb=20/confirm=displacement/imb=fvg/stop=structural/exit=rr2/window=4/id=75196d716197,S1,816,54.0,0.392,-0.0224,-0.0623,0.957,54.6,-0.0318,-0.0101,-0.0237,-0.0318,-0.127,298,257,261,False
S1::side=low/liq_ref=session/liq_lb=20/confirm=displacement/imb=fvg/stop=structural/exit=rr2/window=8/id=b6e4681e08f7,S1,1624,108.0,0.397,-0.017,-0.0613,0.968,85.9,-0.0158,-0.0183,-0.017,-0.0183,-0.1232,617,507,500,False
S1::side=low/liq_ref=session/liq_lb=20/confirm=displacement/imb=fvg/stop=structural/exit=rr3/window=4/id=a09c76ba0138,S1,811,54.0,0.376,0.0045,-0.0355,1.008,30.5,-0.0369,0.0337,0.0227,-0.0369,-0.1509,295,257,259,False
S1::side=low/liq_ref=session/liq_lb=20/confirm=displacement/imb=fvg/stop=structural/exit=rr3/window=8/id=9b4e466bf9e4,S1,1607,107.0,0.375,-0.0099,-0.0544,0.982,69.2,-0.0091,0.0008,-0.0217,-0.0217,-0.1675,607,504,496,False
S1::side=low/liq_ref=session/liq_lb=20/confirm=displacement/imb=fvg/stop=structural/exit=opp_liq/window=4/id=c70949c72a14,S1,857,57.0,0.739,-0.0348,-0.0745,0.823,39.7,-0.0696,-0.0545,0.0253,-0.0696,-0.0925,313,273,271,False
S1::side=low/liq_ref=session/liq_lb=20/confirm=displacement/imb=fvg/stop=structural/exit=opp_liq/window=8/id=657301759644,S1,1737,116.0,0.718,-0.0453,-0.0893,0.798,81.4,-0.0541,-0.0461,-0.0337,-0.0541,-0.1193,661,543,533,False
S1::side=low/liq_ref=session/liq_lb=20/confirm=displacement/imb=fvg/stop=structural/exit=time/window=4/id=8b9b1ef79589,S1,838,56.0,0.396,-0.029,-0.0692,0.935,53.6,-0.0071,-0.0606,-0.0228,-0.0606,-0.2121,306,265,267,False
S1::side=low/liq_ref=session/liq_lb=20/confirm=displacement/imb=fvg/stop=structural/exit=time/window=8/id=8ed1943cf102,S1,1689,113.0,0.395,-0.0096,-0.0542,0.98,67.2,0.0037,-0.0198,-0.0157,-0.0198,-0.2138,641,527,521,False
S1::side=low/liq_ref=session/liq_lb=50/confirm=consecutive2/imb=none/stop=beyond_sweep/exit=rr2/window=4/id=3e8e64c5f203,S1,10423,695.0,0.38,-0.0032,-0.1303,0.995,257.4,-0.0039,-0.0304,0.0261,-0.0304,-0.1084,3655,3473,3295,False
S1::side=low/liq_ref=session/liq_lb=50/confirm=consecutive2/imb=none/stop=beyond_sweep/exit=rr2/window=8/id=0bd01dbce276,S1,12191,813.0,0.44,0.0739,-0.0749,1.129,37.8,0.0714,0.0374,0.1152,0.0374,-0.0271,4325,4039,3827,False
S1::side=low/liq_ref=session/liq_lb=50/confirm=consecutive2/imb=none/stop=beyond_sweep/exit=rr3/window=4/id=79256a9fafa3,S1,9927,662.0,0.328,0.0074,-0.1205,1.011,305.4,-0.0056,-0.0394,0.0713,-0.0394,-0.1501,3500,3296,3131,False
S1::side=low/liq_ref=session/liq_lb=50/confirm=consecutive2/imb=none/stop=beyond_sweep/exit=rr3/window=8/id=60459b41f3bf,S1,11658,777.0,0.396,0.0904,-0.0601,1.147,57.2,0.0714,0.036,0.1693,0.036,-0.0623,4147,3850,3661,False
S1::side=low/liq_ref=session/liq_lb=50/confirm=consecutive2/imb=none/stop=beyond_sweep/exit=opp_liq/window=4/id=bea472209ace,S1,11367,758.0,0.519,-0.0191,-0.1478,0.96,444.8,-0.0298,-0.0485,0.0236,-0.0485,-0.2286,4002,3776,3589,False
S1::side=low/liq_ref=session/liq_lb=50/confirm=consecutive2/imb=none/stop=beyond_sweep/exit=opp_liq/window=8/id=de26f51ed42a,S1,13324,888.0,0.564,0.0745,-0.0854,1.169,71.3,0.0739,0.0385,0.113,0.0385,-0.1375,4749,4399,4176,False
S1::side=low/liq_ref=session/liq_lb=50/confirm=consecutive2/imb=none/stop=beyond_sweep/exit=time/window=4/id=00540ffb0097,S1,11051,737.0,0.318,0.0501,-0.0724,1.074,314.7,0.0473,0.0025,0.1038,0.0025,-0.3467,3848,3717,3486,False
S1::side=low/liq_ref=session/liq_lb=50/confirm=consecutive2/imb=none/stop=beyond_sweep/exit=time/window=8/id=a5c959456aff,S1,12903,860.0,0.377,0.1644,0.0016,1.264,119.0,0.1588,0.0984,0.2411,0.0984,-0.2624,4563,4300,4040,False
S1::side=low/liq_ref=session/liq_lb=50/confirm=consecutive2/imb=none/stop=structural/exit=rr2/window=4/id=96849f4c3185,S1,8835,589.0,0.382,0.0064,-0.0665,1.011,166.4,-0.0061,-0.0054,0.0325,-0.0061,-0.0984,3099,2938,2798,False
S1::side=low/liq_ref=session/liq_lb=50/confirm=consecutive2/imb=none/stop=structural/exit=rr2/window=8/id=bb8b0af5176f,S1,9920,661.0,0.384,0.0063,-0.0647,1.011,170.9,-0.0066,-0.0089,0.0371,-0.0089,-0.0986,3539,3273,3108,False
S1::side=low/liq_ref=session/liq_lb=50/confirm=consecutive2/imb=none/stop=structural/exit=rr3/window=4/id=3d57f9ed2660,S1,8486,566.0,0.335,0.0129,-0.0603,1.02,202.3,-0.017,-0.0101,0.0706,-0.017,-0.1441,2984,2824,2678,False
S1::side=low/liq_ref=session/liq_lb=50/confirm=consecutive2/imb=none/stop=structural/exit=rr3/window=8/id=8db000505cec,S1,9500,633.0,0.339,0.0159,-0.0559,1.025,215.7,-0.0152,-0.0042,0.0729,-0.0152,-0.141,3402,3132,2966,False
S1::side=low/liq_ref=session/liq_lb=50/confirm=consecutive2/imb=none/stop=structural/exit=opp_liq/window=4/id=655ec1989360,S1,10579,705.0,0.564,-0.0298,-0.1024,0.928,371.4,-0.0462,-0.0445,0.0037,-0.0462,-0.1985,3707,3519,3353,False
S1::side=low/liq_ref=session/liq_lb=50/confirm=consecutive2/imb=none/stop=structural/exit=opp_liq/window=8/id=b1af337c8620,S1,11992,799.0,0.563,-0.0266,-0.0979,0.936,420.8,-0.0468,-0.0464,0.0173,-0.0468,-0.195,4269,3968,3755,False
S1::side=low/liq_ref=session/liq_lb=50/confirm=consecutive2/imb=none/stop=structural/exit=time/window=4/id=1a5ae2437bbf,S1,10020,668.0,0.35,0.0155,-0.0609,1.026,258.1,-0.0012,-0.0183,0.0706,-0.0183,-0.2749,3506,3379,3135,False
S1::side=low/liq_ref=session/liq_lb=50/confirm=consecutive2/imb=none/stop=structural/exit=time/window=8/id=cc1ba71a67c6,S1,11459,764.0,0.352,0.0132,-0.0621,1.022,269.5,-0.0114,-0.0163,0.0733,-0.0163,-0.274,4087,3818,3554,False
S1::side=low/liq_ref=session/liq_lb=50/confirm=consecutive2/imb=fvg/stop=beyond_sweep/exit=rr2/window=4/id=f8f792704c14,S1,2024,135.0,0.384,0.0008,-0.0693,1.001,66.6,-0.0639,0.0314,0.0383,-0.0639,-0.1039,700,632,692,False
S1::side=low/liq_ref=session/liq_lb=50/confirm=consecutive2/imb=fvg/stop=beyond_sweep/exit=rr2/window=8/id=a183c1902c27,S1,2665,178.0,0.4,0.0083,-0.0827,1.014,48.9,-0.0148,0.0073,0.0337,-0.0148,-0.096,944,831,890,False
S1::side=low/liq_ref=session/liq_lb=50/confirm=consecutive2/imb=fvg/stop=beyond_sweep/exit=rr3/window=4/id=6af2779caae8,S1,1993,133.0,0.344,0.0128,-0.0568,1.02,90.8,-0.0831,0.006,0.1158,-0.0831,-0.1453,687,626,680,False
S1::side=low/liq_ref=session/liq_lb=50/confirm=consecutive2/imb=fvg/stop=beyond_sweep/exit=rr3/window=8/id=ce96faf5248e,S1,2629,175.0,0.36,0.0234,-0.0664,1.037,61.9,-0.0249,-0.0099,0.1054,-0.0249,-0.1341,928,822,879,False
S1::side=low/liq_ref=session/liq_lb=50/confirm=consecutive2/imb=fvg/stop=beyond_sweep/exit=opp_liq/window=4/id=be3c06b5e605,S1,2106,140.0,0.651,-0.0382,-0.1098,0.881,89.3,-0.0498,-0.0608,-0.0054,-0.0608,-0.1515,730,662,714,False
S1::side=low/liq_ref=session/liq_lb=50/confirm=consecutive2/imb=fvg/stop=beyond_sweep/exit=opp_liq/window=8/id=a5278d21cd0a,S1,2780,185.0,0.643,0.0126,-0.1024,1.037,70.7,0.0195,-0.0512,0.0655,-0.0512,-0.1438,992,870,918,False
S1::side=low/liq_ref=session/liq_lb=50/confirm=consecutive2/imb=fvg/stop=beyond_sweep/exit=time/window=4/id=e9ef45ca3306,S1,2091,139.0,0.365,0.0131,-0.0591,1.023,108.6,-0.0619,-0.0345,0.1351,-0.0619,-0.259,733,653,705,False
S1::side=low/liq_ref=session/liq_lb=50/confirm=consecutive2/imb=fvg/stop=beyond_sweep/exit=time/window=8/id=8aa0fc97f4d5,S1,2752,183.0,0.367,0.1136,-0.0278,1.195,89.3,0.0453,-0.0133,0.3067,-0.0133,-0.2727,986,855,911,False
S1::side=low/liq_ref=session/liq_lb=50/confirm=consecutive2/imb=fvg/stop=structural/exit=rr2/window=4/id=2ad5bf7db671,S1,1970,131.0,0.409,0.0189,-0.0319,1.035,51.3,-0.0549,0.0263,0.0869,-0.0549,-0.086,680,620,670,False
S1::side=low/liq_ref=session/liq_lb=50/confirm=consecutive2/imb=fvg/stop=structural/exit=rr2/window=8/id=989e3db820d9,S1,2553,170.0,0.407,0.0155,-0.0356,1.029,53.8,-0.0253,-0.0025,0.076,-0.0253,-0.0894,904,801,848,False
S1::side=low/liq_ref=session/liq_lb=50/confirm=consecutive2/imb=fvg/stop=structural/exit=rr3/window=4/id=0a11f9febd8e,S1,1947,130.0,0.381,0.0396,-0.0111,1.07,53.1,-0.0506,0.0316,0.1382,-0.0506,-0.1163,670,614,663,False
S1::side=low/liq_ref=session/liq_lb=50/confirm=consecutive2/imb=fvg/stop=structural/exit=rr3/window=8/id=864b95e98fb3,S1,2522,168.0,0.378,0.0249,-0.0263,1.044,69.3,-0.0369,-0.0003,0.1144,-0.0369,-0.132,893,790,839,False
S1::side=low/liq_ref=session/liq_lb=50/confirm=consecutive2/imb=fvg/stop=structural/exit=opp_liq/window=4/id=ec78cdcea977,S1,2095,140.0,0.695,-0.0177,-0.0681,0.934,60.0,-0.0175,-0.0451,0.0077,-0.0451,-0.1203,724,660,711,False
S1::side=low/liq_ref=session/liq_lb=50/confirm=consecutive2/imb=fvg/stop=structural/exit=opp_liq/window=8/id=ce7ae1c85581,S1,2749,183.0,0.687,-0.0179,-0.0687,0.936,79.1,-0.0159,-0.0586,0.0187,-0.0586,-0.1245,977,862,910,False
S1::side=low/liq_ref=session/liq_lb=50/confirm=consecutive2/imb=fvg/stop=structural/exit=time/window=4/id=2e6bf4434c85,S1,2059,137.0,0.41,0.019,-0.032,1.039,52.5,0.0025,-0.0343,0.0856,-0.0343,-0.1965,720,645,694,False
S1::side=low/liq_ref=session/liq_lb=50/confirm=consecutive2/imb=fvg/stop=structural/exit=time/window=8/id=52097d0b65fe,S1,2692,179.0,0.408,0.0104,-0.0412,1.021,102.1,-0.0182,-0.0571,0.1049,-0.0571,-0.2064,965,838,889,False
S1::side=low/liq_ref=session/liq_lb=50/confirm=close_beyond/imb=none/stop=beyond_sweep/exit=rr2/window=4/id=e19ed89f24c2,S1,3606,240.0,0.381,0.002,-0.0676,1.003,117.8,-0.0862,0.0196,0.0723,-0.0862,-0.103,1207,1183,1216,False
S1::side=low/liq_ref=session/liq_lb=50/confirm=close_beyond/imb=none/stop=beyond_sweep/exit=rr2/window=8/id=c122ca5ecb5d,S1,4883,325.0,0.386,-0.0006,-0.0755,0.999,176.2,-0.0892,0.0183,0.0744,-0.0892,-0.1056,1688,1605,1590,False
S1::side=low/liq_ref=session/liq_lb=50/confirm=close_beyond/imb=none/stop=beyond_sweep/exit=rr3/window=4/id=5c2f4b99c732,S1,3521,235.0,0.341,0.0181,-0.0515,1.029,93.9,-0.041,0.0128,0.0829,-0.041,-0.1398,1185,1161,1175,False
S1::side=low/liq_ref=session/liq_lb=50/confirm=close_beyond/imb=none/stop=beyond_sweep/exit=rr3/window=8/id=2ac01a0e98c0,S1,4749,317.0,0.351,0.0208,-0.0549,1.034,140.9,-0.0663,0.0386,0.096,-0.0663,-0.1364,1646,1569,1534,False
S1::side=low/liq_ref=session/liq_lb=50/confirm=close_beyond/imb=none/stop=beyond_sweep/exit=opp_liq/window=4/id=f5a2b2ce45ff,S1,4113,274.0,0.739,-0.0565,-0.1269,0.648,236.6,-0.088,-0.0587,-0.0235,-0.088,-0.0905,1372,1337,1404,False
S1::side=low/liq_ref=session/liq_lb=50/confirm=close_beyond/imb=none/stop=beyond_sweep/exit=opp_liq/window=8/id=4c2273feecc8,S1,5744,383.0,0.734,-0.0505,-0.128,0.702,299.7,-0.0831,-0.0487,-0.0182,-0.0831,-0.0954,1973,1879,1892,False
S1::side=low/liq_ref=session/liq_lb=50/confirm=close_beyond/imb=none/stop=beyond_sweep/exit=time/window=4/id=50fd9c06f854,S1,3868,258.0,0.369,0.0403,-0.0353,1.07,62.5,-0.0007,0.0323,0.0888,-0.0007,-0.2395,1303,1258,1307,False
S1::side=low/liq_ref=session/liq_lb=50/confirm=close_beyond/imb=none/stop=beyond_sweep/exit=time/window=8/id=ae9c6214e3f0,S1,5284,352.0,0.369,0.076,-0.0235,1.131,85.1,0.0087,0.0823,0.1414,0.0087,-0.2513,1835,1727,1722,False
S1::side=low/liq_ref=session/liq_lb=50/confirm=close_beyond/imb=none/stop=structural/exit=rr2/window=4/id=c28b3abb8fc8,S1,3334,222.0,0.415,0.024,-0.0209,1.047,82.3,-0.0485,0.0567,0.0652,-0.0485,-0.0798,1126,1106,1102,False
S1::side=low/liq_ref=session/liq_lb=50/confirm=close_beyond/imb=none/stop=structural/exit=rr2/window=8/id=a9b137e079df,S1,4381,292.0,0.416,0.0258,-0.0177,1.051,111.6,-0.0516,0.0628,0.0722,-0.0516,-0.0783,1531,1449,1401,False
S1::side=low/liq_ref=session/liq_lb=50/confirm=close_beyond/imb=none/stop=structural/exit=rr3/window=4/id=4377f85522b1,S1,3269,218.0,0.391,0.0476,0.0026,1.089,68.4,-0.0378,0.0878,0.0948,-0.0378,-0.1072,1105,1086,1078,False
S1::side=low/liq_ref=session/liq_lb=50/confirm=close_beyond/imb=none/stop=structural/exit=rr3/window=8/id=a2d8f7cebbae,S1,4274,285.0,0.394,0.0477,0.0039,1.09,82.4,-0.0416,0.0876,0.1046,-0.0416,-0.1071,1498,1417,1359,False
S1::side=low/liq_ref=session/liq_lb=50/confirm=close_beyond/imb=none/stop=structural/exit=opp_liq/window=4/id=59387a467f82,S1,4084,272.0,0.778,-0.0331,-0.0782,0.698,138.7,-0.0631,-0.0243,-0.0121,-0.0631,-0.0555,1360,1328,1396,False
S1::side=low/liq_ref=session/liq_lb=50/confirm=close_beyond/imb=none/stop=structural/exit=opp_liq/window=8/id=bd6a754f72ad,S1,5690,379.0,0.781,-0.0304,-0.0743,0.713,177.3,-0.0589,-0.0224,-0.0088,-0.0589,-0.0522,1948,1861,1881,False
S1::side=low/liq_ref=session/liq_lb=50/confirm=close_beyond/imb=none/stop=structural/exit=time/window=4/id=2c8e70c58c85,S1,3709,247.0,0.42,0.034,-0.0124,1.073,55.2,-0.0214,0.0392,0.0845,-0.0214,-0.1749,1248,1217,1244,False
S1::side=low/liq_ref=session/liq_lb=50/confirm=close_beyond/imb=none/stop=structural/exit=time/window=8/id=7ff2bee58f04,S1,5006,334.0,0.419,0.0312,-0.0145,1.067,82.1,-0.0215,0.0368,0.0825,-0.0215,-0.1751,1746,1644,1616,False
S1::side=low/liq_ref=session/liq_lb=50/confirm=close_beyond/imb=fvg/stop=beyond_sweep/exit=rr2/window=4/id=b6e4625c98cd,S1,1284,86.0,0.388,-0.0096,-0.0604,0.983,69.9,-0.0678,-0.0073,0.0442,-0.0678,-0.1157,435,395,454,False
S1::side=low/liq_ref=session/liq_lb=50/confirm=close_beyond/imb=fvg/stop=beyond_sweep/exit=rr2/window=8/id=aba35583fdc0,S1,2213,147.0,0.387,-0.015,-0.0715,0.973,116.3,-0.1195,0.0215,0.0619,-0.1195,-0.1204,783,699,731,False
S1::side=low/liq_ref=session/liq_lb=50/confirm=close_beyond/imb=fvg/stop=beyond_sweep/exit=rr3/window=4/id=3d3a7ce2d8bc,S1,1268,85.0,0.357,0.0064,-0.0446,1.011,63.9,-0.0466,0.007,0.0568,-0.0466,-0.1529,429,394,445,False
S1::side=low/liq_ref=session/liq_lb=50/confirm=close_beyond/imb=fvg/stop=beyond_sweep/exit=rr3/window=8/id=02c49f5fcb48,S1,2181,145.0,0.361,0.0117,-0.0442,1.02,104.9,-0.102,0.0637,0.0839,-0.102,-0.1475,772,690,719,False
S1::side=low/liq_ref=session/liq_lb=50/confirm=close_beyond/imb=fvg/stop=beyond_sweep/exit=opp_liq/window=4/id=71a96fc5ee01,S1,1353,90.0,0.763,-0.0474,-0.0992,0.654,68.0,-0.065,-0.0655,-0.0144,-0.0655,-0.0736,468,412,473,False
S1::side=low/liq_ref=session/liq_lb=50/confirm=close_beyond/imb=fvg/stop=beyond_sweep/exit=opp_liq/window=8/id=8a290a0bf540,S1,2379,159.0,0.76,-0.038,-0.096,0.718,99.2,-0.0552,-0.0433,-0.0142,-0.0552,-0.0686,844,754,781,False
S1::side=low/liq_ref=session/liq_lb=50/confirm=close_beyond/imb=fvg/stop=beyond_sweep/exit=time/window=4/id=1c601b5c82c2,S1,1334,89.0,0.398,0.0095,-0.0424,1.019,63.8,-0.0297,-0.0327,0.0855,-0.0327,-0.2061,461,408,465,False
S1::side=low/liq_ref=session/liq_lb=50/confirm=close_beyond/imb=fvg/stop=beyond_sweep/exit=time/window=8/id=3b59a4b6c284,S1,2303,153.0,0.392,0.0412,-0.0397,1.079,83.8,0.0153,0.0579,0.053,0.0153,-0.2197,816,730,757,False
S1::side=low/liq_ref=session/liq_lb=50/confirm=close_beyond/imb=fvg/stop=structural/exit=rr2/window=4/id=886116edd195,S1,1247,83.0,0.423,0.0259,-0.0125,1.053,43.5,-0.0153,0.0541,0.0411,-0.0153,-0.0781,426,388,433,False
S1::side=low/liq_ref=session/liq_lb=50/confirm=close_beyond/imb=fvg/stop=structural/exit=rr2/window=8/id=ef79b551a034,S1,2122,141.0,0.425,0.0263,-0.0116,1.053,70.6,-0.0434,0.0784,0.0511,-0.0434,-0.0782,753,678,691,False
S1::side=low/liq_ref=session/liq_lb=50/confirm=close_beyond/imb=fvg/stop=structural/exit=rr3/window=4/id=4842de57c307,S1,1231,82.0,0.405,0.0348,-0.0038,1.069,35.9,-0.0261,0.0693,0.0633,-0.0261,-0.1194,419,387,425,False
S1::side=low/liq_ref=session/liq_lb=50/confirm=close_beyond/imb=fvg/stop=structural/exit=rr3/window=8/id=a26d2b16b5bc,S1,2086,139.0,0.41,0.0383,0.0002,1.075,66.7,-0.0375,0.0883,0.0711,-0.0375,-0.1168,737,670,679,False
S1::side=low/liq_ref=session/liq_lb=50/confirm=close_beyond/imb=fvg/stop=structural/exit=opp_liq/window=4/id=92ec13bc95ef,S1,1352,90.0,0.791,-0.03,-0.0687,0.708,45.9,-0.0412,-0.0425,-0.0082,-0.0425,-0.0495,468,411,473,False
S1::side=low/liq_ref=session/liq_lb=50/confirm=close_beyond/imb=fvg/stop=structural/exit=opp_liq/window=8/id=94d5b8305ffe,S1,2371,158.0,0.787,-0.0258,-0.0638,0.736,70.0,-0.0357,-0.0338,-0.0073,-0.0357,-0.0447,842,749,780,False
S1::side=low/liq_ref=session/liq_lb=50/confirm=close_beyond/imb=fvg/stop=structural/exit=time/window=4/id=ed1fb8c1e07a,S1,1316,88.0,0.435,0.0326,-0.0065,1.079,26.0,0.0136,0.0032,0.078,0.0032,-0.1458,457,405,454,False
S1::side=low/liq_ref=session/liq_lb=50/confirm=close_beyond/imb=fvg/stop=structural/exit=time/window=8/id=7619df9e2416,S1,2266,151.0,0.434,0.0142,-0.0245,1.034,57.9,-0.0138,0.0158,0.0432,-0.0138,-0.1569,807,721,738,False
S1::side=low/liq_ref=session/liq_lb=50/confirm=displacement/imb=none/stop=beyond_sweep/exit=rr2/window=4/id=88337d3e3abe,S1,5335,356.0,0.409,0.026,-0.0939,1.044,66.4,0.0149,0.0301,0.0339,0.0149,-0.0774,1894,1693,1748,False
S1::side=low/liq_ref=session/liq_lb=50/confirm=displacement/imb=none/stop=beyond_sweep/exit=rr2/window=8/id=b9615c4950c8,S1,6820,455.0,0.44,0.0685,-0.0588,1.123,47.1,0.0575,0.0466,0.1027,0.0466,-0.033,2483,2159,2178,False
S1::side=low/liq_ref=session/liq_lb=50/confirm=displacement/imb=none/stop=beyond_sweep/exit=rr3/window=4/id=4fa15a3e3e74,S1,5196,346.0,0.371,0.0458,-0.0724,1.073,52.0,0.0205,0.0609,0.0584,0.0205,-0.1091,1840,1656,1700,False
S1::side=low/liq_ref=session/liq_lb=50/confirm=displacement/imb=none/stop=beyond_sweep/exit=rr3/window=8/id=76e584aae577,S1,6626,442.0,0.404,0.0839,-0.0427,1.141,65.2,0.0595,0.0768,0.1187,0.0595,-0.0691,2405,2106,2115,False
S1::side=low/liq_ref=session/liq_lb=50/confirm=displacement/imb=none/stop=beyond_sweep/exit=opp_liq/window=4/id=c948acd8c6fa,S1,5850,390.0,0.612,0.0029,-0.1168,1.008,78.2,-0.0243,0.0346,0.0015,-0.0243,-0.15,2077,1860,1913,False
S1::side=low/liq_ref=session/liq_lb=50/confirm=displacement/imb=none/stop=beyond_sweep/exit=opp_liq/window=8/id=9e358628928e,S1,7611,507.0,0.638,0.0539,-0.0703,1.155,54.9,0.0315,0.0487,0.0846,0.0315,-0.0975,2787,2398,2426,False
S1::side=low/liq_ref=session/liq_lb=50/confirm=displacement/imb=none/stop=beyond_sweep/exit=time/window=4/id=17a5c0f07d08,S1,5562,371.0,0.372,0.0787,-0.0389,1.13,62.8,0.0056,0.1519,0.0864,0.0056,-0.2689,1976,1782,1804,False
S1::side=low/liq_ref=session/liq_lb=50/confirm=displacement/imb=none/stop=beyond_sweep/exit=time/window=8/id=ea6c02b273b4,S1,7185,479.0,0.402,0.1282,0.0011,1.221,55.5,0.091,0.1287,0.1706,0.091,-0.2245,2623,2281,2281,False
S1::side=low/liq_ref=session/liq_lb=50/confirm=displacement/imb=none/stop=structural/exit=rr2/window=4/id=e51953cc1457,S1,4838,322.0,0.377,-0.0169,-0.0772,0.971,155.9,-0.059,0.0031,0.0102,-0.059,-0.1228,1738,1541,1559,False
S1::side=low/liq_ref=session/liq_lb=50/confirm=displacement/imb=none/stop=structural/exit=rr2/window=8/id=1ebe775aa47f,S1,5989,399.0,0.375,-0.0272,-0.0866,0.954,253.2,-0.0494,-0.0216,-0.0072,-0.0494,-0.1339,2190,1916,1883,False
S1::side=low/liq_ref=session/liq_lb=50/confirm=displacement/imb=none/stop=structural/exit=rr3/window=4/id=f5d67dd23475,S1,4706,314.0,0.338,-0.0063,-0.067,0.99,146.1,-0.0725,0.0274,0.0336,-0.0725,-0.1648,1683,1503,1520,False
S1::side=low/liq_ref=session/liq_lb=50/confirm=displacement/imb=none/stop=structural/exit=rr3/window=8/id=5bc3a41336f8,S1,5819,388.0,0.335,-0.0222,-0.0821,0.965,249.3,-0.0613,-0.0073,0.0084,-0.0613,-0.1809,2130,1858,1831,False
S1::side=low/liq_ref=session/liq_lb=50/confirm=displacement/imb=none/stop=structural/exit=opp_liq/window=4/id=fc08b4cdfb31,S1,5638,376.0,0.63,-0.0456,-0.1053,0.865,260.6,-0.0851,-0.0186,-0.029,-0.0851,-0.1653,1998,1799,1841,False
S1::side=low/liq_ref=session/liq_lb=50/confirm=displacement/imb=none/stop=structural/exit=opp_liq/window=8/id=8d1602903ef6,S1,7230,482.0,0.636,-0.0419,-0.1008,0.872,311.5,-0.0584,-0.0318,-0.0331,-0.0584,-0.1606,2642,2292,2296,False
S1::side=low/liq_ref=session/liq_lb=50/confirm=displacement/imb=none/stop=structural/exit=time/window=4/id=6be516464337,S1,5247,350.0,0.367,0.0058,-0.0562,1.01,132.9,-0.0498,0.0432,0.0299,-0.0498,-0.255,1872,1694,1681,False
S1::side=low/liq_ref=session/liq_lb=50/confirm=displacement/imb=none/stop=structural/exit=time/window=8/id=fbdf0cea795e,S1,6610,441.0,0.367,0.0077,-0.0538,1.014,114.1,-0.0184,0.0245,0.021,-0.0184,-0.2553,2412,2116,2082,False
S1::side=low/liq_ref=session/liq_lb=50/confirm=displacement/imb=fvg/stop=beyond_sweep/exit=rr2/window=4/id=c52f5927ad9b,S1,824,55.0,0.376,-0.0285,-0.08,0.949,59.7,-0.0351,-0.0463,-0.0034,-0.0463,-0.1349,303,258,263,False
S1::side=low/liq_ref=session/liq_lb=50/confirm=displacement/imb=fvg/stop=beyond_sweep/exit=rr2/window=8/id=20a668cb73f2,S1,1652,110.0,0.387,-0.0224,-0.095,0.961,96.6,0.0014,-0.0437,-0.0307,-0.0437,-0.1284,633,511,508,False
S1::side=low/liq_ref=session/liq_lb=50/confirm=displacement/imb=fvg/stop=beyond_sweep/exit=rr3/window=4/id=be975398d1a4,S1,818,55.0,0.35,0.0041,-0.0475,1.007,45.8,-0.0104,-0.0059,0.0305,-0.0104,-0.1501,299,258,261,False
S1::side=low/liq_ref=session/liq_lb=50/confirm=displacement/imb=fvg/stop=beyond_sweep/exit=rr3/window=8/id=336d6185ecdb,S1,1634,109.0,0.362,0.0053,-0.0669,1.009,54.8,0.0065,0.0129,-0.0037,-0.0037,-0.1504,623,506,505,False
S1::side=low/liq_ref=session/liq_lb=50/confirm=displacement/imb=fvg/stop=beyond_sweep/exit=opp_liq/window=4/id=909c733d0d26,S1,858,57.0,0.713,-0.041,-0.0923,0.822,47.7,-0.0835,-0.0623,0.0298,-0.0835,-0.1128,314,273,271,False
S1::side=low/liq_ref=session/liq_lb=50/confirm=displacement/imb=fvg/stop=beyond_sweep/exit=opp_liq/window=8/id=1092eb1c0141,S1,1742,116.0,0.696,-0.0237,-0.0922,0.908,71.3,-0.0515,-0.0047,-0.0085,-0.0515,-0.1208,665,543,534,False
S1::side=low/liq_ref=session/liq_lb=50/confirm=displacement/imb=fvg/stop=beyond_sweep/exit=time/window=4/id=94a9552de966,S1,845,56.0,0.374,-0.0527,-0.1049,0.898,77.5,-0.0265,-0.0986,-0.0373,-0.0986,-0.2563,309,266,270,False
S1::side=low/liq_ref=session/liq_lb=50/confirm=displacement/imb=fvg/stop=beyond_sweep/exit=time/window=8/id=91c969882fb3,S1,1707,114.0,0.374,0.021,-0.0429,1.039,52.6,0.0593,0.0135,-0.0187,-0.0187,-0.2629,651,530,526,False
S1::side=low/liq_ref=session/liq_lb=50/confirm=displacement/imb=fvg/stop=structural/exit=rr2/window=4/id=069daf2aa7a2,S1,816,54.0,0.392,-0.0224,-0.0623,0.957,54.6,-0.0318,-0.0101,-0.0237,-0.0318,-0.127,298,257,261,False
S1::side=low/liq_ref=session/liq_lb=50/confirm=displacement/imb=fvg/stop=structural/exit=rr2/window=8/id=fb7c5ca1aafa,S1,1624,108.0,0.397,-0.017,-0.0613,0.968,85.9,-0.0158,-0.0183,-0.017,-0.0183,-0.1232,617,507,500,False
S1::side=low/liq_ref=session/liq_lb=50/confirm=displacement/imb=fvg/stop=structural/exit=rr3/window=4/id=cae81c6d8a28,S1,811,54.0,0.376,0.0045,-0.0355,1.008,30.5,-0.0369,0.0337,0.0227,-0.0369,-0.1509,295,257,259,False
S1::side=low/liq_ref=session/liq_lb=50/confirm=displacement/imb=fvg/stop=structural/exit=rr3/window=8/id=5e79615170fa,S1,1607,107.0,0.375,-0.0099,-0.0544,0.982,69.2,-0.0091,0.0008,-0.0217,-0.0217,-0.1675,607,504,496,False
S1::side=low/liq_ref=session/liq_lb=50/confirm=displacement/imb=fvg/stop=structural/exit=opp_liq/window=4/id=438fcacdfe79,S1,857,57.0,0.739,-0.0348,-0.0745,0.823,39.7,-0.0696,-0.0545,0.0253,-0.0696,-0.0925,313,273,271,False
S1::side=low/liq_ref=session/liq_lb=50/confirm=displacement/imb=fvg/stop=structural/exit=opp_liq/window=8/id=4b171e430038,S1,1737,116.0,0.718,-0.0453,-0.0893,0.798,81.4,-0.0541,-0.0461,-0.0337,-0.0541,-0.1193,661,543,533,False
S1::side=low/liq_ref=session/liq_lb=50/confirm=displacement/imb=fvg/stop=structural/exit=time/window=4/id=d99d4b2ebcc3,S1,838,56.0,0.396,-0.029,-0.0692,0.935,53.6,-0.0071,-0.0606,-0.0228,-0.0606,-0.2121,306,265,267,False
S1::side=low/liq_ref=session/liq_lb=50/confirm=displacement/imb=fvg/stop=structural/exit=time/window=8/id=07c5d5ddf5bc,S1,1689,113.0,0.395,-0.0096,-0.0542,0.98,67.2,0.0037,-0.0198,-0.0157,-0.0198,-0.2138,641,527,521,False
S1::side=low/liq_ref=pdh_pdl/liq_lb=20/confirm=consecutive2/imb=none/stop=beyond_sweep/exit=rr2/window=4/id=16bfd71b6c6b,S1,2986,199.0,0.397,0.0188,-0.0919,1.032,57.9,-0.0225,0.0199,0.0668,-0.0225,-0.085,1077,1005,904,False
S1::side=low/liq_ref=pdh_pdl/liq_lb=20/confirm=consecutive2/imb=none/stop=beyond_sweep/exit=rr2/window=8/id=32d135d0c9f3,S1,3669,245.0,0.448,0.0831,-0.0541,1.151,21.8,0.0677,0.088,0.0958,0.0677,-0.0171,1309,1226,1134,False
S1::side=low/liq_ref=pdh_pdl/liq_lb=20/confirm=consecutive2/imb=none/stop=beyond_sweep/exit=rr3/window=4/id=99fb01a02220,S1,2914,194.0,0.354,0.0372,-0.0762,1.058,57.0,-0.0088,0.0296,0.1004,-0.0088,-0.1175,1050,984,880,False
S1::side=low/liq_ref=pdh_pdl/liq_lb=20/confirm=consecutive2/imb=none/stop=beyond_sweep/exit=rr3/window=8/id=8883d5ce16d0,S1,3577,238.0,0.41,0.1021,-0.0386,1.174,40.5,0.0777,0.1115,0.1199,0.0777,-0.0491,1268,1200,1109,False
S1::side=low/liq_ref=pdh_pdl/liq_lb=20/confirm=consecutive2/imb=none/stop=beyond_sweep/exit=opp_liq/window=4/id=f3b88f271c69,S1,2978,198.0,0.353,0.0548,-0.0569,1.091,65.0,0.0582,0.0006,0.1107,0.0006,-0.298,1083,994,901,False
S1::side=low/liq_ref=pdh_pdl/liq_lb=20/confirm=consecutive2/imb=none/stop=beyond_sweep/exit=opp_liq/window=8/id=6a8ab20622df,S1,3650,243.0,0.401,0.1238,-0.0283,1.218,47.2,0.0951,0.1732,0.1044,0.0951,-0.2344,1310,1205,1135,False
S1::side=low/liq_ref=pdh_pdl/liq_lb=20/confirm=consecutive2/imb=none/stop=beyond_sweep/exit=time/window=4/id=cff175865dcf,S1,2954,197.0,0.357,0.0738,-0.0401,1.12,56.2,0.0963,0.0157,0.1122,0.0157,-0.2875,1062,1001,891,False
S1::side=low/liq_ref=pdh_pdl/liq_lb=20/confirm=consecutive2/imb=none/stop=beyond_sweep/exit=time/window=8/id=b53489aed5b2,S1,3620,241.0,0.408,0.1388,-0.0034,1.243,55.2,0.1489,0.1406,0.1252,0.1252,-0.2213,1291,1210,1119,False
S1::side=low/liq_ref=pdh_pdl/liq_lb=20/confirm=consecutive2/imb=none/stop=structural/exit=rr2/window=4/id=25e83a5c6ac9,S1,2350,157.0,0.421,0.0219,-0.0301,1.043,49.5,0.0108,0.0351,0.0205,0.0108,-0.0815,844,789,717,False
S1::side=low/liq_ref=pdh_pdl/liq_lb=20/confirm=consecutive2/imb=none/stop=structural/exit=rr2/window=8/id=4fb734a7e16a,S1,2757,184.0,0.412,0.0185,-0.0373,1.035,49.7,-0.0158,0.0227,0.0544,-0.0158,-0.0849,998,910,849,False
S1::side=low/liq_ref=pdh_pdl/liq_lb=20/confirm=consecutive2/imb=none/stop=structural/exit=rr3/window=4/id=dbe6a637efbd,S1,2314,154.0,0.393,0.0328,-0.0191,1.061,49.9,0.0083,0.0457,0.0475,0.0083,-0.1223,830,774,710,False
S1::side=low/liq_ref=pdh_pdl/liq_lb=20/confirm=consecutive2/imb=none/stop=structural/exit=rr3/window=8/id=cd4cac8a9cce,S1,2689,179.0,0.382,0.0359,-0.0202,1.064,51.2,-0.0006,0.0371,0.0774,-0.0006,-0.1195,972,889,828,False
S1::side=low/liq_ref=pdh_pdl/liq_lb=20/confirm=consecutive2/imb=none/stop=structural/exit=opp_liq/window=4/id=b8c57635a4b4,S1,2468,164.0,0.42,0.0027,-0.049,1.006,77.1,-0.0265,0.0037,0.0355,-0.0265,-0.218,887,819,762,False
S1::side=low/liq_ref=pdh_pdl/liq_lb=20/confirm=consecutive2/imb=none/stop=structural/exit=opp_liq/window=8/id=e1e26817001b,S1,2857,190.0,0.4,0.0011,-0.0549,1.002,103.0,-0.0425,-0.0113,0.0652,-0.0425,-0.2344,1034,940,883,False
S1::side=low/liq_ref=pdh_pdl/liq_lb=20/confirm=consecutive2/imb=none/stop=structural/exit=time/window=4/id=871efa95f3d5,S1,2494,166.0,0.42,0.022,-0.0314,1.046,46.6,-0.0117,0.043,0.0386,-0.0117,-0.1892,898,834,762,False
S1::side=low/liq_ref=pdh_pdl/liq_lb=20/confirm=consecutive2/imb=none/stop=structural/exit=time/window=8/id=535fa9b367d3,S1,2903,193.0,0.408,0.0369,-0.021,1.075,50.8,-0.0067,0.0626,0.0611,-0.0067,-0.1964,1058,957,888,False
S1::side=low/liq_ref=pdh_pdl/liq_lb=20/confirm=consecutive2/imb=fvg/stop=beyond_sweep/exit=rr2/window=4/id=4cee73a26984,S1,1420,95.0,0.395,0.0118,-0.0655,1.02,36.2,-0.0404,-0.0034,0.0909,-0.0404,-0.0931,520,467,433,False
S1::side=low/liq_ref=pdh_pdl/liq_lb=20/confirm=consecutive2/imb=fvg/stop=beyond_sweep/exit=rr2/window=8/id=8d6d5d21a5a9,S1,1716,114.0,0.409,0.0199,-0.0799,1.035,32.7,-0.0302,0.0235,0.0749,-0.0302,-0.0835,625,559,532,False
S1::side=low/liq_ref=pdh_pdl/liq_lb=20/confirm=consecutive2/imb=fvg/stop=beyond_sweep/exit=rr3/window=4/id=4238dcb97f16,S1,1409,94.0,0.353,0.0193,-0.0583,1.031,47.5,-0.0149,-0.0125,0.0956,-0.0149,-0.136,519,464,426,False
S1::side=low/liq_ref=pdh_pdl/liq_lb=20/confirm=consecutive2/imb=fvg/stop=beyond_sweep/exit=rr3/window=8/id=2013eb23abca,S1,1697,113.0,0.371,0.0326,-0.0671,1.053,48.6,-0.0035,-0.0068,0.1174,-0.0068,-0.1215,622,554,521,False
S1::side=low/liq_ref=pdh_pdl/liq_lb=20/confirm=consecutive2/imb=fvg/stop=beyond_sweep/exit=opp_liq/window=4/id=2aa9a67fff43,S1,1429,95.0,0.371,0.0247,-0.0529,1.044,73.1,0.0067,-0.0542,0.1321,-0.0542,-0.2509,524,471,434,False
S1::side=low/liq_ref=pdh_pdl/liq_lb=20/confirm=consecutive2/imb=fvg/stop=beyond_sweep/exit=opp_liq/window=8/id=cca900aa9f57,S1,1719,115.0,0.38,0.0181,-0.0783,1.032,84.0,0.0006,-0.061,0.1228,-0.061,-0.2567,629,561,529,False
S1::side=low/liq_ref=pdh_pdl/liq_lb=20/confirm=consecutive2/imb=fvg/stop=beyond_sweep/exit=time/window=4/id=c0977342a000,S1,1412,94.0,0.379,0.0159,-0.0625,1.028,59.2,0.0153,-0.0721,0.1118,-0.0721,-0.25,517,465,430,False
S1::side=low/liq_ref=pdh_pdl/liq_lb=20/confirm=consecutive2/imb=fvg/stop=beyond_sweep/exit=time/window=8/id=df6c0830a0f1,S1,1701,113.0,0.39,0.0381,-0.0644,1.068,46.4,0.0494,-0.0506,0.1181,-0.0506,-0.2437,623,553,525,False
S1::side=low/liq_ref=pdh_pdl/liq_lb=20/confirm=consecutive2/imb=fvg/stop=structural/exit=rr2/window=4/id=5309f33ba81b,S1,1229,82.0,0.454,0.0565,0.0196,1.129,15.2,0.0284,0.0707,0.0758,0.0284,-0.0448,459,399,371,False
S1::side=low/liq_ref=pdh_pdl/liq_lb=20/confirm=consecutive2/imb=fvg/stop=structural/exit=rr2/window=8/id=a2c3fb259c23,S1,1433,96.0,0.445,0.0415,0.0026,1.091,19.0,0.0072,0.0543,0.0696,0.0072,-0.0604,533,462,438,False
S1::side=low/liq_ref=pdh_pdl/liq_lb=20/confirm=consecutive2/imb=fvg/stop=structural/exit=rr3/window=4/id=09eb4d16eb2b,S1,1223,82.0,0.438,0.06,0.0233,1.133,22.7,0.0632,0.0088,0.111,0.0088,-0.0948,455,398,370,False
S1::side=low/liq_ref=pdh_pdl/liq_lb=20/confirm=consecutive2/imb=fvg/stop=structural/exit=rr3/window=8/id=22fcc11625ee,S1,1424,95.0,0.426,0.0472,0.0085,1.1,38.8,0.0352,0.008,0.1032,0.008,-0.1081,527,461,436,False
S1::side=low/liq_ref=pdh_pdl/liq_lb=20/confirm=consecutive2/imb=fvg/stop=structural/exit=opp_liq/window=4/id=07c221c57353,S1,1277,85.0,0.484,0.0573,0.0203,1.153,22.8,0.0414,0.0188,0.1181,0.0188,-0.1142,475,415,387,False
S1::side=low/liq_ref=pdh_pdl/liq_lb=20/confirm=consecutive2/imb=fvg/stop=structural/exit=opp_liq/window=8/id=ac881fd51c13,S1,1486,99.0,0.466,0.0403,0.0013,1.101,31.3,0.0306,0.0025,0.0922,0.0025,-0.1427,550,482,454,False
S1::side=low/liq_ref=pdh_pdl/liq_lb=20/confirm=consecutive2/imb=fvg/stop=structural/exit=time/window=4/id=470e64af4d3d,S1,1281,85.0,0.478,0.0544,0.017,1.146,19.3,0.0284,0.0278,0.1145,0.0278,-0.1084,475,416,390,False
S1::side=low/liq_ref=pdh_pdl/liq_lb=20/confirm=consecutive2/imb=fvg/stop=structural/exit=time/window=8/id=70c70e782ae3,S1,1498,100.0,0.467,0.0541,0.0145,1.139,24.2,0.0466,0.006,0.1135,0.006,-0.1208,555,483,460,False
S1::side=low/liq_ref=pdh_pdl/liq_lb=20/confirm=close_beyond/imb=none/stop=beyond_sweep/exit=rr2/window=4/id=5690d5016a20,S1,295,20.0,0.444,0.0047,-0.0317,1.01,25.5,0.0425,0.0775,-0.0852,-0.0852,-0.0945,88,94,113,False
S1::side=low/liq_ref=pdh_pdl/liq_lb=20/confirm=close_beyond/imb=none/stop=beyond_sweep/exit=rr2/window=8/id=7ee064582e93,S1,401,27.0,0.446,-0.0023,-0.0365,0.995,25.3,0.0361,0.0404,-0.0731,-0.0731,-0.1076,130,125,146,False
S1::side=low/liq_ref=pdh_pdl/liq_lb=20/confirm=close_beyond/imb=none/stop=beyond_sweep/exit=rr3/window=4/id=21855cc94094,S1,294,20.0,0.422,-0.0469,-0.0834,0.903,38.0,0.0896,0.0082,-0.2003,-0.2003,-0.1986,88,94,112,False
S1::side=low/liq_ref=pdh_pdl/liq_lb=20/confirm=close_beyond/imb=none/stop=beyond_sweep/exit=rr3/window=8/id=3a76505d420b,S1,400,27.0,0.435,-0.0069,-0.0411,0.985,32.0,0.0958,0.0166,-0.1191,-0.1191,-0.1646,130,125,145,False
S1::side=low/liq_ref=pdh_pdl/liq_lb=20/confirm=close_beyond/imb=none/stop=beyond_sweep/exit=opp_liq/window=4/id=75314dad54f8,S1,332,22.0,0.0,-0.1935,-0.2307,0.0,64.2,-0.178,-0.2093,-0.1929,-0.2093,-0.2023,102,104,126,False
S1::side=low/liq_ref=pdh_pdl/liq_lb=20/confirm=close_beyond/imb=none/stop=beyond_sweep/exit=opp_liq/window=8/id=4b0dc181d673,S1,445,30.0,0.0,-0.1856,-0.2207,0.0,82.4,-0.1783,-0.1932,-0.1859,-0.1932,-0.1944,148,136,161,False
S1::side=low/liq_ref=pdh_pdl/liq_lb=20/confirm=close_beyond/imb=none/stop=beyond_sweep/exit=time/window=4/id=3c81c4b5b332,S1,301,20.0,0.475,0.0079,-0.0286,1.02,21.4,0.1141,-0.0133,-0.057,-0.057,-0.1367,90,95,116,False
S1::side=low/liq_ref=pdh_pdl/liq_lb=20/confirm=close_beyond/imb=none/stop=beyond_sweep/exit=time/window=8/id=d57546f15870,S1,408,27.0,0.48,0.0272,-0.0073,1.076,21.3,0.0849,0.0117,-0.0113,-0.0113,-0.1094,133,126,149,False
S1::side=low/liq_ref=pdh_pdl/liq_lb=20/confirm=close_beyond/imb=none/stop=structural/exit=rr2/window=4/id=db346a0f73af,S1,281,19.0,0.459,-0.041,-0.0671,0.891,31.4,0.0081,0.0908,-0.1952,-0.1952,-0.1475,88,89,104,False
S1::side=low/liq_ref=pdh_pdl/liq_lb=20/confirm=close_beyond/imb=none/stop=structural/exit=rr2/window=8/id=f1360c475640,S1,381,25.0,0.465,-0.021,-0.0465,0.943,29.3,0.0089,0.0799,-0.1381,-0.1381,-0.1266,130,117,134,False
S1::side=low/liq_ref=pdh_pdl/liq_lb=20/confirm=close_beyond/imb=none/stop=structural/exit=rr3/window=4/id=6503b7a52fb6,S1,281,19.0,0.459,-0.0182,-0.0443,0.952,30.6,0.0336,0.105,-0.1673,-0.1673,-0.1539,88,89,104,False
S1::side=low/liq_ref=pdh_pdl/liq_lb=20/confirm=close_beyond/imb=none/stop=structural/exit=rr3/window=8/id=99824d59454a,S1,381,25.0,0.465,0.0091,-0.0165,1.025,26.5,0.0332,0.1004,-0.094,-0.094,-0.135,130,117,134,False
S1::side=low/liq_ref=pdh_pdl/liq_lb=20/confirm=close_beyond/imb=none/stop=structural/exit=opp_liq/window=4/id=b71e1df626b2,S1,332,22.0,0.0,-0.1446,-0.1713,0.0,48.0,-0.1343,-0.1575,-0.1423,-0.1575,-0.1513,102,104,126,False
S1::side=low/liq_ref=pdh_pdl/liq_lb=20/confirm=close_beyond/imb=none/stop=structural/exit=opp_liq/window=8/id=9f8750889b02,S1,445,30.0,0.0,-0.1421,-0.1684,0.0,63.1,-0.1384,-0.1481,-0.1404,-0.1481,-0.1489,148,136,161,False
S1::side=low/liq_ref=pdh_pdl/liq_lb=20/confirm=close_beyond/imb=none/stop=structural/exit=time/window=4/id=77fd1ecdb74f,S1,292,19.0,0.497,0.0072,-0.0193,1.024,18.7,0.0669,0.0414,-0.0693,-0.0693,-0.1007,90,91,111,False
S1::side=low/liq_ref=pdh_pdl/liq_lb=20/confirm=close_beyond/imb=none/stop=structural/exit=time/window=8/id=320829a78be5,S1,398,27.0,0.497,0.0281,0.0021,1.099,18.9,0.039,0.0586,-0.0077,-0.0077,-0.0836,133,121,144,False
S1::side=low/liq_ref=pdh_pdl/liq_lb=20/confirm=close_beyond/imb=fvg/stop=beyond_sweep/exit=rr2/window=4/id=7550bc2c30f5,S1,226,15.0,0.478,0.0379,0.004,1.088,10.7,0.011,0.0833,0.0207,0.011,-0.0623,69,73,84,False
S1::side=low/liq_ref=pdh_pdl/liq_lb=20/confirm=close_beyond/imb=fvg/stop=beyond_sweep/exit=rr2/window=8/id=c94dc8fa14ca,S1,328,22.0,0.46,0.0096,-0.0226,1.022,14.6,0.0277,0.0167,-0.0142,-0.0142,-0.0927,112,101,115,False
S1::side=low/liq_ref=pdh_pdl/liq_lb=20/confirm=close_beyond/imb=fvg/stop=beyond_sweep/exit=rr3/window=4/id=1f1593b4c600,S1,226,15.0,0.46,-0.0055,-0.0394,0.988,22.3,0.0834,0.0409,-0.1188,-0.1188,-0.1551,69,73,84,False
S1::side=low/liq_ref=pdh_pdl/liq_lb=20/confirm=close_beyond/imb=fvg/stop=beyond_sweep/exit=rr3/window=8/id=878f1fd146d3,S1,328,22.0,0.445,-0.0124,-0.0446,0.972,25.7,0.0921,-0.0321,-0.097,-0.097,-0.1664,112,101,115,False
S1::side=low/liq_ref=pdh_pdl/liq_lb=20/confirm=close_beyond/imb=fvg/stop=beyond_sweep/exit=opp_liq/window=4/id=bb083f7b83b0,S1,235,16.0,0.0,-0.1932,-0.2273,0.0,45.4,-0.1809,-0.2082,-0.1903,-0.2082,-0.2017,72,76,87,False
S1::side=low/liq_ref=pdh_pdl/liq_lb=20/confirm=close_beyond/imb=fvg/stop=beyond_sweep/exit=opp_liq/window=8/id=1b8c7591b932,S1,340,23.0,0.0,-0.1808,-0.2133,0.0,61.3,-0.1757,-0.188,-0.1796,-0.188,-0.1895,118,104,118,False
S1::side=low/liq_ref=pdh_pdl/liq_lb=20/confirm=close_beyond/imb=fvg/stop=beyond_sweep/exit=time/window=4/id=cb3b31ecfee0,S1,228,15.0,0.504,0.0436,0.0095,1.12,12.5,0.1614,-0.0116,-0.004,-0.0116,-0.0947,69,74,85,False
S1::side=low/liq_ref=pdh_pdl/liq_lb=20/confirm=close_beyond/imb=fvg/stop=beyond_sweep/exit=time/window=8/id=f36c6a752993,S1,331,22.0,0.486,0.0285,-0.004,1.081,14.2,0.1037,-0.0432,0.0182,-0.0432,-0.1068,113,102,116,False
S1::side=low/liq_ref=pdh_pdl/liq_lb=20/confirm=close_beyond/imb=fvg/stop=structural/exit=rr2/window=4/id=3b8a75dc74fa,S1,222,15.0,0.482,-0.0167,-0.0417,0.952,19.9,-0.0001,0.1082,-0.1449,-0.1449,-0.1214,69,73,80,False
S1::side=low/liq_ref=pdh_pdl/liq_lb=20/confirm=close_beyond/imb=fvg/stop=structural/exit=rr2/window=8/id=5e206c6db272,S1,318,21.0,0.472,-0.0177,-0.0418,0.95,21.2,0.0041,0.0689,-0.1206,-0.1206,-0.1172,112,99,107,False
S1::side=low/liq_ref=pdh_pdl/liq_lb=20/confirm=close_beyond/imb=fvg/stop=structural/exit=rr3/window=4/id=fc089e769456,S1,222,15.0,0.482,0.0007,-0.0244,1.002,19.1,0.0243,0.1118,-0.1211,-0.1211,-0.1265,69,73,80,False
S1::side=low/liq_ref=pdh_pdl/liq_lb=20/confirm=close_beyond/imb=fvg/stop=structural/exit=rr3/window=8/id=d37a852b2ccc,S1,318,21.0,0.472,0.004,-0.0201,1.011,19.4,0.0273,0.0728,-0.0841,-0.0841,-0.1255,112,99,107,False
S1::side=low/liq_ref=pdh_pdl/liq_lb=20/confirm=close_beyond/imb=fvg/stop=structural/exit=opp_liq/window=4/id=7a979253446e,S1,235,16.0,0.0,-0.1463,-0.1714,0.0,34.4,-0.1361,-0.1614,-0.1417,-0.1614,-0.1529,72,76,87,False
S1::side=low/liq_ref=pdh_pdl/liq_lb=20/confirm=close_beyond/imb=fvg/stop=structural/exit=opp_liq/window=8/id=4d095c427591,S1,340,23.0,0.0,-0.1391,-0.1635,0.0,47.2,-0.1357,-0.1463,-0.1362,-0.1463,-0.1458,118,104,118,False
S1::side=low/liq_ref=pdh_pdl/liq_lb=20/confirm=close_beyond/imb=fvg/stop=structural/exit=time/window=4/id=055f33390dce,S1,225,15.0,0.529,0.038,0.0129,1.142,12.4,0.1123,0.0409,-0.0272,-0.0272,-0.0615,69,74,82,False
S1::side=low/liq_ref=pdh_pdl/liq_lb=20/confirm=close_beyond/imb=fvg/stop=structural/exit=time/window=8/id=3fce5940c7eb,S1,326,22.0,0.506,0.0313,0.0069,1.118,13.0,0.0524,0.0237,0.0169,0.0169,-0.074,113,101,112,False
S1::side=low/liq_ref=pdh_pdl/liq_lb=20/confirm=displacement/imb=none/stop=beyond_sweep/exit=rr2/window=4/id=580f65826bc0,S1,1465,98.0,0.438,0.0698,-0.0306,1.13,35.4,0.1605,0.0835,-0.0578,-0.0578,-0.0311,548,476,441,False
S1::side=low/liq_ref=pdh_pdl/liq_lb=20/confirm=displacement/imb=none/stop=beyond_sweep/exit=rr2/window=8/id=d254c5a65082,S1,1894,126.0,0.467,0.1072,-0.001,1.211,21.8,0.1742,0.1056,0.0263,0.0263,0.0087,701,625,568,False
S1::side=low/liq_ref=pdh_pdl/liq_lb=20/confirm=displacement/imb=none/stop=beyond_sweep/exit=rr3/window=4/id=d800df074d18,S1,1436,96.0,0.398,0.0674,-0.0348,1.117,46.2,0.1827,0.0497,-0.0551,-0.0551,-0.0877,535,464,437,False
S1::side=low/liq_ref=pdh_pdl/liq_lb=20/confirm=displacement/imb=none/stop=beyond_sweep/exit=rr3/window=8/id=5301882d31e6,S1,1858,124.0,0.43,0.104,-0.0044,1.191,36.9,0.1931,0.0558,0.0473,0.0473,-0.0484,687,610,561,False
S1::side=low/liq_ref=pdh_pdl/liq_lb=20/confirm=displacement/imb=none/stop=beyond_sweep/exit=opp_liq/window=4/id=91db53260386,S1,1479,99.0,0.405,0.1278,0.007,1.251,29.7,0.0972,0.122,0.171,0.0972,-0.2338,548,477,454,False
S1::side=low/liq_ref=pdh_pdl/liq_lb=20/confirm=displacement/imb=none/stop=beyond_sweep/exit=opp_liq/window=8/id=ae2ac40e2b5d,S1,1905,127.0,0.426,0.1288,0.0042,1.259,28.4,0.0953,0.1437,0.1537,0.0953,-0.1987,707,616,582,False
S1::side=low/liq_ref=pdh_pdl/liq_lb=20/confirm=displacement/imb=none/stop=beyond_sweep/exit=time/window=4/id=0c34868218e3,S1,1441,96.0,0.4,0.1339,0.0212,1.246,36.3,0.198,0.0742,0.1205,0.0742,-0.2102,530,469,442,False
S1::side=low/liq_ref=pdh_pdl/liq_lb=20/confirm=displacement/imb=none/stop=beyond_sweep/exit=time/window=8/id=02f0ae9603f3,S1,1860,124.0,0.426,0.1902,0.0666,1.362,34.9,0.2967,0.1063,0.1512,0.1063,-0.1761,686,608,566,False
S1::side=low/liq_ref=pdh_pdl/liq_lb=20/confirm=displacement/imb=none/stop=structural/exit=rr2/window=4/id=13b249ad87f5,S1,1301,87.0,0.42,0.0153,-0.0326,1.03,46.7,0.0436,0.0583,-0.066,-0.066,-0.0889,489,419,393,False
S1::side=low/liq_ref=pdh_pdl/liq_lb=20/confirm=displacement/imb=none/stop=structural/exit=rr2/window=8/id=090539036e50,S1,1627,108.0,0.421,0.0353,-0.014,1.069,39.7,0.0541,0.056,-0.0106,-0.0106,-0.0674,611,528,488,False
S1::side=low/liq_ref=pdh_pdl/liq_lb=20/confirm=displacement/imb=none/stop=structural/exit=rr3/window=4/id=341ac01986c9,S1,1280,85.0,0.389,-0.0021,-0.0501,0.996,51.9,0.0087,0.055,-0.0764,-0.0764,-0.1623,477,415,388,False
S1::side=low/liq_ref=pdh_pdl/liq_lb=20/confirm=displacement/imb=none/stop=structural/exit=rr3/window=8/id=50b0f26d49b0,S1,1599,107.0,0.387,0.0161,-0.0336,1.03,65.2,0.0236,0.022,0.0004,0.0004,-0.1407,597,521,481,False
S1::side=low/liq_ref=pdh_pdl/liq_lb=20/confirm=displacement/imb=none/stop=structural/exit=opp_liq/window=4/id=957156c69da8,S1,1361,91.0,0.416,-0.0285,-0.0759,0.937,52.4,-0.0526,0.0326,-0.0633,-0.0633,-0.232,504,438,419,False
S1::side=low/liq_ref=pdh_pdl/liq_lb=20/confirm=displacement/imb=none/stop=structural/exit=opp_liq/window=8/id=96cacde23d14,S1,1702,113.0,0.405,-0.0179,-0.0669,0.962,74.0,-0.0315,-0.0036,-0.0162,-0.0315,-0.2314,635,550,517,False
S1::side=low/liq_ref=pdh_pdl/liq_lb=20/confirm=displacement/imb=none/stop=structural/exit=time/window=4/id=27a093e899e1,S1,1331,89.0,0.409,-0.0084,-0.057,0.982,50.4,0.0113,0.0498,-0.0928,-0.0928,-0.2098,492,429,410,False
S1::side=low/liq_ref=pdh_pdl/liq_lb=20/confirm=displacement/imb=none/stop=structural/exit=time/window=8/id=9d4661b3dd26,S1,1677,112.0,0.403,0.0124,-0.0378,1.026,73.9,0.0456,0.011,-0.0265,-0.0265,-0.2038,623,542,512,False
S1::side=low/liq_ref=pdh_pdl/liq_lb=20/confirm=displacement/imb=fvg/stop=beyond_sweep/exit=rr2/window=4/id=356ee4ece9b9,S1,548,37.0,0.42,0.0416,-0.0121,1.082,31.9,0.1299,0.0516,-0.0935,-0.0935,-0.0596,206,193,149,False
S1::side=low/liq_ref=pdh_pdl/liq_lb=20/confirm=displacement/imb=fvg/stop=beyond_sweep/exit=rr2/window=8/id=d55324571e61,S1,840,56.0,0.451,0.0934,0.0259,1.19,17.8,0.1989,0.0537,0.007,0.007,-0.0067,308,289,243,False
S1::side=low/liq_ref=pdh_pdl/liq_lb=20/confirm=displacement/imb=fvg/stop=beyond_sweep/exit=rr3/window=4/id=5d344a21fa18,S1,546,36.0,0.385,0.0193,-0.0327,1.036,40.8,0.1522,-0.0057,-0.132,-0.132,-0.1364,205,193,148,False
S1::side=low/liq_ref=pdh_pdl/liq_lb=20/confirm=displacement/imb=fvg/stop=beyond_sweep/exit=rr3/window=8/id=9aa894d6c7cb,S1,833,56.0,0.415,0.0813,0.0159,1.155,38.0,0.2152,-0.0127,0.0233,-0.0127,-0.0696,306,288,239,False
S1::side=low/liq_ref=pdh_pdl/liq_lb=20/confirm=displacement/imb=fvg/stop=beyond_sweep/exit=opp_liq/window=4/id=935a68600bad,S1,551,37.0,0.412,0.0223,-0.0371,1.052,20.4,0.0831,0.0054,-0.0401,-0.0401,-0.185,207,195,149,False
S1::side=low/liq_ref=pdh_pdl/liq_lb=20/confirm=displacement/imb=fvg/stop=beyond_sweep/exit=opp_liq/window=8/id=9ff45aa9a55d,S1,840,56.0,0.419,0.0694,-0.0055,1.155,24.8,0.1756,-0.0083,0.0269,-0.0083,-0.1878,309,290,241,False
S1::side=low/liq_ref=pdh_pdl/liq_lb=20/confirm=displacement/imb=fvg/stop=beyond_sweep/exit=time/window=4/id=aa344c0a82fc,S1,547,36.0,0.442,0.0945,0.0349,1.208,24.3,0.2471,0.0318,-0.0331,-0.0331,-0.1261,204,195,148,False
S1::side=low/liq_ref=pdh_pdl/liq_lb=20/confirm=displacement/imb=fvg/stop=beyond_sweep/exit=time/window=8/id=9a99039ed332,S1,833,56.0,0.437,0.2165,0.1406,1.458,26.7,0.5374,0.0089,0.0604,0.0089,-0.1396,304,291,238,False
S1::side=low/liq_ref=pdh_pdl/liq_lb=20/confirm=displacement/imb=fvg/stop=structural/exit=rr2/window=4/id=57c6f418a7ab,S1,532,35.0,0.457,0.0388,0.0064,1.096,28.9,0.0473,0.0774,-0.024,-0.024,-0.0619,198,190,144,False
S1::side=low/liq_ref=pdh_pdl/liq_lb=20/confirm=displacement/imb=fvg/stop=structural/exit=rr2/window=8/id=58f39f2e2f65,S1,787,52.0,0.451,0.0483,0.0126,1.112,24.0,0.0497,0.0416,0.0547,0.0416,-0.0533,289,273,225,False
S1::side=low/liq_ref=pdh_pdl/liq_lb=20/confirm=displacement/imb=fvg/stop=structural/exit=rr3/window=4/id=91168e738bd3,S1,532,35.0,0.438,0.0156,-0.0168,1.037,30.7,0.0651,0.0509,-0.0989,-0.0989,-0.1379,198,190,144,False
S1::side=low/liq_ref=pdh_pdl/liq_lb=20/confirm=displacement/imb=fvg/stop=structural/exit=rr3/window=8/id=34072ff24073,S1,784,52.0,0.427,0.0235,-0.0123,1.052,28.1,0.0438,0.0187,0.003,0.003,-0.1323,289,272,223,False
S1::side=low/liq_ref=pdh_pdl/liq_lb=20/confirm=displacement/imb=fvg/stop=structural/exit=opp_liq/window=4/id=1f572d35c25a,S1,543,36.0,0.475,0.0096,-0.0228,1.03,15.7,0.021,0.0116,-0.0088,-0.0088,-0.1316,203,193,147,False
S1::side=low/liq_ref=pdh_pdl/liq_lb=20/confirm=displacement/imb=fvg/stop=structural/exit=opp_liq/window=8/id=d1fc81eb4a98,S1,807,54.0,0.447,-0.0133,-0.049,0.965,27.2,-0.0111,-0.0414,0.018,-0.0414,-0.1737,298,279,230,False
S1::side=low/liq_ref=pdh_pdl/liq_lb=20/confirm=displacement/imb=fvg/stop=structural/exit=time/window=4/id=ce04110046fd,S1,539,36.0,0.482,0.0503,0.0177,1.148,18.5,0.1177,0.0298,-0.0157,-0.0157,-0.0902,201,192,146,False
S1::side=low/liq_ref=pdh_pdl/liq_lb=20/confirm=displacement/imb=fvg/stop=structural/exit=time/window=8/id=ef8f357131c9,S1,802,53.0,0.461,0.0667,0.0305,1.177,19.2,0.1149,0.0146,0.0684,0.0146,-0.1155,295,281,226,False
S1::side=low/liq_ref=pdh_pdl/liq_lb=50/confirm=consecutive2/imb=none/stop=beyond_sweep/exit=rr2/window=4/id=cc7027db62d9,S1,2986,199.0,0.397,0.0188,-0.0919,1.032,57.9,-0.0225,0.0199,0.0668,-0.0225,-0.085,1077,1005,904,False
S1::side=low/liq_ref=pdh_pdl/liq_lb=50/confirm=consecutive2/imb=none/stop=beyond_sweep/exit=rr2/window=8/id=f34e8d2827c3,S1,3669,245.0,0.448,0.0831,-0.0541,1.151,21.8,0.0677,0.088,0.0958,0.0677,-0.0171,1309,1226,1134,False
S1::side=low/liq_ref=pdh_pdl/liq_lb=50/confirm=consecutive2/imb=none/stop=beyond_sweep/exit=rr3/window=4/id=aa1292b655e6,S1,2914,194.0,0.354,0.0372,-0.0762,1.058,57.0,-0.0088,0.0296,0.1004,-0.0088,-0.1175,1050,984,880,False
S1::side=low/liq_ref=pdh_pdl/liq_lb=50/confirm=consecutive2/imb=none/stop=beyond_sweep/exit=rr3/window=8/id=13db855689f7,S1,3577,238.0,0.41,0.1021,-0.0386,1.174,40.5,0.0777,0.1115,0.1199,0.0777,-0.0491,1268,1200,1109,False
S1::side=low/liq_ref=pdh_pdl/liq_lb=50/confirm=consecutive2/imb=none/stop=beyond_sweep/exit=opp_liq/window=4/id=58f0ae0161b5,S1,2978,198.0,0.353,0.0548,-0.0569,1.091,65.0,0.0582,0.0006,0.1107,0.0006,-0.298,1083,994,901,False
S1::side=low/liq_ref=pdh_pdl/liq_lb=50/confirm=consecutive2/imb=none/stop=beyond_sweep/exit=opp_liq/window=8/id=b8a285dad4b6,S1,3650,243.0,0.401,0.1238,-0.0283,1.218,47.2,0.0951,0.1732,0.1044,0.0951,-0.2344,1310,1205,1135,False
S1::side=low/liq_ref=pdh_pdl/liq_lb=50/confirm=consecutive2/imb=none/stop=beyond_sweep/exit=time/window=4/id=78d9f1cf95c5,S1,2954,197.0,0.357,0.0738,-0.0401,1.12,56.2,0.0963,0.0157,0.1122,0.0157,-0.2875,1062,1001,891,False
S1::side=low/liq_ref=pdh_pdl/liq_lb=50/confirm=consecutive2/imb=none/stop=beyond_sweep/exit=time/window=8/id=4b52345b91a6,S1,3620,241.0,0.408,0.1388,-0.0034,1.243,55.2,0.1489,0.1406,0.1252,0.1252,-0.2213,1291,1210,1119,False
S1::side=low/liq_ref=pdh_pdl/liq_lb=50/confirm=consecutive2/imb=none/stop=structural/exit=rr2/window=4/id=cae6ea6d3781,S1,2350,157.0,0.421,0.0219,-0.0301,1.043,49.5,0.0108,0.0351,0.0205,0.0108,-0.0815,844,789,717,False
S1::side=low/liq_ref=pdh_pdl/liq_lb=50/confirm=consecutive2/imb=none/stop=structural/exit=rr2/window=8/id=0f6deaf99448,S1,2757,184.0,0.412,0.0185,-0.0373,1.035,49.7,-0.0158,0.0227,0.0544,-0.0158,-0.0849,998,910,849,False
S1::side=low/liq_ref=pdh_pdl/liq_lb=50/confirm=consecutive2/imb=none/stop=structural/exit=rr3/window=4/id=0e71ee9682e3,S1,2314,154.0,0.393,0.0328,-0.0191,1.061,49.9,0.0083,0.0457,0.0475,0.0083,-0.1223,830,774,710,False
S1::side=low/liq_ref=pdh_pdl/liq_lb=50/confirm=consecutive2/imb=none/stop=structural/exit=rr3/window=8/id=ba5ddfe4e649,S1,2689,179.0,0.382,0.0359,-0.0202,1.064,51.2,-0.0006,0.0371,0.0774,-0.0006,-0.1195,972,889,828,False
S1::side=low/liq_ref=pdh_pdl/liq_lb=50/confirm=consecutive2/imb=none/stop=structural/exit=opp_liq/window=4/id=3149f46612ed,S1,2468,164.0,0.42,0.0027,-0.049,1.006,77.1,-0.0265,0.0037,0.0355,-0.0265,-0.218,887,819,762,False
S1::side=low/liq_ref=pdh_pdl/liq_lb=50/confirm=consecutive2/imb=none/stop=structural/exit=opp_liq/window=8/id=9de77b9a6f20,S1,2857,190.0,0.4,0.0011,-0.0549,1.002,103.0,-0.0425,-0.0113,0.0652,-0.0425,-0.2344,1034,940,883,False
S1::side=low/liq_ref=pdh_pdl/liq_lb=50/confirm=consecutive2/imb=none/stop=structural/exit=time/window=4/id=73d32097327c,S1,2494,166.0,0.42,0.022,-0.0314,1.046,46.6,-0.0117,0.043,0.0386,-0.0117,-0.1892,898,834,762,False
S1::side=low/liq_ref=pdh_pdl/liq_lb=50/confirm=consecutive2/imb=none/stop=structural/exit=time/window=8/id=1985775c4015,S1,2903,193.0,0.408,0.0369,-0.021,1.075,50.8,-0.0067,0.0626,0.0611,-0.0067,-0.1964,1058,957,888,False
S1::side=low/liq_ref=pdh_pdl/liq_lb=50/confirm=consecutive2/imb=fvg/stop=beyond_sweep/exit=rr2/window=4/id=f469021c106b,S1,1420,95.0,0.395,0.0118,-0.0655,1.02,36.2,-0.0404,-0.0034,0.0909,-0.0404,-0.0931,520,467,433,False
S1::side=low/liq_ref=pdh_pdl/liq_lb=50/confirm=consecutive2/imb=fvg/stop=beyond_sweep/exit=rr2/window=8/id=f9cc2e1fe321,S1,1716,114.0,0.409,0.0199,-0.0799,1.035,32.7,-0.0302,0.0235,0.0749,-0.0302,-0.0835,625,559,532,False
S1::side=low/liq_ref=pdh_pdl/liq_lb=50/confirm=consecutive2/imb=fvg/stop=beyond_sweep/exit=rr3/window=4/id=1db7af29b8cf,S1,1409,94.0,0.353,0.0193,-0.0583,1.031,47.5,-0.0149,-0.0125,0.0956,-0.0149,-0.136,519,464,426,False
S1::side=low/liq_ref=pdh_pdl/liq_lb=50/confirm=consecutive2/imb=fvg/stop=beyond_sweep/exit=rr3/window=8/id=6324ad457f96,S1,1697,113.0,0.371,0.0326,-0.0671,1.053,48.6,-0.0035,-0.0068,0.1174,-0.0068,-0.1215,622,554,521,False
S1::side=low/liq_ref=pdh_pdl/liq_lb=50/confirm=consecutive2/imb=fvg/stop=beyond_sweep/exit=opp_liq/window=4/id=84f9114a87d9,S1,1429,95.0,0.371,0.0247,-0.0529,1.044,73.1,0.0067,-0.0542,0.1321,-0.0542,-0.2509,524,471,434,False
S1::side=low/liq_ref=pdh_pdl/liq_lb=50/confirm=consecutive2/imb=fvg/stop=beyond_sweep/exit=opp_liq/window=8/id=a99210732d87,S1,1719,115.0,0.38,0.0181,-0.0783,1.032,84.0,0.0006,-0.061,0.1228,-0.061,-0.2567,629,561,529,False
S1::side=low/liq_ref=pdh_pdl/liq_lb=50/confirm=consecutive2/imb=fvg/stop=beyond_sweep/exit=time/window=4/id=4adbd3adf615,S1,1412,94.0,0.379,0.0159,-0.0625,1.028,59.2,0.0153,-0.0721,0.1118,-0.0721,-0.25,517,465,430,False
S1::side=low/liq_ref=pdh_pdl/liq_lb=50/confirm=consecutive2/imb=fvg/stop=beyond_sweep/exit=time/window=8/id=987628efa836,S1,1701,113.0,0.39,0.0381,-0.0644,1.068,46.4,0.0494,-0.0506,0.1181,-0.0506,-0.2437,623,553,525,False
S1::side=low/liq_ref=pdh_pdl/liq_lb=50/confirm=consecutive2/imb=fvg/stop=structural/exit=rr2/window=4/id=d915b6e85632,S1,1229,82.0,0.454,0.0565,0.0196,1.129,15.2,0.0284,0.0707,0.0758,0.0284,-0.0448,459,399,371,False
S1::side=low/liq_ref=pdh_pdl/liq_lb=50/confirm=consecutive2/imb=fvg/stop=structural/exit=rr2/window=8/id=b44ed19295b8,S1,1433,96.0,0.445,0.0415,0.0026,1.091,19.0,0.0072,0.0543,0.0696,0.0072,-0.0604,533,462,438,False
S1::side=low/liq_ref=pdh_pdl/liq_lb=50/confirm=consecutive2/imb=fvg/stop=structural/exit=rr3/window=4/id=380b5afbbb78,S1,1223,82.0,0.438,0.06,0.0233,1.133,22.7,0.0632,0.0088,0.111,0.0088,-0.0948,455,398,370,False
S1::side=low/liq_ref=pdh_pdl/liq_lb=50/confirm=consecutive2/imb=fvg/stop=structural/exit=rr3/window=8/id=f3f152fa390d,S1,1424,95.0,0.426,0.0472,0.0085,1.1,38.8,0.0352,0.008,0.1032,0.008,-0.1081,527,461,436,False
S1::side=low/liq_ref=pdh_pdl/liq_lb=50/confirm=consecutive2/imb=fvg/stop=structural/exit=opp_liq/window=4/id=80bf84a6d4f2,S1,1277,85.0,0.484,0.0573,0.0203,1.153,22.8,0.0414,0.0188,0.1181,0.0188,-0.1142,475,415,387,False
S1::side=low/liq_ref=pdh_pdl/liq_lb=50/confirm=consecutive2/imb=fvg/stop=structural/exit=opp_liq/window=8/id=eda059f4bf6b,S1,1486,99.0,0.466,0.0403,0.0013,1.101,31.3,0.0306,0.0025,0.0922,0.0025,-0.1427,550,482,454,False
S1::side=low/liq_ref=pdh_pdl/liq_lb=50/confirm=consecutive2/imb=fvg/stop=structural/exit=time/window=4/id=582e8c004c5b,S1,1281,85.0,0.478,0.0544,0.017,1.146,19.3,0.0284,0.0278,0.1145,0.0278,-0.1084,475,416,390,False
S1::side=low/liq_ref=pdh_pdl/liq_lb=50/confirm=consecutive2/imb=fvg/stop=structural/exit=time/window=8/id=d6ad3dfd7e16,S1,1498,100.0,0.467,0.0541,0.0145,1.139,24.2,0.0466,0.006,0.1135,0.006,-0.1208,555,483,460,False
S1::side=low/liq_ref=pdh_pdl/liq_lb=50/confirm=close_beyond/imb=none/stop=beyond_sweep/exit=rr2/window=4/id=c9ae377adce0,S1,295,20.0,0.444,0.0047,-0.0317,1.01,25.5,0.0425,0.0775,-0.0852,-0.0852,-0.0945,88,94,113,False
S1::side=low/liq_ref=pdh_pdl/liq_lb=50/confirm=close_beyond/imb=none/stop=beyond_sweep/exit=rr2/window=8/id=e0aa08e043cb,S1,401,27.0,0.446,-0.0023,-0.0365,0.995,25.3,0.0361,0.0404,-0.0731,-0.0731,-0.1076,130,125,146,False
S1::side=low/liq_ref=pdh_pdl/liq_lb=50/confirm=close_beyond/imb=none/stop=beyond_sweep/exit=rr3/window=4/id=507650e72cfa,S1,294,20.0,0.422,-0.0469,-0.0834,0.903,38.0,0.0896,0.0082,-0.2003,-0.2003,-0.1986,88,94,112,False
S1::side=low/liq_ref=pdh_pdl/liq_lb=50/confirm=close_beyond/imb=none/stop=beyond_sweep/exit=rr3/window=8/id=c81901aeafe6,S1,400,27.0,0.435,-0.0069,-0.0411,0.985,32.0,0.0958,0.0166,-0.1191,-0.1191,-0.1646,130,125,145,False
S1::side=low/liq_ref=pdh_pdl/liq_lb=50/confirm=close_beyond/imb=none/stop=beyond_sweep/exit=opp_liq/window=4/id=b182ab19fa79,S1,332,22.0,0.0,-0.1935,-0.2307,0.0,64.2,-0.178,-0.2093,-0.1929,-0.2093,-0.2023,102,104,126,False
S1::side=low/liq_ref=pdh_pdl/liq_lb=50/confirm=close_beyond/imb=none/stop=beyond_sweep/exit=opp_liq/window=8/id=4cd5f2f2c53c,S1,445,30.0,0.0,-0.1856,-0.2207,0.0,82.4,-0.1783,-0.1932,-0.1859,-0.1932,-0.1944,148,136,161,False
S1::side=low/liq_ref=pdh_pdl/liq_lb=50/confirm=close_beyond/imb=none/stop=beyond_sweep/exit=time/window=4/id=26f16b898162,S1,301,20.0,0.475,0.0079,-0.0286,1.02,21.4,0.1141,-0.0133,-0.057,-0.057,-0.1367,90,95,116,False
S1::side=low/liq_ref=pdh_pdl/liq_lb=50/confirm=close_beyond/imb=none/stop=beyond_sweep/exit=time/window=8/id=4108aae8e186,S1,408,27.0,0.48,0.0272,-0.0073,1.076,21.3,0.0849,0.0117,-0.0113,-0.0113,-0.1094,133,126,149,False
S1::side=low/liq_ref=pdh_pdl/liq_lb=50/confirm=close_beyond/imb=none/stop=structural/exit=rr2/window=4/id=ac29469d617f,S1,281,19.0,0.459,-0.041,-0.0671,0.891,31.4,0.0081,0.0908,-0.1952,-0.1952,-0.1475,88,89,104,False
S1::side=low/liq_ref=pdh_pdl/liq_lb=50/confirm=close_beyond/imb=none/stop=structural/exit=rr2/window=8/id=3b30628b93d9,S1,381,25.0,0.465,-0.021,-0.0465,0.943,29.3,0.0089,0.0799,-0.1381,-0.1381,-0.1266,130,117,134,False
S1::side=low/liq_ref=pdh_pdl/liq_lb=50/confirm=close_beyond/imb=none/stop=structural/exit=rr3/window=4/id=a49597b88759,S1,281,19.0,0.459,-0.0182,-0.0443,0.952,30.6,0.0336,0.105,-0.1673,-0.1673,-0.1539,88,89,104,False
S1::side=low/liq_ref=pdh_pdl/liq_lb=50/confirm=close_beyond/imb=none/stop=structural/exit=rr3/window=8/id=e05b84270515,S1,381,25.0,0.465,0.0091,-0.0165,1.025,26.5,0.0332,0.1004,-0.094,-0.094,-0.135,130,117,134,False
S1::side=low/liq_ref=pdh_pdl/liq_lb=50/confirm=close_beyond/imb=none/stop=structural/exit=opp_liq/window=4/id=31f16c6116ed,S1,332,22.0,0.0,-0.1446,-0.1713,0.0,48.0,-0.1343,-0.1575,-0.1423,-0.1575,-0.1513,102,104,126,False
S1::side=low/liq_ref=pdh_pdl/liq_lb=50/confirm=close_beyond/imb=none/stop=structural/exit=opp_liq/window=8/id=3215738633aa,S1,445,30.0,0.0,-0.1421,-0.1684,0.0,63.1,-0.1384,-0.1481,-0.1404,-0.1481,-0.1489,148,136,161,False
S1::side=low/liq_ref=pdh_pdl/liq_lb=50/confirm=close_beyond/imb=none/stop=structural/exit=time/window=4/id=8c21070056c3,S1,292,19.0,0.497,0.0072,-0.0193,1.024,18.7,0.0669,0.0414,-0.0693,-0.0693,-0.1007,90,91,111,False
S1::side=low/liq_ref=pdh_pdl/liq_lb=50/confirm=close_beyond/imb=none/stop=structural/exit=time/window=8/id=3a43f569a25b,S1,398,27.0,0.497,0.0281,0.0021,1.099,18.9,0.039,0.0586,-0.0077,-0.0077,-0.0836,133,121,144,False
S1::side=low/liq_ref=pdh_pdl/liq_lb=50/confirm=close_beyond/imb=fvg/stop=beyond_sweep/exit=rr2/window=4/id=1a6dc132306b,S1,226,15.0,0.478,0.0379,0.004,1.088,10.7,0.011,0.0833,0.0207,0.011,-0.0623,69,73,84,False
S1::side=low/liq_ref=pdh_pdl/liq_lb=50/confirm=close_beyond/imb=fvg/stop=beyond_sweep/exit=rr2/window=8/id=043a74fdfd3e,S1,328,22.0,0.46,0.0096,-0.0226,1.022,14.6,0.0277,0.0167,-0.0142,-0.0142,-0.0927,112,101,115,False
S1::side=low/liq_ref=pdh_pdl/liq_lb=50/confirm=close_beyond/imb=fvg/stop=beyond_sweep/exit=rr3/window=4/id=f5022f2a0b87,S1,226,15.0,0.46,-0.0055,-0.0394,0.988,22.3,0.0834,0.0409,-0.1188,-0.1188,-0.1551,69,73,84,False
S1::side=low/liq_ref=pdh_pdl/liq_lb=50/confirm=close_beyond/imb=fvg/stop=beyond_sweep/exit=rr3/window=8/id=128fa150a86b,S1,328,22.0,0.445,-0.0124,-0.0446,0.972,25.7,0.0921,-0.0321,-0.097,-0.097,-0.1664,112,101,115,False
S1::side=low/liq_ref=pdh_pdl/liq_lb=50/confirm=close_beyond/imb=fvg/stop=beyond_sweep/exit=opp_liq/window=4/id=1c3c0f65638f,S1,235,16.0,0.0,-0.1932,-0.2273,0.0,45.4,-0.1809,-0.2082,-0.1903,-0.2082,-0.2017,72,76,87,False
S1::side=low/liq_ref=pdh_pdl/liq_lb=50/confirm=close_beyond/imb=fvg/stop=beyond_sweep/exit=opp_liq/window=8/id=db9191dd24f2,S1,340,23.0,0.0,-0.1808,-0.2133,0.0,61.3,-0.1757,-0.188,-0.1796,-0.188,-0.1895,118,104,118,False
S1::side=low/liq_ref=pdh_pdl/liq_lb=50/confirm=close_beyond/imb=fvg/stop=beyond_sweep/exit=time/window=4/id=3b341d0d3d53,S1,228,15.0,0.504,0.0436,0.0095,1.12,12.5,0.1614,-0.0116,-0.004,-0.0116,-0.0947,69,74,85,False
S1::side=low/liq_ref=pdh_pdl/liq_lb=50/confirm=close_beyond/imb=fvg/stop=beyond_sweep/exit=time/window=8/id=febd551eceaf,S1,331,22.0,0.486,0.0285,-0.004,1.081,14.2,0.1037,-0.0432,0.0182,-0.0432,-0.1068,113,102,116,False
S1::side=low/liq_ref=pdh_pdl/liq_lb=50/confirm=close_beyond/imb=fvg/stop=structural/exit=rr2/window=4/id=4a6d7c434475,S1,222,15.0,0.482,-0.0167,-0.0417,0.952,19.9,-0.0001,0.1082,-0.1449,-0.1449,-0.1214,69,73,80,False
S1::side=low/liq_ref=pdh_pdl/liq_lb=50/confirm=close_beyond/imb=fvg/stop=structural/exit=rr2/window=8/id=cb3fe5cb14aa,S1,318,21.0,0.472,-0.0177,-0.0418,0.95,21.2,0.0041,0.0689,-0.1206,-0.1206,-0.1172,112,99,107,False
S1::side=low/liq_ref=pdh_pdl/liq_lb=50/confirm=close_beyond/imb=fvg/stop=structural/exit=rr3/window=4/id=87fb09366a76,S1,222,15.0,0.482,0.0007,-0.0244,1.002,19.1,0.0243,0.1118,-0.1211,-0.1211,-0.1265,69,73,80,False
S1::side=low/liq_ref=pdh_pdl/liq_lb=50/confirm=close_beyond/imb=fvg/stop=structural/exit=rr3/window=8/id=ea494c438024,S1,318,21.0,0.472,0.004,-0.0201,1.011,19.4,0.0273,0.0728,-0.0841,-0.0841,-0.1255,112,99,107,False
S1::side=low/liq_ref=pdh_pdl/liq_lb=50/confirm=close_beyond/imb=fvg/stop=structural/exit=opp_liq/window=4/id=c2f20f6b2250,S1,235,16.0,0.0,-0.1463,-0.1714,0.0,34.4,-0.1361,-0.1614,-0.1417,-0.1614,-0.1529,72,76,87,False
S1::side=low/liq_ref=pdh_pdl/liq_lb=50/confirm=close_beyond/imb=fvg/stop=structural/exit=opp_liq/window=8/id=46683077ed5e,S1,340,23.0,0.0,-0.1391,-0.1635,0.0,47.2,-0.1357,-0.1463,-0.1362,-0.1463,-0.1458,118,104,118,False
S1::side=low/liq_ref=pdh_pdl/liq_lb=50/confirm=close_beyond/imb=fvg/stop=structural/exit=time/window=4/id=5bb86829cf80,S1,225,15.0,0.529,0.038,0.0129,1.142,12.4,0.1123,0.0409,-0.0272,-0.0272,-0.0615,69,74,82,False
S1::side=low/liq_ref=pdh_pdl/liq_lb=50/confirm=close_beyond/imb=fvg/stop=structural/exit=time/window=8/id=6e59ca8da7d1,S1,326,22.0,0.506,0.0313,0.0069,1.118,13.0,0.0524,0.0237,0.0169,0.0169,-0.074,113,101,112,False
S1::side=low/liq_ref=pdh_pdl/liq_lb=50/confirm=displacement/imb=none/stop=beyond_sweep/exit=rr2/window=4/id=6b140bf7d479,S1,1465,98.0,0.438,0.0698,-0.0306,1.13,35.4,0.1605,0.0835,-0.0578,-0.0578,-0.0311,548,476,441,False
S1::side=low/liq_ref=pdh_pdl/liq_lb=50/confirm=displacement/imb=none/stop=beyond_sweep/exit=rr2/window=8/id=fb9591951c72,S1,1894,126.0,0.467,0.1072,-0.001,1.211,21.8,0.1742,0.1056,0.0263,0.0263,0.0087,701,625,568,False
S1::side=low/liq_ref=pdh_pdl/liq_lb=50/confirm=displacement/imb=none/stop=beyond_sweep/exit=rr3/window=4/id=372d7945ed6d,S1,1436,96.0,0.398,0.0674,-0.0348,1.117,46.2,0.1827,0.0497,-0.0551,-0.0551,-0.0877,535,464,437,False
S1::side=low/liq_ref=pdh_pdl/liq_lb=50/confirm=displacement/imb=none/stop=beyond_sweep/exit=rr3/window=8/id=2f19c12d8f54,S1,1858,124.0,0.43,0.104,-0.0044,1.191,36.9,0.1931,0.0558,0.0473,0.0473,-0.0484,687,610,561,False
S1::side=low/liq_ref=pdh_pdl/liq_lb=50/confirm=displacement/imb=none/stop=beyond_sweep/exit=opp_liq/window=4/id=09b88fe14f67,S1,1479,99.0,0.405,0.1278,0.007,1.251,29.7,0.0972,0.122,0.171,0.0972,-0.2338,548,477,454,False
S1::side=low/liq_ref=pdh_pdl/liq_lb=50/confirm=displacement/imb=none/stop=beyond_sweep/exit=opp_liq/window=8/id=e8dc4722bb74,S1,1905,127.0,0.426,0.1288,0.0042,1.259,28.4,0.0953,0.1437,0.1537,0.0953,-0.1987,707,616,582,False
S1::side=low/liq_ref=pdh_pdl/liq_lb=50/confirm=displacement/imb=none/stop=beyond_sweep/exit=time/window=4/id=e5acaee33be4,S1,1441,96.0,0.4,0.1339,0.0212,1.246,36.3,0.198,0.0742,0.1205,0.0742,-0.2102,530,469,442,False
S1::side=low/liq_ref=pdh_pdl/liq_lb=50/confirm=displacement/imb=none/stop=beyond_sweep/exit=time/window=8/id=45f2b4ec45d0,S1,1860,124.0,0.426,0.1902,0.0666,1.362,34.9,0.2967,0.1063,0.1512,0.1063,-0.1761,686,608,566,False
S1::side=low/liq_ref=pdh_pdl/liq_lb=50/confirm=displacement/imb=none/stop=structural/exit=rr2/window=4/id=1ec34fb382b8,S1,1301,87.0,0.42,0.0153,-0.0326,1.03,46.7,0.0436,0.0583,-0.066,-0.066,-0.0889,489,419,393,False
S1::side=low/liq_ref=pdh_pdl/liq_lb=50/confirm=displacement/imb=none/stop=structural/exit=rr2/window=8/id=79349b3e1c24,S1,1627,108.0,0.421,0.0353,-0.014,1.069,39.7,0.0541,0.056,-0.0106,-0.0106,-0.0674,611,528,488,False
S1::side=low/liq_ref=pdh_pdl/liq_lb=50/confirm=displacement/imb=none/stop=structural/exit=rr3/window=4/id=01785793e56f,S1,1280,85.0,0.389,-0.0021,-0.0501,0.996,51.9,0.0087,0.055,-0.0764,-0.0764,-0.1623,477,415,388,False
S1::side=low/liq_ref=pdh_pdl/liq_lb=50/confirm=displacement/imb=none/stop=structural/exit=rr3/window=8/id=9e33fe9bbe35,S1,1599,107.0,0.387,0.0161,-0.0336,1.03,65.2,0.0236,0.022,0.0004,0.0004,-0.1407,597,521,481,False
S1::side=low/liq_ref=pdh_pdl/liq_lb=50/confirm=displacement/imb=none/stop=structural/exit=opp_liq/window=4/id=e0a2d8a6d9fc,S1,1361,91.0,0.416,-0.0285,-0.0759,0.937,52.4,-0.0526,0.0326,-0.0633,-0.0633,-0.232,504,438,419,False
S1::side=low/liq_ref=pdh_pdl/liq_lb=50/confirm=displacement/imb=none/stop=structural/exit=opp_liq/window=8/id=cd7c4de5f0a7,S1,1702,113.0,0.405,-0.0179,-0.0669,0.962,74.0,-0.0315,-0.0036,-0.0162,-0.0315,-0.2314,635,550,517,False
S1::side=low/liq_ref=pdh_pdl/liq_lb=50/confirm=displacement/imb=none/stop=structural/exit=time/window=4/id=68cf762e2bb2,S1,1331,89.0,0.409,-0.0084,-0.057,0.982,50.4,0.0113,0.0498,-0.0928,-0.0928,-0.2098,492,429,410,False
S1::side=low/liq_ref=pdh_pdl/liq_lb=50/confirm=displacement/imb=none/stop=structural/exit=time/window=8/id=9bf8d79f3a93,S1,1677,112.0,0.403,0.0124,-0.0378,1.026,73.9,0.0456,0.011,-0.0265,-0.0265,-0.2038,623,542,512,False
S1::side=low/liq_ref=pdh_pdl/liq_lb=50/confirm=displacement/imb=fvg/stop=beyond_sweep/exit=rr2/window=4/id=ac3d1a6f33b2,S1,548,37.0,0.42,0.0416,-0.0121,1.082,31.9,0.1299,0.0516,-0.0935,-0.0935,-0.0596,206,193,149,False
S1::side=low/liq_ref=pdh_pdl/liq_lb=50/confirm=displacement/imb=fvg/stop=beyond_sweep/exit=rr2/window=8/id=37f2662847ad,S1,840,56.0,0.451,0.0934,0.0259,1.19,17.8,0.1989,0.0537,0.007,0.007,-0.0067,308,289,243,False
S1::side=low/liq_ref=pdh_pdl/liq_lb=50/confirm=displacement/imb=fvg/stop=beyond_sweep/exit=rr3/window=4/id=ab35be9f3521,S1,546,36.0,0.385,0.0193,-0.0327,1.036,40.8,0.1522,-0.0057,-0.132,-0.132,-0.1364,205,193,148,False
S1::side=low/liq_ref=pdh_pdl/liq_lb=50/confirm=displacement/imb=fvg/stop=beyond_sweep/exit=rr3/window=8/id=4b22ce557e58,S1,833,56.0,0.415,0.0813,0.0159,1.155,38.0,0.2152,-0.0127,0.0233,-0.0127,-0.0696,306,288,239,False
S1::side=low/liq_ref=pdh_pdl/liq_lb=50/confirm=displacement/imb=fvg/stop=beyond_sweep/exit=opp_liq/window=4/id=8b64a8b73b53,S1,551,37.0,0.412,0.0223,-0.0371,1.052,20.4,0.0831,0.0054,-0.0401,-0.0401,-0.185,207,195,149,False
S1::side=low/liq_ref=pdh_pdl/liq_lb=50/confirm=displacement/imb=fvg/stop=beyond_sweep/exit=opp_liq/window=8/id=0eb31fdd1ff1,S1,840,56.0,0.419,0.0694,-0.0055,1.155,24.8,0.1756,-0.0083,0.0269,-0.0083,-0.1878,309,290,241,False
S1::side=low/liq_ref=pdh_pdl/liq_lb=50/confirm=displacement/imb=fvg/stop=beyond_sweep/exit=time/window=4/id=8b57e5ba5e4b,S1,547,36.0,0.442,0.0945,0.0349,1.208,24.3,0.2471,0.0318,-0.0331,-0.0331,-0.1261,204,195,148,False
S1::side=low/liq_ref=pdh_pdl/liq_lb=50/confirm=displacement/imb=fvg/stop=beyond_sweep/exit=time/window=8/id=4823694516e3,S1,833,56.0,0.437,0.2165,0.1406,1.458,26.7,0.5374,0.0089,0.0604,0.0089,-0.1396,304,291,238,False
S1::side=low/liq_ref=pdh_pdl/liq_lb=50/confirm=displacement/imb=fvg/stop=structural/exit=rr2/window=4/id=f90debd010a3,S1,532,35.0,0.457,0.0388,0.0064,1.096,28.9,0.0473,0.0774,-0.024,-0.024,-0.0619,198,190,144,False
S1::side=low/liq_ref=pdh_pdl/liq_lb=50/confirm=displacement/imb=fvg/stop=structural/exit=rr2/window=8/id=473fec976d88,S1,787,52.0,0.451,0.0483,0.0126,1.112,24.0,0.0497,0.0416,0.0547,0.0416,-0.0533,289,273,225,False
S1::side=low/liq_ref=pdh_pdl/liq_lb=50/confirm=displacement/imb=fvg/stop=structural/exit=rr3/window=4/id=e00581d160e8,S1,532,35.0,0.438,0.0156,-0.0168,1.037,30.7,0.0651,0.0509,-0.0989,-0.0989,-0.1379,198,190,144,False
S1::side=low/liq_ref=pdh_pdl/liq_lb=50/confirm=displacement/imb=fvg/stop=structural/exit=rr3/window=8/id=df81c832954a,S1,784,52.0,0.427,0.0235,-0.0123,1.052,28.1,0.0438,0.0187,0.003,0.003,-0.1323,289,272,223,False
S1::side=low/liq_ref=pdh_pdl/liq_lb=50/confirm=displacement/imb=fvg/stop=structural/exit=opp_liq/window=4/id=31c5590462e2,S1,543,36.0,0.475,0.0096,-0.0228,1.03,15.7,0.021,0.0116,-0.0088,-0.0088,-0.1316,203,193,147,False
S1::side=low/liq_ref=pdh_pdl/liq_lb=50/confirm=displacement/imb=fvg/stop=structural/exit=opp_liq/window=8/id=e33123aac294,S1,807,54.0,0.447,-0.0133,-0.049,0.965,27.2,-0.0111,-0.0414,0.018,-0.0414,-0.1737,298,279,230,False
S1::side=low/liq_ref=pdh_pdl/liq_lb=50/confirm=displacement/imb=fvg/stop=structural/exit=time/window=4/id=1390963fd5e0,S1,539,36.0,0.482,0.0503,0.0177,1.148,18.5,0.1177,0.0298,-0.0157,-0.0157,-0.0902,201,192,146,False
S1::side=low/liq_ref=pdh_pdl/liq_lb=50/confirm=displacement/imb=fvg/stop=structural/exit=time/window=8/id=6406d46753e2,S1,802,53.0,0.461,0.0667,0.0305,1.177,19.2,0.1149,0.0146,0.0684,0.0146,-0.1155,295,281,226,False
S2::ref=swing/lb=20/fail_within=2/stop=beyond_ext/exit=rr2/side=high/id=691f36c634e3,S2,7188,479.0,0.346,-0.0263,-0.1697,0.961,243.4,0.0119,-0.0333,-0.0517,-0.0517,-0.1324,2151,2498,2539,False
S2::ref=swing/lb=20/fail_within=2/stop=beyond_ext/exit=rr2/side=low/id=2c6012247423,S2,6418,428.0,0.362,0.0113,-0.1214,1.017,109.3,0.052,-0.0004,-0.021,-0.021,-0.0928,2242,2103,2073,False
S2::ref=swing/lb=20/fail_within=2/stop=beyond_ext/exit=opp_liq/side=high/id=b6331644922f,S2,7125,475.0,0.263,-0.0198,-0.169,0.974,299.0,0.0223,-0.0436,-0.0324,-0.0436,-0.3947,2142,2467,2516,False
S2::ref=swing/lb=20/fail_within=2/stop=beyond_ext/exit=opp_liq/side=low/id=323c88eea725,S2,6395,426.0,0.29,-0.0166,-0.1545,0.977,199.2,-0.0372,-0.0275,0.0169,-0.0372,-0.3363,2228,2105,2062,False
S2::ref=swing/lb=20/fail_within=2/stop=beyond_ext/exit=time/side=high/id=03affaa1d978,S2,7354,490.0,0.237,-0.0269,-0.1755,0.965,346.9,0.0051,-0.0195,-0.0614,-0.0614,-0.4809,2221,2537,2596,False
S2::ref=swing/lb=20/fail_within=2/stop=beyond_ext/exit=time/side=low/id=2c9372687e17,S2,6586,439.0,0.263,0.0282,-0.1114,1.038,148.7,0.0011,-0.0078,0.0948,-0.0078,-0.4146,2297,2174,2115,False
S2::ref=swing/lb=20/fail_within=2/stop=atr/exit=rr2/side=high/id=c8d8776c1cdf,S2,6641,443.0,0.349,-0.0219,-0.1034,0.966,264.3,0.0389,-0.0446,-0.0532,-0.0532,-0.1282,2046,2276,2319,False
S2::ref=swing/lb=20/fail_within=2/stop=atr/exit=rr2/side=low/id=f35d78aa77d2,S2,6087,406.0,0.366,0.0211,-0.0602,1.033,78.3,0.011,0.0316,0.0216,0.011,-0.0826,2141,2001,1945,False
S2::ref=swing/lb=20/fail_within=2/stop=atr/exit=opp_liq/side=high/id=e7928375372f,S2,6563,437.0,0.328,-0.0285,-0.1099,0.958,250.2,0.0201,-0.0195,-0.0803,-0.0803,-0.2129,2027,2253,2283,False
S2::ref=swing/lb=20/fail_within=2/stop=atr/exit=opp_liq/side=low/id=aa23bf0daf38,S2,6037,402.0,0.348,-0.0102,-0.0914,0.984,162.1,-0.0216,-0.0146,0.0067,-0.0216,-0.1796,2125,1983,1929,False
S2::ref=swing/lb=20/fail_within=2/stop=atr/exit=time/side=high/id=bac0be0a8de3,S2,6862,457.0,0.306,-0.0135,-0.0962,0.98,252.5,0.0373,-0.0208,-0.0515,-0.0515,-0.3273,2122,2350,2390,False
S2::ref=swing/lb=20/fail_within=2/stop=atr/exit=time/side=low/id=994e13ee8734,S2,6264,418.0,0.318,0.0522,-0.0302,1.078,114.6,0.0247,0.067,0.0673,0.0247,-0.2812,2209,2059,1996,False
S2::ref=swing/lb=20/fail_within=4/stop=beyond_ext/exit=rr2/side=high/id=1bd0759e4e16,S2,8570,571.0,0.342,-0.0411,-0.1825,0.939,396.7,0.0043,-0.0548,-0.0677,-0.0677,-0.148,2630,2961,2979,False
S2::ref=swing/lb=20/fail_within=4/stop=beyond_ext/exit=rr2/side=low/id=709ce25c6752,S2,7665,511.0,0.36,0.0002,-0.1302,1.0,123.5,0.0173,0.0039,-0.0227,-0.0227,-0.1047,2718,2513,2434,False
S2::ref=swing/lb=20/fail_within=4/stop=beyond_ext/exit=opp_liq/side=high/id=f20826d1db4f,S2,8437,562.0,0.266,-0.0343,-0.1855,0.955,390.3,0.004,-0.0344,-0.0683,-0.0683,-0.398,2605,2914,2918,False
S2::ref=swing/lb=20/fail_within=4/stop=beyond_ext/exit=opp_liq/side=low/id=701c7b1e8774,S2,7617,508.0,0.295,-0.0144,-0.1501,0.98,285.3,-0.0509,-0.0237,0.0359,-0.0509,-0.3345,2694,2505,2418,False
S2::ref=swing/lb=20/fail_within=4/stop=beyond_ext/exit=time/side=high/id=06b733e2d466,S2,8725,582.0,0.236,-0.0379,-0.1864,0.951,412.3,-0.0118,-0.0282,-0.0709,-0.0709,-0.4871,2705,3007,3013,False
S2::ref=swing/lb=20/fail_within=4/stop=beyond_ext/exit=time/side=low/id=3a68f8cebd01,S2,7874,525.0,0.265,0.0286,-0.1085,1.038,153.3,-0.0022,-0.0099,0.1032,-0.0099,-0.4132,2790,2595,2489,False
S2::ref=swing/lb=20/fail_within=4/stop=atr/exit=rr2/side=high/id=425d7302f211,S2,7838,522.0,0.349,-0.0219,-0.1035,0.966,277.2,0.0273,-0.0405,-0.0488,-0.0488,-0.128,2472,2694,2672,False
S2::ref=swing/lb=20/fail_within=4/stop=atr/exit=rr2/side=low/id=9b2667204e07,S2,7241,483.0,0.361,0.0061,-0.075,1.009,94.1,-0.0071,0.0263,-0.0001,-0.0071,-0.0986,2596,2379,2266,False
S2::ref=swing/lb=20/fail_within=4/stop=atr/exit=opp_liq/side=high/id=f1cf187e0091,S2,7745,516.0,0.331,-0.0296,-0.1111,0.956,265.3,0.0086,-0.0157,-0.0789,-0.0789,-0.2115,2447,2661,2637,False
S2::ref=swing/lb=20/fail_within=4/stop=atr/exit=opp_liq/side=low/id=951535724a1c,S2,7165,478.0,0.346,-0.022,-0.1029,0.966,249.8,-0.0393,-0.0138,-0.0108,-0.0393,-0.1912,2568,2351,2246,False
S2::ref=swing/lb=20/fail_within=4/stop=atr/exit=time/side=high/id=ea5a970d9496,S2,8128,542.0,0.306,-0.0051,-0.0879,0.993,237.1,0.0412,-0.0128,-0.0402,-0.0402,-0.3219,2573,2788,2767,False
S2::ref=swing/lb=20/fail_within=4/stop=atr/exit=time/side=low/id=66d217754f65,S2,7490,499.0,0.315,0.0366,-0.0457,1.055,123.4,-0.002,0.0682,0.0477,-0.002,-0.2894,2686,2461,2343,False
S2::ref=swing/lb=50/fail_within=2/stop=beyond_ext/exit=rr2/side=high/id=861bf9f8ea5c,S2,4381,292.0,0.343,-0.0358,-0.1639,0.946,184.7,0.0141,-0.0643,-0.047,-0.0643,-0.1425,1243,1548,1590,False
S2::ref=swing/lb=50/fail_within=2/stop=beyond_ext/exit=rr2/side=low/id=da0a59659afb,S2,3698,246.0,0.368,0.0177,-0.0924,1.028,97.7,0.0603,0.0305,-0.0397,-0.0397,-0.0858,1269,1218,1211,False
S2::ref=swing/lb=50/fail_within=2/stop=beyond_ext/exit=opp_liq/side=high/id=ce0826b0456f,S2,4381,292.0,0.216,-0.0527,-0.1862,0.934,295.8,0.0039,-0.1203,-0.0311,-0.1203,-0.4994,1243,1548,1590,False
S2::ref=swing/lb=50/fail_within=2/stop=beyond_ext/exit=opp_liq/side=low/id=58625f06e89c,S2,3698,246.0,0.261,-0.0063,-0.1202,0.992,166.1,-0.0769,0.0224,0.0389,-0.0769,-0.377,1269,1218,1211,False
S2::ref=swing/lb=50/fail_within=2/stop=beyond_ext/exit=time/side=high/id=69e71e0ae817,S2,4381,292.0,0.239,-0.0717,-0.2046,0.906,336.2,-0.0772,-0.0562,-0.0825,-0.0825,-0.4948,1243,1548,1590,False
S2::ref=swing/lb=50/fail_within=2/stop=beyond_ext/exit=time/side=low/id=e24735cec83a,S2,3698,246.0,0.29,0.0439,-0.0691,1.062,81.8,0.0011,0.0474,0.0851,0.0011,-0.3691,1269,1218,1211,False
S2::ref=swing/lb=50/fail_within=2/stop=atr/exit=rr2/side=high/id=4f03f62134e0,S2,4063,271.0,0.347,-0.0368,-0.1099,0.943,168.8,0.0012,-0.0453,-0.0594,-0.0594,-0.1439,1186,1420,1457,False
S2::ref=swing/lb=50/fail_within=2/stop=atr/exit=rr2/side=low/id=bb97ecc5f643,S2,3519,235.0,0.377,0.0344,-0.0361,1.055,78.7,0.0006,0.0954,0.0088,0.0006,-0.0682,1227,1156,1136,False
S2::ref=swing/lb=50/fail_within=2/stop=atr/exit=opp_liq/side=high/id=9916fb72c567,S2,4052,270.0,0.272,-0.0491,-0.1222,0.932,217.4,-0.0078,-0.0607,-0.0715,-0.0715,-0.3258,1184,1416,1452,False
S2::ref=swing/lb=50/fail_within=2/stop=atr/exit=opp_liq/side=low/id=59f2a0532f9a,S2,3519,235.0,0.313,0.0216,-0.0488,1.032,116.6,-0.0558,0.0895,0.0362,-0.0558,-0.2241,1227,1156,1136,False
S2::ref=swing/lb=50/fail_within=2/stop=atr/exit=time/side=high/id=1917bc8a736e,S2,4088,272.0,0.309,-0.0458,-0.1192,0.932,200.5,-0.0249,-0.0308,-0.0775,-0.0775,-0.3359,1193,1430,1465,False
S2::ref=swing/lb=50/fail_within=2/stop=atr/exit=time/side=low/id=be3dc1f56586,S2,3534,236.0,0.342,0.0618,-0.0088,1.097,100.7,0.0207,0.0962,0.0712,0.0207,-0.2564,1230,1159,1145,False
S2::ref=swing/lb=50/fail_within=4/stop=beyond_ext/exit=rr2/side=high/id=02812e3a931c,S2,5241,349.0,0.338,-0.0566,-0.1836,0.916,309.3,0.003,-0.0851,-0.0766,-0.0851,-0.1645,1513,1860,1868,False
S2::ref=swing/lb=50/fail_within=4/stop=beyond_ext/exit=rr2/side=low/id=ea54203b828e,S2,4454,297.0,0.369,0.014,-0.0947,1.022,95.0,0.0342,0.0292,-0.0238,-0.0238,-0.0899,1566,1464,1424,False
S2::ref=swing/lb=50/fail_within=4/stop=beyond_ext/exit=opp_liq/side=high/id=a290e34ecea2,S2,5197,346.0,0.215,-0.0778,-0.2098,0.903,450.0,-0.0134,-0.1094,-0.0988,-0.1094,-0.5044,1503,1844,1850,False
S2::ref=swing/lb=50/fail_within=4/stop=beyond_ext/exit=opp_liq/side=low/id=6e074c6838bf,S2,4434,296.0,0.265,-0.0061,-0.1189,0.992,188.7,-0.0776,0.012,0.0542,-0.0776,-0.3747,1563,1456,1415,False
S2::ref=swing/lb=50/fail_within=4/stop=beyond_ext/exit=time/side=high/id=bd918f6a9c20,S2,5197,346.0,0.239,-0.0931,-0.2245,0.879,504.1,-0.0922,-0.0548,-0.1319,-0.1319,-0.5046,1502,1845,1850,False
S2::ref=swing/lb=50/fail_within=4/stop=beyond_ext/exit=time/side=low/id=9b06bc1d4c3b,S2,4433,295.0,0.292,0.0377,-0.0742,1.054,106.8,-0.0128,0.0361,0.0952,-0.0128,-0.3713,1562,1456,1415,False
S2::ref=swing/lb=50/fail_within=4/stop=atr/exit=rr2/side=high/id=94147f291155,S2,4819,321.0,0.346,-0.0402,-0.1138,0.938,221.7,-0.0068,-0.0482,-0.0604,-0.0604,-0.147,1430,1701,1688,False
S2::ref=swing/lb=50/fail_within=4/stop=atr/exit=rr2/side=low/id=306df06f195a,S2,4226,282.0,0.371,0.0179,-0.053,1.029,88.2,-0.0102,0.0705,-0.0051,-0.0102,-0.086,1514,1387,1325,False
S2::ref=swing/lb=50/fail_within=4/stop=atr/exit=opp_liq/side=high/id=94633d69a5fe,S2,4798,320.0,0.274,-0.0405,-0.1141,0.944,233.8,-0.0046,-0.0224,-0.089,-0.089,-0.3198,1423,1692,1683,False
S2::ref=swing/lb=50/fail_within=4/stop=atr/exit=opp_liq/side=low/id=9e73b902cc55,S2,4223,281.0,0.309,0.0077,-0.0632,1.011,145.2,-0.0626,0.0697,0.0234,-0.0626,-0.2346,1514,1384,1325,False
S2::ref=swing/lb=50/fail_within=4/stop=atr/exit=time/side=high/id=6e1efdd6ca48,S2,4844,323.0,0.309,-0.0373,-0.1111,0.944,206.6,-0.0163,-0.0076,-0.0848,-0.0848,-0.3321,1436,1709,1699,False
S2::ref=swing/lb=50/fail_within=4/stop=atr/exit=time/side=low/id=a673561038d5,S2,4242,283.0,0.337,0.0352,-0.0359,1.055,114.8,-0.0141,0.0759,0.0489,-0.0141,-0.2738,1516,1389,1337,False
S2::ref=session/lb=20/fail_within=2/stop=beyond_ext/exit=rr2/side=high/id=0dd34a182171,S2,10284,685.0,0.343,-0.0365,-0.1895,0.946,444.8,-0.0004,-0.0528,-0.0544,-0.0544,-0.1432,3314,3508,3462,False
S2::ref=session/lb=20/fail_within=2/stop=beyond_ext/exit=rr2/side=low/id=17721ee2ff92,S2,9346,623.0,0.349,-0.0251,-0.1691,0.962,318.2,-0.0029,-0.0472,-0.0269,-0.0472,-0.1313,3310,3086,2950,False
S2::ref=session/lb=20/fail_within=2/stop=beyond_ext/exit=opp_liq/side=high/id=16feddc88e65,S2,10279,685.0,0.377,-0.0412,-0.2025,0.935,530.4,-0.0284,-0.0592,-0.0355,-0.0592,-0.3334,3349,3489,3441,False
S2::ref=session/lb=20/fail_within=2/stop=beyond_ext/exit=opp_liq/side=low/id=73c7020f0c95,S2,9493,633.0,0.395,-0.0507,-0.2054,0.918,507.8,-0.046,-0.0811,-0.0238,-0.0811,-0.3136,3360,3164,2969,False
S2::ref=session/lb=20/fail_within=2/stop=beyond_ext/exit=time/side=high/id=f6ad279ea762,S2,10330,689.0,0.23,-0.0123,-0.1734,0.984,418.9,0.0033,0.0126,-0.0524,-0.0524,-0.4934,3373,3488,3469,False
S2::ref=session/lb=20/fail_within=2/stop=beyond_ext/exit=time/side=low/id=79e1cdd08fd6,S2,9539,636.0,0.247,0.0365,-0.1205,1.047,270.9,0.0082,0.0016,0.1047,0.0016,-0.4562,3363,3166,3010,False
S2::ref=session/lb=20/fail_within=2/stop=atr/exit=rr2/side=high/id=1fd8b42b50a5,S2,9060,604.0,0.345,-0.0298,-0.111,0.955,385.9,0.0235,-0.036,-0.0766,-0.0766,-0.1364,3005,3037,3018,False
S2::ref=session/lb=20/fail_within=2/stop=atr/exit=rr2/side=low/id=3f14c5e3f938,S2,8589,572.0,0.361,0.013,-0.0681,1.02,96.9,0.0077,0.0229,0.0088,0.0077,-0.0912,3061,2825,2703,False
S2::ref=session/lb=20/fail_within=2/stop=atr/exit=opp_liq/side=high/id=bc12b5d92aad,S2,9347,623.0,0.462,-0.0531,-0.1357,0.9,531.0,-0.031,-0.049,-0.0797,-0.0797,-0.2143,3125,3137,3085,False
S2::ref=session/lb=20/fail_within=2/stop=atr/exit=opp_liq/side=low/id=fefae03dba7b,S2,8888,592.0,0.483,-0.0285,-0.1109,0.944,279.1,-0.0387,-0.0289,-0.0165,-0.0387,-0.1815,3168,2942,2778,False
S2::ref=session/lb=20/fail_within=2/stop=atr/exit=time/side=high/id=99bddf025452,S2,9415,628.0,0.302,-0.0157,-0.1,0.977,356.8,0.0265,-0.0103,-0.0636,-0.0636,-0.3293,3147,3139,3129,False
S2::ref=session/lb=20/fail_within=2/stop=atr/exit=time/side=low/id=b80f2d954039,S2,8902,593.0,0.312,0.0407,-0.0434,1.06,176.9,0.0178,0.0357,0.0718,0.0178,-0.2909,3160,2938,2804,False
S2::ref=session/lb=20/fail_within=4/stop=beyond_ext/exit=rr2/side=high/id=125e4d3d904e,S2,12038,802.0,0.339,-0.05,-0.1989,0.927,670.6,-0.0058,-0.0656,-0.0773,-0.0773,-0.1573,3930,4094,4014,False
S2::ref=session/lb=20/fail_within=4/stop=beyond_ext/exit=rr2/side=low/id=d8a2567bd1b0,S2,10966,731.0,0.352,-0.0204,-0.1618,0.969,337.6,-0.0142,-0.0237,-0.0241,-0.0241,-0.1264,3922,3604,3440,False
S2::ref=session/lb=20/fail_within=4/stop=beyond_ext/exit=opp_liq/side=high/id=48f67a399824,S2,12104,807.0,0.381,-0.0621,-0.2221,0.902,821.8,-0.0526,-0.0478,-0.0864,-0.0864,-0.3453,3996,4102,4006,False
S2::ref=session/lb=20/fail_within=4/stop=beyond_ext/exit=opp_liq/side=low/id=58ee8d588544,S2,11223,748.0,0.403,-0.0493,-0.2003,0.919,602.0,-0.0576,-0.068,-0.0196,-0.068,-0.3103,4019,3723,3481,False
S2::ref=session/lb=20/fail_within=4/stop=beyond_ext/exit=time/side=high/id=02d0d270bf5e,S2,12047,803.0,0.229,-0.0255,-0.1834,0.968,525.0,-0.0097,0.0155,-0.0829,-0.0829,-0.5003,3990,4055,4002,False
S2::ref=session/lb=20/fail_within=4/stop=beyond_ext/exit=time/side=low/id=dc27f0d5f990,S2,11205,747.0,0.251,0.0518,-0.1025,1.068,317.2,0.0265,0.0188,0.1153,0.0188,-0.4437,4007,3686,3512,False
S2::ref=session/lb=20/fail_within=4/stop=atr/exit=rr2/side=high/id=b4c38f9f22a5,S2,10502,700.0,0.346,-0.0297,-0.1104,0.955,400.5,0.015,-0.0403,-0.0648,-0.0648,-0.1362,3538,3527,3437,False
S2::ref=session/lb=20/fail_within=4/stop=atr/exit=rr2/side=low/id=5568dffc9bb4,S2,10028,668.0,0.359,0.005,-0.0756,1.008,116.1,0.0026,0.0255,-0.0138,-0.0138,-0.0997,3641,3278,3109,False
S2::ref=session/lb=20/fail_within=4/stop=atr/exit=opp_liq/side=high/id=cdbe0bd84ec5,S2,10956,730.0,0.465,-0.056,-0.1382,0.894,646.9,-0.0412,-0.0526,-0.0748,-0.0748,-0.216,3708,3681,3567,False
S2::ref=session/lb=20/fail_within=4/stop=atr/exit=opp_liq/side=low/id=0027fb679c27,S2,10498,700.0,0.486,-0.0327,-0.1148,0.935,353.7,-0.041,-0.0258,-0.0304,-0.041,-0.1841,3801,3451,3246,False
S2::ref=session/lb=20/fail_within=4/stop=atr/exit=time/side=high/id=f99963bb6873,S2,10972,731.0,0.301,-0.0081,-0.0922,0.988,340.1,0.0393,-0.0095,-0.0553,-0.0553,-0.3276,3712,3657,3603,False
S2::ref=session/lb=20/fail_within=4/stop=atr/exit=time/side=low/id=bf0669de3f08,S2,10446,696.0,0.312,0.0364,-0.0478,1.054,162.0,0.0179,0.048,0.0456,0.0179,-0.2925,3764,3420,3262,False
S2::ref=session/lb=50/fail_within=2/stop=beyond_ext/exit=rr2/side=high/id=d7495a8b3533,S2,10284,685.0,0.343,-0.0365,-0.1895,0.946,444.8,-0.0004,-0.0528,-0.0544,-0.0544,-0.1432,3314,3508,3462,False
S2::ref=session/lb=50/fail_within=2/stop=beyond_ext/exit=rr2/side=low/id=264db99292c2,S2,9346,623.0,0.349,-0.0251,-0.1691,0.962,318.2,-0.0029,-0.0472,-0.0269,-0.0472,-0.1313,3310,3086,2950,False
S2::ref=session/lb=50/fail_within=2/stop=beyond_ext/exit=opp_liq/side=high/id=77054ae0bf8c,S2,10279,685.0,0.377,-0.0412,-0.2025,0.935,530.4,-0.0284,-0.0592,-0.0355,-0.0592,-0.3334,3349,3489,3441,False
S2::ref=session/lb=50/fail_within=2/stop=beyond_ext/exit=opp_liq/side=low/id=45ec1f080ba7,S2,9493,633.0,0.395,-0.0507,-0.2054,0.918,507.8,-0.046,-0.0811,-0.0238,-0.0811,-0.3136,3360,3164,2969,False
S2::ref=session/lb=50/fail_within=2/stop=beyond_ext/exit=time/side=high/id=1ce881d1eb18,S2,10330,689.0,0.23,-0.0123,-0.1734,0.984,418.9,0.0033,0.0126,-0.0524,-0.0524,-0.4934,3373,3488,3469,False
S2::ref=session/lb=50/fail_within=2/stop=beyond_ext/exit=time/side=low/id=28900a48f1ad,S2,9539,636.0,0.247,0.0365,-0.1205,1.047,270.9,0.0082,0.0016,0.1047,0.0016,-0.4562,3363,3166,3010,False
S2::ref=session/lb=50/fail_within=2/stop=atr/exit=rr2/side=high/id=8ff52c30a641,S2,9060,604.0,0.345,-0.0298,-0.111,0.955,385.9,0.0235,-0.036,-0.0766,-0.0766,-0.1364,3005,3037,3018,False
S2::ref=session/lb=50/fail_within=2/stop=atr/exit=rr2/side=low/id=2d3321dc9be5,S2,8589,572.0,0.361,0.013,-0.0681,1.02,96.9,0.0077,0.0229,0.0088,0.0077,-0.0912,3061,2825,2703,False
S2::ref=session/lb=50/fail_within=2/stop=atr/exit=opp_liq/side=high/id=1bb68f4fe51c,S2,9347,623.0,0.462,-0.0531,-0.1357,0.9,531.0,-0.031,-0.049,-0.0797,-0.0797,-0.2143,3125,3137,3085,False
S2::ref=session/lb=50/fail_within=2/stop=atr/exit=opp_liq/side=low/id=70ebf0bf86f1,S2,8888,592.0,0.483,-0.0285,-0.1109,0.944,279.1,-0.0387,-0.0289,-0.0165,-0.0387,-0.1815,3168,2942,2778,False
S2::ref=session/lb=50/fail_within=2/stop=atr/exit=time/side=high/id=c5904aeb3caf,S2,9415,628.0,0.302,-0.0157,-0.1,0.977,356.8,0.0265,-0.0103,-0.0636,-0.0636,-0.3293,3147,3139,3129,False
S2::ref=session/lb=50/fail_within=2/stop=atr/exit=time/side=low/id=54590e7de903,S2,8902,593.0,0.312,0.0407,-0.0434,1.06,176.9,0.0178,0.0357,0.0718,0.0178,-0.2909,3160,2938,2804,False
S2::ref=session/lb=50/fail_within=4/stop=beyond_ext/exit=rr2/side=high/id=cbb601d42fec,S2,12038,802.0,0.339,-0.05,-0.1989,0.927,670.6,-0.0058,-0.0656,-0.0773,-0.0773,-0.1573,3930,4094,4014,False
S2::ref=session/lb=50/fail_within=4/stop=beyond_ext/exit=rr2/side=low/id=4c217b5c200e,S2,10966,731.0,0.352,-0.0204,-0.1618,0.969,337.6,-0.0142,-0.0237,-0.0241,-0.0241,-0.1264,3922,3604,3440,False
S2::ref=session/lb=50/fail_within=4/stop=beyond_ext/exit=opp_liq/side=high/id=c31a00bae3d6,S2,12104,807.0,0.381,-0.0621,-0.2221,0.902,821.8,-0.0526,-0.0478,-0.0864,-0.0864,-0.3453,3996,4102,4006,False
S2::ref=session/lb=50/fail_within=4/stop=beyond_ext/exit=opp_liq/side=low/id=818a75d307b9,S2,11223,748.0,0.403,-0.0493,-0.2003,0.919,602.0,-0.0576,-0.068,-0.0196,-0.068,-0.3103,4019,3723,3481,False
S2::ref=session/lb=50/fail_within=4/stop=beyond_ext/exit=time/side=high/id=b40ad4682e4b,S2,12047,803.0,0.229,-0.0255,-0.1834,0.968,525.0,-0.0097,0.0155,-0.0829,-0.0829,-0.5003,3990,4055,4002,False
S2::ref=session/lb=50/fail_within=4/stop=beyond_ext/exit=time/side=low/id=155777aa7fd5,S2,11205,747.0,0.251,0.0518,-0.1025,1.068,317.2,0.0265,0.0188,0.1153,0.0188,-0.4437,4007,3686,3512,False
S2::ref=session/lb=50/fail_within=4/stop=atr/exit=rr2/side=high/id=c122643afd54,S2,10502,700.0,0.346,-0.0297,-0.1104,0.955,400.5,0.015,-0.0403,-0.0648,-0.0648,-0.1362,3538,3527,3437,False
S2::ref=session/lb=50/fail_within=4/stop=atr/exit=rr2/side=low/id=940b81b5ed41,S2,10028,668.0,0.359,0.005,-0.0756,1.008,116.1,0.0026,0.0255,-0.0138,-0.0138,-0.0997,3641,3278,3109,False
S2::ref=session/lb=50/fail_within=4/stop=atr/exit=opp_liq/side=high/id=9c2f713aba58,S2,10956,730.0,0.465,-0.056,-0.1382,0.894,646.9,-0.0412,-0.0526,-0.0748,-0.0748,-0.216,3708,3681,3567,False
S2::ref=session/lb=50/fail_within=4/stop=atr/exit=opp_liq/side=low/id=4c29b3a71c60,S2,10498,700.0,0.486,-0.0327,-0.1148,0.935,353.7,-0.041,-0.0258,-0.0304,-0.041,-0.1841,3801,3451,3246,False
S2::ref=session/lb=50/fail_within=4/stop=atr/exit=time/side=high/id=9db5be61513f,S2,10972,731.0,0.301,-0.0081,-0.0922,0.988,340.1,0.0393,-0.0095,-0.0553,-0.0553,-0.3276,3712,3657,3603,False
S2::ref=session/lb=50/fail_within=4/stop=atr/exit=time/side=low/id=2aba0127705d,S2,10446,696.0,0.312,0.0364,-0.0478,1.054,162.0,0.0179,0.048,0.0456,0.0179,-0.2925,3764,3420,3262,False
S2::ref=pdh_pdl/lb=20/fail_within=2/stop=beyond_ext/exit=rr2/side=high/id=d66ee9649240,S2,2706,180.0,0.372,0.0056,-0.0852,1.009,56.0,0.049,-0.0095,-0.0221,-0.0221,-0.0989,888,935,883,False
S2::ref=pdh_pdl/lb=20/fail_within=2/stop=beyond_ext/exit=rr2/side=low/id=cef4f78a7524,S2,2603,173.0,0.373,-0.0036,-0.0926,0.994,73.7,0.0195,-0.0133,-0.0192,-0.0192,-0.1087,915,879,809,False
S2::ref=pdh_pdl/lb=20/fail_within=2/stop=beyond_ext/exit=opp_liq/side=high/id=b2e8b6b27112,S2,2733,182.0,0.318,-0.0091,-0.1029,0.986,149.3,0.0977,-0.0019,-0.1223,-0.1223,-0.3549,889,945,899,False
S2::ref=pdh_pdl/lb=20/fail_within=2/stop=beyond_ext/exit=opp_liq/side=low/id=c6d7270a23ff,S2,2659,177.0,0.339,-0.0035,-0.0937,0.995,94.6,0.0336,-0.058,0.0128,-0.058,-0.3155,936,888,835,False
S2::ref=pdh_pdl/lb=20/fail_within=2/stop=beyond_ext/exit=time/side=high/id=f7395b8caefd,S2,2799,187.0,0.321,0.0207,-0.0762,1.032,105.5,0.1125,0.0148,-0.0644,-0.0644,-0.3403,910,976,913,False
S2::ref=pdh_pdl/lb=20/fail_within=2/stop=beyond_ext/exit=time/side=low/id=f5984e2303b4,S2,2708,180.0,0.334,0.0816,-0.0107,1.128,59.6,0.1374,0.0701,0.0296,0.0296,-0.2864,967,904,837,False
S2::ref=pdh_pdl/lb=20/fail_within=2/stop=atr/exit=rr2/side=high/id=8205e7935be6,S2,2749,183.0,0.359,0.0014,-0.0736,1.002,94.0,0.0745,-0.0137,-0.0537,-0.0537,-0.1031,882,963,904,False
S2::ref=pdh_pdl/lb=20/fail_within=2/stop=atr/exit=rr2/side=low/id=40a42044131b,S2,2656,177.0,0.361,0.0069,-0.0684,1.011,65.6,-0.0131,0.0579,-0.0237,-0.0237,-0.097,953,872,831,False
S2::ref=pdh_pdl/lb=20/fail_within=2/stop=atr/exit=opp_liq/side=high/id=4e628b13d377,S2,2753,183.0,0.318,-0.0264,-0.1016,0.961,181.3,0.0762,-0.0001,-0.1529,-0.1529,-0.3263,878,963,912,False
S2::ref=pdh_pdl/lb=20/fail_within=2/stop=atr/exit=opp_liq/side=low/id=7d2520719a9d,S2,2660,177.0,0.335,-0.0023,-0.0778,0.997,98.6,-0.0072,-0.011,0.0124,-0.011,-0.2726,950,873,837,False
S2::ref=pdh_pdl/lb=20/fail_within=2/stop=atr/exit=time/side=high/id=fbc13b627bbd,S2,2791,186.0,0.319,-0.0161,-0.0924,0.976,130.9,0.0446,-0.0011,-0.0909,-0.0909,-0.3204,890,981,920,False
S2::ref=pdh_pdl/lb=20/fail_within=2/stop=atr/exit=time/side=low/id=df6f1accc00a,S2,2706,180.0,0.33,0.0599,-0.0166,1.092,70.2,0.0489,0.0913,0.0396,0.0396,-0.2491,977,888,841,False
S2::ref=pdh_pdl/lb=20/fail_within=4/stop=beyond_ext/exit=rr2/side=high/id=0aa593e64297,S2,2739,183.0,0.374,0.0074,-0.0865,1.012,84.6,0.0382,-0.0228,0.0083,-0.0228,-0.0965,898,944,897,False
S2::ref=pdh_pdl/lb=20/fail_within=4/stop=beyond_ext/exit=rr2/side=low/id=907832f8c193,S2,2599,173.0,0.381,0.018,-0.0725,1.03,47.3,-0.0089,0.0365,0.0294,-0.0089,-0.0853,932,852,815,False
S2::ref=pdh_pdl/lb=20/fail_within=4/stop=beyond_ext/exit=opp_liq/side=high/id=64d7483bfe59,S2,2768,184.0,0.322,0.0034,-0.0953,1.005,171.1,0.1853,-0.0502,-0.119,-0.119,-0.3572,897,958,913,False
S2::ref=pdh_pdl/lb=20/fail_within=4/stop=beyond_ext/exit=opp_liq/side=low/id=3c6205de6c7d,S2,2646,176.0,0.345,-0.0021,-0.0944,0.997,91.5,0.0165,-0.0464,0.0225,-0.0464,-0.3064,947,863,836,False
S2::ref=pdh_pdl/lb=20/fail_within=4/stop=beyond_ext/exit=time/side=high/id=a86cdb493470,S2,2840,189.0,0.32,0.0132,-0.0879,1.02,133.1,0.1493,-0.0367,-0.0678,-0.0678,-0.3555,917,991,932,False
S2::ref=pdh_pdl/lb=20/fail_within=4/stop=beyond_ext/exit=time/side=low/id=3645fa1230ab,S2,2716,181.0,0.336,0.0734,-0.0221,1.116,74.6,0.1034,0.0629,0.0494,0.0494,-0.2861,984,886,846,False
S2::ref=pdh_pdl/lb=20/fail_within=4/stop=atr/exit=rr2/side=high/id=af6261f54e40,S2,2795,186.0,0.36,0.0041,-0.0716,1.006,82.7,0.0797,-0.0158,-0.0489,-0.0489,-0.1002,901,977,917,False
S2::ref=pdh_pdl/lb=20/fail_within=4/stop=atr/exit=rr2/side=low/id=959581cbcdb3,S2,2689,179.0,0.361,0.0063,-0.0699,1.01,72.4,0.0132,0.0277,-0.0244,-0.0244,-0.098,967,886,836,False
S2::ref=pdh_pdl/lb=20/fail_within=4/stop=atr/exit=opp_liq/side=high/id=7dce2d7bbb00,S2,2789,186.0,0.318,-0.025,-0.1009,0.963,163.1,0.0675,0.0012,-0.143,-0.143,-0.3265,897,973,919,False
S2::ref=pdh_pdl/lb=20/fail_within=4/stop=atr/exit=opp_liq/side=low/id=ffb287e7a04c,S2,2690,179.0,0.333,-0.0028,-0.0791,0.996,96.4,-0.0009,-0.017,0.01,-0.017,-0.2772,965,883,842,False
S2::ref=pdh_pdl/lb=20/fail_within=4/stop=atr/exit=time/side=high/id=5c58eacbc89f,S2,2833,189.0,0.321,-0.0041,-0.0809,0.994,91.3,0.0342,0.0202,-0.0672,-0.0672,-0.3114,909,990,934,False
S2::ref=pdh_pdl/lb=20/fail_within=4/stop=atr/exit=time/side=low/id=a53441048c3c,S2,2737,182.0,0.331,0.0665,-0.0108,1.103,57.1,0.0572,0.0878,0.0547,0.0547,-0.2454,994,898,845,False
S2::ref=pdh_pdl/lb=50/fail_within=2/stop=beyond_ext/exit=rr2/side=high/id=0a2b8acae3ca,S2,2706,180.0,0.372,0.0056,-0.0852,1.009,56.0,0.049,-0.0095,-0.0221,-0.0221,-0.0989,888,935,883,False
S2::ref=pdh_pdl/lb=50/fail_within=2/stop=beyond_ext/exit=rr2/side=low/id=ed0e57aa037c,S2,2603,173.0,0.373,-0.0036,-0.0926,0.994,73.7,0.0195,-0.0133,-0.0192,-0.0192,-0.1087,915,879,809,False
S2::ref=pdh_pdl/lb=50/fail_within=2/stop=beyond_ext/exit=opp_liq/side=high/id=4bd88881ad5c,S2,2733,182.0,0.318,-0.0091,-0.1029,0.986,149.3,0.0977,-0.0019,-0.1223,-0.1223,-0.3549,889,945,899,False
S2::ref=pdh_pdl/lb=50/fail_within=2/stop=beyond_ext/exit=opp_liq/side=low/id=35b612de056c,S2,2659,177.0,0.339,-0.0035,-0.0937,0.995,94.6,0.0336,-0.058,0.0128,-0.058,-0.3155,936,888,835,False
S2::ref=pdh_pdl/lb=50/fail_within=2/stop=beyond_ext/exit=time/side=high/id=90f5e096c63d,S2,2799,187.0,0.321,0.0207,-0.0762,1.032,105.5,0.1125,0.0148,-0.0644,-0.0644,-0.3403,910,976,913,False
S2::ref=pdh_pdl/lb=50/fail_within=2/stop=beyond_ext/exit=time/side=low/id=6054d6e33a37,S2,2708,180.0,0.334,0.0816,-0.0107,1.128,59.6,0.1374,0.0701,0.0296,0.0296,-0.2864,967,904,837,False
S2::ref=pdh_pdl/lb=50/fail_within=2/stop=atr/exit=rr2/side=high/id=89ff84aa0e19,S2,2749,183.0,0.359,0.0014,-0.0736,1.002,94.0,0.0745,-0.0137,-0.0537,-0.0537,-0.1031,882,963,904,False
S2::ref=pdh_pdl/lb=50/fail_within=2/stop=atr/exit=rr2/side=low/id=5308fb18dc40,S2,2656,177.0,0.361,0.0069,-0.0684,1.011,65.6,-0.0131,0.0579,-0.0237,-0.0237,-0.097,953,872,831,False
S2::ref=pdh_pdl/lb=50/fail_within=2/stop=atr/exit=opp_liq/side=high/id=500a977a5b62,S2,2753,183.0,0.318,-0.0264,-0.1016,0.961,181.3,0.0762,-0.0001,-0.1529,-0.1529,-0.3263,878,963,912,False
S2::ref=pdh_pdl/lb=50/fail_within=2/stop=atr/exit=opp_liq/side=low/id=136fbbbf3bab,S2,2660,177.0,0.335,-0.0023,-0.0778,0.997,98.6,-0.0072,-0.011,0.0124,-0.011,-0.2726,950,873,837,False
S2::ref=pdh_pdl/lb=50/fail_within=2/stop=atr/exit=time/side=high/id=9475f61cd2e8,S2,2791,186.0,0.319,-0.0161,-0.0924,0.976,130.9,0.0446,-0.0011,-0.0909,-0.0909,-0.3204,890,981,920,False
S2::ref=pdh_pdl/lb=50/fail_within=2/stop=atr/exit=time/side=low/id=4564e73c166e,S2,2706,180.0,0.33,0.0599,-0.0166,1.092,70.2,0.0489,0.0913,0.0396,0.0396,-0.2491,977,888,841,False
S2::ref=pdh_pdl/lb=50/fail_within=4/stop=beyond_ext/exit=rr2/side=high/id=ddc144f8c8a6,S2,2739,183.0,0.374,0.0074,-0.0865,1.012,84.6,0.0382,-0.0228,0.0083,-0.0228,-0.0965,898,944,897,False
S2::ref=pdh_pdl/lb=50/fail_within=4/stop=beyond_ext/exit=rr2/side=low/id=abfc7d378256,S2,2599,173.0,0.381,0.018,-0.0725,1.03,47.3,-0.0089,0.0365,0.0294,-0.0089,-0.0853,932,852,815,False
S2::ref=pdh_pdl/lb=50/fail_within=4/stop=beyond_ext/exit=opp_liq/side=high/id=4c0c3fe3998a,S2,2768,184.0,0.322,0.0034,-0.0953,1.005,171.1,0.1853,-0.0502,-0.119,-0.119,-0.3572,897,958,913,False
S2::ref=pdh_pdl/lb=50/fail_within=4/stop=beyond_ext/exit=opp_liq/side=low/id=b3b39aceb972,S2,2646,176.0,0.345,-0.0021,-0.0944,0.997,91.5,0.0165,-0.0464,0.0225,-0.0464,-0.3064,947,863,836,False
S2::ref=pdh_pdl/lb=50/fail_within=4/stop=beyond_ext/exit=time/side=high/id=6e5e45f0018e,S2,2840,189.0,0.32,0.0132,-0.0879,1.02,133.1,0.1493,-0.0367,-0.0678,-0.0678,-0.3555,917,991,932,False
S2::ref=pdh_pdl/lb=50/fail_within=4/stop=beyond_ext/exit=time/side=low/id=428bf7ef6735,S2,2716,181.0,0.336,0.0734,-0.0221,1.116,74.6,0.1034,0.0629,0.0494,0.0494,-0.2861,984,886,846,False
S2::ref=pdh_pdl/lb=50/fail_within=4/stop=atr/exit=rr2/side=high/id=e2dffbf8c800,S2,2795,186.0,0.36,0.0041,-0.0716,1.006,82.7,0.0797,-0.0158,-0.0489,-0.0489,-0.1002,901,977,917,False
S2::ref=pdh_pdl/lb=50/fail_within=4/stop=atr/exit=rr2/side=low/id=97ad21c3d9b8,S2,2689,179.0,0.361,0.0063,-0.0699,1.01,72.4,0.0132,0.0277,-0.0244,-0.0244,-0.098,967,886,836,False
S2::ref=pdh_pdl/lb=50/fail_within=4/stop=atr/exit=opp_liq/side=high/id=a3506630abdc,S2,2789,186.0,0.318,-0.025,-0.1009,0.963,163.1,0.0675,0.0012,-0.143,-0.143,-0.3265,897,973,919,False
S2::ref=pdh_pdl/lb=50/fail_within=4/stop=atr/exit=opp_liq/side=low/id=2ca2380a8cfd,S2,2690,179.0,0.333,-0.0028,-0.0791,0.996,96.4,-0.0009,-0.017,0.01,-0.017,-0.2772,965,883,842,False
S2::ref=pdh_pdl/lb=50/fail_within=4/stop=atr/exit=time/side=high/id=93d6027e0a42,S2,2833,189.0,0.321,-0.0041,-0.0809,0.994,91.3,0.0342,0.0202,-0.0672,-0.0672,-0.3114,909,990,934,False
S2::ref=pdh_pdl/lb=50/fail_within=4/stop=atr/exit=time/side=low/id=92481423c6b8,S2,2737,182.0,0.331,0.0665,-0.0108,1.103,57.1,0.0572,0.0878,0.0547,0.0547,-0.2454,994,898,845,False
S3::ref=swing/lb=20/retest_within=4/stop=beyond_level/exit=rr2/side=up/id=7aafa506c507,S3,12092,806.0,0.56,0.1352,-0.237,1.263,43.5,0.1015,0.1038,0.195,0.1015,0.0384,3695,4142,4255,False
S3::ref=swing/lb=20/retest_within=4/stop=beyond_level/exit=rr2/side=down/id=37a51a4fd454,S3,10725,715.0,0.572,0.1537,-0.2161,1.307,35.7,0.1153,0.1337,0.2154,0.1153,0.058,3734,3519,3472,False
S3::ref=swing/lb=20/retest_within=4/stop=beyond_level/exit=rr3/side=up/id=c240722ca69c,S3,11705,780.0,0.537,0.1856,-0.1884,1.344,31.1,0.1543,0.1537,0.2444,0.1537,0.0392,3611,4003,4091,False
S3::ref=swing/lb=20/retest_within=4/stop=beyond_level/exit=rr3/side=down/id=47df11855291,S3,10472,698.0,0.551,0.2063,-0.1656,1.394,28.6,0.1728,0.1858,0.2637,0.1728,0.0612,3667,3437,3368,False
S3::ref=swing/lb=20/retest_within=4/stop=beyond_level/exit=trailing/side=up/id=d280297b28ac,S3,11980,798.0,0.515,0.2387,-0.2185,1.457,46.4,0.1941,0.216,0.3007,0.1941,-0.1203,3697,4112,4171,False
S3::ref=swing/lb=20/retest_within=4/stop=beyond_level/exit=trailing/side=down/id=52e41a3b3ca4,S3,10806,720.0,0.533,0.2603,-0.1885,1.518,36.6,0.2895,0.182,0.3093,0.182,-0.0795,3780,3569,3457,False
S3::ref=swing/lb=20/retest_within=4/stop=atr/exit=rr2/side=up/id=cb2c27f2f51b,S3,8218,548.0,0.348,-0.0185,-0.1007,0.972,317.1,-0.0919,0.0002,0.033,-0.0919,-0.1243,2655,2800,2763,False
S3::ref=swing/lb=20/retest_within=4/stop=atr/exit=rr2/side=down/id=f869192c0bb7,S3,7710,514.0,0.333,-0.0535,-0.1358,0.92,461.1,-0.056,-0.0528,-0.0514,-0.056,-0.1614,2813,2526,2371,False
S3::ref=swing/lb=20/retest_within=4/stop=atr/exit=rr3/side=up/id=cccf6cb80f6f,S3,7242,483.0,0.288,-0.0044,-0.0869,0.994,296.4,-0.1058,0.0145,0.0762,-0.1058,-0.1622,2374,2464,2404,False
S3::ref=swing/lb=20/retest_within=4/stop=atr/exit=rr3/side=down/id=04daa102ad9a,S3,6845,456.0,0.273,-0.0501,-0.1328,0.931,482.4,-0.0562,-0.0683,-0.0235,-0.0683,-0.2101,2511,2232,2102,False
S3::ref=swing/lb=20/retest_within=4/stop=atr/exit=trailing/side=up/id=9eb6032384d1,S3,10098,673.0,0.317,-0.1872,-0.2708,0.525,1897.1,-0.2041,-0.1913,-0.1671,-0.2041,-0.2968,3217,3456,3425,False
S3::ref=swing/lb=20/retest_within=4/stop=atr/exit=trailing/side=down/id=65aba44041cd,S3,9478,632.0,0.31,-0.1955,-0.2785,0.501,1855.2,-0.1968,-0.2032,-0.1858,-0.2032,-0.3042,3419,3092,2967,False
S3::ref=swing/lb=20/retest_within=8/stop=beyond_level/exit=rr2/side=up/id=e28762b9e858,S3,13112,874.0,0.556,0.1264,-0.2493,1.243,50.7,0.1011,0.0965,0.1783,0.0965,0.0291,4057,4491,4564,False
S3::ref=swing/lb=20/retest_within=8/stop=beyond_level/exit=rr2/side=down/id=981374849da6,S3,11658,777.0,0.566,0.1448,-0.2263,1.285,39.6,0.1122,0.1169,0.2085,0.1122,0.0487,4089,3812,3757,False
S3::ref=swing/lb=20/retest_within=8/stop=beyond_level/exit=rr3/side=up/id=069624599069,S3,12680,845.0,0.532,0.1773,-0.1996,1.325,31.9,0.153,0.1474,0.2289,0.1474,0.0305,3963,4335,4382,False
S3::ref=swing/lb=20/retest_within=8/stop=beyond_level/exit=rr3/side=down/id=dc9404c81aeb,S3,11373,758.0,0.544,0.1969,-0.1768,1.37,31.5,0.167,0.1716,0.2559,0.167,0.0513,4013,3722,3638,False
S3::ref=swing/lb=20/retest_within=8/stop=beyond_level/exit=trailing/side=up/id=447dacbf6e4e,S3,13022,868.0,0.508,0.2295,-0.2304,1.433,52.2,0.1845,0.2195,0.2804,0.1845,-0.1359,4076,4466,4480,False
S3::ref=swing/lb=20/retest_within=8/stop=beyond_level/exit=trailing/side=down/id=32f8c8c2ac9d,S3,11767,784.0,0.525,0.2579,-0.1935,1.505,41.1,0.3108,0.1693,0.2908,0.1693,-0.0949,4154,3868,3745,False
S3::ref=swing/lb=20/retest_within=8/stop=atr/exit=rr2/side=up/id=89ff6845a26d,S3,8776,585.0,0.347,-0.0198,-0.1018,0.97,340.4,-0.0879,-0.0016,0.0284,-0.0879,-0.1257,2865,2986,2925,False
S3::ref=swing/lb=20/retest_within=8/stop=atr/exit=rr2/side=down/id=bbf65f4615d6,S3,8237,549.0,0.333,-0.0538,-0.1355,0.919,492.1,-0.0527,-0.0617,-0.0465,-0.0617,-0.1615,3044,2684,2509,False
S3::ref=swing/lb=20/retest_within=8/stop=atr/exit=rr3/side=up/id=389c45ef02b4,S3,7675,512.0,0.288,-0.0035,-0.0857,0.995,314.5,-0.1045,0.0155,0.0785,-0.1045,-0.1608,2540,2604,2531,False
S3::ref=swing/lb=20/retest_within=8/stop=atr/exit=rr3/side=down/id=90578286dc0c,S3,7278,485.0,0.275,-0.0432,-0.1254,0.94,475.7,-0.0394,-0.0713,-0.0181,-0.0713,-0.2026,2702,2361,2215,False
S3::ref=swing/lb=20/retest_within=8/stop=atr/exit=trailing/side=up/id=3afb2c14e707,S3,10914,727.0,0.318,-0.1836,-0.2668,0.532,2007.2,-0.1981,-0.1901,-0.163,-0.1981,-0.2939,3507,3739,3668,False
S3::ref=swing/lb=20/retest_within=8/stop=atr/exit=trailing/side=down/id=9d61e12d2632,S3,10224,681.0,0.311,-0.1941,-0.2767,0.502,1987.3,-0.1941,-0.2028,-0.1851,-0.2028,-0.3022,3720,3320,3184,False
S3::ref=swing/lb=50/retest_within=4/stop=beyond_level/exit=rr2/side=up/id=752d4846cd29,S3,7219,481.0,0.566,0.1602,-0.1878,1.32,30.7,0.1609,0.1139,0.2047,0.1139,0.0647,2047,2546,2626,False
S3::ref=swing/lb=50/retest_within=4/stop=beyond_level/exit=rr2/side=down/id=80b4d5deb350,S3,5973,398.0,0.581,0.1911,-0.1618,1.397,22.1,0.1584,0.182,0.2354,0.1584,0.0973,2095,1936,1942,False
S3::ref=swing/lb=50/retest_within=4/stop=beyond_level/exit=rr3/side=up/id=677a0f1fee9e,S3,6964,464.0,0.545,0.2173,-0.1281,1.416,28.2,0.2249,0.1624,0.2649,0.1624,0.0724,1992,2458,2514,False
S3::ref=swing/lb=50/retest_within=4/stop=beyond_level/exit=rr3/side=down/id=4fb5dffe9fdd,S3,5844,390.0,0.56,0.2448,-0.1044,1.485,23.3,0.2147,0.2259,0.2961,0.2147,0.1012,2060,1885,1899,False
S3::ref=swing/lb=50/retest_within=4/stop=beyond_level/exit=trailing/side=up/id=b1d55bfa3ab6,S3,7134,475.0,0.521,0.2433,-0.1785,1.478,49.3,0.2395,0.2249,0.2645,0.2249,-0.0947,2043,2522,2569,False
S3::ref=swing/lb=50/retest_within=4/stop=beyond_level/exit=trailing/side=down/id=d58047456c51,S3,5991,399.0,0.538,0.2784,-0.1381,1.57,38.7,0.2982,0.2295,0.3063,0.2295,-0.0566,2117,1954,1920,False
S3::ref=swing/lb=50/retest_within=4/stop=atr/exit=rr2/side=up/id=c17eea76258b,S3,5001,333.0,0.368,0.0335,-0.0398,1.053,49.6,0.0035,0.0415,0.0519,0.0035,-0.0698,1529,1745,1727,False
S3::ref=swing/lb=50/retest_within=4/stop=atr/exit=rr2/side=down/id=2958b312e6b0,S3,4442,296.0,0.336,-0.0506,-0.1224,0.923,300.4,-0.0153,-0.1095,-0.0305,-0.1095,-0.1587,1634,1445,1363,False
S3::ref=swing/lb=50/retest_within=4/stop=atr/exit=rr3/side=up/id=91755ea131e6,S3,4394,293.0,0.309,0.0393,-0.034,1.057,101.7,-0.0334,0.0407,0.1031,-0.0334,-0.1157,1354,1527,1513,False
S3::ref=swing/lb=50/retest_within=4/stop=atr/exit=rr3/side=down/id=2eaf3a169c76,S3,3960,264.0,0.278,-0.054,-0.1266,0.924,316.2,-0.0178,-0.1244,-0.0219,-0.1244,-0.2144,1457,1300,1203,False
S3::ref=swing/lb=50/retest_within=4/stop=atr/exit=trailing/side=up/id=ff14230f95da,S3,6040,403.0,0.322,-0.1756,-0.2493,0.547,1071.3,-0.1819,-0.1719,-0.1738,-0.1819,-0.2847,1807,2112,2121,False
S3::ref=swing/lb=50/retest_within=4/stop=atr/exit=trailing/side=down/id=665976034f3e,S3,5282,352.0,0.305,-0.199,-0.2712,0.496,1052.7,-0.1886,-0.222,-0.1869,-0.222,-0.3077,1932,1721,1629,False
S3::ref=swing/lb=50/retest_within=8/stop=beyond_level/exit=rr2/side=up/id=446079c58299,S3,7816,521.0,0.56,0.15,-0.2038,1.296,34.5,0.1503,0.1025,0.1961,0.1025,0.0539,2258,2745,2813,False
S3::ref=swing/lb=50/retest_within=8/stop=beyond_level/exit=rr2/side=down/id=99fb1e6ae73f,S3,6516,434.0,0.574,0.1784,-0.1786,1.364,23.9,0.1562,0.154,0.2274,0.154,0.084,2306,2112,2098,False
S3::ref=swing/lb=50/retest_within=8/stop=beyond_level/exit=rr3/side=up/id=122d24309446,S3,7532,502.0,0.538,0.2033,-0.1477,1.383,31.3,0.2014,0.1508,0.2563,0.1508,0.0577,2196,2645,2691,False
S3::ref=swing/lb=50/retest_within=8/stop=beyond_level/exit=rr3/side=down/id=e06421b7d2eb,S3,6367,424.0,0.552,0.2333,-0.1189,1.454,23.5,0.2139,0.206,0.2819,0.206,0.0892,2262,2056,2049,False
S3::ref=swing/lb=50/retest_within=8/stop=beyond_level/exit=trailing/side=up/id=ed0b92d45f8b,S3,7736,516.0,0.513,0.2267,-0.1985,1.438,47.1,0.1963,0.2178,0.2607,0.1963,-0.1124,2259,2729,2748,False
S3::ref=swing/lb=50/retest_within=8/stop=beyond_level/exit=trailing/side=down/id=1bb54f0c4fc3,S3,6543,436.0,0.529,0.29,-0.1323,1.581,40.9,0.3501,0.2196,0.2948,0.2196,-0.0735,2338,2133,2072,False
S3::ref=swing/lb=50/retest_within=8/stop=atr/exit=rr2/side=up/id=884bcb0e0e3a,S3,5347,356.0,0.367,0.0303,-0.043,1.048,49.9,-0.0038,0.036,0.0557,-0.0038,-0.073,1663,1853,1831,False
S3::ref=swing/lb=50/retest_within=8/stop=atr/exit=rr2/side=down/id=f8c0432525f7,S3,4782,319.0,0.336,-0.0515,-0.1233,0.922,331.8,-0.0138,-0.1099,-0.0353,-0.1099,-0.1595,1790,1554,1438,False
S3::ref=swing/lb=50/retest_within=8/stop=atr/exit=rr3/side=up/id=6e148815498c,S3,4664,311.0,0.309,0.0426,-0.0307,1.062,115.9,-0.031,0.0444,0.1081,-0.031,-0.1126,1460,1610,1594,False
S3::ref=swing/lb=50/retest_within=8/stop=atr/exit=rr3/side=down/id=34abb347fc92,S3,4238,282.0,0.28,-0.0518,-0.1243,0.927,351.7,-0.0065,-0.1284,-0.0241,-0.1284,-0.2113,1583,1391,1264,False
S3::ref=swing/lb=50/retest_within=8/stop=atr/exit=trailing/side=up/id=2d52e5c32e31,S3,6535,436.0,0.324,-0.1716,-0.2453,0.555,1129.0,-0.1782,-0.1732,-0.1643,-0.1782,-0.2819,1984,2276,2275,False
S3::ref=swing/lb=50/retest_within=8/stop=atr/exit=trailing/side=down/id=23ef3d769e6e,S3,5728,382.0,0.308,-0.1947,-0.2668,0.505,1116.6,-0.185,-0.214,-0.1857,-0.214,-0.3038,2123,1865,1740,False
S3::ref=session/lb=20/retest_within=4/stop=beyond_level/exit=rr2/side=up/id=865765ee76e8,S3,17833,1189.0,0.559,0.1295,-0.2514,1.249,42.2,0.0981,0.0991,0.1902,0.0981,0.0324,5852,5966,6015,False
S3::ref=session/lb=20/retest_within=4/stop=beyond_level/exit=rr2/side=down/id=d0fa8864084f,S3,16584,1105.0,0.566,0.1401,-0.2343,1.274,41.4,0.1083,0.1155,0.2007,0.1083,0.0436,5836,5465,5283,False
S3::ref=session/lb=20/retest_within=4/stop=beyond_level/exit=rr3/side=up/id=654c31644db7,S3,17165,1144.0,0.536,0.1833,-0.1937,1.337,36.9,0.1545,0.1443,0.2508,0.1443,0.0368,5693,5730,5742,False
S3::ref=session/lb=20/retest_within=4/stop=beyond_level/exit=rr3/side=down/id=9973439fa00f,S3,16075,1071.0,0.544,0.1916,-0.1834,1.358,37.1,0.172,0.1582,0.248,0.1582,0.0457,5695,5284,5096,False
S3::ref=session/lb=20/retest_within=4/stop=beyond_level/exit=trailing/side=up/id=b5823db66724,S3,17606,1173.0,0.515,0.2311,-0.2386,1.436,62.8,0.233,0.1642,0.297,0.1642,-0.1284,5842,5928,5836,False
S3::ref=session/lb=20/retest_within=4/stop=beyond_level/exit=trailing/side=down/id=1beb07a3927a,S3,16606,1107.0,0.523,0.2385,-0.2094,1.462,40.3,0.2457,0.1694,0.3024,0.1694,-0.1059,5851,5483,5272,False
S3::ref=session/lb=20/retest_within=4/stop=atr/exit=rr2/side=up/id=907a32c350fa,S3,11033,735.0,0.348,-0.0154,-0.0969,0.976,337.0,-0.064,-0.0133,0.034,-0.064,-0.121,3769,3710,3554,False
S3::ref=session/lb=20/retest_within=4/stop=atr/exit=rr2/side=down/id=af50ac123d84,S3,10714,714.0,0.336,-0.0465,-0.128,0.93,557.5,-0.033,-0.0569,-0.0516,-0.0569,-0.154,3928,3474,3312,False
S3::ref=session/lb=20/retest_within=4/stop=atr/exit=rr3/side=up/id=f8cc9fbbcc55,S3,9500,633.0,0.289,-0.0126,-0.0937,0.982,324.9,-0.0744,-0.006,0.0474,-0.0744,-0.1708,3284,3185,3031,False
S3::ref=session/lb=20/retest_within=4/stop=atr/exit=rr3/side=down/id=a6d9ef15a2ef,S3,9304,620.0,0.277,-0.0433,-0.1248,0.94,528.1,-0.0285,-0.054,-0.0495,-0.054,-0.2034,3407,3019,2878,False
S3::ref=session/lb=20/retest_within=4/stop=atr/exit=trailing/side=up/id=6d0c128333d7,S3,14296,953.0,0.327,-0.175,-0.2589,0.552,2505.7,-0.1869,-0.1814,-0.1558,-0.1869,-0.2862,4865,4812,4619,False
S3::ref=session/lb=20/retest_within=4/stop=atr/exit=trailing/side=down/id=70b2b16551c6,S3,14009,934.0,0.314,-0.1907,-0.2744,0.516,2673.9,-0.1851,-0.1903,-0.1978,-0.1978,-0.3019,5060,4574,4375,False
S3::ref=session/lb=20/retest_within=8/stop=beyond_level/exit=rr2/side=up/id=c539f7b03b7e,S3,19253,1283.0,0.552,0.1151,-0.267,1.218,58.0,0.0903,0.0845,0.1703,0.0845,0.0173,6379,6438,6436,False
S3::ref=session/lb=20/retest_within=8/stop=beyond_level/exit=rr2/side=down/id=3454b42d749f,S3,17995,1199.0,0.562,0.1372,-0.2378,1.267,43.9,0.1142,0.1075,0.1938,0.1075,0.0406,6372,5929,5694,False
S3::ref=session/lb=20/retest_within=8/stop=beyond_level/exit=rr3/side=up/id=0154feb6064e,S3,18513,1234.0,0.528,0.1691,-0.2094,1.306,38.9,0.1453,0.1331,0.2292,0.1331,0.0219,6191,6176,6146,False
S3::ref=session/lb=20/retest_within=8/stop=beyond_level/exit=rr3/side=down/id=ebda3ea9e04b,S3,17410,1160.0,0.54,0.1899,-0.1862,1.352,35.3,0.1788,0.1555,0.2383,0.1555,0.0439,6212,5721,5477,False
S3::ref=session/lb=20/retest_within=8/stop=beyond_level/exit=trailing/side=up/id=1106d11bed76,S3,19053,1270.0,0.506,0.2206,-0.2537,1.409,63.2,0.2279,0.1629,0.2723,0.1629,-0.1475,6373,6410,6270,False
S3::ref=session/lb=20/retest_within=8/stop=beyond_level/exit=trailing/side=down/id=8143ebd9e75c,S3,18037,1202.0,0.517,0.2407,-0.2086,1.461,55.0,0.259,0.1681,0.296,0.1681,-0.1162,6410,5947,5680,False
S3::ref=session/lb=20/retest_within=8/stop=atr/exit=rr2/side=up/id=a23c677f73dc,S3,11661,777.0,0.348,-0.0171,-0.0984,0.974,367.6,-0.0682,-0.008,0.0282,-0.0682,-0.1229,4010,3909,3742,False
S3::ref=session/lb=20/retest_within=8/stop=atr/exit=rr2/side=down/id=bfd03f2e314e,S3,11330,755.0,0.336,-0.0462,-0.1272,0.931,587.7,-0.0356,-0.0555,-0.0491,-0.0555,-0.1537,4190,3677,3463,False
S3::ref=session/lb=20/retest_within=8/stop=atr/exit=rr3/side=up/id=24fa16426857,S3,9956,664.0,0.29,-0.0087,-0.0897,0.988,338.1,-0.0738,0.0052,0.0479,-0.0738,-0.1664,3463,3333,3160,False
S3::ref=session/lb=20/retest_within=8/stop=atr/exit=rr3/side=down/id=827717197973,S3,9762,651.0,0.278,-0.0408,-0.122,0.943,540.6,-0.0244,-0.0512,-0.0497,-0.0512,-0.2008,3608,3167,2987,False
S3::ref=session/lb=20/retest_within=8/stop=atr/exit=trailing/side=up/id=38192f25acec,S3,15352,1023.0,0.328,-0.1732,-0.2568,0.555,2661.0,-0.1838,-0.1792,-0.1557,-0.1838,-0.2845,5250,5159,4943,False
S3::ref=session/lb=20/retest_within=8/stop=atr/exit=trailing/side=down/id=fcf8ca2a955a,S3,15052,1003.0,0.315,-0.1892,-0.2725,0.517,2850.0,-0.1864,-0.187,-0.1948,-0.1948,-0.2994,5483,4909,4660,False
S3::ref=session/lb=50/retest_within=4/stop=beyond_level/exit=rr2/side=up/id=7f678272029d,S3,17833,1189.0,0.559,0.1295,-0.2514,1.249,42.2,0.0981,0.0991,0.1902,0.0981,0.0324,5852,5966,6015,False
S3::ref=session/lb=50/retest_within=4/stop=beyond_level/exit=rr2/side=down/id=78f1e365948f,S3,16584,1105.0,0.566,0.1401,-0.2343,1.274,41.4,0.1083,0.1155,0.2007,0.1083,0.0436,5836,5465,5283,False
S3::ref=session/lb=50/retest_within=4/stop=beyond_level/exit=rr3/side=up/id=75fa4be8b53f,S3,17165,1144.0,0.536,0.1833,-0.1937,1.337,36.9,0.1545,0.1443,0.2508,0.1443,0.0368,5693,5730,5742,False
S3::ref=session/lb=50/retest_within=4/stop=beyond_level/exit=rr3/side=down/id=ba06c98b6c83,S3,16075,1071.0,0.544,0.1916,-0.1834,1.358,37.1,0.172,0.1582,0.248,0.1582,0.0457,5695,5284,5096,False
S3::ref=session/lb=50/retest_within=4/stop=beyond_level/exit=trailing/side=up/id=311c2066c32b,S3,17606,1173.0,0.515,0.2311,-0.2386,1.436,62.8,0.233,0.1642,0.297,0.1642,-0.1284,5842,5928,5836,False
S3::ref=session/lb=50/retest_within=4/stop=beyond_level/exit=trailing/side=down/id=95d41bb2b81f,S3,16606,1107.0,0.523,0.2385,-0.2094,1.462,40.3,0.2457,0.1694,0.3024,0.1694,-0.1059,5851,5483,5272,False
S3::ref=session/lb=50/retest_within=4/stop=atr/exit=rr2/side=up/id=793db56e0e37,S3,11033,735.0,0.348,-0.0154,-0.0969,0.976,337.0,-0.064,-0.0133,0.034,-0.064,-0.121,3769,3710,3554,False
S3::ref=session/lb=50/retest_within=4/stop=atr/exit=rr2/side=down/id=0bce82d5f274,S3,10714,714.0,0.336,-0.0465,-0.128,0.93,557.5,-0.033,-0.0569,-0.0516,-0.0569,-0.154,3928,3474,3312,False
S3::ref=session/lb=50/retest_within=4/stop=atr/exit=rr3/side=up/id=fd11f961f25d,S3,9500,633.0,0.289,-0.0126,-0.0937,0.982,324.9,-0.0744,-0.006,0.0474,-0.0744,-0.1708,3284,3185,3031,False
S3::ref=session/lb=50/retest_within=4/stop=atr/exit=rr3/side=down/id=3ffae646c65f,S3,9304,620.0,0.277,-0.0433,-0.1248,0.94,528.1,-0.0285,-0.054,-0.0495,-0.054,-0.2034,3407,3019,2878,False
S3::ref=session/lb=50/retest_within=4/stop=atr/exit=trailing/side=up/id=78ce78d6057c,S3,14296,953.0,0.327,-0.175,-0.2589,0.552,2505.7,-0.1869,-0.1814,-0.1558,-0.1869,-0.2862,4865,4812,4619,False
S3::ref=session/lb=50/retest_within=4/stop=atr/exit=trailing/side=down/id=84798488f838,S3,14009,934.0,0.314,-0.1907,-0.2744,0.516,2673.9,-0.1851,-0.1903,-0.1978,-0.1978,-0.3019,5060,4574,4375,False
S3::ref=session/lb=50/retest_within=8/stop=beyond_level/exit=rr2/side=up/id=fb2b2d3da042,S3,19253,1283.0,0.552,0.1151,-0.267,1.218,58.0,0.0903,0.0845,0.1703,0.0845,0.0173,6379,6438,6436,False
S3::ref=session/lb=50/retest_within=8/stop=beyond_level/exit=rr2/side=down/id=815187921b53,S3,17995,1199.0,0.562,0.1372,-0.2378,1.267,43.9,0.1142,0.1075,0.1938,0.1075,0.0406,6372,5929,5694,False
S3::ref=session/lb=50/retest_within=8/stop=beyond_level/exit=rr3/side=up/id=4941cb540e1e,S3,18513,1234.0,0.528,0.1691,-0.2094,1.306,38.9,0.1453,0.1331,0.2292,0.1331,0.0219,6191,6176,6146,False
S3::ref=session/lb=50/retest_within=8/stop=beyond_level/exit=rr3/side=down/id=dbed1ac525b2,S3,17410,1160.0,0.54,0.1899,-0.1862,1.352,35.3,0.1788,0.1555,0.2383,0.1555,0.0439,6212,5721,5477,False
S3::ref=session/lb=50/retest_within=8/stop=beyond_level/exit=trailing/side=up/id=adb3cea13931,S3,19053,1270.0,0.506,0.2206,-0.2537,1.409,63.2,0.2279,0.1629,0.2723,0.1629,-0.1475,6373,6410,6270,False
S3::ref=session/lb=50/retest_within=8/stop=beyond_level/exit=trailing/side=down/id=94fc1b7ce858,S3,18037,1202.0,0.517,0.2407,-0.2086,1.461,55.0,0.259,0.1681,0.296,0.1681,-0.1162,6410,5947,5680,False
S3::ref=session/lb=50/retest_within=8/stop=atr/exit=rr2/side=up/id=48b47f3b97b4,S3,11661,777.0,0.348,-0.0171,-0.0984,0.974,367.6,-0.0682,-0.008,0.0282,-0.0682,-0.1229,4010,3909,3742,False
S3::ref=session/lb=50/retest_within=8/stop=atr/exit=rr2/side=down/id=fa60f190bb12,S3,11330,755.0,0.336,-0.0462,-0.1272,0.931,587.7,-0.0356,-0.0555,-0.0491,-0.0555,-0.1537,4190,3677,3463,False
S3::ref=session/lb=50/retest_within=8/stop=atr/exit=rr3/side=up/id=b539401c3801,S3,9956,664.0,0.29,-0.0087,-0.0897,0.988,338.1,-0.0738,0.0052,0.0479,-0.0738,-0.1664,3463,3333,3160,False
S3::ref=session/lb=50/retest_within=8/stop=atr/exit=rr3/side=down/id=82d0803ece2e,S3,9762,651.0,0.278,-0.0408,-0.122,0.943,540.6,-0.0244,-0.0512,-0.0497,-0.0512,-0.2008,3608,3167,2987,False
S3::ref=session/lb=50/retest_within=8/stop=atr/exit=trailing/side=up/id=88e2c45e191b,S3,15352,1023.0,0.328,-0.1732,-0.2568,0.555,2661.0,-0.1838,-0.1792,-0.1557,-0.1838,-0.2845,5250,5159,4943,False
S3::ref=session/lb=50/retest_within=8/stop=atr/exit=trailing/side=down/id=a2f5a95e386f,S3,15052,1003.0,0.315,-0.1892,-0.2725,0.517,2850.0,-0.1864,-0.187,-0.1948,-0.1948,-0.2994,5483,4909,4660,False
S4::exp_k=1.5/stop=bar/exit=rr2/min_compress=1/id=cf232107e3b5,S4,11979,798.0,0.337,-0.0411,-0.1645,0.94,567.9,-0.0603,-0.0463,-0.0108,-0.0603,-0.1481,4502,3938,3539,False
S4::exp_k=1.5/stop=bar/exit=rr2/min_compress=3/id=693c07cdcc45,S4,11546,770.0,0.336,-0.0409,-0.1669,0.94,574.6,-0.0646,-0.0467,-0.0039,-0.0646,-0.1481,4362,3801,3383,False
S4::exp_k=1.5/stop=bar/exit=rr3/min_compress=1/id=79df6620a5f2,S4,10493,699.0,0.266,-0.0364,-0.159,0.952,501.2,-0.0563,-0.0254,-0.0235,-0.0563,-0.1962,3933,3459,3101,False
S4::exp_k=1.5/stop=bar/exit=rr3/min_compress=3/id=10148b0b68f4,S4,10144,676.0,0.265,-0.0366,-0.1615,0.952,509.6,-0.067,-0.0268,-0.0082,-0.067,-0.1964,3833,3345,2966,False
S4::exp_k=1.5/stop=bar/exit=trailing/min_compress=1/id=9c749c4ba49d,S4,22287,1485.0,0.295,-0.2118,-0.3423,0.493,4722.0,-0.2029,-0.2314,-0.2005,-0.2314,-0.3393,8561,7432,6294,False
S4::exp_k=1.5/stop=bar/exit=trailing/min_compress=3/id=34c2053cbcb0,S4,21282,1418.0,0.294,-0.2131,-0.3455,0.49,4540.6,-0.2068,-0.2325,-0.1988,-0.2325,-0.3408,8182,7110,5990,False
S4::exp_k=1.5/stop=bar/exit=time/min_compress=1/id=0a49d66438e0,S4,10295,686.0,0.264,-0.0215,-0.1508,0.971,469.8,-0.0035,-0.0306,-0.0345,-0.0345,-0.4007,3888,3409,2998,False
S4::exp_k=1.5/stop=bar/exit=time/min_compress=3/id=312f4125d408,S4,9841,656.0,0.26,-0.0265,-0.1584,0.965,489.3,-0.0215,-0.0323,-0.0264,-0.0323,-0.4108,3744,3260,2837,False
S4::exp_k=1.5/stop=atr/exit=rr2/min_compress=1/id=dfc17d25c8fa,S4,12968,864.0,0.332,-0.0365,-0.1485,0.947,526.5,-0.0593,-0.0175,-0.0285,-0.0593,-0.1434,4937,4320,3711,False
S4::exp_k=1.5/stop=atr/exit=rr2/min_compress=3/id=09d4bffe8e3f,S4,12451,830.0,0.331,-0.0381,-0.1516,0.945,512.0,-0.0613,-0.0127,-0.0367,-0.0613,-0.1449,4750,4143,3558,False
S4::exp_k=1.5/stop=atr/exit=rr3/min_compress=1/id=1221bb858ac9,S4,11078,738.0,0.255,-0.0368,-0.1488,0.952,478.1,-0.06,-0.035,-0.0086,-0.06,-0.1959,4208,3644,3226,False
S4::exp_k=1.5/stop=atr/exit=rr3/min_compress=3/id=783245419d24,S4,10662,711.0,0.254,-0.0368,-0.1503,0.952,469.2,-0.0584,-0.0369,-0.0083,-0.0584,-0.1961,4073,3489,3100,False
S4::exp_k=1.5/stop=atr/exit=trailing/min_compress=1/id=ea4ffb16d459,S4,22238,1482.0,0.303,-0.2084,-0.3221,0.483,4636.9,-0.2013,-0.2237,-0.2001,-0.2237,-0.3205,8533,7419,6286,False
S4::exp_k=1.5/stop=atr/exit=trailing/min_compress=3/id=257ecdb0b1bd,S4,21246,1416.0,0.302,-0.2099,-0.3251,0.48,4464.4,-0.2051,-0.2242,-0.1996,-0.2242,-0.322,8157,7103,5986,False
S4::exp_k=1.5/stop=atr/exit=time/min_compress=1/id=22af239b6f1b,S4,10517,701.0,0.257,-0.0183,-0.1329,0.976,333.1,-0.0331,0.005,-0.0253,-0.0331,-0.3769,4015,3478,3024,False
S4::exp_k=1.5/stop=atr/exit=time/min_compress=3/id=0f8b19b26a8a,S4,10020,668.0,0.255,-0.0196,-0.136,0.974,340.1,-0.0318,0.002,-0.0283,-0.0318,-0.3817,3853,3302,2865,False
S4::exp_k=2.0/stop=bar/exit=rr2/min_compress=1/id=e18ef77a7170,S4,6247,416.0,0.342,-0.0328,-0.13,0.951,278.5,-0.0495,-0.0546,0.0176,-0.0546,-0.1396,2440,2095,1712,False
S4::exp_k=2.0/stop=bar/exit=rr2/min_compress=3/id=4c69d6e9901c,S4,6032,402.0,0.34,-0.0353,-0.134,0.947,278.5,-0.0575,-0.0525,0.0183,-0.0575,-0.1422,2377,2020,1635,False
S4::exp_k=2.0/stop=bar/exit=rr3/min_compress=1/id=96d12433edf0,S4,5847,390.0,0.277,-0.0294,-0.1275,0.96,275.1,-0.0316,-0.0599,0.0112,-0.0599,-0.1892,2265,1971,1611,False
S4::exp_k=2.0/stop=bar/exit=rr3/min_compress=3/id=b2a7bc295dc2,S4,5653,377.0,0.275,-0.0345,-0.134,0.953,271.8,-0.0399,-0.0622,0.0073,-0.0622,-0.1944,2205,1904,1544,False
S4::exp_k=2.0/stop=bar/exit=trailing/min_compress=1/id=1d70e7889da7,S4,8686,579.0,0.306,-0.1589,-0.2584,0.521,1382.5,-0.148,-0.1775,-0.1518,-0.1775,-0.2626,3490,2924,2272,False
S4::exp_k=2.0/stop=bar/exit=trailing/min_compress=3/id=19a8a8d09c52,S4,8302,553.0,0.305,-0.1631,-0.2638,0.509,1356.1,-0.1555,-0.1839,-0.148,-0.1839,-0.2648,3334,2801,2167,False
S4::exp_k=2.0/stop=bar/exit=time/min_compress=1/id=0fafc252d4ef,S4,5887,392.0,0.301,-0.026,-0.1264,0.962,312.3,-0.0025,-0.0468,-0.0335,-0.0468,-0.353,2291,2005,1591,False
S4::exp_k=2.0/stop=bar/exit=time/min_compress=3/id=309521e415b6,S4,5649,377.0,0.298,-0.0348,-0.1368,0.95,339.6,-0.006,-0.0622,-0.0421,-0.0622,-0.3606,2211,1921,1517,False
S4::exp_k=2.0/stop=atr/exit=rr2/min_compress=1/id=025541d1cf39,S4,7239,482.0,0.335,-0.0265,-0.1389,0.961,244.4,-0.0459,-0.025,0.0007,-0.0459,-0.1326,2882,2430,1927,False
S4::exp_k=2.0/stop=atr/exit=rr2/min_compress=3/id=04aa7b663ad0,S4,6948,463.0,0.332,-0.0341,-0.148,0.95,286.2,-0.0565,-0.0259,-0.0108,-0.0565,-0.1408,2770,2334,1844,False
S4::exp_k=2.0/stop=atr/exit=rr3/min_compress=1/id=93b39881c26e,S4,6606,440.0,0.26,-0.0149,-0.1274,0.98,190.2,-0.033,-0.0149,0.0117,-0.033,-0.173,2615,2205,1786,False
S4::exp_k=2.0/stop=atr/exit=rr3/min_compress=3/id=0e79ac475dc0,S4,6361,424.0,0.257,-0.0234,-0.1375,0.969,216.6,-0.0385,-0.016,-0.0102,-0.0385,-0.1821,2532,2121,1708,False
S4::exp_k=2.0/stop=atr/exit=trailing/min_compress=1/id=a2425eb214da,S4,8685,579.0,0.309,-0.188,-0.3008,0.528,1635.0,-0.1765,-0.2046,-0.1843,-0.2046,-0.3068,3489,2924,2272,False
S4::exp_k=2.0/stop=atr/exit=trailing/min_compress=3/id=0e6a495de34f,S4,8301,553.0,0.308,-0.1918,-0.306,0.52,1594.3,-0.1843,-0.2083,-0.182,-0.2083,-0.31,3333,2801,2167,False
S4::exp_k=2.0/stop=atr/exit=time/min_compress=1/id=268bd2568809,S4,6244,416.0,0.255,-0.0025,-0.1169,0.997,140.0,-0.0139,0.0186,-0.0123,-0.0139,-0.3724,2455,2110,1679,False
S4::exp_k=2.0/stop=atr/exit=time/min_compress=3/id=dfe8e6044b92,S4,5988,399.0,0.252,-0.0107,-0.1267,0.986,170.5,-0.0099,0.0107,-0.0388,-0.0388,-0.3807,2366,2019,1603,False
S5::session=asia/mode=breakout/stop=or_opp/exit=rr2/side=up/id=15be26301532,S5,2460,164.0,0.397,0.0632,0.0047,1.109,46.4,-0.0157,0.0849,0.1249,-0.0157,-0.0395,859,772,829,False
S5::session=asia/mode=breakout/stop=or_opp/exit=rr2/side=down/id=9cce3e63e04e,S5,2315,154.0,0.368,0.0134,-0.0446,1.022,84.0,0.0719,-0.0132,-0.0192,-0.0192,-0.0913,778,764,773,False
S5::session=asia/mode=breakout/stop=or_opp/exit=rr3/side=up/id=47b891881383,S5,2359,157.0,0.354,0.076,0.016,1.121,35.6,0.0255,0.1075,0.0993,0.0255,-0.0777,829,748,782,False
S5::session=asia/mode=breakout/stop=or_opp/exit=rr3/side=down/id=2c234599e320,S5,2228,148.0,0.307,-0.0203,-0.0795,0.97,156.6,0.0585,-0.027,-0.0928,-0.0928,-0.1794,743,745,740,False
S5::session=asia/mode=breakout/stop=or_opp/exit=opp_liq/side=up/id=23da34043923,S5,7552,503.0,0.809,-0.0056,-0.0512,0.958,90.2,-0.0178,-0.0106,0.009,-0.0178,-0.0451,2299,2476,2777,False
S5::session=asia/mode=breakout/stop=or_opp/exit=opp_liq/side=down/id=56e318419e83,S5,6252,417.0,0.777,-0.0201,-0.0676,0.88,154.5,-0.0318,-0.0239,-0.0072,-0.0318,-0.0682,1867,2065,2320,False
S5::session=asia/mode=breakout/stop=or_opp/exit=time/side=up/id=4b92581fe1d9,S5,2321,155.0,0.443,0.0781,0.0176,1.163,34.9,0.0488,0.0719,0.1151,0.0488,-0.1145,814,739,768,False
S5::session=asia/mode=breakout/stop=or_opp/exit=time/side=down/id=8e859442422b,S5,2174,145.0,0.387,-0.0255,-0.0857,0.952,143.6,0.0475,-0.057,-0.0659,-0.0659,-0.2347,718,735,721,False
S5::session=asia/mode=breakout/stop=atr/exit=rr2/side=up/id=daad4545c814,S5,3321,221.0,0.359,0.041,-0.055,1.063,70.3,-0.0282,0.0713,0.0822,-0.0282,-0.0625,1136,1049,1136,False
S5::session=asia/mode=breakout/stop=atr/exit=rr2/side=down/id=9e3c05ae5fd0,S5,3132,209.0,0.328,-0.0437,-0.138,0.936,229.3,-0.0118,-0.0914,-0.0309,-0.0914,-0.1506,1069,1001,1062,False
S5::session=asia/mode=breakout/stop=atr/exit=rr3/side=up/id=aebe0520d955,S5,2937,196.0,0.286,0.061,-0.0353,1.084,74.1,-0.0031,0.0807,0.1081,-0.0031,-0.0929,1023,902,1012,False
S5::session=asia/mode=breakout/stop=atr/exit=rr3/side=down/id=4a3038d14a4e,S5,2786,186.0,0.264,-0.0089,-0.1048,0.988,161.9,0.0445,-0.0591,-0.0152,-0.0591,-0.1671,956,896,934,False
S5::session=asia/mode=breakout/stop=atr/exit=opp_liq/side=up/id=08bb2ac290e4,S5,8280,552.0,0.696,-0.0242,-0.1187,0.907,256.9,-0.0453,-0.0352,0.0039,-0.0453,-0.0936,2565,2714,3001,False
S5::session=asia/mode=breakout/stop=atr/exit=opp_liq/side=down/id=64cc705d430e,S5,6897,460.0,0.651,-0.0577,-0.1529,0.814,454.2,-0.0939,-0.0607,-0.0251,-0.0939,-0.1347,2108,2244,2545,False
S5::session=asia/mode=breakout/stop=atr/exit=time/side=up/id=83080cbfed8b,S5,2709,181.0,0.342,0.1223,0.0245,1.188,50.1,0.0808,0.1434,0.1461,0.0808,-0.1744,953,852,904,False
S5::session=asia/mode=breakout/stop=atr/exit=time/side=down/id=fe0501b58110,S5,2572,171.0,0.284,-0.0497,-0.1475,0.93,236.8,0.0306,-0.0966,-0.0839,-0.0966,-0.349,862,842,868,False
S5::session=asia/mode=retest/stop=or_opp/exit=rr2/side=up/id=811d20f9911e,S5,2460,164.0,0.397,0.0632,0.0047,1.109,46.4,-0.0157,0.0849,0.1249,-0.0157,-0.0395,859,772,829,False
S5::session=asia/mode=retest/stop=or_opp/exit=rr2/side=down/id=5dc8e8040efd,S5,2315,154.0,0.368,0.0134,-0.0446,1.022,84.0,0.0719,-0.0132,-0.0192,-0.0192,-0.0913,778,764,773,False
S5::session=asia/mode=retest/stop=or_opp/exit=rr3/side=up/id=74e5dd9b1cd6,S5,2359,157.0,0.354,0.076,0.016,1.121,35.6,0.0255,0.1075,0.0993,0.0255,-0.0777,829,748,782,False
S5::session=asia/mode=retest/stop=or_opp/exit=rr3/side=down/id=9e9fbb2cfb68,S5,2228,148.0,0.307,-0.0203,-0.0795,0.97,156.6,0.0585,-0.027,-0.0928,-0.0928,-0.1794,743,745,740,False
S5::session=asia/mode=retest/stop=or_opp/exit=opp_liq/side=up/id=3fd92d8392a0,S5,7552,503.0,0.809,-0.0056,-0.0512,0.958,90.2,-0.0178,-0.0106,0.009,-0.0178,-0.0451,2299,2476,2777,False
S5::session=asia/mode=retest/stop=or_opp/exit=opp_liq/side=down/id=7dc22fd3c080,S5,6252,417.0,0.777,-0.0201,-0.0676,0.88,154.5,-0.0318,-0.0239,-0.0072,-0.0318,-0.0682,1867,2065,2320,False
S5::session=asia/mode=retest/stop=or_opp/exit=time/side=up/id=ff63a90456e5,S5,2321,155.0,0.443,0.0781,0.0176,1.163,34.9,0.0488,0.0719,0.1151,0.0488,-0.1145,814,739,768,False
S5::session=asia/mode=retest/stop=or_opp/exit=time/side=down/id=0a9312089477,S5,2174,145.0,0.387,-0.0255,-0.0857,0.952,143.6,0.0475,-0.057,-0.0659,-0.0659,-0.2347,718,735,721,False
S5::session=asia/mode=retest/stop=atr/exit=rr2/side=up/id=91c49c35d393,S5,3321,221.0,0.359,0.041,-0.055,1.063,70.3,-0.0282,0.0713,0.0822,-0.0282,-0.0625,1136,1049,1136,False
S5::session=asia/mode=retest/stop=atr/exit=rr2/side=down/id=9bd0648ddf33,S5,3132,209.0,0.328,-0.0437,-0.138,0.936,229.3,-0.0118,-0.0914,-0.0309,-0.0914,-0.1506,1069,1001,1062,False
S5::session=asia/mode=retest/stop=atr/exit=rr3/side=up/id=69d9459d4bbb,S5,2937,196.0,0.286,0.061,-0.0353,1.084,74.1,-0.0031,0.0807,0.1081,-0.0031,-0.0929,1023,902,1012,False
S5::session=asia/mode=retest/stop=atr/exit=rr3/side=down/id=c7154c67ce86,S5,2786,186.0,0.264,-0.0089,-0.1048,0.988,161.9,0.0445,-0.0591,-0.0152,-0.0591,-0.1671,956,896,934,False
S5::session=asia/mode=retest/stop=atr/exit=opp_liq/side=up/id=e3342b42b708,S5,8280,552.0,0.696,-0.0242,-0.1187,0.907,256.9,-0.0453,-0.0352,0.0039,-0.0453,-0.0936,2565,2714,3001,False
S5::session=asia/mode=retest/stop=atr/exit=opp_liq/side=down/id=32456fcf7c3f,S5,6897,460.0,0.651,-0.0577,-0.1529,0.814,454.2,-0.0939,-0.0607,-0.0251,-0.0939,-0.1347,2108,2244,2545,False
S5::session=asia/mode=retest/stop=atr/exit=time/side=up/id=941f3de3e9f6,S5,2709,181.0,0.342,0.1223,0.0245,1.188,50.1,0.0808,0.1434,0.1461,0.0808,-0.1744,953,852,904,False
S5::session=asia/mode=retest/stop=atr/exit=time/side=down/id=9579b2b4245c,S5,2572,171.0,0.284,-0.0497,-0.1475,0.93,236.8,0.0306,-0.0966,-0.0839,-0.0966,-0.349,862,842,868,False
S5::session=london/mode=breakout/stop=or_opp/exit=rr2/side=up/id=3220a943468b,S5,2709,181.0,0.377,-0.0132,-0.0615,0.978,71.7,-0.0476,0.0295,-0.0221,-0.0476,-0.1185,932,928,849,False
S5::session=london/mode=breakout/stop=or_opp/exit=rr2/side=down/id=9afafe92cc2a,S5,2751,183.0,0.382,0.0134,-0.0351,1.023,45.1,0.033,0.0214,-0.0233,-0.0233,-0.0905,1099,877,775,False
S5::session=london/mode=breakout/stop=or_opp/exit=rr3/side=up/id=0d162628128f,S5,2555,170.0,0.339,0.0034,-0.0461,1.005,60.8,-0.0281,0.0247,0.0144,-0.0281,-0.1532,874,873,808,False
S5::session=london/mode=breakout/stop=or_opp/exit=rr3/side=down/id=acd7fdac0d4b,S5,2585,172.0,0.342,0.0239,-0.0259,1.038,68.6,0.0751,0.0197,-0.0434,-0.0434,-0.1321,1035,813,737,False
S5::session=london/mode=breakout/stop=or_opp/exit=opp_liq/side=up/id=97cd0d317f87,S5,6925,462.0,0.785,-0.0263,-0.0652,0.854,191.1,-0.045,-0.0161,-0.0205,-0.045,-0.0767,2081,2420,2424,False
S5::session=london/mode=breakout/stop=or_opp/exit=opp_liq/side=down/id=d8ed7e4fa525,S5,6696,446.0,0.781,-0.0162,-0.0559,0.913,135.5,-0.0094,-0.022,-0.0195,-0.022,-0.0685,2694,2054,1948,False
S5::session=london/mode=breakout/stop=or_opp/exit=time/side=up/id=45888c8bc61e,S5,2453,163.0,0.331,0.0137,-0.037,1.022,54.5,-0.0261,0.0469,0.0205,-0.0261,-0.2706,834,836,783,False
S5::session=london/mode=breakout/stop=or_opp/exit=time/side=down/id=44680cbd53b7,S5,2469,165.0,0.339,0.0454,-0.0059,1.073,90.8,0.1052,0.0797,-0.074,-0.074,-0.2583,975,780,714,False
S5::session=london/mode=breakout/stop=atr/exit=rr2/side=up/id=4c9d7678fe7d,S5,3474,232.0,0.326,-0.0524,-0.1257,0.923,191.7,-0.0879,0.0013,-0.0724,-0.0879,-0.1596,1183,1191,1100,False
S5::session=london/mode=breakout/stop=atr/exit=rr2/side=down/id=8c3b5bc3c939,S5,3598,240.0,0.335,-0.0254,-0.0989,0.962,148.9,0.0054,0.0017,-0.1031,-0.1031,-0.1311,1483,1132,983,False
S5::session=london/mode=breakout/stop=atr/exit=rr3/side=up/id=c1cdcad3b4f8,S5,3075,205.0,0.263,-0.0436,-0.1168,0.942,149.9,-0.0897,0.0109,-0.0514,-0.0897,-0.2027,1055,1031,989,False
S5::session=london/mode=breakout/stop=atr/exit=rr3/side=down/id=ff5f89c9d19a,S5,3125,208.0,0.263,-0.0318,-0.1052,0.957,151.8,-0.0104,0.0321,-0.1333,-0.1333,-0.1908,1271,973,881,False
S5::session=london/mode=breakout/stop=atr/exit=opp_liq/side=up/id=cd27c97e5b91,S5,7564,504.0,0.666,-0.0529,-0.1268,0.831,408.3,-0.0701,-0.0416,-0.0492,-0.0701,-0.1276,2286,2649,2629,False
S5::session=london/mode=breakout/stop=atr/exit=opp_liq/side=down/id=ee1b15d8aab4,S5,7367,491.0,0.648,-0.054,-0.1282,0.839,428.9,-0.0475,-0.0595,-0.0573,-0.0595,-0.1326,2980,2257,2130,False
S5::session=london/mode=breakout/stop=atr/exit=time/side=up/id=8777a3ee0ea8,S5,2779,185.0,0.232,0.0034,-0.071,1.004,98.2,-0.0569,0.0545,0.014,-0.0569,-0.3781,949,936,894,False
S5::session=london/mode=breakout/stop=atr/exit=time/side=down/id=5a80efa6629c,S5,2788,186.0,0.234,0.0225,-0.0523,1.029,153.1,0.0646,0.1031,-0.1231,-0.1231,-0.3999,1111,872,805,False
S5::session=london/mode=retest/stop=or_opp/exit=rr2/side=up/id=fbe64be44ab8,S5,2709,181.0,0.377,-0.0132,-0.0615,0.978,71.7,-0.0476,0.0295,-0.0221,-0.0476,-0.1185,932,928,849,False
S5::session=london/mode=retest/stop=or_opp/exit=rr2/side=down/id=2e47445a51a0,S5,2751,183.0,0.382,0.0134,-0.0351,1.023,45.1,0.033,0.0214,-0.0233,-0.0233,-0.0905,1099,877,775,False
S5::session=london/mode=retest/stop=or_opp/exit=rr3/side=up/id=90bdc7287cf9,S5,2555,170.0,0.339,0.0034,-0.0461,1.005,60.8,-0.0281,0.0247,0.0144,-0.0281,-0.1532,874,873,808,False
S5::session=london/mode=retest/stop=or_opp/exit=rr3/side=down/id=19d7bea25650,S5,2585,172.0,0.342,0.0239,-0.0259,1.038,68.6,0.0751,0.0197,-0.0434,-0.0434,-0.1321,1035,813,737,False
S5::session=london/mode=retest/stop=or_opp/exit=opp_liq/side=up/id=7bd37598b9dc,S5,6925,462.0,0.785,-0.0263,-0.0652,0.854,191.1,-0.045,-0.0161,-0.0205,-0.045,-0.0767,2081,2420,2424,False
S5::session=london/mode=retest/stop=or_opp/exit=opp_liq/side=down/id=ee203efd9bd5,S5,6696,446.0,0.781,-0.0162,-0.0559,0.913,135.5,-0.0094,-0.022,-0.0195,-0.022,-0.0685,2694,2054,1948,False
S5::session=london/mode=retest/stop=or_opp/exit=time/side=up/id=b7281047ece0,S5,2453,163.0,0.331,0.0137,-0.037,1.022,54.5,-0.0261,0.0469,0.0205,-0.0261,-0.2706,834,836,783,False
S5::session=london/mode=retest/stop=or_opp/exit=time/side=down/id=448f2eb82675,S5,2469,165.0,0.339,0.0454,-0.0059,1.073,90.8,0.1052,0.0797,-0.074,-0.074,-0.2583,975,780,714,False
S5::session=london/mode=retest/stop=atr/exit=rr2/side=up/id=1cccf1ef215c,S5,3474,232.0,0.326,-0.0524,-0.1257,0.923,191.7,-0.0879,0.0013,-0.0724,-0.0879,-0.1596,1183,1191,1100,False
S5::session=london/mode=retest/stop=atr/exit=rr2/side=down/id=ee1339cc842a,S5,3598,240.0,0.335,-0.0254,-0.0989,0.962,148.9,0.0054,0.0017,-0.1031,-0.1031,-0.1311,1483,1132,983,False
S5::session=london/mode=retest/stop=atr/exit=rr3/side=up/id=1eac58335e9c,S5,3075,205.0,0.263,-0.0436,-0.1168,0.942,149.9,-0.0897,0.0109,-0.0514,-0.0897,-0.2027,1055,1031,989,False
S5::session=london/mode=retest/stop=atr/exit=rr3/side=down/id=79fdb09c27de,S5,3125,208.0,0.263,-0.0318,-0.1052,0.957,151.8,-0.0104,0.0321,-0.1333,-0.1333,-0.1908,1271,973,881,False
S5::session=london/mode=retest/stop=atr/exit=opp_liq/side=up/id=7019bd864f2e,S5,7564,504.0,0.666,-0.0529,-0.1268,0.831,408.3,-0.0701,-0.0416,-0.0492,-0.0701,-0.1276,2286,2649,2629,False
S5::session=london/mode=retest/stop=atr/exit=opp_liq/side=down/id=6420183288c8,S5,7367,491.0,0.648,-0.054,-0.1282,0.839,428.9,-0.0475,-0.0595,-0.0573,-0.0595,-0.1326,2980,2257,2130,False
S5::session=london/mode=retest/stop=atr/exit=time/side=up/id=77470075fe9f,S5,2779,185.0,0.232,0.0034,-0.071,1.004,98.2,-0.0569,0.0545,0.014,-0.0569,-0.3781,949,936,894,False
S5::session=london/mode=retest/stop=atr/exit=time/side=down/id=9e78ef6aadfe,S5,2788,186.0,0.234,0.0225,-0.0523,1.029,153.1,0.0646,0.1031,-0.1231,-0.1231,-0.3999,1111,872,805,False
S5::session=ny/mode=breakout/stop=or_opp/exit=rr2/side=up/id=c7ee43c7e825,S5,2052,137.0,0.475,0.0612,0.0333,1.163,31.7,0.0373,0.042,0.1089,0.0373,-0.04,709,704,639,False
S5::session=ny/mode=breakout/stop=or_opp/exit=rr2/side=down/id=2907e367ed57,S5,2033,136.0,0.416,-0.0439,-0.0729,0.896,101.4,-0.0419,-0.0337,-0.0572,-0.0572,-0.1505,764,658,611,False
S5::session=ny/mode=breakout/stop=or_opp/exit=rr3/side=up/id=7472f3d412f2,S5,2006,134.0,0.468,0.0917,0.0634,1.239,34.6,0.0551,0.0705,0.1556,0.0551,-0.0609,691,691,624,False
S5::session=ny/mode=breakout/stop=or_opp/exit=rr3/side=down/id=5c52b4227dba,S5,1977,132.0,0.409,-0.0378,-0.0672,0.913,108.5,-0.0126,-0.035,-0.0725,-0.0725,-0.1955,746,640,591,False
S5::session=ny/mode=breakout/stop=or_opp/exit=opp_liq/side=up/id=957ed65146a2,S5,6151,410.0,0.818,-0.0007,-0.0223,0.994,24.9,-0.0028,0.0015,-0.0009,-0.0028,-0.0328,1877,2153,2121,False
S5::session=ny/mode=breakout/stop=or_opp/exit=opp_liq/side=down/id=683b00b56ab2,S5,5595,373.0,0.786,-0.0184,-0.0413,0.869,114.4,-0.0225,-0.0201,-0.0122,-0.0225,-0.0528,1949,1818,1828,False
S5::session=ny/mode=breakout/stop=or_opp/exit=time/side=up/id=26fc5797d47b,S5,1975,132.0,0.474,0.052,0.0235,1.155,26.1,0.0081,0.0357,0.1179,0.0081,-0.1078,678,679,618,False
S5::session=ny/mode=breakout/stop=or_opp/exit=time/side=down/id=a6352a7b661f,S5,1944,130.0,0.446,-0.0097,-0.0395,0.973,48.6,0.0111,-0.0415,-0.0014,-0.0415,-0.1519,730,630,584,False
S5::session=ny/mode=breakout/stop=atr/exit=rr2/side=up/id=3a9d271b56b8,S5,2611,174.0,0.406,0.0545,0.0071,1.098,50.3,0.06,0.0184,0.0878,0.0184,-0.0477,864,908,839,False
S5::session=ny/mode=breakout/stop=atr/exit=rr2/side=down/id=c90c3e136723,S5,2634,176.0,0.359,-0.0431,-0.0916,0.928,132.7,-0.0069,-0.0395,-0.0931,-0.0931,-0.1502,999,850,785,False
S5::session=ny/mode=breakout/stop=atr/exit=rr3/side=up/id=11f8f0d3a172,S5,2348,156.0,0.384,0.0962,0.0484,1.168,51.2,0.0847,0.0521,0.1561,0.0521,-0.0558,788,811,749,False
S5::session=ny/mode=breakout/stop=atr/exit=rr3/side=down/id=e692a1472bd5,S5,2377,158.0,0.336,-0.0402,-0.0894,0.935,142.2,0.0053,-0.0634,-0.0718,-0.0718,-0.1988,889,774,714,False
S5::session=ny/mode=breakout/stop=atr/exit=opp_liq/side=up/id=9fcdbf1d8d13,S5,6557,437.0,0.736,-0.0163,-0.0626,0.931,129.0,-0.011,-0.0212,-0.0161,-0.0212,-0.0744,1990,2300,2267,False
S5::session=ny/mode=breakout/stop=atr/exit=opp_liq/side=down/id=17488a6c88d7,S5,6028,402.0,0.698,-0.0379,-0.0856,0.862,243.5,-0.0427,-0.0356,-0.0351,-0.0427,-0.0985,2109,1964,1955,False
S5::session=ny/mode=breakout/stop=atr/exit=time/side=up/id=d9b401281244,S5,2202,147.0,0.414,0.0855,0.0375,1.167,46.6,0.0661,0.0407,0.154,0.0407,-0.1607,734,762,706,False
S5::session=ny/mode=breakout/stop=atr/exit=time/side=down/id=1a48084f8604,S5,2207,147.0,0.382,-0.015,-0.0651,0.972,83.1,0.017,-0.0515,-0.0152,-0.0515,-0.2371,823,720,664,False
S5::session=ny/mode=retest/stop=or_opp/exit=rr2/side=up/id=d7752a3994f7,S5,2052,137.0,0.475,0.0612,0.0333,1.163,31.7,0.0373,0.042,0.1089,0.0373,-0.04,709,704,639,False
S5::session=ny/mode=retest/stop=or_opp/exit=rr2/side=down/id=03704a18b9b9,S5,2033,136.0,0.416,-0.0439,-0.0729,0.896,101.4,-0.0419,-0.0337,-0.0572,-0.0572,-0.1505,764,658,611,False
S5::session=ny/mode=retest/stop=or_opp/exit=rr3/side=up/id=da46c94b8735,S5,2006,134.0,0.468,0.0917,0.0634,1.239,34.6,0.0551,0.0705,0.1556,0.0551,-0.0609,691,691,624,False
S5::session=ny/mode=retest/stop=or_opp/exit=rr3/side=down/id=0f12a89978dd,S5,1977,132.0,0.409,-0.0378,-0.0672,0.913,108.5,-0.0126,-0.035,-0.0725,-0.0725,-0.1955,746,640,591,False
S5::session=ny/mode=retest/stop=or_opp/exit=opp_liq/side=up/id=43df5230e1ea,S5,6151,410.0,0.818,-0.0007,-0.0223,0.994,24.9,-0.0028,0.0015,-0.0009,-0.0028,-0.0328,1877,2153,2121,False
S5::session=ny/mode=retest/stop=or_opp/exit=opp_liq/side=down/id=0684d8e8815d,S5,5595,373.0,0.786,-0.0184,-0.0413,0.869,114.4,-0.0225,-0.0201,-0.0122,-0.0225,-0.0528,1949,1818,1828,False
S5::session=ny/mode=retest/stop=or_opp/exit=time/side=up/id=fdf632da6bd7,S5,1975,132.0,0.474,0.052,0.0235,1.155,26.1,0.0081,0.0357,0.1179,0.0081,-0.1078,678,679,618,False
S5::session=ny/mode=retest/stop=or_opp/exit=time/side=down/id=7e42a5ef4b5d,S5,1944,130.0,0.446,-0.0097,-0.0395,0.973,48.6,0.0111,-0.0415,-0.0014,-0.0415,-0.1519,730,630,584,False
S5::session=ny/mode=retest/stop=atr/exit=rr2/side=up/id=cc1c6401269f,S5,2611,174.0,0.406,0.0545,0.0071,1.098,50.3,0.06,0.0184,0.0878,0.0184,-0.0477,864,908,839,False
S5::session=ny/mode=retest/stop=atr/exit=rr2/side=down/id=f77735cba881,S5,2634,176.0,0.359,-0.0431,-0.0916,0.928,132.7,-0.0069,-0.0395,-0.0931,-0.0931,-0.1502,999,850,785,False
S5::session=ny/mode=retest/stop=atr/exit=rr3/side=up/id=34d5182ac4df,S5,2348,156.0,0.384,0.0962,0.0484,1.168,51.2,0.0847,0.0521,0.1561,0.0521,-0.0558,788,811,749,False
S5::session=ny/mode=retest/stop=atr/exit=rr3/side=down/id=9459a4006774,S5,2377,158.0,0.336,-0.0402,-0.0894,0.935,142.2,0.0053,-0.0634,-0.0718,-0.0718,-0.1988,889,774,714,False
S5::session=ny/mode=retest/stop=atr/exit=opp_liq/side=up/id=dae2cff77be5,S5,6557,437.0,0.736,-0.0163,-0.0626,0.931,129.0,-0.011,-0.0212,-0.0161,-0.0212,-0.0744,1990,2300,2267,False
S5::session=ny/mode=retest/stop=atr/exit=opp_liq/side=down/id=4fbf5ad495c9,S5,6028,402.0,0.698,-0.0379,-0.0856,0.862,243.5,-0.0427,-0.0356,-0.0351,-0.0427,-0.0985,2109,1964,1955,False
S5::session=ny/mode=retest/stop=atr/exit=time/side=up/id=1c5bf1d86451,S5,2202,147.0,0.414,0.0855,0.0375,1.167,46.6,0.0661,0.0407,0.154,0.0407,-0.1607,734,762,706,False
S5::session=ny/mode=retest/stop=atr/exit=time/side=down/id=c2b0c0965438,S5,2207,147.0,0.382,-0.015,-0.0651,0.972,83.1,0.017,-0.0515,-0.0152,-0.0515,-0.2371,823,720,664,False
S6::session=london/mode=breakout/side=up/stop=prev_ext/exit=rr2/id=a461ec93f607,S6,2429,162.0,0.277,-0.2852,-0.5735,0.646,694.7,-0.3343,-0.2931,-0.2394,-0.3343,-0.4043,675,879,875,False
S6::session=london/mode=breakout/side=up/stop=prev_ext/exit=time/id=771cfc345a86,S6,1968,131.0,0.062,-0.3088,-0.6903,0.709,634.5,-0.4907,-0.1572,-0.3196,-0.4907,-1.1042,555,716,697,False
S6::session=london/mode=breakout/side=up/stop=atr/exit=rr2/id=0bf7bedae660,S6,1215,81.0,0.315,-0.0817,-0.1576,0.883,104.2,-0.2089,0.0626,-0.1197,-0.2089,-0.1894,374,436,405,False
S6::session=london/mode=breakout/side=up/stop=atr/exit=time/id=b30cdc04e355,S6,1106,74.0,0.21,-0.1402,-0.217,0.824,161.5,-0.3161,0.0234,-0.1496,-0.3161,-0.4969,343,390,373,False
S6::session=london/mode=breakout/side=down/stop=prev_ext/exit=rr2/id=7199b701458a,S6,2429,162.0,0.28,-0.2731,-0.5554,0.659,677.4,-0.2639,-0.2423,-0.3193,-0.3193,-0.3917,1029,716,684,False
S6::session=london/mode=breakout/side=down/stop=prev_ext/exit=time/id=62dae666d74d,S6,1979,132.0,0.079,0.1431,-0.2233,1.138,172.0,0.1689,0.1623,0.085,0.085,-1.0207,840,574,565,False
S6::session=london/mode=breakout/side=down/stop=atr/exit=rr2/id=ffded29dfbc5,S6,1282,85.0,0.335,-0.0147,-0.0903,0.978,69.3,0.0408,-0.0357,-0.0771,-0.0771,-0.1202,548,373,361,False
S6::session=london/mode=breakout/side=down/stop=atr/exit=time/id=c0f395fb315d,S6,1139,76.0,0.234,0.0432,-0.0339,1.056,63.3,0.0805,0.1242,-0.0928,-0.0928,-0.3608,481,330,328,False
S6::session=london/mode=fade/side=up/stop=prev_ext/exit=rr2/id=0dd1ec64d5ab,S6,2116,141.0,0.26,-0.3477,-0.6857,0.586,744.2,-0.2526,-0.375,-0.4119,-0.4119,-0.4691,690,703,723,False
S6::session=london/mode=fade/side=up/stop=prev_ext/exit=time/id=5a134f30e7a1,S6,2083,139.0,0.068,-0.2441,-0.594,0.769,714.8,0.2026,-0.3863,-0.5287,-0.5287,-1.0751,676,692,715,False
S6::session=london/mode=fade/side=up/stop=atr/exit=rr2/id=066421fcd22f,S6,1139,76.0,0.306,-0.1113,-0.1903,0.843,160.4,-0.0068,-0.1603,-0.1612,-0.1612,-0.2201,366,391,382,False
S6::session=london/mode=fade/side=up/stop=atr/exit=time/id=e4e4cd1da26c,S6,1136,76.0,0.239,-0.1248,-0.2038,0.838,181.2,0.0317,-0.2164,-0.1805,-0.2164,-0.4549,364,390,382,False
S6::session=london/mode=fade/side=down/stop=prev_ext/exit=rr2/id=e71bd1ead497,S6,2070,138.0,0.256,-0.3607,-0.684,0.574,752.7,-0.4324,-0.3923,-0.2217,-0.4324,-0.4833,829,663,578,False
S6::session=london/mode=fade/side=down/stop=prev_ext/exit=time/id=7a86a38610f8,S6,2031,135.0,0.067,-0.0787,-0.46,0.926,832.7,-0.3284,-0.6459,0.9335,-0.6459,-1.0879,813,652,566,False
S6::session=london/mode=fade/side=down/stop=atr/exit=rr2/id=d599b306543f,S6,1110,74.0,0.293,-0.1441,-0.223,0.8,182.8,-0.2256,-0.1835,0.0331,-0.2256,-0.2555,473,343,294,False
S6::session=london/mode=fade/side=down/stop=atr/exit=time/id=9ce1f6567a2f,S6,1107,74.0,0.223,-0.1795,-0.2585,0.772,270.6,-0.3012,-0.3225,0.1835,-0.3225,-0.5119,471,343,293,False
S6::session=ny/mode=breakout/side=up/stop=prev_ext/exit=rr2/id=5a73a5034c29,S6,3795,253.0,0.305,-0.1898,-0.3981,0.74,720.0,-0.1981,-0.2379,-0.1321,-0.2379,-0.3041,1152,1350,1293,False
S6::session=ny/mode=breakout/side=up/stop=prev_ext/exit=time/id=64925e05dcc7,S6,3060,204.0,0.162,0.0761,-0.1758,1.084,229.8,0.0648,-0.0928,0.2631,-0.0928,-0.7039,931,1089,1040,False
S6::session=ny/mode=breakout/side=up/stop=atr/exit=rr2/id=285dcba858f4,S6,2260,151.0,0.378,0.0303,-0.0222,1.051,52.9,0.0442,-0.029,0.0773,-0.029,-0.0731,697,782,781,False
S6::session=ny/mode=breakout/side=up/stop=atr/exit=time/id=43167b66b65a,S6,1874,125.0,0.367,0.0675,0.0135,1.113,38.0,0.0429,0.0085,0.1515,0.0085,-0.2078,577,663,634,False
S6::session=ny/mode=breakout/side=down/stop=prev_ext/exit=rr2/id=2e7b0f75d455,S6,3733,249.0,0.287,-0.2379,-0.4512,0.68,889.8,-0.2148,-0.2827,-0.2205,-0.2827,-0.3548,1334,1166,1233,False
S6::session=ny/mode=breakout/side=down/stop=prev_ext/exit=time/id=8a0a2832eb37,S6,3033,202.0,0.149,-0.0387,-0.2962,0.958,330.1,-0.0651,-0.1912,0.1364,-0.1912,-0.7588,1079,957,997,False
S6::session=ny/mode=breakout/side=down/stop=atr/exit=rr2/id=174769d493cb,S6,2265,151.0,0.355,-0.0309,-0.0818,0.95,86.9,-0.0239,-0.0148,-0.0545,-0.0545,-0.1373,806,726,733,False
S6::session=ny/mode=breakout/side=down/stop=atr/exit=time/id=ec4845c0dc3c,S6,1878,125.0,0.333,0.0054,-0.0471,1.009,68.5,0.0597,-0.0759,0.0258,-0.0759,-0.2795,671,600,607,False
S6::session=ny/mode=fade/side=up/stop=prev_ext/exit=rr2/id=daaede15bb08,S6,3308,220.0,0.28,-0.2548,-0.5202,0.675,857.7,-0.2565,-0.2761,-0.228,-0.2761,-0.3726,1107,1187,1014,False
S6::session=ny/mode=fade/side=up/stop=prev_ext/exit=time/id=437e18521ec0,S6,3265,218.0,0.152,0.0288,-0.2789,1.031,213.7,0.0496,-0.0648,0.1158,-0.0648,-0.7318,1094,1171,1000,False
S6::session=ny/mode=fade/side=up/stop=atr/exit=rr2/id=b02af936ebc8,S6,1913,128.0,0.37,-0.0137,-0.0688,0.978,67.7,0.0007,0.0173,-0.0629,-0.0629,-0.1186,621,682,610,False
S6::session=ny/mode=fade/side=up/stop=atr/exit=time/id=87fd74a1bf48,S6,1888,126.0,0.366,0.0321,-0.023,1.053,47.8,0.0927,0.0122,-0.0079,-0.0079,-0.2427,617,668,603,False
S6::session=ny/mode=fade/side=down/stop=prev_ext/exit=rr2/id=51c2f97844c9,S6,3340,223.0,0.269,-0.2781,-0.5271,0.647,946.5,-0.3125,-0.2072,-0.3075,-0.3125,-0.3975,1253,1042,1045,False
S6::session=ny/mode=fade/side=down/stop=prev_ext/exit=time/id=882f24d9c88b,S6,3304,220.0,0.16,0.063,-0.2416,1.07,194.9,-0.0093,0.1773,0.0353,-0.0093,-0.7337,1236,1032,1036,False
S6::session=ny/mode=fade/side=down/stop=atr/exit=rr2/id=0eaacf3229c4,S6,1991,133.0,0.379,0.0075,-0.0466,1.012,62.9,-0.0277,0.0886,-0.0326,-0.0326,-0.0965,723,629,639,False
S6::session=ny/mode=fade/side=down/stop=atr/exit=time/id=7f0461adc622,S6,1972,131.0,0.368,0.0422,-0.012,1.071,65.6,0.0062,0.1164,0.0095,0.0062,-0.2459,716,625,631,False
S7::htf=h4/stop=ema/exit=rr2/pb_within=4/id=98a2f4583fb9,S7,23416,1561.0,0.253,-0.4078,-0.7432,0.53,9551.1,-0.4311,-0.4725,-0.308,-0.4725,-0.5332,8737,7661,7018,False
S7::htf=h4/stop=ema/exit=rr2/pb_within=8/id=c91b945af60e,S7,23612,1574.0,0.253,-0.4056,-0.7426,0.531,9580.5,-0.4288,-0.4707,-0.3055,-0.4707,-0.5309,8806,7736,7070,False
S7::htf=h4/stop=ema/exit=rr3/pb_within=4/id=06b4ae0a11b5,S7,23167,1544.0,0.214,-0.3214,-0.6611,0.647,7448.5,-0.3525,-0.3873,-0.211,-0.3873,-0.4947,8660,7565,6942,False
S7::htf=h4/stop=ema/exit=rr3/pb_within=8/id=b5b0a0bac0cf,S7,23359,1557.0,0.214,-0.3186,-0.6596,0.649,7442.3,-0.3469,-0.386,-0.2097,-0.386,-0.4916,8726,7640,6993,False
S7::htf=h4/stop=ema/exit=trailing/pb_within=4/id=b5070ae6165a,S7,23440,1562.0,0.167,-0.2131,-0.6831,0.765,5121.9,-0.2118,-0.2892,-0.131,-0.2892,-0.8028,8777,7681,6982,False
S7::htf=h4/stop=ema/exit=trailing/pb_within=8/id=97063890b0d4,S7,23619,1574.0,0.166,-0.191,-0.6708,0.789,4593.9,-0.1978,-0.2575,-0.109,-0.2575,-0.7981,8834,7755,7030,False
S7::htf=h4/stop=atr/exit=rr2/pb_within=4/id=02af9ff0bb22,S7,12395,826.0,0.349,-0.0154,-0.0964,0.976,341.7,-0.034,-0.0252,0.0183,-0.034,-0.1211,4599,4085,3711,False
S7::htf=h4/stop=atr/exit=rr2/pb_within=8/id=5fa6bfbbf05a,S7,12440,829.0,0.35,-0.0121,-0.0929,0.981,297.3,-0.0292,-0.017,0.0144,-0.0292,-0.1177,4613,4097,3730,False
S7::htf=h4/stop=atr/exit=rr3/pb_within=4/id=d63caae4aa1b,S7,11471,765.0,0.29,0.0002,-0.0807,1.0,255.4,-0.0348,-0.0184,0.0641,-0.0348,-0.1572,4274,3760,3437,False
S7::htf=h4/stop=atr/exit=rr3/pb_within=8/id=d55cbfc0dad9,S7,11507,767.0,0.292,0.0044,-0.0764,1.006,210.1,-0.03,-0.0095,0.0621,-0.03,-0.153,4286,3763,3458,False
S7::htf=h4/stop=atr/exit=trailing/pb_within=4/id=60d08eb8607e,S7,17844,1189.0,0.327,-0.1538,-0.2367,0.597,2744.0,-0.1622,-0.175,-0.1201,-0.175,-0.2743,6611,5876,5357,False
S7::htf=h4/stop=atr/exit=trailing/pb_within=8/id=8613273b1bb0,S7,17874,1191.0,0.325,-0.1507,-0.233,0.608,2693.5,-0.1613,-0.1661,-0.1207,-0.1661,-0.2747,6614,5888,5372,False
S7::htf=h1/stop=ema/exit=rr2/pb_within=4/id=1b43163c3a18,S7,22329,1488.0,0.253,-0.409,-0.7429,0.528,9136.1,-0.433,-0.4629,-0.3203,-0.4629,-0.5345,8314,7314,6701,False
S7::htf=h1/stop=ema/exit=rr2/pb_within=8/id=8279cf7ed7cf,S7,22969,1531.0,0.253,-0.4086,-0.7452,0.528,9392.3,-0.4303,-0.4634,-0.322,-0.4634,-0.5341,8546,7528,6895,False
S7::htf=h1/stop=ema/exit=rr3/pb_within=4/id=6fdabea75557,S7,22106,1473.0,0.214,-0.3194,-0.6574,0.648,7070.3,-0.351,-0.3709,-0.224,-0.3709,-0.4926,8241,7229,6636,False
S7::htf=h1/stop=ema/exit=rr3/pb_within=8/id=65c76820ce6f,S7,22734,1515.0,0.214,-0.3196,-0.6603,0.648,7272.0,-0.3474,-0.3736,-0.2263,-0.3736,-0.4927,8466,7438,6830,False
S7::htf=h1/stop=ema/exit=trailing/pb_within=4/id=8512fb252bff,S7,22345,1489.0,0.167,-0.188,-0.6634,0.793,4335.0,-0.1794,-0.2408,-0.1407,-0.2408,-0.7975,8351,7322,6672,False
S7::htf=h1/stop=ema/exit=trailing/pb_within=8/id=6aa580a73013,S7,22983,1532.0,0.167,-0.1646,-0.6479,0.819,3898.7,-0.1674,-0.2163,-0.1045,-0.2163,-0.7907,8577,7534,6872,False
S7::htf=h1/stop=atr/exit=rr2/pb_within=4/id=18f889135725,S7,11929,795.0,0.348,-0.0215,-0.1028,0.967,348.3,-0.0243,-0.0293,-0.0096,-0.0293,-0.1276,4422,3917,3590,False
S7::htf=h1/stop=atr/exit=rr2/pb_within=8/id=bda6548046da,S7,12200,813.0,0.346,-0.0236,-0.1048,0.964,373.4,-0.0332,-0.0189,-0.0168,-0.0332,-0.1298,4524,4006,3670,False
S7::htf=h1/stop=atr/exit=rr3/pb_within=4/id=a1aa05257775,S7,11071,738.0,0.29,-0.0044,-0.0857,0.994,237.5,-0.0202,-0.0192,0.031,-0.0202,-0.1621,4111,3618,3342,False
S7::htf=h1/stop=atr/exit=rr3/pb_within=8/id=2c7bf910ad97,S7,11298,753.0,0.287,-0.0119,-0.093,0.983,306.3,-0.0367,-0.0134,0.0205,-0.0367,-0.1699,4203,3691,3404,False
S7::htf=h1/stop=atr/exit=trailing/pb_within=4/id=cb2a6f3bfdfb,S7,17106,1140.0,0.325,-0.1516,-0.2351,0.606,2599.0,-0.1492,-0.1675,-0.1373,-0.1675,-0.2739,6308,5631,5167,False
S7::htf=h1/stop=atr/exit=trailing/pb_within=8/id=ea4be42c3cce,S7,17481,1165.0,0.323,-0.1465,-0.2292,0.619,2565.7,-0.1498,-0.1546,-0.1338,-0.1546,-0.2722,6435,5750,5296,False
S8::ref=sma/k=2.0/side=up/stop=atr/exit=rr2/id=ec037f864152,S8,7196,480.0,0.36,0.008,-0.0748,1.012,190.9,-0.005,-0.0213,0.0581,-0.0213,-0.0965,2717,2379,2100,False
S8::ref=sma/k=2.0/side=up/stop=atr/exit=opp_liq/id=f1a50f029f11,S8,7299,486.0,0.413,0.0107,-0.0724,1.018,139.0,-0.0039,-0.0071,0.0494,-0.0071,-0.1007,2760,2401,2138,False
S8::ref=sma/k=2.0/side=up/stop=atr/exit=time/id=59649da5d23d,S8,7345,490.0,0.309,0.0351,-0.0487,1.051,156.1,0.0553,0.018,0.0282,0.018,-0.2856,2788,2414,2143,False
S8::ref=sma/k=2.0/side=up/stop=ext/exit=rr2/id=7b066f9f8458,S8,9044,603.0,0.278,-0.3307,-0.6747,0.608,2998.5,-0.3059,-0.3921,-0.2941,-0.3921,-0.4523,3341,2979,2724,False
S8::ref=sma/k=2.0/side=up/stop=ext/exit=opp_liq/id=aae771c2fcbf,S8,8907,594.0,0.148,0.1107,-0.363,1.111,288.2,0.2045,0.0928,0.0147,0.0147,-0.6727,3298,2928,2681,False
S8::ref=sma/k=2.0/side=up/stop=ext/exit=time/id=ecfc76e3d1a4,S8,8887,592.0,0.096,0.2557,-0.2395,1.241,469.7,0.5025,0.2171,-0.0067,-0.0067,-0.9729,3296,2919,2672,False
S8::ref=sma/k=2.0/side=down/stop=atr/exit=rr2/id=b7adfd7f9d4f,S8,7456,497.0,0.347,-0.0196,-0.1034,0.97,273.4,0.0185,-0.0347,-0.0452,-0.0452,-0.1253,2594,2469,2393,False
S8::ref=sma/k=2.0/side=down/stop=atr/exit=opp_liq/id=d685a5d05f94,S8,7612,507.0,0.406,-0.0108,-0.0952,0.982,210.7,0.0124,-0.0148,-0.0319,-0.0319,-0.1198,2658,2517,2437,False
S8::ref=sma/k=2.0/side=down/stop=atr/exit=time/id=804e18b0ab53,S8,7624,508.0,0.302,-0.0244,-0.1093,0.965,367.3,0.0167,-0.0492,-0.0441,-0.0492,-0.3273,2674,2521,2429,False
S8::ref=sma/k=2.0/side=down/stop=ext/exit=rr2/id=c7888bdaeec5,S8,9656,644.0,0.267,-0.3744,-0.736,0.567,3615.7,-0.3224,-0.4196,-0.3822,-0.4196,-0.4978,3289,3240,3127,False
S8::ref=sma/k=2.0/side=down/stop=ext/exit=opp_liq/id=ea81bc93a4b9,S8,9456,630.0,0.133,0.1012,-0.395,1.099,588.6,0.2659,-0.1058,0.1418,-0.1058,-0.7378,3221,3165,3070,False
S8::ref=sma/k=2.0/side=down/stop=ext/exit=time/id=cacc3a167cda,S8,9446,630.0,0.085,0.0749,-0.4304,1.069,853.9,0.335,-0.1062,-0.0117,-0.1062,-1.0382,3223,3169,3054,False
S8::ref=sma/k=3.0/side=up/stop=atr/exit=rr2/id=ef4a4f039bff,S8,3060,204.0,0.355,-0.006,-0.0827,0.991,138.1,-0.0528,0.0202,0.0285,-0.0528,-0.1113,1195,1000,865,False
S8::ref=sma/k=3.0/side=up/stop=atr/exit=opp_liq/id=96e3358d7085,S8,3057,204.0,0.348,0.0174,-0.0593,1.026,129.6,-0.038,0.0636,0.0405,-0.038,-0.1215,1193,1000,864,False
S8::ref=sma/k=3.0/side=up/stop=atr/exit=time/id=441add99f5ce,S8,3083,205.0,0.312,0.037,-0.0401,1.054,91.7,0.0445,0.0539,0.007,0.007,-0.2774,1205,1007,871,False
S8::ref=sma/k=3.0/side=up/stop=ext/exit=rr2/id=44a5807aa48a,S8,3344,223.0,0.272,-0.3301,-0.6618,0.605,1110.1,-0.2941,-0.3612,-0.3433,-0.3612,-0.4518,1295,1098,951,False
S8::ref=sma/k=3.0/side=up/stop=ext/exit=opp_liq/id=e51e5ddd5de9,S8,3325,222.0,0.127,0.1781,-0.26,1.178,234.9,0.2057,0.2183,0.094,0.094,-0.743,1290,1092,943,False
S8::ref=sma/k=3.0/side=up/stop=ext/exit=time/id=2e4967501273,S8,3331,222.0,0.109,0.1547,-0.2423,1.151,265.9,0.3332,0.0539,0.0274,0.0274,-0.9042,1292,1096,943,False
S8::ref=sma/k=3.0/side=down/stop=atr/exit=rr2/id=aa87ad3fb162,S8,3345,223.0,0.344,-0.0282,-0.1075,0.957,132.0,0.0028,-0.05,-0.0399,-0.05,-0.1345,1169,1088,1088,False
S8::ref=sma/k=3.0/side=down/stop=atr/exit=opp_liq/id=ec23e33d76dd,S8,3339,223.0,0.336,-0.012,-0.0914,0.982,100.5,0.0272,-0.0348,-0.0316,-0.0348,-0.1488,1169,1085,1085,False
S8::ref=sma/k=3.0/side=down/stop=atr/exit=time/id=dc3102dd9ed0,S8,3365,224.0,0.297,-0.0172,-0.097,0.975,128.7,0.0246,-0.0603,-0.0186,-0.0603,-0.3208,1172,1100,1093,False
S8::ref=sma/k=3.0/side=down/stop=ext/exit=rr2/id=edfbd43dda69,S8,3741,249.0,0.262,-0.3718,-0.7139,0.566,1390.7,-0.3389,-0.3911,-0.3869,-0.3911,-0.4955,1287,1227,1227,False
S8::ref=sma/k=3.0/side=down/stop=ext/exit=opp_liq/id=04d8d415b328,S8,3709,247.0,0.114,0.1981,-0.2988,1.193,120.3,0.2733,0.1714,0.146,0.146,-0.8043,1278,1213,1218,False
S8::ref=sma/k=3.0/side=down/stop=ext/exit=time/id=6fcb6950a6ea,S8,3717,248.0,0.096,0.1788,-0.2626,1.17,176.9,0.2961,0.0917,0.1427,0.0917,-0.97,1279,1218,1220,False
S8::ref=vwap/k=2.0/side=up/stop=atr/exit=rr2/id=9abf2958718b,S8,5037,336.0,0.359,0.0052,-0.0763,1.008,125.0,-0.0005,-0.016,0.0353,-0.016,-0.0993,1831,1685,1521,False
S8::ref=vwap/k=2.0/side=up/stop=atr/exit=opp_liq/id=6b152eb37257,S8,5142,343.0,0.424,-0.0069,-0.0887,0.988,152.2,-0.0204,-0.0285,0.0332,-0.0285,-0.1094,1871,1717,1554,False
S8::ref=vwap/k=2.0/side=up/stop=atr/exit=time/id=77b1b8f2b7c2,S8,5102,340.0,0.318,0.0245,-0.0578,1.036,88.1,0.0122,0.0353,0.0273,0.0122,-0.2876,1866,1703,1533,False
S8::ref=vwap/k=2.0/side=up/stop=ext/exit=rr2/id=90995510289e,S8,6526,435.0,0.269,-0.3663,-0.7308,0.575,2394.6,-0.3174,-0.4252,-0.3579,-0.4252,-0.4895,2322,2210,1994,False
S8::ref=vwap/k=2.0/side=up/stop=ext/exit=opp_liq/id=302ec3eb627f,S8,6274,418.0,0.142,0.0102,-0.4581,1.01,223.9,0.0844,-0.071,0.0134,-0.071,-0.7508,2245,2124,1905,False
S8::ref=vwap/k=2.0/side=up/stop=ext/exit=time/id=ff52b5bb6bec,S8,6245,416.0,0.086,0.1093,-0.3934,1.102,212.6,0.2072,0.1194,-0.0175,-0.0175,-1.0233,2236,2112,1897,False
S8::ref=vwap/k=2.0/side=down/stop=atr/exit=rr2/id=139b89996aab,S8,5266,351.0,0.346,-0.0316,-0.1138,0.952,271.1,0.02,-0.0639,-0.0552,-0.0639,-0.1381,1857,1736,1673,False
S8::ref=vwap/k=2.0/side=down/stop=atr/exit=opp_liq/id=d52c2662e263,S8,5385,359.0,0.414,-0.0235,-0.106,0.959,220.9,0.0193,-0.0506,-0.0427,-0.0506,-0.1248,1895,1779,1711,False
S8::ref=vwap/k=2.0/side=down/stop=atr/exit=time/id=44fa825a4832,S8,5365,358.0,0.307,-0.0481,-0.1312,0.929,391.6,0.0401,-0.1111,-0.0809,-0.1111,-0.346,1894,1770,1701,False
S8::ref=vwap/k=2.0/side=down/stop=ext/exit=rr2/id=a71a53bba8d6,S8,7214,481.0,0.27,-0.3749,-0.7625,0.568,2715.5,-0.2958,-0.4109,-0.4222,-0.4222,-0.4981,2485,2430,2299,False
S8::ref=vwap/k=2.0/side=down/stop=ext/exit=opp_liq/id=3ccd455ace60,S8,6831,455.0,0.13,0.0337,-0.4766,1.033,549.4,0.2246,-0.1588,0.0307,-0.1588,-0.7934,2340,2287,2204,False
S8::ref=vwap/k=2.0/side=down/stop=ext/exit=time/id=435fb079763f,S8,6818,454.0,0.077,0.0054,-0.4884,1.005,825.8,0.3401,-0.26,-0.0752,-0.26,-1.0855,2338,2281,2199,False
S8::ref=vwap/k=3.0/side=up/stop=atr/exit=rr2/id=0e2979c0d58e,S8,2014,134.0,0.372,0.0396,-0.0447,1.062,68.8,-0.0384,0.044,0.1254,-0.0384,-0.0628,706,701,607,False
S8::ref=vwap/k=3.0/side=up/stop=atr/exit=opp_liq/id=58b4b02f5624,S8,2013,134.0,0.376,0.0277,-0.0566,1.045,76.3,-0.0372,0.0249,0.1066,-0.0372,-0.1005,705,702,606,False
S8::ref=vwap/k=3.0/side=up/stop=atr/exit=time/id=14a2ed2829f0,S8,2026,135.0,0.326,0.0255,-0.0591,1.038,89.2,-0.0288,0.0677,0.0398,-0.0288,-0.2671,710,708,608,False
S8::ref=vwap/k=3.0/side=up/stop=ext/exit=rr2/id=14c5b482d103,S8,2417,161.0,0.284,-0.3291,-0.6918,0.613,796.5,-0.3489,-0.3976,-0.2299,-0.3976,-0.4497,835,838,744,False
S8::ref=vwap/k=3.0/side=up/stop=ext/exit=opp_liq/id=5b00ceaae587,S8,2317,154.0,0.132,0.1457,-0.3495,1.142,172.9,-0.0733,0.2358,0.2906,-0.0733,-0.7605,802,803,712,False
S8::ref=vwap/k=3.0/side=up/stop=ext/exit=time/id=c8c4a501b6ad,S8,2318,154.0,0.101,0.176,-0.2947,1.161,210.6,-0.0171,0.502,0.0253,-0.0171,-0.9707,803,804,711,False
S8::ref=vwap/k=3.0/side=down/stop=atr/exit=rr2/id=d521c96492cb,S8,2206,147.0,0.328,-0.0727,-0.158,0.893,166.4,-0.0623,-0.0388,-0.1187,-0.1187,-0.1812,744,744,718,False
S8::ref=vwap/k=3.0/side=down/stop=atr/exit=opp_liq/id=ae634565e390,S8,2203,147.0,0.331,-0.0585,-0.1437,0.91,132.2,-0.0804,-0.0235,-0.072,-0.0804,-0.191,743,742,718,False
S8::ref=vwap/k=3.0/side=down/stop=atr/exit=time/id=e007e45ceda8,S8,2217,148.0,0.295,-0.1185,-0.2041,0.83,270.4,-0.0892,-0.1071,-0.1608,-0.1608,-0.3921,748,748,721,False
S8::ref=vwap/k=3.0/side=down/stop=ext/exit=rr2/id=166a367f0617,S8,2716,181.0,0.274,-0.3641,-0.7376,0.579,994.6,-0.355,-0.4049,-0.3317,-0.4049,-0.486,883,919,914,False
S8::ref=vwap/k=3.0/side=down/stop=ext/exit=opp_liq/id=80f9ceeca7c9,S8,2584,172.0,0.106,0.0025,-0.5,1.002,259.1,0.2341,-0.1163,-0.1082,-0.1163,-0.9041,856,866,862,False
S8::ref=vwap/k=3.0/side=down/stop=ext/exit=time/id=f0312c2b2bbb,S8,2588,172.0,0.076,-0.1046,-0.5692,0.905,367.2,0.0085,-0.1431,-0.1781,-0.1781,-1.08,857,869,862,False
S9::c4h=up/conf1h=align/lb=10/stop=atr/exit=rr2/id=731bd4dd4aa4,S9,6505,434.0,0.354,-0.0021,-0.0795,0.997,201.6,-0.0556,0.016,0.0294,-0.0556,-0.1071,2053,2273,2179,False
S9::c4h=up/conf1h=align/lb=10/stop=atr/exit=rr3/id=87708e3b3cb7,S9,5647,376.0,0.297,0.0175,-0.06,1.025,208.9,-0.0541,0.0242,0.079,-0.0541,-0.1391,1812,1938,1897,False
S9::c4h=up/conf1h=align/lb=10/stop=structural/exit=rr2/id=84d1d3140099,S9,3789,253.0,0.429,0.0365,-0.0,1.077,87.9,-0.025,0.0461,0.0849,-0.025,-0.0667,1210,1303,1276,False
S9::c4h=up/conf1h=align/lb=10/stop=structural/exit=rr3/id=2eb552214cc7,S9,3608,240.0,0.401,0.0402,0.0028,1.08,89.5,-0.029,0.0399,0.1065,-0.029,-0.1166,1156,1240,1212,False
S9::c4h=up/conf1h=align/lb=20/stop=atr/exit=rr2/id=7197c8c63495,S9,5373,358.0,0.361,0.0232,-0.0552,1.036,125.4,-0.0356,0.0179,0.0814,-0.0356,-0.0803,1640,1902,1831,False
S9::c4h=up/conf1h=align/lb=20/stop=atr/exit=rr3/id=ee6610d98abc,S9,4665,311.0,0.304,0.0561,-0.0229,1.08,113.5,0.0032,0.0485,0.1122,0.0032,-0.0984,1444,1640,1581,False
S9::c4h=up/conf1h=align/lb=20/stop=structural/exit=rr2/id=8815da183383,S9,3101,207.0,0.454,0.0688,0.0383,1.159,43.4,0.0156,0.063,0.1241,0.0156,-0.0329,965,1094,1042,False
S9::c4h=up/conf1h=align/lb=20/stop=structural/exit=rr3/id=047d776a1bcb,S9,2953,197.0,0.433,0.0769,0.046,1.169,47.7,0.0186,0.0622,0.1459,0.0186,-0.0762,919,1037,997,False
S9::c4h=up/conf1h=any/lb=10/stop=atr/exit=rr2/id=bbe90e8a84d5,S9,7834,522.0,0.352,-0.0111,-0.0885,0.983,273.5,-0.0592,-0.0093,0.0333,-0.0592,-0.1164,2481,2773,2580,False
S9::c4h=up/conf1h=any/lb=10/stop=atr/exit=rr3/id=4787b615ea47,S9,6819,454.0,0.294,0.0055,-0.0719,1.008,245.5,-0.0654,0.0015,0.079,-0.0654,-0.1514,2187,2390,2242,False
S9::c4h=up/conf1h=any/lb=10/stop=structural/exit=rr2/id=e701453212ea,S9,4644,310.0,0.419,0.0307,-0.008,1.062,104.0,-0.0336,0.0223,0.1018,-0.0336,-0.0728,1482,1632,1530,False
S9::c4h=up/conf1h=any/lb=10/stop=structural/exit=rr3/id=904767451034,S9,4391,293.0,0.391,0.0373,-0.0025,1.071,119.1,-0.047,0.0363,0.1214,-0.047,-0.1197,1413,1543,1435,False
S9::c4h=up/conf1h=any/lb=20/stop=atr/exit=rr2/id=0121b5da815c,S9,6220,415.0,0.357,0.0116,-0.0678,1.018,142.6,-0.0463,0.0052,0.0711,-0.0463,-0.0928,1907,2218,2095,False
S9::c4h=up/conf1h=any/lb=20/stop=atr/exit=rr3/id=57e47b68c05e,S9,5414,361.0,0.297,0.0384,-0.0414,1.054,129.6,-0.0155,0.0334,0.094,-0.0155,-0.1167,1685,1918,1811,False
S9::c4h=up/conf1h=any/lb=20/stop=structural/exit=rr2/id=9bfaa0f08a0f,S9,3560,237.0,0.447,0.0607,0.029,1.136,38.0,0.0144,0.0495,0.1163,0.0144,-0.0412,1107,1276,1177,False
S9::c4h=up/conf1h=any/lb=20/stop=structural/exit=rr3/id=c1bbd81fd538,S9,3387,226.0,0.427,0.0747,0.0425,1.16,42.2,0.0232,0.0489,0.1507,0.0232,-0.0789,1054,1208,1125,False
S9::c4h=down/conf1h=align/lb=10/stop=atr/exit=rr2/id=e822e79178e9,S9,5644,376.0,0.352,-0.0011,-0.0823,0.998,149.0,0.0318,-0.0256,-0.0254,-0.0256,-0.1064,2408,1713,1523,False
S9::c4h=down/conf1h=align/lb=10/stop=atr/exit=rr3/id=d9fdd00872e4,S9,4954,330.0,0.286,-0.0067,-0.0881,0.991,196.6,0.0322,-0.0321,-0.0395,-0.0395,-0.1642,2108,1501,1345,False
S9::c4h=down/conf1h=align/lb=10/stop=structural/exit=rr2/id=ddaa5ba25af2,S9,3343,223.0,0.405,0.0142,-0.0253,1.029,90.0,0.0701,-0.0268,-0.0243,-0.0268,-0.0901,1390,1026,927,False
S9::c4h=down/conf1h=align/lb=10/stop=structural/exit=rr3/id=f53b48a02bf2,S9,3161,211.0,0.379,0.0051,-0.0355,1.01,108.1,0.0581,-0.0193,-0.0465,-0.0465,-0.1521,1307,973,881,False
S9::c4h=down/conf1h=align/lb=20/stop=atr/exit=rr2/id=94579b3eaae6,S9,4655,310.0,0.356,0.0129,-0.0695,1.02,150.5,0.0543,-0.0094,-0.0262,-0.0262,-0.0912,1961,1436,1258,False
S9::c4h=down/conf1h=align/lb=20/stop=atr/exit=rr3/id=a256636fc39b,S9,4118,274.0,0.291,0.0192,-0.0637,1.027,140.8,0.0562,-0.0112,-0.0046,-0.0112,-0.1366,1748,1258,1112,False
S9::c4h=down/conf1h=align/lb=20/stop=structural/exit=rr2/id=2cb4d3f2fab7,S9,2732,182.0,0.419,0.0345,0.0012,1.075,76.7,0.1009,-0.0139,-0.0116,-0.0139,-0.0683,1136,834,762,False
S9::c4h=down/conf1h=align/lb=20/stop=structural/exit=rr3/id=9d6398d9d453,S9,2586,172.0,0.397,0.0379,0.004,1.078,58.4,0.1089,-0.0212,-0.0024,-0.0212,-0.1173,1071,794,721,False
S9::c4h=down/conf1h=any/lb=10/stop=atr/exit=rr2/id=6cca00a19fb3,S9,6801,453.0,0.35,-0.0105,-0.0922,0.984,213.3,0.0212,-0.04,-0.0277,-0.04,-0.1164,2910,2053,1838,False
S9::c4h=down/conf1h=any/lb=10/stop=atr/exit=rr3/id=30738df8cda7,S9,5949,397.0,0.286,-0.0121,-0.0936,0.983,281.1,0.0272,-0.0401,-0.0427,-0.0427,-0.17,2542,1780,1627,False
S9::c4h=down/conf1h=any/lb=10/stop=structural/exit=rr2/id=9809cc1533d4,S9,4109,274.0,0.401,0.0017,-0.0407,1.003,133.3,0.0519,-0.0334,-0.0347,-0.0347,-0.1031,1708,1255,1146,False
S9::c4h=down/conf1h=any/lb=10/stop=structural/exit=rr3/id=9d510aecbc61,S9,3902,260.0,0.373,-0.0016,-0.0451,0.997,134.4,0.0474,-0.0152,-0.0591,-0.0591,-0.1592,1618,1191,1093,False
S9::c4h=down/conf1h=any/lb=20/stop=atr/exit=rr2/id=fd33089191d0,S9,5372,358.0,0.355,0.0068,-0.0765,1.011,197.5,0.0523,-0.0107,-0.0445,-0.0445,-0.0976,2281,1626,1465,False
S9::c4h=down/conf1h=any/lb=20/stop=atr/exit=rr3/id=c71b1545f0c5,S9,4721,315.0,0.289,0.013,-0.0708,1.018,197.2,0.0556,-0.015,-0.023,-0.023,-0.1438,2017,1413,1291,False
S9::c4h=down/conf1h=any/lb=20/stop=structural/exit=rr2/id=6da3d8f49efc,S9,3144,210.0,0.418,0.0242,-0.0103,1.051,93.6,0.0787,-0.0175,-0.0127,-0.0175,-0.0798,1317,949,878,False
S9::c4h=down/conf1h=any/lb=20/stop=structural/exit=rr3/id=3d653d7933dc,S9,2986,199.0,0.391,0.0223,-0.013,1.045,85.9,0.09,-0.0359,-0.0161,-0.0359,-0.1338,1249,903,834,False
S10::disp_k=1.5/pb=2/side=up/stop=bar/exit=rr2/id=598adad042be,S10,13846,923.0,0.392,0.0082,-0.116,1.013,184.7,-0.0056,0.006,0.0285,-0.0056,-0.0964,5231,4533,4082,False
S10::disp_k=1.5/pb=2/side=up/stop=bar/exit=rr3/id=2f7cd7d33fdd,S10,12404,827.0,0.342,0.0206,-0.1066,1.031,177.5,0.0014,0.0036,0.0635,0.0014,-0.1364,4693,4022,3689,False
S10::disp_k=1.5/pb=2/side=up/stop=bar/exit=trailing/id=9a9bbe550bd9,S10,22909,1527.0,0.333,-0.1239,-0.2681,0.694,2858.3,-0.1221,-0.1384,-0.1097,-0.1384,-0.2851,8675,7582,6652,False
S10::disp_k=1.5/pb=2/side=up/stop=atr/exit=rr2/id=5f9b175bd07b,S10,16022,1068.0,0.346,-0.0159,-0.1025,0.976,437.6,-0.0478,-0.0112,0.0188,-0.0478,-0.1217,5961,5283,4778,False
S10::disp_k=1.5/pb=2/side=up/stop=atr/exit=rr3/id=a241b1b979fa,S10,13549,903.0,0.282,-0.0094,-0.0957,0.987,381.5,-0.055,0.0017,0.0347,-0.055,-0.1678,5017,4480,4052,False
S10::disp_k=1.5/pb=2/side=up/stop=atr/exit=trailing/id=fff97cbf354a,S10,22769,1518.0,0.312,-0.191,-0.2796,0.516,4356.9,-0.1852,-0.2072,-0.1801,-0.2072,-0.3028,8603,7537,6629,False
S10::disp_k=1.5/pb=2/side=down/stop=bar/exit=rr2/id=7df75fdb8ecb,S10,14369,958.0,0.379,-0.0099,-0.1412,0.984,457.1,0.0554,-0.058,-0.0362,-0.058,-0.1155,5258,4738,4373,False
S10::disp_k=1.5/pb=2/side=down/stop=bar/exit=rr3/id=d75a8b28a361,S10,12927,862.0,0.326,-0.0057,-0.137,0.992,428.1,0.0643,-0.0514,-0.0397,-0.0514,-0.1637,4704,4279,3944,False
S10::disp_k=1.5/pb=2/side=down/stop=bar/exit=trailing/id=74a526a753a1,S10,23848,1590.0,0.333,-0.1095,-0.2631,0.735,2631.0,-0.1056,-0.1153,-0.1079,-0.1153,-0.2926,8839,7929,7080,False
S10::disp_k=1.5/pb=2/side=down/stop=atr/exit=rr2/id=b181f994c32a,S10,16344,1089.0,0.341,-0.0252,-0.11,0.962,644.4,0.0236,-0.0485,-0.0593,-0.0593,-0.1316,6020,5405,4919,False
S10::disp_k=1.5/pb=2/side=down/stop=atr/exit=rr3/id=0768ea8f5e3d,S10,13913,927.0,0.275,-0.0253,-0.1106,0.965,654.7,0.0338,-0.063,-0.0554,-0.063,-0.184,5090,4617,4206,False
S10::disp_k=1.5/pb=2/side=down/stop=atr/exit=trailing/id=530e857089cf,S10,23674,1578.0,0.315,-0.1896,-0.2758,0.517,4488.8,-0.1684,-0.2062,-0.1972,-0.2062,-0.3027,8757,7876,7041,False
S10::disp_k=1.5/pb=4/side=up/stop=bar/exit=rr2/id=fa47a4395d98,S10,13848,923.0,0.392,0.0083,-0.1159,1.014,184.7,-0.0056,0.006,0.0287,-0.0056,-0.0963,5231,4533,4084,False
S10::disp_k=1.5/pb=4/side=up/stop=bar/exit=rr3/id=3238a5814fd1,S10,12405,827.0,0.342,0.0205,-0.1067,1.031,177.5,0.0014,0.0036,0.0632,0.0014,-0.1365,4693,4022,3690,False
S10::disp_k=1.5/pb=4/side=up/stop=bar/exit=trailing/id=971b4062e32d,S10,22913,1527.0,0.333,-0.1236,-0.2678,0.695,2852.5,-0.1221,-0.1384,-0.1088,-0.1384,-0.285,8675,7582,6656,False
S10::disp_k=1.5/pb=4/side=up/stop=atr/exit=rr2/id=a01f3429876b,S10,16024,1068.0,0.346,-0.016,-0.1026,0.976,437.6,-0.0478,-0.0112,0.0183,-0.0478,-0.1218,5961,5283,4780,False
S10::disp_k=1.5/pb=4/side=up/stop=atr/exit=rr3/id=998486ad4b2f,S10,13550,903.0,0.282,-0.0095,-0.0958,0.987,381.5,-0.055,0.0017,0.0344,-0.055,-0.1679,5017,4480,4053,False
S10::disp_k=1.5/pb=4/side=up/stop=atr/exit=trailing/id=8298ae83a023,S10,22773,1518.0,0.312,-0.1907,-0.2793,0.517,4351.0,-0.1852,-0.2072,-0.1791,-0.2072,-0.3027,8603,7537,6633,False
S10::disp_k=1.5/pb=4/side=down/stop=bar/exit=rr2/id=cd8935e2bb5c,S10,14377,958.0,0.379,-0.0103,-0.1416,0.983,463.2,0.0554,-0.058,-0.0375,-0.058,-0.1159,5258,4738,4381,False
S10::disp_k=1.5/pb=4/side=down/stop=bar/exit=rr3/id=a630720054a5,S10,12937,862.0,0.326,-0.0061,-0.1373,0.991,432.5,0.0643,-0.0514,-0.0407,-0.0514,-0.1639,4704,4279,3954,False
S10::disp_k=1.5/pb=4/side=down/stop=bar/exit=trailing/id=208de46a2aa8,S10,23864,1591.0,0.333,-0.1095,-0.263,0.735,2631.7,-0.1056,-0.1153,-0.1079,-0.1153,-0.2925,8839,7929,7096,False
S10::disp_k=1.5/pb=4/side=down/stop=atr/exit=rr2/id=eb23bf96b6fb,S10,16353,1090.0,0.341,-0.0256,-0.1103,0.962,650.5,0.0236,-0.0485,-0.0604,-0.0604,-0.1319,6020,5405,4928,False
S10::disp_k=1.5/pb=4/side=down/stop=atr/exit=rr3/id=76eabbd287c7,S10,13919,928.0,0.275,-0.0257,-0.111,0.965,660.7,0.0338,-0.063,-0.0567,-0.063,-0.1844,5090,4617,4212,False
S10::disp_k=1.5/pb=4/side=down/stop=atr/exit=trailing/id=c719356b3e76,S10,23687,1579.0,0.315,-0.1896,-0.2758,0.517,4491.3,-0.1684,-0.2062,-0.1972,-0.2062,-0.3027,8757,7876,7054,False
S10::disp_k=2.0/pb=2/side=up/stop=bar/exit=rr2/id=8373cd91a52b,S10,6695,446.0,0.392,0.0009,-0.099,1.002,107.1,-0.0076,0.0028,0.0104,-0.0076,-0.1038,2599,2213,1883,False
S10::disp_k=2.0/pb=2/side=up/stop=bar/exit=rr3/id=b01299290932,S10,6225,415.0,0.343,0.0013,-0.0985,1.002,124.7,-0.0222,-0.0006,0.0359,-0.0222,-0.157,2411,2053,1761,False
S10::disp_k=2.0/pb=2/side=up/stop=bar/exit=trailing/id=ac73ad5a2c83,S10,9010,601.0,0.323,-0.1237,-0.2351,0.64,1117.9,-0.1113,-0.1367,-0.126,-0.1367,-0.2514,3568,2980,2462,False
S10::disp_k=2.0/pb=2/side=up/stop=atr/exit=rr2/id=994ffbb6a865,S10,7881,525.0,0.346,-0.0156,-0.1041,0.977,225.3,-0.0447,0.0102,-0.0051,-0.0447,-0.1213,3096,2598,2187,False
S10::disp_k=2.0/pb=2/side=up/stop=atr/exit=rr3/id=2b016a4215ac,S10,7163,477.0,0.284,-0.0052,-0.0936,0.993,214.8,-0.0555,0.0227,0.0318,-0.0555,-0.1629,2796,2356,2011,False
S10::disp_k=2.0/pb=2/side=up/stop=atr/exit=trailing/id=80b348f4c819,S10,9003,600.0,0.31,-0.1894,-0.2786,0.52,1709.7,-0.1892,-0.1939,-0.1842,-0.1939,-0.3012,3564,2977,2462,False
S10::disp_k=2.0/pb=2/side=down/stop=bar/exit=rr2/id=a711383247bc,S10,7091,473.0,0.374,-0.0225,-0.1216,0.963,252.6,0.0057,-0.063,-0.0126,-0.063,-0.1289,2718,2383,1990,False
S10::disp_k=2.0/pb=2/side=down/stop=bar/exit=rr3/id=49d46df956df,S10,6597,440.0,0.328,-0.0119,-0.1109,0.982,259.0,0.0409,-0.0568,-0.0293,-0.0568,-0.1703,2511,2222,1864,False
S10::disp_k=2.0/pb=2/side=down/stop=bar/exit=trailing/id=3b139caef325,S10,9665,644.0,0.327,-0.1009,-0.2215,0.713,974.9,-0.0983,-0.0965,-0.1101,-0.1101,-0.2559,3781,3259,2625,False
S10::disp_k=2.0/pb=2/side=down/stop=atr/exit=rr2/id=b014eb990fa1,S10,8330,555.0,0.337,-0.039,-0.1233,0.942,427.1,-0.0215,-0.0584,-0.04,-0.0584,-0.1459,3230,2800,2300,False
S10::disp_k=2.0/pb=2/side=down/stop=atr/exit=rr3/id=6481185eb1dd,S10,7556,504.0,0.272,-0.037,-0.1219,0.95,510.3,0.0186,-0.0814,-0.0603,-0.0814,-0.1962,2909,2534,2113,False
S10::disp_k=2.0/pb=2/side=down/stop=atr/exit=trailing/id=7f7c16f0318e,S10,9656,644.0,0.312,-0.1909,-0.2758,0.518,1843.0,-0.17,-0.2098,-0.1977,-0.2098,-0.3061,3774,3258,2624,False
S10::disp_k=2.0/pb=4/side=up/stop=bar/exit=rr2/id=61b864ca1d16,S10,6697,446.0,0.392,0.0011,-0.0989,1.002,107.1,-0.0076,0.0028,0.0109,-0.0076,-0.1036,2599,2213,1885,False
S10::disp_k=2.0/pb=4/side=up/stop=bar/exit=rr3/id=ccdcd19c902c,S10,6227,415.0,0.344,0.0017,-0.0981,1.003,124.7,-0.0222,-0.0006,0.037,-0.0222,-0.1566,2411,2053,1763,False
S10::disp_k=2.0/pb=4/side=up/stop=bar/exit=trailing/id=64dfc7c2bad5,S10,9012,601.0,0.323,-0.1231,-0.2344,0.642,1112.1,-0.1113,-0.1367,-0.1236,-0.1367,-0.2513,3568,2980,2464,False
S10::disp_k=2.0/pb=4/side=up/stop=atr/exit=rr2/id=6d977b54ebe7,S10,7883,525.0,0.346,-0.0155,-0.104,0.977,225.3,-0.0447,0.0102,-0.0046,-0.0447,-0.1211,3096,2598,2189,False
S10::disp_k=2.0/pb=4/side=up/stop=atr/exit=rr3/id=b258443b1a0d,S10,7165,478.0,0.284,-0.005,-0.0933,0.993,214.8,-0.0555,0.0227,0.0328,-0.0555,-0.1625,2796,2356,2013,False
S10::disp_k=2.0/pb=4/side=up/stop=atr/exit=trailing/id=400c5ce9f352,S10,9005,600.0,0.31,-0.1887,-0.278,0.522,1704.4,-0.1892,-0.1939,-0.1819,-0.1939,-0.3011,3564,2977,2464,False
S10::disp_k=2.0/pb=4/side=down/stop=bar/exit=rr2/id=c93247ce43ee,S10,7099,473.0,0.374,-0.0229,-0.1219,0.963,253.7,0.0057,-0.063,-0.0141,-0.063,-0.1292,2718,2383,1998,False
S10::disp_k=2.0/pb=4/side=down/stop=bar/exit=rr3/id=12aa6671b517,S10,6605,440.0,0.328,-0.0122,-0.1112,0.982,259.0,0.0409,-0.0568,-0.0303,-0.0568,-0.171,2511,2222,1872,False
S10::disp_k=2.0/pb=4/side=down/stop=bar/exit=trailing/id=da7b27d2add1,S10,9674,645.0,0.327,-0.1008,-0.2213,0.713,974.8,-0.0983,-0.0965,-0.1096,-0.1096,-0.2556,3781,3259,2634,False
S10::disp_k=2.0/pb=4/side=down/stop=atr/exit=rr2/id=a1c2d7555350,S10,8338,556.0,0.336,-0.0396,-0.1238,0.941,431.2,-0.0215,-0.0584,-0.042,-0.0584,-0.1464,3230,2800,2308,False
S10::disp_k=2.0/pb=4/side=down/stop=atr/exit=rr3/id=e22a5126c2fb,S10,7563,504.0,0.271,-0.0374,-0.1222,0.949,508.3,0.0186,-0.0814,-0.0616,-0.0814,-0.1969,2909,2534,2120,False
S10::disp_k=2.0/pb=4/side=down/stop=atr/exit=trailing/id=f67d5f62eee1,S10,9665,644.0,0.312,-0.191,-0.2759,0.518,1845.5,-0.17,-0.2098,-0.1979,-0.2098,-0.3062,3774,3258,2633,False
S11::htf=h4/lb=20/stop=struct/exit=rr2/id=576394ea476f,S11,5018,334.0,0.419,-0.0266,-0.0573,0.942,176.4,-0.0168,-0.0155,-0.0505,-0.0505,-0.1328,1826,1673,1519,False
S11::htf=h4/lb=20/stop=struct/exit=rr3/id=6270954a1ce4,S11,4823,321.0,0.404,-0.022,-0.0531,0.954,137.5,-0.0268,-0.0143,-0.0244,-0.0268,-0.1809,1761,1601,1461,False
S11::htf=h4/lb=20/stop=struct/exit=time/id=8bbb79d9a214,S11,6080,405.0,0.443,-0.022,-0.0542,0.942,153.6,-0.0448,0.0108,-0.0305,-0.0448,-0.1606,2234,2015,1831,False
S11::htf=h4/lb=20/stop=atr/exit=rr2/id=842deff14459,S11,8003,533.0,0.333,-0.0567,-0.14,0.915,465.8,-0.0881,-0.0242,-0.0546,-0.0881,-0.1648,2918,2652,2433,False
S11::htf=h4/lb=20/stop=atr/exit=rr3/id=9f70836dd3e6,S11,7199,480.0,0.271,-0.0613,-0.1445,0.916,490.4,-0.1075,-0.0386,-0.0299,-0.1075,-0.2216,2642,2381,2176,False
S11::htf=h4/lb=20/stop=atr/exit=time/id=309918b6bd35,S11,7093,473.0,0.277,-0.0723,-0.1586,0.898,519.5,-0.1175,-0.0291,-0.0645,-0.1175,-0.389,2606,2334,2153,False
S11::htf=h4/lb=50/stop=struct/exit=rr2/id=43a301b668b6,S11,2985,199.0,0.424,-0.0235,-0.0488,0.944,102.4,-0.025,-0.0221,-0.0233,-0.025,-0.1298,1091,1012,882,False
S11::htf=h4/lb=50/stop=struct/exit=rr3/id=8a66eef2043f,S11,2898,193.0,0.414,-0.0246,-0.0501,0.943,108.2,-0.0324,-0.0279,-0.0112,-0.0324,-0.1821,1054,988,856,False
S11::htf=h4/lb=50/stop=struct/exit=time/id=718fc49a0dab,S11,3273,218.0,0.44,-0.0314,-0.0569,0.91,113.4,-0.0374,-0.0197,-0.0372,-0.0374,-0.1611,1189,1104,980,False
S11::htf=h4/lb=50/stop=atr/exit=rr2/id=315176600b63,S11,4216,281.0,0.336,-0.0596,-0.1336,0.91,259.4,-0.0672,-0.0329,-0.0801,-0.0801,-0.1677,1536,1408,1272,False
S11::htf=h4/lb=50/stop=atr/exit=rr3/id=fea609c0cd47,S11,3907,260.0,0.277,-0.0639,-0.1381,0.911,258.1,-0.0693,-0.0491,-0.0738,-0.0738,-0.2245,1434,1305,1168,False
S11::htf=h4/lb=50/stop=atr/exit=time/id=a24ba494e759,S11,3720,248.0,0.28,-0.0589,-0.1347,0.916,221.6,-0.0846,-0.0002,-0.0919,-0.0919,-0.3844,1360,1232,1128,False
S11::htf=h1/lb=20/stop=struct/exit=rr2/id=746a8ea04ece,S11,4736,316.0,0.422,-0.0189,-0.0504,0.959,149.9,-0.0285,-0.0199,-0.0062,-0.0285,-0.1251,1745,1563,1428,False
S11::htf=h1/lb=20/stop=struct/exit=rr3/id=220ec769a7b7,S11,4623,308.0,0.408,-0.0161,-0.0477,0.967,131.9,-0.0303,-0.0289,0.0154,-0.0303,-0.1747,1710,1519,1394,False
S11::htf=h1/lb=20/stop=struct/exit=time/id=b447f7f15570,S11,5743,383.0,0.448,-0.0243,-0.0569,0.936,158.8,-0.0495,0.0052,-0.0255,-0.0495,-0.1637,2110,1878,1755,False
S11::htf=h1/lb=20/stop=atr/exit=rr2/id=8ab507907287,S11,7035,469.0,0.327,-0.0714,-0.1563,0.895,528.2,-0.1146,-0.0349,-0.0583,-0.1146,-0.1798,2583,2283,2169,False
S11::htf=h1/lb=20/stop=atr/exit=rr3/id=3566a22801ab,S11,6524,435.0,0.265,-0.0781,-0.1629,0.894,539.9,-0.1242,-0.0614,-0.0398,-0.1242,-0.2395,2420,2104,2000,False
S11::htf=h1/lb=20/stop=atr/exit=time/id=6f7f84e9359a,S11,6676,445.0,0.275,-0.079,-0.1656,0.889,560.2,-0.1322,-0.0397,-0.0567,-0.1322,-0.3958,2458,2169,2049,False
S11::htf=h1/lb=50/stop=struct/exit=rr2/id=ce641d11c9e5,S11,2386,159.0,0.437,-0.0155,-0.0411,0.963,63.7,0.0019,-0.0321,-0.0192,-0.0321,-0.1212,899,785,702,False
S11::htf=h1/lb=50/stop=struct/exit=rr3/id=2356248feb9e,S11,2364,158.0,0.428,-0.0189,-0.0445,0.956,58.0,-0.0215,-0.0338,0.0013,-0.0338,-0.1762,891,778,695,False
S11::htf=h1/lb=50/stop=struct/exit=time/id=f351c687d481,S11,2493,166.0,0.453,-0.0082,-0.0338,0.976,41.2,-0.0215,-0.0013,0.0009,-0.0215,-0.1432,934,816,743,False
S11::htf=h1/lb=50/stop=atr/exit=rr2/id=03934d54c5b1,S11,2913,194.0,0.327,-0.0871,-0.1615,0.871,260.1,-0.0943,-0.0358,-0.1325,-0.1325,-0.1962,1093,935,885,False
S11::htf=h1/lb=50/stop=atr/exit=rr3/id=1eb716ecddca,S11,2823,188.0,0.264,-0.1169,-0.1912,0.841,334.2,-0.1149,-0.0821,-0.1562,-0.1562,-0.2804,1062,904,857,False
S11::htf=h1/lb=50/stop=atr/exit=time/id=4609e04e16d0,S11,2791,186.0,0.269,-0.0863,-0.1608,0.879,243.7,-0.1588,-0.0117,-0.0751,-0.1588,-0.4141,1050,891,850,False
S12::lb=20/target=center/side=up/stop=ext/exit=rr2/id=884efeda36f3,S12,15532,1035.0,0.445,0.0144,-0.1443,1.025,155.2,0.0391,0.005,-0.0069,-0.0069,-0.0632,5941,4847,4744,False
S12::lb=20/target=center/side=up/stop=ext/exit=opp_liq/id=bc5ae4a425cc,S12,15532,1035.0,0.445,0.0144,-0.1443,1.025,155.2,0.0391,0.005,-0.0069,-0.0069,-0.0632,5941,4847,4744,False
S12::lb=20/target=center/side=up/stop=ext/exit=time/id=ae398fbe752a,S12,13761,917.0,0.313,0.1569,-0.0123,1.221,116.0,0.1724,0.1345,0.1602,0.1345,-0.3486,5291,4267,4203,False
S12::lb=20/target=center/side=up/stop=atr/exit=rr2/id=55889929becf,S12,12871,858.0,0.4,-0.0395,-0.1197,0.935,542.9,-0.0368,-0.037,-0.0456,-0.0456,-0.1202,4859,4184,3828,False
S12::lb=20/target=center/side=up/stop=atr/exit=opp_liq/id=a231b0c6a5e0,S12,12871,858.0,0.4,-0.0395,-0.1197,0.935,542.9,-0.0368,-0.037,-0.0456,-0.0456,-0.1202,4859,4184,3828,False
S12::lb=20/target=center/side=up/stop=atr/exit=time/id=03994b350d04,S12,12037,802.0,0.312,0.0246,-0.0575,1.036,250.8,-0.0128,0.0478,0.0475,-0.0128,-0.2987,4580,3876,3581,False
S12::lb=20/target=center/side=down/stop=ext/exit=rr2/id=061854e10b15,S12,15392,1026.0,0.435,-0.0045,-0.1604,0.992,409.0,0.0483,-0.0463,-0.0267,-0.0463,-0.0832,5818,4830,4744,False
S12::lb=20/target=center/side=down/stop=ext/exit=opp_liq/id=84500b28b2fe,S12,15392,1026.0,0.435,-0.0045,-0.1604,0.992,409.0,0.0483,-0.0463,-0.0267,-0.0463,-0.0832,5818,4830,4744,False
S12::lb=20/target=center/side=down/stop=ext/exit=time/id=3154cc810c20,S12,13544,903.0,0.3,0.0977,-0.0702,1.136,171.4,0.2117,-0.0172,0.0744,-0.0172,-0.3927,5126,4244,4174,False
S12::lb=20/target=center/side=down/stop=atr/exit=rr2/id=4a205e0eb098,S12,12696,846.0,0.401,-0.0369,-0.1177,0.939,536.4,-0.0035,-0.0689,-0.0437,-0.0689,-0.1175,4732,4134,3830,False
S12::lb=20/target=center/side=down/stop=atr/exit=opp_liq/id=2e3340071baf,S12,12696,846.0,0.401,-0.0369,-0.1177,0.939,536.4,-0.0035,-0.0689,-0.0437,-0.0689,-0.1175,4732,4134,3830,False
S12::lb=20/target=center/side=down/stop=atr/exit=time/id=c8ffa857184d,S12,11828,788.0,0.306,-0.0097,-0.0924,0.986,586.0,0.0562,-0.0612,-0.0369,-0.0612,-0.3297,4456,3818,3554,False
S12::lb=20/target=opp/side=up/stop=ext/exit=rr2/id=f99960966d07,S12,14588,972.0,0.395,0.0229,-0.1352,1.036,121.5,0.0536,0.0118,-0.0042,-0.0042,-0.0805,5605,4488,4495,False
S12::lb=20/target=opp/side=up/stop=ext/exit=opp_liq/id=7a03884b28a3,S12,14131,942.0,0.356,0.0937,-0.0786,1.139,139.0,0.1278,0.0927,0.0529,0.0529,-0.2836,5338,4455,4338,False
S12::lb=20/target=opp/side=up/stop=ext/exit=time/id=e888be32717a,S12,13761,917.0,0.313,0.1569,-0.0123,1.221,116.0,0.1724,0.1345,0.1602,0.1345,-0.3486,5291,4267,4203,False
S12::lb=20/target=opp/side=up/stop=atr/exit=rr2/id=079bffb44e2c,S12,11832,789.0,0.349,-0.0268,-0.1061,0.959,380.3,-0.0291,-0.0215,-0.0296,-0.0296,-0.1333,4453,3847,3532,False
S12::lb=20/target=opp/side=up/stop=atr/exit=opp_liq/id=a4d0eb21b7ed,S12,11757,784.0,0.358,-0.0468,-0.1267,0.928,607.0,-0.0465,-0.045,-0.049,-0.049,-0.2116,4378,3864,3515,False
S12::lb=20/target=opp/side=up/stop=atr/exit=time/id=8d71a4773265,S12,12037,802.0,0.312,0.0246,-0.0575,1.036,250.8,-0.0128,0.0478,0.0475,-0.0128,-0.2987,4580,3876,3581,False
S12::lb=20/target=opp/side=down/stop=ext/exit=rr2/id=1f4802bccd15,S12,14507,967.0,0.39,0.0188,-0.1369,1.03,258.2,0.0843,-0.0333,-0.0083,-0.0333,-0.0848,5479,4525,4503,False
S12::lb=20/target=opp/side=down/stop=ext/exit=opp_liq/id=d2c0805c3299,S12,13931,929.0,0.343,0.0557,-0.1088,1.081,211.3,0.1132,-0.0233,0.0678,-0.0233,-0.3227,5178,4428,4325,False
S12::lb=20/target=opp/side=down/stop=ext/exit=time/id=3239702e5486,S12,13544,903.0,0.3,0.0977,-0.0702,1.136,171.4,0.2117,-0.0172,0.0744,-0.0172,-0.3927,5126,4244,4174,False
S12::lb=20/target=opp/side=down/stop=atr/exit=rr2/id=53e18ff4b9c5,S12,11626,775.0,0.347,-0.032,-0.1115,0.951,541.1,0.0206,-0.0755,-0.0504,-0.0755,-0.1386,4351,3776,3499,False
S12::lb=20/target=opp/side=down/stop=atr/exit=opp_liq/id=e5e5b84590b3,S12,11507,767.0,0.355,-0.0538,-0.1342,0.917,660.1,-0.0114,-0.0896,-0.067,-0.0896,-0.22,4267,3786,3454,False
S12::lb=20/target=opp/side=down/stop=atr/exit=time/id=466c9a806eec,S12,11828,788.0,0.306,-0.0097,-0.0924,0.986,586.0,0.0562,-0.0612,-0.0369,-0.0612,-0.3297,4456,3818,3554,False
S12::lb=50/target=center/side=up/stop=ext/exit=rr2/id=8721f8e3734b,S12,10031,669.0,0.451,0.0206,-0.135,1.036,123.0,0.0295,0.012,0.0184,0.012,-0.0566,3893,3189,2949,False
S12::lb=50/target=center/side=up/stop=ext/exit=opp_liq/id=b56b315b2df6,S12,10031,669.0,0.451,0.0206,-0.135,1.036,123.0,0.0295,0.012,0.0184,0.012,-0.0566,3893,3189,2949,False
S12::lb=50/target=center/side=up/stop=ext/exit=time/id=5e45ddac5fa0,S12,9128,608.0,0.327,0.157,-0.0268,1.226,146.0,0.2013,0.1017,0.1575,0.1017,-0.3531,3567,2880,2681,False
S12::lb=50/target=center/side=up/stop=atr/exit=rr2/id=468d391ae410,S12,8486,566.0,0.4,-0.0412,-0.1186,0.932,371.4,-0.061,-0.0398,-0.0162,-0.061,-0.1222,3285,2765,2436,False
S12::lb=50/target=center/side=up/stop=atr/exit=opp_liq/id=dec0081b6501,S12,8486,566.0,0.4,-0.0412,-0.1186,0.932,371.4,-0.061,-0.0398,-0.0162,-0.061,-0.1222,3285,2765,2436,False
S12::lb=50/target=center/side=up/stop=atr/exit=time/id=dad261f8f420,S12,7990,533.0,0.313,-0.0109,-0.0897,0.984,318.3,-0.0503,-0.0056,0.0365,-0.0503,-0.3191,3105,2603,2282,False
S12::lb=50/target=center/side=down/stop=ext/exit=rr2/id=b54aa9c87ad3,S12,10376,692.0,0.455,0.037,-0.1158,1.065,150.6,0.11,-0.0294,0.0193,-0.0294,-0.0394,3802,3311,3263,False
S12::lb=50/target=center/side=down/stop=ext/exit=opp_liq/id=37e992adb2d9,S12,10376,692.0,0.455,0.037,-0.1158,1.065,150.6,0.11,-0.0294,0.0193,-0.0294,-0.0394,3802,3311,3263,False
S12::lb=50/target=center/side=down/stop=ext/exit=time/id=44a252ccc861,S12,9389,626.0,0.32,0.114,-0.0511,1.163,166.9,0.2664,0.0095,0.0404,0.0095,-0.3546,3465,2986,2938,False
S12::lb=50/target=center/side=down/stop=atr/exit=rr2/id=499c58529ca8,S12,8633,575.0,0.4,-0.0442,-0.1223,0.927,426.1,0.0035,-0.0942,-0.0474,-0.0942,-0.1251,3157,2848,2628,False
S12::lb=50/target=center/side=down/stop=atr/exit=opp_liq/id=47ea21c3b8ba,S12,8633,575.0,0.4,-0.0442,-0.1223,0.927,426.1,0.0035,-0.0942,-0.0474,-0.0942,-0.1251,3157,2848,2628,False
S12::lb=50/target=center/side=down/stop=atr/exit=time/id=3036953ac6b2,S12,8240,549.0,0.305,-0.0325,-0.1123,0.952,492.1,0.0466,-0.0899,-0.0649,-0.0899,-0.344,3009,2722,2509,False
S12::lb=50/target=opp/side=up/stop=ext/exit=rr2/id=4e4356274f28,S12,9591,639.0,0.406,0.0318,-0.1241,1.052,95.7,0.0503,0.0282,0.0112,0.0112,-0.0711,3743,3022,2826,False
S12::lb=50/target=opp/side=up/stop=ext/exit=opp_liq/id=c50325466585,S12,9210,614.0,0.347,0.0926,-0.082,1.136,183.4,0.1173,0.0774,0.0761,0.0761,-0.2934,3593,2902,2715,False
S12::lb=50/target=opp/side=up/stop=ext/exit=time/id=ce26612da248,S12,9128,608.0,0.327,0.157,-0.0268,1.226,146.0,0.2013,0.1017,0.1575,0.1017,-0.3531,3567,2880,2681,False
S12::lb=50/target=opp/side=up/stop=atr/exit=rr2/id=9330085e16da,S12,7997,533.0,0.351,-0.0301,-0.107,0.954,294.9,-0.0536,-0.0141,-0.0164,-0.0536,-0.1364,3099,2612,2286,False
S12::lb=50/target=opp/side=up/stop=atr/exit=opp_liq/id=65bd7e7e858b,S12,7792,519.0,0.334,-0.0463,-0.1232,0.931,397.3,-0.0742,-0.0386,-0.0173,-0.0742,-0.2278,3017,2533,2242,False
S12::lb=50/target=opp/side=up/stop=atr/exit=time/id=d1bafb9ab83a,S12,7990,533.0,0.313,-0.0109,-0.0897,0.984,318.3,-0.0503,-0.0056,0.0365,-0.0503,-0.3191,3105,2603,2282,False
S12::lb=50/target=opp/side=down/stop=ext/exit=rr2/id=edd6d941dc56,S12,9899,660.0,0.409,0.055,-0.0989,1.09,84.2,0.1345,-0.0145,0.0321,-0.0145,-0.0466,3640,3145,3114,False
S12::lb=50/target=opp/side=down/stop=ext/exit=opp_liq/id=8a464d591e9b,S12,9415,628.0,0.342,0.08,-0.0814,1.117,149.5,0.1642,-0.0302,0.0944,-0.0302,-0.298,3453,3020,2942,False
S12::lb=50/target=opp/side=down/stop=ext/exit=time/id=14c2f9a94953,S12,9389,626.0,0.32,0.114,-0.0511,1.163,166.9,0.2664,0.0095,0.0404,0.0095,-0.3546,3465,2986,2938,False
S12::lb=50/target=opp/side=down/stop=atr/exit=rr2/id=c5b2ee74609f,S12,8081,539.0,0.344,-0.0494,-0.1268,0.925,476.0,0.0116,-0.116,-0.0512,-0.116,-0.1571,2966,2653,2462,False
S12::lb=50/target=opp/side=down/stop=atr/exit=opp_liq/id=a3b1c1ef8152,S12,7906,527.0,0.328,-0.0606,-0.1385,0.91,522.1,-0.001,-0.1191,-0.0685,-0.1191,-0.2445,2892,2620,2394,False
S12::lb=50/target=opp/side=down/stop=atr/exit=time/id=6589dac79349,S12,8240,549.0,0.305,-0.0325,-0.1123,0.952,492.1,0.0466,-0.0899,-0.0649,-0.0899,-0.344,3009,2722,2509,False
S13::fvg=bull/mode=revert/stop=atr/exit=rr2/id=7d288aa44d52,S13,15985,1065.0,0.355,-0.0152,-0.0891,0.976,577.0,0.0342,-0.0625,-0.021,-0.0625,-0.121,5717,5349,4919,False
S13::fvg=bull/mode=revert/stop=atr/exit=rr3/id=510ac5e46521,S13,14349,956.0,0.301,-0.015,-0.0894,0.978,641.1,0.0663,-0.076,-0.0433,-0.076,-0.1732,5141,4834,4374,False
S13::fvg=bull/mode=revert/stop=atr/exit=time/id=847bd8442fd9,S13,16437,1096.0,0.315,-0.0122,-0.0933,0.982,586.5,0.0448,-0.0443,-0.0439,-0.0443,-0.3137,5900,5551,4986,False
S13::fvg=bull/mode=revert/stop=struct/exit=rr2/id=88e91b513f2a,S13,16242,1083.0,0.345,-0.0934,-0.2667,0.859,1538.1,-0.0299,-0.1264,-0.1279,-0.1279,-0.2032,5644,5503,5095,False
S13::fvg=bull/mode=revert/stop=struct/exit=rr3/id=c19e46089801,S13,15505,1033.0,0.295,-0.0602,-0.2399,0.916,1128.1,0.0052,-0.0925,-0.0973,-0.0973,-0.2206,5365,5249,4891,False
S13::fvg=bull/mode=revert/stop=struct/exit=time/id=4dc74e99096f,S13,17983,1199.0,0.229,0.0127,-0.2011,1.016,722.5,0.12,-0.0389,-0.0512,-0.0512,-0.5862,6281,6075,5627,False
S13::fvg=bull/mode=continue/stop=atr/exit=rr2/id=0d7b4bb5fda5,S13,14737,982.0,0.353,-0.0196,-0.0941,0.969,595.1,-0.0589,-0.0152,0.0229,-0.0589,-0.1257,5354,4954,4429,False
S13::fvg=bull/mode=continue/stop=atr/exit=rr3/id=92c44db05e64,S13,12629,842.0,0.306,0.0049,-0.0693,1.007,363.5,-0.0465,0.0073,0.0637,-0.0465,-0.1524,4588,4221,3820,False
S13::fvg=bull/mode=continue/stop=atr/exit=time/id=45116649200d,S13,13739,916.0,0.32,0.0182,-0.062,1.028,373.9,-0.0414,0.0249,0.0819,-0.0414,-0.2907,4984,4583,4172,False
S13::fvg=bull/mode=continue/stop=struct/exit=rr2/id=145ca0309052,S13,9481,632.0,0.416,0.0131,-0.0327,1.025,182.2,-0.0358,0.0113,0.0734,-0.0358,-0.0914,3448,3143,2890,False
S13::fvg=bull/mode=continue/stop=struct/exit=rr3/id=e163b8574296,S13,8930,595.0,0.386,0.0206,-0.0268,1.037,176.6,-0.0327,0.0251,0.0795,-0.0327,-0.136,3246,2975,2709,False
S13::fvg=bull/mode=continue/stop=struct/exit=time/id=4f482077b2c8,S13,11904,793.0,0.409,0.0107,-0.04,1.022,242.8,-0.023,0.0009,0.0613,-0.023,-0.1963,4298,3973,3633,False
S13::fvg=bear/mode=revert/stop=atr/exit=rr2/id=ca7798ad102e,S13,15834,1055.0,0.358,-0.0167,-0.0913,0.974,417.2,-0.0301,-0.0008,-0.0179,-0.0301,-0.1228,5858,5265,4711,False
S13::fvg=bear/mode=revert/stop=atr/exit=rr3/id=c0550e6f7931,S13,14226,948.0,0.307,-0.0012,-0.0758,0.998,356.0,-0.0349,0.023,0.0138,-0.0349,-0.1588,5273,4725,4228,False
S13::fvg=bear/mode=revert/stop=atr/exit=time/id=48f41df6b3e6,S13,16239,1082.0,0.32,0.025,-0.0562,1.038,171.8,0.0009,0.0373,0.0412,0.0009,-0.286,6025,5397,4817,False
S13::fvg=bear/mode=revert/stop=struct/exit=rr2/id=47435eb4b26f,S13,15276,1018.0,0.357,-0.074,-0.2293,0.886,1159.3,-0.0602,-0.0656,-0.1002,-0.1002,-0.1828,5593,5123,4560,False
S13::fvg=bear/mode=revert/stop=struct/exit=rr3/id=5d2ef9f29b15,S13,14591,973.0,0.308,-0.0427,-0.2034,0.939,702.6,-0.0437,-0.0338,-0.0514,-0.0514,-0.2023,5320,4876,4395,False
S13::fvg=bear/mode=revert/stop=struct/exit=time/id=93c2f08e2d23,S13,17069,1138.0,0.254,0.0821,-0.1244,1.109,248.0,0.123,0.0919,0.0214,0.0214,-0.523,6249,5692,5128,False
S13::fvg=bear/mode=continue/stop=atr/exit=rr2/id=40b384c05a71,S13,14953,997.0,0.349,-0.0215,-0.0966,0.967,445.8,-0.0026,-0.0305,-0.0351,-0.0351,-0.1275,5568,4985,4400,False
S13::fvg=bear/mode=continue/stop=atr/exit=rr3/id=9d0cacb4669c,S13,12846,856.0,0.292,-0.0254,-0.1006,0.964,519.1,0.0096,-0.0392,-0.0538,-0.0538,-0.1842,4770,4270,3806,False
S13::fvg=bear/mode=continue/stop=atr/exit=time/id=3a00150fe4e8,S13,13533,902.0,0.304,-0.0245,-0.1063,0.963,538.0,0.0144,-0.0556,-0.0381,-0.0556,-0.3384,4997,4488,4048,False
S13::fvg=bear/mode=continue/stop=struct/exit=rr2/id=4b3c803923f9,S13,9774,651.0,0.39,-0.0112,-0.0599,0.979,270.4,0.0237,-0.026,-0.037,-0.037,-0.1169,3563,3251,2960,False
S13::fvg=bear/mode=continue/stop=struct/exit=rr3/id=dc5ea49a2430,S13,9104,607.0,0.359,-0.0062,-0.0567,0.989,268.3,0.0438,-0.0326,-0.0372,-0.0372,-0.1642,3318,3017,2769,False
S13::fvg=bear/mode=continue/stop=struct/exit=time/id=e02b9ffcb705,S13,11775,785.0,0.39,-0.0115,-0.0657,0.977,333.1,0.0261,-0.0337,-0.0326,-0.0337,-0.2334,4303,3918,3554,False
S14::roc_k=0.004/side=up/stop=atr/exit=rr2/id=dc07a2d5d013,S14,1334,89.0,0.373,-0.0176,-0.0479,0.971,46.6,-0.018,0.0167,-0.0378,-0.0378,-0.1226,560,290,484,False
S14::roc_k=0.004/side=up/stop=atr/exit=time/id=0a92dfb7435e,S14,1335,89.0,0.396,0.0443,0.0139,1.078,40.6,0.1026,0.0566,-0.0298,-0.0298,-0.186,558,289,488,False
S14::roc_k=0.004/side=up/stop=bar/exit=rr2/id=e8c5cccad921,S14,1407,94.0,0.329,-0.0657,-0.1642,0.904,109.2,-0.0463,0.0077,-0.1305,-0.1305,-0.1737,584,304,519,False
S14::roc_k=0.004/side=up/stop=bar/exit=time/id=b3c023533ed5,S14,1380,92.0,0.238,0.1533,0.0544,1.198,112.4,0.4853,-0.0511,-0.0986,-0.0986,-0.4207,571,299,510,False
S14::roc_k=0.004/side=down/stop=atr/exit=rr2/id=25e44853ad0f,S14,1239,83.0,0.344,-0.0936,-0.1255,0.852,155.0,-0.1239,-0.1915,-0.0019,-0.1915,-0.2019,535,255,449,False
S14::roc_k=0.004/side=down/stop=atr/exit=time/id=4c47c202af20,S14,1232,82.0,0.348,-0.0752,-0.1073,0.874,115.1,-0.0804,-0.1427,-0.0301,-0.1427,-0.3084,529,257,446,False
S14::roc_k=0.004/side=down/stop=bar/exit=rr2/id=ddcf7bcae297,S14,1329,89.0,0.296,-0.1603,-0.2756,0.778,219.2,-0.187,-0.1236,-0.1502,-0.187,-0.2729,562,273,494,False
S14::roc_k=0.004/side=down/stop=bar/exit=time/id=35eda8bdb094,S14,1302,87.0,0.18,0.0058,-0.1104,1.007,137.2,-0.117,0.0062,0.1458,-0.117,-0.6234,551,268,483,False
S14::roc_k=0.008/side=up/stop=atr/exit=rr2/id=740429c8a6dc,S14,216,14.0,0.31,-0.1491,-0.1678,0.772,36.8,-0.2357,-0.1376,-0.0618,-0.2357,-0.2534,91,40,85,False
S14::roc_k=0.008/side=up/stop=atr/exit=time/id=8154b76e6f87,S14,218,15.0,0.353,-0.0715,-0.09,0.883,19.4,-0.1403,0.0442,-0.0538,-0.1403,-0.282,91,41,86,False
S14::roc_k=0.008/side=up/stop=bar/exit=rr2/id=09f108ac8c4d,S14,224,15.0,0.295,-0.136,-0.1878,0.806,37.4,-0.1455,0.0121,-0.1941,-0.1941,-0.2462,94,41,89,False
S14::roc_k=0.008/side=up/stop=bar/exit=time/id=cd25f6ae443f,S14,221,15.0,0.217,-0.2211,-0.2731,0.715,55.7,-0.337,-0.0578,-0.1761,-0.337,-0.5361,92,41,88,False
S14::roc_k=0.008/side=down/stop=atr/exit=rr2/id=577ef6a5e47c,S14,193,13.0,0.332,-0.1309,-0.1542,0.792,31.7,-0.2636,-0.1706,0.0469,-0.2636,-0.2351,86,35,72,False
S14::roc_k=0.008/side=down/stop=atr/exit=time/id=29321d88f1f3,S14,192,13.0,0.385,-0.1003,-0.1237,0.822,19.0,-0.1115,-0.249,-0.0134,-0.249,-0.2767,86,35,71,False
S14::roc_k=0.008/side=down/stop=bar/exit=rr2/id=c7564958f7ac,S14,204,14.0,0.279,-0.2083,-0.2799,0.713,41.5,-0.2003,-0.3409,-0.1558,-0.3409,-0.322,87,37,80,False
S14::roc_k=0.008/side=down/stop=bar/exit=time/id=46ee85750c1b,S14,204,14.0,0.216,-0.1418,-0.2133,0.82,45.2,-0.3504,-0.0518,0.0434,-0.3504,-0.5723,87,37,80,False
S15::htf=h4/exp_k=1.5/stop=atr/exit=rr2/id=ac373f9fe529,S15,15435,1029.0,0.348,-0.0027,-0.0902,0.996,336.4,0.0087,-0.037,0.0215,-0.037,-0.1077,5733,5115,4587,False
S15::htf=h4/exp_k=1.5/stop=atr/exit=rr3/id=156e0d2b8f7e,S15,13394,893.0,0.283,0.013,-0.0747,1.018,324.7,0.0237,-0.0433,0.062,-0.0433,-0.1437,4968,4427,3999,False
S15::htf=h4/exp_k=1.5/stop=atr/exit=trailing/id=f94c5c39ea68,S15,20947,1396.0,0.319,-0.1774,-0.2662,0.545,3715.7,-0.1718,-0.2051,-0.153,-0.2051,-0.2946,7858,6967,6122,False
S15::htf=h4/exp_k=1.5/stop=struct/exit=rr2/id=8b325961eb20,S15,9568,638.0,0.395,0.0121,-0.0428,1.022,221.2,0.0319,-0.0253,0.0288,-0.0253,-0.0925,3517,3159,2892,False
S15::htf=h4/exp_k=1.5/stop=struct/exit=rr3/id=575feb9b44e2,S15,8910,594.0,0.356,0.0197,-0.0369,1.033,164.6,0.0329,-0.016,0.0426,-0.016,-0.137,3276,2939,2695,False
S15::htf=h4/exp_k=1.5/stop=struct/exit=trailing/id=e85c8ae2e4f3,S15,20953,1397.0,0.319,-0.0947,-0.1452,0.558,1985.6,-0.0928,-0.108,-0.0821,-0.108,-0.1684,7860,6970,6123,False
S15::htf=h4/exp_k=2.0/stop=atr/exit=rr2/id=56b325295fca,S15,7912,527.0,0.347,0.001,-0.0881,1.002,150.5,0.0243,-0.0384,0.0162,-0.0384,-0.1037,3139,2663,2110,False
S15::htf=h4/exp_k=2.0/stop=atr/exit=rr3/id=c9628f9c3e55,S15,7281,485.0,0.28,0.019,-0.0706,1.026,148.1,0.0366,-0.0245,0.0473,-0.0245,-0.1376,2884,2442,1955,False
S15::htf=h4/exp_k=2.0/stop=atr/exit=trailing/id=ffb2c12e4698,S15,8735,582.0,0.323,-0.1646,-0.2548,0.576,1436.7,-0.1503,-0.1941,-0.1482,-0.1941,-0.287,3488,2959,2288,False
S15::htf=h4/exp_k=2.0/stop=struct/exit=rr2/id=79ad7cfbce69,S15,5504,367.0,0.409,0.0185,-0.0242,1.036,67.7,0.0227,-0.0054,0.0417,-0.0054,-0.0861,2126,1851,1527,False
S15::htf=h4/exp_k=2.0/stop=struct/exit=rr3/id=c991e55d1d8c,S15,5230,349.0,0.378,0.021,-0.0227,1.038,81.1,0.0399,-0.0161,0.0399,-0.0161,-0.1355,2004,1769,1457,False
S15::htf=h4/exp_k=2.0/stop=struct/exit=trailing/id=c8175027c69a,S15,8735,582.0,0.323,-0.0744,-0.1158,0.573,649.6,-0.0686,-0.0848,-0.0699,-0.0848,-0.1336,3488,2959,2288,False
S15::htf=h1/exp_k=1.5/stop=atr/exit=rr2/id=f921deafa374,S15,15766,1051.0,0.344,-0.0112,-0.0984,0.983,335.8,-0.0158,-0.0259,0.0111,-0.0259,-0.1168,5923,5221,4622,False
S15::htf=h1/exp_k=1.5/stop=atr/exit=rr3/id=af7a47fc7883,S15,13656,910.0,0.28,0.0101,-0.0774,1.014,226.6,0.0066,-0.0239,0.0527,-0.0239,-0.1468,5155,4491,4010,False
S15::htf=h1/exp_k=1.5/stop=atr/exit=trailing/id=3d62ddd9a828,S15,21350,1423.0,0.319,-0.1778,-0.2666,0.545,3797.9,-0.1668,-0.205,-0.1607,-0.205,-0.295,8100,7132,6118,False
S15::htf=h1/exp_k=1.5/stop=struct/exit=rr2/id=5c0f0c8bea7c,S15,9184,612.0,0.401,0.0014,-0.0483,1.003,133.8,-0.0015,-0.0039,0.011,-0.0039,-0.1038,3437,3003,2744,False
S15::htf=h1/exp_k=1.5/stop=struct/exit=rr3/id=030bb8576890,S15,8619,574.0,0.37,0.0201,-0.0309,1.036,80.9,0.01,0.0075,0.0464,0.0075,-0.1367,3230,2808,2581,False
S15::htf=h1/exp_k=1.5/stop=struct/exit=trailing/id=22221a2bce90,S15,21352,1423.0,0.319,-0.0894,-0.1368,0.554,1908.7,-0.0864,-0.101,-0.0798,-0.101,-0.1575,8102,7132,6118,False
S15::htf=h1/exp_k=2.0/stop=atr/exit=rr2/id=3cd6bbfec4b5,S15,8355,557.0,0.346,-0.0017,-0.0901,0.997,167.4,-0.0041,-0.025,0.0317,-0.025,-0.1067,3373,2794,2188,False
S15::htf=h1/exp_k=2.0/stop=atr/exit=rr3/id=e382f9edb6f3,S15,7650,510.0,0.28,0.0192,-0.0694,1.026,119.9,0.0097,-0.0032,0.062,-0.0032,-0.1374,3091,2536,2023,False
S15::htf=h1/exp_k=2.0/stop=atr/exit=trailing/id=41a5ed66ea52,S15,9241,616.0,0.321,-0.1643,-0.2538,0.579,1518.0,-0.1525,-0.1898,-0.1495,-0.1898,-0.287,3749,3111,2381,False
S15::htf=h1/exp_k=2.0/stop=struct/exit=rr2/id=1d163a6c6ded,S15,5652,377.0,0.412,0.0105,-0.0293,1.021,71.8,0.0158,-0.0154,0.0348,-0.0154,-0.0941,2216,1894,1542,False
S15::htf=h1/exp_k=2.0/stop=struct/exit=rr3/id=6388a42c389f,S15,5383,359.0,0.386,0.0124,-0.0281,1.024,70.2,0.0237,-0.0254,0.043,-0.0254,-0.1443,2090,1815,1478,False
S15::htf=h1/exp_k=2.0/stop=struct/exit=trailing/id=2834060a4707,S15,9241,616.0,0.321,-0.0705,-0.1098,0.576,651.8,-0.0644,-0.079,-0.0691,-0.079,-0.1272,3749,3111,2381,False
S16::level=pdh/mode=breakout/stop=atr/exit=rr2/id=393fe65826e6,S16,3489,233.0,0.371,0.0474,-0.0254,1.075,87.7,-0.0034,0.035,0.1101,-0.0034,-0.0553,1154,1172,1163,False
S16::level=pdh/mode=breakout/stop=atr/exit=time/id=632b508386aa,S16,3561,237.0,0.33,0.0911,0.0173,1.14,101.3,0.0332,0.0833,0.1556,0.0332,-0.2235,1168,1200,1193,False
S16::level=pdh/mode=breakout/stop=level/exit=rr2/id=b199b1bfaaed,S16,4978,332.0,0.291,-0.2557,-0.5356,0.679,1292.3,-0.2652,-0.2672,-0.2343,-0.2672,-0.3733,1636,1699,1643,False
S16::level=pdh/mode=breakout/stop=level/exit=time/id=cbc63251c2c6,S16,4952,330.0,0.138,-0.0586,-0.3402,0.939,648.5,-0.1797,-0.0318,0.0351,-0.1797,-0.8237,1634,1689,1629,False
S16::level=pdh/mode=reject/stop=atr/exit=rr2/id=658bc52e380d,S16,3642,243.0,0.36,0.0029,-0.0708,1.005,133.7,0.0594,-0.0084,-0.0432,-0.0432,-0.1018,1203,1280,1159,False
S16::level=pdh/mode=reject/stop=atr/exit=time/id=4339b4e9d57d,S16,3686,246.0,0.324,-0.0011,-0.0761,0.998,129.0,0.0486,-0.0079,-0.0449,-0.0449,-0.2898,1214,1299,1173,False
S16::level=pdh/mode=reject/stop=level/exit=rr2/id=412089fa9568,S16,6328,422.0,0.276,-0.3069,-0.6142,0.626,1948.9,-0.3329,-0.3293,-0.2549,-0.3329,-0.4274,2117,2208,2003,False
S16::level=pdh/mode=reject/stop=level/exit=time/id=737f9c3e1ff0,S16,6287,419.0,0.117,-0.0176,-0.3905,0.982,551.1,0.0777,-0.0896,-0.0389,-0.0896,-0.9096,2102,2194,1991,False
S16::level=pdl/mode=breakout/stop=atr/exit=rr2/id=b56862c6e902,S16,3450,230.0,0.352,-0.0129,-0.0947,0.98,93.4,-0.0274,0.0088,-0.0184,-0.0274,-0.1183,1269,1117,1064,False
S16::level=pdl/mode=breakout/stop=atr/exit=time/id=e2c580e49857,S16,3546,236.0,0.327,0.0207,-0.0625,1.032,82.0,0.0025,0.06,0.0013,0.0013,-0.266,1312,1147,1087,False
S16::level=pdl/mode=breakout/stop=level/exit=rr2/id=82f6223f230c,S16,4731,315.0,0.31,-0.2435,-0.499,0.676,1162.8,-0.2475,-0.2937,-0.1837,-0.2937,-0.3607,1737,1565,1429,False
S16::level=pdl/mode=breakout/stop=level/exit=time/id=9bd222e9b45d,S16,4784,319.0,0.189,0.0923,-0.1911,1.106,259.4,-0.0067,-0.0176,0.3299,-0.0176,-0.7376,1748,1578,1458,False
S16::level=pdl/mode=reject/stop=atr/exit=rr2/id=a18cfb9b6310,S16,3577,238.0,0.352,-0.0069,-0.0807,0.989,133.0,0.033,-0.0304,-0.0325,-0.0325,-0.1117,1359,1177,1041,False
S16::level=pdl/mode=reject/stop=atr/exit=time/id=19b92339e1e9,S16,3600,240.0,0.305,0.035,-0.0406,1.052,152.0,0.1339,-0.0149,-0.0358,-0.0358,-0.3022,1355,1183,1062,False
S16::level=pdl/mode=reject/stop=level/exit=rr2/id=f3eeb519bf00,S16,6252,417.0,0.274,-0.3025,-0.6089,0.629,1897.3,-0.259,-0.3355,-0.3209,-0.3355,-0.4227,2337,2050,1865,False
S16::level=pdl/mode=reject/stop=level/exit=time/id=08a878babfb2,S16,6185,412.0,0.114,-0.0321,-0.3883,0.968,836.0,0.0783,-0.2206,0.0362,-0.2206,-0.9292,2323,2025,1837,False
S16::level=pd_open/mode=breakout/stop=atr/exit=rr2/id=bb037b85143f,S16,3766,251.0,0.345,-0.0413,-0.123,0.937,190.8,-0.0395,-0.071,-0.0096,-0.071,-0.1485,1317,1304,1145,False
S16::level=pd_open/mode=breakout/stop=atr/exit=time/id=e84e8b77b898,S16,3882,259.0,0.301,0.026,-0.0574,1.039,87.2,0.0299,0.0037,0.0471,0.0037,-0.3041,1354,1348,1180,False
S16::level=pd_open/mode=breakout/stop=level/exit=rr2/id=e277e582efea,S16,5350,357.0,0.284,-0.2954,-0.5872,0.63,1582.8,-0.2942,-0.3308,-0.254,-0.3308,-0.4152,1829,1925,1596,False
S16::level=pd_open/mode=breakout/stop=level/exit=time/id=51bfc4cd8d48,S16,5385,359.0,0.141,0.0166,-0.3495,1.017,346.7,0.0513,-0.128,0.1513,-0.128,-0.8622,1855,1933,1597,False
S16::level=pd_open/mode=reject/stop=atr/exit=rr2/id=156071e50766,S16,3974,265.0,0.366,0.0242,-0.0538,1.038,54.4,0.0369,0.0008,0.0359,0.0008,-0.0792,1411,1366,1197,False
S16::level=pd_open/mode=reject/stop=atr/exit=time/id=5b706f523a90,S16,4063,271.0,0.322,0.0437,-0.0367,1.067,89.8,0.0692,0.0629,-0.0087,-0.0087,-0.2781,1434,1415,1214,False
S16::level=pd_open/mode=reject/stop=level/exit=rr2/id=967ea06ab8ff,S16,7216,481.0,0.274,-0.3165,-0.6383,0.618,2298.8,-0.3247,-0.389,-0.2173,-0.389,-0.4373,2514,2598,2104,False
S16::level=pd_open/mode=reject/stop=level/exit=time/id=c3a3d3c36bfd,S16,7145,476.0,0.111,0.0025,-0.3665,1.002,437.0,0.057,-0.078,0.0363,-0.078,-0.9259,2493,2567,2085,False
S16::level=pd_close/mode=breakout/stop=atr/exit=rr2/id=0bcbf075211c,S16,7524,501.0,0.348,-0.0132,-0.1017,0.98,263.9,-0.0668,-0.0106,0.049,-0.0668,-0.119,2773,2460,2291,False
S16::level=pd_close/mode=breakout/stop=atr/exit=time/id=8b586b06d4c0,S16,7856,524.0,0.305,0.0139,-0.0763,1.02,279.1,-0.0803,0.0648,0.0727,-0.0803,-0.2971,2888,2573,2395,False
S16::level=pd_close/mode=breakout/stop=level/exit=rr2/id=8e242f6b5f8c,S16,11090,739.0,0.279,-0.3086,-0.626,0.627,3430.6,-0.3058,-0.3719,-0.2425,-0.3719,-0.4292,4109,3652,3329,False
S16::level=pd_close/mode=breakout/stop=level/exit=time/id=3d8c3544ab5f,S16,11084,739.0,0.118,-0.0144,-0.3996,0.986,873.5,-0.0467,-0.0178,0.0295,-0.0467,-0.9046,4114,3653,3317,False
S16::level=pd_close/mode=reject/stop=atr/exit=rr2/id=8a89b715756b,S16,8859,590.0,0.35,-0.0051,-0.095,0.992,153.7,0.0173,-0.032,-0.0032,-0.032,-0.1101,3289,2923,2647,False
S16::level=pd_close/mode=reject/stop=atr/exit=time/id=6dba9921916e,S16,9150,610.0,0.289,-0.0154,-0.1086,0.978,377.9,0.0356,-0.0507,-0.04,-0.0507,-0.3483,3404,3048,2698,False
S16::level=pd_close/mode=reject/stop=level/exit=rr2/id=7d038552a3dd,S16,15949,1063.0,0.279,-0.3066,-0.6243,0.629,4891.7,-0.3168,-0.3307,-0.2659,-0.3307,-0.4271,6004,5307,4638,False
S16::level=pd_close/mode=reject/stop=level/exit=time/id=1dde601437aa,S16,15707,1047.0,0.107,-0.0719,-0.4688,0.929,1873.0,-0.0029,-0.1067,-0.1215,-0.1215,-0.9554,5918,5238,4551,False
S16::level=pd_mid/mode=breakout/stop=atr/exit=rr2/id=e627a52023e6,S16,4827,322.0,0.35,-0.026,-0.1077,0.96,147.4,-0.0355,-0.0253,-0.0157,-0.0355,-0.1324,1718,1609,1500,False
S16::level=pd_mid/mode=breakout/stop=atr/exit=time/id=5ccacc4eb3c6,S16,5026,335.0,0.32,0.0217,-0.0614,1.033,96.8,0.0039,0.015,0.0491,0.0039,-0.2874,1799,1657,1570,False
S16::level=pd_mid/mode=breakout/stop=level/exit=rr2/id=002093a01023,S16,7229,482.0,0.279,-0.2996,-0.5947,0.632,2180.0,-0.306,-0.3817,-0.2018,-0.3817,-0.4198,2554,2451,2224,False
S16::level=pd_mid/mode=breakout/stop=level/exit=time/id=8e602aa7edd0,S16,7234,482.0,0.128,-0.0793,-0.4054,0.919,1135.1,-0.1346,-0.1733,0.0871,-0.1733,-0.8826,2555,2448,2231,False
S16::level=pd_mid/mode=reject/stop=atr/exit=rr2/id=14e48f7b0fe4,S16,5431,362.0,0.35,-0.0098,-0.0894,0.985,134.1,0.0144,-0.0438,-0.0015,-0.0438,-0.1152,1951,1802,1678,False
S16::level=pd_mid/mode=reject/stop=atr/exit=time/id=abca2f67a8ea,S16,5546,370.0,0.305,0.0137,-0.0685,1.02,131.1,0.0509,0.0002,-0.015,-0.015,-0.3178,1992,1847,1707,False
S16::level=pd_mid/mode=reject/stop=level/exit=rr2/id=bd4c35cd67f0,S16,9965,664.0,0.27,-0.3301,-0.6563,0.605,3292.9,-0.332,-0.3882,-0.2625,-0.3882,-0.4518,3582,3378,3005,False
S16::level=pd_mid/mode=reject/stop=level/exit=time/id=87daea156d82,S16,9871,658.0,0.101,-0.1451,-0.5137,0.859,1665.8,-0.1984,-0.2301,0.014,-0.2301,-0.9749,3559,3338,2974,False
S17::level=pw_high/mode=breakout/stop=atr/exit=rr2/id=3cf289079abb,S17,1225,82.0,0.398,0.1144,0.0463,1.194,22.6,0.1594,0.0633,0.1224,0.0633,0.0157,393,413,419,True
S17::level=pw_high/mode=breakout/stop=atr/exit=rr3/id=32f61005d21e,S17,1202,80.0,0.341,0.1308,0.0628,1.203,28.0,0.1021,0.0976,0.1905,0.0976,-0.0195,387,404,411,False
S17::level=pw_high/mode=breakout/stop=atr/exit=time/id=1a970484b4c4,S17,1278,85.0,0.346,0.1671,0.0967,1.272,28.6,0.1822,0.0887,0.2306,0.0887,-0.1527,415,430,433,False
S17::level=pw_high/mode=breakout/stop=level/exit=rr2/id=8e505c486732,S17,1823,122.0,0.313,-0.1936,-0.4826,0.749,365.2,-0.2664,-0.2069,-0.1062,-0.2664,-0.3083,619,598,606,False
S17::level=pw_high/mode=breakout/stop=level/exit=rr3/id=07492e6a10b3,S17,1818,121.0,0.259,-0.1251,-0.4169,0.849,294.5,-0.203,-0.1634,-0.0081,-0.203,-0.2872,619,593,606,False
S17::level=pw_high/mode=breakout/stop=level/exit=time/id=596b48794dd2,S17,1823,122.0,0.152,0.3118,-0.0214,1.331,159.9,0.4602,0.2348,0.2352,0.2348,-0.7342,622,595,606,False
S17::level=pw_high/mode=reject/stop=atr/exit=rr2/id=e1cacf17ee34,S17,1309,87.0,0.338,-0.0594,-0.126,0.91,100.9,-0.0628,-0.0242,-0.091,-0.091,-0.1667,435,436,438,False
S17::level=pw_high/mode=reject/stop=atr/exit=rr3/id=e1a1b035b2c4,S17,1264,84.0,0.282,-0.0888,-0.1555,0.876,133.5,-0.1099,-0.0247,-0.132,-0.132,-0.2505,417,423,424,False
S17::level=pw_high/mode=reject/stop=atr/exit=time/id=f5afb9813f83,S17,1357,90.0,0.304,-0.0832,-0.153,0.876,135.6,-0.1286,0.0441,-0.1654,-0.1654,-0.354,454,453,450,False
S17::level=pw_high/mode=reject/stop=level/exit=rr2/id=d4ebd5de4eda,S17,2383,159.0,0.261,-0.3451,-0.6588,0.586,842.7,-0.3477,-0.3526,-0.335,-0.3526,-0.4677,821,784,778,False
S17::level=pw_high/mode=reject/stop=level/exit=rr3/id=d0def30800cb,S17,2380,159.0,0.215,-0.2886,-0.6095,0.673,721.6,-0.3417,-0.2449,-0.2768,-0.3417,-0.4608,820,784,776,False
S17::level=pw_high/mode=reject/stop=level/exit=time/id=49ace1f70a44,S17,2368,158.0,0.111,-0.0529,-0.3353,0.947,385.1,-0.3142,0.2413,-0.0746,-0.3142,-0.9287,814,780,774,False
S17::level=pw_low/mode=breakout/stop=atr/exit=rr2/id=0844bea87b6d,S17,1025,68.0,0.366,0.0184,-0.0513,1.029,27.7,0.0119,0.0107,0.034,0.0107,-0.0851,400,306,319,False
S17::level=pw_low/mode=breakout/stop=atr/exit=rr3/id=9e787294901a,S17,1012,67.0,0.325,0.0501,-0.0193,1.075,41.3,0.0718,-0.0236,0.0932,-0.0236,-0.1028,394,301,317,False
S17::level=pw_low/mode=breakout/stop=atr/exit=time/id=a796bc2ad97e,S17,1054,70.0,0.361,0.0576,-0.0132,1.093,44.1,0.0967,-0.0418,0.104,-0.0418,-0.2101,408,315,331,False
S17::level=pw_low/mode=breakout/stop=level/exit=rr2/id=24a7bed581c8,S17,1506,100.0,0.293,-0.2696,-0.5569,0.648,412.7,-0.2184,-0.2399,-0.3552,-0.3552,-0.3882,571,440,495,False
S17::level=pw_low/mode=breakout/stop=level/exit=rr3/id=e8a7b6a062cc,S17,1506,100.0,0.248,-0.2185,-0.5051,0.732,335.6,-0.1741,-0.163,-0.3189,-0.3189,-0.3863,571,440,495,False
S17::level=pw_low/mode=breakout/stop=level/exit=time/id=bb2c5c9975fa,S17,1506,100.0,0.173,-0.1187,-0.4156,0.867,281.7,-0.218,-0.1294,0.0055,-0.218,-0.7818,571,440,495,False
S17::level=pw_low/mode=reject/stop=atr/exit=rr2/id=7e021251f9b2,S17,1152,77.0,0.365,0.0076,-0.059,1.012,50.6,0.0554,0.0002,-0.0464,-0.0464,-0.0959,452,346,354,False
S17::level=pw_low/mode=reject/stop=atr/exit=rr3/id=db1861ef8c0e,S17,1107,74.0,0.306,-0.0046,-0.0713,0.993,50.1,-0.0037,0.0148,-0.0249,-0.0249,-0.1614,430,337,340,False
S17::level=pw_low/mode=reject/stop=atr/exit=time/id=4d4fb7453d08,S17,1182,79.0,0.321,0.0367,-0.0324,1.057,39.6,0.0763,0.02,0.0024,0.0024,-0.2607,465,357,360,False
S17::level=pw_low/mode=reject/stop=level/exit=rr2/id=cc2b76158c0a,S17,2080,139.0,0.294,-0.2482,-0.5485,0.688,520.0,-0.2706,-0.2704,-0.2011,-0.2706,-0.3661,811,602,667,False
S17::level=pw_low/mode=reject/stop=level/exit=rr3/id=89fd2d4a395f,S17,2075,138.0,0.244,-0.1728,-0.4679,0.796,378.0,-0.1881,-0.2063,-0.1241,-0.2063,-0.3379,809,601,665,False
S17::level=pw_low/mode=reject/stop=level/exit=time/id=375320ab4166,S17,2066,138.0,0.127,0.0831,-0.239,1.085,172.3,0.0325,0.2858,-0.0387,-0.0387,-0.8561,805,599,662,False
S18::hour=0/side=up/stop=atr/exit=rr2/id=18995ee3f508,S18,3868,258.0,0.344,-0.0075,-0.1227,0.989,190.8,0.0036,-0.0777,0.0562,-0.0777,-0.1127,1400,1290,1178,False
S18::hour=0/side=up/stop=atr/exit=time/id=2f80a0854e1a,S18,3868,258.0,0.302,0.067,-0.0482,1.095,106.8,0.0789,0.0016,0.1246,0.0016,-0.2511,1400,1290,1178,False
S18::hour=0/side=down/stop=atr/exit=rr2/id=3933c532ec9c,S18,3868,258.0,0.328,-0.0584,-0.1737,0.915,253.9,-0.0694,-0.0195,-0.0879,-0.0879,-0.1661,1400,1290,1178,False
S18::hour=0/side=down/stop=atr/exit=time/id=7519e0304882,S18,3868,258.0,0.275,-0.08,-0.1952,0.89,367.0,-0.1,-0.0222,-0.1193,-0.1193,-0.3884,1400,1290,1178,False
S18::hour=7/side=up/stop=atr/exit=rr2/id=84fa79d34cbd,S18,3871,258.0,0.331,-0.0366,-0.1348,0.947,271.8,-0.1499,0.0377,0.0171,-0.1499,-0.143,1403,1290,1178,False
S18::hour=7/side=up/stop=atr/exit=time/id=5d69bddda6bf,S18,3871,258.0,0.244,-0.0179,-0.1161,0.977,246.7,-0.1302,0.1116,-0.0258,-0.1302,-0.3852,1403,1290,1178,False
S18::hour=7/side=down/stop=atr/exit=rr2/id=6e8f22e464d4,S18,3871,258.0,0.353,0.0326,-0.0657,1.049,175.5,0.1958,-0.0656,-0.0545,-0.0656,-0.0703,1403,1290,1178,False
S18::hour=7/side=down/stop=atr/exit=time/id=4c33c3529833,S18,3871,258.0,0.255,0.0826,-0.0157,1.109,153.0,0.2576,0.0357,-0.0745,-0.0745,-0.322,1403,1290,1178,False
S18::hour=8/side=up/stop=atr/exit=rr2/id=0505bddd45bd,S18,3870,258.0,0.337,-0.0165,-0.0986,0.976,198.5,-0.1371,0.0778,0.0239,-0.1371,-0.122,1402,1290,1178,False
S18::hour=8/side=up/stop=atr/exit=time/id=a8dce8a9e2df,S18,3870,258.0,0.252,-0.0112,-0.0934,0.985,208.9,-0.133,0.0834,0.03,-0.133,-0.3641,1402,1290,1178,False
S18::hour=8/side=down/stop=atr/exit=rr2/id=6d6e01cf7df5,S18,3870,258.0,0.351,0.0287,-0.0535,1.043,144.6,0.1449,-0.0555,-0.0175,-0.0555,-0.0745,1402,1290,1178,False
S18::hour=8/side=down/stop=atr/exit=time/id=72b732ae40c1,S18,3870,258.0,0.26,0.0767,-0.0054,1.103,114.8,0.2403,0.003,-0.0373,-0.0373,-0.3233,1402,1290,1178,False
S18::hour=13/side=up/stop=atr/exit=rr2/id=b3972cc4fc60,S18,3871,258.0,0.331,-0.0669,-0.1316,0.901,266.3,-0.1399,-0.0105,-0.0418,-0.1399,-0.1751,1403,1290,1178,False
S18::hour=13/side=up/stop=atr/exit=time/id=4b207f8a28f8,S18,3871,258.0,0.278,-0.0091,-0.0738,0.987,229.4,-0.1441,0.0806,0.0534,-0.1441,-0.3406,1403,1290,1178,False
S18::hour=13/side=down/stop=atr/exit=rr2/id=ba3e8d0cdb51,S18,3871,258.0,0.357,0.0232,-0.0415,1.036,119.8,0.0841,-0.0374,0.017,-0.0374,-0.0804,1403,1290,1178,False
S18::hour=13/side=down/stop=atr/exit=time/id=ce76669a3b2a,S18,3870,258.0,0.301,0.0461,-0.0186,1.067,132.3,0.092,-0.0481,0.0946,-0.0481,-0.2827,1402,1290,1178,False
S18::hour=14/side=up/stop=atr/exit=rr2/id=5c2df100922a,S18,3870,258.0,0.378,-0.0061,-0.0581,0.99,82.1,-0.0225,0.013,-0.0073,-0.0225,-0.1112,1402,1290,1178,False
S18::hour=14/side=up/stop=atr/exit=time/id=73f518c1f181,S18,3870,258.0,0.38,0.0317,-0.0203,1.055,71.8,-0.0231,0.0732,0.0515,-0.0231,-0.2206,1402,1290,1178,False
S18::hour=14/side=down/stop=atr/exit=rr2/id=f1704085cbda,S18,3870,258.0,0.388,0.0324,-0.0196,1.055,41.3,0.0681,-0.0131,0.0398,-0.0131,-0.0709,1402,1290,1178,False
S18::hour=14/side=down/stop=atr/exit=time/id=42345e7a0115,S18,3870,258.0,0.387,0.0338,-0.0182,1.06,78.0,0.0806,-0.0474,0.067,-0.0474,-0.202,1402,1290,1178,False
S18::hour=20/side=up/stop=atr/exit=rr2/id=00d840de0b48,S18,3754,250.0,0.363,0.0146,-0.0669,1.023,159.6,-0.0418,-0.0366,0.1383,-0.0418,-0.0896,1363,1252,1139,False
S18::hour=20/side=up/stop=atr/exit=time/id=2341cf9911de,S18,3754,250.0,0.381,0.0715,-0.01,1.121,86.7,0.0166,0.0149,0.1995,0.0149,-0.1833,1363,1252,1139,False
S18::hour=20/side=down/stop=atr/exit=rr2/id=cb138a3ebeb7,S18,3754,250.0,0.304,-0.1585,-0.2401,0.773,606.9,-0.1414,-0.1565,-0.1813,-0.1813,-0.2716,1363,1252,1139,False
S18::hour=20/side=down/stop=atr/exit=time/id=576878020bea,S18,3754,250.0,0.311,-0.2005,-0.282,0.693,794.0,-0.2066,-0.159,-0.2388,-0.2388,-0.4195,1363,1252,1139,False
S20::ctx=h4up/trig=sweep/lb=20/stop=atr/exit=rr2/id=3a706309724e,S20,5422,361.0,0.355,-0.0066,-0.0863,0.99,127.4,-0.022,-0.0199,0.0208,-0.022,-0.1119,1693,1874,1855,False
S20::ctx=h4up/trig=sweep/lb=20/stop=atr/exit=rr3/id=2e3173e82bb9,S20,5195,346.0,0.299,0.0063,-0.0732,1.009,151.2,-0.037,-0.0038,0.0561,-0.037,-0.1504,1625,1796,1774,False
S20::ctx=h4up/trig=sweep/lb=20/stop=struct/exit=rr2/id=e0fbd9b72762,S20,7168,478.0,0.339,-0.0569,-0.2564,0.918,449.9,-0.0265,-0.0577,-0.0831,-0.0831,-0.1645,2194,2505,2469,False
S20::ctx=h4up/trig=sweep/lb=20/stop=struct/exit=rr3/id=aeba12c174db,S20,7006,467.0,0.273,-0.0249,-0.2282,0.967,248.9,-0.0034,-0.0188,-0.0501,-0.0501,-0.1833,2152,2438,2416,False
S20::ctx=h4up/trig=sweep/lb=50/stop=atr/exit=rr2/id=6544e1055802,S20,2846,190.0,0.365,-0.0017,-0.0723,0.997,78.8,-0.0419,-0.0097,0.0461,-0.0419,-0.1065,911,1000,935,False
S20::ctx=h4up/trig=sweep/lb=50/stop=atr/exit=rr3/id=2035a47f10f7,S20,2814,188.0,0.313,-0.0006,-0.0713,0.999,109.4,-0.0624,-0.0043,0.064,-0.0624,-0.1573,904,989,921,False
S20::ctx=h4up/trig=sweep/lb=50/stop=struct/exit=rr2/id=9817380f7313,S20,3557,237.0,0.345,-0.0411,-0.2136,0.94,162.6,-0.0211,-0.0367,-0.0652,-0.0652,-0.1476,1134,1253,1170,False
S20::ctx=h4up/trig=sweep/lb=50/stop=struct/exit=rr3/id=e52173c0e7d7,S20,3556,237.0,0.281,-0.023,-0.1962,0.969,117.8,-0.0153,-0.0478,-0.0038,-0.0478,-0.1807,1133,1253,1170,False
S20::ctx=h4up/trig=breakout/lb=20/stop=atr/exit=rr2/id=46535c69df4e,S20,4988,332.0,0.353,0.0042,-0.0752,1.006,151.2,-0.0322,-0.0241,0.0637,-0.0322,-0.1004,1448,1802,1738,False
S20::ctx=h4up/trig=breakout/lb=20/stop=atr/exit=rr3/id=d56463b3c20a,S20,4392,293.0,0.295,0.0436,-0.0366,1.062,84.5,0.001,0.0072,0.1187,0.001,-0.1112,1299,1584,1509,False
S20::ctx=h4up/trig=breakout/lb=20/stop=struct/exit=rr2/id=e38573221e35,S20,2981,199.0,0.449,0.0511,0.0225,1.117,39.0,-0.0054,0.0273,0.1248,-0.0054,-0.0514,889,1066,1026,False
S20::ctx=h4up/trig=breakout/lb=20/stop=struct/exit=rr3/id=620b1397f746,S20,2826,188.0,0.433,0.0729,0.0436,1.16,31.3,0.0278,0.0389,0.148,0.0278,-0.0805,841,1019,966,False
S20::ctx=h4up/trig=breakout/lb=50/stop=atr/exit=rr2/id=318a7fa2d6ad,S20,3407,227.0,0.364,0.0298,-0.0414,1.047,63.2,0.0003,0.0055,0.0781,0.0003,-0.0734,958,1243,1206,False
S20::ctx=h4up/trig=breakout/lb=50/stop=atr/exit=rr3/id=601e20753a4a,S20,3002,200.0,0.309,0.0681,-0.0039,1.098,67.5,0.0698,-0.0081,0.1469,-0.0081,-0.0859,853,1101,1048,False
S20::ctx=h4up/trig=breakout/lb=50/stop=struct/exit=rr2/id=2d575a7b2184,S20,2087,139.0,0.473,0.0678,0.0439,1.173,24.0,0.0192,0.052,0.1248,0.0192,-0.0334,608,752,727,False
S20::ctx=h4up/trig=breakout/lb=50/stop=struct/exit=rr3/id=0d1fa905aa13,S20,1998,133.0,0.459,0.0894,0.0651,1.219,21.4,0.0488,0.0747,0.1392,0.0488,-0.062,585,723,690,False
S20::ctx=h4down/trig=sweep/lb=20/stop=atr/exit=rr2/id=032b33d8c24e,S20,4875,325.0,0.347,-0.0304,-0.1153,0.954,175.8,-0.0185,-0.0464,-0.0288,-0.0464,-0.1366,1908,1557,1410,False
S20::ctx=h4down/trig=sweep/lb=20/stop=atr/exit=rr3/id=87f40d60aeee,S20,4653,310.0,0.289,-0.0226,-0.1069,0.968,167.9,-0.0,-0.0689,-0.0026,-0.0689,-0.1808,1820,1476,1357,False
S20::ctx=h4down/trig=sweep/lb=20/stop=struct/exit=rr2/id=747b051a2364,S20,6745,450.0,0.336,-0.0704,-0.2902,0.9,547.9,-0.0066,-0.1137,-0.1041,-0.1137,-0.1787,2546,2163,2036,False
S20::ctx=h4down/trig=sweep/lb=20/stop=struct/exit=rr3/id=f93fb926d53f,S20,6592,439.0,0.268,-0.0363,-0.2579,0.953,325.7,0.0207,-0.0502,-0.093,-0.093,-0.195,2490,2119,1983,False
S20::ctx=h4down/trig=sweep/lb=50/stop=atr/exit=rr2/id=cf9a652bfc5c,S20,2713,181.0,0.363,0.0024,-0.0751,1.004,61.2,0.0301,-0.0167,-0.0144,-0.0167,-0.1022,1065,862,786,False
S20::ctx=h4down/trig=sweep/lb=50/stop=atr/exit=rr3/id=fccfa9236270,S20,2666,178.0,0.306,0.0017,-0.0759,1.002,77.7,0.0373,-0.0354,-0.006,-0.0354,-0.1554,1049,846,771,False
S20::ctx=h4down/trig=sweep/lb=50/stop=struct/exit=rr2/id=f277ddab6ba1,S20,3522,235.0,0.348,-0.03,-0.2242,0.956,190.9,0.0591,-0.0899,-0.0755,-0.0899,-0.1362,1314,1138,1070,False
S20::ctx=h4down/trig=sweep/lb=50/stop=struct/exit=rr3/id=059ed4619cbd,S20,3518,234.0,0.275,-0.0225,-0.2186,0.97,177.6,0.0679,-0.0743,-0.0783,-0.0783,-0.18,1311,1138,1069,False
S20::ctx=h4down/trig=breakout/lb=20/stop=atr/exit=rr2/id=23636e441696,S20,4188,279.0,0.343,-0.0215,-0.1046,0.967,204.8,-0.0027,-0.025,-0.0469,-0.0469,-0.1276,1787,1255,1146,False
S20::ctx=h4down/trig=breakout/lb=20/stop=atr/exit=rr3/id=36d92be97715,S20,3757,250.0,0.279,-0.0111,-0.0943,0.985,170.3,0.0164,-0.0259,-0.0376,-0.0376,-0.1684,1605,1117,1035,False
S20::ctx=h4down/trig=breakout/lb=20/stop=struct/exit=rr2/id=89856b8593ec,S20,2571,171.0,0.415,0.0163,-0.0147,1.035,64.0,0.0618,-0.0368,0.0058,-0.0368,-0.0879,1076,779,716,False
S20::ctx=h4down/trig=breakout/lb=20/stop=struct/exit=rr3/id=639d93ff9b03,S20,2451,163.0,0.389,0.0031,-0.0285,1.006,76.0,0.0427,-0.04,-0.0098,-0.04,-0.1535,1026,739,686,False
S20::ctx=h4down/trig=breakout/lb=50/stop=atr/exit=rr2/id=41e042348a82,S20,2759,184.0,0.346,-0.0157,-0.0888,0.976,122.7,0.0272,-0.0858,-0.0031,-0.0858,-0.1208,1152,843,764,False
S20::ctx=h4down/trig=breakout/lb=50/stop=atr/exit=rr3/id=0285c46a5fcc,S20,2492,166.0,0.286,-0.0064,-0.08,0.991,125.0,0.0453,-0.085,0.0022,-0.085,-0.1635,1043,762,687,False
S20::ctx=h4down/trig=breakout/lb=50/stop=struct/exit=rr2/id=5cf327ba4bc8,S20,1762,117.0,0.422,-0.003,-0.0283,0.993,70.3,0.0379,-0.0508,-0.0101,-0.0508,-0.108,729,552,481,False
S20::ctx=h4down/trig=breakout/lb=50/stop=struct/exit=rr3/id=155a0dde5ae1,S20,1690,113.0,0.405,-0.0033,-0.0291,0.993,69.6,0.0404,-0.0596,-0.0047,-0.0596,-0.1608,696,529,465,False
S21::side=high/lb=20/min_touches=2/stop=beyond_raid/exit=rr2/id=6ddb75c3f9b1,S21,15140,1009.0,0.332,-0.0743,-0.2821,0.895,1306.0,0.0069,-0.0996,-0.1146,-0.1146,-0.183,4371,5261,5508,False
S21::side=high/lb=20/min_touches=2/stop=beyond_raid/exit=rr3/id=9bd19b58b59f,S21,14908,994.0,0.262,-0.0527,-0.2615,0.932,1037.6,0.031,-0.0716,-0.1013,-0.1013,-0.2126,4311,5184,5413,False
S21::side=high/lb=20/min_touches=2/stop=beyond_raid/exit=time/id=83afeeb7c0cd,S21,15221,1015.0,0.175,-0.0113,-0.2252,0.987,1024.8,0.1324,-0.0102,-0.1263,-0.1263,-0.6266,4400,5277,5544,False
S21::side=high/lb=20/min_touches=2/stop=structural/exit=rr2/id=419b6f2b9820,S21,15140,1009.0,0.332,-0.0743,-0.2821,0.895,1306.0,0.0069,-0.0996,-0.1146,-0.1146,-0.183,4371,5261,5508,False
S21::side=high/lb=20/min_touches=2/stop=structural/exit=rr3/id=92c2f52d807e,S21,14908,994.0,0.262,-0.0527,-0.2615,0.932,1037.6,0.031,-0.0716,-0.1013,-0.1013,-0.2126,4311,5184,5413,False
S21::side=high/lb=20/min_touches=2/stop=structural/exit=time/id=438297af3fe1,S21,15221,1015.0,0.175,-0.0113,-0.2252,0.987,1024.8,0.1324,-0.0102,-0.1263,-0.1263,-0.6266,4400,5277,5544,False
S21::side=high/lb=20/min_touches=3/stop=beyond_raid/exit=rr2/id=118e534bfbc5,S21,13165,877.0,0.333,-0.0724,-0.2784,0.897,1098.3,-0.0072,-0.0905,-0.1038,-0.1038,-0.1809,3650,4580,4935,False
S21::side=high/lb=20/min_touches=3/stop=beyond_raid/exit=rr3/id=1d2c77411d2b,S21,13026,868.0,0.261,-0.0547,-0.2616,0.93,877.2,0.0077,-0.0663,-0.0902,-0.0902,-0.2147,3622,4528,4876,False
S21::side=high/lb=20/min_touches=3/stop=beyond_raid/exit=time/id=5248a7e09333,S21,13200,880.0,0.173,-0.0335,-0.2442,0.962,848.8,0.0238,0.0152,-0.1208,-0.1208,-0.6376,3657,4585,4958,False
S21::side=high/lb=20/min_touches=3/stop=structural/exit=rr2/id=70f3e2286bff,S21,13165,877.0,0.333,-0.0724,-0.2784,0.897,1098.3,-0.0072,-0.0905,-0.1038,-0.1038,-0.1809,3650,4580,4935,False
S21::side=high/lb=20/min_touches=3/stop=structural/exit=rr3/id=154fcbe42db3,S21,13026,868.0,0.261,-0.0547,-0.2616,0.93,877.2,0.0077,-0.0663,-0.0902,-0.0902,-0.2147,3622,4528,4876,False
S21::side=high/lb=20/min_touches=3/stop=structural/exit=time/id=e54a14fcf54d,S21,13200,880.0,0.173,-0.0335,-0.2442,0.962,848.8,0.0238,0.0152,-0.1208,-0.1208,-0.6376,3657,4585,4958,False
S21::side=high/lb=50/min_touches=2/stop=beyond_raid/exit=rr2/id=5e21555a93c6,S21,9056,604.0,0.329,-0.0806,-0.2694,0.886,829.7,-0.0039,-0.0768,-0.1394,-0.1394,-0.1894,2441,3226,3389,False
S21::side=high/lb=50/min_touches=2/stop=beyond_raid/exit=rr3/id=9cb1406f0b2b,S21,9040,603.0,0.257,-0.0798,-0.2694,0.898,849.2,-0.0082,-0.0864,-0.1251,-0.1251,-0.2412,2436,3218,3386,False
S21::side=high/lb=50/min_touches=2/stop=beyond_raid/exit=time/id=7673eebe0149,S21,9008,600.0,0.181,-0.0394,-0.2292,0.954,709.6,0.0386,0.0217,-0.1533,-0.1533,-0.6213,2421,3209,3378,False
S21::side=high/lb=50/min_touches=2/stop=structural/exit=rr2/id=8ae37b21dd9a,S21,9056,604.0,0.329,-0.0806,-0.2694,0.886,829.7,-0.0039,-0.0768,-0.1394,-0.1394,-0.1894,2441,3226,3389,False
S21::side=high/lb=50/min_touches=2/stop=structural/exit=rr3/id=4333b55f6e96,S21,9040,603.0,0.257,-0.0798,-0.2694,0.898,849.2,-0.0082,-0.0864,-0.1251,-0.1251,-0.2412,2436,3218,3386,False
S21::side=high/lb=50/min_touches=2/stop=structural/exit=time/id=09cb83b59711,S21,9008,600.0,0.181,-0.0394,-0.2292,0.954,709.6,0.0386,0.0217,-0.1533,-0.1533,-0.6213,2421,3209,3378,False
S21::side=high/lb=50/min_touches=3/stop=beyond_raid/exit=rr2/id=cb04cf58e874,S21,7777,518.0,0.328,-0.0823,-0.2701,0.883,716.2,-0.0074,-0.0772,-0.1376,-0.1376,-0.1911,2007,2794,2976,False
S21::side=high/lb=50/min_touches=3/stop=beyond_raid/exit=rr3/id=b5b264337f6c,S21,7763,517.0,0.255,-0.0808,-0.2688,0.897,718.2,-0.0152,-0.0773,-0.1282,-0.1282,-0.2422,2003,2787,2973,False
S21::side=high/lb=50/min_touches=3/stop=beyond_raid/exit=time/id=118ac6fa9ab6,S21,7738,516.0,0.179,-0.0438,-0.2317,0.949,640.5,0.0177,0.0371,-0.1611,-0.1611,-0.6221,1992,2781,2965,False
S21::side=high/lb=50/min_touches=3/stop=structural/exit=rr2/id=39cb3f818d83,S21,7777,518.0,0.328,-0.0823,-0.2701,0.883,716.2,-0.0074,-0.0772,-0.1376,-0.1376,-0.1911,2007,2794,2976,False
S21::side=high/lb=50/min_touches=3/stop=structural/exit=rr3/id=3dd5162d12f3,S21,7763,517.0,0.255,-0.0808,-0.2688,0.897,718.2,-0.0152,-0.0773,-0.1282,-0.1282,-0.2422,2003,2787,2973,False
S21::side=high/lb=50/min_touches=3/stop=structural/exit=time/id=6f843c376d79,S21,7738,516.0,0.179,-0.0438,-0.2317,0.949,640.5,0.0177,0.0371,-0.1611,-0.1611,-0.6221,1992,2781,2965,False
S21::side=low/lb=20/min_touches=2/stop=beyond_raid/exit=rr2/id=b61f7b31fafc,S21,13119,874.0,0.343,-0.0432,-0.237,0.938,602.6,-0.0313,-0.0334,-0.0643,-0.0643,-0.1501,4473,4187,4459,False
S21::side=low/lb=20/min_touches=2/stop=beyond_raid/exit=rr3/id=b6042a0464b9,S21,12915,861.0,0.274,-0.0163,-0.2102,0.979,323.7,-0.0148,-0.0116,-0.0221,-0.0221,-0.1745,4400,4105,4410,False
S21::side=low/lb=20/min_touches=2/stop=beyond_raid/exit=time/id=3932ff8f6b76,S21,13282,885.0,0.196,0.0793,-0.1223,1.093,466.3,0.0056,0.1315,0.1039,0.0056,-0.5663,4518,4252,4512,False
S21::side=low/lb=20/min_touches=2/stop=structural/exit=rr2/id=830bd5c6cce3,S21,13119,874.0,0.343,-0.0432,-0.237,0.938,602.6,-0.0313,-0.0334,-0.0643,-0.0643,-0.1501,4473,4187,4459,False
S21::side=low/lb=20/min_touches=2/stop=structural/exit=rr3/id=ce79aed0aafc,S21,12915,861.0,0.274,-0.0163,-0.2102,0.979,323.7,-0.0148,-0.0116,-0.0221,-0.0221,-0.1745,4400,4105,4410,False
S21::side=low/lb=20/min_touches=2/stop=structural/exit=time/id=c046a503fcdb,S21,13282,885.0,0.196,0.0793,-0.1223,1.093,466.3,0.0056,0.1315,0.1039,0.0056,-0.5663,4518,4252,4512,False
S21::side=low/lb=20/min_touches=3/stop=beyond_raid/exit=rr2/id=8b780a1416b6,S21,11176,745.0,0.344,-0.0383,-0.2315,0.944,510.9,-0.0277,-0.0256,-0.0602,-0.0602,-0.145,3738,3547,3891,False
S21::side=low/lb=20/min_touches=3/stop=beyond_raid/exit=rr3/id=cb1ecefe4497,S21,11052,737.0,0.274,-0.0162,-0.2098,0.979,322.3,-0.0171,-0.0131,-0.0182,-0.0182,-0.1745,3691,3499,3862,False
S21::side=low/lb=20/min_touches=3/stop=beyond_raid/exit=time/id=648784953d37,S21,11232,749.0,0.196,0.098,-0.1047,1.115,330.9,0.0302,0.1421,0.1228,0.0302,-0.5638,3747,3572,3913,False
S21::side=low/lb=20/min_touches=3/stop=structural/exit=rr2/id=3b098ef3e526,S21,11176,745.0,0.344,-0.0383,-0.2315,0.944,510.9,-0.0277,-0.0256,-0.0602,-0.0602,-0.145,3738,3547,3891,False
S21::side=low/lb=20/min_touches=3/stop=structural/exit=rr3/id=a1769a802095,S21,11052,737.0,0.274,-0.0162,-0.2098,0.979,322.3,-0.0171,-0.0131,-0.0182,-0.0182,-0.1745,3691,3499,3862,False
S21::side=low/lb=20/min_touches=3/stop=structural/exit=time/id=483b9ce16ec1,S21,11232,749.0,0.196,0.098,-0.1047,1.115,330.9,0.0302,0.1421,0.1228,0.0302,-0.5638,3747,3572,3913,False
S21::side=low/lb=50/min_touches=2/stop=beyond_raid/exit=rr2/id=23865b379e52,S21,7139,476.0,0.345,-0.0363,-0.2086,0.947,262.6,-0.0506,0.0188,-0.0733,-0.0733,-0.1427,2443,2267,2429,False
S21::side=low/lb=50/min_touches=2/stop=beyond_raid/exit=rr3/id=d92b41e0a769,S21,7129,475.0,0.277,-0.0137,-0.1855,0.982,151.8,-0.033,0.0004,-0.0074,-0.033,-0.172,2438,2266,2425,False
S21::side=low/lb=50/min_touches=2/stop=beyond_raid/exit=time/id=650b08cdf3cf,S21,7111,474.0,0.212,0.0955,-0.0874,1.116,122.4,-0.0054,0.2302,0.0714,-0.0054,-0.5295,2433,2259,2419,False
S21::side=low/lb=50/min_touches=2/stop=structural/exit=rr2/id=cde94b5dc956,S21,7139,476.0,0.345,-0.0363,-0.2086,0.947,262.6,-0.0506,0.0188,-0.0733,-0.0733,-0.1427,2443,2267,2429,False
S21::side=low/lb=50/min_touches=2/stop=structural/exit=rr3/id=21b9081c0af1,S21,7129,475.0,0.277,-0.0137,-0.1855,0.982,151.8,-0.033,0.0004,-0.0074,-0.033,-0.172,2438,2266,2425,False
S21::side=low/lb=50/min_touches=2/stop=structural/exit=time/id=4d0b1166a82b,S21,7111,474.0,0.212,0.0955,-0.0874,1.116,122.4,-0.0054,0.2302,0.0714,-0.0054,-0.5295,2433,2259,2419,False
S21::side=low/lb=50/min_touches=3/stop=beyond_raid/exit=rr2/id=9a3ab6d89f19,S21,5984,399.0,0.346,-0.0305,-0.2005,0.955,194.1,-0.0451,0.0177,-0.06,-0.06,-0.1369,2015,1886,2083,False
S21::side=low/lb=50/min_touches=3/stop=beyond_raid/exit=rr3/id=fbfa7074bf65,S21,5974,398.0,0.28,-0.003,-0.1732,0.996,130.8,-0.0226,0.0097,0.0044,-0.0226,-0.1608,2010,1885,2079,False
S21::side=low/lb=50/min_touches=3/stop=beyond_raid/exit=time/id=cfb21c3b5c29,S21,5957,397.0,0.214,0.1107,-0.0693,1.134,132.1,0.004,0.2652,0.074,0.004,-0.5182,2005,1879,2073,False
S21::side=low/lb=50/min_touches=3/stop=structural/exit=rr2/id=4eea9383f6f4,S21,5984,399.0,0.346,-0.0305,-0.2005,0.955,194.1,-0.0451,0.0177,-0.06,-0.06,-0.1369,2015,1886,2083,False
S21::side=low/lb=50/min_touches=3/stop=structural/exit=rr3/id=23d4cdc761e2,S21,5974,398.0,0.28,-0.003,-0.1732,0.996,130.8,-0.0226,0.0097,0.0044,-0.0226,-0.1608,2010,1885,2079,False
S21::side=low/lb=50/min_touches=3/stop=structural/exit=time/id=877b2d4cfa87,S21,5957,397.0,0.214,0.1107,-0.0693,1.134,132.1,0.004,0.2652,0.074,0.004,-0.5182,2005,1879,2073,False
S22::step=50/mode=reject/stop=atr/exit=rr2/id=e730d6bce802,S22,4526,302.0,0.355,0.0076,-0.039,1.012,100.8,0.0485,0.0596,-0.0398,-0.0398,-0.0972,1233,1065,2228,False
S22::step=50/mode=reject/stop=atr/exit=rr3/id=72f0c5615e6d,S22,4296,286.0,0.307,0.0314,-0.0159,1.046,92.0,0.0828,0.0543,-0.0091,-0.0091,-0.1246,1185,1029,2082,False
S22::step=50/mode=reject/stop=atr/exit=time/id=699ac4ef58f1,S22,4598,306.0,0.324,0.0654,0.0155,1.1,78.0,0.1033,0.0935,0.0293,0.0293,-0.2614,1261,1132,2205,False
S22::step=50/mode=reject/stop=level/exit=rr2/id=9cb374e338a2,S22,11052,737.0,0.285,-0.2317,-0.4603,0.7,2564.9,-0.2238,-0.2688,-0.2184,-0.2688,-0.3486,2835,2605,5612,False
S22::step=50/mode=reject/stop=level/exit=rr3/id=a7161465cfe4,S22,10892,726.0,0.237,-0.1553,-0.387,0.811,1712.6,-0.1404,-0.2029,-0.1404,-0.2029,-0.3207,2825,2593,5474,False
S22::step=50/mode=reject/stop=level/exit=time/id=e43db5a1aac2,S22,10370,691.0,0.128,0.0573,-0.2185,1.061,293.4,-0.0037,0.0645,0.0875,-0.0037,-0.8098,2778,2579,5013,False
S22::step=50/mode=breakout/stop=atr/exit=rr2/id=dac0e4baa453,S22,3576,238.0,0.379,0.0724,0.0267,1.118,53.3,0.1245,0.1016,0.0319,0.0319,-0.0285,933,835,1808,False
S22::step=50/mode=breakout/stop=atr/exit=rr3/id=bd23f362f7fb,S22,3427,228.0,0.322,0.075,0.0286,1.112,51.3,0.09,0.0725,0.0681,0.0681,-0.0787,912,818,1697,False
S22::step=50/mode=breakout/stop=atr/exit=time/id=65d19faee410,S22,3653,243.0,0.333,0.0731,0.0245,1.113,66.2,0.0889,0.0539,0.0739,0.0539,-0.2457,980,891,1782,False
S22::step=50/mode=breakout/stop=level/exit=rr2/id=cdae9cbd69d4,S22,7588,506.0,0.291,-0.2124,-0.4336,0.722,1622.0,-0.19,-0.2693,-0.1973,-0.2693,-0.3284,1920,1785,3883,False
S22::step=50/mode=breakout/stop=level/exit=rr3/id=5d69783b612e,S22,7522,501.0,0.248,-0.1171,-0.3395,0.855,912.0,-0.0927,-0.1826,-0.0989,-0.1826,-0.2807,1916,1781,3825,False
S22::step=50/mode=breakout/stop=level/exit=time/id=6a96606b51e5,S22,7241,483.0,0.136,0.0857,-0.1867,1.092,285.2,-0.016,0.1045,0.131,-0.016,-0.7809,1909,1781,3551,False
S22::step=100/mode=reject/stop=atr/exit=rr2/id=f9278525d708,S22,2368,158.0,0.359,0.0213,-0.0263,1.034,70.6,0.0573,0.0695,-0.0249,-0.0249,-0.0824,634,607,1127,False
S22::step=100/mode=reject/stop=atr/exit=rr3/id=b63242040700,S22,2288,152.0,0.307,0.0304,-0.0175,1.045,66.9,0.0918,0.044,-0.0123,-0.0123,-0.1253,620,591,1077,False
S22::step=100/mode=reject/stop=atr/exit=time/id=53ed037a1f0a,S22,2498,166.0,0.325,0.0542,0.0042,1.083,58.3,0.0687,0.1177,0.0107,0.0107,-0.2636,657,658,1183,False
S22::step=100/mode=reject/stop=level/exit=rr2/id=7e8973daa201,S22,5653,377.0,0.289,-0.2166,-0.4448,0.717,1235.4,-0.2397,-0.2219,-0.2017,-0.2397,-0.3326,1427,1480,2746,False
S22::step=100/mode=reject/stop=level/exit=rr3/id=d3413da33beb,S22,5613,374.0,0.24,-0.145,-0.3779,0.823,836.1,-0.1655,-0.1627,-0.1246,-0.1655,-0.3097,1423,1476,2714,False
S22::step=100/mode=reject/stop=level/exit=time/id=78ae8b754f1c,S22,5532,369.0,0.134,0.0756,-0.1922,1.081,241.5,-0.0605,0.1467,0.1088,-0.0605,-0.7911,1413,1468,2651,False
S22::step=100/mode=breakout/stop=atr/exit=rr2/id=8825c00d0adf,S22,1892,126.0,0.381,0.0754,0.0292,1.123,29.2,0.1251,0.1514,0.0109,0.0109,-0.0251,483,476,933,False
S22::step=100/mode=breakout/stop=atr/exit=rr3/id=46c7c98c262b,S22,1849,123.0,0.325,0.0876,0.0408,1.132,29.7,0.1133,0.1097,0.0623,0.0623,-0.0651,477,472,900,False
S22::step=100/mode=breakout/stop=atr/exit=time/id=574b74443f72,S22,1969,131.0,0.334,0.0862,0.0378,1.134,34.6,0.1267,0.1398,0.0355,0.0355,-0.231,507,514,948,False
S22::step=100/mode=breakout/stop=level/exit=rr2/id=a2c22955c6f4,S22,3903,260.0,0.298,-0.1908,-0.4107,0.747,754.9,-0.195,-0.2109,-0.1781,-0.2109,-0.3057,974,1004,1925,False
S22::step=100/mode=breakout/stop=level/exit=rr3/id=38d16f597289,S22,3891,259.0,0.253,-0.0989,-0.3226,0.877,428.9,-0.0962,-0.1156,-0.0915,-0.1156,-0.2611,974,1004,1913,False
S22::step=100/mode=breakout/stop=level/exit=time/id=92689a249603,S22,3849,257.0,0.145,0.1137,-0.1447,1.124,148.6,0.0243,0.1441,0.1439,0.0243,-0.7536,974,1004,1871,False
S23::htf=h4/min_sq=3/stop=range_opp/exit=rr2/id=866611e1c7db,S23,7184,479.0,0.34,-0.0326,-0.1277,0.951,340.4,-0.0545,-0.0384,0.0016,-0.0545,-0.1399,2664,2402,2118,False
S23::htf=h4/min_sq=3/stop=range_opp/exit=rr3/id=3cb373083d4b,S23,6598,440.0,0.273,-0.0223,-0.1197,0.97,352.2,-0.0443,-0.0534,0.0406,-0.0534,-0.1815,2444,2211,1943,False
S23::htf=h4/min_sq=3/stop=range_opp/exit=trailing/id=ccee5fc45b0a,S23,11494,766.0,0.306,-0.1542,-0.2448,0.521,1784.9,-0.1562,-0.1639,-0.14,-0.1639,-0.2566,4312,3906,3276,False
S23::htf=h4/min_sq=3/stop=range_opp/exit=time/id=f36f15cc126e,S23,6595,440.0,0.298,-0.016,-0.117,0.977,361.5,-0.0083,-0.0677,0.0343,-0.0677,-0.3412,2463,2225,1907,False
S23::htf=h4/min_sq=3/stop=atr/exit=rr2/id=fca540731ca2,S23,8112,541.0,0.327,-0.0507,-0.16,0.927,571.5,-0.0811,-0.0744,0.016,-0.0811,-0.1581,3006,2759,2347,False
S23::htf=h4/min_sq=3/stop=atr/exit=rr3/id=7db8047ee8ca,S23,7143,476.0,0.257,-0.025,-0.1335,0.967,387.4,-0.0554,-0.0608,0.0554,-0.0608,-0.1837,2655,2411,2077,False
S23::htf=h4/min_sq=3/stop=atr/exit=trailing/id=5f7b61b0d685,S23,11429,762.0,0.308,-0.1982,-0.3102,0.514,2275.4,-0.2034,-0.2143,-0.1721,-0.2143,-0.3184,4278,3892,3259,False
S23::htf=h4/min_sq=3/stop=atr/exit=time/id=ea9241be6a99,S23,6802,453.0,0.265,-0.0062,-0.1168,0.992,394.4,-0.0059,-0.0716,0.0715,-0.0716,-0.3595,2537,2320,1945,False
S23::htf=h4/min_sq=6/stop=range_opp/exit=rr2/id=62e2898f5f6a,S23,4659,311.0,0.347,-0.0278,-0.1002,0.957,238.4,-0.0499,-0.0376,0.0102,-0.0499,-0.1341,1713,1551,1395,False
S23::htf=h4/min_sq=6/stop=range_opp/exit=rr3/id=ce17d69d67c7,S23,4353,290.0,0.295,-0.0009,-0.0754,0.999,163.5,0.0024,-0.0293,0.0269,-0.0293,-0.159,1607,1456,1290,False
S23::htf=h4/min_sq=6/stop=range_opp/exit=trailing/id=0328ab99980a,S23,7755,517.0,0.301,-0.1173,-0.1856,0.504,918.0,-0.1258,-0.1168,-0.1071,-0.1258,-0.1895,2859,2632,2264,False
S23::htf=h4/min_sq=6/stop=range_opp/exit=time/id=e7f49f41d4cb,S23,4444,296.0,0.349,-0.0232,-0.0994,0.962,265.7,-0.0299,-0.0581,0.0262,-0.0581,-0.2785,1652,1503,1289,False
S23::htf=h4/min_sq=6/stop=atr/exit=rr2/id=2867a33c06c2,S23,5872,391.0,0.323,-0.0642,-0.1793,0.908,499.7,-0.1155,-0.0573,-0.007,-0.1155,-0.1721,2181,1980,1711,False
S23::htf=h4/min_sq=6/stop=atr/exit=rr3/id=a9b701265350,S23,5247,350.0,0.252,-0.0374,-0.152,0.951,339.4,-0.1015,-0.033,0.0399,-0.1015,-0.1966,1968,1745,1534,False
S23::htf=h4/min_sq=6/stop=atr/exit=trailing/id=9a55a036a7b1,S23,7754,517.0,0.3,-0.204,-0.3203,0.501,1593.7,-0.2183,-0.202,-0.1881,-0.2183,-0.3237,2859,2632,2263,False
S23::htf=h4/min_sq=6/stop=atr/exit=time/id=32599cbd5528,S23,4860,324.0,0.251,-0.0077,-0.1244,0.99,275.5,-0.0296,-0.0344,0.0519,-0.0344,-0.3718,1825,1636,1399,False
S23::htf=h1/min_sq=3/stop=range_opp/exit=rr2/id=472dd5a4a4dc,S23,7423,495.0,0.342,-0.0253,-0.1193,0.962,275.5,-0.0383,-0.018,-0.0171,-0.0383,-0.1325,2782,2495,2146,False
S23::htf=h1/min_sq=3/stop=range_opp/exit=rr3/id=c96eab8f5471,S23,6805,454.0,0.276,-0.022,-0.1181,0.97,287.0,-0.0361,-0.0216,-0.0041,-0.0361,-0.1811,2548,2278,1979,False
S23::htf=h1/min_sq=3/stop=range_opp/exit=trailing/id=57d72d7a206b,S23,11966,798.0,0.309,-0.1447,-0.2344,0.545,1737.0,-0.1415,-0.1544,-0.1372,-0.1544,-0.2505,4589,4044,3333,False
S23::htf=h1/min_sq=3/stop=range_opp/exit=time/id=88471711b6ac,S23,6803,453.0,0.296,-0.0088,-0.1089,0.987,341.3,0.0079,-0.0417,0.0081,-0.0417,-0.3423,2568,2293,1942,False
S23::htf=h1/min_sq=3/stop=atr/exit=rr2/id=1656d1662b89,S23,8417,561.0,0.328,-0.0466,-0.1559,0.933,528.1,-0.0591,-0.0629,-0.0102,-0.0629,-0.1539,3181,2852,2384,False
S23::htf=h1/min_sq=3/stop=atr/exit=rr3/id=25ce7d1e7d43,S23,7383,492.0,0.261,-0.0059,-0.1147,0.992,239.0,-0.0302,-0.0187,0.0416,-0.0302,-0.1637,2789,2494,2100,False
S23::htf=h1/min_sq=3/stop=atr/exit=trailing/id=35a92517a15a,S23,11895,793.0,0.311,-0.1887,-0.3008,0.537,2248.9,-0.1892,-0.2036,-0.1699,-0.2036,-0.3127,4555,4024,3316,False
S23::htf=h1/min_sq=3/stop=atr/exit=time/id=55c30ef548a3,S23,7022,468.0,0.264,0.0057,-0.1054,1.008,345.6,0.0092,-0.0345,0.0493,-0.0345,-0.3518,2659,2383,1980,False
S23::htf=h1/min_sq=6/stop=range_opp/exit=rr2/id=1fc302ed6f97,S23,4935,329.0,0.354,-0.0113,-0.0822,0.982,179.8,-0.0227,-0.0081,-0.0005,-0.0227,-0.1171,1825,1683,1427,False
S23::htf=h1/min_sq=6/stop=range_opp/exit=rr3/id=b248d3041aea,S23,4608,307.0,0.299,0.0036,-0.0692,1.005,135.5,0.0184,0.0005,-0.0117,-0.0117,-0.1542,1705,1577,1326,False
S23::htf=h1/min_sq=6/stop=range_opp/exit=trailing/id=9138fb75bfba,S23,8276,552.0,0.306,-0.11,-0.1771,0.528,919.6,-0.115,-0.1075,-0.1065,-0.115,-0.1842,3140,2808,2328,False
S23::htf=h1/min_sq=6/stop=range_opp/exit=time/id=d017e8cd215e,S23,4710,314.0,0.354,-0.0112,-0.0858,0.981,232.8,-0.0086,-0.0298,0.0079,-0.0298,-0.2628,1755,1626,1329,False
S23::htf=h1/min_sq=6/stop=atr/exit=rr2/id=b65838587312,S23,6287,419.0,0.324,-0.0616,-0.1765,0.912,521.8,-0.0974,-0.0659,-0.0077,-0.0974,-0.1698,2382,2154,1751,False
S23::htf=h1/min_sq=6/stop=atr/exit=rr3/id=da363a570719,S23,5586,372.0,0.251,-0.0399,-0.1545,0.948,380.6,-0.0999,-0.029,0.0281,-0.0999,-0.1994,2127,1889,1570,False
S23::htf=h1/min_sq=6/stop=atr/exit=trailing/id=53fc554c0722,S23,8275,552.0,0.306,-0.1945,-0.3105,0.525,1617.1,-0.203,-0.1931,-0.1848,-0.203,-0.3177,3140,2808,2327,False
S23::htf=h1/min_sq=6/stop=atr/exit=time/id=ae47f6016414,S23,5183,345.0,0.249,-0.0111,-0.1276,0.985,368.2,-0.0251,-0.053,0.0592,-0.053,-0.3753,1968,1770,1445,False
S24::sess=london/mode=carry/entry_bar=1/exit=rr2/id=a20c02d14359,S24,3870,258.0,0.352,0.0311,-0.048,1.047,53.6,0.0307,0.0317,0.0308,0.0307,-0.072,1402,1290,1178,False
S24::sess=london/mode=carry/entry_bar=1/exit=rr3/id=cbb511a792bc,S24,3870,258.0,0.275,0.0328,-0.0463,1.045,73.4,0.0268,0.0234,0.0502,0.0234,-0.1225,1402,1290,1178,False
S24::sess=london/mode=carry/entry_bar=1/exit=time/id=ef483bb9fbfc,S24,3870,258.0,0.261,0.0822,0.0031,1.11,73.4,0.0804,0.1031,0.0614,0.0614,-0.3119,1402,1290,1178,False
S24::sess=london/mode=carry/entry_bar=2/exit=rr2/id=332d4f07ced1,S24,3870,258.0,0.346,0.0129,-0.0638,1.019,90.9,0.0156,0.0604,-0.0422,-0.0422,-0.0911,1402,1290,1178,False
S24::sess=london/mode=carry/entry_bar=2/exit=rr3/id=ee7d65dadc8c,S24,3870,258.0,0.271,0.0171,-0.0596,1.023,108.1,0.0009,0.0453,0.0055,0.0009,-0.1391,1402,1290,1178,False
S24::sess=london/mode=carry/entry_bar=2/exit=time/id=d5b533dccdf1,S24,3870,258.0,0.26,0.0971,0.0204,1.131,84.9,0.1024,0.1518,0.0308,0.0308,-0.3063,1402,1290,1178,False
S24::sess=london/mode=fade/entry_bar=1/exit=rr2/id=ee8b16c188d4,S24,3870,258.0,0.329,-0.0371,-0.1161,0.946,170.7,-0.0323,-0.0601,-0.0176,-0.0601,-0.1437,1402,1290,1178,False
S24::sess=london/mode=fade/entry_bar=1/exit=rr3/id=e1c6b787ef96,S24,3870,258.0,0.259,-0.039,-0.1181,0.948,176.0,-0.0345,-0.0576,-0.0241,-0.0576,-0.1981,1402,1290,1178,False
S24::sess=london/mode=fade/entry_bar=1/exit=time/id=f432f49ccb20,S24,3870,258.0,0.254,-0.0095,-0.0885,0.987,106.2,-0.0022,-0.0459,0.0217,-0.0459,-0.3732,1402,1290,1178,False
S24::sess=london/mode=fade/entry_bar=2/exit=rr2/id=6950f052fad2,S24,3870,258.0,0.332,-0.0322,-0.1089,0.953,136.3,-0.0362,-0.0376,-0.0214,-0.0376,-0.1385,1402,1290,1178,False
S24::sess=london/mode=fade/entry_bar=2/exit=rr3/id=41cd0f43432f,S24,3870,258.0,0.258,-0.0436,-0.1203,0.942,196.5,-0.0682,-0.0403,-0.018,-0.0682,-0.2029,1402,1290,1178,False
S24::sess=london/mode=fade/entry_bar=2/exit=time/id=88fbd25ae20f,S24,3870,258.0,0.254,-0.0237,-0.1004,0.968,135.8,-0.0112,-0.0598,0.0008,-0.0598,-0.3846,1402,1290,1178,False
S24::sess=ny/mode=carry/entry_bar=1/exit=rr2/id=c01dbb9a5813,S24,3871,258.0,0.353,-0.0045,-0.0661,0.993,136.1,0.021,-0.0471,0.0118,-0.0471,-0.1094,1403,1290,1178,False
S24::sess=ny/mode=carry/entry_bar=1/exit=rr3/id=bc133b134265,S24,3871,258.0,0.308,0.0071,-0.0544,1.01,102.9,0.0358,-0.0172,-0.0004,-0.0172,-0.1496,1403,1290,1178,False
S24::sess=ny/mode=carry/entry_bar=1/exit=time/id=0bd58fc38288,S24,3871,258.0,0.312,0.0428,-0.0187,1.064,68.4,0.0774,-0.0081,0.0572,-0.0081,-0.2729,1403,1290,1178,False
S24::sess=ny/mode=carry/entry_bar=2/exit=rr2/id=0c6bcee66865,S24,3870,258.0,0.359,-0.006,-0.0633,0.991,109.9,0.0031,-0.0078,-0.0149,-0.0149,-0.111,1402,1290,1178,False
S24::sess=ny/mode=carry/entry_bar=2/exit=rr3/id=e912475e63ed,S24,3870,258.0,0.327,0.034,-0.0233,1.051,74.8,0.0805,0.0049,0.0105,0.0049,-0.1214,1402,1290,1178,False
S24::sess=ny/mode=carry/entry_bar=2/exit=time/id=0e72cbcaf497,S24,3871,258.0,0.341,0.0559,-0.0014,1.088,61.5,0.1036,0.0158,0.043,0.0158,-0.2322,1403,1290,1178,False
S24::sess=ny/mode=fade/entry_bar=1/exit=rr2/id=76ba7602f393,S24,3870,258.0,0.355,-0.0022,-0.0637,0.997,86.3,-0.0296,0.0127,0.0142,-0.0296,-0.107,1402,1290,1178,False
S24::sess=ny/mode=fade/entry_bar=1/exit=rr3/id=b9b6508b6259,S24,3870,258.0,0.305,0.009,-0.0525,1.013,121.6,-0.0265,0.0396,0.0178,-0.0265,-0.1481,1402,1290,1178,False
S24::sess=ny/mode=fade/entry_bar=1/exit=time/id=560615553726,S24,3871,258.0,0.308,0.0122,-0.0493,1.018,113.7,-0.0366,0.0401,0.0398,-0.0366,-0.3032,1403,1290,1178,False
S24::sess=ny/mode=fade/entry_bar=2/exit=rr2/id=1db91792fc6a,S24,3871,258.0,0.351,-0.0289,-0.0862,0.955,146.4,-0.0757,-0.0161,0.0128,-0.0757,-0.1352,1403,1290,1178,False
S24::sess=ny/mode=fade/entry_bar=2/exit=rr3/id=f0786cdc27ae,S24,3871,258.0,0.311,-0.0179,-0.0752,0.974,124.0,-0.0471,-0.0126,0.0109,-0.0471,-0.176,1403,1290,1178,False
S24::sess=ny/mode=fade/entry_bar=2/exit=time/id=c90cb8013eff,S24,3871,258.0,0.323,-0.0176,-0.0748,0.973,158.8,-0.0681,-0.0156,0.0406,-0.0681,-0.2947,1403,1290,1178,False
S25::mode=expand/stop=atr/exit=rr2/id=017b79ce0b9e,S25,6095,406.0,0.343,-0.0002,-0.0807,1.0,155.4,-0.0181,-0.0212,0.0411,-0.0212,-0.105,2134,2017,1944,False
S25::mode=expand/stop=atr/exit=rr3/id=5a5cd79ba745,S25,5784,386.0,0.274,0.0201,-0.0608,1.027,134.8,-0.0019,0.0268,0.0376,-0.0019,-0.1363,2034,1919,1831,False
S25::mode=expand/stop=atr/exit=time/id=f3358f8a6b67,S25,5862,391.0,0.269,0.0266,-0.054,1.036,131.8,0.031,0.0211,0.0276,0.0211,-0.3331,2065,1931,1866,False
S25::mode=expand/stop=swing/exit=rr2/id=223ec3c9cc3e,S25,4946,330.0,0.391,-0.0012,-0.0473,0.998,106.2,0.0307,0.0009,-0.0383,-0.0383,-0.1063,1726,1646,1574,False
S25::mode=expand/stop=swing/exit=rr3/id=0f5ff21120e8,S25,4841,323.0,0.359,0.0095,-0.0369,1.016,128.5,0.057,0.0126,-0.0463,-0.0463,-0.1476,1697,1607,1537,False
S25::mode=expand/stop=swing/exit=time/id=6175f1de531c,S25,5400,360.0,0.406,0.0228,-0.0229,1.046,109.4,0.0664,0.0356,-0.0375,-0.0375,-0.2006,1889,1768,1743,False
S25::mode=contract/stop=atr/exit=rr2/id=37b264b44ebe,S25,6373,425.0,0.357,-0.0251,-0.094,0.961,237.1,-0.0124,-0.0494,-0.0137,-0.0494,-0.1315,2240,2108,2025,False
S25::mode=contract/stop=atr/exit=rr3/id=886bd7f12d07,S25,6143,409.0,0.317,-0.0234,-0.0923,0.965,180.3,-0.0184,-0.0312,-0.0206,-0.0312,-0.1821,2170,2033,1940,False
S25::mode=contract/stop=atr/exit=time/id=56bfda8bc691,S25,6261,417.0,0.365,-0.031,-0.1002,0.947,269.5,-0.034,-0.0535,-0.0042,-0.0535,-0.2811,2206,2069,1986,False
S25::mode=contract/stop=swing/exit=rr2/id=d5b35ddd0e17,S25,6311,421.0,0.379,-0.007,-0.1171,0.989,185.8,0.0067,-0.0385,0.0105,-0.0385,-0.1122,2198,2081,2032,False
S25::mode=contract/stop=swing/exit=rr3/id=22149bacd281,S25,6150,410.0,0.328,-0.013,-0.1221,0.98,247.7,0.0006,-0.0584,0.0191,-0.0584,-0.1709,2150,2028,1972,False
S25::mode=contract/stop=swing/exit=time/id=c48749b94d20,S25,6327,422.0,0.331,-0.0003,-0.1152,1.0,188.2,0.0061,-0.0351,0.0285,-0.0351,-0.3685,2215,2081,2031,False
S26::mode=reject/k=2.0/stop=atr/exit=rr2/id=f196a9ae20d6,S26,16966,1131.0,0.346,-0.0327,-0.1123,0.95,607.4,-0.0216,-0.0512,-0.0255,-0.0512,-0.1393,6281,5686,4999,False
S26::mode=reject/k=2.0/stop=atr/exit=rr3/id=10f80f8f5316,S26,14617,974.0,0.295,-0.011,-0.0905,0.984,238.5,-0.0031,-0.0244,-0.0057,-0.0244,-0.169,5424,4880,4313,False
S26::mode=reject/k=2.0/stop=atr/exit=vwap/id=05558d4e2640,S26,23163,1544.0,0.517,-0.0701,-0.1532,0.834,1633.8,-0.0628,-0.0885,-0.0584,-0.0885,-0.1597,8679,7758,6726,False
S26::mode=reject/k=2.0/stop=atr/exit=time/id=9190c0e86dac,S26,15469,1031.0,0.305,-0.0148,-0.0995,0.978,435.5,-0.0028,-0.0391,-0.0022,-0.0391,-0.3248,5710,5176,4583,False
S26::mode=reject/k=2.0/stop=edge/exit=rr2/id=5821cdafa191,S26,22891,1526.0,0.331,-0.0797,-0.2723,0.887,1856.6,-0.0545,-0.108,-0.0787,-0.108,-0.1886,8379,7657,6855,False
S26::mode=reject/k=2.0/stop=edge/exit=rr3/id=75ebf1fb0663,S26,20682,1378.0,0.266,-0.0531,-0.2437,0.931,1256.2,-0.0324,-0.0883,-0.039,-0.0883,-0.2131,7533,6913,6236,False
S26::mode=reject/k=2.0/stop=edge/exit=vwap/id=51a65f7481bc,S26,27320,1821.0,0.365,-0.0813,-0.2839,0.867,2338.1,-0.0526,-0.1258,-0.0661,-0.1258,-0.3364,10083,9212,8025,False
S26::mode=reject/k=2.0/stop=edge/exit=time/id=2fb9a4130c69,S26,19294,1286.0,0.197,-0.0046,-0.2083,0.995,648.0,0.0311,-0.0047,-0.0476,-0.0476,-0.5781,7005,6490,5799,False
S26::mode=reject/k=3.0/stop=atr/exit=rr2/id=5a06c962317f,S26,7496,500.0,0.341,-0.0381,-0.1253,0.943,331.8,-0.0196,-0.0536,-0.0463,-0.0536,-0.1449,2976,2514,2006,False
S26::mode=reject/k=3.0/stop=atr/exit=rr3/id=c0cff964e6e6,S26,7048,470.0,0.283,-0.0204,-0.1071,0.972,222.5,0.0058,-0.0337,-0.0421,-0.0421,-0.1787,2784,2373,1891,False
S26::mode=reject/k=3.0/stop=atr/exit=vwap/id=8755c5322da1,S26,8068,538.0,0.456,-0.0806,-0.1687,0.84,663.0,-0.075,-0.1003,-0.0639,-0.1003,-0.1942,3229,2713,2126,False
S26::mode=reject/k=3.0/stop=atr/exit=time/id=3807f5681045,S26,7149,476.0,0.287,-0.0321,-0.1213,0.955,244.7,-0.0209,-0.0282,-0.0534,-0.0534,-0.3523,2824,2407,1918,False
S26::mode=reject/k=3.0/stop=edge/exit=rr2/id=87f6f8f81532,S26,8021,535.0,0.332,-0.0809,-0.2662,0.884,663.5,-0.058,-0.0949,-0.0968,-0.0968,-0.1899,3156,2709,2156,False
S26::mode=reject/k=3.0/stop=edge/exit=rr3/id=ed136e33fc5c,S26,7741,516.0,0.269,-0.0522,-0.2381,0.932,445.7,-0.0313,-0.0726,-0.057,-0.0726,-0.2122,3028,2623,2090,False
S26::mode=reject/k=3.0/stop=edge/exit=vwap/id=62f6ea202482,S26,8518,568.0,0.343,-0.0821,-0.2708,0.873,716.8,-0.065,-0.0968,-0.0891,-0.0968,-0.3672,3391,2878,2249,False
S26::mode=reject/k=3.0/stop=edge/exit=time/id=5d9e156ab82b,S26,7617,508.0,0.201,-0.0395,-0.2204,0.953,386.3,-0.0187,-0.0277,-0.0845,-0.0845,-0.5843,2994,2566,2057,False
S26::mode=accept/k=2.0/stop=atr/exit=rr2/id=d49a077d3b8e,S26,11417,761.0,0.342,-0.0246,-0.1086,0.963,369.6,-0.0275,-0.0287,-0.0166,-0.0287,-0.1307,4145,3809,3463,False
S26::mode=accept/k=2.0/stop=atr/exit=rr3/id=1d1f332723a6,S26,10540,703.0,0.28,-0.016,-0.0998,0.978,334.9,-0.0189,-0.0325,0.0057,-0.0325,-0.1743,3860,3495,3185,False
S26::mode=accept/k=2.0/stop=atr/exit=vwap/id=33929b8895c7,S26,11417,761.0,0.342,-0.0246,-0.1086,0.963,369.6,-0.0275,-0.0287,-0.0166,-0.0287,-0.1307,4145,3809,3463,False
S26::mode=accept/k=2.0/stop=atr/exit=time/id=735b49e18a04,S26,10880,725.0,0.28,0.0053,-0.0813,1.007,278.0,-0.0022,0.0086,0.0107,-0.0022,-0.3487,3964,3611,3305,False
S26::mode=accept/k=2.0/stop=edge/exit=rr2/id=77a38fe9b6b5,S26,11721,781.0,0.344,-0.0445,-0.1603,0.933,637.5,-0.0504,-0.062,-0.0191,-0.062,-0.1519,4160,3915,3646,False
S26::mode=accept/k=2.0/stop=edge/exit=rr3/id=fe3c204b6f85,S26,10929,728.0,0.285,-0.0296,-0.1457,0.959,491.8,-0.028,-0.0497,-0.0095,-0.0497,-0.1885,3918,3646,3365,False
S26::mode=accept/k=2.0/stop=edge/exit=vwap/id=4e41b6794a7f,S26,11721,781.0,0.344,-0.0445,-0.1603,0.933,637.5,-0.0504,-0.062,-0.0191,-0.062,-0.1519,4160,3915,3646,False
S26::mode=accept/k=2.0/stop=edge/exit=time/id=c91c43b8e94e,S26,11345,756.0,0.256,-0.0073,-0.1312,0.99,492.8,0.002,-0.0304,0.0067,-0.0304,-0.442,4094,3760,3491,False
S26::mode=accept/k=3.0/stop=atr/exit=rr2/id=1ee801462482,S26,2941,196.0,0.324,-0.0664,-0.1587,0.903,262.5,-0.0691,-0.1158,-0.0095,-0.1158,-0.1751,1068,976,897,False
S26::mode=accept/k=3.0/stop=atr/exit=rr3/id=2633e8ee341d,S26,2881,192.0,0.254,-0.0724,-0.1647,0.904,284.0,-0.0722,-0.0802,-0.0641,-0.0802,-0.2337,1039,966,876,False
S26::mode=accept/k=3.0/stop=atr/exit=vwap/id=567461316de7,S26,2941,196.0,0.324,-0.0664,-0.1587,0.903,262.5,-0.0691,-0.1158,-0.0095,-0.1158,-0.1751,1068,976,897,False
S26::mode=accept/k=3.0/stop=atr/exit=time/id=78a257770b47,S26,2891,193.0,0.255,-0.042,-0.1348,0.943,254.0,-0.0452,-0.0159,-0.0667,-0.0667,-0.4015,1042,963,886,False
S26::mode=accept/k=3.0/stop=edge/exit=rr2/id=461cab42c9c8,S26,2978,198.0,0.343,-0.0648,-0.2183,0.904,243.9,-0.0769,-0.0879,-0.0253,-0.0879,-0.1724,1083,985,910,False
S26::mode=accept/k=3.0/stop=edge/exit=rr3/id=b46ca6f69791,S26,2922,195.0,0.271,-0.0877,-0.2463,0.882,303.3,-0.0526,-0.1237,-0.0905,-0.1237,-0.2497,1063,969,890,False
S26::mode=accept/k=3.0/stop=edge/exit=vwap/id=02699bb7c7ca,S26,2978,198.0,0.343,-0.0648,-0.2183,0.904,243.9,-0.0769,-0.0879,-0.0253,-0.0879,-0.1724,1083,985,910,False
S26::mode=accept/k=3.0/stop=edge/exit=time/id=0bf089c1e4ff,S26,2966,198.0,0.244,-0.0486,-0.2298,0.936,248.9,-0.1431,0.0371,-0.0297,-0.1431,-0.5088,1072,982,912,False
S27::htf=h4/band_k=1.0/stop=atr/exit=rr2/id=8492323d86e4,S27,24659,1644.0,0.63,-0.024,-0.1071,0.922,667.7,-0.0379,-0.0264,-0.0043,-0.0379,-0.0889,9109,8126,7424,False
S27::htf=h4/band_k=1.0/stop=atr/exit=rr3/id=210565c4c136,S27,24659,1644.0,0.63,-0.024,-0.1071,0.922,667.7,-0.0379,-0.0264,-0.0043,-0.0379,-0.0889,9109,8126,7424,False
S27::htf=h4/band_k=1.0/stop=atr/exit=time/id=51acdf2fcf12,S27,15746,1049.0,0.304,0.0492,-0.0355,1.072,135.2,0.0483,0.0203,0.0817,0.0203,-0.2909,5804,5186,4756,False
S27::htf=h4/band_k=1.0/stop=vwap/exit=rr2/id=90f754da36c5,S27,30817,2054.0,0.367,-0.1115,-0.3805,0.824,3457.7,-0.1348,-0.1336,-0.0585,-0.1348,-0.3164,11490,10064,9263,False
S27::htf=h4/band_k=1.0/stop=vwap/exit=rr3/id=24d0d7c6e3b6,S27,30817,2054.0,0.367,-0.1115,-0.3805,0.824,3457.7,-0.1348,-0.1336,-0.0585,-0.1348,-0.3164,11490,10064,9263,False
S27::htf=h4/band_k=1.0/stop=vwap/exit=time/id=e773da5f2d79,S27,24961,1664.0,0.129,0.0089,-0.2671,1.009,1390.3,-0.0267,-0.0652,0.1347,-0.0652,-0.7669,9360,8151,7450,False
S27::htf=h4/band_k=2.0/stop=atr/exit=rr2/id=2e8c42ebbedf,S27,19082,1272.0,0.496,-0.0042,-0.0846,0.992,245.5,-0.0138,-0.0177,0.0224,-0.0177,-0.1171,7012,6324,5746,False
S27::htf=h4/band_k=2.0/stop=atr/exit=rr3/id=eb73ecce803d,S27,19082,1272.0,0.496,-0.0042,-0.0846,0.992,245.5,-0.0138,-0.0177,0.0224,-0.0177,-0.1171,7012,6324,5746,False
S27::htf=h4/band_k=2.0/stop=atr/exit=time/id=537ffc83bdfe,S27,15746,1049.0,0.304,0.0492,-0.0355,1.072,135.2,0.0483,0.0203,0.0817,0.0203,-0.2909,5804,5186,4756,False
S27::htf=h4/band_k=2.0/stop=vwap/exit=rr2/id=8a5f0b6a2e99,S27,28604,1907.0,0.27,-0.0514,-0.3182,0.934,1884.3,-0.0864,-0.0869,0.0316,-0.0869,-0.3873,10697,9378,8529,False
S27::htf=h4/band_k=2.0/stop=vwap/exit=rr3/id=6691e3955df6,S27,28604,1907.0,0.27,-0.0514,-0.3182,0.934,1884.3,-0.0864,-0.0869,0.0316,-0.0869,-0.3873,10697,9378,8529,False
S27::htf=h4/band_k=2.0/stop=vwap/exit=time/id=30a95982cb5c,S27,24961,1664.0,0.129,0.0089,-0.2671,1.009,1390.3,-0.0267,-0.0652,0.1347,-0.0652,-0.7669,9360,8151,7450,False
S27::htf=h1/band_k=1.0/stop=atr/exit=rr2/id=01aaedcdfeb4,S27,23426,1561.0,0.629,-0.0274,-0.1111,0.912,696.8,-0.0455,-0.0212,-0.0118,-0.0455,-0.0935,8689,7715,7022,False
S27::htf=h1/band_k=1.0/stop=atr/exit=rr3/id=61d74d09c0ee,S27,23426,1561.0,0.629,-0.0274,-0.1111,0.912,696.8,-0.0455,-0.0212,-0.0118,-0.0455,-0.0935,8689,7715,7022,False
S27::htf=h1/band_k=1.0/stop=atr/exit=time/id=f4857a73bca1,S27,15031,1002.0,0.294,0.0333,-0.0521,1.048,136.8,0.0322,0.0339,0.0342,0.0322,-0.3102,5609,4913,4509,False
S27::htf=h1/band_k=1.0/stop=vwap/exit=rr2/id=d5c7dfcf5d1e,S27,29198,1946.0,0.367,-0.1072,-0.3793,0.831,3142.3,-0.1287,-0.1155,-0.0712,-0.1287,-0.315,10880,9576,8742,False
S27::htf=h1/band_k=1.0/stop=vwap/exit=rr3/id=b0828ca81763,S27,29198,1946.0,0.367,-0.1072,-0.3793,0.831,3142.3,-0.1287,-0.1155,-0.0712,-0.1287,-0.315,10880,9576,8742,False
S27::htf=h1/band_k=1.0/stop=vwap/exit=time/id=9a5f39a62c56,S27,23693,1579.0,0.126,0.0054,-0.2766,1.006,1324.4,-0.0175,-0.0272,0.0701,-0.0272,-0.779,8896,7751,7046,False
S27::htf=h1/band_k=2.0/stop=atr/exit=rr2/id=17a3c8f350cd,S27,18239,1216.0,0.493,-0.0101,-0.0914,0.98,328.3,-0.0241,-0.0131,0.0107,-0.0241,-0.1247,6753,6016,5470,False
S27::htf=h1/band_k=2.0/stop=atr/exit=rr3/id=d743373528ca,S27,18239,1216.0,0.493,-0.0101,-0.0914,0.98,328.3,-0.0241,-0.0131,0.0107,-0.0241,-0.1247,6753,6016,5470,False
S27::htf=h1/band_k=2.0/stop=atr/exit=time/id=2019d30724a0,S27,15031,1002.0,0.294,0.0333,-0.0521,1.048,136.8,0.0322,0.0339,0.0342,0.0322,-0.3102,5609,4913,4509,False
S27::htf=h1/band_k=2.0/stop=vwap/exit=rr2/id=4efa2b8f295b,S27,27257,1817.0,0.269,-0.0461,-0.3183,0.941,1527.4,-0.0741,-0.0687,0.0138,-0.0741,-0.3865,10180,8960,8117,False
S27::htf=h1/band_k=2.0/stop=vwap/exit=rr3/id=45ea84e28bf9,S27,27257,1817.0,0.269,-0.0461,-0.3183,0.941,1527.4,-0.0741,-0.0687,0.0138,-0.0741,-0.3865,10180,8960,8117,False
S27::htf=h1/band_k=2.0/stop=vwap/exit=time/id=fe59a1f0a7e8,S27,23693,1579.0,0.126,0.0054,-0.2766,1.006,1324.4,-0.0175,-0.0272,0.0701,-0.0272,-0.779,8896,7751,7046,False
S28::anchor=week/mode=reclaim/exit=rr2/id=b2a817579286,S28,6352,423.0,0.352,-0.0113,-0.0875,0.982,89.5,-0.0065,-0.0057,-0.0233,-0.0233,-0.1171,2285,2145,1922,False
S28::anchor=week/mode=reclaim/exit=rr3/id=6d97fc8202f5,S28,5990,399.0,0.298,-0.0027,-0.0792,0.996,113.0,-0.0151,0.0193,-0.0126,-0.0151,-0.1602,2166,2026,1798,False
S28::anchor=week/mode=reclaim/exit=time/id=c696a7ebcbad,S28,6663,444.0,0.309,0.0083,-0.0716,1.012,146.7,0.0327,0.0161,-0.0297,-0.0297,-0.3113,2408,2247,2008,False
S28::anchor=week/mode=bounce/exit=rr2/id=8829456be666,S28,7983,532.0,0.357,-0.0013,-0.0768,0.998,92.7,-0.0268,0.0171,0.0095,-0.0268,-0.1066,2938,2679,2366,False
S28::anchor=week/mode=bounce/exit=rr3/id=8b98f59d9eab,S28,7386,492.0,0.301,-0.0014,-0.0768,0.998,123.3,-0.0381,0.0256,0.014,-0.0381,-0.1589,2731,2475,2180,False
S28::anchor=week/mode=bounce/exit=time/id=dd0b35641cb7,S28,8404,560.0,0.309,0.0128,-0.0675,1.019,111.3,0.0018,0.0431,-0.0079,-0.0079,-0.3055,3095,2828,2481,False
S28::anchor=month/mode=reclaim/exit=rr2/id=3a5f55b21afa,S28,2895,193.0,0.355,-0.0122,-0.0852,0.981,84.0,-0.0026,0.0202,-0.0552,-0.0552,-0.1173,1074,902,919,False
S28::anchor=month/mode=reclaim/exit=rr3/id=97056fd12b1d,S28,2771,185.0,0.3,-0.0056,-0.0784,0.992,88.0,0.0168,0.0187,-0.0554,-0.0554,-0.1628,1019,867,885,False
S28::anchor=month/mode=reclaim/exit=time/id=61834d2b9f68,S28,2993,199.0,0.31,0.0077,-0.0685,1.012,96.9,-0.0523,0.08,0.0057,-0.0523,-0.3091,1108,948,937,False
S28::anchor=month/mode=bounce/exit=rr2/id=1792d04f57a7,S28,3733,249.0,0.371,0.0359,-0.0367,1.058,61.5,0.0236,0.0385,0.0476,0.0236,-0.0669,1359,1242,1132,False
S28::anchor=month/mode=bounce/exit=rr3/id=e60401b8eeba,S28,3534,236.0,0.315,0.0526,-0.0198,1.078,77.0,0.038,0.0826,0.0374,0.0374,-0.1015,1298,1173,1063,False
S28::anchor=month/mode=bounce/exit=time/id=5f57c7b04425,S28,3880,259.0,0.33,0.0774,0.0006,1.119,70.9,0.0532,0.1278,0.0517,0.0517,-0.2438,1434,1284,1162,False
S29::dow=0/side=up/exit=rr2/id=bd28e989b4eb,S29,783,52.0,0.35,0.0095,-0.0793,1.014,51.4,-0.0165,0.014,0.0352,-0.0165,-0.0946,283,261,239,False
S29::dow=0/side=up/exit=time/id=c4994333b312,S29,783,52.0,0.335,0.0581,-0.0307,1.089,36.1,0.041,0.0154,0.125,0.0154,-0.1941,283,261,239,False
S29::dow=0/side=down/exit=rr2/id=10d4532019fd,S29,783,52.0,0.364,0.0396,-0.0492,1.062,33.4,0.0522,-0.0452,0.1173,-0.0452,-0.0629,283,261,239,False
S29::dow=0/side=down/exit=time/id=68ae2f35f8fe,S29,783,52.0,0.349,0.0954,0.0066,1.149,22.7,0.136,0.0361,0.1119,0.0361,-0.219,283,261,239,False
S29::dow=1/side=up/exit=rr2/id=b0344b9ceba5,S29,780,52.0,0.353,0.0198,-0.1079,1.03,46.6,0.0633,-0.0929,0.092,-0.0929,-0.0839,281,261,238,False
S29::dow=1/side=up/exit=time/id=811325553385,S29,780,52.0,0.282,0.1478,0.0201,1.204,30.4,0.2473,0.0795,0.1054,0.0795,-0.2338,281,261,238,False
S29::dow=1/side=down/exit=rr2/id=6d231527e886,S29,780,52.0,0.322,-0.0741,-0.2018,0.894,63.6,-0.162,0.0395,-0.0949,-0.162,-0.1828,281,261,238,False
S29::dow=1/side=down/exit=time/id=23e74eaf553c,S29,780,52.0,0.254,-0.0849,-0.2126,0.887,108.8,-0.1004,-0.0553,-0.0989,-0.1004,-0.413,281,261,238,False
S29::dow=2/side=up/exit=rr2/id=b129fe28f979,S29,783,52.0,0.338,-0.0195,-0.1454,0.971,65.6,0.062,-0.0624,-0.0696,-0.0696,-0.125,284,261,238,False
S29::dow=2/side=up/exit=time/id=7830d7567025,S29,783,52.0,0.281,-0.0452,-0.1711,0.938,82.3,0.0103,-0.0882,-0.0644,-0.0882,-0.3283,284,261,238,False
S29::dow=2/side=down/exit=rr2/id=7977516b62fc,S29,783,52.0,0.34,-0.0214,-0.1473,0.969,55.6,-0.107,0.0177,0.0379,-0.107,-0.1268,284,261,238,False
S29::dow=2/side=down/exit=time/id=775e95c79148,S29,783,52.0,0.258,-0.0771,-0.203,0.897,84.9,-0.1939,0.0599,-0.088,-0.1939,-0.4084,284,261,238,False
S29::dow=3/side=up/exit=rr2/id=13e900a2bf7b,S29,783,52.0,0.338,-0.0355,-0.1481,0.948,102.8,-0.084,-0.1767,0.1773,-0.1767,-0.142,284,261,238,False
S29::dow=3/side=up/exit=time/id=7e7fa96b5fce,S29,783,52.0,0.308,0.0502,-0.0624,1.072,65.0,0.0967,-0.1318,0.1943,-0.1318,-0.2515,284,261,238,False
S29::dow=3/side=down/exit=rr2/id=451db0ac5a59,S29,783,52.0,0.315,-0.0884,-0.201,0.874,84.3,-0.0024,-0.0623,-0.2196,-0.2196,-0.1974,284,261,238,False
S29::dow=3/side=down/exit=time/id=05092b370487,S29,783,52.0,0.281,-0.0817,-0.1944,0.886,86.2,-0.106,-0.0087,-0.1328,-0.1328,-0.3715,284,261,238,False
S29::dow=4/side=up/exit=rr2/id=00c9c6c91c8c,S29,765,51.0,0.349,0.0087,-0.112,1.013,54.8,0.007,-0.0493,0.0737,-0.0493,-0.0955,279,253,233,False
S29::dow=4/side=up/exit=time/id=2812436a38fe,S29,765,51.0,0.312,0.1666,0.0459,1.239,28.8,0.0458,0.1717,0.3059,0.0458,-0.1868,279,253,233,False
S29::dow=4/side=down/exit=rr2/id=90a50dad4b30,S29,765,51.0,0.292,-0.1642,-0.2849,0.775,131.2,-0.1374,-0.0526,-0.3173,-0.3173,-0.2768,279,253,233,False
S29::dow=4/side=down/exit=time/id=e24b703ce901,S29,765,51.0,0.226,-0.2719,-0.3926,0.649,213.1,-0.2349,-0.1704,-0.4263,-0.4263,-0.5453,279,253,233,False
S30::zone=london_kz/mode=continuation/stop=atr/exit=rr2/id=282a94fa23d8,S30,5776,385.0,0.346,0.0109,-0.0745,1.016,115.2,0.0491,0.0125,-0.0367,-0.0367,-0.0931,2105,1919,1752,False
S30::zone=london_kz/mode=continuation/stop=atr/exit=rr3/id=95cb40ab0127,S30,5457,364.0,0.268,0.0164,-0.0698,1.022,152.6,0.0344,0.0621,-0.0557,-0.0557,-0.1397,1981,1823,1653,False
S30::zone=london_kz/mode=continuation/stop=atr/exit=time/id=453b798c89f7,S30,5254,350.0,0.247,0.0205,-0.0662,1.027,168.3,0.0408,0.0803,-0.0681,-0.0681,-0.3708,1886,1753,1615,False
S30::zone=london_kz/mode=reversal/stop=atr/exit=rr2/id=feae26577771,S30,5766,384.0,0.331,-0.0347,-0.12,0.949,223.5,-0.0694,0.0237,-0.0555,-0.0694,-0.1413,2120,1886,1760,False
S30::zone=london_kz/mode=reversal/stop=atr/exit=rr3/id=9bbf0acaf24f,S30,5411,361.0,0.266,-0.0033,-0.0889,0.996,170.7,-0.0698,0.1004,-0.0337,-0.0698,-0.1607,1990,1764,1657,False
S30::zone=london_kz/mode=reversal/stop=atr/exit=time/id=0f7fac0f33b4,S30,5209,347.0,0.247,-0.0194,-0.1056,0.975,262.3,-0.1238,0.1394,-0.0626,-0.1238,-0.3833,1914,1693,1602,False
S30::zone=ny_kz/mode=continuation/stop=atr/exit=rr2/id=d660247ea59d,S30,7253,483.0,0.346,-0.0273,-0.0907,0.958,271.8,-0.0533,-0.0283,0.0038,-0.0533,-0.1337,2571,2463,2219,False
S30::zone=ny_kz/mode=continuation/stop=atr/exit=rr3/id=6a03bc1fec4e,S30,6804,453.0,0.291,-0.0219,-0.0861,0.969,222.2,-0.0404,-0.0311,0.01,-0.0404,-0.1807,2433,2305,2066,False
S30::zone=ny_kz/mode=continuation/stop=atr/exit=time/id=79004b2d87a0,S30,6356,424.0,0.278,0.0144,-0.0508,1.02,127.7,-0.0087,-0.031,0.0916,-0.031,-0.3383,2278,2140,1938,False
S30::zone=ny_kz/mode=reversal/stop=atr/exit=rr2/id=1253cf35ff26,S30,7208,480.0,0.362,0.0004,-0.0629,1.001,113.4,0.0231,-0.0232,0.0001,-0.0232,-0.1045,2558,2434,2216,False
S30::zone=ny_kz/mode=reversal/stop=atr/exit=rr3/id=3f5866d6ee46,S30,6577,438.0,0.315,0.0187,-0.0455,1.027,107.0,0.0342,0.0322,-0.0143,-0.0143,-0.1376,2338,2225,2014,False
S30::zone=ny_kz/mode=reversal/stop=atr/exit=time/id=638d46ca6af1,S30,6068,404.0,0.305,0.0255,-0.0398,1.037,106.9,0.0281,0.0382,0.0085,0.0085,-0.3122,2163,2044,1861,False
S31::window=month_end/side=up/exit=rr2/id=555f488885b1,S31,628,42.0,0.334,-0.0431,-0.1585,0.937,55.1,0.0035,-0.0765,-0.0637,-0.0765,-0.1487,232,206,190,False
S31::window=month_end/side=up/exit=rr3/id=56456a10ca86,S31,626,42.0,0.254,-0.0575,-0.173,0.925,82.4,-0.0532,-0.0849,-0.0334,-0.0849,-0.2163,231,205,190,False
S31::window=month_end/side=up/exit=time/id=c27f46a1b4af,S31,624,42.0,0.292,0.0143,-0.1013,1.02,65.5,-0.0397,0.084,0.004,-0.0397,-0.2981,229,205,190,False
S31::window=month_end/side=down/exit=rr2/id=9584b16899ad,S31,623,42.0,0.335,-0.0342,-0.1497,0.95,33.8,-0.0262,-0.0655,-0.01,-0.0655,-0.1403,232,204,187,False
S31::window=month_end/side=down/exit=rr3/id=ad013cd1e886,S31,618,41.0,0.278,0.0141,-0.1018,1.019,45.6,0.0598,0.006,-0.0332,-0.0332,-0.1378,228,204,186,False
S31::window=month_end/side=down/exit=time/id=cae9f5af9e1a,S31,614,41.0,0.28,-0.0979,-0.2143,0.864,96.6,-0.0974,-0.1463,-0.0443,-0.1463,-0.3804,228,204,182,False
S31::window=month_start/side=up/exit=rr2/id=09757ba7d595,S31,286,19.0,0.311,-0.1058,-0.2076,0.851,48.4,-0.0181,-0.1504,-0.1631,-0.1631,-0.2138,105,92,89,False
S31::window=month_start/side=up/exit=rr3/id=75f8ecc5a73c,S31,283,19.0,0.286,0.0491,-0.053,1.067,23.2,0.1517,0.0761,-0.1002,-0.1002,-0.1041,104,91,88,False
S31::window=month_start/side=up/exit=time/id=e931f46c2987,S31,283,19.0,0.297,-0.0173,-0.1194,0.975,27.4,0.1456,-0.014,-0.2133,-0.2133,-0.2625,104,91,88,False
S31::window=month_start/side=down/exit=rr2/id=ff901be9d442,S31,281,19.0,0.374,0.0861,-0.0155,1.136,18.5,0.1197,0.0293,0.1057,0.0293,-0.014,103,91,87,False
S31::window=month_start/side=down/exit=rr3/id=75078bddddd9,S31,280,19.0,0.311,0.1312,0.0294,1.189,20.9,0.1655,0.0193,0.208,0.0193,-0.0194,102,91,87,False
S31::window=month_start/side=down/exit=time/id=8000f3c33783,S31,279,19.0,0.326,0.1221,0.0204,1.184,22.9,-0.0228,0.0914,0.3226,-0.0228,-0.1907,101,91,87,False
S38::htf=h4/zone=ema20/stop=swing/exit=rr2/id=3029c9493a71,S38,8708,580.0,0.392,0.0036,-0.0607,1.006,187.9,0.0012,-0.0192,0.0307,-0.0192,-0.1014,3150,2864,2694,False
S38::htf=h4/zone=ema20/stop=swing/exit=rr3/id=d370d57e4165,S38,8093,539.0,0.358,0.022,-0.0441,1.037,172.5,0.0269,-0.0118,0.0523,-0.0118,-0.1343,2935,2662,2496,False
S38::htf=h4/zone=ema20/stop=swing/exit=trailing/id=33e1ae010a98,S38,16690,1112.0,0.319,-0.1175,-0.1924,0.623,1967.8,-0.127,-0.1184,-0.1053,-0.127,-0.2361,6072,5501,5117,False
S38::htf=h4/zone=ema20/stop=atr/exit=rr2/id=59385a1f02eb,S38,11574,771.0,0.353,-0.0082,-0.0861,0.987,262.9,-0.0055,-0.04,0.0232,-0.04,-0.1135,4215,3829,3530,False
S38::htf=h4/zone=ema20/stop=atr/exit=rr3/id=91c313ee290f,S38,10272,685.0,0.299,0.0166,-0.0615,1.024,227.1,0.0183,-0.0306,0.0661,-0.0306,-0.1404,3765,3394,3113,False
S38::htf=h4/zone=ema20/stop=atr/exit=trailing/id=a38bcf71adc6,S38,16650,1110.0,0.325,-0.1555,-0.2365,0.6,2589.8,-0.1587,-0.1588,-0.1481,-0.1588,-0.2747,6058,5483,5109,False
S38::htf=h4/zone=ema50/stop=swing/exit=rr2/id=46504d69cc66,S38,8483,565.0,0.347,-0.0834,-0.2383,0.875,764.5,-0.0421,-0.1536,-0.0575,-0.1536,-0.1928,3125,2791,2567,False
S38::htf=h4/zone=ema50/stop=swing/exit=rr3/id=7e6553e9e7c9,S38,7953,530.0,0.302,-0.0409,-0.1977,0.943,478.0,0.0189,-0.1245,-0.0223,-0.1245,-0.2003,2922,2622,2409,False
S38::htf=h4/zone=ema50/stop=swing/exit=trailing/id=06ce877573aa,S38,12129,808.0,0.287,-0.1652,-0.332,0.659,2052.2,-0.124,-0.2023,-0.1741,-0.2023,-0.3917,4408,4001,3720,False
S38::htf=h4/zone=ema50/stop=atr/exit=rr2/id=3547ab6ceb36,S38,8365,558.0,0.347,-0.0231,-0.1032,0.965,281.6,0.0025,-0.0703,-0.0026,-0.0703,-0.1292,3027,2763,2575,False
S38::htf=h4/zone=ema50/stop=atr/exit=rr3/id=fd5db78e2065,S38,7588,506.0,0.289,-0.0095,-0.0896,0.987,270.3,0.0174,-0.0839,0.0388,-0.0839,-0.1674,2737,2509,2342,False
S38::htf=h4/zone=ema50/stop=atr/exit=trailing/id=0dbf449f66fd,S38,11835,789.0,0.321,-0.1662,-0.2488,0.574,1968.9,-0.1428,-0.1882,-0.1702,-0.1882,-0.283,4296,3891,3648,False
S38::htf=h4/zone=fib50/stop=swing/exit=rr2/id=dc6157631cd3,S38,9286,619.0,0.379,0.0103,-0.0625,1.017,175.0,0.0109,-0.01,0.0319,-0.01,-0.0944,3367,3088,2831,False
S38::htf=h4/zone=fib50/stop=swing/exit=rr3/id=b11857bf9e18,S38,8475,565.0,0.337,0.0262,-0.047,1.041,136.0,0.0273,0.0003,0.0533,0.0003,-0.1299,3079,2827,2569,False
S38::htf=h4/zone=fib50/stop=swing/exit=trailing/id=64059231d245,S38,15775,1051.0,0.322,-0.122,-0.2041,0.632,1924.6,-0.1222,-0.1189,-0.1251,-0.1251,-0.244,5731,5276,4768,False
S38::htf=h4/zone=fib50/stop=atr/exit=rr2/id=98e3a3fbbe9f,S38,11481,765.0,0.354,0.0007,-0.0792,1.001,216.7,-0.0035,-0.0116,0.0191,-0.0116,-0.1043,4188,3806,3487,False
S38::htf=h4/zone=fib50/stop=atr/exit=rr3/id=0e8fd0386971,S38,10094,673.0,0.297,0.0219,-0.0582,1.031,169.9,0.0053,0.0136,0.0513,0.0053,-0.1344,3702,3353,3039,False
S38::htf=h4/zone=fib50/stop=atr/exit=trailing/id=f3e9eafe46b8,S38,15756,1050.0,0.328,-0.1482,-0.2304,0.616,2335.4,-0.151,-0.1448,-0.1485,-0.151,-0.2692,5720,5273,4763,False
S38::htf=h1/zone=ema20/stop=swing/exit=rr2/id=0d0556822667,S38,9791,653.0,0.387,-0.0107,-0.0768,0.981,256.4,-0.0019,-0.0156,-0.0158,-0.0158,-0.1165,3562,3208,3021,False
S38::htf=h1/zone=ema20/stop=swing/exit=rr3/id=9e550437b97e,S38,9127,608.0,0.353,0.0137,-0.0538,1.023,169.5,0.0276,0.0012,0.0107,0.0012,-0.1431,3319,2996,2812,False
S38::htf=h1/zone=ema20/stop=swing/exit=trailing/id=7ceb32e972b6,S38,19444,1296.0,0.316,-0.1235,-0.1994,0.617,2406.1,-0.1345,-0.1163,-0.1184,-0.1345,-0.247,7047,6471,5926,False
S38::htf=h1/zone=ema20/stop=atr/exit=rr2/id=cd532c4490d9,S38,13165,877.0,0.35,-0.0195,-0.0966,0.97,405.5,-0.0141,-0.0346,-0.0096,-0.0346,-0.1257,4767,4372,4026,False
S38::htf=h1/zone=ema20/stop=atr/exit=rr3/id=2b84911f0aa2,S38,11679,778.0,0.296,-0.0043,-0.0817,0.994,319.9,0.0113,-0.0363,0.0119,-0.0363,-0.1621,4269,3870,3540,False
S38::htf=h1/zone=ema20/stop=atr/exit=trailing/id=2528ac8647e3,S38,19352,1290.0,0.322,-0.1597,-0.2399,0.594,3094.6,-0.163,-0.1526,-0.1635,-0.1635,-0.2809,7017,6431,5904,False
S38::htf=h1/zone=ema50/stop=swing/exit=rr2/id=4fffdb87f937,S38,10344,689.0,0.342,-0.0983,-0.2565,0.855,1057.6,-0.0612,-0.1342,-0.1047,-0.1342,-0.2085,3831,3402,3111,False
S38::htf=h1/zone=ema50/stop=swing/exit=rr3/id=cf6b42985f74,S38,9709,647.0,0.296,-0.0574,-0.2178,0.921,665.1,-0.0108,-0.0933,-0.0752,-0.0933,-0.2177,3580,3203,2926,False
S38::htf=h1/zone=ema50/stop=swing/exit=trailing/id=67481a4d155d,S38,15120,1008.0,0.286,-0.169,-0.3361,0.659,2579.1,-0.143,-0.1823,-0.1853,-0.1853,-0.4019,5474,5031,4615,False
S38::htf=h1/zone=ema50/stop=atr/exit=rr2/id=6d42173fae90,S38,10030,669.0,0.353,-0.0138,-0.0932,0.979,322.0,0.0072,-0.0441,-0.0058,-0.0441,-0.1194,3613,3324,3093,False
S38::htf=h1/zone=ema50/stop=atr/exit=rr3/id=33a1f33a8414,S38,9087,606.0,0.294,-0.0011,-0.0805,0.998,306.0,0.0309,-0.0513,0.0151,-0.0513,-0.1587,3286,3002,2799,False
S38::htf=h1/zone=ema50/stop=atr/exit=trailing/id=6f471f67ddf1,S38,14698,980.0,0.322,-0.1688,-0.2509,0.571,2485.7,-0.1484,-0.1809,-0.1797,-0.1809,-0.2874,5318,4875,4505,False
S38::htf=h1/zone=fib50/stop=swing/exit=rr2/id=dd8c562e3ad2,S38,10255,684.0,0.378,-0.0058,-0.0778,0.99,243.9,0.0123,-0.013,-0.0193,-0.0193,-0.1113,3700,3408,3147,False
S38::htf=h1/zone=fib50/stop=swing/exit=rr3/id=c11baa958963,S38,9413,627.0,0.338,0.0139,-0.0587,1.022,171.5,0.0301,-0.0065,0.017,-0.0065,-0.1431,3385,3136,2892,False
S38::htf=h1/zone=fib50/stop=swing/exit=trailing/id=ad785b740586,S38,18198,1213.0,0.319,-0.1233,-0.2037,0.632,2245.0,-0.1205,-0.1202,-0.1299,-0.1299,-0.2496,6570,6121,5507,False
S38::htf=h1/zone=fib50/stop=atr/exit=rr2/id=7f0086549969,S38,12817,854.0,0.353,-0.0084,-0.0866,0.987,255.5,-0.0054,-0.0118,-0.0083,-0.0118,-0.1138,4667,4238,3912,False
S38::htf=h1/zone=fib50/stop=atr/exit=rr3/id=c18a7c375d09,S38,11319,754.0,0.297,0.0114,-0.067,1.016,212.0,0.0132,0.0077,0.0131,0.0077,-0.1456,4139,3738,3442,False
S38::htf=h1/zone=fib50/stop=atr/exit=trailing/id=b48c7f709456,S38,18135,1209.0,0.325,-0.152,-0.2329,0.609,2759.7,-0.1511,-0.1491,-0.1564,-0.1564,-0.2744,6549,6102,5484,False
S39::L=10/er_thr=0.3/stop=atr/exit=rr2/id=cdecf371316b,S39,11379,758.0,0.348,-0.0013,-0.086,0.998,204.2,0.0041,-0.0187,0.0116,-0.0187,-0.1062,4337,3749,3293,False
S39::L=10/er_thr=0.3/stop=atr/exit=rr3/id=220d18713b89,S39,10185,679.0,0.286,0.0257,-0.0596,1.036,142.8,0.0258,0.0097,0.0436,0.0097,-0.1305,3876,3351,2958,False
S39::L=10/er_thr=0.3/stop=atr/exit=trailing/id=0725042157f7,S39,14140,942.0,0.32,-0.1791,-0.2643,0.541,2533.3,-0.1625,-0.2035,-0.1732,-0.2035,-0.2958,5454,4693,3993,False
S39::L=10/er_thr=0.3/stop=swing/exit=rr2/id=6af81ceab1f4,S39,6903,460.0,0.423,0.0234,-0.0138,1.05,73.8,0.044,-0.0084,0.033,-0.0084,-0.0807,2618,2295,1990,False
S39::L=10/er_thr=0.3/stop=swing/exit=rr3/id=b39029734cd8,S39,6565,438.0,0.4,0.0298,-0.0085,1.06,55.8,0.0364,0.0039,0.0512,0.0039,-0.1265,2473,2188,1904,False
S39::L=10/er_thr=0.3/stop=swing/exit=trailing/id=72863cbda242,S39,14140,942.0,0.32,-0.0732,-0.1086,0.527,1035.5,-0.0668,-0.0796,-0.0745,-0.0796,-0.1224,5454,4693,3993,False
S39::L=10/er_thr=0.5/stop=atr/exit=rr2/id=02a8850c4799,S39,7097,473.0,0.347,-0.0054,-0.0873,0.992,178.0,0.004,-0.0119,-0.0108,-0.0119,-0.1106,2766,2310,2021,False
S39::L=10/er_thr=0.5/stop=atr/exit=rr3/id=6e555964ba62,S39,6533,435.0,0.283,0.0108,-0.0715,1.015,156.4,0.0073,0.0282,-0.0042,-0.0042,-0.1459,2529,2128,1876,False
S39::L=10/er_thr=0.5/stop=atr/exit=trailing/id=251f918e4efe,S39,8399,560.0,0.316,-0.1765,-0.258,0.551,1482.5,-0.1712,-0.1964,-0.161,-0.1964,-0.2972,3303,2724,2372,False
S39::L=10/er_thr=0.5/stop=swing/exit=rr2/id=87984b577f52,S39,4853,323.0,0.433,0.0104,-0.0197,1.024,37.7,0.0054,0.0066,0.0214,0.0054,-0.0942,1864,1588,1401,False
S39::L=10/er_thr=0.5/stop=swing/exit=rr3/id=942950c6e8c7,S39,4672,311.0,0.418,0.0233,-0.0074,1.051,42.0,0.0026,0.0334,0.0393,0.0026,-0.1332,1798,1523,1351,False
S39::L=10/er_thr=0.5/stop=swing/exit=trailing/id=119680570bf8,S39,8399,560.0,0.316,-0.0624,-0.0907,0.525,523.8,-0.0621,-0.0683,-0.056,-0.0683,-0.1026,3303,2724,2372,False
S39::L=20/er_thr=0.3/stop=atr/exit=rr2/id=b2d15bc4cdf5,S39,8416,561.0,0.349,0.0026,-0.0789,1.004,185.4,0.0202,-0.0305,0.0177,-0.0305,-0.1022,3197,2805,2414,False
S39::L=20/er_thr=0.3/stop=atr/exit=rr3/id=bf104db05d5d,S39,7602,507.0,0.288,0.0289,-0.0531,1.04,142.6,0.0419,0.0011,0.0438,0.0011,-0.1271,2870,2522,2210,False
S39::L=20/er_thr=0.3/stop=atr/exit=trailing/id=88ec59da21b3,S39,10251,683.0,0.325,-0.1781,-0.2592,0.545,1827.5,-0.1599,-0.21,-0.1653,-0.21,-0.2929,3924,3426,2901,False
S39::L=20/er_thr=0.3/stop=swing/exit=rr2/id=9aecf4b3d8ba,S39,5270,351.0,0.435,0.0197,-0.009,1.046,85.0,0.0483,-0.0158,0.0231,-0.0158,-0.0847,1990,1753,1527,False
S39::L=20/er_thr=0.3/stop=swing/exit=rr3/id=282abf0baf02,S39,5064,338.0,0.424,0.0351,0.0057,1.08,51.4,0.0564,0.0012,0.0466,0.0012,-0.1211,1890,1697,1477,False
S39::L=20/er_thr=0.3/stop=swing/exit=trailing/id=ae58f2e9a9cd,S39,10251,683.0,0.325,-0.0611,-0.0887,0.528,626.6,-0.0546,-0.0692,-0.0603,-0.0692,-0.0993,3924,3426,2901,False
S39::L=20/er_thr=0.5/stop=atr/exit=rr2/id=f0d10edbeacb,S39,2983,199.0,0.364,0.0417,-0.0312,1.066,38.8,0.021,0.008,0.1068,0.008,-0.0611,1135,981,867,False
S39::L=20/er_thr=0.5/stop=atr/exit=rr3/id=9bdc95aa1b9a,S39,2778,185.0,0.301,0.0508,-0.0227,1.073,44.5,0.0667,-0.0052,0.0926,-0.0052,-0.103,1051,908,819,False
S39::L=20/er_thr=0.5/stop=atr/exit=trailing/id=75df08960139,S39,3437,229.0,0.334,-0.1558,-0.2277,0.592,540.8,-0.1518,-0.1788,-0.135,-0.1788,-0.2763,1326,1124,987,False
S39::L=20/er_thr=0.5/stop=swing/exit=rr2/id=13752e544049,S39,2288,152.0,0.469,0.0399,0.0199,1.116,27.2,0.0311,0.0264,0.0665,0.0264,-0.0627,870,749,669,False
S39::L=20/er_thr=0.5/stop=swing/exit=rr3/id=1ed10ae976dd,S39,2242,149.0,0.465,0.0468,0.0267,1.134,20.7,0.0389,0.0279,0.078,0.0279,-0.0958,847,734,661,False
S39::L=20/er_thr=0.5/stop=swing/exit=trailing/id=98c3980223ef,S39,3437,229.0,0.334,-0.0407,-0.0596,0.584,141.5,-0.0372,-0.0463,-0.0392,-0.0463,-0.0717,1326,1124,987,False
S40::er_thr=0.3/range_lb=20/stop=atr/exit=rr2/id=43b9c7dbd606,S40,21477,1431.0,0.444,-0.0421,-0.124,0.924,988.4,-0.0174,-0.0702,-0.0405,-0.0702,-0.1495,7667,7122,6688,False
S40::er_thr=0.3/range_lb=20/stop=atr/exit=rr3/id=110005c910aa,S40,20226,1348.0,0.425,-0.0336,-0.1158,0.941,829.8,-0.0074,-0.0632,-0.0321,-0.0632,-0.1925,7191,6698,6337,False
S40::er_thr=0.3/range_lb=20/stop=swing/exit=rr2/id=7b9a901db667,S40,15947,1063.0,0.381,-0.034,-0.1889,0.942,756.5,0.0193,-0.067,-0.0581,-0.067,-0.2695,5567,5310,5070,False
S40::er_thr=0.3/range_lb=20/stop=swing/exit=rr3/id=297ee051cc99,S40,15709,1047.0,0.375,-0.0347,-0.1916,0.942,767.4,0.0183,-0.0653,-0.0605,-0.0653,-0.276,5463,5209,5037,False
S40::er_thr=0.3/range_lb=50/stop=atr/exit=rr2/id=c286b2d425a5,S40,13984,932.0,0.374,-0.0264,-0.1042,0.958,454.2,-0.0004,-0.0539,-0.0275,-0.0539,-0.1513,5084,4651,4249,False
S40::er_thr=0.3/range_lb=50/stop=atr/exit=rr3/id=ffcc942d936b,S40,13009,867.0,0.342,-0.012,-0.0901,0.982,347.2,0.0122,-0.0379,-0.0124,-0.0379,-0.1747,4707,4332,3970,False
S40::er_thr=0.3/range_lb=50/stop=swing/exit=rr2/id=c0f63ea4f111,S40,10393,693.0,0.364,-0.0148,-0.1215,0.975,314.1,0.0177,-0.0159,-0.0504,-0.0504,-0.2651,3674,3480,3239,False
S40::er_thr=0.3/range_lb=50/stop=swing/exit=rr3/id=58fde6cd5ab5,S40,10139,676.0,0.358,-0.0098,-0.1181,0.983,281.8,0.022,-0.0109,-0.0442,-0.0442,-0.2654,3570,3394,3175,False
S40::er_thr=0.5/range_lb=20/stop=atr/exit=rr2/id=98772e5c46b7,S40,22147,1476.0,0.462,-0.0468,-0.1268,0.912,1082.8,-0.0431,-0.0578,-0.0393,-0.0578,-0.1551,7728,7364,7055,False
S40::er_thr=0.5/range_lb=20/stop=atr/exit=rr3/id=302fd3a9db47,S40,21668,1444.0,0.455,-0.049,-0.1293,0.909,1109.9,-0.0434,-0.0618,-0.0418,-0.0618,-0.1831,7564,7206,6898,False
S40::er_thr=0.5/range_lb=20/stop=swing/exit=rr2/id=69f673010580,S40,23530,1568.0,0.334,-0.0406,-0.2413,0.94,1190.7,-0.0056,-0.071,-0.0455,-0.071,-0.3473,7943,7862,7725,False
S40::er_thr=0.5/range_lb=20/stop=swing/exit=rr3/id=81a3c87e5f5b,S40,23432,1562.0,0.334,-0.037,-0.239,0.945,1104.1,-0.0012,-0.0675,-0.0425,-0.0675,-0.346,7895,7832,7705,False
S40::er_thr=0.5/range_lb=50/stop=atr/exit=rr2/id=c2ae22f98976,S40,13540,902.0,0.382,-0.025,-0.0984,0.96,350.4,-0.0321,-0.0287,-0.0131,-0.0321,-0.1772,4743,4535,4262,False
S40::er_thr=0.5/range_lb=50/stop=atr/exit=rr3/id=26f7e2ca232c,S40,13190,879.0,0.371,-0.0249,-0.0987,0.96,339.0,-0.027,-0.0333,-0.0137,-0.0333,-0.1945,4613,4426,4151,False
S40::er_thr=0.5/range_lb=50/stop=swing/exit=rr2/id=91fea723e803,S40,14371,958.0,0.291,0.0079,-0.161,1.011,276.0,0.0009,0.0146,0.0081,0.0009,-0.3834,4830,4833,4708,False
S40::er_thr=0.5/range_lb=50/stop=swing/exit=rr3/id=6ea48a0e27fa,S40,14259,950.0,0.29,0.009,-0.1605,1.013,272.2,0.0011,0.0167,0.0093,0.0011,-0.3826,4790,4790,4679,False
S41::vthr=0.9/stop=bar/exit=rr2/id=73a2a8a65e5e,S41,9779,652.0,0.305,-0.1711,-0.3833,0.768,1684.2,-0.1365,-0.2141,-0.166,-0.2141,-0.2846,3618,3256,2905,False
S41::vthr=0.9/stop=bar/exit=rr3/id=5d28b794bd46,S41,9576,638.0,0.254,-0.1238,-0.3354,0.844,1207.1,-0.1004,-0.1578,-0.1151,-0.1578,-0.2874,3547,3182,2847,False
S41::vthr=0.9/stop=bar/exit=time/id=33eb8c305fd7,S41,8724,581.0,0.175,0.023,-0.2044,1.026,486.0,0.1258,-0.1063,0.0403,-0.1063,-0.6683,3183,2888,2653,False
S41::vthr=0.9/stop=atr/exit=rr2/id=01e74a1d5073,S41,8091,539.0,0.367,-0.0159,-0.0724,0.974,277.8,-0.0149,-0.0561,0.0275,-0.0561,-0.1216,3061,2651,2379,False
S41::vthr=0.9/stop=atr/exit=rr3/id=cb51dc745cd8,S41,7468,498.0,0.327,-0.0137,-0.0706,0.979,250.3,-0.0059,-0.0523,0.0191,-0.0523,-0.1717,2838,2438,2192,False
S41::vthr=0.9/stop=atr/exit=time/id=7a8468661dcc,S41,6778,452.0,0.337,-0.0145,-0.0726,0.977,277.4,0.0107,-0.0559,0.0001,-0.0559,-0.2986,2532,2251,1995,False
S41::vthr=0.95/stop=bar/exit=rr2/id=87c1ac993668,S41,8484,565.0,0.306,-0.1673,-0.374,0.772,1423.0,-0.1303,-0.2051,-0.1719,-0.2051,-0.2808,3185,2818,2481,False
S41::vthr=0.95/stop=bar/exit=rr3/id=3311fe449da8,S41,8315,554.0,0.256,-0.121,-0.3269,0.846,1018.8,-0.0948,-0.1499,-0.1222,-0.1499,-0.2845,3131,2749,2435,False
S41::vthr=0.95/stop=bar/exit=time/id=3bf8a8a61c5f,S41,7629,508.0,0.183,0.0743,-0.1499,1.086,195.5,0.1577,-0.0386,0.0957,-0.0386,-0.6313,2828,2519,2282,False
S41::vthr=0.95/stop=atr/exit=rr2/id=e50d34cdc3b7,S41,7190,479.0,0.369,-0.0174,-0.0728,0.972,244.2,-0.0085,-0.0487,0.0062,-0.0487,-0.1232,2744,2361,2085,False
S41::vthr=0.95/stop=atr/exit=rr3/id=699f3a65ff29,S41,6716,448.0,0.331,-0.0108,-0.0665,0.984,201.6,0.0053,-0.0311,-0.0094,-0.0311,-0.1685,2568,2190,1958,False
S41::vthr=0.95/stop=atr/exit=time/id=14798a04be00,S41,6116,408.0,0.34,-0.0117,-0.0684,0.981,271.2,0.0327,-0.054,-0.021,-0.054,-0.2909,2299,2017,1800,False
S42::L=3/thr=0.006/stop=atr/exit=rr2/id=a347eead7c5d,S42,2280,152.0,0.362,-0.0455,-0.0762,0.927,125.9,-0.0431,-0.028,-0.0581,-0.0581,-0.1533,964,471,845,False
S42::L=3/thr=0.006/stop=atr/exit=rr3/id=3a1d90dc5aec,S42,2140,143.0,0.334,-0.0286,-0.06,0.956,99.7,-0.0038,-0.0487,-0.0461,-0.0487,-0.1878,913,442,785,False
S42::L=3/thr=0.006/stop=atr/exit=time/id=8e07cd70d6bc,S42,2108,141.0,0.364,0.0011,-0.0302,1.002,67.3,0.0162,0.0083,-0.0194,-0.0194,-0.2514,872,444,792,False
S42::L=3/thr=0.012/stop=atr/exit=rr2/id=3ddf5c744cf1,S42,347,23.0,0.334,-0.1179,-0.1369,0.818,59.7,-0.3419,0.0479,0.0433,-0.3419,-0.227,146,61,140,False
S42::L=3/thr=0.012/stop=atr/exit=rr3/id=9183e27f4d40,S42,338,23.0,0.305,-0.1182,-0.1374,0.826,67.0,-0.3381,0.0976,0.0174,-0.3381,-0.2731,142,58,138,False
S42::L=3/thr=0.012/stop=atr/exit=time/id=da39946447d2,S42,335,22.0,0.337,-0.1292,-0.1484,0.796,64.4,-0.3115,0.0758,-0.0282,-0.3115,-0.3263,140,56,139,False
S42::L=6/thr=0.006/stop=atr/exit=rr2/id=736341eca763,S42,3557,237.0,0.365,-0.051,-0.0851,0.918,187.6,-0.0491,-0.0437,-0.0575,-0.0575,-0.1583,1480,770,1307,False
S42::L=6/thr=0.006/stop=atr/exit=rr3/id=e16d4d9e232b,S42,3333,222.0,0.334,-0.0428,-0.0776,0.935,194.9,-0.0121,-0.0971,-0.0458,-0.0971,-0.2021,1396,722,1215,False
S42::L=6/thr=0.006/stop=atr/exit=time/id=e59e4157b676,S42,3296,220.0,0.361,-0.0244,-0.0592,0.96,130.3,0.0165,-0.0341,-0.0642,-0.0642,-0.2716,1355,722,1219,False
S42::L=6/thr=0.012/stop=atr/exit=rr2/id=481371b95170,S42,621,41.0,0.348,-0.0715,-0.0925,0.886,56.4,-0.1257,0.0506,-0.0708,-0.1257,-0.1802,255,112,254,False
S42::L=6/thr=0.012/stop=atr/exit=rr3/id=b73b29074069,S42,594,40.0,0.325,-0.0533,-0.0748,0.918,52.4,-0.0987,0.0218,-0.0405,-0.0987,-0.21,246,107,241,False
S42::L=6/thr=0.012/stop=atr/exit=time/id=054bd6e44484,S42,591,39.0,0.365,-0.0239,-0.0455,0.959,34.3,-0.1042,0.1901,-0.039,-0.1042,-0.2494,243,108,240,False
S43::rsi_tf=m/lb=14/stop=bar/exit=rr2/id=6aacd27a298d,S43,26418,1761.0,0.329,-0.0903,-0.2924,0.873,2408.7,-0.0374,-0.1118,-0.1197,-0.1197,-0.1997,8593,8832,8993,False
S43::rsi_tf=m/lb=14/stop=bar/exit=time/id=b2bf0171beb3,S43,21939,1462.0,0.187,0.0148,-0.2068,1.017,781.0,0.0527,-0.0259,0.0177,-0.0259,-0.6069,7266,7308,7365,False
S43::rsi_tf=m/lb=14/stop=atr/exit=rr2/id=5a151abd22a8,S43,17381,1158.0,0.349,-0.0256,-0.1029,0.961,487.4,-0.0065,-0.0325,-0.0391,-0.0391,-0.132,5995,5819,5567,False
S43::rsi_tf=m/lb=14/stop=atr/exit=time/id=8b850e0d300c,S43,16166,1077.0,0.309,-0.0075,-0.0905,0.989,357.4,0.0183,-0.0078,-0.035,-0.035,-0.3198,5596,5353,5217,False
S43::rsi_tf=m/lb=20/stop=bar/exit=rr2/id=aee5e49c8c23,S43,24099,1606.0,0.326,-0.1007,-0.3077,0.86,2430.6,-0.0546,-0.1249,-0.1207,-0.1249,-0.2107,7786,8080,8233,False
S43::rsi_tf=m/lb=20/stop=bar/exit=time/id=dac0be9e394d,S43,20925,1395.0,0.182,-0.0085,-0.2238,0.99,766.4,0.0191,-0.0491,0.0049,-0.0491,-0.6302,6876,6993,7056,False
S43::rsi_tf=m/lb=20/stop=atr/exit=rr2/id=0627f283f687,S43,16419,1094.0,0.349,-0.0286,-0.105,0.956,484.7,-0.0146,-0.0311,-0.0408,-0.0408,-0.135,5630,5467,5322,False
S43::rsi_tf=m/lb=20/stop=atr/exit=time/id=fcd3fded668e,S43,15313,1021.0,0.309,-0.0185,-0.1004,0.973,400.5,-0.0096,-0.0211,-0.0255,-0.0255,-0.3249,5282,5085,4946,False
S44::N=3/mode=continue/stop=atr/exit=rr2/id=3d6f380511c2,S44,16012,1067.0,0.347,-0.0318,-0.1067,0.951,628.4,-0.0499,-0.0376,-0.0057,-0.0499,-0.1383,5557,5380,5075,False
S44::N=3/mode=continue/stop=atr/exit=rr3/id=71720c7d33f3,S44,14079,938.0,0.294,-0.0223,-0.0974,0.968,440.1,-0.0121,-0.0498,-0.0048,-0.0498,-0.1808,4903,4689,4487,False
S44::N=3/mode=continue/stop=atr/exit=time/id=aa2731e0e381,S44,15685,1045.0,0.301,0.0046,-0.0773,1.007,273.6,0.0073,-0.014,0.0212,-0.014,-0.3244,5500,5220,4965,False
S44::N=3/mode=exhaust/stop=atr/exit=rr2/id=2b7397f330b8,S44,15509,1034.0,0.357,-0.0112,-0.0852,0.983,338.0,-0.0155,-0.0137,-0.0037,-0.0155,-0.1169,5381,5257,4871,False
S44::N=3/mode=exhaust/stop=atr/exit=rr3/id=8da97457c42f,S44,13684,912.0,0.302,-0.0113,-0.0853,0.984,353.3,-0.0238,-0.0263,0.0189,-0.0263,-0.1699,4811,4611,4262,False
S44::N=3/mode=exhaust/stop=atr/exit=time/id=293316b7287f,S44,15438,1029.0,0.324,0.0216,-0.0592,1.033,165.4,0.0306,0.0084,0.0256,0.0084,-0.2885,5413,5206,4819,False
S44::N=5/mode=continue/stop=atr/exit=rr2/id=b5af5618d8ea,S44,7699,513.0,0.334,-0.0626,-0.1428,0.906,538.7,-0.1261,-0.0433,-0.0185,-0.1261,-0.1708,2563,2549,2587,False
S44::N=5/mode=continue/stop=atr/exit=rr3/id=a7d2283fa655,S44,7201,480.0,0.275,-0.0697,-0.1498,0.904,555.9,-0.1098,-0.0551,-0.0433,-0.1098,-0.2308,2440,2381,2380,False
S44::N=5/mode=continue/stop=atr/exit=time/id=a7b76458ac12,S44,7523,501.0,0.288,-0.0365,-0.1195,0.947,398.2,-0.0769,-0.0298,-0.0025,-0.0769,-0.3597,2517,2516,2490,False
S44::N=5/mode=exhaust/stop=atr/exit=rr2/id=68f102479617,S44,7554,503.0,0.366,0.0149,-0.0643,1.024,114.2,0.0468,-0.0061,0.0049,-0.0061,-0.0892,2475,2541,2538,False
S44::N=5/mode=exhaust/stop=atr/exit=rr3/id=4ddffdc708ee,S44,7050,470.0,0.308,0.0181,-0.0606,1.026,119.6,0.0311,-0.003,0.0262,-0.003,-0.1384,2328,2353,2369,False
S44::N=5/mode=exhaust/stop=atr/exit=time/id=f4e23b81cdb4,S44,7469,498.0,0.334,0.0371,-0.0453,1.057,156.2,0.1059,-0.0098,0.0161,-0.0098,-0.2695,2468,2509,2492,False
S45::k=4/mode=reverse/stop=atr/exit=rr2/id=4809d6e42bc2,S45,12772,851.0,0.354,-0.0243,-0.0994,0.962,393.0,0.006,-0.0369,-0.0452,-0.0452,-0.1306,4513,4276,3983,False
S45::k=4/mode=reverse/stop=atr/exit=time/id=4bf02daebfa3,S45,12531,835.0,0.321,0.0019,-0.0787,1.003,253.3,0.0416,-0.0176,-0.0223,-0.0223,-0.3019,4445,4199,3887,False
S45::k=4/mode=continue/stop=atr/exit=rr2/id=bde4b7a2811e,S45,13217,881.0,0.351,-0.0212,-0.0981,0.967,376.1,-0.0287,-0.0299,-0.0029,-0.0299,-0.1273,4770,4397,4050,False
S45::k=4/mode=continue/stop=atr/exit=time/id=4f4834b95f3f,S45,12834,855.0,0.304,0.0127,-0.0691,1.019,143.9,-0.0082,0.0197,0.0294,-0.0082,-0.3161,4602,4246,3986,False
S45::k=5/mode=reverse/stop=atr/exit=rr2/id=91c0955cfe34,S45,7705,514.0,0.362,-0.0013,-0.079,0.998,148.8,0.032,-0.0159,-0.022,-0.022,-0.1064,2660,2556,2489,False
S45::k=5/mode=reverse/stop=atr/exit=time/id=03d4db781415,S45,7514,501.0,0.326,0.0184,-0.0621,1.028,167.0,0.0672,-0.0058,-0.009,-0.009,-0.2819,2602,2499,2413,False
S45::k=5/mode=continue/stop=atr/exit=rr2/id=a4c17e42200f,S45,7883,525.0,0.337,-0.0566,-0.135,0.914,448.7,-0.105,-0.0328,-0.0282,-0.105,-0.1649,2763,2568,2552,False
S45::k=5/mode=continue/stop=atr/exit=time/id=a9d3321c7de3,S45,7668,511.0,0.296,-0.0153,-0.0962,0.977,235.1,-0.0538,-0.0043,0.0155,-0.0538,-0.3438,2695,2501,2472,False
S45::k=6/mode=reverse/stop=atr/exit=rr2/id=1e45c038944d,S45,3907,260.0,0.37,0.0238,-0.0548,1.038,42.3,0.0207,-0.0026,0.0524,-0.0026,-0.0797,1288,1292,1327,False
S45::k=6/mode=reverse/stop=atr/exit=time/id=19ff587f4e5c,S45,3831,255.0,0.338,0.0591,-0.0204,1.092,98.5,0.0305,-0.0097,0.154,-0.0097,-0.241,1260,1269,1302,False
S45::k=6/mode=continue/stop=atr/exit=rr2/id=175467194c4f,S45,3981,265.0,0.336,-0.0521,-0.1311,0.921,263.7,-0.1267,-0.0529,0.0212,-0.1267,-0.1599,1314,1317,1350,False
S45::k=6/mode=continue/stop=atr/exit=time/id=900a01dab343,S45,3912,261.0,0.298,-0.0153,-0.0952,0.978,177.2,-0.0939,-0.0369,0.0826,-0.0939,-0.3395,1292,1296,1324,False
S46::vthr=0.7/lb=20/stop=level/exit=rr2/id=28bd0e966c33,S46,5454,364.0,0.443,0.0042,-0.0187,1.011,71.0,0.0061,-0.0094,0.0166,-0.0094,-0.1003,1997,1793,1664,False
S46::vthr=0.7/lb=20/stop=level/exit=rr3/id=bfa708a49d27,S46,5210,347.0,0.431,0.0046,-0.0188,1.011,68.6,0.0084,-0.0185,0.025,-0.0185,-0.1512,1918,1710,1582,False
S46::vthr=0.7/lb=20/stop=level/exit=trailing/id=8c070ec0fc86,S46,9734,649.0,0.324,-0.0602,-0.0811,0.551,585.5,-0.0581,-0.0605,-0.0622,-0.0622,-0.101,3493,3277,2964,False
S46::vthr=0.7/lb=20/stop=atr/exit=rr2/id=c888dd3ca99e,S46,8335,556.0,0.352,-0.0164,-0.0774,0.974,210.6,-0.0093,0.0065,-0.0494,-0.0494,-0.1221,2981,2780,2574,False
S46::vthr=0.7/lb=20/stop=atr/exit=rr3/id=c562519172ae,S46,7655,510.0,0.298,-0.0182,-0.0796,0.974,191.4,-0.0243,0.0057,-0.0367,-0.0367,-0.1765,2758,2535,2362,False
S46::vthr=0.7/lb=20/stop=atr/exit=trailing/id=403ffa86db9f,S46,9734,649.0,0.324,-0.1713,-0.2317,0.558,1667.4,-0.1637,-0.1732,-0.1782,-0.1782,-0.2878,3493,3277,2964,False
S46::vthr=0.7/lb=50/stop=level/exit=rr2/id=2ef399b9ce94,S46,4402,293.0,0.465,0.0034,-0.0145,1.01,74.2,0.0222,-0.0333,0.0208,-0.0333,-0.1015,1610,1461,1331,False
S46::vthr=0.7/lb=50/stop=level/exit=rr3/id=db0846a42a8a,S46,4288,286.0,0.46,0.0061,-0.012,1.018,67.9,0.0243,-0.0327,0.0267,-0.0327,-0.1271,1565,1427,1296,False
S46::vthr=0.7/lb=50/stop=level/exit=trailing/id=31b2388e5f73,S46,7623,508.0,0.325,-0.0464,-0.0622,0.549,353.4,-0.0435,-0.0488,-0.0471,-0.0488,-0.0774,2761,2561,2301,False
S46::vthr=0.7/lb=50/stop=atr/exit=rr2/id=07116ba0b668,S46,6512,434.0,0.355,-0.0147,-0.0748,0.977,172.3,0.0214,-0.0142,-0.0577,-0.0577,-0.1203,2348,2160,2004,False
S46::vthr=0.7/lb=50/stop=atr/exit=rr3/id=f50ddaa498cc,S46,6019,401.0,0.3,-0.0217,-0.0823,0.968,180.9,0.0113,-0.0197,-0.0627,-0.0627,-0.18,2175,1996,1848,False
S46::vthr=0.7/lb=50/stop=atr/exit=trailing/id=ae79d4f3d3d7,S46,7623,508.0,0.325,-0.1725,-0.2321,0.554,1314.4,-0.1601,-0.1822,-0.1764,-0.1822,-0.2867,2761,2561,2301,False
S46::vthr=0.85/lb=20/stop=level/exit=rr2/id=4bb4bf71bb0d,S46,4406,294.0,0.446,-0.0092,-0.0306,0.976,70.9,-0.0091,-0.0154,-0.0024,-0.0154,-0.1146,1616,1459,1331,False
S46::vthr=0.85/lb=20/stop=level/exit=rr3/id=8f5c77cc5102,S46,4286,286.0,0.439,-0.0034,-0.025,0.991,52.7,-0.0038,-0.0152,0.0101,-0.0152,-0.1501,1577,1415,1294,False
S46::vthr=0.85/lb=20/stop=level/exit=trailing/id=4a5a8cc64ea5,S46,7010,467.0,0.325,-0.0611,-0.0806,0.541,428.2,-0.0651,-0.0604,-0.0569,-0.0651,-0.1007,2543,2369,2098,False
S46::vthr=0.85/lb=20/stop=atr/exit=rr2/id=a6cc08fd9976,S46,6072,405.0,0.358,-0.0087,-0.0656,0.986,101.2,-0.0156,0.0248,-0.0374,-0.0374,-0.114,2203,2026,1843,False
S46::vthr=0.85/lb=20/stop=atr/exit=rr3/id=7eb5c772f8a4,S46,5655,377.0,0.306,-0.0167,-0.0741,0.975,143.7,-0.0144,0.0181,-0.058,-0.058,-0.1748,2056,1891,1708,False
S46::vthr=0.85/lb=20/stop=atr/exit=trailing/id=7329a4f28383,S46,7010,467.0,0.325,-0.1745,-0.2309,0.547,1223.1,-0.1845,-0.1717,-0.1656,-0.1845,-0.2878,2543,2369,2098,False
S46::vthr=0.85/lb=50/stop=level/exit=rr2/id=382e2908ec7d,S46,3618,241.0,0.466,-0.0027,-0.0195,0.992,50.7,0.0041,-0.0323,0.022,-0.0323,-0.1074,1336,1205,1077,False
S46::vthr=0.85/lb=50/stop=level/exit=rr3/id=6131c7eced5d,S46,3558,237.0,0.464,0.0027,-0.0142,1.008,48.0,0.0115,-0.0319,0.0306,-0.0319,-0.1193,1312,1188,1058,False
S46::vthr=0.85/lb=50/stop=level/exit=trailing/id=d0b4f95894cf,S46,5684,379.0,0.33,-0.0463,-0.0614,0.556,263.0,-0.0475,-0.0496,-0.041,-0.0496,-0.0779,2094,1910,1680,False
S46::vthr=0.85/lb=50/stop=atr/exit=rr2/id=7aff5d01de8e,S46,4921,328.0,0.365,0.0037,-0.0525,1.006,78.8,0.0259,0.0076,-0.0279,-0.0279,-0.1011,1809,1634,1478,False
S46::vthr=0.85/lb=50/stop=atr/exit=rr3/id=fdeba111f2f2,S46,4603,307.0,0.313,-0.0056,-0.0623,0.992,120.3,0.0213,0.0052,-0.0506,-0.0506,-0.1635,1687,1537,1379,False
S46::vthr=0.85/lb=50/stop=atr/exit=trailing/id=a4f61815b5d2,S46,5684,379.0,0.33,-0.1679,-0.2237,0.56,954.3,-0.1715,-0.1814,-0.1483,-0.1814,-0.2814,2094,1910,1680,False
S48::D=6/stop=range/exit=rr2/id=6d74b2000433,S48,6804,453.0,0.344,-0.0562,-0.127,0.914,451.4,-0.0622,-0.0603,-0.044,-0.0622,-0.1644,2497,2294,2013,False
S48::D=6/stop=range/exit=rr3/id=64d95e6ddd7c,S48,6376,425.0,0.292,-0.0612,-0.1331,0.913,477.7,-0.0672,-0.062,-0.0527,-0.0672,-0.222,2344,2148,1884,False
S48::D=6/stop=range/exit=trailing/id=38fa907224e9,S48,12944,863.0,0.302,-0.1251,-0.1966,0.495,1624.9,-0.1281,-0.1257,-0.1204,-0.1281,-0.1984,4886,4366,3692,False
S48::D=6/stop=atr/exit=rr2/id=f6761531c012,S48,9553,637.0,0.319,-0.0748,-0.189,0.893,795.1,-0.1072,-0.0682,-0.0395,-0.1072,-0.1835,3621,3207,2725,False
S48::D=6/stop=atr/exit=rr3/id=b214f7ba83da,S48,8591,573.0,0.245,-0.074,-0.1882,0.905,709.0,-0.1207,-0.0511,-0.0385,-0.1207,-0.2352,3274,2859,2458,False
S48::D=6/stop=atr/exit=trailing/id=0012ea60c940,S48,12933,862.0,0.302,-0.2093,-0.326,0.489,2709.3,-0.2157,-0.2119,-0.1976,-0.2157,-0.3253,4881,4363,3689,False
S48::D=12/stop=range/exit=rr2/id=0621b53a4cb4,S48,4426,295.0,0.354,-0.0601,-0.115,0.904,301.9,-0.0626,-0.0419,-0.0771,-0.0771,-0.1688,1620,1467,1339,False
S48::D=12/stop=range/exit=rr3/id=59c2c48255d4,S48,4326,288.0,0.322,-0.037,-0.0922,0.944,246.8,-0.0488,-0.0134,-0.0486,-0.0488,-0.1974,1581,1434,1311,False
S48::D=12/stop=range/exit=trailing/id=f289aa32bf15,S48,7393,493.0,0.301,-0.0932,-0.1469,0.473,691.4,-0.0935,-0.0931,-0.0927,-0.0935,-0.1419,2757,2482,2154,False
S48::D=12/stop=atr/exit=rr2/id=d0c81c60b2c1,S48,6162,411.0,0.324,-0.0606,-0.1815,0.913,401.9,-0.1012,-0.0071,-0.0697,-0.1012,-0.1687,2300,2056,1806,False
S48::D=12/stop=atr/exit=rr3/id=5686a70eac23,S48,5730,382.0,0.246,-0.0654,-0.1865,0.916,415.1,-0.1286,0.0053,-0.0633,-0.1286,-0.2258,2165,1890,1675,False
S48::D=12/stop=atr/exit=trailing/id=6aa6f6d4deec,S48,7393,493.0,0.301,-0.2107,-0.3321,0.478,1562.9,-0.2148,-0.2107,-0.2053,-0.2148,-0.3212,2757,2482,2154,False
S49::N=4/mode=breakout/stop=bar/exit=rr2/id=9430e30451e1,S49,29050,1936.0,0.339,-0.0406,-0.1586,0.94,1430.5,-0.0488,-0.0585,-0.0104,-0.0585,-0.1476,10794,9595,8661,False
S49::N=4/mode=breakout/stop=bar/exit=time/id=072ea93bffba,S49,25009,1667.0,0.239,-0.0102,-0.1429,0.987,923.9,-0.0194,-0.0238,0.0161,-0.0238,-0.4572,9299,8229,7481,False
S49::N=4/mode=breakout/stop=atr/exit=rr2/id=d8d3d9980b3b,S49,21118,1408.0,0.352,-0.0213,-0.0947,0.967,551.7,-0.0168,-0.03,-0.0172,-0.03,-0.1273,7749,6983,6386,False
S49::N=4/mode=breakout/stop=atr/exit=time/id=03d826f65987,S49,20590,1372.0,0.304,-0.0062,-0.0877,0.991,358.9,-0.0166,-0.008,0.0083,-0.0166,-0.3259,7520,6808,6262,False
S49::N=4/mode=fade/stop=bar/exit=rr2/id=c002d2357523,S49,74551,4969.0,0.821,0.5337,0.0882,3.252,13.3,0.5274,0.4879,0.5918,0.4879,0.4767,27239,24811,22501,True
S49::N=4/mode=fade/stop=bar/exit=time/id=27bbc9f88f34,S49,68736,4581.0,0.786,0.6969,0.2514,3.455,22.1,0.6816,0.6337,0.7851,0.6337,0.3911,25056,22910,20770,True
S49::N=4/mode=fade/stop=atr/exit=rr2/id=df1303cea3bc,S49,19985,1332.0,0.359,-0.0127,-0.0849,0.98,357.5,0.0077,-0.0267,-0.0222,-0.0267,-0.1184,7354,6576,6055,False
S49::N=4/mode=fade/stop=atr/exit=time/id=7d58163b3a59,S49,19925,1328.0,0.326,0.0146,-0.065,1.022,263.0,0.0326,-0.0237,0.035,-0.0237,-0.2848,7329,6606,5990,False
S49::N=7/mode=breakout/stop=bar/exit=rr2/id=cad01001123a,S49,24982,1665.0,0.336,-0.0464,-0.1802,0.932,1297.9,-0.0615,-0.053,-0.0208,-0.0615,-0.1538,9252,8201,7529,False
S49::N=7/mode=breakout/stop=bar/exit=time/id=36824676b4fd,S49,21575,1438.0,0.224,-0.0149,-0.1593,0.981,770.7,-0.0336,-0.0084,0.0011,-0.0336,-0.4891,8040,7027,6508,False
S49::N=7/mode=breakout/stop=atr/exit=rr2/id=4d6a026b6df4,S49,15854,1057.0,0.361,-0.0069,-0.077,0.989,305.7,-0.0197,-0.0111,0.0133,-0.0197,-0.1123,5896,5164,4794,False
S49::N=7/mode=breakout/stop=atr/exit=time/id=78e8f6363efa,S49,16714,1114.0,0.321,0.0205,-0.0572,1.032,119.2,0.0084,0.0088,0.0478,0.0084,-0.2943,6150,5480,5084,False
S49::N=7/mode=fade/stop=bar/exit=rr2/id=40dfc48ed91f,S49,49454,3296.0,0.814,0.5205,0.0665,3.118,22.6,0.5162,0.4754,0.5747,0.4754,0.4591,17961,16407,15086,True
S49::N=7/mode=fade/stop=bar/exit=time/id=f3771edfad46,S49,46115,3074.0,0.774,0.6669,0.2088,3.241,41.5,0.7103,0.5751,0.7159,0.5751,0.3639,16663,15367,14085,True
S49::N=7/mode=fade/stop=atr/exit=rr2/id=b42fc269d505,S49,15229,1015.0,0.367,-0.0059,-0.0755,0.991,190.7,0.005,-0.0281,0.0051,-0.0281,-0.1113,5614,5029,4586,False
S49::N=7/mode=fade/stop=atr/exit=time/id=ccc0e5e6fce9,S49,16368,1091.0,0.335,0.0145,-0.062,1.023,241.3,-0.0146,0.0097,0.0553,-0.0146,-0.2747,6049,5370,4949,False
S50::mode=reversal/stop=bar/exit=rr2/id=9cc65b2c5452,S50,22848,1523.0,0.275,-0.3367,-0.6884,0.602,7695.4,-0.3213,-0.372,-0.3152,-0.372,-0.4584,7926,7808,7114,False
S50::mode=reversal/stop=bar/exit=rr3/id=2e1f4e1c38df,S50,22253,1483.0,0.231,-0.2402,-0.5967,0.731,5358.7,-0.2184,-0.2705,-0.2315,-0.2705,-0.4093,7722,7588,6943,False
S50::mode=reversal/stop=bar/exit=time/id=a4c62b036647,S50,19528,1302.0,0.089,0.1934,-0.2742,1.182,623.9,0.1471,0.2585,0.1744,0.1471,-1.0031,6795,6618,6115,False
S50::mode=reversal/stop=atr/exit=rr2/id=587dedc81058,S50,14030,935.0,0.348,-0.0172,-0.1011,0.974,297.6,-0.0386,0.0017,-0.0135,-0.0386,-0.1231,4946,4722,4362,False
S50::mode=reversal/stop=atr/exit=rr3/id=66f1e5381141,S50,12419,828.0,0.289,-0.0009,-0.0844,0.999,176.3,-0.029,0.0121,0.0172,-0.029,-0.1585,4419,4138,3862,False
S50::mode=reversal/stop=atr/exit=time/id=c0d29be17ca4,S50,13174,878.0,0.296,0.0224,-0.0659,1.032,306.2,-0.0342,0.0488,0.0607,-0.0342,-0.3132,4762,4395,4017,False
S50::mode=continuation/stop=bar/exit=rr2/id=44b3eb8d2a0d,S50,16036,1069.0,0.34,-0.0395,-0.1559,0.941,758.6,-0.0032,-0.0716,-0.0459,-0.0716,-0.1466,5610,5352,5074,False
S50::mode=continuation/stop=bar/exit=rr3/id=6455729f38c5,S50,14386,959.0,0.277,-0.0208,-0.1363,0.972,481.8,0.0012,-0.0457,-0.0184,-0.0457,-0.1794,5015,4840,4531,False
S50::mode=continuation/stop=bar/exit=time/id=93469153c981,S50,14404,960.0,0.248,0.0143,-0.109,1.019,317.1,0.0356,-0.038,0.047,-0.038,-0.4334,5093,4859,4452,False
S50::mode=continuation/stop=atr/exit=rr2/id=4522f93bee68,S50,14327,955.0,0.344,-0.0211,-0.1049,0.968,450.5,0.001,-0.0525,-0.012,-0.0525,-0.1272,5005,4835,4487,False
S50::mode=continuation/stop=atr/exit=rr3/id=3799e3b4cb0d,S50,12692,846.0,0.285,-0.0042,-0.0881,0.994,257.7,0.0111,-0.0241,0.0002,-0.0241,-0.1619,4463,4297,3932,False
S50::mode=continuation/stop=atr/exit=time/id=fc85a3aabce5,S50,13357,890.0,0.287,-0.0066,-0.0954,0.991,361.8,0.0254,-0.046,-0.0001,-0.046,-0.3448,4727,4516,4114,False
S51::thr=0.85/stop=atr/exit=rr2/id=049ca99687f4,S51,14402,960.0,0.349,-0.0407,-0.1174,0.937,611.1,-0.0437,-0.051,-0.0251,-0.051,-0.1478,5389,4784,4229,False
S51::thr=0.85/stop=atr/exit=time/id=62aacfb2a5fc,S51,13563,904.0,0.314,-0.0077,-0.0878,0.988,303.3,-0.0202,0.0006,-0.001,-0.0202,-0.3171,5114,4437,4012,False
S51::thr=0.85/stop=edge/exit=rr2/id=893393d0f0bc,S51,24381,1625.0,0.479,0.0542,-0.2892,1.091,354.4,0.1064,-0.0113,0.0634,-0.0113,-0.047,8865,8097,7419,False
S51::thr=0.85/stop=edge/exit=time/id=948bbb312420,S51,21619,1441.0,0.349,0.2598,-0.1247,1.35,156.7,0.3196,0.1787,0.2771,0.1787,-0.4728,7856,7194,6569,False
S51::thr=0.95/stop=atr/exit=rr2/id=ea00446e4fae,S51,13093,873.0,0.352,-0.0287,-0.1067,0.956,383.8,-0.0184,-0.0313,-0.0386,-0.0386,-0.1351,4814,4375,3904,False
S51::thr=0.95/stop=atr/exit=time/id=38f6503c29b4,S51,12263,817.0,0.311,-0.0097,-0.0904,0.986,248.8,-0.0043,-0.0095,-0.0165,-0.0165,-0.3198,4502,4047,3714,False
S51::thr=0.95/stop=edge/exit=rr2/id=2a361d321d64,S51,19986,1332.0,0.636,0.2063,-0.2061,1.449,43.5,0.2547,0.1454,0.2171,0.1454,0.1171,6970,6659,6357,False
S51::thr=0.95/stop=edge/exit=time/id=0bfbfd28a5a7,S51,19483,1299.0,0.558,0.4869,0.0072,1.874,80.0,0.5162,0.4628,0.4799,0.4628,-0.1031,6801,6495,6187,False
