family,si,ei,dir,entry_worse_atr,R
A_sweep_reclaim,76,77,1,-0.0,-1.0
A_sweep_reclaim,184,185,1,-0.0,2.0
A_sweep_reclaim,607,608,-1,0.0,-1.0
A_sweep_reclaim,744,745,1,-0.0,-1.0
A_sweep_reclaim,838,839,1,-0.0,2.0
A_sweep_reclaim,1127,1128,1,-0.0,-1.0
A_sweep_reclaim,1154,1155,-1,0.0,2.0
A_sweep_reclaim,1258,1259,1,-0.0,1.375024824051948
A_sweep_reclaim,1359,1360,1,-0.0,2.0
A_sweep_reclaim,1612,1613,-1,0.0,-1.0
A_sweep_reclaim,1645,1646,-1,0.0,-1.0
A_sweep_reclaim,1684,1685,1,-0.0,-1.0
A_sweep_reclaim,1782,1783,1,-0.0,-0.12148088168002211
A_sweep_reclaim,1888,1889,1,-0.0,-1.0
A_sweep_reclaim,1925,1926,-1,0.0,2.0
A_sweep_reclaim,1972,1973,1,-0.0,-1.0
A_sweep_reclaim,1993,1994,1,-0.0,-1.0
A_sweep_reclaim,2037,2038,1,-0.0,-1.0
A_sweep_reclaim,2054,2055,1,-0.0,2.0
A_sweep_reclaim,2491,2492,1,-0.0,-1.0
A_sweep_reclaim,2594,2595,-1,0.0,-1.0
A_sweep_reclaim,2668,2669,-1,0.0,-1.0
A_sweep_reclaim,2766,2767,1,-0.0,2.0
A_sweep_reclaim,2913,2914,1,-0.0,2.0
A_sweep_reclaim,2981,2982,-1,0.0,-1.0
A_sweep_reclaim,3008,3009,-1,0.0,-1.0
A_sweep_reclaim,3054,3055,1,-0.0,2.0
A_sweep_reclaim,3094,3095,1,-0.0,-0.20136803914514625
A_sweep_reclaim,3213,3214,1,-0.0,2.0
A_sweep_reclaim,3561,3562,-1,0.0,-1.0
A_sweep_reclaim,3570,3571,-1,0.0,-1.0
A_sweep_reclaim,3586,3587,-1,0.0,-1.0
A_sweep_reclaim,3670,3671,1,-0.0,-1.0
A_sweep_reclaim,3684,3685,1,-0.0,2.0
A_sweep_reclaim,3806,3807,1,-0.0,2.0
A_sweep_reclaim,3862,3863,1,-0.0,-1.0
A_sweep_reclaim,3941,3942,1,-0.0,-1.0
A_sweep_reclaim,3957,3958,1,-0.0,-1.0
A_sweep_reclaim,4111,4112,1,-0.0,0.9272421707862265
A_sweep_reclaim,4239,4240,1,-0.0,-1.0
A_sweep_reclaim,4278,4279,1,-0.0,2.0
A_sweep_reclaim,4321,4322,1,-0.0,-1.0
A_sweep_reclaim,4400,4401,-1,0.0,-1.0
A_sweep_reclaim,4522,4523,1,-0.0,1.163240119777664
A_sweep_reclaim,4677,4678,1,-0.0,-1.0
A_sweep_reclaim,4721,4722,1,-0.0,2.0
A_sweep_reclaim,4968,4969,1,-0.0,-1.0
A_sweep_reclaim,5002,5003,1,-0.0,2.0
A_sweep_reclaim,5116,5117,1,-0.0,-1.0
A_sweep_reclaim,5173,5174,-1,0.0,-1.0
A_sweep_reclaim,5261,5262,-1,0.0,2.0
A_sweep_reclaim,5405,5406,1,-0.0,2.0
A_sweep_reclaim,5442,5443,-1,0.0,-1.0
A_sweep_reclaim,5497,5498,1,-0.0,-1.0
A_sweep_reclaim,5521,5522,1,-0.0,2.0
A_sweep_reclaim,5526,5527,1,-0.0,-1.0
A_sweep_reclaim,5641,5642,1,-0.0,-1.0
A_sweep_reclaim,5651,5652,1,-0.0,-0.2602410498903183
A_sweep_reclaim,5806,5807,1,-0.0,-1.0
A_sweep_reclaim,5818,5819,1,-0.0,-1.0
A_sweep_reclaim,5854,5855,1,-0.0,2.0
A_sweep_reclaim,5978,5979,1,-0.0,2.0
A_sweep_reclaim,6017,6018,-1,0.0,-1.0
A_sweep_reclaim,6178,6179,-1,0.0,-1.0
A_sweep_reclaim,6268,6269,-1,0.0,2.0
A_sweep_reclaim,6347,6348,1,-0.0,2.0
A_sweep_reclaim,6404,6405,1,-0.0,-1.0
A_sweep_reclaim,6477,6478,1,-0.0,-0.630809395194957
A_sweep_reclaim,6593,6594,1,-0.0,2.0
A_sweep_reclaim,6743,6744,1,-0.0,2.0
A_sweep_reclaim,6827,6828,1,-0.0,-1.0
A_sweep_reclaim,6904,6905,-1,0.0,-1.0
A_sweep_reclaim,7020,7021,1,-0.0,-1.0
A_sweep_reclaim,7043,7044,1,-0.0,-1.0
A_sweep_reclaim,7209,7210,1,-0.0,-1.0
A_sweep_reclaim,7238,7239,-1,0.0,-1.0
A_sweep_reclaim,7263,7264,1,-0.0,1.5088708920296736
A_sweep_reclaim,7425,7426,1,-0.0,-1.0
A_sweep_reclaim,7464,7465,1,-0.0,-1.0
A_sweep_reclaim,7519,7520,1,-0.0,2.0
A_sweep_reclaim,7590,7591,1,-0.0,-1.0
A_sweep_reclaim,7636,7637,1,-0.0,-1.0
A_sweep_reclaim,7836,7837,1,-0.0,-1.0
A_sweep_reclaim,7937,7938,1,-0.0,1.0569431577159076
A_sweep_reclaim,8113,8114,1,-0.0,1.2827605837481537
A_sweep_reclaim,8237,8238,1,-0.0,-1.0
A_sweep_reclaim,8262,8263,1,-0.0,-1.0
A_sweep_reclaim,8323,8324,-1,0.0,-1.0
A_sweep_reclaim,8455,8456,-1,0.0,-1.0
A_sweep_reclaim,8494,8495,-1,0.0,-1.0
A_sweep_reclaim,8513,8514,-1,0.0,2.0
A_sweep_reclaim,8787,8788,-1,0.0,2.0
A_sweep_reclaim,8862,8863,1,-0.0,-1.0
A_sweep_reclaim,8902,8903,1,-0.0,-1.0
A_sweep_reclaim,8946,8947,1,-0.0,2.0
A_sweep_reclaim,9081,9082,1,-0.0,-1.0
A_sweep_reclaim,9092,9093,1,-0.0,2.0
A_sweep_reclaim,9396,9397,-1,0.0,-1.0
A_sweep_reclaim,9515,9516,1,-0.0,-1.0
A_sweep_reclaim,9756,9757,-1,0.0,-1.0
A_sweep_reclaim,9776,9777,1,-0.0,2.0
A_sweep_reclaim,9797,9798,1,-0.0,2.0
A_sweep_reclaim,9929,9930,-1,0.0,-1.0
A_sweep_reclaim,9997,9998,-1,0.0,2.0
A_sweep_reclaim,10019,10020,1,-0.0,-1.0
A_sweep_reclaim,10201,10202,1,-0.0,-1.0
A_sweep_reclaim,10239,10240,-1,0.0,-1.0
A_sweep_reclaim,10268,10269,1,-0.0,-1.0
A_sweep_reclaim,10283,10284,1,-0.0,-1.0
A_sweep_reclaim,10616,10617,-1,0.0,-1.0
A_sweep_reclaim,10631,10632,-1,0.0,-1.0
A_sweep_reclaim,10649,10650,-1,0.0,-1.0
A_sweep_reclaim,10710,10711,-1,0.0,2.0
A_sweep_reclaim,10737,10738,-1,0.0,-1.0
A_sweep_reclaim,10770,10771,1,-0.0,2.0
A_sweep_reclaim,10877,10878,-1,0.0,-1.0
A_sweep_reclaim,11015,11016,1,-0.0,-1.0
A_sweep_reclaim,11021,11022,1,-0.0,-1.0
A_sweep_reclaim,11051,11052,-1,0.0,-1.0
A_sweep_reclaim,11214,11215,-1,0.0,-1.0
A_sweep_reclaim,11313,11314,1,-0.0,-1.0
A_sweep_reclaim,11377,11378,1,-0.0,-1.0
A_sweep_reclaim,11394,11395,1,-0.0,0.5485855563423818
A_sweep_reclaim,11634,11635,-1,0.0,-1.0
A_sweep_reclaim,11682,11683,-1,0.0,-1.0
A_sweep_reclaim,11736,11737,1,-0.0,-1.0
A_sweep_reclaim,11762,11763,1,-0.0,-1.0
A_sweep_reclaim,11809,11810,1,-0.0,-1.0
A_sweep_reclaim,12003,12004,1,-0.0,-1.0
A_sweep_reclaim,12123,12124,1,-0.0,-1.0
A_sweep_reclaim,12471,12472,-1,0.0,-1.0
A_sweep_reclaim,12547,12548,-1,0.0,-1.0
A_sweep_reclaim,12613,12614,1,-0.0,0.3926194263664273
A_sweep_reclaim,12774,12775,-1,0.0,2.0
A_sweep_reclaim,12797,12798,1,-0.0,-1.0
A_sweep_reclaim,12928,12929,-1,0.0,-1.0
A_sweep_reclaim,12972,12973,1,-0.0,2.0
A_sweep_reclaim,13050,13051,-1,0.0,2.0
A_sweep_reclaim,13320,13321,-1,0.0,-1.0
A_sweep_reclaim,13343,13344,1,-0.0,-1.0
A_sweep_reclaim,13423,13424,1,-0.0,-1.0
A_sweep_reclaim,13614,13615,1,-0.0,-1.0
A_sweep_reclaim,13638,13639,1,-0.0,-0.02470119255214948
A_sweep_reclaim,13858,13859,1,-0.0,2.0
A_sweep_reclaim,13944,13945,-1,0.0,2.0
A_sweep_reclaim,14048,14049,1,-0.0,-1.0
A_sweep_reclaim,14083,14084,-1,0.0,-1.0
A_sweep_reclaim,14153,14154,1,-0.0,-1.0
A_sweep_reclaim,14176,14177,-1,0.0,2.0
A_sweep_reclaim,14219,14220,1,-0.0,-1.0
A_sweep_reclaim,14437,14438,-1,0.0,2.0
A_sweep_reclaim,14452,14453,1,-0.0,-1.0
A_sweep_reclaim,14461,14462,1,-0.0,-1.0
A_sweep_reclaim,14534,14535,-1,0.0,2.0
A_sweep_reclaim,14570,14571,1,-0.0,-0.36239899180588125
A_sweep_reclaim,14797,14798,-1,0.0,2.0
A_sweep_reclaim,14841,14842,1,-0.0,-1.0
A_sweep_reclaim,14905,14906,-1,0.0,-1.0
A_sweep_reclaim,14949,14950,1,-0.0,2.0
A_sweep_reclaim,15092,15093,-1,0.0,2.0
A_sweep_reclaim,15180,15181,1,-0.0,-1.0
A_sweep_reclaim,15304,15305,1,-0.0,-1.0
A_sweep_reclaim,15326,15327,1,-0.0,-1.0
A_sweep_reclaim,15396,15397,1,-0.0,-1.0
A_sweep_reclaim,15474,15475,-1,0.0,-1.0
A_sweep_reclaim,15495,15496,-1,0.0,-1.0
A_sweep_reclaim,15567,15568,-1,0.0,-1.0
A_sweep_reclaim,15612,15613,-1,0.0,-1.0
A_sweep_reclaim,15698,15699,1,-0.0,2.0
A_sweep_reclaim,15885,15886,1,-0.0,-1.0
A_sweep_reclaim,16032,16033,-1,0.0,2.0
A_sweep_reclaim,16103,16104,-1,0.0,-1.0
A_sweep_reclaim,16151,16152,-1,0.0,-1.0
A_sweep_reclaim,16232,16233,1,-0.0,2.0
A_sweep_reclaim,16270,16271,-1,0.0,2.0
A_sweep_reclaim,16432,16433,-1,0.0,-1.0
A_sweep_reclaim,16610,16611,1,-0.0,-1.0
A_sweep_reclaim,16628,16629,1,-0.0,2.0
A_sweep_reclaim,16704,16705,-1,0.0,2.0
A_sweep_reclaim,16922,16923,1,-0.0,2.0
A_sweep_reclaim,17019,17020,-1,0.0,-1.0
A_sweep_reclaim,17089,17090,1,-0.0,-1.0
A_sweep_reclaim,17233,17234,1,-0.0,-1.0
A_sweep_reclaim,17316,17317,1,-0.0,-1.0
A_sweep_reclaim,17442,17443,1,-0.0,-1.0
A_sweep_reclaim,17739,17740,-1,0.0,2.0
A_sweep_reclaim,17829,17830,1,-0.0,-0.2859385036464939
A_sweep_reclaim,17958,17959,1,-0.0,-1.0
A_sweep_reclaim,18016,18017,1,-0.0,2.0
A_sweep_reclaim,18362,18363,1,-0.0,-1.0
A_sweep_reclaim,18531,18532,-1,0.0,2.0
A_sweep_reclaim,18562,18563,1,-0.0,-1.0
A_sweep_reclaim,18573,18574,1,-0.0,2.0
A_sweep_reclaim,18733,18734,1,-0.0,-1.0
A_sweep_reclaim,18792,18793,1,-0.0,-1.0
A_sweep_reclaim,18855,18856,1,-0.0,2.0
A_sweep_reclaim,18922,18923,1,-0.0,-1.0
A_sweep_reclaim,19073,19074,1,-0.0,-1.0
A_sweep_reclaim,19141,19142,1,-0.0,-1.0
A_sweep_reclaim,19157,19158,1,-0.0,1.0362302079609909
A_sweep_reclaim,19379,19380,1,-0.0,-1.0
A_sweep_reclaim,19510,19511,-1,0.0,-1.0
A_sweep_reclaim,19776,19777,-1,0.0,2.0
A_sweep_reclaim,19784,19785,1,-0.0,2.0
A_sweep_reclaim,20168,20169,1,-0.0,-1.0
A_sweep_reclaim,20180,20181,1,-0.0,2.0
A_sweep_reclaim,20219,20220,1,-0.0,1.7046921089398608
A_sweep_reclaim,20639,20640,1,-0.0,-1.0
A_sweep_reclaim,20670,20671,1,-0.0,-1.0
A_sweep_reclaim,20764,20765,1,-0.0,0.29900510781974654
A_sweep_reclaim,21340,21341,1,-0.0,2.0
A_sweep_reclaim,21445,21446,-1,0.0,-1.0
A_sweep_reclaim,21576,21577,1,-0.0,2.0
A_sweep_reclaim,21797,21798,-1,0.0,-1.0
A_sweep_reclaim,21828,21829,-1,0.0,-1.0
A_sweep_reclaim,21888,21889,1,-0.0,-1.0
A_sweep_reclaim,21968,21969,-1,0.0,2.0
A_sweep_reclaim,22020,22021,-1,0.0,2.0
A_sweep_reclaim,22145,22146,1,-0.0,-1.0
A_sweep_reclaim,22165,22166,1,-0.0,-1.0
A_sweep_reclaim,22195,22196,1,-0.0,2.0
A_sweep_reclaim,22342,22343,1,-0.0,-1.0
A_sweep_reclaim,22353,22354,-1,0.0,2.0
A_sweep_reclaim,22428,22429,-1,0.0,2.0
A_sweep_reclaim,22451,22452,1,-0.0,-1.0
A_sweep_reclaim,22514,22515,-1,0.0,2.0
A_sweep_reclaim,22584,22585,1,-0.0,2.0
A_sweep_reclaim,22628,22629,-1,0.0,-1.0
A_sweep_reclaim,22674,22675,-1,0.0,2.0
A_sweep_reclaim,22745,22746,1,-0.0,2.0
A_sweep_reclaim,22879,22880,1,-0.0,-1.0
A_sweep_reclaim,22945,22946,1,-0.0,-1.0
A_sweep_reclaim,23235,23236,-1,0.0,-1.0
A_sweep_reclaim,23299,23300,-1,0.0,-1.0
A_sweep_reclaim,23307,23308,-1,0.0,2.0
A_sweep_reclaim,23417,23418,-1,0.0,2.0
A_sweep_reclaim,23505,23506,1,-0.0,2.0
A_sweep_reclaim,23597,23598,-1,0.0,2.0
A_sweep_reclaim,23785,23786,1,-0.0,-1.0
A_sweep_reclaim,23875,23876,1,-0.0,0.690056168875736
A_sweep_reclaim,23984,23985,1,-0.0,-1.0
A_sweep_reclaim,24239,24240,1,-0.0,2.0
A_sweep_reclaim,24263,24264,1,-0.0,2.0
A_sweep_reclaim,24343,24344,-1,0.0,-1.0
A_sweep_reclaim,24670,24671,1,-0.0,-1.0
A_sweep_reclaim,24700,24701,1,-0.0,-1.0
A_sweep_reclaim,24738,24739,1,-0.0,-1.0
A_sweep_reclaim,24960,24961,-1,0.0,-1.0
A_sweep_reclaim,25055,25056,-1,0.0,-1.0
A_sweep_reclaim,25086,25087,-1,0.0,-1.0
A_sweep_reclaim,25096,25097,-1,0.0,-1.0
A_sweep_reclaim,25174,25175,-1,0.0,-1.0
A_sweep_reclaim,25341,25342,-1,0.0,2.0
A_sweep_reclaim,25443,25444,1,-0.0,-1.0
A_sweep_reclaim,25478,25479,-1,0.0,0.7140200337856537
A_sweep_reclaim,25777,25778,-1,0.0,-1.0
A_sweep_reclaim,25825,25826,1,-0.0,2.0
A_sweep_reclaim,26205,26206,-1,0.0,-1.0
A_sweep_reclaim,26377,26378,1,-0.0,-1.0
A_sweep_reclaim,26510,26511,1,-0.0,-1.0
A_sweep_reclaim,26611,26612,-1,0.0,2.0
A_sweep_reclaim,27191,27192,-1,0.0,-1.0
A_sweep_reclaim,27215,27216,-1,0.0,-1.0
A_sweep_reclaim,27238,27239,1,-0.0,-1.0
A_sweep_reclaim,27292,27293,1,-0.0,2.0
A_sweep_reclaim,27473,27474,-1,0.0,-1.0
A_sweep_reclaim,27774,27775,1,-0.0,-1.0
A_sweep_reclaim,27870,27871,1,-0.0,-1.0
A_sweep_reclaim,27952,27953,1,-0.0,2.0
A_sweep_reclaim,28032,28033,1,-0.0,2.0
A_sweep_reclaim,28043,28044,-1,0.0,-1.0
A_sweep_reclaim,28128,28129,-1,0.0,-1.0
A_sweep_reclaim,28223,28224,-1,0.0,-1.0
A_sweep_reclaim,28311,28312,1,-0.0,-1.0
A_sweep_reclaim,28425,28426,1,-0.0,-1.0
A_sweep_reclaim,28532,28533,-1,0.0,2.0
A_sweep_reclaim,28551,28552,1,-0.0,2.0
A_sweep_reclaim,28806,28807,-1,0.0,2.0
A_sweep_reclaim,28960,28961,1,-0.0,-1.0
A_sweep_reclaim,29455,29456,-1,0.0,-1.0
A_sweep_reclaim,29570,29571,1,-0.0,-1.0
A_sweep_reclaim,29730,29731,1,-0.0,-1.0
A_sweep_reclaim,29767,29768,1,-0.0,0.7303524730299119
A_sweep_reclaim,29950,29951,1,-0.0,-1.0
A_sweep_reclaim,30189,30190,-1,0.0,2.0
A_sweep_reclaim,30260,30261,-1,0.0,2.0
A_sweep_reclaim,30321,30322,1,-0.0,-1.0
A_sweep_reclaim,30367,30368,-1,0.0,2.0
A_sweep_reclaim,30523,30524,1,-0.0,-1.0
A_sweep_reclaim,30601,30602,-1,0.0,2.0
A_sweep_reclaim,30704,30705,1,-0.0,-1.0
A_sweep_reclaim,30873,30874,-1,0.0,-1.0
A_sweep_reclaim,30928,30929,1,-0.0,-1.0
A_sweep_reclaim,31314,31315,-1,0.0,-1.0
A_sweep_reclaim,31328,31329,-1,0.0,2.0
A_sweep_reclaim,31366,31367,-1,0.0,-1.0
A_sweep_reclaim,31460,31461,-1,0.0,-1.0
A_sweep_reclaim,31523,31524,1,-0.0,0.5737493370542983
A_sweep_reclaim,31633,31634,1,-0.0,-1.0
A_sweep_reclaim,31705,31706,-1,0.0,2.0
A_sweep_reclaim,31724,31725,-1,0.0,-1.0
A_sweep_reclaim,31850,31851,1,-0.0,-1.0
A_sweep_reclaim,31904,31905,1,-0.0,-0.28795843726780485
A_sweep_reclaim,32278,32279,-1,0.0,-1.0
A_sweep_reclaim,32349,32350,1,-0.0,-1.0
A_sweep_reclaim,32416,32417,-1,0.0,-1.0
A_sweep_reclaim,32482,32483,-1,0.0,-1.0
A_sweep_reclaim,32602,32603,1,-0.0,-1.0
A_sweep_reclaim,32615,32616,1,-0.0,-1.0
A_sweep_reclaim,32635,32636,1,-0.0,-1.0
A_sweep_reclaim,32655,32656,1,-0.0,-1.0
A_sweep_reclaim,32709,32710,1,-0.0,0.8487535309645395
A_sweep_reclaim,32866,32867,-1,0.0,2.0
A_sweep_reclaim,32914,32915,1,-0.0,0.09673766770848087
A_sweep_reclaim,33028,33029,1,-0.0,-1.0
A_sweep_reclaim,33141,33142,-1,0.0,2.0
A_sweep_reclaim,33228,33229,1,-0.0,-1.0
A_sweep_reclaim,33262,33263,1,-0.0,-1.0
A_sweep_reclaim,33442,33443,-1,0.0,2.0
A_sweep_reclaim,33486,33487,1,-0.0,-1.0
A_sweep_reclaim,33522,33523,-1,0.0,-1.0
A_sweep_reclaim,33548,33549,1,-0.0,2.0
A_sweep_reclaim,33800,33801,-1,0.0,0.7543747388510371
A_sweep_reclaim,34097,34098,1,-0.0,-1.0
A_sweep_reclaim,34177,34178,1,-0.0,-1.0
A_sweep_reclaim,34427,34428,1,-0.0,-1.0
A_sweep_reclaim,34665,34666,1,-0.0,2.0
A_sweep_reclaim,34809,34810,1,-0.0,-1.0
A_sweep_reclaim,34955,34956,-1,0.0,-1.0
A_sweep_reclaim,35023,35024,1,-0.0,1.0338802654989865
A_sweep_reclaim,35185,35186,-1,0.0,2.0
A_sweep_reclaim,35325,35326,1,-0.0,-1.0
A_sweep_reclaim,35378,35379,1,-0.0,-1.0
A_sweep_reclaim,35465,35466,-1,0.0,-1.0
A_sweep_reclaim,35531,35532,-1,0.0,-1.0
A_sweep_reclaim,35651,35652,1,-0.0,-1.0
A_sweep_reclaim,35720,35721,1,-0.0,2.0
A_sweep_reclaim,35884,35885,1,-0.0,1.0967170276880867
A_sweep_reclaim,36008,36009,1,-0.0,-1.0
A_sweep_reclaim,36163,36164,1,-0.0,-1.0
A_sweep_reclaim,36297,36298,1,-0.0,-1.0
A_sweep_reclaim,36312,36313,1,-0.0,-1.0
A_sweep_reclaim,36400,36401,1,-0.0,0.6412903278025831
A_sweep_reclaim,36563,36564,-1,0.0,-1.0
A_sweep_reclaim,36664,36665,1,-0.0,-1.0
A_sweep_reclaim,36812,36813,1,-0.0,-1.0
A_sweep_reclaim,36867,36868,1,-0.0,0.12007615182076384
A_sweep_reclaim,37037,37038,1,-0.0,2.0
A_sweep_reclaim,37065,37066,-1,0.0,-1.0
A_sweep_reclaim,37151,37152,-1,0.0,0.8357742581528587
A_sweep_reclaim,37272,37273,-1,0.0,-1.0
A_sweep_reclaim,37368,37369,1,-0.0,-1.0
A_sweep_reclaim,37397,37398,1,-0.0,-1.0
A_sweep_reclaim,37496,37497,1,-0.0,-1.0
A_sweep_reclaim,37582,37583,1,-0.0,-1.0
A_sweep_reclaim,37591,37592,1,-0.0,-1.0
A_sweep_reclaim,37651,37652,1,-0.0,-1.0
A_sweep_reclaim,37745,37746,-1,0.0,2.0
A_sweep_reclaim,37879,37880,1,-0.0,-1.0
A_sweep_reclaim,38006,38007,1,-0.0,2.0
A_sweep_reclaim,38061,38062,-1,0.0,-1.0
A_sweep_reclaim,38148,38149,1,-0.0,1.5414851719563953
A_sweep_reclaim,38397,38398,1,-0.0,-1.0
A_sweep_reclaim,38474,38475,-1,0.0,-1.0
A_sweep_reclaim,38575,38576,1,-0.0,-1.0
A_sweep_reclaim,38655,38656,-1,0.0,0.03583955156265742
A_sweep_reclaim,38837,38838,-1,0.0,2.0
A_sweep_reclaim,38892,38893,1,-0.0,-0.3715894852553527
A_sweep_reclaim,39264,39265,-1,0.0,-1.0
A_sweep_reclaim,39358,39359,-1,0.0,-0.24293992685555876
A_sweep_reclaim,39500,39501,-1,0.0,-1.0
A_sweep_reclaim,39518,39519,-1,0.0,-1.0
A_sweep_reclaim,39680,39681,1,-0.0,-1.0
A_sweep_reclaim,39725,39726,1,-0.0,0.183598126000524
A_sweep_reclaim,39982,39983,1,-0.0,-1.0
A_sweep_reclaim,40110,40111,-1,0.0,0.8552389178479917
A_sweep_reclaim,40451,40452,1,-0.0,-1.0
A_sweep_reclaim,40794,40795,1,-0.0,2.0
A_sweep_reclaim,40939,40940,1,-0.0,2.0
A_sweep_reclaim,41055,41056,1,-0.0,-1.0
A_sweep_reclaim,41135,41136,1,-0.0,-1.0
A_sweep_reclaim,41245,41246,1,-0.0,-1.0
A_sweep_reclaim,41276,41277,-1,0.0,2.0
A_sweep_reclaim,41291,41292,1,-0.0,-1.0
A_sweep_reclaim,41339,41340,1,-0.0,-1.0
A_sweep_reclaim,41787,41788,1,-0.0,2.0
A_sweep_reclaim,41863,41864,1,-0.0,-1.0
A_sweep_reclaim,42042,42043,-1,0.0,-1.0
A_sweep_reclaim,42199,42200,1,-0.0,-1.0
A_sweep_reclaim,42236,42237,-1,0.0,2.0
A_sweep_reclaim,42246,42247,1,-0.0,0.8001874139286215
A_sweep_reclaim,42388,42389,1,-0.0,2.0
A_sweep_reclaim,42448,42449,-1,0.0,-1.0
A_sweep_reclaim,42494,42495,1,-0.0,-1.0
A_sweep_reclaim,42689,42690,1,-0.0,-1.0
A_sweep_reclaim,42762,42763,1,-0.0,-1.0
A_sweep_reclaim,43108,43109,1,-0.0,-1.0
A_sweep_reclaim,43195,43196,-1,0.0,-0.1748015567470675
A_sweep_reclaim,43354,43355,-1,0.0,2.0
A_sweep_reclaim,43467,43468,1,-0.0,-1.0
A_sweep_reclaim,43578,43579,-1,0.0,2.0
A_sweep_reclaim,43650,43651,1,-0.0,-1.0
A_sweep_reclaim,43812,43813,1,-0.0,2.0
A_sweep_reclaim,44007,44008,1,-0.0,-0.22830562241172417
A_sweep_reclaim,44115,44116,1,-0.0,2.0
A_sweep_reclaim,44174,44175,-1,0.0,2.0
A_sweep_reclaim,44252,44253,1,-0.0,-1.0
A_sweep_reclaim,44269,44270,-1,0.0,-0.43788887541203997
A_sweep_reclaim,44580,44581,-1,0.0,-1.0
A_sweep_reclaim,44632,44633,1,-0.0,-1.0
A_sweep_reclaim,44780,44781,-1,0.0,2.0
A_sweep_reclaim,44912,44913,-1,0.0,-1.0
A_sweep_reclaim,45114,45115,-1,0.0,2.0
A_sweep_reclaim,45188,45189,-1,0.0,-1.0
A_sweep_reclaim,45250,45251,1,-0.0,-1.0
A_sweep_reclaim,45281,45282,1,-0.0,-0.8492816012500564
A_sweep_reclaim,45418,45419,1,-0.0,-1.0
A_sweep_reclaim,45509,45510,1,-0.0,-1.0
A_sweep_reclaim,45575,45576,1,-0.0,-1.0
A_sweep_reclaim,45788,45789,1,-0.0,-1.0
A_sweep_reclaim,45879,45880,1,-0.0,0.6725276106824482
A_sweep_reclaim,46035,46036,1,-0.0,-1.0
A_sweep_reclaim,46093,46094,-1,0.0,2.0
A_sweep_reclaim,46148,46149,-1,0.0,2.0
A_sweep_reclaim,46192,46193,1,-0.0,2.0
A_sweep_reclaim,46203,46204,-1,0.0,2.0
A_sweep_reclaim,46288,46289,1,-0.0,-1.0
A_sweep_reclaim,46399,46400,1,-0.0,1.095117609904003
A_sweep_reclaim,46645,46646,1,-0.0,2.0
A_sweep_reclaim,46770,46771,-1,0.0,2.0
A_sweep_reclaim,47058,47059,-1,0.0,-1.0
A_sweep_reclaim,47134,47135,1,-0.0,2.0
A_sweep_reclaim,47385,47386,1,-0.0,-1.0
A_sweep_reclaim,47394,47395,1,-0.0,0.5184966187030192
A_sweep_reclaim,47539,47540,1,-0.0,-1.0
A_sweep_reclaim,47568,47569,1,-0.0,-1.0
A_sweep_reclaim,47582,47583,1,-0.0,-1.0
A_sweep_reclaim,47975,47976,-1,0.0,-1.0
A_sweep_reclaim,48130,48131,1,-0.0,0.1836383691321273
A_sweep_reclaim,48490,48491,-1,0.0,2.0
A_sweep_reclaim,48569,48570,1,-0.0,-1.0
A_sweep_reclaim,48799,48800,1,-0.0,-1.0
A_sweep_reclaim,48840,48841,1,-0.0,-1.0
A_sweep_reclaim,49045,49046,1,-0.0,-1.0
A_sweep_reclaim,49125,49126,1,-0.0,-1.0
A_sweep_reclaim,49242,49243,1,-0.0,2.0
A_sweep_reclaim,49388,49389,1,-0.0,2.0
A_sweep_reclaim,49500,49501,1,-0.0,-1.0
A_sweep_reclaim,49509,49510,1,-0.0,-1.0
A_sweep_reclaim,49655,49656,-1,0.0,-1.0
A_sweep_reclaim,49696,49697,1,-0.0,-1.0
A_sweep_reclaim,49741,49742,-1,0.0,-1.0
A_sweep_reclaim,49885,49886,1,-0.0,2.0
A_sweep_reclaim,49992,49993,-1,0.0,-1.0
A_sweep_reclaim,50279,50280,-1,0.0,-1.0
A_sweep_reclaim,50372,50373,1,-0.0,-1.0
A_sweep_reclaim,50499,50500,1,-0.0,-1.0
A_sweep_reclaim,50552,50553,1,-0.0,-1.0
A_sweep_reclaim,50787,50788,1,-0.0,-1.0
A_sweep_reclaim,50832,50833,1,-0.0,-1.0
A_sweep_reclaim,50918,50919,1,-0.0,-1.0
A_sweep_reclaim,51085,51086,1,-0.0,-1.0
A_sweep_reclaim,51191,51192,1,-0.0,-1.0
A_sweep_reclaim,51400,51401,1,-0.0,2.0
A_sweep_reclaim,51559,51560,-1,0.0,2.0
A_sweep_reclaim,51659,51660,1,-0.0,-1.0
A_sweep_reclaim,51696,51697,1,-0.0,2.0
A_sweep_reclaim,51823,51824,1,-0.0,-1.0
A_sweep_reclaim,51960,51961,1,-0.0,-1.0
A_sweep_reclaim,52000,52001,-1,0.0,2.0
A_sweep_reclaim,52254,52255,-1,0.0,-1.0
A_sweep_reclaim,52339,52340,1,-0.0,2.0
A_sweep_reclaim,52459,52460,-1,0.0,2.0
A_sweep_reclaim,52667,52668,-1,0.0,-1.0
A_sweep_reclaim,52731,52732,1,-0.0,-1.0
A_sweep_reclaim,52759,52760,1,-0.0,-0.17604155268240115
A_sweep_reclaim,52891,52892,-1,0.0,-1.0
A_sweep_reclaim,53110,53111,1,-0.0,-1.0
A_sweep_reclaim,53178,53179,1,-0.0,-1.0
A_sweep_reclaim,53297,53298,-1,0.0,2.0
A_sweep_reclaim,53550,53551,1,-0.0,-1.0
A_sweep_reclaim,53706,53707,-1,0.0,-1.0
A_sweep_reclaim,53802,53803,1,-0.0,-0.002727241928396664
A_sweep_reclaim,54018,54019,-1,0.0,2.0
A_sweep_reclaim,54241,54242,1,-0.0,2.0
A_sweep_reclaim,54324,54325,-1,0.0,-1.0
A_sweep_reclaim,54343,54344,1,-0.0,-1.0
A_sweep_reclaim,54437,54438,-1,0.0,-1.0
A_sweep_reclaim,54530,54531,-1,0.0,2.0
A_sweep_reclaim,54631,54632,1,-0.0,-1.0
A_sweep_reclaim,54730,54731,-1,0.0,-1.0
A_sweep_reclaim,54798,54799,-1,0.0,0.738741967539923
A_sweep_reclaim,54931,54932,-1,0.0,-1.0
A_sweep_reclaim,54947,54948,-1,0.0,-1.0
A_sweep_reclaim,54967,54968,-1,0.0,-1.0
A_sweep_reclaim,55043,55044,1,-0.0,2.0
A_sweep_reclaim,55156,55157,-1,0.0,-1.0
A_sweep_reclaim,55205,55206,-1,0.0,2.0
A_sweep_reclaim,55257,55258,-1,0.0,2.0
A_sweep_reclaim,55317,55318,1,-0.0,2.0
A_sweep_reclaim,55453,55454,-1,0.0,-1.0
A_sweep_reclaim,55522,55523,1,-0.0,-1.0
A_sweep_reclaim,55624,55625,1,-0.0,0.27146106578694007
A_sweep_reclaim,55775,55776,1,-0.0,-1.0
A_sweep_reclaim,55828,55829,-1,0.0,2.0
A_sweep_reclaim,55919,55920,1,-0.0,-1.0
A_sweep_reclaim,56117,56118,1,-0.0,-1.0
A_sweep_reclaim,56453,56454,-1,0.0,-1.0
A_sweep_reclaim,56558,56559,-1,0.0,2.0
A_sweep_reclaim,56697,56698,-1,0.0,-1.0
A_sweep_reclaim,56890,56891,1,-0.0,-1.0
A_sweep_reclaim,57143,57144,-1,0.0,-1.0
A_sweep_reclaim,57156,57157,-1,0.0,-1.0
A_sweep_reclaim,57162,57163,-1,0.0,-1.0
A_sweep_reclaim,57189,57190,-1,0.0,0.2584815247962236
A_sweep_reclaim,57417,57418,1,-0.0,-1.0
A_sweep_reclaim,57494,57495,-1,0.0,2.0
A_sweep_reclaim,57636,57637,1,-0.0,-1.0
A_sweep_reclaim,57758,57759,1,-0.0,-1.0
A_sweep_reclaim,57852,57853,1,-0.0,-1.0
A_sweep_reclaim,57887,57888,-1,0.0,-1.0
A_sweep_reclaim,57940,57941,-1,0.0,0.6327597198726795
A_sweep_reclaim,58043,58044,1,-0.0,-1.0
A_sweep_reclaim,58113,58114,-1,0.0,-1.0
A_sweep_reclaim,58178,58179,-1,0.0,-1.0
A_sweep_reclaim,58228,58229,1,-0.0,2.0
A_sweep_reclaim,58405,58406,1,-0.0,2.0
A_sweep_reclaim,58555,58556,-1,0.0,-1.0
A_sweep_reclaim,58571,58572,1,-0.0,-1.0
A_sweep_reclaim,58581,58582,1,-0.0,0.9381850684480679
A_sweep_reclaim,58808,58809,1,-0.0,-1.0
A_sweep_reclaim,58832,58833,1,-0.0,-1.0
A_sweep_reclaim,59020,59021,1,-0.0,2.0
A_sweep_reclaim,59120,59121,-1,0.0,-1.0
A_sweep_reclaim,59333,59334,1,-0.0,-1.0
A_sweep_reclaim,59347,59348,1,-0.0,-1.0
A_sweep_reclaim,59365,59366,1,-0.0,-1.0
A_sweep_reclaim,59380,59381,1,-0.0,2.0
A_sweep_reclaim,59561,59562,1,-0.0,0.7175512322866431
A_sweep_reclaim,59671,59672,1,-0.0,-1.0
A_sweep_reclaim,59733,59734,1,-0.0,-0.005360785770619858
A_sweep_reclaim,59871,59872,1,-0.0,2.0
A_sweep_reclaim,60123,60124,-1,0.0,0.06747045097467673
A_sweep_reclaim,60343,60344,1,-0.0,-1.0
A_sweep_reclaim,60368,60369,1,-0.0,-1.0
A_sweep_reclaim,60564,60565,-1,0.0,-1.0
A_sweep_reclaim,60578,60579,-1,0.0,2.0
A_sweep_reclaim,60661,60662,1,-0.0,2.0
A_sweep_reclaim,60884,60885,1,-0.0,2.0
A_sweep_reclaim,60926,60927,1,-0.0,-1.0
A_sweep_reclaim,61013,61014,-1,0.0,-1.0
A_sweep_reclaim,61082,61083,-1,0.0,-1.0
A_sweep_reclaim,61163,61164,1,-0.0,-1.0
A_sweep_reclaim,61182,61183,1,-0.0,2.0
A_sweep_reclaim,61290,61291,1,-0.0,2.0
A_sweep_reclaim,61331,61332,-1,0.0,-1.0
A_sweep_reclaim,61354,61355,-1,0.0,-1.0
A_sweep_reclaim,61472,61473,1,-0.0,2.0
A_sweep_reclaim,61542,61543,1,-0.0,-1.0
A_sweep_reclaim,61591,61592,-1,0.0,2.0
A_sweep_reclaim,61630,61631,1,-0.0,2.0
A_sweep_reclaim,61673,61674,-1,0.0,2.0
A_sweep_reclaim,61762,61763,-1,0.0,-1.0
A_sweep_reclaim,61790,61791,-1,0.0,2.0
A_sweep_reclaim,61819,61820,1,-0.0,2.0
A_sweep_reclaim,61950,61951,1,-0.0,0.3542881754263342
A_sweep_reclaim,62085,62086,1,-0.0,-1.0
A_sweep_reclaim,62300,62301,1,-0.0,-1.0
A_sweep_reclaim,62450,62451,-1,0.0,2.0
A_sweep_reclaim,62611,62612,-1,0.0,2.0
A_sweep_reclaim,62787,62788,1,-0.0,0.28958860032176736
A_sweep_reclaim,63062,63063,-1,0.0,-1.0
A_sweep_reclaim,63215,63216,1,-0.0,2.0
A_sweep_reclaim,63279,63280,-1,0.0,2.0
A_sweep_reclaim,63444,63445,-1,0.0,2.0
A_sweep_reclaim,63531,63532,1,-0.0,-1.0
A_sweep_reclaim,63599,63600,-1,0.0,-1.0
A_sweep_reclaim,63672,63673,-1,0.0,-1.0
A_sweep_reclaim,63689,63690,1,-0.0,-1.0
A_sweep_reclaim,63800,63801,1,-0.0,-1.0
A_sweep_reclaim,64103,64104,1,-0.0,-1.0
A_sweep_reclaim,64207,64208,-1,0.0,-1.0
A_sweep_reclaim,64345,64346,-1,0.0,0.1286871646268658
A_sweep_reclaim,64520,64521,1,-0.0,-1.0
A_sweep_reclaim,64808,64809,-1,0.0,2.0
A_sweep_reclaim,64996,64997,-1,0.0,-1.0
A_sweep_reclaim,65007,65008,1,-0.0,-1.0
A_sweep_reclaim,65150,65151,-1,0.0,-1.0
A_sweep_reclaim,65200,65201,-1,0.0,2.0
A_sweep_reclaim,65465,65466,-1,0.0,2.0
A_sweep_reclaim,65510,65511,1,-0.0,-1.0
A_sweep_reclaim,65561,65562,1,-0.0,-0.1790762480132427
A_sweep_reclaim,65779,65780,-1,0.0,-1.0
A_sweep_reclaim,65889,65890,-1,0.0,-1.0
A_sweep_reclaim,65944,65945,-1,0.0,-1.0
A_sweep_reclaim,66014,66015,1,-0.0,-1.0
A_sweep_reclaim,66020,66021,1,-0.0,-1.0
A_sweep_reclaim,66040,66041,1,-0.0,-1.0
A_sweep_reclaim,66236,66237,-1,0.0,0.8184773489933385
A_sweep_reclaim,66480,66481,-1,0.0,-1.0
A_sweep_reclaim,66574,66575,1,-0.0,-1.0
A_sweep_reclaim,66757,66758,1,-0.0,-1.0
A_sweep_reclaim,66775,66776,1,-0.0,-0.32709465134112126
A_sweep_reclaim,66957,66958,-1,0.0,2.0
A_sweep_reclaim,67030,67031,1,-0.0,-1.0
A_sweep_reclaim,67056,67057,-1,0.0,-1.0
A_sweep_reclaim,67331,67332,1,-0.0,0.5161313925630068
A_sweep_reclaim,67609,67610,1,-0.0,-1.0
A_sweep_reclaim,67696,67697,-1,0.0,2.0
A_sweep_reclaim,67716,67717,1,-0.0,-1.0
A_sweep_reclaim,68323,68324,-1,0.0,-1.0
A_sweep_reclaim,68657,68658,-1,0.0,-1.0
A_sweep_reclaim,68890,68891,-1,0.0,-1.0
A_sweep_reclaim,68966,68967,-1,0.0,-1.0
A_sweep_reclaim,68980,68981,-1,0.0,-1.0
A_sweep_reclaim,69117,69118,1,-0.0,-1.0
A_sweep_reclaim,69227,69228,-1,0.0,-1.0
A_sweep_reclaim,69250,69251,1,-0.0,-1.0
A_sweep_reclaim,69286,69287,1,-0.0,-1.0
A_sweep_reclaim,69429,69430,1,-0.0,2.0
A_sweep_reclaim,69468,69469,1,-0.0,2.0
A_sweep_reclaim,69580,69581,1,-0.0,-1.0
A_sweep_reclaim,69614,69615,1,-0.0,2.0
A_sweep_reclaim,69768,69769,1,-0.0,2.0
A_sweep_reclaim,69921,69922,-1,0.0,2.0
A_sweep_reclaim,70108,70109,-1,0.0,2.0
A_sweep_reclaim,70540,70541,-1,0.0,2.0
A_sweep_reclaim,70578,70579,1,-0.0,-1.0
A_sweep_reclaim,70610,70611,1,-0.0,-1.0
A_sweep_reclaim,70669,70670,-1,0.0,-1.0
A_sweep_reclaim,70759,70760,-1,0.0,-1.0
A_sweep_reclaim,70870,70871,-1,0.0,-1.0
A_sweep_reclaim,70964,70965,-1,0.0,-1.0
A_sweep_reclaim,71172,71173,1,-0.0,-1.0
A_sweep_reclaim,71351,71352,-1,0.0,-1.0
A_sweep_reclaim,71413,71414,-1,0.0,2.0
A_sweep_reclaim,71590,71591,-1,0.0,2.0
A_sweep_reclaim,71634,71635,1,-0.0,-1.0
A_sweep_reclaim,71746,71747,-1,0.0,2.0
A_sweep_reclaim,72083,72084,-1,0.0,-1.0
A_sweep_reclaim,72134,72135,1,-0.0,-1.0
A_sweep_reclaim,72289,72290,-1,0.0,2.0
A_sweep_reclaim,72449,72450,1,-0.0,-1.0
A_sweep_reclaim,72665,72666,1,-0.0,-1.0
A_sweep_reclaim,72675,72676,1,-0.0,-0.01798547751221069
A_sweep_reclaim,72838,72839,-1,0.0,2.0
A_sweep_reclaim,72969,72970,1,-0.0,-1.0
A_sweep_reclaim,73121,73122,1,-0.0,-1.0
A_sweep_reclaim,73192,73193,1,-0.0,2.0
A_sweep_reclaim,73215,73216,-1,0.0,2.0
A_sweep_reclaim,73331,73332,1,-0.0,-0.045634468840357316
A_sweep_reclaim,73559,73560,1,-0.0,-1.0
A_sweep_reclaim,73584,73585,1,-0.0,-1.0
A_sweep_reclaim,73698,73699,1,-0.0,-1.0
A_sweep_reclaim,73865,73866,1,-0.0,-1.0
A_sweep_reclaim,73955,73956,-1,0.0,2.0
A_sweep_reclaim,74031,74032,-1,0.0,-1.0
A_sweep_reclaim,74046,74047,-1,0.0,-1.0
A_sweep_reclaim,74198,74199,1,-0.0,-1.0
A_sweep_reclaim,74306,74307,-1,0.0,-1.0
A_sweep_reclaim,74390,74391,1,-0.0,-1.0
A_sweep_reclaim,74499,74500,1,-0.0,0.6505368665011634
A_sweep_reclaim,74607,74608,1,-0.0,-1.0
A_sweep_reclaim,74678,74679,-1,0.0,-1.0
A_sweep_reclaim,74737,74738,-1,0.0,-1.0
A_sweep_reclaim,74980,74981,1,-0.0,-1.0
A_sweep_reclaim,75031,75032,1,-0.0,-1.0
A_sweep_reclaim,75141,75142,-1,0.0,2.0
A_sweep_reclaim,75189,75190,1,-0.0,-1.0
A_sweep_reclaim,75328,75329,-1,0.0,-1.0
A_sweep_reclaim,75358,75359,1,-0.0,0.16509715441840023
A_sweep_reclaim,75460,75461,1,-0.0,-1.0
A_sweep_reclaim,75513,75514,1,-0.0,-1.0
A_sweep_reclaim,75586,75587,1,-0.0,-1.0
A_sweep_reclaim,75653,75654,1,-0.0,-1.0
A_sweep_reclaim,75677,75678,1,-0.0,0.7257794773882112
A_sweep_reclaim,75780,75781,-1,0.0,-1.0
A_sweep_reclaim,75894,75895,-1,0.0,2.0
A_sweep_reclaim,75981,75982,1,-0.0,2.0
A_sweep_reclaim,76024,76025,-1,0.0,-1.0
A_sweep_reclaim,76098,76099,1,-0.0,2.0
A_sweep_reclaim,76276,76277,1,-0.0,0.21454833290492772
A_sweep_reclaim,76377,76378,-1,0.0,-1.0
A_sweep_reclaim,76408,76409,1,-0.0,2.0
A_sweep_reclaim,76548,76549,1,-0.0,-1.0
A_sweep_reclaim,76687,76688,1,-0.0,-1.0
A_sweep_reclaim,76701,76702,1,-0.0,2.0
A_sweep_reclaim,76725,76726,-1,0.0,-1.0
A_sweep_reclaim,76820,76821,-1,0.0,2.0
A_sweep_reclaim,76853,76854,1,-0.0,0.7868771994576581
A_sweep_reclaim,76981,76982,1,-0.0,-1.0
A_sweep_reclaim,77030,77031,1,-0.0,2.0
A_sweep_reclaim,77119,77120,-1,0.0,-1.0
A_sweep_reclaim,77148,77149,-1,0.0,-1.0
A_sweep_reclaim,77280,77281,1,-0.0,2.0
A_sweep_reclaim,77406,77407,-1,0.0,2.0
A_sweep_reclaim,77573,77574,-1,0.0,-1.0
A_sweep_reclaim,77637,77638,-1,0.0,-1.0
A_sweep_reclaim,77650,77651,-1,0.0,2.0
A_sweep_reclaim,77753,77754,1,-0.0,-1.0
A_sweep_reclaim,77893,77894,-1,0.0,0.4120965041706333
A_sweep_reclaim,78020,78021,1,-0.0,2.0
A_sweep_reclaim,78031,78032,-1,0.0,2.0
A_sweep_reclaim,78173,78174,1,-0.0,-1.0
A_sweep_reclaim,78305,78306,1,-0.0,-1.0
A_sweep_reclaim,78320,78321,-1,0.0,2.0
A_sweep_reclaim,78725,78726,1,-0.0,-1.0
A_sweep_reclaim,78785,78786,1,-0.0,-1.0
A_sweep_reclaim,78909,78910,-1,0.0,2.0
A_sweep_reclaim,79011,79012,-1,0.0,2.0
A_sweep_reclaim,79087,79088,-1,0.0,0.3886883547735167
A_sweep_reclaim,79249,79250,-1,0.0,-1.0
A_sweep_reclaim,79259,79260,-1,0.0,2.0
A_sweep_reclaim,79340,79341,1,-0.0,2.0
A_sweep_reclaim,79345,79346,1,-0.0,0.26897087698433825
A_sweep_reclaim,79476,79477,1,-0.0,2.0
A_sweep_reclaim,79528,79529,1,-0.0,-1.0
A_sweep_reclaim,79789,79790,1,-0.0,-0.18766641771657594
A_sweep_reclaim,79956,79957,1,-0.0,-1.0
A_sweep_reclaim,80082,80083,1,-0.0,-1.0
A_sweep_reclaim,80148,80149,-1,0.0,2.0
A_sweep_reclaim,80352,80353,-1,0.0,2.0
A_sweep_reclaim,80526,80527,-1,0.0,0.2130198241984376
A_sweep_reclaim,80740,80741,1,-0.0,2.0
A_sweep_reclaim,80934,80935,1,-0.0,2.0
A_sweep_reclaim,80973,80974,1,-0.0,-1.0
A_sweep_reclaim,81081,81082,1,-0.0,-1.0
A_sweep_reclaim,81262,81263,1,-0.0,-1.0
A_sweep_reclaim,81414,81415,1,-0.0,-1.0
A_sweep_reclaim,81513,81514,-1,0.0,-1.0
A_sweep_reclaim,81588,81589,-1,0.0,-1.0
A_sweep_reclaim,81612,81613,1,-0.0,-0.413777246390162
A_sweep_reclaim,81718,81719,1,-0.0,-1.0
A_sweep_reclaim,81751,81752,1,-0.0,2.0
A_sweep_reclaim,81819,81820,1,-0.0,-1.0
A_sweep_reclaim,81843,81844,1,-0.0,2.0
A_sweep_reclaim,82108,82109,-1,0.0,-1.0
A_sweep_reclaim,82152,82153,-1,0.0,-1.0
A_sweep_reclaim,82173,82174,1,-0.0,-0.9062144638165269
A_sweep_reclaim,82274,82275,1,-0.0,-1.0
A_sweep_reclaim,82283,82284,1,-0.0,-1.0
A_sweep_reclaim,82355,82356,-1,0.0,2.0
A_sweep_reclaim,82443,82444,-1,0.0,-1.0
A_sweep_reclaim,82641,82642,1,-0.0,-1.0
A_sweep_reclaim,82708,82709,1,-0.0,2.0
A_sweep_reclaim,82858,82859,-1,0.0,-1.0
A_sweep_reclaim,83132,83133,1,-0.0,-1.0
A_sweep_reclaim,83287,83288,-1,0.0,-0.20970625641278445
A_sweep_reclaim,83505,83506,-1,0.0,-1.0
A_sweep_reclaim,83695,83696,1,-0.0,-1.0
A_sweep_reclaim,83755,83756,-1,0.0,2.0
A_sweep_reclaim,83805,83806,1,-0.0,-1.0
A_sweep_reclaim,84129,84130,-1,0.0,-1.0
A_sweep_reclaim,84238,84239,1,-0.0,-1.0
A_sweep_reclaim,84261,84262,1,-0.0,-1.0
A_sweep_reclaim,84317,84318,1,-0.0,2.0
A_sweep_reclaim,84549,84550,1,-0.0,-1.0
A_sweep_reclaim,84597,84598,1,-0.0,-1.0
A_sweep_reclaim,84778,84779,1,-0.0,2.0
A_sweep_reclaim,84837,84838,1,-0.0,-1.0
A_sweep_reclaim,85091,85092,1,-0.0,-1.0
A_sweep_reclaim,85119,85120,-1,0.0,-1.0
A_sweep_reclaim,85332,85333,1,-0.0,2.0
A_sweep_reclaim,85365,85366,1,-0.0,-1.0
A_sweep_reclaim,85440,85441,1,-0.0,2.0
A_sweep_reclaim,85474,85475,1,-0.0,-1.0
A_sweep_reclaim,85497,85498,1,-0.0,-1.0
A_sweep_reclaim,85540,85541,1,-0.0,2.0
A_sweep_reclaim,85615,85616,-1,0.0,2.0
A_sweep_reclaim,85726,85727,1,-0.0,-1.0
A_sweep_reclaim,85750,85751,-1,0.0,-1.0
A_sweep_reclaim,85908,85909,-1,0.0,-1.0
A_sweep_reclaim,85937,85938,1,-0.0,-1.0
A_sweep_reclaim,86260,86261,-1,0.0,-1.0
A_sweep_reclaim,86270,86271,-1,0.0,2.0
A_sweep_reclaim,86339,86340,-1,0.0,-1.0
A_sweep_reclaim,86402,86403,-1,0.0,2.0
A_sweep_reclaim,86506,86507,1,-0.0,-0.2485931204421994
A_sweep_reclaim,86734,86735,1,-0.0,-1.0
A_sweep_reclaim,86756,86757,1,-0.0,-1.0
A_sweep_reclaim,86910,86911,-1,0.0,2.0
A_sweep_reclaim,86946,86947,1,-0.0,-1.0
A_sweep_reclaim,87091,87092,1,-0.0,-1.0
A_sweep_reclaim,87220,87221,-1,0.0,-1.0
A_sweep_reclaim,87325,87326,1,-0.0,2.0
A_sweep_reclaim,87432,87433,-1,0.0,-1.0
A_sweep_reclaim,87650,87651,1,-0.0,-1.0
A_sweep_reclaim,87676,87677,-1,0.0,-1.0
A_sweep_reclaim,87871,87872,1,-0.0,-1.0
A_sweep_reclaim,87965,87966,1,-0.0,-1.0
A_sweep_reclaim,88352,88353,-1,0.0,2.0
A_sweep_reclaim,88489,88490,1,-0.0,-1.0
A_sweep_reclaim,88671,88672,1,-0.0,2.0
A_sweep_reclaim,88809,88810,-1,0.0,0.24522243207228792
A_sweep_reclaim,88931,88932,1,-0.0,2.0
A_sweep_reclaim,88957,88958,1,-0.0,-1.0
A_sweep_reclaim,88978,88979,1,-0.0,-1.0
A_sweep_reclaim,89173,89174,-1,0.0,-1.0
A_sweep_reclaim,89347,89348,1,-0.0,1.0403830570902732
A_sweep_reclaim,89508,89509,1,-0.0,2.0
A_sweep_reclaim,89578,89579,-1,0.0,2.0
A_sweep_reclaim,89750,89751,-1,0.0,-1.0
A_sweep_reclaim,90159,90160,-1,0.0,-1.0
A_sweep_reclaim,90193,90194,1,-0.0,2.0
A_sweep_reclaim,90333,90334,-1,0.0,-1.0
A_sweep_reclaim,90347,90348,-1,0.0,-1.0
A_sweep_reclaim,90554,90555,-1,0.0,-1.0
A_sweep_reclaim,90572,90573,-1,0.0,0.21192321372753567
A_sweep_reclaim,90806,90807,1,-0.0,2.0
A_sweep_reclaim,90891,90892,1,-0.0,-1.0
A_sweep_reclaim,90903,90904,1,-0.0,2.0
A_sweep_reclaim,91102,91103,-1,0.0,2.0
A_sweep_reclaim,91336,91337,-1,0.0,2.0
A_sweep_reclaim,91453,91454,1,-0.0,2.0
A_sweep_reclaim,91487,91488,-1,0.0,2.0
A_sweep_reclaim,91667,91668,1,-0.0,-1.0
A_sweep_reclaim,91859,91860,1,-0.0,0.02800157239598736
A_sweep_reclaim,91983,91984,-1,0.0,-1.0
A_sweep_reclaim,92088,92089,1,-0.0,2.0
A_sweep_reclaim,92275,92276,1,-0.0,-1.0
A_sweep_reclaim,92295,92296,1,-0.0,-1.0
A_sweep_reclaim,92412,92413,1,-0.0,0.39225836010543375
A_sweep_reclaim,92540,92541,1,-0.0,2.0
A_sweep_reclaim,92588,92589,-1,0.0,2.0
A_sweep_reclaim,92773,92774,1,-0.0,-1.0
A_sweep_reclaim,92831,92832,-1,0.0,-1.0
A_sweep_reclaim,92851,92852,-1,0.0,2.0
A_sweep_reclaim,92910,92911,-1,0.0,2.0
A_sweep_reclaim,93016,93017,1,-0.0,-1.0
A_sweep_reclaim,93284,93285,1,-0.0,-1.0
A_sweep_reclaim,93781,93782,1,-0.0,-1.0
A_sweep_reclaim,93829,93830,-1,0.0,-1.0
A_sweep_reclaim,93900,93901,1,-0.0,-1.0
A_sweep_reclaim,93999,94000,-1,0.0,1.3347441341694297
A_sweep_reclaim,94229,94230,-1,0.0,-1.0
A_sweep_reclaim,94262,94263,1,-0.0,-1.0
A_sweep_reclaim,94723,94724,1,-0.0,-1.0
A_sweep_reclaim,94777,94778,1,-0.0,-1.0
A_sweep_reclaim,94843,94844,1,-0.0,-1.0
A_sweep_reclaim,94944,94945,1,-0.0,-1.0
A_sweep_reclaim,95036,95037,1,-0.0,-1.0
A_sweep_reclaim,95054,95055,1,-0.0,-1.0
A_sweep_reclaim,95326,95327,1,-0.0,-1.0
A_sweep_reclaim,95725,95726,1,-0.0,-0.38722833167879306
A_sweep_reclaim,95863,95864,-1,0.0,-1.0
A_sweep_reclaim,95917,95918,1,-0.0,-1.0
A_sweep_reclaim,96001,96002,-1,0.0,-1.0
A_sweep_reclaim,96072,96073,1,-0.0,-1.0
A_sweep_reclaim,96235,96236,1,-0.0,2.0
A_sweep_reclaim,96349,96350,-1,0.0,-1.0
A_sweep_reclaim,96702,96703,1,-0.0,2.0
A_sweep_reclaim,97091,97092,-1,0.0,-1.0
A_sweep_reclaim,97140,97141,1,-0.0,2.0
A_sweep_reclaim,97535,97536,1,-0.0,-1.0
A_sweep_reclaim,97697,97698,-1,0.0,-1.0
A_sweep_reclaim,97733,97734,1,-0.0,-1.0
A_sweep_reclaim,97817,97818,-1,0.0,-1.0
A_sweep_reclaim,97847,97848,-1,0.0,2.0
A_sweep_reclaim,97926,97927,1,-0.0,-1.0
A_sweep_reclaim,98027,98028,1,-0.0,-1.0
A_sweep_reclaim,98046,98047,1,-0.0,2.0
A_sweep_reclaim,98129,98130,-1,0.0,-1.0
A_sweep_reclaim,98219,98220,1,-0.0,-1.0
A_sweep_reclaim,98241,98242,1,-0.0,-1.0
A_sweep_reclaim,98294,98295,1,-0.0,-1.0
A_sweep_reclaim,98405,98406,1,-0.0,-1.0
A_sweep_reclaim,98498,98499,1,-0.0,-1.0
A_sweep_reclaim,98546,98547,-1,0.0,2.0
A_sweep_reclaim,98634,98635,-1,0.0,2.0
A_sweep_reclaim,98693,98694,1,-0.0,0.8540745324263265
A_sweep_reclaim,98803,98804,1,-0.0,-1.0
A_sweep_reclaim,99172,99173,1,-0.0,2.0
A_sweep_reclaim,99294,99295,1,-0.0,2.0
A_sweep_reclaim,99489,99490,-1,0.0,2.0
A_sweep_reclaim,99517,99518,1,-0.0,0.9913099452848644
A_sweep_reclaim,99636,99637,1,-0.0,2.0
A_sweep_reclaim,99909,99910,1,-0.0,-1.0
A_sweep_reclaim,100020,100021,1,-0.0,-1.0
A_sweep_reclaim,100113,100114,-1,0.0,2.0
A_sweep_reclaim,100164,100165,-1,0.0,2.0
A_sweep_reclaim,100234,100235,1,-0.0,2.0
A_sweep_reclaim,100282,100283,-1,0.0,2.0
A_sweep_reclaim,100437,100438,-1,0.0,-1.0
A_sweep_reclaim,100591,100592,-1,0.0,2.0
A_sweep_reclaim,100636,100637,-1,0.0,-1.0
A_sweep_reclaim,100695,100696,-1,0.0,-1.0
A_sweep_reclaim,100754,100755,1,-0.0,2.0
A_sweep_reclaim,100927,100928,-1,0.0,-1.0
A_sweep_reclaim,101031,101032,1,-0.0,2.0
A_sweep_reclaim,101110,101111,1,-0.0,-1.0
A_sweep_reclaim,101240,101241,1,-0.0,-1.0
A_sweep_reclaim,101668,101669,1,-0.0,2.0
A_sweep_reclaim,101851,101852,1,-0.0,2.0
A_sweep_reclaim,101972,101973,1,-0.0,-1.0
A_sweep_reclaim,102029,102030,1,-0.0,-1.0
A_sweep_reclaim,102169,102170,1,-0.0,-1.0
A_sweep_reclaim,102259,102260,1,-0.0,-1.0
A_sweep_reclaim,102289,102290,1,-0.0,-1.0
A_sweep_reclaim,102430,102431,1,-0.0,-1.0
A_sweep_reclaim,102440,102441,1,-0.0,-1.0
A_sweep_reclaim,102518,102519,-1,0.0,2.0
A_sweep_reclaim,102795,102796,-1,0.0,2.0
A_sweep_reclaim,102848,102849,1,-0.0,2.0
A_sweep_reclaim,102917,102918,-1,0.0,-0.30949779989260207
A_sweep_reclaim,103072,103073,-1,0.0,2.0
A_sweep_reclaim,103436,103437,-1,0.0,-1.0
A_sweep_reclaim,103481,103482,1,-0.0,-1.0
A_sweep_reclaim,103586,103587,-1,0.0,-1.0
A_sweep_reclaim,103701,103702,-1,0.0,2.0
A_sweep_reclaim,103734,103735,1,-0.0,-1.0
A_sweep_reclaim,103749,103750,1,-0.0,-0.18064592972392524
A_sweep_reclaim,104058,104059,1,-0.0,-1.0
A_sweep_reclaim,104073,104074,1,-0.0,-1.0
A_sweep_reclaim,104096,104097,1,-0.0,2.0
A_sweep_reclaim,104215,104216,1,-0.0,2.0
A_sweep_reclaim,104538,104539,1,-0.0,2.0
A_sweep_reclaim,104645,104646,1,-0.0,-0.5766462114288132
A_sweep_reclaim,104853,104854,1,-0.0,-1.0
A_sweep_reclaim,105083,105084,1,-0.0,2.0
A_sweep_reclaim,105177,105178,1,-0.0,-1.0
A_sweep_reclaim,105187,105188,1,-0.0,2.0
A_sweep_reclaim,105314,105315,1,-0.0,2.0
A_sweep_reclaim,105696,105697,1,-0.0,-1.0
A_sweep_reclaim,105771,105772,-1,0.0,-1.0
A_sweep_reclaim,105791,105792,-1,0.0,2.0
A_sweep_reclaim,105867,105868,-1,0.0,2.0
A_sweep_reclaim,105888,105889,1,-0.0,-1.0
A_sweep_reclaim,106021,106022,1,-0.0,2.0
A_sweep_reclaim,106153,106154,1,-0.0,2.0
A_sweep_reclaim,106177,106178,1,-0.0,2.0
A_sweep_reclaim,106403,106404,1,-0.0,-1.0
A_sweep_reclaim,106436,106437,1,-0.0,-1.0
A_sweep_reclaim,106462,106463,-1,0.0,-1.0
A_sweep_reclaim,106549,106550,1,-0.0,-1.0
A_sweep_reclaim,106575,106576,1,-0.0,-1.0
A_sweep_reclaim,106640,106641,1,-0.0,-1.0
A_sweep_reclaim,106704,106705,1,-0.0,2.0
A_sweep_reclaim,106734,106735,-1,0.0,-1.0
A_sweep_reclaim,106778,106779,1,-0.0,-1.0
A_sweep_reclaim,106838,106839,1,-0.0,2.0
A_sweep_reclaim,106981,106982,1,-0.0,-1.0
A_sweep_reclaim,107043,107044,-1,0.0,-1.0
A_sweep_reclaim,107136,107137,-1,0.0,-1.0
A_sweep_reclaim,107336,107337,1,-0.0,-1.0
A_sweep_reclaim,107355,107356,1,-0.0,2.0
A_sweep_reclaim,107458,107459,-1,0.0,-1.0
A_sweep_reclaim,107517,107518,-1,0.0,-1.0
A_sweep_reclaim,107620,107621,1,-0.0,-1.0
A_sweep_reclaim,107778,107779,-1,0.0,-1.0
A_sweep_reclaim,107960,107961,1,-0.0,-1.0
A_sweep_reclaim,108254,108255,1,-0.0,-1.0
A_sweep_reclaim,108281,108282,1,-0.0,2.0
A_sweep_reclaim,108372,108373,-1,0.0,-1.0
A_sweep_reclaim,108391,108392,-1,0.0,0.4722215902774014
A_sweep_reclaim,108554,108555,-1,0.0,-1.0
A_sweep_reclaim,108792,108793,1,-0.0,-1.0
A_sweep_reclaim,108934,108935,1,-0.0,-1.0
A_sweep_reclaim,109114,109115,-1,0.0,2.0
A_sweep_reclaim,109167,109168,1,-0.0,-1.0
A_sweep_reclaim,109262,109263,1,-0.0,2.0
A_sweep_reclaim,109436,109437,1,-0.0,2.0
A_sweep_reclaim,109493,109494,1,-0.0,2.0
A_sweep_reclaim,109732,109733,1,-0.0,2.0
A_sweep_reclaim,109777,109778,-1,0.0,2.0
A_sweep_reclaim,109935,109936,-1,0.0,-1.0
A_sweep_reclaim,110017,110018,-1,0.0,-1.0
A_sweep_reclaim,110050,110051,1,-0.0,2.0
A_sweep_reclaim,110100,110101,1,-0.0,-0.3371525026042959
A_sweep_reclaim,110249,110250,1,-0.0,-1.0
A_sweep_reclaim,110350,110351,-1,0.0,-1.0
A_sweep_reclaim,110368,110369,1,-0.0,-1.0
A_sweep_reclaim,110394,110395,-1,0.0,2.0
A_sweep_reclaim,110532,110533,1,-0.0,-1.0
A_sweep_reclaim,110639,110640,-1,0.0,2.0
A_sweep_reclaim,110678,110679,1,-0.0,-1.0
A_sweep_reclaim,110894,110895,1,-0.0,2.0
A_sweep_reclaim,110911,110912,-1,0.0,-1.0
A_sweep_reclaim,111158,111159,-1,0.0,-1.0
A_sweep_reclaim,111275,111276,1,-0.0,-1.0
A_sweep_reclaim,111305,111306,1,-0.0,-1.0
A_sweep_reclaim,111646,111647,-1,0.0,2.0
A_sweep_reclaim,111694,111695,1,-0.0,-1.0
A_sweep_reclaim,111901,111902,1,-0.0,-1.0
A_sweep_reclaim,112079,112080,-1,0.0,2.0
A_sweep_reclaim,112278,112279,1,-0.0,-1.0
A_sweep_reclaim,112427,112428,1,-0.0,-1.0
A_sweep_reclaim,112477,112478,-1,0.0,2.0
A_sweep_reclaim,112591,112592,-1,0.0,2.0
A_sweep_reclaim,112696,112697,1,-0.0,-1.0
A_sweep_reclaim,112708,112709,1,-0.0,2.0
A_sweep_reclaim,112808,112809,-1,0.0,2.0
A_sweep_reclaim,112997,112998,-1,0.0,2.0
A_sweep_reclaim,113089,113090,-1,0.0,-1.0
A_sweep_reclaim,113112,113113,-1,0.0,-1.0
A_sweep_reclaim,113160,113161,1,-0.0,-1.0
A_sweep_reclaim,113205,113206,1,-0.0,-1.0
A_sweep_reclaim,113272,113273,1,-0.0,2.0
A_sweep_reclaim,113344,113345,1,-0.0,-1.0
A_sweep_reclaim,113378,113379,1,-0.0,-1.0
A_sweep_reclaim,113506,113507,1,-0.0,-1.0
A_sweep_reclaim,113602,113603,1,-0.0,2.0
A_sweep_reclaim,113763,113764,1,-0.0,-1.0
A_sweep_reclaim,113848,113849,1,-0.0,-1.0
A_sweep_reclaim,113922,113923,1,-0.0,-1.0
A_sweep_reclaim,113957,113958,1,-0.0,2.0
A_sweep_reclaim,114078,114079,1,-0.0,2.0
A_sweep_reclaim,114284,114285,1,-0.0,-1.0
A_sweep_reclaim,114421,114422,-1,0.0,2.0
A_sweep_reclaim,114514,114515,1,-0.0,-1.0
A_sweep_reclaim,114583,114584,-1,0.0,-1.0
A_sweep_reclaim,114612,114613,1,-0.0,2.0
A_sweep_reclaim,114705,114706,-1,0.0,-0.3799430565183007
A_sweep_reclaim,114861,114862,1,-0.0,-1.0
A_sweep_reclaim,115037,115038,1,-0.0,-1.0
A_sweep_reclaim,115041,115042,1,-0.0,-1.0
A_sweep_reclaim,115289,115290,1,-0.0,2.0
A_sweep_reclaim,115337,115338,1,-0.0,-1.0
A_sweep_reclaim,115346,115347,1,-0.0,2.0
A_sweep_reclaim,115511,115512,-1,0.0,2.0
A_sweep_reclaim,115554,115555,1,-0.0,-1.0
A_sweep_reclaim,115802,115803,1,-0.0,0.056595916359491585
A_sweep_reclaim,115915,115916,1,-0.0,2.0
A_sweep_reclaim,116040,116041,1,-0.0,-1.0
A_sweep_reclaim,116532,116533,1,-0.0,-1.0
A_sweep_reclaim,116692,116693,1,-0.0,-1.0
A_sweep_reclaim,116768,116769,-1,0.0,-1.0
A_sweep_reclaim,116809,116810,-1,0.0,2.0
A_sweep_reclaim,116954,116955,1,-0.0,-1.0
A_sweep_reclaim,117271,117272,-1,0.0,-1.0
A_sweep_reclaim,117339,117340,1,-0.0,0.6370640369780612
A_sweep_reclaim,117456,117457,1,-0.0,-1.0
A_sweep_reclaim,117530,117531,1,-0.0,0.9557035110588323
A_sweep_reclaim,117671,117672,1,-0.0,-1.0
A_sweep_reclaim,117698,117699,1,-0.0,2.0
A_sweep_reclaim,117790,117791,-1,0.0,-1.0
A_sweep_reclaim,117991,117992,1,-0.0,0.9977496847923258
A_sweep_reclaim,118175,118176,1,-0.0,-1.0
A_sweep_reclaim,118395,118396,1,-0.0,-1.0
A_sweep_reclaim,118427,118428,1,-0.0,-1.0
A_sweep_reclaim,118523,118524,1,-0.0,-1.0
A_sweep_reclaim,118707,118708,-1,0.0,-1.0
A_sweep_reclaim,118808,118809,1,-0.0,-0.3428372588677909
A_sweep_reclaim,119000,119001,1,-0.0,-1.0
A_sweep_reclaim,119040,119041,1,-0.0,2.0
A_sweep_reclaim,119168,119169,1,-0.0,-1.0
A_sweep_reclaim,119253,119254,1,-0.0,-1.0
A_sweep_reclaim,119301,119302,1,-0.0,2.0
A_sweep_reclaim,119372,119373,1,-0.0,-1.0
A_sweep_reclaim,119414,119415,1,-0.0,2.0
A_sweep_reclaim,119602,119603,-1,0.0,-1.0
A_sweep_reclaim,119752,119753,-1,0.0,-1.0
A_sweep_reclaim,119780,119781,1,-0.0,2.0
A_sweep_reclaim,119895,119896,-1,0.0,-1.0
A_sweep_reclaim,119917,119918,1,-0.0,-1.0
A_sweep_reclaim,119972,119973,1,-0.0,-1.0
A_sweep_reclaim,120180,120181,1,-0.0,-0.022114353106718918
A_sweep_reclaim,120311,120312,1,-0.0,2.0
A_sweep_reclaim,120451,120452,-1,0.0,-1.0
A_sweep_reclaim,120506,120507,1,-0.0,2.0
A_sweep_reclaim,120660,120661,-1,0.0,-1.0
A_sweep_reclaim,120800,120801,1,-0.0,-1.0
A_sweep_reclaim,120872,120873,-1,0.0,-1.0
A_sweep_reclaim,120927,120928,-1,0.0,-1.0
A_sweep_reclaim,120966,120967,1,-0.0,-1.0
A_sweep_reclaim,121014,121015,1,-0.0,-1.0
A_sweep_reclaim,121142,121143,-1,0.0,-1.0
A_sweep_reclaim,121243,121244,1,-0.0,-1.0
A_sweep_reclaim,121265,121266,1,-0.0,-1.0
A_sweep_reclaim,121315,121316,1,-0.0,-1.0
A_sweep_reclaim,121323,121324,1,-0.0,-1.0
A_sweep_reclaim,121385,121386,1,-0.0,2.0
A_sweep_reclaim,121483,121484,-1,0.0,0.5934610313443112
A_sweep_reclaim,121596,121597,-1,0.0,-1.0
A_sweep_reclaim,121611,121612,-1,0.0,2.0
A_sweep_reclaim,121806,121807,-1,0.0,2.0
A_sweep_reclaim,122003,122004,-1,0.0,-1.0
A_sweep_reclaim,122095,122096,-1,0.0,-1.0
A_sweep_reclaim,122336,122337,1,-0.0,-1.0
A_sweep_reclaim,122416,122417,1,-0.0,-1.0
A_sweep_reclaim,122526,122527,-1,0.0,2.0
A_sweep_reclaim,122558,122559,1,-0.0,-1.0
A_sweep_reclaim,122602,122603,-1,0.0,-1.0
A_sweep_reclaim,122648,122649,-1,0.0,-1.0
A_sweep_reclaim,122708,122709,-1,0.0,-1.0
A_sweep_reclaim,122780,122781,1,-0.0,-1.0
A_sweep_reclaim,122890,122891,-1,0.0,-1.0
A_sweep_reclaim,123087,123088,1,-0.0,1.1370776089266352
A_sweep_reclaim,123212,123213,-1,0.0,-1.0
A_sweep_reclaim,123267,123268,1,-0.0,2.0
A_sweep_reclaim,123348,123349,-1,0.0,-1.0
A_sweep_reclaim,123524,123525,1,-0.0,-1.0
A_sweep_reclaim,123556,123557,1,-0.0,-1.0
A_sweep_reclaim,123692,123693,-1,0.0,-1.0
A_sweep_reclaim,123807,123808,-1,0.0,2.0
A_sweep_reclaim,123868,123869,1,-0.0,-1.0
A_sweep_reclaim,123911,123912,1,-0.0,-1.0
A_sweep_reclaim,124100,124101,1,-0.0,-1.0
A_sweep_reclaim,124135,124136,1,-0.0,-1.0
A_sweep_reclaim,124178,124179,-1,0.0,-1.0
A_sweep_reclaim,124226,124227,-1,0.0,-0.44581511078158176
A_sweep_reclaim,124347,124348,-1,0.0,2.0
A_sweep_reclaim,124494,124495,1,-0.0,0.396656561349902
A_sweep_reclaim,124592,124593,-1,0.0,2.0
A_sweep_reclaim,124804,124805,1,-0.0,2.0
A_sweep_reclaim,124848,124849,-1,0.0,-1.0
A_sweep_reclaim,125028,125029,1,-0.0,2.0
A_sweep_reclaim,125088,125089,1,-0.0,-1.0
A_sweep_reclaim,125118,125119,1,-0.0,0.5902945027509763
A_sweep_reclaim,125280,125281,1,-0.0,2.0
A_sweep_reclaim,125328,125329,1,-0.0,-0.6840654206588807
A_sweep_reclaim,125536,125537,-1,0.0,-1.0
A_sweep_reclaim,125606,125607,-1,0.0,-1.0
A_sweep_reclaim,125623,125624,-1,0.0,-0.16109980490713746
A_sweep_reclaim,126005,126006,-1,0.0,2.0
A_sweep_reclaim,126036,126037,1,-0.0,2.0
A_sweep_reclaim,126086,126087,1,-0.0,-1.0
A_sweep_reclaim,126094,126095,1,-0.0,-1.0
A_sweep_reclaim,126135,126136,1,-0.0,-1.0
A_sweep_reclaim,126385,126386,-1,0.0,-1.0
A_sweep_reclaim,126674,126675,1,-0.0,-1.0
A_sweep_reclaim,126736,126737,-1,0.0,-1.0
A_sweep_reclaim,126800,126801,-1,0.0,-1.0
A_sweep_reclaim,126890,126891,1,-0.0,-1.0
A_sweep_reclaim,126931,126932,1,-0.0,-1.0
A_sweep_reclaim,127026,127027,-1,0.0,-1.0
A_sweep_reclaim,127051,127052,-1,0.0,-1.0
A_sweep_reclaim,127072,127073,1,-0.0,-1.0
A_sweep_reclaim,127117,127118,-1,0.0,2.0
A_sweep_reclaim,127239,127240,1,-0.0,-1.0
A_sweep_reclaim,127324,127325,1,-0.0,-1.0
A_sweep_reclaim,127401,127402,-1,0.0,2.0
A_sweep_reclaim,127481,127482,-1,0.0,2.0
A_sweep_reclaim,127640,127641,-1,0.0,2.0
A_sweep_reclaim,127784,127785,1,-0.0,1.0137320162856795
A_sweep_reclaim,128099,128100,1,-0.0,-1.0
A_sweep_reclaim,128151,128152,-1,0.0,1.250412533749857
A_sweep_reclaim,128315,128316,-1,0.0,2.0
A_sweep_reclaim,128439,128440,-1,0.0,2.0
A_sweep_reclaim,128559,128560,-1,0.0,-1.0
A_sweep_reclaim,128585,128586,-1,0.0,-1.0
A_sweep_reclaim,128608,128609,-1,0.0,2.0
A_sweep_reclaim,128749,128750,-1,0.0,-1.0
A_sweep_reclaim,128869,128870,1,-0.0,-1.0
A_sweep_reclaim,128904,128905,1,-0.0,-1.0
A_sweep_reclaim,128983,128984,1,-0.0,0.6169782603757185
A_sweep_reclaim,129102,129103,1,-0.0,-1.0
A_sweep_reclaim,129139,129140,-1,0.0,-1.0
A_sweep_reclaim,129166,129167,-1,0.0,-1.0
A_sweep_reclaim,129287,129288,-1,0.0,-1.0
A_sweep_reclaim,129347,129348,1,-0.0,-1.0
A_sweep_reclaim,129395,129396,-1,0.0,-1.0
A_sweep_reclaim,129573,129574,-1,0.0,2.0
A_sweep_reclaim,129700,129701,1,-0.0,2.0
A_sweep_reclaim,129784,129785,-1,0.0,-1.0
A_sweep_reclaim,129964,129965,1,-0.0,2.0
A_sweep_reclaim,130060,130061,-1,0.0,-1.0
A_sweep_reclaim,130102,130103,-1,0.0,-1.0
A_sweep_reclaim,130155,130156,1,-0.0,-1.0
A_sweep_reclaim,130235,130236,-1,0.0,-1.0
A_sweep_reclaim,130283,130284,-1,0.0,-1.0
A_sweep_reclaim,130405,130406,1,-0.0,2.0
A_sweep_reclaim,130511,130512,-1,0.0,-1.0
A_sweep_reclaim,130720,130721,-1,0.0,2.0
A_sweep_reclaim,130754,130755,1,-0.0,-1.0
A_sweep_reclaim,130829,130830,-1,0.0,-1.0
A_sweep_reclaim,130842,130843,-1,0.0,-1.0
A_sweep_reclaim,130965,130966,1,-0.0,-1.0
A_sweep_reclaim,131100,131101,1,-0.0,-1.0
A_sweep_reclaim,131147,131148,1,-0.0,2.0
A_sweep_reclaim,131335,131336,-1,0.0,-1.0
A_sweep_reclaim,131399,131400,-1,0.0,2.0
A_sweep_reclaim,131426,131427,1,-0.0,2.0
A_sweep_reclaim,131452,131453,-1,0.0,-1.0
A_sweep_reclaim,131528,131529,-1,0.0,-1.0
A_sweep_reclaim,131608,131609,-1,0.0,2.0
A_sweep_reclaim,131679,131680,-1,0.0,-1.0
A_sweep_reclaim,131810,131811,-1,0.0,-1.0
A_sweep_reclaim,131978,131979,1,-0.0,-1.0
A_sweep_reclaim,131998,131999,1,-0.0,2.0
A_sweep_reclaim,132142,132143,-1,0.0,-1.0
A_sweep_reclaim,132278,132279,1,-0.0,-1.0
A_sweep_reclaim,132372,132373,1,-0.0,2.0
A_sweep_reclaim,132540,132541,-1,0.0,2.0
A_sweep_reclaim,132943,132944,-1,0.0,2.0
A_sweep_reclaim,133183,133184,1,-0.0,0.5937832378111088
A_sweep_reclaim,133470,133471,-1,0.0,2.0
A_sweep_reclaim,133545,133546,1,-0.0,-1.0
A_sweep_reclaim,133635,133636,-1,0.0,-1.0
A_sweep_reclaim,133710,133711,-1,0.0,2.0
A_sweep_reclaim,133824,133825,1,-0.0,-1.0
A_sweep_reclaim,133898,133899,1,-0.0,-1.0
A_sweep_reclaim,133943,133944,1,-0.0,-1.0
A_sweep_reclaim,133972,133973,1,-0.0,-1.0
A_sweep_reclaim,134185,134186,1,-0.0,-1.0
A_sweep_reclaim,134284,134285,-1,0.0,2.0
A_sweep_reclaim,134369,134370,1,-0.0,-1.0
A_sweep_reclaim,134454,134455,1,-0.0,2.0
A_sweep_reclaim,134505,134506,1,-0.0,2.0
A_sweep_reclaim,134560,134561,-1,0.0,-1.0
A_sweep_reclaim,134616,134617,-1,0.0,-1.0
A_sweep_reclaim,134716,134717,-1,0.0,-1.0
A_sweep_reclaim,134826,134827,1,-0.0,-1.0
A_sweep_reclaim,134998,134999,1,-0.0,2.0
A_sweep_reclaim,135081,135082,-1,0.0,-1.0
A_sweep_reclaim,135173,135174,1,-0.0,-1.0
A_sweep_reclaim,135370,135371,1,-0.0,-1.0
A_sweep_reclaim,135480,135481,1,-0.0,0.8787112076897389
A_sweep_reclaim,135723,135724,1,-0.0,-1.0
A_sweep_reclaim,135954,135955,1,-0.0,-1.0
A_sweep_reclaim,136039,136040,-1,0.0,-1.0
A_sweep_reclaim,136198,136199,1,-0.0,2.0
A_sweep_reclaim,136215,136216,1,-0.0,2.0
A_sweep_reclaim,136262,136263,-1,0.0,-1.0
A_sweep_reclaim,136369,136370,1,-0.0,-1.0
A_sweep_reclaim,136398,136399,1,-0.0,-1.0
A_sweep_reclaim,136629,136630,-1,0.0,-1.0
A_sweep_reclaim,136800,136801,1,-0.0,0.1253216522020601
A_sweep_reclaim,137097,137098,1,-0.0,-1.0
A_sweep_reclaim,137391,137392,1,-0.0,-1.0
A_sweep_reclaim,137423,137424,-1,0.0,-1.0
A_sweep_reclaim,137472,137473,1,-0.0,-1.0
A_sweep_reclaim,137568,137569,1,-0.0,-1.0
A_sweep_reclaim,137704,137705,1,-0.0,-1.0
A_sweep_reclaim,137725,137726,-1,0.0,-1.0
A_sweep_reclaim,137764,137765,-1,0.0,2.0
A_sweep_reclaim,137809,137810,1,-0.0,-1.0
A_sweep_reclaim,137888,137889,1,-0.0,2.0
A_sweep_reclaim,138012,138013,-1,0.0,-1.0
A_sweep_reclaim,138106,138107,-1,0.0,-1.0
A_sweep_reclaim,138130,138131,-1,0.0,-1.0
A_sweep_reclaim,138218,138219,1,-0.0,2.0
A_sweep_reclaim,138236,138237,-1,0.0,-1.0
A_sweep_reclaim,138407,138408,-1,0.0,-1.0
A_sweep_reclaim,138426,138427,-1,0.0,-1.0
A_sweep_reclaim,138571,138572,1,-0.0,2.0
A_sweep_reclaim,138607,138608,1,-0.0,1.7964937878749727
A_sweep_reclaim,138802,138803,1,-0.0,-1.0
A_sweep_reclaim,138857,138858,1,-0.0,1.2822779423351995
A_sweep_reclaim,138961,138962,1,-0.0,-1.0
A_sweep_reclaim,138977,138978,1,-0.0,-1.0
A_sweep_reclaim,139088,139089,-1,0.0,-1.0
A_sweep_reclaim,139203,139204,1,-0.0,-1.0
A_sweep_reclaim,139229,139230,1,-0.0,0.6416585129001313
A_sweep_reclaim,139340,139341,-1,0.0,2.0
A_sweep_reclaim,139376,139377,-1,0.0,2.0
A_sweep_reclaim,139441,139442,-1,0.0,2.0
A_sweep_reclaim,139672,139673,-1,0.0,-1.0
A_sweep_reclaim,139702,139703,-1,0.0,0.7568237855052485
A_sweep_reclaim,139884,139885,1,-0.0,-1.0
A_sweep_reclaim,139969,139970,1,-0.0,-1.0
A_sweep_reclaim,140155,140156,1,-0.0,2.0
A_sweep_reclaim,140388,140389,1,-0.0,-1.0
A_sweep_reclaim,140459,140460,1,-0.0,-1.0
A_sweep_reclaim,140474,140475,1,-0.0,-1.0
A_sweep_reclaim,140499,140500,1,-0.0,-1.0
A_sweep_reclaim,140683,140684,1,-0.0,-1.0
A_sweep_reclaim,140755,140756,-1,0.0,-1.0
A_sweep_reclaim,140789,140790,1,-0.0,-1.0
A_sweep_reclaim,140987,140988,-1,0.0,-1.0
A_sweep_reclaim,141025,141026,1,-0.0,2.0
A_sweep_reclaim,141056,141057,-1,0.0,-1.0
A_sweep_reclaim,141127,141128,-1,0.0,-1.0
A_sweep_reclaim,141200,141201,-1,0.0,-1.0
A_sweep_reclaim,141328,141329,1,-0.0,-1.0
A_sweep_reclaim,141470,141471,1,-0.0,1.2952472351283866
A_sweep_reclaim,141597,141598,1,-0.0,0.9710580020576791
A_sweep_reclaim,141954,141955,1,-0.0,-1.0
A_sweep_reclaim,141969,141970,1,-0.0,-1.0
A_sweep_reclaim,141981,141982,1,-0.0,2.0
A_sweep_reclaim,142042,142043,1,-0.0,-1.0
A_sweep_reclaim,142135,142136,-1,0.0,2.0
A_sweep_reclaim,142254,142255,-1,0.0,-1.0
A_sweep_reclaim,142338,142339,-1,0.0,-1.0
A_sweep_reclaim,142614,142615,1,-0.0,2.0
A_sweep_reclaim,142692,142693,-1,0.0,-1.0
A_sweep_reclaim,142808,142809,-1,0.0,1.0223583208503766
A_sweep_reclaim,143045,143046,-1,0.0,-1.0
A_sweep_reclaim,143085,143086,1,-0.0,-1.0
A_sweep_reclaim,143094,143095,1,-0.0,1.555426077754019
A_sweep_reclaim,143271,143272,-1,0.0,-1.0
A_sweep_reclaim,143422,143423,-1,0.0,-1.0
A_sweep_reclaim,143537,143538,-1,0.0,-1.0
A_sweep_reclaim,143713,143714,1,-0.0,-1.0
A_sweep_reclaim,143755,143756,1,-0.0,2.0
A_sweep_reclaim,143771,143772,-1,0.0,-1.0
A_sweep_reclaim,143825,143826,1,-0.0,2.0
A_sweep_reclaim,144077,144078,-1,0.0,-1.0
A_sweep_reclaim,144309,144310,1,-0.0,-1.0
A_sweep_reclaim,144448,144449,1,-0.0,-1.0
A_sweep_reclaim,144588,144589,1,-0.0,2.0
A_sweep_reclaim,144679,144680,1,-0.0,-1.0
A_sweep_reclaim,144741,144742,1,-0.0,0.14246392677953532
A_sweep_reclaim,144956,144957,1,-0.0,2.0
A_sweep_reclaim,145129,145130,-1,0.0,-1.0
A_sweep_reclaim,145223,145224,1,-0.0,-0.29702499574094066
A_sweep_reclaim,145361,145362,-1,0.0,-1.0
A_sweep_reclaim,145475,145476,1,-0.0,2.0
A_sweep_reclaim,145715,145716,1,-0.0,-1.0
A_sweep_reclaim,145856,145857,-1,0.0,-1.0
A_sweep_reclaim,145988,145989,1,-0.0,-1.0
A_sweep_reclaim,146134,146135,-1,0.0,2.0
A_sweep_reclaim,146278,146279,1,-0.0,-1.0
A_sweep_reclaim,146417,146418,1,-0.0,-1.0
A_sweep_reclaim,146468,146469,1,-0.0,-1.0
A_sweep_reclaim,146492,146493,1,-0.0,0.655938652050835
A_sweep_reclaim,146631,146632,1,-0.0,-1.0
A_sweep_reclaim,146724,146725,1,-0.0,-1.0
A_sweep_reclaim,146743,146744,1,-0.0,1.183592627454518
A_sweep_reclaim,146928,146929,1,-0.0,2.0
A_sweep_reclaim,147141,147142,1,-0.0,-1.0
A_sweep_reclaim,147194,147195,-1,0.0,-1.0
A_sweep_reclaim,147215,147216,1,-0.0,-1.0
A_sweep_reclaim,147365,147366,1,-0.0,-1.0
A_sweep_reclaim,147508,147509,1,-0.0,2.0
A_sweep_reclaim,147531,147532,-1,0.0,-1.0
A_sweep_reclaim,147575,147576,1,-0.0,-0.5657768797192404
A_sweep_reclaim,147763,147764,1,-0.0,0.4754038981012764
A_sweep_reclaim,147874,147875,-1,0.0,-1.0
A_sweep_reclaim,147934,147935,-1,0.0,-1.0
A_sweep_reclaim,147946,147947,-1,0.0,2.0
A_sweep_reclaim,148049,148050,1,-0.0,2.0
A_sweep_reclaim,148101,148102,-1,0.0,2.0
A_sweep_reclaim,148147,148148,-1,0.0,-1.0
A_sweep_reclaim,148288,148289,-1,0.0,-1.0
A_sweep_reclaim,148529,148530,1,-0.0,-1.0
A_sweep_reclaim,149090,149091,1,-0.0,-1.0
A_sweep_reclaim,149116,149117,-1,0.0,-1.0
A_sweep_reclaim,149242,149243,-1,0.0,2.0
A_sweep_reclaim,149344,149345,-1,0.0,2.0
A_sweep_reclaim,149413,149414,1,-0.0,0.1221823300337464
A_sweep_reclaim,149817,149818,-1,0.0,-1.0
A_sweep_reclaim,150034,150035,1,-0.0,-1.0
A_sweep_reclaim,150140,150141,-1,0.0,-1.0
A_sweep_reclaim,150236,150237,-1,0.0,-1.0
A_sweep_reclaim,150284,150285,-1,0.0,-1.0
A_sweep_reclaim,150704,150705,-1,0.0,-1.0
A_sweep_reclaim,150850,150851,1,-0.0,-1.0
A_sweep_reclaim,150966,150967,-1,0.0,-1.0
A_sweep_reclaim,151045,151046,1,-0.0,-1.0
A_sweep_reclaim,151138,151139,1,-0.0,-1.0
A_sweep_reclaim,151225,151226,1,-0.0,-1.0
A_sweep_reclaim,151294,151295,1,-0.0,-1.0
A_sweep_reclaim,151316,151317,1,-0.0,-1.0
A_sweep_reclaim,151329,151330,1,-0.0,2.0
A_sweep_reclaim,151421,151422,-1,0.0,0.3855163891870473
A_sweep_reclaim,151670,151671,-1,0.0,2.0
A_sweep_reclaim,151909,151910,1,-0.0,-1.0
A_sweep_reclaim,151982,151983,1,-0.0,-1.0
A_sweep_reclaim,152061,152062,1,-0.0,1.270059885806604
A_sweep_reclaim,152172,152173,-1,0.0,-1.0
A_sweep_reclaim,152218,152219,1,-0.0,-1.0
A_sweep_reclaim,152447,152448,1,-0.0,-1.0
A_sweep_reclaim,152525,152526,1,-0.0,2.0
A_sweep_reclaim,152673,152674,1,-0.0,-1.0
A_sweep_reclaim,152694,152695,1,-0.0,2.0
A_sweep_reclaim,152800,152801,-1,0.0,-1.0
A_sweep_reclaim,153128,153129,1,-0.0,2.0
A_sweep_reclaim,153184,153185,1,-0.0,2.0
A_sweep_reclaim,153234,153235,-1,0.0,-1.0
A_sweep_reclaim,153275,153276,-1,0.0,-1.0
A_sweep_reclaim,153455,153456,-1,0.0,0.3344370805241997
A_sweep_reclaim,153566,153567,-1,0.0,2.0
A_sweep_reclaim,153629,153630,1,-0.0,-1.0
A_sweep_reclaim,153744,153745,1,-0.0,-1.0
A_sweep_reclaim,153751,153752,1,-0.0,2.0
A_sweep_reclaim,153878,153879,-1,0.0,-1.0
A_sweep_reclaim,153945,153946,-1,0.0,-1.0
A_sweep_reclaim,154078,154079,1,-0.0,-1.0
A_sweep_reclaim,154138,154139,1,-0.0,2.0
A_sweep_reclaim,154216,154217,1,-0.0,-1.0
A_sweep_reclaim,154323,154324,-1,0.0,-1.0
A_sweep_reclaim,154456,154457,1,-0.0,-1.0
A_sweep_reclaim,154524,154525,-1,0.0,-1.0
A_sweep_reclaim,154775,154776,1,-0.0,-1.0
A_sweep_reclaim,154796,154797,1,-0.0,-1.0
A_sweep_reclaim,154934,154935,1,-0.0,-1.0
A_sweep_reclaim,155018,155019,1,-0.0,-1.0
A_sweep_reclaim,155061,155062,-1,0.0,-1.0
A_sweep_reclaim,155089,155090,1,-0.0,-1.0
A_sweep_reclaim,155356,155357,1,-0.0,0.31879803202668555
A_sweep_reclaim,155560,155561,1,-0.0,-1.0
A_sweep_reclaim,155786,155787,1,-0.0,-1.0
A_sweep_reclaim,155898,155899,1,-0.0,1.4780556395435405
A_sweep_reclaim,156137,156138,-1,0.0,-1.0
A_sweep_reclaim,156203,156204,-1,0.0,-1.0
A_sweep_reclaim,156247,156248,-1,0.0,2.0
A_sweep_reclaim,156363,156364,1,-0.0,-1.0
A_sweep_reclaim,156507,156508,1,-0.0,-1.0
A_sweep_reclaim,156683,156684,1,-0.0,2.0
A_sweep_reclaim,156747,156748,1,-0.0,2.0
A_sweep_reclaim,156779,156780,-1,0.0,2.0
A_sweep_reclaim,156864,156865,1,-0.0,-1.0
A_sweep_reclaim,156909,156910,1,-0.0,0.08196476609692153
A_sweep_reclaim,157088,157089,-1,0.0,-1.0
A_sweep_reclaim,157154,157155,1,-0.0,2.0
A_sweep_reclaim,157226,157227,-1,0.0,-1.0
A_sweep_reclaim,157332,157333,1,-0.0,2.0
A_sweep_reclaim,157427,157428,1,-0.0,-1.0
A_sweep_reclaim,157471,157472,1,-0.0,-1.0
A_sweep_reclaim,157631,157632,1,-0.0,-0.22879542039837825
A_sweep_reclaim,157781,157782,1,-0.0,-1.0
A_sweep_reclaim,157968,157969,-1,0.0,2.0
A_sweep_reclaim,158099,158100,1,-0.0,-1.0
A_sweep_reclaim,158178,158179,-1,0.0,-1.0
A_sweep_reclaim,158195,158196,-1,0.0,2.0
A_sweep_reclaim,158263,158264,1,-0.0,-1.0
A_sweep_reclaim,158280,158281,1,-0.0,2.0
A_sweep_reclaim,158432,158433,1,-0.0,-1.0
A_sweep_reclaim,158577,158578,1,-0.0,-1.0
A_sweep_reclaim,158689,158690,1,-0.0,-1.0
A_sweep_reclaim,158893,158894,1,-0.0,-1.0
A_sweep_reclaim,159089,159090,1,-0.0,-1.0
A_sweep_reclaim,159093,159094,1,-0.0,2.0
A_sweep_reclaim,159332,159333,-1,0.0,2.0
A_sweep_reclaim,159426,159427,1,-0.0,-1.0
A_sweep_reclaim,159516,159517,-1,0.0,-1.0
A_sweep_reclaim,159604,159605,-1,0.0,-1.0
A_sweep_reclaim,159706,159707,1,-0.0,-1.0
A_sweep_reclaim,159813,159814,1,-0.0,-1.0
A_sweep_reclaim,159871,159872,1,-0.0,2.0
A_sweep_reclaim,160053,160054,-1,0.0,2.0
A_sweep_reclaim,160288,160289,1,-0.0,-1.0
A_sweep_reclaim,160303,160304,1,-0.0,-1.0
A_sweep_reclaim,160436,160437,1,-0.0,0.31164807088596985
A_sweep_reclaim,160554,160555,1,-0.0,-1.0
A_sweep_reclaim,160574,160575,1,-0.0,-1.0
A_sweep_reclaim,160835,160836,1,-0.0,-1.0
A_sweep_reclaim,160852,160853,1,-0.0,-1.0
A_sweep_reclaim,160977,160978,1,-0.0,2.0
A_sweep_reclaim,161207,161208,1,-0.0,-1.0
A_sweep_reclaim,161370,161371,1,-0.0,-1.0
A_sweep_reclaim,161410,161411,1,-0.0,-1.0
A_sweep_reclaim,161506,161507,-1,0.0,-1.0
A_sweep_reclaim,161638,161639,1,-0.0,-1.0
A_sweep_reclaim,161722,161723,-1,0.0,2.0
A_sweep_reclaim,161912,161913,-1,0.0,-1.0
A_sweep_reclaim,161952,161953,1,-0.0,-1.0
A_sweep_reclaim,162046,162047,-1,0.0,-1.0
A_sweep_reclaim,162146,162147,-1,0.0,-1.0
A_sweep_reclaim,162249,162250,-1,0.0,-1.0
A_sweep_reclaim,162299,162300,1,-0.0,0.29245743326825485
A_sweep_reclaim,162479,162480,1,-0.0,2.0
A_sweep_reclaim,162687,162688,-1,0.0,-1.0
A_sweep_reclaim,162802,162803,1,-0.0,-1.0
A_sweep_reclaim,162837,162838,1,-0.0,2.0
A_sweep_reclaim,162957,162958,-1,0.0,2.0
A_sweep_reclaim,163108,163109,1,-0.0,-1.0
A_sweep_reclaim,163273,163274,-1,0.0,-1.0
A_sweep_reclaim,163677,163678,-1,0.0,2.0
A_sweep_reclaim,163685,163686,1,-0.0,-1.0
A_sweep_reclaim,163874,163875,1,-0.0,-1.0
A_sweep_reclaim,163982,163983,1,-0.0,-0.2984764869581587
A_sweep_reclaim,164147,164148,1,-0.0,-0.3471407344762275
A_sweep_reclaim,164287,164288,-1,0.0,-0.2754758072910223
A_sweep_reclaim,164457,164458,-1,0.0,-1.0
A_sweep_reclaim,164534,164535,1,-0.0,-1.0
A_sweep_reclaim,164574,164575,1,-0.0,-1.0
A_sweep_reclaim,164701,164702,1,-0.0,-1.0
A_sweep_reclaim,164778,164779,1,-0.0,-1.0
A_sweep_reclaim,164843,164844,1,-0.0,0.1290048386217212
A_sweep_reclaim,165114,165115,-1,0.0,-1.0
A_sweep_reclaim,165226,165227,1,-0.0,2.0
A_sweep_reclaim,165248,165249,-1,0.0,0.7252495499918726
A_sweep_reclaim,165583,165584,-1,0.0,2.0
A_sweep_reclaim,165856,165857,1,-0.0,-1.0
A_sweep_reclaim,165953,165954,-1,0.0,2.0
A_sweep_reclaim,166011,166012,1,-0.0,-1.0
A_sweep_reclaim,166114,166115,1,-0.0,-1.0
A_sweep_reclaim,166227,166228,-1,0.0,-1.0
A_sweep_reclaim,166508,166509,-1,0.0,-1.0
A_sweep_reclaim,166518,166519,-1,0.0,-1.0
A_sweep_reclaim,166684,166685,-1,0.0,2.0
A_sweep_reclaim,166990,166991,1,-0.0,-1.0
A_sweep_reclaim,167054,167055,1,-0.0,-1.0
A_sweep_reclaim,167177,167178,-1,0.0,2.0
A_sweep_reclaim,167260,167261,1,-0.0,-1.0
A_sweep_reclaim,167288,167289,1,-0.0,2.0
A_sweep_reclaim,167340,167341,-1,0.0,2.0
A_sweep_reclaim,167490,167491,1,-0.0,-1.0
A_sweep_reclaim,167515,167516,1,-0.0,-1.0
A_sweep_reclaim,167633,167634,-1,0.0,2.0
A_sweep_reclaim,167917,167918,1,-0.0,-1.0
A_sweep_reclaim,167946,167947,1,-0.0,0.7196280258394279
A_sweep_reclaim,168095,168096,-1,0.0,-1.0
A_sweep_reclaim,168181,168182,1,-0.0,2.0
A_sweep_reclaim,168364,168365,-1,0.0,1.1734729296456357
A_sweep_reclaim,168494,168495,1,-0.0,2.0
A_sweep_reclaim,168559,168560,-1,0.0,-1.0
A_sweep_reclaim,168963,168964,-1,0.0,-1.0
A_sweep_reclaim,168985,168986,-1,0.0,2.0
A_sweep_reclaim,169010,169011,1,-0.0,-1.0
A_sweep_reclaim,169023,169024,1,-0.0,-1.0
A_sweep_reclaim,169094,169095,1,-0.0,-1.0
A_sweep_reclaim,169636,169637,1,-0.0,2.0
A_sweep_reclaim,169750,169751,-1,0.0,-1.0
A_sweep_reclaim,169819,169820,-1,0.0,2.0
A_sweep_reclaim,170031,170032,1,-0.0,-1.0
A_sweep_reclaim,170040,170041,1,-0.0,-1.0
A_sweep_reclaim,170052,170053,1,-0.0,-1.0
A_sweep_reclaim,170076,170077,1,-0.0,0.7792133679302171
A_sweep_reclaim,170239,170240,-1,0.0,2.0
A_sweep_reclaim,170372,170373,1,-0.0,0.3660008338148362
A_sweep_reclaim,170599,170600,1,-0.0,-1.0
A_sweep_reclaim,170706,170707,-1,0.0,2.0
A_sweep_reclaim,170996,170997,-1,0.0,-1.0
A_sweep_reclaim,171011,171012,1,-0.0,0.4493631455893714
A_sweep_reclaim,171205,171206,-1,0.0,0.3661426858844353
A_sweep_reclaim,171507,171508,-1,0.0,-1.0
A_sweep_reclaim,171570,171571,-1,0.0,-1.0
A_sweep_reclaim,171724,171725,1,-0.0,2.0
A_sweep_reclaim,171784,171785,1,-0.0,2.0
A_sweep_reclaim,171868,171869,1,-0.0,2.0
A_sweep_reclaim,171931,171932,-1,0.0,2.0
A_sweep_reclaim,172015,172016,-1,0.0,-1.0
A_sweep_reclaim,172094,172095,1,-0.0,2.0
A_sweep_reclaim,172187,172188,1,-0.0,-1.0
A_sweep_reclaim,172674,172675,1,-0.0,-1.0
A_sweep_reclaim,172783,172784,1,-0.0,-1.0
A_sweep_reclaim,172865,172866,-1,0.0,2.0
A_sweep_reclaim,172932,172933,1,-0.0,-1.0
A_sweep_reclaim,172953,172954,1,-0.0,2.0
A_sweep_reclaim,173121,173122,-1,0.0,2.0
A_sweep_reclaim,173226,173227,-1,0.0,-1.0
A_sweep_reclaim,173332,173333,1,-0.0,-1.0
A_sweep_reclaim,173356,173357,-1,0.0,-1.0
A_sweep_reclaim,173383,173384,-1,0.0,-1.0
A_sweep_reclaim,173408,173409,1,-0.0,-1.0
A_sweep_reclaim,173571,173572,-1,0.0,2.0
A_sweep_reclaim,173595,173596,1,-0.0,-1.0
A_sweep_reclaim,173817,173818,-1,0.0,2.0
A_sweep_reclaim,173908,173909,1,-0.0,2.0
A_sweep_reclaim,174097,174098,-1,0.0,-1.0
A_sweep_reclaim,174274,174275,1,-0.0,2.0
A_sweep_reclaim,174331,174332,-1,0.0,-0.1584802591581129
A_sweep_reclaim,174444,174445,-1,0.0,-1.0
A_sweep_reclaim,174485,174486,1,-0.0,-1.0
A_sweep_reclaim,174549,174550,-1,0.0,2.0
A_sweep_reclaim,174644,174645,1,-0.0,-1.0
A_sweep_reclaim,174834,174835,-1,0.0,-1.0
A_sweep_reclaim,174900,174901,-1,0.0,2.0
A_sweep_reclaim,174950,174951,1,-0.0,2.0
A_sweep_reclaim,175031,175032,1,-0.0,1.1146039318017134
A_sweep_reclaim,175130,175131,-1,0.0,0.19884673427101868
A_sweep_reclaim,175233,175234,-1,0.0,-1.0
A_sweep_reclaim,175286,175287,1,-0.0,2.0
A_sweep_reclaim,175373,175374,1,-0.0,2.0
A_sweep_reclaim,175515,175516,1,-0.0,2.0
A_sweep_reclaim,175630,175631,-1,0.0,2.0
A_sweep_reclaim,175651,175652,1,-0.0,2.0
A_sweep_reclaim,175836,175837,1,-0.0,-1.0
A_sweep_reclaim,175869,175870,1,-0.0,0.944099403626033
A_sweep_reclaim,176052,176053,1,-0.0,2.0
A_sweep_reclaim,176142,176143,-1,0.0,2.0
A_sweep_reclaim,176255,176256,-1,0.0,0.19478430997792645
A_sweep_reclaim,176377,176378,-1,0.0,-1.0
A_sweep_reclaim,176436,176437,-1,0.0,-1.0
A_sweep_reclaim,176503,176504,-1,0.0,2.0
A_sweep_reclaim,176538,176539,-1,0.0,-1.0
A_sweep_reclaim,176566,176567,1,-0.0,0.8886791753754951
A_sweep_reclaim,176664,176665,1,-0.0,0.8580449130565633
A_sweep_reclaim,176792,176793,1,-0.0,0.26133880540939874
A_sweep_reclaim,176956,176957,1,-0.0,-1.0
A_sweep_reclaim,177077,177078,-1,0.0,-1.0
A_sweep_reclaim,177208,177209,1,-0.0,-1.0
A_sweep_reclaim,177286,177287,1,-0.0,-1.0
A_sweep_reclaim,177399,177400,1,-0.0,-1.0
A_sweep_reclaim,177638,177639,1,-0.0,-1.0
A_sweep_reclaim,177733,177734,-1,0.0,-1.0
A_sweep_reclaim,177847,177848,1,-0.0,-1.0
A_sweep_reclaim,177920,177921,1,-0.0,-1.0
A_sweep_reclaim,178005,178006,-1,0.0,2.0
A_sweep_reclaim,178091,178092,1,-0.0,-1.0
A_sweep_reclaim,178132,178133,1,-0.0,-1.0
A_sweep_reclaim,178143,178144,1,-0.0,-1.0
A_sweep_reclaim,178259,178260,1,-0.0,-1.0
A_sweep_reclaim,178484,178485,1,-0.0,-1.0
A_sweep_reclaim,178521,178522,-1,0.0,-1.0
A_sweep_reclaim,178596,178597,1,-0.0,0.5423159844308295
A_sweep_reclaim,178791,178792,1,-0.0,-1.0
A_sweep_reclaim,178843,178844,1,-0.0,2.0
A_sweep_reclaim,178901,178902,-1,0.0,2.0
A_sweep_reclaim,179000,179001,1,-0.0,2.0
A_sweep_reclaim,179124,179125,-1,0.0,2.0
A_sweep_reclaim,179206,179207,1,-0.0,2.0
A_sweep_reclaim,179310,179311,-1,0.0,-1.0
A_sweep_reclaim,179515,179516,-1,0.0,-1.0
A_sweep_reclaim,179800,179801,1,-0.0,2.0
A_sweep_reclaim,179842,179843,-1,0.0,-1.0
A_sweep_reclaim,179928,179929,1,-0.0,2.0
A_sweep_reclaim,179976,179977,-1,0.0,-1.0
A_sweep_reclaim,180005,180006,-1,0.0,2.0
A_sweep_reclaim,180161,180162,1,-0.0,-1.0
A_sweep_reclaim,180173,180174,1,-0.0,0.8113552768729962
A_sweep_reclaim,180271,180272,1,-0.0,-1.0
A_sweep_reclaim,180330,180331,-1,0.0,2.0
A_sweep_reclaim,180398,180399,1,-0.0,-1.0
A_sweep_reclaim,180412,180413,1,-0.0,-0.39597649636486326
A_sweep_reclaim,180544,180545,-1,0.0,2.0
A_sweep_reclaim,180555,180556,1,-0.0,2.0
A_sweep_reclaim,180632,180633,1,-0.0,-1.0
A_sweep_reclaim,180675,180676,1,-0.0,-1.0
A_sweep_reclaim,180721,180722,1,-0.0,-1.0
A_sweep_reclaim,180823,180824,1,-0.0,2.0
A_sweep_reclaim,180960,180961,1,-0.0,-1.0
A_sweep_reclaim,181013,181014,-1,0.0,2.0
A_sweep_reclaim,181128,181129,-1,0.0,-1.0
A_sweep_reclaim,181139,181140,-1,0.0,-1.0
A_sweep_reclaim,181181,181182,-1,0.0,2.0
A_sweep_reclaim,181268,181269,1,-0.0,2.0
A_sweep_reclaim,181337,181338,-1,0.0,-1.0
A_sweep_reclaim,181418,181419,-1,0.0,-1.0
A_sweep_reclaim,181524,181525,1,-0.0,2.0
A_sweep_reclaim,181784,181785,1,-0.0,-1.0
A_sweep_reclaim,181878,181879,1,-0.0,2.0
A_sweep_reclaim,181977,181978,1,-0.0,-1.0
A_sweep_reclaim,182026,182027,1,-0.0,1.4525239845782647
A_sweep_reclaim,182144,182145,-1,0.0,-1.0
A_sweep_reclaim,182229,182230,1,-0.0,-1.0
A_sweep_reclaim,182308,182309,-1,0.0,-1.0
A_sweep_reclaim,182338,182339,-1,0.0,2.0
A_sweep_reclaim,182357,182358,1,-0.0,-1.0
A_sweep_reclaim,182540,182541,-1,0.0,0.5468884558919308
A_sweep_reclaim,182688,182689,1,-0.0,0.38129183542952166
A_sweep_reclaim,182840,182841,1,-0.0,2.0
A_sweep_reclaim,182967,182968,1,-0.0,-1.0
A_sweep_reclaim,182995,182996,-1,0.0,-1.0
A_sweep_reclaim,183057,183058,-1,0.0,-1.0
A_sweep_reclaim,183179,183180,-1,0.0,-1.0
A_sweep_reclaim,183332,183333,1,-0.0,-1.0
A_sweep_reclaim,183421,183422,1,-0.0,-1.0
A_sweep_reclaim,183503,183504,1,-0.0,-1.0
A_sweep_reclaim,183609,183610,1,-0.0,-1.0
A_sweep_reclaim,183643,183644,1,-0.0,-1.0
A_sweep_reclaim,183683,183684,1,-0.0,-1.0
A_sweep_reclaim,183895,183896,1,-0.0,-1.0
A_sweep_reclaim,183957,183958,1,-0.0,-1.0
A_sweep_reclaim,184006,184007,1,-0.0,-1.0
A_sweep_reclaim,184014,184015,1,-0.0,2.0
A_sweep_reclaim,184195,184196,-1,0.0,-1.0
A_sweep_reclaim,184264,184265,-1,0.0,2.0
A_sweep_reclaim,184309,184310,1,-0.0,-1.0
A_sweep_reclaim,184330,184331,1,-0.0,-1.0
A_sweep_reclaim,184355,184356,1,-0.0,-1.0
A_sweep_reclaim,184375,184376,-1,0.0,-1.0
A_sweep_reclaim,184563,184564,-1,0.0,-1.0
A_sweep_reclaim,184634,184635,1,-0.0,-1.0
A_sweep_reclaim,184657,184658,1,-0.0,2.0
A_sweep_reclaim,184835,184836,1,-0.0,2.0
A_sweep_reclaim,184951,184952,-1,0.0,-1.0
A_sweep_reclaim,185018,185019,-1,0.0,0.30906903185363704
A_sweep_reclaim,185116,185117,-1,0.0,-1.0
A_sweep_reclaim,185232,185233,1,-0.0,-1.0
A_sweep_reclaim,185258,185259,1,-0.0,-1.0
A_sweep_reclaim,185339,185340,-1,0.0,0.7983224108495833
A_sweep_reclaim,185453,185454,1,-0.0,2.0
A_sweep_reclaim,185684,185685,1,-0.0,-1.0
A_sweep_reclaim,185744,185745,1,-0.0,-1.0
A_sweep_reclaim,185844,185845,1,-0.0,-1.0
A_sweep_reclaim,185883,185884,-1,0.0,-1.0
A_sweep_reclaim,185940,185941,-1,0.0,-1.0
A_sweep_reclaim,186078,186079,1,-0.0,-1.0
A_sweep_reclaim,186102,186103,-1,0.0,-1.0
A_sweep_reclaim,186192,186193,1,-0.0,-1.0
A_sweep_reclaim,186274,186275,-1,0.0,2.0
A_sweep_reclaim,186298,186299,1,-0.0,0.764919183054808
A_sweep_reclaim,186640,186641,-1,0.0,-1.0
A_sweep_reclaim,186717,186718,1,-0.0,2.0
A_sweep_reclaim,186832,186833,-1,0.0,-1.0
A_sweep_reclaim,186886,186887,1,-0.0,2.0
A_sweep_reclaim,186982,186983,1,-0.0,-1.0
A_sweep_reclaim,187005,187006,1,-0.0,2.0
A_sweep_reclaim,187210,187211,1,-0.0,2.0
A_sweep_reclaim,187315,187316,-1,0.0,-1.0
A_sweep_reclaim,187375,187376,-1,0.0,-1.0
A_sweep_reclaim,187467,187468,-1,0.0,2.0
A_sweep_reclaim,187534,187535,1,-0.0,-1.0
A_sweep_reclaim,187675,187676,1,-0.0,-0.13087651404995385
A_sweep_reclaim,187838,187839,1,-0.0,2.0
A_sweep_reclaim,187925,187926,1,-0.0,2.0
A_sweep_reclaim,188068,188069,-1,0.0,-1.0
A_sweep_reclaim,188217,188218,1,-0.0,-1.0
A_sweep_reclaim,188366,188367,-1,0.0,2.0
A_sweep_reclaim,188474,188475,1,-0.0,2.0
A_sweep_reclaim,188505,188506,-1,0.0,-1.0
A_sweep_reclaim,188684,188685,1,-0.0,-1.0
A_sweep_reclaim,188876,188877,-1,0.0,2.0
A_sweep_reclaim,188991,188992,1,-0.0,-1.0
A_sweep_reclaim,189083,189084,1,-0.0,-1.0
A_sweep_reclaim,189197,189198,1,-0.0,-1.0
A_sweep_reclaim,189270,189271,-1,0.0,-1.0
A_sweep_reclaim,189402,189403,1,-0.0,-1.0
A_sweep_reclaim,189436,189437,-1,0.0,2.0
A_sweep_reclaim,189506,189507,1,-0.0,-1.0
A_sweep_reclaim,189749,189750,1,-0.0,-1.0
A_sweep_reclaim,189792,189793,1,-0.0,-0.028375313477284413
A_sweep_reclaim,189959,189960,-1,0.0,0.3327169360968109
A_sweep_reclaim,190066,190067,1,-0.0,2.0
A_sweep_reclaim,190156,190157,1,-0.0,-0.02514254927490498
A_sweep_reclaim,190258,190259,1,-0.0,2.0
A_sweep_reclaim,190419,190420,1,-0.0,-0.3376527268927881
A_sweep_reclaim,190549,190550,1,-0.0,-1.0
A_sweep_reclaim,190657,190658,1,-0.0,2.0
A_sweep_reclaim,190795,190796,1,-0.0,0.45336360359256084
A_sweep_reclaim,190993,190994,1,-0.0,-1.0
A_sweep_reclaim,191082,191083,-1,0.0,0.8732192792363058
A_sweep_reclaim,191185,191186,1,-0.0,-1.0
A_sweep_reclaim,191290,191291,-1,0.0,-1.0
A_sweep_reclaim,191477,191478,-1,0.0,-1.0
A_sweep_reclaim,191563,191564,-1,0.0,2.0
A_sweep_reclaim,191617,191618,1,-0.0,-1.0
A_sweep_reclaim,191696,191697,1,-0.0,-1.0
A_sweep_reclaim,191787,191788,-1,0.0,2.0
A_sweep_reclaim,191908,191909,-1,0.0,0.4126479577660575
A_sweep_reclaim,192057,192058,-1,0.0,-1.0
A_sweep_reclaim,192098,192099,-1,0.0,-1.0
A_sweep_reclaim,192147,192148,1,-0.0,-0.23947630096121555
A_sweep_reclaim,192270,192271,-1,0.0,-1.0
A_sweep_reclaim,192394,192395,-1,0.0,-1.0
A_sweep_reclaim,192461,192462,1,-0.0,-1.0
A_sweep_reclaim,192605,192606,1,-0.0,2.0
A_sweep_reclaim,192730,192731,-1,0.0,-1.0
A_sweep_reclaim,192774,192775,1,-0.0,-1.0
A_sweep_reclaim,192872,192873,1,-0.0,-1.0
A_sweep_reclaim,192936,192937,1,-0.0,-1.0
A_sweep_reclaim,193022,193023,-1,0.0,-1.0
A_sweep_reclaim,193190,193191,1,-0.0,2.0
A_sweep_reclaim,193227,193228,-1,0.0,-1.0
A_sweep_reclaim,193325,193326,-1,0.0,-1.0
A_sweep_reclaim,193345,193346,-1,0.0,0.73337480911714
A_sweep_reclaim,193777,193778,-1,0.0,-1.0
A_sweep_reclaim,193788,193789,-1,0.0,-1.0
A_sweep_reclaim,193942,193943,-1,0.0,-1.0
A_sweep_reclaim,194046,194047,1,-0.0,-1.0
A_sweep_reclaim,194084,194085,1,-0.0,-1.0
A_sweep_reclaim,194362,194363,1,-0.0,-1.0
A_sweep_reclaim,194466,194467,1,-0.0,-1.0
A_sweep_reclaim,194520,194521,1,-0.0,2.0
A_sweep_reclaim,194650,194651,-1,0.0,-1.0
A_sweep_reclaim,194755,194756,1,-0.0,2.0
A_sweep_reclaim,195069,195070,-1,0.0,-1.0
A_sweep_reclaim,195280,195281,1,-0.0,1.0968125458088969
A_sweep_reclaim,195448,195449,-1,0.0,2.0
A_sweep_reclaim,195465,195466,1,-0.0,1.3791839317753618
A_sweep_reclaim,195728,195729,1,-0.0,0.6164830420172971
A_sweep_reclaim,195871,195872,1,-0.0,1.5658477475256127
A_sweep_reclaim,196032,196033,1,-0.0,-1.0
A_sweep_reclaim,196055,196056,1,-0.0,-1.0
A_sweep_reclaim,196314,196315,-1,0.0,-1.0
A_sweep_reclaim,196380,196381,1,-0.0,2.0
A_sweep_reclaim,196658,196659,-1,0.0,0.43203224162058035
A_sweep_reclaim,196785,196786,1,-0.0,-1.0
A_sweep_reclaim,196860,196861,1,-0.0,1.1948672602212673
A_sweep_reclaim,197000,197001,-1,0.0,2.0
A_sweep_reclaim,197124,197125,-1,0.0,2.0
A_sweep_reclaim,197411,197412,-1,0.0,-1.0
A_sweep_reclaim,197494,197495,-1,0.0,-1.0
A_sweep_reclaim,197502,197503,-1,0.0,2.0
A_sweep_reclaim,197560,197561,1,-0.0,-1.0
A_sweep_reclaim,197698,197699,1,-0.0,2.0
A_sweep_reclaim,197705,197706,-1,0.0,2.0
A_sweep_reclaim,197748,197749,1,-0.0,2.0
A_sweep_reclaim,197822,197823,1,-0.0,-1.0
A_sweep_reclaim,197851,197852,1,-0.0,-1.0
A_sweep_reclaim,197900,197901,-1,0.0,1.1347405330982794
A_sweep_reclaim,198017,198018,-1,0.0,2.0
A_sweep_reclaim,198131,198132,-1,0.0,2.0
A_sweep_reclaim,198221,198222,1,-0.0,-0.38667508856724286
A_sweep_reclaim,198434,198435,-1,0.0,-1.0
A_sweep_reclaim,198539,198540,1,-0.0,2.0
A_sweep_reclaim,198838,198839,-1,0.0,-1.0
A_sweep_reclaim,198898,198899,1,-0.0,2.0
A_sweep_reclaim,198925,198926,-1,0.0,-0.03292179205974349
A_sweep_reclaim,199051,199052,-1,0.0,-1.0
A_sweep_reclaim,199079,199080,1,-0.0,0.28265029687407545
A_sweep_reclaim,199297,199298,1,-0.0,-1.0
A_sweep_reclaim,199361,199362,1,-0.0,-1.0
A_sweep_reclaim,199408,199409,-1,0.0,-1.0
A_sweep_reclaim,199525,199526,1,-0.0,-1.0
A_sweep_reclaim,199735,199736,1,-0.0,2.0
A_sweep_reclaim,199916,199917,-1,0.0,-1.0
A_sweep_reclaim,199925,199926,-1,0.0,-1.0
A_sweep_reclaim,200013,200014,-1,0.0,-1.0
A_sweep_reclaim,200150,200151,1,-0.0,-1.0
A_sweep_reclaim,200176,200177,1,-0.0,2.0
A_sweep_reclaim,200283,200284,1,-0.0,2.0
A_sweep_reclaim,200374,200375,1,-0.0,-1.0
A_sweep_reclaim,200390,200391,-1,0.0,-1.0
A_sweep_reclaim,200482,200483,-1,0.0,-1.0
A_sweep_reclaim,200570,200571,1,-0.0,2.0
A_sweep_reclaim,200651,200652,-1,0.0,2.0
A_sweep_reclaim,200676,200677,1,-0.0,-1.0
A_sweep_reclaim,200704,200705,1,-0.0,2.0
A_sweep_reclaim,200729,200730,-1,0.0,-1.0
A_sweep_reclaim,200869,200870,1,-0.0,-1.0
A_sweep_reclaim,200946,200947,1,-0.0,1.0532389141105862
A_sweep_reclaim,201190,201191,-1,0.0,-1.0
A_sweep_reclaim,201215,201216,-1,0.0,-1.0
A_sweep_reclaim,201425,201426,-1,0.0,-1.0
A_sweep_reclaim,201455,201456,-1,0.0,-1.0
A_sweep_reclaim,201498,201499,1,-0.0,0.34128793369262517
A_sweep_reclaim,201657,201658,1,-0.0,0.815863165064736
A_sweep_reclaim,201856,201857,-1,0.0,-1.0
A_sweep_reclaim,202003,202004,1,-0.0,-0.4853246872828834
A_sweep_reclaim,202166,202167,1,-0.0,2.0
A_sweep_reclaim,202248,202249,-1,0.0,-1.0
A_sweep_reclaim,202464,202465,1,-0.0,-1.0
A_sweep_reclaim,202559,202560,1,-0.0,-1.0
A_sweep_reclaim,202722,202723,1,-0.0,2.0
A_sweep_reclaim,202855,202856,-1,0.0,-1.0
A_sweep_reclaim,203080,203081,1,-0.0,-1.0
A_sweep_reclaim,203132,203133,1,-0.0,2.0
A_sweep_reclaim,203225,203226,-1,0.0,-1.0
A_sweep_reclaim,203333,203334,-1,0.0,-1.0
A_sweep_reclaim,203346,203347,1,-0.0,-1.0
A_sweep_reclaim,203474,203475,1,-0.0,2.0
A_sweep_reclaim,203492,203493,-1,0.0,-1.0
A_sweep_reclaim,203564,203565,-1,0.0,-1.0
A_sweep_reclaim,203676,203677,-1,0.0,-1.0
A_sweep_reclaim,203764,203765,-1,0.0,-1.0
A_sweep_reclaim,203926,203927,-1,0.0,-1.0
A_sweep_reclaim,203960,203961,1,-0.0,-1.0
A_sweep_reclaim,204055,204056,-1,0.0,-1.0
A_sweep_reclaim,204132,204133,1,-0.0,-1.0
A_sweep_reclaim,204140,204141,1,-0.0,-1.0
A_sweep_reclaim,204257,204258,-1,0.0,-1.0
A_sweep_reclaim,204308,204309,1,-0.0,-1.0
A_sweep_reclaim,204497,204498,1,-0.0,-1.0
A_sweep_reclaim,204522,204523,1,-0.0,2.0
A_sweep_reclaim,204810,204811,1,-0.0,-1.0
A_sweep_reclaim,204835,204836,1,-0.0,-1.0
A_sweep_reclaim,204937,204938,1,-0.0,2.0
A_sweep_reclaim,205229,205230,1,-0.0,2.0
A_sweep_reclaim,205237,205238,-1,0.0,2.0
A_sweep_reclaim,205398,205399,1,-0.0,-1.0
A_sweep_reclaim,205432,205433,1,-0.0,-1.0
A_sweep_reclaim,205555,205556,-1,0.0,-1.0
A_sweep_reclaim,205576,205577,-1,0.0,2.0
A_sweep_reclaim,205679,205680,-1,0.0,-1.0
A_sweep_reclaim,205802,205803,-1,0.0,-1.0
A_sweep_reclaim,205908,205909,-1,0.0,-1.0
A_sweep_reclaim,205969,205970,-1,0.0,-1.0
A_sweep_reclaim,206053,206054,1,-0.0,-1.0
A_sweep_reclaim,206112,206113,1,-0.0,-1.0
A_sweep_reclaim,206164,206165,1,-0.0,-1.0
A_sweep_reclaim,206215,206216,-1,0.0,2.0
A_sweep_reclaim,206395,206396,-1,0.0,-1.0
A_sweep_reclaim,206444,206445,-1,0.0,-1.0
A_sweep_reclaim,206600,206601,-1,0.0,-1.0
A_sweep_reclaim,206701,206702,1,-0.0,-1.0
A_sweep_reclaim,206763,206764,-1,0.0,-1.0
A_sweep_reclaim,206975,206976,1,-0.0,2.0
A_sweep_reclaim,207172,207173,1,-0.0,-1.0
A_sweep_reclaim,207260,207261,1,-0.0,-1.0
A_sweep_reclaim,207280,207281,1,-0.0,-1.0
A_sweep_reclaim,207303,207304,1,-0.0,-1.0
A_sweep_reclaim,207341,207342,-1,0.0,-0.44051082656170065
A_sweep_reclaim,207549,207550,-1,0.0,-1.0
A_sweep_reclaim,207714,207715,-1,0.0,2.0
A_sweep_reclaim,207919,207920,-1,0.0,2.0
A_sweep_reclaim,208252,208253,-1,0.0,-1.0
A_sweep_reclaim,208468,208469,-1,0.0,2.0
A_sweep_reclaim,208576,208577,-1,0.0,2.0
A_sweep_reclaim,208718,208719,1,-0.0,-1.0
A_sweep_reclaim,208752,208753,1,-0.0,-1.0
A_sweep_reclaim,208912,208913,-1,0.0,-1.0
A_sweep_reclaim,209035,209036,-1,0.0,-1.0
A_sweep_reclaim,209156,209157,-1,0.0,-1.0
A_sweep_reclaim,209219,209220,-1,0.0,-1.0
A_sweep_reclaim,209432,209433,-1,0.0,-1.0
A_sweep_reclaim,209605,209606,1,-0.0,2.0
A_sweep_reclaim,209687,209688,1,-0.0,-1.0
A_sweep_reclaim,210121,210122,-1,0.0,-1.0
A_sweep_reclaim,210146,210147,-1,0.0,2.0
A_sweep_reclaim,210174,210175,1,-0.0,-1.0
A_sweep_reclaim,210182,210183,1,-0.0,-1.0
A_sweep_reclaim,210367,210368,1,-0.0,1.6581961597303299
A_sweep_reclaim,210694,210695,1,-0.0,-1.0
A_sweep_reclaim,210725,210726,-1,0.0,-1.0
A_sweep_reclaim,210823,210824,-1,0.0,-1.0
A_sweep_reclaim,210841,210842,1,-0.0,-0.19955409194455676
A_sweep_reclaim,211148,211149,-1,0.0,2.0
A_sweep_reclaim,211191,211192,1,-0.0,-1.0
A_sweep_reclaim,211267,211268,1,-0.0,2.0
A_sweep_reclaim,211626,211627,1,-0.0,2.0
A_sweep_reclaim,211828,211829,1,-0.0,-1.0
A_sweep_reclaim,211926,211927,1,-0.0,2.0
A_sweep_reclaim,211970,211971,1,-0.0,-1.0
A_sweep_reclaim,212013,212014,1,-0.0,-1.0
A_sweep_reclaim,212211,212212,1,-0.0,-1.0
A_sweep_reclaim,212293,212294,1,-0.0,-0.13276211167116628
A_sweep_reclaim,212413,212414,1,-0.0,2.0
A_sweep_reclaim,212499,212500,1,-0.0,-1.0
A_sweep_reclaim,212542,212543,1,-0.0,2.0
A_sweep_reclaim,212581,212582,-1,0.0,-1.0
A_sweep_reclaim,212686,212687,1,-0.0,2.0
A_sweep_reclaim,212801,212802,1,-0.0,2.0
A_sweep_reclaim,212841,212842,1,-0.0,2.0
A_sweep_reclaim,213037,213038,-1,0.0,-1.0
A_sweep_reclaim,213182,213183,1,-0.0,-1.0
A_sweep_reclaim,213299,213300,-1,0.0,-1.0
A_sweep_reclaim,213409,213410,-1,0.0,-1.0
A_sweep_reclaim,213433,213434,-1,0.0,-1.0
A_sweep_reclaim,213545,213546,1,-0.0,2.0
A_sweep_reclaim,213661,213662,1,-0.0,0.2543367325327905
A_sweep_reclaim,213830,213831,-1,0.0,-1.0
A_sweep_reclaim,213887,213888,-1,0.0,2.0
A_sweep_reclaim,214019,214020,1,-0.0,-1.0
A_sweep_reclaim,214030,214031,1,-0.0,-1.0
A_sweep_reclaim,214122,214123,1,-0.0,2.0
A_sweep_reclaim,214211,214212,1,-0.0,-0.4275521536939375
A_sweep_reclaim,214359,214360,1,-0.0,-1.0
A_sweep_reclaim,214493,214494,-1,0.0,-1.0
A_sweep_reclaim,214769,214770,-1,0.0,2.0
A_sweep_reclaim,214832,214833,1,-0.0,-1.0
A_sweep_reclaim,214872,214873,1,-0.0,-1.0
A_sweep_reclaim,214913,214914,1,-0.0,0.8260625197454562
A_sweep_reclaim,215128,215129,-1,0.0,-1.0
A_sweep_reclaim,215239,215240,-1,0.0,-1.0
A_sweep_reclaim,215378,215379,1,-0.0,-1.0
A_sweep_reclaim,215707,215708,1,-0.0,-1.0
A_sweep_reclaim,215842,215843,1,-0.0,-1.0
A_sweep_reclaim,215996,215997,1,-0.0,2.0
A_sweep_reclaim,216120,216121,1,-0.0,2.0
A_sweep_reclaim,216374,216375,-1,0.0,2.0
A_sweep_reclaim,216390,216391,1,-0.0,-1.0
A_sweep_reclaim,216528,216529,-1,0.0,-1.0
A_sweep_reclaim,216553,216554,-1,0.0,2.0
A_sweep_reclaim,216677,216678,1,-0.0,1.1582708960488144
A_sweep_reclaim,216837,216838,1,-0.0,2.0
A_sweep_reclaim,217031,217032,1,-0.0,-1.0
A_sweep_reclaim,217054,217055,-1,0.0,-1.0
A_sweep_reclaim,217116,217117,1,-0.0,-1.0
A_sweep_reclaim,217146,217147,1,-0.0,0.6727925644275238
A_sweep_reclaim,217322,217323,1,-0.0,0.5561131098396275
A_sweep_reclaim,217443,217444,1,-0.0,-1.0
A_sweep_reclaim,217629,217630,1,-0.0,-1.0
A_sweep_reclaim,217659,217660,1,-0.0,-1.0
A_sweep_reclaim,217727,217728,1,-0.0,-1.0
A_sweep_reclaim,217881,217882,-1,0.0,-1.0
A_sweep_reclaim,218057,218058,1,-0.0,0.37219152817870704
A_sweep_reclaim,218195,218196,1,-0.0,2.0
A_sweep_reclaim,218302,218303,1,-0.0,-1.0
A_sweep_reclaim,218613,218614,1,-0.0,-0.137253050192693
A_sweep_reclaim,218714,218715,1,-0.0,2.0
A_sweep_reclaim,218789,218790,-1,0.0,-1.0
A_sweep_reclaim,218798,218799,-1,0.0,-1.0
A_sweep_reclaim,218942,218943,1,-0.0,-1.0
A_sweep_reclaim,219050,219051,-1,0.0,-1.0
A_sweep_reclaim,219143,219144,1,-0.0,2.0
A_sweep_reclaim,219369,219370,1,-0.0,-1.0
A_sweep_reclaim,219391,219392,1,-0.0,2.0
A_sweep_reclaim,219692,219693,-1,0.0,-1.0
A_sweep_reclaim,219852,219853,-1,0.0,2.0
A_sweep_reclaim,219893,219894,-1,0.0,-1.0
A_sweep_reclaim,220060,220061,1,-0.0,-1.0
A_sweep_reclaim,220126,220127,1,-0.0,0.3668164732114479
A_sweep_reclaim,220254,220255,-1,0.0,-1.0
A_sweep_reclaim,220305,220306,-1,0.0,2.0
A_sweep_reclaim,220332,220333,1,-0.0,-1.0
A_sweep_reclaim,220434,220435,1,-0.0,2.0
A_sweep_reclaim,220483,220484,-1,0.0,-1.0
A_sweep_reclaim,220693,220694,-1,0.0,2.0
A_sweep_reclaim,220818,220819,-1,0.0,2.0
A_sweep_reclaim,220947,220948,1,-0.0,0.8703178544864204
A_sweep_reclaim,221071,221072,1,-0.0,2.0
A_sweep_reclaim,221089,221090,-1,0.0,-1.0
A_sweep_reclaim,221198,221199,-1,0.0,0.1188751395387485
A_sweep_reclaim,221329,221330,1,-0.0,-1.0
A_sweep_reclaim,221360,221361,1,-0.0,-1.0
A_sweep_reclaim,221437,221438,1,-0.0,-1.0
A_sweep_reclaim,221496,221497,1,-0.0,2.0
A_sweep_reclaim,221558,221559,-1,0.0,2.0
A_sweep_reclaim,221651,221652,1,-0.0,-1.0
A_sweep_reclaim,221689,221690,1,-0.0,-1.0
A_sweep_reclaim,221780,221781,-1,0.0,-1.0
A_sweep_reclaim,221890,221891,1,-0.0,-1.0
A_sweep_reclaim,221945,221946,-1,0.0,2.0
A_sweep_reclaim,221994,221995,1,-0.0,-1.0
A_sweep_reclaim,222048,222049,-1,0.0,2.0
A_sweep_reclaim,222205,222206,1,-0.0,-1.0
A_sweep_reclaim,222243,222244,-1,0.0,2.0
A_sweep_reclaim,222259,222260,1,-0.0,2.0
A_sweep_reclaim,222358,222359,1,-0.0,0.08858901888527747
A_sweep_reclaim,222481,222482,1,-0.0,-1.0
A_sweep_reclaim,222617,222618,1,-0.0,2.0
A_sweep_reclaim,222713,222714,1,-0.0,-1.0
A_sweep_reclaim,222723,222724,1,-0.0,-1.0
A_sweep_reclaim,222768,222769,-1,0.0,2.0
A_sweep_reclaim,222896,222897,1,-0.0,-1.0
A_sweep_reclaim,223156,223157,1,-0.0,-1.0
A_sweep_reclaim,223277,223278,-1,0.0,0.5774634593826568
A_sweep_reclaim,223485,223486,1,-0.0,-1.0
A_sweep_reclaim,223664,223665,1,-0.0,2.0
A_sweep_reclaim,223804,223805,1,-0.0,-0.0482313929507127
A_sweep_reclaim,223909,223910,1,-0.0,0.5287274044813117
A_sweep_reclaim,224104,224105,1,-0.0,2.0
A_sweep_reclaim,224188,224189,-1,0.0,-1.0
A_sweep_reclaim,224224,224225,1,-0.0,0.5849973210570626
A_sweep_reclaim,224409,224410,1,-0.0,2.0
A_sweep_reclaim,224567,224568,1,-0.0,-1.0
A_sweep_reclaim,224590,224591,1,-0.0,0.8314515375782331
A_sweep_reclaim,224916,224917,-1,0.0,-1.0
A_sweep_reclaim,224935,224936,-1,0.0,1.3701985149793305
A_sweep_reclaim,225068,225069,-1,0.0,-1.0
A_sweep_reclaim,225171,225172,1,-0.0,2.0
A_sweep_reclaim,225332,225333,1,-0.0,-1.0
A_sweep_reclaim,225419,225420,1,-0.0,-1.0
A_sweep_reclaim,225514,225515,1,-0.0,2.0
A_sweep_reclaim,225608,225609,1,-0.0,-1.0
A_sweep_reclaim,225731,225732,1,-0.0,-0.36672606128722557
A_sweep_reclaim,225853,225854,-1,0.0,-1.0
A_sweep_reclaim,225991,225992,1,-0.0,-1.0
A_sweep_reclaim,226047,226048,-1,0.0,2.0
A_sweep_reclaim,226140,226141,-1,0.0,2.0
A_sweep_reclaim,226447,226448,1,-0.0,2.0
A_sweep_reclaim,226497,226498,1,-0.0,2.0
A_sweep_reclaim,226596,226597,1,-0.0,2.0
A_sweep_reclaim,226740,226741,-1,0.0,2.0
A_sweep_reclaim,226802,226803,1,-0.0,-1.0
A_sweep_reclaim,226827,226828,1,-0.0,2.0
A_sweep_reclaim,226896,226897,1,-0.0,-1.0
A_sweep_reclaim,226909,226910,1,-0.0,-1.0
A_sweep_reclaim,227079,227080,1,-0.0,-1.0
A_sweep_reclaim,227187,227188,1,-0.0,-1.0
A_sweep_reclaim,227223,227224,1,-0.0,2.0
A_sweep_reclaim,227328,227329,1,-0.0,2.0
A_sweep_reclaim,227435,227436,1,-0.0,-1.0
A_sweep_reclaim,227507,227508,-1,0.0,2.0
A_sweep_reclaim,227559,227560,1,-0.0,-1.0
A_sweep_reclaim,227802,227803,-1,0.0,2.0
A_sweep_reclaim,227852,227853,1,-0.0,-1.0
A_sweep_reclaim,227897,227898,-1,0.0,-1.0
A_sweep_reclaim,227914,227915,-1,0.0,-1.0
A_sweep_reclaim,227965,227966,1,-0.0,-1.0
A_sweep_reclaim,228087,228088,1,-0.0,-1.0
A_sweep_reclaim,228260,228261,1,-0.0,-1.0
A_sweep_reclaim,228548,228549,-1,0.0,2.0
A_sweep_reclaim,228597,228598,1,-0.0,-1.0
A_sweep_reclaim,228689,228690,-1,0.0,-1.0
A_sweep_reclaim,228756,228757,1,-0.0,0.3615511959953897
A_sweep_reclaim,228888,228889,1,-0.0,-1.0
A_sweep_reclaim,229029,229030,1,-0.0,0.9401235262576154
A_sweep_reclaim,229160,229161,1,-0.0,-1.0
A_sweep_reclaim,229259,229260,1,-0.0,-1.0
A_sweep_reclaim,229307,229308,1,-0.0,-1.0
A_sweep_reclaim,229399,229400,1,-0.0,-1.0
A_sweep_reclaim,229531,229532,-1,0.0,-1.0
A_sweep_reclaim,229653,229654,1,-0.0,-1.0
A_sweep_reclaim,229718,229719,1,-0.0,-1.0
A_sweep_reclaim,229756,229757,1,-0.0,-1.0
A_sweep_reclaim,229897,229898,-1,0.0,-1.0
A_sweep_reclaim,230000,230001,1,-0.0,-1.0
A_sweep_reclaim,230050,230051,-1,0.0,-1.0
A_sweep_reclaim,230405,230406,1,-0.0,-1.0
A_sweep_reclaim,230542,230543,1,-0.0,-1.0
A_sweep_reclaim,230728,230729,1,-0.0,2.0
A_sweep_reclaim,230823,230824,1,-0.0,2.0
A_sweep_reclaim,230911,230912,1,-0.0,-1.0
A_sweep_reclaim,230959,230960,1,-0.0,-1.0
A_sweep_reclaim,231005,231006,1,-0.0,-1.0
A_sweep_reclaim,231037,231038,1,-0.0,1.1417659944422118
A_sweep_reclaim,231190,231191,-1,0.0,2.0
A_sweep_reclaim,231392,231393,1,-0.0,-1.0
A_sweep_reclaim,231461,231462,-1,0.0,-1.0
A_sweep_reclaim,231596,231597,1,-0.0,2.0
A_sweep_reclaim,231665,231666,1,-0.0,-1.0
A_sweep_reclaim,231718,231719,-1,0.0,2.0
A_sweep_reclaim,231831,231832,-1,0.0,-1.0
A_sweep_reclaim,231852,231853,-1,0.0,-1.0
A_sweep_reclaim,231961,231962,1,-0.0,2.0
A_sweep_reclaim,232022,232023,-1,0.0,2.0
A_sweep_reclaim,232032,232033,1,-0.0,-1.0
A_sweep_reclaim,232041,232042,1,-0.0,-1.0
A_sweep_reclaim,232106,232107,1,-0.0,2.0
A_sweep_reclaim,232406,232407,1,-0.0,-1.0
A_sweep_reclaim,232480,232481,1,-0.0,2.0
A_sweep_reclaim,232562,232563,1,-0.0,-1.0
A_sweep_reclaim,232604,232605,1,-0.0,2.0
A_sweep_reclaim,232677,232678,-1,0.0,-1.0
A_sweep_reclaim,232706,232707,-1,0.0,-1.0
A_sweep_reclaim,232879,232880,1,-0.0,-1.0
A_sweep_reclaim,232917,232918,-1,0.0,-1.0
A_sweep_reclaim,232938,232939,1,-0.0,-1.0
A_sweep_reclaim,232978,232979,1,-0.0,-0.2300439391449726
A_sweep_reclaim,233093,233094,1,-0.0,-1.0
A_sweep_reclaim,233122,233123,1,-0.0,2.0
A_sweep_reclaim,233211,233212,-1,0.0,2.0
A_sweep_reclaim,233301,233302,1,-0.0,2.0
A_sweep_reclaim,233463,233464,1,-0.0,-1.0
A_sweep_reclaim,233602,233603,1,-0.0,-1.0
A_sweep_reclaim,233676,233677,-1,0.0,-1.0
A_sweep_reclaim,233746,233747,-1,0.0,-1.0
A_sweep_reclaim,233800,233801,1,-0.0,0.47702816809925086
A_sweep_reclaim,234297,234298,-1,0.0,-1.0
A_sweep_reclaim,234304,234305,-1,0.0,2.0
A_sweep_reclaim,234333,234334,1,-0.0,-1.0
A_sweep_reclaim,234416,234417,1,-0.0,-1.0
A_sweep_reclaim,234464,234465,-1,0.0,-1.0
A_sweep_reclaim,234620,234621,1,-0.0,-0.28440955840878346
A_sweep_reclaim,234727,234728,1,-0.0,-1.0
A_sweep_reclaim,235016,235017,1,-0.0,2.0
A_sweep_reclaim,235076,235077,1,-0.0,-1.0
A_sweep_reclaim,235115,235116,-1,0.0,-1.0
A_sweep_reclaim,235156,235157,1,-0.0,-1.0
A_sweep_reclaim,235194,235195,-1,0.0,-1.0
A_sweep_reclaim,235267,235268,-1,0.0,2.0
A_sweep_reclaim,235410,235411,-1,0.0,-1.0
A_sweep_reclaim,235486,235487,-1,0.0,2.0
A_sweep_reclaim,235601,235602,-1,0.0,2.0
A_sweep_reclaim,235613,235614,1,-0.0,-1.0
A_sweep_reclaim,235681,235682,-1,0.0,2.0
A_sweep_reclaim,235803,235804,1,-0.0,-1.0
A_sweep_reclaim,235829,235830,1,-0.0,2.0
A_sweep_reclaim,235930,235931,-1,0.0,-1.0
A_sweep_reclaim,236122,236123,-1,0.0,-1.0
A_sweep_reclaim,236192,236193,-1,0.0,-1.0
A_sweep_reclaim,236314,236315,-1,0.0,-1.0
A_sweep_reclaim,236506,236507,1,-0.0,-1.0
A_sweep_reclaim,236535,236536,1,-0.0,0.5508277357113416
A_sweep_reclaim,236666,236667,-1,0.0,-1.0
A_sweep_reclaim,236680,236681,1,-0.0,2.0
A_sweep_reclaim,236790,236791,1,-0.0,-1.0
A_sweep_reclaim,236821,236822,1,-0.0,-1.0
A_sweep_reclaim,236938,236939,-1,0.0,-1.0
A_sweep_reclaim,236976,236977,1,-0.0,2.0
A_sweep_reclaim,237007,237008,1,-0.0,-1.0
A_sweep_reclaim,237140,237141,1,-0.0,-1.0
A_sweep_reclaim,237247,237248,1,-0.0,-1.0
A_sweep_reclaim,237290,237291,-1,0.0,-1.0
A_sweep_reclaim,237318,237319,-1,0.0,-1.0
A_sweep_reclaim,237362,237363,1,-0.0,-1.0
A_sweep_reclaim,237496,237497,1,-0.0,2.0
A_sweep_reclaim,237552,237553,1,-0.0,-1.0
A_sweep_reclaim,237569,237570,1,-0.0,2.0
A_sweep_reclaim,237704,237705,1,-0.0,-1.0
A_sweep_reclaim,237753,237754,1,-0.0,-1.0
A_sweep_reclaim,237841,237842,-1,0.0,0.7145486796746491
A_sweep_reclaim,237968,237969,-1,0.0,-1.0
A_sweep_reclaim,238078,238079,-1,0.0,-1.0
A_sweep_reclaim,238367,238368,1,-0.0,-1.0
A_sweep_reclaim,238378,238379,1,-0.0,2.0
A_sweep_reclaim,238521,238522,1,-0.0,-1.0
A_sweep_reclaim,238698,238699,1,-0.0,-1.0
A_sweep_reclaim,238778,238779,-1,0.0,-1.0
A_sweep_reclaim,238811,238812,-1,0.0,-1.0
A_sweep_reclaim,238888,238889,-1,0.0,-1.0
A_sweep_reclaim,238935,238936,1,-0.0,-1.0
A_sweep_reclaim,239042,239043,1,-0.0,0.163084163916699
A_sweep_reclaim,239159,239160,1,-0.0,1.1265212070604582
A_sweep_reclaim,239280,239281,1,-0.0,-1.0
A_sweep_reclaim,239484,239485,1,-0.0,1.1760552996215279
A_sweep_reclaim,239639,239640,1,-0.0,-1.0
A_sweep_reclaim,239685,239686,1,-0.0,2.0
A_sweep_reclaim,239806,239807,1,-0.0,-1.0
A_sweep_reclaim,239851,239852,-1,0.0,0.07585088746349274
A_sweep_reclaim,239991,239992,-1,0.0,-1.0
A_sweep_reclaim,240060,240061,1,-0.0,-1.0
A_sweep_reclaim,240173,240174,1,-0.0,-1.0
A_sweep_reclaim,240356,240357,1,-0.0,2.0
A_sweep_reclaim,240388,240389,1,-0.0,0.03153092282644338
A_sweep_reclaim,240917,240918,-1,0.0,-1.0
A_sweep_reclaim,240923,240924,-1,0.0,2.0
A_sweep_reclaim,240940,240941,1,-0.0,-1.0
A_sweep_reclaim,241034,241035,-1,0.0,-1.0
A_sweep_reclaim,241164,241165,1,-0.0,-1.0
A_sweep_reclaim,241234,241235,-1,0.0,1.2117719149834096
A_sweep_reclaim,241450,241451,-1,0.0,2.0
A_sweep_reclaim,241490,241491,-1,0.0,2.0
A_sweep_reclaim,241634,241635,-1,0.0,-1.0
A_sweep_reclaim,241676,241677,1,-0.0,-1.0
A_sweep_reclaim,241723,241724,-1,0.0,2.0
A_sweep_reclaim,241860,241861,-1,0.0,-1.0
A_sweep_reclaim,241887,241888,-1,0.0,-1.0
A_sweep_reclaim,241900,241901,-1,0.0,2.0
A_sweep_reclaim,242032,242033,1,-0.0,-1.0
A_sweep_reclaim,242044,242045,1,-0.0,-1.0
A_sweep_reclaim,242110,242111,1,-0.0,2.0
A_sweep_reclaim,242192,242193,1,-0.0,-1.0
A_sweep_reclaim,242279,242280,-1,0.0,-1.0
A_sweep_reclaim,242366,242367,-1,0.0,-0.22694437187400046
A_sweep_reclaim,242481,242482,1,-0.0,-1.0
A_sweep_reclaim,242506,242507,-1,0.0,-1.0
A_sweep_reclaim,242591,242592,1,-0.0,0.656542246064341
A_sweep_reclaim,242759,242760,1,-0.0,-1.0
A_sweep_reclaim,242776,242777,1,-0.0,-1.0
A_sweep_reclaim,242962,242963,-1,0.0,-1.0
A_sweep_reclaim,243053,243054,1,-0.0,-0.18815886362647571
A_sweep_reclaim,243170,243171,-1,0.0,-1.0
A_sweep_reclaim,243685,243686,-1,0.0,2.0
A_sweep_reclaim,243727,243728,-1,0.0,-1.0
A_sweep_reclaim,243745,243746,-1,0.0,-1.0
A_sweep_reclaim,243833,243834,1,-0.0,2.0
A_sweep_reclaim,244021,244022,-1,0.0,2.0
A_sweep_reclaim,244036,244037,1,-0.0,2.0
A_sweep_reclaim,244187,244188,-1,0.0,-1.0
A_sweep_reclaim,244293,244294,-1,0.0,-1.0
A_sweep_reclaim,244347,244348,1,-0.0,2.0
A_sweep_reclaim,244435,244436,-1,0.0,-0.6377511357115188
A_sweep_reclaim,244683,244684,-1,0.0,-1.0
A_sweep_reclaim,244713,244714,1,-0.0,-1.0
A_sweep_reclaim,244941,244942,1,-0.0,-1.0
A_sweep_reclaim,244986,244987,-1,0.0,0.14576500598676442
A_sweep_reclaim,245277,245278,1,-0.0,-1.0
A_sweep_reclaim,245356,245357,-1,0.0,-1.0
A_sweep_reclaim,245420,245421,-1,0.0,-1.0
A_sweep_reclaim,245507,245508,-1,0.0,2.0
A_sweep_reclaim,245582,245583,-1,0.0,0.0170338800397721
A_sweep_reclaim,245761,245762,1,-0.0,-1.0
A_sweep_reclaim,245967,245968,1,-0.0,0.7802596734314475
A_sweep_reclaim,246118,246119,-1,0.0,2.0
A_sweep_reclaim,246220,246221,1,-0.0,-1.0
A_sweep_reclaim,246294,246295,-1,0.0,-1.0
A_sweep_reclaim,246311,246312,-1,0.0,1.6688530385917457
A_sweep_reclaim,246489,246490,1,-0.0,-1.0
A_sweep_reclaim,246514,246515,1,-0.0,-1.0
A_sweep_reclaim,246635,246636,1,-0.0,-1.0
A_sweep_reclaim,246858,246859,-1,0.0,-1.0
A_sweep_reclaim,247004,247005,1,-0.0,2.0
A_sweep_reclaim,247074,247075,1,-0.0,2.0
A_sweep_reclaim,247238,247239,1,-0.0,-1.0
A_sweep_reclaim,247273,247274,-1,0.0,-1.0
A_sweep_reclaim,247393,247394,1,-0.0,2.0
A_sweep_reclaim,247473,247474,1,-0.0,-1.0
A_sweep_reclaim,247514,247515,1,-0.0,-1.0
A_sweep_reclaim,247590,247591,1,-0.0,2.0
A_sweep_reclaim,247646,247647,-1,0.0,-1.0
A_sweep_reclaim,247737,247738,-1,0.0,-1.0
A_sweep_reclaim,247741,247742,-1,0.0,2.0
A_sweep_reclaim,247774,247775,1,-0.0,-1.0
A_sweep_reclaim,247829,247830,-1,0.0,-1.0
A_sweep_reclaim,247879,247880,-1,0.0,-1.0
A_sweep_reclaim,247943,247944,-1,0.0,-1.0
A_sweep_reclaim,248077,248078,1,-0.0,-1.0
A_sweep_reclaim,248152,248153,-1,0.0,-1.0
A_sweep_reclaim,248173,248174,-1,0.0,-1.0
A_sweep_reclaim,248261,248262,1,-0.0,2.0
A_sweep_reclaim,248336,248337,-1,0.0,-1.0
A_sweep_reclaim,248382,248383,-1,0.0,2.0
A_sweep_reclaim,248427,248428,1,-0.0,2.0
A_sweep_reclaim,248485,248486,1,-0.0,-1.0
A_sweep_reclaim,248495,248496,1,-0.0,-1.0
A_sweep_reclaim,248546,248547,1,-0.0,-0.33316010906012056
A_sweep_reclaim,248671,248672,1,-0.0,-0.1681877444589146
A_sweep_reclaim,248857,248858,1,-0.0,2.0
A_sweep_reclaim,248932,248933,1,-0.0,-1.0
A_sweep_reclaim,248975,248976,1,-0.0,-1.0
A_sweep_reclaim,249176,249177,1,-0.0,2.0
A_sweep_reclaim,249287,249288,-1,0.0,2.0
A_sweep_reclaim,249437,249438,1,-0.0,-1.0
A_sweep_reclaim,249575,249576,-1,0.0,-1.0
A_sweep_reclaim,249794,249795,1,-0.0,0.691273124518746
A_sweep_reclaim,249895,249896,1,-0.0,-1.0
A_sweep_reclaim,249965,249966,-1,0.0,-1.0
A_sweep_reclaim,250073,250074,-1,0.0,-1.0
A_sweep_reclaim,250114,250115,-1,0.0,-1.0
A_sweep_reclaim,250204,250205,-1,0.0,-1.0
A_sweep_reclaim,250278,250279,1,-0.0,-1.0
A_sweep_reclaim,250412,250413,1,-0.0,-1.0
A_sweep_reclaim,250431,250432,1,-0.0,2.0
A_sweep_reclaim,250557,250558,-1,0.0,-1.0
A_sweep_reclaim,250864,250865,-1,0.0,2.0
A_sweep_reclaim,250898,250899,-1,0.0,-1.0
A_sweep_reclaim,251094,251095,-1,0.0,-1.0
A_sweep_reclaim,251304,251305,1,-0.0,0.09319356865351569
A_sweep_reclaim,251505,251506,1,-0.0,2.0
A_sweep_reclaim,251580,251581,-1,0.0,2.0
A_sweep_reclaim,251663,251664,1,-0.0,1.5211689005144229
A_sweep_reclaim,251810,251811,1,-0.0,2.0
A_sweep_reclaim,251874,251875,-1,0.0,-1.0
A_sweep_reclaim,251921,251922,1,-0.0,2.0
A_sweep_reclaim,252126,252127,1,-0.0,-1.0
A_sweep_reclaim,252149,252150,1,-0.0,2.0
A_sweep_reclaim,252256,252257,1,-0.0,-1.0
A_sweep_reclaim,252291,252292,1,-0.0,-1.0
A_sweep_reclaim,252427,252428,1,-0.0,-1.0
A_sweep_reclaim,252485,252486,1,-0.0,-1.0
A_sweep_reclaim,252590,252591,1,-0.0,0.41060350359602144
A_sweep_reclaim,252740,252741,1,-0.0,-1.0
A_sweep_reclaim,252821,252822,1,-0.0,-1.0
A_sweep_reclaim,252981,252982,1,-0.0,2.0
A_sweep_reclaim,253097,253098,-1,0.0,-1.0
A_sweep_reclaim,253257,253258,1,-0.0,-1.0
A_sweep_reclaim,253286,253287,1,-0.0,-1.0
A_sweep_reclaim,253328,253329,1,-0.0,-1.0
A_sweep_reclaim,253379,253380,1,-0.0,-1.0
A_sweep_reclaim,253434,253435,1,-0.0,2.0
A_sweep_reclaim,253548,253549,1,-0.0,2.0
A_sweep_reclaim,253595,253596,-1,0.0,2.0
A_sweep_reclaim,253669,253670,1,-0.0,-1.0
A_sweep_reclaim,253746,253747,-1,0.0,-1.0
A_sweep_reclaim,253909,253910,-1,0.0,-1.0
A_sweep_reclaim,253932,253933,-1,0.0,-0.2460255707439477
A_sweep_reclaim,254082,254083,-1,0.0,-1.0
A_sweep_reclaim,254189,254190,1,-0.0,2.0
A_sweep_reclaim,254249,254250,-1,0.0,-1.0
A_sweep_reclaim,254300,254301,1,-0.0,2.0
A_sweep_reclaim,254360,254361,1,-0.0,0.692210044452901
A_sweep_reclaim,254462,254463,1,-0.0,-1.0
A_sweep_reclaim,254488,254489,1,-0.0,-1.0
A_sweep_reclaim,254507,254508,1,-0.0,2.0
A_sweep_reclaim,254546,254547,-1,0.0,-1.0
A_sweep_reclaim,254655,254656,1,-0.0,-1.0
A_sweep_reclaim,254728,254729,1,-0.0,-1.0
A_sweep_reclaim,254920,254921,1,-0.0,-1.0
A_sweep_reclaim,255028,255029,1,-0.0,-1.0
A_sweep_reclaim,255181,255182,-1,0.0,2.0
A_sweep_reclaim,255204,255205,1,-0.0,-1.0
A_sweep_reclaim,255517,255518,1,-0.0,-1.0
A_sweep_reclaim,255583,255584,1,-0.0,2.0
A_sweep_reclaim,255652,255653,1,-0.0,-1.0
A_sweep_reclaim,255666,255667,1,-0.0,2.0
A_sweep_reclaim,255742,255743,-1,0.0,2.0
A_sweep_reclaim,255766,255767,1,-0.0,2.0
A_sweep_reclaim,255789,255790,-1,0.0,-0.03339121531807224
A_sweep_reclaim,256385,256386,-1,0.0,2.0
A_sweep_reclaim,256492,256493,-1,0.0,-1.0
A_sweep_reclaim,256755,256756,1,-0.0,2.0
A_sweep_reclaim,256906,256907,1,-0.0,2.0
A_sweep_reclaim,257065,257066,1,-0.0,-1.0
A_sweep_reclaim,257137,257138,1,-0.0,-1.0
A_sweep_reclaim,257204,257205,-1,0.0,-1.0
A_sweep_reclaim,257357,257358,-1,0.0,2.0
A_sweep_reclaim,257431,257432,1,-0.0,-1.0
A_sweep_reclaim,257494,257495,1,-0.0,-1.0
A_sweep_reclaim,257512,257513,1,-0.0,2.0
A_sweep_reclaim,257527,257528,-1,0.0,-1.0
A_sweep_reclaim,257749,257750,-1,0.0,-1.0
A_sweep_reclaim,257785,257786,1,-0.0,-1.0
A_sweep_reclaim,257849,257850,1,-0.0,2.0
A_sweep_reclaim,257885,257886,-1,0.0,-1.0
A_sweep_reclaim,257962,257963,-1,0.0,-1.0
A_sweep_reclaim,257982,257983,1,-0.0,-1.0
A_sweep_reclaim,258123,258124,1,-0.0,-1.0
A_sweep_reclaim,258270,258271,1,-0.0,-1.0
A_sweep_reclaim,258292,258293,1,-0.0,-1.0
A_sweep_reclaim,258402,258403,-1,0.0,-1.0
A_sweep_reclaim,258445,258446,-1,0.0,-1.0
A_sweep_reclaim,258530,258531,1,-0.0,2.0
A_sweep_reclaim,258593,258594,1,-0.0,-1.0
A_sweep_reclaim,258739,258740,1,-0.0,-1.0
A_sweep_reclaim,258879,258880,1,-0.0,2.0
A_sweep_reclaim,258893,258894,-1,0.0,-1.0
A_sweep_reclaim,258897,258898,-1,0.0,2.0
A_sweep_reclaim,259033,259034,1,-0.0,-1.0
A_sweep_reclaim,259180,259181,1,-0.0,-1.0
A_sweep_reclaim,259342,259343,1,-0.0,2.0
A_sweep_reclaim,259407,259408,-1,0.0,2.0
A_sweep_reclaim,259450,259451,-1,0.0,2.0
A_sweep_reclaim,259541,259542,1,-0.0,0.49242719158038617
A_sweep_reclaim,259641,259642,-1,0.0,-1.0
A_sweep_reclaim,259901,259902,-1,0.0,2.0
A_sweep_reclaim,259999,260000,-1,0.0,0.6099832815858617
A_sweep_reclaim,260099,260100,1,-0.0,-1.0
A_sweep_reclaim,260173,260174,-1,0.0,2.0
A_sweep_reclaim,260317,260318,1,-0.0,-1.0
A_sweep_reclaim,260366,260367,1,-0.0,-0.4922611592901606
A_sweep_reclaim,260506,260507,-1,0.0,-1.0
A_sweep_reclaim,260539,260540,1,-0.0,-1.0
A_sweep_reclaim,260673,260674,1,-0.0,-1.0
A_sweep_reclaim,260897,260898,-1,0.0,-1.0
A_sweep_reclaim,260932,260933,1,-0.0,-1.0
A_sweep_reclaim,260959,260960,1,-0.0,-1.0
A_sweep_reclaim,261048,261049,-1,0.0,2.0
A_sweep_reclaim,261153,261154,1,-0.0,2.0
A_sweep_reclaim,261191,261192,1,-0.0,2.0
A_sweep_reclaim,261232,261233,-1,0.0,-1.0
A_sweep_reclaim,261327,261328,1,-0.0,2.0
A_sweep_reclaim,261374,261375,1,-0.0,1.093817821045447
A_sweep_reclaim,261535,261536,1,-0.0,2.0
A_sweep_reclaim,261596,261597,1,-0.0,-1.0
A_sweep_reclaim,261787,261788,1,-0.0,-1.0
A_sweep_reclaim,261822,261823,1,-0.0,-1.0
A_sweep_reclaim,261998,261999,-1,0.0,-1.0
A_sweep_reclaim,262086,262087,1,-0.0,2.0
A_sweep_reclaim,262225,262226,1,-0.0,2.0
A_sweep_reclaim,262270,262271,-1,0.0,-1.0
A_sweep_reclaim,262327,262328,-1,0.0,2.0
A_sweep_reclaim,262463,262464,1,-0.0,-1.0
A_sweep_reclaim,262520,262521,1,-0.0,2.0
A_sweep_reclaim,262544,262545,-1,0.0,0.7247688486963675
A_sweep_reclaim,262704,262705,1,-0.0,-1.0
A_sweep_reclaim,262782,262783,1,-0.0,-1.0
A_sweep_reclaim,262827,262828,1,-0.0,-1.0
A_sweep_reclaim,262841,262842,1,-0.0,2.0
A_sweep_reclaim,262989,262990,1,-0.0,2.0
A_sweep_reclaim,263011,263012,-1,0.0,-1.0
A_sweep_reclaim,263038,263039,-1,0.0,-1.0
A_sweep_reclaim,263072,263073,-1,0.0,-1.0
A_sweep_reclaim,263166,263167,1,-0.0,-1.0
A_sweep_reclaim,263270,263271,1,-0.0,-1.0
A_sweep_reclaim,263306,263307,-1,0.0,2.0
A_sweep_reclaim,263445,263446,1,-0.0,-1.0
A_sweep_reclaim,263498,263499,-1,0.0,2.0
A_sweep_reclaim,263584,263585,1,-0.0,2.0
A_sweep_reclaim,263698,263699,1,-0.0,-1.0
A_sweep_reclaim,263729,263730,-1,0.0,-1.0
A_sweep_reclaim,263835,263836,1,-0.0,-1.0
A_sweep_reclaim,263926,263927,-1,0.0,-1.0
A_sweep_reclaim,263955,263956,-1,0.0,-1.0
A_sweep_reclaim,264275,264276,1,-0.0,2.0
A_sweep_reclaim,264352,264353,1,-0.0,-1.0
A_sweep_reclaim,264538,264539,1,-0.0,-1.0
A_sweep_reclaim,264566,264567,-1,0.0,-1.0
A_sweep_reclaim,264622,264623,-1,0.0,2.0
A_sweep_reclaim,264672,264673,-1,0.0,-1.0
A_sweep_reclaim,264681,264682,-1,0.0,-1.0
A_sweep_reclaim,264824,264825,1,-0.0,2.0
A_sweep_reclaim,264906,264907,1,-0.0,-1.0
A_sweep_reclaim,264999,265000,1,-0.0,-1.0
A_sweep_reclaim,265065,265066,1,-0.0,-1.0
A_sweep_reclaim,265273,265274,1,-0.0,-1.0
A_sweep_reclaim,265414,265415,1,-0.0,2.0
A_sweep_reclaim,265501,265502,1,-0.0,-1.0
A_sweep_reclaim,265531,265532,1,-0.0,-1.0
A_sweep_reclaim,265645,265646,1,-0.0,2.0
A_sweep_reclaim,265699,265700,-1,0.0,2.0
A_sweep_reclaim,265781,265782,1,-0.0,-0.11580269842138621
A_sweep_reclaim,265991,265992,1,-0.0,-1.0
A_sweep_reclaim,266054,266055,1,-0.0,-1.0
A_sweep_reclaim,266129,266130,-1,0.0,-1.0
A_sweep_reclaim,266141,266142,-1,0.0,-1.0
A_sweep_reclaim,266258,266259,-1,0.0,-1.0
A_sweep_reclaim,266335,266336,1,-0.0,-1.0
A_sweep_reclaim,266540,266541,1,-0.0,2.0
A_sweep_reclaim,266573,266574,-1,0.0,2.0
A_sweep_reclaim,266673,266674,1,-0.0,-1.0
A_sweep_reclaim,266700,266701,1,-0.0,-1.0
A_sweep_reclaim,266752,266753,1,-0.0,2.0
A_sweep_reclaim,266799,266800,-1,0.0,2.0
A_sweep_reclaim,266849,266850,1,-0.0,-1.0
A_sweep_reclaim,266860,266861,-1,0.0,-1.0
A_sweep_reclaim,266875,266876,-1,0.0,-1.0
A_sweep_reclaim,266958,266959,1,-0.0,-1.0
A_sweep_reclaim,267102,267103,1,-0.0,-1.0
A_sweep_reclaim,267113,267114,1,-0.0,2.0
A_sweep_reclaim,267189,267190,1,-0.0,2.0
A_sweep_reclaim,267205,267206,-1,0.0,-0.2727450972212371
A_sweep_reclaim,267417,267418,1,-0.0,-1.0
A_sweep_reclaim,267435,267436,1,-0.0,-1.0
A_sweep_reclaim,267518,267519,-1,0.0,-1.0
A_sweep_reclaim,267598,267599,-1,0.0,-1.0
A_sweep_reclaim,267633,267634,1,-0.0,2.0
A_sweep_reclaim,267833,267834,-1,0.0,-0.17399727672328197
A_sweep_reclaim,268028,268029,1,-0.0,2.0
A_sweep_reclaim,268099,268100,1,-0.0,2.0
A_sweep_reclaim,268344,268345,1,-0.0,2.0
A_sweep_reclaim,268359,268360,-1,0.0,-1.0
A_sweep_reclaim,268460,268461,1,-0.0,-0.0016224547740716674
A_sweep_reclaim,268560,268561,1,-0.0,-1.0
A_sweep_reclaim,268606,268607,-1,0.0,2.0
A_sweep_reclaim,268632,268633,1,-0.0,-1.0
A_sweep_reclaim,268756,268757,-1,0.0,2.0
A_sweep_reclaim,268768,268769,1,-0.0,-1.0
A_sweep_reclaim,268974,268975,-1,0.0,-1.0
A_sweep_reclaim,269071,269072,1,-0.0,-1.0
A_sweep_reclaim,269189,269190,-1,0.0,2.0
A_sweep_reclaim,269351,269352,-1,0.0,-1.0
A_sweep_reclaim,269457,269458,1,-0.0,1.4978490835922038
A_sweep_reclaim,269563,269564,-1,0.0,2.0
A_sweep_reclaim,269810,269811,1,-0.0,-1.0
A_sweep_reclaim,269826,269827,1,-0.0,2.0
A_sweep_reclaim,269938,269939,1,-0.0,2.0
A_sweep_reclaim,269994,269995,-1,0.0,-1.0
A_sweep_reclaim,270087,270088,1,-0.0,-1.0
A_sweep_reclaim,270136,270137,1,-0.0,2.0
A_sweep_reclaim,270219,270220,-1,0.0,-1.0
A_sweep_reclaim,270244,270245,-1,0.0,-1.0
A_sweep_reclaim,270267,270268,-1,0.0,0.2908297675979559
A_sweep_reclaim,270571,270572,-1,0.0,-1.0
A_sweep_reclaim,270594,270595,-1,0.0,-1.0
A_sweep_reclaim,270731,270732,-1,0.0,-1.0
A_sweep_reclaim,270956,270957,-1,0.0,-1.0
A_sweep_reclaim,271006,271007,1,-0.0,2.0
A_sweep_reclaim,271166,271167,1,-0.0,-1.0
A_sweep_reclaim,271195,271196,1,-0.0,1.516946104106864
A_sweep_reclaim,271325,271326,-1,0.0,-1.0
A_sweep_reclaim,271355,271356,1,-0.0,2.0
A_sweep_reclaim,271454,271455,1,-0.0,-1.0
A_sweep_reclaim,271469,271470,1,-0.0,2.0
A_sweep_reclaim,271547,271548,1,-0.0,-1.0
A_sweep_reclaim,271560,271561,1,-0.0,-1.0
A_sweep_reclaim,271577,271578,1,-0.0,-1.0
A_sweep_reclaim,271697,271698,-1,0.0,-1.0
A_sweep_reclaim,271831,271832,-1,0.0,0.30780000656290085
A_sweep_reclaim,271929,271930,-1,0.0,-1.0
A_sweep_reclaim,272022,272023,1,-0.0,2.0
A_sweep_reclaim,272280,272281,-1,0.0,2.0
A_sweep_reclaim,272429,272430,1,-0.0,2.0
A_sweep_reclaim,272441,272442,-1,0.0,-1.0
A_sweep_reclaim,272470,272471,-1,0.0,-0.6628657797002558
A_sweep_reclaim,272612,272613,1,-0.0,-1.0
A_sweep_reclaim,272788,272789,-1,0.0,-1.0
A_sweep_reclaim,272810,272811,-1,0.0,2.0
A_sweep_reclaim,272866,272867,-1,0.0,-1.0
A_sweep_reclaim,272915,272916,1,-0.0,-1.0
A_sweep_reclaim,273071,273072,1,-0.0,-1.0
A_sweep_reclaim,273113,273114,1,-0.0,-0.45731039684664054
A_sweep_reclaim,273283,273284,1,-0.0,2.0
A_sweep_reclaim,273313,273314,-1,0.0,-1.0
A_sweep_reclaim,273388,273389,1,-0.0,-1.0
A_sweep_reclaim,273518,273519,-1,0.0,2.0
A_sweep_reclaim,273663,273664,-1,0.0,-1.0
A_sweep_reclaim,273732,273733,-1,0.0,-1.0
A_sweep_reclaim,273767,273768,-1,0.0,-1.0
A_sweep_reclaim,273909,273910,1,-0.0,-1.0
A_sweep_reclaim,273997,273998,1,-0.0,0.014506881174058732
A_sweep_reclaim,274105,274106,1,-0.0,-1.0
A_sweep_reclaim,274135,274136,1,-0.0,2.0
A_sweep_reclaim,274347,274348,1,-0.0,-1.0
A_sweep_reclaim,274368,274369,1,-0.0,-1.0
A_sweep_reclaim,274469,274470,-1,0.0,-1.0
A_sweep_reclaim,274542,274543,-1,0.0,-1.0
A_sweep_reclaim,274639,274640,1,-0.0,-1.0
A_sweep_reclaim,274670,274671,-1,0.0,-1.0
A_sweep_reclaim,274799,274800,1,-0.0,-1.0
A_sweep_reclaim,274850,274851,-1,0.0,1.358103130755024
A_sweep_reclaim,274983,274984,-1,0.0,-1.0
A_sweep_reclaim,275078,275079,-1,0.0,2.0
A_sweep_reclaim,275316,275317,-1,0.0,-1.0
A_sweep_reclaim,275404,275405,1,-0.0,0.5238065274947662
A_sweep_reclaim,275555,275556,-1,0.0,2.0
A_sweep_reclaim,275682,275683,-1,0.0,-1.0
A_sweep_reclaim,275775,275776,-1,0.0,-1.0
A_sweep_reclaim,275864,275865,-1,0.0,-1.0
A_sweep_reclaim,275886,275887,-1,0.0,-1.0
A_sweep_reclaim,275980,275981,-1,0.0,2.0
A_sweep_reclaim,276118,276119,1,-0.0,2.0
A_sweep_reclaim,276178,276179,-1,0.0,-1.0
A_sweep_reclaim,276271,276272,1,-0.0,2.0
A_sweep_reclaim,276287,276288,-1,0.0,-1.0
A_sweep_reclaim,276366,276367,1,-0.0,2.0
A_sweep_reclaim,276405,276406,1,-0.0,-1.0
A_sweep_reclaim,276465,276466,-1,0.0,2.0
A_sweep_reclaim,276596,276597,1,-0.0,2.0
A_sweep_reclaim,276884,276885,-1,0.0,-1.0
A_sweep_reclaim,276930,276931,1,-0.0,-1.0
A_sweep_reclaim,276989,276990,-1,0.0,2.0
A_sweep_reclaim,277070,277071,1,-0.0,-1.0
A_sweep_reclaim,277105,277106,1,-0.0,2.0
A_sweep_reclaim,277121,277122,-1,0.0,-1.0
A_sweep_reclaim,277151,277152,1,-0.0,0.6485102692606173
A_sweep_reclaim,277412,277413,-1,0.0,-1.0
A_sweep_reclaim,277462,277463,-1,0.0,-1.0
A_sweep_reclaim,277496,277497,-1,0.0,-1.0
A_sweep_reclaim,277570,277571,1,-0.0,-1.0
A_sweep_reclaim,277852,277853,-1,0.0,2.0
A_sweep_reclaim,277873,277874,1,-0.0,-1.0
A_sweep_reclaim,277907,277908,-1,0.0,-1.0
A_sweep_reclaim,277952,277953,1,-0.0,2.0
A_sweep_reclaim,278080,278081,1,-0.0,-1.0
A_sweep_reclaim,278338,278339,1,-0.0,2.0
A_sweep_reclaim,278408,278409,-1,0.0,-1.0
A_sweep_reclaim,278475,278476,1,-0.0,-1.0
A_sweep_reclaim,278524,278525,1,-0.0,-1.0
A_sweep_reclaim,278603,278604,-1,0.0,2.0
A_sweep_reclaim,278679,278680,1,-0.0,-1.0
A_sweep_reclaim,278938,278939,1,-0.0,-1.0
A_sweep_reclaim,278990,278991,1,-0.0,-0.4344244502207022
A_sweep_reclaim,279219,279220,-1,0.0,-1.0
A_sweep_reclaim,279409,279410,1,-0.0,-1.0
A_sweep_reclaim,279553,279554,-1,0.0,-1.0
A_sweep_reclaim,279673,279674,-1,0.0,2.0
A_sweep_reclaim,279708,279709,1,-0.0,-1.0
A_sweep_reclaim,279798,279799,1,-0.0,2.0
A_sweep_reclaim,279881,279882,1,-0.0,-1.0
A_sweep_reclaim,279915,279916,-1,0.0,-0.5942950845686912
A_sweep_reclaim,280245,280246,1,-0.0,-1.0
A_sweep_reclaim,280372,280373,1,-0.0,0.7609316753285709
A_sweep_reclaim,280477,280478,-1,0.0,2.0
A_sweep_reclaim,280600,280601,1,-0.0,-1.0
A_sweep_reclaim,280623,280624,1,-0.0,-1.0
A_sweep_reclaim,280777,280778,1,-0.0,0.08184761076484678
A_sweep_reclaim,280899,280900,1,-0.0,-1.0
A_sweep_reclaim,280974,280975,1,-0.0,2.0
A_sweep_reclaim,281001,281002,-1,0.0,-1.0
A_sweep_reclaim,281054,281055,1,-0.0,2.0
A_sweep_reclaim,281125,281126,1,-0.0,-1.0
A_sweep_reclaim,281168,281169,1,-0.0,2.0
A_sweep_reclaim,281233,281234,1,-0.0,-1.0
A_sweep_reclaim,281328,281329,1,-0.0,-1.0
A_sweep_reclaim,281365,281366,1,-0.0,2.0
A_sweep_reclaim,281393,281394,-1,0.0,-1.0
A_sweep_reclaim,281442,281443,1,-0.0,-1.0
A_sweep_reclaim,281520,281521,1,-0.0,-1.0
A_sweep_reclaim,281530,281531,1,-0.0,2.0
A_sweep_reclaim,281582,281583,1,-0.0,2.0
A_sweep_reclaim,281879,281880,1,-0.0,-1.0
A_sweep_reclaim,281987,281988,1,-0.0,2.0
A_sweep_reclaim,282049,282050,1,-0.0,-1.0
A_sweep_reclaim,282107,282108,1,-0.0,-0.027317159606040937
A_sweep_reclaim,282266,282267,1,-0.0,-1.0
A_sweep_reclaim,282421,282422,-1,0.0,2.0
A_sweep_reclaim,282490,282491,-1,0.0,2.0
A_sweep_reclaim,282607,282608,1,-0.0,2.0
A_sweep_reclaim,282648,282649,-1,0.0,0.370710798904616
A_sweep_reclaim,282809,282810,-1,0.0,-1.0
A_sweep_reclaim,282975,282976,1,-0.0,-1.0
A_sweep_reclaim,282996,282997,-1,0.0,-1.0
A_sweep_reclaim,283161,283162,1,-0.0,-1.0
A_sweep_reclaim,283279,283280,-1,0.0,2.0
A_sweep_reclaim,283329,283330,1,-0.0,-1.0
A_sweep_reclaim,283347,283348,1,-0.0,2.0
A_sweep_reclaim,283402,283403,1,-0.0,2.0
A_sweep_reclaim,283568,283569,-1,0.0,0.1336984263813671
A_sweep_reclaim,283686,283687,1,-0.0,2.0
A_sweep_reclaim,284021,284022,1,-0.0,-1.0
A_sweep_reclaim,284086,284087,1,-0.0,-1.0
A_sweep_reclaim,284304,284305,1,-0.0,-1.0
A_sweep_reclaim,284549,284550,-1,0.0,-1.0
A_sweep_reclaim,284619,284620,-1,0.0,-1.0
A_sweep_reclaim,284665,284666,1,-0.0,1.0267156092277625
A_sweep_reclaim,284858,284859,1,-0.0,2.0
A_sweep_reclaim,284952,284953,-1,0.0,2.0
A_sweep_reclaim,285159,285160,-1,0.0,-1.0
A_sweep_reclaim,285265,285266,1,-0.0,-1.0
A_sweep_reclaim,285285,285286,1,-0.0,-1.0
A_sweep_reclaim,285313,285314,-1,0.0,-1.0
A_sweep_reclaim,285401,285402,-1,0.0,0.6647724363897067
A_sweep_reclaim,285567,285568,-1,0.0,2.0
A_sweep_reclaim,285583,285584,1,-0.0,-1.0
A_sweep_reclaim,285721,285722,-1,0.0,-1.0
A_sweep_reclaim,285772,285773,1,-0.0,-1.0
A_sweep_reclaim,285803,285804,1,-0.0,2.0
A_sweep_reclaim,285931,285932,-1,0.0,2.0
A_sweep_reclaim,286043,286044,1,-0.0,-0.4320126943398679
A_sweep_reclaim,286162,286163,1,-0.0,-1.0
A_sweep_reclaim,286231,286232,-1,0.0,0.3800414293480282
A_sweep_reclaim,286364,286365,1,-0.0,0.9826113351545968
A_sweep_reclaim,286506,286507,1,-0.0,2.0
A_sweep_reclaim,286610,286611,-1,0.0,-1.0
A_sweep_reclaim,286694,286695,-1,0.0,2.0
A_sweep_reclaim,286850,286851,1,-0.0,-1.0
A_sweep_reclaim,286875,286876,1,-0.0,2.0
A_sweep_reclaim,287039,287040,-1,0.0,-1.0
A_sweep_reclaim,287102,287103,-1,0.0,-1.0
A_sweep_reclaim,287148,287149,-1,0.0,-1.0
A_sweep_reclaim,287483,287484,1,-0.0,-1.0
A_sweep_reclaim,287502,287503,1,-0.0,-1.0
A_sweep_reclaim,287515,287516,1,-0.0,-0.15961590210603824
A_sweep_reclaim,287645,287646,-1,0.0,-1.0
A_sweep_reclaim,287755,287756,-1,0.0,1.5446214075985503
A_sweep_reclaim,287921,287922,-1,0.0,-1.0
A_sweep_reclaim,288000,288001,1,-0.0,-1.0
A_sweep_reclaim,288060,288061,1,-0.0,1.3757861635219901
A_sweep_reclaim,288245,288246,1,-0.0,0.630130226913581
A_sweep_reclaim,288414,288415,-1,0.0,-1.0
A_sweep_reclaim,288445,288446,-1,0.0,2.0
A_sweep_reclaim,288590,288591,-1,0.0,-1.0
A_sweep_reclaim,288755,288756,1,-0.0,-1.0
A_sweep_reclaim,288772,288773,-1,0.0,2.0
A_sweep_reclaim,288951,288952,-1,0.0,-1.0
A_sweep_reclaim,289029,289030,1,-0.0,2.0
A_sweep_reclaim,289046,289047,-1,0.0,-1.0
A_sweep_reclaim,289165,289166,1,-0.0,-1.0
A_sweep_reclaim,289212,289213,1,-0.0,0.09635916279170456
A_sweep_reclaim,289325,289326,-1,0.0,-1.0
A_sweep_reclaim,289348,289349,1,-0.0,-1.0
A_sweep_reclaim,289379,289380,-1,0.0,-1.0
A_sweep_reclaim,289389,289390,-1,0.0,-1.0
A_sweep_reclaim,289507,289508,1,-0.0,-1.0
A_sweep_reclaim,290020,290021,1,-0.0,-1.0
A_sweep_reclaim,290056,290057,1,-0.0,2.0
A_sweep_reclaim,290130,290131,1,-0.0,2.0
A_sweep_reclaim,290174,290175,-1,0.0,-1.0
A_sweep_reclaim,290236,290237,1,-0.0,2.0
A_sweep_reclaim,290273,290274,1,-0.0,2.0
A_sweep_reclaim,290398,290399,1,-0.0,2.0
A_sweep_reclaim,290437,290438,-1,0.0,2.0
A_sweep_reclaim,290523,290524,-1,0.0,2.0
A_sweep_reclaim,290824,290825,1,-0.0,0.42641626552583733
A_sweep_reclaim,291005,291006,1,-0.0,-1.0
A_sweep_reclaim,291094,291095,-1,0.0,2.0
A_sweep_reclaim,291149,291150,1,-0.0,2.0
A_sweep_reclaim,291211,291212,1,-0.0,0.18643784476513398
A_sweep_reclaim,291321,291322,1,-0.0,2.0
A_sweep_reclaim,291469,291470,1,-0.0,-1.0
A_sweep_reclaim,291801,291802,1,-0.0,-1.0
A_sweep_reclaim,291811,291812,1,-0.0,-1.0
A_sweep_reclaim,291923,291924,1,-0.0,2.0
A_sweep_reclaim,292107,292108,1,-0.0,2.0
A_sweep_reclaim,292322,292323,1,-0.0,2.0
A_sweep_reclaim,292476,292477,-1,0.0,2.0
A_sweep_reclaim,292656,292657,-1,0.0,-1.0
A_sweep_reclaim,292857,292858,-1,0.0,-1.0
A_sweep_reclaim,293166,293167,-1,0.0,-1.0
A_sweep_reclaim,293218,293219,-1,0.0,1.4282394472650926
A_sweep_reclaim,293317,293318,-1,0.0,2.0
A_sweep_reclaim,293495,293496,1,-0.0,2.0
A_sweep_reclaim,293699,293700,1,-0.0,-1.0
A_sweep_reclaim,293751,293752,1,-0.0,2.0
A_sweep_reclaim,293991,293992,-1,0.0,-1.0
A_sweep_reclaim,294188,294189,1,-0.0,2.0
A_sweep_reclaim,294462,294463,1,-0.0,-1.0
A_sweep_reclaim,294571,294572,-1,0.0,-0.05446224256292086
A_sweep_reclaim,294683,294684,-1,0.0,-1.0
A_sweep_reclaim,294738,294739,1,-0.0,2.0
A_sweep_reclaim,294832,294833,1,-0.0,-1.0
A_sweep_reclaim,294917,294918,1,-0.0,-1.0
A_sweep_reclaim,294992,294993,-1,0.0,-1.0
A_sweep_reclaim,295029,295030,1,-0.0,-1.0
A_sweep_reclaim,295304,295305,-1,0.0,2.0
A_sweep_reclaim,295469,295470,-1,0.0,-1.0
A_sweep_reclaim,295562,295563,-1,0.0,-0.06624034807887007
A_sweep_reclaim,295669,295670,-1,0.0,-1.0
A_sweep_reclaim,295929,295930,1,-0.0,-1.0
A_sweep_reclaim,295954,295955,1,-0.0,-1.0
A_sweep_reclaim,295996,295997,1,-0.0,2.0
A_sweep_reclaim,296069,296070,-1,0.0,-1.0
A_sweep_reclaim,296111,296112,-1,0.0,-1.0
A_sweep_reclaim,296208,296209,-1,0.0,0.8779129280056499
A_sweep_reclaim,296347,296348,-1,0.0,-1.0
A_sweep_reclaim,296557,296558,1,-0.0,-1.0
A_sweep_reclaim,296584,296585,-1,0.0,-1.0
A_sweep_reclaim,296724,296725,-1,0.0,-1.0
A_sweep_reclaim,296751,296752,1,-0.0,2.0
A_sweep_reclaim,297087,297088,1,-0.0,-1.0
A_sweep_reclaim,297130,297131,1,-0.0,-1.0
A_sweep_reclaim,297207,297208,1,-0.0,-1.0
A_sweep_reclaim,297286,297287,-1,0.0,-1.0
A_sweep_reclaim,297400,297401,1,-0.0,2.0
A_sweep_reclaim,297477,297478,1,-0.0,-1.0
A_sweep_reclaim,297502,297503,1,-0.0,-0.7092106082208678
A_sweep_reclaim,297662,297663,-1,0.0,-1.0
A_sweep_reclaim,297735,297736,1,-0.0,2.0
A_sweep_reclaim,297762,297763,-1,0.0,-1.0
A_sweep_reclaim,297808,297809,1,-0.0,-1.0
A_sweep_reclaim,297846,297847,1,-0.0,-1.0
A_sweep_reclaim,297872,297873,1,-0.0,2.0
A_sweep_reclaim,298071,298072,-1,0.0,-1.0
A_sweep_reclaim,298083,298084,1,-0.0,0.09588795575583914
A_sweep_reclaim,298333,298334,1,-0.0,-1.0
A_sweep_reclaim,298452,298453,-1,0.0,2.0
A_sweep_reclaim,298482,298483,1,-0.0,2.0
A_sweep_reclaim,298518,298519,-1,0.0,2.0
A_sweep_reclaim,298582,298583,1,-0.0,-1.0
A_sweep_reclaim,298645,298646,-1,0.0,-1.0
A_sweep_reclaim,298661,298662,-1,0.0,2.0
A_sweep_reclaim,298775,298776,-1,0.0,-1.0
A_sweep_reclaim,298873,298874,-1,0.0,-1.0
A_sweep_reclaim,298944,298945,1,-0.0,2.0
A_sweep_reclaim,299045,299046,1,-0.0,-1.0
A_sweep_reclaim,299098,299099,1,-0.0,2.0
A_sweep_reclaim,299197,299198,1,-0.0,2.0
A_sweep_reclaim,299246,299247,-1,0.0,-1.0
A_sweep_reclaim,299252,299253,-1,0.0,-1.0
A_sweep_reclaim,299436,299437,-1,0.0,-0.3959019270302146
A_sweep_reclaim,299556,299557,1,-0.0,-1.0
A_sweep_reclaim,299628,299629,1,-0.0,2.0
A_sweep_reclaim,299712,299713,-1,0.0,2.0
A_sweep_reclaim,300104,300105,1,-0.0,-1.0
A_sweep_reclaim,300147,300148,1,-0.0,-1.0
A_sweep_reclaim,300225,300226,-1,0.0,-1.0
A_sweep_reclaim,300390,300391,-1,0.0,-1.0
A_sweep_reclaim,300573,300574,1,-0.0,2.0
A_sweep_reclaim,300677,300678,-1,0.0,-1.0
A_sweep_reclaim,300763,300764,-1,0.0,2.0
A_sweep_reclaim,300806,300807,1,-0.0,2.0
A_sweep_reclaim,300924,300925,-1,0.0,2.0
A_sweep_reclaim,300980,300981,1,-0.0,2.0
A_sweep_reclaim,301087,301088,-1,0.0,-1.0
A_sweep_reclaim,301252,301253,-1,0.0,2.0
A_sweep_reclaim,301390,301391,-1,0.0,2.0
A_sweep_reclaim,301499,301500,-1,0.0,2.0
A_sweep_reclaim,301524,301525,1,-0.0,2.0
A_sweep_reclaim,301567,301568,-1,0.0,-1.0
A_sweep_reclaim,301607,301608,-1,0.0,-1.0
A_sweep_reclaim,301770,301771,1,-0.0,-1.0
A_sweep_reclaim,301880,301881,1,-0.0,-1.0
A_sweep_reclaim,301988,301989,-1,0.0,-1.0
A_sweep_reclaim,302060,302061,1,-0.0,-1.0
A_sweep_reclaim,302141,302142,1,-0.0,-1.0
A_sweep_reclaim,302182,302183,1,-0.0,-1.0
A_sweep_reclaim,302324,302325,1,-0.0,-1.0
A_sweep_reclaim,302412,302413,-1,0.0,2.0
A_sweep_reclaim,302458,302459,1,-0.0,2.0
A_sweep_reclaim,302534,302535,-1,0.0,2.0
A_sweep_reclaim,302679,302680,1,-0.0,-1.0
A_sweep_reclaim,302789,302790,1,-0.0,2.0
A_sweep_reclaim,302909,302910,1,-0.0,-1.0
A_sweep_reclaim,302920,302921,1,-0.0,-1.0
A_sweep_reclaim,303102,303103,-1,0.0,1.2833493832255574
A_sweep_reclaim,303660,303661,-1,0.0,-1.0
A_sweep_reclaim,303747,303748,1,-0.0,0.574679626764011
A_sweep_reclaim,303847,303848,1,-0.0,2.0
A_sweep_reclaim,304089,304090,-1,0.0,-1.0
A_sweep_reclaim,304172,304173,1,-0.0,-1.0
A_sweep_reclaim,304457,304458,1,-0.0,2.0
A_sweep_reclaim,305027,305028,1,-0.0,2.0
A_sweep_reclaim,305164,305165,-1,0.0,2.0
A_sweep_reclaim,305259,305260,1,-0.0,-1.0
A_sweep_reclaim,305329,305330,1,-0.0,1.3976028007314498
A_sweep_reclaim,305522,305523,-1,0.0,-1.0
A_sweep_reclaim,305661,305662,1,-0.0,-1.0
A_sweep_reclaim,305923,305924,1,0.0022453889334892556,-1.0
A_sweep_reclaim,305932,305933,1,-0.0020310459885438015,2.0
A_sweep_reclaim,305991,305992,1,0.003070848870433451,-1.0
A_sweep_reclaim,306042,306043,1,-0.004047412546883224,2.0
A_sweep_reclaim,306089,306090,-1,0.014403292181197028,2.0
A_sweep_reclaim,306103,306104,1,-0.0019776804633854497,2.0
A_sweep_reclaim,306190,306191,-1,-0.008401344215105097,-1.0
A_sweep_reclaim,306476,306477,1,0.0016226240148708426,-1.0
A_sweep_reclaim,306489,306490,1,0.000990869842190218,2.0
A_sweep_reclaim,306696,306697,1,1.9746940468780283,2.0
A_sweep_reclaim,306709,306710,1,0.002663115845355263,-1.0
A_sweep_reclaim,306754,306755,-1,0.01780163888106846,2.0
A_sweep_reclaim,306831,306832,-1,0.004148762779761635,-1.0
A_sweep_reclaim,306836,306837,-1,0.0017734988599323106,-1.0
A_sweep_reclaim,306905,306906,1,-0.008486562941936485,2.0
A_sweep_reclaim,307011,307012,1,-0.03253112033202531,1.1182051738610685
A_sweep_reclaim,307111,307112,1,0.0024013722125270855,-1.0
A_sweep_reclaim,307157,307158,1,-0.05565371024715891,-1.0
A_sweep_reclaim,307173,307174,1,0.0022389253158972403,-1.0
A_sweep_reclaim,307198,307199,1,0.03269679901086756,-1.0
A_sweep_reclaim,307270,307271,-1,0.004810996563460133,-1.0
A_sweep_reclaim,307310,307311,1,-0.0,1.0852625023691356
A_sweep_reclaim,307487,307488,1,0.0014559068219289688,0.009777901941603056
A_sweep_reclaim,307614,307615,1,-0.031090384188430926,-1.0
A_sweep_reclaim,307622,307623,1,-0.009322457133547544,-1.0
A_sweep_reclaim,307646,307647,1,0.0020790020790475107,2.0
A_sweep_reclaim,307682,307683,-1,0.010610079575635577,-1.0
A_sweep_reclaim,307760,307761,1,-0.014162221813574943,2.0
A_sweep_reclaim,307831,307832,1,-0.008605675647913865,-1.0
A_sweep_reclaim,307925,307926,-1,0.00359712230207329,2.0
A_sweep_reclaim,308323,308324,-1,0.015316355679840188,2.0
A_sweep_reclaim,308346,308347,1,-0.011237243435339241,-1.0
A_sweep_reclaim,308453,308454,1,0.004781420765131732,0.8864241104049342
A_sweep_reclaim,308571,308572,1,0.004669779853195871,-1.0
A_sweep_reclaim,308692,308693,1,-0.0021398547956141163,2.0
A_sweep_reclaim,308914,308915,1,0.009236859467702618,-1.0
A_sweep_reclaim,308993,308994,-1,-0.01454888993866916,2.0
A_sweep_reclaim,309024,309025,1,-0.0007227671657359698,-1.0
A_sweep_reclaim,309246,309247,1,-0.0,-1.0
A_sweep_reclaim,309360,309361,-1,0.0025645722660388387,-1.0
A_sweep_reclaim,309471,309472,1,-0.03447143795132855,2.0
A_sweep_reclaim,309676,309677,-1,-0.0163570510572774,-1.0
A_sweep_reclaim,309695,309696,-1,0.018419998855865594,-0.10000251329067124
A_sweep_reclaim,309954,309955,-1,-0.0039336892386359025,-1.0
A_sweep_reclaim,310025,310026,1,-0.0020802377413123713,-1.0
A_sweep_reclaim,310112,310113,-1,-0.0018587360595200884,2.0
A_sweep_reclaim,310250,310251,1,0.005399151561874961,2.0
A_sweep_reclaim,310402,310403,1,0.021709633649912734,-1.0
A_sweep_reclaim,310503,310504,1,0.008127721335199413,-0.6154015927608811
A_sweep_reclaim,310707,310708,1,0.032744576175493735,-1.0
A_sweep_reclaim,310848,310849,1,-0.007705856450790615,2.0
A_sweep_reclaim,310872,310873,-1,-0.0029118136439903516,2.0
A_sweep_reclaim,310980,310981,1,0.0016544552115700408,-1.0
A_sweep_reclaim,311089,311090,1,-0.021039072563517405,2.0
A_sweep_reclaim,311204,311205,1,0.00323250981275282,-1.0
A_sweep_reclaim,311314,311315,1,-0.0015946056768309947,1.043036303854898
A_sweep_reclaim,311415,311416,1,-0.01250372134553222,2.0
A_sweep_reclaim,311529,311530,1,0.0007842258570639376,2.0
A_sweep_reclaim,311638,311639,-1,0.024084193483110743,-1.0
A_sweep_reclaim,311702,311703,1,-0.010587345601280699,2.0
A_sweep_reclaim,311778,311779,1,0.0017816238228945997,-1.0
A_sweep_reclaim,311846,311847,1,-0.0030554343082290873,-1.0
A_sweep_reclaim,311859,311860,1,0.0022085502445662276,2.0
A_sweep_reclaim,311869,311870,-1,-0.023210248681166022,2.0
A_sweep_reclaim,311882,311883,1,0.009666283084069012,-1.0
A_sweep_reclaim,311908,311909,1,0.0023100404256528413,2.0
A_sweep_reclaim,312062,312063,-1,-0.010163866417845157,2.0
A_sweep_reclaim,312079,312080,1,-0.0009173710766205165,2.0
A_sweep_reclaim,312151,312152,-1,0.0030309590819806863,-1.0
A_sweep_reclaim,312244,312245,1,0.001549529607117443,2.0
A_sweep_reclaim,312492,312493,-1,-0.0279055504446722,-1.0
A_sweep_reclaim,312668,312669,-1,0.0,2.0
A_sweep_reclaim,312713,312714,1,-0.004228329809817418,-1.0
A_sweep_reclaim,312944,312945,-1,0.0,2.0
A_sweep_reclaim,313091,313092,1,-0.002186588921330518,-0.41123062451433867
A_sweep_reclaim,313231,313232,1,-0.017433172837414395,-1.0
A_sweep_reclaim,313256,313257,1,0.012487735260058056,-1.0
A_sweep_reclaim,313286,313287,1,0.016634262259617654,-0.7654677436322979
A_sweep_reclaim,313454,313455,-1,0.0011296699750105348,-1.0
A_sweep_reclaim,313463,313464,-1,0.008983957219243123,-1.0
A_sweep_reclaim,313701,313702,1,0.0018217306441517054,2.0
A_sweep_reclaim,313782,313783,-1,-0.0017960230917646518,-1.0
A_sweep_reclaim,313810,313811,-1,-0.004074505238553337,-1.0
A_sweep_reclaim,313873,313874,-1,0.0063771636804803656,-1.0
A_sweep_reclaim,313926,313927,-1,-0.008195521732760062,-1.0
A_sweep_reclaim,314243,314244,1,-0.012742718446493407,2.0
A_sweep_reclaim,314331,314332,-1,0.00196133370696344,-1.0
A_sweep_reclaim,314366,314367,-1,-0.00705645161284349,-1.0
A_sweep_reclaim,314387,314388,1,0.008386581469662185,-1.0
A_sweep_reclaim,314458,314459,1,0.0033108667376860914,2.0
A_sweep_reclaim,314553,314554,1,-0.0032287822878933124,2.0
A_sweep_reclaim,314610,314611,-1,0.0034431874078468586,-1.0
A_sweep_reclaim,314740,314741,1,0.0016358962374743635,-1.0
A_sweep_reclaim,314751,314752,1,-0.000869619230948024,-1.0
A_sweep_reclaim,314991,314992,-1,-0.0017374038223263541,-1.0
A_sweep_reclaim,315025,315026,-1,-0.005999314364094675,-1.0
A_sweep_reclaim,315233,315234,1,-0.013665011991689029,-1.0
A_sweep_reclaim,315377,315378,-1,0.0,-1.0
A_sweep_reclaim,315463,315464,-1,-0.007641087217580495,2.0
A_sweep_reclaim,315528,315529,-1,-0.005102040816283296,2.0
A_sweep_reclaim,315800,315801,1,-0.0019125683058788053,-1.0
A_sweep_reclaim,315851,315852,-1,-0.014402420574815727,-1.0
A_sweep_reclaim,316041,316042,1,-0.000988700564993349,-1.0
A_sweep_reclaim,316137,316138,-1,-0.00369653230061986,-1.0
A_sweep_reclaim,316208,316209,-1,-0.0014231981294126708,-1.0
A_sweep_reclaim,316310,316311,1,-0.0026468364002800227,-1.0
A_sweep_reclaim,316419,316420,1,0.01919900264925521,-1.0
A_sweep_reclaim,316439,316440,1,0.0031353227702787894,0.3049155613006028
A_sweep_reclaim,316630,316631,1,0.0012174971736938242,2.0
A_sweep_reclaim,316738,316739,1,-0.0,-1.0
A_sweep_reclaim,316811,316812,1,0.004429445264674585,2.0
A_sweep_reclaim,316846,316847,-1,0.01094605160278208,-1.0
A_sweep_reclaim,316939,316940,1,0.0018210197711115573,-1.0
A_sweep_reclaim,317121,317122,1,-0.0009516688192716757,-1.0
A_sweep_reclaim,317190,317191,-1,0.001710654936498763,2.0
A_sweep_reclaim,317246,317247,1,-0.001980057987455724,2.0
A_sweep_reclaim,317448,317449,1,0.03997144896508019,2.0
A_sweep_reclaim,317501,317502,-1,-0.016087331226766397,-1.0
A_sweep_reclaim,317560,317561,1,0.034119862634358934,-1.0
A_sweep_reclaim,317659,317660,1,-0.001386001386031624,-1.0
A_sweep_reclaim,317822,317823,1,-0.001866417810999228,-1.0
A_sweep_reclaim,317877,317878,-1,-0.00711985082211251,-1.0
A_sweep_reclaim,317904,317905,1,-0.004364089775656552,-1.0
A_sweep_reclaim,318024,318025,-1,-0.0013663868827157631,2.0
A_sweep_reclaim,318057,318058,-1,0.004452926208748526,-1.0
A_sweep_reclaim,318119,318120,1,0.006366530240964928,2.0
A_sweep_reclaim,318135,318136,-1,-0.009776536312884741,-1.0
A_sweep_reclaim,318318,318319,1,-0.003703703703784485,2.0
A_sweep_reclaim,318380,318381,-1,0.021369385085230806,-1.0
A_sweep_reclaim,318392,318393,1,0.016990291262163636,-1.0
A_sweep_reclaim,318490,318491,1,0.003523194362859138,-1.0
A_sweep_reclaim,318554,318555,1,0.002065506049027066,-1.0
A_sweep_reclaim,318620,318621,-1,-0.04111600587381122,-1.0
A_sweep_reclaim,318650,318651,-1,-0.006146641299523419,-1.0
A_sweep_reclaim,318717,318718,-1,0.0037889039243045506,-1.0
A_sweep_reclaim,318833,318834,1,0.0017073170732080556,-1.0
A_sweep_reclaim,318881,318882,1,-0.008966695132561195,-1.0
A_sweep_reclaim,319120,319121,1,-0.002168861347839714,2.0
A_sweep_reclaim,319428,319429,1,0.03764631445746559,2.0
A_sweep_reclaim,319531,319532,-1,0.012686905301302369,-1.0
A_sweep_reclaim,319595,319596,1,0.0016653779812845846,2.0
A_sweep_reclaim,319668,319669,-1,-0.00846637639093537,-1.0
A_sweep_reclaim,319715,319716,1,0.014992503748180315,-1.0
A_sweep_reclaim,319723,319724,1,-0.0047265361241286274,-1.0
A_sweep_reclaim,319777,319778,1,0.009013151844096732,-1.0
A_sweep_reclaim,319835,319836,-1,0.0020780762951321413,-1.0
A_sweep_reclaim,319920,319921,-1,-0.012173308158550352,-1.0
A_sweep_reclaim,320027,320028,-1,-0.0016692500298444927,1.2934896127100244
A_sweep_reclaim,320190,320191,-1,-0.0020307513780541487,-1.0
A_sweep_reclaim,320342,320343,-1,0.11006289308171519,-1.0
A_sweep_reclaim,320451,320452,-1,-0.02169421487584876,2.0
A_sweep_reclaim,320596,320597,-1,-0.0011397310233996682,-1.0
A_sweep_reclaim,320668,320669,1,0.019433647973451273,2.0
A_sweep_reclaim,320686,320687,-1,0.008105760880108021,2.0
A_sweep_reclaim,320736,320737,1,-0.0035887007194185688,2.0
A_sweep_reclaim,320809,320810,1,0.013931734500826506,2.0
A_sweep_reclaim,320845,320846,1,-0.005123513266235039,2.0
A_sweep_reclaim,320988,320989,1,0.0017164435290454323,-1.0
A_sweep_reclaim,321027,321028,1,-0.0024249982678010377,-1.0
A_sweep_reclaim,321144,321145,1,-0.0016581783726525485,0.6627850468581057
A_sweep_reclaim,321356,321357,1,-0.037658227848116406,-1.0
A_sweep_reclaim,321511,321512,1,-0.0019323671497127766,-1.0
A_sweep_reclaim,321654,321655,-1,-0.007377740303568005,-1.0
A_sweep_reclaim,321725,321726,1,-0.0,2.0
A_sweep_reclaim,321768,321769,1,0.015260934732238591,2.0
A_sweep_reclaim,321888,321889,1,0.0013585638038847547,0.550338582573193
A_sweep_reclaim,322032,322033,1,0.003928538022602519,0.7348035300198018
A_sweep_reclaim,322210,322211,1,0.0061369863013644044,-1.0
A_sweep_reclaim,322304,322305,1,0.0033999838095720523,-1.0
A_sweep_reclaim,322332,322333,1,-0.0040971612525756,-1.0
A_sweep_reclaim,322387,322388,1,0.027918781725921177,-1.0
A_sweep_reclaim,322661,322662,-1,-0.0034696406442798738,-1.0
A_sweep_reclaim,322830,322831,-1,-0.02852292020371026,2.0
A_sweep_reclaim,322862,322863,1,0.02398523985241877,2.0
A_sweep_reclaim,323036,323037,1,-0.012990455991461869,-1.0
A_sweep_reclaim,323044,323045,-1,-0.025908249732096506,-0.7636609517275934
A_sweep_reclaim,323225,323226,1,0.0016067944451171154,-1.0
A_sweep_reclaim,323322,323323,1,-0.0014989293362211464,2.0
A_sweep_reclaim,323353,323354,-1,-0.007476679879435776,-1.0
A_sweep_reclaim,323378,323379,-1,-0.0017641129032642598,-1.0
A_sweep_reclaim,323413,323414,1,-0.002891964470082391,-1.0
A_sweep_reclaim,323441,323442,1,-0.0008237716975011526,0.9407199387286821
A_sweep_reclaim,323575,323576,-1,-0.00148226574897113,-1.0
A_sweep_reclaim,323645,323646,-1,-0.008714388316920542,-1.0
A_sweep_reclaim,323681,323682,-1,-0.003894658753676166,2.0
A_sweep_reclaim,323756,323757,-1,-0.0015541740675294852,-1.0
A_sweep_reclaim,323769,323770,1,0.014749262536926945,-1.0
A_sweep_reclaim,323930,323931,-1,-0.015750984436393063,2.0
A_sweep_reclaim,323975,323976,-1,-0.0005866946044910929,2.0
A_sweep_reclaim,324034,324035,1,0.007335603877383761,2.0
A_sweep_reclaim,324126,324127,-1,-0.007762683670633424,-1.0
A_sweep_reclaim,324150,324151,-1,0.010342789598146468,-1.0
A_sweep_reclaim,324262,324263,1,0.005343715409020641,2.0
A_sweep_reclaim,324448,324449,1,0.0006901991717132858,-0.6673672222189638
A_sweep_reclaim,324588,324589,-1,0.0,-1.0
A_sweep_reclaim,324696,324697,1,-0.012215812690891826,-1.0
A_sweep_reclaim,324854,324855,1,-0.0009055773864381559,-1.0
A_sweep_reclaim,325620,325621,1,0.0036931518412462653,-1.0
A_sweep_reclaim,325650,325651,1,0.0009631922944826634,2.0
A_sweep_reclaim,325763,325764,-1,0.006948876125708432,-1.0
A_sweep_reclaim,325774,325775,1,-0.013871951219523811,2.0
A_sweep_reclaim,325862,325863,1,0.002084729357470519,-1.0
A_sweep_reclaim,325891,325892,1,0.007181436890863321,-1.0
A_sweep_reclaim,325965,325966,-1,-0.0008480736612350951,-1.0
A_sweep_reclaim,326251,326252,1,0.0030668127053641117,-1.0
A_sweep_reclaim,326455,326456,1,0.004282393246069635,-1.0
A_sweep_reclaim,326611,326612,-1,-0.002815768302555414,-1.0
A_sweep_reclaim,326661,326662,-1,0.03852696887822703,-1.0
A_sweep_reclaim,326700,326701,-1,0.004022089571262225,-1.0
A_sweep_reclaim,326780,326781,1,0.0011818335302955529,-1.0
A_sweep_reclaim,326811,326812,-1,-0.010799264225962744,-1.0
A_sweep_reclaim,326975,326976,1,-0.01720926767488271,2.0
A_sweep_reclaim,327091,327092,1,-0.0012686138883292598,-1.0
A_sweep_reclaim,327104,327105,1,0.0017992545945098568,2.0
A_sweep_reclaim,327182,327183,-1,0.0,2.0
A_sweep_reclaim,327540,327541,1,0.003866548828931804,-1.0
A_sweep_reclaim,327628,327629,1,0.012394864984535469,2.0
A_sweep_reclaim,327714,327715,1,-0.0006143853951948766,1.2261097116285022
A_sweep_reclaim,327845,327846,1,0.0022440392706851785,-1.0
A_sweep_reclaim,328072,328073,1,0.0010590816249569281,-1.0
A_sweep_reclaim,328111,328112,1,0.0009279512162991715,-1.0
A_sweep_reclaim,328193,328194,-1,-0.002109068996731753,2.0
A_sweep_reclaim,328223,328224,1,-0.004519774011295337,-1.0
A_sweep_reclaim,328245,328246,1,-0.0005056159485826709,-1.0
A_sweep_reclaim,328312,328313,-1,0.009345794392495561,2.0
A_sweep_reclaim,328463,328464,-1,-0.0016070711128587391,-1.0
A_sweep_reclaim,328551,328552,1,-0.0008116883117060312,-1.0
A_sweep_reclaim,328625,328626,-1,0.0071351213607630725,-1.0
A_sweep_reclaim,328731,328732,1,-0.0010974367014427626,2.0
A_sweep_reclaim,328829,328830,1,0.010675909878651134,-1.0
A_sweep_reclaim,328901,328902,1,0.005860192549178488,-0.0893885679076181
A_sweep_reclaim,329037,329038,-1,-0.010489308973555041,-1.0
A_sweep_reclaim,329149,329150,1,-0.0008465352520880664,1.2855419278553477
A_sweep_reclaim,329487,329488,-1,-0.0008813345923218247,-0.6470008272798256
A_sweep_reclaim,329594,329595,1,-0.005139815211439709,-1.0
A_sweep_reclaim,329657,329658,1,0.0020970641102278573,-1.0
A_sweep_reclaim,329757,329758,1,-0.00895742026295618,2.0
A_sweep_reclaim,329950,329951,1,-0.007796030388575813,1.156255165587599
A_sweep_reclaim,330082,330083,1,-0.0013484877673189779,2.0
A_sweep_reclaim,330239,330240,-1,0.002301117685783276,2.0
A_sweep_reclaim,330296,330297,1,-0.0020606417427591235,-1.0
A_sweep_reclaim,330431,330432,1,-0.0501963462523589,-1.0
A_sweep_reclaim,330478,330479,1,-0.010253593335155048,2.0
A_sweep_reclaim,330564,330565,-1,0.02156578470461188,2.0
A_sweep_reclaim,330586,330587,1,-0.0,-0.03733364251463084
A_sweep_reclaim,330734,330735,1,-0.0010329816277064297,-1.0
A_sweep_reclaim,330828,330829,-1,0.0012819338888659785,2.0
A_sweep_reclaim,330997,330998,1,-0.01221488221358494,-1.0
A_sweep_reclaim,331133,331134,-1,-0.0008843408502498665,-1.0
A_sweep_reclaim,331298,331299,-1,0.0013128282070804151,2.0
A_sweep_reclaim,331385,331386,-1,-0.001979638009092978,2.0
A_sweep_reclaim,331464,331465,1,0.013363879343309492,-1.0
A_sweep_reclaim,331479,331480,1,0.013208931753874043,-1.0
A_sweep_reclaim,331494,331495,1,0.0008397816567111835,1.1822265350939987
A_sweep_reclaim,331622,331623,1,-0.004228329809817437,2.0
A_sweep_reclaim,331805,331806,1,-0.006566604127573925,-1.0
A_sweep_reclaim,331829,331830,1,0.008894536213393405,-1.0
A_sweep_reclaim,331911,331912,1,0.006962699822351158,-1.0
A_sweep_reclaim,331955,331956,1,0.003351687814217667,-1.0
A_sweep_reclaim,332057,332058,1,0.0010227189714592413,-1.0
A_sweep_reclaim,332117,332118,1,0.01687998516046654,-1.0
A_sweep_reclaim,332185,332186,-1,0.0026648900733425842,-1.0
A_sweep_reclaim,332231,332232,1,-0.0,-1.0
A_sweep_reclaim,332423,332424,1,0.0020110608345426714,-1.0
A_sweep_reclaim,332460,332461,1,0.003482875860323641,2.0
A_sweep_reclaim,332514,332515,-1,-0.0034877232142984074,-1.0
A_sweep_reclaim,332600,332601,-1,-0.0030163746049730027,2.0
A_sweep_reclaim,332684,332685,1,-0.0011240465676680342,0.34237551480838696
A_sweep_reclaim,332826,332827,-1,-0.014255167498269827,-1.0
A_sweep_reclaim,333127,333128,-1,-0.004755111745143337,-1.0
A_sweep_reclaim,333179,333180,-1,-0.0321002751451372,2.0
A_sweep_reclaim,333230,333231,-1,0.00666222518323539,-1.0
A_sweep_reclaim,333246,333247,-1,0.008234083223048028,-1.0
A_sweep_reclaim,333393,333394,-1,-0.013386149433255811,2.0
A_sweep_reclaim,333677,333678,-1,-0.003729355354370166,-1.0
A_sweep_reclaim,333735,333736,-1,-0.008574928542449237,2.0
A_sweep_reclaim,333765,333766,1,-0.023565416985392287,-1.0
A_sweep_reclaim,333865,333866,1,-0.027284538761413037,-1.0
A_sweep_reclaim,333933,333934,1,0.0017911975435396133,-1.0
A_sweep_reclaim,334051,334052,-1,0.001241685144151282,-1.0
A_sweep_reclaim,334083,334084,-1,0.016867469879467998,-1.0
A_sweep_reclaim,334135,334136,1,-0.011510453370870708,2.0
A_sweep_reclaim,334177,334178,-1,0.0015755120413045954,-1.0
A_sweep_reclaim,334299,334300,1,-0.0021584952205220254,-1.0
A_sweep_reclaim,334387,334388,1,0.006705623143881708,2.0
A_sweep_reclaim,334709,334710,1,0.0012619433928524953,2.0
A_sweep_reclaim,335023,335024,1,-0.0,-0.05789500570435569
A_sweep_reclaim,335121,335122,-1,0.0037079544450996423,-1.0
A_sweep_reclaim,335240,335241,1,-0.0022218695445652505,-1.0
A_sweep_reclaim,335321,335322,1,0.003068829460829786,2.0
A_sweep_reclaim,335402,335403,1,-0.001651138105794587,-1.0
A_sweep_reclaim,335575,335576,1,-0.004217375587358835,-1.0
A_sweep_reclaim,335712,335713,1,-0.06492464104170148,2.0
A_sweep_reclaim,335903,335904,1,0.002230601731352886,-1.0
A_sweep_reclaim,335943,335944,-1,0.005253677574225497,-1.0
A_sweep_reclaim,335968,335969,-1,-0.005740528128608733,2.0
A_sweep_reclaim,336013,336014,1,0.0009378977691636386,2.0
A_sweep_reclaim,336089,336090,1,-0.0018801410105740868,2.0
A_sweep_reclaim,336203,336204,1,0.0031212841854669766,2.0
A_sweep_reclaim,336242,336243,-1,0.0034566194262137468,-1.0
A_sweep_reclaim,336295,336296,-1,0.006353816828560878,-1.0
A_sweep_reclaim,336424,336425,1,-0.006428337159781341,-1.0
A_sweep_reclaim,336582,336583,-1,-0.018160198897399938,2.0
A_sweep_reclaim,336725,336726,1,-0.0032428425831675105,2.0
A_sweep_reclaim,336914,336915,1,-0.005573692172963916,-1.0
A_sweep_reclaim,337059,337060,1,-0.00762750932484614,2.0
A_sweep_reclaim,337177,337178,-1,-0.009453652547625245,-1.0
A_sweep_reclaim,337252,337253,1,-0.002117962973466782,2.0
A_sweep_reclaim,337435,337436,1,-0.0028098908156302844,2.0
A_sweep_reclaim,337572,337573,1,-0.0012943308309886512,2.0
A_sweep_reclaim,337872,337873,1,-0.0015217804831639315,2.0
A_sweep_reclaim,337962,337963,1,-0.003369975126345433,-1.0
A_sweep_reclaim,338011,338012,1,0.0026709547300316793,-1.0
A_sweep_reclaim,338140,338141,1,-0.001097780914318644,-1.0
A_sweep_reclaim,338185,338186,1,0.010830999066291815,2.0
A_sweep_reclaim,338280,338281,-1,0.016336818521284557,2.0
A_sweep_reclaim,338491,338492,1,0.0012159814707482137,-1.0
A_sweep_reclaim,338511,338512,1,0.0004539117465561821,-0.10022889886641058
A_sweep_reclaim,338661,338662,1,-0.00196147110334057,0.5619039179931001
A_sweep_reclaim,338790,338791,1,-0.003286192124872315,2.0
A_sweep_reclaim,339006,339007,-1,-0.0022044929665989386,-1.0
A_sweep_reclaim,339084,339085,1,-0.0058063751630606526,-1.0
A_sweep_reclaim,339366,339367,1,-0.0005108184040685116,-1.0
A_sweep_reclaim,339400,339401,1,-0.0009408760227603898,-0.36930407431630513
A_sweep_reclaim,339541,339542,1,-0.005368509855021018,-1.0
A_sweep_reclaim,339582,339583,-1,0.0036096946083826343,-1.0
A_sweep_reclaim,339768,339769,-1,-0.034822003597678106,-0.4254437149223772
A_sweep_reclaim,339913,339914,1,-0.0006460544531163937,2.0
A_sweep_reclaim,340044,340045,1,0.0009243364584910705,0.9117099813936833
A_sweep_reclaim,340333,340334,-1,1.894478844169383,2.0
A_sweep_reclaim,340347,340348,-1,-0.0032496601120665866,-1.0
A_sweep_reclaim,340459,340460,1,-0.026456961716611452,-1.0
A_sweep_reclaim,340567,340568,1,-0.017327924087217696,2.0
A_sweep_reclaim,340741,340742,-1,-0.0031683765842575066,-1.0
A_sweep_reclaim,340828,340829,-1,-0.0032009755354712455,2.0
A_sweep_reclaim,340862,340863,1,-0.0056130972268149774,-1.0
A_sweep_reclaim,340947,340948,1,0.006484108145655182,-1.0
A_sweep_reclaim,341028,341029,1,0.008315655494237652,2.0
A_sweep_reclaim,341082,341083,-1,0.005601600457250193,-1.0
A_sweep_reclaim,341215,341216,-1,0.0014217528180189155,-1.0
A_sweep_reclaim,341235,341236,1,0.001204964453531089,0.512743451871494
A_sweep_reclaim,341398,341399,1,-0.007505193325731897,2.0
A_sweep_reclaim,341467,341468,-1,-0.031242659149569637,-1.0
A_sweep_reclaim,341656,341657,-1,0.0010958904109828094,-1.0
A_sweep_reclaim,341677,341678,1,-0.018720994257853892,-1.0
A_sweep_reclaim,341705,341706,-1,0.0019012697764694002,-1.0
A_sweep_reclaim,341876,341877,1,-0.0011255225640721563,0.08095068075035448
A_sweep_reclaim,342200,342201,1,0.0025084211281275574,-1.0
A_sweep_reclaim,342260,342261,1,0.0024456711620965883,-1.0
A_sweep_reclaim,342306,342307,1,0.0005010557961528076,2.0
A_sweep_reclaim,342429,342430,1,0.003208360069620555,2.0
A_sweep_reclaim,342544,342545,1,0.003208433596953253,0.0985152346773691
A_sweep_reclaim,342653,342654,1,-0.013262142611052512,-1.0
A_sweep_reclaim,342679,342680,1,-0.0030849461970431456,-1.0
A_sweep_reclaim,342690,342691,1,0.009120262844897115,-1.0
A_sweep_reclaim,342808,342809,-1,0.008029057541592109,2.0
A_sweep_reclaim,342870,342871,1,-0.0026165429594205932,2.0
A_sweep_reclaim,343003,343004,1,0.0021728165133541254,-1.0
A_sweep_reclaim,343024,343025,1,0.020453819111518397,2.0
A_sweep_reclaim,343168,343169,-1,-0.009323233164063695,2.0
A_sweep_reclaim,343318,343319,-1,-0.0018042399639546407,-1.0
A_sweep_reclaim,343446,343447,1,0.03968816442244256,2.0
A_sweep_reclaim,343683,343684,1,-0.010083036773432665,2.0
A_sweep_reclaim,343759,343760,1,-0.0015362247277651295,2.0
A_sweep_reclaim,343952,343953,1,0.0033272597639956844,-1.0
A_sweep_reclaim,343965,343966,1,-0.0011327777328510012,2.0
A_sweep_reclaim,344061,344062,1,-0.0018250851434793746,2.0
A_sweep_reclaim,344134,344135,1,-0.0026461390425927957,-1.0
A_sweep_reclaim,344172,344173,-1,0.0030136101680149274,-1.0
A_sweep_reclaim,344221,344222,1,-0.0030425844346614944,-1.0
A_sweep_reclaim,344303,344304,1,-0.0001477455610406102,1.0962482534580305
A_sweep_reclaim,344491,344492,-1,0.0014031711668676726,2.0
A_sweep_reclaim,344604,344605,1,-0.001974771289235327,-1.0
A_sweep_reclaim,344647,344648,1,0.002172919558844391,1.2046693977347993
A_sweep_reclaim,345047,345048,-1,-0.0010857342277952244,-1.0
A_sweep_reclaim,345146,345147,1,0.006472325671000479,2.0
A_sweep_reclaim,345280,345281,1,-0.00035619784246656037,-1.0
A_sweep_reclaim,345395,345396,-1,-0.004696185547229723,-1.0
A_sweep_reclaim,345612,345613,1,-0.003974638024075639,2.0
A_sweep_reclaim,345731,345732,-1,0.006662965019377104,2.0
A_sweep_reclaim,345761,345762,1,0.00416239965644357,-1.0
A_sweep_reclaim,345794,345795,1,-0.0023514920777150407,1.0607719474202957
A_sweep_reclaim,345955,345956,1,0.0005473881764273412,-1.0
A_sweep_reclaim,346015,346016,1,-0.006417602567083859,2.0
A_sweep_reclaim,346243,346244,1,-0.002769892473113031,-1.0
A_sweep_reclaim,346255,346256,1,0.00011327410715977786,0.495697197076416
A_sweep_reclaim,346513,346514,1,0.0011578541104073719,-1.0
A_sweep_reclaim,346518,346519,1,0.0010731258623567135,2.0
A_sweep_reclaim,346591,346592,-1,-0.00035159977900210064,-1.0
A_sweep_reclaim,346657,346658,-1,-0.0017652807111944685,-1.0
A_sweep_reclaim,346695,346696,-1,0.0005368715726619572,-1.0
A_sweep_reclaim,346755,346756,-1,0.005933670045601625,2.0
A_sweep_reclaim,346846,346847,1,-0.0003296677420186429,-1.0
A_sweep_reclaim,346927,346928,1,-0.0022260382879071084,-1.0
A_sweep_reclaim,347019,347020,1,-0.006497461928928066,-1.0
A_sweep_reclaim,347065,347066,1,0.0008707279908141583,2.0
A_sweep_reclaim,347092,347093,1,0.0021011556356454594,0.07194666132825776
A_sweep_reclaim,347287,347288,-1,-0.0024741851599280984,2.0
A_sweep_reclaim,347387,347388,-1,0.0005504334663667726,-1.0
A_sweep_reclaim,347456,347457,1,-0.0003458113599107209,-1.0
A_sweep_reclaim,347518,347519,1,0.0011867888233277426,1.0295608393192213
A_sweep_reclaim,347787,347788,1,-0.0008976660681877923,-1.0
A_sweep_reclaim,347801,347802,1,0.0046333643603225965,-1.0
A_sweep_reclaim,347918,347919,-1,-0.00021142287595979259,2.0
A_sweep_reclaim,347948,347949,1,0.00591680251163614,2.0
A_sweep_reclaim,348006,348007,1,-0.005821897463291944,-1.0
A_sweep_reclaim,348039,348040,1,-0.0003260363297102678,2.0
A_sweep_reclaim,348316,348317,1,-0.0006588958787775459,-0.1688716267488795
A_sweep_reclaim,348447,348448,-1,0.0009132022960714167,-1.0
A_sweep_reclaim,348543,348544,1,-0.014334470989739575,-1.0
A_sweep_reclaim,348575,348576,1,0.008849987843430815,2.0
A_sweep_reclaim,348686,348687,1,-0.0030605106681325218,-1.0
A_sweep_reclaim,348692,348693,1,-0.000960878517522679,-1.0
A_sweep_reclaim,348771,348772,1,0.001159564335086676,2.0
A_sweep_reclaim,348838,348839,1,0.00036968576710604077,2.0
A_sweep_reclaim,349044,349045,1,-0.02352804821518424,-1.0
A_sweep_reclaim,349108,349109,1,-0.0018226318804088282,-1.0
A_sweep_reclaim,349152,349153,1,0.005573853559602985,2.0
A_sweep_reclaim,349237,349238,1,0.006443649448713986,0.05505770146222013
A_sweep_reclaim,349346,349347,1,0.000821740916846013,-1.0
A_sweep_reclaim,349449,349450,-1,0.002324165790543798,2.0
A_sweep_reclaim,349513,349514,-1,0.011322789360190965,2.0
A_sweep_reclaim,349612,349613,-1,0.00997557003253196,-1.0
A_sweep_reclaim,349787,349788,-1,-0.003544902093257729,2.0
A_sweep_reclaim,349911,349912,1,0.0016610638718970543,-1.0
A_sweep_reclaim,349933,349934,1,-0.0016543574594157272,2.0
A_sweep_reclaim,349983,349984,-1,0.0012557743194425825,-1.0
A_sweep_reclaim,350077,350078,-1,0.0015340784571888776,2.0
A_sweep_reclaim,350101,350102,1,0.016143338655326824,2.0
A_sweep_reclaim,350159,350160,1,-0.0005242660275728523,-1.0
A_sweep_reclaim,350257,350258,-1,-0.001931123270077542,-1.0
A_sweep_reclaim,350275,350276,-1,-0.0011685168183211284,-1.0
A_sweep_reclaim,350309,350310,-1,0.025716203327585247,-1.0
A_sweep_reclaim,350338,350339,1,0.0004898187670668751,1.6077769759597318
A_sweep_reclaim,350443,350444,-1,0.004942727130088051,-1.0
A_sweep_reclaim,350491,350492,-1,0.0003714513133538234,0.3792526707594299
A_sweep_reclaim,350638,350639,1,0.001091958505600615,2.0
A_sweep_reclaim,350809,350810,1,-0.0006086956521872092,-1.0
A_sweep_reclaim,350848,350849,1,0.002546959567072459,-1.0
A_sweep_reclaim,350973,350974,1,0.0032887009631913052,-1.0
A_sweep_reclaim,351008,351009,1,0.0007295846578928292,-1.0
A_sweep_reclaim,351023,351024,1,0.0011211959423629665,-1.0
A_sweep_reclaim,351080,351081,1,-0.005932660451480918,0.21355286012895686
A_sweep_reclaim,351384,351385,1,0.00368726013995002,-1.0
A_sweep_reclaim,351501,351502,1,-0.0017682907575617252,2.0
A_sweep_reclaim,351712,351713,-1,0.004119031607245787,2.0
A_sweep_reclaim,351755,351756,1,0.004200534613518523,-1.0
A_sweep_reclaim,351872,351873,-1,-0.005952380952402589,-1.0
A_sweep_reclaim,351902,351903,-1,0.004090662436849049,-1.0
A_sweep_reclaim,351935,351936,-1,0.0023546230500221263,-1.0
A_sweep_reclaim,352206,352207,1,-0.00426699177081708,-1.0
A_sweep_reclaim,352272,352273,-1,-0.0004755434782712561,-1.0
A_sweep_reclaim,352376,352377,1,0.0006379294632418502,-1.0
A_sweep_reclaim,352497,352498,-1,-0.013868437257399339,-1.0
A_sweep_reclaim,352656,352657,-1,0.0005154259627533118,2.0
A_sweep_reclaim,352721,352722,1,0.009982813471321496,2.0
A_sweep_reclaim,352807,352808,-1,-0.026066602830047598,-1.0
A_sweep_reclaim,352934,352935,1,-0.0012155943387194927,0.3689853640067363
A_sweep_reclaim,353226,353227,1,0.0015454244397236781,-1.0
A_sweep_reclaim,353449,353450,-1,-0.003497158558667917,1.6641481202895732
A_sweep_reclaim,353551,353552,1,0.008844525870230104,-1.0
A_sweep_reclaim,353584,353585,1,0.001102297108437478,-1.0
A_sweep_reclaim,353637,353638,1,-0.00195289147504815,0.5724825683429986
A_sweep_reclaim,353797,353798,1,1.7789388252003833,-1.0
A_sweep_reclaim,353825,353826,-1,-0.01181957063600744,2.0
A_sweep_reclaim,353932,353933,-1,-0.0004381435233094095,-1.0
A_sweep_reclaim,354077,354078,1,0.0013492675404461292,2.0
A_sweep_reclaim,354262,354263,-1,-0.0007598371777642187,0.9186390390965155
A_sweep_reclaim,354368,354369,1,0.005828476269784653,2.0
A_sweep_reclaim,354501,354502,1,-0.0003932032018060829,1.4989058630082752
A_sweep_reclaim,354599,354600,-1,0.004292371841978256,2.0
A_sweep_reclaim,354709,354710,1,-0.0021502073414202487,-1.0
A_sweep_reclaim,354741,354742,1,0.0015561319006907727,-1.0
A_sweep_reclaim,354966,354967,1,-0.0005048501676934011,-1.0
A_sweep_reclaim,355029,355030,-1,0.016367090457387094,-1.0
A_sweep_reclaim,355090,355091,1,-0.0005955419431812873,-1.0
A_sweep_reclaim,355132,355133,1,0.005167785234926675,2.0
A_sweep_reclaim,355295,355296,-1,-0.012826076474248597,-1.0
A_sweep_reclaim,355457,355458,1,-0.0011808367070708804,-1.0
A_sweep_reclaim,355584,355585,-1,0.0018972760536209565,-1.0
A_sweep_reclaim,355598,355599,1,0.0049209138840249165,0.3389220313167154
B_breakout_pullback,777,778,1,-0.0,-1.0
B_breakout_pullback,782,783,1,-0.0,2.0
B_breakout_pullback,1322,1323,1,-0.0,2.0
B_breakout_pullback,6129,6130,1,-0.0,2.0
B_breakout_pullback,8350,8351,1,-0.0,-1.0
B_breakout_pullback,12462,12463,1,-0.0,-1.0
B_breakout_pullback,13762,13763,1,-0.0,-1.0
B_breakout_pullback,13919,13920,1,-0.0,-1.0
B_breakout_pullback,14023,14024,1,-0.0,0.30009165919331987
B_breakout_pullback,16760,16761,-1,0.0,1.4190550024607058
B_breakout_pullback,17127,17128,1,-0.0,-1.0
B_breakout_pullback,17998,17999,-1,0.0,2.0
B_breakout_pullback,18396,18397,1,-0.0,-1.0
B_breakout_pullback,19057,19058,-1,0.0,2.0
B_breakout_pullback,20329,20330,1,-0.0,-1.0
B_breakout_pullback,20495,20496,-1,0.0,-1.0
B_breakout_pullback,20714,20715,-1,0.0,-1.0
B_breakout_pullback,20764,20765,1,-0.0,0.6509000611230149
B_breakout_pullback,21430,21431,1,-0.0,2.0
B_breakout_pullback,26128,26129,1,-0.0,-0.11479485925690618
B_breakout_pullback,27326,27327,1,-0.0,0.10025049636031252
B_breakout_pullback,29699,29700,-1,0.0,-1.0
B_breakout_pullback,31065,31066,-1,0.0,2.0
B_breakout_pullback,32033,32034,1,-0.0,2.0
B_breakout_pullback,32449,32450,1,-0.0,-0.1821251626117689
B_breakout_pullback,32701,32702,-1,0.0,-1.0
B_breakout_pullback,34186,34187,-1,0.0,-0.6255096532169542
B_breakout_pullback,34856,34857,-1,0.0,2.0
B_breakout_pullback,36587,36588,1,-0.0,-1.0
B_breakout_pullback,37950,37951,-1,0.0,2.0
B_breakout_pullback,39252,39253,1,-0.0,-1.0
B_breakout_pullback,39997,39998,-1,0.0,-1.0
B_breakout_pullback,41287,41288,-1,0.0,-1.0
B_breakout_pullback,41293,41294,-1,0.0,2.0
B_breakout_pullback,43151,43152,-1,0.0,-1.0
B_breakout_pullback,43508,43509,-1,0.0,-1.0
B_breakout_pullback,43876,43877,1,-0.0,-1.0
B_breakout_pullback,46284,46285,-1,0.0,-1.0
B_breakout_pullback,46495,46496,1,-0.0,-1.0
B_breakout_pullback,47802,47803,1,-0.0,2.0
B_breakout_pullback,47973,47974,1,-0.0,-1.0
B_breakout_pullback,48060,48061,-1,0.0,-1.0
B_breakout_pullback,48697,48698,1,-0.0,-1.0
B_breakout_pullback,49547,49548,1,-0.0,-1.0
B_breakout_pullback,50098,50099,1,-0.0,-0.49908339448298705
B_breakout_pullback,50253,50254,1,-0.0,2.0
B_breakout_pullback,50334,50335,1,-0.0,-1.0
B_breakout_pullback,50533,50534,-1,0.0,-1.0
B_breakout_pullback,51146,51147,-1,0.0,-1.0
B_breakout_pullback,51345,51346,-1,0.0,2.0
B_breakout_pullback,51761,51762,1,-0.0,1.152379979092805
B_breakout_pullback,52383,52384,1,-0.0,2.0
B_breakout_pullback,52887,52888,1,-0.0,-1.0
B_breakout_pullback,53639,53640,1,-0.0,-1.0
B_breakout_pullback,53679,53680,1,-0.0,0.5108525162667964
B_breakout_pullback,55485,55486,1,-0.0,-1.0
B_breakout_pullback,60574,60575,1,-0.0,-1.0
B_breakout_pullback,62381,62382,1,-0.0,-1.0
B_breakout_pullback,62779,62780,-1,0.0,-1.0
B_breakout_pullback,63029,63030,1,-0.0,-1.0
B_breakout_pullback,63508,63509,-1,0.0,2.0
B_breakout_pullback,65142,65143,1,-0.0,-1.0
B_breakout_pullback,67123,67124,1,-0.0,2.0
B_breakout_pullback,67433,67434,-1,0.0,2.0
B_breakout_pullback,70664,70665,1,-0.0,-1.0
B_breakout_pullback,71073,71074,-1,0.0,-1.0
B_breakout_pullback,71955,71956,1,-0.0,2.0
B_breakout_pullback,78660,78661,-1,0.0,0.17733885322600187
B_breakout_pullback,81282,81283,-1,0.0,-1.0
B_breakout_pullback,85282,85283,-1,0.0,1.094292509589652
B_breakout_pullback,86486,86487,-1,0.0,1.0343224687615948
B_breakout_pullback,88157,88158,1,-0.0,2.0
B_breakout_pullback,88286,88287,1,-0.0,-1.0
B_breakout_pullback,89727,89728,1,-0.0,2.0
B_breakout_pullback,89740,89741,1,-0.0,1.7885021640559784
B_breakout_pullback,90152,90153,1,-0.0,-1.0
B_breakout_pullback,96212,96213,-1,0.0,-1.0
B_breakout_pullback,99254,99255,1,-0.0,1.1442113383818795
B_breakout_pullback,100247,100248,1,-0.0,-1.0
B_breakout_pullback,100429,100430,1,-0.0,2.0
B_breakout_pullback,100774,100775,1,-0.0,-1.0
B_breakout_pullback,100780,100781,1,-0.0,-1.0
B_breakout_pullback,100844,100845,-1,0.0,2.0
B_breakout_pullback,101004,101005,1,-0.0,-1.0
B_breakout_pullback,101872,101873,1,-0.0,-1.0
B_breakout_pullback,102282,102283,-1,0.0,-1.0
B_breakout_pullback,103907,103908,-1,0.0,-1.0
B_breakout_pullback,105906,105907,-1,0.0,-1.0
B_breakout_pullback,106834,106835,-1,0.0,-1.0
B_breakout_pullback,108349,108350,1,-0.0,2.0
B_breakout_pullback,111985,111986,1,-0.0,2.0
B_breakout_pullback,114714,114715,-1,0.0,-1.0
B_breakout_pullback,115974,115975,1,-0.0,0.6703922948958201
B_breakout_pullback,119773,119774,-1,0.0,-1.0
B_breakout_pullback,128685,128686,-1,0.0,-1.0
B_breakout_pullback,132880,132881,-1,0.0,-1.0
B_breakout_pullback,133146,133147,1,-0.0,2.0
B_breakout_pullback,135889,135890,1,-0.0,-1.0
B_breakout_pullback,136338,136339,1,-0.0,-1.0
B_breakout_pullback,137256,137257,1,-0.0,-1.0
B_breakout_pullback,139512,139513,1,-0.0,0.43824894292536526
B_breakout_pullback,144394,144395,1,-0.0,2.0
B_breakout_pullback,144532,144533,1,-0.0,2.0
B_breakout_pullback,145506,145507,1,-0.0,-1.0
B_breakout_pullback,145948,145949,-1,0.0,-1.0
B_breakout_pullback,145953,145954,-1,0.0,-1.0
B_breakout_pullback,146408,146409,-1,0.0,2.0
B_breakout_pullback,147801,147802,1,-0.0,1.3606780948434087
B_breakout_pullback,148215,148216,1,-0.0,-1.0
B_breakout_pullback,150070,150071,-1,0.0,-1.0
B_breakout_pullback,150619,150620,-1,0.0,-1.0
B_breakout_pullback,151796,151797,-1,0.0,-1.0
B_breakout_pullback,152943,152944,1,-0.0,-1.0
B_breakout_pullback,155054,155055,1,-0.0,-1.0
B_breakout_pullback,156753,156754,1,-0.0,-1.0
B_breakout_pullback,160824,160825,-1,0.0,2.0
B_breakout_pullback,163960,163961,-1,0.0,1.366431492536675
B_breakout_pullback,166691,166692,-1,0.0,-1.0
B_breakout_pullback,168551,168552,1,-0.0,0.8077032551476893
B_breakout_pullback,174049,174050,1,-0.0,-1.0
B_breakout_pullback,175860,175861,-1,0.0,-1.0
B_breakout_pullback,178224,178225,-1,0.0,-1.0
B_breakout_pullback,178990,178991,-1,0.0,-1.0
B_breakout_pullback,179316,179317,1,-0.0,2.0
B_breakout_pullback,181758,181759,1,-0.0,-1.0
B_breakout_pullback,183041,183042,1,-0.0,2.0
B_breakout_pullback,185301,185302,1,-0.0,-1.0
B_breakout_pullback,187460,187461,1,-0.0,-1.0
B_breakout_pullback,190815,190816,1,-0.0,-1.0
B_breakout_pullback,191227,191228,1,-0.0,-1.0
B_breakout_pullback,193471,193472,1,-0.0,-1.0
B_breakout_pullback,197104,197105,-1,0.0,2.0
B_breakout_pullback,197211,197212,-1,0.0,-1.0
B_breakout_pullback,199896,199897,1,-0.0,-1.0
B_breakout_pullback,200333,200334,1,-0.0,-1.0
B_breakout_pullback,201448,201449,1,-0.0,2.0
B_breakout_pullback,207239,207240,1,-0.0,-1.0
B_breakout_pullback,212559,212560,1,-0.0,-1.0
B_breakout_pullback,221646,221647,-1,0.0,2.0
B_breakout_pullback,222538,222539,1,-0.0,0.6103868241835789
B_breakout_pullback,224123,224124,1,-0.0,2.0
B_breakout_pullback,224698,224699,1,-0.0,-1.0
B_breakout_pullback,225818,225819,1,-0.0,-1.0
B_breakout_pullback,230778,230779,1,-0.0,-1.0
B_breakout_pullback,232155,232156,1,-0.0,2.0
B_breakout_pullback,236875,236876,-1,0.0,-1.0
B_breakout_pullback,237594,237595,1,-0.0,2.0
B_breakout_pullback,238190,238191,-1,0.0,2.0
B_breakout_pullback,239159,239160,1,-0.0,-1.0
B_breakout_pullback,239582,239583,1,-0.0,-1.0
B_breakout_pullback,240147,240148,1,-0.0,-1.0
B_breakout_pullback,240204,240205,-1,0.0,-1.0
B_breakout_pullback,242915,242916,1,-0.0,2.0
B_breakout_pullback,244429,244430,1,-0.0,-1.0
B_breakout_pullback,248900,248901,1,-0.0,2.0
B_breakout_pullback,250598,250599,1,-0.0,-1.0
B_breakout_pullback,250954,250955,1,-0.0,-1.0
B_breakout_pullback,251867,251868,1,-0.0,-1.0
B_breakout_pullback,254203,254204,1,-0.0,-1.0
B_breakout_pullback,254533,254534,1,-0.0,2.0
B_breakout_pullback,256265,256266,-1,0.0,2.0
B_breakout_pullback,256454,256455,1,-0.0,-1.0
B_breakout_pullback,258547,258548,1,-0.0,-1.0
B_breakout_pullback,262819,262820,-1,0.0,2.0
B_breakout_pullback,264498,264499,-1,0.0,-1.0
B_breakout_pullback,266847,266848,-1,0.0,-1.0
B_breakout_pullback,267319,267320,-1,0.0,2.0
B_breakout_pullback,267990,267991,1,-0.0,-0.09027533526329898
B_breakout_pullback,268168,268169,1,-0.0,2.0
B_breakout_pullback,269623,269624,-1,0.0,-1.0
B_breakout_pullback,271415,271416,1,-0.0,-1.0
B_breakout_pullback,273481,273482,-1,0.0,2.0
B_breakout_pullback,273566,273567,-1,0.0,1.5038867137263907
B_breakout_pullback,277432,277433,1,-0.0,-1.0
B_breakout_pullback,278893,278894,-1,0.0,-1.0
B_breakout_pullback,279447,279448,-1,0.0,-1.0
B_breakout_pullback,280329,280330,1,-0.0,-1.0
B_breakout_pullback,280637,280638,1,-0.0,-1.0
B_breakout_pullback,281304,281305,-1,0.0,-1.0
B_breakout_pullback,281378,281379,1,-0.0,-1.0
B_breakout_pullback,282277,282278,-1,0.0,-1.0
B_breakout_pullback,283197,283198,1,-0.0,1.1524695776664022
B_breakout_pullback,287861,287862,-1,0.0,2.0
B_breakout_pullback,288427,288428,1,-0.0,-1.0
B_breakout_pullback,289072,289073,-1,0.0,2.0
B_breakout_pullback,289407,289408,-1,0.0,2.0
B_breakout_pullback,289567,289568,1,-0.0,-1.0
B_breakout_pullback,289964,289965,1,-0.0,2.0
B_breakout_pullback,290216,290217,1,-0.0,-1.0
B_breakout_pullback,291817,291818,-1,0.0,2.0
B_breakout_pullback,294817,294818,-1,0.0,-1.0
B_breakout_pullback,295700,295701,1,-0.0,-1.0
B_breakout_pullback,297132,297133,-1,0.0,-1.0
B_breakout_pullback,300505,300506,1,-0.0,2.0
B_breakout_pullback,307982,307983,-1,0.03596660244055884,2.0
B_breakout_pullback,321467,321468,1,-0.0015626744056597035,-1.0
B_breakout_pullback,322241,322242,-1,-0.000625223294047233,-1.0
B_breakout_pullback,324664,324665,1,-0.0003577780958105613,-1.0
B_breakout_pullback,326067,326068,-1,0.000640849583403474,2.0
B_breakout_pullback,326637,326638,1,0.0029227557411247124,2.0
B_breakout_pullback,327059,327060,-1,-0.0008870865543217347,2.0
B_breakout_pullback,327472,327473,-1,-0.0005479881008417729,-1.0
B_breakout_pullback,327513,327514,1,-0.0034116385612756876,-1.0
B_breakout_pullback,328288,328289,1,0.004962427335903478,2.0
B_breakout_pullback,332502,332503,1,0.022597212032277072,1.4670031096546086
B_breakout_pullback,334794,334795,1,-0.0,2.0
B_breakout_pullback,336362,336363,1,0.0021101021138682243,-1.0
B_breakout_pullback,337074,337075,1,-0.0029141168144646316,-1.0
B_breakout_pullback,342439,342440,1,0.0016044619322656034,2.0
B_breakout_pullback,342900,342901,1,0.0031587022246977402,2.0
B_breakout_pullback,343372,343373,1,0.013210662892222471,2.0
B_breakout_pullback,343809,343810,1,-0.003355403097753032,2.0
B_breakout_pullback,343985,343986,1,0.003370407819297116,2.0
B_breakout_pullback,345639,345640,1,-0.00045341192474351687,-1.0
B_breakout_pullback,346098,346099,1,0.0037986308231524437,-1.0
B_breakout_pullback,349228,349229,-1,0.00042082481664979866,-1.0
B_breakout_pullback,349689,349690,-1,-0.028463549230326332,-1.0
B_breakout_pullback,351527,351528,1,-0.003402187120262716,-1.0
B_breakout_pullback,352901,352902,1,-0.0003734129947803688,2.0
B_breakout_pullback,354073,354074,-1,0.9508896107044378,-1.0
C_attack_decay_break,867,868,1,-0.0,2.0
C_attack_decay_break,1334,1335,1,-0.0,-1.0
C_attack_decay_break,2242,2243,-1,0.0,-1.0
C_attack_decay_break,2591,2592,1,-0.0,-1.0
C_attack_decay_break,2733,2734,1,-0.0,2.0
C_attack_decay_break,5048,5049,1,-0.0,2.0
C_attack_decay_break,6228,6229,1,-0.0,-1.0
C_attack_decay_break,6833,6834,-1,0.0,-1.0
C_attack_decay_break,9000,9001,1,-0.0,2.0
C_attack_decay_break,11430,11431,1,-0.0,2.0
C_attack_decay_break,11568,11569,-1,0.0,2.0
C_attack_decay_break,12089,12090,-1,0.0,-1.0
C_attack_decay_break,15722,15723,-1,0.0,-1.0
C_attack_decay_break,17349,17350,-1,0.0,-1.0
C_attack_decay_break,18618,18619,-1,0.0,2.0
C_attack_decay_break,19711,19712,1,-0.0,2.0
C_attack_decay_break,19902,19903,1,-0.0,-1.0
C_attack_decay_break,24407,24408,1,-0.0,2.0
C_attack_decay_break,25243,25244,-1,0.0,2.0
C_attack_decay_break,26377,26378,1,-0.0,-1.0
C_attack_decay_break,27868,27869,-1,0.0,-1.0
C_attack_decay_break,28148,28149,1,-0.0,-1.0
C_attack_decay_break,29792,29793,-1,0.0,-1.0
C_attack_decay_break,33461,33462,-1,0.0,2.0
C_attack_decay_break,33706,33707,-1,0.0,2.0
C_attack_decay_break,34509,34510,1,-0.0,-1.0
C_attack_decay_break,34613,34614,1,-0.0,2.0
C_attack_decay_break,35465,35466,-1,0.0,-1.0
C_attack_decay_break,36430,36431,1,-0.0,2.0
C_attack_decay_break,39197,39198,1,-0.0,-1.0
C_attack_decay_break,40200,40201,-1,0.0,-1.0
C_attack_decay_break,40428,40429,-1,0.0,-1.0
C_attack_decay_break,41414,41415,-1,0.0,-1.0
C_attack_decay_break,41817,41818,1,-0.0,-1.0
C_attack_decay_break,42150,42151,1,-0.0,2.0
C_attack_decay_break,44451,44452,-1,0.0,-1.0
C_attack_decay_break,44780,44781,-1,0.0,2.0
C_attack_decay_break,47764,47765,1,-0.0,2.0
C_attack_decay_break,49099,49100,1,-0.0,-1.0
C_attack_decay_break,49832,49833,-1,0.0,2.0
C_attack_decay_break,50420,50421,1,-0.0,-1.0
C_attack_decay_break,50443,50444,1,-0.0,-1.0
C_attack_decay_break,54157,54158,1,-0.0,2.0
C_attack_decay_break,54744,54745,-1,0.0,-1.0
C_attack_decay_break,55034,55035,-1,0.0,-1.0
C_attack_decay_break,55838,55839,-1,0.0,-1.0
C_attack_decay_break,56019,56020,1,-0.0,-0.15675955603454494
C_attack_decay_break,56737,56738,-1,0.0,-1.0
C_attack_decay_break,56933,56934,-1,0.0,-1.0
C_attack_decay_break,58195,58196,-1,0.0,2.0
C_attack_decay_break,58524,58525,-1,0.0,2.0
C_attack_decay_break,60767,60768,-1,0.0,-1.0
C_attack_decay_break,62218,62219,1,-0.0,-1.0
C_attack_decay_break,63160,63161,1,-0.0,2.0
C_attack_decay_break,64443,64444,1,-0.0,-1.0
C_attack_decay_break,64789,64790,1,-0.0,2.0
C_attack_decay_break,65736,65737,1,-0.0,-1.0
C_attack_decay_break,67880,67881,-1,0.0,2.0
C_attack_decay_break,68783,68784,1,-0.0,2.0
C_attack_decay_break,70543,70544,-1,0.0,2.0
C_attack_decay_break,70646,70647,1,-0.0,2.0
C_attack_decay_break,71230,71231,1,-0.0,2.0
C_attack_decay_break,71323,71324,1,-0.0,2.0
C_attack_decay_break,72443,72444,-1,0.0,-1.0
C_attack_decay_break,76635,76636,1,-0.0,2.0
C_attack_decay_break,77770,77771,-1,0.0,-1.0
C_attack_decay_break,77964,77965,1,-0.0,-1.0
C_attack_decay_break,78713,78714,-1,0.0,2.0
C_attack_decay_break,80221,80222,1,-0.0,-1.0
C_attack_decay_break,81404,81405,-1,0.0,-1.0
C_attack_decay_break,81997,81998,1,-0.0,2.0
C_attack_decay_break,84225,84226,-1,0.0,2.0
C_attack_decay_break,85607,85608,1,-0.0,-1.0
C_attack_decay_break,86788,86789,1,-0.0,-1.0
C_attack_decay_break,86979,86980,1,-0.0,-1.0
C_attack_decay_break,87008,87009,1,-0.0,2.0
C_attack_decay_break,90714,90715,1,-0.0,-1.0
C_attack_decay_break,92799,92800,1,-0.0,2.0
C_attack_decay_break,92997,92998,-1,0.0,-1.0
C_attack_decay_break,94604,94605,-1,0.0,-1.0
C_attack_decay_break,97150,97151,-1,0.0,-1.0
C_attack_decay_break,98211,98212,-1,0.0,2.0
C_attack_decay_break,99124,99125,1,-0.0,2.0
C_attack_decay_break,101096,101097,-1,0.0,2.0
C_attack_decay_break,107179,107180,1,-0.0,-1.0
C_attack_decay_break,108785,108786,-1,0.0,2.0
C_attack_decay_break,111501,111502,1,-0.0,2.0
C_attack_decay_break,111583,111584,1,-0.0,-1.0
C_attack_decay_break,111720,111721,1,-0.0,-1.0
C_attack_decay_break,111781,111782,-1,0.0,-1.0
C_attack_decay_break,112618,112619,-1,0.0,2.0
C_attack_decay_break,112700,112701,-1,0.0,-1.0
C_attack_decay_break,113221,113222,-1,0.0,-1.0
C_attack_decay_break,114104,114105,1,-0.0,-1.0
C_attack_decay_break,114965,114966,-1,0.0,2.0
C_attack_decay_break,115122,115123,-1,0.0,2.0
C_attack_decay_break,115681,115682,1,-0.0,-1.0
C_attack_decay_break,116505,116506,1,-0.0,-1.0
C_attack_decay_break,119013,119014,-1,0.0,2.0
C_attack_decay_break,119396,119397,-1,0.0,2.0
C_attack_decay_break,120403,120404,1,-0.0,-1.0
C_attack_decay_break,120789,120790,-1,0.0,2.0
C_attack_decay_break,121242,121243,1,-0.0,-1.0
C_attack_decay_break,122137,122138,-1,0.0,-1.0
C_attack_decay_break,122517,122518,1,-0.0,-1.0
C_attack_decay_break,122637,122638,1,-0.0,-1.0
C_attack_decay_break,123452,123453,-1,0.0,-1.0
C_attack_decay_break,123890,123891,-1,0.0,2.0
C_attack_decay_break,124300,124301,-1,0.0,2.0
C_attack_decay_break,125525,125526,1,-0.0,-1.0
C_attack_decay_break,127298,127299,-1,0.0,-1.0
C_attack_decay_break,127772,127773,-1,0.0,-1.0
C_attack_decay_break,130528,130529,1,-0.0,2.0
C_attack_decay_break,133369,133370,-1,0.0,-1.0
C_attack_decay_break,134918,134919,1,-0.0,2.0
C_attack_decay_break,135127,135128,1,-0.0,-1.0
C_attack_decay_break,135209,135210,-1,0.0,2.0
C_attack_decay_break,141515,141516,-1,0.0,-1.0
C_attack_decay_break,141685,141686,1,-0.0,-1.0
C_attack_decay_break,142830,142831,1,-0.0,-1.0
C_attack_decay_break,143779,143780,1,-0.0,-1.0
C_attack_decay_break,143793,143794,1,-0.0,2.0
C_attack_decay_break,145108,145109,1,-0.0,2.0
C_attack_decay_break,148230,148231,1,-0.0,-1.0
C_attack_decay_break,148569,148570,1,-0.0,2.0
C_attack_decay_break,151187,151188,-1,0.0,-1.0
C_attack_decay_break,151710,151711,-1,0.0,2.0
C_attack_decay_break,151947,151948,-1,0.0,2.0
C_attack_decay_break,156877,156878,-1,0.0,2.0
C_attack_decay_break,158587,158588,-1,0.0,2.0
C_attack_decay_break,159553,159554,1,-0.0,2.0
C_attack_decay_break,159951,159952,-1,0.0,-1.0
C_attack_decay_break,160904,160905,-1,0.0,2.0
C_attack_decay_break,163489,163490,1,-0.0,-1.0
C_attack_decay_break,164730,164731,1,-0.0,-1.0
C_attack_decay_break,166630,166631,-1,0.0,2.0
C_attack_decay_break,166930,166931,-1,0.0,2.0
C_attack_decay_break,169716,169717,-1,0.0,-1.0
C_attack_decay_break,169835,169836,-1,0.0,-1.0
C_attack_decay_break,170540,170541,1,-0.0,2.0
C_attack_decay_break,170885,170886,-1,0.0,-1.0
C_attack_decay_break,171533,171534,1,-0.0,-1.0
C_attack_decay_break,172225,172226,-1,0.0,-1.0
C_attack_decay_break,173430,173431,-1,0.0,-1.0
C_attack_decay_break,173635,173636,1,-0.0,-1.0
C_attack_decay_break,174414,174415,-1,0.0,-1.0
C_attack_decay_break,174451,174452,1,-0.0,-1.0
C_attack_decay_break,174503,174504,-1,0.0,-1.0
C_attack_decay_break,175556,175557,1,-0.0,-1.0
C_attack_decay_break,178622,178623,1,-0.0,-1.0
C_attack_decay_break,181823,181824,-1,0.0,2.0
C_attack_decay_break,182585,182586,1,-0.0,-1.0
C_attack_decay_break,185929,185930,1,-0.0,2.0
C_attack_decay_break,186806,186807,-1,0.0,-1.0
C_attack_decay_break,188738,188739,-1,0.0,2.0
C_attack_decay_break,190309,190310,1,-0.0,-1.0
C_attack_decay_break,190342,190343,1,-0.0,2.0
C_attack_decay_break,194571,194572,-1,0.0,-1.0
C_attack_decay_break,194802,194803,1,-0.0,-1.0
C_attack_decay_break,195649,195650,1,-0.0,-1.0
C_attack_decay_break,197255,197256,1,-0.0,-1.0
C_attack_decay_break,197502,197503,-1,0.0,2.0
C_attack_decay_break,198243,198244,1,-0.0,-1.0
C_attack_decay_break,199760,199761,1,-0.0,2.0
C_attack_decay_break,199774,199775,-1,0.0,2.0
C_attack_decay_break,201385,201386,1,-0.0,-1.0
C_attack_decay_break,204823,204824,-1,0.0,2.0
C_attack_decay_break,204988,204989,1,-0.0,-1.0
C_attack_decay_break,206180,206181,-1,0.0,-1.0
C_attack_decay_break,206745,206746,-1,0.0,-1.0
C_attack_decay_break,206871,206872,1,-0.0,2.0
C_attack_decay_break,207324,207325,-1,0.0,-1.0
C_attack_decay_break,207370,207371,-1,0.0,-1.0
C_attack_decay_break,208062,208063,-1,0.0,-1.0
C_attack_decay_break,208079,208080,-1,0.0,-1.0
C_attack_decay_break,208127,208128,1,-0.0,2.0
C_attack_decay_break,211541,211542,-1,0.0,-1.0
C_attack_decay_break,211778,211779,1,-0.0,-1.0
C_attack_decay_break,211884,211885,-1,0.0,-1.0
C_attack_decay_break,212615,212616,1,-0.0,2.0
C_attack_decay_break,214643,214644,1,-0.0,-1.0
C_attack_decay_break,214954,214955,1,-0.0,-1.0
C_attack_decay_break,217390,217391,1,-0.0,-1.0
C_attack_decay_break,217997,217998,1,-0.0,2.0
C_attack_decay_break,219307,219308,1,-0.0,2.0
C_attack_decay_break,219450,219451,1,-0.0,-1.0
C_attack_decay_break,220007,220008,-1,0.0,-1.0
C_attack_decay_break,220368,220369,1,-0.0,-1.0
C_attack_decay_break,220875,220876,1,-0.0,-1.0
C_attack_decay_break,222883,222884,1,-0.0,-1.0
C_attack_decay_break,223111,223112,1,-0.0,-1.0
C_attack_decay_break,223168,223169,-1,0.0,2.0
C_attack_decay_break,231539,231540,-1,0.0,2.0
C_attack_decay_break,231806,231807,-1,0.0,-1.0
C_attack_decay_break,232081,232082,1,-0.0,-1.0
C_attack_decay_break,232211,232212,-1,0.0,-1.0
C_attack_decay_break,232706,232707,-1,0.0,-1.0
C_attack_decay_break,233826,233827,-1,0.0,-1.0
C_attack_decay_break,234475,234476,1,-0.0,-1.0
C_attack_decay_break,235241,235242,1,-0.0,2.0
C_attack_decay_break,235939,235940,-1,0.0,-1.0
C_attack_decay_break,236192,236193,-1,0.0,-1.0
C_attack_decay_break,236478,236479,1,-0.0,2.0
C_attack_decay_break,236909,236910,-1,0.0,-1.0
C_attack_decay_break,237512,237513,-1,0.0,-1.0
C_attack_decay_break,237825,237826,1,-0.0,-1.0
C_attack_decay_break,238520,238521,1,-0.0,2.0
C_attack_decay_break,240760,240761,-1,0.0,2.0
C_attack_decay_break,243546,243547,-1,0.0,-1.0
C_attack_decay_break,244005,244006,1,-0.0,-1.0
C_attack_decay_break,245066,245067,1,-0.0,-1.0
C_attack_decay_break,245084,245085,-1,0.0,2.0
C_attack_decay_break,246711,246712,-1,0.0,2.0
C_attack_decay_break,247415,247416,1,-0.0,2.0
C_attack_decay_break,247576,247577,-1,0.0,2.0
C_attack_decay_break,247952,247953,1,-0.0,-1.0
C_attack_decay_break,247972,247973,1,-0.0,-1.0
C_attack_decay_break,248288,248289,1,-0.0,-1.0
C_attack_decay_break,252839,252840,-1,0.0,-1.0
C_attack_decay_break,253144,253145,-1,0.0,-1.0
C_attack_decay_break,253502,253503,-1,0.0,-1.0
C_attack_decay_break,253701,253702,-1,0.0,-1.0
C_attack_decay_break,253909,253910,-1,0.0,-1.0
C_attack_decay_break,254330,254331,-1,0.0,-1.0
C_attack_decay_break,257544,257545,1,-0.0,-1.0
C_attack_decay_break,259729,259730,-1,0.0,-1.0
C_attack_decay_break,260089,260090,-1,0.0,2.0
C_attack_decay_break,262162,262163,-1,0.0,-1.0
C_attack_decay_break,262247,262248,1,-0.0,-1.0
C_attack_decay_break,264472,264473,1,-0.0,-1.0
C_attack_decay_break,267172,267173,-1,0.0,-1.0
C_attack_decay_break,267859,267860,-1,0.0,-1.0
C_attack_decay_break,268303,268304,-1,0.0,-1.0
C_attack_decay_break,269266,269267,-1,0.0,-1.0
C_attack_decay_break,269553,269554,1,-0.0,-1.0
C_attack_decay_break,270625,270626,-1,0.0,2.0
C_attack_decay_break,272010,272011,-1,0.0,2.0
C_attack_decay_break,275026,275027,1,-0.0,2.0
C_attack_decay_break,276216,276217,1,-0.0,-1.0
C_attack_decay_break,276516,276517,-1,0.0,-1.0
C_attack_decay_break,276722,276723,-1,0.0,-1.0
C_attack_decay_break,278267,278268,-1,0.0,-1.0
C_attack_decay_break,279590,279591,1,-0.0,2.0
C_attack_decay_break,281608,281609,1,-0.0,-1.0
C_attack_decay_break,281852,281853,1,-0.0,2.0
C_attack_decay_break,282580,282581,-1,0.0,-1.0
C_attack_decay_break,282848,282849,-1,0.0,-1.0
C_attack_decay_break,282881,282882,1,-0.0,-1.0
C_attack_decay_break,283141,283142,-1,0.0,2.0
C_attack_decay_break,283521,283522,1,-0.0,2.0
C_attack_decay_break,283795,283796,-1,0.0,-1.0
C_attack_decay_break,284364,284365,1,-0.0,-1.0
C_attack_decay_break,285383,285384,-1,0.0,-1.0
C_attack_decay_break,286815,286816,1,-0.0,-1.0
C_attack_decay_break,286945,286946,1,-0.0,-1.0
C_attack_decay_break,288665,288666,-1,0.0,-1.0
C_attack_decay_break,288808,288809,-1,0.0,-1.0
C_attack_decay_break,290027,290028,-1,0.0,2.0
C_attack_decay_break,290893,290894,-1,0.0,2.0
C_attack_decay_break,293789,293790,1,-0.0,-1.0
C_attack_decay_break,294674,294675,1,-0.0,2.0
C_attack_decay_break,294857,294858,-1,0.0,-1.0
C_attack_decay_break,296335,296336,1,-0.0,-1.0
C_attack_decay_break,296927,296928,-1,0.0,-1.0
C_attack_decay_break,297132,297133,-1,0.0,-1.0
C_attack_decay_break,300976,300977,1,-0.0,-1.0
C_attack_decay_break,301981,301982,-1,0.0,-1.0
C_attack_decay_break,302186,302187,-1,0.0,2.0
C_attack_decay_break,302909,302910,1,-0.0,-1.0
C_attack_decay_break,305772,305773,1,-0.0,-1.0
C_attack_decay_break,306889,306890,1,0.009569377990204266,-1.0
C_attack_decay_break,307744,307745,1,-0.001652502360603394,-1.0
C_attack_decay_break,308115,308116,1,0.026495079485335075,-1.0
C_attack_decay_break,309073,309074,1,0.0050373302149814315,-1.0
C_attack_decay_break,310984,310985,1,0.008908119114310806,2.0
C_attack_decay_break,311466,311467,1,-0.0043640897752592065,-1.0
C_attack_decay_break,311684,311685,1,-0.02488256950621522,-1.0
C_attack_decay_break,314977,314978,1,0.0019353055016633428,-1.0
C_attack_decay_break,315329,315330,1,0.0013213780085233955,-1.0
C_attack_decay_break,315855,315856,-1,0.0007988587731986072,-1.0
C_attack_decay_break,316000,316001,1,0.006389776357773278,-1.0
C_attack_decay_break,316172,316173,1,0.004632182640304734,-1.0
C_attack_decay_break,317813,317814,-1,-0.002343880796757404,-1.0
C_attack_decay_break,318865,318866,-1,0.01237432327918426,-1.0
C_attack_decay_break,320639,320640,-1,0.002760252365739941,-1.0
C_attack_decay_break,321223,321224,1,0.002996896071990941,-1.0
C_attack_decay_break,321948,321949,-1,0.016243393064354936,2.0
C_attack_decay_break,322285,322286,-1,-0.001190071404310249,-1.0
C_attack_decay_break,323776,323777,-1,0.009497964721805887,2.0
C_attack_decay_break,328135,328136,1,-0.0033337302058980066,-1.0
C_attack_decay_break,328316,328317,-1,0.007072237858184655,2.0
C_attack_decay_break,330136,330137,1,-0.001972479218505756,-1.0
C_attack_decay_break,333659,333660,1,0.004572175048948839,2.0
C_attack_decay_break,336162,336163,-1,0.016090412795694613,-1.0
C_attack_decay_break,336391,336392,1,-0.0153340635268473,-1.0
C_attack_decay_break,338685,338686,-1,-0.002161494519114666,-1.0
C_attack_decay_break,340784,340785,-1,0.0006046210321876711,-1.0
C_attack_decay_break,341241,341242,1,0.0012678001403336153,2.0
C_attack_decay_break,342165,342166,1,-0.0151164584296767,-1.0
C_attack_decay_break,344530,344531,1,0.0006831467691937989,-1.0
C_attack_decay_break,345044,345045,1,-0.0025974025974592756,-1.0
C_attack_decay_break,346193,346194,1,-0.0019500236788305846,-1.0
C_attack_decay_break,348797,348798,1,-0.010334486735861419,-1.0
C_attack_decay_break,349740,349741,1,-0.0008250825082688511,-1.0
C_attack_decay_break,350032,350033,-1,-0.0008974071344063062,-1.0
C_attack_decay_break,350629,350630,-1,-0.0036497407525476707,-1.0
C_attack_decay_break,350744,350745,1,0.017415342087104928,-1.0
C_attack_decay_break,351539,351540,-1,0.0010670731707550008,2.0
C_attack_decay_break,351835,351836,1,0.003448417422689202,-1.0
C_attack_decay_break,354579,354580,1,-0.02166123778497071,-1.0
C_attack_decay_break,354833,354834,-1,0.009912674061827269,-1.0
C_attack_decay_break,355402,355403,1,-0.007881896659589846,-1.0
C_attack_decay_break,355517,355518,-1,0.009249064082792717,-1.0
D_disp_fail_reversal,66,67,1,-0.0,-1.0
D_disp_fail_reversal,76,77,1,-0.0,-1.0
D_disp_fail_reversal,90,91,1,-0.0,-1.0
D_disp_fail_reversal,150,151,1,-0.0,2.0
D_disp_fail_reversal,156,157,-1,0.0,-1.0
D_disp_fail_reversal,228,229,-1,0.0,2.0
D_disp_fail_reversal,256,257,-1,0.0,-1.0
D_disp_fail_reversal,341,342,-1,0.0,-1.0
D_disp_fail_reversal,389,390,1,-0.0,2.0
D_disp_fail_reversal,436,437,-1,0.0,-1.0
D_disp_fail_reversal,455,456,-1,0.0,-1.0
D_disp_fail_reversal,549,550,1,-0.0,-1.0
D_disp_fail_reversal,569,570,1,-0.0,2.0
D_disp_fail_reversal,645,646,-1,0.0,-1.0
D_disp_fail_reversal,648,649,-1,0.0,2.0
D_disp_fail_reversal,658,659,1,-0.0,-0.3923005044963559
D_disp_fail_reversal,894,895,-1,0.0,-1.0
D_disp_fail_reversal,951,952,-1,0.0,2.0
D_disp_fail_reversal,1059,1060,-1,0.0,2.0
D_disp_fail_reversal,1092,1093,1,-0.0,-1.0
D_disp_fail_reversal,1107,1108,1,-0.0,-1.0
D_disp_fail_reversal,1187,1188,1,-0.0,-1.0
D_disp_fail_reversal,1211,1212,1,-0.0,-1.0
D_disp_fail_reversal,1218,1219,1,-0.0,1.3317360992478435
D_disp_fail_reversal,1344,1345,-1,0.0,-1.0
D_disp_fail_reversal,1379,1380,-1,0.0,-1.0
D_disp_fail_reversal,1402,1403,1,-0.0,1.7141992859353647
D_disp_fail_reversal,1503,1504,1,-0.0,2.0
D_disp_fail_reversal,1595,1596,-1,0.0,-1.0
D_disp_fail_reversal,1645,1646,-1,0.0,-1.0
D_disp_fail_reversal,1676,1677,-1,0.0,-1.0
D_disp_fail_reversal,1776,1777,1,-0.0,2.0
D_disp_fail_reversal,1804,1805,-1,0.0,-1.0
D_disp_fail_reversal,1871,1872,1,-0.0,-1.0
D_disp_fail_reversal,1915,1916,-1,0.0,-1.0
D_disp_fail_reversal,1972,1973,1,-0.0,-1.0
D_disp_fail_reversal,2003,2004,1,-0.0,-1.0
D_disp_fail_reversal,2067,2068,-1,0.0,-1.0
D_disp_fail_reversal,2070,2071,-1,0.0,-1.0
D_disp_fail_reversal,2111,2112,1,-0.0,2.0
D_disp_fail_reversal,2122,2123,-1,0.0,-1.0
D_disp_fail_reversal,2154,2155,1,-0.0,2.0
D_disp_fail_reversal,2276,2277,1,-0.0,2.0
D_disp_fail_reversal,2328,2329,1,-0.0,2.0
D_disp_fail_reversal,2419,2420,1,-0.0,-1.0
D_disp_fail_reversal,2443,2444,1,-0.0,2.0
D_disp_fail_reversal,2489,2490,1,-0.0,-1.0
D_disp_fail_reversal,2533,2534,-1,0.0,-1.0
D_disp_fail_reversal,2608,2609,-1,0.0,-1.0
D_disp_fail_reversal,2653,2654,-1,0.0,-1.0
D_disp_fail_reversal,2675,2676,1,-0.0,2.0
D_disp_fail_reversal,2707,2708,-1,0.0,-1.0
D_disp_fail_reversal,2779,2780,-1,0.0,-1.0
D_disp_fail_reversal,2792,2793,1,-0.0,-1.0
D_disp_fail_reversal,2957,2958,-1,0.0,-1.0
D_disp_fail_reversal,2999,3000,-1,0.0,-1.0
D_disp_fail_reversal,3074,3075,-1,0.0,-1.0
D_disp_fail_reversal,3254,3255,-1,0.0,2.0
D_disp_fail_reversal,3286,3287,-1,0.0,-1.0
D_disp_fail_reversal,3347,3348,1,-0.0,-1.0
D_disp_fail_reversal,3355,3356,1,-0.0,-1.0
D_disp_fail_reversal,3357,3358,1,-0.0,-1.0
D_disp_fail_reversal,3423,3424,-1,0.0,-1.0
D_disp_fail_reversal,3426,3427,-1,0.0,2.0
D_disp_fail_reversal,3432,3433,1,-0.0,-1.0
D_disp_fail_reversal,3446,3447,1,-0.0,-1.0
D_disp_fail_reversal,3467,3468,1,-0.0,-1.0
D_disp_fail_reversal,3500,3501,-1,0.0,-1.0
D_disp_fail_reversal,3503,3504,-1,0.0,2.0
D_disp_fail_reversal,3520,3521,1,-0.0,-1.0
D_disp_fail_reversal,3549,3550,-1,0.0,-1.0
D_disp_fail_reversal,3575,3576,-1,0.0,-1.0
D_disp_fail_reversal,3729,3730,1,-0.0,2.0
D_disp_fail_reversal,3737,3738,-1,0.0,-1.0
D_disp_fail_reversal,3759,3760,1,-0.0,2.0
D_disp_fail_reversal,3806,3807,1,-0.0,2.0
D_disp_fail_reversal,3857,3858,1,-0.0,2.0
D_disp_fail_reversal,3921,3922,1,-0.0,-1.0
D_disp_fail_reversal,3929,3930,1,-0.0,-1.0
D_disp_fail_reversal,3952,3953,1,-0.0,-1.0
D_disp_fail_reversal,4031,4032,1,-0.0,-1.0
D_disp_fail_reversal,4058,4059,1,-0.0,-1.0
D_disp_fail_reversal,4109,4110,1,-0.0,1.5050207364529364
D_disp_fail_reversal,4270,4271,1,-0.0,-1.0
D_disp_fail_reversal,4298,4299,-1,0.0,2.0
D_disp_fail_reversal,4392,4393,-1,0.0,-1.0
D_disp_fail_reversal,4409,4410,1,-0.0,2.0
D_disp_fail_reversal,4466,4467,-1,0.0,2.0
D_disp_fail_reversal,4517,4518,1,-0.0,2.0
D_disp_fail_reversal,4589,4590,-1,0.0,-1.0
D_disp_fail_reversal,4691,4692,1,-0.0,-1.0
D_disp_fail_reversal,4738,4739,-1,0.0,2.0
D_disp_fail_reversal,4845,4846,-1,0.0,-1.0
D_disp_fail_reversal,4853,4854,-1,0.0,2.0
D_disp_fail_reversal,4862,4863,1,-0.0,-1.0
D_disp_fail_reversal,4888,4889,1,-0.0,1.1191473792297673
D_disp_fail_reversal,4996,4997,1,-0.0,2.0
D_disp_fail_reversal,5061,5062,-1,0.0,-1.0
D_disp_fail_reversal,5086,5087,-1,0.0,-1.0
D_disp_fail_reversal,5141,5142,1,-0.0,-1.0
D_disp_fail_reversal,5149,5150,1,-0.0,2.0
D_disp_fail_reversal,5244,5245,-1,0.0,-1.0
D_disp_fail_reversal,5348,5349,1,-0.0,-1.0
D_disp_fail_reversal,5351,5352,1,-0.0,-1.0
D_disp_fail_reversal,5363,5364,1,-0.0,2.0
D_disp_fail_reversal,5432,5433,-1,0.0,-1.0
D_disp_fail_reversal,5451,5452,-1,0.0,-1.0
D_disp_fail_reversal,5453,5454,-1,0.0,-1.0
D_disp_fail_reversal,5493,5494,1,-0.0,-1.0
D_disp_fail_reversal,5619,5620,1,-0.0,-1.0
D_disp_fail_reversal,5622,5623,1,-0.0,-1.0
D_disp_fail_reversal,5646,5647,1,-0.0,2.0
D_disp_fail_reversal,5691,5692,-1,0.0,2.0
D_disp_fail_reversal,5738,5739,-1,0.0,2.0
D_disp_fail_reversal,5759,5760,1,-0.0,-1.0
D_disp_fail_reversal,5797,5798,1,-0.0,-1.0
D_disp_fail_reversal,5995,5996,-1,0.0,-1.0
D_disp_fail_reversal,5998,5999,-1,0.0,-1.0
D_disp_fail_reversal,6022,6023,-1,0.0,2.0
D_disp_fail_reversal,6067,6068,1,-0.0,2.0
D_disp_fail_reversal,6158,6159,1,-0.0,2.0
D_disp_fail_reversal,6205,6206,1,-0.0,-1.0
D_disp_fail_reversal,6275,6276,1,-0.0,-1.0
D_disp_fail_reversal,6346,6347,1,-0.0,2.0
D_disp_fail_reversal,6348,6349,1,-0.0,-1.0
D_disp_fail_reversal,6370,6371,1,-0.0,-1.0
D_disp_fail_reversal,6379,6380,1,-0.0,-1.0
D_disp_fail_reversal,6406,6407,-1,0.0,-1.0
D_disp_fail_reversal,6473,6474,1,-0.0,0.03278607966017421
D_disp_fail_reversal,6738,6739,1,-0.0,2.0
D_disp_fail_reversal,6759,6760,1,-0.0,2.0
D_disp_fail_reversal,6782,6783,-1,0.0,2.0
D_disp_fail_reversal,6820,6821,1,-0.0,-1.0
D_disp_fail_reversal,6859,6860,1,-0.0,2.0
D_disp_fail_reversal,6873,6874,1,-0.0,-1.0
D_disp_fail_reversal,6911,6912,-1,0.0,-1.0
D_disp_fail_reversal,6961,6962,-1,0.0,-1.0
D_disp_fail_reversal,6964,6965,-1,0.0,-1.0
D_disp_fail_reversal,7035,7036,1,-0.0,-1.0
D_disp_fail_reversal,7040,7041,1,-0.0,2.0
D_disp_fail_reversal,7088,7089,1,-0.0,-1.0
D_disp_fail_reversal,7251,7252,-1,0.0,2.0
D_disp_fail_reversal,7430,7431,1,-0.0,-1.0
D_disp_fail_reversal,7570,7571,1,-0.0,-1.0
D_disp_fail_reversal,7589,7590,1,-0.0,-1.0
D_disp_fail_reversal,7661,7662,1,-0.0,-1.0
D_disp_fail_reversal,7673,7674,1,-0.0,2.0
D_disp_fail_reversal,7710,7711,1,-0.0,-1.0
D_disp_fail_reversal,7739,7740,1,-0.0,0.33632715203472535
D_disp_fail_reversal,7889,7890,1,-0.0,-1.0
D_disp_fail_reversal,7988,7989,-1,0.0,-1.0
D_disp_fail_reversal,8008,8009,1,-0.0,2.0
D_disp_fail_reversal,8014,8015,-1,0.0,-1.0
D_disp_fail_reversal,8045,8046,1,-0.0,-1.0
D_disp_fail_reversal,8085,8086,1,-0.0,-1.0
D_disp_fail_reversal,8120,8121,-1,0.0,-1.0
D_disp_fail_reversal,8248,8249,1,-0.0,-1.0
D_disp_fail_reversal,8256,8257,1,-0.0,-1.0
D_disp_fail_reversal,8259,8260,1,-0.0,-1.0
D_disp_fail_reversal,8351,8352,-1,0.0,-1.0
D_disp_fail_reversal,8503,8504,-1,0.0,-1.0
D_disp_fail_reversal,8538,8539,1,-0.0,2.0
D_disp_fail_reversal,8620,8621,1,-0.0,-1.0
D_disp_fail_reversal,8692,8693,1,-0.0,-1.0
D_disp_fail_reversal,8696,8697,1,-0.0,2.0
D_disp_fail_reversal,8741,8742,-1,0.0,-1.0
D_disp_fail_reversal,8748,8749,1,-0.0,-1.0
D_disp_fail_reversal,8915,8916,-1,0.0,2.0
D_disp_fail_reversal,8940,8941,1,-0.0,2.0
D_disp_fail_reversal,8953,8954,-1,0.0,-1.0
D_disp_fail_reversal,9003,9004,-1,0.0,2.0
D_disp_fail_reversal,9019,9020,1,-0.0,-1.0
D_disp_fail_reversal,9112,9113,1,-0.0,2.0
D_disp_fail_reversal,9123,9124,-1,0.0,2.0
D_disp_fail_reversal,9164,9165,-1,0.0,-1.0
D_disp_fail_reversal,9297,9298,1,-0.0,-1.0
D_disp_fail_reversal,9350,9351,-1,0.0,2.0
D_disp_fail_reversal,9360,9361,1,-0.0,2.0
D_disp_fail_reversal,9412,9413,-1,0.0,2.0
D_disp_fail_reversal,9462,9463,-1,0.0,2.0
D_disp_fail_reversal,9506,9507,1,-0.0,-1.0
D_disp_fail_reversal,9605,9606,1,-0.0,1.0958905439738473
D_disp_fail_reversal,9724,9725,-1,0.0,2.0
D_disp_fail_reversal,9745,9746,1,-0.0,2.0
D_disp_fail_reversal,9824,9825,-1,0.0,-1.0
D_disp_fail_reversal,9861,9862,-1,0.0,-1.0
D_disp_fail_reversal,9946,9947,-1,0.0,-1.0
D_disp_fail_reversal,9955,9956,-1,0.0,2.0
D_disp_fail_reversal,10011,10012,1,-0.0,-1.0
D_disp_fail_reversal,10021,10022,1,-0.0,-1.0
D_disp_fail_reversal,10031,10032,1,-0.0,-1.0
D_disp_fail_reversal,10069,10070,1,-0.0,0.0304966837003573
D_disp_fail_reversal,10190,10191,-1,0.0,2.0
D_disp_fail_reversal,10309,10310,1,-0.0,-1.0
D_disp_fail_reversal,10343,10344,1,-0.0,2.0
D_disp_fail_reversal,10352,10353,-1,0.0,-1.0
D_disp_fail_reversal,10373,10374,1,-0.0,-1.0
D_disp_fail_reversal,10382,10383,1,-0.0,-1.0
D_disp_fail_reversal,10427,10428,1,-0.0,-1.0
D_disp_fail_reversal,10444,10445,1,-0.0,2.0
D_disp_fail_reversal,10490,10491,-1,0.0,-1.0
D_disp_fail_reversal,10583,10584,-1,0.0,-1.0
D_disp_fail_reversal,10593,10594,-1,0.0,-1.0
D_disp_fail_reversal,10631,10632,-1,0.0,-1.0
D_disp_fail_reversal,10673,10674,-1,0.0,-1.0
D_disp_fail_reversal,10677,10678,-1,0.0,-1.0
D_disp_fail_reversal,10737,10738,-1,0.0,-1.0
D_disp_fail_reversal,10818,10819,1,-0.0,-1.0
D_disp_fail_reversal,10867,10868,1,-0.0,2.0
D_disp_fail_reversal,10877,10878,-1,0.0,-1.0
D_disp_fail_reversal,10896,10897,1,-0.0,-1.0
D_disp_fail_reversal,10921,10922,-1,0.0,0.8932688248855324
D_disp_fail_reversal,11083,11084,-1,0.0,-1.0
D_disp_fail_reversal,11188,11189,1,-0.0,-1.0
D_disp_fail_reversal,11238,11239,-1,0.0,-1.0
D_disp_fail_reversal,11261,11262,-1,0.0,-1.0
D_disp_fail_reversal,11266,11267,-1,0.0,-1.0
D_disp_fail_reversal,11344,11345,1,-0.0,2.0
D_disp_fail_reversal,11390,11391,1,-0.0,2.0
D_disp_fail_reversal,11459,11460,-1,0.0,-1.0
D_disp_fail_reversal,11545,11546,-1,0.0,2.0
D_disp_fail_reversal,11628,11629,-1,0.0,-1.0
D_disp_fail_reversal,11637,11638,-1,0.0,2.0
D_disp_fail_reversal,11642,11643,1,-0.0,2.0
D_disp_fail_reversal,11665,11666,1,-0.0,2.0
D_disp_fail_reversal,11732,11733,1,-0.0,2.0
D_disp_fail_reversal,11760,11761,1,-0.0,-1.0
D_disp_fail_reversal,11860,11861,-1,0.0,-1.0
D_disp_fail_reversal,11928,11929,-1,0.0,-1.0
D_disp_fail_reversal,11983,11984,-1,0.0,2.0
D_disp_fail_reversal,12001,12002,1,-0.0,2.0
D_disp_fail_reversal,12031,12032,1,-0.0,-1.0
D_disp_fail_reversal,12229,12230,-1,0.0,-1.0
D_disp_fail_reversal,12265,12266,1,-0.0,-1.0
D_disp_fail_reversal,12287,12288,1,-0.0,2.0
D_disp_fail_reversal,12327,12328,-1,0.0,-1.0
D_disp_fail_reversal,12379,12380,1,-0.0,-1.0
D_disp_fail_reversal,12390,12391,1,-0.0,-1.0
D_disp_fail_reversal,12452,12453,-1,0.0,-1.0
D_disp_fail_reversal,12489,12490,-1,0.0,-1.0
D_disp_fail_reversal,12524,12525,1,-0.0,2.0
D_disp_fail_reversal,12590,12591,-1,0.0,-1.0
D_disp_fail_reversal,12601,12602,-1,0.0,-1.0
D_disp_fail_reversal,12647,12648,-1,0.0,-1.0
D_disp_fail_reversal,12677,12678,-1,0.0,-1.0
D_disp_fail_reversal,12760,12761,-1,0.0,-1.0
D_disp_fail_reversal,12786,12787,1,-0.0,-1.0
D_disp_fail_reversal,12892,12893,-1,0.0,-1.0
D_disp_fail_reversal,13069,13070,1,-0.0,-1.0
D_disp_fail_reversal,13076,13077,1,-0.0,-1.0
D_disp_fail_reversal,13080,13081,1,-0.0,-1.0
D_disp_fail_reversal,13112,13113,1,-0.0,2.0
D_disp_fail_reversal,13207,13208,-1,0.0,2.0
D_disp_fail_reversal,13233,13234,1,-0.0,-1.0
D_disp_fail_reversal,13255,13256,1,-0.0,2.0
D_disp_fail_reversal,13355,13356,1,-0.0,-1.0
D_disp_fail_reversal,13419,13420,-1,0.0,2.0
D_disp_fail_reversal,13421,13422,1,-0.0,2.0
D_disp_fail_reversal,13559,13560,1,-0.0,-1.0
D_disp_fail_reversal,13602,13603,1,-0.0,-1.0
D_disp_fail_reversal,13611,13612,1,-0.0,-1.0
D_disp_fail_reversal,13700,13701,-1,0.0,2.0
D_disp_fail_reversal,13725,13726,-1,0.0,2.0
D_disp_fail_reversal,13847,13848,-1,0.0,2.0
D_disp_fail_reversal,13852,13853,1,-0.0,-1.0
D_disp_fail_reversal,14002,14003,1,-0.0,2.0
D_disp_fail_reversal,14058,14059,1,-0.0,-1.0
D_disp_fail_reversal,14069,14070,-1,0.0,-1.0
D_disp_fail_reversal,14098,14099,-1,0.0,-1.0
D_disp_fail_reversal,14161,14162,1,-0.0,-1.0
D_disp_fail_reversal,14215,14216,1,-0.0,2.0
D_disp_fail_reversal,14258,14259,1,-0.0,-1.0
D_disp_fail_reversal,14265,14266,1,-0.0,-1.0
D_disp_fail_reversal,14273,14274,1,-0.0,2.0
D_disp_fail_reversal,14286,14287,-1,0.0,-1.0
D_disp_fail_reversal,14351,14352,-1,0.0,-1.0
D_disp_fail_reversal,14378,14379,-1,0.0,-1.0
D_disp_fail_reversal,14438,14439,-1,0.0,-1.0
D_disp_fail_reversal,14460,14461,1,-0.0,-1.0
D_disp_fail_reversal,14473,14474,1,-0.0,-1.0
D_disp_fail_reversal,14483,14484,1,-0.0,-1.0
D_disp_fail_reversal,14655,14656,1,-0.0,-1.0
D_disp_fail_reversal,14659,14660,1,-0.0,-1.0
D_disp_fail_reversal,14755,14756,-1,0.0,2.0
D_disp_fail_reversal,14995,14996,-1,0.0,-1.0
D_disp_fail_reversal,15063,15064,-1,0.0,-1.0
D_disp_fail_reversal,15165,15166,-1,0.0,2.0
D_disp_fail_reversal,15222,15223,1,-0.0,-1.0
D_disp_fail_reversal,15261,15262,-1,0.0,-1.0
D_disp_fail_reversal,15277,15278,-1,0.0,2.0
D_disp_fail_reversal,15303,15304,1,-0.0,-1.0
D_disp_fail_reversal,15380,15381,-1,0.0,2.0
D_disp_fail_reversal,15460,15461,1,-0.0,2.0
D_disp_fail_reversal,15579,15580,1,-0.0,-1.0
D_disp_fail_reversal,15581,15582,1,-0.0,-1.0
D_disp_fail_reversal,15594,15595,1,-0.0,-1.0
D_disp_fail_reversal,15706,15707,-1,0.0,2.0
D_disp_fail_reversal,15753,15754,1,-0.0,-1.0
D_disp_fail_reversal,15762,15763,1,-0.0,-1.0
D_disp_fail_reversal,15879,15880,1,-0.0,-1.0
D_disp_fail_reversal,15890,15891,-1,0.0,2.0
D_disp_fail_reversal,16048,16049,1,-0.0,2.0
D_disp_fail_reversal,16061,16062,-1,0.0,-1.0
D_disp_fail_reversal,16078,16079,-1,0.0,-1.0
D_disp_fail_reversal,16116,16117,-1,0.0,-1.0
D_disp_fail_reversal,16138,16139,1,-0.0,-1.0
D_disp_fail_reversal,16246,16247,-1,0.0,-1.0
D_disp_fail_reversal,16251,16252,-1,0.0,2.0
D_disp_fail_reversal,16275,16276,1,-0.0,-1.0
D_disp_fail_reversal,16310,16311,1,-0.0,-1.0
D_disp_fail_reversal,16336,16337,1,-0.0,2.0
D_disp_fail_reversal,16341,16342,-1,0.0,2.0
D_disp_fail_reversal,16404,16405,-1,0.0,2.0
D_disp_fail_reversal,16420,16421,1,-0.0,-1.0
D_disp_fail_reversal,16427,16428,1,-0.0,2.0
D_disp_fail_reversal,16526,16527,-1,0.0,2.0
D_disp_fail_reversal,16566,16567,-1,0.0,2.0
D_disp_fail_reversal,16587,16588,-1,0.0,2.0
D_disp_fail_reversal,16700,16701,-1,0.0,2.0
D_disp_fail_reversal,16735,16736,1,-0.0,-1.0
D_disp_fail_reversal,16743,16744,1,-0.0,-1.0
D_disp_fail_reversal,16788,16789,1,-0.0,-1.0
D_disp_fail_reversal,16791,16792,1,-0.0,-1.0
D_disp_fail_reversal,16826,16827,1,-0.0,-1.0
D_disp_fail_reversal,16830,16831,1,-0.0,-1.0
D_disp_fail_reversal,16842,16843,1,-0.0,-1.0
D_disp_fail_reversal,16909,16910,-1,0.0,-1.0
D_disp_fail_reversal,16931,16932,-1,0.0,-1.0
D_disp_fail_reversal,17085,17086,1,-0.0,2.0
D_disp_fail_reversal,17177,17178,1,-0.0,2.0
D_disp_fail_reversal,17303,17304,-1,0.0,2.0
D_disp_fail_reversal,17314,17315,1,-0.0,-1.0
D_disp_fail_reversal,17427,17428,-1,0.0,2.0
D_disp_fail_reversal,17463,17464,1,-0.0,-1.0
D_disp_fail_reversal,17472,17473,1,-0.0,-1.0
D_disp_fail_reversal,17513,17514,1,-0.0,-1.0
D_disp_fail_reversal,17521,17522,1,-0.0,2.0
D_disp_fail_reversal,17547,17548,-1,0.0,2.0
D_disp_fail_reversal,17643,17644,1,-0.0,-0.16126263325487053
D_disp_fail_reversal,17793,17794,1,-0.0,2.0
D_disp_fail_reversal,17804,17805,-1,0.0,-1.0
D_disp_fail_reversal,17830,17831,-1,0.0,0.16232388989125793
D_disp_fail_reversal,18010,18011,1,-0.0,-1.0
D_disp_fail_reversal,18013,18014,1,-0.0,2.0
D_disp_fail_reversal,18082,18083,1,-0.0,2.0
D_disp_fail_reversal,18089,18090,-1,0.0,-1.0
D_disp_fail_reversal,18106,18107,-1,0.0,-1.0
D_disp_fail_reversal,18111,18112,-1,0.0,-1.0
D_disp_fail_reversal,18115,18116,-1,0.0,1.050152530176631
D_disp_fail_reversal,18221,18222,1,-0.0,1.2769519247944752
D_disp_fail_reversal,18330,18331,1,-0.0,-1.0
D_disp_fail_reversal,18461,18462,-1,0.0,2.0
D_disp_fail_reversal,18469,18470,-1,0.0,2.0
D_disp_fail_reversal,18531,18532,-1,0.0,2.0
D_disp_fail_reversal,18581,18582,-1,0.0,2.0
D_disp_fail_reversal,18668,18669,1,-0.0,-1.0
D_disp_fail_reversal,18679,18680,1,-0.0,-1.0
D_disp_fail_reversal,18744,18745,1,-0.0,-1.0
D_disp_fail_reversal,18747,18748,1,-0.0,-1.0
D_disp_fail_reversal,18776,18777,1,-0.0,-1.0
D_disp_fail_reversal,18791,18792,1,-0.0,-1.0
D_disp_fail_reversal,18872,18873,-1,0.0,0.6359621904736712
D_disp_fail_reversal,18970,18971,1,-0.0,-1.0
D_disp_fail_reversal,19035,19036,1,-0.0,-1.0
D_disp_fail_reversal,19039,19040,1,-0.0,-1.0
D_disp_fail_reversal,19069,19070,1,-0.0,-1.0
D_disp_fail_reversal,19117,19118,1,-0.0,-1.0
D_disp_fail_reversal,19195,19196,1,-0.0,2.0
D_disp_fail_reversal,19200,19201,-1,0.0,-1.0
D_disp_fail_reversal,19216,19217,-1,0.0,-1.0
D_disp_fail_reversal,19225,19226,-1,0.0,2.0
D_disp_fail_reversal,19233,19234,1,-0.0,-1.0
D_disp_fail_reversal,19338,19339,-1,0.0,-1.0
D_disp_fail_reversal,19376,19377,1,-0.0,-1.0
D_disp_fail_reversal,19500,19501,1,-0.0,-1.0
D_disp_fail_reversal,19573,19574,1,-0.0,-1.0
D_disp_fail_reversal,19587,19588,1,-0.0,-1.0
D_disp_fail_reversal,19600,19601,1,-0.0,2.0
D_disp_fail_reversal,19673,19674,-1,0.0,-1.0
D_disp_fail_reversal,19692,19693,-1,0.0,-1.0
D_disp_fail_reversal,19780,19781,1,-0.0,-1.0
D_disp_fail_reversal,19818,19819,-1,0.0,-1.0
D_disp_fail_reversal,19858,19859,-1,0.0,-1.0
D_disp_fail_reversal,19907,19908,1,-0.0,-1.0
D_disp_fail_reversal,19957,19958,1,-0.0,-1.0
D_disp_fail_reversal,19972,19973,1,-0.0,-1.0
D_disp_fail_reversal,19990,19991,1,-0.0,2.0
D_disp_fail_reversal,20032,20033,1,-0.0,-1.0
D_disp_fail_reversal,20267,20268,-1,0.0,-1.0
D_disp_fail_reversal,20270,20271,-1,0.0,2.0
D_disp_fail_reversal,20361,20362,-1,0.0,2.0
D_disp_fail_reversal,20392,20393,1,-0.0,-1.0
D_disp_fail_reversal,20429,20430,1,-0.0,2.0
D_disp_fail_reversal,20496,20497,1,-0.0,-1.0
D_disp_fail_reversal,20577,20578,1,-0.0,2.0
D_disp_fail_reversal,20614,20615,1,-0.0,-1.0
D_disp_fail_reversal,20618,20619,1,-0.0,-1.0
D_disp_fail_reversal,20633,20634,1,-0.0,2.0
D_disp_fail_reversal,20656,20657,-1,0.0,-1.0
D_disp_fail_reversal,20673,20674,1,-0.0,-1.0
D_disp_fail_reversal,20716,20717,1,-0.0,-1.0
D_disp_fail_reversal,20748,20749,1,-0.0,-1.0
D_disp_fail_reversal,20804,20805,1,-0.0,-1.0
D_disp_fail_reversal,20829,20830,-1,0.0,2.0
D_disp_fail_reversal,20990,20991,-1,0.0,2.0
D_disp_fail_reversal,20993,20994,1,-0.0,2.0
D_disp_fail_reversal,21063,21064,1,-0.0,-1.0
D_disp_fail_reversal,21092,21093,-1,0.0,2.0
D_disp_fail_reversal,21135,21136,-1,0.0,-1.0
D_disp_fail_reversal,21138,21139,-1,0.0,2.0
D_disp_fail_reversal,21225,21226,-1,0.0,-1.0
D_disp_fail_reversal,21473,21474,1,-0.0,2.0
D_disp_fail_reversal,21641,21642,-1,0.0,-1.0
D_disp_fail_reversal,21711,21712,-1,0.0,0.34439648201822776
D_disp_fail_reversal,21816,21817,-1,0.0,-1.0
D_disp_fail_reversal,21828,21829,-1,0.0,-1.0
D_disp_fail_reversal,21854,21855,-1,0.0,-1.0
D_disp_fail_reversal,21879,21880,-1,0.0,2.0
D_disp_fail_reversal,21904,21905,1,-0.0,-1.0
D_disp_fail_reversal,21967,21968,-1,0.0,2.0
D_disp_fail_reversal,21971,21972,1,-0.0,-1.0
D_disp_fail_reversal,22002,22003,1,-0.0,-1.0
D_disp_fail_reversal,22045,22046,1,-0.0,-1.0
D_disp_fail_reversal,22072,22073,1,-0.0,2.0
D_disp_fail_reversal,22166,22167,-1,0.0,-1.0
D_disp_fail_reversal,22188,22189,1,-0.0,-1.0
D_disp_fail_reversal,22228,22229,-1,0.0,-1.0
D_disp_fail_reversal,22291,22292,-1,0.0,-1.0
D_disp_fail_reversal,22339,22340,1,-0.0,-1.0
D_disp_fail_reversal,22353,22354,-1,0.0,2.0
D_disp_fail_reversal,22374,22375,1,-0.0,-1.0
D_disp_fail_reversal,22441,22442,1,-0.0,-1.0
D_disp_fail_reversal,22449,22450,1,-0.0,-1.0
D_disp_fail_reversal,22649,22650,-1,0.0,-1.0
D_disp_fail_reversal,22655,22656,-1,0.0,-1.0
D_disp_fail_reversal,22745,22746,1,-0.0,2.0
D_disp_fail_reversal,22792,22793,1,-0.0,2.0
D_disp_fail_reversal,22822,22823,-1,0.0,-1.0
D_disp_fail_reversal,22890,22891,1,-0.0,-1.0
D_disp_fail_reversal,22916,22917,1,-0.0,2.0
D_disp_fail_reversal,22969,22970,1,-0.0,2.0
D_disp_fail_reversal,22995,22996,1,-0.0,2.0
D_disp_fail_reversal,23011,23012,-1,0.0,-1.0
D_disp_fail_reversal,23096,23097,1,-0.0,-1.0
D_disp_fail_reversal,23232,23233,-1,0.0,-1.0
D_disp_fail_reversal,23298,23299,-1,0.0,-1.0
D_disp_fail_reversal,23316,23317,1,-0.0,-1.0
D_disp_fail_reversal,23373,23374,-1,0.0,-1.0
D_disp_fail_reversal,23379,23380,-1,0.0,2.0
D_disp_fail_reversal,23450,23451,1,-0.0,-1.0
D_disp_fail_reversal,23474,23475,1,-0.0,-1.0
D_disp_fail_reversal,23506,23507,-1,0.0,-1.0
D_disp_fail_reversal,23565,23566,-1,0.0,-1.0
D_disp_fail_reversal,23581,23582,-1,0.0,-1.0
D_disp_fail_reversal,23679,23680,1,-0.0,-0.24416161221604057
D_disp_fail_reversal,23865,23866,1,-0.0,-1.0
D_disp_fail_reversal,23924,23925,-1,0.0,-1.0
D_disp_fail_reversal,23941,23942,-1,0.0,-1.0
D_disp_fail_reversal,23958,23959,-1,0.0,-1.0
D_disp_fail_reversal,23981,23982,1,-0.0,-1.0
D_disp_fail_reversal,23984,23985,1,-0.0,-1.0
D_disp_fail_reversal,24053,24054,1,-0.0,-1.0
D_disp_fail_reversal,24069,24070,-1,0.0,-1.0
D_disp_fail_reversal,24082,24083,-1,0.0,2.0
D_disp_fail_reversal,24127,24128,1,-0.0,-1.0
D_disp_fail_reversal,24134,24135,1,-0.0,-1.0
D_disp_fail_reversal,24151,24152,1,-0.0,2.0
D_disp_fail_reversal,24251,24252,-1,0.0,-1.0
D_disp_fail_reversal,24341,24342,-1,0.0,-1.0
D_disp_fail_reversal,24389,24390,1,-0.0,2.0
D_disp_fail_reversal,24412,24413,-1,0.0,-1.0
D_disp_fail_reversal,24486,24487,1,-0.0,2.0
D_disp_fail_reversal,24515,24516,-1,0.0,-1.0
D_disp_fail_reversal,24577,24578,1,-0.0,-1.0
D_disp_fail_reversal,24607,24608,1,-0.0,-1.0
D_disp_fail_reversal,24625,24626,1,-0.0,2.0
D_disp_fail_reversal,24629,24630,-1,0.0,-1.0
D_disp_fail_reversal,24675,24676,-1,0.0,2.0
D_disp_fail_reversal,24709,24710,-1,0.0,-1.0
D_disp_fail_reversal,24717,24718,-1,0.0,2.0
D_disp_fail_reversal,24723,24724,1,-0.0,-1.0
D_disp_fail_reversal,24736,24737,1,-0.0,-1.0
D_disp_fail_reversal,24818,24819,1,-0.0,-1.0
D_disp_fail_reversal,24885,24886,-1,0.0,-1.0
D_disp_fail_reversal,24897,24898,-1,0.0,-1.0
D_disp_fail_reversal,24904,24905,-1,0.0,-1.0
D_disp_fail_reversal,24906,24907,-1,0.0,0.15726323603171216
D_disp_fail_reversal,25049,25050,-1,0.0,-1.0
D_disp_fail_reversal,25064,25065,-1,0.0,2.0
D_disp_fail_reversal,25080,25081,-1,0.0,-1.0
D_disp_fail_reversal,25093,25094,-1,0.0,-1.0
D_disp_fail_reversal,25143,25144,1,-0.0,2.0
D_disp_fail_reversal,25190,25191,1,-0.0,-1.0
D_disp_fail_reversal,25192,25193,1,-0.0,-1.0
D_disp_fail_reversal,25232,25233,1,-0.0,-1.0
D_disp_fail_reversal,25251,25252,1,-0.0,2.0
D_disp_fail_reversal,25253,25254,1,-0.0,-1.0
D_disp_fail_reversal,25280,25281,1,-0.0,2.0
D_disp_fail_reversal,25286,25287,-1,0.0,-1.0
D_disp_fail_reversal,25367,25368,1,-0.0,-1.0
D_disp_fail_reversal,25420,25421,1,-0.0,-1.0
D_disp_fail_reversal,25427,25428,1,-0.0,-1.0
D_disp_fail_reversal,25564,25565,1,-0.0,-1.0
D_disp_fail_reversal,25722,25723,-1,0.0,2.0
D_disp_fail_reversal,25731,25732,1,-0.0,1.1354838446300441
D_disp_fail_reversal,25829,25830,-1,0.0,-1.0
D_disp_fail_reversal,25913,25914,-1,0.0,-1.0
D_disp_fail_reversal,26030,26031,1,-0.0,2.0
D_disp_fail_reversal,26072,26073,1,-0.0,2.0
D_disp_fail_reversal,26094,26095,-1,0.0,-1.0
D_disp_fail_reversal,26096,26097,-1,0.0,-1.0
D_disp_fail_reversal,26101,26102,-1,0.0,-1.0
D_disp_fail_reversal,26124,26125,-1,0.0,-1.0
D_disp_fail_reversal,26204,26205,-1,0.0,2.0
D_disp_fail_reversal,26291,26292,-1,0.0,2.0
D_disp_fail_reversal,26307,26308,1,-0.0,2.0
D_disp_fail_reversal,26487,26488,1,-0.0,-1.0
D_disp_fail_reversal,26503,26504,1,-0.0,-1.0
D_disp_fail_reversal,26548,26549,1,-0.0,-1.0
D_disp_fail_reversal,26553,26554,1,-0.0,2.0
D_disp_fail_reversal,26581,26582,-1,0.0,-1.0
D_disp_fail_reversal,26596,26597,-1,0.0,2.0
D_disp_fail_reversal,26598,26599,-1,0.0,-1.0
D_disp_fail_reversal,26640,26641,1,-0.0,2.0
D_disp_fail_reversal,26692,26693,1,-0.0,-1.0
D_disp_fail_reversal,26790,26791,1,-0.0,-1.0
D_disp_fail_reversal,26879,26880,1,-0.0,1.7271762623945868
D_disp_fail_reversal,27039,27040,1,-0.0,2.0
D_disp_fail_reversal,27049,27050,1,-0.0,2.0
D_disp_fail_reversal,27051,27052,-1,0.0,0.015388435138398925
D_disp_fail_reversal,27485,27486,1,-0.0,2.0
D_disp_fail_reversal,27557,27558,-1,0.0,-1.0
D_disp_fail_reversal,27612,27613,1,-0.0,-1.0
D_disp_fail_reversal,27711,27712,1,-0.0,0.7405755585999276
D_disp_fail_reversal,27904,27905,1,-0.0,-1.0
D_disp_fail_reversal,27978,27979,-1,0.0,-1.0
D_disp_fail_reversal,28026,28027,1,-0.0,2.0
D_disp_fail_reversal,28037,28038,-1,0.0,-1.0
D_disp_fail_reversal,28046,28047,-1,0.0,2.0
D_disp_fail_reversal,28070,28071,1,-0.0,-1.0
D_disp_fail_reversal,28143,28144,1,-0.0,-1.0
D_disp_fail_reversal,28166,28167,-1,0.0,2.0
D_disp_fail_reversal,28213,28214,-1,0.0,-1.0
D_disp_fail_reversal,28238,28239,-1,0.0,-1.0
D_disp_fail_reversal,28263,28264,-1,0.0,2.0
D_disp_fail_reversal,28296,28297,1,-0.0,-1.0
D_disp_fail_reversal,28357,28358,-1,0.0,-1.0
D_disp_fail_reversal,28464,28465,1,-0.0,-1.0
D_disp_fail_reversal,28473,28474,1,-0.0,-1.0
D_disp_fail_reversal,28550,28551,1,-0.0,2.0
D_disp_fail_reversal,28607,28608,-1,0.0,-1.0
D_disp_fail_reversal,28609,28610,-1,0.0,2.0
D_disp_fail_reversal,28629,28630,1,-0.0,2.0
D_disp_fail_reversal,28682,28683,-1,0.0,-1.0
D_disp_fail_reversal,28723,28724,1,-0.0,-1.0
D_disp_fail_reversal,28727,28728,1,-0.0,-1.0
D_disp_fail_reversal,28823,28824,-1,0.0,1.0307011379005848
D_disp_fail_reversal,28921,28922,1,-0.0,0.204582794151903
D_disp_fail_reversal,29064,29065,-1,0.0,-1.0
D_disp_fail_reversal,29101,29102,-1,0.0,-1.0
D_disp_fail_reversal,29167,29168,1,-0.0,-1.0
D_disp_fail_reversal,29173,29174,1,-0.0,-1.0
D_disp_fail_reversal,29245,29246,1,-0.0,1.7970021041670328
D_disp_fail_reversal,29425,29426,1,-0.0,-1.0
D_disp_fail_reversal,29447,29448,1,-0.0,2.0
D_disp_fail_reversal,29471,29472,-1,0.0,-1.0
D_disp_fail_reversal,29547,29548,-1,0.0,-1.0
D_disp_fail_reversal,29564,29565,-1,0.0,0.30133768726186155
D_disp_fail_reversal,29696,29697,1,-0.0,-1.0
D_disp_fail_reversal,29725,29726,-1,0.0,-1.0
D_disp_fail_reversal,29760,29761,1,-0.0,2.0
D_disp_fail_reversal,29845,29846,-1,0.0,-1.0
D_disp_fail_reversal,29944,29945,1,-0.0,-1.0
D_disp_fail_reversal,30032,30033,1,-0.0,-1.0
D_disp_fail_reversal,30201,30202,1,-0.0,2.0
D_disp_fail_reversal,30214,30215,-1,0.0,-1.0
D_disp_fail_reversal,30266,30267,1,-0.0,-1.0
D_disp_fail_reversal,30381,30382,1,-0.0,-1.0
D_disp_fail_reversal,30414,30415,1,-0.0,-1.0
D_disp_fail_reversal,30460,30461,-1,0.0,-1.0
D_disp_fail_reversal,30532,30533,1,-0.0,-1.0
D_disp_fail_reversal,30661,30662,-1,0.0,2.0
D_disp_fail_reversal,30670,30671,1,-0.0,-1.0
D_disp_fail_reversal,30687,30688,1,-0.0,-1.0
D_disp_fail_reversal,30728,30729,1,-0.0,2.0
D_disp_fail_reversal,30790,30791,1,-0.0,-1.0
D_disp_fail_reversal,30857,30858,-1,0.0,-1.0
D_disp_fail_reversal,30862,30863,-1,0.0,-1.0
D_disp_fail_reversal,30886,30887,-1,0.0,-1.0
D_disp_fail_reversal,30965,30966,-1,0.0,2.0
D_disp_fail_reversal,31032,31033,1,-0.0,-1.0
D_disp_fail_reversal,31082,31083,1,-0.0,-1.0
D_disp_fail_reversal,31132,31133,1,-0.0,2.0
D_disp_fail_reversal,31147,31148,-1,0.0,-1.0
D_disp_fail_reversal,31173,31174,-1,0.0,-1.0
D_disp_fail_reversal,31225,31226,-1,0.0,-1.0
D_disp_fail_reversal,31286,31287,1,-0.0,-1.0
D_disp_fail_reversal,31288,31289,1,-0.0,2.0
D_disp_fail_reversal,31325,31326,-1,0.0,2.0
D_disp_fail_reversal,31515,31516,1,-0.0,-1.0
D_disp_fail_reversal,31522,31523,1,-0.0,2.0
D_disp_fail_reversal,31560,31561,-1,0.0,-1.0
D_disp_fail_reversal,31712,31713,1,-0.0,-0.015367886541095086
D_disp_fail_reversal,31815,31816,-1,0.0,2.0
D_disp_fail_reversal,31868,31869,1,-0.0,-1.0
D_disp_fail_reversal,31901,31902,1,-0.0,-0.27446555258662325
D_disp_fail_reversal,32170,32171,1,-0.0,-1.0
D_disp_fail_reversal,32334,32335,1,-0.0,-1.0
D_disp_fail_reversal,32338,32339,1,-0.0,-1.0
D_disp_fail_reversal,32379,32380,1,-0.0,2.0
D_disp_fail_reversal,32480,32481,-1,0.0,2.0
D_disp_fail_reversal,32497,32498,1,-0.0,-1.0
D_disp_fail_reversal,32671,32672,1,-0.0,-1.0
D_disp_fail_reversal,32702,32703,1,-0.0,2.0
D_disp_fail_reversal,32790,32791,-1,0.0,-1.0
D_disp_fail_reversal,32926,32927,-1,0.0,-1.0
D_disp_fail_reversal,33068,33069,1,-0.0,-1.0
D_disp_fail_reversal,33163,33164,1,-0.0,-1.0
D_disp_fail_reversal,33202,33203,-1,0.0,-1.0
D_disp_fail_reversal,33205,33206,-1,0.0,2.0
D_disp_fail_reversal,33225,33226,1,-0.0,-1.0
D_disp_fail_reversal,33256,33257,1,-0.0,2.0
D_disp_fail_reversal,33326,33327,1,-0.0,-1.0
D_disp_fail_reversal,33349,33350,1,-0.0,0.9442942669032591
D_disp_fail_reversal,33496,33497,1,-0.0,-1.0
D_disp_fail_reversal,33538,33539,1,-0.0,-1.0
D_disp_fail_reversal,33541,33542,1,-0.0,2.0
D_disp_fail_reversal,33631,33632,-1,0.0,2.0
D_disp_fail_reversal,33644,33645,-1,0.0,2.0
D_disp_fail_reversal,33848,33849,-1,0.0,2.0
D_disp_fail_reversal,33879,33880,1,-0.0,-1.0
D_disp_fail_reversal,33940,33941,-1,0.0,2.0
D_disp_fail_reversal,33948,33949,-1,0.0,-1.0
D_disp_fail_reversal,33959,33960,-1,0.0,-1.0
D_disp_fail_reversal,33997,33998,1,-0.0,-1.0
D_disp_fail_reversal,34011,34012,1,-0.0,-1.0
D_disp_fail_reversal,34038,34039,-1,0.0,2.0
D_disp_fail_reversal,34054,34055,1,-0.0,2.0
D_disp_fail_reversal,34084,34085,1,-0.0,-1.0
D_disp_fail_reversal,34319,34320,1,-0.0,2.0
D_disp_fail_reversal,34339,34340,-1,0.0,-1.0
D_disp_fail_reversal,34346,34347,-1,0.0,-1.0
D_disp_fail_reversal,34368,34369,1,-0.0,-1.0
D_disp_fail_reversal,34373,34374,1,-0.0,-1.0
D_disp_fail_reversal,34395,34396,-1,0.0,2.0
D_disp_fail_reversal,34477,34478,1,-0.0,-1.0
D_disp_fail_reversal,34541,34542,1,-0.0,-1.0
D_disp_fail_reversal,34555,34556,1,-0.0,-1.0
D_disp_fail_reversal,34558,34559,1,-0.0,-1.0
D_disp_fail_reversal,34577,34578,-1,0.0,2.0
D_disp_fail_reversal,34583,34584,1,-0.0,-1.0
D_disp_fail_reversal,34661,34662,1,-0.0,2.0
D_disp_fail_reversal,34733,34734,-1,0.0,-1.0
D_disp_fail_reversal,34743,34744,-1,0.0,2.0
D_disp_fail_reversal,34766,34767,1,-0.0,2.0
D_disp_fail_reversal,34779,34780,-1,0.0,2.0
D_disp_fail_reversal,34830,34831,1,-0.0,2.0
D_disp_fail_reversal,34912,34913,1,-0.0,-1.0
D_disp_fail_reversal,34950,34951,-1,0.0,-1.0
D_disp_fail_reversal,34993,34994,1,-0.0,-1.0
D_disp_fail_reversal,35103,35104,-1,0.0,-1.0
D_disp_fail_reversal,35182,35183,-1,0.0,2.0
D_disp_fail_reversal,35197,35198,1,-0.0,-1.0
D_disp_fail_reversal,35273,35274,-1,0.0,-1.0
D_disp_fail_reversal,35333,35334,1,-0.0,-1.0
D_disp_fail_reversal,35401,35402,1,-0.0,2.0
D_disp_fail_reversal,35435,35436,-1,0.0,-1.0
D_disp_fail_reversal,35486,35487,1,-0.0,2.0
D_disp_fail_reversal,35660,35661,1,-0.0,-1.0
D_disp_fail_reversal,35663,35664,1,-0.0,-1.0
D_disp_fail_reversal,35760,35761,1,-0.0,2.0
D_disp_fail_reversal,35777,35778,-1,0.0,0.3994200634698553
D_disp_fail_reversal,35928,35929,1,-0.0,-1.0
D_disp_fail_reversal,35946,35947,1,-0.0,2.0
D_disp_fail_reversal,36006,36007,1,-0.0,-1.0
D_disp_fail_reversal,36152,36153,1,-0.0,-1.0
D_disp_fail_reversal,36159,36160,1,-0.0,-1.0
D_disp_fail_reversal,36215,36216,1,-0.0,-1.0
D_disp_fail_reversal,36297,36298,1,-0.0,-1.0
D_disp_fail_reversal,36347,36348,-1,0.0,-1.0
D_disp_fail_reversal,36374,36375,1,-0.0,-1.0
D_disp_fail_reversal,36386,36387,1,-0.0,-1.0
D_disp_fail_reversal,36395,36396,1,-0.0,2.0
D_disp_fail_reversal,36584,36585,-1,0.0,-1.0
D_disp_fail_reversal,36759,36760,-1,0.0,2.0
D_disp_fail_reversal,36766,36767,1,-0.0,-1.0
D_disp_fail_reversal,36901,36902,1,-0.0,2.0
D_disp_fail_reversal,36946,36947,-1,0.0,-1.0
D_disp_fail_reversal,36954,36955,-1,0.0,2.0
D_disp_fail_reversal,37035,37036,1,-0.0,2.0
D_disp_fail_reversal,37137,37138,1,-0.0,-1.0
D_disp_fail_reversal,37207,37208,1,-0.0,-1.0
D_disp_fail_reversal,37232,37233,1,-0.0,-1.0
D_disp_fail_reversal,37237,37238,-1,0.0,2.0
D_disp_fail_reversal,37308,37309,1,-0.0,-1.0
D_disp_fail_reversal,37395,37396,1,-0.0,-1.0
D_disp_fail_reversal,37402,37403,1,-0.0,2.0
D_disp_fail_reversal,37510,37511,-1,0.0,2.0
D_disp_fail_reversal,37587,37588,1,-0.0,-1.0
D_disp_fail_reversal,37589,37590,1,-0.0,2.0
D_disp_fail_reversal,37646,37647,1,-0.0,-1.0
D_disp_fail_reversal,37697,37698,1,-0.0,-1.0
D_disp_fail_reversal,37704,37705,1,-0.0,0.2525816585112629
D_disp_fail_reversal,37839,37840,1,-0.0,-1.0
D_disp_fail_reversal,37863,37864,1,-0.0,-1.0
D_disp_fail_reversal,37937,37938,1,-0.0,-1.0
D_disp_fail_reversal,37947,37948,1,-0.0,-1.0
D_disp_fail_reversal,38004,38005,1,-0.0,2.0
D_disp_fail_reversal,38059,38060,-1,0.0,-1.0
D_disp_fail_reversal,38146,38147,1,-0.0,2.0
D_disp_fail_reversal,38204,38205,-1,0.0,-1.0
D_disp_fail_reversal,38264,38265,-1,0.0,-1.0
D_disp_fail_reversal,38295,38296,1,-0.0,-1.0
D_disp_fail_reversal,38304,38305,1,-0.0,2.0
D_disp_fail_reversal,38309,38310,-1,0.0,2.0
D_disp_fail_reversal,38334,38335,1,-0.0,2.0
D_disp_fail_reversal,38337,38338,1,-0.0,-0.20331198540736495
D_disp_fail_reversal,38439,38440,1,-0.0,-1.0
D_disp_fail_reversal,38499,38500,1,-0.0,-1.0
D_disp_fail_reversal,38556,38557,-1,0.0,2.0
D_disp_fail_reversal,38678,38679,1,-0.0,2.0
D_disp_fail_reversal,38792,38793,-1,0.0,2.0
D_disp_fail_reversal,38948,38949,-1,0.0,2.0
D_disp_fail_reversal,38965,38966,1,-0.0,-1.0
D_disp_fail_reversal,38983,38984,1,-0.0,-1.0
D_disp_fail_reversal,39013,39014,-1,0.0,-1.0
D_disp_fail_reversal,39054,39055,-1,0.0,2.0
D_disp_fail_reversal,39077,39078,-1,0.0,-0.171919839901762
D_disp_fail_reversal,39320,39321,1,-0.0,2.0
D_disp_fail_reversal,39399,39400,1,-0.0,-1.0
D_disp_fail_reversal,39507,39508,-1,0.0,-1.0
D_disp_fail_reversal,39537,39538,1,-0.0,2.0
D_disp_fail_reversal,39540,39541,-1,0.0,-1.0
D_disp_fail_reversal,39720,39721,1,-0.0,2.0
D_disp_fail_reversal,39786,39787,-1,0.0,-1.0
D_disp_fail_reversal,39795,39796,1,-0.0,-1.0
D_disp_fail_reversal,39811,39812,1,-0.0,-1.0
D_disp_fail_reversal,39864,39865,-1,0.0,-1.0
D_disp_fail_reversal,39882,39883,-1,0.0,-1.0
D_disp_fail_reversal,39909,39910,-1,0.0,2.0
D_disp_fail_reversal,40039,40040,1,-0.0,-1.0
D_disp_fail_reversal,40092,40093,1,-0.0,-0.11864406779662212
D_disp_fail_reversal,40191,40192,1,-0.0,-1.0
D_disp_fail_reversal,40322,40323,1,-0.0,-1.0
D_disp_fail_reversal,40374,40375,1,-0.0,-1.0
D_disp_fail_reversal,40405,40406,-1,0.0,-0.7616397088892952
D_disp_fail_reversal,40546,40547,1,-0.0,-1.0
D_disp_fail_reversal,40650,40651,-1,0.0,-1.0
D_disp_fail_reversal,40693,40694,1,-0.0,-1.0
D_disp_fail_reversal,40725,40726,1,-0.0,1.2616333114109142
D_disp_fail_reversal,40831,40832,-1,0.0,-1.0
D_disp_fail_reversal,40878,40879,1,-0.0,-1.0
D_disp_fail_reversal,40926,40927,1,-0.0,-1.0
D_disp_fail_reversal,40990,40991,-1,0.0,-1.0
D_disp_fail_reversal,41179,41180,-1,0.0,2.0
D_disp_fail_reversal,41272,41273,-1,0.0,2.0
D_disp_fail_reversal,41416,41417,1,-0.0,-1.0
D_disp_fail_reversal,41424,41425,1,-0.0,-1.0
D_disp_fail_reversal,41529,41530,-1,0.0,-1.0
D_disp_fail_reversal,41664,41665,-1,0.0,-1.0
D_disp_fail_reversal,41764,41765,1,-0.0,-1.0
D_disp_fail_reversal,41899,41900,1,-0.0,2.0
D_disp_fail_reversal,41908,41909,-1,0.0,2.0
D_disp_fail_reversal,41943,41944,-1,0.0,2.0
D_disp_fail_reversal,42042,42043,-1,0.0,-1.0
D_disp_fail_reversal,42135,42136,-1,0.0,-1.0
D_disp_fail_reversal,42208,42209,1,-0.0,2.0
D_disp_fail_reversal,42324,42325,1,-0.0,-1.0
D_disp_fail_reversal,42386,42387,1,-0.0,2.0
D_disp_fail_reversal,42393,42394,-1,0.0,0.2568872377226521
D_disp_fail_reversal,42509,42510,1,-0.0,-1.0
D_disp_fail_reversal,42531,42532,-1,0.0,-1.0
D_disp_fail_reversal,42682,42683,-1,0.0,2.0
D_disp_fail_reversal,42789,42790,1,-0.0,-1.0
D_disp_fail_reversal,42833,42834,1,-0.0,-1.0
D_disp_fail_reversal,42883,42884,1,-0.0,2.0
D_disp_fail_reversal,42969,42970,-1,0.0,-1.0
D_disp_fail_reversal,43136,43137,1,-0.0,-1.0
D_disp_fail_reversal,43162,43163,1,-0.0,2.0
D_disp_fail_reversal,43204,43205,1,-0.0,0.9923667262961559
D_disp_fail_reversal,43334,43335,1,-0.0,-1.0
D_disp_fail_reversal,43411,43412,1,-0.0,-1.0
D_disp_fail_reversal,43477,43478,1,-0.0,-1.0
D_disp_fail_reversal,43511,43512,1,-0.0,2.0
D_disp_fail_reversal,43572,43573,-1,0.0,2.0
D_disp_fail_reversal,43598,43599,1,-0.0,-1.0
D_disp_fail_reversal,43619,43620,1,-0.0,-1.0
D_disp_fail_reversal,43711,43712,-1,0.0,-1.0
D_disp_fail_reversal,43777,43778,-1,0.0,2.0
D_disp_fail_reversal,43811,43812,1,-0.0,2.0
D_disp_fail_reversal,43903,43904,-1,0.0,2.0
D_disp_fail_reversal,43921,43922,1,-0.0,2.0
D_disp_fail_reversal,43961,43962,-1,0.0,-1.0
D_disp_fail_reversal,43970,43971,-1,0.0,-1.0
D_disp_fail_reversal,44033,44034,1,-0.0,2.0
D_disp_fail_reversal,44053,44054,-1,0.0,2.0
D_disp_fail_reversal,44206,44207,1,-0.0,-1.0
D_disp_fail_reversal,44258,44259,1,-0.0,2.0
D_disp_fail_reversal,44300,44301,-1,0.0,-1.0
D_disp_fail_reversal,44317,44318,1,-0.0,2.0
D_disp_fail_reversal,44395,44396,-1,0.0,-1.0
D_disp_fail_reversal,44477,44478,-1,0.0,-1.0
D_disp_fail_reversal,44506,44507,1,-0.0,-1.0
D_disp_fail_reversal,44602,44603,1,-0.0,-1.0
D_disp_fail_reversal,44685,44686,1,-0.0,-1.0
D_disp_fail_reversal,44809,44810,-1,0.0,-1.0
D_disp_fail_reversal,44866,44867,1,-0.0,-1.0
D_disp_fail_reversal,44887,44888,-1,0.0,-1.0
D_disp_fail_reversal,44911,44912,-1,0.0,-1.0
D_disp_fail_reversal,44917,44918,-1,0.0,2.0
D_disp_fail_reversal,45060,45061,1,-0.0,-1.0
D_disp_fail_reversal,45223,45224,1,-0.0,-1.0
D_disp_fail_reversal,45316,45317,1,-0.0,2.0
D_disp_fail_reversal,45358,45359,1,-0.0,-1.0
D_disp_fail_reversal,45379,45380,1,-0.0,2.0
D_disp_fail_reversal,45394,45395,-1,0.0,-1.0
D_disp_fail_reversal,45461,45462,-1,0.0,-1.0
D_disp_fail_reversal,45539,45540,1,-0.0,-1.0
D_disp_fail_reversal,45541,45542,1,-0.0,-1.0
D_disp_fail_reversal,45551,45552,1,-0.0,-1.0
D_disp_fail_reversal,45714,45715,-1,0.0,-1.0
D_disp_fail_reversal,45735,45736,-1,0.0,-1.0
D_disp_fail_reversal,45782,45783,1,-0.0,-1.0
D_disp_fail_reversal,45812,45813,1,-0.0,-1.0
D_disp_fail_reversal,45821,45822,1,-0.0,-1.0
D_disp_fail_reversal,45923,45924,1,-0.0,-1.0
D_disp_fail_reversal,45992,45993,1,-0.0,-1.0
D_disp_fail_reversal,46031,46032,1,-0.0,2.0
D_disp_fail_reversal,46065,46066,-1,0.0,2.0
D_disp_fail_reversal,46095,46096,-1,0.0,2.0
D_disp_fail_reversal,46157,46158,1,-0.0,-1.0
D_disp_fail_reversal,46165,46166,1,-0.0,-1.0
D_disp_fail_reversal,46285,46286,1,-0.0,-1.0
D_disp_fail_reversal,46340,46341,1,-0.0,2.0
D_disp_fail_reversal,46421,46422,-1,0.0,-1.0
D_disp_fail_reversal,46427,46428,-1,0.0,2.0
D_disp_fail_reversal,46454,46455,-1,0.0,-1.0
D_disp_fail_reversal,46525,46526,-1,0.0,-1.0
D_disp_fail_reversal,46571,46572,1,-0.0,-1.0
D_disp_fail_reversal,46579,46580,1,-0.0,-1.0
D_disp_fail_reversal,46593,46594,1,-0.0,-1.0
D_disp_fail_reversal,46596,46597,1,-0.0,2.0
D_disp_fail_reversal,46663,46664,-1,0.0,-1.0
D_disp_fail_reversal,46705,46706,-1,0.0,2.0
D_disp_fail_reversal,46810,46811,1,-0.0,-1.0
D_disp_fail_reversal,46841,46842,1,-0.0,2.0
D_disp_fail_reversal,46969,46970,1,-0.0,2.0
D_disp_fail_reversal,46994,46995,-1,0.0,2.0
D_disp_fail_reversal,47013,47014,1,-0.0,2.0
D_disp_fail_reversal,47071,47072,1,-0.0,2.0
D_disp_fail_reversal,47122,47123,-1,0.0,2.0
D_disp_fail_reversal,47134,47135,1,-0.0,2.0
D_disp_fail_reversal,47181,47182,-1,0.0,1.1044302297562578
D_disp_fail_reversal,47390,47391,1,-0.0,0.9036647808629962
D_disp_fail_reversal,47747,47748,1,-0.0,-1.0
D_disp_fail_reversal,47770,47771,-1,0.0,-1.0
D_disp_fail_reversal,47828,47829,-1,0.0,-1.0
D_disp_fail_reversal,47874,47875,-1,0.0,-1.0
D_disp_fail_reversal,47974,47975,-1,0.0,-1.0
D_disp_fail_reversal,47985,47986,-1,0.0,2.0
D_disp_fail_reversal,48047,48048,1,-0.0,-1.0
D_disp_fail_reversal,48062,48063,1,-0.0,-1.0
D_disp_fail_reversal,48134,48135,-1,0.0,-1.0
D_disp_fail_reversal,48164,48165,-1,0.0,-1.0
D_disp_fail_reversal,48297,48298,1,-0.0,2.0
D_disp_fail_reversal,48314,48315,-1,0.0,2.0
D_disp_fail_reversal,48392,48393,1,-0.0,-1.0
D_disp_fail_reversal,48417,48418,1,-0.0,2.0
D_disp_fail_reversal,48462,48463,-1,0.0,2.0
D_disp_fail_reversal,48532,48533,-1,0.0,1.0921472827256813
D_disp_fail_reversal,48685,48686,-1,0.0,2.0
D_disp_fail_reversal,48728,48729,-1,0.0,-1.0
D_disp_fail_reversal,48778,48779,1,-0.0,-1.0
D_disp_fail_reversal,48838,48839,1,-0.0,-1.0
D_disp_fail_reversal,48849,48850,1,-0.0,2.0
D_disp_fail_reversal,48883,48884,1,-0.0,-1.0
D_disp_fail_reversal,49110,49111,-1,0.0,2.0
D_disp_fail_reversal,49145,49146,-1,0.0,2.0
D_disp_fail_reversal,49291,49292,1,-0.0,2.0
D_disp_fail_reversal,49318,49319,-1,0.0,2.0
D_disp_fail_reversal,49335,49336,1,-0.0,2.0
D_disp_fail_reversal,49387,49388,1,-0.0,2.0
D_disp_fail_reversal,49390,49391,1,-0.0,2.0
D_disp_fail_reversal,49470,49471,-1,0.0,-1.0
D_disp_fail_reversal,49476,49477,-1,0.0,2.0
D_disp_fail_reversal,49544,49545,-1,0.0,-1.0
D_disp_fail_reversal,49574,49575,-1,0.0,-1.0
D_disp_fail_reversal,49622,49623,-1,0.0,-1.0
D_disp_fail_reversal,49669,49670,-1,0.0,2.0
D_disp_fail_reversal,49704,49705,1,-0.0,-1.0
D_disp_fail_reversal,49755,49756,-1,0.0,2.0
D_disp_fail_reversal,49758,49759,1,-0.0,-1.0
D_disp_fail_reversal,49803,49804,-1,0.0,-1.0
D_disp_fail_reversal,49852,49853,-1,0.0,-1.0
D_disp_fail_reversal,49855,49856,-1,0.0,2.0
D_disp_fail_reversal,49878,49879,1,-0.0,-1.0
D_disp_fail_reversal,49921,49922,-1,0.0,2.0
D_disp_fail_reversal,49992,49993,-1,0.0,-1.0
D_disp_fail_reversal,49998,49999,-1,0.0,-1.0
D_disp_fail_reversal,50121,50122,-1,0.0,2.0
D_disp_fail_reversal,50147,50148,-1,0.0,-1.0
D_disp_fail_reversal,50268,50269,-1,0.0,-1.0
D_disp_fail_reversal,50290,50291,1,-0.0,2.0
D_disp_fail_reversal,50335,50336,-1,0.0,2.0
D_disp_fail_reversal,50495,50496,1,-0.0,2.0
D_disp_fail_reversal,50526,50527,1,-0.0,-1.0
D_disp_fail_reversal,50560,50561,-1,0.0,2.0
D_disp_fail_reversal,50582,50583,1,-0.0,1.2329503237448267
D_disp_fail_reversal,50693,50694,1,-0.0,-1.0
D_disp_fail_reversal,50721,50722,-1,0.0,-1.0
D_disp_fail_reversal,50757,50758,1,-0.0,2.0
D_disp_fail_reversal,50782,50783,1,-0.0,-1.0
D_disp_fail_reversal,50948,50949,-1,0.0,-1.0
D_disp_fail_reversal,50951,50952,-1,0.0,-1.0
D_disp_fail_reversal,50970,50971,1,-0.0,-1.0
D_disp_fail_reversal,50987,50988,1,-0.0,-1.0
D_disp_fail_reversal,50994,50995,1,-0.0,0.07212647765142935
D_disp_fail_reversal,51124,51125,-1,0.0,2.0
D_disp_fail_reversal,51143,51144,1,-0.0,-1.0
D_disp_fail_reversal,51160,51161,1,-0.0,-1.0
D_disp_fail_reversal,51170,51171,1,-0.0,-1.0
D_disp_fail_reversal,51176,51177,1,-0.0,-1.0
D_disp_fail_reversal,51187,51188,1,-0.0,-1.0
D_disp_fail_reversal,51229,51230,1,-0.0,-0.521653379353081
D_disp_fail_reversal,51329,51330,1,-0.0,-1.0
D_disp_fail_reversal,51432,51433,1,-0.0,-1.0
D_disp_fail_reversal,51549,51550,1,-0.0,-1.0
D_disp_fail_reversal,51582,51583,1,-0.0,2.0
D_disp_fail_reversal,51683,51684,1,-0.0,-1.0
D_disp_fail_reversal,51779,51780,-1,0.0,-1.0
D_disp_fail_reversal,51906,51907,1,-0.0,-1.0
D_disp_fail_reversal,51923,51924,1,-0.0,-1.0
D_disp_fail_reversal,51932,51933,1,-0.0,-1.0
D_disp_fail_reversal,51991,51992,-1,0.0,-1.0
D_disp_fail_reversal,52004,52005,1,-0.0,-1.0
D_disp_fail_reversal,52095,52096,1,-0.0,-1.0
D_disp_fail_reversal,52132,52133,-1,0.0,-1.0
D_disp_fail_reversal,52177,52178,-1,0.0,2.0
D_disp_fail_reversal,52201,52202,1,-0.0,2.0
D_disp_fail_reversal,52270,52271,1,-0.0,2.0
D_disp_fail_reversal,52310,52311,1,-0.0,2.0
D_disp_fail_reversal,52448,52449,1,-0.0,2.0
D_disp_fail_reversal,52458,52459,-1,0.0,2.0
D_disp_fail_reversal,52525,52526,1,-0.0,2.0
D_disp_fail_reversal,52548,52549,-1,0.0,2.0
D_disp_fail_reversal,52618,52619,1,-0.0,2.0
D_disp_fail_reversal,52710,52711,1,-0.0,-1.0
D_disp_fail_reversal,52714,52715,1,-0.0,-1.0
D_disp_fail_reversal,52735,52736,-1,0.0,2.0
D_disp_fail_reversal,52756,52757,1,-0.0,2.0
D_disp_fail_reversal,52764,52765,-1,0.0,-1.0
D_disp_fail_reversal,52848,52849,1,-0.0,-1.0
D_disp_fail_reversal,52889,52890,-1,0.0,2.0
D_disp_fail_reversal,52942,52943,-1,0.0,-1.0
D_disp_fail_reversal,53113,53114,-1,0.0,2.0
D_disp_fail_reversal,53115,53116,-1,0.0,0.8371761340661178
D_disp_fail_reversal,53253,53254,1,-0.0,-1.0
D_disp_fail_reversal,53401,53402,-1,0.0,-1.0
D_disp_fail_reversal,53405,53406,-1,0.0,2.0
D_disp_fail_reversal,53459,53460,-1,0.0,2.0
D_disp_fail_reversal,53474,53475,1,-0.0,-1.0
D_disp_fail_reversal,53525,53526,-1,0.0,-1.0
D_disp_fail_reversal,53571,53572,-1,0.0,2.0
D_disp_fail_reversal,53757,53758,-1,0.0,0.04608542379212935
D_disp_fail_reversal,53939,53940,-1,0.0,2.0
D_disp_fail_reversal,54094,54095,1,-0.0,2.0
D_disp_fail_reversal,54128,54129,-1,0.0,-1.0
D_disp_fail_reversal,54194,54195,1,-0.0,-1.0
D_disp_fail_reversal,54237,54238,1,-0.0,2.0
D_disp_fail_reversal,54287,54288,1,-0.0,-1.0
D_disp_fail_reversal,54316,54317,1,-0.0,2.0
D_disp_fail_reversal,54323,54324,-1,0.0,-1.0
D_disp_fail_reversal,54341,54342,-1,0.0,-1.0
D_disp_fail_reversal,54346,54347,-1,0.0,2.0
D_disp_fail_reversal,54410,54411,1,-0.0,-1.0
D_disp_fail_reversal,54513,54514,-1,0.0,-1.0
D_disp_fail_reversal,54540,54541,1,-0.0,2.0
D_disp_fail_reversal,54545,54546,1,-0.0,-1.0
D_disp_fail_reversal,54613,54614,1,-0.0,-1.0
D_disp_fail_reversal,54691,54692,1,-0.0,-1.0
D_disp_fail_reversal,54792,54793,-1,0.0,-1.0
D_disp_fail_reversal,54798,54799,-1,0.0,0.738741967539923
D_disp_fail_reversal,54935,54936,1,-0.0,2.0
D_disp_fail_reversal,54967,54968,-1,0.0,-1.0
D_disp_fail_reversal,55069,55070,1,-0.0,-1.0
D_disp_fail_reversal,55075,55076,-1,0.0,2.0
D_disp_fail_reversal,55141,55142,-1,0.0,-1.0
D_disp_fail_reversal,55149,55150,1,-0.0,-1.0
D_disp_fail_reversal,55211,55212,1,-0.0,2.0
D_disp_fail_reversal,55247,55248,1,-0.0,-1.0
D_disp_fail_reversal,55317,55318,1,-0.0,2.0
D_disp_fail_reversal,55354,55355,-1,0.0,2.0
D_disp_fail_reversal,55380,55381,1,-0.0,2.0
D_disp_fail_reversal,55447,55448,-1,0.0,-1.0
D_disp_fail_reversal,55469,55470,1,-0.0,2.0
D_disp_fail_reversal,55512,55513,-1,0.0,2.0
D_disp_fail_reversal,55591,55592,-1,0.0,2.0
D_disp_fail_reversal,55727,55728,1,-0.0,-1.0
D_disp_fail_reversal,55772,55773,1,-0.0,-1.0
D_disp_fail_reversal,55918,55919,1,-0.0,2.0
D_disp_fail_reversal,56010,56011,1,-0.0,2.0
D_disp_fail_reversal,56095,56096,-1,0.0,-1.0
D_disp_fail_reversal,56156,56157,1,-0.0,-1.0
D_disp_fail_reversal,56227,56228,-1,0.0,2.0
D_disp_fail_reversal,56363,56364,-1,0.0,2.0
D_disp_fail_reversal,56454,56455,-1,0.0,-1.0
D_disp_fail_reversal,56576,56577,1,-0.0,-1.0
D_disp_fail_reversal,56602,56603,1,-0.0,-1.0
D_disp_fail_reversal,56621,56622,1,-0.0,-1.0
D_disp_fail_reversal,56667,56668,-1,0.0,2.0
D_disp_fail_reversal,56692,56693,-1,0.0,-1.0
D_disp_fail_reversal,56766,56767,1,-0.0,-1.0
D_disp_fail_reversal,56868,56869,1,-0.0,-1.0
D_disp_fail_reversal,56879,56880,1,-0.0,-1.0
D_disp_fail_reversal,56971,56972,-1,0.0,-1.0
D_disp_fail_reversal,56994,56995,-1,0.0,-1.0
D_disp_fail_reversal,56997,56998,-1,0.0,-0.09686241490271821
D_disp_fail_reversal,57143,57144,-1,0.0,-1.0
D_disp_fail_reversal,57156,57157,-1,0.0,-1.0
D_disp_fail_reversal,57169,57170,-1,0.0,-1.0
D_disp_fail_reversal,57255,57256,1,-0.0,-1.0
D_disp_fail_reversal,57276,57277,-1,0.0,2.0
D_disp_fail_reversal,57339,57340,1,-0.0,-1.0
D_disp_fail_reversal,57352,57353,1,-0.0,-1.0
D_disp_fail_reversal,57434,57435,-1,0.0,2.0
D_disp_fail_reversal,57439,57440,1,-0.0,-1.0
D_disp_fail_reversal,57446,57447,1,-0.0,2.0
D_disp_fail_reversal,57455,57456,-1,0.0,-1.0
D_disp_fail_reversal,57528,57529,1,-0.0,-1.0
D_disp_fail_reversal,57645,57646,1,-0.0,-1.0
D_disp_fail_reversal,57652,57653,1,-0.0,-0.2965145380476078
D_disp_fail_reversal,57759,57760,-1,0.0,2.0
D_disp_fail_reversal,57905,57906,-1,0.0,-1.0
D_disp_fail_reversal,58091,58092,-1,0.0,-1.0
D_disp_fail_reversal,58141,58142,-1,0.0,-1.0
D_disp_fail_reversal,58189,58190,-1,0.0,2.0
D_disp_fail_reversal,58224,58225,1,-0.0,2.0
D_disp_fail_reversal,58314,58315,-1,0.0,2.0
D_disp_fail_reversal,58340,58341,1,-0.0,-1.0
D_disp_fail_reversal,58349,58350,1,-0.0,-1.0
D_disp_fail_reversal,58358,58359,1,-0.0,2.0
D_disp_fail_reversal,58435,58436,-1,0.0,-1.0
D_disp_fail_reversal,58448,58449,-1,0.0,-1.0
D_disp_fail_reversal,58450,58451,-1,0.0,-1.0
D_disp_fail_reversal,58456,58457,-1,0.0,2.0
D_disp_fail_reversal,58533,58534,1,-0.0,-1.0
D_disp_fail_reversal,58562,58563,-1,0.0,-1.0
D_disp_fail_reversal,58607,58608,-1,0.0,-1.0
D_disp_fail_reversal,58727,58728,-1,0.0,-1.0
D_disp_fail_reversal,58776,58777,-1,0.0,-1.0
D_disp_fail_reversal,58790,58791,-1,0.0,2.0
D_disp_fail_reversal,58816,58817,1,-0.0,-1.0
D_disp_fail_reversal,58875,58876,1,-0.0,-1.0
D_disp_fail_reversal,58938,58939,-1,0.0,-1.0
D_disp_fail_reversal,59002,59003,-1,0.0,-1.0
D_disp_fail_reversal,59097,59098,1,-0.0,0.7441482373031891
D_disp_fail_reversal,59202,59203,-1,0.0,-1.0
D_disp_fail_reversal,59213,59214,-1,0.0,-1.0
D_disp_fail_reversal,59290,59291,-1,0.0,2.0
D_disp_fail_reversal,59439,59440,-1,0.0,2.0
D_disp_fail_reversal,59449,59450,1,-0.0,2.0
D_disp_fail_reversal,59473,59474,-1,0.0,-1.0
D_disp_fail_reversal,59633,59634,1,-0.0,2.0
D_disp_fail_reversal,59652,59653,-1,0.0,2.0
D_disp_fail_reversal,59682,59683,1,-0.0,-1.0
D_disp_fail_reversal,59725,59726,1,-0.0,-1.0
D_disp_fail_reversal,59886,59887,-1,0.0,-1.0
D_disp_fail_reversal,59890,59891,-1,0.0,-1.0
D_disp_fail_reversal,59902,59903,-1,0.0,-1.0
D_disp_fail_reversal,59955,59956,1,-0.0,2.0
D_disp_fail_reversal,60048,60049,-1,0.0,2.0
D_disp_fail_reversal,60102,60103,1,-0.0,-1.0
D_disp_fail_reversal,60105,60106,1,-0.0,2.0
D_disp_fail_reversal,60261,60262,-1,0.0,2.0
D_disp_fail_reversal,60266,60267,1,-0.0,2.0
D_disp_fail_reversal,60284,60285,-1,0.0,-1.0
D_disp_fail_reversal,60290,60291,-1,0.0,2.0
D_disp_fail_reversal,60357,60358,1,-0.0,-1.0
D_disp_fail_reversal,60422,60423,1,-0.0,-1.0
D_disp_fail_reversal,60537,60538,-1,0.0,2.0
D_disp_fail_reversal,60560,60561,-1,0.0,-1.0
D_disp_fail_reversal,60569,60570,-1,0.0,-1.0
D_disp_fail_reversal,60630,60631,-1,0.0,2.0
D_disp_fail_reversal,60661,60662,1,-0.0,2.0
D_disp_fail_reversal,60824,60825,-1,0.0,-1.0
D_disp_fail_reversal,60839,60840,-1,0.0,2.0
D_disp_fail_reversal,60900,60901,-1,0.0,-1.0
D_disp_fail_reversal,60914,60915,-1,0.0,-1.0
D_disp_fail_reversal,60937,60938,-1,0.0,-1.0
D_disp_fail_reversal,61057,61058,1,-0.0,2.0
D_disp_fail_reversal,61101,61102,1,-0.0,2.0
D_disp_fail_reversal,61120,61121,-1,0.0,2.0
D_disp_fail_reversal,61212,61213,-1,0.0,-1.0
D_disp_fail_reversal,61243,61244,1,-0.0,-1.0
D_disp_fail_reversal,61375,61376,-1,0.0,-1.0
D_disp_fail_reversal,61438,61439,-1,0.0,-1.0
D_disp_fail_reversal,61471,61472,1,-0.0,2.0
D_disp_fail_reversal,61491,61492,-1,0.0,-1.0
D_disp_fail_reversal,61513,61514,-1,0.0,2.0
D_disp_fail_reversal,61616,61617,1,-0.0,-1.0
D_disp_fail_reversal,61659,61660,1,-0.0,-1.0
D_disp_fail_reversal,61735,61736,-1,0.0,2.0
D_disp_fail_reversal,61754,61755,1,-0.0,2.0
D_disp_fail_reversal,61847,61848,-1,0.0,-1.0
D_disp_fail_reversal,61910,61911,-1,0.0,-1.0
D_disp_fail_reversal,61914,61915,-1,0.0,-1.0
D_disp_fail_reversal,61931,61932,-1,0.0,-1.0
D_disp_fail_reversal,62022,62023,1,-0.0,2.0
D_disp_fail_reversal,62125,62126,1,-0.0,-1.0
D_disp_fail_reversal,62177,62178,1,-0.0,-1.0
D_disp_fail_reversal,62199,62200,1,-0.0,2.0
D_disp_fail_reversal,62243,62244,1,-0.0,-1.0
D_disp_fail_reversal,62321,62322,1,-0.0,-1.0
D_disp_fail_reversal,62333,62334,1,-0.0,2.0
D_disp_fail_reversal,62340,62341,-1,0.0,2.0
D_disp_fail_reversal,62382,62383,-1,0.0,-1.0
D_disp_fail_reversal,62493,62494,1,-0.0,-1.0
D_disp_fail_reversal,62519,62520,-1,0.0,2.0
D_disp_fail_reversal,62590,62591,-1,0.0,-1.0
D_disp_fail_reversal,62662,62663,1,-0.0,2.0
D_disp_fail_reversal,62710,62711,-1,0.0,2.0
D_disp_fail_reversal,62780,62781,1,-0.0,1.5017500063435192
D_disp_fail_reversal,62926,62927,-1,0.0,-1.0
D_disp_fail_reversal,62950,62951,-1,0.0,-1.0
D_disp_fail_reversal,62961,62962,-1,0.0,2.0
D_disp_fail_reversal,63030,63031,-1,0.0,-1.0
D_disp_fail_reversal,63072,63073,-1,0.0,-1.0
D_disp_fail_reversal,63148,63149,1,-0.0,2.0
D_disp_fail_reversal,63214,63215,1,-0.0,2.0
D_disp_fail_reversal,63244,63245,-1,0.0,-1.0
D_disp_fail_reversal,63279,63280,-1,0.0,2.0
D_disp_fail_reversal,63342,63343,-1,0.0,2.0
D_disp_fail_reversal,63474,63475,-1,0.0,2.0
D_disp_fail_reversal,63499,63500,1,-0.0,-1.0
D_disp_fail_reversal,63542,63543,1,-0.0,-1.0
D_disp_fail_reversal,63559,63560,1,-0.0,2.0
D_disp_fail_reversal,63668,63669,-1,0.0,2.0
D_disp_fail_reversal,63690,63691,-1,0.0,-1.0
D_disp_fail_reversal,63701,63702,-1,0.0,2.0
D_disp_fail_reversal,63736,63737,1,-0.0,-1.0
D_disp_fail_reversal,63776,63777,1,-0.0,-1.0
D_disp_fail_reversal,63842,63843,-1,0.0,-1.0
D_disp_fail_reversal,63891,63892,1,-0.0,-0.229159400420345
D_disp_fail_reversal,64011,64012,1,-0.0,2.0
D_disp_fail_reversal,64169,64170,1,-0.0,-1.0
D_disp_fail_reversal,64309,64310,1,-0.0,0.02095487289047999
D_disp_fail_reversal,64493,64494,-1,0.0,-1.0
D_disp_fail_reversal,64513,64514,-1,0.0,2.0
D_disp_fail_reversal,64552,64553,-1,0.0,-1.0
D_disp_fail_reversal,64617,64618,-1,0.0,-1.0
D_disp_fail_reversal,64694,64695,1,-0.0,-1.0
D_disp_fail_reversal,64727,64728,1,-0.0,2.0
D_disp_fail_reversal,64767,64768,-1,0.0,-1.0
D_disp_fail_reversal,64776,64777,-1,0.0,-1.0
D_disp_fail_reversal,64908,64909,1,-0.0,-1.0
D_disp_fail_reversal,64934,64935,-1,0.0,-1.0
D_disp_fail_reversal,64989,64990,-1,0.0,-1.0
D_disp_fail_reversal,65132,65133,-1,0.0,-1.0
D_disp_fail_reversal,65175,65176,1,-0.0,-1.0
D_disp_fail_reversal,65201,65202,-1,0.0,2.0
D_disp_fail_reversal,65375,65376,-1,0.0,2.0
D_disp_fail_reversal,65445,65446,1,-0.0,2.0
D_disp_fail_reversal,65488,65489,1,-0.0,-1.0
D_disp_fail_reversal,65505,65506,1,-0.0,2.0
D_disp_fail_reversal,65514,65515,-1,0.0,0.4019042723745936
D_disp_fail_reversal,65666,65667,1,-0.0,0.5915982539745861
D_disp_fail_reversal,65821,65822,1,-0.0,-1.0
D_disp_fail_reversal,65968,65969,-1,0.0,-1.0
D_disp_fail_reversal,65981,65982,-1,0.0,2.0
D_disp_fail_reversal,66017,66018,1,-0.0,-1.0
D_disp_fail_reversal,66020,66021,1,-0.0,-1.0
D_disp_fail_reversal,66022,66023,1,-0.0,2.0
D_disp_fail_reversal,66025,66026,1,-0.0,-1.0
D_disp_fail_reversal,66072,66073,1,-0.0,-1.0
D_disp_fail_reversal,66104,66105,1,-0.0,2.0
D_disp_fail_reversal,66122,66123,-1,0.0,2.0
D_disp_fail_reversal,66184,66185,1,-0.0,-1.0
D_disp_fail_reversal,66210,66211,1,-0.0,-1.0
D_disp_fail_reversal,66286,66287,1,-0.0,-1.0
D_disp_fail_reversal,66347,66348,1,-0.0,-1.0
D_disp_fail_reversal,66397,66398,1,-0.0,2.0
D_disp_fail_reversal,66537,66538,1,-0.0,2.0
D_disp_fail_reversal,66557,66558,-1,0.0,-1.0
D_disp_fail_reversal,66570,66571,1,-0.0,-1.0
D_disp_fail_reversal,66574,66575,1,-0.0,-1.0
D_disp_fail_reversal,66650,66651,1,-0.0,2.0
D_disp_fail_reversal,66657,66658,-1,0.0,2.0
D_disp_fail_reversal,66674,66675,1,-0.0,-1.0
D_disp_fail_reversal,66721,66722,-1,0.0,-1.0
D_disp_fail_reversal,66756,66757,1,-0.0,-1.0
D_disp_fail_reversal,66834,66835,-1,0.0,-1.0
D_disp_fail_reversal,66944,66945,-1,0.0,-1.0
D_disp_fail_reversal,67040,67041,1,-0.0,2.0
D_disp_fail_reversal,67089,67090,-1,0.0,2.0
D_disp_fail_reversal,67138,67139,-1,0.0,2.0
D_disp_fail_reversal,67208,67209,1,-0.0,2.0
D_disp_fail_reversal,67303,67304,1,-0.0,-1.0
D_disp_fail_reversal,67323,67324,-1,0.0,-1.0
D_disp_fail_reversal,67412,67413,-1,0.0,-1.0
D_disp_fail_reversal,67417,67418,-1,0.0,2.0
D_disp_fail_reversal,67425,67426,1,-0.0,-1.0
D_disp_fail_reversal,67464,67465,1,-0.0,-1.0
D_disp_fail_reversal,67486,67487,1,-0.0,-1.0
D_disp_fail_reversal,67560,67561,1,-0.0,2.0
D_disp_fail_reversal,67599,67600,1,-0.0,-1.0
D_disp_fail_reversal,67788,67789,1,-0.0,0.6798909580384755
D_disp_fail_reversal,67899,67900,1,-0.0,-1.0
D_disp_fail_reversal,68002,68003,1,-0.0,-1.0
D_disp_fail_reversal,68104,68105,1,-0.0,-1.0
D_disp_fail_reversal,68154,68155,-1,0.0,2.0
D_disp_fail_reversal,68267,68268,-1,0.0,2.0
D_disp_fail_reversal,68302,68303,1,-0.0,2.0
D_disp_fail_reversal,68323,68324,-1,0.0,-1.0
D_disp_fail_reversal,68334,68335,-1,0.0,0.20703191958704217
D_disp_fail_reversal,68470,68471,-1,0.0,2.0
D_disp_fail_reversal,68506,68507,1,-0.0,2.0
D_disp_fail_reversal,68562,68563,1,-0.0,2.0
D_disp_fail_reversal,68602,68603,-1,0.0,2.0
D_disp_fail_reversal,68604,68605,-1,0.0,-1.0
D_disp_fail_reversal,68654,68655,-1,0.0,-1.0
D_disp_fail_reversal,68656,68657,-1,0.0,-1.0
D_disp_fail_reversal,68671,68672,-1,0.0,2.0
D_disp_fail_reversal,68699,68700,-1,0.0,-1.0
D_disp_fail_reversal,68877,68878,1,-0.0,2.0
D_disp_fail_reversal,68920,68921,1,-0.0,2.0
D_disp_fail_reversal,68966,68967,-1,0.0,-1.0
D_disp_fail_reversal,69119,69120,-1,0.0,-1.0
D_disp_fail_reversal,69141,69142,-1,0.0,-1.0
D_disp_fail_reversal,69211,69212,-1,0.0,-1.0
D_disp_fail_reversal,69225,69226,-1,0.0,-1.0
D_disp_fail_reversal,69232,69233,-1,0.0,2.0
D_disp_fail_reversal,69242,69243,1,-0.0,-1.0
D_disp_fail_reversal,69262,69263,1,-0.0,-1.0
D_disp_fail_reversal,69282,69283,1,-0.0,-1.0
D_disp_fail_reversal,69350,69351,1,-0.0,0.9139133703688231
D_disp_fail_reversal,69489,69490,-1,0.0,2.0
D_disp_fail_reversal,69513,69514,-1,0.0,-1.0
D_disp_fail_reversal,69536,69537,-1,0.0,-1.0
D_disp_fail_reversal,69693,69694,-1,0.0,-1.0
D_disp_fail_reversal,69758,69759,1,-0.0,2.0
D_disp_fail_reversal,69791,69792,1,-0.0,2.0
D_disp_fail_reversal,69996,69997,1,-0.0,2.0
D_disp_fail_reversal,70030,70031,-1,0.0,-1.0
D_disp_fail_reversal,70081,70082,1,-0.0,2.0
D_disp_fail_reversal,70121,70122,1,-0.0,-1.0
D_disp_fail_reversal,70126,70127,1,-0.0,-1.0
D_disp_fail_reversal,70138,70139,1,-0.0,-1.0
D_disp_fail_reversal,70163,70164,1,-0.0,-1.0
D_disp_fail_reversal,70182,70183,1,-0.0,2.0
D_disp_fail_reversal,70231,70232,-1,0.0,0.05525437864890028
D_disp_fail_reversal,70346,70347,-1,0.0,-1.0
D_disp_fail_reversal,70368,70369,-1,0.0,-1.0
D_disp_fail_reversal,70400,70401,1,-0.0,-1.0
D_disp_fail_reversal,70439,70440,1,-0.0,-1.0
D_disp_fail_reversal,70531,70532,-1,0.0,-1.0
D_disp_fail_reversal,70562,70563,1,-0.0,2.0
D_disp_fail_reversal,70631,70632,-1,0.0,2.0
D_disp_fail_reversal,70687,70688,1,-0.0,-1.0
D_disp_fail_reversal,70721,70722,-1,0.0,-1.0
D_disp_fail_reversal,70787,70788,-1,0.0,-1.0
D_disp_fail_reversal,70805,70806,1,-0.0,2.0
D_disp_fail_reversal,70887,70888,1,-0.0,2.0
D_disp_fail_reversal,70939,70940,1,-0.0,-1.0
D_disp_fail_reversal,70979,70980,1,-0.0,-1.0
D_disp_fail_reversal,71007,71008,1,-0.0,-1.0
D_disp_fail_reversal,71161,71162,-1,0.0,2.0
D_disp_fail_reversal,71282,71283,-1,0.0,-1.0
D_disp_fail_reversal,71349,71350,-1,0.0,2.0
D_disp_fail_reversal,71373,71374,1,-0.0,2.0
D_disp_fail_reversal,71390,71391,-1,0.0,0.9090742639519647
D_disp_fail_reversal,71508,71509,-1,0.0,2.0
D_disp_fail_reversal,71515,71516,1,-0.0,2.0
D_disp_fail_reversal,71565,71566,1,-0.0,-1.0
D_disp_fail_reversal,71626,71627,1,-0.0,-1.0
D_disp_fail_reversal,71652,71653,1,-0.0,-0.30504907929467323
D_disp_fail_reversal,71795,71796,1,-0.0,-1.0
D_disp_fail_reversal,71813,71814,1,-0.0,2.0
D_disp_fail_reversal,71816,71817,1,-0.0,-1.0
D_disp_fail_reversal,71847,71848,1,-0.0,-1.0
D_disp_fail_reversal,72050,72051,-1,0.0,-1.0
D_disp_fail_reversal,72099,72100,-1,0.0,2.0
D_disp_fail_reversal,72165,72166,1,-0.0,-1.0
D_disp_fail_reversal,72199,72200,1,-0.0,-1.0
D_disp_fail_reversal,72210,72211,1,-0.0,-1.0
D_disp_fail_reversal,72275,72276,1,-0.0,-1.0
D_disp_fail_reversal,72376,72377,-1,0.0,2.0
D_disp_fail_reversal,72395,72396,1,-0.0,0.8224598688751055
D_disp_fail_reversal,72563,72564,-1,0.0,2.0
D_disp_fail_reversal,72581,72582,1,-0.0,-1.0
D_disp_fail_reversal,72584,72585,1,-0.0,-1.0
D_disp_fail_reversal,72604,72605,-1,0.0,-1.0
D_disp_fail_reversal,72816,72817,1,-0.0,2.0
D_disp_fail_reversal,72836,72837,-1,0.0,2.0
D_disp_fail_reversal,72861,72862,1,-0.0,-1.0
D_disp_fail_reversal,72913,72914,1,-0.0,2.0
D_disp_fail_reversal,73001,73002,1,-0.0,-1.0
D_disp_fail_reversal,73079,73080,1,-0.0,2.0
D_disp_fail_reversal,73113,73114,-1,0.0,2.0
D_disp_fail_reversal,73120,73121,1,-0.0,-1.0
D_disp_fail_reversal,73136,73137,1,-0.0,2.0
D_disp_fail_reversal,73138,73139,1,-0.0,0.20571725151610923
D_disp_fail_reversal,73311,73312,-1,0.0,2.0
D_disp_fail_reversal,73370,73371,1,-0.0,2.0
D_disp_fail_reversal,73413,73414,1,-0.0,-1.0
D_disp_fail_reversal,73450,73451,1,-0.0,2.0
D_disp_fail_reversal,73505,73506,-1,0.0,2.0
D_disp_fail_reversal,73593,73594,1,-0.0,-1.0
D_disp_fail_reversal,73625,73626,1,-0.0,-1.0
D_disp_fail_reversal,73763,73764,-1,0.0,-1.0
D_disp_fail_reversal,73774,73775,-1,0.0,-1.0
D_disp_fail_reversal,73779,73780,-1,0.0,2.0
D_disp_fail_reversal,73858,73859,1,-0.0,2.0
D_disp_fail_reversal,73878,73879,-1,0.0,-1.0
D_disp_fail_reversal,74006,74007,1,-0.0,2.0
D_disp_fail_reversal,74044,74045,-1,0.0,-1.0
D_disp_fail_reversal,74055,74056,-1,0.0,2.0
D_disp_fail_reversal,74073,74074,1,-0.0,-1.0
D_disp_fail_reversal,74076,74077,1,-0.0,2.0
D_disp_fail_reversal,74128,74129,-1,0.0,-1.0
D_disp_fail_reversal,74134,74135,-1,0.0,-1.0
D_disp_fail_reversal,74141,74142,-1,0.0,-1.0
D_disp_fail_reversal,74157,74158,-1,0.0,2.0
D_disp_fail_reversal,74260,74261,-1,0.0,0.2014053601672463
D_disp_fail_reversal,74420,74421,1,-0.0,-1.0
D_disp_fail_reversal,74488,74489,-1,0.0,2.0
D_disp_fail_reversal,74496,74497,1,-0.0,1.079051177504085
D_disp_fail_reversal,74603,74604,1,-0.0,-1.0
D_disp_fail_reversal,74633,74634,1,-0.0,-1.0
D_disp_fail_reversal,74672,74673,-1,0.0,-1.0
D_disp_fail_reversal,74692,74693,-1,0.0,2.0
D_disp_fail_reversal,74697,74698,1,-0.0,-1.0
D_disp_fail_reversal,74846,74847,1,-0.0,-1.0
D_disp_fail_reversal,74914,74915,-1,0.0,2.0
D_disp_fail_reversal,75030,75031,1,-0.0,-1.0
D_disp_fail_reversal,75039,75040,1,-0.0,-1.0
D_disp_fail_reversal,75114,75115,1,-0.0,-1.0
D_disp_fail_reversal,75198,75199,1,-0.0,2.0
D_disp_fail_reversal,75251,75252,-1,0.0,-1.0
D_disp_fail_reversal,75338,75339,-1,0.0,2.0
D_disp_fail_reversal,75532,75533,1,-0.0,0.20313593853160244
D_disp_fail_reversal,75630,75631,-1,0.0,1.0612323413085647
D_disp_fail_reversal,75732,75733,-1,0.0,-1.0
D_disp_fail_reversal,75879,75880,-1,0.0,-1.0
D_disp_fail_reversal,75902,75903,1,-0.0,-1.0
D_disp_fail_reversal,75938,75939,1,-0.0,-1.0
D_disp_fail_reversal,75949,75950,1,-0.0,-1.0
D_disp_fail_reversal,75976,75977,1,-0.0,2.0
D_disp_fail_reversal,76092,76093,1,-0.0,-1.0
D_disp_fail_reversal,76152,76153,1,-0.0,-1.0
D_disp_fail_reversal,76155,76156,1,-0.0,2.0
D_disp_fail_reversal,76164,76165,-1,0.0,-1.0
D_disp_fail_reversal,76179,76180,-1,0.0,2.0
D_disp_fail_reversal,76270,76271,1,-0.0,2.0
D_disp_fail_reversal,76320,76321,1,-0.0,-1.0
D_disp_fail_reversal,76324,76325,1,-0.0,-1.0
D_disp_fail_reversal,76327,76328,1,-0.0,2.0
D_disp_fail_reversal,76440,76441,1,-0.0,-1.0
D_disp_fail_reversal,76474,76475,-1,0.0,2.0
D_disp_fail_reversal,76544,76545,1,-0.0,2.0
D_disp_fail_reversal,76557,76558,1,-0.0,-1.0
D_disp_fail_reversal,76687,76688,1,-0.0,-1.0
D_disp_fail_reversal,76720,76721,-1,0.0,-1.0
D_disp_fail_reversal,76883,76884,-1,0.0,-1.0
D_disp_fail_reversal,76898,76899,-1,0.0,-1.0
D_disp_fail_reversal,76907,76908,-1,0.0,-1.0
D_disp_fail_reversal,76923,76924,-1,0.0,2.0
D_disp_fail_reversal,77001,77002,1,-0.0,2.0
D_disp_fail_reversal,77118,77119,-1,0.0,-1.0
D_disp_fail_reversal,77142,77143,-1,0.0,-1.0
D_disp_fail_reversal,77273,77274,1,-0.0,-1.0
D_disp_fail_reversal,77300,77301,-1,0.0,0.06005003125647606
D_disp_fail_reversal,77524,77525,1,-0.0,2.0
D_disp_fail_reversal,77573,77574,-1,0.0,-1.0
D_disp_fail_reversal,77647,77648,-1,0.0,2.0
D_disp_fail_reversal,77743,77744,1,-0.0,-1.0
D_disp_fail_reversal,77749,77750,1,-0.0,2.0
D_disp_fail_reversal,77761,77762,1,-0.0,-1.0
D_disp_fail_reversal,77827,77828,-1,0.0,2.0
D_disp_fail_reversal,77851,77852,1,-0.0,-1.0
D_disp_fail_reversal,77900,77901,1,-0.0,2.0
D_disp_fail_reversal,78016,78017,1,-0.0,-1.0
D_disp_fail_reversal,78083,78084,1,-0.0,2.0
D_disp_fail_reversal,78216,78217,1,-0.0,-1.0
D_disp_fail_reversal,78291,78292,1,-0.0,-1.0
D_disp_fail_reversal,78293,78294,1,-0.0,-1.0
D_disp_fail_reversal,78366,78367,-1,0.0,2.0
D_disp_fail_reversal,78465,78466,-1,0.0,-1.0
D_disp_fail_reversal,78478,78479,-1,0.0,-1.0
D_disp_fail_reversal,78492,78493,-1,0.0,-1.0
D_disp_fail_reversal,78508,78509,1,-0.0,-1.0
D_disp_fail_reversal,78528,78529,1,-0.0,-1.0
D_disp_fail_reversal,78669,78670,1,-0.0,-1.0
D_disp_fail_reversal,78682,78683,1,-0.0,2.0
D_disp_fail_reversal,78722,78723,1,-0.0,-1.0
D_disp_fail_reversal,78780,78781,-1,0.0,-1.0
D_disp_fail_reversal,78889,78890,-1,0.0,-1.0
D_disp_fail_reversal,78894,78895,-1,0.0,-1.0
D_disp_fail_reversal,78907,78908,-1,0.0,2.0
D_disp_fail_reversal,79151,79152,-1,0.0,2.0
D_disp_fail_reversal,79172,79173,1,-0.0,-1.0
D_disp_fail_reversal,79209,79210,-1,0.0,2.0
D_disp_fail_reversal,79222,79223,1,-0.0,-1.0
D_disp_fail_reversal,79336,79337,1,-0.0,-1.0
D_disp_fail_reversal,79347,79348,-1,0.0,-1.0
D_disp_fail_reversal,79378,79379,1,-0.0,2.0
D_disp_fail_reversal,79380,79381,-1,0.0,0.6730842932854861
D_disp_fail_reversal,79492,79493,-1,0.0,-1.0
D_disp_fail_reversal,79661,79662,1,-0.0,2.0
D_disp_fail_reversal,79681,79682,-1,0.0,-1.0
D_disp_fail_reversal,79757,79758,1,-0.0,2.0
D_disp_fail_reversal,79781,79782,-1,0.0,-1.0
D_disp_fail_reversal,79816,79817,1,-0.0,0.5060992753555734
D_disp_fail_reversal,79968,79969,-1,0.0,-1.0
D_disp_fail_reversal,79988,79989,1,-0.0,0.5493796319427217
D_disp_fail_reversal,80180,80181,1,-0.0,-1.0
D_disp_fail_reversal,80225,80226,-1,0.0,2.0
D_disp_fail_reversal,80239,80240,1,-0.0,-1.0
D_disp_fail_reversal,80273,80274,1,-0.0,2.0
D_disp_fail_reversal,80393,80394,-1,0.0,2.0
D_disp_fail_reversal,80463,80464,1,-0.0,2.0
D_disp_fail_reversal,80583,80584,1,-0.0,-1.0
D_disp_fail_reversal,80645,80646,1,-0.0,-1.0
D_disp_fail_reversal,80676,80677,-1,0.0,2.0
D_disp_fail_reversal,80696,80697,1,-0.0,-1.0
D_disp_fail_reversal,80702,80703,1,-0.0,-0.33574432806073595
D_disp_fail_reversal,80884,80885,-1,0.0,-1.0
D_disp_fail_reversal,80950,80951,-1,0.0,2.0
D_disp_fail_reversal,81037,81038,1,-0.0,-1.0
D_disp_fail_reversal,81072,81073,1,-0.0,-1.0
D_disp_fail_reversal,81074,81075,1,-0.0,2.0
D_disp_fail_reversal,81131,81132,1,-0.0,-1.0
D_disp_fail_reversal,81171,81172,1,-0.0,-1.0
D_disp_fail_reversal,81253,81254,1,-0.0,-1.0
D_disp_fail_reversal,81255,81256,1,-0.0,-1.0
D_disp_fail_reversal,81335,81336,-1,0.0,-1.0
D_disp_fail_reversal,81419,81420,-1,0.0,-1.0
D_disp_fail_reversal,81464,81465,-1,0.0,2.0
D_disp_fail_reversal,81466,81467,-1,0.0,-1.0
D_disp_fail_reversal,81564,81565,-1,0.0,-1.0
D_disp_fail_reversal,81600,81601,-1,0.0,2.0
D_disp_fail_reversal,81695,81696,-1,0.0,2.0
D_disp_fail_reversal,81778,81779,-1,0.0,-1.0
D_disp_fail_reversal,81806,81807,1,-0.0,-1.0
D_disp_fail_reversal,81871,81872,-1,0.0,-1.0
D_disp_fail_reversal,81910,81911,1,-0.0,2.0
D_disp_fail_reversal,81926,81927,-1,0.0,-1.0
D_disp_fail_reversal,81956,81957,-1,0.0,-1.0
D_disp_fail_reversal,82070,82071,1,-0.0,-1.0
D_disp_fail_reversal,82166,82167,1,-0.0,2.0
D_disp_fail_reversal,82246,82247,1,-0.0,-1.0
D_disp_fail_reversal,82260,82261,1,-0.0,-1.0
D_disp_fail_reversal,82332,82333,1,-0.0,-1.0
D_disp_fail_reversal,82342,82343,1,-0.0,2.0
D_disp_fail_reversal,82377,82378,1,-0.0,2.0
D_disp_fail_reversal,82454,82455,-1,0.0,-1.0
D_disp_fail_reversal,82534,82535,1,-0.0,2.0
D_disp_fail_reversal,82586,82587,1,-0.0,-1.0
D_disp_fail_reversal,82588,82589,1,-0.0,2.0
D_disp_fail_reversal,82605,82606,-1,0.0,2.0
D_disp_fail_reversal,82619,82620,1,-0.0,-1.0
D_disp_fail_reversal,82710,82711,-1,0.0,-1.0
D_disp_fail_reversal,82714,82715,-1,0.0,-1.0
D_disp_fail_reversal,82719,82720,-1,0.0,2.0
D_disp_fail_reversal,82735,82736,1,-0.0,-1.0
D_disp_fail_reversal,82790,82791,1,-0.0,2.0
D_disp_fail_reversal,82903,82904,-1,0.0,-1.0
D_disp_fail_reversal,82942,82943,-1,0.0,-1.0
D_disp_fail_reversal,83013,83014,1,-0.0,-1.0
D_disp_fail_reversal,83039,83040,1,-0.0,2.0
D_disp_fail_reversal,83108,83109,1,-0.0,-1.0
D_disp_fail_reversal,83162,83163,-1,0.0,-1.0
D_disp_fail_reversal,83170,83171,-1,0.0,-1.0
D_disp_fail_reversal,83183,83184,-1,0.0,-1.0
D_disp_fail_reversal,83276,83277,-1,0.0,-1.0
D_disp_fail_reversal,83341,83342,-1,0.0,-1.0
D_disp_fail_reversal,83488,83489,-1,0.0,-1.0
D_disp_fail_reversal,83490,83491,-1,0.0,-1.0
D_disp_fail_reversal,83539,83540,1,-0.0,-1.0
D_disp_fail_reversal,83620,83621,1,-0.0,0.9328841991242967
D_disp_fail_reversal,83745,83746,-1,0.0,-1.0
D_disp_fail_reversal,83755,83756,-1,0.0,2.0
D_disp_fail_reversal,83850,83851,1,-0.0,2.0
D_disp_fail_reversal,83900,83901,-1,0.0,-1.0
D_disp_fail_reversal,83990,83991,-1,0.0,-1.0
D_disp_fail_reversal,84042,84043,1,-0.0,2.0
D_disp_fail_reversal,84180,84181,1,-0.0,2.0
D_disp_fail_reversal,84277,84278,1,-0.0,2.0
D_disp_fail_reversal,84370,84371,1,-0.0,-1.0
D_disp_fail_reversal,84410,84411,1,-0.0,2.0
D_disp_fail_reversal,84432,84433,-1,0.0,-1.0
D_disp_fail_reversal,84525,84526,1,-0.0,-1.0
D_disp_fail_reversal,84577,84578,-1,0.0,-1.0
D_disp_fail_reversal,84581,84582,-1,0.0,-1.0
D_disp_fail_reversal,84614,84615,-1,0.0,2.0
D_disp_fail_reversal,84632,84633,1,-0.0,-1.0
D_disp_fail_reversal,84710,84711,-1,0.0,-1.0
D_disp_fail_reversal,84717,84718,-1,0.0,-1.0
D_disp_fail_reversal,84738,84739,1,-0.0,2.0
D_disp_fail_reversal,84822,84823,1,-0.0,-1.0
D_disp_fail_reversal,84871,84872,-1,0.0,-1.0
D_disp_fail_reversal,84892,84893,-1,0.0,2.0
D_disp_fail_reversal,84944,84945,1,-0.0,-1.0
D_disp_fail_reversal,85070,85071,-1,0.0,-1.0
D_disp_fail_reversal,85081,85082,-1,0.0,2.0
D_disp_fail_reversal,85179,85180,-1,0.0,2.0
D_disp_fail_reversal,85257,85258,1,-0.0,-1.0
D_disp_fail_reversal,85260,85261,1,-0.0,-1.0
D_disp_fail_reversal,85274,85275,1,-0.0,-1.0
D_disp_fail_reversal,85341,85342,-1,0.0,2.0
D_disp_fail_reversal,85359,85360,1,-0.0,-1.0
D_disp_fail_reversal,85442,85443,-1,0.0,-1.0
D_disp_fail_reversal,85447,85448,-1,0.0,-1.0
D_disp_fail_reversal,85458,85459,-1,0.0,2.0
D_disp_fail_reversal,85719,85720,1,-0.0,-1.0
D_disp_fail_reversal,85832,85833,-1,0.0,2.0
D_disp_fail_reversal,85869,85870,-1,0.0,-1.0
D_disp_fail_reversal,85900,85901,-1,0.0,-1.0
D_disp_fail_reversal,85984,85985,1,-0.0,-1.0
D_disp_fail_reversal,85987,85988,1,-0.0,-1.0
D_disp_fail_reversal,86138,86139,1,-0.0,2.0
D_disp_fail_reversal,86157,86158,1,-0.0,-1.0
D_disp_fail_reversal,86200,86201,-1,0.0,2.0
D_disp_fail_reversal,86206,86207,1,-0.0,2.0
D_disp_fail_reversal,86304,86305,1,-0.0,-1.0
D_disp_fail_reversal,86391,86392,-1,0.0,-1.0
D_disp_fail_reversal,86606,86607,1,-0.0,-1.0
D_disp_fail_reversal,86772,86773,1,-0.0,2.0
D_disp_fail_reversal,86833,86834,-1,0.0,2.0
D_disp_fail_reversal,86872,86873,1,-0.0,2.0
D_disp_fail_reversal,86955,86956,1,-0.0,-1.0
D_disp_fail_reversal,86983,86984,-1,0.0,-1.0
D_disp_fail_reversal,86996,86997,1,-0.0,-1.0
D_disp_fail_reversal,87088,87089,1,-0.0,-1.0
D_disp_fail_reversal,87137,87138,1,-0.0,-0.5980991040756545
D_disp_fail_reversal,87302,87303,1,-0.0,-1.0
D_disp_fail_reversal,87369,87370,-1,0.0,-1.0
D_disp_fail_reversal,87403,87404,-1,0.0,-1.0
D_disp_fail_reversal,87410,87411,-1,0.0,-1.0
D_disp_fail_reversal,87480,87481,-1,0.0,-1.0
D_disp_fail_reversal,87512,87513,-1,0.0,-1.0
D_disp_fail_reversal,87552,87553,1,-0.0,-1.0
D_disp_fail_reversal,87672,87673,-1,0.0,-1.0
D_disp_fail_reversal,87726,87727,1,-0.0,-1.0
D_disp_fail_reversal,87739,87740,-1,0.0,-1.0
D_disp_fail_reversal,87744,87745,-1,0.0,-1.0
D_disp_fail_reversal,87852,87853,-1,0.0,2.0
D_disp_fail_reversal,87928,87929,1,-0.0,-1.0
D_disp_fail_reversal,88014,88015,-1,0.0,2.0
D_disp_fail_reversal,88056,88057,-1,0.0,-1.0
D_disp_fail_reversal,88109,88110,-1,0.0,-1.0
D_disp_fail_reversal,88201,88202,1,-0.0,2.0
D_disp_fail_reversal,88225,88226,-1,0.0,2.0
D_disp_fail_reversal,88318,88319,-1,0.0,-1.0
D_disp_fail_reversal,88387,88388,1,-0.0,-1.0
D_disp_fail_reversal,88439,88440,-1,0.0,2.0
D_disp_fail_reversal,88504,88505,-1,0.0,2.0
D_disp_fail_reversal,88525,88526,1,-0.0,2.0
D_disp_fail_reversal,88528,88529,1,-0.0,-1.0
D_disp_fail_reversal,88542,88543,1,-0.0,-1.0
D_disp_fail_reversal,88550,88551,1,-0.0,-1.0
D_disp_fail_reversal,88576,88577,1,-0.0,-1.0
D_disp_fail_reversal,88593,88594,1,-0.0,2.0
D_disp_fail_reversal,88617,88618,-1,0.0,2.0
D_disp_fail_reversal,88623,88624,1,-0.0,-1.0
D_disp_fail_reversal,88664,88665,-1,0.0,2.0
D_disp_fail_reversal,88675,88676,-1,0.0,-1.0
D_disp_fail_reversal,88682,88683,-1,0.0,-1.0
D_disp_fail_reversal,88758,88759,-1,0.0,2.0
D_disp_fail_reversal,88850,88851,-1,0.0,2.0
D_disp_fail_reversal,88874,88875,1,-0.0,-1.0
D_disp_fail_reversal,88900,88901,-1,0.0,-1.0
D_disp_fail_reversal,88939,88940,-1,0.0,-1.0
D_disp_fail_reversal,89013,89014,-1,0.0,-1.0
D_disp_fail_reversal,89064,89065,-1,0.0,2.0
D_disp_fail_reversal,89151,89152,-1,0.0,-1.0
D_disp_fail_reversal,89156,89157,-1,0.0,-1.0
D_disp_fail_reversal,89210,89211,-1,0.0,-1.0
D_disp_fail_reversal,89245,89246,-1,0.0,2.0
D_disp_fail_reversal,89304,89305,-1,0.0,2.0
D_disp_fail_reversal,89315,89316,1,-0.0,-1.0
D_disp_fail_reversal,89360,89361,-1,0.0,-1.0
D_disp_fail_reversal,89377,89378,-1,0.0,-1.0
D_disp_fail_reversal,89429,89430,-1,0.0,2.0
D_disp_fail_reversal,89496,89497,-1,0.0,2.0
D_disp_fail_reversal,89503,89504,1,-0.0,2.0
D_disp_fail_reversal,89544,89545,-1,0.0,-1.0
D_disp_fail_reversal,89591,89592,1,-0.0,-1.0
D_disp_fail_reversal,89595,89596,1,-0.0,-1.0
D_disp_fail_reversal,89684,89685,-1,0.0,-1.0
D_disp_fail_reversal,89847,89848,-1,0.0,2.0
D_disp_fail_reversal,89918,89919,-1,0.0,2.0
D_disp_fail_reversal,90018,90019,1,-0.0,-1.0
D_disp_fail_reversal,90187,90188,1,-0.0,-1.0
D_disp_fail_reversal,90193,90194,1,-0.0,2.0
D_disp_fail_reversal,90248,90249,1,-0.0,2.0
D_disp_fail_reversal,90332,90333,-1,0.0,-1.0
D_disp_fail_reversal,90347,90348,-1,0.0,-1.0
D_disp_fail_reversal,90375,90376,1,-0.0,2.0
D_disp_fail_reversal,90381,90382,-1,0.0,2.0
D_disp_fail_reversal,90523,90524,1,-0.0,2.0
D_disp_fail_reversal,90567,90568,-1,0.0,-0.417288972492856
D_disp_fail_reversal,90726,90727,1,-0.0,2.0
D_disp_fail_reversal,90800,90801,1,-0.0,2.0
D_disp_fail_reversal,90843,90844,-1,0.0,-1.0
D_disp_fail_reversal,90917,90918,-1,0.0,-1.0
D_disp_fail_reversal,90929,90930,-1,0.0,-1.0
D_disp_fail_reversal,91010,91011,-1,0.0,2.0
D_disp_fail_reversal,91053,91054,-1,0.0,-1.0
D_disp_fail_reversal,91099,91100,-1,0.0,2.0
D_disp_fail_reversal,91192,91193,1,-0.0,-1.0
D_disp_fail_reversal,91286,91287,1,-0.0,2.0
D_disp_fail_reversal,91301,91302,-1,0.0,-1.0
D_disp_fail_reversal,91354,91355,1,-0.0,2.0
D_disp_fail_reversal,91401,91402,1,-0.0,-1.0
D_disp_fail_reversal,91449,91450,-1,0.0,-1.0
D_disp_fail_reversal,91592,91593,-1,0.0,-1.0
D_disp_fail_reversal,91601,91602,-1,0.0,2.0
D_disp_fail_reversal,91665,91666,1,-0.0,-1.0
D_disp_fail_reversal,91806,91807,-1,0.0,-1.0
D_disp_fail_reversal,91832,91833,-1,0.0,2.0
D_disp_fail_reversal,91855,91856,1,-0.0,0.47203387503009164
D_disp_fail_reversal,91980,91981,-1,0.0,-1.0
D_disp_fail_reversal,92081,92082,1,-0.0,-1.0
D_disp_fail_reversal,92177,92178,-1,0.0,2.0
D_disp_fail_reversal,92292,92293,1,-0.0,-1.0
D_disp_fail_reversal,92313,92314,1,-0.0,-1.0
D_disp_fail_reversal,92383,92384,1,-0.0,-1.0
D_disp_fail_reversal,92411,92412,1,-0.0,2.0
D_disp_fail_reversal,92454,92455,-1,0.0,-0.21321278564816712
D_disp_fail_reversal,92563,92564,-1,0.0,-1.0
D_disp_fail_reversal,92636,92637,-1,0.0,2.0
D_disp_fail_reversal,92676,92677,-1,0.0,-1.0
D_disp_fail_reversal,92734,92735,-1,0.0,-1.0
D_disp_fail_reversal,92745,92746,-1,0.0,2.0
D_disp_fail_reversal,92845,92846,1,-0.0,-1.0
D_disp_fail_reversal,92873,92874,1,-0.0,2.0
D_disp_fail_reversal,92942,92943,-1,0.0,-1.0
D_disp_fail_reversal,93017,93018,-1,0.0,2.0
D_disp_fail_reversal,93036,93037,1,-0.0,-1.0
D_disp_fail_reversal,93103,93104,1,-0.0,-1.0
D_disp_fail_reversal,93113,93114,1,-0.0,-1.0
D_disp_fail_reversal,93120,93121,1,-0.0,-1.0
D_disp_fail_reversal,93148,93149,1,-0.0,-1.0
D_disp_fail_reversal,93214,93215,-1,0.0,-1.0
D_disp_fail_reversal,93225,93226,-1,0.0,-1.0
D_disp_fail_reversal,93313,93314,1,-0.0,-1.0
D_disp_fail_reversal,93316,93317,1,-0.0,2.0
D_disp_fail_reversal,93403,93404,1,-0.0,-1.0
D_disp_fail_reversal,93405,93406,1,-0.0,-1.0
D_disp_fail_reversal,93475,93476,-1,0.0,-1.0
D_disp_fail_reversal,93517,93518,1,-0.0,-1.0
D_disp_fail_reversal,93594,93595,1,-0.0,-1.0
D_disp_fail_reversal,93647,93648,-1,0.0,-1.0
D_disp_fail_reversal,93741,93742,-1,0.0,-1.0
D_disp_fail_reversal,93752,93753,-1,0.0,2.0
D_disp_fail_reversal,93777,93778,1,-0.0,-1.0
D_disp_fail_reversal,93803,93804,1,-0.0,2.0
D_disp_fail_reversal,93892,93893,-1,0.0,2.0
D_disp_fail_reversal,94053,94054,1,-0.0,-1.0
D_disp_fail_reversal,94114,94115,1,-0.0,-1.0
D_disp_fail_reversal,94139,94140,1,-0.0,-1.0
D_disp_fail_reversal,94158,94159,1,-0.0,1.0546433675378488
D_disp_fail_reversal,94298,94299,1,-0.0,-1.0
D_disp_fail_reversal,94381,94382,1,-0.0,-1.0
D_disp_fail_reversal,94386,94387,1,-0.0,-1.0
D_disp_fail_reversal,94408,94409,1,-0.0,2.0
D_disp_fail_reversal,94451,94452,-1,0.0,2.0
D_disp_fail_reversal,94518,94519,-1,0.0,-1.0
D_disp_fail_reversal,94582,94583,-1,0.0,-1.0
D_disp_fail_reversal,94607,94608,-1,0.0,2.0
D_disp_fail_reversal,94700,94701,1,-0.0,-1.0
D_disp_fail_reversal,94714,94715,-1,0.0,2.0
D_disp_fail_reversal,94716,94717,-1,0.0,0.5650012652741357
D_disp_fail_reversal,94837,94838,1,-0.0,-1.0
D_disp_fail_reversal,94922,94923,-1,0.0,2.0
D_disp_fail_reversal,94952,94953,1,-0.0,-1.0
D_disp_fail_reversal,94982,94983,1,-0.0,-1.0
D_disp_fail_reversal,95053,95054,1,-0.0,-1.0
D_disp_fail_reversal,95166,95167,1,-0.0,-1.0
D_disp_fail_reversal,95201,95202,1,-0.0,-1.0
D_disp_fail_reversal,95258,95259,1,-0.0,-1.0
D_disp_fail_reversal,95262,95263,1,-0.0,-1.0
D_disp_fail_reversal,95374,95375,1,-0.0,-1.0
D_disp_fail_reversal,95415,95416,1,-0.0,-1.0
D_disp_fail_reversal,95440,95441,1,-0.0,2.0
D_disp_fail_reversal,95625,95626,1,-0.0,2.0
D_disp_fail_reversal,95627,95628,1,-0.0,2.0
D_disp_fail_reversal,95651,95652,-1,0.0,-1.0
D_disp_fail_reversal,95720,95721,1,-0.0,2.0
D_disp_fail_reversal,95748,95749,1,-0.0,-1.0
D_disp_fail_reversal,95818,95819,-1,0.0,-1.0
D_disp_fail_reversal,95879,95880,-1,0.0,2.0
D_disp_fail_reversal,95906,95907,1,-0.0,-1.0
D_disp_fail_reversal,95918,95919,-1,0.0,-1.0
D_disp_fail_reversal,95999,96000,-1,0.0,-1.0
D_disp_fail_reversal,96048,96049,1,-0.0,-1.0
D_disp_fail_reversal,96181,96182,1,-0.0,-1.0
D_disp_fail_reversal,96185,96186,1,-0.0,-1.0
D_disp_fail_reversal,96225,96226,1,-0.0,-1.0
D_disp_fail_reversal,96233,96234,1,-0.0,2.0
D_disp_fail_reversal,96324,96325,1,-0.0,2.0
D_disp_fail_reversal,96354,96355,1,-0.0,2.0
D_disp_fail_reversal,96371,96372,-1,0.0,-0.12467916866920901
D_disp_fail_reversal,96510,96511,1,-0.0,-1.0
D_disp_fail_reversal,96513,96514,1,-0.0,-1.0
D_disp_fail_reversal,96558,96559,1,-0.0,1.3211139684970725
D_disp_fail_reversal,96690,96691,-1,0.0,-1.0
D_disp_fail_reversal,96692,96693,-1,0.0,-1.0
D_disp_fail_reversal,96695,96696,-1,0.0,-1.0
D_disp_fail_reversal,96786,96787,-1,0.0,2.0
D_disp_fail_reversal,96789,96790,1,-0.0,1.075685987206692
D_disp_fail_reversal,96970,96971,1,-0.0,-1.0
D_disp_fail_reversal,96998,96999,-1,0.0,-1.0
D_disp_fail_reversal,97015,97016,-1,0.0,2.0
D_disp_fail_reversal,97067,97068,-1,0.0,-1.0
D_disp_fail_reversal,97180,97181,-1,0.0,-1.0
D_disp_fail_reversal,97277,97278,-1,0.0,-1.0
D_disp_fail_reversal,97364,97365,-1,0.0,-1.0
D_disp_fail_reversal,97446,97447,-1,0.0,2.0
D_disp_fail_reversal,97530,97531,1,-0.0,-1.0
D_disp_fail_reversal,97579,97580,-1,0.0,2.0
D_disp_fail_reversal,97600,97601,1,-0.0,-1.0
D_disp_fail_reversal,97711,97712,-1,0.0,2.0
D_disp_fail_reversal,97754,97755,1,-0.0,-1.0
D_disp_fail_reversal,97843,97844,-1,0.0,-1.0
D_disp_fail_reversal,97845,97846,-1,0.0,2.0
D_disp_fail_reversal,97904,97905,-1,0.0,-1.0
D_disp_fail_reversal,97946,97947,1,-0.0,2.0
D_disp_fail_reversal,98055,98056,-1,0.0,-1.0
D_disp_fail_reversal,98071,98072,-1,0.0,-1.0
D_disp_fail_reversal,98135,98136,-1,0.0,1.3426918073107945
D_disp_fail_reversal,98269,98270,1,-0.0,-1.0
D_disp_fail_reversal,98307,98308,1,-0.0,-1.0
D_disp_fail_reversal,98315,98316,1,-0.0,-1.0
D_disp_fail_reversal,98321,98322,1,-0.0,-1.0
D_disp_fail_reversal,98412,98413,-1,0.0,0.25100175988996787
D_disp_fail_reversal,98554,98555,1,-0.0,-1.0
D_disp_fail_reversal,98556,98557,1,-0.0,2.0
D_disp_fail_reversal,98632,98633,-1,0.0,2.0
D_disp_fail_reversal,98721,98722,1,-0.0,2.0
D_disp_fail_reversal,98769,98770,-1,0.0,2.0
D_disp_fail_reversal,99038,99039,1,-0.0,1.1159749606720086
D_disp_fail_reversal,99138,99139,-1,0.0,-1.0
D_disp_fail_reversal,99189,99190,-1,0.0,2.0
D_disp_fail_reversal,99256,99257,-1,0.0,-1.0
D_disp_fail_reversal,99277,99278,1,-0.0,-1.0
D_disp_fail_reversal,99390,99391,-1,0.0,2.0
D_disp_fail_reversal,99460,99461,-1,0.0,-1.0
D_disp_fail_reversal,99466,99467,-1,0.0,-1.0
D_disp_fail_reversal,99488,99489,-1,0.0,2.0
D_disp_fail_reversal,99501,99502,1,-0.0,-1.0
D_disp_fail_reversal,99558,99559,1,-0.0,2.0
D_disp_fail_reversal,99580,99581,-1,0.0,-1.0
D_disp_fail_reversal,99598,99599,-1,0.0,-1.0
D_disp_fail_reversal,99605,99606,-1,0.0,-1.0
D_disp_fail_reversal,99672,99673,-1,0.0,-1.0
D_disp_fail_reversal,99878,99879,1,-0.0,2.0
D_disp_fail_reversal,99971,99972,-1,0.0,-1.0
D_disp_fail_reversal,99975,99976,-1,0.0,2.0
D_disp_fail_reversal,100056,100057,1,-0.0,-1.0
D_disp_fail_reversal,100069,100070,1,-0.0,-1.0
D_disp_fail_reversal,100155,100156,-1,0.0,-1.0
D_disp_fail_reversal,100197,100198,1,-0.0,-1.0
D_disp_fail_reversal,100233,100234,1,-0.0,2.0
D_disp_fail_reversal,100324,100325,1,-0.0,-1.0
D_disp_fail_reversal,100332,100333,1,-0.0,2.0
D_disp_fail_reversal,100407,100408,-1,0.0,2.0
D_disp_fail_reversal,100494,100495,-1,0.0,2.0
D_disp_fail_reversal,100508,100509,1,-0.0,2.0
D_disp_fail_reversal,100633,100634,-1,0.0,-1.0
D_disp_fail_reversal,100787,100788,-1,0.0,-1.0
D_disp_fail_reversal,100881,100882,1,-0.0,2.0
D_disp_fail_reversal,101002,101003,-1,0.0,-1.0
D_disp_fail_reversal,101045,101046,-1,0.0,-1.0
D_disp_fail_reversal,101070,101071,-1,0.0,-0.4845454488229933
D_disp_fail_reversal,101212,101213,1,-0.0,-1.0
D_disp_fail_reversal,101256,101257,-1,0.0,2.0
D_disp_fail_reversal,101343,101344,-1,0.0,2.0
D_disp_fail_reversal,101395,101396,-1,0.0,2.0
D_disp_fail_reversal,101436,101437,-1,0.0,2.0
D_disp_fail_reversal,101538,101539,-1,0.0,-1.0
D_disp_fail_reversal,101648,101649,-1,0.0,-1.0
D_disp_fail_reversal,101709,101710,-1,0.0,-1.0
D_disp_fail_reversal,101779,101780,-1,0.0,2.0
D_disp_fail_reversal,101805,101806,-1,0.0,-1.0
D_disp_fail_reversal,101873,101874,-1,0.0,-1.0
D_disp_fail_reversal,101965,101966,-1,0.0,2.0
D_disp_fail_reversal,102083,102084,1,-0.0,-1.0
D_disp_fail_reversal,102118,102119,1,-0.0,-1.0
D_disp_fail_reversal,102202,102203,1,-0.0,-1.0
D_disp_fail_reversal,102205,102206,1,-0.0,2.0
D_disp_fail_reversal,102309,102310,-1,0.0,2.0
D_disp_fail_reversal,102351,102352,1,-0.0,-1.0
D_disp_fail_reversal,102401,102402,-1,0.0,-1.0
D_disp_fail_reversal,102621,102622,1,-0.0,-1.0
D_disp_fail_reversal,102707,102708,-1,0.0,2.0
D_disp_fail_reversal,102790,102791,-1,0.0,2.0
D_disp_fail_reversal,102810,102811,1,-0.0,-1.0
D_disp_fail_reversal,102866,102867,-1,0.0,2.0
D_disp_fail_reversal,102913,102914,1,-0.0,-0.3949549950946603
D_disp_fail_reversal,103040,103041,-1,0.0,-1.0
D_disp_fail_reversal,103064,103065,-1,0.0,-1.0
D_disp_fail_reversal,103067,103068,-1,0.0,2.0
D_disp_fail_reversal,103114,103115,1,-0.0,-1.0
D_disp_fail_reversal,103366,103367,1,-0.0,-1.0
D_disp_fail_reversal,103497,103498,1,-0.0,-1.0
D_disp_fail_reversal,103510,103511,1,-0.0,-1.0
D_disp_fail_reversal,103627,103628,-1,0.0,-1.0
D_disp_fail_reversal,103723,103724,1,-0.0,-1.0
D_disp_fail_reversal,103854,103855,-1,0.0,2.0
D_disp_fail_reversal,103993,103994,-1,0.0,-1.0
D_disp_fail_reversal,104009,104010,-1,0.0,-1.0
D_disp_fail_reversal,104073,104074,1,-0.0,-1.0
D_disp_fail_reversal,104186,104187,1,-0.0,-1.0
D_disp_fail_reversal,104229,104230,-1,0.0,2.0
D_disp_fail_reversal,104259,104260,-1,0.0,-1.0
D_disp_fail_reversal,104281,104282,-1,0.0,-1.0
D_disp_fail_reversal,104352,104353,-1,0.0,-1.0
D_disp_fail_reversal,104452,104453,1,-0.0,-1.0
D_disp_fail_reversal,104475,104476,1,-0.0,-1.0
D_disp_fail_reversal,104541,104542,-1,0.0,-1.0
D_disp_fail_reversal,104617,104618,-1,0.0,-1.0
D_disp_fail_reversal,104681,104682,-1,0.0,2.0
D_disp_fail_reversal,104760,104761,1,-0.0,-1.0
D_disp_fail_reversal,104886,104887,1,-0.0,2.0
D_disp_fail_reversal,104905,104906,-1,0.0,2.0
D_disp_fail_reversal,104986,104987,-1,0.0,-0.04082201081043913
D_disp_fail_reversal,105165,105166,-1,0.0,2.0
D_disp_fail_reversal,105268,105269,-1,0.0,-1.0
D_disp_fail_reversal,105281,105282,-1,0.0,-1.0
D_disp_fail_reversal,105345,105346,-1,0.0,2.0
D_disp_fail_reversal,105363,105364,1,-0.0,0.8301223331583973
D_disp_fail_reversal,105532,105533,1,-0.0,-1.0
D_disp_fail_reversal,105583,105584,-1,0.0,-1.0
D_disp_fail_reversal,105601,105602,-1,0.0,2.0
D_disp_fail_reversal,105719,105720,1,-0.0,-1.0
D_disp_fail_reversal,105782,105783,-1,0.0,-1.0
D_disp_fail_reversal,105784,105785,-1,0.0,2.0
D_disp_fail_reversal,105797,105798,1,-0.0,-1.0
D_disp_fail_reversal,105821,105822,1,-0.0,-1.0
D_disp_fail_reversal,105994,105995,1,-0.0,2.0
D_disp_fail_reversal,106137,106138,-1,0.0,-1.0
D_disp_fail_reversal,106141,106142,-1,0.0,-1.0
D_disp_fail_reversal,106145,106146,-1,0.0,-1.0
D_disp_fail_reversal,106174,106175,1,-0.0,2.0
D_disp_fail_reversal,106261,106262,-1,0.0,-1.0
D_disp_fail_reversal,106269,106270,-1,0.0,-1.0
D_disp_fail_reversal,106286,106287,-1,0.0,-1.0
D_disp_fail_reversal,106331,106332,1,-0.0,-1.0
D_disp_fail_reversal,106335,106336,1,-0.0,2.0
D_disp_fail_reversal,106636,106637,1,-0.0,2.0
D_disp_fail_reversal,106702,106703,1,-0.0,2.0
D_disp_fail_reversal,106793,106794,1,-0.0,-1.0
D_disp_fail_reversal,106952,106953,-1,0.0,-1.0
D_disp_fail_reversal,106971,106972,1,-0.0,-1.0
D_disp_fail_reversal,106981,106982,1,-0.0,-1.0
D_disp_fail_reversal,107033,107034,-1,0.0,-1.0
D_disp_fail_reversal,107099,107100,-1,0.0,-1.0
D_disp_fail_reversal,107121,107122,-1,0.0,2.0
D_disp_fail_reversal,107144,107145,-1,0.0,-1.0
D_disp_fail_reversal,107186,107187,-1,0.0,2.0
D_disp_fail_reversal,107230,107231,-1,0.0,-1.0
D_disp_fail_reversal,107261,107262,1,-0.0,-1.0
D_disp_fail_reversal,107305,107306,1,-0.0,-1.0
D_disp_fail_reversal,107332,107333,1,-0.0,2.0
D_disp_fail_reversal,107361,107362,-1,0.0,-1.0
D_disp_fail_reversal,107438,107439,-1,0.0,-1.0
D_disp_fail_reversal,107475,107476,-1,0.0,-1.0
D_disp_fail_reversal,107580,107581,1,-0.0,-1.0
D_disp_fail_reversal,107617,107618,1,-0.0,2.0
D_disp_fail_reversal,107774,107775,1,-0.0,0.7423977827759523
D_disp_fail_reversal,107909,107910,-1,0.0,-1.0
D_disp_fail_reversal,107911,107912,-1,0.0,-1.0
D_disp_fail_reversal,108001,108002,-1,0.0,2.0
D_disp_fail_reversal,108012,108013,1,-0.0,2.0
D_disp_fail_reversal,108066,108067,1,-0.0,2.0
D_disp_fail_reversal,108088,108089,-1,0.0,-1.0
D_disp_fail_reversal,108181,108182,-1,0.0,-1.0
D_disp_fail_reversal,108201,108202,-1,0.0,-1.0
D_disp_fail_reversal,108277,108278,1,-0.0,2.0
D_disp_fail_reversal,108354,108355,-1,0.0,-1.0
D_disp_fail_reversal,108372,108373,-1,0.0,-1.0
D_disp_fail_reversal,108428,108429,1,-0.0,-1.0
D_disp_fail_reversal,108435,108436,1,-0.0,-1.0
D_disp_fail_reversal,108734,108735,1,-0.0,-1.0
D_disp_fail_reversal,108789,108790,1,-0.0,-1.0
D_disp_fail_reversal,108825,108826,-1,0.0,2.0
D_disp_fail_reversal,108832,108833,1,-0.0,-1.0
D_disp_fail_reversal,108894,108895,-1,0.0,2.0
D_disp_fail_reversal,108942,108943,1,-0.0,1.0572740312757023
D_disp_fail_reversal,109060,109061,1,-0.0,-1.0
D_disp_fail_reversal,109075,109076,1,-0.0,2.0
D_disp_fail_reversal,109155,109156,1,-0.0,-1.0
D_disp_fail_reversal,109173,109174,-1,0.0,2.0
D_disp_fail_reversal,109203,109204,1,-0.0,-1.0
D_disp_fail_reversal,109205,109206,1,-0.0,-1.0
D_disp_fail_reversal,109269,109270,-1,0.0,-1.0
D_disp_fail_reversal,109361,109362,-1,0.0,-1.0
D_disp_fail_reversal,109490,109491,1,-0.0,2.0
D_disp_fail_reversal,109517,109518,-1,0.0,-1.0
D_disp_fail_reversal,109548,109549,1,-0.0,-1.0
D_disp_fail_reversal,109703,109704,-1,0.0,-1.0
D_disp_fail_reversal,109729,109730,1,-0.0,2.0
D_disp_fail_reversal,109796,109797,1,-0.0,-1.0
D_disp_fail_reversal,109829,109830,1,-0.0,-1.0
D_disp_fail_reversal,109911,109912,-1,0.0,-1.0
D_disp_fail_reversal,109978,109979,-1,0.0,-1.0
D_disp_fail_reversal,110002,110003,-1,0.0,-1.0
D_disp_fail_reversal,110102,110103,-1,0.0,2.0
D_disp_fail_reversal,110122,110123,1,-0.0,-1.0
D_disp_fail_reversal,110166,110167,-1,0.0,-1.0
D_disp_fail_reversal,110182,110183,-1,0.0,2.0
D_disp_fail_reversal,110236,110237,-1,0.0,-1.0
D_disp_fail_reversal,110303,110304,1,-0.0,-1.0
D_disp_fail_reversal,110324,110325,1,-0.0,-1.0
D_disp_fail_reversal,110366,110367,1,-0.0,-1.0
D_disp_fail_reversal,110377,110378,1,-0.0,2.0
D_disp_fail_reversal,110457,110458,-1,0.0,2.0
D_disp_fail_reversal,110462,110463,1,-0.0,2.0
D_disp_fail_reversal,110532,110533,1,-0.0,-1.0
D_disp_fail_reversal,110639,110640,-1,0.0,2.0
D_disp_fail_reversal,110660,110661,1,-0.0,-1.0
D_disp_fail_reversal,110695,110696,1,-0.0,0.7603785642745358
D_disp_fail_reversal,110811,110812,-1,0.0,2.0
D_disp_fail_reversal,110833,110834,1,-0.0,-1.0
D_disp_fail_reversal,111017,111018,1,-0.0,-1.0
D_disp_fail_reversal,111105,111106,-1,0.0,-1.0
D_disp_fail_reversal,111184,111185,-1,0.0,2.0
D_disp_fail_reversal,111262,111263,1,-0.0,-1.0
D_disp_fail_reversal,111363,111364,1,-0.0,2.0
D_disp_fail_reversal,111549,111550,1,-0.0,2.0
D_disp_fail_reversal,111565,111566,-1,0.0,-1.0
D_disp_fail_reversal,111642,111643,-1,0.0,2.0
D_disp_fail_reversal,111656,111657,1,-0.0,-1.0
D_disp_fail_reversal,111660,111661,1,-0.0,-1.0
D_disp_fail_reversal,111676,111677,1,-0.0,2.0
D_disp_fail_reversal,111770,111771,1,-0.0,-1.0
D_disp_fail_reversal,111822,111823,-1,0.0,2.0
D_disp_fail_reversal,111842,111843,1,-0.0,-1.0
D_disp_fail_reversal,111848,111849,1,-0.0,-1.0
D_disp_fail_reversal,111894,111895,1,-0.0,-1.0
D_disp_fail_reversal,111952,111953,1,-0.0,2.0
D_disp_fail_reversal,112029,112030,-1,0.0,2.0
D_disp_fail_reversal,112101,112102,1,-0.0,-1.0
D_disp_fail_reversal,112121,112122,1,-0.0,2.0
D_disp_fail_reversal,112134,112135,-1,0.0,2.0
D_disp_fail_reversal,112164,112165,-1,0.0,-1.0
D_disp_fail_reversal,112184,112185,-1,0.0,-1.0
D_disp_fail_reversal,112281,112282,1,-0.0,-1.0
D_disp_fail_reversal,112285,112286,1,-0.0,-1.0
D_disp_fail_reversal,112376,112377,-1,0.0,2.0
D_disp_fail_reversal,112382,112383,1,-0.0,2.0
D_disp_fail_reversal,112574,112575,1,-0.0,2.0
D_disp_fail_reversal,112608,112609,1,-0.0,-1.0
D_disp_fail_reversal,112655,112656,-1,0.0,2.0
D_disp_fail_reversal,112768,112769,1,-0.0,-1.0
D_disp_fail_reversal,112770,112771,1,-0.0,2.0
D_disp_fail_reversal,112802,112803,-1,0.0,-1.0
D_disp_fail_reversal,112834,112835,1,-0.0,-1.0
D_disp_fail_reversal,112915,112916,-1,0.0,-1.0
D_disp_fail_reversal,113014,113015,1,-0.0,-1.0
D_disp_fail_reversal,113043,113044,-1,0.0,-1.0
D_disp_fail_reversal,113046,113047,-1,0.0,-1.0
D_disp_fail_reversal,113133,113134,-1,0.0,2.0
D_disp_fail_reversal,113181,113182,-1,0.0,2.0
D_disp_fail_reversal,113229,113230,1,-0.0,-1.0
D_disp_fail_reversal,113289,113290,-1,0.0,-1.0
D_disp_fail_reversal,113364,113365,-1,0.0,2.0
D_disp_fail_reversal,113386,113387,1,-0.0,-1.0
D_disp_fail_reversal,113479,113480,-1,0.0,-1.0
D_disp_fail_reversal,113502,113503,-1,0.0,-1.0
D_disp_fail_reversal,113554,113555,1,-0.0,2.0
D_disp_fail_reversal,113646,113647,-1,0.0,-1.0
D_disp_fail_reversal,113799,113800,1,-0.0,2.0
D_disp_fail_reversal,113842,113843,1,-0.0,2.0
D_disp_fail_reversal,113850,113851,-1,0.0,2.0
D_disp_fail_reversal,113920,113921,1,-0.0,-1.0
D_disp_fail_reversal,113950,113951,1,-0.0,-1.0
D_disp_fail_reversal,114007,114008,1,-0.0,2.0
D_disp_fail_reversal,114098,114099,-1,0.0,-1.0
D_disp_fail_reversal,114181,114182,1,-0.0,-1.0
D_disp_fail_reversal,114188,114189,1,-0.0,-1.0
D_disp_fail_reversal,114267,114268,1,-0.0,-1.0
D_disp_fail_reversal,114304,114305,-1,0.0,-1.0
D_disp_fail_reversal,114388,114389,-1,0.0,-1.0
D_disp_fail_reversal,114397,114398,-1,0.0,-1.0
D_disp_fail_reversal,114415,114416,-1,0.0,-1.0
D_disp_fail_reversal,114484,114485,1,-0.0,-1.0
D_disp_fail_reversal,114501,114502,1,-0.0,-1.0
D_disp_fail_reversal,114518,114519,-1,0.0,2.0
D_disp_fail_reversal,114606,114607,1,-0.0,-1.0
D_disp_fail_reversal,114715,114716,1,-0.0,2.0
D_disp_fail_reversal,114763,114764,1,-0.0,-1.0
D_disp_fail_reversal,114866,114867,1,-0.0,2.0
D_disp_fail_reversal,114884,114885,1,-0.0,-1.0
D_disp_fail_reversal,114969,114970,1,-0.0,-1.0
D_disp_fail_reversal,115012,115013,-1,0.0,2.0
D_disp_fail_reversal,115037,115038,1,-0.0,-1.0
D_disp_fail_reversal,115068,115069,-1,0.0,2.0
D_disp_fail_reversal,115161,115162,1,-0.0,2.0
D_disp_fail_reversal,115295,115296,-1,0.0,2.0
D_disp_fail_reversal,115346,115347,1,-0.0,2.0
D_disp_fail_reversal,115487,115488,1,-0.0,-1.0
D_disp_fail_reversal,115549,115550,1,-0.0,-1.0
D_disp_fail_reversal,115594,115595,-1,0.0,-1.0
D_disp_fail_reversal,115789,115790,1,-0.0,-1.0
D_disp_fail_reversal,115791,115792,1,-0.0,-1.0
D_disp_fail_reversal,115836,115837,-1,0.0,-1.0
D_disp_fail_reversal,115839,115840,-1,0.0,-1.0
D_disp_fail_reversal,115856,115857,-1,0.0,2.0
D_disp_fail_reversal,116033,116034,1,-0.0,-1.0
D_disp_fail_reversal,116057,116058,-1,0.0,-1.0
D_disp_fail_reversal,116152,116153,1,-0.0,2.0
D_disp_fail_reversal,116250,116251,-1,0.0,-1.0
D_disp_fail_reversal,116327,116328,1,-0.0,2.0
D_disp_fail_reversal,116421,116422,-1,0.0,2.0
D_disp_fail_reversal,116435,116436,-1,0.0,2.0
D_disp_fail_reversal,116475,116476,1,-0.0,2.0
D_disp_fail_reversal,116527,116528,1,-0.0,-1.0
D_disp_fail_reversal,116616,116617,-1,0.0,0.3480133252915889
D_disp_fail_reversal,116725,116726,-1,0.0,-1.0
D_disp_fail_reversal,116728,116729,-1,0.0,-1.0
D_disp_fail_reversal,116752,116753,-1,0.0,-1.0
D_disp_fail_reversal,116806,116807,-1,0.0,2.0
D_disp_fail_reversal,116888,116889,-1,0.0,-1.0
D_disp_fail_reversal,116892,116893,-1,0.0,-1.0
D_disp_fail_reversal,116923,116924,1,-0.0,-1.0
D_disp_fail_reversal,116990,116991,-1,0.0,-1.0
D_disp_fail_reversal,117001,117002,-1,0.0,-1.0
D_disp_fail_reversal,117025,117026,-1,0.0,2.0
D_disp_fail_reversal,117054,117055,1,-0.0,-1.0
D_disp_fail_reversal,117081,117082,1,-0.0,-1.0
D_disp_fail_reversal,117138,117139,1,-0.0,-1.0
D_disp_fail_reversal,117233,117234,-1,0.0,2.0
D_disp_fail_reversal,117291,117292,1,-0.0,2.0
D_disp_fail_reversal,117303,117304,-1,0.0,-1.0
D_disp_fail_reversal,117350,117351,-1,0.0,2.0
D_disp_fail_reversal,117468,117469,-1,0.0,2.0
D_disp_fail_reversal,117500,117501,1,-0.0,-1.0
D_disp_fail_reversal,117537,117538,-1,0.0,-1.0
D_disp_fail_reversal,117603,117604,-1,0.0,2.0
D_disp_fail_reversal,117634,117635,-1,0.0,0.9967129183613032
D_disp_fail_reversal,117746,117747,-1,0.0,-1.0
D_disp_fail_reversal,117789,117790,-1,0.0,-1.0
D_disp_fail_reversal,117814,117815,-1,0.0,-1.0
D_disp_fail_reversal,117838,117839,-1,0.0,-1.0
D_disp_fail_reversal,117849,117850,-1,0.0,-1.0
D_disp_fail_reversal,117982,117983,-1,0.0,2.0
D_disp_fail_reversal,118048,118049,1,-0.0,2.0
D_disp_fail_reversal,118072,118073,1,-0.0,-1.0
D_disp_fail_reversal,118075,118076,1,-0.0,-1.0
D_disp_fail_reversal,118093,118094,1,-0.0,2.0
D_disp_fail_reversal,118156,118157,1,-0.0,-1.0
D_disp_fail_reversal,118169,118170,1,-0.0,2.0
D_disp_fail_reversal,118254,118255,1,-0.0,-0.17328484864783156
D_disp_fail_reversal,118435,118436,1,-0.0,-1.0
D_disp_fail_reversal,118492,118493,-1,0.0,-1.0
D_disp_fail_reversal,118534,118535,-1,0.0,-1.0
D_disp_fail_reversal,118568,118569,-1,0.0,-1.0
D_disp_fail_reversal,118571,118572,-1,0.0,-1.0
D_disp_fail_reversal,118577,118578,1,-0.0,-1.0
D_disp_fail_reversal,118617,118618,1,-0.0,-1.0
D_disp_fail_reversal,118669,118670,1,-0.0,-1.0
D_disp_fail_reversal,118717,118718,1,-0.0,2.0
D_disp_fail_reversal,118746,118747,-1,0.0,0.4025753782138122
D_disp_fail_reversal,118851,118852,1,-0.0,2.0
D_disp_fail_reversal,118899,118900,1,-0.0,2.0
D_disp_fail_reversal,118939,118940,-1,0.0,-1.0
D_disp_fail_reversal,119019,119020,1,-0.0,-1.0
D_disp_fail_reversal,119031,119032,1,-0.0,-1.0
D_disp_fail_reversal,119034,119035,1,-0.0,2.0
D_disp_fail_reversal,119151,119152,1,-0.0,-1.0
D_disp_fail_reversal,119155,119156,1,-0.0,-1.0
D_disp_fail_reversal,119164,119165,1,-0.0,-1.0
D_disp_fail_reversal,119178,119179,1,-0.0,-1.0
D_disp_fail_reversal,119243,119244,1,-0.0,-1.0
D_disp_fail_reversal,119270,119271,1,-0.0,2.0
D_disp_fail_reversal,119452,119453,-1,0.0,-1.0
D_disp_fail_reversal,119455,119456,-1,0.0,2.0
D_disp_fail_reversal,119519,119520,-1,0.0,-1.0
D_disp_fail_reversal,119540,119541,-1,0.0,2.0
D_disp_fail_reversal,119636,119637,-1,0.0,-1.0
D_disp_fail_reversal,119950,119951,1,-0.0,-1.0
D_disp_fail_reversal,119953,119954,1,-0.0,-1.0
D_disp_fail_reversal,120067,120068,-1,0.0,2.0
D_disp_fail_reversal,120122,120123,1,-0.0,-1.0
D_disp_fail_reversal,120320,120321,-1,0.0,-1.0
D_disp_fail_reversal,120339,120340,-1,0.0,-1.0
D_disp_fail_reversal,120345,120346,-1,0.0,-1.0
D_disp_fail_reversal,120417,120418,1,-0.0,-1.0
D_disp_fail_reversal,120432,120433,1,-0.0,2.0
D_disp_fail_reversal,120570,120571,1,-0.0,0.3244491241415759
D_disp_fail_reversal,120713,120714,-1,0.0,-1.0
D_disp_fail_reversal,120731,120732,-1,0.0,-1.0
D_disp_fail_reversal,120800,120801,1,-0.0,-1.0
D_disp_fail_reversal,120852,120853,-1,0.0,-1.0
D_disp_fail_reversal,120873,120874,-1,0.0,-1.0
D_disp_fail_reversal,120909,120910,1,-0.0,-1.0
D_disp_fail_reversal,120984,120985,-1,0.0,2.0
D_disp_fail_reversal,121014,121015,1,-0.0,-1.0
D_disp_fail_reversal,121056,121057,1,-0.0,-1.0
D_disp_fail_reversal,121296,121297,1,-0.0,-1.0
D_disp_fail_reversal,121382,121383,1,-0.0,2.0
D_disp_fail_reversal,121467,121468,-1,0.0,-1.0
D_disp_fail_reversal,121474,121475,-1,0.0,-1.0
D_disp_fail_reversal,121481,121482,-1,0.0,1.034977030038836
D_disp_fail_reversal,121607,121608,-1,0.0,2.0
D_disp_fail_reversal,121717,121718,-1,0.0,2.0
D_disp_fail_reversal,121752,121753,1,-0.0,-1.0
D_disp_fail_reversal,121841,121842,1,-0.0,2.0
D_disp_fail_reversal,121932,121933,1,-0.0,0.07210412299138608
D_disp_fail_reversal,122048,122049,-1,0.0,-1.0
D_disp_fail_reversal,122080,122081,-1,0.0,-1.0
D_disp_fail_reversal,122109,122110,-1,0.0,-1.0
D_disp_fail_reversal,122122,122123,-1,0.0,0.9765153717204584
D_disp_fail_reversal,122288,122289,1,-0.0,-1.0
D_disp_fail_reversal,122337,122338,-1,0.0,-1.0
D_disp_fail_reversal,122354,122355,1,-0.0,-1.0
D_disp_fail_reversal,122376,122377,-1,0.0,2.0
D_disp_fail_reversal,122626,122627,-1,0.0,-1.0
D_disp_fail_reversal,122827,122828,1,-0.0,-1.0
D_disp_fail_reversal,122829,122830,1,-0.0,-1.0
D_disp_fail_reversal,122998,122999,-1,0.0,2.0
D_disp_fail_reversal,123178,123179,1,-0.0,2.0
D_disp_fail_reversal,123212,123213,-1,0.0,-1.0
D_disp_fail_reversal,123297,123298,-1,0.0,2.0
D_disp_fail_reversal,123353,123354,1,-0.0,2.0
D_disp_fail_reversal,123369,123370,-1,0.0,-1.0
D_disp_fail_reversal,123435,123436,-1,0.0,2.0
D_disp_fail_reversal,123438,123439,-1,0.0,2.0
D_disp_fail_reversal,123584,123585,1,-0.0,-1.0
D_disp_fail_reversal,123667,123668,1,-0.0,2.0
D_disp_fail_reversal,123747,123748,-1,0.0,2.0
D_disp_fail_reversal,123763,123764,1,-0.0,-1.0
D_disp_fail_reversal,123802,123803,-1,0.0,-1.0
D_disp_fail_reversal,123855,123856,1,-0.0,-1.0
D_disp_fail_reversal,123902,123903,1,-0.0,-1.0
D_disp_fail_reversal,123920,123921,1,-0.0,-1.0
D_disp_fail_reversal,124010,124011,1,-0.0,-1.0
D_disp_fail_reversal,124013,124014,1,-0.0,2.0
D_disp_fail_reversal,124032,124033,-1,0.0,2.0
D_disp_fail_reversal,124039,124040,1,-0.0,-1.0
D_disp_fail_reversal,124257,124258,-1,0.0,-1.0
D_disp_fail_reversal,124263,124264,-1,0.0,-1.0
D_disp_fail_reversal,124286,124287,-1,0.0,2.0
D_disp_fail_reversal,124473,124474,1,-0.0,-1.0
D_disp_fail_reversal,124493,124494,1,-0.0,2.0
D_disp_fail_reversal,124570,124571,1,-0.0,-1.0
D_disp_fail_reversal,124590,124591,-1,0.0,2.0
D_disp_fail_reversal,124640,124641,1,-0.0,-1.0
D_disp_fail_reversal,124678,124679,1,-0.0,0.23935168944068727
D_disp_fail_reversal,124811,124812,-1,0.0,-1.0
D_disp_fail_reversal,124845,124846,-1,0.0,-1.0
D_disp_fail_reversal,124862,124863,1,-0.0,-1.0
D_disp_fail_reversal,124866,124867,1,-0.0,2.0
D_disp_fail_reversal,124902,124903,-1,0.0,-1.0
D_disp_fail_reversal,125004,125005,-1,0.0,2.0
D_disp_fail_reversal,125043,125044,-1,0.0,-1.0
D_disp_fail_reversal,125049,125050,-1,0.0,2.0
D_disp_fail_reversal,125152,125153,1,-0.0,-1.0
D_disp_fail_reversal,125205,125206,-1,0.0,2.0
D_disp_fail_reversal,125223,125224,1,-0.0,-1.0
D_disp_fail_reversal,125225,125226,1,-0.0,2.0
D_disp_fail_reversal,125295,125296,-1,0.0,-1.0
D_disp_fail_reversal,125302,125303,-1,0.0,-1.0
D_disp_fail_reversal,125387,125388,1,-0.0,-1.0
D_disp_fail_reversal,125571,125572,1,-0.0,2.0
D_disp_fail_reversal,125597,125598,1,-0.0,2.0
D_disp_fail_reversal,125619,125620,-1,0.0,0.11653110295556635
D_disp_fail_reversal,125850,125851,-1,0.0,-1.0
D_disp_fail_reversal,125873,125874,-1,0.0,-1.0
D_disp_fail_reversal,125962,125963,1,-0.0,2.0
D_disp_fail_reversal,126015,126016,1,-0.0,-1.0
D_disp_fail_reversal,126042,126043,-1,0.0,-1.0
D_disp_fail_reversal,126183,126184,-1,0.0,-1.0
D_disp_fail_reversal,126194,126195,-1,0.0,-1.0
D_disp_fail_reversal,126249,126250,-1,0.0,2.0
D_disp_fail_reversal,126276,126277,1,-0.0,2.0
D_disp_fail_reversal,126352,126353,1,-0.0,2.0
D_disp_fail_reversal,126405,126406,-1,0.0,2.0
D_disp_fail_reversal,126454,126455,1,-0.0,-1.0
D_disp_fail_reversal,126490,126491,-1,0.0,2.0
D_disp_fail_reversal,126538,126539,1,-0.0,-1.0
D_disp_fail_reversal,126576,126577,1,-0.0,2.0
D_disp_fail_reversal,126707,126708,-1,0.0,-1.0
D_disp_fail_reversal,126796,126797,-1,0.0,2.0
D_disp_fail_reversal,126864,126865,-1,0.0,-1.0
D_disp_fail_reversal,126874,126875,-1,0.0,2.0
D_disp_fail_reversal,126886,126887,1,-0.0,-1.0
D_disp_fail_reversal,126976,126977,-1,0.0,-1.0
D_disp_fail_reversal,127051,127052,-1,0.0,-1.0
D_disp_fail_reversal,127063,127064,-1,0.0,2.0
D_disp_fail_reversal,127090,127091,1,-0.0,2.0
D_disp_fail_reversal,127223,127224,1,-0.0,-1.0
D_disp_fail_reversal,127295,127296,1,-0.0,-1.0
D_disp_fail_reversal,127323,127324,1,-0.0,2.0
D_disp_fail_reversal,127480,127481,-1,0.0,2.0
D_disp_fail_reversal,127504,127505,1,-0.0,2.0
D_disp_fail_reversal,127529,127530,-1,0.0,-1.0
D_disp_fail_reversal,127542,127543,1,-0.0,-1.0
D_disp_fail_reversal,127553,127554,1,-0.0,-1.0
D_disp_fail_reversal,127627,127628,-1,0.0,-1.0
D_disp_fail_reversal,127662,127663,1,-0.0,-1.0
D_disp_fail_reversal,127681,127682,1,-0.0,-1.0
D_disp_fail_reversal,127683,127684,1,-0.0,-1.0
D_disp_fail_reversal,127745,127746,-1,0.0,-1.0
D_disp_fail_reversal,127747,127748,-1,0.0,2.0
D_disp_fail_reversal,127820,127821,-1,0.0,2.0
D_disp_fail_reversal,127936,127937,1,-0.0,-1.0
D_disp_fail_reversal,127979,127980,-1,0.0,0.4293958445223463
D_disp_fail_reversal,128111,128112,1,-0.0,-1.0
D_disp_fail_reversal,128146,128147,-1,0.0,-1.0
D_disp_fail_reversal,128233,128234,1,-0.0,-1.0
D_disp_fail_reversal,128276,128277,1,-0.0,-1.0
D_disp_fail_reversal,128313,128314,-1,0.0,2.0
D_disp_fail_reversal,128325,128326,1,-0.0,-1.0
D_disp_fail_reversal,128344,128345,1,-0.0,-1.0
D_disp_fail_reversal,128420,128421,-1,0.0,-1.0
D_disp_fail_reversal,128423,128424,-1,0.0,-1.0
D_disp_fail_reversal,128482,128483,1,-0.0,-1.0
D_disp_fail_reversal,128493,128494,1,-0.0,-1.0
D_disp_fail_reversal,128580,128581,-1,0.0,2.0
D_disp_fail_reversal,128608,128609,-1,0.0,2.0
D_disp_fail_reversal,128645,128646,1,-0.0,-1.0
D_disp_fail_reversal,128689,128690,1,-0.0,-1.0
D_disp_fail_reversal,128756,128757,-1,0.0,-1.0
D_disp_fail_reversal,128797,128798,1,-0.0,2.0
D_disp_fail_reversal,128891,128892,-1,0.0,2.0
D_disp_fail_reversal,128947,128948,1,-0.0,-1.0
D_disp_fail_reversal,129014,129015,1,-0.0,2.0
D_disp_fail_reversal,129257,129258,-1,0.0,-1.0
D_disp_fail_reversal,129298,129299,-1,0.0,-1.0
D_disp_fail_reversal,129347,129348,1,-0.0,-1.0
D_disp_fail_reversal,129350,129351,1,-0.0,2.0
D_disp_fail_reversal,129385,129386,-1,0.0,-1.0
D_disp_fail_reversal,129512,129513,1,-0.0,-1.0
D_disp_fail_reversal,129524,129525,1,-0.0,2.0
D_disp_fail_reversal,129593,129594,1,-0.0,-1.0
D_disp_fail_reversal,129720,129721,-1,0.0,-1.0
D_disp_fail_reversal,129824,129825,1,-0.0,2.0
D_disp_fail_reversal,129865,129866,-1,0.0,-1.0
D_disp_fail_reversal,129987,129988,1,-0.0,-1.0
D_disp_fail_reversal,130068,130069,-1,0.0,-1.0
D_disp_fail_reversal,130075,130076,-1,0.0,-1.0
D_disp_fail_reversal,130167,130168,1,-0.0,2.0
D_disp_fail_reversal,130206,130207,-1,0.0,-1.0
D_disp_fail_reversal,130233,130234,-1,0.0,-1.0
D_disp_fail_reversal,130268,130269,1,-0.0,2.0
D_disp_fail_reversal,130353,130354,1,-0.0,2.0
D_disp_fail_reversal,130360,130361,1,-0.0,-1.0
D_disp_fail_reversal,130422,130423,-1,0.0,-1.0
D_disp_fail_reversal,130449,130450,1,-0.0,2.0
D_disp_fail_reversal,130508,130509,-1,0.0,-1.0
D_disp_fail_reversal,130582,130583,-1,0.0,-1.0
D_disp_fail_reversal,130591,130592,-1,0.0,-1.0
D_disp_fail_reversal,130597,130598,-1,0.0,-1.0
D_disp_fail_reversal,130728,130729,1,-0.0,-1.0
D_disp_fail_reversal,130750,130751,1,-0.0,-1.0
D_disp_fail_reversal,130801,130802,1,-0.0,2.0
D_disp_fail_reversal,130862,130863,-1,0.0,2.0
D_disp_fail_reversal,130894,130895,-1,0.0,-1.0
D_disp_fail_reversal,130913,130914,-1,0.0,-1.0
D_disp_fail_reversal,130925,130926,-1,0.0,-1.0
D_disp_fail_reversal,130984,130985,1,-0.0,0.08929671779055792
D_disp_fail_reversal,131147,131148,1,-0.0,2.0
D_disp_fail_reversal,131159,131160,-1,0.0,2.0
D_disp_fail_reversal,131169,131170,1,-0.0,-1.0
D_disp_fail_reversal,131350,131351,-1,0.0,-1.0
D_disp_fail_reversal,131373,131374,-1,0.0,-1.0
D_disp_fail_reversal,131494,131495,-1,0.0,2.0
D_disp_fail_reversal,131632,131633,1,-0.0,2.0
D_disp_fail_reversal,131769,131770,1,-0.0,-1.0
D_disp_fail_reversal,131842,131843,-1,0.0,-1.0
D_disp_fail_reversal,131875,131876,1,-0.0,2.0
D_disp_fail_reversal,131970,131971,1,-0.0,-1.0
D_disp_fail_reversal,132036,132037,-1,0.0,-1.0
D_disp_fail_reversal,132103,132104,1,-0.0,2.0
D_disp_fail_reversal,132168,132169,1,-0.0,2.0
D_disp_fail_reversal,132184,132185,1,-0.0,-1.0
D_disp_fail_reversal,132215,132216,1,-0.0,-1.0
D_disp_fail_reversal,132218,132219,1,-0.0,-1.0
D_disp_fail_reversal,132245,132246,1,-0.0,2.0
D_disp_fail_reversal,132367,132368,1,-0.0,2.0
D_disp_fail_reversal,132451,132452,-1,0.0,2.0
D_disp_fail_reversal,132461,132462,1,-0.0,-1.0
D_disp_fail_reversal,132584,132585,-1,0.0,-1.0
D_disp_fail_reversal,132609,132610,1,-0.0,2.0
D_disp_fail_reversal,132614,132615,-1,0.0,-1.0
D_disp_fail_reversal,132706,132707,1,-0.0,2.0
D_disp_fail_reversal,132772,132773,1,-0.0,2.0
D_disp_fail_reversal,132900,132901,1,-0.0,0.032440557827065605
D_disp_fail_reversal,133050,133051,1,-0.0,2.0
D_disp_fail_reversal,133114,133115,1,-0.0,2.0
D_disp_fail_reversal,133147,133148,-1,0.0,-1.0
D_disp_fail_reversal,133160,133161,-1,0.0,-1.0
D_disp_fail_reversal,133165,133166,-1,0.0,-1.0
D_disp_fail_reversal,133177,133178,1,-0.0,1.7132015327564085
D_disp_fail_reversal,133341,133342,1,-0.0,2.0
D_disp_fail_reversal,133400,133401,1,-0.0,-1.0
D_disp_fail_reversal,133451,133452,1,-0.0,2.0
D_disp_fail_reversal,133469,133470,-1,0.0,2.0
D_disp_fail_reversal,133601,133602,1,-0.0,-1.0
D_disp_fail_reversal,133610,133611,1,-0.0,-1.0
D_disp_fail_reversal,133669,133670,-1,0.0,2.0
D_disp_fail_reversal,133701,133702,1,-0.0,-1.0
D_disp_fail_reversal,133731,133732,1,-0.0,-1.0
D_disp_fail_reversal,133816,133817,1,-0.0,-1.0
D_disp_fail_reversal,133912,133913,1,-0.0,-1.0
D_disp_fail_reversal,134042,134043,1,-0.0,-1.0
D_disp_fail_reversal,134058,134059,1,-0.0,-1.0
D_disp_fail_reversal,134070,134071,1,-0.0,2.0
D_disp_fail_reversal,134087,134088,-1,0.0,-1.0
D_disp_fail_reversal,134158,134159,-1,0.0,-1.0
D_disp_fail_reversal,134161,134162,-1,0.0,2.0
D_disp_fail_reversal,134274,134275,-1,0.0,2.0
D_disp_fail_reversal,134368,134369,1,-0.0,-1.0
D_disp_fail_reversal,134388,134389,-1,0.0,-1.0
D_disp_fail_reversal,134440,134441,-1,0.0,-1.0
D_disp_fail_reversal,134550,134551,-1,0.0,-1.0
D_disp_fail_reversal,134589,134590,-1,0.0,2.0
D_disp_fail_reversal,134594,134595,-1,0.0,-1.0
D_disp_fail_reversal,134616,134617,-1,0.0,-1.0
D_disp_fail_reversal,134626,134627,1,-0.0,-1.0
D_disp_fail_reversal,134642,134643,1,-0.0,2.0
D_disp_fail_reversal,134722,134723,-1,0.0,-1.0
D_disp_fail_reversal,134743,134744,-1,0.0,-1.0
D_disp_fail_reversal,134830,134831,-1,0.0,-1.0
D_disp_fail_reversal,134876,134877,1,-0.0,-1.0
D_disp_fail_reversal,134878,134879,1,-0.0,2.0
D_disp_fail_reversal,134985,134986,1,-0.0,-1.0
D_disp_fail_reversal,134994,134995,-1,0.0,-1.0
D_disp_fail_reversal,135020,135021,-1,0.0,-1.0
D_disp_fail_reversal,135045,135046,1,-0.0,0.16884214106203527
D_disp_fail_reversal,135263,135264,-1,0.0,-1.0
D_disp_fail_reversal,135382,135383,1,-0.0,-1.0
D_disp_fail_reversal,135472,135473,1,-0.0,2.0
D_disp_fail_reversal,135536,135537,1,-0.0,-1.0
D_disp_fail_reversal,135546,135547,1,-0.0,2.0
D_disp_fail_reversal,135640,135641,-1,0.0,-1.0
D_disp_fail_reversal,135728,135729,-1,0.0,2.0
D_disp_fail_reversal,135823,135824,-1,0.0,2.0
D_disp_fail_reversal,135882,135883,1,-0.0,2.0
D_disp_fail_reversal,135933,135934,-1,0.0,2.0
D_disp_fail_reversal,136025,136026,1,-0.0,2.0
D_disp_fail_reversal,136039,136040,-1,0.0,-1.0
D_disp_fail_reversal,136096,136097,-1,0.0,-1.0
D_disp_fail_reversal,136140,136141,-1,0.0,-1.0
D_disp_fail_reversal,136163,136164,-1,0.0,-1.0
D_disp_fail_reversal,136272,136273,1,-0.0,2.0
D_disp_fail_reversal,136282,136283,-1,0.0,-1.0
D_disp_fail_reversal,136389,136390,1,-0.0,-1.0
D_disp_fail_reversal,136402,136403,-1,0.0,2.0
D_disp_fail_reversal,136490,136491,1,-0.0,-1.0
D_disp_fail_reversal,136722,136723,1,-0.0,-1.0
D_disp_fail_reversal,136742,136743,-1,0.0,-1.0
D_disp_fail_reversal,136744,136745,-1,0.0,-1.0
D_disp_fail_reversal,136770,136771,-1,0.0,-1.0
D_disp_fail_reversal,136851,136852,1,-0.0,2.0
D_disp_fail_reversal,136922,136923,1,-0.0,-1.0
D_disp_fail_reversal,136947,136948,1,-0.0,-1.0
D_disp_fail_reversal,136959,136960,1,-0.0,-1.0
D_disp_fail_reversal,136988,136989,1,-0.0,2.0
D_disp_fail_reversal,137056,137057,1,-0.0,-0.051315768156964536
D_disp_fail_reversal,137195,137196,-1,0.0,-1.0
D_disp_fail_reversal,137218,137219,-1,0.0,2.0
D_disp_fail_reversal,137309,137310,-1,0.0,-1.0
D_disp_fail_reversal,137313,137314,-1,0.0,-1.0
D_disp_fail_reversal,137320,137321,-1,0.0,2.0
D_disp_fail_reversal,137464,137465,1,-0.0,-1.0
D_disp_fail_reversal,137503,137504,1,-0.0,-1.0
D_disp_fail_reversal,137564,137565,1,-0.0,-1.0
D_disp_fail_reversal,137643,137644,1,-0.0,2.0
D_disp_fail_reversal,137646,137647,1,-0.0,-1.0
D_disp_fail_reversal,137745,137746,1,-0.0,2.0
D_disp_fail_reversal,137839,137840,1,-0.0,-1.0
D_disp_fail_reversal,137882,137883,1,-0.0,-1.0
D_disp_fail_reversal,137938,137939,-1,0.0,-1.0
D_disp_fail_reversal,137967,137968,1,-0.0,-1.0
D_disp_fail_reversal,138002,138003,-1,0.0,-1.0
D_disp_fail_reversal,138040,138041,-1,0.0,-1.0
D_disp_fail_reversal,138056,138057,-1,0.0,-1.0
D_disp_fail_reversal,138117,138118,-1,0.0,-1.0
D_disp_fail_reversal,138186,138187,1,-0.0,2.0
D_disp_fail_reversal,138207,138208,-1,0.0,2.0
D_disp_fail_reversal,138407,138408,-1,0.0,-1.0
D_disp_fail_reversal,138425,138426,-1,0.0,-1.0
D_disp_fail_reversal,138455,138456,-1,0.0,2.0
D_disp_fail_reversal,138486,138487,1,-0.0,-1.0
D_disp_fail_reversal,138603,138604,-1,0.0,-1.0
D_disp_fail_reversal,138646,138647,1,-0.0,-1.0
D_disp_fail_reversal,138688,138689,-1,0.0,-1.0
D_disp_fail_reversal,138766,138767,1,-0.0,2.0
D_disp_fail_reversal,138876,138877,-1,0.0,-1.0
D_disp_fail_reversal,138930,138931,-1,0.0,-1.0
D_disp_fail_reversal,138969,138970,1,-0.0,-1.0
D_disp_fail_reversal,139008,139009,1,-0.0,2.0
D_disp_fail_reversal,139039,139040,-1,0.0,-1.0
D_disp_fail_reversal,139079,139080,-1,0.0,-1.0
D_disp_fail_reversal,139158,139159,1,-0.0,2.0
D_disp_fail_reversal,139228,139229,1,-0.0,2.0
D_disp_fail_reversal,139340,139341,-1,0.0,2.0
D_disp_fail_reversal,139431,139432,-1,0.0,-1.0
D_disp_fail_reversal,139551,139552,-1,0.0,2.0
D_disp_fail_reversal,139576,139577,-1,0.0,-1.0
D_disp_fail_reversal,139595,139596,-1,0.0,-1.0
D_disp_fail_reversal,139683,139684,-1,0.0,-1.0
D_disp_fail_reversal,139759,139760,-1,0.0,2.0
D_disp_fail_reversal,139805,139806,1,-0.0,2.0
D_disp_fail_reversal,139868,139869,1,-0.0,-1.0
D_disp_fail_reversal,140034,140035,1,-0.0,2.0
D_disp_fail_reversal,140059,140060,1,-0.0,-1.0
D_disp_fail_reversal,140103,140104,1,-0.0,-1.0
D_disp_fail_reversal,140150,140151,1,-0.0,2.0
D_disp_fail_reversal,140171,140172,-1,0.0,-1.0
D_disp_fail_reversal,140244,140245,-1,0.0,-1.0
D_disp_fail_reversal,140322,140323,1,-0.0,-1.0
D_disp_fail_reversal,140333,140334,1,-0.0,0.9865356351045245
D_disp_fail_reversal,140514,140515,-1,0.0,1.6557105388329174
D_disp_fail_reversal,140659,140660,-1,0.0,-1.0
D_disp_fail_reversal,140667,140668,-1,0.0,2.0
D_disp_fail_reversal,140703,140704,1,-0.0,2.0
D_disp_fail_reversal,140765,140766,-1,0.0,2.0
D_disp_fail_reversal,141000,141001,1,-0.0,2.0
D_disp_fail_reversal,141065,141066,1,-0.0,-1.0
D_disp_fail_reversal,141139,141140,1,-0.0,2.0
D_disp_fail_reversal,141166,141167,1,-0.0,2.0
D_disp_fail_reversal,141345,141346,1,-0.0,-1.0
D_disp_fail_reversal,141533,141534,1,-0.0,2.0
D_disp_fail_reversal,141594,141595,1,-0.0,2.0
D_disp_fail_reversal,141632,141633,-1,0.0,-1.0
D_disp_fail_reversal,141639,141640,-1,0.0,2.0
D_disp_fail_reversal,141784,141785,-1,0.0,-1.0
D_disp_fail_reversal,141790,141791,1,-0.0,-1.0
D_disp_fail_reversal,141803,141804,1,-0.0,-1.0
D_disp_fail_reversal,141876,141877,-1,0.0,-1.0
D_disp_fail_reversal,141924,141925,1,-0.0,-1.0
D_disp_fail_reversal,141926,141927,1,-0.0,-1.0
D_disp_fail_reversal,141970,141971,-1,0.0,-1.0
D_disp_fail_reversal,141979,141980,1,-0.0,2.0
D_disp_fail_reversal,142057,142058,1,-0.0,-1.0
D_disp_fail_reversal,142067,142068,-1,0.0,0.5491250853355955
D_disp_fail_reversal,142199,142200,1,-0.0,-1.0
D_disp_fail_reversal,142224,142225,-1,0.0,-1.0
D_disp_fail_reversal,142245,142246,-1,0.0,-1.0
D_disp_fail_reversal,142249,142250,-1,0.0,-1.0
D_disp_fail_reversal,142282,142283,-1,0.0,-1.0
D_disp_fail_reversal,142284,142285,-1,0.0,-1.0
D_disp_fail_reversal,142286,142287,-1,0.0,-1.0
D_disp_fail_reversal,142296,142297,-1,0.0,-1.0
D_disp_fail_reversal,142404,142405,-1,0.0,2.0
D_disp_fail_reversal,142442,142443,-1,0.0,-1.0
D_disp_fail_reversal,142481,142482,1,-0.0,-1.0
D_disp_fail_reversal,142497,142498,1,-0.0,-1.0
D_disp_fail_reversal,142525,142526,-1,0.0,2.0
D_disp_fail_reversal,142612,142613,1,-0.0,2.0
D_disp_fail_reversal,142663,142664,-1,0.0,-1.0
D_disp_fail_reversal,142668,142669,-1,0.0,-1.0
D_disp_fail_reversal,142706,142707,-1,0.0,-1.0
D_disp_fail_reversal,142711,142712,-1,0.0,-1.0
D_disp_fail_reversal,142897,142898,-1,0.0,2.0
D_disp_fail_reversal,142960,142961,1,-0.0,2.0
D_disp_fail_reversal,143043,143044,-1,0.0,-1.0
D_disp_fail_reversal,143076,143077,-1,0.0,2.0
D_disp_fail_reversal,143193,143194,-1,0.0,-1.0
D_disp_fail_reversal,143344,143345,1,-0.0,-1.0
D_disp_fail_reversal,143392,143393,1,-0.0,-1.0
D_disp_fail_reversal,143445,143446,1,-0.0,-1.0
D_disp_fail_reversal,143526,143527,-1,0.0,-1.0
D_disp_fail_reversal,143564,143565,-1,0.0,2.0
D_disp_fail_reversal,143708,143709,1,-0.0,-1.0
D_disp_fail_reversal,143733,143734,-1,0.0,-1.0
D_disp_fail_reversal,143857,143858,-1,0.0,-1.0
D_disp_fail_reversal,143929,143930,-1,0.0,-1.0
D_disp_fail_reversal,143997,143998,-1,0.0,-1.0
D_disp_fail_reversal,144088,144089,-1,0.0,0.39419763812609393
D_disp_fail_reversal,144342,144343,1,-0.0,2.0
D_disp_fail_reversal,144364,144365,-1,0.0,-1.0
D_disp_fail_reversal,144406,144407,-1,0.0,-1.0
D_disp_fail_reversal,144413,144414,-1,0.0,-1.0
D_disp_fail_reversal,144535,144536,-1,0.0,-1.0
D_disp_fail_reversal,144550,144551,-1,0.0,2.0
D_disp_fail_reversal,144587,144588,1,-0.0,2.0
D_disp_fail_reversal,144682,144683,1,-0.0,-1.0
D_disp_fail_reversal,144687,144688,1,-0.0,-1.0
D_disp_fail_reversal,144711,144712,1,-0.0,2.0
D_disp_fail_reversal,144736,144737,-1,0.0,-1.0
D_disp_fail_reversal,144859,144860,-1,0.0,2.0
D_disp_fail_reversal,144869,144870,1,-0.0,-1.0
D_disp_fail_reversal,144874,144875,1,-0.0,2.0
D_disp_fail_reversal,144896,144897,1,-0.0,-1.0
D_disp_fail_reversal,144900,144901,1,-0.0,2.0
D_disp_fail_reversal,144992,144993,-1,0.0,-1.0
D_disp_fail_reversal,145011,145012,-1,0.0,-1.0
D_disp_fail_reversal,145096,145097,-1,0.0,-1.0
D_disp_fail_reversal,145137,145138,-1,0.0,-1.0
D_disp_fail_reversal,145279,145280,-1,0.0,2.0
D_disp_fail_reversal,145356,145357,-1,0.0,-1.0
D_disp_fail_reversal,145398,145399,-1,0.0,-1.0
D_disp_fail_reversal,145425,145426,1,-0.0,-1.0
D_disp_fail_reversal,145534,145535,-1,0.0,-1.0
D_disp_fail_reversal,145539,145540,-1,0.0,2.0
D_disp_fail_reversal,145631,145632,1,-0.0,2.0
D_disp_fail_reversal,145664,145665,-1,0.0,2.0
D_disp_fail_reversal,145793,145794,-1,0.0,-1.0
D_disp_fail_reversal,145864,145865,-1,0.0,-1.0
D_disp_fail_reversal,146091,146092,1,-0.0,2.0
D_disp_fail_reversal,146273,146274,-1,0.0,2.0
D_disp_fail_reversal,146303,146304,-1,0.0,-1.0
D_disp_fail_reversal,146317,146318,-1,0.0,-1.0
D_disp_fail_reversal,146413,146414,1,-0.0,-1.0
D_disp_fail_reversal,146447,146448,1,-0.0,-1.0
D_disp_fail_reversal,146573,146574,1,-0.0,2.0
D_disp_fail_reversal,146672,146673,1,-0.0,-1.0
D_disp_fail_reversal,146741,146742,1,-0.0,2.0
D_disp_fail_reversal,146871,146872,1,-0.0,2.0
D_disp_fail_reversal,146952,146953,-1,0.0,-1.0
D_disp_fail_reversal,146992,146993,1,-0.0,-1.0
D_disp_fail_reversal,147017,147018,1,-0.0,-1.0
D_disp_fail_reversal,147034,147035,1,-0.0,-1.0
D_disp_fail_reversal,147060,147061,1,-0.0,-1.0
D_disp_fail_reversal,147111,147112,1,-0.0,-1.0
D_disp_fail_reversal,147174,147175,1,-0.0,2.0
D_disp_fail_reversal,147298,147299,1,-0.0,-1.0
D_disp_fail_reversal,147337,147338,1,-0.0,-1.0
D_disp_fail_reversal,147453,147454,-1,0.0,-1.0
D_disp_fail_reversal,147482,147483,-1,0.0,-1.0
D_disp_fail_reversal,147507,147508,1,-0.0,2.0
D_disp_fail_reversal,147526,147527,-1,0.0,-1.0
D_disp_fail_reversal,147539,147540,-1,0.0,-1.0
D_disp_fail_reversal,147543,147544,-1,0.0,-1.0
D_disp_fail_reversal,147562,147563,-1,0.0,-1.0
D_disp_fail_reversal,147566,147567,-1,0.0,0.9461998907307795
D_disp_fail_reversal,147665,147666,1,-0.0,-1.0
D_disp_fail_reversal,147686,147687,1,-0.0,-1.0
D_disp_fail_reversal,147719,147720,1,-0.0,2.0
D_disp_fail_reversal,147758,147759,1,-0.0,2.0
D_disp_fail_reversal,147892,147893,-1,0.0,-1.0
D_disp_fail_reversal,147933,147934,-1,0.0,2.0
D_disp_fail_reversal,147980,147981,-1,0.0,-1.0
D_disp_fail_reversal,147987,147988,1,-0.0,2.0
D_disp_fail_reversal,148045,148046,1,-0.0,2.0
D_disp_fail_reversal,148071,148072,-1,0.0,2.0
D_disp_fail_reversal,148107,148108,1,-0.0,-1.0
D_disp_fail_reversal,148166,148167,-1,0.0,-1.0
D_disp_fail_reversal,148188,148189,-1,0.0,2.0
D_disp_fail_reversal,148198,148199,1,-0.0,-1.0
D_disp_fail_reversal,148280,148281,-1,0.0,-1.0
D_disp_fail_reversal,148283,148284,-1,0.0,-1.0
D_disp_fail_reversal,148307,148308,1,-0.0,-1.0
D_disp_fail_reversal,148324,148325,1,-0.0,-1.0
D_disp_fail_reversal,148399,148400,1,-0.0,-1.0
D_disp_fail_reversal,148406,148407,1,-0.0,-1.0
D_disp_fail_reversal,148487,148488,1,-0.0,-1.0
D_disp_fail_reversal,148562,148563,-1,0.0,-1.0
D_disp_fail_reversal,148579,148580,-1,0.0,-1.0
D_disp_fail_reversal,148632,148633,1,-0.0,-1.0
D_disp_fail_reversal,148646,148647,1,-0.0,-1.0
D_disp_fail_reversal,148685,148686,1,-0.0,-1.0
D_disp_fail_reversal,148806,148807,-1,0.0,2.0
D_disp_fail_reversal,148855,148856,1,-0.0,-1.0
D_disp_fail_reversal,148866,148867,1,-0.0,2.0
D_disp_fail_reversal,148882,148883,-1,0.0,-0.016108485720124906
D_disp_fail_reversal,149013,149014,-1,0.0,2.0
D_disp_fail_reversal,149108,149109,1,-0.0,-1.0
D_disp_fail_reversal,149132,149133,1,-0.0,2.0
D_disp_fail_reversal,149165,149166,-1,0.0,2.0
D_disp_fail_reversal,149293,149294,-1,0.0,2.0
D_disp_fail_reversal,149316,149317,1,-0.0,-1.0
D_disp_fail_reversal,149497,149498,1,-0.0,2.0
D_disp_fail_reversal,149543,149544,-1,0.0,2.0
D_disp_fail_reversal,149589,149590,1,-0.0,2.0
D_disp_fail_reversal,149635,149636,1,-0.0,2.0
D_disp_fail_reversal,149779,149780,-1,0.0,2.0
D_disp_fail_reversal,149783,149784,1,-0.0,2.0
D_disp_fail_reversal,149857,149858,-1,0.0,-1.0
D_disp_fail_reversal,149927,149928,-1,0.0,-1.0
D_disp_fail_reversal,149963,149964,1,-0.0,-1.0
D_disp_fail_reversal,150030,150031,1,-0.0,-1.0
D_disp_fail_reversal,150114,150115,-1,0.0,-1.0
D_disp_fail_reversal,150175,150176,1,-0.0,-1.0
D_disp_fail_reversal,150187,150188,1,-0.0,-1.0
D_disp_fail_reversal,150195,150196,1,-0.0,-1.0
D_disp_fail_reversal,150237,150238,1,-0.0,2.0
D_disp_fail_reversal,150279,150280,-1,0.0,-1.0
D_disp_fail_reversal,150329,150330,-1,0.0,2.0
D_disp_fail_reversal,150578,150579,1,-0.0,2.0
D_disp_fail_reversal,150770,150771,-1,0.0,-1.0
D_disp_fail_reversal,150813,150814,-1,0.0,2.0
D_disp_fail_reversal,150865,150866,1,-0.0,2.0
D_disp_fail_reversal,150932,150933,1,-0.0,-1.0
D_disp_fail_reversal,151005,151006,-1,0.0,-1.0
D_disp_fail_reversal,151066,151067,1,-0.0,2.0
D_disp_fail_reversal,151076,151077,-1,0.0,2.0
D_disp_fail_reversal,151131,151132,1,-0.0,2.0
D_disp_fail_reversal,151194,151195,-1,0.0,2.0
D_disp_fail_reversal,151282,151283,1,-0.0,-1.0
D_disp_fail_reversal,151312,151313,1,-0.0,-1.0
D_disp_fail_reversal,151415,151416,-1,0.0,2.0
D_disp_fail_reversal,151470,151471,1,-0.0,-1.0
D_disp_fail_reversal,151473,151474,1,-0.0,0.6399448341433251
D_disp_fail_reversal,151655,151656,-1,0.0,-1.0
D_disp_fail_reversal,151720,151721,1,-0.0,-1.0
D_disp_fail_reversal,151767,151768,1,-0.0,-1.0
D_disp_fail_reversal,151774,151775,1,-0.0,-1.0
D_disp_fail_reversal,151864,151865,-1,0.0,-1.0
D_disp_fail_reversal,151927,151928,-1,0.0,-1.0
D_disp_fail_reversal,152025,152026,1,-0.0,-1.0
D_disp_fail_reversal,152099,152100,-1,0.0,2.0
D_disp_fail_reversal,152134,152135,1,-0.0,2.0
D_disp_fail_reversal,152164,152165,-1,0.0,-1.0
D_disp_fail_reversal,152184,152185,-1,0.0,2.0
D_disp_fail_reversal,152323,152324,-1,0.0,2.0
D_disp_fail_reversal,152392,152393,-1,0.0,-1.0
D_disp_fail_reversal,152395,152396,-1,0.0,-1.0
D_disp_fail_reversal,152462,152463,1,-0.0,2.0
D_disp_fail_reversal,152477,152478,-1,0.0,-1.0
D_disp_fail_reversal,152506,152507,1,-0.0,-1.0
D_disp_fail_reversal,152600,152601,1,-0.0,-1.0
D_disp_fail_reversal,152617,152618,-1,0.0,-1.0
D_disp_fail_reversal,152687,152688,1,-0.0,-1.0
D_disp_fail_reversal,152690,152691,1,-0.0,1.547416008332115
D_disp_fail_reversal,152964,152965,1,-0.0,2.0
D_disp_fail_reversal,153028,153029,-1,0.0,-1.0
D_disp_fail_reversal,153058,153059,1,-0.0,2.0
D_disp_fail_reversal,153262,153263,-1,0.0,-1.0
D_disp_fail_reversal,153294,153295,1,-0.0,-1.0
D_disp_fail_reversal,153331,153332,-1,0.0,-1.0
D_disp_fail_reversal,153397,153398,-1,0.0,-1.0
D_disp_fail_reversal,153399,153400,-1,0.0,2.0
D_disp_fail_reversal,153426,153427,-1,0.0,-1.0
D_disp_fail_reversal,153446,153447,-1,0.0,-1.0
D_disp_fail_reversal,153491,153492,1,-0.0,2.0
D_disp_fail_reversal,153520,153521,-1,0.0,-0.40594286831364773
D_disp_fail_reversal,153654,153655,1,-0.0,-1.0
D_disp_fail_reversal,153708,153709,1,-0.0,-1.0
D_disp_fail_reversal,153863,153864,1,-0.0,2.0
D_disp_fail_reversal,153925,153926,-1,0.0,-1.0
D_disp_fail_reversal,153928,153929,-1,0.0,-1.0
D_disp_fail_reversal,153944,153945,-1,0.0,-1.0
D_disp_fail_reversal,153981,153982,1,-0.0,2.0
D_disp_fail_reversal,154021,154022,-1,0.0,-1.0
D_disp_fail_reversal,154097,154098,1,-0.0,2.0
D_disp_fail_reversal,154135,154136,1,-0.0,2.0
D_disp_fail_reversal,154185,154186,-1,0.0,-1.0
D_disp_fail_reversal,154200,154201,1,-0.0,-1.0
D_disp_fail_reversal,154213,154214,1,-0.0,2.0
D_disp_fail_reversal,154252,154253,1,-0.0,-1.0
D_disp_fail_reversal,154267,154268,1,-0.0,-1.0
D_disp_fail_reversal,154301,154302,-1,0.0,-1.0
D_disp_fail_reversal,154359,154360,1,-0.0,2.0
D_disp_fail_reversal,154490,154491,1,-0.0,2.0
D_disp_fail_reversal,154760,154761,-1,0.0,-1.0
D_disp_fail_reversal,154762,154763,-1,0.0,2.0
D_disp_fail_reversal,154796,154797,1,-0.0,-1.0
D_disp_fail_reversal,154859,154860,-1,0.0,2.0
D_disp_fail_reversal,154885,154886,1,-0.0,-1.0
D_disp_fail_reversal,154930,154931,1,-0.0,-1.0
D_disp_fail_reversal,154955,154956,1,-0.0,2.0
D_disp_fail_reversal,154972,154973,1,-0.0,-1.0
D_disp_fail_reversal,155070,155071,-1,0.0,2.0
D_disp_fail_reversal,155159,155160,-1,0.0,2.0
D_disp_fail_reversal,155182,155183,1,-0.0,2.0
D_disp_fail_reversal,155228,155229,1,-0.0,-1.0
D_disp_fail_reversal,155272,155273,-1,0.0,-1.0
D_disp_fail_reversal,155331,155332,1,-0.0,-1.0
D_disp_fail_reversal,155441,155442,1,-0.0,2.0
D_disp_fail_reversal,155463,155464,-1,0.0,-1.0
D_disp_fail_reversal,155547,155548,1,-0.0,-1.0
D_disp_fail_reversal,155554,155555,1,-0.0,2.0
D_disp_fail_reversal,155595,155596,-1,0.0,2.0
D_disp_fail_reversal,155617,155618,1,-0.0,-1.0
D_disp_fail_reversal,155621,155622,1,-0.0,-1.0
D_disp_fail_reversal,155706,155707,1,-0.0,2.0
D_disp_fail_reversal,155728,155729,-1,0.0,-1.0
D_disp_fail_reversal,155749,155750,-1,0.0,2.0
D_disp_fail_reversal,155891,155892,1,-0.0,2.0
D_disp_fail_reversal,155925,155926,1,-0.0,2.0
D_disp_fail_reversal,155953,155954,-1,0.0,-1.0
D_disp_fail_reversal,156040,156041,-1,0.0,2.0
D_disp_fail_reversal,156081,156082,1,-0.0,1.240108175577259
D_disp_fail_reversal,156221,156222,-1,0.0,-1.0
D_disp_fail_reversal,156241,156242,-1,0.0,-1.0
D_disp_fail_reversal,156285,156286,1,-0.0,-1.0
D_disp_fail_reversal,156376,156377,1,-0.0,-1.0
D_disp_fail_reversal,156409,156410,1,-0.0,2.0
D_disp_fail_reversal,156432,156433,1,-0.0,-1.0
D_disp_fail_reversal,156537,156538,1,-0.0,2.0
D_disp_fail_reversal,156545,156546,-1,0.0,2.0
D_disp_fail_reversal,156623,156624,-1,0.0,-1.0
D_disp_fail_reversal,156657,156658,1,-0.0,-1.0
D_disp_fail_reversal,156749,156750,-1,0.0,-1.0
D_disp_fail_reversal,156775,156776,-1,0.0,2.0
D_disp_fail_reversal,156803,156804,1,-0.0,-1.0
D_disp_fail_reversal,156983,156984,1,-0.0,2.0
D_disp_fail_reversal,157024,157025,1,-0.0,-1.0
D_disp_fail_reversal,157087,157088,-1,0.0,2.0
D_disp_fail_reversal,157103,157104,-1,0.0,-1.0
D_disp_fail_reversal,157168,157169,-1,0.0,2.0
D_disp_fail_reversal,157254,157255,1,-0.0,-1.0
D_disp_fail_reversal,157263,157264,1,-0.0,-1.0
D_disp_fail_reversal,157281,157282,1,-0.0,2.0
D_disp_fail_reversal,157316,157317,-1,0.0,-1.0
D_disp_fail_reversal,157409,157410,1,-0.0,-1.0
D_disp_fail_reversal,157456,157457,1,-0.0,-1.0
D_disp_fail_reversal,157610,157611,-1,0.0,-1.0
D_disp_fail_reversal,157670,157671,1,-0.0,-1.0
D_disp_fail_reversal,157673,157674,1,-0.0,-1.0
D_disp_fail_reversal,157794,157795,1,-0.0,-1.0
D_disp_fail_reversal,157875,157876,-1,0.0,2.0
D_disp_fail_reversal,157878,157879,-1,0.0,0.12067683181415091
D_disp_fail_reversal,157997,157998,1,-0.0,-1.0
D_disp_fail_reversal,157999,158000,1,-0.0,-1.0
D_disp_fail_reversal,158001,158002,1,-0.0,-1.0
D_disp_fail_reversal,158043,158044,1,-0.0,2.0
D_disp_fail_reversal,158093,158094,1,-0.0,-1.0
D_disp_fail_reversal,158135,158136,1,-0.0,-1.0
D_disp_fail_reversal,158153,158154,1,-0.0,2.0
D_disp_fail_reversal,158244,158245,1,-0.0,-1.0
D_disp_fail_reversal,158254,158255,1,-0.0,2.0
D_disp_fail_reversal,158271,158272,1,-0.0,-1.0
D_disp_fail_reversal,158276,158277,1,-0.0,-1.0
D_disp_fail_reversal,158278,158279,1,-0.0,2.0
D_disp_fail_reversal,158281,158282,1,-0.0,2.0
D_disp_fail_reversal,158428,158429,1,-0.0,2.0
D_disp_fail_reversal,158496,158497,-1,0.0,-1.0
D_disp_fail_reversal,158500,158501,-1,0.0,-1.0
D_disp_fail_reversal,158576,158577,1,-0.0,-1.0
D_disp_fail_reversal,158615,158616,1,-0.0,2.0
D_disp_fail_reversal,158669,158670,1,-0.0,-1.0
D_disp_fail_reversal,158709,158710,-1,0.0,2.0
D_disp_fail_reversal,158780,158781,-1,0.0,2.0
D_disp_fail_reversal,158844,158845,1,-0.0,-1.0
D_disp_fail_reversal,158847,158848,1,-0.0,-1.0
D_disp_fail_reversal,158893,158894,1,-0.0,-1.0
D_disp_fail_reversal,158916,158917,1,-0.0,-1.0
D_disp_fail_reversal,158944,158945,-1,0.0,-1.0
D_disp_fail_reversal,159076,159077,-1,0.0,2.0
D_disp_fail_reversal,159111,159112,1,-0.0,2.0
D_disp_fail_reversal,159188,159189,-1,0.0,-1.0
D_disp_fail_reversal,159261,159262,1,-0.0,-1.0
D_disp_fail_reversal,159330,159331,-1,0.0,2.0
D_disp_fail_reversal,159355,159356,1,-0.0,2.0
D_disp_fail_reversal,159451,159452,1,-0.0,-1.0
D_disp_fail_reversal,159531,159532,1,-0.0,2.0
D_disp_fail_reversal,159540,159541,-1,0.0,-1.0
D_disp_fail_reversal,159555,159556,-1,0.0,-1.0
D_disp_fail_reversal,159558,159559,-1,0.0,-1.0
D_disp_fail_reversal,159563,159564,-1,0.0,-1.0
D_disp_fail_reversal,159578,159579,-1,0.0,-1.0
D_disp_fail_reversal,159653,159654,-1,0.0,-1.0
D_disp_fail_reversal,159673,159674,1,-0.0,-1.0
D_disp_fail_reversal,159744,159745,1,-0.0,-1.0
D_disp_fail_reversal,159983,159984,1,-0.0,2.0
D_disp_fail_reversal,159997,159998,-1,0.0,2.0
D_disp_fail_reversal,160061,160062,1,-0.0,-1.0
D_disp_fail_reversal,160068,160069,1,-0.0,-1.0
D_disp_fail_reversal,160086,160087,-1,0.0,2.0
D_disp_fail_reversal,160216,160217,1,-0.0,-1.0
D_disp_fail_reversal,160285,160286,1,-0.0,-1.0
D_disp_fail_reversal,160332,160333,1,-0.0,-1.0
D_disp_fail_reversal,160429,160430,-1,0.0,-1.0
D_disp_fail_reversal,160432,160433,-1,0.0,-1.0
D_disp_fail_reversal,160542,160543,1,-0.0,-1.0
D_disp_fail_reversal,160546,160547,1,-0.0,-1.0
D_disp_fail_reversal,160641,160642,-1,0.0,2.0
D_disp_fail_reversal,160710,160711,1,-0.0,-1.0
D_disp_fail_reversal,160737,160738,-1,0.0,-1.0
D_disp_fail_reversal,160780,160781,-1,0.0,2.0
D_disp_fail_reversal,160866,160867,-1,0.0,2.0
D_disp_fail_reversal,160911,160912,1,-0.0,-1.0
D_disp_fail_reversal,160937,160938,1,-0.0,-1.0
D_disp_fail_reversal,160945,160946,1,-0.0,-1.0
D_disp_fail_reversal,160948,160949,1,-0.0,2.0
D_disp_fail_reversal,161030,161031,1,-0.0,-1.0
D_disp_fail_reversal,161055,161056,-1,0.0,-1.0
D_disp_fail_reversal,161144,161145,1,-0.0,-1.0
D_disp_fail_reversal,161216,161217,-1,0.0,-1.0
D_disp_fail_reversal,161263,161264,-1,0.0,2.0
D_disp_fail_reversal,161350,161351,-1,0.0,2.0
D_disp_fail_reversal,161519,161520,1,-0.0,2.0
D_disp_fail_reversal,161561,161562,1,-0.0,2.0
D_disp_fail_reversal,161648,161649,1,-0.0,2.0
D_disp_fail_reversal,161687,161688,1,-0.0,-1.0
D_disp_fail_reversal,161828,161829,1,-0.0,-1.0
D_disp_fail_reversal,161925,161926,-1,0.0,-1.0
D_disp_fail_reversal,161997,161998,1,-0.0,-1.0
D_disp_fail_reversal,162035,162036,1,-0.0,0.17718081753380077
D_disp_fail_reversal,162139,162140,-1,0.0,-1.0
D_disp_fail_reversal,162199,162200,1,-0.0,-1.0
D_disp_fail_reversal,162278,162279,1,-0.0,-1.0
D_disp_fail_reversal,162325,162326,1,-0.0,-1.0
D_disp_fail_reversal,162362,162363,-1,0.0,2.0
D_disp_fail_reversal,162437,162438,-1,0.0,-1.0
D_disp_fail_reversal,162453,162454,-1,0.0,-1.0
D_disp_fail_reversal,162550,162551,1,-0.0,2.0
D_disp_fail_reversal,162586,162587,-1,0.0,-1.0
D_disp_fail_reversal,162625,162626,1,-0.0,-1.0
D_disp_fail_reversal,162686,162687,-1,0.0,-1.0
D_disp_fail_reversal,162716,162717,-1,0.0,-1.0
D_disp_fail_reversal,162747,162748,-1,0.0,2.0
D_disp_fail_reversal,162855,162856,-1,0.0,-1.0
D_disp_fail_reversal,162869,162870,-1,0.0,-1.0
D_disp_fail_reversal,162899,162900,-1,0.0,-1.0
D_disp_fail_reversal,163195,163196,1,-0.0,2.0
D_disp_fail_reversal,163322,163323,-1,0.0,-1.0
D_disp_fail_reversal,163412,163413,1,-0.0,-1.0
D_disp_fail_reversal,163561,163562,1,-0.0,-1.0
D_disp_fail_reversal,163568,163569,1,-0.0,-1.0
D_disp_fail_reversal,163579,163580,1,-0.0,-1.0
D_disp_fail_reversal,163596,163597,-1,0.0,-1.0
D_disp_fail_reversal,163758,163759,1,-0.0,2.0
D_disp_fail_reversal,163798,163799,1,-0.0,2.0
D_disp_fail_reversal,163868,163869,-1,0.0,2.0
D_disp_fail_reversal,164121,164122,1,-0.0,-1.0
D_disp_fail_reversal,164129,164130,1,-0.0,-1.0
D_disp_fail_reversal,164190,164191,-1,0.0,2.0
D_disp_fail_reversal,164238,164239,-1,0.0,2.0
D_disp_fail_reversal,164427,164428,-1,0.0,-1.0
D_disp_fail_reversal,164707,164708,1,-0.0,-1.0
D_disp_fail_reversal,164766,164767,1,-0.0,-1.0
D_disp_fail_reversal,164853,164854,-1,0.0,2.0
D_disp_fail_reversal,164896,164897,-1,0.0,2.0
D_disp_fail_reversal,164946,164947,1,-0.0,-1.0
D_disp_fail_reversal,164969,164970,-1,0.0,-1.0
D_disp_fail_reversal,164973,164974,1,-0.0,-1.0
D_disp_fail_reversal,164991,164992,1,-0.0,-1.0
D_disp_fail_reversal,165021,165022,1,-0.0,2.0
D_disp_fail_reversal,165053,165054,-1,0.0,-1.0
D_disp_fail_reversal,165108,165109,-1,0.0,-1.0
D_disp_fail_reversal,165132,165133,-1,0.0,2.0
D_disp_fail_reversal,165171,165172,-1,0.0,2.0
D_disp_fail_reversal,165203,165204,1,-0.0,-1.0
D_disp_fail_reversal,165428,165429,1,-0.0,-1.0
D_disp_fail_reversal,165483,165484,1,-0.0,-1.0
D_disp_fail_reversal,165543,165544,1,-0.0,-1.0
D_disp_fail_reversal,165596,165597,1,-0.0,-1.0
D_disp_fail_reversal,165644,165645,1,-0.0,2.0
D_disp_fail_reversal,165693,165694,-1,0.0,-1.0
D_disp_fail_reversal,165739,165740,-1,0.0,2.0
D_disp_fail_reversal,165754,165755,1,-0.0,-1.0
D_disp_fail_reversal,165781,165782,1,-0.0,2.0
D_disp_fail_reversal,165879,165880,1,-0.0,-1.0
D_disp_fail_reversal,165920,165921,1,-0.0,-1.0
D_disp_fail_reversal,165922,165923,1,-0.0,2.0
D_disp_fail_reversal,166034,166035,1,-0.0,-1.0
D_disp_fail_reversal,166041,166042,1,-0.0,-1.0
D_disp_fail_reversal,166043,166044,1,-0.0,2.0
D_disp_fail_reversal,166070,166071,-1,0.0,-1.0
D_disp_fail_reversal,166101,166102,-1,0.0,2.0
D_disp_fail_reversal,166108,166109,1,-0.0,-1.0
D_disp_fail_reversal,166151,166152,1,-0.0,2.0
D_disp_fail_reversal,166171,166172,-1,0.0,2.0
D_disp_fail_reversal,166200,166201,1,-0.0,2.0
D_disp_fail_reversal,166308,166309,1,-0.0,-1.0
D_disp_fail_reversal,166332,166333,-1,0.0,2.0
D_disp_fail_reversal,166352,166353,1,-0.0,-1.0
D_disp_fail_reversal,166383,166384,1,-0.0,-1.0
D_disp_fail_reversal,166398,166399,1,-0.0,2.0
D_disp_fail_reversal,166471,166472,-1,0.0,-1.0
D_disp_fail_reversal,166522,166523,-1,0.0,2.0
D_disp_fail_reversal,166566,166567,-1,0.0,2.0
D_disp_fail_reversal,166585,166586,1,-0.0,-1.0
D_disp_fail_reversal,166611,166612,-1,0.0,2.0
D_disp_fail_reversal,166705,166706,-1,0.0,-1.0
D_disp_fail_reversal,166751,166752,1,-0.0,-1.0
D_disp_fail_reversal,166756,166757,1,-0.0,-1.0
D_disp_fail_reversal,166853,166854,1,-0.0,2.0
D_disp_fail_reversal,166889,166890,1,-0.0,-0.14896487628945446
D_disp_fail_reversal,167069,167070,1,-0.0,-1.0
D_disp_fail_reversal,167119,167120,1,-0.0,-1.0
D_disp_fail_reversal,167144,167145,1,-0.0,2.0
D_disp_fail_reversal,167208,167209,-1,0.0,-1.0
D_disp_fail_reversal,167285,167286,1,-0.0,2.0
D_disp_fail_reversal,167351,167352,1,-0.0,-1.0
D_disp_fail_reversal,167396,167397,-1,0.0,-1.0
D_disp_fail_reversal,167419,167420,-1,0.0,2.0
D_disp_fail_reversal,167436,167437,1,-0.0,-1.0
D_disp_fail_reversal,167441,167442,1,-0.0,0.3744182037579816
D_disp_fail_reversal,167598,167599,1,-0.0,2.0
D_disp_fail_reversal,167661,167662,-1,0.0,2.0
D_disp_fail_reversal,167712,167713,1,-0.0,-1.0
D_disp_fail_reversal,167732,167733,1,-0.0,-0.10315728009569
D_disp_fail_reversal,167965,167966,-1,0.0,-1.0
D_disp_fail_reversal,168034,168035,1,-0.0,1.772813574940971
D_disp_fail_reversal,168151,168152,-1,0.0,-1.0
D_disp_fail_reversal,168176,168177,1,-0.0,-1.0
D_disp_fail_reversal,168192,168193,-1,0.0,-1.0
D_disp_fail_reversal,168221,168222,-1,0.0,-1.0
D_disp_fail_reversal,168268,168269,1,-0.0,-1.0
D_disp_fail_reversal,168278,168279,1,-0.0,2.0
D_disp_fail_reversal,168337,168338,1,-0.0,2.0
D_disp_fail_reversal,168449,168450,-1,0.0,-1.0
D_disp_fail_reversal,168451,168452,-1,0.0,2.0
D_disp_fail_reversal,168509,168510,-1,0.0,-1.0
D_disp_fail_reversal,168584,168585,-1,0.0,-1.0
D_disp_fail_reversal,168644,168645,-1,0.0,-1.0
D_disp_fail_reversal,168795,168796,1,-0.0,2.0
D_disp_fail_reversal,168822,168823,-1,0.0,-1.0
D_disp_fail_reversal,168911,168912,-1,0.0,2.0
D_disp_fail_reversal,168916,168917,1,-0.0,0.1925163724384065
D_disp_fail_reversal,169028,169029,1,-0.0,-1.0
D_disp_fail_reversal,169049,169050,1,-0.0,-0.7170319926225288
D_disp_fail_reversal,169166,169167,1,-0.0,-1.0
D_disp_fail_reversal,169174,169175,1,-0.0,-1.0
D_disp_fail_reversal,169307,169308,-1,0.0,2.0
D_disp_fail_reversal,169328,169329,1,-0.0,2.0
D_disp_fail_reversal,169338,169339,-1,0.0,-1.0
D_disp_fail_reversal,169342,169343,-1,0.0,-1.0
D_disp_fail_reversal,169426,169427,1,-0.0,2.0
D_disp_fail_reversal,169491,169492,1,-0.0,-1.0
D_disp_fail_reversal,169512,169513,1,-0.0,2.0
D_disp_fail_reversal,169629,169630,1,-0.0,-1.0
D_disp_fail_reversal,169704,169705,-1,0.0,-1.0
D_disp_fail_reversal,169712,169713,-1,0.0,2.0
D_disp_fail_reversal,169767,169768,1,-0.0,-1.0
D_disp_fail_reversal,169825,169826,1,-0.0,-1.0
D_disp_fail_reversal,169857,169858,-1,0.0,-1.0
D_disp_fail_reversal,169872,169873,-1,0.0,-1.0
D_disp_fail_reversal,169980,169981,-1,0.0,-1.0
D_disp_fail_reversal,170040,170041,1,-0.0,-1.0
D_disp_fail_reversal,170067,170068,-1,0.0,2.0
D_disp_fail_reversal,170069,170070,1,-0.0,2.0
D_disp_fail_reversal,170088,170089,-1,0.0,-1.0
D_disp_fail_reversal,170132,170133,-1,0.0,-1.0
D_disp_fail_reversal,170274,170275,-1,0.0,-1.0
D_disp_fail_reversal,170345,170346,-1,0.0,2.0
D_disp_fail_reversal,170371,170372,1,-0.0,1.1152352256528693
D_disp_fail_reversal,170510,170511,1,-0.0,2.0
D_disp_fail_reversal,170620,170621,1,-0.0,-1.0
D_disp_fail_reversal,170667,170668,1,-0.0,-1.0
D_disp_fail_reversal,170805,170806,1,-0.0,2.0
D_disp_fail_reversal,170830,170831,-1,0.0,-1.0
D_disp_fail_reversal,170897,170898,1,-0.0,-1.0
D_disp_fail_reversal,170920,170921,-1,0.0,-1.0
D_disp_fail_reversal,170987,170988,-1,0.0,-1.0
D_disp_fail_reversal,171062,171063,-1,0.0,2.0
D_disp_fail_reversal,171080,171081,1,-0.0,-1.0
D_disp_fail_reversal,171102,171103,1,-0.0,-1.0
D_disp_fail_reversal,171265,171266,1,-0.0,2.0
D_disp_fail_reversal,171380,171381,1,-0.0,-1.0
D_disp_fail_reversal,171410,171411,-1,0.0,-1.0
D_disp_fail_reversal,171517,171518,-1,0.0,2.0
D_disp_fail_reversal,171560,171561,1,-0.0,-1.0
D_disp_fail_reversal,171563,171564,1,-0.0,2.0
D_disp_fail_reversal,171589,171590,-1,0.0,-1.0
D_disp_fail_reversal,171611,171612,1,-0.0,2.0
D_disp_fail_reversal,171647,171648,-1,0.0,-1.0
D_disp_fail_reversal,171665,171666,-1,0.0,-1.0
D_disp_fail_reversal,171667,171668,-1,0.0,-1.0
D_disp_fail_reversal,171724,171725,1,-0.0,2.0
D_disp_fail_reversal,171842,171843,1,-0.0,-0.050323645826484235
D_disp_fail_reversal,171994,171995,1,-0.0,2.0
D_disp_fail_reversal,172091,172092,1,-0.0,2.0
D_disp_fail_reversal,172187,172188,1,-0.0,-1.0
D_disp_fail_reversal,172458,172459,1,-0.0,-1.0
D_disp_fail_reversal,172481,172482,1,-0.0,2.0
D_disp_fail_reversal,172529,172530,-1,0.0,-1.0
D_disp_fail_reversal,172549,172550,-1,0.0,2.0
D_disp_fail_reversal,172556,172557,1,-0.0,-1.0
D_disp_fail_reversal,172897,172898,1,-0.0,-1.0
D_disp_fail_reversal,172993,172994,-1,0.0,-1.0
D_disp_fail_reversal,173057,173058,-1,0.0,0.43621641787611415
D_disp_fail_reversal,173187,173188,1,-0.0,-1.0
D_disp_fail_reversal,173189,173190,1,-0.0,-1.0
D_disp_fail_reversal,173192,173193,1,-0.0,-1.0
D_disp_fail_reversal,173218,173219,1,-0.0,2.0
D_disp_fail_reversal,173352,173353,-1,0.0,-1.0
D_disp_fail_reversal,173383,173384,-1,0.0,-1.0
D_disp_fail_reversal,173407,173408,1,-0.0,-1.0
D_disp_fail_reversal,173421,173422,1,-0.0,-1.0
D_disp_fail_reversal,173469,173470,1,-0.0,-1.0
D_disp_fail_reversal,173495,173496,1,-0.0,2.0
D_disp_fail_reversal,173521,173522,1,-0.0,-1.0
D_disp_fail_reversal,173565,173566,-1,0.0,2.0
D_disp_fail_reversal,173743,173744,1,-0.0,-1.0
D_disp_fail_reversal,173749,173750,1,-0.0,-1.0
D_disp_fail_reversal,173759,173760,1,-0.0,2.0
D_disp_fail_reversal,173810,173811,-1,0.0,-1.0
D_disp_fail_reversal,173850,173851,1,-0.0,2.0
D_disp_fail_reversal,173905,173906,1,-0.0,-1.0
D_disp_fail_reversal,173908,173909,1,-0.0,2.0
D_disp_fail_reversal,173928,173929,-1,0.0,-1.0
D_disp_fail_reversal,173935,173936,-1,0.0,-1.0
D_disp_fail_reversal,174000,174001,-1,0.0,-1.0
D_disp_fail_reversal,174027,174028,-1,0.0,-1.0
D_disp_fail_reversal,174090,174091,-1,0.0,2.0
D_disp_fail_reversal,174232,174233,-1,0.0,-1.0
D_disp_fail_reversal,174331,174332,-1,0.0,-0.1584802591581129
D_disp_fail_reversal,174446,174447,-1,0.0,-1.0
D_disp_fail_reversal,174472,174473,1,-0.0,-1.0
D_disp_fail_reversal,174565,174566,1,-0.0,-1.0
D_disp_fail_reversal,174575,174576,1,-0.0,-1.0
D_disp_fail_reversal,174613,174614,1,-0.0,-1.0
D_disp_fail_reversal,174723,174724,1,-0.0,-1.0
D_disp_fail_reversal,174756,174757,1,-0.0,2.0
D_disp_fail_reversal,174841,174842,-1,0.0,-1.0
D_disp_fail_reversal,174864,174865,1,-0.0,-1.0
D_disp_fail_reversal,174936,174937,1,-0.0,-1.0
D_disp_fail_reversal,175107,175108,-1,0.0,-1.0
D_disp_fail_reversal,175122,175123,1,-0.0,-1.0
D_disp_fail_reversal,175305,175306,-1,0.0,-1.0
D_disp_fail_reversal,175311,175312,-1,0.0,2.0
D_disp_fail_reversal,175350,175351,-1,0.0,-1.0
D_disp_fail_reversal,175377,175378,-1,0.0,-1.0
D_disp_fail_reversal,175390,175391,-1,0.0,-1.0
D_disp_fail_reversal,175483,175484,1,-0.0,-1.0
D_disp_fail_reversal,175585,175586,1,-0.0,-1.0
D_disp_fail_reversal,175589,175590,1,-0.0,-1.0
D_disp_fail_reversal,175601,175602,1,-0.0,-1.0
D_disp_fail_reversal,176015,176016,1,-0.0,2.0
D_disp_fail_reversal,176081,176082,-1,0.0,-1.0
D_disp_fail_reversal,176433,176434,-1,0.0,2.0
D_disp_fail_reversal,176550,176551,1,-0.0,-1.0
D_disp_fail_reversal,176649,176650,-1,0.0,-1.0
D_disp_fail_reversal,176654,176655,1,-0.0,-1.0
D_disp_fail_reversal,176741,176742,-1,0.0,-1.0
D_disp_fail_reversal,176746,176747,-1,0.0,-1.0
D_disp_fail_reversal,176758,176759,-1,0.0,2.0
D_disp_fail_reversal,176855,176856,1,-0.0,-1.0
D_disp_fail_reversal,176857,176858,1,-0.0,-1.0
D_disp_fail_reversal,176862,176863,1,-0.0,-1.0
D_disp_fail_reversal,176894,176895,-1,0.0,-1.0
D_disp_fail_reversal,177048,177049,1,-0.0,2.0
D_disp_fail_reversal,177134,177135,-1,0.0,2.0
D_disp_fail_reversal,177150,177151,1,-0.0,-1.0
D_disp_fail_reversal,177232,177233,-1,0.0,-1.0
D_disp_fail_reversal,177271,177272,-1,0.0,2.0
D_disp_fail_reversal,177289,177290,1,-0.0,-1.0
D_disp_fail_reversal,177342,177343,-1,0.0,-1.0
D_disp_fail_reversal,177414,177415,1,-0.0,-1.0
D_disp_fail_reversal,177584,177585,-1,0.0,-1.0
D_disp_fail_reversal,177737,177738,1,-0.0,2.0
D_disp_fail_reversal,177749,177750,-1,0.0,2.0
D_disp_fail_reversal,177943,177944,1,-0.0,-1.0
D_disp_fail_reversal,178049,178050,1,-0.0,-1.0
D_disp_fail_reversal,178051,178052,1,-0.0,2.0
D_disp_fail_reversal,178130,178131,1,-0.0,-1.0
D_disp_fail_reversal,178173,178174,1,-0.0,-1.0
D_disp_fail_reversal,178265,178266,-1,0.0,2.0
D_disp_fail_reversal,178298,178299,1,-0.0,-1.0
D_disp_fail_reversal,178367,178368,-1,0.0,-1.0
D_disp_fail_reversal,178381,178382,-1,0.0,-1.0
D_disp_fail_reversal,178502,178503,1,-0.0,2.0
D_disp_fail_reversal,178563,178564,-1,0.0,-1.0
D_disp_fail_reversal,178589,178590,-1,0.0,-1.0
D_disp_fail_reversal,178682,178683,1,-0.0,-1.0
D_disp_fail_reversal,178685,178686,1,-0.0,-1.0
D_disp_fail_reversal,178743,178744,-1,0.0,-1.0
D_disp_fail_reversal,178751,178752,-1,0.0,-1.0
D_disp_fail_reversal,178768,178769,-1,0.0,-1.0
D_disp_fail_reversal,178776,178777,-1,0.0,2.0
D_disp_fail_reversal,178843,178844,1,-0.0,2.0
D_disp_fail_reversal,178861,178862,-1,0.0,-1.0
D_disp_fail_reversal,178895,178896,-1,0.0,2.0
D_disp_fail_reversal,178938,178939,1,-0.0,-1.0
D_disp_fail_reversal,178955,178956,1,-0.0,-1.0
D_disp_fail_reversal,179028,179029,1,-0.0,-1.0
D_disp_fail_reversal,179051,179052,-1,0.0,0.41611584177276006
D_disp_fail_reversal,179202,179203,1,-0.0,2.0
D_disp_fail_reversal,179238,179239,-1,0.0,-1.0
D_disp_fail_reversal,179404,179405,1,-0.0,-1.0
D_disp_fail_reversal,179422,179423,1,-0.0,2.0
D_disp_fail_reversal,179486,179487,-1,0.0,-1.0
D_disp_fail_reversal,179507,179508,-1,0.0,-1.0
D_disp_fail_reversal,179509,179510,-1,0.0,2.0
D_disp_fail_reversal,179580,179581,1,-0.0,2.0
D_disp_fail_reversal,179601,179602,1,-0.0,2.0
D_disp_fail_reversal,179607,179608,-1,0.0,-1.0
D_disp_fail_reversal,179692,179693,1,-0.0,2.0
D_disp_fail_reversal,179712,179713,-1,0.0,-1.0
D_disp_fail_reversal,179881,179882,-1,0.0,-1.0
D_disp_fail_reversal,179965,179966,-1,0.0,-1.0
D_disp_fail_reversal,180030,180031,-1,0.0,-1.0
D_disp_fail_reversal,180145,180146,1,-0.0,-1.0
D_disp_fail_reversal,180299,180300,1,-0.0,-1.0
D_disp_fail_reversal,180322,180323,1,-0.0,-1.0
D_disp_fail_reversal,180486,180487,1,-0.0,-1.0
D_disp_fail_reversal,180523,180524,1,-0.0,2.0
D_disp_fail_reversal,180629,180630,1,-0.0,2.0
D_disp_fail_reversal,180691,180692,1,-0.0,2.0
D_disp_fail_reversal,180723,180724,1,-0.0,-1.0
D_disp_fail_reversal,180776,180777,1,-0.0,-1.0
D_disp_fail_reversal,180835,180836,-1,0.0,2.0
D_disp_fail_reversal,180874,180875,-1,0.0,2.0
D_disp_fail_reversal,180882,180883,1,-0.0,2.0
D_disp_fail_reversal,180950,180951,1,-0.0,-1.0
D_disp_fail_reversal,181037,181038,1,-0.0,2.0
D_disp_fail_reversal,181189,181190,1,-0.0,-1.0
D_disp_fail_reversal,181264,181265,1,-0.0,2.0
D_disp_fail_reversal,181308,181309,-1,0.0,2.0
D_disp_fail_reversal,181337,181338,-1,0.0,-1.0
D_disp_fail_reversal,181497,181498,1,-0.0,-1.0
D_disp_fail_reversal,181509,181510,1,-0.0,-1.0
D_disp_fail_reversal,181563,181564,1,-0.0,-1.0
D_disp_fail_reversal,181617,181618,-1,0.0,2.0
D_disp_fail_reversal,181659,181660,1,-0.0,2.0
D_disp_fail_reversal,181773,181774,1,-0.0,-1.0
D_disp_fail_reversal,181777,181778,1,-0.0,2.0
D_disp_fail_reversal,181794,181795,-1,0.0,-1.0
D_disp_fail_reversal,181833,181834,1,-0.0,-1.0
D_disp_fail_reversal,181862,181863,-1,0.0,2.0
D_disp_fail_reversal,181900,181901,1,-0.0,2.0
D_disp_fail_reversal,182022,182023,1,-0.0,2.0
D_disp_fail_reversal,182060,182061,-1,0.0,2.0
D_disp_fail_reversal,182076,182077,-1,0.0,-1.0
D_disp_fail_reversal,182142,182143,-1,0.0,-1.0
D_disp_fail_reversal,182144,182145,-1,0.0,-1.0
D_disp_fail_reversal,182186,182187,-1,0.0,2.0
D_disp_fail_reversal,182228,182229,1,-0.0,-1.0
D_disp_fail_reversal,182252,182253,1,-0.0,2.0
D_disp_fail_reversal,182258,182259,-1,0.0,-1.0
D_disp_fail_reversal,182397,182398,1,-0.0,-1.0
D_disp_fail_reversal,182444,182445,1,-0.0,-1.0
D_disp_fail_reversal,182483,182484,-1,0.0,2.0
D_disp_fail_reversal,182626,182627,-1,0.0,2.0
D_disp_fail_reversal,182667,182668,-1,0.0,2.0
D_disp_fail_reversal,182689,182690,-1,0.0,-1.0
D_disp_fail_reversal,182710,182711,-1,0.0,-1.0
D_disp_fail_reversal,182764,182765,-1,0.0,-1.0
D_disp_fail_reversal,182779,182780,-1,0.0,2.0
D_disp_fail_reversal,182801,182802,-1,0.0,2.0
D_disp_fail_reversal,182958,182959,1,-0.0,-1.0
D_disp_fail_reversal,182965,182966,1,-0.0,2.0
D_disp_fail_reversal,182988,182989,1,-0.0,2.0
D_disp_fail_reversal,182991,182992,1,-0.0,1.415151221744941
D_disp_fail_reversal,183126,183127,1,-0.0,2.0
D_disp_fail_reversal,183244,183245,-1,0.0,2.0
D_disp_fail_reversal,183415,183416,1,-0.0,2.0
D_disp_fail_reversal,183480,183481,1,-0.0,-1.0
D_disp_fail_reversal,183525,183526,1,-0.0,-1.0
D_disp_fail_reversal,183532,183533,1,-0.0,-1.0
D_disp_fail_reversal,183541,183542,-1,0.0,-1.0
D_disp_fail_reversal,183608,183609,1,-0.0,2.0
D_disp_fail_reversal,183623,183624,1,-0.0,-1.0
D_disp_fail_reversal,183702,183703,-1,0.0,2.0
D_disp_fail_reversal,183795,183796,1,-0.0,2.0
D_disp_fail_reversal,183806,183807,-1,0.0,2.0
D_disp_fail_reversal,183951,183952,1,-0.0,-1.0
D_disp_fail_reversal,183954,183955,1,-0.0,2.0
D_disp_fail_reversal,184138,184139,1,-0.0,2.0
D_disp_fail_reversal,184257,184258,-1,0.0,-1.0
D_disp_fail_reversal,184259,184260,-1,0.0,2.0
D_disp_fail_reversal,184367,184368,1,-0.0,2.0
D_disp_fail_reversal,184446,184447,-1,0.0,-1.0
D_disp_fail_reversal,184454,184455,-1,0.0,-1.0
D_disp_fail_reversal,184530,184531,1,-0.0,-1.0
D_disp_fail_reversal,184532,184533,1,-0.0,2.0
D_disp_fail_reversal,184562,184563,-1,0.0,-1.0
D_disp_fail_reversal,184578,184579,-1,0.0,0.35253218229587574
D_disp_fail_reversal,184775,184776,-1,0.0,2.0
D_disp_fail_reversal,184899,184900,1,-0.0,-1.0
D_disp_fail_reversal,184922,184923,1,-0.0,2.0
D_disp_fail_reversal,184968,184969,-1,0.0,-1.0
D_disp_fail_reversal,185008,185009,-1,0.0,-1.0
D_disp_fail_reversal,185015,185016,-1,0.0,2.0
D_disp_fail_reversal,185060,185061,-1,0.0,-1.0
D_disp_fail_reversal,185082,185083,-1,0.0,-1.0
D_disp_fail_reversal,185106,185107,1,-0.0,-1.0
D_disp_fail_reversal,185114,185115,-1,0.0,-1.0
D_disp_fail_reversal,185201,185202,-1,0.0,-1.0
D_disp_fail_reversal,185242,185243,-1,0.0,2.0
D_disp_fail_reversal,185335,185336,-1,0.0,2.0
D_disp_fail_reversal,185378,185379,1,-0.0,-1.0
D_disp_fail_reversal,185427,185428,-1,0.0,-1.0
D_disp_fail_reversal,185452,185453,1,-0.0,2.0
D_disp_fail_reversal,185551,185552,1,-0.0,-1.0
D_disp_fail_reversal,185611,185612,1,-0.0,-1.0
D_disp_fail_reversal,185613,185614,1,-0.0,2.0
D_disp_fail_reversal,185694,185695,-1,0.0,2.0
D_disp_fail_reversal,185739,185740,1,-0.0,2.0
D_disp_fail_reversal,185749,185750,-1,0.0,-1.0
D_disp_fail_reversal,185799,185800,1,-0.0,-1.0
D_disp_fail_reversal,185819,185820,1,-0.0,2.0
D_disp_fail_reversal,185847,185848,1,-0.0,2.0
D_disp_fail_reversal,185882,185883,-1,0.0,-1.0
D_disp_fail_reversal,185886,185887,-1,0.0,2.0
D_disp_fail_reversal,185892,185893,1,-0.0,-1.0
D_disp_fail_reversal,185935,185936,-1,0.0,-1.0
D_disp_fail_reversal,186071,186072,1,-0.0,-1.0
D_disp_fail_reversal,186155,186156,-1,0.0,-1.0
D_disp_fail_reversal,186237,186238,-1,0.0,2.0
D_disp_fail_reversal,186273,186274,-1,0.0,2.0
D_disp_fail_reversal,186357,186358,-1,0.0,-1.0
D_disp_fail_reversal,186451,186452,1,-0.0,2.0
D_disp_fail_reversal,186474,186475,-1,0.0,-1.0
D_disp_fail_reversal,186518,186519,-1,0.0,-1.0
D_disp_fail_reversal,186541,186542,-1,0.0,-1.0
D_disp_fail_reversal,186583,186584,-1,0.0,-1.0
D_disp_fail_reversal,186650,186651,-1,0.0,2.0
D_disp_fail_reversal,186747,186748,1,-0.0,2.0
D_disp_fail_reversal,186817,186818,-1,0.0,-1.0
D_disp_fail_reversal,186885,186886,1,-0.0,2.0
D_disp_fail_reversal,186935,186936,1,-0.0,-1.0
D_disp_fail_reversal,186999,187000,1,-0.0,2.0
D_disp_fail_reversal,187116,187117,-1,0.0,2.0
D_disp_fail_reversal,187188,187189,1,-0.0,-1.0
D_disp_fail_reversal,187205,187206,1,-0.0,2.0
D_disp_fail_reversal,187251,187252,1,-0.0,-1.0
D_disp_fail_reversal,187263,187264,-1,0.0,-1.0
D_disp_fail_reversal,187275,187276,-1,0.0,-1.0
D_disp_fail_reversal,187298,187299,1,-0.0,-1.0
D_disp_fail_reversal,187302,187303,1,-0.0,2.0
D_disp_fail_reversal,187393,187394,1,-0.0,2.0
D_disp_fail_reversal,187463,187464,-1,0.0,2.0
D_disp_fail_reversal,187553,187554,1,-0.0,-1.0
D_disp_fail_reversal,187579,187580,-1,0.0,-1.0
D_disp_fail_reversal,187642,187643,-1,0.0,-1.0
D_disp_fail_reversal,187667,187668,-1,0.0,2.0
D_disp_fail_reversal,187850,187851,-1,0.0,-1.0
D_disp_fail_reversal,187865,187866,-1,0.0,-1.0
D_disp_fail_reversal,187870,187871,-1,0.0,-1.0
D_disp_fail_reversal,187919,187920,1,-0.0,-1.0
D_disp_fail_reversal,187925,187926,1,-0.0,2.0
D_disp_fail_reversal,188079,188080,-1,0.0,-1.0
D_disp_fail_reversal,188131,188132,-1,0.0,-1.0
D_disp_fail_reversal,188133,188134,-1,0.0,2.0
D_disp_fail_reversal,188143,188144,1,-0.0,-1.0
D_disp_fail_reversal,188146,188147,1,-0.0,-1.0
D_disp_fail_reversal,188213,188214,1,-0.0,2.0
D_disp_fail_reversal,188254,188255,1,-0.0,-1.0
D_disp_fail_reversal,188312,188313,1,-0.0,2.0
D_disp_fail_reversal,188361,188362,-1,0.0,2.0
D_disp_fail_reversal,188407,188408,1,-0.0,-1.0
D_disp_fail_reversal,188472,188473,1,-0.0,2.0
D_disp_fail_reversal,188587,188588,1,-0.0,2.0
D_disp_fail_reversal,188677,188678,1,-0.0,-1.0
D_disp_fail_reversal,188713,188714,-1,0.0,-1.0
D_disp_fail_reversal,188727,188728,-1,0.0,2.0
D_disp_fail_reversal,188752,188753,1,-0.0,2.0
D_disp_fail_reversal,188845,188846,1,-0.0,-1.0
D_disp_fail_reversal,188876,188877,-1,0.0,2.0
D_disp_fail_reversal,188884,188885,1,-0.0,2.0
D_disp_fail_reversal,188912,188913,-1,0.0,-1.0
D_disp_fail_reversal,188918,188919,-1,0.0,2.0
D_disp_fail_reversal,188969,188970,1,-0.0,-1.0
D_disp_fail_reversal,189097,189098,1,-0.0,2.0
D_disp_fail_reversal,189190,189191,1,-0.0,2.0
D_disp_fail_reversal,189210,189211,1,-0.0,-1.0
D_disp_fail_reversal,189248,189249,1,-0.0,2.0
D_disp_fail_reversal,189343,189344,-1,0.0,2.0
D_disp_fail_reversal,189361,189362,1,-0.0,2.0
D_disp_fail_reversal,189433,189434,-1,0.0,2.0
D_disp_fail_reversal,189446,189447,1,-0.0,-1.0
D_disp_fail_reversal,189506,189507,1,-0.0,-1.0
D_disp_fail_reversal,189572,189573,1,-0.0,2.0
D_disp_fail_reversal,189617,189618,-1,0.0,2.0
D_disp_fail_reversal,189676,189677,1,-0.0,2.0
D_disp_fail_reversal,189772,189773,-1,0.0,2.0
D_disp_fail_reversal,189790,189791,1,-0.0,0.2474307782941937
D_disp_fail_reversal,189906,189907,1,-0.0,-1.0
D_disp_fail_reversal,189924,189925,1,-0.0,2.0
D_disp_fail_reversal,189952,189953,-1,0.0,-1.0
D_disp_fail_reversal,189958,189959,-1,0.0,0.6691726120441114
D_disp_fail_reversal,190208,190209,-1,0.0,-1.0
D_disp_fail_reversal,190231,190232,-1,0.0,0.40533471846774166
D_disp_fail_reversal,190389,190390,-1,0.0,-1.0
D_disp_fail_reversal,190480,190481,-1,0.0,-1.0
D_disp_fail_reversal,190522,190523,1,-0.0,-1.0
D_disp_fail_reversal,190577,190578,1,-0.0,-1.0
D_disp_fail_reversal,190597,190598,1,-0.0,2.0
D_disp_fail_reversal,190724,190725,1,-0.0,2.0
D_disp_fail_reversal,190743,190744,-1,0.0,-1.0
D_disp_fail_reversal,190771,190772,-1,0.0,-1.0
D_disp_fail_reversal,190787,190788,-1,0.0,2.0
D_disp_fail_reversal,190839,190840,1,-0.0,2.0
D_disp_fail_reversal,190919,190920,-1,0.0,-1.0
D_disp_fail_reversal,190961,190962,-1,0.0,-1.0
D_disp_fail_reversal,190968,190969,-1,0.0,0.299125482011335
D_disp_fail_reversal,191151,191152,1,-0.0,2.0
D_disp_fail_reversal,191216,191217,1,-0.0,-1.0
D_disp_fail_reversal,191219,191220,1,-0.0,2.0
D_disp_fail_reversal,191322,191323,-1,0.0,2.0
D_disp_fail_reversal,191380,191381,1,-0.0,2.0
D_disp_fail_reversal,191420,191421,-1,0.0,-1.0
D_disp_fail_reversal,191471,191472,-1,0.0,2.0
D_disp_fail_reversal,191492,191493,1,-0.0,-0.2155734182476518
D_disp_fail_reversal,191617,191618,1,-0.0,-1.0
D_disp_fail_reversal,191696,191697,1,-0.0,-1.0
D_disp_fail_reversal,191846,191847,1,-0.0,-1.0
D_disp_fail_reversal,191854,191855,1,-0.0,-1.0
D_disp_fail_reversal,191905,191906,-1,0.0,2.0
D_disp_fail_reversal,191973,191974,1,-0.0,2.0
D_disp_fail_reversal,191980,191981,-1,0.0,-1.0
D_disp_fail_reversal,192102,192103,-1,0.0,2.0
D_disp_fail_reversal,192229,192230,-1,0.0,2.0
D_disp_fail_reversal,192250,192251,1,-0.0,-1.0
D_disp_fail_reversal,192256,192257,-1,0.0,-1.0
D_disp_fail_reversal,192324,192325,-1,0.0,-1.0
D_disp_fail_reversal,192412,192413,-1,0.0,2.0
D_disp_fail_reversal,192502,192503,-1,0.0,2.0
D_disp_fail_reversal,192549,192550,1,-0.0,2.0
D_disp_fail_reversal,192624,192625,-1,0.0,-1.0
D_disp_fail_reversal,192668,192669,-1,0.0,-1.0
D_disp_fail_reversal,192694,192695,-1,0.0,-1.0
D_disp_fail_reversal,192746,192747,1,-0.0,-1.0
D_disp_fail_reversal,192762,192763,1,-0.0,-1.0
D_disp_fail_reversal,192793,192794,-1,0.0,-1.0
D_disp_fail_reversal,192809,192810,-1,0.0,2.0
D_disp_fail_reversal,192862,192863,1,-0.0,-1.0
D_disp_fail_reversal,192881,192882,1,-0.0,-1.0
D_disp_fail_reversal,192928,192929,1,-0.0,-1.0
D_disp_fail_reversal,192949,192950,1,-0.0,-1.0
D_disp_fail_reversal,192962,192963,1,-0.0,-1.0
D_disp_fail_reversal,193105,193106,1,-0.0,-1.0
D_disp_fail_reversal,193110,193111,1,-0.0,2.0
D_disp_fail_reversal,193159,193160,-1,0.0,2.0
D_disp_fail_reversal,193221,193222,-1,0.0,2.0
D_disp_fail_reversal,193250,193251,1,-0.0,2.0
D_disp_fail_reversal,193292,193293,1,-0.0,2.0
D_disp_fail_reversal,193339,193340,-1,0.0,2.0
D_disp_fail_reversal,193408,193409,-1,0.0,-1.0
D_disp_fail_reversal,193432,193433,1,-0.0,-1.0
D_disp_fail_reversal,193494,193495,1,-0.0,2.0
D_disp_fail_reversal,193529,193530,1,-0.0,-1.0
D_disp_fail_reversal,193592,193593,1,-0.0,2.0
D_disp_fail_reversal,193664,193665,-1,0.0,2.0
D_disp_fail_reversal,193709,193710,-1,0.0,-1.0
D_disp_fail_reversal,193773,193774,-1,0.0,-1.0
D_disp_fail_reversal,193797,193798,-1,0.0,-1.0
D_disp_fail_reversal,193860,193861,-1,0.0,-1.0
D_disp_fail_reversal,193866,193867,-1,0.0,2.0
D_disp_fail_reversal,193914,193915,-1,0.0,-1.0
D_disp_fail_reversal,193942,193943,-1,0.0,-1.0
D_disp_fail_reversal,194045,194046,1,-0.0,2.0
D_disp_fail_reversal,194052,194053,-1,0.0,-1.0
D_disp_fail_reversal,194057,194058,-1,0.0,2.0
D_disp_fail_reversal,194079,194080,1,-0.0,2.0
D_disp_fail_reversal,194081,194082,1,-0.0,-1.0
D_disp_fail_reversal,194213,194214,-1,0.0,-1.0
D_disp_fail_reversal,194240,194241,1,-0.0,-1.0
D_disp_fail_reversal,194288,194289,1,-0.0,-1.0
D_disp_fail_reversal,194419,194420,1,-0.0,-1.0
D_disp_fail_reversal,194515,194516,1,-0.0,2.0
D_disp_fail_reversal,194601,194602,1,-0.0,2.0
D_disp_fail_reversal,194608,194609,-1,0.0,-1.0
D_disp_fail_reversal,194693,194694,-1,0.0,2.0
D_disp_fail_reversal,194696,194697,-1,0.0,-1.0
D_disp_fail_reversal,194812,194813,1,-0.0,2.0
D_disp_fail_reversal,194905,194906,1,-0.0,2.0
D_disp_fail_reversal,194911,194912,-1,0.0,2.0
D_disp_fail_reversal,194970,194971,1,-0.0,2.0
D_disp_fail_reversal,194990,194991,-1,0.0,-1.0
D_disp_fail_reversal,195071,195072,1,-0.0,-1.0
D_disp_fail_reversal,195115,195116,-1,0.0,-1.0
D_disp_fail_reversal,195155,195156,1,-0.0,-1.0
D_disp_fail_reversal,195211,195212,1,-0.0,-1.0
D_disp_fail_reversal,195224,195225,1,-0.0,2.0
D_disp_fail_reversal,195253,195254,-1,0.0,2.0
D_disp_fail_reversal,195269,195270,1,-0.0,-1.0
D_disp_fail_reversal,195341,195342,-1,0.0,-1.0
D_disp_fail_reversal,195413,195414,-1,0.0,-1.0
D_disp_fail_reversal,195428,195429,1,-0.0,-1.0
D_disp_fail_reversal,195432,195433,1,-0.0,2.0
D_disp_fail_reversal,195447,195448,-1,0.0,2.0
D_disp_fail_reversal,195465,195466,1,-0.0,1.3791839317753618
D_disp_fail_reversal,195592,195593,-1,0.0,-1.0
D_disp_fail_reversal,195725,195726,1,-0.0,1.0188800354650487
D_disp_fail_reversal,195826,195827,-1,0.0,1.2444068571822913
D_disp_fail_reversal,195959,195960,-1,0.0,-1.0
D_disp_fail_reversal,196012,196013,-1,0.0,2.0
D_disp_fail_reversal,196080,196081,1,-0.0,2.0
D_disp_fail_reversal,196167,196168,-1,0.0,-1.0
D_disp_fail_reversal,196194,196195,-1,0.0,2.0
D_disp_fail_reversal,196388,196389,-1,0.0,-1.0
D_disp_fail_reversal,196491,196492,1,-0.0,2.0
D_disp_fail_reversal,196560,196561,-1,0.0,-1.0
D_disp_fail_reversal,196635,196636,-1,0.0,2.0
D_disp_fail_reversal,196653,196654,1,-0.0,-0.1016794064560149
D_disp_fail_reversal,196774,196775,-1,0.0,2.0
D_disp_fail_reversal,196808,196809,1,-0.0,-1.0
D_disp_fail_reversal,196878,196879,-1,0.0,-1.0
D_disp_fail_reversal,196921,196922,1,-0.0,2.0
D_disp_fail_reversal,196942,196943,-1,0.0,2.0
D_disp_fail_reversal,197089,197090,-1,0.0,2.0
D_disp_fail_reversal,197155,197156,-1,0.0,-1.0
D_disp_fail_reversal,197212,197213,1,-0.0,-1.0
D_disp_fail_reversal,197303,197304,1,-0.0,2.0
D_disp_fail_reversal,197410,197411,-1,0.0,-1.0
D_disp_fail_reversal,197455,197456,-1,0.0,-1.0
D_disp_fail_reversal,197521,197522,1,-0.0,-1.0
D_disp_fail_reversal,197635,197636,1,-0.0,-1.0
D_disp_fail_reversal,197638,197639,1,-0.0,-1.0
D_disp_fail_reversal,197667,197668,-1,0.0,-1.0
D_disp_fail_reversal,197697,197698,1,-0.0,2.0
D_disp_fail_reversal,197703,197704,-1,0.0,2.0
D_disp_fail_reversal,197816,197817,-1,0.0,-1.0
D_disp_fail_reversal,197865,197866,-1,0.0,2.0
D_disp_fail_reversal,197908,197909,1,-0.0,-1.0
D_disp_fail_reversal,197945,197946,1,-0.0,-1.0
D_disp_fail_reversal,198039,198040,1,-0.0,-1.0
D_disp_fail_reversal,198101,198102,1,-0.0,-1.0
D_disp_fail_reversal,198180,198181,-1,0.0,-1.0
D_disp_fail_reversal,198198,198199,-1,0.0,2.0
D_disp_fail_reversal,198219,198220,1,-0.0,-0.08666760860033013
D_disp_fail_reversal,198378,198379,-1,0.0,2.0
D_disp_fail_reversal,198395,198396,1,-0.0,-1.0
D_disp_fail_reversal,198443,198444,-1,0.0,2.0
D_disp_fail_reversal,198554,198555,-1,0.0,-1.0
D_disp_fail_reversal,198613,198614,1,-0.0,-1.0
D_disp_fail_reversal,198626,198627,-1,0.0,-1.0
D_disp_fail_reversal,198800,198801,-1,0.0,-1.0
D_disp_fail_reversal,198828,198829,-1,0.0,-1.0
D_disp_fail_reversal,198917,198918,-1,0.0,-1.0
D_disp_fail_reversal,198958,198959,1,-0.0,2.0
D_disp_fail_reversal,198992,198993,-1,0.0,-1.0
D_disp_fail_reversal,199014,199015,-1,0.0,2.0
D_disp_fail_reversal,199046,199047,-1,0.0,2.0
D_disp_fail_reversal,199074,199075,-1,0.0,-1.0
D_disp_fail_reversal,199081,199082,-1,0.0,-1.0
D_disp_fail_reversal,199101,199102,-1,0.0,2.0
D_disp_fail_reversal,199108,199109,-1,0.0,2.0
D_disp_fail_reversal,199118,199119,1,-0.0,2.0
D_disp_fail_reversal,199209,199210,-1,0.0,-1.0
D_disp_fail_reversal,199263,199264,1,-0.0,-1.0
D_disp_fail_reversal,199271,199272,1,-0.0,2.0
D_disp_fail_reversal,199293,199294,-1,0.0,0.2382503671000523
D_disp_fail_reversal,199425,199426,1,-0.0,2.0
D_disp_fail_reversal,199474,199475,-1,0.0,-1.0
D_disp_fail_reversal,199547,199548,-1,0.0,-1.0
D_disp_fail_reversal,199555,199556,-1,0.0,2.0
D_disp_fail_reversal,199569,199570,1,-0.0,-1.0
D_disp_fail_reversal,199632,199633,-1,0.0,-1.0
D_disp_fail_reversal,199659,199660,1,-0.0,0.47223338490138445
D_disp_fail_reversal,199824,199825,1,-0.0,2.0
D_disp_fail_reversal,199910,199911,-1,0.0,-1.0
D_disp_fail_reversal,199952,199953,-1,0.0,-1.0
D_disp_fail_reversal,199997,199998,-1,0.0,-1.0
D_disp_fail_reversal,200075,200076,-1,0.0,-1.0
D_disp_fail_reversal,200241,200242,-1,0.0,-1.0
D_disp_fail_reversal,200261,200262,1,-0.0,-1.0
D_disp_fail_reversal,200356,200357,-1,0.0,2.0
D_disp_fail_reversal,200386,200387,1,-0.0,2.0
D_disp_fail_reversal,200633,200634,1,-0.0,-1.0
D_disp_fail_reversal,200753,200754,-1,0.0,-1.0
D_disp_fail_reversal,200788,200789,-1,0.0,2.0
D_disp_fail_reversal,200836,200837,1,-0.0,-1.0
D_disp_fail_reversal,200930,200931,-1,0.0,-0.19865021729814794
D_disp_fail_reversal,201058,201059,-1,0.0,2.0
D_disp_fail_reversal,201142,201143,1,-0.0,-1.0
D_disp_fail_reversal,201246,201247,-1,0.0,-1.0
D_disp_fail_reversal,201300,201301,1,-0.0,0.3029082668056451
D_disp_fail_reversal,201424,201425,-1,0.0,2.0
D_disp_fail_reversal,201453,201454,-1,0.0,-1.0
D_disp_fail_reversal,201481,201482,-1,0.0,-1.0
D_disp_fail_reversal,201483,201484,-1,0.0,2.0
D_disp_fail_reversal,201547,201548,-1,0.0,2.0
D_disp_fail_reversal,201634,201635,1,-0.0,-1.0
D_disp_fail_reversal,201696,201697,1,-0.0,-1.0
D_disp_fail_reversal,201781,201782,-1,0.0,2.0
D_disp_fail_reversal,201808,201809,1,-0.0,-1.0
D_disp_fail_reversal,201815,201816,1,-0.0,-1.0
D_disp_fail_reversal,201893,201894,1,-0.0,2.0
D_disp_fail_reversal,201895,201896,1,-0.0,-1.0
D_disp_fail_reversal,201907,201908,1,-0.0,-1.0
D_disp_fail_reversal,201910,201911,1,-0.0,2.0
D_disp_fail_reversal,202000,202001,1,-0.0,2.0
D_disp_fail_reversal,202247,202248,-1,0.0,-1.0
D_disp_fail_reversal,202268,202269,1,-0.0,2.0
D_disp_fail_reversal,202296,202297,1,-0.0,-1.0
D_disp_fail_reversal,202340,202341,1,-0.0,2.0
D_disp_fail_reversal,202457,202458,1,-0.0,-1.0
D_disp_fail_reversal,202489,202490,1,-0.0,-1.0
D_disp_fail_reversal,202578,202579,1,-0.0,-1.0
D_disp_fail_reversal,202635,202636,-1,0.0,-1.0
D_disp_fail_reversal,202650,202651,1,-0.0,2.0
D_disp_fail_reversal,202672,202673,-1,0.0,-1.0
D_disp_fail_reversal,202748,202749,-1,0.0,-1.0
D_disp_fail_reversal,202899,202900,1,-0.0,2.0
D_disp_fail_reversal,202943,202944,-1,0.0,2.0
D_disp_fail_reversal,203033,203034,-1,0.0,2.0
D_disp_fail_reversal,203095,203096,1,-0.0,-1.0
D_disp_fail_reversal,203100,203101,1,-0.0,-1.0
D_disp_fail_reversal,203106,203107,1,-0.0,2.0
D_disp_fail_reversal,203185,203186,-1,0.0,-1.0
D_disp_fail_reversal,203314,203315,-1,0.0,-1.0
D_disp_fail_reversal,203341,203342,-1,0.0,2.0
D_disp_fail_reversal,203454,203455,-1,0.0,-1.0
D_disp_fail_reversal,203520,203521,-1,0.0,-1.0
D_disp_fail_reversal,203557,203558,-1,0.0,-1.0
D_disp_fail_reversal,203559,203560,-1,0.0,2.0
D_disp_fail_reversal,203636,203637,1,-0.0,2.0
D_disp_fail_reversal,203669,203670,-1,0.0,-1.0
D_disp_fail_reversal,203732,203733,-1,0.0,-1.0
D_disp_fail_reversal,203754,203755,-1,0.0,-1.0
D_disp_fail_reversal,203759,203760,-1,0.0,-1.0
D_disp_fail_reversal,204030,204031,1,-0.0,-1.0
D_disp_fail_reversal,204033,204034,1,-0.0,2.0
D_disp_fail_reversal,204178,204179,1,-0.0,-1.0
D_disp_fail_reversal,204188,204189,1,-0.0,2.0
D_disp_fail_reversal,204208,204209,1,-0.0,2.0
D_disp_fail_reversal,204232,204233,1,-0.0,2.0
D_disp_fail_reversal,204335,204336,1,-0.0,2.0
D_disp_fail_reversal,204510,204511,1,-0.0,2.0
D_disp_fail_reversal,204621,204622,-1,0.0,2.0
D_disp_fail_reversal,204734,204735,1,-0.0,-1.0
D_disp_fail_reversal,204830,204831,1,-0.0,-1.0
D_disp_fail_reversal,204883,204884,1,-0.0,-1.0
D_disp_fail_reversal,204886,204887,1,-0.0,2.0
D_disp_fail_reversal,204937,204938,1,-0.0,2.0
D_disp_fail_reversal,204959,204960,1,-0.0,-1.0
D_disp_fail_reversal,205024,205025,-1,0.0,2.0
D_disp_fail_reversal,205091,205092,1,-0.0,2.0
D_disp_fail_reversal,205149,205150,1,-0.0,2.0
D_disp_fail_reversal,205222,205223,1,-0.0,-1.0
D_disp_fail_reversal,205276,205277,1,-0.0,-1.0
D_disp_fail_reversal,205327,205328,-1,0.0,1.601083308293575
D_disp_fail_reversal,205478,205479,-1,0.0,2.0
D_disp_fail_reversal,205535,205536,1,-0.0,2.0
D_disp_fail_reversal,205627,205628,-1,0.0,-1.0
D_disp_fail_reversal,205749,205750,1,-0.0,-1.0
D_disp_fail_reversal,205752,205753,1,-0.0,2.0
D_disp_fail_reversal,205762,205763,-1,0.0,-1.0
D_disp_fail_reversal,205963,205964,-1,0.0,-1.0
D_disp_fail_reversal,205981,205982,-1,0.0,2.0
D_disp_fail_reversal,205988,205989,1,-0.0,-1.0
D_disp_fail_reversal,206134,206135,-1,0.0,2.0
D_disp_fail_reversal,206163,206164,1,-0.0,-1.0
D_disp_fail_reversal,206221,206222,1,-0.0,-1.0
D_disp_fail_reversal,206305,206306,-1,0.0,2.0
D_disp_fail_reversal,206328,206329,1,-0.0,2.0
D_disp_fail_reversal,206504,206505,-1,0.0,-1.0
D_disp_fail_reversal,206507,206508,-1,0.0,-1.0
D_disp_fail_reversal,206543,206544,1,-0.0,2.0
D_disp_fail_reversal,206575,206576,-1,0.0,-1.0
D_disp_fail_reversal,206672,206673,1,-0.0,-1.0
D_disp_fail_reversal,206762,206763,-1,0.0,2.0
D_disp_fail_reversal,206880,206881,-1,0.0,-1.0
D_disp_fail_reversal,206909,206910,-1,0.0,-1.0
D_disp_fail_reversal,207029,207030,1,-0.0,-1.0
D_disp_fail_reversal,207031,207032,1,-0.0,-1.0
D_disp_fail_reversal,207058,207059,-1,0.0,-1.0
D_disp_fail_reversal,207128,207129,1,-0.0,-1.0
D_disp_fail_reversal,207156,207157,-1,0.0,2.0
D_disp_fail_reversal,207246,207247,1,-0.0,-1.0
D_disp_fail_reversal,207260,207261,1,-0.0,-1.0
D_disp_fail_reversal,207277,207278,1,-0.0,-1.0
D_disp_fail_reversal,207309,207310,1,-0.0,-1.0
D_disp_fail_reversal,207337,207338,-1,0.0,2.0
D_disp_fail_reversal,207357,207358,1,-0.0,-1.0
D_disp_fail_reversal,207477,207478,1,-0.0,-1.0
D_disp_fail_reversal,207864,207865,1,-0.0,-1.0
D_disp_fail_reversal,207894,207895,1,-0.0,-1.0
D_disp_fail_reversal,207935,207936,1,-0.0,-1.0
D_disp_fail_reversal,207986,207987,1,-0.0,0.21299007700388023
D_disp_fail_reversal,208348,208349,1,-0.0,-1.0
D_disp_fail_reversal,208419,208420,1,-0.0,0.42884542876345266
D_disp_fail_reversal,208534,208535,1,-0.0,-1.0
D_disp_fail_reversal,208609,208610,-1,0.0,-1.0
D_disp_fail_reversal,208798,208799,1,-0.0,-1.0
D_disp_fail_reversal,208904,208905,-1,0.0,-1.0
D_disp_fail_reversal,208927,208928,1,-0.0,2.0
D_disp_fail_reversal,208993,208994,-1,0.0,-1.0
D_disp_fail_reversal,209039,209040,1,-0.0,-1.0
D_disp_fail_reversal,209061,209062,-1,0.0,-1.0
D_disp_fail_reversal,209273,209274,1,-0.0,-1.0
D_disp_fail_reversal,209363,209364,-1,0.0,-1.0
D_disp_fail_reversal,209368,209369,-1,0.0,-1.0
D_disp_fail_reversal,209408,209409,-1,0.0,-1.0
D_disp_fail_reversal,209430,209431,-1,0.0,-1.0
D_disp_fail_reversal,209451,209452,1,-0.0,-1.0
D_disp_fail_reversal,209506,209507,1,-0.0,-1.0
D_disp_fail_reversal,209517,209518,1,-0.0,-1.0
D_disp_fail_reversal,209542,209543,-1,0.0,2.0
D_disp_fail_reversal,209552,209553,1,-0.0,2.0
D_disp_fail_reversal,209632,209633,1,-0.0,-1.0
D_disp_fail_reversal,209700,209701,1,-0.0,-1.0
D_disp_fail_reversal,209732,209733,1,-0.0,-1.0
D_disp_fail_reversal,209794,209795,1,-0.0,-1.0
D_disp_fail_reversal,209851,209852,-1,0.0,2.0
D_disp_fail_reversal,209909,209910,-1,0.0,-1.0
D_disp_fail_reversal,209965,209966,-1,0.0,-1.0
D_disp_fail_reversal,209976,209977,-1,0.0,-1.0
D_disp_fail_reversal,210033,210034,1,-0.0,2.0
D_disp_fail_reversal,210078,210079,-1,0.0,-1.0
D_disp_fail_reversal,210156,210157,1,-0.0,-1.0
D_disp_fail_reversal,210305,210306,1,-0.0,-1.0
D_disp_fail_reversal,210339,210340,1,-0.0,-1.0
D_disp_fail_reversal,210358,210359,1,-0.0,-1.0
D_disp_fail_reversal,210396,210397,-1,0.0,-1.0
D_disp_fail_reversal,210398,210399,-1,0.0,-1.0
D_disp_fail_reversal,210441,210442,-1,0.0,-1.0
D_disp_fail_reversal,210448,210449,-1,0.0,2.0
D_disp_fail_reversal,210497,210498,1,-0.0,-1.0
D_disp_fail_reversal,210504,210505,1,-0.0,-1.0
D_disp_fail_reversal,210530,210531,1,-0.0,-1.0
D_disp_fail_reversal,210585,210586,-1,0.0,-1.0
D_disp_fail_reversal,210601,210602,-1,0.0,-1.0
D_disp_fail_reversal,210678,210679,-1,0.0,-1.0
D_disp_fail_reversal,210749,210750,1,-0.0,2.0
D_disp_fail_reversal,210789,210790,-1,0.0,2.0
D_disp_fail_reversal,210903,210904,1,-0.0,2.0
D_disp_fail_reversal,210990,210991,-1,0.0,-1.0
D_disp_fail_reversal,210999,211000,-1,0.0,-1.0
D_disp_fail_reversal,211067,211068,1,-0.0,-1.0
D_disp_fail_reversal,211070,211071,1,-0.0,-1.0
D_disp_fail_reversal,211092,211093,1,-0.0,-1.0
D_disp_fail_reversal,211158,211159,1,-0.0,-1.0
D_disp_fail_reversal,211185,211186,1,-0.0,-1.0
D_disp_fail_reversal,211353,211354,-1,0.0,2.0
D_disp_fail_reversal,211532,211533,1,-0.0,2.0
D_disp_fail_reversal,211598,211599,-1,0.0,-1.0
D_disp_fail_reversal,211711,211712,1,-0.0,-1.0
D_disp_fail_reversal,211738,211739,1,-0.0,-1.0
D_disp_fail_reversal,211876,211877,1,-0.0,-1.0
D_disp_fail_reversal,211891,211892,1,-0.0,2.0
D_disp_fail_reversal,212043,212044,-1,0.0,2.0
D_disp_fail_reversal,212058,212059,1,-0.0,-1.0
D_disp_fail_reversal,212101,212102,1,-0.0,2.0
D_disp_fail_reversal,212175,212176,-1,0.0,2.0
D_disp_fail_reversal,212191,212192,1,-0.0,-1.0
D_disp_fail_reversal,212194,212195,1,-0.0,-1.0
D_disp_fail_reversal,212197,212198,1,-0.0,-1.0
D_disp_fail_reversal,212288,212289,1,-0.0,1.2961065143824606
D_disp_fail_reversal,212386,212387,1,-0.0,-1.0
D_disp_fail_reversal,212411,212412,1,-0.0,-1.0
D_disp_fail_reversal,212413,212414,1,-0.0,2.0
D_disp_fail_reversal,212622,212623,-1,0.0,-1.0
D_disp_fail_reversal,212646,212647,-1,0.0,2.0
D_disp_fail_reversal,212778,212779,1,-0.0,-1.0
D_disp_fail_reversal,212817,212818,-1,0.0,-1.0
D_disp_fail_reversal,212828,212829,1,-0.0,-1.0
D_disp_fail_reversal,212919,212920,-1,0.0,2.0
D_disp_fail_reversal,212961,212962,1,-0.0,-1.0
D_disp_fail_reversal,213007,213008,-1,0.0,-1.0
D_disp_fail_reversal,213094,213095,1,-0.0,-1.0
D_disp_fail_reversal,213147,213148,1,-0.0,-1.0
D_disp_fail_reversal,213167,213168,1,-0.0,-1.0
D_disp_fail_reversal,213211,213212,1,-0.0,-1.0
D_disp_fail_reversal,213213,213214,1,-0.0,-1.0
D_disp_fail_reversal,213262,213263,-1,0.0,-1.0
D_disp_fail_reversal,213286,213287,-1,0.0,-1.0
D_disp_fail_reversal,213329,213330,1,-0.0,2.0
D_disp_fail_reversal,213423,213424,1,-0.0,2.0
D_disp_fail_reversal,213505,213506,-1,0.0,-1.0
D_disp_fail_reversal,213541,213542,1,-0.0,-1.0
D_disp_fail_reversal,213601,213602,-1,0.0,-1.0
D_disp_fail_reversal,213708,213709,-1,0.0,-1.0
D_disp_fail_reversal,213724,213725,-1,0.0,-1.0
D_disp_fail_reversal,213779,213780,-1,0.0,-1.0
D_disp_fail_reversal,213889,213890,1,-0.0,-1.0
D_disp_fail_reversal,213970,213971,-1,0.0,2.0
D_disp_fail_reversal,214025,214026,1,-0.0,2.0
D_disp_fail_reversal,214043,214044,-1,0.0,0.8578334846298319
D_disp_fail_reversal,214141,214142,-1,0.0,-1.0
D_disp_fail_reversal,214146,214147,-1,0.0,-1.0
D_disp_fail_reversal,214162,214163,-1,0.0,-1.0
D_disp_fail_reversal,214177,214178,-1,0.0,-1.0
D_disp_fail_reversal,214207,214208,1,-0.0,2.0
D_disp_fail_reversal,214300,214301,1,-0.0,2.0
D_disp_fail_reversal,214548,214549,-1,0.0,-1.0
D_disp_fail_reversal,214630,214631,1,-0.0,-1.0
D_disp_fail_reversal,214662,214663,1,-0.0,-1.0
D_disp_fail_reversal,214799,214800,1,-0.0,-1.0
D_disp_fail_reversal,214801,214802,1,-0.0,-1.0
D_disp_fail_reversal,214849,214850,1,-0.0,-1.0
D_disp_fail_reversal,214871,214872,1,-0.0,-1.0
D_disp_fail_reversal,214898,214899,1,-0.0,-1.0
D_disp_fail_reversal,214906,214907,1,-0.0,2.0
D_disp_fail_reversal,214969,214970,1,-0.0,2.0
D_disp_fail_reversal,215100,215101,1,-0.0,-1.0
D_disp_fail_reversal,215141,215142,1,-0.0,-1.0
D_disp_fail_reversal,215215,215216,-1,0.0,-1.0
D_disp_fail_reversal,215316,215317,1,-0.0,-1.0
D_disp_fail_reversal,215538,215539,1,-0.0,-1.0
D_disp_fail_reversal,215580,215581,1,-0.0,2.0
D_disp_fail_reversal,215617,215618,1,-0.0,2.0
D_disp_fail_reversal,215674,215675,-1,0.0,1.640234866148258
D_disp_fail_reversal,215793,215794,-1,0.0,-1.0
D_disp_fail_reversal,215859,215860,1,-0.0,2.0
D_disp_fail_reversal,215951,215952,1,-0.0,2.0
D_disp_fail_reversal,215953,215954,1,-0.0,-1.0
D_disp_fail_reversal,215993,215994,1,-0.0,2.0
D_disp_fail_reversal,216079,216080,-1,0.0,-1.0
D_disp_fail_reversal,216110,216111,1,-0.0,-1.0
D_disp_fail_reversal,216208,216209,-1,0.0,2.0
D_disp_fail_reversal,216251,216252,1,-0.0,2.0
D_disp_fail_reversal,216299,216300,1,-0.0,-1.0
D_disp_fail_reversal,216371,216372,-1,0.0,2.0
D_disp_fail_reversal,216384,216385,1,-0.0,-1.0
D_disp_fail_reversal,216388,216389,1,-0.0,2.0
D_disp_fail_reversal,216424,216425,1,-0.0,2.0
D_disp_fail_reversal,216505,216506,1,-0.0,0.2519505731147153
D_disp_fail_reversal,216623,216624,1,-0.0,-1.0
D_disp_fail_reversal,216645,216646,-1,0.0,2.0
D_disp_fail_reversal,216719,216720,1,-0.0,-1.0
D_disp_fail_reversal,216952,216953,-1,0.0,2.0
D_disp_fail_reversal,217033,217034,1,-0.0,2.0
D_disp_fail_reversal,217082,217083,1,-0.0,2.0
D_disp_fail_reversal,217084,217085,1,-0.0,2.0
D_disp_fail_reversal,217111,217112,1,-0.0,2.0
D_disp_fail_reversal,217125,217126,-1,0.0,2.0
D_disp_fail_reversal,217177,217178,1,-0.0,2.0
D_disp_fail_reversal,217208,217209,-1,0.0,-1.0
D_disp_fail_reversal,217225,217226,-1,0.0,2.0
D_disp_fail_reversal,217231,217232,1,-0.0,-1.0
D_disp_fail_reversal,217273,217274,1,-0.0,-1.0
D_disp_fail_reversal,217317,217318,1,-0.0,2.0
D_disp_fail_reversal,217361,217362,-1,0.0,-1.0
D_disp_fail_reversal,217406,217407,1,-0.0,-1.0
D_disp_fail_reversal,217442,217443,1,-0.0,2.0
D_disp_fail_reversal,217455,217456,-1,0.0,2.0
D_disp_fail_reversal,217542,217543,-1,0.0,2.0
D_disp_fail_reversal,217567,217568,1,-0.0,-1.0
D_disp_fail_reversal,217571,217572,1,-0.0,2.0
D_disp_fail_reversal,217651,217652,1,-0.0,-1.0
D_disp_fail_reversal,217711,217712,1,-0.0,-1.0
D_disp_fail_reversal,217719,217720,1,-0.0,-1.0
D_disp_fail_reversal,217722,217723,1,-0.0,2.0
D_disp_fail_reversal,217730,217731,-1,0.0,2.0
D_disp_fail_reversal,217747,217748,1,-0.0,2.0
D_disp_fail_reversal,217862,217863,1,-0.0,-1.0
D_disp_fail_reversal,217945,217946,1,-0.0,2.0
D_disp_fail_reversal,218003,218004,-1,0.0,-1.0
D_disp_fail_reversal,218006,218007,-1,0.0,2.0
D_disp_fail_reversal,218117,218118,1,-0.0,-1.0
D_disp_fail_reversal,218191,218192,-1,0.0,-1.0
D_disp_fail_reversal,218277,218278,1,-0.0,-1.0
D_disp_fail_reversal,218296,218297,1,-0.0,2.0
D_disp_fail_reversal,218331,218332,1,-0.0,-1.0
D_disp_fail_reversal,218399,218400,1,-0.0,2.0
D_disp_fail_reversal,218423,218424,-1,0.0,-1.0
D_disp_fail_reversal,218471,218472,1,-0.0,2.0
D_disp_fail_reversal,218558,218559,1,-0.0,2.0
D_disp_fail_reversal,218582,218583,-1,0.0,-0.21720272670110885
D_disp_fail_reversal,218730,218731,-1,0.0,-1.0
D_disp_fail_reversal,218826,218827,-1,0.0,2.0
D_disp_fail_reversal,218920,218921,-1,0.0,2.0
D_disp_fail_reversal,219019,219020,1,-0.0,2.0
D_disp_fail_reversal,219068,219069,-1,0.0,2.0
D_disp_fail_reversal,219092,219093,1,-0.0,-1.0
D_disp_fail_reversal,219100,219101,1,-0.0,-1.0
D_disp_fail_reversal,219159,219160,-1,0.0,-1.0
D_disp_fail_reversal,219223,219224,1,-0.0,2.0
D_disp_fail_reversal,219245,219246,-1,0.0,2.0
D_disp_fail_reversal,219315,219316,-1,0.0,-1.0
D_disp_fail_reversal,219335,219336,-1,0.0,-1.0
D_disp_fail_reversal,219339,219340,-1,0.0,2.0
D_disp_fail_reversal,219531,219532,-1,0.0,2.0
D_disp_fail_reversal,219659,219660,1,-0.0,2.0
D_disp_fail_reversal,219706,219707,-1,0.0,2.0
D_disp_fail_reversal,219712,219713,1,-0.0,-1.0
D_disp_fail_reversal,219744,219745,1,-0.0,2.0
D_disp_fail_reversal,219903,219904,-1,0.0,2.0
D_disp_fail_reversal,219933,219934,1,-0.0,-1.0
D_disp_fail_reversal,219983,219984,1,-0.0,-1.0
D_disp_fail_reversal,219990,219991,1,-0.0,-1.0
D_disp_fail_reversal,220057,220058,1,-0.0,-1.0
D_disp_fail_reversal,220243,220244,-1,0.0,-1.0
D_disp_fail_reversal,220253,220254,-1,0.0,-1.0
D_disp_fail_reversal,220305,220306,-1,0.0,2.0
D_disp_fail_reversal,220327,220328,1,-0.0,2.0
D_disp_fail_reversal,220347,220348,-1,0.0,-1.0
D_disp_fail_reversal,220483,220484,-1,0.0,-1.0
D_disp_fail_reversal,220510,220511,-1,0.0,-1.0
D_disp_fail_reversal,220577,220578,1,-0.0,-1.0
D_disp_fail_reversal,220629,220630,-1,0.0,-1.0
D_disp_fail_reversal,220786,220787,-1,0.0,2.0
D_disp_fail_reversal,220837,220838,1,-0.0,-1.0
D_disp_fail_reversal,220841,220842,1,-0.0,2.0
D_disp_fail_reversal,220878,220879,1,-0.0,-1.0
D_disp_fail_reversal,220904,220905,1,-0.0,2.0
D_disp_fail_reversal,221069,221070,1,-0.0,2.0
D_disp_fail_reversal,221071,221072,1,-0.0,2.0
D_disp_fail_reversal,221089,221090,-1,0.0,-1.0
D_disp_fail_reversal,221154,221155,1,-0.0,2.0
D_disp_fail_reversal,221241,221242,1,-0.0,-1.0
D_disp_fail_reversal,221344,221345,-1,0.0,2.0
D_disp_fail_reversal,221352,221353,1,-0.0,-1.0
D_disp_fail_reversal,221357,221358,1,-0.0,-1.0
D_disp_fail_reversal,221590,221591,-1,0.0,2.0
D_disp_fail_reversal,221706,221707,-1,0.0,2.0
D_disp_fail_reversal,221768,221769,-1,0.0,-1.0
D_disp_fail_reversal,221803,221804,-1,0.0,-1.0
D_disp_fail_reversal,221883,221884,1,-0.0,2.0
D_disp_fail_reversal,221920,221921,1,-0.0,2.0
D_disp_fail_reversal,221994,221995,1,-0.0,-1.0
D_disp_fail_reversal,222059,222060,1,-0.0,2.0
D_disp_fail_reversal,222126,222127,-1,0.0,-1.0
D_disp_fail_reversal,222131,222132,-1,0.0,-1.0
D_disp_fail_reversal,222166,222167,-1,0.0,-1.0
D_disp_fail_reversal,222306,222307,-1,0.0,2.0
D_disp_fail_reversal,222357,222358,1,-0.0,2.0
D_disp_fail_reversal,222565,222566,1,-0.0,0.9175008550191183
D_disp_fail_reversal,222680,222681,1,-0.0,-1.0
D_disp_fail_reversal,222709,222710,1,-0.0,-1.0
D_disp_fail_reversal,222792,222793,1,-0.0,2.0
D_disp_fail_reversal,222812,222813,-1,0.0,2.0
D_disp_fail_reversal,222847,222848,-1,0.0,-1.0
D_disp_fail_reversal,222853,222854,-1,0.0,2.0
D_disp_fail_reversal,222881,222882,1,-0.0,2.0
D_disp_fail_reversal,222891,222892,1,-0.0,2.0
D_disp_fail_reversal,222935,222936,1,-0.0,-1.0
D_disp_fail_reversal,222959,222960,1,-0.0,-1.0
D_disp_fail_reversal,222972,222973,1,-0.0,-1.0
D_disp_fail_reversal,222996,222997,-1,0.0,-1.0
D_disp_fail_reversal,223085,223086,-1,0.0,-1.0
D_disp_fail_reversal,223199,223200,1,-0.0,2.0
D_disp_fail_reversal,223248,223249,-1,0.0,-1.0
D_disp_fail_reversal,223339,223340,1,-0.0,2.0
D_disp_fail_reversal,223501,223502,-1,0.0,2.0
D_disp_fail_reversal,223519,223520,1,-0.0,2.0
D_disp_fail_reversal,223620,223621,-1,0.0,2.0
D_disp_fail_reversal,223707,223708,-1,0.0,-1.0
D_disp_fail_reversal,223846,223847,-1,0.0,-1.0
D_disp_fail_reversal,223878,223879,-1,0.0,2.0
D_disp_fail_reversal,223905,223906,1,-0.0,1.6235352598492778
D_disp_fail_reversal,224025,224026,-1,0.0,-1.0
D_disp_fail_reversal,224049,224050,1,-0.0,2.0
D_disp_fail_reversal,224113,224114,-1,0.0,-1.0
D_disp_fail_reversal,224120,224121,-1,0.0,-1.0
D_disp_fail_reversal,224273,224274,1,-0.0,-1.0
D_disp_fail_reversal,224455,224456,1,-0.0,2.0
D_disp_fail_reversal,224458,224459,1,-0.0,-1.0
D_disp_fail_reversal,224513,224514,1,-0.0,2.0
D_disp_fail_reversal,224543,224544,1,-0.0,-1.0
D_disp_fail_reversal,224562,224563,1,-0.0,-1.0
D_disp_fail_reversal,224615,224616,-1,0.0,2.0
D_disp_fail_reversal,224714,224715,-1,0.0,2.0
D_disp_fail_reversal,224729,224730,1,-0.0,1.4684514463634417
D_disp_fail_reversal,224852,224853,1,-0.0,-1.0
D_disp_fail_reversal,224867,224868,1,-0.0,1.1176584696984768
D_disp_fail_reversal,224973,224974,1,-0.0,-1.0
D_disp_fail_reversal,225005,225006,1,-0.0,-1.0
D_disp_fail_reversal,225014,225015,1,-0.0,-1.0
D_disp_fail_reversal,225169,225170,1,-0.0,2.0
D_disp_fail_reversal,225240,225241,-1,0.0,2.0
D_disp_fail_reversal,225261,225262,1,-0.0,2.0
D_disp_fail_reversal,225356,225357,1,-0.0,-1.0
D_disp_fail_reversal,225418,225419,1,-0.0,-1.0
D_disp_fail_reversal,225487,225488,-1,0.0,2.0
D_disp_fail_reversal,225507,225508,1,-0.0,-1.0
D_disp_fail_reversal,225551,225552,1,-0.0,-0.21318634739610168
D_disp_fail_reversal,225655,225656,1,-0.0,-1.0
D_disp_fail_reversal,225673,225674,1,-0.0,-1.0
D_disp_fail_reversal,225705,225706,1,-0.0,-1.0
D_disp_fail_reversal,225728,225729,1,-0.0,0.8680977983595501
D_disp_fail_reversal,225880,225881,-1,0.0,-1.0
D_disp_fail_reversal,225889,225890,-1,0.0,-1.0
D_disp_fail_reversal,225938,225939,1,-0.0,2.0
D_disp_fail_reversal,225972,225973,-1,0.0,-1.0
D_disp_fail_reversal,225977,225978,-1,0.0,0.9322722671812669
D_disp_fail_reversal,226182,226183,-1,0.0,2.0
D_disp_fail_reversal,226245,226246,1,-0.0,-1.0
D_disp_fail_reversal,226335,226336,-1,0.0,-1.0
D_disp_fail_reversal,226341,226342,-1,0.0,-1.0
D_disp_fail_reversal,226343,226344,-1,0.0,-1.0
D_disp_fail_reversal,226346,226347,-1,0.0,2.0
D_disp_fail_reversal,226366,226367,1,-0.0,2.0
D_disp_fail_reversal,226456,226457,-1,0.0,-1.0
D_disp_fail_reversal,226489,226490,1,-0.0,-1.0
D_disp_fail_reversal,226556,226557,1,-0.0,-0.3633585069020544
D_disp_fail_reversal,226802,226803,1,-0.0,-1.0
D_disp_fail_reversal,226915,226916,-1,0.0,-1.0
D_disp_fail_reversal,227066,227067,1,-0.0,-1.0
D_disp_fail_reversal,227129,227130,-1,0.0,-1.0
D_disp_fail_reversal,227219,227220,1,-0.0,-1.0
D_disp_fail_reversal,227223,227224,1,-0.0,2.0
D_disp_fail_reversal,227361,227362,-1,0.0,-1.0
D_disp_fail_reversal,227460,227461,1,-0.0,-1.0
D_disp_fail_reversal,227596,227597,1,-0.0,-1.0
D_disp_fail_reversal,227615,227616,1,-0.0,-1.0
D_disp_fail_reversal,227633,227634,1,-0.0,-1.0
D_disp_fail_reversal,227822,227823,1,-0.0,-1.0
D_disp_fail_reversal,227905,227906,-1,0.0,-1.0
D_disp_fail_reversal,227958,227959,1,-0.0,-1.0
D_disp_fail_reversal,228006,228007,1,-0.0,-1.0
D_disp_fail_reversal,228069,228070,-1,0.0,-1.0
D_disp_fail_reversal,228073,228074,-1,0.0,2.0
D_disp_fail_reversal,228082,228083,1,-0.0,2.0
D_disp_fail_reversal,228194,228195,-1,0.0,-1.0
D_disp_fail_reversal,228227,228228,-1,0.0,2.0
D_disp_fail_reversal,228277,228278,1,-0.0,-1.0
D_disp_fail_reversal,228417,228418,-1,0.0,2.0
D_disp_fail_reversal,228459,228460,1,-0.0,2.0
D_disp_fail_reversal,228603,228604,-1,0.0,2.0
D_disp_fail_reversal,228629,228630,1,-0.0,-1.0
D_disp_fail_reversal,228698,228699,-1,0.0,2.0
D_disp_fail_reversal,228790,228791,-1,0.0,-1.0
D_disp_fail_reversal,228815,228816,1,-0.0,2.0
D_disp_fail_reversal,228843,228844,-1,0.0,0.9269650072425105
D_disp_fail_reversal,229144,229145,-1,0.0,2.0
D_disp_fail_reversal,229270,229271,-1,0.0,-1.0
D_disp_fail_reversal,229285,229286,-1,0.0,2.0
D_disp_fail_reversal,229301,229302,1,-0.0,-1.0
D_disp_fail_reversal,229350,229351,-1,0.0,-1.0
D_disp_fail_reversal,229443,229444,-1,0.0,2.0
D_disp_fail_reversal,229479,229480,1,-0.0,2.0
D_disp_fail_reversal,229483,229484,-1,0.0,2.0
D_disp_fail_reversal,229560,229561,-1,0.0,-1.0
D_disp_fail_reversal,229582,229583,-1,0.0,2.0
D_disp_fail_reversal,229755,229756,1,-0.0,-1.0
D_disp_fail_reversal,229912,229913,-1,0.0,-1.0
D_disp_fail_reversal,230005,230006,1,-0.0,2.0
D_disp_fail_reversal,230174,230175,1,-0.0,-1.0
D_disp_fail_reversal,230262,230263,1,-0.0,2.0
D_disp_fail_reversal,230287,230288,-1,0.0,-1.0
D_disp_fail_reversal,230401,230402,1,-0.0,-1.0
D_disp_fail_reversal,230516,230517,1,-0.0,-1.0
D_disp_fail_reversal,230628,230629,-1,0.0,2.0
D_disp_fail_reversal,230647,230648,1,-0.0,-1.0
D_disp_fail_reversal,230718,230719,-1,0.0,-1.0
D_disp_fail_reversal,230724,230725,1,-0.0,2.0
D_disp_fail_reversal,230765,230766,-1,0.0,-1.0
D_disp_fail_reversal,230832,230833,-1,0.0,-1.0
D_disp_fail_reversal,230927,230928,-1,0.0,-1.0
D_disp_fail_reversal,230955,230956,1,-0.0,-1.0
D_disp_fail_reversal,231003,231004,1,-0.0,2.0
D_disp_fail_reversal,231026,231027,1,-0.0,-1.0
D_disp_fail_reversal,231091,231092,-1,0.0,-1.0
D_disp_fail_reversal,231109,231110,-1,0.0,-1.0
D_disp_fail_reversal,231184,231185,-1,0.0,2.0
D_disp_fail_reversal,231202,231203,1,-0.0,-1.0
D_disp_fail_reversal,231216,231217,1,-0.0,-1.0
D_disp_fail_reversal,231220,231221,1,-0.0,-1.0
D_disp_fail_reversal,231276,231277,-1,0.0,-1.0
D_disp_fail_reversal,231353,231354,1,-0.0,-1.0
D_disp_fail_reversal,231366,231367,-1,0.0,-1.0
D_disp_fail_reversal,231388,231389,1,-0.0,-1.0
D_disp_fail_reversal,231410,231411,1,-0.0,2.0
D_disp_fail_reversal,231502,231503,-1,0.0,2.0
D_disp_fail_reversal,231550,231551,1,-0.0,-1.0
D_disp_fail_reversal,231582,231583,1,-0.0,-1.0
D_disp_fail_reversal,231665,231666,1,-0.0,-1.0
D_disp_fail_reversal,231694,231695,1,-0.0,0.09690172680554637
D_disp_fail_reversal,231812,231813,-1,0.0,-1.0
D_disp_fail_reversal,231849,231850,-1,0.0,-1.0
D_disp_fail_reversal,231935,231936,1,-0.0,-1.0
D_disp_fail_reversal,231973,231974,1,-0.0,-1.0
D_disp_fail_reversal,232020,232021,-1,0.0,2.0
D_disp_fail_reversal,232054,232055,1,-0.0,2.0
D_disp_fail_reversal,232141,232142,1,-0.0,2.0
D_disp_fail_reversal,232329,232330,-1,0.0,-1.0
D_disp_fail_reversal,232334,232335,-1,0.0,2.0
D_disp_fail_reversal,232337,232338,-1,0.0,2.0
D_disp_fail_reversal,232402,232403,1,-0.0,2.0
D_disp_fail_reversal,232427,232428,1,-0.0,-0.3607315504268854
D_disp_fail_reversal,232588,232589,1,-0.0,-1.0
D_disp_fail_reversal,232607,232608,-1,0.0,-1.0
D_disp_fail_reversal,232616,232617,-1,0.0,-1.0
D_disp_fail_reversal,232650,232651,1,-0.0,-1.0
D_disp_fail_reversal,232653,232654,1,-0.0,-1.0
D_disp_fail_reversal,232677,232678,-1,0.0,-1.0
D_disp_fail_reversal,232734,232735,-1,0.0,-1.0
D_disp_fail_reversal,232792,232793,1,-0.0,2.0
D_disp_fail_reversal,232878,232879,1,-0.0,-1.0
D_disp_fail_reversal,232923,232924,-1,0.0,2.0
D_disp_fail_reversal,232933,232934,1,-0.0,2.0
D_disp_fail_reversal,232949,232950,-1,0.0,2.0
D_disp_fail_reversal,232977,232978,-1,0.0,-1.0
D_disp_fail_reversal,233000,233001,1,-0.0,2.0
D_disp_fail_reversal,233167,233168,1,-0.0,2.0
D_disp_fail_reversal,233205,233206,-1,0.0,-1.0
D_disp_fail_reversal,233365,233366,-1,0.0,-1.0
D_disp_fail_reversal,233437,233438,1,-0.0,-1.0
D_disp_fail_reversal,233440,233441,1,-0.0,-1.0
D_disp_fail_reversal,233482,233483,1,-0.0,2.0
D_disp_fail_reversal,233501,233502,-1,0.0,2.0
D_disp_fail_reversal,233574,233575,1,-0.0,-1.0
D_disp_fail_reversal,233576,233577,1,-0.0,-1.0
D_disp_fail_reversal,233580,233581,1,-0.0,-1.0
D_disp_fail_reversal,233595,233596,1,-0.0,2.0
D_disp_fail_reversal,233604,233605,-1,0.0,2.0
D_disp_fail_reversal,233618,233619,1,-0.0,2.0
D_disp_fail_reversal,233687,233688,1,-0.0,-1.0
D_disp_fail_reversal,233729,233730,-1,0.0,-1.0
D_disp_fail_reversal,233771,233772,1,-0.0,-1.0
D_disp_fail_reversal,233822,233823,1,-0.0,2.0
D_disp_fail_reversal,233833,233834,-1,0.0,-1.0
D_disp_fail_reversal,233883,233884,-1,0.0,-1.0
D_disp_fail_reversal,233926,233927,1,-0.0,-1.0
D_disp_fail_reversal,234152,234153,-1,0.0,-1.0
D_disp_fail_reversal,234202,234203,-1,0.0,2.0
D_disp_fail_reversal,234231,234232,1,-0.0,2.0
D_disp_fail_reversal,234252,234253,1,-0.0,-0.18508096738409535
D_disp_fail_reversal,234404,234405,1,-0.0,-1.0
D_disp_fail_reversal,234428,234429,1,-0.0,-1.0
D_disp_fail_reversal,234433,234434,-1,0.0,-1.0
D_disp_fail_reversal,234517,234518,1,-0.0,-1.0
D_disp_fail_reversal,234522,234523,1,-0.0,-1.0
D_disp_fail_reversal,234524,234525,1,-0.0,-1.0
D_disp_fail_reversal,234534,234535,1,-0.0,-1.0
D_disp_fail_reversal,234582,234583,1,-0.0,-1.0
D_disp_fail_reversal,234664,234665,1,-0.0,-1.0
D_disp_fail_reversal,234744,234745,-1,0.0,2.0
D_disp_fail_reversal,234940,234941,-1,0.0,-1.0
D_disp_fail_reversal,235047,235048,1,-0.0,2.0
D_disp_fail_reversal,235110,235111,-1,0.0,-1.0
D_disp_fail_reversal,235168,235169,1,-0.0,2.0
D_disp_fail_reversal,235319,235320,1,-0.0,2.0
D_disp_fail_reversal,235349,235350,-1,0.0,2.0
D_disp_fail_reversal,235360,235361,1,-0.0,-1.0
D_disp_fail_reversal,235402,235403,-1,0.0,2.0
D_disp_fail_reversal,235481,235482,-1,0.0,2.0
D_disp_fail_reversal,235508,235509,-1,0.0,2.0
D_disp_fail_reversal,235518,235519,1,-0.0,-1.0
D_disp_fail_reversal,235622,235623,1,-0.0,-1.0
D_disp_fail_reversal,235630,235631,1,-0.0,1.0432623743846579
D_disp_fail_reversal,235764,235765,1,-0.0,2.0
D_disp_fail_reversal,235859,235860,-1,0.0,2.0
D_disp_fail_reversal,235881,235882,1,-0.0,2.0
D_disp_fail_reversal,235947,235948,1,-0.0,2.0
D_disp_fail_reversal,236071,236072,-1,0.0,2.0
D_disp_fail_reversal,236120,236121,-1,0.0,-1.0
D_disp_fail_reversal,236140,236141,-1,0.0,-1.0
D_disp_fail_reversal,236236,236237,-1,0.0,-1.0
D_disp_fail_reversal,236249,236250,-1,0.0,-1.0
D_disp_fail_reversal,236304,236305,-1,0.0,-1.0
D_disp_fail_reversal,236389,236390,1,-0.0,-1.0
D_disp_fail_reversal,236396,236397,1,-0.0,-1.0
D_disp_fail_reversal,236415,236416,1,-0.0,2.0
D_disp_fail_reversal,236445,236446,1,-0.0,1.540081215220323
D_disp_fail_reversal,236615,236616,-1,0.0,-1.0
D_disp_fail_reversal,236755,236756,-1,0.0,2.0
D_disp_fail_reversal,236849,236850,-1,0.0,2.0
D_disp_fail_reversal,237039,237040,1,-0.0,2.0
D_disp_fail_reversal,237067,237068,1,-0.0,-1.0
D_disp_fail_reversal,237131,237132,1,-0.0,-1.0
D_disp_fail_reversal,237153,237154,-1,0.0,2.0
D_disp_fail_reversal,237177,237178,-1,0.0,-1.0
D_disp_fail_reversal,237215,237216,-1,0.0,2.0
D_disp_fail_reversal,237333,237334,-1,0.0,-1.0
D_disp_fail_reversal,237339,237340,-1,0.0,2.0
D_disp_fail_reversal,237365,237366,1,-0.0,-1.0
D_disp_fail_reversal,237405,237406,-1,0.0,2.0
D_disp_fail_reversal,237409,237410,1,-0.0,-1.0
D_disp_fail_reversal,237428,237429,1,-0.0,2.0
D_disp_fail_reversal,237540,237541,1,-0.0,-1.0
D_disp_fail_reversal,237707,237708,-1,0.0,2.0
D_disp_fail_reversal,237777,237778,1,-0.0,-1.0
D_disp_fail_reversal,237816,237817,-1,0.0,-1.0
D_disp_fail_reversal,237866,237867,1,-0.0,-1.0
D_disp_fail_reversal,237888,237889,1,-0.0,-1.0
D_disp_fail_reversal,237910,237911,1,-0.0,2.0
D_disp_fail_reversal,237989,237990,1,-0.0,2.0
D_disp_fail_reversal,238010,238011,1,-0.0,-1.0
D_disp_fail_reversal,238076,238077,-1,0.0,-1.0
D_disp_fail_reversal,238181,238182,1,-0.0,-1.0
D_disp_fail_reversal,238322,238323,-1,0.0,-1.0
D_disp_fail_reversal,238371,238372,1,-0.0,-1.0
D_disp_fail_reversal,238377,238378,1,-0.0,2.0
D_disp_fail_reversal,238461,238462,-1,0.0,-1.0
D_disp_fail_reversal,238511,238512,1,-0.0,2.0
D_disp_fail_reversal,238531,238532,-1,0.0,-1.0
D_disp_fail_reversal,238555,238556,1,-0.0,-1.0
D_disp_fail_reversal,238603,238604,-1,0.0,-1.0
D_disp_fail_reversal,238619,238620,-1,0.0,-1.0
D_disp_fail_reversal,238623,238624,-1,0.0,-1.0
D_disp_fail_reversal,238625,238626,-1,0.0,-1.0
D_disp_fail_reversal,238694,238695,-1,0.0,2.0
D_disp_fail_reversal,238713,238714,1,-0.0,-1.0
D_disp_fail_reversal,238788,238789,1,-0.0,2.0
D_disp_fail_reversal,238811,238812,-1,0.0,-1.0
D_disp_fail_reversal,238880,238881,-1,0.0,-1.0
D_disp_fail_reversal,238906,238907,1,-0.0,-1.0
D_disp_fail_reversal,238969,238970,1,-0.0,-1.0
D_disp_fail_reversal,239017,239018,-1,0.0,2.0
D_disp_fail_reversal,239022,239023,1,-0.0,-1.0
D_disp_fail_reversal,239041,239042,1,-0.0,2.0
D_disp_fail_reversal,239044,239045,1,-0.0,-0.16886139175841902
D_disp_fail_reversal,239195,239196,-1,0.0,-1.0
D_disp_fail_reversal,239289,239290,-1,0.0,-1.0
D_disp_fail_reversal,239293,239294,-1,0.0,2.0
D_disp_fail_reversal,239378,239379,1,-0.0,-1.0
D_disp_fail_reversal,239431,239432,1,-0.0,-1.0
D_disp_fail_reversal,239475,239476,1,-0.0,-1.0
D_disp_fail_reversal,239477,239478,1,-0.0,2.0
D_disp_fail_reversal,239613,239614,-1,0.0,2.0
D_disp_fail_reversal,239744,239745,1,-0.0,-1.0
D_disp_fail_reversal,239753,239754,1,-0.0,0.3515896939191777
D_disp_fail_reversal,239889,239890,-1,0.0,-1.0
D_disp_fail_reversal,239891,239892,-1,0.0,-1.0
D_disp_fail_reversal,239926,239927,-1,0.0,2.0
D_disp_fail_reversal,239935,239936,1,-0.0,-1.0
D_disp_fail_reversal,239942,239943,1,-0.0,2.0
D_disp_fail_reversal,240285,240286,-1,0.0,2.0
D_disp_fail_reversal,240515,240516,1,-0.0,-1.0
D_disp_fail_reversal,240561,240562,-1,0.0,-1.0
D_disp_fail_reversal,240609,240610,1,-0.0,-1.0
D_disp_fail_reversal,240612,240613,1,-0.0,2.0
D_disp_fail_reversal,240637,240638,1,-0.0,-1.0
D_disp_fail_reversal,240652,240653,1,-0.0,-1.0
D_disp_fail_reversal,240655,240656,1,-0.0,-0.092649602720857
D_disp_fail_reversal,240806,240807,1,-0.0,-1.0
D_disp_fail_reversal,240814,240815,1,-0.0,-1.0
D_disp_fail_reversal,240905,240906,-1,0.0,-1.0
D_disp_fail_reversal,240907,240908,-1,0.0,-1.0
D_disp_fail_reversal,240983,240984,1,-0.0,2.0
D_disp_fail_reversal,241072,241073,-1,0.0,2.0
D_disp_fail_reversal,241074,241075,-1,0.0,2.0
D_disp_fail_reversal,241095,241096,1,-0.0,2.0
D_disp_fail_reversal,241114,241115,-1,0.0,-1.0
D_disp_fail_reversal,241160,241161,1,-0.0,2.0
D_disp_fail_reversal,241182,241183,-1,0.0,2.0
D_disp_fail_reversal,241205,241206,1,-0.0,-1.0
D_disp_fail_reversal,241230,241231,-1,0.0,1.4207978904881193
D_disp_fail_reversal,241366,241367,-1,0.0,-1.0
D_disp_fail_reversal,241473,241474,1,-0.0,2.0
D_disp_fail_reversal,241488,241489,-1,0.0,2.0
D_disp_fail_reversal,241553,241554,1,-0.0,-1.0
D_disp_fail_reversal,241570,241571,1,-0.0,-1.0
D_disp_fail_reversal,241576,241577,1,-0.0,-1.0
D_disp_fail_reversal,241737,241738,1,-0.0,-1.0
D_disp_fail_reversal,241801,241802,1,-0.0,-1.0
D_disp_fail_reversal,241849,241850,1,-0.0,2.0
D_disp_fail_reversal,241943,241944,-1,0.0,-1.0
D_disp_fail_reversal,242007,242008,1,-0.0,-1.0
D_disp_fail_reversal,242038,242039,1,-0.0,-1.0
D_disp_fail_reversal,242041,242042,1,-0.0,-1.0
D_disp_fail_reversal,242105,242106,1,-0.0,-1.0
D_disp_fail_reversal,242123,242124,-1,0.0,-1.0
D_disp_fail_reversal,242192,242193,1,-0.0,-1.0
D_disp_fail_reversal,242221,242222,1,-0.0,2.0
D_disp_fail_reversal,242261,242262,1,-0.0,2.0
D_disp_fail_reversal,242290,242291,1,-0.0,2.0
D_disp_fail_reversal,242309,242310,-1,0.0,-1.0
D_disp_fail_reversal,242361,242362,-1,0.0,2.0
D_disp_fail_reversal,242407,242408,-1,0.0,-1.0
D_disp_fail_reversal,242410,242411,-1,0.0,-1.0
D_disp_fail_reversal,242490,242491,-1,0.0,2.0
D_disp_fail_reversal,242495,242496,1,-0.0,2.0
D_disp_fail_reversal,242502,242503,-1,0.0,-1.0
D_disp_fail_reversal,242580,242581,-1,0.0,-1.0
D_disp_fail_reversal,242588,242589,1,-0.0,2.0
D_disp_fail_reversal,242774,242775,1,-0.0,-1.0
D_disp_fail_reversal,242861,242862,-1,0.0,-1.0
D_disp_fail_reversal,242866,242867,-1,0.0,-1.0
D_disp_fail_reversal,242998,242999,1,-0.0,2.0
D_disp_fail_reversal,243049,243050,-1,0.0,-1.0
D_disp_fail_reversal,243118,243119,1,-0.0,-1.0
D_disp_fail_reversal,243169,243170,-1,0.0,-1.0
D_disp_fail_reversal,243179,243180,-1,0.0,-1.0
D_disp_fail_reversal,243185,243186,-1,0.0,-1.0
D_disp_fail_reversal,243245,243246,1,-0.0,1.140998630269737
D_disp_fail_reversal,243371,243372,1,-0.0,-1.0
D_disp_fail_reversal,243396,243397,1,-0.0,-1.0
D_disp_fail_reversal,243477,243478,1,-0.0,-1.0
D_disp_fail_reversal,243480,243481,1,-0.0,-1.0
D_disp_fail_reversal,243559,243560,-1,0.0,-1.0
D_disp_fail_reversal,243590,243591,1,-0.0,2.0
D_disp_fail_reversal,243598,243599,-1,0.0,-1.0
D_disp_fail_reversal,243602,243603,-1,0.0,2.0
D_disp_fail_reversal,243764,243765,1,-0.0,-1.0
D_disp_fail_reversal,243766,243767,1,-0.0,2.0
D_disp_fail_reversal,243829,243830,1,-0.0,-1.0
D_disp_fail_reversal,243919,243920,1,-0.0,-1.0
D_disp_fail_reversal,244109,244110,-1,0.0,2.0
D_disp_fail_reversal,244134,244135,-1,0.0,2.0
D_disp_fail_reversal,244152,244153,1,-0.0,2.0
D_disp_fail_reversal,244193,244194,-1,0.0,-1.0
D_disp_fail_reversal,244245,244246,-1,0.0,-1.0
D_disp_fail_reversal,244262,244263,-1,0.0,2.0
D_disp_fail_reversal,244327,244328,-1,0.0,-1.0
D_disp_fail_reversal,244336,244337,-1,0.0,2.0
D_disp_fail_reversal,244342,244343,1,-0.0,2.0
D_disp_fail_reversal,244432,244433,-1,0.0,-0.25937052665811827
D_disp_fail_reversal,244562,244563,1,-0.0,-1.0
D_disp_fail_reversal,244594,244595,1,-0.0,-1.0
D_disp_fail_reversal,244610,244611,-1,0.0,-1.0
D_disp_fail_reversal,244618,244619,-1,0.0,-1.0
D_disp_fail_reversal,244634,244635,-1,0.0,-1.0
D_disp_fail_reversal,244703,244704,-1,0.0,-1.0
D_disp_fail_reversal,244793,244794,-1,0.0,2.0
D_disp_fail_reversal,244862,244863,-1,0.0,-1.0
D_disp_fail_reversal,244940,244941,1,-0.0,-1.0
D_disp_fail_reversal,244956,244957,-1,0.0,2.0
D_disp_fail_reversal,244978,244979,1,-0.0,-1.0
D_disp_fail_reversal,245056,245057,-1,0.0,-1.0
D_disp_fail_reversal,245123,245124,-1,0.0,2.0
D_disp_fail_reversal,245224,245225,1,-0.0,-1.0
D_disp_fail_reversal,245236,245237,1,-0.0,-1.0
D_disp_fail_reversal,245252,245253,1,-0.0,-1.0
D_disp_fail_reversal,245333,245334,1,-0.0,-1.0
D_disp_fail_reversal,245342,245343,1,-0.0,-1.0
D_disp_fail_reversal,245490,245491,-1,0.0,-1.0
D_disp_fail_reversal,245585,245586,1,-0.0,-1.0
D_disp_fail_reversal,245651,245652,-1,0.0,-1.0
D_disp_fail_reversal,245688,245689,-1,0.0,2.0
D_disp_fail_reversal,245835,245836,1,-0.0,-1.0
D_disp_fail_reversal,245871,245872,1,-0.0,-1.0
D_disp_fail_reversal,245901,245902,-1,0.0,-1.0
D_disp_fail_reversal,245927,245928,-1,0.0,2.0
D_disp_fail_reversal,245941,245942,1,-0.0,2.0
D_disp_fail_reversal,246035,246036,1,-0.0,-1.0
D_disp_fail_reversal,246143,246144,1,-0.0,0.3848625440473648
D_disp_fail_reversal,246285,246286,1,-0.0,2.0
D_disp_fail_reversal,246391,246392,1,-0.0,-1.0
D_disp_fail_reversal,246421,246422,-1,0.0,-1.0
D_disp_fail_reversal,246507,246508,-1,0.0,2.0
D_disp_fail_reversal,246605,246606,1,-0.0,-1.0
D_disp_fail_reversal,246698,246699,1,-0.0,-1.0
D_disp_fail_reversal,246761,246762,-1,0.0,-1.0
D_disp_fail_reversal,246777,246778,-1,0.0,2.0
D_disp_fail_reversal,246785,246786,-1,0.0,-1.0
D_disp_fail_reversal,246815,246816,-1,0.0,-1.0
D_disp_fail_reversal,246936,246937,-1,0.0,-1.0
D_disp_fail_reversal,246939,246940,-1,0.0,2.0
D_disp_fail_reversal,246963,246964,1,-0.0,-1.0
D_disp_fail_reversal,246969,246970,1,-0.0,-1.0
D_disp_fail_reversal,246975,246976,1,-0.0,-1.0
D_disp_fail_reversal,246997,246998,1,-0.0,-1.0
D_disp_fail_reversal,246999,247000,1,-0.0,2.0
D_disp_fail_reversal,247059,247060,-1,0.0,2.0
D_disp_fail_reversal,247097,247098,-1,0.0,-1.0
D_disp_fail_reversal,247100,247101,-1,0.0,2.0
D_disp_fail_reversal,247128,247129,1,-0.0,-1.0
D_disp_fail_reversal,247131,247132,1,-0.0,-1.0
D_disp_fail_reversal,247245,247246,-1,0.0,2.0
D_disp_fail_reversal,247251,247252,1,-0.0,0.9379913074698668
D_disp_fail_reversal,247430,247431,-1,0.0,2.0
D_disp_fail_reversal,247433,247434,1,-0.0,-1.0
D_disp_fail_reversal,247468,247469,1,-0.0,-1.0
D_disp_fail_reversal,247481,247482,-1,0.0,2.0
D_disp_fail_reversal,247502,247503,1,-0.0,-1.0
D_disp_fail_reversal,247681,247682,-1,0.0,-1.0
D_disp_fail_reversal,247706,247707,-1,0.0,-1.0
D_disp_fail_reversal,247740,247741,-1,0.0,2.0
D_disp_fail_reversal,247774,247775,1,-0.0,-1.0
D_disp_fail_reversal,247887,247888,1,-0.0,2.0
D_disp_fail_reversal,247955,247956,1,-0.0,-1.0
D_disp_fail_reversal,248137,248138,1,-0.0,-1.0
D_disp_fail_reversal,248144,248145,1,-0.0,2.0
D_disp_fail_reversal,248205,248206,1,-0.0,-1.0
D_disp_fail_reversal,248298,248299,-1,0.0,-1.0
D_disp_fail_reversal,248311,248312,-1,0.0,-1.0
D_disp_fail_reversal,248353,248354,1,-0.0,2.0
D_disp_fail_reversal,248382,248383,-1,0.0,2.0
D_disp_fail_reversal,248443,248444,-1,0.0,-1.0
D_disp_fail_reversal,248502,248503,-1,0.0,2.0
D_disp_fail_reversal,248578,248579,-1,0.0,-1.0
D_disp_fail_reversal,248595,248596,-1,0.0,-1.0
D_disp_fail_reversal,248618,248619,1,-0.0,-1.0
D_disp_fail_reversal,248669,248670,1,-0.0,2.0
D_disp_fail_reversal,248775,248776,1,-0.0,-1.0
D_disp_fail_reversal,248799,248800,1,-0.0,0.7169402396934287
D_disp_fail_reversal,248935,248936,-1,0.0,2.0
D_disp_fail_reversal,249027,249028,1,-0.0,2.0
D_disp_fail_reversal,249050,249051,-1,0.0,2.0
D_disp_fail_reversal,249053,249054,-1,0.0,-1.0
D_disp_fail_reversal,249104,249105,1,-0.0,2.0
D_disp_fail_reversal,249137,249138,-1,0.0,-1.0
D_disp_fail_reversal,249152,249153,-1,0.0,2.0
D_disp_fail_reversal,249239,249240,1,-0.0,-1.0
D_disp_fail_reversal,249330,249331,1,-0.0,-1.0
D_disp_fail_reversal,249345,249346,1,-0.0,-1.0
D_disp_fail_reversal,249489,249490,-1,0.0,2.0
D_disp_fail_reversal,249680,249681,1,-0.0,2.0
D_disp_fail_reversal,249724,249725,1,-0.0,-1.0
D_disp_fail_reversal,249727,249728,1,-0.0,-1.0
D_disp_fail_reversal,249788,249789,1,-0.0,2.0
D_disp_fail_reversal,249858,249859,-1,0.0,2.0
D_disp_fail_reversal,249899,249900,1,-0.0,-1.0
D_disp_fail_reversal,249909,249910,1,-0.0,0.6773078888978742
D_disp_fail_reversal,250062,250063,-1,0.0,-1.0
D_disp_fail_reversal,250065,250066,-1,0.0,-1.0
D_disp_fail_reversal,250087,250088,-1,0.0,-1.0
D_disp_fail_reversal,250147,250148,1,-0.0,-1.0
D_disp_fail_reversal,250156,250157,1,-0.0,2.0
D_disp_fail_reversal,250181,250182,-1,0.0,-1.0
D_disp_fail_reversal,250271,250272,-1,0.0,-1.0
D_disp_fail_reversal,250340,250341,-1,0.0,2.0
D_disp_fail_reversal,250428,250429,1,-0.0,-1.0
D_disp_fail_reversal,250570,250571,-1,0.0,-1.0
D_disp_fail_reversal,250599,250600,-1,0.0,-1.0
D_disp_fail_reversal,250624,250625,1,-0.0,-1.0
D_disp_fail_reversal,250636,250637,1,-0.0,1.3691687925716958
D_disp_fail_reversal,250754,250755,-1,0.0,-1.0
D_disp_fail_reversal,250825,250826,-1,0.0,-1.0
D_disp_fail_reversal,250863,250864,-1,0.0,2.0
D_disp_fail_reversal,250895,250896,-1,0.0,2.0
D_disp_fail_reversal,250916,250917,-1,0.0,-1.0
D_disp_fail_reversal,251065,251066,-1,0.0,2.0
D_disp_fail_reversal,251149,251150,1,-0.0,-1.0
D_disp_fail_reversal,251340,251341,-1,0.0,2.0
D_disp_fail_reversal,251359,251360,1,-0.0,-1.0
D_disp_fail_reversal,251534,251535,-1,0.0,-1.0
D_disp_fail_reversal,251593,251594,1,-0.0,2.0
D_disp_fail_reversal,251619,251620,-1,0.0,2.0
D_disp_fail_reversal,251652,251653,1,-0.0,-1.0
D_disp_fail_reversal,251701,251702,1,-0.0,2.0
D_disp_fail_reversal,251762,251763,-1,0.0,-1.0
D_disp_fail_reversal,251776,251777,-1,0.0,-1.0
D_disp_fail_reversal,251850,251851,-1,0.0,-1.0
D_disp_fail_reversal,251871,251872,-1,0.0,-1.0
D_disp_fail_reversal,251918,251919,1,-0.0,2.0
D_disp_fail_reversal,252078,252079,1,-0.0,-1.0
D_disp_fail_reversal,252089,252090,1,-0.0,-1.0
D_disp_fail_reversal,252103,252104,1,-0.0,-1.0
D_disp_fail_reversal,252166,252167,-1,0.0,-1.0
D_disp_fail_reversal,252236,252237,1,-0.0,-1.0
D_disp_fail_reversal,252254,252255,1,-0.0,2.0
D_disp_fail_reversal,252278,252279,1,-0.0,-1.0
D_disp_fail_reversal,252282,252283,1,-0.0,-1.0
D_disp_fail_reversal,252322,252323,1,-0.0,-1.0
D_disp_fail_reversal,252360,252361,1,-0.0,-1.0
D_disp_fail_reversal,252373,252374,1,-0.0,-1.0
D_disp_fail_reversal,252420,252421,1,-0.0,-1.0
D_disp_fail_reversal,252443,252444,1,-0.0,-1.0
D_disp_fail_reversal,252463,252464,1,-0.0,-1.0
D_disp_fail_reversal,252473,252474,1,-0.0,-1.0
D_disp_fail_reversal,252478,252479,1,-0.0,-1.0
D_disp_fail_reversal,252569,252570,1,-0.0,-1.0
D_disp_fail_reversal,252644,252645,-1,0.0,-1.0
D_disp_fail_reversal,252749,252750,1,-0.0,-1.0
D_disp_fail_reversal,252841,252842,1,-0.0,-1.0
D_disp_fail_reversal,252974,252975,1,-0.0,2.0
D_disp_fail_reversal,253105,253106,-1,0.0,-1.0
D_disp_fail_reversal,253112,253113,-1,0.0,-1.0
D_disp_fail_reversal,253147,253148,1,-0.0,-1.0
D_disp_fail_reversal,253211,253212,1,-0.0,-1.0
D_disp_fail_reversal,253298,253299,-1,0.0,2.0
D_disp_fail_reversal,253463,253464,1,-0.0,-1.0
D_disp_fail_reversal,253465,253466,1,-0.0,-1.0
D_disp_fail_reversal,253481,253482,-1,0.0,-1.0
D_disp_fail_reversal,253486,253487,-1,0.0,-1.0
D_disp_fail_reversal,253524,253525,1,-0.0,-1.0
D_disp_fail_reversal,253526,253527,1,-0.0,-1.0
D_disp_fail_reversal,253555,253556,-1,0.0,-1.0
D_disp_fail_reversal,253594,253595,-1,0.0,2.0
D_disp_fail_reversal,253660,253661,1,-0.0,-1.0
D_disp_fail_reversal,253725,253726,1,-0.0,2.0
D_disp_fail_reversal,253763,253764,1,-0.0,2.0
D_disp_fail_reversal,253816,253817,1,-0.0,2.0
D_disp_fail_reversal,253920,253921,1,-0.0,2.0
D_disp_fail_reversal,254002,254003,1,-0.0,2.0
D_disp_fail_reversal,254032,254033,-1,0.0,-1.0
D_disp_fail_reversal,254062,254063,1,-0.0,-1.0
D_disp_fail_reversal,254125,254126,-1,0.0,-1.0
D_disp_fail_reversal,254218,254219,-1,0.0,2.0
D_disp_fail_reversal,254237,254238,1,-0.0,2.0
D_disp_fail_reversal,254313,254314,-1,0.0,-1.0
D_disp_fail_reversal,254374,254375,-1,0.0,2.0
D_disp_fail_reversal,254446,254447,1,-0.0,2.0
D_disp_fail_reversal,254451,254452,-1,0.0,-1.0
D_disp_fail_reversal,254500,254501,1,-0.0,2.0
D_disp_fail_reversal,254587,254588,-1,0.0,2.0
D_disp_fail_reversal,254658,254659,-1,0.0,-1.0
D_disp_fail_reversal,254681,254682,1,-0.0,-1.0
D_disp_fail_reversal,254832,254833,1,-0.0,-1.0
D_disp_fail_reversal,254858,254859,1,-0.0,2.0
D_disp_fail_reversal,254964,254965,1,-0.0,-1.0
D_disp_fail_reversal,255089,255090,-1,0.0,2.0
D_disp_fail_reversal,255119,255120,1,-0.0,-1.0
D_disp_fail_reversal,255276,255277,1,-0.0,-1.0
D_disp_fail_reversal,255285,255286,1,-0.0,-1.0
D_disp_fail_reversal,255290,255291,1,-0.0,-1.0
D_disp_fail_reversal,255295,255296,1,-0.0,2.0
D_disp_fail_reversal,255306,255307,-1,0.0,-1.0
D_disp_fail_reversal,255397,255398,-1,0.0,-1.0
D_disp_fail_reversal,255418,255419,1,-0.0,-1.0
D_disp_fail_reversal,255465,255466,1,-0.0,-1.0
D_disp_fail_reversal,255551,255552,-1,0.0,2.0
D_disp_fail_reversal,255576,255577,1,-0.0,-1.0
D_disp_fail_reversal,255689,255690,1,-0.0,-1.0
D_disp_fail_reversal,255696,255697,1,-0.0,2.0
D_disp_fail_reversal,255761,255762,1,-0.0,-1.0
D_disp_fail_reversal,255783,255784,-1,0.0,2.0
D_disp_fail_reversal,255786,255787,-1,0.0,0.5651176591744742
D_disp_fail_reversal,255916,255917,1,-0.0,-1.0
D_disp_fail_reversal,255927,255928,1,-0.0,-1.0
D_disp_fail_reversal,255946,255947,1,-0.0,-1.0
D_disp_fail_reversal,255953,255954,1,-0.0,-1.0
D_disp_fail_reversal,256088,256089,1,-0.0,-1.0
D_disp_fail_reversal,256152,256153,1,-0.0,-0.7060399845514284
D_disp_fail_reversal,256250,256251,1,-0.0,-1.0
D_disp_fail_reversal,256305,256306,-1,0.0,2.0
D_disp_fail_reversal,256331,256332,1,-0.0,-1.0
D_disp_fail_reversal,256368,256369,-1,0.0,-1.0
D_disp_fail_reversal,256402,256403,1,-0.0,-1.0
D_disp_fail_reversal,256407,256408,1,-0.0,2.0
D_disp_fail_reversal,256492,256493,-1,0.0,-1.0
D_disp_fail_reversal,256542,256543,1,-0.0,-1.0
D_disp_fail_reversal,256608,256609,1,-0.0,2.0
D_disp_fail_reversal,256742,256743,-1,0.0,2.0
D_disp_fail_reversal,256859,256860,-1,0.0,-1.0
D_disp_fail_reversal,256983,256984,-1,0.0,-1.0
D_disp_fail_reversal,257019,257020,-1,0.0,2.0
D_disp_fail_reversal,257027,257028,1,-0.0,-1.0
D_disp_fail_reversal,257042,257043,1,-0.0,-1.0
D_disp_fail_reversal,257045,257046,1,-0.0,-1.0
D_disp_fail_reversal,257053,257054,1,-0.0,-1.0
D_disp_fail_reversal,257157,257158,1,-0.0,2.0
D_disp_fail_reversal,257211,257212,-1,0.0,-1.0
D_disp_fail_reversal,257255,257256,1,-0.0,-1.0
D_disp_fail_reversal,257350,257351,-1,0.0,2.0
D_disp_fail_reversal,257383,257384,1,-0.0,2.0
D_disp_fail_reversal,257436,257437,1,-0.0,-1.0
D_disp_fail_reversal,257477,257478,1,-0.0,-1.0
D_disp_fail_reversal,257493,257494,1,-0.0,-1.0
D_disp_fail_reversal,257795,257796,-1,0.0,2.0
D_disp_fail_reversal,257980,257981,1,-0.0,-1.0
D_disp_fail_reversal,258072,258073,1,-0.0,-1.0
D_disp_fail_reversal,258116,258117,1,-0.0,-1.0
D_disp_fail_reversal,258120,258121,1,-0.0,-1.0
D_disp_fail_reversal,258145,258146,-1,0.0,2.0
D_disp_fail_reversal,258200,258201,-1,0.0,2.0
D_disp_fail_reversal,258284,258285,1,-0.0,-1.0
D_disp_fail_reversal,258292,258293,1,-0.0,-1.0
D_disp_fail_reversal,258437,258438,-1,0.0,-1.0
D_disp_fail_reversal,258509,258510,1,-0.0,-1.0
D_disp_fail_reversal,258652,258653,1,-0.0,2.0
D_disp_fail_reversal,258829,258830,1,-0.0,-1.0
D_disp_fail_reversal,258842,258843,1,-0.0,-1.0
D_disp_fail_reversal,258845,258846,1,-0.0,-1.0
D_disp_fail_reversal,258850,258851,1,-0.0,-1.0
D_disp_fail_reversal,258980,258981,1,-0.0,2.0
D_disp_fail_reversal,259010,259011,1,-0.0,-1.0
D_disp_fail_reversal,259058,259059,-1,0.0,-1.0
D_disp_fail_reversal,259147,259148,-1,0.0,2.0
D_disp_fail_reversal,259215,259216,-1,0.0,-1.0
D_disp_fail_reversal,259404,259405,-1,0.0,2.0
D_disp_fail_reversal,259425,259426,1,-0.0,-1.0
D_disp_fail_reversal,259432,259433,1,-0.0,-1.0
D_disp_fail_reversal,259488,259489,1,-0.0,-1.0
D_disp_fail_reversal,259514,259515,1,-0.0,-1.0
D_disp_fail_reversal,259532,259533,1,-0.0,-1.0
D_disp_fail_reversal,259535,259536,1,-0.0,2.0
D_disp_fail_reversal,259614,259615,1,-0.0,-1.0
D_disp_fail_reversal,259776,259777,1,-0.0,-1.0
D_disp_fail_reversal,259852,259853,1,-0.0,2.0
D_disp_fail_reversal,259941,259942,-1,0.0,2.0
D_disp_fail_reversal,259968,259969,1,-0.0,-1.0
D_disp_fail_reversal,260084,260085,-1,0.0,2.0
D_disp_fail_reversal,260101,260102,1,-0.0,-1.0
D_disp_fail_reversal,260108,260109,1,-0.0,-1.0
D_disp_fail_reversal,260126,260127,1,-0.0,-1.0
D_disp_fail_reversal,260238,260239,1,-0.0,2.0
D_disp_fail_reversal,260361,260362,1,-0.0,0.01582161563037908
D_disp_fail_reversal,260745,260746,1,-0.0,-1.0
D_disp_fail_reversal,260754,260755,1,-0.0,-1.0
D_disp_fail_reversal,260769,260770,1,-0.0,-1.0
D_disp_fail_reversal,260793,260794,1,-0.0,-1.0
D_disp_fail_reversal,260817,260818,-1,0.0,-1.0
D_disp_fail_reversal,260884,260885,-1,0.0,-1.0
D_disp_fail_reversal,260983,260984,-1,0.0,-1.0
D_disp_fail_reversal,260988,260989,-1,0.0,2.0
D_disp_fail_reversal,261133,261134,-1,0.0,2.0
D_disp_fail_reversal,261139,261140,1,-0.0,-1.0
D_disp_fail_reversal,261152,261153,1,-0.0,2.0
D_disp_fail_reversal,261209,261210,-1,0.0,-1.0
D_disp_fail_reversal,261253,261254,-1,0.0,-1.0
D_disp_fail_reversal,261356,261357,1,-0.0,-1.0
D_disp_fail_reversal,261429,261430,1,-0.0,-1.0
D_disp_fail_reversal,261432,261433,1,-0.0,2.0
D_disp_fail_reversal,261438,261439,-1,0.0,-1.0
D_disp_fail_reversal,261586,261587,1,-0.0,-1.0
D_disp_fail_reversal,261636,261637,1,-0.0,-1.0
D_disp_fail_reversal,261707,261708,-1,0.0,-1.0
D_disp_fail_reversal,261829,261830,1,-0.0,2.0
D_disp_fail_reversal,261918,261919,-1,0.0,-1.0
D_disp_fail_reversal,261959,261960,-1,0.0,2.0
D_disp_fail_reversal,262003,262004,-1,0.0,-1.0
D_disp_fail_reversal,262153,262154,1,-0.0,-1.0
D_disp_fail_reversal,262182,262183,-1,0.0,-1.0
D_disp_fail_reversal,262206,262207,1,-0.0,-1.0
D_disp_fail_reversal,262246,262247,1,-0.0,2.0
D_disp_fail_reversal,262371,262372,1,-0.0,-1.0
D_disp_fail_reversal,262536,262537,-1,0.0,2.0
D_disp_fail_reversal,262554,262555,1,-0.0,-1.0
D_disp_fail_reversal,262810,262811,1,-0.0,-1.0
D_disp_fail_reversal,262835,262836,1,-0.0,-1.0
D_disp_fail_reversal,262906,262907,1,-0.0,2.0
D_disp_fail_reversal,262930,262931,1,-0.0,2.0
D_disp_fail_reversal,262937,262938,-1,0.0,-1.0
D_disp_fail_reversal,263080,263081,-1,0.0,-1.0
D_disp_fail_reversal,263115,263116,1,-0.0,-1.0
D_disp_fail_reversal,263439,263440,1,-0.0,-1.0
D_disp_fail_reversal,263461,263462,1,-0.0,-1.0
D_disp_fail_reversal,263575,263576,1,-0.0,-1.0
D_disp_fail_reversal,263581,263582,1,-0.0,-1.0
D_disp_fail_reversal,263728,263729,-1,0.0,2.0
D_disp_fail_reversal,263737,263738,1,-0.0,2.0
D_disp_fail_reversal,263739,263740,1,-0.0,2.0
D_disp_fail_reversal,263795,263796,-1,0.0,2.0
D_disp_fail_reversal,263848,263849,1,-0.0,-1.0
D_disp_fail_reversal,263883,263884,-1,0.0,2.0
D_disp_fail_reversal,264004,264005,-1,0.0,-1.0
D_disp_fail_reversal,264022,264023,-1,0.0,2.0
D_disp_fail_reversal,264085,264086,-1,0.0,-1.0
D_disp_fail_reversal,264115,264116,1,-0.0,-1.0
D_disp_fail_reversal,264191,264192,-1,0.0,-1.0
D_disp_fail_reversal,264209,264210,-1,0.0,-1.0
D_disp_fail_reversal,264258,264259,1,-0.0,-1.0
D_disp_fail_reversal,264364,264365,-1,0.0,2.0
D_disp_fail_reversal,264480,264481,1,-0.0,-1.0
D_disp_fail_reversal,264555,264556,1,-0.0,-1.0
D_disp_fail_reversal,264630,264631,1,-0.0,-1.0
D_disp_fail_reversal,264650,264651,1,-0.0,2.0
D_disp_fail_reversal,264735,264736,1,-0.0,2.0
D_disp_fail_reversal,264745,264746,1,-0.0,-1.0
D_disp_fail_reversal,264766,264767,1,-0.0,2.0
D_disp_fail_reversal,264876,264877,1,-0.0,0.59028544487745
D_disp_fail_reversal,265018,265019,1,-0.0,-1.0
D_disp_fail_reversal,265063,265064,1,-0.0,-1.0
D_disp_fail_reversal,265083,265084,1,-0.0,-1.0
D_disp_fail_reversal,265151,265152,1,-0.0,-1.0
D_disp_fail_reversal,265195,265196,-1,0.0,-1.0
D_disp_fail_reversal,265197,265198,-1,0.0,-1.0
D_disp_fail_reversal,265201,265202,-1,0.0,-1.0
D_disp_fail_reversal,265266,265267,1,-0.0,-1.0
D_disp_fail_reversal,265294,265295,1,-0.0,2.0
D_disp_fail_reversal,265359,265360,1,-0.0,-1.0
D_disp_fail_reversal,265405,265406,-1,0.0,-1.0
D_disp_fail_reversal,265590,265591,-1,0.0,-1.0
D_disp_fail_reversal,265688,265689,-1,0.0,-1.0
D_disp_fail_reversal,265726,265727,1,-0.0,-1.0
D_disp_fail_reversal,265818,265819,-1,0.0,-1.0
D_disp_fail_reversal,265831,265832,-1,0.0,-1.0
D_disp_fail_reversal,265861,265862,1,-0.0,-1.0
D_disp_fail_reversal,265959,265960,1,-0.0,-1.0
D_disp_fail_reversal,266185,266186,1,-0.0,-1.0
D_disp_fail_reversal,266258,266259,-1,0.0,-1.0
D_disp_fail_reversal,266323,266324,-1,0.0,2.0
D_disp_fail_reversal,266398,266399,1,-0.0,-1.0
D_disp_fail_reversal,266408,266409,1,-0.0,-1.0
D_disp_fail_reversal,266433,266434,1,-0.0,-1.0
D_disp_fail_reversal,266500,266501,-1,0.0,-1.0
D_disp_fail_reversal,266539,266540,1,-0.0,2.0
D_disp_fail_reversal,266609,266610,1,-0.0,-1.0
D_disp_fail_reversal,266614,266615,1,-0.0,-1.0
D_disp_fail_reversal,266673,266674,1,-0.0,-1.0
D_disp_fail_reversal,266740,266741,1,-0.0,-1.0
D_disp_fail_reversal,266753,266754,-1,0.0,-1.0
D_disp_fail_reversal,266856,266857,1,-0.0,2.0
D_disp_fail_reversal,266908,266909,-1,0.0,-1.0
D_disp_fail_reversal,266918,266919,-1,0.0,0.8435665873203343
D_disp_fail_reversal,267043,267044,1,-0.0,-1.0
D_disp_fail_reversal,267197,267198,-1,0.0,-1.0
D_disp_fail_reversal,267200,267201,-1,0.0,2.0
D_disp_fail_reversal,267297,267298,-1,0.0,2.0
D_disp_fail_reversal,267339,267340,1,-0.0,-1.0
D_disp_fail_reversal,267384,267385,1,-0.0,-1.0
D_disp_fail_reversal,267500,267501,-1,0.0,-1.0
D_disp_fail_reversal,267528,267529,1,-0.0,2.0
D_disp_fail_reversal,267637,267638,-1,0.0,2.0
D_disp_fail_reversal,267690,267691,1,-0.0,-1.0
D_disp_fail_reversal,267785,267786,-1,0.0,-1.0
D_disp_fail_reversal,267867,267868,1,-0.0,2.0
D_disp_fail_reversal,267982,267983,-1,0.0,-1.0
D_disp_fail_reversal,268078,268079,-1,0.0,-1.0
D_disp_fail_reversal,268143,268144,1,-0.0,-1.0
D_disp_fail_reversal,268197,268198,-1,0.0,2.0
D_disp_fail_reversal,268291,268292,-1,0.0,-1.0
D_disp_fail_reversal,268357,268358,-1,0.0,-1.0
D_disp_fail_reversal,268419,268420,-1,0.0,-1.0
D_disp_fail_reversal,268538,268539,1,-0.0,-1.0
D_disp_fail_reversal,268581,268582,1,-0.0,-1.0
D_disp_fail_reversal,268624,268625,1,-0.0,-1.0
D_disp_fail_reversal,268669,268670,-1,0.0,-1.0
D_disp_fail_reversal,268681,268682,-1,0.0,-1.0
D_disp_fail_reversal,268692,268693,-1,0.0,-1.0
D_disp_fail_reversal,268695,268696,-1,0.0,-1.0
D_disp_fail_reversal,268723,268724,1,-0.0,-1.0
D_disp_fail_reversal,268809,268810,-1,0.0,2.0
D_disp_fail_reversal,268881,268882,-1,0.0,-1.0
D_disp_fail_reversal,268942,268943,-1,0.0,2.0
D_disp_fail_reversal,268999,269000,-1,0.0,-1.0
D_disp_fail_reversal,269188,269189,-1,0.0,2.0
D_disp_fail_reversal,269203,269204,1,-0.0,2.0
D_disp_fail_reversal,269254,269255,1,-0.0,-1.0
D_disp_fail_reversal,269261,269262,1,-0.0,-1.0
D_disp_fail_reversal,269296,269297,-1,0.0,-1.0
D_disp_fail_reversal,269408,269409,-1,0.0,-1.0
D_disp_fail_reversal,269432,269433,-1,0.0,-1.0
D_disp_fail_reversal,269476,269477,-1,0.0,-1.0
D_disp_fail_reversal,269559,269560,-1,0.0,2.0
D_disp_fail_reversal,269594,269595,-1,0.0,-1.0
D_disp_fail_reversal,269769,269770,1,-0.0,-1.0
D_disp_fail_reversal,269772,269773,1,-0.0,-1.0
D_disp_fail_reversal,269848,269849,-1,0.0,-1.0
D_disp_fail_reversal,269874,269875,-1,0.0,-1.0
D_disp_fail_reversal,269915,269916,-1,0.0,-1.0
D_disp_fail_reversal,269938,269939,1,-0.0,2.0
D_disp_fail_reversal,269990,269991,-1,0.0,-1.0
D_disp_fail_reversal,269992,269993,-1,0.0,-1.0
D_disp_fail_reversal,270117,270118,1,-0.0,-1.0
D_disp_fail_reversal,270144,270145,-1,0.0,-1.0
D_disp_fail_reversal,270171,270172,1,-0.0,-1.0
D_disp_fail_reversal,270173,270174,1,-0.0,-1.0
D_disp_fail_reversal,270192,270193,1,-0.0,2.0
D_disp_fail_reversal,270215,270216,-1,0.0,-1.0
D_disp_fail_reversal,270219,270220,-1,0.0,-1.0
D_disp_fail_reversal,270358,270359,-1,0.0,-1.0
D_disp_fail_reversal,270449,270450,-1,0.0,2.0
D_disp_fail_reversal,270494,270495,-1,0.0,-1.0
D_disp_fail_reversal,270516,270517,1,-0.0,2.0
D_disp_fail_reversal,270631,270632,1,-0.0,-1.0
D_disp_fail_reversal,270633,270634,1,-0.0,-1.0
D_disp_fail_reversal,270814,270815,-1,0.0,-1.0
D_disp_fail_reversal,270821,270822,-1,0.0,2.0
D_disp_fail_reversal,271074,271075,-1,0.0,-1.0
D_disp_fail_reversal,271092,271093,1,-0.0,2.0
D_disp_fail_reversal,271099,271100,-1,0.0,1.1473657991788582
D_disp_fail_reversal,271225,271226,-1,0.0,-1.0
D_disp_fail_reversal,271243,271244,-1,0.0,-1.0
D_disp_fail_reversal,271339,271340,-1,0.0,2.0
D_disp_fail_reversal,271367,271368,-1,0.0,-1.0
D_disp_fail_reversal,271405,271406,-1,0.0,-1.0
D_disp_fail_reversal,271434,271435,-1,0.0,2.0
D_disp_fail_reversal,271462,271463,-1,0.0,-1.0
D_disp_fail_reversal,271529,271530,-1,0.0,2.0
D_disp_fail_reversal,271594,271595,-1,0.0,2.0
D_disp_fail_reversal,271865,271866,1,-0.0,2.0
D_disp_fail_reversal,272077,272078,1,-0.0,2.0
D_disp_fail_reversal,272102,272103,-1,0.0,-1.0
D_disp_fail_reversal,272314,272315,-1,0.0,2.0
D_disp_fail_reversal,272341,272342,1,-0.0,-1.0
D_disp_fail_reversal,272363,272364,-1,0.0,-1.0
D_disp_fail_reversal,272531,272532,-1,0.0,-1.0
D_disp_fail_reversal,272623,272624,-1,0.0,0.7246626112249177
D_disp_fail_reversal,272833,272834,1,-0.0,0.5162631117081098
D_disp_fail_reversal,273053,273054,-1,0.0,2.0
D_disp_fail_reversal,273104,273105,-1,0.0,0.20307853671871653
D_disp_fail_reversal,273356,273357,1,-0.0,-1.0
D_disp_fail_reversal,273358,273359,1,-0.0,2.0
D_disp_fail_reversal,273371,273372,-1,0.0,-1.0
D_disp_fail_reversal,273374,273375,-1,0.0,-1.0
D_disp_fail_reversal,273542,273543,1,-0.0,-1.0
D_disp_fail_reversal,273567,273568,1,-0.0,-1.0
D_disp_fail_reversal,273634,273635,-1,0.0,2.0
D_disp_fail_reversal,273699,273700,-1,0.0,-1.0
D_disp_fail_reversal,273720,273721,-1,0.0,-1.0
D_disp_fail_reversal,273742,273743,1,-0.0,-1.0
D_disp_fail_reversal,273765,273766,-1,0.0,-1.0
D_disp_fail_reversal,273817,273818,-1,0.0,2.0
D_disp_fail_reversal,273882,273883,1,-0.0,2.0
D_disp_fail_reversal,273935,273936,-1,0.0,2.0
D_disp_fail_reversal,273948,273949,1,-0.0,-1.0
D_disp_fail_reversal,274088,274089,-1,0.0,2.0
D_disp_fail_reversal,274181,274182,-1,0.0,2.0
D_disp_fail_reversal,274200,274201,1,-0.0,-1.0
D_disp_fail_reversal,274212,274213,1,-0.0,-1.0
D_disp_fail_reversal,274393,274394,1,-0.0,-1.0
D_disp_fail_reversal,274464,274465,1,-0.0,2.0
D_disp_fail_reversal,274729,274730,-1,0.0,-1.0
D_disp_fail_reversal,274817,274818,-1,0.0,2.0
D_disp_fail_reversal,274843,274844,1,-0.0,-1.0
D_disp_fail_reversal,274935,274936,1,-0.0,-1.0
D_disp_fail_reversal,275034,275035,-1,0.0,2.0
D_disp_fail_reversal,275257,275258,1,-0.0,-1.0
D_disp_fail_reversal,275341,275342,-1,0.0,-1.0
D_disp_fail_reversal,275345,275346,-1,0.0,-1.0
D_disp_fail_reversal,275463,275464,-1,0.0,2.0
D_disp_fail_reversal,275526,275527,1,-0.0,2.0
D_disp_fail_reversal,275554,275555,-1,0.0,2.0
D_disp_fail_reversal,275622,275623,1,-0.0,-1.0
D_disp_fail_reversal,275678,275679,-1,0.0,-1.0
D_disp_fail_reversal,275769,275770,-1,0.0,-1.0
D_disp_fail_reversal,275833,275834,-1,0.0,-1.0
D_disp_fail_reversal,275951,275952,-1,0.0,-1.0
D_disp_fail_reversal,276043,276044,1,-0.0,-1.0
D_disp_fail_reversal,276156,276157,1,-0.0,-1.0
D_disp_fail_reversal,276310,276311,-1,0.0,-1.0
D_disp_fail_reversal,276476,276477,1,-0.0,-1.0
D_disp_fail_reversal,276505,276506,1,-0.0,-1.0
D_disp_fail_reversal,276545,276546,-1,0.0,2.0
D_disp_fail_reversal,276552,276553,1,-0.0,-1.0
D_disp_fail_reversal,276570,276571,1,-0.0,2.0
D_disp_fail_reversal,276616,276617,-1,0.0,-1.0
D_disp_fail_reversal,276658,276659,-1,0.0,2.0
D_disp_fail_reversal,276684,276685,1,-0.0,2.0
D_disp_fail_reversal,276759,276760,1,-0.0,2.0
D_disp_fail_reversal,276843,276844,1,-0.0,-1.0
D_disp_fail_reversal,276861,276862,1,-0.0,-1.0
D_disp_fail_reversal,276910,276911,-1,0.0,-1.0
D_disp_fail_reversal,276916,276917,-1,0.0,2.0
D_disp_fail_reversal,276939,276940,1,-0.0,-1.0
D_disp_fail_reversal,276960,276961,-1,0.0,-1.0
D_disp_fail_reversal,276981,276982,-1,0.0,2.0
D_disp_fail_reversal,277099,277100,1,-0.0,2.0
D_disp_fail_reversal,277142,277143,-1,0.0,-1.0
D_disp_fail_reversal,277212,277213,-1,0.0,2.0
D_disp_fail_reversal,277214,277215,-1,0.0,-1.0
D_disp_fail_reversal,277427,277428,-1,0.0,-1.0
D_disp_fail_reversal,277490,277491,-1,0.0,2.0
D_disp_fail_reversal,277521,277522,1,-0.0,-1.0
D_disp_fail_reversal,277583,277584,-1,0.0,-1.0
D_disp_fail_reversal,277608,277609,1,-0.0,-1.0
D_disp_fail_reversal,277789,277790,1,-0.0,2.0
D_disp_fail_reversal,277870,277871,1,-0.0,-1.0
D_disp_fail_reversal,277976,277977,-1,0.0,2.0
D_disp_fail_reversal,277979,277980,-1,0.0,2.0
D_disp_fail_reversal,278109,278110,1,-0.0,2.0
D_disp_fail_reversal,278133,278134,-1,0.0,2.0
D_disp_fail_reversal,278251,278252,1,-0.0,-1.0
D_disp_fail_reversal,278408,278409,-1,0.0,-1.0
D_disp_fail_reversal,278433,278434,-1,0.0,-1.0
D_disp_fail_reversal,278529,278530,1,-0.0,0.03997883025750579
D_disp_fail_reversal,278705,278706,1,-0.0,2.0
D_disp_fail_reversal,278795,278796,1,-0.0,2.0
D_disp_fail_reversal,278804,278805,-1,0.0,2.0
D_disp_fail_reversal,278864,278865,-1,0.0,-1.0
D_disp_fail_reversal,278895,278896,1,-0.0,1.0107369867720402
D_disp_fail_reversal,279239,279240,1,-0.0,-1.0
D_disp_fail_reversal,279259,279260,1,-0.0,2.0
D_disp_fail_reversal,279360,279361,-1,0.0,2.0
D_disp_fail_reversal,279536,279537,-1,0.0,-1.0
D_disp_fail_reversal,279582,279583,-1,0.0,-1.0
D_disp_fail_reversal,279669,279670,-1,0.0,2.0
D_disp_fail_reversal,279863,279864,1,-0.0,-1.0
D_disp_fail_reversal,279952,279953,-1,0.0,-1.0
D_disp_fail_reversal,280000,280001,-1,0.0,2.0
D_disp_fail_reversal,280085,280086,1,-0.0,-1.0
D_disp_fail_reversal,280089,280090,-1,0.0,2.0
D_disp_fail_reversal,280150,280151,1,-0.0,-1.0
D_disp_fail_reversal,280152,280153,1,-0.0,-1.0
D_disp_fail_reversal,280154,280155,1,-0.0,-1.0
D_disp_fail_reversal,280184,280185,1,-0.0,-1.0
D_disp_fail_reversal,280317,280318,-1,0.0,-1.0
D_disp_fail_reversal,280339,280340,-1,0.0,-1.0
D_disp_fail_reversal,280375,280376,-1,0.0,-0.316369835685012
D_disp_fail_reversal,280612,280613,-1,0.0,-1.0
D_disp_fail_reversal,280639,280640,-1,0.0,2.0
D_disp_fail_reversal,280685,280686,1,-0.0,-1.0
D_disp_fail_reversal,280687,280688,1,-0.0,2.0
D_disp_fail_reversal,280795,280796,-1,0.0,-1.0
D_disp_fail_reversal,280865,280866,1,-0.0,-1.0
D_disp_fail_reversal,280890,280891,-1,0.0,2.0
D_disp_fail_reversal,280898,280899,1,-0.0,-1.0
D_disp_fail_reversal,281063,281064,-1,0.0,-1.0
D_disp_fail_reversal,281094,281095,-1,0.0,-1.0
D_disp_fail_reversal,281228,281229,1,-0.0,2.0
D_disp_fail_reversal,281231,281232,-1,0.0,-1.0
D_disp_fail_reversal,281274,281275,1,-0.0,-1.0
D_disp_fail_reversal,281415,281416,-1,0.0,2.0
D_disp_fail_reversal,281436,281437,1,-0.0,2.0
D_disp_fail_reversal,281462,281463,1,-0.0,-1.0
D_disp_fail_reversal,281642,281643,-1,0.0,-1.0
D_disp_fail_reversal,281728,281729,-1,0.0,-1.0
D_disp_fail_reversal,281730,281731,-1,0.0,-1.0
D_disp_fail_reversal,281737,281738,1,-0.0,-1.0
D_disp_fail_reversal,281797,281798,-1,0.0,-1.0
D_disp_fail_reversal,281893,281894,-1,0.0,-1.0
D_disp_fail_reversal,281896,281897,-1,0.0,-1.0
D_disp_fail_reversal,282071,282072,1,-0.0,-1.0
D_disp_fail_reversal,282079,282080,1,-0.0,-1.0
D_disp_fail_reversal,282149,282150,-1,0.0,-1.0
D_disp_fail_reversal,282196,282197,1,-0.0,-1.0
D_disp_fail_reversal,282200,282201,1,-0.0,-1.0
D_disp_fail_reversal,282268,282269,-1,0.0,2.0
D_disp_fail_reversal,282324,282325,1,-0.0,2.0
D_disp_fail_reversal,282343,282344,-1,0.0,-1.0
D_disp_fail_reversal,282435,282436,1,-0.0,-1.0
D_disp_fail_reversal,282463,282464,1,-0.0,-1.0
D_disp_fail_reversal,282680,282681,-1,0.0,-1.0
D_disp_fail_reversal,282775,282776,1,-0.0,2.0
D_disp_fail_reversal,282785,282786,-1,0.0,2.0
D_disp_fail_reversal,282822,282823,1,-0.0,2.0
D_disp_fail_reversal,282966,282967,-1,0.0,2.0
D_disp_fail_reversal,282969,282970,-1,0.0,-1.0
D_disp_fail_reversal,283078,283079,1,-0.0,-1.0
D_disp_fail_reversal,283242,283243,-1,0.0,-1.0
D_disp_fail_reversal,283345,283346,1,-0.0,2.0
D_disp_fail_reversal,283351,283352,-1,0.0,-1.0
D_disp_fail_reversal,283369,283370,-1,0.0,-1.0
D_disp_fail_reversal,283372,283373,-1,0.0,2.0
D_disp_fail_reversal,283463,283464,1,-0.0,2.0
D_disp_fail_reversal,283592,283593,1,-0.0,-1.0
D_disp_fail_reversal,283595,283596,1,-0.0,2.0
D_disp_fail_reversal,283646,283647,1,-0.0,2.0
D_disp_fail_reversal,283714,283715,-1,0.0,-1.0
D_disp_fail_reversal,283785,283786,-1,0.0,-1.0
D_disp_fail_reversal,283922,283923,1,-0.0,-1.0
D_disp_fail_reversal,284019,284020,1,-0.0,-1.0
D_disp_fail_reversal,284097,284098,-1,0.0,2.0
D_disp_fail_reversal,284109,284110,1,-0.0,2.0
D_disp_fail_reversal,284192,284193,-1,0.0,-1.0
D_disp_fail_reversal,284244,284245,1,-0.0,-1.0
D_disp_fail_reversal,284265,284266,1,-0.0,-1.0
D_disp_fail_reversal,284331,284332,-1,0.0,-1.0
D_disp_fail_reversal,284361,284362,1,-0.0,2.0
D_disp_fail_reversal,284382,284383,1,-0.0,-1.0
D_disp_fail_reversal,284389,284390,1,-0.0,-1.0
D_disp_fail_reversal,284475,284476,1,-0.0,-1.0
D_disp_fail_reversal,284514,284515,1,-0.0,-1.0
D_disp_fail_reversal,284652,284653,1,-0.0,-1.0
D_disp_fail_reversal,284745,284746,-1,0.0,2.0
D_disp_fail_reversal,284754,284755,1,-0.0,2.0
D_disp_fail_reversal,284774,284775,-1,0.0,-1.0
D_disp_fail_reversal,285031,285032,-1,0.0,2.0
D_disp_fail_reversal,285111,285112,1,-0.0,-1.0
D_disp_fail_reversal,285300,285301,1,-0.0,-1.0
D_disp_fail_reversal,285395,285396,-1,0.0,-1.0
D_disp_fail_reversal,285398,285399,-1,0.0,2.0
D_disp_fail_reversal,285740,285741,-1,0.0,-1.0
D_disp_fail_reversal,285799,285800,1,-0.0,2.0
D_disp_fail_reversal,285916,285917,-1,0.0,-1.0
D_disp_fail_reversal,285925,285926,-1,0.0,-1.0
D_disp_fail_reversal,285945,285946,1,-0.0,-1.0
D_disp_fail_reversal,286031,286032,1,-0.0,-1.0
D_disp_fail_reversal,286128,286129,1,-0.0,-1.0
D_disp_fail_reversal,286130,286131,1,-0.0,-1.0
D_disp_fail_reversal,286132,286133,1,-0.0,-1.0
D_disp_fail_reversal,286151,286152,1,-0.0,-1.0
D_disp_fail_reversal,286176,286177,1,-0.0,2.0
D_disp_fail_reversal,286269,286270,-1,0.0,-1.0
D_disp_fail_reversal,286314,286315,1,-0.0,-1.0
D_disp_fail_reversal,286333,286334,1,-0.0,-1.0
D_disp_fail_reversal,286363,286364,1,-0.0,1.294455899034723
D_disp_fail_reversal,286502,286503,1,-0.0,2.0
D_disp_fail_reversal,286589,286590,-1,0.0,-1.0
D_disp_fail_reversal,286635,286636,-1,0.0,-1.0
D_disp_fail_reversal,286639,286640,-1,0.0,-1.0
D_disp_fail_reversal,286681,286682,1,-0.0,2.0
D_disp_fail_reversal,286720,286721,1,-0.0,-1.0
D_disp_fail_reversal,286724,286725,1,-0.0,-1.0
D_disp_fail_reversal,286727,286728,1,-0.0,-1.0
D_disp_fail_reversal,286771,286772,-1,0.0,2.0
D_disp_fail_reversal,286808,286809,-1,0.0,-1.0
D_disp_fail_reversal,286820,286821,-1,0.0,-1.0
D_disp_fail_reversal,286867,286868,-1,0.0,-1.0
D_disp_fail_reversal,286907,286908,-1,0.0,-1.0
D_disp_fail_reversal,286913,286914,-1,0.0,-1.0
D_disp_fail_reversal,286964,286965,-1,0.0,-1.0
D_disp_fail_reversal,287005,287006,1,-0.0,-1.0
D_disp_fail_reversal,287022,287023,1,-0.0,-1.0
D_disp_fail_reversal,287024,287025,1,-0.0,-1.0
D_disp_fail_reversal,287055,287056,-1,0.0,2.0
D_disp_fail_reversal,287140,287141,-1,0.0,-1.0
D_disp_fail_reversal,287406,287407,1,-0.0,-1.0
D_disp_fail_reversal,287452,287453,1,-0.0,-1.0
D_disp_fail_reversal,287504,287505,-1,0.0,0.49300630417652774
D_disp_fail_reversal,287753,287754,-1,0.0,2.0
D_disp_fail_reversal,287863,287864,1,-0.0,-1.0
D_disp_fail_reversal,287866,287867,1,-0.0,-1.0
D_disp_fail_reversal,288052,288053,1,-0.0,2.0
D_disp_fail_reversal,288190,288191,-1,0.0,-1.0
D_disp_fail_reversal,288208,288209,-1,0.0,2.0
D_disp_fail_reversal,288299,288300,1,-0.0,-1.0
D_disp_fail_reversal,288301,288302,1,-0.0,-1.0
D_disp_fail_reversal,288325,288326,-1,0.0,2.0
D_disp_fail_reversal,288334,288335,1,-0.0,-1.0
D_disp_fail_reversal,288486,288487,-1,0.0,2.0
D_disp_fail_reversal,288558,288559,-1,0.0,-1.0
D_disp_fail_reversal,288646,288647,1,-0.0,-1.0
D_disp_fail_reversal,288651,288652,1,-0.0,-1.0
D_disp_fail_reversal,288673,288674,-1,0.0,2.0
D_disp_fail_reversal,288765,288766,1,-0.0,-1.0
D_disp_fail_reversal,288787,288788,1,-0.0,-1.0
D_disp_fail_reversal,288829,288830,-1,0.0,2.0
D_disp_fail_reversal,289066,289067,-1,0.0,2.0
D_disp_fail_reversal,289129,289130,1,-0.0,-1.0
D_disp_fail_reversal,289194,289195,1,-0.0,-1.0
D_disp_fail_reversal,289251,289252,-1,0.0,2.0
D_disp_fail_reversal,289255,289256,-1,0.0,0.4649907204319097
D_disp_fail_reversal,289471,289472,-1,0.0,-1.0
D_disp_fail_reversal,289500,289501,1,-0.0,2.0
D_disp_fail_reversal,289515,289516,-1,0.0,2.0
D_disp_fail_reversal,289525,289526,1,-0.0,2.0
D_disp_fail_reversal,289615,289616,1,-0.0,-1.0
D_disp_fail_reversal,289618,289619,1,-0.0,2.0
D_disp_fail_reversal,289749,289750,-1,0.0,-1.0
D_disp_fail_reversal,289771,289772,1,-0.0,2.0
D_disp_fail_reversal,289815,289816,-1,0.0,-1.0
D_disp_fail_reversal,289848,289849,-1,0.0,-1.0
D_disp_fail_reversal,289896,289897,1,-0.0,-1.0
D_disp_fail_reversal,290016,290017,-1,0.0,0.18631213690490445
D_disp_fail_reversal,290158,290159,-1,0.0,-1.0
D_disp_fail_reversal,290211,290212,-1,0.0,-1.0
D_disp_fail_reversal,290218,290219,-1,0.0,-1.0
D_disp_fail_reversal,290269,290270,1,-0.0,2.0
D_disp_fail_reversal,290333,290334,-1,0.0,-1.0
D_disp_fail_reversal,290351,290352,-1,0.0,-1.0
D_disp_fail_reversal,290442,290443,1,-0.0,2.0
D_disp_fail_reversal,290541,290542,1,-0.0,-1.0
D_disp_fail_reversal,290622,290623,1,-0.0,1.5277944208686747
D_disp_fail_reversal,290724,290725,-1,0.0,-1.0
D_disp_fail_reversal,290807,290808,1,-0.0,-1.0
D_disp_fail_reversal,290905,290906,1,-0.0,2.0
D_disp_fail_reversal,290998,290999,-1,0.0,-1.0
D_disp_fail_reversal,291094,291095,-1,0.0,2.0
D_disp_fail_reversal,291166,291167,-1,0.0,-1.0
D_disp_fail_reversal,291187,291188,-1,0.0,2.0
D_disp_fail_reversal,291203,291204,1,-0.0,2.0
D_disp_fail_reversal,291324,291325,-1,0.0,-1.0
D_disp_fail_reversal,291365,291366,-1,0.0,0.34461198029859413
D_disp_fail_reversal,291497,291498,1,-0.0,-1.0
D_disp_fail_reversal,291523,291524,1,-0.0,-1.0
D_disp_fail_reversal,291608,291609,1,-0.0,-1.0
D_disp_fail_reversal,291628,291629,1,-0.0,-1.0
D_disp_fail_reversal,291647,291648,1,-0.0,-1.0
D_disp_fail_reversal,291684,291685,-1,0.0,-1.0
D_disp_fail_reversal,291737,291738,-1,0.0,-1.0
D_disp_fail_reversal,291798,291799,1,-0.0,-1.0
D_disp_fail_reversal,291819,291820,1,-0.0,-1.0
D_disp_fail_reversal,291844,291845,1,-0.0,2.0
D_disp_fail_reversal,291913,291914,1,-0.0,-1.0
D_disp_fail_reversal,291931,291932,-1,0.0,-1.0
D_disp_fail_reversal,292106,292107,1,-0.0,2.0
D_disp_fail_reversal,292260,292261,-1,0.0,-1.0
D_disp_fail_reversal,292423,292424,-1,0.0,-1.0
D_disp_fail_reversal,292537,292538,-1,0.0,2.0
D_disp_fail_reversal,292566,292567,1,-0.0,-1.0
D_disp_fail_reversal,293177,293178,1,-0.0,2.0
D_disp_fail_reversal,293202,293203,-1,0.0,-1.0
D_disp_fail_reversal,293251,293252,1,-0.0,-1.0
D_disp_fail_reversal,293276,293277,1,-0.0,-1.0
D_disp_fail_reversal,293312,293313,-1,0.0,2.0
D_disp_fail_reversal,293372,293373,1,-0.0,2.0
D_disp_fail_reversal,293434,293435,-1,0.0,2.0
D_disp_fail_reversal,293528,293529,-1,0.0,-1.0
D_disp_fail_reversal,293549,293550,-1,0.0,2.0
D_disp_fail_reversal,293645,293646,1,-0.0,-1.0
D_disp_fail_reversal,293689,293690,1,-0.0,-1.0
D_disp_fail_reversal,293710,293711,1,-0.0,-1.0
D_disp_fail_reversal,293750,293751,1,-0.0,2.0
D_disp_fail_reversal,293768,293769,-1,0.0,-1.0
D_disp_fail_reversal,293823,293824,-1,0.0,0.2880367826211858
D_disp_fail_reversal,293923,293924,1,-0.0,2.0
D_disp_fail_reversal,293987,293988,-1,0.0,2.0
D_disp_fail_reversal,294083,294084,-1,0.0,-1.0
D_disp_fail_reversal,294143,294144,-1,0.0,-1.0
D_disp_fail_reversal,294210,294211,-1,0.0,-1.0
D_disp_fail_reversal,294405,294406,1,-0.0,-1.0
D_disp_fail_reversal,294408,294409,1,-0.0,2.0
D_disp_fail_reversal,294469,294470,-1,0.0,-1.0
D_disp_fail_reversal,294505,294506,-1,0.0,-1.0
D_disp_fail_reversal,294556,294557,-1,0.0,-1.0
D_disp_fail_reversal,294654,294655,1,-0.0,-1.0
D_disp_fail_reversal,294657,294658,1,-0.0,2.0
D_disp_fail_reversal,294731,294732,1,-0.0,2.0
D_disp_fail_reversal,294820,294821,1,-0.0,-1.0
D_disp_fail_reversal,294904,294905,-1,0.0,2.0
D_disp_fail_reversal,294916,294917,1,-0.0,-1.0
D_disp_fail_reversal,294931,294932,1,-0.0,2.0
D_disp_fail_reversal,294992,294993,-1,0.0,-1.0
D_disp_fail_reversal,295005,295006,-1,0.0,2.0
D_disp_fail_reversal,295029,295030,1,-0.0,-1.0
D_disp_fail_reversal,295175,295176,-1,0.0,-1.0
D_disp_fail_reversal,295180,295181,-1,0.0,-1.0
D_disp_fail_reversal,295188,295189,-1,0.0,2.0
D_disp_fail_reversal,295269,295270,1,-0.0,-1.0
D_disp_fail_reversal,295296,295297,1,-0.0,-1.0
D_disp_fail_reversal,295559,295560,-1,0.0,2.0
D_disp_fail_reversal,295595,295596,1,-0.0,2.0
D_disp_fail_reversal,295663,295664,-1,0.0,-1.0
D_disp_fail_reversal,295892,295893,1,-0.0,-1.0
D_disp_fail_reversal,295924,295925,1,-0.0,-1.0
D_disp_fail_reversal,295929,295930,1,-0.0,-1.0
D_disp_fail_reversal,295976,295977,-1,0.0,2.0
D_disp_fail_reversal,296057,296058,-1,0.0,-1.0
D_disp_fail_reversal,296059,296060,-1,0.0,-1.0
D_disp_fail_reversal,296065,296066,-1,0.0,-1.0
D_disp_fail_reversal,296068,296069,-1,0.0,-1.0
D_disp_fail_reversal,296158,296159,-1,0.0,2.0
D_disp_fail_reversal,296184,296185,-1,0.0,-1.0
D_disp_fail_reversal,296205,296206,-1,0.0,2.0
D_disp_fail_reversal,296214,296215,1,-0.0,-1.0
D_disp_fail_reversal,296268,296269,1,-0.0,-1.0
D_disp_fail_reversal,296302,296303,1,-0.0,2.0
D_disp_fail_reversal,296364,296365,-1,0.0,-0.12506959853074906
D_disp_fail_reversal,296481,296482,-1,0.0,2.0
D_disp_fail_reversal,296609,296610,-1,0.0,-1.0
D_disp_fail_reversal,296701,296702,-1,0.0,-1.0
D_disp_fail_reversal,296842,296843,1,-0.0,2.0
D_disp_fail_reversal,296855,296856,-1,0.0,-1.0
D_disp_fail_reversal,297013,297014,1,-0.0,-1.0
D_disp_fail_reversal,297260,297261,-1,0.0,2.0
D_disp_fail_reversal,297279,297280,-1,0.0,2.0
D_disp_fail_reversal,297308,297309,-1,0.0,-1.0
D_disp_fail_reversal,297374,297375,1,-0.0,2.0
D_disp_fail_reversal,297377,297378,-1,0.0,2.0
D_disp_fail_reversal,297407,297408,-1,0.0,2.0
D_disp_fail_reversal,297482,297483,-1,0.0,2.0
D_disp_fail_reversal,297564,297565,1,-0.0,-1.0
D_disp_fail_reversal,297591,297592,1,-0.0,-1.0
D_disp_fail_reversal,297729,297730,1,-0.0,2.0
D_disp_fail_reversal,297762,297763,-1,0.0,-1.0
D_disp_fail_reversal,297813,297814,1,-0.0,-1.0
D_disp_fail_reversal,297868,297869,1,-0.0,2.0
D_disp_fail_reversal,297915,297916,1,-0.0,2.0
D_disp_fail_reversal,297958,297959,-1,0.0,-1.0
D_disp_fail_reversal,298054,298055,-1,0.0,-1.0
D_disp_fail_reversal,298128,298129,1,-0.0,-1.0
D_disp_fail_reversal,298258,298259,1,-0.0,2.0
D_disp_fail_reversal,298374,298375,-1,0.0,-1.0
D_disp_fail_reversal,298383,298384,-1,0.0,2.0
D_disp_fail_reversal,298446,298447,-1,0.0,-1.0
D_disp_fail_reversal,298537,298538,1,-0.0,2.0
D_disp_fail_reversal,298636,298637,-1,0.0,-1.0
D_disp_fail_reversal,298656,298657,-1,0.0,-1.0
D_disp_fail_reversal,298661,298662,-1,0.0,2.0
D_disp_fail_reversal,298758,298759,1,-0.0,2.0
D_disp_fail_reversal,298774,298775,-1,0.0,-1.0
D_disp_fail_reversal,298927,298928,-1,0.0,-1.0
D_disp_fail_reversal,298930,298931,-1,0.0,2.0
D_disp_fail_reversal,298937,298938,1,-0.0,2.0
D_disp_fail_reversal,299109,299110,-1,0.0,-1.0
D_disp_fail_reversal,299139,299140,-1,0.0,-1.0
D_disp_fail_reversal,299328,299329,1,-0.0,2.0
D_disp_fail_reversal,299402,299403,-1,0.0,-1.0
D_disp_fail_reversal,299417,299418,-1,0.0,-1.0
D_disp_fail_reversal,299432,299433,-1,0.0,0.5340235996455778
D_disp_fail_reversal,299544,299545,-1,0.0,2.0
D_disp_fail_reversal,299600,299601,-1,0.0,0.3775860757032458
D_disp_fail_reversal,299712,299713,-1,0.0,2.0
D_disp_fail_reversal,299798,299799,1,-0.0,-0.3204051496221996
D_disp_fail_reversal,299910,299911,1,-0.0,-1.0
D_disp_fail_reversal,300003,300004,-1,0.0,-1.0
D_disp_fail_reversal,300016,300017,1,-0.0,-1.0
D_disp_fail_reversal,300044,300045,1,-0.0,0.22243201547354866
D_disp_fail_reversal,300152,300153,1,-0.0,2.0
D_disp_fail_reversal,300159,300160,-1,0.0,-1.0
D_disp_fail_reversal,300229,300230,1,-0.0,-1.0
D_disp_fail_reversal,300290,300291,-1,0.0,2.0
D_disp_fail_reversal,300316,300317,1,-0.0,-1.0
D_disp_fail_reversal,300423,300424,-1,0.0,-1.0
D_disp_fail_reversal,300478,300479,1,-0.0,2.0
D_disp_fail_reversal,300654,300655,1,-0.0,2.0
D_disp_fail_reversal,300677,300678,-1,0.0,-1.0
D_disp_fail_reversal,300722,300723,-1,0.0,-1.0
D_disp_fail_reversal,300752,300753,-1,0.0,-1.0
D_disp_fail_reversal,300784,300785,1,-0.0,-1.0
D_disp_fail_reversal,300858,300859,-1,0.0,-1.0
D_disp_fail_reversal,300895,300896,-1,0.0,-1.0
D_disp_fail_reversal,300924,300925,-1,0.0,2.0
D_disp_fail_reversal,300986,300987,-1,0.0,-1.0
D_disp_fail_reversal,301015,301016,-1,0.0,-1.0
D_disp_fail_reversal,301072,301073,1,-0.0,2.0
D_disp_fail_reversal,301152,301153,-1,0.0,-1.0
D_disp_fail_reversal,301157,301158,-1,0.0,2.0
D_disp_fail_reversal,301304,301305,-1,0.0,-1.0
D_disp_fail_reversal,301347,301348,1,-0.0,2.0
D_disp_fail_reversal,301443,301444,1,-0.0,0.4385771799173555
D_disp_fail_reversal,301605,301606,-1,0.0,-1.0
D_disp_fail_reversal,301633,301634,-1,0.0,2.0
D_disp_fail_reversal,301723,301724,1,-0.0,1.4602060213872166
D_disp_fail_reversal,301969,301970,-1,0.0,2.0
D_disp_fail_reversal,301985,301986,-1,0.0,-1.0
D_disp_fail_reversal,301995,301996,-1,0.0,-1.0
D_disp_fail_reversal,302079,302080,1,-0.0,2.0
D_disp_fail_reversal,302114,302115,1,-0.0,-1.0
D_disp_fail_reversal,302139,302140,1,-0.0,-1.0
D_disp_fail_reversal,302148,302149,1,-0.0,-1.0
D_disp_fail_reversal,302155,302156,1,-0.0,-1.0
D_disp_fail_reversal,302177,302178,1,-0.0,-1.0
D_disp_fail_reversal,302225,302226,1,-0.0,-1.0
D_disp_fail_reversal,302255,302256,1,-0.0,2.0
D_disp_fail_reversal,302275,302276,-1,0.0,-1.0
D_disp_fail_reversal,302429,302430,-1,0.0,-1.0
D_disp_fail_reversal,302448,302449,-1,0.0,-1.0
D_disp_fail_reversal,302455,302456,1,-0.0,2.0
D_disp_fail_reversal,302530,302531,-1,0.0,2.0
D_disp_fail_reversal,302592,302593,1,-0.0,-0.1441345913772052
D_disp_fail_reversal,302737,302738,1,-0.0,-1.0
D_disp_fail_reversal,302762,302763,1,-0.0,-1.0
D_disp_fail_reversal,302827,302828,-1,0.0,-1.0
D_disp_fail_reversal,302883,302884,1,-0.0,-1.0
D_disp_fail_reversal,302886,302887,1,-0.0,-1.0
D_disp_fail_reversal,302904,302905,1,-0.0,-1.0
D_disp_fail_reversal,303096,303097,-1,0.0,-1.0
D_disp_fail_reversal,303190,303191,-1,0.0,2.0
D_disp_fail_reversal,303328,303329,-1,0.0,-1.0
D_disp_fail_reversal,303373,303374,-1,0.0,-1.0
D_disp_fail_reversal,303419,303420,-1,0.0,-1.0
D_disp_fail_reversal,303450,303451,-1,0.0,-1.0
D_disp_fail_reversal,303512,303513,1,-0.0,-1.0
D_disp_fail_reversal,303530,303531,1,-0.0,-1.0
D_disp_fail_reversal,303600,303601,1,-0.0,2.0
D_disp_fail_reversal,303602,303603,-1,0.0,-1.0
D_disp_fail_reversal,303627,303628,1,-0.0,2.0
D_disp_fail_reversal,303653,303654,-1,0.0,-1.0
D_disp_fail_reversal,303740,303741,-1,0.0,2.0
D_disp_fail_reversal,303745,303746,1,-0.0,2.0
D_disp_fail_reversal,303819,303820,1,-0.0,-1.0
D_disp_fail_reversal,303833,303834,1,-0.0,-1.0
D_disp_fail_reversal,303836,303837,1,-0.0,-1.0
D_disp_fail_reversal,303883,303884,-1,0.0,-1.0
D_disp_fail_reversal,303990,303991,-1,0.0,2.0
D_disp_fail_reversal,304017,304018,1,-0.0,-1.0
D_disp_fail_reversal,304071,304072,1,-0.0,2.0
D_disp_fail_reversal,304159,304160,-1,0.0,2.0
D_disp_fail_reversal,304183,304184,1,-0.0,-1.0
D_disp_fail_reversal,304198,304199,1,-0.0,-1.0
D_disp_fail_reversal,304266,304267,1,-0.0,-1.0
D_disp_fail_reversal,304326,304327,1,-0.0,-1.0
D_disp_fail_reversal,304343,304344,1,-0.0,2.0
D_disp_fail_reversal,304375,304376,-1,0.0,-1.0
D_disp_fail_reversal,304512,304513,1,-0.0,2.0
D_disp_fail_reversal,304540,304541,1,-0.0,2.0
D_disp_fail_reversal,304562,304563,-1,0.0,2.0
D_disp_fail_reversal,304651,304652,1,-0.0,-1.0
D_disp_fail_reversal,304694,304695,1,-0.0,-1.0
D_disp_fail_reversal,304698,304699,1,-0.0,-1.0
D_disp_fail_reversal,304715,304716,1,-0.0,2.0
D_disp_fail_reversal,304736,304737,-1,0.0,-1.0
D_disp_fail_reversal,304742,304743,-1,0.0,-1.0
D_disp_fail_reversal,304798,304799,1,-0.0,2.0
D_disp_fail_reversal,304840,304841,1,-0.0,-1.0
D_disp_fail_reversal,304898,304899,1,-0.0,-1.0
D_disp_fail_reversal,304947,304948,-1,0.0,2.0
D_disp_fail_reversal,305082,305083,-1,0.0,2.0
D_disp_fail_reversal,305115,305116,-1,0.0,-1.0
D_disp_fail_reversal,305150,305151,-1,0.0,-1.0
D_disp_fail_reversal,305300,305301,1,-0.0,-1.0
D_disp_fail_reversal,305362,305363,1,-0.0,2.0
D_disp_fail_reversal,305432,305433,1,-0.0,-1.0
D_disp_fail_reversal,305479,305480,-1,0.0,-1.0
D_disp_fail_reversal,305619,305620,1,-0.0,-1.0
D_disp_fail_reversal,305708,305709,-1,0.0,-1.0
D_disp_fail_reversal,305750,305751,-1,0.0,2.0
D_disp_fail_reversal,305849,305850,-1,0.011723890417465674,-1.0
D_disp_fail_reversal,305891,305892,-1,-0.0033783783784522283,2.0
D_disp_fail_reversal,305938,305939,-1,0.0013642564802480613,-1.0
D_disp_fail_reversal,305943,305944,-1,0.001971692134310121,-1.0
D_disp_fail_reversal,305984,305985,1,0.017565872020139026,2.0
D_disp_fail_reversal,306014,306015,-1,0.0027860696518021075,2.0
D_disp_fail_reversal,306084,306085,-1,-0.0024005486968973664,-1.0
D_disp_fail_reversal,306187,306188,-1,-0.01747597054057085,-1.0
D_disp_fail_reversal,306252,306253,-1,-0.002421307506106057,-1.0
D_disp_fail_reversal,306430,306431,-1,0.043192102015525154,2.0
D_disp_fail_reversal,306438,306439,1,0.1075843635149453,-1.0
D_disp_fail_reversal,306471,306472,1,0.003472652858813317,-1.0
D_disp_fail_reversal,306538,306539,-1,-0.010291595197167882,2.0
D_disp_fail_reversal,306547,306548,-1,-0.06791044776124944,-1.0
D_disp_fail_reversal,306578,306579,-1,0.018484898498190353,-1.0
D_disp_fail_reversal,306648,306649,-1,-0.035995160314596014,-1.0
D_disp_fail_reversal,306707,306708,1,0.0029523407842751044,-1.0
D_disp_fail_reversal,306724,306725,1,-0.0028351559336382256,-1.0
D_disp_fail_reversal,306728,306729,1,0.0025650421400340495,2.0
D_disp_fail_reversal,306765,306766,1,0.006241640659777562,-0.4419910492443726
D_disp_fail_reversal,306892,306893,-1,-0.010241404535702986,-1.0
D_disp_fail_reversal,306944,306945,-1,0.8333187658420986,-1.0
D_disp_fail_reversal,306946,306947,-1,-0.002146580803383806,-1.0
D_disp_fail_reversal,306989,306990,-1,0.07335751713025118,2.0
D_disp_fail_reversal,307057,307058,1,0.07876813740027148,2.0
D_disp_fail_reversal,307068,307069,-1,-0.0071739687418234084,-1.0
D_disp_fail_reversal,307094,307095,-1,0.0025735294118208545,-1.0
D_disp_fail_reversal,307116,307117,-1,-0.02735329007045181,-1.0
D_disp_fail_reversal,307119,307120,-1,-0.003832256651646872,-1.0
D_disp_fail_reversal,307183,307184,1,0.015530903328188066,-1.0
D_disp_fail_reversal,307248,307249,-1,-0.014788732394239905,-1.0
D_disp_fail_reversal,307252,307253,-1,-0.01476793248943731,-1.0
D_disp_fail_reversal,307347,307348,-1,0.006085633557778256,-1.0
D_disp_fail_reversal,307369,307370,-1,0.0,-1.0
D_disp_fail_reversal,307390,307391,-1,-0.0023244230448335027,-1.0
D_disp_fail_reversal,307396,307397,-1,0.03430990308570291,-1.0
D_disp_fail_reversal,307553,307554,1,0.0020449897750957342,-1.0
D_disp_fail_reversal,307575,307576,1,-0.009015639374387327,1.479880570849433
D_disp_fail_reversal,307715,307716,-1,-0.005314101347378832,-1.0
D_disp_fail_reversal,307748,307749,-1,0.0017161068889808098,-1.0
D_disp_fail_reversal,307762,307763,-1,0.0010506566603401349,-1.0
D_disp_fail_reversal,307802,307803,-1,0.004769204564697451,-1.0
D_disp_fail_reversal,307860,307861,1,0.002109704641332342,-1.0
D_disp_fail_reversal,307897,307898,-1,0.032010452392485615,-1.0
D_disp_fail_reversal,307922,307923,-1,0.025444631961633605,2.0
D_disp_fail_reversal,307944,307945,1,0.0633107223610799,-1.0
D_disp_fail_reversal,307946,307947,1,0.001414713015390621,-1.0
D_disp_fail_reversal,307989,307990,1,0.04023349797930834,-1.0
D_disp_fail_reversal,308024,308025,1,-0.008248232521657661,-1.0
D_disp_fail_reversal,308037,308038,1,-0.014529778061644192,-1.0
D_disp_fail_reversal,308126,308127,1,-0.0013235016071379982,-1.0
D_disp_fail_reversal,308133,308134,1,-0.0020250235046892166,2.0
D_disp_fail_reversal,308158,308159,-1,0.7721192208400051,-1.0
D_disp_fail_reversal,308251,308252,-1,0.0027131782943861328,-1.0
D_disp_fail_reversal,308264,308265,-1,-0.008643753858745287,-1.0
D_disp_fail_reversal,308269,308270,-1,-0.009242144177314815,-1.0
D_disp_fail_reversal,308311,308312,-1,-0.003240740740664053,-1.0
D_disp_fail_reversal,308395,308396,-1,0.013468013468062607,2.0
D_disp_fail_reversal,308502,308503,-1,0.0009657170449269266,-1.0
D_disp_fail_reversal,308600,308601,1,0.0010639106315301606,2.0
D_disp_fail_reversal,308711,308712,-1,0.017804154302519838,-1.0
D_disp_fail_reversal,308745,308746,-1,-0.0014976465554456199,-1.0
D_disp_fail_reversal,308818,308819,-1,0.035292769565757005,2.0
D_disp_fail_reversal,308908,308909,1,-0.0027121270825853105,2.0
D_disp_fail_reversal,308955,308956,-1,-0.0018984337921629647,2.0
D_disp_fail_reversal,308966,308967,1,-0.00036563071298787244,-1.0
D_disp_fail_reversal,309047,309048,1,0.0005247966413129536,-0.030625677212526656
D_disp_fail_reversal,309180,309181,1,-0.006516679596531202,-1.0
D_disp_fail_reversal,309205,309206,-1,0.003013020553170275,-1.0
D_disp_fail_reversal,309299,309300,-1,-0.0030813249696642502,-1.0
D_disp_fail_reversal,309330,309331,-1,0.016258274300298914,-1.0
D_disp_fail_reversal,309368,309369,1,-0.04010822855330322,-1.0
D_disp_fail_reversal,309480,309481,-1,0.011721366376465724,-1.0
D_disp_fail_reversal,309554,309555,1,0.03853652941847643,-1.0
D_disp_fail_reversal,309600,309601,-1,-0.057464681176059663,-1.0
D_disp_fail_reversal,309603,309604,-1,-0.0011205378581963606,2.0
D_disp_fail_reversal,309626,309627,1,-0.006726457399249713,-1.0
D_disp_fail_reversal,309648,309649,-1,0.0019886363634988137,-1.0
D_disp_fail_reversal,309676,309677,-1,-0.0163570510572774,-1.0
D_disp_fail_reversal,309734,309735,-1,-0.003091872791305613,-1.0
D_disp_fail_reversal,309773,309774,-1,-0.07404393816116897,-1.0
D_disp_fail_reversal,309781,309782,-1,-0.027431164277553786,-1.0
D_disp_fail_reversal,309869,309870,-1,0.0018440463646345598,-1.0
D_disp_fail_reversal,309879,309880,-1,0.0031024930747894377,-1.0
D_disp_fail_reversal,310010,310011,-1,-0.03332451732351133,-1.0
D_disp_fail_reversal,310155,310156,1,-0.004408407462800156,-1.0
D_disp_fail_reversal,310432,310433,1,-0.0,-1.0
D_disp_fail_reversal,310478,310479,1,0.004098960620602854,2.0
D_disp_fail_reversal,310521,310522,1,0.018097597759328416,2.0
D_disp_fail_reversal,310557,310558,-1,0.0034364261169134397,2.0
D_disp_fail_reversal,310744,310745,1,-0.0,-1.0
D_disp_fail_reversal,310748,310749,1,0.018031942297850382,-1.0
D_disp_fail_reversal,310770,310771,-1,-0.021454444134792725,-1.0
D_disp_fail_reversal,310872,310873,-1,-0.0029118136439903516,2.0
D_disp_fail_reversal,310965,310966,1,0.005822174166202468,-1.0
D_disp_fail_reversal,311022,311023,-1,0.028205128205275386,2.0
D_disp_fail_reversal,311037,311038,1,-0.002142638506321634,-1.0
D_disp_fail_reversal,311108,311109,-1,-0.04116715675190147,-1.0
D_disp_fail_reversal,311127,311128,-1,-0.011187470033603325,-1.0
D_disp_fail_reversal,311152,311153,-1,0.05166051660515449,2.0
D_disp_fail_reversal,311225,311226,1,0.021542143956267416,-1.0
D_disp_fail_reversal,311242,311243,1,0.16733901090676245,-1.0
D_disp_fail_reversal,311245,311246,-1,-0.043523316062183,0.9816377171215787
D_disp_fail_reversal,311431,311432,-1,0.001748906933204902,-1.0
D_disp_fail_reversal,311469,311470,-1,0.009459459459665824,-1.0
D_disp_fail_reversal,311476,311477,-1,-0.05390835579509963,-1.0
D_disp_fail_reversal,311568,311569,-1,0.008288928359779926,-1.0
D_disp_fail_reversal,311587,311588,-1,-0.044464609800176344,-1.0
D_disp_fail_reversal,311708,311709,-1,-0.12889613503405056,-1.0
D_disp_fail_reversal,311775,311776,1,0.010387297818705336,-1.0
D_disp_fail_reversal,311847,311848,-1,-0.0028495827394733413,2.0
D_disp_fail_reversal,311856,311857,1,0.006736166800263549,-1.0
D_disp_fail_reversal,311859,311860,1,0.0022085502445662276,2.0
D_disp_fail_reversal,312003,312004,-1,-0.042448512585865204,-0.3917965201593271
D_disp_fail_reversal,312119,312120,1,-0.011400651465700944,2.0
D_disp_fail_reversal,312142,312143,-1,0.0018579960186205075,-1.0
D_disp_fail_reversal,312261,312262,-1,-0.0013402259238278252,-1.0
D_disp_fail_reversal,312264,312265,-1,0.0035353535354306453,-1.0
D_disp_fail_reversal,312359,312360,-1,0.0030726461336540063,-1.0
D_disp_fail_reversal,312362,312363,-1,0.01594192584156259,-1.0
D_disp_fail_reversal,312401,312402,-1,0.0013551447101254146,2.0
D_disp_fail_reversal,312524,312525,-1,-0.005270422888808877,-1.0
D_disp_fail_reversal,312529,312530,-1,-0.0036310192790625696,2.0
D_disp_fail_reversal,312537,312538,1,-0.0012627401460872155,-1.0
D_disp_fail_reversal,312697,312698,1,0.003325415677032214,-1.0
D_disp_fail_reversal,312711,312712,1,-0.005584363781406981,-1.0
D_disp_fail_reversal,312720,312721,1,0.009991435912111785,-1.0
D_disp_fail_reversal,312739,312740,1,0.004329004329098761,2.0
D_disp_fail_reversal,312808,312809,-1,0.03041533546327251,-1.0
D_disp_fail_reversal,312872,312873,1,0.0017035775128139729,2.0
D_disp_fail_reversal,312899,312900,1,0.012307692307681237,2.0
D_disp_fail_reversal,312965,312966,1,0.002549626661865768,-1.0
D_disp_fail_reversal,313133,313134,1,-0.026485889957409563,-1.0
D_disp_fail_reversal,313177,313178,1,-0.0023835872989368266,-1.0
D_disp_fail_reversal,313338,313339,1,0.028006589785844693,-1.0
D_disp_fail_reversal,313408,313409,-1,-0.013812154696183262,-1.0
D_disp_fail_reversal,313453,313454,-1,0.005822174166096739,-1.0
D_disp_fail_reversal,313492,313493,-1,0.002773925104082626,-1.0
D_disp_fail_reversal,313636,313637,1,-0.0016330339438126629,-1.0
D_disp_fail_reversal,313638,313639,1,0.0014632107023731132,-1.0
D_disp_fail_reversal,313778,313779,-1,-0.00210147102976665,-1.0
D_disp_fail_reversal,313830,313831,1,0.006753031973511152,-1.0
D_disp_fail_reversal,313912,313913,1,-0.009472259810638489,2.0
D_disp_fail_reversal,314208,314209,-1,0.004998809807146305,-1.0
D_disp_fail_reversal,314329,314330,-1,0.003997715590996222,-1.0
D_disp_fail_reversal,314372,314373,-1,0.00973709834455142,-1.0
D_disp_fail_reversal,314375,314376,-1,-0.3341523341523201,2.0
D_disp_fail_reversal,314380,314381,1,-0.001026392961805876,-1.0
D_disp_fail_reversal,314512,314513,1,0.004248861911951856,2.0
D_disp_fail_reversal,314697,314698,-1,-0.002480949849199442,-1.0
D_disp_fail_reversal,314810,314811,1,-0.0019387896413662594,-1.0
D_disp_fail_reversal,314822,314823,1,0.0019141372708548312,-1.0
D_disp_fail_reversal,314881,314882,-1,-0.009939652112167328,-1.0
D_disp_fail_reversal,314898,314899,-1,0.005137614679011226,-1.0
D_disp_fail_reversal,314924,314925,-1,0.0026542800266007205,-1.0
D_disp_fail_reversal,314926,314927,-1,0.0022642730065775118,2.0
D_disp_fail_reversal,315054,315055,1,0.007274616783738809,-1.0
D_disp_fail_reversal,315153,315154,-1,-0.0025318744914197616,2.0
D_disp_fail_reversal,315159,315160,1,-0.0038708250387223682,-1.0
D_disp_fail_reversal,315173,315174,1,-0.0012465497284007716,-1.0
D_disp_fail_reversal,315193,315194,1,-0.002126366950164235,-1.0
D_disp_fail_reversal,315359,315360,1,-0.0015901862789988183,2.0
D_disp_fail_reversal,315427,315428,1,0.018283923207589113,-1.0
D_disp_fail_reversal,315432,315433,1,0.001376868607425814,-1.0
D_disp_fail_reversal,315466,315467,1,0.02280336621123943,-1.0
D_disp_fail_reversal,315545,315546,1,0.001745527086878105,-1.0
D_disp_fail_reversal,315567,315568,-1,0.011397081846086305,-1.0
D_disp_fail_reversal,315612,315613,-1,0.011735121542372665,-1.0
D_disp_fail_reversal,315638,315639,1,-0.005547483819959946,2.0
D_disp_fail_reversal,315668,315669,1,-0.006114299975018228,-1.0
D_disp_fail_reversal,315697,315698,1,-0.001286882985596606,-1.0
D_disp_fail_reversal,315726,315727,1,-0.0028248587571237846,-1.0
D_disp_fail_reversal,315815,315816,1,-0.003954802259973473,2.0
D_disp_fail_reversal,315842,315843,-1,0.006564141035282675,-1.0
D_disp_fail_reversal,315978,315979,-1,-0.011421578625320889,-1.0
D_disp_fail_reversal,316026,316027,-1,-0.028685852659062514,-1.0
D_disp_fail_reversal,316162,316163,-1,-0.004468560485255545,-1.0
D_disp_fail_reversal,316184,316185,-1,-0.002433090024383934,-1.0
D_disp_fail_reversal,316400,316401,1,-0.0012261878694695841,-1.0
D_disp_fail_reversal,316434,316435,1,-0.005710789312703833,0.4543288843810897
D_disp_fail_reversal,316563,316564,-1,-0.009476534296092244,-1.0
D_disp_fail_reversal,316660,316661,-1,0.001810891217052437,2.0
D_disp_fail_reversal,316711,316712,-1,-0.0036197535121018005,-1.0
D_disp_fail_reversal,316734,316735,1,0.012693935119907778,2.0
D_disp_fail_reversal,316788,316789,1,-0.0009193590754075134,-1.0
D_disp_fail_reversal,316829,316830,-1,-0.0037957523723130245,-1.0
D_disp_fail_reversal,316924,316925,1,-0.004068584713834884,-1.0
D_disp_fail_reversal,316927,316928,1,0.010903426791350115,-1.0
D_disp_fail_reversal,316971,316972,1,-0.009431843701081168,2.0
D_disp_fail_reversal,316975,316976,-1,0.004187228951788614,-1.0
D_disp_fail_reversal,317019,317020,1,0.009157166884656728,0.15288409820655585
D_disp_fail_reversal,317209,317210,1,-0.0009005531969835114,2.0
D_disp_fail_reversal,317338,317339,-1,-0.002444134078265613,-1.0
D_disp_fail_reversal,317379,317380,-1,0.0029003521855539296,-1.0
D_disp_fail_reversal,317384,317385,-1,-0.0013537033454875307,-1.0
D_disp_fail_reversal,317448,317449,1,0.03997144896508019,2.0
D_disp_fail_reversal,317522,317523,-1,0.02179327521781421,2.0
D_disp_fail_reversal,317582,317583,1,0.0013972753131063283,-1.0
D_disp_fail_reversal,317686,317687,1,0.019557625145500135,-1.0
D_disp_fail_reversal,317695,317696,1,0.0039716312057604,-1.0
D_disp_fail_reversal,317768,317769,1,0.007674036177534042,2.0
D_disp_fail_reversal,317822,317823,1,-0.001866417810999228,-1.0
D_disp_fail_reversal,318034,318035,1,0.007579273008574407,-1.0
D_disp_fail_reversal,318078,318079,-1,0.008667836136548205,-1.0
D_disp_fail_reversal,318314,318315,1,-0.001895221334646337,2.0
D_disp_fail_reversal,318326,318327,-1,-0.004143850821272348,-1.0
D_disp_fail_reversal,318386,318387,-1,-0.007393064601239896,2.0
D_disp_fail_reversal,318389,318390,1,-0.008455382757051216,2.0
D_disp_fail_reversal,318451,318452,-1,-0.005466614603789933,-1.0
D_disp_fail_reversal,318532,318533,-1,-0.002410883416399657,2.0
D_disp_fail_reversal,318554,318555,1,0.002065506049027066,-1.0
D_disp_fail_reversal,318573,318574,1,-0.0033325398714308943,-1.0
D_disp_fail_reversal,318645,318646,-1,-0.0037224142514408125,2.0
D_disp_fail_reversal,318794,318795,-1,0.011271234200134827,-1.0
D_disp_fail_reversal,318848,318849,1,-0.00288689555630596,-1.0
D_disp_fail_reversal,318892,318893,-1,-0.020645922430394998,2.0
D_disp_fail_reversal,318933,318934,-1,-0.005253776151604139,2.0
D_disp_fail_reversal,319115,319116,1,-0.030539108756693717,-1.0
D_disp_fail_reversal,319277,319278,-1,0.0032679738562805417,-1.0
D_disp_fail_reversal,319311,319312,-1,0.009581166164743901,-1.0
D_disp_fail_reversal,319352,319353,1,-0.006018916595007543,-1.0
D_disp_fail_reversal,319438,319439,-1,0.016336056009196197,-1.0
D_disp_fail_reversal,319458,319459,-1,-0.010599636583734313,2.0
D_disp_fail_reversal,319519,319520,-1,-0.002182385035121571,-1.0
D_disp_fail_reversal,319556,319557,-1,-0.022275258552088048,-1.0
D_disp_fail_reversal,319585,319586,-1,-0.0012776054024735688,-1.0
D_disp_fail_reversal,319628,319629,-1,0.03297134633002872,-1.0
D_disp_fail_reversal,319719,319720,1,0.014890976777040803,-1.0
D_disp_fail_reversal,319746,319747,1,-0.0024250822796301045,-1.0
D_disp_fail_reversal,319810,319811,1,-0.004496788008527157,2.0
D_disp_fail_reversal,319833,319834,-1,-0.00207161882218192,-1.0
D_disp_fail_reversal,319919,319920,-1,-0.008672597071171632,-1.0
D_disp_fail_reversal,320018,320019,-1,0.011713030746695293,-1.0
D_disp_fail_reversal,320079,320080,1,0.013809429867874128,-1.0
D_disp_fail_reversal,320168,320169,-1,-0.01413855786714867,-1.0
D_disp_fail_reversal,320188,320189,-1,-0.003773076404879507,2.0
D_disp_fail_reversal,320218,320219,-1,-0.021649484536062427,2.0
D_disp_fail_reversal,320285,320286,1,0.005187106335793205,2.0
D_disp_fail_reversal,320310,320311,1,0.0023805475259829284,-1.0
D_disp_fail_reversal,320445,320446,-1,0.1469589379438671,2.0
D_disp_fail_reversal,320473,320474,-1,-0.01877619446771174,2.0
D_disp_fail_reversal,320493,320494,1,-0.008324661810606544,-1.0
D_disp_fail_reversal,320501,320502,1,-0.006495314094855298,-1.0
D_disp_fail_reversal,320517,320518,1,0.014221073044677953,2.0
D_disp_fail_reversal,320589,320590,-1,-0.004823151125360992,-1.0
D_disp_fail_reversal,320651,320652,1,0.0027477919529549344,-1.0
D_disp_fail_reversal,320760,320761,-1,-0.0037824207492474326,-1.0
D_disp_fail_reversal,320777,320778,-1,-0.026007802340639312,-1.0
D_disp_fail_reversal,320904,320905,-1,0.0019939043496033895,-1.0
D_disp_fail_reversal,320935,320936,-1,-0.009785647716599323,-1.0
D_disp_fail_reversal,320956,320957,1,0.0055270430319727315,2.0
D_disp_fail_reversal,321025,321026,1,0.0012611022033532325,-1.0
D_disp_fail_reversal,321180,321181,-1,-0.004559270516816895,-1.0
D_disp_fail_reversal,321350,321351,1,-0.0,-1.0
D_disp_fail_reversal,321414,321415,1,0.0031174152174369006,1.6133563959154602
D_disp_fail_reversal,321543,321544,-1,-0.004748177039275863,-1.0
D_disp_fail_reversal,321560,321561,1,0.029898913198282685,2.0
D_disp_fail_reversal,321571,321572,-1,-0.006054490413672286,-1.0
D_disp_fail_reversal,321594,321595,1,0.00167464114836196,-1.0
D_disp_fail_reversal,321600,321601,1,-0.0010060362173258033,-1.0
D_disp_fail_reversal,321813,321814,1,-0.028210294925726076,-1.0
D_disp_fail_reversal,321959,321960,1,-0.0008357709986885682,-1.0
D_disp_fail_reversal,322029,322030,1,-0.0012403650217334536,2.0
D_disp_fail_reversal,322123,322124,-1,-0.005582693649680773,2.0
D_disp_fail_reversal,322229,322230,1,0.00248270970035571,-1.0
D_disp_fail_reversal,322275,322276,-1,-0.00947546531294837,2.0
D_disp_fail_reversal,322277,322278,-1,-0.012629679747337651,0.6358241270918312
D_disp_fail_reversal,322397,322398,1,0.01698161389177164,-1.0
D_disp_fail_reversal,322514,322515,1,0.003964882469497646,2.0
D_disp_fail_reversal,322604,322605,-1,-0.10664732021403818,-1.0
D_disp_fail_reversal,322697,322698,1,-0.002598366740962428,-1.0
D_disp_fail_reversal,322967,322968,1,0.03272120200341562,-1.0
D_disp_fail_reversal,322974,322975,-1,-0.01214816421720636,2.0
D_disp_fail_reversal,323031,323032,1,0.003915536288716316,2.0
D_disp_fail_reversal,323158,323159,-1,0.016642891107900275,-1.0
D_disp_fail_reversal,323248,323249,1,0.003765127745373742,2.0
D_disp_fail_reversal,323325,323326,-1,-0.003062452149251945,-1.0
D_disp_fail_reversal,323395,323396,-1,0.001503920936760752,-1.0
D_disp_fail_reversal,323435,323436,1,0.0008426628144355386,-1.0
D_disp_fail_reversal,323677,323678,-1,-0.008199601733660009,2.0
D_disp_fail_reversal,323726,323727,-1,0.003804003260542,-1.0
D_disp_fail_reversal,323860,323861,1,-0.0017909684022393822,-1.0
D_disp_fail_reversal,323971,323972,-1,-0.001321003963040684,2.0
D_disp_fail_reversal,323985,323986,1,0.0014760147601798283,-1.0
D_disp_fail_reversal,324003,324004,1,-0.004481912282535764,2.0
D_disp_fail_reversal,324078,324079,-1,-0.0021945293518779805,1.3627692163885383
D_disp_fail_reversal,324299,324300,-1,-0.009531914893608205,-1.0
D_disp_fail_reversal,324331,324332,1,-0.005516589171643328,2.0
D_disp_fail_reversal,324353,324354,-1,-0.0009792264111565822,-1.0
D_disp_fail_reversal,324414,324415,-1,0.0009225092251123859,2.0
D_disp_fail_reversal,324445,324446,1,-0.000740662363787202,2.0
D_disp_fail_reversal,324540,324541,1,-0.0046323870028624715,-1.0
D_disp_fail_reversal,324654,324655,1,0.43561899448865254,-1.0
D_disp_fail_reversal,324718,324719,1,-0.00037855230782536827,2.0
D_disp_fail_reversal,324749,324750,-1,-0.005264741275590752,2.0
D_disp_fail_reversal,324803,324804,-1,0.000926600039689521,2.0
D_disp_fail_reversal,324848,324849,1,0.004849324558376455,-1.0
D_disp_fail_reversal,324856,324857,-1,0.002849147799539516,2.0
D_disp_fail_reversal,324990,324991,-1,0.0007874458631141006,-1.0
D_disp_fail_reversal,325032,325033,1,-0.0027242654212650454,2.0
D_disp_fail_reversal,325240,325241,1,-0.0013250674364364183,2.0
D_disp_fail_reversal,325318,325319,-1,0.005518872573169329,2.0
D_disp_fail_reversal,325353,325354,1,0.009277228191375358,-1.0
D_disp_fail_reversal,325362,325363,1,0.002757859900676934,2.0
D_disp_fail_reversal,325473,325474,-1,0.007860752386352417,-1.0
D_disp_fail_reversal,325498,325499,-1,-0.002370604504200278,-1.0
D_disp_fail_reversal,325526,325527,-1,-0.0023457134879037904,-1.0
D_disp_fail_reversal,325593,325594,1,0.000580551523960419,-1.0
D_disp_fail_reversal,325634,325635,-1,0.008210705907418455,2.0
D_disp_fail_reversal,325645,325646,1,0.0013280632410954422,2.0
D_disp_fail_reversal,325763,325764,-1,0.006948876125708432,-1.0
D_disp_fail_reversal,325770,325771,1,-0.003923033812841394,2.0
D_disp_fail_reversal,325821,325822,1,0.0052850132125282535,-1.0
D_disp_fail_reversal,325825,325826,1,-0.0023640091665563367,-1.0
D_disp_fail_reversal,325868,325869,-1,-0.0018746150343852792,2.0
D_disp_fail_reversal,325890,325891,1,0.0034969401773416358,-1.0
D_disp_fail_reversal,325919,325920,1,-0.009488666315249927,2.0
D_disp_fail_reversal,326041,326042,-1,0.04189162817927854,2.0
D_disp_fail_reversal,326092,326093,1,0.003068829460760055,-1.0
D_disp_fail_reversal,326099,326100,1,-0.0005476022842957678,2.0
D_disp_fail_reversal,326130,326131,-1,-0.01693573219550604,2.0
D_disp_fail_reversal,326147,326148,1,-0.002978406552514264,2.0
D_disp_fail_reversal,326231,326232,1,-0.0009551750017265092,-1.0
D_disp_fail_reversal,326329,326330,1,-0.008124505407519992,-1.0
D_disp_fail_reversal,326376,326377,-1,-0.005322458007908198,2.0
D_disp_fail_reversal,326497,326498,-1,-0.012173156946802084,-1.0
D_disp_fail_reversal,326558,326559,1,0.0006814973470430625,-1.0
D_disp_fail_reversal,326777,326778,1,0.0030344315085333333,-1.0
D_disp_fail_reversal,326819,326820,1,0.0015666088513742018,-1.0
D_disp_fail_reversal,326821,326822,1,-0.002639641762901187,-1.0
D_disp_fail_reversal,326928,326929,-1,-0.009018681554709123,2.0
D_disp_fail_reversal,326951,326952,1,-0.0037868542061382958,-1.0
D_disp_fail_reversal,326975,326976,1,-0.01720926767488271,2.0
D_disp_fail_reversal,327063,327064,1,-0.0008914074687406045,-1.0
D_disp_fail_reversal,327150,327151,-1,-0.017876904741592904,2.0
D_disp_fail_reversal,327171,327172,-1,0.0007857664028907952,-1.0
D_disp_fail_reversal,327205,327206,1,-0.00442637759709089,2.0
D_disp_fail_reversal,327242,327243,1,0.015711212943032522,-1.0
D_disp_fail_reversal,327337,327338,-1,0.0010928961748872714,2.0
D_disp_fail_reversal,327358,327359,1,-0.0006607513687136805,2.0
D_disp_fail_reversal,327474,327475,1,-0.0058926692389028885,2.0
D_disp_fail_reversal,327569,327570,1,0.01602409638550842,-1.0
D_disp_fail_reversal,327574,327575,1,0.0031419722608848734,-1.0
D_disp_fail_reversal,327661,327662,-1,-0.002918490723432498,-1.0
D_disp_fail_reversal,327695,327696,-1,-0.02395209580836134,-1.0
D_disp_fail_reversal,327753,327754,1,0.00141364164181036,2.0
D_disp_fail_reversal,327837,327838,1,-0.007762488028607286,2.0
D_disp_fail_reversal,327934,327935,-1,0.018678160919555813,-1.0
D_disp_fail_reversal,327938,327939,-1,-0.0016640912872793465,-1.0
D_disp_fail_reversal,327955,327956,-1,0.002599170740820364,2.0
D_disp_fail_reversal,327971,327972,1,-0.0010069769114799275,-1.0
D_disp_fail_reversal,327980,327981,1,0.002100525131264973,-1.0
D_disp_fail_reversal,328017,328018,1,0.017515454813077837,-1.0
D_disp_fail_reversal,328083,328084,1,0.005328867235098608,-1.0
D_disp_fail_reversal,328091,328092,1,-0.002894715077288125,-1.0
D_disp_fail_reversal,328165,328166,1,-0.011834986474272313,2.0
D_disp_fail_reversal,328206,328207,1,0.01451219512195751,-1.0
D_disp_fail_reversal,328244,328245,1,-0.006821333533183886,-1.0
D_disp_fail_reversal,328276,328277,-1,-0.0018720331616860183,-1.0
D_disp_fail_reversal,328332,328333,1,0.016806722688932907,-1.0
D_disp_fail_reversal,328334,328335,1,0.0036973458337961687,-1.0
D_disp_fail_reversal,328392,328393,1,-0.0021568325373574567,2.0
D_disp_fail_reversal,328448,328449,-1,-0.014405986903605316,-1.0
D_disp_fail_reversal,328546,328547,1,-0.0017325660540398553,-1.0
D_disp_fail_reversal,328576,328577,1,-0.0013972753131698816,2.0
D_disp_fail_reversal,328722,328723,1,-0.0011796427367968955,-1.0
D_disp_fail_reversal,328801,328802,-1,-0.02588840649627466,-1.0
D_disp_fail_reversal,328822,328823,1,0.0011850347046136773,-1.0
D_disp_fail_reversal,328853,328854,1,-0.0010201479214244859,-1.0
D_disp_fail_reversal,328869,328870,1,-0.000960087779475086,-1.0
D_disp_fail_reversal,328890,328891,1,-0.0008922312153658482,-1.0
D_disp_fail_reversal,328896,328897,1,-0.018726591760299754,2.0
D_disp_fail_reversal,328944,328945,-1,0.0017182130583786035,-1.0
D_disp_fail_reversal,328974,328975,1,-0.010171954468307948,-1.0
D_disp_fail_reversal,329091,329092,-1,-0.0013045098770318217,2.0
D_disp_fail_reversal,329122,329123,-1,0.013842459626161742,-1.0
D_disp_fail_reversal,329169,329170,-1,-0.0015439757375578234,-1.0
D_disp_fail_reversal,329218,329219,-1,0.0018360655737549136,-1.0
D_disp_fail_reversal,329257,329258,-1,-0.0016238473583837577,-1.0
D_disp_fail_reversal,329376,329377,1,-0.02680868888753491,-1.0
D_disp_fail_reversal,329440,329441,-1,-0.001127304936009778,2.0
D_disp_fail_reversal,329454,329455,1,0.0036524915210151385,-1.0
D_disp_fail_reversal,329498,329499,1,-0.0013154803852765222,0.27799951348281293
D_disp_fail_reversal,329609,329610,1,-0.015524687755381862,2.0
D_disp_fail_reversal,329718,329719,1,-0.0009389041647311127,-1.0
D_disp_fail_reversal,329805,329806,1,0.005254409951187172,-1.0
D_disp_fail_reversal,329845,329846,-1,-0.010150812065001985,-1.0
D_disp_fail_reversal,329940,329941,1,0.009822681464443345,-1.0
D_disp_fail_reversal,329945,329946,1,0.032124827902707855,2.0
D_disp_fail_reversal,330012,330013,-1,-0.0013447315339838281,2.0
D_disp_fail_reversal,330160,330161,1,0.007081436519973171,-1.0
D_disp_fail_reversal,330214,330215,1,0.0008477655322941388,-1.0
D_disp_fail_reversal,330253,330254,1,-0.003960844225669353,1.7932163263244796
D_disp_fail_reversal,330529,330530,-1,-0.009789068873008573,2.0
D_disp_fail_reversal,330631,330632,-1,0.006836772067051791,-1.0
D_disp_fail_reversal,330694,330695,-1,-0.048997173240045946,2.0
D_disp_fail_reversal,330744,330745,1,-0.0,2.0
D_disp_fail_reversal,330787,330788,-1,0.0015186028852405204,2.0
D_disp_fail_reversal,330854,330855,1,-0.0007137758743910251,-1.0
D_disp_fail_reversal,330962,330963,-1,-0.0015967153283567804,-1.0
D_disp_fail_reversal,330995,330996,1,-0.0034743764734256758,2.0
D_disp_fail_reversal,331033,331034,1,-0.010539523212035667,2.0
D_disp_fail_reversal,331091,331092,-1,-0.019390581717467492,-1.0
D_disp_fail_reversal,331095,331096,-1,0.0066269052352791805,-1.0
D_disp_fail_reversal,331191,331192,-1,-0.014406712578180185,2.0
D_disp_fail_reversal,331221,331222,1,0.0016429032447697754,2.0
D_disp_fail_reversal,331372,331373,-1,-0.00409177261425371,-1.0
D_disp_fail_reversal,331389,331390,1,-0.0038980927190046637,-1.0
D_disp_fail_reversal,331408,331409,-1,0.017933937231222802,0.13180031082482463
D_disp_fail_reversal,331526,331527,-1,-0.01298701298706054,2.0
D_disp_fail_reversal,331614,331615,1,0.10700636942665552,2.0
D_disp_fail_reversal,331714,331715,1,-0.00696517412934693,-1.0
D_disp_fail_reversal,331768,331769,-1,-0.012077641984173024,-1.0
D_disp_fail_reversal,331828,331829,1,0.007398795053404034,2.0
D_disp_fail_reversal,331859,331860,1,0.0010496326286029002,-1.0
D_disp_fail_reversal,331906,331907,1,-0.0012239902079937302,-1.0
D_disp_fail_reversal,331911,331912,1,0.006962699822351158,-1.0
D_disp_fail_reversal,331923,331924,1,-0.003677436301630075,-1.0
D_disp_fail_reversal,331930,331931,1,0.0009777901941825306,-1.0
D_disp_fail_reversal,331950,331951,1,0.0021686933621979524,2.0
D_disp_fail_reversal,332181,332182,-1,-0.004187020237228846,2.0
D_disp_fail_reversal,332383,332384,-1,0.005831510986144873,-1.0
D_disp_fail_reversal,332391,332392,-1,0.0010406600758422373,2.0
D_disp_fail_reversal,332457,332458,1,0.008142916493526508,2.0
D_disp_fail_reversal,332547,332548,1,0.0027841304564593084,2.0
D_disp_fail_reversal,332597,332598,-1,0.005971422478089675,2.0
D_disp_fail_reversal,332689,332690,-1,0.0028631808575665055,-1.0
D_disp_fail_reversal,332731,332732,1,-0.0019997143265683736,-1.0
D_disp_fail_reversal,333030,333031,1,0.004769204564914145,-1.0
D_disp_fail_reversal,333051,333052,1,0.004139317603941483,-1.0
D_disp_fail_reversal,333119,333120,1,0.006416131989024291,-1.0
D_disp_fail_reversal,333215,333216,-1,-0.021207836800723783,-1.0
D_disp_fail_reversal,333334,333335,1,-0.003204211249067284,-1.0
D_disp_fail_reversal,333461,333462,1,0.003435582822160996,2.0
D_disp_fail_reversal,333518,333519,1,-0.0044411547001842865,-1.0
D_disp_fail_reversal,333607,333608,1,-0.009461285962624296,-1.0
D_disp_fail_reversal,333651,333652,1,-0.026830937713957607,2.0
D_disp_fail_reversal,333698,333699,-1,0.009085992428262534,-1.0
D_disp_fail_reversal,333701,333702,-1,0.005919661733636849,-1.0
D_disp_fail_reversal,333763,333764,1,0.04733300508783413,-1.0
D_disp_fail_reversal,333838,333839,1,0.01963228420071695,-1.0
D_disp_fail_reversal,333882,333883,1,-0.048587841072277586,2.0
D_disp_fail_reversal,334012,334013,1,-0.00419287211730123,-1.0
D_disp_fail_reversal,334277,334278,-1,-0.00460859832783775,2.0
D_disp_fail_reversal,334369,334370,-1,-0.002659069325673132,-1.0
D_disp_fail_reversal,334614,334615,-1,0.008398320335988868,-1.0
D_disp_fail_reversal,334646,334647,1,-0.015595700042688232,-1.0
D_disp_fail_reversal,334660,334661,1,-0.002232854864431779,1.478386701792137
D_disp_fail_reversal,334874,334875,-1,0.009245670678030754,-1.0
D_disp_fail_reversal,334884,334885,-1,0.004661383765083271,-1.0
D_disp_fail_reversal,334934,334935,-1,0.017197696737028624,-1.0
D_disp_fail_reversal,335009,335010,1,0.0012055455092596851,-1.0
D_disp_fail_reversal,335040,335041,-1,0.0014590020426347185,-1.0
D_disp_fail_reversal,335131,335132,1,0.0024173357506119043,-1.0
D_disp_fail_reversal,335158,335159,-1,0.03722373012799311,-1.0
D_disp_fail_reversal,335236,335237,1,0.0033474137243678483,-1.0
D_disp_fail_reversal,335298,335299,1,-0.003730017761957638,2.0
D_disp_fail_reversal,335413,335414,-1,-0.01409159536995572,-1.0
D_disp_fail_reversal,335473,335474,-1,-0.023303125577991524,-1.0
D_disp_fail_reversal,335502,335503,1,0.0028594771242454473,-1.0
D_disp_fail_reversal,335665,335666,-1,0.0029876227059977127,2.0
D_disp_fail_reversal,335747,335748,-1,0.00872926798855905,-1.0
D_disp_fail_reversal,335756,335757,-1,-0.006018916595034832,-1.0
D_disp_fail_reversal,335848,335849,-1,-0.031230082855293804,-1.0
D_disp_fail_reversal,335851,335852,-1,0.021667956425995956,-1.0
D_disp_fail_reversal,335902,335903,1,-0.0037331342327865864,-1.0
D_disp_fail_reversal,335921,335922,1,0.012264281432958612,-1.0
D_disp_fail_reversal,336061,336062,-1,-0.0008981267641154868,2.0
D_disp_fail_reversal,336082,336083,1,-0.0010918733427160827,2.0
D_disp_fail_reversal,336179,336180,-1,-0.0006236357967083385,-1.0
D_disp_fail_reversal,336311,336312,-1,-0.03922146859334647,-1.0
D_disp_fail_reversal,336358,336359,-1,-0.01543698163859184,-1.0
D_disp_fail_reversal,336496,336497,-1,-0.0037581370377792753,-1.0
D_disp_fail_reversal,336513,336514,-1,-0.011079706048569107,2.0
D_disp_fail_reversal,336585,336586,1,-0.019562715765255808,-1.0
D_disp_fail_reversal,336595,336596,1,-0.0,2.0
D_disp_fail_reversal,336634,336635,-1,-0.026728892660203996,-1.0
D_disp_fail_reversal,336757,336758,-1,0.02155956880864856,-1.0
D_disp_fail_reversal,336896,336897,-1,0.0063102146599751776,-1.0
D_disp_fail_reversal,337001,337002,-1,-0.0013074336944626018,2.0
D_disp_fail_reversal,337057,337058,1,0.02100403923828395,2.0
D_disp_fail_reversal,337102,337103,-1,-0.008627934338032483,-1.0
D_disp_fail_reversal,337129,337130,-1,-0.001923816852607626,-1.0
D_disp_fail_reversal,337154,337155,-1,-0.0027643400138191994,-1.0
D_disp_fail_reversal,337308,337309,-1,-0.003582395087079293,-1.0
D_disp_fail_reversal,337493,337494,-1,-0.00034062431571751646,2.0
D_disp_fail_reversal,337506,337507,1,0.007820201090888537,-1.0
D_disp_fail_reversal,337557,337558,1,-0.002736298960199768,-1.0
D_disp_fail_reversal,337617,337618,1,0.0018191859143430586,2.0
D_disp_fail_reversal,337690,337691,1,-0.001487252124588172,-1.0
D_disp_fail_reversal,337805,337806,-1,0.010081008100800879,2.0
D_disp_fail_reversal,337964,337965,-1,-0.02117042189624535,2.0
D_disp_fail_reversal,337967,337968,-1,-0.0004986465308557304,2.0
D_disp_fail_reversal,338018,338019,-1,-0.0009184543725189,-1.0
D_disp_fail_reversal,338070,338071,1,-0.001960372470767658,-1.0
D_disp_fail_reversal,338161,338162,1,-0.011935615877779302,-1.0
D_disp_fail_reversal,338166,338167,1,-0.0008867775138752627,-1.0
D_disp_fail_reversal,338228,338229,1,-0.003417447288923757,2.0
D_disp_fail_reversal,338290,338291,1,-0.000547152851069119,-1.0
D_disp_fail_reversal,338347,338348,-1,-0.00530776938284884,-1.0
D_disp_fail_reversal,338470,338471,-1,-0.0011930123561711935,2.0
D_disp_fail_reversal,338568,338569,-1,-0.00920295809366461,2.0
D_disp_fail_reversal,338658,338659,1,0.00306027651783971,0.6588766055277604
D_disp_fail_reversal,338934,338935,1,0.005780081655131146,2.0
D_disp_fail_reversal,338942,338943,-1,0.008848380014660167,-1.0
D_disp_fail_reversal,339021,339022,-1,-0.0016894949617215595,2.0
D_disp_fail_reversal,339227,339228,-1,0.0005486323379694951,-1.0
D_disp_fail_reversal,339365,339366,1,-0.013738441215335332,-1.0
D_disp_fail_reversal,339452,339453,1,0.010759115361643291,2.0
D_disp_fail_reversal,339616,339617,1,0.015434556256532712,-1.0
D_disp_fail_reversal,339672,339673,-1,0.011069381300642138,2.0
D_disp_fail_reversal,339713,339714,1,-0.0022903510781092963,-0.22958884854165096
D_disp_fail_reversal,339864,339865,-1,-0.00204642460384089,2.0
D_disp_fail_reversal,339918,339919,-1,0.0006925550334061645,-1.0
D_disp_fail_reversal,340015,340016,1,0.009652039905917164,2.0
D_disp_fail_reversal,340129,340130,1,0.005250328145528167,-1.0
D_disp_fail_reversal,340289,340290,1,-0.28042922841082335,2.0
D_disp_fail_reversal,340347,340348,-1,-0.0032496601120665866,-1.0
D_disp_fail_reversal,340379,340380,-1,-0.02525050100204456,-1.0
D_disp_fail_reversal,340397,340398,1,-0.051410449006861036,-1.0
D_disp_fail_reversal,340496,340497,1,-0.0007867599539355121,2.0
D_disp_fail_reversal,340579,340580,-1,0.010289222255851558,2.0
D_disp_fail_reversal,340711,340712,1,0.007844602166775778,2.0
D_disp_fail_reversal,340793,340794,1,-0.0,2.0
D_disp_fail_reversal,340894,340895,-1,0.029369548415668974,2.0
D_disp_fail_reversal,340914,340915,1,-0.001032220010156936,2.0
D_disp_fail_reversal,340927,340928,-1,0.002407566638057701,-1.0
D_disp_fail_reversal,341038,341039,-1,-0.0009828699803640381,-1.0
D_disp_fail_reversal,341058,341059,-1,-0.006810000972882179,-1.0
D_disp_fail_reversal,341076,341077,-1,0.0008544921875186414,-1.0
D_disp_fail_reversal,341132,341133,-1,-0.004229424712016757,-1.0
D_disp_fail_reversal,341225,341226,-1,0.004486280793106281,2.0
D_disp_fail_reversal,341227,341228,1,0.0007688083470788375,-1.0
D_disp_fail_reversal,341362,341363,1,-0.0051618189266776976,-1.0
D_disp_fail_reversal,341375,341376,1,-0.007218975592999067,2.0
D_disp_fail_reversal,341467,341468,-1,-0.031242659149569637,-1.0
D_disp_fail_reversal,341497,341498,-1,-0.02265261093404678,-1.0
D_disp_fail_reversal,341540,341541,1,-0.006956274843810025,-1.0
D_disp_fail_reversal,341583,341584,1,-0.0012184508268325183,-1.0
D_disp_fail_reversal,341586,341587,1,0.005531410509599507,2.0
D_disp_fail_reversal,341592,341593,1,0.00474397590362209,2.0
D_disp_fail_reversal,341632,341633,1,-0.007584421838331854,2.0
D_disp_fail_reversal,341862,341863,-1,0.005717397222930027,2.0
D_disp_fail_reversal,341869,341870,1,-0.0013195513525689356,2.0
D_disp_fail_reversal,341908,341909,-1,-0.0027693159790137018,2.0
D_disp_fail_reversal,341913,341914,1,0.0025069388486535235,-1.0
D_disp_fail_reversal,341961,341962,1,0.0038293216631033055,-1.0
D_disp_fail_reversal,341965,341966,1,0.0020037785538152327,2.0
D_disp_fail_reversal,342134,342135,1,-0.0004602311017285739,2.0
D_disp_fail_reversal,342313,342314,-1,-0.004927495424486384,-1.0
D_disp_fail_reversal,342445,342446,-1,0.0039953197682859485,-1.0
D_disp_fail_reversal,342494,342495,1,0.000503452243969556,2.0
D_disp_fail_reversal,342529,342530,-1,0.028297528297556843,-1.0
D_disp_fail_reversal,342632,342633,1,0.002332458661386226,-1.0
D_disp_fail_reversal,342677,342678,1,0.005496231155798983,-1.0
D_disp_fail_reversal,342739,342740,1,-0.0021514189120436697,-1.0
D_disp_fail_reversal,342765,342766,1,0.0022555179636387177,2.0
D_disp_fail_reversal,342991,342992,1,-0.009718252347901203,-1.0
D_disp_fail_reversal,343232,343233,1,0.0013292821876476936,-1.0
D_disp_fail_reversal,343331,343332,1,0.0027837306409253687,2.0
D_disp_fail_reversal,343446,343447,1,0.03968816442244256,2.0
D_disp_fail_reversal,343482,343483,-1,-0.02262598560164028,2.0
D_disp_fail_reversal,343591,343592,1,-0.0032275726924266925,-1.0
D_disp_fail_reversal,343597,343598,1,-0.0005132811497609808,-1.0
D_disp_fail_reversal,343652,343653,-1,0.0019495891937481482,-1.0
D_disp_fail_reversal,343681,343682,1,-0.0036774363015185884,2.0
D_disp_fail_reversal,343685,343686,-1,0.006052091213609058,-1.0
D_disp_fail_reversal,343708,343709,-1,0.022151898734202716,-1.0
D_disp_fail_reversal,343715,343716,-1,0.0009976484002213132,-1.0
D_disp_fail_reversal,343890,343891,1,0.0002247587856244123,-1.0
D_disp_fail_reversal,343907,343908,-1,0.0020496470052413134,-1.0
D_disp_fail_reversal,343960,343961,1,0.0011005135730247624,2.0
D_disp_fail_reversal,344086,344087,-1,-0.0005276299053207928,2.0
D_disp_fail_reversal,344188,344189,1,-0.0007229677827475229,-1.0
D_disp_fail_reversal,344218,344219,1,-0.0002523295423725597,-1.0
D_disp_fail_reversal,344253,344254,1,-0.0024304031865325522,-1.0
D_disp_fail_reversal,344275,344276,1,0.00019616268424519487,-1.0
D_disp_fail_reversal,344297,344298,1,0.0006873864584878804,2.0
D_disp_fail_reversal,344501,344502,1,-0.003918981064957779,-1.0
D_disp_fail_reversal,344595,344596,1,0.0001740103163296945,-1.0
D_disp_fail_reversal,344694,344695,-1,0.0002581073357848399,-1.0
D_disp_fail_reversal,344886,344887,1,0.0033974239312839134,2.0
D_disp_fail_reversal,345003,345004,1,0.021915169029790602,-1.0
D_disp_fail_reversal,345066,345067,1,0.001085187194748989,-1.0
D_disp_fail_reversal,345072,345073,1,0.0014084507042276288,0.8665471311475399
D_disp_fail_reversal,345295,345296,1,-0.003792153853124456,-1.0
D_disp_fail_reversal,345407,345408,1,-0.0020324219695579838,-1.0
D_disp_fail_reversal,345516,345517,-1,-0.003564790059341281,-1.0
D_disp_fail_reversal,345605,345606,-1,-0.006474564212074873,-1.0
D_disp_fail_reversal,345672,345673,1,-0.0005565936467919958,-1.0
D_disp_fail_reversal,345692,345693,-1,0.0040312628547755,-1.0
D_disp_fail_reversal,345725,345726,-1,-0.033322225924692105,-1.0
D_disp_fail_reversal,345729,345730,-1,0.0011619703697809465,2.0
D_disp_fail_reversal,345789,345790,1,0.0016710432083786593,2.0
D_disp_fail_reversal,345951,345952,1,0.03354017751947287,-1.0
D_disp_fail_reversal,345964,345965,1,0.0005855045794950345,-1.0
D_disp_fail_reversal,346101,346102,-1,0.0034117810890149673,-1.0
D_disp_fail_reversal,346165,346166,1,0.0004439887099841481,-1.0
D_disp_fail_reversal,346240,346241,1,0.00022690989246587222,-1.0
D_disp_fail_reversal,346289,346290,-1,-0.014233749802274431,-1.0
D_disp_fail_reversal,346388,346389,-1,0.0008391776059644906,2.0
D_disp_fail_reversal,346402,346403,1,0.0003793832312694608,-1.0
D_disp_fail_reversal,346502,346503,1,-0.0019444444443984768,-1.0
D_disp_fail_reversal,346523,346524,-1,0.002576608079516144,-1.0
D_disp_fail_reversal,346561,346562,1,-0.00023005882933423624,-1.0
D_disp_fail_reversal,346565,346566,1,0.00657547114424342,-1.0
D_disp_fail_reversal,346591,346592,-1,-0.00035159977900210064,-1.0
D_disp_fail_reversal,346712,346713,-1,-0.006849482619400461,-1.0
D_disp_fail_reversal,346837,346838,1,0.02914711175403734,-1.0
D_disp_fail_reversal,346925,346926,1,0.006166818739552018,-1.0
D_disp_fail_reversal,347024,347025,1,0.0010937713627457994,-0.1617636965491899
D_disp_fail_reversal,347160,347161,1,-0.018262737876005783,-1.0
D_disp_fail_reversal,347179,347180,1,-0.0017760637353545301,-1.0
D_disp_fail_reversal,347284,347285,1,0.000770606852913476,-1.0
D_disp_fail_reversal,347307,347308,-1,-0.0019005212858107278,2.0
D_disp_fail_reversal,347377,347378,-1,0.01014242867699265,-1.0
D_disp_fail_reversal,347399,347400,-1,0.002983570985707318,-1.0
D_disp_fail_reversal,347488,347489,1,0.0014436586434860995,-1.0
D_disp_fail_reversal,347514,347515,1,0.0010837926549862938,2.0
D_disp_fail_reversal,347579,347580,1,-0.0015842480479826416,-1.0
D_disp_fail_reversal,347602,347603,-1,0.004265106856174753,-1.0
D_disp_fail_reversal,347627,347628,1,0.0021534847298113344,-1.0
D_disp_fail_reversal,347693,347694,1,-0.0034641675172403675,-1.0
D_disp_fail_reversal,347747,347748,1,0.00027617225258528064,-1.0
D_disp_fail_reversal,347785,347786,1,-0.0009341637010880133,-1.0
D_disp_fail_reversal,347945,347946,1,-0.0011673086864696907,2.0
D_disp_fail_reversal,348000,348001,1,0.0025127632418675302,-1.0
D_disp_fail_reversal,348003,348004,1,-0.0025567040432541497,-1.0
D_disp_fail_reversal,348045,348046,-1,-0.00705956508035916,-1.0
D_disp_fail_reversal,348154,348155,-1,-0.00044144541843682967,-1.0
D_disp_fail_reversal,348176,348177,-1,-0.022631017425883724,-1.0
D_disp_fail_reversal,348245,348246,1,0.0004841191624844186,2.0
D_disp_fail_reversal,348280,348281,-1,0.0007895887088627942,2.0
D_disp_fail_reversal,348335,348336,-1,0.0016392482876067713,-1.0
D_disp_fail_reversal,348409,348410,1,-0.0025015187792224343,-1.0
D_disp_fail_reversal,348413,348414,1,0.0014234513612064355,2.0
D_disp_fail_reversal,348450,348451,1,-0.009402283411689681,-1.0
D_disp_fail_reversal,348461,348462,1,0.011306938511764168,2.0
D_disp_fail_reversal,348520,348521,-1,-0.010380156376350836,2.0
D_disp_fail_reversal,348557,348558,1,0.00026786055945175725,-1.0
D_disp_fail_reversal,348683,348684,1,-0.0013510905230945144,-1.0
D_disp_fail_reversal,348716,348717,1,0.005219552609784634,2.0
D_disp_fail_reversal,348762,348763,1,0.003377726307613405,-1.0
D_disp_fail_reversal,348820,348821,1,-0.031375826179450304,-1.0
D_disp_fail_reversal,348869,348870,-1,-0.0006006521366185686,-1.0
D_disp_fail_reversal,348893,348894,-1,0.0010809141444589445,-1.0
D_disp_fail_reversal,348979,348980,1,-0.0006602216458526649,-1.0
D_disp_fail_reversal,349052,349053,-1,-0.0050573466991735185,2.0
D_disp_fail_reversal,349146,349147,1,0.005199387215073542,2.0
D_disp_fail_reversal,349281,349282,-1,-0.001203576341154188,-1.0
D_disp_fail_reversal,349377,349378,1,0.0020106276029971163,-1.0
D_disp_fail_reversal,349404,349405,1,0.0026168224299107632,2.0
D_disp_fail_reversal,349440,349441,-1,-0.0014928556194318686,2.0
D_disp_fail_reversal,349509,349510,1,-0.0020555739088454453,-1.0
D_disp_fail_reversal,349551,349552,1,-0.002263815337398334,2.0
D_disp_fail_reversal,349579,349580,1,-0.001614800802763194,-1.0
D_disp_fail_reversal,349743,349744,1,0.0037551633496876783,-1.0
D_disp_fail_reversal,349745,349746,1,0.0007203498841141811,-1.0
D_disp_fail_reversal,349786,349787,-1,0.019536019536002106,2.0
D_disp_fail_reversal,349877,349878,-1,0.007249190938504733,2.0
D_disp_fail_reversal,349882,349883,1,-0.0,-1.0
D_disp_fail_reversal,350110,350111,-1,0.003560787733434808,-1.0
D_disp_fail_reversal,350159,350160,1,-0.0005242660275728523,-1.0
D_disp_fail_reversal,350245,350246,-1,-0.01575950205271514,-1.0
D_disp_fail_reversal,350294,350295,-1,0.0035374378842452587,-1.0
D_disp_fail_reversal,350298,350299,-1,-0.005087024453979259,-1.0
D_disp_fail_reversal,350499,350500,1,-0.0003597954306058861,-1.0
D_disp_fail_reversal,350513,350514,1,-0.001303861914842812,-1.0
D_disp_fail_reversal,350550,350551,1,-0.009616045058074674,2.0
D_disp_fail_reversal,350636,350637,1,-0.0004819608923266812,2.0
D_disp_fail_reversal,350706,350707,-1,0.0012353304508102272,2.0
D_disp_fail_reversal,350760,350761,1,-0.001462866696237712,-1.0
D_disp_fail_reversal,350766,350767,1,-0.0002908849134680904,2.0
D_disp_fail_reversal,350945,350946,1,-0.003355503625139178,-1.0
D_disp_fail_reversal,350983,350984,1,-0.000998395435928369,-1.0
D_disp_fail_reversal,351035,351036,1,0.002728313561177513,-1.0
D_disp_fail_reversal,351075,351076,1,-0.0,2.0
D_disp_fail_reversal,351207,351208,1,0.006693531862636879,-1.0
D_disp_fail_reversal,351219,351220,1,0.006967196118270134,-1.0
D_disp_fail_reversal,351263,351264,1,-0.004238221048018834,-1.0
D_disp_fail_reversal,351422,351423,-1,-0.008460812086866889,2.0
D_disp_fail_reversal,351464,351465,1,0.001319136907594985,-1.0
D_disp_fail_reversal,351554,351555,1,0.002540681144571801,-1.0
D_disp_fail_reversal,351653,351654,1,-0.003965042887285185,-1.0
D_disp_fail_reversal,351687,351688,1,0.0006995802517369053,2.0
D_disp_fail_reversal,351729,351730,1,0.0006284790806385952,-1.0
D_disp_fail_reversal,351755,351756,1,0.004200534613518523,-1.0
D_disp_fail_reversal,351761,351762,1,-0.0016598494279306678,-1.0
D_disp_fail_reversal,351922,351923,-1,-0.0011536401465973758,-1.0
D_disp_fail_reversal,351947,351948,-1,-0.0013198416190345313,-1.0
D_disp_fail_reversal,351952,351953,-1,0.0006091061367022295,2.0
D_disp_fail_reversal,352010,352011,1,-0.0006865437426591597,-1.0
D_disp_fail_reversal,352038,352039,1,0.0007443047396424983,2.0
D_disp_fail_reversal,352076,352077,-1,-0.0008607968519617147,2.0
D_disp_fail_reversal,352132,352133,1,0.001127078050179582,-1.0
D_disp_fail_reversal,352147,352148,1,0.002524493598507515,-1.0
D_disp_fail_reversal,352149,352150,1,-0.003016266293289955,-1.0
D_disp_fail_reversal,352164,352165,1,-0.002362337589199078,-1.0
D_disp_fail_reversal,352190,352191,1,0.01843224630343831,-1.0
D_disp_fail_reversal,352202,352203,1,0.0004622140050944413,-1.0
D_disp_fail_reversal,352221,352222,1,0.0029838930670033938,-1.0
D_disp_fail_reversal,352352,352353,1,-0.016009148084531955,-1.0
D_disp_fail_reversal,352398,352399,-1,-0.006565064478305995,2.0
D_disp_fail_reversal,352423,352424,1,0.0017068487305685318,-1.0
D_disp_fail_reversal,352466,352467,1,-0.00041622071590871807,0.7460098645287043
D_disp_fail_reversal,352603,352604,1,-0.013297367121310024,-1.0
D_disp_fail_reversal,352629,352630,1,-0.0012959763021759137,-1.0
D_disp_fail_reversal,352712,352713,1,0.005959137343912924,-1.0
D_disp_fail_reversal,352715,352716,1,0.0035009481734604633,2.0
D_disp_fail_reversal,352806,352807,-1,0.009366302718903869,2.0
D_disp_fail_reversal,352957,352958,-1,-0.0017851829812945421,2.0
D_disp_fail_reversal,353011,353012,-1,0.012135805441868803,-1.0
D_disp_fail_reversal,353048,353049,1,0.007104074694296992,-1.0
D_disp_fail_reversal,353050,353051,1,0.007193572496301208,-1.0
D_disp_fail_reversal,353092,353093,-1,-0.0008378216636927598,2.0
D_disp_fail_reversal,353145,353146,-1,-0.0029629629629378497,-1.0
D_disp_fail_reversal,353203,353204,1,0.0028761607363599383,-1.0
D_disp_fail_reversal,353257,353258,1,-0.0006000085715641193,-1.0
D_disp_fail_reversal,353272,353273,1,0.004370220071759478,-1.0
D_disp_fail_reversal,353322,353323,-1,-0.002103128403546124,2.0
D_disp_fail_reversal,353352,353353,-1,-0.0016687028815287298,2.0
D_disp_fail_reversal,353529,353530,1,-0.0026968456538031997,-1.0
D_disp_fail_reversal,353584,353585,1,0.001102297108437478,-1.0
D_disp_fail_reversal,353622,353623,-1,0.008066684592612838,2.0
D_disp_fail_reversal,353676,353677,-1,0.0017806607523680267,-1.0
D_disp_fail_reversal,353766,353767,-1,0.001423487544471897,-1.0
D_disp_fail_reversal,353801,353802,1,0.004445679355372444,-1.0
D_disp_fail_reversal,353863,353864,1,0.00040775907264826435,-1.0
D_disp_fail_reversal,353957,353958,-1,0.003829216925117907,2.0
D_disp_fail_reversal,354016,354017,1,-0.006921099466048884,-1.0
D_disp_fail_reversal,354019,354020,1,0.0006085633558055047,2.0
D_disp_fail_reversal,354227,354228,1,-0.005726305948322655,-1.0
D_disp_fail_reversal,354231,354232,1,-0.0014872257927769222,2.0
D_disp_fail_reversal,354249,354250,-1,-0.0012933622800411879,2.0
D_disp_fail_reversal,354301,354302,1,-0.0014657383657337112,-1.0
D_disp_fail_reversal,354348,354349,1,-0.005596921693063552,-1.0
D_disp_fail_reversal,354493,354494,1,-0.0027114704885464105,-1.0
D_disp_fail_reversal,354625,354626,1,-0.01505457282641362,2.0
D_disp_fail_reversal,354649,354650,1,0.015754286092546844,-1.0
D_disp_fail_reversal,354672,354673,1,-0.001558672901392289,-1.0
D_disp_fail_reversal,354827,354828,-1,0.002613565650257872,-1.0
D_disp_fail_reversal,354878,354879,1,0.002555094219097015,-1.0
D_disp_fail_reversal,354916,354917,1,-0.010075048833168372,-1.0
D_disp_fail_reversal,354992,354993,1,0.001565820377996753,-1.0
D_disp_fail_reversal,355034,355035,-1,-0.0031137058659966217,2.0
D_disp_fail_reversal,355093,355094,-1,-0.002151694459384823,-1.0
D_disp_fail_reversal,355217,355218,-1,0.0015415106804304028,-1.0
D_disp_fail_reversal,355276,355277,-1,-0.0016503595426006392,-1.0
D_disp_fail_reversal,355314,355315,1,0.00073839662448869,-1.0
D_disp_fail_reversal,355317,355318,1,0.005824704142021235,2.0
D_disp_fail_reversal,355336,355337,-1,0.004505084309451293,-1.0
D_disp_fail_reversal,355439,355440,1,0.009477389656140785,-1.0
D_disp_fail_reversal,355493,355494,1,0.0166865315852052,-1.0
D_disp_fail_reversal,355594,355595,-1,0.0018520968382465357,-1.0
D_disp_fail_reversal,355631,355632,-1,-0.0024691358024331975,0.4216612921160897
E_compress_expand,4386,4387,1,-0.0,-1.0
E_compress_expand,6845,6846,1,-0.0,-1.0
E_compress_expand,7380,7381,1,-0.0,-1.0
E_compress_expand,11508,11509,-1,0.0,-1.0
E_compress_expand,13936,13937,1,-0.0,-1.0
E_compress_expand,16327,16328,-1,0.0,-1.0
E_compress_expand,16684,16685,1,-0.0,-1.0
E_compress_expand,16987,16988,1,-0.0,-1.0
E_compress_expand,17002,17003,1,-0.0,0.7681731152259991
E_compress_expand,20543,20544,1,-0.0,-1.0
E_compress_expand,25466,25467,1,-0.0,-1.0
E_compress_expand,27202,27203,1,-0.0,2.0
E_compress_expand,27272,27273,-1,0.0,2.0
E_compress_expand,30494,30495,1,-0.0,-1.0
E_compress_expand,31557,31558,1,-0.0,-1.0
E_compress_expand,35474,35475,1,-0.0,-1.0
E_compress_expand,35683,35684,1,-0.0,-1.0
E_compress_expand,36455,36456,1,-0.0,2.0
E_compress_expand,36603,36604,1,-0.0,-1.0
E_compress_expand,49666,49667,1,-0.0,-1.0
E_compress_expand,49696,49697,1,-0.0,-1.0
E_compress_expand,50234,50235,1,-0.0,2.0
E_compress_expand,50420,50421,1,-0.0,-1.0
E_compress_expand,57590,57591,1,-0.0,2.0
E_compress_expand,64443,64444,1,-0.0,-1.0
E_compress_expand,64789,64790,1,-0.0,2.0
E_compress_expand,66441,66442,1,-0.0,2.0
E_compress_expand,66517,66518,1,-0.0,-1.0
E_compress_expand,66739,66740,1,-0.0,-1.0
E_compress_expand,73110,73111,1,-0.0,-1.0
E_compress_expand,75561,75562,-1,0.0,2.0
E_compress_expand,76853,76854,1,-0.0,0.7868771994576581
E_compress_expand,77172,77173,1,-0.0,-1.0
E_compress_expand,84797,84798,1,-0.0,-1.0
E_compress_expand,87457,87458,-1,0.0,-1.0
E_compress_expand,89564,89565,1,-0.0,-1.0
E_compress_expand,89772,89773,-1,0.0,-1.0
E_compress_expand,89956,89957,-1,0.0,-1.0
E_compress_expand,90517,90518,-1,0.0,-1.0
E_compress_expand,94344,94345,1,-0.0,-1.0
E_compress_expand,94483,94484,-1,0.0,2.0
E_compress_expand,99987,99988,-1,0.0,2.0
E_compress_expand,109451,109452,1,-0.0,2.0
E_compress_expand,112351,112352,1,-0.0,0.6842815999234808
E_compress_expand,112642,112643,1,-0.0,-1.0
E_compress_expand,116032,116033,-1,0.0,-1.0
E_compress_expand,117432,117433,1,-0.0,-1.0
E_compress_expand,117780,117781,1,-0.0,2.0
E_compress_expand,118637,118638,1,-0.0,-1.0
E_compress_expand,120850,120851,1,-0.0,0.41042852450702993
E_compress_expand,123801,123802,1,-0.0,-1.0
E_compress_expand,127997,127998,1,-0.0,2.0
E_compress_expand,129836,129837,1,-0.0,2.0
E_compress_expand,131273,131274,1,-0.0,-1.0
E_compress_expand,135006,135007,1,-0.0,2.0
E_compress_expand,147537,147538,1,-0.0,2.0
E_compress_expand,150456,150457,1,-0.0,2.0
E_compress_expand,156766,156767,1,-0.0,-1.0
E_compress_expand,163108,163109,1,-0.0,-1.0
E_compress_expand,165542,165543,-1,0.0,-1.0
E_compress_expand,181858,181859,1,-0.0,-1.0
E_compress_expand,182019,182020,-1,0.0,-1.0
E_compress_expand,183058,183059,1,-0.0,2.0
E_compress_expand,185814,185815,1,-0.0,-1.0
E_compress_expand,191302,191303,1,-0.0,2.0
E_compress_expand,191652,191653,-1,0.0,-1.0
E_compress_expand,195334,195335,1,-0.0,2.0
E_compress_expand,197722,197723,1,-0.0,-1.0
E_compress_expand,198340,198341,1,-0.0,0.5722548784180226
E_compress_expand,201243,201244,1,-0.0,2.0
E_compress_expand,201962,201963,1,-0.0,-0.264887813873202
E_compress_expand,202226,202227,1,-0.0,2.0
E_compress_expand,203786,203787,1,-0.0,-0.807197429372107
E_compress_expand,208408,208409,1,-0.0,-1.0
E_compress_expand,218505,218506,1,-0.0,-1.0
E_compress_expand,219336,219337,1,-0.0,-1.0
E_compress_expand,224081,224082,1,-0.0,-1.0
E_compress_expand,224418,224419,1,-0.0,2.0
E_compress_expand,227054,227055,-1,0.0,2.0
E_compress_expand,241228,241229,1,-0.0,-1.0
E_compress_expand,244032,244033,-1,0.0,-1.0
E_compress_expand,245220,245221,-1,0.0,-1.0
E_compress_expand,259097,259098,1,-0.0,-1.0
E_compress_expand,265645,265646,1,-0.0,2.0
E_compress_expand,267797,267798,1,-0.0,2.0
E_compress_expand,275727,275728,1,-0.0,2.0
E_compress_expand,283771,283772,1,-0.0,2.0
E_compress_expand,285150,285151,1,-0.0,-1.0
E_compress_expand,294208,294209,1,-0.0,0.42341528740191575
E_compress_expand,294777,294778,1,-0.0,2.0
E_compress_expand,296514,296515,1,-0.0,2.0
E_compress_expand,300333,300334,1,-0.0,-1.0
E_compress_expand,301982,301983,1,-0.0,2.0
E_compress_expand,303619,303620,1,-0.0,-1.0
E_compress_expand,305475,305476,1,-0.0,2.0
E_compress_expand,307982,307983,-1,0.03596660244055884,2.0
E_compress_expand,310400,310401,1,0.02174335080564932,2.0
E_compress_expand,317042,317043,1,0.015371102327679844,-1.0
E_compress_expand,330276,330277,1,-0.0012031625988574606,-1.0
E_compress_expand,353797,353798,1,1.7789388252003833,-1.0
